t,e_line,u_L,u_R,v,omega
0,0.025,0.49625,0.50375,0.5,0.0375
0.01,0.0243239685381295,0.496351404719281,0.503648595280719,0.5,0.036485952807194
0.02,0.0236697638168229,0.496449535427477,0.503550464572523,0.5,0.0355046457252342
0.03,0.0230367305451304,0.49654449041823,0.50345550958177,0.5,0.0345550958176954
0.04,0.0224242325088278,0.496636365123676,0.503363634876324,0.5,0.0336363487632418
0.05,0.021831652008273,0.496725252198759,0.503274747801241,0.5,0.0327474780124093
0.06,0.0212583893129215,0.496811241603062,0.503188758396938,0.5,0.0318875839693822
0.07,0.0207038621320084,0.496894420680199,0.503105579319801,0.5,0.0310557931980127
0.08,0.0201675051009199,0.496974874234862,0.503025125765138,0.5,0.03025125765138
0.09,0.0196487692827887,0.497052684607582,0.502947315392418,0.5,0.0294731539241833
0.1,0.0191471216848645,0.49712793174727,0.50287206825273,0.5,0.0287206825272968
0.11,0.0186620447892213,0.497200693281617,0.502799306718383,0.5,0.0279930671838322
0.12,0.0181930360973796,0.497271044585393,0.502728955414607,0.5,0.0272895541460694
0.13,0.0177396076884285,0.497339058846736,0.502660941153264,0.5,0.0266094115326429
0.14,0.0173012857902528,0.497404807131462,0.502595192868538,0.5,0.0259519286853793
0.15,0.016877610363473,0.497468358445479,0.502531641554521,0.5,0.0253164155452093
0.16,0.0164681346977256,0.497529779795341,0.502470220204659,0.5,0.0247022020465881
0.17,0.0160724250199169,0.497589136247012,0.502410863752987,0.5,0.0241086375298752
0.18,0.0156900601140966,0.497646490982885,0.502353509017115,0.5,0.0235350901711451
0.19,0.0153206309526071,0.497701905357109,0.502298094642891,0.5,0.0229809464289107
0.2,0.0149637403381749,0.497755438949274,0.502244561050726,0.5,0.0224456105072623
0.21,0.0146190025566219,0.497807149616507,0.502192850383493,0.5,0.0219285038349326
0.22,0.0142860430398791,0.497857093544018,0.502142906455982,0.5,0.0214290645598189
0.23,0.0139644980390013,0.49790532529415,0.50209467470585,0.5,0.020946747058502
0.24,0.0136540143068845,0.497951897853967,0.502048102146033,0.5,0.0204810214603268
0.25,0.0133542487904001,0.49799686268144,0.50200313731856,0.5,0.0200313731856003
0.26,0.0130648683316666,0.49804026975025,0.50195973024975,0.5,0.0195973024975002
0.27,0.0127855493781885,0.498082167593272,0.501917832406728,0.5,0.0191783240672827
0.28,0.0125159777015996,0.49812260334476,0.50187739665524,0.5,0.0187739665523992
0.29,0.0122558481247572,0.498161622781286,0.501838377218714,0.5,0.018383772187136
0.3,0.0120048642569384,0.498199270361459,0.501800729638541,0.5,0.0180072963854075
0.31,0.011762738236899,0.498235589264465,0.501764410735535,0.5,0.0176441073553488
0.32,0.0115291904835638,0.498270621427465,0.501729378572535,0.5,0.0172937857253455
0.33,0.0113039494541195,0.498304407581882,0.501695592418118,0.5,0.016955924181179
0.34,0.0110867514092934,0.498336987288606,0.501663012711394,0.5,0.0166301271139402
0.35,0.0108773401856042,0.498368398972159,0.501631601027841,0.5,0.0163160102784066
0.36,0.0106754669743781,0.498398679953843,0.501601320046157,0.5,0.0160132004615673
0.37,0.0104808901073299,0.498427866483901,0.5015721335161,0.5,0.015721335160995
0.38,0.010293374848515,0.498455993772723,0.501544006227277,0.5,0.0154400622727724
0.39,0.0101126931924638,0.49848309602113,0.50151690397887,0.5,0.0151690397886958
0.4,0.00993862366831363,0.498509206449753,0.501490793550247,0.5,0.0149079355024706
0.41,0.00977095114976294,0.498534357327536,0.501465642672464,0.5,0.0146564267246443
0.42,0.00960946667067306,0.498558579999399,0.501441420000601,0.5,0.0144142000060096
0.43,0.00945396724615134,0.498581904913077,0.501418095086923,0.5,0.014180950869227
0.44,0.00930425569895274,0.498604361645157,0.501395638354843,0.5,0.0139563835484291
0.45,0.00916014049104227,0.498625978926344,0.501374021073656,0.5,0.0137402107365636
0.46,0.00902143556016526,0.498646784665975,0.501353215334025,0.5,0.0135321533402477
0.47,0.00888796016127687,0.498666805975808,0.501333194024192,0.5,0.0133319402419152
0.48,0.00875953871268683,0.498686069193097,0.501313930806903,0.5,0.0131393080690301
0.49,0.00863600064677943,0.498704599902983,0.501295400097017,0.5,0.012954000970169
0.5,0.00851718026517311,0.498722422960224,0.501277577039776,0.5,0.0127757703977596
0.51,0.00840291659818777,0.498739562510272,0.501260437489728,0.5,0.0126043748972815
0.52,0.00829305326849215,0.498756042009726,0.501243957990274,0.5,0.012439579902738
0.53,0.00818743835880701,0.498771884246179,0.501228115753821,0.5,0.0122811575382106
0.54,0.00808592428354387,0.498787111357468,0.501212888642532,0.5,0.0121288864253158
0.55,0.0079883676642623,0.498801744850361,0.501198255149639,0.5,0.0119825514963934
0.56,0.00789462920883247,0.498815805618675,0.501184194381325,0.5,0.0118419438132489
0.57,0.00780457359419283,0.498829313960871,0.501170686039129,0.5,0.0117068603912893
0.58,0.00771806935259618,0.498842289597111,0.501157710402889,0.5,0.0115771040288945
0.59,0.00763498876124036,0.498854751685814,0.501145248314186,0.5,0.0114524831418605
0.6,0.00755520773518311,0.498866718839723,0.501133281160277,0.5,0.0113328116027744
0.61,0.00747860572344334,0.498878209141484,0.501121790858516,0.5,0.0112179085851649
0.62,0.00740506560819418,0.498889240158771,0.501110759841229,0.5,0.011107598412291
0.63,0.0073344736069557,0.498899828958957,0.501100171041043,0.5,0.0110017104104335
0.64,0.00726671917769829,0.498909992123345,0.501090007876655,0.5,0.0109000787665472
0.65,0.0072016949267699,0.498919745760985,0.501080254239015,0.5,0.0108025423901548
0.66,0.00713929651956319,0.498929105522066,0.501070894477935,0.5,0.0107089447793449
0.67,0.00707942259384103,0.498938086610924,0.501061913389076,0.5,0.0106191338907613
0.68,0.00702197467564117,0.498946703798654,0.501053296201346,0.5,0.010532962013462
0.69,0.00696685709768321,0.498954971435348,0.501045028564652,0.5,0.0104502856465249
0.7,0.00691397692020349,0.498962903461969,0.501037096538031,0.5,0.0103709653803052
0.71,0.00686324385414536,0.498970513421878,0.501029486578122,0.5,0.0102948657812182
0.72,0.00681457018663466,0.498977814472005,0.501022185527995,0.5,0.0102218552799518
0.73,0.0067678707086724,0.498984819393699,0.501015180606301,0.5,0.0101518060630088
0.74,0.00672306264497833,0.498991540603253,0.501008459396747,0.5,0.0100845939674676
0.75,0.00668006558592135,0.498997990162112,0.501002009837888,0.5,0.0100200983788823
0.76,0.00663880142147436,0.499004179786779,0.500995820213221,0.5,0.00995820213221171
0.77,0.00659919427713328,0.49901012085843,0.50098987914157,0.5,0.00989879141570005
0.78,0.00656117045174139,0.499015824432239,0.500984175567761,0.5,0.00984175567761203
0.79,0.00652465835716217,0.499021301246426,0.500978698753574,0.5,0.00978698753574342
0.8,0.00648958845974539,0.499026561731038,0.500973438268962,0.5,0.0097343826896179
0.81,0.00645589322353277,0.49903161601647,0.50096838398353,0.5,0.00968383983529941
0.82,0.00642350705515129,0.499036473941727,0.500963526058273,0.5,0.00963526058272685
0.83,0.00639236625034349,0.499041145062448,0.500958854937552,0.5,0.00958854937551545
0.84,0.00636240894208594,0.499045638658687,0.500954361341313,0.5,0.00954361341312882
0.85,0.00633357505024815,0.499049963742463,0.500950036257537,0.5,0.00950036257537201
0.86,0.0063058062327459,0.499054129065088,0.500945870934912,0.5,0.00945870934911913
0.87,0.00627904583814415,0.499058143124278,0.500941856875722,0.5,0.00941856875721597
0.88,0.00625323885966597,0.49906201417105,0.50093798582895,0.5,0.00937985828949883
0.89,0.00622833189056551,0.499065750216415,0.500934249783585,0.5,0.00934249783584806
0.9,0.00620427308082384,0.499069359037876,0.500930640962124,0.5,0.00930640962123586
0.91,0.00618101209512817,0.499072848185731,0.500927151814269,0.5,0.0092715181426925
0.92,0.00615850007209561,0.499076224989186,0.500923775010814,0.5,0.00923775010814337
0.93,0.00613668958470436,0.499079496562294,0.500920503437706,0.5,0.00920503437705666
0.94,0.00611553460189577,0.499082669809716,0.500917330190284,0.5,0.00917330190284393
0.95,0.00609499045131222,0.499085751432303,0.500914248567697,0.5,0.0091424856769684
0.96,0.0060750137831364,0.49908874793253,0.50091125206747,0.5,0.00911252067470447
0.97,0.00605556253499912,0.49909166561975,0.50090833438025,0.5,0.00908334380249842
0.98,0.00603659589792308,0.499094510615312,0.500905489384688,0.5,0.00905489384688485
0.99,0.0060180742832717,0.499097288857509,0.500902711142491,0.5,0.00902711142490742
1,0.00599995929067237,0.499100006106399,0.500899993893601,0.5,0.00899993893600848
1.01,0.00598221367688491,0.499102667948467,0.500897332051533,0.5,0.00897332051532751
1.02,0.00596480132558659,0.499105279801162,0.500894720198838,0.5,0.00894720198837962
1.03,0.00594768721804597,0.499107846917293,0.500892153082707,0.5,0.00892153082706876
1.04,0.00593083740465869,0.499110374389301,0.500889625610699,0.5,0.0088962561069883
1.05,0.00591421897731916,0.499112867153402,0.500887132846598,0.5,0.00887132846597888
1.06,0.0058978000426027,0.49911532999361,0.50088467000639,0.5,0.00884670006390392
1.07,0.00588154969573366,0.49911776754564,0.50088223245436,0.5,0.00882232454360032
1.08,0.00586543799531564,0.499120184300703,0.500879815699297,0.5,0.00879815699297321
1.09,0.00584943593880059,0.49912258460918,0.50087741539082,0.5,0.00877415390820091
1.1,0.00583351543867444,0.499124972684199,0.500875027315801,0.5,0.00875027315801163
1.11,0.00581764929933741,0.499127352605099,0.500872647394901,0.5,0.00872647394900589
1.12,0.0058018111946578,0.499129728320801,0.500870271679199,0.5,0.00870271679198648
1.13,0.00578597564617888,0.499132103653073,0.500867896346927,0.5,0.00867896346926855
1.14,0.00577011800195875,0.499134482299706,0.500865517700294,0.5,0.00865517700293833
1.15,0.00575421441602409,0.499136867837596,0.500863132162404,0.5,0.00863132162403635
1.16,0.00573824182841882,0.499139263725737,0.500860736274263,0.5,0.00860736274262835
1.17,0.00572217794582966,0.499141673308126,0.500858326691874,0.5,0.00858326691874467
1.18,0.00570600122277079,0.499144099816584,0.500855900183416,0.5,0.00855900183415637
1.19,0.00568969084331057,0.499146546373503,0.500853453626497,0.5,0.00853453626496581
1.2,0.00567322670332367,0.499149015994501,0.500850984005499,0.5,0.00850984005498545
1.21,0.00565658939325244,0.499151511591012,0.500848488408988,0.5,0.0084848840898788
1.22,0.00563976018136195,0.499154035972796,0.500845964027204,0.5,0.00845964027204271
1.23,0.0056227209974734,0.499156591850379,0.500843408149621,0.5,0.00843408149621028
1.24,0.00560545441716136,0.499159181837426,0.500840818162574,0.5,0.00840818162574197
1.25,0.00558794364640023,0.49916180845304,0.50083819154696,0.5,0.00838191546960049
1.26,0.0055701725066464,0.499164474124003,0.500835525875997,0.5,0.00835525875996973
1.27,0.00555212542034243,0.499167181186949,0.500832818813051,0.5,0.00832818813051389
1.28,0.00553378739683019,0.499169931890475,0.500830068109525,0.5,0.00830068109524545
1.29,0.00551514401866046,0.499172728397201,0.500827271602799,0.5,0.00827271602799051
1.3,0.00549618142828647,0.499175572785757,0.500824427214243,0.5,0.00824427214242945
1.31,0.0054768863151297,0.499178467052731,0.500821532947269,0.5,0.00821532947269471
1.32,0.00545724590300615,0.499181413114549,0.500818586885451,0.5,0.00818586885450917
1.33,0.00543724793790198,0.499184412809315,0.500815587190685,0.5,0.00815587190685307
1.34,0.00541688067608761,0.499187467898587,0.500812532101413,0.5,0.0081253210141316
1.35,0.00539613287255973,0.499190580069116,0.500809419930884,0.5,0.00809419930883931
1.36,0.00537499376980089,0.49919375093453,0.50080624906547,0.5,0.0080624906547011
1.37,0.00535345308684689,0.499196982036973,0.500803017963027,0.5,0.00803017963027036
1.38,0.00533150100865213,0.499200274848702,0.500799725151298,0.5,0.00799725151297809
1.39,0.00530912817574376,0.499203630773638,0.500796369226362,0.5,0.00796369226361587
1.4,0.00528632567415539,0.499207051148877,0.500792948851123,0.5,0.00792948851123326
1.41,0.00526308502563164,0.499210537246155,0.500789462753845,0.5,0.00789462753844727
1.42,0.00523939817809507,0.499214090273286,0.500785909726714,0.5,0.00785909726714246
1.43,0.00521525749636701,0.499217711375545,0.500782288624455,0.5,0.00782288624455063
1.44,0.00519065575313446,0.49922140163703,0.50077859836297,0.5,0.00778598362970145
1.45,0.00516558612015515,0.499225162081977,0.500774837918023,0.5,0.00774837918023269
1.46,0.00514004215969323,0.499228993676046,0.500771006323954,0.5,0.00771006323953993
1.47,0.0051140178161783,0.499232897327573,0.500767102672427,0.5,0.00767102672426745
1.48,0.00508750740808067,0.499236873888788,0.500763126111212,0.5,0.00763126111212098
1.49,0.00506050561999586,0.499240924157001,0.500759075842999,0.5,0.0075907584299939
1.5,0.00503300749493183,0.49924504887576,0.50075495112424,0.5,0.00754951124239761
1.51,0.0050050084267923,0.499249248735981,0.500750751264019,0.5,0.00750751264018829
1.52,0.00497650415304999,0.499253524377043,0.500746475622957,0.5,0.00746475622957488
1.53,0.00494749074760361,0.499257876387859,0.500742123612141,0.5,0.00742123612140544
1.54,0.00491796461381274,0.499262305307928,0.500737694692072,0.5,0.00737694692071938
1.55,0.00488792247770485,0.499266811628344,0.500733188371656,0.5,0.00733188371655702
1.56,0.00485736138134891,0.499271395792798,0.500728604207202,0.5,0.00728604207202332
1.57,0.00482627867639027,0.499276058198541,0.500723941801459,0.5,0.00723941801458516
1.58,0.00479467201774142,0.499280799197339,0.500719200802661,0.5,0.00719200802661191
1.59,0.00476253935742381,0.499285619096386,0.500714380903614,0.5,0.0071438090361356
1.6,0.0047298789385556,0.499290518159217,0.500709481840783,0.5,0.00709481840783344
1.61,0.00469668928948074,0.499295496606578,0.500704503393422,0.5,0.00704503393422096
1.62,0.00466296921803474,0.499300554617295,0.500699445382705,0.5,0.00699445382705194
1.63,0.00462871780594255,0.499305692329109,0.500694307670891,0.5,0.00694307670891403
1.64,0.00459393440334448,0.499310909839498,0.500689090160502,0.5,0.00689090160501671
1.65,0.00455861862344562,0.499316207206483,0.500683792793517,0.5,0.00683792793516824
1.66,0.00452277033728503,0.499321584449407,0.500678415550593,0.5,0.00678415550592781
1.67,0.00448638966862056,0.499327041549707,0.500672958450293,0.5,0.0067295845029311
1.68,0.0044494769889255,0.499332578451661,0.500667421548339,0.5,0.00667421548338848
1.69,0.00441203291249349,0.499338195063126,0.500661804936874,0.5,0.00661804936874039
1.7,0.00437405829164797,0.499343891256253,0.500656108743747,0.5,0.00656108743747219
1.71,0.00433555421205275,0.499349666868192,0.500650333131808,0.5,0.00650333131807929
1.72,0.00429652198812042,0.499355521701782,0.500644478298218,0.5,0.00644478298218037
1.73,0.00425696315851514,0.499361455526223,0.500638544473777,0.5,0.00638544473777286
1.74,0.00421687948174694,0.499367468077738,0.500632531922262,0.5,0.00632531922262064
1.75,0.00417627293185427,0.499373559060222,0.500626440939778,0.5,0.0062644093977815
1.76,0.00413514569417186,0.499379728145874,0.500620271854126,0.5,0.00620271854125803
1.77,0.00409350016118117,0.499385974975823,0.500614025024177,0.5,0.00614025024177178
1.78,0.00405133892844051,0.499392299160734,0.500607700839266,0.5,0.0060770083926609
1.79,0.0040086647905922,0.499398700281411,0.500601299718589,0.5,0.00601299718588827
1.8,0.00396548073744426,0.499405177889383,0.500594822110617,0.5,0.0059482211061665
1.81,0.00392178995012396,0.499411731507481,0.500588268492519,0.5,0.00588268492518584
1.82,0.0038775957973009,0.499418360630405,0.500581639369595,0.5,0.00581639369595127
1.83,0.0038329018314773,0.499425064725278,0.500574935274722,0.5,0.00574935274721605
1.84,0.00378771178534313,0.499431843232199,0.500568156767801,0.5,0.00568156767801448
1.85,0.00374202956819396,0.499438695564771,0.500561304435229,0.5,0.00561304435229087
1.86,0.00369585926240934,0.499445621110639,0.500554378889361,0.5,0.00554378889361384
1.87,0.0036492051199897,0.499452619232002,0.500547380767998,0.5,0.00547380767998429
1.88,0.00360207155914978,0.499459689266128,0.500540310733873,0.5,0.00540310733872479
1.89,0.0035544631609666,0.499466830525855,0.500533169474145,0.5,0.00533169474144973
1.9,0.00350638466608022,0.499474042300088,0.500525957699912,0.5,0.00525957699912039
1.91,0.00345784097144539,0.499481323854283,0.500518676145717,0.5,0.00518676145716795
1.92,0.00340883712713237,0.49948867443093,0.50051132556907,0.5,0.00511325569069854
1.93,0.00335937833317537,0.499496093250024,0.500503906749976,0.5,0.00503906749976329
1.94,0.00330946993646675,0.49950357950953,0.50049642049047,0.5,0.00496420490470023
1.95,0.00325911742769566,0.499511132385846,0.500488867614154,0.5,0.00488867614154342
1.96,0.00320832643832942,0.499518751034251,0.500481248965749,0.5,0.00481248965749415
1.97,0.00315710273763634,0.499526434589355,0.500473565410645,0.5,0.00473565410645471
1.98,0.00310545222974836,0.499534182165538,0.500465817834462,0.5,0.00465817834462229
1.99,0.00305338095076242,0.499541992857386,0.500458007142614,0.5,0.00458007142614347
2,0.00300089506587903,0.499549865740118,0.500450134259882,0.5,0.00450134259881829
2.01,0.00294800086657683,0.499557799870013,0.500442200129987,0.5,0.00442200129986525
2.02,0.00289470476782201,0.499565794284827,0.500434205715173,0.5,0.00434205715173275
2.03,0.0028410133053113,0.499573848004203,0.500426151995797,0.5,0.00426151995796681
2.04,0.00278693313274741,0.499581960030088,0.500418039969912,0.5,0.00418039969912104
2.05,0.00273247101914593,0.499590129347128,0.500409870652872,0.5,0.00409870652871902
2.06,0.00267763384617248,0.499598354923074,0.500401645076926,0.5,0.00401645076925861
2.07,0.00262242860550928,0.499606635709174,0.500393364290826,0.5,0.0039336429082637
2.08,0.00256686239624993,0.499614970640562,0.500385029359438,0.5,0.00385029359437516
2.09,0.00251094242232171,0.499623358636652,0.500376641363348,0.5,0.00376641363348251
2.1,0.0024546759899343,0.49963179860151,0.50036820139849,0.5,0.00368201398490142
2.11,0.0023980705050542,0.499640289424242,0.500359710575758,0.5,0.00359710575758121
2.12,0.00234113347090387,0.499648829979364,0.500351170020636,0.5,0.00351170020635561
2.13,0.00228387248548489,0.499657419127177,0.500342580872823,0.5,0.00342580872822712
2.14,0.00222629523912437,0.499666055714131,0.500333944285869,0.5,0.00333944285868637
2.15,0.00216840951204377,0.499674738573193,0.500325261426807,0.5,0.00325261426806556
2.16,0.00211022317194953,0.499683466524208,0.500316533475792,0.5,0.00316533475792413
2.17,0.0020517441716448,0.499692238374253,0.500307761625747,0.5,0.00307761625746722
2.18,0.00199298054666153,0.499701052918001,0.500298947081999,0.5,0.00298947081999207
2.19,0.00193394041291242,0.499709908938063,0.500290091061937,0.5,0.00290091061936865
2.2,0.00187463196436209,0.499718805205346,0.500281194794654,0.5,0.00281194794654299
2.21,0.00181506347071677,0.499727740479393,0.500272259520607,0.5,0.00272259520607498
2.22,0.00175524327513219,0.49973671350873,0.50026328649127,0.5,0.00263286491269832
2.23,0.00169517979193897,0.499745723031209,0.500254276968791,0.5,0.00254276968790851
2.24,0.001634881504385,0.499754767774342,0.500245232225658,0.5,0.00245232225657754
2.25,0.00157435696239452,0.499763846455641,0.500236153544359,0.5,0.00236153544359158
2.26,0.00151361478034317,0.499772957782949,0.500227042217051,0.5,0.00227042217051499
2.27,0.00145266363484882,0.499782100454773,0.500217899545227,0.5,0.00217899545227329
2.28,0.00139151226257762,0.499791273160613,0.500208726839387,0.5,0.00208726839386664
2.29,0.00133016945806487,0.49980047458129,0.50019952541871,0.5,0.00199525418709712
2.3,0.00126864407155048,0.499809703389267,0.500190296610733,0.5,0.00190296610732554
2.31,0.00120694500682851,0.499818958248976,0.500181041751024,0.5,0.00181041751024291
2.32,0.00114508121911043,0.499828237817133,0.500171762182867,0.5,0.00171762182866547
2.33,0.00108306171290201,0.499837540743065,0.500162459256935,0.5,0.00162459256935282
2.34,0.00102089553989326,0.499846865669016,0.500153134330984,0.5,0.00153134330983962
2.35,0.000958591796861298,0.499856211230471,0.500143788769529,0.5,0.00143788769529168
2.36,0.000896159623585845,0.499865576056462,0.500134423943538,0.5,0.00134423943537881
2.37,0.000833608200777045,0.499874958769883,0.500125041230117,0.5,0.00125041230116557
2.38,0.000770946748015447,0.499884357987798,0.500115642012202,0.5,0.00115642012202294
2.39,0.000708184521703868,0.499893772321744,0.500106227678256,0.5,0.00106227678255605
2.4,0.00064533081303094,0.499903200378045,0.500096799621955,0.5,0.000967996219546352
2.41,0.000582394945946153,0.499912640758108,0.500087359241892,0.5,0.000873592418919322
2.42,0.000519386275146237,0.499922092058728,0.500077907941272,0.5,0.000779079412719375
2.43,0.000456314184072625,0.499931552872389,0.500068447127611,0.5,0.000684471276108933
2.44,0.000393188082919972,0.499941021787562,0.500058978212438,0.5,0.000589782124379712
2.45,0.000330017406655455,0.499950497389002,0.500049502610998,0.5,0.000495026109983421
2.46,0.000266811613048834,0.499959978258043,0.500040021741957,0.5,0.000400217419573023
2.47,0.000203580180713049,0.499969462972893,0.500030537027107,0.5,0.000305370271069805
2.48,0.000140332607155339,0.499978950108927,0.500021049891073,0.5,0.000210498910733214
2.49,7.70784068387035e-05,0.499988438238974,0.500011561761026,0.5,0.000115617610257912
2.5,1.38271092536965e-05,0.499997925933612,0.500002074066388,0.5,2.07406638808028e-05
2.51,-4.94117429996266e-05,0.50000741176145,0.49999258823855,0.5,-7.4117614499436e-05
2.52,-0.000112628596119563,0.500016894289418,0.499983105710582,0.5,-0.000168942894179513
2.53,-0.000175813887000569,0.50002637208305,0.49997362791695,0.5,-0.000263720830500913
2.54,-0.000238958045121023,0.500035843706768,0.499964156293232,0.5,-0.000358437067681516
2.55,-0.000302051494421012,0.500045307724163,0.499954692275837,0.5,-0.000453077241631406
2.56,-0.000365084655170123,0.500054762698276,0.499945237301724,0.5,-0.000547626982755345
2.57,-0.00042804794582536,0.500064207191874,0.499935792808126,0.5,-0.000642071918738052
2.58,-0.000490931784879105,0.500073639767732,0.499926360232268,0.5,-0.000736397677318923
2.59,-0.000553726592697179,0.500083058988905,0.499916941011095,0.5,-0.000830589889045941
2.6,-0.000616422793347027,0.500092463419002,0.499907536580998,0.5,-0.000924634190020424
2.61,-0.000679010816415951,0.500101851622462,0.499898148377538,0.5,-0.00101851622462373
2.62,-0.000741481098819483,0.500111222164823,0.499888777835177,0.5,-0.00111222164822927
2.63,-0.000803824086599766,0.50012057361299,0.49987942638701,0.5,-0.00120573612989977
2.64,-0.000866030236714004,0.500129904535507,0.499870095464493,0.5,-0.00129904535507097
2.65,-0.000928090018812915,0.500139213502822,0.499860786497178,0.5,-0.0013921350282195
2.66,-0.00098999391700916,0.500148499087551,0.499851500912449,0.5,-0.00148499087551351
2.67,-0.00105173243163567,0.500157759864745,0.499842240135255,0.5,-0.00157759864745338
2.68,-0.00111329608099393,0.500166994412149,0.499833005587851,0.5,-0.00166994412149069
2.69,-0.00117467540309198,0.500176201310464,0.499823798689536,0.5,-0.00176201310463808
2.7,-0.0012358609573723,0.500185379143606,0.499814620856394,0.5,-0.00185379143605835
2.71,-0.00129684332642934,0.500194526498964,0.499805473501036,0.5,-0.00194526498964426
2.72,-0.00135761311771669,0.500203641967658,0.499796358032343,0.5,-0.00203641967657514
2.73,-0.00141816096524386,0.500212724144787,0.499787275855213,0.5,-0.00212724144786569
2.74,-0.00147847753126253,0.500221771629689,0.499778228370311,0.5,-0.00221771629689393
2.75,-0.00153855350794219,0.500230783026191,0.499769216973809,0.5,-0.00230783026191311
2.76,-0.00159837961903518,0.500239756942855,0.499760243057145,0.5,-0.00239756942855274
2.77,-0.00165794662153088,0.50024869199323,0.49975130800677,0.5,-0.00248691993229633
2.78,-0.00171724530729916,0.500257586796095,0.499742413203905,0.5,-0.00257586796094889
2.79,-0.0017762665047228,0.500266439975708,0.499733560024292,0.5,-0.0026643997570841
2.8,-0.00183500108031892,0.500275250162048,0.499724749837952,0.5,-0.00275250162047852
2.81,-0.00189343994034925,0.500284015991052,0.499715984008948,0.5,-0.00284015991052405
2.82,-0.00195157403241917,0.500292736104863,0.499707263895137,0.5,-0.00292736104862884
2.83,-0.00200939434706542,0.50030140915206,0.49969859084794,0.5,-0.00301409152059812
2.84,-0.00206689191933232,0.5003100337879,0.4996899662121,0.5,-0.00310033787899844
2.85,-0.00212405783033641,0.50031860867455,0.49968139132545,0.5,-0.00318608674550469
2.86,-0.0021808832088195,0.500327132481323,0.499672867518677,0.5,-0.00327132481322906
2.87,-0.00223735923268984,0.500335603884904,0.499664396115096,0.5,-0.00335603884903501
2.88,-0.00229347713055137,0.500344021569583,0.499655978430417,0.5,-0.00344021569582686
2.89,-0.00234922818322105,0.500352384227483,0.499647615772517,0.5,-0.00352384227483182
2.9,-0.00240460372523388,0.500360690558785,0.499639309441215,0.5,-0.00360690558785071
2.91,-0.00245959514633582,0.50036893927195,0.49963106072805,0.5,-0.00368939271950364
2.92,-0.00251419389296414,0.500377129083945,0.499622870916055,0.5,-0.00377129083944605
2.93,-0.0025683914697154,0.500385258720457,0.499614741279543,0.5,-0.00385258720457332
2.94,-0.00262217944080068,0.50039332691612,0.49960667308388,0.5,-0.00393326916120124
2.95,-0.00267554943148808,0.500401332414723,0.499598667585277,0.5,-0.00401332414723204
2.96,-0.0027284931295323,0.50040927396943,0.49959072603057,0.5,-0.0040927396942983
2.97,-0.00278100228659122,0.500417150342989,0.499582849657011,0.5,-0.00417150342988698
2.98,-0.00283306871962925,0.500424960307944,0.499575039692056,0.5,-0.00424960307944366
2.99,-0.00288468431230745,0.500432702646846,0.499567297353154,0.5,-0.00432702646846139
3,-0.0029358410163602,0.500440376152454,0.499559623847546,0.5,-0.00440376152454042
3.01,-0.00298653085295829,0.500447979627944,0.499552020372056,0.5,-0.0044797962794374
3.02,-0.00303674591405839,0.500455511887109,0.499544488112891,0.5,-0.00455511887108767
3.03,-0.0030864783637386,0.500462971754561,0.499537028245439,0.5,-0.00462971754560781
3.04,-0.00313572043952011,0.500470358065928,0.499529641934072,0.5,-0.00470358065927989
3.05,-0.00318446445367479,0.500477669668051,0.499522330331949,0.5,-0.00477669668051212
3.06,-0.00323270279451848,0.500484905419178,0.499515094580822,0.5,-0.00484905419177784
3.07,-0.00328042792769001,0.500492064189153,0.499507935810847,0.5,-0.00492064189153485
3.08,-0.00332763239741567,0.500499144859612,0.499500855140388,0.5,-0.00499144859612333
3.09,-0.00337430882775912,0.500506146324164,0.499493853675836,0.5,-0.00506146324163875
3.1,-0.00342044992385649,0.500513067488578,0.499486932511422,0.5,-0.00513067488578489
3.11,-0.00346604847313662,0.500519907270971,0.499480092729029,0.5,-0.0051990727097051
3.12,-0.00351109734652634,0.500526664601979,0.499473335398021,0.5,-0.00526664601978949
3.13,-0.00355558949964049,0.500533338424946,0.499466661575054,0.5,-0.00533338424946073
3.14,-0.00359951797395681,0.500539927696094,0.499460072303906,0.5,-0.0053992769609354
3.15,-0.00364287589797526,0.500546431384696,0.499453568615304,0.5,-0.00546431384696316
3.16,-0.003685656488362,0.500552848473254,0.499447151526746,0.5,-0.00552848473254319
3.17,-0.00372785305107751,0.500559177957662,0.499440822042338,0.5,-0.00559177957661611
3.18,-0.00376945898248909,0.500565418847373,0.499434581152627,0.5,-0.00565418847373378
3.19,-0.00381046777046734,0.50057157016557,0.49942842983443,0.5,-0.00571570165570079
3.2,-0.00385087299546668,0.50057763094932,0.49942236905068,0.5,-0.00577630949319979
3.21,-0.00389066833158961,0.500583600249738,0.499416399750262,0.5,-0.00583600249738442
3.22,-0.00392984754763481,0.500589477132145,0.499410522867855,0.5,-0.00589477132145216
3.23,-0.00396840450812873,0.500595260676219,0.499404739323781,0.5,-0.00595260676219289
3.24,-0.00400633317434071,0.500600949976151,0.499399050023849,0.5,-0.00600949976151122
3.25,-0.00404362760528146,0.500606544140792,0.499393455859208,0.5,-0.00606544140792198
3.26,-0.00408028195868474,0.500612042293803,0.499387957706197,0.5,-0.00612042293802711
3.27,-0.00411629049197216,0.500617443573796,0.499382556426204,0.5,-0.00617443573795812
3.28,-0.0041516475632011,0.50062274713448,0.49937725286552,0.5,-0.00622747134480184
3.29,-0.00418634763199535,0.500627952144799,0.499372047855201,0.5,-0.00627952144799299
3.3,-0.00422038526045867,0.500633057789069,0.499366942210931,0.5,-0.00633057789068775
3.31,-0.00425375511407099,0.500638063267111,0.499361936732889,0.5,-0.00638063267110661
3.32,-0.00428645196256715,0.500642967794385,0.499357032205615,0.5,-0.0064296779438508
3.33,-0.00431847068079812,0.50064777060212,0.49935222939788,0.5,-0.00647770602119735
3.34,-0.00434980624957459,0.500652470937436,0.499347529062564,0.5,-0.00652470937436173
3.35,-0.00438045375649281,0.500657068063474,0.499342931936526,0.5,-0.00657068063473903
3.36,-0.00441040839674255,0.500661561259511,0.499338438740489,0.5,-0.00661561259511362
3.37,-0.00443966547389719,0.500665949821085,0.499334050178915,0.5,-0.00665949821084588
3.38,-0.00446822040068568,0.500670233060103,0.499329766939897,0.5,-0.00670233060102832
3.39,-0.00449606869974644,0.500674410304962,0.499325589695038,0.5,-0.00674410304961959
3.4,-0.00452320600436299,0.500678480900654,0.499321519099346,0.5,-0.00678480900654477
3.41,-0.00454962805918129,0.500682444208877,0.499317555791123,0.5,-0.00682444208877198
3.42,-0.00457533072090862,0.500686299608136,0.499313700391864,0.5,-0.00686299608136293
3.43,-0.00460030995899405,0.500690046493849,0.499309953506151,0.5,-0.006900464938491
3.44,-0.00462456185629028,0.500693684278444,0.499306315721556,0.5,-0.00693684278443518
3.45,-0.00464808260969682,0.500697212391454,0.499302787608545,0.5,-0.0069721239145451
3.46,-0.00467086853078442,0.500700630279618,0.499299369720382,0.5,-0.00700630279617642
3.47,-0.00469291604640079,0.50070393740696,0.49929606259304,0.5,-0.00703937406960092
3.48,-0.00471422169925728,0.500707133254889,0.499292866745111,0.5,-0.00707133254888581
3.49,-0.00473478214849669,0.500710217322274,0.499289782677726,0.5,-0.00710217322274498
3.5,-0.00475459417024202,0.500713189125536,0.499286810874464,0.5,-0.00713189125536307
3.51,-0.00477365465812618,0.500716048198719,0.499283951801281,0.5,-0.00716048198718955
3.52,-0.00479196062380242,0.50071879409357,0.49928120590643,0.5,-0.00718794093570341
3.53,-0.00480950919743562,0.500721426379615,0.499278573620385,0.5,-0.00721426379615364
3.54,-0.0048262976281743,0.500723944644226,0.499276055355774,0.5,-0.00723944644226121
3.55,-0.00484232328460321,0.50072634849269,0.49927365150731,0.5,-0.00726348492690487
3.56,-0.00485758365517662,0.500728637548276,0.499271362451723,0.5,-0.00728637548276484
3.57,-0.00487207634863206,0.500730811452295,0.499269188547705,0.5,-0.00730811452294811
3.58,-0.00488579909438463,0.500732869864158,0.499267130135842,0.5,-0.00732869864157687
3.59,-0.00489874974290172,0.500734812461435,0.499265187538565,0.5,-0.00734812461435252
3.6,-0.00491092626605816,0.500736638939909,0.499263361060091,0.5,-0.00736638939908718
3.61,-0.00492232675747173,0.500738349013621,0.499261650986379,0.5,-0.0073834901362077
3.62,-0.00493294943281896,0.500739942414923,0.499260057585077,0.5,-0.0073994241492284
3.63,-0.00494279263013128,0.50074141889452,0.49925858110548,0.5,-0.00741418894519702
3.64,-0.0049518548100714,0.500742778221511,0.499257221778489,0.5,-0.00742778221510698
3.65,-0.00496013455618986,0.500744020183428,0.499255979816571,0.5,-0.00744020183428479
3.66,-0.00496763057516187,0.500745144586274,0.499254855413726,0.5,-0.00745144586274282
3.67,-0.00497434169700423,0.500746151254551,0.499253848745449,0.5,-0.00746151254550659
3.68,-0.00498026687527248,0.500747040031291,0.499252959968709,0.5,-0.00747040031290891
3.69,-0.0049854051872381,0.500747810778086,0.499252189221914,0.5,-0.00747810778085722
3.7,-0.00498975583404586,0.500748463375107,0.499251536624893,0.5,-0.00748463375106895
3.71,-0.00499331814085128,0.500748997721128,0.499251002278872,0.5,-0.00748997721127687
3.72,-0.00499609155693811,0.500749413733541,0.499250586266459,0.5,-0.00749413733540732
3.73,-0.00499807565581598,0.500749711348372,0.499250288651628,0.5,-0.007497113483724
3.74,-0.00499927013529803,0.500749890520295,0.499250109479705,0.5,-0.00749890520294727
3.75,-0.00499967481755865,0.500749951222634,0.499250048777366,0.5,-0.00749951222633771
3.76,-0.00499928964917128,0.500749893447376,0.499250106552624,0.5,-0.00749893447375666
3.77,-0.00499811470112629,0.500749717205169,0.499250282794831,0.5,-0.0074971720516892
3.78,-0.00499615016882889,0.500749422525324,0.499250577474676,0.5,-0.00749422525324311
3.79,-0.00499339637207719,0.500749009455812,0.499250990544188,0.5,-0.00749009455811578
3.8,-0.00498985375502029,0.500748478063253,0.499251521936747,0.5,-0.00748478063253066
3.81,-0.00498552288609653,0.500747828432914,0.499252171567086,0.5,-0.0074782843291446
3.82,-0.00498040445795184,0.500747060668693,0.499252939331307,0.5,-0.00747060668692789
3.83,-0.0049744992873382,0.500746174893101,0.499253825106899,0.5,-0.00746174893100721
3.84,-0.0049678083149924,0.500745171247249,0.499254828752751,0.5,-0.00745171247248849
3.85,-0.00496033260549479,0.500744049890824,0.499255950109176,0.5,-0.00744049890824217
3.86,-0.00495207334710847,0.500742811002066,0.499257188997934,0.5,-0.00742811002066274
3.87,-0.00494303185159858,0.50074145477774,0.49925854522226,0.5,-0.00741454777739792
3.88,-0.00493320955403196,0.500739981433105,0.499260018566895,0.5,-0.00739981433104803
3.89,-0.00492260801255708,0.500738391201884,0.499261608798116,0.5,-0.0073839120188357
3.9,-0.00491122890816442,0.500736684336225,0.499263315663775,0.5,-0.00736684336224647
3.91,-0.00489907404442722,0.500734861106664,0.499265138893336,0.5,-0.00734861106664098
3.92,-0.00488614534722263,0.500732921802083,0.499267078197917,0.5,-0.00732921802083397
3.93,-0.00487244486443348,0.500730866729665,0.499269133270335,0.5,-0.00730866729665047
3.94,-0.00485797476563057,0.500728696214845,0.499271303785155,0.5,-0.00728696214844587
3.95,-0.00484273734173549,0.50072641060126,0.49927358939874,0.5,-0.0072641060126033
3.96,-0.00482673500466428,0.5007240102507,0.4992759897493,0.5,-0.00724010250699653
3.97,-0.00480997028695166,0.500721495543043,0.499278504456957,0.5,-0.00721495543042766
3.98,-0.00479244584135622,0.500718866876203,0.499281133123797,0.5,-0.00718866876203456
3.99,-0.00477416444044629,0.500716124666067,0.499283875333933,0.5,-0.00716124666066964
4,-0.00475512897616693,0.500713269346425,0.499286730653575,0.5,-0.00713269346425016
4.01,-0.00473534245938784,0.500710301368908,0.499289698631092,0.5,-0.00710301368908151
4.02,-0.00471480801943229,0.500707221202915,0.499292778797085,0.5,-0.00707221202914859
4.03,-0.0046935289035874,0.500704029335538,0.499295970664462,0.5,-0.0070402933553812
4.04,-0.00467150847659547,0.500700726271489,0.499299273728511,0.5,-0.00700726271489316
4.05,-0.00464875022012672,0.500697312533019,0.499302687466981,0.5,-0.00697312533018996
4.06,-0.00462525773223351,0.500693788659835,0.499306211340165,0.5,-0.00693788659835048
4.07,-0.00460103472678591,0.500690155209018,0.499309844790982,0.5,-0.00690155209017912
4.08,-0.00457608503288905,0.500686412754933,0.499313587245067,0.5,-0.00686412754933335
4.09,-0.00455041259428199,0.500682561889142,0.499317438110858,0.5,-0.00682561889142286
4.1,-0.00452402146871852,0.500678603220308,0.499321396779692,0.5,-0.00678603220307772
4.11,-0.00449691582732975,0.5006745373741,0.499325462625901,0.5,-0.00674537374099476
4.12,-0.00446909995396879,0.500670364993095,0.499329635006905,0.5,-0.00670364993095335
4.13,-0.00444057824453742,0.500666086736681,0.499333913263319,0.5,-0.00666086736680588
4.14,-0.00441135520629509,0.500661703280944,0.499338296719056,0.5,-0.00661703280944281
4.15,-0.00438143545715017,0.500657215318573,0.499342784681427,0.5,-0.00657215318572546
4.16,-0.00435082372493363,0.50065262355874,0.49934737644126,0.5,-0.00652623558740045
4.17,-0.00431952484665534,0.500647928726998,0.499352071273002,0.5,-0.00647928726998287
4.18,-0.00428754376774299,0.500643131565161,0.499356868434839,0.5,-0.00643131565161464
4.19,-0.00425488554126379,0.50063823283119,0.49936176716881,0.5,-0.00638232831189578
4.2,-0.00422155532712922,0.500633233299069,0.499366766700931,0.5,-0.00633233299069391
4.21,-0.00418755839128263,0.500628133758692,0.499371866241308,0.5,-0.00628133758692417
4.22,-0.00415290010487021,0.500622935015731,0.499377064984269,0.5,-0.00622935015730519
4.23,-0.00411758594339514,0.500617637891509,0.499382362108491,0.5,-0.0061763789150926
4.24,-0.00408162148585532,0.500612243222878,0.499387756777122,0.5,-0.00612243222878311
4.25,-0.00404501241386452,0.50060675186208,0.49939324813792,0.5,-0.00606751862079702
4.26,-0.00400776451075745,0.500601164676614,0.499398835323386,0.5,-0.00601164676613641
4.27,-0.00396988366067853,0.500595482549102,0.499404517450898,0.5,-0.005954825491018
4.28,-0.00393137584765482,0.500589706377148,0.499410293622852,0.5,-0.00589706377148197
4.29,-0.00389224715465301,0.500583837073198,0.499416162926802,0.5,-0.00583837073197951
4.3,-0.0038525037626208,0.500577875564393,0.499422124435607,0.5,-0.00577875564393121
4.31,-0.0038121519495127,0.500571822792427,0.499428177207573,0.5,-0.00571822792426929
4.32,-0.00377119808930052,0.500565679713395,0.499434320286605,0.5,-0.00565679713395051
4.33,-0.00372964865096853,0.500559447297645,0.499440552702355,0.5,-0.0055944729764526
4.34,-0.00368751019749372,0.500553126529624,0.499446873470376,0.5,-0.00553126529624054
4.35,-0.00364478938481103,0.500546718407722,0.499453281592278,0.5,-0.00546718407721664
4.36,-0.00360149296076394,0.500540223944115,0.499459776055885,0.5,-0.00540223944114571
4.37,-0.00355762776404043,0.500533644164606,0.499466355835394,0.5,-0.00533644164606079
4.38,-0.00351320072309463,0.500526980108464,0.499473019891536,0.5,-0.00526980108464192
4.39,-0.00346821885505416,0.500520232828258,0.499479767171742,0.5,-0.0052023282825811
4.4,-0.0034226892646135,0.500513403389692,0.499486596610308,0.5,-0.00513403389692052
4.41,-0.00337661914291346,0.500506492871437,0.499493507128563,0.5,-0.00506492871437003
4.42,-0.00333001576640692,0.500499502364961,0.499500497635039,0.5,-0.00499502364961019
4.43,-0.00328288649571114,0.500492432974357,0.499507567025643,0.5,-0.00492432974356666
4.44,-0.00323523877444666,0.500485285816167,0.499514714183833,0.5,-0.00485285816167025
4.45,-0.00318708012806315,0.50047806201921,0.499521937980791,0.5,-0.00478062019209496
4.46,-0.00313841816265217,0.500470762724398,0.499529237275602,0.5,-0.00470762724397833
4.47,-0.00308926056374727,0.500463389084562,0.499536610915438,0.5,-0.00463389084562116
4.48,-0.00303961509511148,0.500455942264267,0.499544057735733,0.5,-0.00455942264266707
4.49,-0.00298948959751244,0.500448423439627,0.499551576560373,0.5,-0.00448423439626838
4.5,-0.00293889198748521,0.500440833798123,0.499559166201877,0.5,-0.00440833798122764
4.51,-0.00288783025608329,0.500433174538413,0.499566825461587,0.5,-0.00433174538412517
4.52,-0.00283631246761767,0.500425446870143,0.499574553129857,0.5,-0.00425446870142676
4.53,-0.00278434675838437,0.500417652013758,0.499582347986242,0.5,-0.00417652013757652
4.54,-0.00273194133538055,0.500409791200307,0.499590208799693,0.5,-0.00409791200307069
4.55,-0.00267910447500946,0.500401865671251,0.499598134328749,0.5,-0.00401865671251445
4.56,-0.00262584452177433,0.500393876678266,0.499606123321734,0.5,-0.00393876678266153
4.57,-0.0025721698869616,0.500385825483044,0.499614174516956,0.5,-0.00385825483044222
4.58,-0.00251808904731346,0.500377713357097,0.499622286642903,0.5,-0.0037771335709702
4.59,-0.00246361054369011,0.500369541581554,0.499630458418446,0.5,-0.00369541581553529
4.6,-0.0024087429797218,0.500361311446958,0.499638688553042,0.5,-0.00361311446958279
4.61,-0.00235349502045104,0.500353024253068,0.499646975746932,0.5,-0.0035302425306763
4.62,-0.00229787539096497,0.500344681308645,0.499655318691355,0.5,-0.00344681308644734
4.63,-0.00224189287501831,0.500336283931253,0.499663716068747,0.5,-0.00336283931252734
4.64,-0.00218555631364697,0.500327833447047,0.499672166552953,0.5,-0.00327833447047038
4.65,-0.00212887460377266,0.500319331190566,0.499680668809434,0.5,-0.00319331190565902
4.66,-0.00207185669679858,0.50031077850452,0.49968922149548,0.5,-0.00310778504519771
4.67,-0.00201451159719656,0.500302176739579,0.499697823260421,0.5,-0.00302176739579468
4.68,-0.00195684836108572,0.500293527254163,0.499706472745837,0.5,-0.00293527254162873
4.69,-0.00189887609480304,0.50028483141422,0.49971516858578,0.5,-0.00284831414220449
4.7,-0.00184060395346591,0.50027609059302,0.49972390940698,0.5,-0.0027609059301989
4.71,-0.00178204113952703,0.500267306170929,0.499732693829071,0.5,-0.00267306170929071
4.72,-0.00172319690132175,0.500258479535198,0.499741520464802,0.5,-0.0025847953519828
4.73,-0.0016640805316082,0.500249612079741,0.499750387920259,0.5,-0.00249612079741252
4.74,-0.00160470136610035,0.500240705204915,0.499759294795085,0.5,-0.00240705204915037
4.75,-0.0015450687819943,0.500231760317299,0.499768239682701,0.5,-0.00231760317299129
4.76,-0.00148519219648801,0.500222778829473,0.499777221170527,0.5,-0.00222778829473191
4.77,-0.00142508106529468,0.500213762159794,0.499786237840206,0.5,-0.00213762159794184
4.78,-0.00136474488115001,0.500204711732173,0.499795288267827,0.5,-0.00204711732172513
4.79,-0.00130419317231365,0.500195628975847,0.499804371024153,0.5,-0.00195628975847045
4.8,-0.00124343550106505,0.50018651532516,0.49981348467484,0.5,-0.00186515325159758
4.81,-0.00118248146219376,0.500177372219329,0.499822627780671,0.5,-0.00177372219329092
4.82,-0.00112134068148488,0.500168201102223,0.499831798897777,0.5,-0.00168201102222709
4.83,-0.00106002281419925,0.50015900342213,0.49984099657787,0.5,-0.00159003422129905
4.84,-0.000998537543549293,0.500149780631532,0.499850219368468,0.5,-0.0014978063153237
4.85,-0.000936894579170199,0.500140534186876,0.499859465813124,0.5,-0.00140534186875541
4.86,-0.000875103655587091,0.500131265548338,0.499868734451662,0.5,-0.00131265548338089
4.87,-0.000813174530678113,0.500121976179602,0.499878023820398,0.5,-0.00121976179601718
4.88,-0.000751116984133939,0.50011266754762,0.49988733245238,0.5,-0.00112667547620071
4.89,-0.000688940815913737,0.500103341122387,0.499896658877613,0.5,-0.00103341122387079
4.9,-0.000626655844697979,0.500093998376705,0.499906001623295,0.5,-0.000939983767046793
4.91,-0.000564271906338279,0.500084640785951,0.499915359214049,0.5,-0.000846407859507181
4.92,-0.00050179885230445,0.500075269827846,0.499924730172154,0.5,-0.000752698278456698
4.93,-0.000439246548129189,0.500065886982219,0.499934113017781,0.5,-0.000658869822194041
4.94,-0.000376624871850426,0.500056493730778,0.499943506269222,0.5,-0.000564937307775404
4.95,-0.000313943712451794,0.500047091556868,0.499952908443132,0.5,-0.000470915568677732
4.96,-0.00025121296830127,0.500037681945245,0.499962318054755,0.5,-0.000376819452451993
4.97,-0.000188442545588365,0.500028266381838,0.499971733618162,0.5,-0.000282663818382822
4.98,-0.000125642356760096,0.500018846353514,0.499981153646486,0.5,-0.000188463535140126
4.99,-6.28223189559371e-05,0.500009423347843,0.499990576652157,0.5,-9.42334784337362e-05
5,7.647558011321e-09,0.499999998852866,0.500000001147134,0.5,1.14713372134645e-08
5.01,6.28376209552782e-05,0.499990574356857,0.500009425643143,0.5,9.42564314329597e-05
5.02,0.000125657679415592,0.499981151348088,0.500018848651912,0.5,0.000188486519123454
5.03,0.000188457902691432,0.499971731314596,0.500028268685404,0.5,0.000282686854037317
5.04,0.000251228373674341,0.499962315743949,0.500037684256051,0.5,0.000376842560511348
5.05,0.000313959179960745,0.499952906123006,0.500047093876994,0.5,0.000470938769940865
5.06,0.000376640415417063,0.499943503937687,0.500056496062313,0.5,0.000564960623125332
5.07,0.000439262181743763,0.499934110672738,0.500065889327262,0.5,0.000658893272615646
5.08,0.000501814590038275,0.499924727811494,0.500075272188506,0.5,0.000752721885057539
5.09,0.000564287762356376,0.499915356835647,0.500084643164353,0.5,0.000846431643534429
5.1,0.000626671833271845,0.499905999225009,0.500094000774991,0.5,0.000940007749907767
5.11,0.000688956951434148,0.499896656457285,0.500103343542715,0.5,0.00103343542715129
5.12,0.000751133281123964,0.499887330007831,0.500112669992169,0.5,0.00112669992168607
5.13,0.00081319100380614,0.499878021349429,0.500121978650571,0.5,0.00121978650570925
5.14,0.000875120319680049,0.499868731952048,0.500131268047952,0.5,0.00131268047952021
5.15,0.000936911449226905,0.499859463282616,0.500140536717384,0.5,0.0014053671738401
5.16,0.000998554634753919,0.499850216804787,0.500149783195213,0.5,0.00149783195213082
5.17,0.00106004014193505,0.49984099397871,0.50015900602129,0.5,0.00159006021290264
5.18,0.00112135826134797,0.499831796260798,0.500168203739202,0.5,0.00168203739202205
5.19,0.00118249931000722,0.499822625103499,0.500177374896501,0.5,0.00177374896501076
5.2,0.0012434536328931,0.499813481955066,0.500186518044934,0.5,0.0018651804493397
5.21,0.00130421160447618,0.499804368259329,0.500195631740671,0.5,0.00195631740671415
5.22,0.00136476363023719,0.499795285455464,0.500204714544536,0.5,0.00204714544535606
5.23,0.00142510014818197,0.499786234977773,0.500213765022227,0.5,0.0021376502222728
5.24,0.00148521163035129,0.499777218255447,0.500222781744553,0.5,0.00222781744552702
5.25,0.00154508858432535,0.499768236712351,0.500231763287649,0.5,0.00231763287648817
5.26,0.00160472155472261,0.499759291766792,0.500240708233208,0.5,0.00240708233208403
5.27,0.0016641011246928,0.499750384831296,0.500249615168704,0.5,0.00249615168703921
5.28,0.00172321791740386,0.499741517312389,0.500258482687611,0.5,0.00258482687610556
5.29,0.00178206259752253,0.499732690610372,0.500267309389628,0.5,0.00267309389628378
5.3,0.00184062587268845,0.499723906119097,0.500276093880903,0.5,0.00276093880903244
5.31,0.0018988984949814,0.499715165225753,0.500284834774247,0.5,0.00284834774247233
5.32,0.00195687126238157,0.499706469310643,0.500293530689357,0.5,0.00293530689357224
5.33,0.00201453502022261,0.499697819746967,0.500302180253033,0.5,0.00302180253033413
5.34,0.00207188066263714,0.499689217900604,0.500310782099396,0.5,0.00310782099395585
5.35,0.0021288991339946,0.499680665129901,0.500319334870099,0.5,0.00319334870099164
5.36,0.00218558143033115,0.49967216278545,0.50032783721455,0.5,0.00327837214549653
5.37,0.00224191860077144,0.499663712209884,0.500336287790116,0.5,0.00336287790115741
5.38,0.00229790174894196,0.499655314737659,0.500344685262341,0.5,0.00344685262341299
5.39,0.00235352203437585,0.499646971694844,0.500353028305156,0.5,0.00353028305156378
5.4,0.00240877067390879,0.499638684398914,0.500361315601086,0.5,0.00361315601086321
5.41,0.0024636389430659,0.49963045415854,0.50036954584146,0.5,0.00369545841459873
5.42,0.00251811817743943,0.499622282273384,0.500377717726616,0.5,0.00377717726615906
5.43,0.00257219977405681,0.499614170033891,0.500385829966108,0.5,0.00385829966108503
5.44,0.0026258751927392,0.499606118721089,0.500393881278911,0.5,0.00393881278910907
5.45,0.00267913595744992,0.499598129606383,0.500401870393617,0.5,0.00401870393617498
5.46,0.00273197365763292,0.499590203951355,0.500409796048645,0.5,0.00409796048644911
5.47,0.00278437994954086,0.499582343007569,0.500417656992431,0.5,0.00417656992431126
5.48,0.00283634655755256,0.499574548016367,0.500425451983633,0.5,0.00425451983632863
5.49,0.00288786527547982,0.499566820208678,0.500433179791322,0.5,0.00433179791321958
5.5,0.00293892796786321,0.499559160804821,0.500440839195179,0.5,0.00440839195179454
5.51,0.00298952657125667,0.499551571014312,0.500448428985689,0.5,0.00448428985688504
5.52,0.00303965309550082,0.499544052035675,0.500455947964325,0.5,0.00455947964325132
5.53,0.00308929962498462,0.499536605056252,0.500463394943748,0.5,0.00463394943747697
5.54,0.00313845831989528,0.499529231252016,0.500470768747984,0.5,0.00470768747984268
5.55,0.00318712141745626,0.499521931787382,0.500478068212618,0.5,0.00478068212618421
5.56,0.00323528123315302,0.499514707815027,0.500485292184973,0.5,0.00485292184972952
5.57,0.00328293016194643,0.499507560475708,0.500492439524292,0.5,0.00492439524291982
5.58,0.0033300606794737,0.499500490898079,0.500499509101921,0.5,0.00499509101921064
5.59,0.00337666534323653,0.499493500198515,0.500506499801485,0.5,0.00506499801485455
5.6,0.00342273679377628,0.499486589480934,0.500513410519066,0.5,0.00513410519066421
5.61,0.00346826775583609,0.499479759836625,0.500520240163375,0.5,0.00520240163375402
5.62,0.00351325103950972,0.499473012344074,0.500526987655926,0.5,0.00526987655926431
5.63,0.00355767954137685,0.499466348068793,0.500533651931207,0.5,0.00533651931206552
5.64,0.00360154624562478,0.499459768063156,0.500540231936844,0.5,0.00540231936843716
5.65,0.00364484422515628,0.499453273366227,0.500546726633773,0.5,0.0054672663377342
5.66,0.00368756664268337,0.499446865003597,0.500553134996403,0.5,0.00553134996402527
5.67,0.00372970675180707,0.499440543987229,0.500559456012771,0.5,0.00559456012771076
5.68,0.00377125789808263,0.499434311315288,0.500565688684712,0.5,0.00565688684712407
5.69,0.00381221352007033,0.499428167971989,0.500571832028011,0.5,0.0057183202801056
5.7,0.00385256715037159,0.499422114927444,0.500577885072556,0.5,0.00577885072555739
5.71,0.00389231241665021,0.499416153137502,0.500583846862498,0.5,0.00583846862497545
5.72,0.00393144304263865,0.499410283543604,0.500589716456396,0.5,0.005897164563958
5.73,0.00396995284912901,0.499404507072631,0.500595492927369,0.5,0.00595492927369351
5.74,0.00400783575494884,0.499398824636758,0.500601175363242,0.5,0.00601175363242334
5.75,0.00404508577792142,0.499393237133312,0.500606762866688,0.5,0.00606762866688232
5.76,0.00408169703581032,0.499387745444628,0.500612254555372,0.5,0.00612254555371533
5.77,0.00411766374724832,0.499382350437913,0.500617649562087,0.5,0.00617649562087236
5.78,0.00415298023265027,0.499377052965102,0.500622947034898,0.5,0.00622947034897514
5.79,0.00418764091510999,0.499371853862734,0.500628146137266,0.5,0.00628146137266472
5.8,0.00422164032128088,0.499366753951808,0.500633246048192,0.5,0.00633246048192149
5.81,0.00425497308224024,0.499361754037664,0.500638245962336,0.5,0.00638245962336054
5.82,0.00428763393433701,0.499356854909849,0.500643145090151,0.5,0.00643145090150538
5.83,0.00431961772002296,0.499352057341997,0.500647942658003,0.5,0.0064794265800347
5.84,0.00435091938866714,0.4993473620917,0.5006526379083,0.5,0.00652637908300058
5.85,0.00438153399735339,0.499342769900397,0.500657230099603,0.5,0.00657230099603029
5.86,0.00441145671166086,0.499338281493251,0.500661718506749,0.5,0.0066171850674912
5.87,0.00444068280642741,0.499333897579036,0.500666102420964,0.5,0.00666102420964099
5.88,0.00446920766649577,0.499329618850026,0.500670381149974,0.5,0.00670381149974392
5.89,0.00449702678744226,0.499325445981884,0.500674554018116,0.5,0.00674554018116336
5.9,0.00452413577628816,0.499321379633557,0.500678620366443,0.5,0.006786203664432
5.91,0.00455053035219328,0.499317420447171,0.500682579552829,0.5,0.00682579552828994
5.92,0.00457620634713206,0.49931356904793,0.50068643095207,0.5,0.006864309520698
5.93,0.00460115970655165,0.499309826044017,0.500690173955983,0.5,0.00690173955982726
5.94,0.0046253864900122,0.499306192026498,0.500693807973502,0.5,0.00693807973501825
5.95,0.00464888287180906,0.499302667569229,0.500697332430771,0.5,0.00697332430771386
5.96,0.00467164514157691,0.499299253228763,0.500700746771237,0.5,0.00700746771236549
5.97,0.00469366970487567,0.499295949544269,0.500704050455731,0.5,0.00704050455731325
5.98,0.00471495308375805,0.499292757037436,0.500707242962564,0.5,0.0070724296256372
5.99,0.00473549191731876,0.499289676212402,0.500710323787598,0.5,0.00710323787597833
6,0.00475528296222526,0.499286707555666,0.500713292444334,0.5,0.00713292444333796
6.01,0.00477432309322986,0.499283851536016,0.500716148463984,0.5,0.0071614846398449
6.02,0.00479260930366325,0.499281108604451,0.500718891395549,0.5,0.00718891395549481
6.03,0.00481013870590927,0.499278479194114,0.500721520805886,0.5,0.00721520805886389
6.04,0.00482690853186088,0.499275963720221,0.500724036279779,0.5,0.00724036279779128
6.05,0.00484291613335728,0.499273562579996,0.500726437420004,0.5,0.00726437420003584
6.06,0.00485815898260208,0.49927127615261,0.50072872384739,0.5,0.00728723847390311
6.07,0.00487263467256243,0.499269104799116,0.500730895200884,0.5,0.00730895200884346
6.08,0.00488634091734913,0.499267048862398,0.500732951137602,0.5,0.00732951137602383
6.09,0.00489927555257759,0.499265108667113,0.500734891332887,0.5,0.00734891332886622
6.1,0.00491143653570961,0.499263284519644,0.500736715480356,0.5,0.00736715480356448
6.11,0.00492282194637587,0.499261576708044,0.500738423291956,0.5,0.00738423291956392
6.12,0.00493342998667925,0.499259985501998,0.500740014498002,0.5,0.00740014498001873
6.13,0.00494325898147863,0.499258511152778,0.500741488847222,0.5,0.00741488847221805
6.14,0.0049523073786535,0.499257153893202,0.500742846106798,0.5,0.00742846106798006
6.15,0.00496057374934899,0.499255913937598,0.500744086062402,0.5,0.00744086062402366
6.16,0.00496805678820151,0.49925479148177,0.50074520851823,0.5,0.00745208518230234
6.17,0.00497475531354489,0.499253786702968,0.500746213297032,0.5,0.00746213297031728
6.18,0.00498066826759696,0.49925289975986,0.50074710024014,0.5,0.00747100240139548
6.19,0.00498579471662659,0.499252130792506,0.500747869207494,0.5,0.00747869207494006
6.2,0.00499013385110111,0.499251479922335,0.500748520077665,0.5,0.00748520077665155
6.21,0.00499368498581415,0.499250947252128,0.500749052747872,0.5,0.00749052747872098
6.22,0.00499644755999383,0.499250532866001,0.500749467133999,0.5,0.00749467133999066
6.23,0.00499842113739133,0.499250236829391,0.500749763170609,0.5,0.00749763170608708
6.24,0.00499960540634976,0.499250059189048,0.500749940810952,0.5,0.00749940810952476
6.25,0.00500000017985333,0.499249999973022,0.500750000026978,0.5,0.00750000026978004
6.26,0.00499960539555694,0.499250059190666,0.500749940809334,0.5,0.00749940809333549
6.27,0.00499842111579598,0.499250236832631,0.500749763167369,0.5,0.00749763167369411
6.28,0.00499644752757651,0.499250532870864,0.500749467129136,0.5,0.00749467129136483
6.29,0.00499368494254568,0.499250947258618,0.500749052741382,0.5,0.00749052741381845
6.3,0.00499013379694255,0.499251479930459,0.500748520069541,0.5,0.00748520069541403
6.31,0.0049857946515292,0.499252130802271,0.500747869197729,0.5,0.00747869197729401
6.32,0.00498066819150214,0.499252899771275,0.500747100228725,0.5,0.00747100228725345
6.33,0.00497475522638414,0.499253786716042,0.500746213283958,0.5,0.00746213283957631
6.34,0.00496805668989638,0.499254791496516,0.500745208503484,0.5,0.00745208503484474
6.35,0.00496057363981101,0.499255913954028,0.500744086045972,0.5,0.00744086045971648
6.36,0.00495230725778408,0.499257153911332,0.500742846088668,0.5,0.00742846088667592
6.37,0.00494325884916898,0.499258511172625,0.500741488827375,0.5,0.00741488827375347
6.38,0.00493342984281027,0.499259985523578,0.500740014476422,0.5,0.00740014476421552
6.39,0.00492282179081808,0.499261576731377,0.500738423268623,0.5,0.00738423268622723
6.4,0.00491143636832299,0.499263284544752,0.500736715455248,0.5,0.00736715455248449
6.41,0.00489927537321149,0.499265108694018,0.500734891305982,0.5,0.007348913059817
6.42,0.0048863407258421,0.499267048891124,0.500732951108876,0.5,0.00732951108876306
6.43,0.0048726344687421,0.499269104829689,0.500730895170311,0.5,0.0073089517031133
6.44,0.004858158766285,0.499271276185057,0.500728723814943,0.5,0.00728723814942739
6.45,0.00484291590434875,0.499273562614348,0.500726437385652,0.5,0.0072643738565234
6.46,0.00482690828995478,0.499275963756507,0.500724036243493,0.5,0.00724036243493237
6.47,0.00481013845088786,0.499278479232367,0.500721520767633,0.5,0.00721520767633183
6.48,0.004792609035297,0.499281108644705,0.500718891355295,0.5,0.00718891355294571
6.49,0.00477432281127723,0.499283851578308,0.500716148421692,0.5,0.0071614842169157
6.5,0.00475528266643246,0.499286707600035,0.500713292399965,0.5,0.00713292399964871
6.51,0.00473549160741957,0.499289676258887,0.500710323741113,0.5,0.00710323741112934
6.52,0.00471495275947353,0.499292757086079,0.500707242913921,0.5,0.00707242913921019
6.53,0.00469366936591395,0.499295949595113,0.500704050404887,0.5,0.0070405040488708
6.54,0.00467164478763289,0.499299253281855,0.500700746718145,0.5,0.00700746718144907
6.55,0.00464888250256416,0.499302667624615,0.500697332375385,0.5,0.00697332375384607
6.56,0.00462538610513409,0.49930619208423,0.50069380791577,0.5,0.00693807915770117
6.57,0.00460115930569391,0.499309826104146,0.500690173895854,0.5,0.00690173895854101
6.58,0.00457620592993389,0.49931356911051,0.50068643088949,0.5,0.00686430889490081
6.59,0.00455052991827918,0.499317420512258,0.500682579487742,0.5,0.00682579487741863
6.6,0.00452413532526756,0.49932137970121,0.50067862029879,0.5,0.0067862029879015
6.61,0.00449702631890924,0.499325446052164,0.500674553947836,0.5,0.00674553947836359
6.62,0.0044692071800286,0.499329618922996,0.500670381077004,0.5,0.00670381077004262
6.63,0.00444068230158824,0.499333897654762,0.500666102345238,0.5,0.00666102345238229
6.64,0.00441145618799529,0.499338281571801,0.500661718428199,0.5,0.00661718428199287
6.65,0.0043815334543901,0.499342769981841,0.500657230018159,0.5,0.00657230018158539
6.66,0.00435091882591742,0.499347362176112,0.500652637823888,0.5,0.00652637823887608
6.67,0.0043196171369803,0.499352057429453,0.500647942570547,0.5,0.00647942570547039
6.68,0.00428763333047663,0.499356855000428,0.500643144999572,0.5,0.00643144999571521
6.69,0.00425497245701863,0.499361754131447,0.500638245868553,0.5,0.00638245868552767
6.7,0.0042216396741353,0.49936675404888,0.50063324595112,0.5,0.0063324595112027
6.71,0.00418764024545795,0.499371853963181,0.500628146036819,0.5,0.00628146036818711
6.72,0.00415297953988904,0.499377053069017,0.500622946930983,0.5,0.00622946930983331
6.73,0.00411766303075438,0.499382350545387,0.500617649454613,0.5,0.00617649454613178
6.74,0.00408169629493878,0.499387745555759,0.500612254444241,0.5,0.00612254444240817
6.75,0.00404508501200544,0.499393237248199,0.500606762751801,0.5,0.00606762751800827
6.76,0.00400783496329905,0.499398824755505,0.500601175244495,0.5,0.00601175244494878
6.77,0.00396995203103285,0.499404507195345,0.500595492804655,0.5,0.00595492804654901
6.78,0.0039314421973598,0.499410283670396,0.500589716329604,0.5,0.00589716329603945
6.79,0.00389231154342786,0.499416153268486,0.500583846731514,0.5,0.00583846731514154
6.8,0.00385256624841976,0.499422115062737,0.500577884937263,0.5,0.00577884937262962
6.81,0.00381221258857722,0.499428168111713,0.500571831888287,0.5,0.00571831888286578
6.82,0.00377125693620984,0.499434311459569,0.500565688540431,0.5,0.00565688540431486
6.83,0.00372970575868884,0.499440544136197,0.500559455863803,0.5,0.00559455863803349
6.84,0.00368756561742582,0.499446865157386,0.500553134842614,0.5,0.00553134842613878
6.85,0.00364484316683661,0.499453273524974,0.500546726475026,0.5,0.00546726475025516
6.86,0.00360154515329045,0.499459768227006,0.500540231772994,0.5,0.0054023177299356
6.87,0.00355767841404467,0.499466348237893,0.500533651762107,0.5,0.00533651762106707
6.88,0.00351324987616501,0.499473012518575,0.500526987481425,0.5,0.00526987481424768
6.89,0.00346826655543177,0.499479760016685,0.500520239983315,0.5,0.00520239983314741
6.9,0.00342273555523191,0.499486589666715,0.500513410333285,0.5,0.00513410333284781
6.91,0.00337666406543733,0.499493500390184,0.500506499609816,0.5,0.00506499609815608
6.92,0.00333005936126957,0.49950049109581,0.50049950890419,0.5,0.00499508904190454
6.93,0.00328292880215088,0.499507560679677,0.500492439320323,0.5,0.00492439320322613
6.94,0.00323527983054215,0.499514708025419,0.500485291974581,0.5,0.00485291974581331
6.95,0.00318711997076764,0.499521932004385,0.500478067995615,0.5,0.00478067995615145
6.96,0.00313845682782679,0.499529231475826,0.500470768524174,0.5,0.0047076852417402
6.97,0.00308929808619328,0.499536605287071,0.500463394712929,0.5,0.00463394712928999
6.98,0.00303965150860163,0.49954405227371,0.50045594772629,0.5,0.00455947726290235
6.99,0.0029895249348213,0.499551571259777,0.500448428740223,0.5,0.00448428740223217
7,0.00293892628041877,0.499559161057937,0.500440838942063,0.5,0.00440838942062816
7.01,0.0028878635355075,0.499566820469674,0.500433179530326,0.5,0.0043317953032615
7.02,0.00283634476348625,0.499574548285477,0.500425451714523,0.5,0.00425451714522934
7.03,0.00278437809976579,0.499582343285035,0.500417656714965,0.5,0.00417656714964854
7.04,0.00273197175048416,0.499590204237427,0.500409795762573,0.5,0.00409795762572607
7.05,0.00267913399121091,0.499598129901318,0.500401870098682,0.5,0.00401870098681645
7.06,0.00262587316564019,0.499606119025154,0.500393880974846,0.5,0.0039388097484605
7.07,0.00257219768427329,0.499614170347359,0.500385829652641,0.5,0.00385829652641001
7.08,0.00251811602309043,0.499622282596536,0.500377717403464,0.5,0.00377717403463568
7.09,0.00246363672221239,0.499630454491668,0.500369545508332,0.5,0.00369545508331875
7.1,0.00240876838455182,0.499638684742317,0.500361315257683,0.5,0.00361315257682793
7.11,0.00235351967445487,0.499646972048832,0.500353027951168,0.5,0.00353027951168206
7.12,0.00229789931633288,0.49965531510255,0.50034468489745,0.5,0.00344684897449904
7.13,0.00224191609328472,0.499663712586007,0.500336287413993,0.5,0.0033628741399272
7.14,0.0021855788457099,0.499672163173144,0.500327836826856,0.5,0.0032783682685647
7.15,0.0021288964699125,0.499680665529513,0.500319334470487,0.5,0.00319334470486848
7.16,0.00207187791669633,0.499689218312496,0.500310781687504,0.5,0.00310781687504424
7.17,0.00201453218995155,0.499697820171507,0.500302179828493,0.5,0.0030217982849276
7.18,0.00195686834523282,0.499706469748215,0.500293530251785,0.5,0.00293530251784913
7.19,0.00189889548832933,0.499715165676751,0.500284834323249,0.5,0.00284834323249411
7.2,0.00184062277382688,0.499723906583926,0.500276093416074,0.5,0.00276093416074041
7.21,0.00178205940366228,0.499732691089451,0.500267308910549,0.5,0.00267308910549352
7.22,0.00172321462567023,0.499741517806149,0.50025848219385,0.5,0.00258482193850523
7.23,0.00166409773212301,0.499750385340182,0.500249614659818,0.5,0.00249614659818431
7.24,0.00160471805826312,0.499759292291261,0.50024070770874,0.5,0.0024070770873949
7.25,0.00154508498082911,0.499768237252876,0.500231762747124,0.5,0.00231762747124359
7.26,0.00148520791657491,0.499777218812514,0.500222781187486,0.5,0.00222781187486226
7.27,0.00142509632078279,0.499786235551883,0.500213764448117,0.5,0.00213764448117409
7.28,0.00136475968577031,0.499795286047134,0.500204713952866,0.5,0.00204713952865559
7.29,0.0013042075393913,0.499804368869091,0.500195631130909,0.5,0.00195631130908702
7.3,0.00124344944353138,0.49981348258347,0.50018651741653,0.5,0.00186517416529725
7.31,0.00118249499259794,0.49982262575111,0.50017737424889,0.5,0.00177374248889667
7.32,0.00112135381200518,0.499831796928199,0.500168203071801,0.5,0.00168203071800765
7.33,0.00106003555665403,0.499840994666502,0.500159005333498,0.5,0.00159005333498108
7.34,0.000998549909407619,0.499850217513589,0.500149782486411,0.5,0.00149782486411149
7.35,0.00093690657956218,0.499859464013066,0.500140535986934,0.5,0.00140535986934309
7.36,0.00087511530131389,0.499868732704803,0.500131267295197,0.5,0.00131267295197079
7.37,0.000813185832221674,0.499878022125167,0.500121977874833,0.5,0.00121977874833257
7.38,0.000751127951666402,0.49988733080725,0.50011266919275,0.5,0.00112669192749965
7.39,0.000688951459306625,0.499896657281104,0.500103342718896,0.5,0.00103342718896005
7.4,0.000626666173531078,0.49990600007397,0.50009399992603,0.5,0.000939999260296531
7.41,0.000564281929908226,0.499915357710514,0.500084642289486,0.5,0.000846422894862364
7.42,0.00050180857963314,0.499924728713055,0.500075271286945,0.5,0.000752712869449557
7.43,0.00043925598797186,0.499934111601804,0.500065888398196,0.5,0.000658883981957681
7.44,0.000376634032703584,0.499943504895094,0.500056495104906,0.5,0.000564951049055462
7.45,0.000313952602560829,0.499952907109616,0.500047092890384,0.5,0.000470928903840984
7.46,0.000251221595667876,0.49996231676065,0.50003768323935,0.5,0.000376832393501614
7.47,0.00018845091797775,0.499971732362303,0.500028267637697,0.5,0.000282676376966717
7.48,0.000125650481707988,0.499981152427744,0.500018847572256,0.5,0.000188475722562031
7.49,6.28302037753207e-05,0.499990575469434,0.500009424530566,0.5,9.42453056629322e-05
7.5,4.22974664350803e-12,0.499999999999366,0.500000000000634,0.5,6.34464702997661e-12
7.51,-6.28301953120203e-05,0.500009424529297,0.499990575470703,0.5,-9.42452929678095e-05
7.52,-0.000125650473233263,0.500018847570985,0.499981152429015,0.5,-0.000188475709849978
7.53,-0.000188450909483972,0.500028267636423,0.499971732363577,0.5,-0.000282676364226075
7.54,-0.000251221587147401,0.500037683238072,0.499962316761928,0.5,-0.000376832380721004
7.55,-0.000313952594005988,0.500047092889101,0.499952907110899,0.5,-0.000470928891008748
7.56,-0.000376634024106685,0.500056495103616,0.499943504896384,0.5,-0.000564951036160222
7.57,-0.000439255979325149,0.500065888396899,0.499934111603101,0.5,-0.000658883968987778
7.58,-0.000501808570928842,0.500075271285639,0.499924728714361,0.5,-0.000752712856393334
7.59,-0.000564281921138507,0.500084642288171,0.499915357711829,0.5,-0.000846422881707609
7.6,-0.000626666164688053,0.500093999924703,0.499906000075297,0.5,-0.000939999247031864
7.61,-0.000688951450382326,0.500103342717557,0.499896657282443,0.5,-0.00103342717557325
7.62,-0.000751127942652788,0.500112669191398,0.499887330808602,0.5,-0.00112669191397935
7.63,-0.000813185823110641,0.500121977873467,0.499878022126533,0.5,-0.00121977873466572
7.64,-0.000875115292097245,0.500131267293815,0.499868732706185,0.5,-0.00131267293814602
7.65,-0.00093690657023162,0.500140535985535,0.499859464014465,0.5,-0.00140535985534762
7.66,-0.000998549899954737,0.500149782484993,0.499850217515007,0.5,-0.00149782484993199
7.67,-0.00106003554707032,0.500159005332061,0.499840994667939,0.5,-0.00159005332060563
7.68,-0.00112135380228203,0.500168203070342,0.499831796929658,0.5,-0.00168203070342293
7.69,-0.0011824949827266,0.500177374247409,0.499822625752591,0.5,-0.00177374247408962
7.7,-0.00124344943350294,0.500186517415025,0.499813482584975,0.5,-0.00186517415025428
7.71,-0.00130420752919675,0.500195631129379,0.49980436887062,0.5,-0.00195631129379509
7.72,-0.00136475967540048,0.50020471395131,0.49979528604869,0.5,-0.00204713951310054
7.73,-0.00142509631022834,0.500213764446534,0.499786235553466,0.5,-0.00213764446534231
7.74,-0.00148520790582634,0.500222781185874,0.499777218814126,0.5,-0.00222781185873933
7.75,-0.00154508496987675,0.500231762745482,0.499768237254518,0.5,-0.00231762745481534
7.76,-0.0016047180470971,0.500240707707065,0.499759292292935,0.5,-0.00240707707064552
7.77,-0.0016640977207333,0.50024961465811,0.49975038534189,0.5,-0.0024961465811002
7.78,-0.00172321461404656,0.500258482192107,0.499741517807893,0.5,-0.00258482192107001
7.79,-0.0017820593917942,0.500267308908769,0.499732691091231,0.5,-0.00267308908769137
7.8,-0.0018406227617037,0.500276093414256,0.499723906585744,0.5,-0.00276093414255579
7.81,-0.00189889547594015,0.500284834321391,0.499715165678609,0.5,-0.00284834321391036
7.82,-0.00195686833256647,0.500293530249885,0.499706469750115,0.5,-0.00293530249884988
7.83,-0.00201453217699664,0.500302179826549,0.49969782017345,0.5,-0.00302179826549481
7.84,-0.00207187790344119,0.500310781685516,0.499689218314484,0.5,-0.00310781685516154
7.85,-0.00212889645634522,0.500319334468452,0.499680665531548,0.5,-0.00319334468451782
7.86,-0.00218557883181826,0.500327836824773,0.499672163175227,0.5,-0.00327836824772748
7.87,-0.00224191607905621,0.500336287411858,0.499663712588142,0.5,-0.00336287411858427
7.88,-0.00229789930175469,0.500344684895263,0.499655315104737,0.5,-0.00344684895263181
7.89,-0.00235351965951389,0.500353027948927,0.499646972051073,0.5,-0.00353027948927109
7.9,-0.0024087683692346,0.500361315255385,0.499638684744615,0.5,-0.00361315255385186
7.91,-0.00246363670650513,0.500369545505976,0.499630454494024,0.5,-0.00369545505975788
7.92,-0.00251811600697901,0.500377717401047,0.499622282598953,0.5,-0.00377717401046862
7.93,-0.00257219766774321,0.500385829650161,0.499614170349839,0.5,-0.00385829650161457
7.94,-0.00262587314867657,0.500393880972302,0.499606119027699,0.5,-0.00393880972301502
7.95,-0.00267913397379846,0.50040187009607,0.49959812990393,0.5,-0.00401870096069762
7.96,-0.00273197173260723,0.500409795759891,0.499590204240109,0.5,-0.00409795759891085
7.97,-0.00278437808140828,0.500417656712211,0.499582343287789,0.5,-0.00417656712211251
7.98,-0.00283634474463164,0.500425451711695,0.499574548288305,0.5,-0.00425451711694724
7.99,-0.00288786351613881,0.500433179527421,0.499566820472579,0.5,-0.00433179527420835
8,-0.00293892626051858,0.500440838939078,0.499559161060922,0.5,-0.00440838939077787
8.01,-0.0029895249143717,0.500448428737156,0.499551571262844,0.5,-0.00448428737155782
8.02,-0.0030396514875842,0.500455947723138,0.499544052276862,0.5,-0.00455947723137617
8.03,-0.00308929806458911,0.500463394709688,0.499536605290312,0.5,-0.00463394709688369
8.04,-0.00313845680561644,0.500470768520842,0.499529231479158,0.5,-0.00470768520842491
8.05,-0.00318711994793113,0.50047806799219,0.49952193200781,0.5,-0.00478067992189662
8.06,-0.00323527980705891,0.500485291971059,0.499514708028941,0.5,-0.00485291971058843
8.07,-0.00328292877799976,0.5004924393167,0.4995075606833,0.5,-0.00492439316699955
8.08,-0.00333005933642885,0.500499508900464,0.499500491099536,0.5,-0.00499508900464352
8.09,-0.00337666403988466,0.500506499605983,0.499493500394017,0.5,-0.00506499605982702
8.1,-0.00342273552894427,0.500513410329342,0.499486589670658,0.5,-0.00513410329341629
8.11,-0.00346826652838551,0.500520239979258,0.499479760020742,0.5,-0.00520239979257847
8.12,-0.00351324984833579,0.50052698747725,0.49947301252275,0.5,-0.00526987477250357
8.13,-0.00355767838540743,0.500533651757811,0.499466348242189,0.5,-0.00533651757811088
8.14,-0.00360154512381943,0.500540231768573,0.499459768231427,0.5,-0.00540231768572902
8.15,-0.00364484313650528,0.500546726470476,0.499453273529524,0.5,-0.00546726470475795
8.16,-0.00368756558620687,0.500553134837931,0.499446865162069,0.5,-0.00553134837931041
8.17,-0.00372970572655417,0.500559455858983,0.499440544141017,0.5,-0.00559455858983121
8.18,-0.00377125690313053,0.50056568853547,0.49943431146453,0.5,-0.00565688535469566
8.19,-0.0038122125545235,0.500571831883179,0.499428168116821,0.5,-0.00571831883178553
8.2,-0.00385256621336098,0.500577884932004,0.499422115067996,0.5,-0.00577884932004169
8.21,-0.00389231150733247,0.5005838467261,0.4994161532739,0.5,-0.00583846726099874
8.22,-0.0039314421601953,0.500589716324029,0.499410283675971,0.5,-0.00589716324029294
8.23,-0.0039699519927658,0.500595492798915,0.499404507201085,0.5,-0.00595492798914882
8.24,-0.004007834923895,0.500601175238584,0.499398824761416,0.5,-0.00601175238584273
8.25,-0.00404508497142892,0.500606762745714,0.499393237254286,0.5,-0.00606762745714362
8.26,-0.00408169625315328,0.500612254437973,0.499387745562027,0.5,-0.0061225443797297
8.27,-0.00411766298772229,0.500617649448158,0.499382350551842,0.5,-0.00617649448158342
8.28,-0.00415297949557162,0.500622946924336,0.499377053075664,0.5,-0.00622946924335732
8.29,-0.00418764019981531,0.500628146029972,0.499371853970028,0.5,-0.00628146029972299
8.3,-0.00422163962712636,0.500633245944069,0.499366754055931,0.5,-0.00633245944068966
8.31,-0.00425497240860109,0.50063824586129,0.49936175413871,0.5,-0.0063824586129016
8.32,-0.00428763328060689,0.500643144992091,0.499356855007909,0.5,-0.0064314499209106
8.33,-0.00431961708561349,0.500647942562842,0.499352057437158,0.5,-0.00647942562842035
8.34,-0.0043509187730073,0.500652637815951,0.499347362184049,0.5,-0.00652637815951068
8.35,-0.00438153339988905,0.500657230009983,0.499342769990017,0.5,-0.00657230009983384
8.36,-0.00441145613185426,0.500661718419778,0.499338281580222,0.5,-0.00661718419778135
8.37,-0.00444068224375669,0.500666102336564,0.499333897663436,0.5,-0.00666102336563501
8.38,-0.00446920712045448,0.500670381068068,0.499329618931932,0.5,-0.0067038106806816
8.39,-0.00449702625753894,0.500674553938631,0.499325446061369,0.5,-0.00674553938630834
8.4,-0.00452413526204584,0.500678620289307,0.499321379710693,0.5,-0.00678620289306875
8.41,-0.00455052985314912,0.500682579477972,0.499317420522028,0.5,-0.00682579477972345
8.42,-0.00457620586283688,0.500686430879426,0.499313569120574,0.5,-0.00686430879425548
8.43,-0.00460115923656956,0.500690173885485,0.499309826114515,0.5,-0.00690173885485423
8.44,-0.00462538603392017,0.500693807905088,0.499306192094912,0.5,-0.00693807905088023
8.45,-0.00464888242919659,0.50069733236438,0.499302667635621,0.5,-0.00697332364379494
8.46,-0.00467164471204563,0.500700746706807,0.499299253293193,0.5,-0.00700746706806865
8.47,-0.00469366928803895,0.500704050393206,0.499295949606794,0.5,-0.00704050393205868
8.48,-0.00471495267924071,0.500707242901886,0.499292757098114,0.5,-0.0070724290188609
8.49,-0.00473549152475672,0.500710323728713,0.499289676271287,0.5,-0.00710323728713491
8.5,-0.00475528258126518,0.50071329238719,0.49928670761281,0.5,-0.00713292387189757
8.51,-0.00477432272352885,0.500716148408529,0.499283851591471,0.5,-0.00716148408529321
8.52,-0.00479260894488856,0.500718891341733,0.499281108658267,0.5,-0.00718891341733308
8.53,-0.00481013835773797,0.500721520753661,0.499278479246339,0.5,-0.0072152075366072
8.54,-0.0048269081939796,0.500724036229097,0.499275963770903,0.5,-0.00724036229096919
8.55,-0.0048429158054619,0.500726437370819,0.499273562629181,0.5,-0.00726437370819261
8.56,-0.00485815866439747,0.50072872379966,0.49927127620034,0.5,-0.00728723799659603
8.57,-0.00487263436376219,0.500730895154564,0.499269104845436,0.5,-0.00730895154564343
8.58,-0.00488634061767531,0.500732951092651,0.499267048907349,0.5,-0.00732951092651285
8.59,-0.00489927526176048,0.500734891289264,0.499265108710736,0.5,-0.00734891289264072
8.6,-0.00491143625348744,0.500736715438023,0.499263284561977,0.5,-0.00736715438023117
8.61,-0.00492282167249463,0.500738423250874,0.499261576749126,0.5,-0.00738423250874171
8.62,-0.00493342972089242,0.500740014458134,0.499259985541866,0.5,-0.00740014458133875
8.63,-0.00494325872354699,0.500741488808532,0.499258511191468,0.5,-0.00741488808532059
8.64,-0.00495230712834489,0.500742846069252,0.499257153930748,0.5,-0.00742846069251707
8.65,-0.00496057350643811,0.500744086025966,0.499255913974034,0.5,-0.00744086025965734
8.66,-0.00496805655246974,0.50074520848287,0.49925479151713,0.5,-0.00745208482870435
8.67,-0.00497475508478004,0.500746213262717,0.499253786737283,0.5,-0.00746213262716983
8.68,-0.00498066804559314,0.500747100206839,0.499252899793161,0.5,-0.00747100206838991
8.69,-0.00498579450118398,0.500747869175178,0.499252130824822,0.5,-0.00747869175177579
8.7,-0.00499013364202579,0.500748520046304,0.499251479953696,0.5,-0.0074852004630388
8.71,-0.00499368478291793,0.500749052717438,0.499250947282562,0.5,-0.00749052717437665
8.72,-0.0049964473630941,0.500749467104464,0.499250532895536,0.5,-0.00749467104464108
8.73,-0.00499842094631087,0.500749763141947,0.499250236858053,0.5,-0.00749763141946636
8.74,-0.00499960522091658,0.500749940783138,0.499250059216862,0.5,-0.00749940783137504
8.75,-0.00499999999990053,0.500749999999985,0.499250000000015,0.5,-0.00749999999985068
8.76,-0.00499960522092255,0.500749940783138,0.499250059216862,0.5,-0.00749940783138392
8.77,-0.00499842094632282,0.500749763141948,0.499250236858052,0.5,-0.00749763141948412
8.78,-0.00499644736311203,0.500749467104467,0.499250532895533,0.5,-0.007494671044668
8.79,-0.00499368478294186,0.500749052717441,0.499250947282559,0.5,-0.00749052717441301
8.8,-0.00499013364205574,0.500748520046308,0.499251479953692,0.5,-0.00748520046308349
8.81,-0.00498579450121998,0.500747869175183,0.499252130824817,0.5,-0.00747869175182991
8.82,-0.00498066804563523,0.500747100206845,0.499252899793155,0.5,-0.00747100206845291
8.83,-0.00497475508482825,0.500746213262724,0.499253786737276,0.5,-0.00746213262724255
8.84,-0.00496805655252411,0.500745208482879,0.499254791517121,0.5,-0.00745208482878623
8.85,-0.0049605735064987,0.500744086025975,0.499255913974025,0.5,-0.00744086025974783
8.86,-0.00495230712841174,0.500742846069262,0.499257153930738,0.5,-0.00742846069261782
8.87,-0.00494325872362017,0.500741488808543,0.499258511191457,0.5,-0.0074148880854305
8.88,-0.00493342972097199,0.500740014458146,0.499259985541854,0.5,-0.00740014458145782
8.89,-0.00492282167258067,0.500738423250887,0.499261576749113,0.5,-0.00738423250887105
8.9,-0.00491143625358002,0.500736715438037,0.499263284561963,0.5,-0.00736715438036994
8.91,-0.00489927526185968,0.500734891289279,0.499265108710721,0.5,-0.00734891289278949
8.92,-0.00488634061778124,0.500732951092667,0.499267048907333,0.5,-0.00732951092667161
8.93,-0.00487263436387492,0.500730895154581,0.499269104845419,0.5,-0.00730895154581246
8.94,-0.00485815866451712,0.500728723799678,0.499271276200322,0.5,-0.00728723799677589
8.95,-0.00484291580558856,0.500726437370838,0.499273562629162,0.5,-0.00726437370838301
8.96,-0.00482690819411339,0.500724036229117,0.499275963770883,0.5,-0.00724036229116987
8.97,-0.00481013835787902,0.500721520753682,0.499278479246318,0.5,-0.00721520753681842
8.98,-0.00479260894503699,0.500718891341756,0.499281108658244,0.5,-0.0071889134175554
8.99,-0.00477432272368479,0.500716148408553,0.499283851591447,0.5,-0.00716148408552719
9,-0.00475528258142878,0.500713292387214,0.499286707612786,0.5,-0.00713292387214293
9.01,-0.00473549152492812,0.500710323728739,0.499289676271261,0.5,-0.00710323728739221
9.02,-0.00471495267942007,0.500707242901913,0.499292757098087,0.5,-0.00707242901913013
9.03,-0.00469366928822643,0.500704050393234,0.499295949606766,0.5,-0.00704050393233957
9.04,-0.00467164471224139,0.500700746706836,0.499299253293164,0.5,-0.00700746706836203
9.05,-0.00464888242940081,0.50069733236441,0.49930266763559,0.5,-0.00697332364410136
9.06,-0.00462538603413304,0.50069380790512,0.49930619209488,0.5,-0.0069380790511997
9.07,-0.00460115923679127,0.500690173885519,0.499309826114481,0.5,-0.00690173885518702
9.08,-0.00457620586306762,0.50068643087946,0.49931356912054,0.5,-0.00686430879460159
9.09,-0.00455052985338911,0.500682579478008,0.499317420521992,0.5,-0.00682579478008344
9.1,-0.00452413526229529,0.500678620289344,0.499321379710656,0.5,-0.00678620289344289
9.11,-0.00449702625779808,0.50067455393867,0.49932544606133,0.5,-0.00674553938669692
9.12,-0.00446920712072353,0.500670381068109,0.499329618931891,0.5,-0.00670381068108544
9.13,-0.00444068224403591,0.500666102336605,0.499333897663395,0.5,-0.00666102336605384
9.14,-0.00441145613214389,0.500661718419822,0.499338281580178,0.5,-0.00661718419821572
9.15,-0.00438153340018936,0.500657230010028,0.499342769989972,0.5,-0.00657230010028376
9.16,-0.00435091877331855,0.500652637815998,0.499347362184002,0.5,-0.00652637815997781
9.17,-0.00431961708593596,0.50064794256289,0.49935205743711,0.5,-0.00647942562890386
9.18,-0.00428763328094088,0.500643144992141,0.499356855007859,0.5,-0.00643144992141131
9.19,-0.00425497240894689,0.500638245861342,0.499361754138658,0.5,-0.00638245861342007
9.2,-0.00422163962748428,0.500633245944123,0.499366754055877,0.5,-0.00633245944122618
9.21,-0.00418764020018568,0.500628146030028,0.499371853969972,0.5,-0.00628146030027837
9.22,-0.00415297949595478,0.500622946924393,0.499377053075607,0.5,-0.00622946924393242
9.23,-0.00411766298811857,0.500617649448218,0.499382350551782,0.5,-0.00617649448217766
9.24,-0.00408169625356305,0.500612254438034,0.499387745561966,0.5,-0.00612254438034476
9.25,-0.00404508497185254,0.500606762745778,0.499393237254222,0.5,-0.00606762745777867
9.26,-0.00400783492433285,0.50060117523865,0.49939882476135,0.5,-0.00601175238649915
9.27,-0.00396995199321827,0.500595492798983,0.499404507201017,0.5,-0.00595492798982744
9.28,-0.00393144216066281,0.500589716324099,0.499410283675901,0.5,-0.00589716324099432
9.29,-0.00389231150781543,0.500583846726172,0.499416153273828,0.5,-0.00583846726172288
9.3,-0.00385256621385984,0.500577884932079,0.499422115067921,0.5,-0.00577884932078998
9.31,-0.0038122125550387,0.500571831883256,0.499428168116744,0.5,-0.00571831883255824
9.32,-0.00377125690366253,0.500565688535549,0.499434311464451,0.5,-0.00565688535549391
9.33,-0.00372970572710345,0.500559455859065,0.499440544140934,0.5,-0.005594558590655
9.34,-0.00368756558677393,0.500553134838016,0.499446865161984,0.5,-0.00553134838016112
9.35,-0.00364484313709062,0.500546726470564,0.499453273529436,0.5,-0.00546726470563613
9.36,-0.00360154512442358,0.500540231768664,0.499459768231336,0.5,-0.00540231768663552
9.37,-0.00355767838603094,0.500533651757905,0.499466348242095,0.5,-0.00533651757904652
9.38,-0.00351324984897922,0.500526987477347,0.499473012522653,0.5,-0.00526987477346891
9.39,-0.00346826652904944,0.500520239979357,0.499479760020643,0.5,-0.00520239979357434
9.4,-0.00342273552962929,0.500513410329444,0.499486589670556,0.5,-0.00513410329444408
9.41,-0.00337666404059139,0.500506499606089,0.499493500393911,0.5,-0.00506499606088728
9.42,-0.00333005933715793,0.500499508900574,0.499500491099426,0.5,-0.00499508900573709
9.43,-0.00328292877875185,0.500492439316813,0.499507560683187,0.5,-0.00492439316812754
9.44,-0.00323527980783467,0.500485291971175,0.499514708028825,0.5,-0.00485291971175195
9.45,-0.00318711994873126,0.50047806799231,0.49952193200769,0.5,-0.00478067992309678
9.46,-0.00313845680644168,0.500470768520966,0.499529231479034,0.5,-0.00470768520966253
9.47,-0.0030892980654402,0.500463394709816,0.499536605290184,0.5,-0.00463394709816045
9.48,-0.0030396514884619,0.500455947723269,0.499544052276731,0.5,-0.0045594772326929
9.49,-0.00298952491527679,0.500448428737292,0.499551571262708,0.5,-0.00448428737291534
9.5,-0.00293892626145188,0.500440838939218,0.499559161060782,0.5,-0.00440838939217758
9.51,-0.00288786351710117,0.500433179527565,0.499566820472435,0.5,-0.00433179527565164
9.52,-0.00283634474562391,0.500425451711844,0.499574548288156,0.5,-0.00425451711843605
9.53,-0.00278437808243136,0.500417656712365,0.499582343287635,0.5,-0.00417656712364711
9.54,-0.00273197173366205,0.500409795760049,0.499590204239951,0.5,-0.00409795760049292
9.55,-0.00267913397488595,0.500401870096233,0.499598129903767,0.5,-0.00401870096232909
9.56,-0.00262587314979772,0.50039388097247,0.49960611902753,0.5,-0.00393880972469646
9.57,-0.00257219766889904,0.500385829650335,0.499614170349665,0.5,-0.00385829650334846
9.58,-0.00251811600817055,0.500377717401226,0.499622282598774,0.5,-0.00377717401225608
9.59,-0.00246363670773346,0.50036954550616,0.49963045449384,0.5,-0.00369545506160002
9.6,-0.00240876837050081,0.500361315255575,0.499638684744425,0.5,-0.00361315255575145
9.61,-0.00235351966081913,0.500353027949123,0.499646972050877,0.5,-0.00353027949122869
9.62,-0.00229789930310012,0.500344684895465,0.499655315104535,0.5,-0.00344684895465019
9.63,-0.00224191608044306,0.500336287412066,0.499663712587934,0.5,-0.00336287412066483
9.64,-0.00218557883324777,0.500327836824987,0.499672163175013,0.5,-0.0032783682498716
9.65,-0.00212889645781868,0.500319334468673,0.499680665531327,0.5,-0.00319334468672827
9.66,-0.00207187790495994,0.500310781685744,0.499689218314256,0.5,-0.00310781685743972
9.67,-0.00201453217856202,0.500302179826784,0.499697820173216,0.5,-0.00302179826784293
9.68,-0.0019568683341799,0.500293530250127,0.499706469749873,0.5,-0.00293530250126989
9.69,-0.00189889547760308,0.500284834321641,0.49971516567836,0.5,-0.00284834321640476
9.7,-0.00184062276341763,0.500276093414513,0.499723906585487,0.5,-0.00276093414512624
9.71,-0.00178205939356067,0.500267308909034,0.499732691090966,0.5,-0.0026730890903412
9.72,-0.00172321461586717,0.50025848219238,0.49974151780762,0.5,-0.00258482192380088
9.73,-0.00166409772260968,0.500249614658391,0.499750385341609,0.5,-0.00249614658391462
9.74,-0.00160471804903094,0.500240707707355,0.499759292292645,0.5,-0.00240707707354626
9.75,-0.00154508497186979,0.500231762745781,0.49976823725422,0.5,-0.00231762745780489
9.76,-0.00148520790788037,0.500222781186182,0.499777218813818,0.5,-0.00222781186182047
9.77,-0.00142509631234522,0.500213764446852,0.499786235553148,0.5,-0.00213764446851755
9.78,-0.0013647596775821,0.500204713951637,0.499795286048363,0.5,-0.0020471395163732
9.79,-0.00130420753144509,0.500195631129717,0.499804368870283,0.5,-0.00195631129716767
9.8,-0.00124344943582001,0.500186517415373,0.499813482584627,0.5,-0.00186517415373011
9.81,-0.00118249498511449,0.500177374247767,0.499822625752233,0.5,-0.00177374247767176
9.82,-0.00112135380474289,0.500168203070711,0.499831796929289,0.5,-0.00168203070711415
9.83,-0.00106003554960638,0.500159005332441,0.499840994667559,0.5,-0.00159005332440953
9.84,-0.000998549902568257,0.500149782485385,0.499850217514615,0.5,-0.00149782485385219
9.85,-0.00093690657292496,0.500140535985939,0.499859464014061,0.5,-0.00140535985938745
9.86,-0.000875115294872829,0.500131267294231,0.499868732705769,0.5,-0.00131267294230936
9.87,-0.000813185825970959,0.500121977873896,0.499878022126104,0.5,-0.00121977873895646
9.88,-0.000751127945600432,0.50011266919184,0.49988733080816,0.5,-0.00112669191840054
9.89,-0.000688951453419931,0.500103342718013,0.499896657281987,0.5,-0.00103342718013016
9.9,-0.000626666167818362,0.500093999925173,0.499906000074827,0.5,-0.000939999251727552
9.91,-0.000564281924364347,0.500084642288655,0.499915357711345,0.5,-0.000846422886546794
9.92,-0.000501808574253107,0.500075271286138,0.499924728713862,0.5,-0.000752712861379623
9.93,-0.000439255982750831,0.500065888397413,0.499934111602587,0.5,-0.000658883974126168
9.94,-0.000376634027636868,0.500056495104146,0.499943504895854,0.5,-0.000564951041455153
9.95,-0.000313952597643841,0.500047092889647,0.499952907110353,0.5,-0.000470928896465495
9.96,-0.000251221590896206,0.500037683238634,0.499962316761366,0.5,-0.000376832386344284
9.97,-0.000188450913347113,0.500028267637002,0.499971732362998,0.5,-0.000282676370020607
9.98,-0.000125650477214207,0.500018847571582,0.499981152428418,0.5,-0.000188475715821035
9.99,-6.28301994143509e-05,0.500009424529912,0.499990575470088,0.5,-9.42452991214981e-05
10,2.33695644861175e-15,0.5,0.5,0.5,3.33066907387547e-15
10.01,6.28301994190269e-05,0.499990575470087,0.500009424529913,0.5,9.4245299128437e-05
10.02,0.000125650477218889,0.499981152428417,0.500018847571583,0.5,0.000188475715828529
10.03,0.000188450913351805,0.499971732362997,0.500028267637003,0.5,0.000282676370027823
10.04,0.000251221590900922,0.499962316761365,0.500037683238635,0.5,0.0003768323863515
10.05,0.000313952597648585,0.499952907110353,0.500047092889647,0.5,0.000470928896472989
10.06,0.000376634027641618,0.499943504895854,0.500056495104146,0.5,0.000564951041462647
10.07,0.000439255982755609,0.499934111602587,0.500065888397413,0.5,0.000658883974133662
10.08,0.000501808574257916,0.499924728713861,0.500075271286139,0.5,0.000752712861387117
10.09,0.000564281924369192,0.499915357711345,0.500084642288655,0.5,0.000846422886553733
10.1,0.000626666167823248,0.499906000074826,0.500093999925173,0.5,0.000939999251734769
10.11,0.000688951453424862,0.499896657281986,0.500103342718014,0.5,0.0010334271801371
10.12,0.000751127945605421,0.499887330808159,0.500112669191841,0.5,0.00112669191840831
10.13,0.000813185825976002,0.499878022126104,0.500121977873896,0.5,0.00121977873896423
10.14,0.000875115294877922,0.499868732705768,0.500131267294232,0.5,0.00131267294231713
10.15,0.000936906572930116,0.499859464014061,0.50014053598594,0.5,0.00140535985939522
10.16,0.00099854990257348,0.499850217514614,0.500149782485386,0.5,0.00149782485385996
10.17,0.00106003554961167,0.499840994667558,0.500159005332442,0.5,0.00159005332441731
10.18,0.00112135380474827,0.499831796929288,0.500168203070712,0.5,0.0016820307071222
10.19,0.00118249498511994,0.499822625752232,0.500177374247768,0.5,0.00177374247767981
10.2,0.00124344943582557,0.499813482584626,0.500186517415374,0.5,0.00186517415373816
10.21,0.00130420753145073,0.499804368870282,0.500195631129718,0.5,0.00195631129717627
10.22,0.00136475967758784,0.499795286048362,0.500204713951638,0.5,0.00204713951638152
10.23,0.00142509631235105,0.499786235553147,0.500213764446853,0.5,0.00213764446852643
10.24,0.00148520790788631,0.499777218813817,0.500222781186183,0.5,0.00222781186182935
10.25,0.00154508497187584,0.499768237254219,0.500231762745781,0.5,0.00231762745781378
10.26,0.00160471804903711,0.499759292292644,0.500240707707356,0.5,0.00240707707355542
10.27,0.00166409772261597,0.499750385341608,0.500249614658392,0.5,0.00249614658392378
10.28,0.00172321461587359,0.499741517807619,0.500258482192381,0.5,0.00258482192381032
10.29,0.00178205939356723,0.499732691090965,0.500267308909035,0.5,0.00267308909035063
10.3,0.00184062276342435,0.499723906585486,0.500276093414514,0.5,0.00276093414513651
10.31,0.00189889547760993,0.499715165678358,0.500284834321642,0.5,0.00284834321641503
10.32,0.0019568683341869,0.499706469749872,0.500293530250128,0.5,0.00293530250128016
10.33,0.00201453217856918,0.499697820173215,0.500302179826785,0.5,0.00302179826785376
10.34,0.00207187790496726,0.499689218314255,0.500310781685745,0.5,0.00310781685745082
10.35,0.00212889645782618,0.499680665531326,0.500319334468674,0.5,0.00319334468673937
10.36,0.00218557883325545,0.499672163175012,0.500327836824988,0.5,0.00327836824988298
10.37,0.00224191608045094,0.499663712587932,0.500336287412068,0.5,0.00336287412067621
10.38,0.00229789930310819,0.499655315104534,0.500344684895466,0.5,0.00344684895466241
10.39,0.00235351966082739,0.499646972050876,0.500353027949124,0.5,0.00353027949124091
10.4,0.00240876837050928,0.499638684744424,0.500361315255576,0.5,0.00361315255576367
10.41,0.00246363670774214,0.499630454493839,0.500369545506161,0.5,0.00369545506161306
10.42,0.00251811600817946,0.499622282598773,0.500377717401227,0.5,0.0037771740122694
10.43,0.00257219766890817,0.499614170349664,0.500385829650336,0.5,0.00385829650336206
10.44,0.0026258731498071,0.499606119027529,0.500393880972471,0.5,0.00393880972471061
10.45,0.0026791339748956,0.499598129903766,0.500401870096234,0.5,0.00401870096234352
10.46,0.00273197173367194,0.499590204239949,0.500409795760051,0.5,0.00409795760050763
10.47,0.00278437808244151,0.499582343287634,0.500417656712366,0.5,0.00417656712366238
10.48,0.00283634474563433,0.499574548288155,0.500425451711845,0.5,0.0042545171184516
10.49,0.00288786351711188,0.499566820472433,0.500433179527567,0.5,0.00433179527566802
10.5,0.00293892626146289,0.499559161060781,0.500440838939219,0.5,0.00440838939219423
10.51,0.0029895249152881,0.499551571262707,0.500448428737293,0.5,0.00448428737293227
10.52,0.00303965148847352,0.499544052276729,0.500455947723271,0.5,0.00455947723271038
10.53,0.00308929806545214,0.499536605290182,0.500463394709818,0.5,0.00463394709817821
10.54,0.00313845680645397,0.499529231479032,0.500470768520968,0.5,0.00470768520968085
10.55,0.0031871199487439,0.499521932007688,0.500478067992312,0.5,0.00478067992311565
10.56,0.00323527980784766,0.499514708028823,0.500485291971177,0.5,0.00485291971177165
10.57,0.0032829287787652,0.499507560683185,0.500492439316815,0.5,0.0049243931681478
10.58,0.00333005933717167,0.499500491099424,0.500499508900576,0.5,0.00499508900575735
10.59,0.00337666404060552,0.499493500393909,0.500506499606091,0.5,0.00506499606090838
10.6,0.00342273552964383,0.499486589670553,0.500513410329447,0.5,0.00513410329446601
10.61,0.00346826652906439,0.49947976002064,0.50052023997936,0.5,0.00520239979359682
10.62,0.00351324984899461,0.499473012522651,0.500526987477349,0.5,0.00526987477349167
10.63,0.00355767838604678,0.499466348242093,0.500533651757907,0.5,0.00533651757907011
10.64,0.00360154512443988,0.499459768231334,0.500540231768666,0.5,0.00540231768665994
10.65,0.00364484313710739,0.499453273529434,0.500546726470566,0.5,0.00546726470566083
10.66,0.00368756558679119,0.499446865161981,0.500553134838019,0.5,0.00553134838018665
10.67,0.00372970572712122,0.499440544140932,0.500559455859068,0.5,0.00559455859068164
10.68,0.00377125690368082,0.499434311464448,0.500565688535552,0.5,0.00565688535552139
10.69,0.00381221255505753,0.499428168116741,0.500571831883259,0.5,0.00571831883258628
10.7,0.00385256621387924,0.499422115067918,0.500577884932082,0.5,0.00577884932081885
10.71,0.0038923115078354,0.499416153273825,0.500583846726175,0.5,0.00583846726175286
10.72,0.00393144216068336,0.499410283675898,0.500589716324103,0.5,0.00589716324102513
10.73,0.00396995199323944,0.499404507201014,0.500595492798986,0.5,0.00595492798985936
10.74,0.00400783492435464,0.499398824761347,0.500601175238653,0.5,0.00601175238653218
10.75,0.00404508497187498,0.499393237254219,0.500606762745781,0.5,0.00606762745781225
10.76,0.00408169625358616,0.499387745561962,0.500612254438038,0.5,0.00612254438037918
10.77,0.00411766298814237,0.499382350551779,0.500617649448221,0.5,0.00617649448221375
10.78,0.00415297949597929,0.499377053075603,0.500622946924397,0.5,0.00622946924396905
10.79,0.00418764020021093,0.499371853969968,0.500628146030032,0.5,0.00628146030031612
10.8,0.00422163962751029,0.499366754055873,0.500633245944127,0.5,0.00633245944126531
10.81,0.00425497240897367,0.499361754138654,0.500638245861346,0.5,0.0063824586134606
10.82,0.00428763328096846,0.499356855007855,0.500643144992145,0.5,0.00643144992145267
10.83,0.00431961708596437,0.499352057437105,0.500647942562895,0.5,0.0064794256289466
10.84,0.00435091877334782,0.499347362183998,0.500652637816002,0.5,0.00652637816002194
10.85,0.0043815334002195,0.499342769989967,0.500657230010033,0.5,0.00657230010032928
10.86,0.00441145613217494,0.499338281580174,0.500661718419826,0.5,0.00661718419826235
10.87,0.0044406822440679,0.49933389766339,0.50066610233661,0.5,0.00666102336610158
10.88,0.00446920712075649,0.499329618931887,0.500670381068113,0.5,0.00670381068113457
10.89,0.00449702625783202,0.499325446061325,0.500674553938675,0.5,0.00674553938674799
10.9,0.00452413526233026,0.49932137971065,0.50067862028935,0.5,0.00678620289349535
10.91,0.00455052985342513,0.499317420521986,0.500682579478014,0.5,0.00682579478013756
10.92,0.00457620586310473,0.499313569120534,0.500686430879466,0.5,0.0068643087946571
10.93,0.00460115923682949,0.499309826114476,0.500690173885524,0.5,0.0069017388552442
10.94,0.00462538603417243,0.499306192094874,0.500693807905126,0.5,0.00693807905125854
10.95,0.0046488824294414,0.499302667635584,0.500697332364416,0.5,0.00697332364416187
10.96,0.00467164471228319,0.499299253293157,0.500700746706843,0.5,0.00700746706842503
10.97,0.0046936692882695,0.49929594960676,0.50070405039324,0.5,0.00704050393240424
10.98,0.00471495267946445,0.49929275709808,0.50070724290192,0.5,0.00707242901919675
10.99,0.00473549152497384,0.499289676271254,0.500710323728746,0.5,0.00710323728746104
11,0.00475528258147588,0.499286707612779,0.500713292387221,0.5,0.00713292387221398
11.01,0.00477432272373333,0.49928385159144,0.50071614840856,0.5,0.00716148408560019
11.02,0.00479260894508699,0.499281108658237,0.500718891341763,0.5,0.00718891341763062
11.03,0.00481013835793053,0.49927847924631,0.50072152075369,0.5,0.00721520753689586
11.04,0.00482690819416647,0.499275963770875,0.500724036229125,0.5,0.0072403622912498
11.05,0.00484291580564326,0.499273562629154,0.500726437370846,0.5,0.00726437370846461
11.06,0.00485815866457347,0.499271276200314,0.500728723799686,0.5,0.00728723799686026
11.07,0.00487263436393298,0.49926910484541,0.50073089515459,0.5,0.00730895154589933
11.08,0.00488634061784106,0.499267048907324,0.500732951092676,0.5,0.00732951092676154
11.09,0.00489927526192132,0.499265108710712,0.500734891289288,0.5,0.00734891289288192
11.1,0.00491143625364353,0.499263284561953,0.500736715438047,0.5,0.00736715438046542
11.11,0.00492282167264611,0.499261576749103,0.500738423250897,0.5,0.00738423250896902
11.12,0.00493342972103942,0.499259985541844,0.500740014458156,0.5,0.00740014458155941
11.13,0.00494325872368965,0.499258511191447,0.500741488808553,0.5,0.00741488808553431
11.14,0.00495230712848333,0.499257153930728,0.500742846069273,0.5,0.00742846069272524
11.15,0.00496057350657246,0.499255913974014,0.500744086025986,0.5,0.00744086025985857
11.16,0.00496805655260011,0.49925479151711,0.50074520848289,0.5,0.00745208482890031
11.17,0.00497475508490657,0.499253786737264,0.500746213262736,0.5,0.00746213262735967
11.18,0.00498066804571593,0.499252899793143,0.500747100206857,0.5,0.00747100206857393
11.19,0.00498579450130314,0.499252130824805,0.500747869175195,0.5,0.00747869175195454
11.2,0.00499013364214142,0.499251479953679,0.500748520046321,0.5,0.00748520046321199
11.21,0.00499368478303015,0.499250947282545,0.500749052717455,0.5,0.00749052717454513
11.22,0.00499644736320301,0.49925053289552,0.50074946710448,0.5,0.00749467104480428
11.23,0.00499842094641656,0.499250236858038,0.500749763141963,0.5,0.00749763141962484
11.24,0.00499960522101914,0.499250059216847,0.500749940783153,0.5,0.00749940783152853
11.25,0.00500000000000005,0.49925,0.50075,0.5,0.00750000000000028
11.26,0.00499960522101913,0.499250059216847,0.500749940783153,0.5,0.00749940783152853
11.27,0.00499842094641655,0.499250236858038,0.500749763141963,0.5,0.00749763141962484
11.28,0.004996447363203,0.49925053289552,0.50074946710448,0.5,0.00749467104480428
11.29,0.00499368478303014,0.499250947282545,0.500749052717455,0.5,0.00749052717454513
11.3,0.00499013364214141,0.499251479953679,0.500748520046321,0.5,0.00748520046321199
11.31,0.00498579450130312,0.499252130824805,0.500747869175195,0.5,0.00747869175195454
11.32,0.00498066804571591,0.499252899793143,0.500747100206857,0.5,0.00747100206857393
11.33,0.00497475508490654,0.499253786737264,0.500746213262736,0.5,0.00746213262735967
11.34,0.00496805655260008,0.49925479151711,0.50074520848289,0.5,0.00745208482890031
11.35,0.00496057350657243,0.499255913974014,0.500744086025986,0.5,0.00744086025985857
11.36,0.0049523071284833,0.499257153930728,0.500742846069272,0.5,0.00742846069272468
11.37,0.00494325872368961,0.499258511191447,0.500741488808553,0.5,0.00741488808553431
11.38,0.00493342972103938,0.499259985541844,0.500740014458156,0.5,0.00740014458155885
11.39,0.00492282167264606,0.499261576749103,0.500738423250897,0.5,0.00738423250896902
11.4,0.00491143625364348,0.499263284561953,0.500736715438047,0.5,0.00736715438046542
11.41,0.00489927526192127,0.499265108710712,0.500734891289288,0.5,0.00734891289288164
11.42,0.004886340617841,0.499267048907324,0.500732951092676,0.5,0.00732951092676126
11.43,0.00487263436393292,0.49926910484541,0.50073089515459,0.5,0.00730895154589933
11.44,0.0048581586645734,0.499271276200314,0.500728723799686,0.5,0.00728723799686026
11.45,0.00484291580564318,0.499273562629154,0.500726437370846,0.5,0.00726437370846461
11.46,0.0048269081941664,0.499275963770875,0.500724036229125,0.5,0.0072403622912498
11.47,0.00481013835793046,0.49927847924631,0.50072152075369,0.5,0.00721520753689586
11.48,0.00479260894508691,0.499281108658237,0.500718891341763,0.5,0.00718891341763062
11.49,0.00477432272373324,0.49928385159144,0.50071614840856,0.5,0.00716148408559963
11.5,0.0047552825814758,0.499286707612779,0.500713292387221,0.5,0.0071329238722137
11.51,0.00473549152497375,0.499289676271254,0.500710323728746,0.5,0.00710323728746048
11.52,0.00471495267946435,0.49929275709808,0.50070724290192,0.5,0.00707242901919675
11.53,0.0046936692882694,0.49929594960676,0.50070405039324,0.5,0.00704050393240396
11.54,0.00467164471228308,0.499299253293158,0.500700746706843,0.5,0.00700746706842476
11.55,0.00464888242944128,0.499302667635584,0.500697332364416,0.5,0.00697332364416187
11.56,0.00462538603417231,0.499306192094874,0.500693807905126,0.5,0.00693807905125854
11.57,0.00460115923682937,0.499309826114476,0.500690173885524,0.5,0.00690173885524392
11.58,0.00457620586310461,0.499313569120534,0.500686430879466,0.5,0.0068643087946571
11.59,0.004550529853425,0.499317420521986,0.500682579478014,0.5,0.00682579478013756
11.6,0.00452413526233012,0.49932137971065,0.50067862028935,0.5,0.00678620289349507
11.61,0.00449702625783188,0.499325446061325,0.500674553938675,0.5,0.00674553938674771
11.62,0.00446920712075634,0.499329618931887,0.500670381068113,0.5,0.00670381068113457
11.63,0.00444068224406774,0.49933389766339,0.50066610233661,0.5,0.00666102336610158
11.64,0.00441145613217478,0.499338281580174,0.500661718419826,0.5,0.00661718419826207
11.65,0.00438153340021933,0.499342769989967,0.500657230010033,0.5,0.00657230010032928
11.66,0.00435091877334765,0.499347362183998,0.500652637816002,0.5,0.00652637816002138
11.67,0.0043196170859642,0.499352057437105,0.500647942562895,0.5,0.00647942562894605
11.68,0.00428763328096828,0.499356855007855,0.500643144992145,0.5,0.00643144992145239
11.69,0.00425497240897348,0.499361754138654,0.500638245861346,0.5,0.00638245861346004
11.7,0.00422163962751009,0.499366754055873,0.500633245944127,0.5,0.00633245944126504
11.71,0.00418764020021072,0.499371853969968,0.500628146030032,0.5,0.00628146030031584
11.72,0.00415297949597908,0.499377053075603,0.500622946924397,0.5,0.00622946924396878
11.73,0.00411766298814215,0.499382350551779,0.500617649448221,0.5,0.00617649448221319
11.74,0.00408169625358593,0.499387745561962,0.500612254438038,0.5,0.0061225443803789
11.75,0.00404508497187475,0.499393237254219,0.500606762745781,0.5,0.00606762745781197
11.76,0.0040078349243544,0.499398824761347,0.500601175238653,0.5,0.00601175238653134
11.77,0.00396995199323919,0.499404507201014,0.500595492798986,0.5,0.00595492798985853
11.78,0.00393144216068311,0.499410283675898,0.500589716324102,0.5,0.00589716324102457
11.79,0.00389231150783513,0.499416153273825,0.500583846726175,0.5,0.00583846726175286
11.8,0.00385256621387895,0.499422115067918,0.500577884932082,0.5,0.00577884932081857
11.81,0.00381221255505725,0.499428168116741,0.500571831883259,0.5,0.005718318832586
11.82,0.00377125690368053,0.499434311464448,0.500565688535552,0.5,0.00565688535552056
11.83,0.00372970572712092,0.499440544140932,0.500559455859068,0.5,0.00559455859068136
11.84,0.00368756558679088,0.499446865161981,0.500553134838019,0.5,0.00553134838018637
11.85,0.00364484313710707,0.499453273529434,0.500546726470566,0.5,0.00546726470566083
11.86,0.00360154512443955,0.499459768231334,0.500540231768666,0.5,0.00540231768665911
11.87,0.00355767838604643,0.499466348242093,0.500533651757907,0.5,0.00533651757906983
11.88,0.00351324984899425,0.499473012522651,0.500526987477349,0.5,0.00526987477349139
11.89,0.00346826652906403,0.49947976002064,0.50052023997936,0.5,0.00520239979359599
11.9,0.00342273552964345,0.499486589670553,0.500513410329447,0.5,0.00513410329446518
11.91,0.00337666404060513,0.499493500393909,0.500506499606091,0.5,0.00506499606090755
11.92,0.00333005933717127,0.499500491099424,0.500499508900576,0.5,0.00499508900575707
11.93,0.00328292877876479,0.499507560683185,0.500492439316815,0.5,0.00492439316814725
11.94,0.00323527980784723,0.499514708028823,0.500485291971177,0.5,0.00485291971177082
11.95,0.00318711994874345,0.499521932007688,0.500478067992312,0.5,0.00478067992311537
11.96,0.00313845680645351,0.499529231479032,0.500470768520968,0.5,0.00470768520968029
11.97,0.00308929806545168,0.499536605290182,0.500463394709818,0.5,0.00463394709817738
11.98,0.00303965148847304,0.499544052276729,0.500455947723271,0.5,0.00455947723270955
11.99,0.0029895249152876,0.499551571262707,0.500448428737293,0.5,0.00448428737293116
12,0.00293892626146237,0.499559161060781,0.500440838939219,0.5,0.0044083893921934
12.01,0.00288786351711135,0.499566820472433,0.500433179527567,0.5,0.00433179527566718
12.02,0.00283634474563379,0.499574548288155,0.500425451711845,0.5,0.00425451711845048
12.03,0.00278437808244094,0.499582343287634,0.500417656712366,0.5,0.00417656712366155
12.04,0.00273197173367135,0.499590204239949,0.500409795760051,0.5,0.00409795760050707
12.05,0.00267913397489498,0.499598129903766,0.500401870096234,0.5,0.00401870096234269
12.06,0.00262587314980648,0.499606119027529,0.500393880972471,0.5,0.0039388097247095
12.07,0.00257219766890754,0.499614170349664,0.500385829650336,0.5,0.0038582965033615
12.08,0.00251811600817881,0.499622282598773,0.500377717401227,0.5,0.00377717401226829
12.09,0.00246363670774146,0.499630454493839,0.500369545506161,0.5,0.00369545506161195
12.1,0.00240876837050859,0.499638684744424,0.500361315255576,0.5,0.00361315255576283
12.11,0.00235351966082668,0.499646972050876,0.500353027949124,0.5,0.0035302794912398
12.12,0.00229789930310744,0.499655315104534,0.500344684895466,0.5,0.0034468489546613
12.13,0.00224191608045017,0.499663712587932,0.500336287412067,0.5,0.0033628741206751
12.14,0.00218557883325466,0.499672163175012,0.500327836824988,0.5,0.00327836824988187
12.15,0.00212889645782537,0.499680665531326,0.500319334468674,0.5,0.00319334468673826
12.16,0.00207187790496643,0.499689218314255,0.500310781685745,0.5,0.00310781685744943
12.17,0.00201453217856832,0.499697820173215,0.500302179826785,0.5,0.00302179826785265
12.18,0.00195686833418602,0.499706469749872,0.500293530250128,0.5,0.00293530250127905
12.19,0.00189889547760901,0.499715165678359,0.500284834321641,0.5,0.00284834321641364
12.2,0.00184062276342339,0.499723906585486,0.500276093414514,0.5,0.00276093414513512
12.21,0.00178205939356625,0.499732691090965,0.500267308909035,0.5,0.00267308909034925
12.22,0.00172321461587259,0.499741517807619,0.500258482192381,0.5,0.00258482192380893
12.23,0.00166409772261494,0.499750385341608,0.500249614658392,0.5,0.00249614658392239
12.24,0.00160471804903605,0.499759292292645,0.500240707707355,0.5,0.00240707707355403
12.25,0.00154508497187474,0.499768237254219,0.500231762745781,0.5,0.00231762745781211
12.26,0.00148520790788518,0.499777218813817,0.500222781186183,0.5,0.00222781186182797
12.27,0.00142509631234989,0.499786235553147,0.500213764446853,0.5,0.00213764446852505
12.28,0.00136475967758663,0.499795286048362,0.500204713951638,0.5,0.00204713951638014
12.29,0.00130420753144949,0.499804368870283,0.500195631129717,0.5,0.00195631129717433
12.3,0.00124344943582427,0.499813482584626,0.500186517415374,0.5,0.00186517415373649
12.31,0.00118249498511863,0.499822625752232,0.500177374247768,0.5,0.00177374247767786
12.32,0.00112135380474691,0.499831796929288,0.500168203070712,0.5,0.00168203070712053
12.33,0.00106003554961027,0.499840994667558,0.500159005332442,0.5,0.00159005332441536
12.34,0.00099854990257204,0.499850217514614,0.500149782485386,0.5,0.00149782485385802
12.35,0.000936906572928632,0.499859464014061,0.500140535985939,0.5,0.001405359859393
12.36,0.000875115294876393,0.499868732705769,0.500131267294231,0.5,0.00131267294231435
12.37,0.000813185825974417,0.499878022126104,0.500121977873896,0.5,0.00121977873896145
12.38,0.000751127945603788,0.499887330808159,0.500112669191841,0.5,0.00112669191840581
12.39,0.000688951453423188,0.499896657281987,0.500103342718013,0.5,0.00103342718013488
12.4,0.000626666167821523,0.499906000074827,0.500093999925173,0.5,0.000939999251732271
12.41,0.000564281924367414,0.499915357711345,0.500084642288655,0.5,0.000846422886551235
12.42,0.000501808574256083,0.499924728713862,0.500075271286138,0.5,0.000752712861384064
12.43,0.00043925598275372,0.499934111602587,0.500065888397413,0.5,0.000658883974130609
12.44,0.000376634027639671,0.499943504895854,0.500056495104146,0.5,0.000564951041459594
12.45,0.000313952597646561,0.499952907110353,0.500047092889647,0.5,0.000470928896469935
12.46,0.000251221590898846,0.499962316761365,0.500037683238635,0.5,0.000376832386348447
12.47,0.000188450913349674,0.499971732362998,0.500028267637002,0.5,0.00028267637002477
12.48,0.000125650477216693,0.499981152428418,0.500018847571583,0.5,0.000188475715825198
12.49,6.28301994167635e-05,0.499990575470087,0.500009424529912,0.5,9.42452991251064e-05
12.5,4.35550574931885e-18,0.5,0.5,0.5,0
12.51,-6.28301994167548e-05,0.500009424529912,0.499990575470087,0.5,-9.42452991251064e-05
12.52,-0.000125650477216684,0.500018847571583,0.499981152428418,0.5,-0.000188475715825198
12.53,-0.000188450913349674,0.500028267637002,0.499971732362998,0.5,-0.00028267637002477
12.54,-0.000251221590898846,0.500037683238635,0.499962316761365,0.5,-0.000376832386348447
12.55,-0.00031395259764657,0.500047092889647,0.499952907110353,0.5,-0.000470928896469935
12.56,-0.000376634027639663,0.500056495104146,0.499943504895854,0.5,-0.000564951041459594
12.57,-0.000439255982753711,0.500065888397413,0.499934111602587,0.5,-0.000658883974130609
12.58,-0.000501808574256075,0.500075271286138,0.499924728713862,0.5,-0.000752712861384064
12.59,-0.000564281924367405,0.500084642288655,0.499915357711345,0.5,-0.000846422886551235
12.6,-0.000626666167821514,0.500093999925173,0.499906000074827,0.5,-0.000939999251732271
12.61,-0.000688951453423179,0.500103342718013,0.499896657281987,0.5,-0.00103342718013488
12.62,-0.000751127945603788,0.500112669191841,0.499887330808159,0.5,-0.00112669191840581
12.63,-0.000813185825974416,0.500121977873896,0.499878022126104,0.5,-0.00121977873896145
12.64,-0.000875115294876384,0.500131267294231,0.499868732705769,0.5,-0.00131267294231435
12.65,-0.000936906572928623,0.500140535985939,0.499859464014061,0.5,-0.001405359859393
12.66,-0.000998549902572031,0.500149782485386,0.499850217514614,0.5,-0.00149782485385802
12.67,-0.00106003554961027,0.500159005332442,0.499840994667558,0.5,-0.00159005332441536
12.68,-0.0011213538047469,0.500168203070712,0.499831796929288,0.5,-0.00168203070712053
12.69,-0.00118249498511862,0.500177374247768,0.499822625752232,0.5,-0.00177374247767786
12.7,-0.00124344943582428,0.500186517415374,0.499813482584626,0.5,-0.00186517415373649
12.71,-0.00130420753144949,0.500195631129717,0.499804368870283,0.5,-0.00195631129717433
12.72,-0.00136475967758663,0.500204713951638,0.499795286048362,0.5,-0.00204713951638014
12.73,-0.00142509631234988,0.500213764446853,0.499786235553147,0.5,-0.00213764446852505
12.74,-0.00148520790788517,0.500222781186183,0.499777218813817,0.5,-0.00222781186182797
12.75,-0.00154508497187472,0.500231762745781,0.499768237254219,0.5,-0.00231762745781183
12.76,-0.00160471804903605,0.500240707707355,0.499759292292645,0.5,-0.00240707707355403
12.77,-0.00166409772261493,0.500249614658392,0.499750385341608,0.5,-0.00249614658392239
12.78,-0.0017232146158726,0.500258482192381,0.499741517807619,0.5,-0.00258482192380893
12.79,-0.00178205939356626,0.500267308909035,0.499732691090965,0.5,-0.00267308909034925
12.8,-0.00184062276342339,0.500276093414514,0.499723906585486,0.5,-0.00276093414513512
12.81,-0.00189889547760901,0.500284834321641,0.499715165678359,0.5,-0.00284834321641364
12.82,-0.00195686833418601,0.500293530250128,0.499706469749872,0.5,-0.00293530250127905
12.83,-0.00201453217856831,0.500302179826785,0.499697820173215,0.5,-0.00302179826785265
12.84,-0.00207187790496641,0.500310781685745,0.499689218314255,0.5,-0.00310781685744943
12.85,-0.00212889645782536,0.500319334468674,0.499680665531326,0.5,-0.00319334468673826
12.86,-0.00218557883325466,0.500327836824988,0.499672163175012,0.5,-0.00327836824988187
12.87,-0.00224191608045016,0.500336287412067,0.499663712587932,0.5,-0.0033628741206751
12.88,-0.00229789930310745,0.500344684895466,0.499655315104534,0.5,-0.0034468489546613
12.89,-0.00235351966082667,0.500353027949124,0.499646972050876,0.5,-0.0035302794912398
12.9,-0.00240876837050858,0.500361315255576,0.499638684744424,0.5,-0.00361315255576283
12.91,-0.00246363670774145,0.500369545506161,0.499630454493839,0.5,-0.00369545506161195
12.92,-0.0025181160081788,0.500377717401227,0.499622282598773,0.5,-0.00377717401226829
12.93,-0.00257219766890752,0.500385829650336,0.499614170349664,0.5,-0.0038582965033615
12.94,-0.00262587314980648,0.500393880972471,0.499606119027529,0.5,-0.0039388097247095
12.95,-0.00267913397489498,0.500401870096234,0.499598129903766,0.5,-0.00401870096234269
12.96,-0.00273197173367134,0.500409795760051,0.499590204239949,0.5,-0.00409795760050707
12.97,-0.00278437808244095,0.500417656712366,0.499582343287634,0.5,-0.00417656712366155
12.98,-0.00283634474563379,0.500425451711845,0.499574548288155,0.5,-0.00425451711845048
12.99,-0.00288786351711134,0.500433179527567,0.499566820472433,0.5,-0.00433179527566718
13,-0.00293892626146236,0.500440838939219,0.499559161060781,0.5,-0.0044083893921934
13.01,-0.00298952491528759,0.500448428737293,0.499551571262707,0.5,-0.00448428737293116
13.02,-0.00303965148847302,0.500455947723271,0.499544052276729,0.5,-0.00455947723270955
13.03,-0.00308929806545167,0.500463394709818,0.499536605290182,0.5,-0.00463394709817738
13.04,-0.0031384568064535,0.500470768520968,0.499529231479032,0.5,-0.00470768520968029
13.05,-0.00318711994874344,0.500478067992312,0.499521932007688,0.5,-0.00478067992311537
13.06,-0.00323527980784721,0.500485291971177,0.499514708028823,0.5,-0.00485291971177082
13.07,-0.00328292877876479,0.500492439316815,0.499507560683185,0.5,-0.00492439316814725
13.08,-0.00333005933717126,0.500499508900576,0.499500491099424,0.5,-0.00499508900575707
13.09,-0.00337666404060512,0.500506499606091,0.499493500393909,0.5,-0.00506499606090755
13.1,-0.00342273552964344,0.500513410329447,0.499486589670553,0.5,-0.00513410329446518
13.11,-0.00346826652906402,0.50052023997936,0.49947976002064,0.5,-0.00520239979359599
13.12,-0.00351324984899425,0.500526987477349,0.499473012522651,0.5,-0.00526987477349139
13.13,-0.00355767838604643,0.500533651757907,0.499466348242093,0.5,-0.00533651757906983
13.14,-0.00360154512443953,0.500540231768666,0.499459768231334,0.5,-0.00540231768665911
13.15,-0.00364484313710705,0.500546726470566,0.499453273529434,0.5,-0.00546726470566083
13.16,-0.00368756558679087,0.500553134838019,0.499446865161981,0.5,-0.00553134838018637
13.17,-0.00372970572712091,0.500559455859068,0.499440544140932,0.5,-0.00559455859068136
13.18,-0.00377125690368052,0.500565688535552,0.499434311464448,0.5,-0.00565688535552056
13.19,-0.00381221255505724,0.500571831883259,0.499428168116741,0.5,-0.005718318832586
13.2,-0.00385256621387895,0.500577884932082,0.499422115067918,0.5,-0.00577884932081857
13.21,-0.00389231150783512,0.500583846726175,0.499416153273825,0.5,-0.00583846726175286
13.22,-0.00393144216068309,0.500589716324102,0.499410283675898,0.5,-0.00589716324102457
13.23,-0.00396995199323917,0.500595492798986,0.499404507201014,0.5,-0.00595492798985853
13.24,-0.00400783492435438,0.500601175238653,0.499398824761347,0.5,-0.00601175238653134
13.25,-0.00404508497187474,0.500606762745781,0.499393237254219,0.5,-0.00606762745781197
13.26,-0.00408169625358592,0.500612254438038,0.499387745561962,0.5,-0.0061225443803789
13.27,-0.00411766298814214,0.500617649448221,0.499382350551779,0.5,-0.00617649448221319
13.28,-0.00415297949597907,0.500622946924397,0.499377053075603,0.5,-0.00622946924396878
13.29,-0.00418764020021071,0.500628146030032,0.499371853969968,0.5,-0.00628146030031584
13.3,-0.00422163962751008,0.500633245944127,0.499366754055873,0.5,-0.00633245944126504
13.31,-0.00425497240897346,0.500638245861346,0.499361754138654,0.5,-0.00638245861346004
13.32,-0.00428763328096826,0.500643144992145,0.499356855007855,0.5,-0.00643144992145239
13.33,-0.00431961708596417,0.500647942562895,0.499352057437105,0.5,-0.00647942562894605
13.34,-0.00435091877334762,0.500652637816002,0.499347362183998,0.5,-0.00652637816002138
13.35,-0.00438153340021932,0.500657230010033,0.499342769989967,0.5,-0.006572300100329
13.36,-0.00441145613217477,0.500661718419826,0.499338281580174,0.5,-0.00661718419826207
13.37,-0.00444068224406772,0.50066610233661,0.49933389766339,0.5,-0.0066610233661013
13.38,-0.00446920712075632,0.500670381068113,0.499329618931887,0.5,-0.00670381068113457
13.39,-0.00449702625783186,0.500674553938675,0.499325446061325,0.5,-0.00674553938674771
13.4,-0.0045241352623301,0.50067862028935,0.49932137971065,0.5,-0.00678620289349507
13.41,-0.00455052985342498,0.500682579478014,0.499317420521986,0.5,-0.00682579478013756
13.42,-0.00457620586310459,0.500686430879466,0.499313569120534,0.5,-0.0068643087946571
13.43,-0.00460115923682935,0.500690173885524,0.499309826114476,0.5,-0.00690173885524392
13.44,-0.00462538603417229,0.500693807905126,0.499306192094874,0.5,-0.00693807905125854
13.45,-0.00464888242944126,0.500697332364416,0.499302667635584,0.5,-0.00697332364416187
13.46,-0.00467164471228306,0.500700746706843,0.499299253293158,0.5,-0.00700746706842476
13.47,-0.00469366928826937,0.50070405039324,0.49929594960676,0.5,-0.00704050393240396
13.48,-0.00471495267946432,0.50070724290192,0.49929275709808,0.5,-0.00707242901919675
13.49,-0.00473549152497372,0.500710323728746,0.499289676271254,0.5,-0.00710323728746048
13.5,-0.00475528258147577,0.500713292387221,0.499286707612779,0.5,-0.0071329238722137
13.51,-0.00477432272373321,0.50071614840856,0.49928385159144,0.5,-0.00716148408559963
13.52,-0.00479260894508688,0.500718891341763,0.499281108658237,0.5,-0.00718891341763034
13.53,-0.00481013835793043,0.50072152075369,0.49927847924631,0.5,-0.00721520753689586
13.54,-0.00482690819416637,0.500724036229125,0.499275963770875,0.5,-0.0072403622912498
13.55,-0.00484291580564315,0.500726437370846,0.499273562629154,0.5,-0.00726437370846461
13.56,-0.00485815866457337,0.500728723799686,0.499271276200314,0.5,-0.00728723799686026
13.57,-0.00487263436393289,0.50073089515459,0.49926910484541,0.5,-0.00730895154589906
13.58,-0.00488634061784097,0.500732951092676,0.499267048907324,0.5,-0.00732951092676126
13.59,-0.00489927526192123,0.500734891289288,0.499265108710712,0.5,-0.00734891289288164
13.6,-0.00491143625364344,0.500736715438047,0.499263284561953,0.5,-0.00736715438046542
13.61,-0.00492282167264602,0.500738423250897,0.499261576749103,0.5,-0.00738423250896902
13.62,-0.00493342972103934,0.500740014458156,0.499259985541844,0.5,-0.00740014458155885
13.63,-0.00494325872368957,0.500741488808553,0.499258511191447,0.5,-0.00741488808553431
13.64,-0.00495230712848326,0.500742846069272,0.499257153930728,0.5,-0.00742846069272468
13.65,-0.00496057350657239,0.500744086025986,0.499255913974014,0.5,-0.00744086025985857
13.66,-0.00496805655260004,0.50074520848289,0.49925479151711,0.5,-0.00745208482890031
13.67,-0.0049747550849065,0.500746213262736,0.499253786737264,0.5,-0.00746213262735967
13.68,-0.00498066804571586,0.500747100206857,0.499252899793143,0.5,-0.00747100206857393
13.69,-0.00498579450130307,0.500747869175195,0.499252130824805,0.5,-0.00747869175195454
13.7,-0.00499013364214136,0.500748520046321,0.499251479953679,0.5,-0.00748520046321199
13.71,-0.00499368478303009,0.500749052717455,0.499250947282545,0.5,-0.00749052717454513
13.72,-0.00499644736320295,0.50074946710448,0.49925053289552,0.5,-0.00749467104480428
13.73,-0.0049984209464165,0.500749763141963,0.499250236858038,0.5,-0.00749763141962484
13.74,-0.00499960522101908,0.500749940783153,0.499250059216847,0.5,-0.00749940783152853
13.75,-0.005,0.50075,0.49925,0.5,-0.00750000000000001
13.76,-0.00499960522101908,0.500749940783153,0.499250059216847,0.5,-0.00749940783152853
13.77,-0.0049984209464165,0.500749763141963,0.499250236858038,0.5,-0.00749763141962484
13.78,-0.00499644736320295,0.50074946710448,0.49925053289552,0.5,-0.00749467104480428
13.79,-0.00499368478303009,0.500749052717455,0.499250947282545,0.5,-0.00749052717454513
13.8,-0.00499013364214136,0.500748520046321,0.499251479953679,0.5,-0.00748520046321199
13.81,-0.00498579450130307,0.500747869175195,0.499252130824805,0.5,-0.00747869175195454
13.82,-0.00498066804571586,0.500747100206857,0.499252899793143,0.5,-0.00747100206857393
13.83,-0.0049747550849065,0.500746213262736,0.499253786737264,0.5,-0.00746213262735967
13.84,-0.00496805655260004,0.50074520848289,0.49925479151711,0.5,-0.00745208482890031
13.85,-0.00496057350657239,0.500744086025986,0.499255913974014,0.5,-0.00744086025985857
13.86,-0.00495230712848326,0.500742846069272,0.499257153930728,0.5,-0.00742846069272468
13.87,-0.00494325872368957,0.500741488808553,0.499258511191447,0.5,-0.00741488808553431
13.88,-0.00493342972103934,0.500740014458156,0.499259985541844,0.5,-0.00740014458155885
13.89,-0.00492282167264603,0.500738423250897,0.499261576749103,0.5,-0.00738423250896902
13.9,-0.00491143625364344,0.500736715438047,0.499263284561953,0.5,-0.00736715438046542
13.91,-0.00489927526192124,0.500734891289288,0.499265108710712,0.5,-0.00734891289288164
13.92,-0.00488634061784097,0.500732951092676,0.499267048907324,0.5,-0.00732951092676126
13.93,-0.00487263436393289,0.50073089515459,0.49926910484541,0.5,-0.00730895154589906
13.94,-0.00485815866457337,0.500728723799686,0.499271276200314,0.5,-0.00728723799686026
13.95,-0.00484291580564316,0.500726437370846,0.499273562629154,0.5,-0.00726437370846461
13.96,-0.00482690819416637,0.500724036229125,0.499275963770875,0.5,-0.0072403622912498
13.97,-0.00481013835793043,0.50072152075369,0.49927847924631,0.5,-0.00721520753689586
13.98,-0.00479260894508688,0.500718891341763,0.499281108658237,0.5,-0.00718891341763034
13.99,-0.00477432272373321,0.50071614840856,0.49928385159144,0.5,-0.00716148408559963
14,-0.00475528258147577,0.500713292387221,0.499286707612779,0.5,-0.0071329238722137
14.01,-0.00473549152497372,0.500710323728746,0.499289676271254,0.5,-0.00710323728746048
14.02,-0.00471495267946433,0.50070724290192,0.49929275709808,0.5,-0.00707242901919675
14.03,-0.00469366928826937,0.50070405039324,0.49929594960676,0.5,-0.00704050393240396
14.04,-0.00467164471228306,0.500700746706843,0.499299253293158,0.5,-0.00700746706842476
14.05,-0.00464888242944126,0.500697332364416,0.499302667635584,0.5,-0.00697332364416187
14.06,-0.00462538603417229,0.500693807905126,0.499306192094874,0.5,-0.00693807905125854
14.07,-0.00460115923682935,0.500690173885524,0.499309826114476,0.5,-0.00690173885524392
14.08,-0.00457620586310459,0.500686430879466,0.499313569120534,0.5,-0.0068643087946571
14.09,-0.00455052985342498,0.500682579478014,0.499317420521986,0.5,-0.00682579478013756
14.1,-0.0045241352623301,0.50067862028935,0.49932137971065,0.5,-0.00678620289349507
14.11,-0.00449702625783186,0.500674553938675,0.499325446061325,0.5,-0.00674553938674771
14.12,-0.00446920712075632,0.500670381068113,0.499329618931887,0.5,-0.00670381068113457
14.13,-0.00444068224406772,0.50066610233661,0.49933389766339,0.5,-0.00666102336610158
14.14,-0.00441145613217477,0.500661718419826,0.499338281580174,0.5,-0.00661718419826207
14.15,-0.00438153340021932,0.500657230010033,0.499342769989967,0.5,-0.006572300100329
14.16,-0.00435091877334763,0.500652637816002,0.499347362183998,0.5,-0.00652637816002138
14.17,-0.00431961708596418,0.500647942562895,0.499352057437105,0.5,-0.00647942562894605
14.18,-0.00428763328096826,0.500643144992145,0.499356855007855,0.5,-0.00643144992145239
14.19,-0.00425497240897346,0.500638245861346,0.499361754138654,0.5,-0.00638245861346004
14.2,-0.00422163962751007,0.500633245944127,0.499366754055873,0.5,-0.00633245944126504
14.21,-0.00418764020021071,0.500628146030032,0.499371853969968,0.5,-0.00628146030031584
14.22,-0.00415297949597906,0.500622946924397,0.499377053075603,0.5,-0.00622946924396878
14.23,-0.00411766298814214,0.500617649448221,0.499382350551779,0.5,-0.00617649448221319
14.24,-0.00408169625358592,0.500612254438038,0.499387745561962,0.5,-0.0061225443803789
14.25,-0.00404508497187473,0.500606762745781,0.499393237254219,0.5,-0.00606762745781197
14.26,-0.00400783492435438,0.500601175238653,0.499398824761347,0.5,-0.00601175238653134
14.27,-0.00396995199323918,0.500595492798986,0.499404507201014,0.5,-0.00595492798985853
14.28,-0.00393144216068309,0.500589716324102,0.499410283675898,0.5,-0.00589716324102457
14.29,-0.00389231150783511,0.500583846726175,0.499416153273825,0.5,-0.00583846726175286
14.3,-0.00385256621387894,0.500577884932082,0.499422115067918,0.5,-0.00577884932081857
14.31,-0.00381221255505724,0.500571831883259,0.499428168116741,0.5,-0.005718318832586
14.32,-0.00377125690368052,0.500565688535552,0.499434311464448,0.5,-0.00565688535552056
14.33,-0.00372970572712092,0.500559455859068,0.499440544140932,0.5,-0.00559455859068136
14.34,-0.00368756558679088,0.500553134838019,0.499446865161981,0.5,-0.00553134838018637
14.35,-0.00364484313710706,0.500546726470566,0.499453273529434,0.5,-0.00546726470566083
14.36,-0.00360154512443954,0.500540231768666,0.499459768231334,0.5,-0.00540231768665911
14.37,-0.00355767838604643,0.500533651757907,0.499466348242093,0.5,-0.00533651757906983
14.38,-0.00351324984899424,0.500526987477349,0.499473012522651,0.5,-0.00526987477349139
14.39,-0.00346826652906402,0.50052023997936,0.49947976002064,0.5,-0.00520239979359599
14.4,-0.00342273552964344,0.500513410329447,0.499486589670553,0.5,-0.00513410329446518
14.41,-0.00337666404060513,0.500506499606091,0.499493500393909,0.5,-0.00506499606090755
14.42,-0.00333005933717126,0.500499508900576,0.499500491099424,0.5,-0.00499508900575707
14.43,-0.00328292877876479,0.500492439316815,0.499507560683185,0.5,-0.00492439316814725
14.44,-0.00323527980784722,0.500485291971177,0.499514708028823,0.5,-0.00485291971177082
14.45,-0.00318711994874345,0.500478067992312,0.499521932007688,0.5,-0.00478067992311537
14.46,-0.00313845680645351,0.500470768520968,0.499529231479032,0.5,-0.00470768520968029
14.47,-0.00308929806545167,0.500463394709818,0.499536605290182,0.5,-0.00463394709817738
14.48,-0.00303965148847302,0.500455947723271,0.499544052276729,0.5,-0.00455947723270955
14.49,-0.00298952491528759,0.500448428737293,0.499551571262707,0.5,-0.00448428737293116
14.5,-0.00293892626146237,0.500440838939219,0.499559161060781,0.5,-0.0044083893921934
14.51,-0.00288786351711134,0.500433179527567,0.499566820472433,0.5,-0.00433179527566718
14.52,-0.00283634474563379,0.500425451711845,0.499574548288155,0.5,-0.00425451711845048
14.53,-0.00278437808244094,0.500417656712366,0.499582343287634,0.5,-0.00417656712366155
14.54,-0.00273197173367135,0.500409795760051,0.499590204239949,0.5,-0.00409795760050707
14.55,-0.00267913397489499,0.500401870096234,0.499598129903766,0.5,-0.00401870096234269
14.56,-0.00262587314980649,0.500393880972471,0.499606119027529,0.5,-0.0039388097247095
14.57,-0.00257219766890753,0.500385829650336,0.499614170349664,0.5,-0.0038582965033615
14.58,-0.0025181160081788,0.500377717401227,0.499622282598773,0.5,-0.00377717401226829
14.59,-0.00246363670774146,0.500369545506161,0.499630454493839,0.5,-0.00369545506161195
14.6,-0.00240876837050858,0.500361315255576,0.499638684744424,0.5,-0.00361315255576283
14.61,-0.00235351966082667,0.500353027949124,0.499646972050876,0.5,-0.0035302794912398
14.62,-0.00229789930310744,0.500344684895466,0.499655315104534,0.5,-0.0034468489546613
14.63,-0.00224191608045016,0.500336287412067,0.499663712587932,0.5,-0.0033628741206751
14.64,-0.00218557883325467,0.500327836824988,0.499672163175012,0.5,-0.00327836824988187
14.65,-0.00212889645782537,0.500319334468674,0.499680665531326,0.5,-0.00319334468673826
14.66,-0.00207187790496642,0.500310781685745,0.499689218314255,0.5,-0.00310781685744943
14.67,-0.00201453217856831,0.500302179826785,0.499697820173215,0.5,-0.00302179826785265
14.68,-0.00195686833418601,0.500293530250128,0.499706469749872,0.5,-0.00293530250127905
14.69,-0.00189889547760901,0.500284834321641,0.499715165678359,0.5,-0.00284834321641364
14.7,-0.00184062276342338,0.500276093414514,0.499723906585486,0.5,-0.00276093414513512
14.71,-0.00178205939356625,0.500267308909035,0.499732691090965,0.5,-0.00267308909034925
14.72,-0.00172321461587259,0.500258482192381,0.499741517807619,0.5,-0.00258482192380893
14.73,-0.00166409772261494,0.500249614658392,0.499750385341608,0.5,-0.00249614658392239
14.74,-0.00160471804903606,0.500240707707355,0.499759292292645,0.5,-0.00240707707355403
14.75,-0.00154508497187475,0.500231762745781,0.499768237254219,0.5,-0.00231762745781211
14.76,-0.00148520790788517,0.500222781186183,0.499777218813817,0.5,-0.00222781186182797
14.77,-0.00142509631234988,0.500213764446853,0.499786235553147,0.5,-0.00213764446852505
14.78,-0.00136475967758662,0.500204713951638,0.499795286048362,0.5,-0.00204713951638014
14.79,-0.00130420753144948,0.500195631129717,0.499804368870283,0.5,-0.00195631129717433
14.8,-0.00124344943582427,0.500186517415374,0.499813482584626,0.5,-0.00186517415373649
14.81,-0.00118249498511862,0.500177374247768,0.499822625752232,0.5,-0.00177374247767786
14.82,-0.00112135380474691,0.500168203070712,0.499831796929288,0.5,-0.00168203070712053
14.83,-0.00106003554961028,0.500159005332442,0.499840994667558,0.5,-0.00159005332441536
14.84,-0.000998549902572047,0.500149782485386,0.499850217514614,0.5,-0.00149782485385802
14.85,-0.000936906572928621,0.500140535985939,0.499859464014061,0.5,-0.001405359859393
14.86,-0.000875115294876382,0.500131267294231,0.499868732705769,0.5,-0.00131267294231435
14.87,-0.000813185825974424,0.500121977873896,0.499878022126104,0.5,-0.00121977873896145
14.88,-0.000751127945603778,0.500112669191841,0.499887330808159,0.5,-0.00112669191840581
14.89,-0.000688951453423187,0.500103342718013,0.499896657281987,0.5,-0.00103342718013488
14.9,-0.000626666167821521,0.500093999925173,0.499906000074827,0.5,-0.000939999251732271
14.91,-0.000564281924367412,0.500084642288655,0.499915357711345,0.5,-0.000846422886551235
14.92,-0.000501808574256082,0.500075271286138,0.499924728713862,0.5,-0.000752712861384064
14.93,-0.000439255982753728,0.500065888397413,0.499934111602587,0.5,-0.000658883974130609
14.94,-0.000376634027639662,0.500056495104146,0.499943504895854,0.5,-0.000564951041459594
14.95,-0.000313952597646569,0.500047092889647,0.499952907110353,0.5,-0.000470928896469935
14.96,-0.000251221590898854,0.500037683238635,0.499962316761365,0.5,-0.000376832386348447
14.97,-0.000188450913349665,0.500028267637002,0.499971732362998,0.5,-0.00028267637002477
14.98,-0.000125650477216683,0.500018847571583,0.499981152428418,0.5,-0.000188475715825198
14.99,-6.28301994167628e-05,0.500009424529912,0.499990575470087,0.5,-9.42452991251064e-05
15,-3.67322476779692e-18,0.5,0.5,0.5,0
15.01,6.28301994167555e-05,0.499990575470087,0.500009424529912,0.5,9.42452991251064e-05
15.02,0.000125650477216676,0.499981152428418,0.500018847571583,0.5,0.000188475715825198
15.03,0.000188450913349675,0.499971732362998,0.500028267637002,0.5,0.00028267637002477
15.04,0.000251221590898846,0.499962316761365,0.500037683238635,0.5,0.000376832386348447
15.05,0.000313952597646561,0.499952907110353,0.500047092889647,0.5,0.000470928896469935
15.06,0.000376634027639654,0.499943504895854,0.500056495104146,0.5,0.000564951041459594
15.07,0.00043925598275372,0.499934111602587,0.500065888397413,0.5,0.000658883974130609
15.08,0.000501808574256075,0.499924728713862,0.500075271286138,0.5,0.000752712861384064
15.09,0.000564281924367405,0.499915357711345,0.500084642288655,0.5,0.000846422886551235
15.1,0.000626666167821514,0.499906000074827,0.500093999925173,0.5,0.000939999251732271
15.11,0.000688951453423179,0.499896657281987,0.500103342718013,0.5,0.00103342718013488
15.12,0.000751127945603788,0.499887330808159,0.500112669191841,0.5,0.00112669191840581
15.13,0.000813185825974417,0.499878022126104,0.500121977873896,0.5,0.00121977873896145
15.14,0.000875115294876375,0.499868732705769,0.500131267294231,0.5,0.00131267294231435
15.15,0.000936906572928614,0.499859464014061,0.500140535985939,0.5,0.001405359859393
15.16,0.00099854990257204,0.499850217514614,0.500149782485386,0.5,0.00149782485385802
15.17,0.00106003554961027,0.499840994667558,0.500159005332442,0.5,0.00159005332441536
15.18,0.0011213538047469,0.499831796929288,0.500168203070712,0.5,0.00168203070712053
15.19,0.00118249498511862,0.499822625752232,0.500177374247768,0.5,0.00177374247767786
15.2,0.00124344943582428,0.499813482584626,0.500186517415374,0.5,0.00186517415373649
15.21,0.00130420753144949,0.499804368870283,0.500195631129717,0.5,0.00195631129717433
15.22,0.00136475967758663,0.499795286048362,0.500204713951638,0.5,0.00204713951638014
15.23,0.00142509631234988,0.499786235553147,0.500213764446853,0.5,0.00213764446852505
15.24,0.00148520790788517,0.499777218813817,0.500222781186183,0.5,0.00222781186182797
15.25,0.00154508497187474,0.499768237254219,0.500231762745781,0.5,0.00231762745781211
15.26,0.00160471804903605,0.499759292292645,0.500240707707355,0.5,0.00240707707355403
15.27,0.00166409772261493,0.499750385341608,0.500249614658392,0.5,0.00249614658392239
15.28,0.0017232146158726,0.499741517807619,0.500258482192381,0.5,0.00258482192380893
15.29,0.00178205939356626,0.499732691090965,0.500267308909035,0.5,0.00267308909034925
15.3,0.00184062276342339,0.499723906585486,0.500276093414514,0.5,0.00276093414513512
15.31,0.00189889547760901,0.499715165678359,0.500284834321641,0.5,0.00284834321641364
15.32,0.00195686833418601,0.499706469749872,0.500293530250128,0.5,0.00293530250127905
15.33,0.00201453217856831,0.499697820173215,0.500302179826785,0.5,0.00302179826785265
15.34,0.00207187790496641,0.499689218314255,0.500310781685745,0.5,0.00310781685744943
15.35,0.00212889645782536,0.499680665531326,0.500319334468674,0.5,0.00319334468673826
15.36,0.00218557883325466,0.499672163175012,0.500327836824988,0.5,0.00327836824988187
15.37,0.00224191608045016,0.499663712587932,0.500336287412067,0.5,0.0033628741206751
15.38,0.00229789930310745,0.499655315104534,0.500344684895466,0.5,0.0034468489546613
15.39,0.00235351966082667,0.499646972050876,0.500353027949124,0.5,0.0035302794912398
15.4,0.00240876837050858,0.499638684744424,0.500361315255576,0.5,0.00361315255576283
15.41,0.00246363670774145,0.499630454493839,0.500369545506161,0.5,0.00369545506161195
15.42,0.0025181160081788,0.499622282598773,0.500377717401227,0.5,0.00377717401226829
15.43,0.00257219766890752,0.499614170349664,0.500385829650336,0.5,0.0038582965033615
15.44,0.00262587314980648,0.499606119027529,0.500393880972471,0.5,0.0039388097247095
15.45,0.00267913397489498,0.499598129903766,0.500401870096234,0.5,0.00401870096234269
15.46,0.00273197173367134,0.499590204239949,0.500409795760051,0.5,0.00409795760050707
15.47,0.00278437808244095,0.499582343287634,0.500417656712366,0.5,0.00417656712366155
15.48,0.00283634474563379,0.499574548288155,0.500425451711845,0.5,0.00425451711845048
15.49,0.00288786351711134,0.499566820472433,0.500433179527567,0.5,0.00433179527566718
15.5,0.00293892626146236,0.499559161060781,0.500440838939219,0.5,0.0044083893921934
15.51,0.00298952491528759,0.499551571262707,0.500448428737293,0.5,0.00448428737293116
15.52,0.00303965148847302,0.499544052276729,0.500455947723271,0.5,0.00455947723270955
15.53,0.00308929806545167,0.499536605290182,0.500463394709818,0.5,0.00463394709817738
15.54,0.0031384568064535,0.499529231479032,0.500470768520968,0.5,0.00470768520968029
15.55,0.00318711994874344,0.499521932007688,0.500478067992312,0.5,0.00478067992311537
15.56,0.00323527980784721,0.499514708028823,0.500485291971177,0.5,0.00485291971177082
15.57,0.00328292877876479,0.499507560683185,0.500492439316815,0.5,0.00492439316814725
15.58,0.00333005933717126,0.499500491099424,0.500499508900576,0.5,0.00499508900575707
15.59,0.00337666404060512,0.499493500393909,0.500506499606091,0.5,0.00506499606090755
15.6,0.00342273552964344,0.499486589670553,0.500513410329447,0.5,0.00513410329446518
15.61,0.00346826652906403,0.49947976002064,0.50052023997936,0.5,0.00520239979359599
15.62,0.00351324984899425,0.499473012522651,0.500526987477349,0.5,0.00526987477349139
15.63,0.00355767838604643,0.499466348242093,0.500533651757907,0.5,0.00533651757906983
15.64,0.00360154512443953,0.499459768231334,0.500540231768666,0.5,0.00540231768665911
15.65,0.00364484313710705,0.499453273529434,0.500546726470566,0.5,0.00546726470566083
15.66,0.00368756558679087,0.499446865161981,0.500553134838019,0.5,0.00553134838018637
15.67,0.00372970572712091,0.499440544140932,0.500559455859068,0.5,0.00559455859068136
15.68,0.00377125690368052,0.499434311464448,0.500565688535552,0.5,0.00565688535552056
15.69,0.00381221255505724,0.499428168116741,0.500571831883259,0.5,0.005718318832586
15.7,0.00385256621387895,0.499422115067918,0.500577884932082,0.5,0.00577884932081857
15.71,0.00389231150783512,0.499416153273825,0.500583846726175,0.5,0.00583846726175286
15.72,0.00393144216068309,0.499410283675898,0.500589716324102,0.5,0.00589716324102457
15.73,0.00396995199323917,0.499404507201014,0.500595492798986,0.5,0.00595492798985853
15.74,0.00400783492435438,0.499398824761347,0.500601175238653,0.5,0.00601175238653134
15.75,0.00404508497187473,0.499393237254219,0.500606762745781,0.5,0.00606762745781197
15.76,0.00408169625358592,0.499387745561962,0.500612254438038,0.5,0.0061225443803789
15.77,0.00411766298814214,0.499382350551779,0.500617649448221,0.5,0.00617649448221319
15.78,0.00415297949597907,0.499377053075603,0.500622946924397,0.5,0.00622946924396878
15.79,0.00418764020021071,0.499371853969968,0.500628146030032,0.5,0.00628146030031584
15.8,0.00422163962751008,0.499366754055873,0.500633245944127,0.5,0.00633245944126504
15.81,0.00425497240897346,0.499361754138654,0.500638245861346,0.5,0.00638245861346004
15.82,0.00428763328096826,0.499356855007855,0.500643144992145,0.5,0.00643144992145239
15.83,0.00431961708596417,0.499352057437105,0.500647942562895,0.5,0.00647942562894605
15.84,0.00435091877334762,0.499347362183998,0.500652637816002,0.5,0.00652637816002138
15.85,0.00438153340021932,0.499342769989967,0.500657230010033,0.5,0.006572300100329
15.86,0.00441145613217477,0.499338281580174,0.500661718419826,0.5,0.00661718419826207
15.87,0.00444068224406772,0.49933389766339,0.50066610233661,0.5,0.0066610233661013
15.88,0.00446920712075632,0.499329618931887,0.500670381068113,0.5,0.00670381068113457
15.89,0.00449702625783186,0.499325446061325,0.500674553938675,0.5,0.00674553938674771
15.9,0.0045241352623301,0.49932137971065,0.50067862028935,0.5,0.00678620289349507
15.91,0.00455052985342498,0.499317420521986,0.500682579478014,0.5,0.00682579478013756
15.92,0.00457620586310458,0.499313569120534,0.500686430879466,0.5,0.0068643087946571
15.93,0.00460115923682935,0.499309826114476,0.500690173885524,0.5,0.00690173885524392
15.94,0.00462538603417229,0.499306192094874,0.500693807905126,0.5,0.00693807905125854
15.95,0.00464888242944126,0.499302667635584,0.500697332364416,0.5,0.00697332364416187
15.96,0.00467164471228306,0.499299253293158,0.500700746706843,0.5,0.00700746706842476
15.97,0.00469366928826937,0.49929594960676,0.50070405039324,0.5,0.00704050393240396
15.98,0.00471495267946432,0.49929275709808,0.50070724290192,0.5,0.00707242901919675
15.99,0.00473549152497372,0.499289676271254,0.500710323728746,0.5,0.00710323728746048
16,0.00475528258147577,0.499286707612779,0.500713292387221,0.5,0.0071329238722137
16.01,0.00477432272373322,0.49928385159144,0.50071614840856,0.5,0.00716148408559963
16.02,0.00479260894508688,0.499281108658237,0.500718891341763,0.5,0.00718891341763034
16.03,0.00481013835793043,0.49927847924631,0.50072152075369,0.5,0.00721520753689586
16.04,0.00482690819416637,0.499275963770875,0.500724036229125,0.5,0.0072403622912498
16.05,0.00484291580564315,0.499273562629154,0.500726437370846,0.5,0.00726437370846461
16.06,0.00485815866457337,0.499271276200314,0.500728723799686,0.5,0.00728723799686026
16.07,0.00487263436393289,0.49926910484541,0.50073089515459,0.5,0.00730895154589906
16.08,0.00488634061784097,0.499267048907324,0.500732951092676,0.5,0.00732951092676126
16.09,0.00489927526192123,0.499265108710712,0.500734891289288,0.5,0.00734891289288164
16.1,0.00491143625364345,0.499263284561953,0.500736715438047,0.5,0.00736715438046542
16.11,0.00492282167264602,0.499261576749103,0.500738423250897,0.5,0.00738423250896902
16.12,0.00493342972103934,0.499259985541844,0.500740014458156,0.5,0.00740014458155885
16.13,0.00494325872368957,0.499258511191447,0.500741488808553,0.5,0.00741488808553431
16.14,0.00495230712848326,0.499257153930728,0.500742846069272,0.5,0.00742846069272468
16.15,0.00496057350657239,0.499255913974014,0.500744086025986,0.5,0.00744086025985857
16.16,0.00496805655260004,0.49925479151711,0.50074520848289,0.5,0.00745208482890031
16.17,0.0049747550849065,0.499253786737264,0.500746213262736,0.5,0.00746213262735967
16.18,0.00498066804571586,0.499252899793143,0.500747100206857,0.5,0.00747100206857393
16.19,0.00498579450130307,0.499252130824805,0.500747869175195,0.5,0.00747869175195454
16.2,0.00499013364214136,0.499251479953679,0.500748520046321,0.5,0.00748520046321199
16.21,0.00499368478303009,0.499250947282545,0.500749052717455,0.5,0.00749052717454513
16.22,0.00499644736320295,0.49925053289552,0.50074946710448,0.5,0.00749467104480428
16.23,0.0049984209464165,0.499250236858038,0.500749763141963,0.5,0.00749763141962484
16.24,0.00499960522101908,0.499250059216847,0.500749940783153,0.5,0.00749940783152853
16.25,0.005,0.49925,0.50075,0.5,0.00750000000000001
16.26,0.00499960522101908,0.499250059216847,0.500749940783153,0.5,0.00749940783152853
16.27,0.0049984209464165,0.499250236858038,0.500749763141963,0.5,0.00749763141962484
16.28,0.00499644736320295,0.49925053289552,0.50074946710448,0.5,0.00749467104480428
16.29,0.00499368478303009,0.499250947282545,0.500749052717455,0.5,0.00749052717454513
16.3,0.00499013364214136,0.499251479953679,0.500748520046321,0.5,0.00748520046321199
16.31,0.00498579450130307,0.499252130824805,0.500747869175195,0.5,0.00747869175195454
16.32,0.00498066804571586,0.499252899793143,0.500747100206857,0.5,0.00747100206857393
16.33,0.0049747550849065,0.499253786737264,0.500746213262736,0.5,0.00746213262735967
16.34,0.00496805655260004,0.49925479151711,0.50074520848289,0.5,0.00745208482890031
16.35,0.00496057350657239,0.499255913974014,0.500744086025986,0.5,0.00744086025985857
16.36,0.00495230712848326,0.499257153930728,0.500742846069272,0.5,0.00742846069272468
16.37,0.00494325872368957,0.499258511191447,0.500741488808553,0.5,0.00741488808553431
16.38,0.00493342972103934,0.499259985541844,0.500740014458156,0.5,0.00740014458155885
16.39,0.00492282167264603,0.499261576749103,0.500738423250897,0.5,0.00738423250896902
16.4,0.00491143625364345,0.499263284561953,0.500736715438047,0.5,0.00736715438046542
16.41,0.00489927526192124,0.499265108710712,0.500734891289288,0.5,0.00734891289288164
16.42,0.00488634061784097,0.499267048907324,0.500732951092676,0.5,0.00732951092676126
16.43,0.00487263436393289,0.49926910484541,0.50073089515459,0.5,0.00730895154589906
16.44,0.00485815866457337,0.499271276200314,0.500728723799686,0.5,0.00728723799686026
16.45,0.00484291580564316,0.499273562629154,0.500726437370846,0.5,0.00726437370846461
16.46,0.00482690819416637,0.499275963770875,0.500724036229125,0.5,0.0072403622912498
16.47,0.00481013835793043,0.49927847924631,0.50072152075369,0.5,0.00721520753689586
16.48,0.00479260894508688,0.499281108658237,0.500718891341763,0.5,0.00718891341763034
16.49,0.00477432272373321,0.49928385159144,0.50071614840856,0.5,0.00716148408559963
16.5,0.00475528258147577,0.499286707612779,0.500713292387221,0.5,0.0071329238722137
16.51,0.00473549152497372,0.499289676271254,0.500710323728746,0.5,0.00710323728746048
16.52,0.00471495267946433,0.49929275709808,0.50070724290192,0.5,0.00707242901919675
16.53,0.00469366928826937,0.49929594960676,0.50070405039324,0.5,0.00704050393240396
16.54,0.00467164471228306,0.499299253293158,0.500700746706843,0.5,0.00700746706842476
16.55,0.00464888242944126,0.499302667635584,0.500697332364416,0.5,0.00697332364416187
16.56,0.00462538603417229,0.499306192094874,0.500693807905126,0.5,0.00693807905125854
16.57,0.00460115923682935,0.499309826114476,0.500690173885524,0.5,0.00690173885524392
16.58,0.00457620586310459,0.499313569120534,0.500686430879466,0.5,0.0068643087946571
16.59,0.00455052985342498,0.499317420521986,0.500682579478014,0.5,0.00682579478013756
16.6,0.00452413526233009,0.49932137971065,0.50067862028935,0.5,0.00678620289349507
16.61,0.00449702625783186,0.499325446061325,0.500674553938675,0.5,0.00674553938674771
16.62,0.00446920712075632,0.499329618931887,0.500670381068113,0.5,0.00670381068113457
16.63,0.00444068224406772,0.49933389766339,0.50066610233661,0.5,0.00666102336610158
16.64,0.00441145613217477,0.499338281580174,0.500661718419826,0.5,0.00661718419826207
16.65,0.00438153340021932,0.499342769989967,0.500657230010033,0.5,0.006572300100329
16.66,0.00435091877334763,0.499347362183998,0.500652637816002,0.5,0.00652637816002138
16.67,0.00431961708596418,0.499352057437105,0.500647942562895,0.5,0.00647942562894605
16.68,0.00428763328096826,0.499356855007855,0.500643144992145,0.5,0.00643144992145239
16.69,0.00425497240897345,0.499361754138654,0.500638245861346,0.5,0.00638245861346004
16.7,0.00422163962751008,0.499366754055873,0.500633245944127,0.5,0.00633245944126504
16.71,0.00418764020021071,0.499371853969968,0.500628146030032,0.5,0.00628146030031584
16.72,0.00415297949597907,0.499377053075603,0.500622946924397,0.5,0.00622946924396878
16.73,0.00411766298814214,0.499382350551779,0.500617649448221,0.5,0.00617649448221319
16.74,0.00408169625358591,0.499387745561962,0.500612254438038,0.5,0.0061225443803789
16.75,0.00404508497187474,0.499393237254219,0.500606762745781,0.5,0.00606762745781197
16.76,0.00400783492435438,0.499398824761347,0.500601175238653,0.5,0.00601175238653134
16.77,0.00396995199323918,0.499404507201014,0.500595492798986,0.5,0.00595492798985853
16.78,0.00393144216068309,0.499410283675898,0.500589716324102,0.5,0.00589716324102457
16.79,0.00389231150783512,0.499416153273825,0.500583846726175,0.5,0.00583846726175286
16.8,0.00385256621387894,0.499422115067918,0.500577884932082,0.5,0.00577884932081857
16.81,0.00381221255505725,0.499428168116741,0.500571831883259,0.5,0.005718318832586
16.82,0.00377125690368052,0.499434311464448,0.500565688535552,0.5,0.00565688535552056
16.83,0.0037297057271209,0.499440544140932,0.500559455859068,0.5,0.00559455859068136
16.84,0.00368756558679088,0.499446865161981,0.500553134838019,0.5,0.00553134838018637
16.85,0.00364484313710706,0.499453273529434,0.500546726470566,0.5,0.00546726470566083
16.86,0.00360154512443954,0.499459768231334,0.500540231768666,0.5,0.00540231768665911
16.87,0.00355767838604643,0.499466348242093,0.500533651757907,0.5,0.00533651757906983
16.88,0.00351324984899425,0.499473012522651,0.500526987477349,0.5,0.00526987477349139
16.89,0.00346826652906402,0.49947976002064,0.50052023997936,0.5,0.00520239979359599
16.9,0.00342273552964346,0.499486589670553,0.500513410329447,0.5,0.00513410329446518
16.91,0.00337666404060513,0.499493500393909,0.500506499606091,0.5,0.00506499606090755
16.92,0.00333005933717125,0.499500491099424,0.500499508900576,0.5,0.00499508900575707
16.93,0.00328292877876479,0.499507560683185,0.500492439316815,0.5,0.00492439316814725
16.94,0.00323527980784722,0.499514708028823,0.500485291971177,0.5,0.00485291971177082
16.95,0.00318711994874345,0.499521932007688,0.500478067992312,0.5,0.00478067992311537
16.96,0.00313845680645351,0.499529231479032,0.500470768520968,0.5,0.00470768520968029
16.97,0.00308929806545168,0.499536605290182,0.500463394709818,0.5,0.00463394709817738
16.98,0.00303965148847302,0.499544052276729,0.500455947723271,0.5,0.00455947723270955
16.99,0.00298952491528759,0.499551571262707,0.500448428737293,0.5,0.00448428737293116
17,0.00293892626146237,0.499559161060781,0.500440838939219,0.5,0.0044083893921934
17.01,0.00288786351711133,0.499566820472433,0.500433179527567,0.5,0.00433179527566718
17.02,0.00283634474563379,0.499574548288155,0.500425451711845,0.5,0.00425451711845048
17.03,0.00278437808244094,0.499582343287634,0.500417656712366,0.5,0.00417656712366155
17.04,0.00273197173367135,0.499590204239949,0.500409795760051,0.5,0.00409795760050707
17.05,0.00267913397489499,0.499598129903766,0.500401870096234,0.5,0.00401870096234269
17.06,0.00262587314980649,0.499606119027529,0.500393880972471,0.5,0.0039388097247095
17.07,0.00257219766890753,0.499614170349664,0.500385829650336,0.5,0.0038582965033615
17.08,0.0025181160081788,0.499622282598773,0.500377717401227,0.5,0.00377717401226829
17.09,0.00246363670774146,0.499630454493839,0.500369545506161,0.5,0.00369545506161195
17.1,0.00240876837050857,0.499638684744424,0.500361315255576,0.5,0.00361315255576283
17.11,0.00235351966082667,0.499646972050876,0.500353027949124,0.5,0.0035302794912398
17.12,0.00229789930310744,0.499655315104534,0.500344684895466,0.5,0.0034468489546613
17.13,0.00224191608045016,0.499663712587932,0.500336287412067,0.5,0.0033628741206751
17.14,0.00218557883325467,0.499672163175012,0.500327836824988,0.5,0.00327836824988187
17.15,0.00212889645782536,0.499680665531326,0.500319334468674,0.5,0.00319334468673826
17.16,0.00207187790496642,0.499689218314255,0.500310781685745,0.5,0.00310781685744943
17.17,0.00201453217856831,0.499697820173215,0.500302179826785,0.5,0.00302179826785265
17.18,0.00195686833418602,0.499706469749872,0.500293530250128,0.5,0.00293530250127905
17.19,0.001898895477609,0.499715165678359,0.500284834321641,0.5,0.00284834321641364
17.2,0.0018406227634234,0.499723906585486,0.500276093414514,0.5,0.00276093414513512
17.21,0.00178205939356625,0.499732691090965,0.500267308909035,0.5,0.00267308909034925
17.22,0.0017232146158726,0.499741517807619,0.500258482192381,0.5,0.00258482192380893
17.23,0.00166409772261494,0.499750385341608,0.500249614658392,0.5,0.00249614658392239
17.24,0.00160471804903604,0.499759292292645,0.500240707707355,0.5,0.00240707707355403
17.25,0.00154508497187473,0.499768237254219,0.500231762745781,0.5,0.00231762745781183
17.26,0.00148520790788517,0.499777218813817,0.500222781186183,0.5,0.00222781186182797
17.27,0.00142509631234988,0.499786235553147,0.500213764446853,0.5,0.00213764446852505
17.28,0.00136475967758662,0.499795286048362,0.500204713951638,0.5,0.00204713951638014
17.29,0.0013042075314495,0.499804368870283,0.500195631129717,0.5,0.00195631129717433
17.3,0.00124344943582427,0.499813482584626,0.500186517415374,0.5,0.00186517415373649
17.31,0.00118249498511864,0.499822625752232,0.500177374247768,0.5,0.00177374247767786
17.32,0.00112135380474691,0.499831796929288,0.500168203070712,0.5,0.00168203070712053
17.33,0.00106003554961026,0.499840994667558,0.500159005332442,0.5,0.00159005332441536
17.34,0.000998549902572048,0.499850217514614,0.500149782485386,0.5,0.00149782485385802
17.35,0.000936906572928622,0.499859464014061,0.500140535985939,0.5,0.001405359859393
17.36,0.000875115294876383,0.499868732705769,0.500131267294231,0.5,0.00131267294231435
17.37,0.000813185825974425,0.499878022126104,0.500121977873896,0.5,0.00121977873896145
17.38,0.000751127945603796,0.499887330808159,0.500112669191841,0.5,0.00112669191840581
17.39,0.000688951453423187,0.499896657281987,0.500103342718013,0.5,0.00103342718013488
17.4,0.000626666167821504,0.499906000074827,0.500093999925173,0.5,0.000939999251732271
17.41,0.000564281924367413,0.499915357711345,0.500084642288655,0.5,0.000846422886551235
17.42,0.000501808574256065,0.499924728713862,0.500075271286138,0.5,0.000752712861384064
17.43,0.000439255982753728,0.499934111602587,0.500065888397413,0.5,0.000658883974130609
17.44,0.000376634027639662,0.499943504895854,0.500056495104146,0.5,0.000564951041459594
17.45,0.000313952597646569,0.499952907110353,0.500047092889647,0.5,0.000470928896469935
17.46,0.000251221590898854,0.499962316761365,0.500037683238635,0.5,0.000376832386348447
17.47,0.000188450913349683,0.499971732362998,0.500028267637002,0.5,0.00028267637002477
17.48,0.000125650477216684,0.499981152428418,0.500018847571583,0.5,0.000188475715825198
17.49,6.28301994167634e-05,0.499990575470087,0.500009424529912,0.5,9.42452991251064e-05
17.5,4.28626419281931e-18,0.5,0.5,0.5,0
17.51,-6.28301994167726e-05,0.500009424529912,0.499990575470087,0.5,-9.42452991251064e-05
17.52,-0.000125650477216675,0.500018847571583,0.499981152428418,0.5,-0.000188475715825198
17.53,-0.000188450913349674,0.500028267637002,0.499971732362998,0.5,-0.00028267637002477
17.54,-0.000251221590898846,0.500037683238635,0.499962316761365,0.5,-0.000376832386348447
17.55,-0.000313952597646561,0.500047092889647,0.499952907110353,0.5,-0.000470928896469935
17.56,-0.000376634027639654,0.500056495104146,0.499943504895854,0.5,-0.000564951041459594
17.57,-0.00043925598275372,0.500065888397413,0.499934111602587,0.5,-0.000658883974130609
17.58,-0.000501808574256074,0.500075271286138,0.499924728713862,0.5,-0.000752712861384064
17.59,-0.000564281924367404,0.500084642288655,0.499915357711345,0.5,-0.000846422886551235
17.6,-0.000626666167821531,0.500093999925173,0.499906000074827,0.5,-0.000939999251732271
17.61,-0.000688951453423179,0.500103342718013,0.499896657281987,0.5,-0.00103342718013488
17.62,-0.000751127945603787,0.500112669191841,0.499887330808159,0.5,-0.00112669191840581
17.63,-0.000813185825974416,0.500121977873896,0.499878022126104,0.5,-0.00121977873896145
17.64,-0.000875115294876375,0.500131267294231,0.499868732705769,0.5,-0.00131267294231435
17.65,-0.000936906572928631,0.500140535985939,0.499859464014061,0.5,-0.001405359859393
17.66,-0.000998549902572039,0.500149782485386,0.499850217514614,0.5,-0.00149782485385802
17.67,-0.00106003554961027,0.500159005332442,0.499840994667558,0.5,-0.00159005332441536
17.68,-0.0011213538047469,0.500168203070712,0.499831796929288,0.5,-0.00168203070712053
17.69,-0.00118249498511863,0.500177374247768,0.499822625752232,0.5,-0.00177374247767786
17.7,-0.00124344943582426,0.500186517415374,0.499813482584626,0.5,-0.00186517415373649
17.71,-0.00130420753144949,0.500195631129717,0.499804368870283,0.5,-0.00195631129717433
17.72,-0.00136475967758661,0.500204713951638,0.499795286048362,0.5,-0.00204713951638014
17.73,-0.00142509631234988,0.500213764446853,0.499786235553147,0.5,-0.00213764446852505
17.74,-0.00148520790788518,0.500222781186183,0.499777218813817,0.5,-0.00222781186182797
17.75,-0.00154508497187472,0.500231762745781,0.499768237254219,0.5,-0.00231762745781183
17.76,-0.00160471804903605,0.500240707707355,0.499759292292645,0.5,-0.00240707707355403
17.77,-0.00166409772261493,0.500249614658392,0.499750385341608,0.5,-0.00249614658392239
17.78,-0.0017232146158726,0.500258482192381,0.499741517807619,0.5,-0.00258482192380893
17.79,-0.00178205939356624,0.500267308909035,0.499732691090965,0.5,-0.00267308909034925
17.8,-0.00184062276342339,0.500276093414514,0.499723906585486,0.5,-0.00276093414513512
17.81,-0.00189889547760899,0.500284834321641,0.499715165678359,0.5,-0.00284834321641364
17.82,-0.00195686833418601,0.500293530250128,0.499706469749872,0.5,-0.00293530250127905
17.83,-0.00201453217856832,0.500302179826785,0.499697820173215,0.5,-0.00302179826785265
17.84,-0.00207187790496641,0.500310781685745,0.499689218314255,0.5,-0.00310781685744943
17.85,-0.00212889645782536,0.500319334468674,0.499680665531326,0.5,-0.00319334468673826
17.86,-0.00218557883325466,0.500327836824988,0.499672163175012,0.5,-0.00327836824988187
17.87,-0.00224191608045016,0.500336287412067,0.499663712587932,0.5,-0.0033628741206751
17.88,-0.00229789930310743,0.500344684895466,0.499655315104534,0.5,-0.0034468489546613
17.89,-0.00235351966082667,0.500353027949124,0.499646972050876,0.5,-0.0035302794912398
17.9,-0.00240876837050859,0.500361315255576,0.499638684744424,0.5,-0.00361315255576283
17.91,-0.00246363670774145,0.500369545506161,0.499630454493839,0.5,-0.00369545506161195
17.92,-0.00251811600817881,0.500377717401227,0.499622282598773,0.5,-0.00377717401226829
17.93,-0.00257219766890752,0.500385829650336,0.499614170349664,0.5,-0.0038582965033615
17.94,-0.00262587314980648,0.500393880972471,0.499606119027529,0.5,-0.0039388097247095
17.95,-0.00267913397489498,0.500401870096234,0.499598129903766,0.5,-0.00401870096234269
17.96,-0.00273197173367134,0.500409795760051,0.499590204239949,0.5,-0.00409795760050707
17.97,-0.00278437808244093,0.500417656712366,0.499582343287634,0.5,-0.00417656712366155
17.98,-0.00283634474563379,0.500425451711845,0.499574548288155,0.5,-0.00425451711845048
17.99,-0.00288786351711134,0.500433179527567,0.499566820472433,0.5,-0.00433179527566718
18,-0.00293892626146236,0.500440838939219,0.499559161060781,0.5,-0.0044083893921934
18.01,-0.0029895249152876,0.500448428737293,0.499551571262707,0.5,-0.00448428737293116
18.02,-0.00303965148847302,0.500455947723271,0.499544052276729,0.5,-0.00455947723270955
18.03,-0.00308929806545167,0.500463394709818,0.499536605290182,0.5,-0.00463394709817738
18.04,-0.0031384568064535,0.500470768520968,0.499529231479032,0.5,-0.00470768520968029
18.05,-0.00318711994874344,0.500478067992312,0.499521932007688,0.5,-0.00478067992311537
18.06,-0.00323527980784721,0.500485291971177,0.499514708028823,0.5,-0.00485291971177082
18.07,-0.00328292877876478,0.500492439316815,0.499507560683185,0.5,-0.00492439316814725
18.08,-0.00333005933717126,0.500499508900576,0.499500491099424,0.5,-0.00499508900575707
18.09,-0.00337666404060512,0.500506499606091,0.499493500393909,0.5,-0.00506499606090755
18.1,-0.00342273552964345,0.500513410329447,0.499486589670553,0.5,-0.00513410329446518
18.11,-0.00346826652906402,0.50052023997936,0.49947976002064,0.5,-0.00520239979359599
18.12,-0.00351324984899425,0.500526987477349,0.499473012522651,0.5,-0.00526987477349139
18.13,-0.00355767838604643,0.500533651757907,0.499466348242093,0.5,-0.00533651757906983
18.14,-0.00360154512443953,0.500540231768666,0.499459768231334,0.5,-0.00540231768665911
18.15,-0.00364484313710706,0.500546726470566,0.499453273529434,0.5,-0.00546726470566083
18.16,-0.00368756558679087,0.500553134838019,0.499446865161981,0.5,-0.00553134838018637
18.17,-0.00372970572712091,0.500559455859068,0.499440544140932,0.5,-0.00559455859068136
18.18,-0.00377125690368052,0.500565688535552,0.499434311464448,0.5,-0.00565688535552056
18.19,-0.00381221255505725,0.500571831883259,0.499428168116741,0.5,-0.005718318832586
18.2,-0.00385256621387894,0.500577884932082,0.499422115067918,0.5,-0.00577884932081857
18.21,-0.00389231150783512,0.500583846726175,0.499416153273825,0.5,-0.00583846726175286
18.22,-0.00393144216068308,0.500589716324102,0.499410283675898,0.5,-0.00589716324102457
18.23,-0.00396995199323917,0.500595492798986,0.499404507201014,0.5,-0.00595492798985853
18.24,-0.00400783492435439,0.500601175238653,0.499398824761347,0.5,-0.00601175238653134
18.25,-0.00404508497187474,0.500606762745781,0.499393237254219,0.5,-0.00606762745781197
18.26,-0.00408169625358592,0.500612254438038,0.499387745561962,0.5,-0.0061225443803789
18.27,-0.00411766298814214,0.500617649448221,0.499382350551779,0.5,-0.00617649448221319
18.28,-0.00415297949597907,0.500622946924397,0.499377053075603,0.5,-0.00622946924396878
18.29,-0.0041876402002107,0.500628146030032,0.499371853969968,0.5,-0.00628146030031584
18.3,-0.00422163962751008,0.500633245944127,0.499366754055873,0.5,-0.00633245944126504
18.31,-0.00425497240897345,0.500638245861346,0.499361754138654,0.5,-0.00638245861346004
18.32,-0.00428763328096826,0.500643144992145,0.499356855007855,0.5,-0.00643144992145239
18.33,-0.00431961708596418,0.500647942562895,0.499352057437105,0.5,-0.00647942562894605
18.34,-0.00435091877334762,0.500652637816002,0.499347362183998,0.5,-0.00652637816002138
18.35,-0.00438153340021932,0.500657230010033,0.499342769989967,0.5,-0.006572300100329
18.36,-0.00441145613217476,0.500661718419826,0.499338281580174,0.5,-0.00661718419826207
18.37,-0.00444068224406772,0.50066610233661,0.49933389766339,0.5,-0.0066610233661013
18.38,-0.00446920712075631,0.500670381068113,0.499329618931887,0.5,-0.00670381068113457
18.39,-0.00449702625783186,0.500674553938675,0.499325446061325,0.5,-0.00674553938674771
18.4,-0.0045241352623301,0.50067862028935,0.49932137971065,0.5,-0.00678620289349507
18.41,-0.00455052985342498,0.500682579478014,0.499317420521986,0.5,-0.00682579478013756
18.42,-0.00457620586310459,0.500686430879466,0.499313569120534,0.5,-0.0068643087946571
18.43,-0.00460115923682935,0.500690173885524,0.499309826114476,0.5,-0.00690173885524392
18.44,-0.00462538603417229,0.500693807905126,0.499306192094874,0.5,-0.00693807905125854
18.45,-0.00464888242944126,0.500697332364416,0.499302667635584,0.5,-0.00697332364416187
18.46,-0.00467164471228306,0.500700746706843,0.499299253293158,0.5,-0.00700746706842476
18.47,-0.00469366928826937,0.50070405039324,0.49929594960676,0.5,-0.00704050393240396
18.48,-0.00471495267946432,0.50070724290192,0.49929275709808,0.5,-0.00707242901919675
18.49,-0.00473549152497372,0.500710323728746,0.499289676271254,0.5,-0.00710323728746048
18.5,-0.00475528258147577,0.500713292387221,0.499286707612779,0.5,-0.0071329238722137
18.51,-0.00477432272373322,0.50071614840856,0.49928385159144,0.5,-0.00716148408559963
18.52,-0.00479260894508688,0.500718891341763,0.499281108658237,0.5,-0.00718891341763034
18.53,-0.00481013835793043,0.50072152075369,0.49927847924631,0.5,-0.00721520753689586
18.54,-0.00482690819416637,0.500724036229125,0.499275963770875,0.5,-0.0072403622912498
18.55,-0.00484291580564315,0.500726437370846,0.499273562629154,0.5,-0.00726437370846461
18.56,-0.00485815866457337,0.500728723799686,0.499271276200314,0.5,-0.00728723799686026
18.57,-0.00487263436393289,0.50073089515459,0.49926910484541,0.5,-0.00730895154589906
18.58,-0.00488634061784097,0.500732951092676,0.499267048907324,0.5,-0.00732951092676126
18.59,-0.00489927526192123,0.500734891289288,0.499265108710712,0.5,-0.00734891289288164
18.6,-0.00491143625364345,0.500736715438047,0.499263284561953,0.5,-0.00736715438046542
18.61,-0.00492282167264602,0.500738423250897,0.499261576749103,0.5,-0.00738423250896902
18.62,-0.00493342972103934,0.500740014458156,0.499259985541844,0.5,-0.00740014458155885
18.63,-0.00494325872368957,0.500741488808553,0.499258511191447,0.5,-0.00741488808553431
18.64,-0.00495230712848326,0.500742846069272,0.499257153930728,0.5,-0.00742846069272468
18.65,-0.00496057350657239,0.500744086025986,0.499255913974014,0.5,-0.00744086025985857
18.66,-0.00496805655260004,0.50074520848289,0.49925479151711,0.5,-0.00745208482890031
18.67,-0.0049747550849065,0.500746213262736,0.499253786737264,0.5,-0.00746213262735967
18.68,-0.00498066804571586,0.500747100206857,0.499252899793143,0.5,-0.00747100206857393
18.69,-0.00498579450130307,0.500747869175195,0.499252130824805,0.5,-0.00747869175195454
18.7,-0.00499013364214136,0.500748520046321,0.499251479953679,0.5,-0.00748520046321199
18.71,-0.00499368478303009,0.500749052717455,0.499250947282545,0.5,-0.00749052717454513
18.72,-0.00499644736320295,0.50074946710448,0.49925053289552,0.5,-0.00749467104480428
18.73,-0.0049984209464165,0.500749763141963,0.499250236858038,0.5,-0.00749763141962484
18.74,-0.00499960522101908,0.500749940783153,0.499250059216847,0.5,-0.00749940783152853
18.75,-0.005,0.50075,0.49925,0.5,-0.00750000000000001
18.76,-0.00499960522101908,0.500749940783153,0.499250059216847,0.5,-0.00749940783152853
18.77,-0.0049984209464165,0.500749763141963,0.499250236858038,0.5,-0.00749763141962484
18.78,-0.00499644736320295,0.50074946710448,0.49925053289552,0.5,-0.00749467104480428
18.79,-0.00499368478303009,0.500749052717455,0.499250947282545,0.5,-0.00749052717454513
18.8,-0.00499013364214136,0.500748520046321,0.499251479953679,0.5,-0.00748520046321199
18.81,-0.00498579450130307,0.500747869175195,0.499252130824805,0.5,-0.00747869175195454
18.82,-0.00498066804571586,0.500747100206857,0.499252899793143,0.5,-0.00747100206857393
18.83,-0.0049747550849065,0.500746213262736,0.499253786737264,0.5,-0.00746213262735967
18.84,-0.00496805655260004,0.50074520848289,0.49925479151711,0.5,-0.00745208482890031
18.85,-0.00496057350657239,0.500744086025986,0.499255913974014,0.5,-0.00744086025985857
18.86,-0.00495230712848326,0.500742846069272,0.499257153930728,0.5,-0.00742846069272468
18.87,-0.00494325872368957,0.500741488808553,0.499258511191447,0.5,-0.00741488808553431
18.88,-0.00493342972103934,0.500740014458156,0.499259985541844,0.5,-0.00740014458155885
18.89,-0.00492282167264603,0.500738423250897,0.499261576749103,0.5,-0.00738423250896902
18.9,-0.00491143625364344,0.500736715438047,0.499263284561953,0.5,-0.00736715438046542
18.91,-0.00489927526192124,0.500734891289288,0.499265108710712,0.5,-0.00734891289288164
18.92,-0.00488634061784097,0.500732951092676,0.499267048907324,0.5,-0.00732951092676126
18.93,-0.00487263436393289,0.50073089515459,0.49926910484541,0.5,-0.00730895154589906
18.94,-0.00485815866457337,0.500728723799686,0.499271276200314,0.5,-0.00728723799686026
18.95,-0.00484291580564316,0.500726437370846,0.499273562629154,0.5,-0.00726437370846461
18.96,-0.00482690819416637,0.500724036229125,0.499275963770875,0.5,-0.0072403622912498
18.97,-0.00481013835793043,0.50072152075369,0.49927847924631,0.5,-0.00721520753689586
18.98,-0.00479260894508688,0.500718891341763,0.499281108658237,0.5,-0.00718891341763034
18.99,-0.00477432272373322,0.50071614840856,0.49928385159144,0.5,-0.00716148408559963
19,-0.00475528258147577,0.500713292387221,0.499286707612779,0.5,-0.0071329238722137
19.01,-0.00473549152497372,0.500710323728746,0.499289676271254,0.5,-0.00710323728746048
19.02,-0.00471495267946433,0.50070724290192,0.49929275709808,0.5,-0.00707242901919675
19.03,-0.00469366928826937,0.50070405039324,0.49929594960676,0.5,-0.00704050393240396
19.04,-0.00467164471228306,0.500700746706843,0.499299253293158,0.5,-0.00700746706842476
19.05,-0.00464888242944126,0.500697332364416,0.499302667635584,0.5,-0.00697332364416187
19.06,-0.00462538603417229,0.500693807905126,0.499306192094874,0.5,-0.00693807905125854
19.07,-0.00460115923682935,0.500690173885524,0.499309826114476,0.5,-0.00690173885524392
19.08,-0.00457620586310459,0.500686430879466,0.499313569120534,0.5,-0.0068643087946571
19.09,-0.00455052985342498,0.500682579478014,0.499317420521986,0.5,-0.00682579478013756
19.1,-0.00452413526233009,0.50067862028935,0.49932137971065,0.5,-0.00678620289349507
19.11,-0.00449702625783186,0.500674553938675,0.499325446061325,0.5,-0.00674553938674771
19.12,-0.00446920712075632,0.500670381068113,0.499329618931887,0.5,-0.00670381068113457
19.13,-0.00444068224406772,0.50066610233661,0.49933389766339,0.5,-0.00666102336610158
19.14,-0.00441145613217477,0.500661718419826,0.499338281580174,0.5,-0.00661718419826207
19.15,-0.00438153340021931,0.500657230010033,0.499342769989967,0.5,-0.006572300100329
19.16,-0.00435091877334763,0.500652637816002,0.499347362183998,0.5,-0.00652637816002138
19.17,-0.00431961708596418,0.500647942562895,0.499352057437105,0.5,-0.00647942562894605
19.18,-0.00428763328096826,0.500643144992145,0.499356855007855,0.5,-0.00643144992145239
19.19,-0.00425497240897345,0.500638245861346,0.499361754138654,0.5,-0.00638245861346004
19.2,-0.00422163962751008,0.500633245944127,0.499366754055873,0.5,-0.00633245944126504
19.21,-0.00418764020021071,0.500628146030032,0.499371853969968,0.5,-0.00628146030031584
19.22,-0.00415297949597907,0.500622946924397,0.499377053075603,0.5,-0.00622946924396878
19.23,-0.00411766298814214,0.500617649448221,0.499382350551779,0.5,-0.00617649448221319
19.24,-0.00408169625358592,0.500612254438038,0.499387745561962,0.5,-0.0061225443803789
19.25,-0.00404508497187473,0.500606762745781,0.499393237254219,0.5,-0.00606762745781197
19.26,-0.00400783492435438,0.500601175238653,0.499398824761347,0.5,-0.00601175238653134
19.27,-0.00396995199323918,0.500595492798986,0.499404507201014,0.5,-0.00595492798985853
19.28,-0.00393144216068309,0.500589716324102,0.499410283675898,0.5,-0.00589716324102457
19.29,-0.00389231150783512,0.500583846726175,0.499416153273825,0.5,-0.00583846726175286
19.3,-0.00385256621387894,0.500577884932082,0.499422115067918,0.5,-0.00577884932081857
19.31,-0.00381221255505725,0.500571831883259,0.499428168116741,0.5,-0.005718318832586
19.32,-0.00377125690368052,0.500565688535552,0.499434311464448,0.5,-0.00565688535552056
19.33,-0.0037297057271209,0.500559455859068,0.499440544140932,0.5,-0.00559455859068136
19.34,-0.00368756558679088,0.500553134838019,0.499446865161981,0.5,-0.00553134838018637
19.35,-0.00364484313710706,0.500546726470566,0.499453273529434,0.5,-0.00546726470566083
19.36,-0.00360154512443954,0.500540231768666,0.499459768231334,0.5,-0.00540231768665911
19.37,-0.00355767838604643,0.500533651757907,0.499466348242093,0.5,-0.00533651757906983
19.38,-0.00351324984899425,0.500526987477349,0.499473012522651,0.5,-0.00526987477349139
19.39,-0.00346826652906402,0.50052023997936,0.49947976002064,0.5,-0.00520239979359599
19.4,-0.00342273552964343,0.500513410329447,0.499486589670553,0.5,-0.00513410329446518
19.41,-0.00337666404060513,0.500506499606091,0.499493500393909,0.5,-0.00506499606090755
19.42,-0.00333005933717125,0.500499508900576,0.499500491099424,0.5,-0.00499508900575707
19.43,-0.00328292877876479,0.500492439316815,0.499507560683185,0.5,-0.00492439316814725
19.44,-0.00323527980784722,0.500485291971177,0.499514708028823,0.5,-0.00485291971177082
19.45,-0.00318711994874345,0.500478067992312,0.499521932007688,0.5,-0.00478067992311537
19.46,-0.00313845680645351,0.500470768520968,0.499529231479032,0.5,-0.00470768520968029
19.47,-0.00308929806545168,0.500463394709818,0.499536605290182,0.5,-0.00463394709817738
19.48,-0.00303965148847302,0.500455947723271,0.499544052276729,0.5,-0.00455947723270955
19.49,-0.0029895249152876,0.500448428737293,0.499551571262707,0.5,-0.00448428737293116
19.5,-0.00293892626146237,0.500440838939219,0.499559161060781,0.5,-0.0044083893921934
19.51,-0.00288786351711133,0.500433179527567,0.499566820472433,0.5,-0.00433179527566718
19.52,-0.00283634474563379,0.500425451711845,0.499574548288155,0.5,-0.00425451711845048
19.53,-0.00278437808244094,0.500417656712366,0.499582343287634,0.5,-0.00417656712366155
19.54,-0.00273197173367135,0.500409795760051,0.499590204239949,0.5,-0.00409795760050707
19.55,-0.00267913397489499,0.500401870096234,0.499598129903766,0.5,-0.00401870096234269
19.56,-0.00262587314980649,0.500393880972471,0.499606119027529,0.5,-0.0039388097247095
19.57,-0.00257219766890753,0.500385829650336,0.499614170349664,0.5,-0.0038582965033615
19.58,-0.0025181160081788,0.500377717401227,0.499622282598773,0.5,-0.00377717401226829
19.59,-0.00246363670774146,0.500369545506161,0.499630454493839,0.5,-0.00369545506161195
19.6,-0.00240876837050857,0.500361315255576,0.499638684744424,0.5,-0.00361315255576283
19.61,-0.00235351966082667,0.500353027949124,0.499646972050876,0.5,-0.0035302794912398
19.62,-0.00229789930310744,0.500344684895466,0.499655315104534,0.5,-0.0034468489546613
19.63,-0.00224191608045016,0.500336287412067,0.499663712587932,0.5,-0.0033628741206751
19.64,-0.00218557883325467,0.500327836824988,0.499672163175012,0.5,-0.00327836824988187
19.65,-0.00212889645782536,0.500319334468674,0.499680665531326,0.5,-0.00319334468673826
19.66,-0.00207187790496642,0.500310781685745,0.499689218314255,0.5,-0.00310781685744943
19.67,-0.00201453217856831,0.500302179826785,0.499697820173215,0.5,-0.00302179826785265
19.68,-0.00195686833418602,0.500293530250128,0.499706469749872,0.5,-0.00293530250127905
19.69,-0.001898895477609,0.500284834321641,0.499715165678359,0.5,-0.00284834321641364
19.7,-0.0018406227634234,0.500276093414514,0.499723906585486,0.5,-0.00276093414513512
19.71,-0.00178205939356625,0.500267308909035,0.499732691090965,0.5,-0.00267308909034925
19.72,-0.0017232146158726,0.500258482192381,0.499741517807619,0.5,-0.00258482192380893
19.73,-0.00166409772261494,0.500249614658392,0.499750385341608,0.5,-0.00249614658392239
19.74,-0.00160471804903604,0.500240707707355,0.499759292292645,0.5,-0.00240707707355403
19.75,-0.00154508497187475,0.500231762745781,0.499768237254219,0.5,-0.00231762745781211
19.76,-0.00148520790788517,0.500222781186183,0.499777218813817,0.5,-0.00222781186182797
19.77,-0.00142509631234988,0.500213764446853,0.499786235553147,0.5,-0.00213764446852505
19.78,-0.00136475967758662,0.500204713951638,0.499795286048362,0.5,-0.00204713951638014
19.79,-0.0013042075314495,0.500195631129717,0.499804368870283,0.5,-0.00195631129717433
19.8,-0.00124344943582427,0.500186517415374,0.499813482584626,0.5,-0.00186517415373649
19.81,-0.00118249498511864,0.500177374247768,0.499822625752232,0.5,-0.00177374247767786
19.82,-0.00112135380474691,0.500168203070712,0.499831796929288,0.5,-0.00168203070712053
19.83,-0.00106003554961027,0.500159005332442,0.499840994667558,0.5,-0.00159005332441536
19.84,-0.000998549902572048,0.500149782485386,0.499850217514614,0.5,-0.00149782485385802
19.85,-0.000936906572928623,0.500140535985939,0.499859464014061,0.5,-0.001405359859393
19.86,-0.000875115294876384,0.500131267294231,0.499868732705769,0.5,-0.00131267294231435
19.87,-0.000813185825974425,0.500121977873896,0.499878022126104,0.5,-0.00121977873896145
19.88,-0.000751127945603796,0.500112669191841,0.499887330808159,0.5,-0.00112669191840581
19.89,-0.000688951453423188,0.500103342718013,0.499896657281987,0.5,-0.00103342718013488
19.9,-0.000626666167821505,0.500093999925173,0.499906000074827,0.5,-0.000939999251732271
19.91,-0.000564281924367414,0.500084642288655,0.499915357711345,0.5,-0.000846422886551235
19.92,-0.000501808574256066,0.500075271286138,0.499924728713862,0.5,-0.000752712861384064
19.93,-0.000439255982753729,0.500065888397413,0.499934111602587,0.5,-0.000658883974130609
19.94,-0.000376634027639663,0.500056495104146,0.499943504895854,0.5,-0.000564951041459594
19.95,-0.00031395259764657,0.500047092889647,0.499952907110353,0.5,-0.000470928896469935
19.96,-0.000251221590898855,0.500037683238635,0.499962316761365,0.5,-0.000376832386348447
19.97,-0.000188450913349684,0.500028267637002,0.499971732362998,0.5,-0.00028267637002477
19.98,-0.000125650477216684,0.500018847571583,0.499981152428418,0.5,-0.000188475715825198
19.99,-6.2830199416764e-05,0.500009424529912,0.499990575470087,0.5,-9.42452991251064e-05
20,-4.8985871963705e-18,0.5,0.5,0.5,0
20.01,6.2830199416772e-05,0.499990575470087,0.500009424529912,0.5,9.42452991251064e-05
20.02,0.000125650477216675,0.499981152428418,0.500018847571583,0.5,0.000188475715825198
20.03,0.000188450913349674,0.499971732362998,0.500028267637002,0.5,0.00028267637002477
20.04,0.000251221590898845,0.499962316761365,0.500037683238635,0.5,0.000376832386348447
20.05,0.00031395259764656,0.499952907110353,0.500047092889647,0.5,0.000470928896469935
20.06,0.000376634027639653,0.499943504895854,0.500056495104146,0.5,0.000564951041459594
20.07,0.000439255982753719,0.499934111602587,0.500065888397413,0.5,0.000658883974130609
20.08,0.000501808574256074,0.499924728713862,0.500075271286138,0.5,0.000752712861384064
20.09,0.000564281924367404,0.499915357711345,0.500084642288655,0.5,0.000846422886551235
20.1,0.00062666616782153,0.499906000074827,0.500093999925173,0.5,0.000939999251732271
20.11,0.000688951453423178,0.499896657281987,0.500103342718013,0.5,0.00103342718013488
20.12,0.000751127945603787,0.499887330808159,0.500112669191841,0.5,0.00112669191840581
20.13,0.000813185825974416,0.499878022126104,0.500121977873896,0.5,0.00121977873896145
20.14,0.000875115294876374,0.499868732705769,0.500131267294231,0.5,0.00131267294231435
20.15,0.00093690657292863,0.499859464014061,0.500140535985939,0.5,0.001405359859393
20.16,0.000998549902572039,0.499850217514614,0.500149782485386,0.5,0.00149782485385802
20.17,0.00106003554961027,0.499840994667558,0.500159005332442,0.5,0.00159005332441536
20.18,0.0011213538047469,0.499831796929288,0.500168203070712,0.5,0.00168203070712053
20.19,0.00118249498511863,0.499822625752232,0.500177374247768,0.5,0.00177374247767786
20.2,0.00124344943582426,0.499813482584626,0.500186517415374,0.5,0.00186517415373649
20.21,0.00130420753144949,0.499804368870283,0.500195631129717,0.5,0.00195631129717433
20.22,0.00136475967758661,0.499795286048362,0.500204713951638,0.5,0.00204713951638014
20.23,0.00142509631234987,0.499786235553147,0.500213764446853,0.5,0.00213764446852505
20.24,0.00148520790788518,0.499777218813817,0.500222781186183,0.5,0.00222781186182797
20.25,0.00154508497187474,0.499768237254219,0.500231762745781,0.5,0.00231762745781211
20.26,0.00160471804903605,0.499759292292645,0.500240707707355,0.5,0.00240707707355403
20.27,0.00166409772261493,0.499750385341608,0.500249614658392,0.5,0.00249614658392239
20.28,0.00172321461587259,0.499741517807619,0.500258482192381,0.5,0.00258482192380893
20.29,0.00178205939356624,0.499732691090965,0.500267308909035,0.5,0.00267308909034925
20.3,0.00184062276342339,0.499723906585486,0.500276093414514,0.5,0.00276093414513512
20.31,0.00189889547760899,0.499715165678359,0.500284834321641,0.5,0.00284834321641364
20.32,0.00195686833418601,0.499706469749872,0.500293530250128,0.5,0.00293530250127905
20.33,0.00201453217856832,0.499697820173215,0.500302179826785,0.5,0.00302179826785265
20.34,0.00207187790496641,0.499689218314255,0.500310781685745,0.5,0.00310781685744943
20.35,0.00212889645782536,0.499680665531326,0.500319334468674,0.5,0.00319334468673826
20.36,0.00218557883325466,0.499672163175012,0.500327836824988,0.5,0.00327836824988187
20.37,0.00224191608045015,0.499663712587932,0.500336287412067,0.5,0.0033628741206751
20.38,0.00229789930310743,0.499655315104534,0.500344684895466,0.5,0.0034468489546613
20.39,0.00235351966082667,0.499646972050876,0.500353027949124,0.5,0.0035302794912398
20.4,0.00240876837050859,0.499638684744424,0.500361315255576,0.5,0.00361315255576283
20.41,0.00246363670774145,0.499630454493839,0.500369545506161,0.5,0.00369545506161195
20.42,0.00251811600817881,0.499622282598773,0.500377717401227,0.5,0.00377717401226829
20.43,0.00257219766890752,0.499614170349664,0.500385829650336,0.5,0.0038582965033615
20.44,0.00262587314980648,0.499606119027529,0.500393880972471,0.5,0.0039388097247095
20.45,0.00267913397489498,0.499598129903766,0.500401870096234,0.5,0.00401870096234269
20.46,0.00273197173367134,0.499590204239949,0.500409795760051,0.5,0.00409795760050707
20.47,0.00278437808244093,0.499582343287634,0.500417656712366,0.5,0.00417656712366155
20.48,0.00283634474563378,0.499574548288155,0.500425451711845,0.5,0.00425451711845048
20.49,0.00288786351711134,0.499566820472433,0.500433179527567,0.5,0.00433179527566718
20.5,0.00293892626146236,0.499559161060781,0.500440838939219,0.5,0.0044083893921934
20.51,0.0029895249152876,0.499551571262707,0.500448428737293,0.5,0.00448428737293116
20.52,0.00303965148847302,0.499544052276729,0.500455947723271,0.5,0.00455947723270955
20.53,0.00308929806545167,0.499536605290182,0.500463394709818,0.5,0.00463394709817738
20.54,0.0031384568064535,0.499529231479032,0.500470768520968,0.5,0.00470768520968029
20.55,0.00318711994874344,0.499521932007688,0.500478067992312,0.5,0.00478067992311537
20.56,0.00323527980784721,0.499514708028823,0.500485291971177,0.5,0.00485291971177082
20.57,0.00328292877876478,0.499507560683185,0.500492439316815,0.5,0.00492439316814725
20.58,0.00333005933717126,0.499500491099424,0.500499508900576,0.5,0.00499508900575707
20.59,0.00337666404060512,0.499493500393909,0.500506499606091,0.5,0.00506499606090755
20.6,0.00342273552964345,0.499486589670553,0.500513410329447,0.5,0.00513410329446518
20.61,0.00346826652906402,0.49947976002064,0.50052023997936,0.5,0.00520239979359599
20.62,0.00351324984899425,0.499473012522651,0.500526987477349,0.5,0.00526987477349139
20.63,0.00355767838604643,0.499466348242093,0.500533651757907,0.5,0.00533651757906983
20.64,0.00360154512443953,0.499459768231334,0.500540231768666,0.5,0.00540231768665911
20.65,0.00364484313710706,0.499453273529434,0.500546726470566,0.5,0.00546726470566083
20.66,0.00368756558679087,0.499446865161981,0.500553134838019,0.5,0.00553134838018637
20.67,0.00372970572712091,0.499440544140932,0.500559455859068,0.5,0.00559455859068136
20.68,0.00377125690368052,0.499434311464448,0.500565688535552,0.5,0.00565688535552056
20.69,0.00381221255505725,0.499428168116741,0.500571831883259,0.5,0.005718318832586
20.7,0.00385256621387894,0.499422115067918,0.500577884932082,0.5,0.00577884932081857
20.71,0.00389231150783512,0.499416153273825,0.500583846726175,0.5,0.00583846726175286
20.72,0.00393144216068308,0.499410283675898,0.500589716324102,0.5,0.00589716324102457
20.73,0.00396995199323917,0.499404507201014,0.500595492798986,0.5,0.00595492798985853
20.74,0.00400783492435439,0.499398824761347,0.500601175238653,0.5,0.00601175238653134
20.75,0.00404508497187473,0.499393237254219,0.500606762745781,0.5,0.00606762745781197
20.76,0.00408169625358592,0.499387745561962,0.500612254438038,0.5,0.0061225443803789
20.77,0.00411766298814214,0.499382350551779,0.500617649448221,0.5,0.00617649448221319
20.78,0.00415297949597907,0.499377053075603,0.500622946924397,0.5,0.00622946924396878
20.79,0.0041876402002107,0.499371853969968,0.500628146030032,0.5,0.00628146030031584
20.8,0.00422163962751008,0.499366754055873,0.500633245944127,0.5,0.00633245944126504
20.81,0.00425497240897345,0.499361754138654,0.500638245861346,0.5,0.00638245861346004
20.82,0.00428763328096826,0.499356855007855,0.500643144992145,0.5,0.00643144992145239
20.83,0.00431961708596418,0.499352057437105,0.500647942562895,0.5,0.00647942562894605
20.84,0.00435091877334762,0.499347362183998,0.500652637816002,0.5,0.00652637816002138
20.85,0.00438153340021932,0.499342769989967,0.500657230010033,0.5,0.006572300100329
20.86,0.00441145613217476,0.499338281580174,0.500661718419826,0.5,0.00661718419826207
20.87,0.00444068224406772,0.49933389766339,0.50066610233661,0.5,0.0066610233661013
20.88,0.00446920712075631,0.499329618931887,0.500670381068113,0.5,0.00670381068113457
20.89,0.00449702625783186,0.499325446061325,0.500674553938675,0.5,0.00674553938674771
20.9,0.0045241352623301,0.49932137971065,0.50067862028935,0.5,0.00678620289349507
20.91,0.00455052985342498,0.499317420521986,0.500682579478014,0.5,0.00682579478013756
20.92,0.00457620586310459,0.499313569120534,0.500686430879466,0.5,0.0068643087946571
20.93,0.00460115923682935,0.499309826114476,0.500690173885524,0.5,0.00690173885524392
20.94,0.00462538603417229,0.499306192094874,0.500693807905126,0.5,0.00693807905125854
20.95,0.00464888242944126,0.499302667635584,0.500697332364416,0.5,0.00697332364416187
20.96,0.00467164471228306,0.499299253293158,0.500700746706843,0.5,0.00700746706842476
20.97,0.00469366928826937,0.49929594960676,0.50070405039324,0.5,0.00704050393240396
20.98,0.00471495267946432,0.49929275709808,0.50070724290192,0.5,0.00707242901919675
20.99,0.00473549152497372,0.499289676271254,0.500710323728746,0.5,0.00710323728746048
21,0.00475528258147577,0.499286707612779,0.500713292387221,0.5,0.0071329238722137
21.01,0.00477432272373322,0.49928385159144,0.50071614840856,0.5,0.00716148408559963
21.02,0.00479260894508688,0.499281108658237,0.500718891341763,0.5,0.00718891341763034
21.03,0.00481013835793043,0.49927847924631,0.50072152075369,0.5,0.00721520753689586
21.04,0.00482690819416637,0.499275963770875,0.500724036229125,0.5,0.0072403622912498
21.05,0.00484291580564315,0.499273562629154,0.500726437370846,0.5,0.00726437370846461
21.06,0.00485815866457337,0.499271276200314,0.500728723799686,0.5,0.00728723799686026
21.07,0.00487263436393289,0.49926910484541,0.50073089515459,0.5,0.00730895154589906
21.08,0.00488634061784097,0.499267048907324,0.500732951092676,0.5,0.00732951092676126
21.09,0.00489927526192123,0.499265108710712,0.500734891289288,0.5,0.00734891289288164
21.1,0.00491143625364345,0.499263284561953,0.500736715438047,0.5,0.00736715438046542
21.11,0.00492282167264602,0.499261576749103,0.500738423250897,0.5,0.00738423250896902
21.12,0.00493342972103934,0.499259985541844,0.500740014458156,0.5,0.00740014458155885
21.13,0.00494325872368957,0.499258511191447,0.500741488808553,0.5,0.00741488808553431
21.14,0.00495230712848326,0.499257153930728,0.500742846069272,0.5,0.00742846069272468
21.15,0.00496057350657239,0.499255913974014,0.500744086025986,0.5,0.00744086025985857
21.16,0.00496805655260004,0.49925479151711,0.50074520848289,0.5,0.00745208482890031
21.17,0.0049747550849065,0.499253786737264,0.500746213262736,0.5,0.00746213262735967
21.18,0.00498066804571586,0.499252899793143,0.500747100206857,0.5,0.00747100206857393
21.19,0.00498579450130307,0.499252130824805,0.500747869175195,0.5,0.00747869175195454
21.2,0.00499013364214136,0.499251479953679,0.500748520046321,0.5,0.00748520046321199
21.21,0.00499368478303009,0.499250947282545,0.500749052717455,0.5,0.00749052717454513
21.22,0.00499644736320295,0.49925053289552,0.50074946710448,0.5,0.00749467104480428
21.23,0.0049984209464165,0.499250236858038,0.500749763141963,0.5,0.00749763141962484
21.24,0.00499960522101908,0.499250059216847,0.500749940783153,0.5,0.00749940783152853
21.25,0.005,0.49925,0.50075,0.5,0.00750000000000001
21.26,0.00499960522101908,0.499250059216847,0.500749940783153,0.5,0.00749940783152853
21.27,0.0049984209464165,0.499250236858038,0.500749763141963,0.5,0.00749763141962484
21.28,0.00499644736320295,0.49925053289552,0.50074946710448,0.5,0.00749467104480428
21.29,0.00499368478303009,0.499250947282545,0.500749052717455,0.5,0.00749052717454513
21.3,0.00499013364214136,0.499251479953679,0.500748520046321,0.5,0.00748520046321199
21.31,0.00498579450130307,0.499252130824805,0.500747869175195,0.5,0.00747869175195454
21.32,0.00498066804571586,0.499252899793143,0.500747100206857,0.5,0.00747100206857393
21.33,0.0049747550849065,0.499253786737264,0.500746213262736,0.5,0.00746213262735967
21.34,0.00496805655260004,0.49925479151711,0.50074520848289,0.5,0.00745208482890031
21.35,0.00496057350657239,0.499255913974014,0.500744086025986,0.5,0.00744086025985857
21.36,0.00495230712848326,0.499257153930728,0.500742846069272,0.5,0.00742846069272468
21.37,0.00494325872368957,0.499258511191447,0.500741488808553,0.5,0.00741488808553431
21.38,0.00493342972103934,0.499259985541844,0.500740014458156,0.5,0.00740014458155885
21.39,0.00492282167264603,0.499261576749103,0.500738423250897,0.5,0.00738423250896902
21.4,0.00491143625364344,0.499263284561953,0.500736715438047,0.5,0.00736715438046542
21.41,0.00489927526192124,0.499265108710712,0.500734891289288,0.5,0.00734891289288164
21.42,0.00488634061784097,0.499267048907324,0.500732951092676,0.5,0.00732951092676126
21.43,0.00487263436393289,0.49926910484541,0.50073089515459,0.5,0.00730895154589906
21.44,0.00485815866457337,0.499271276200314,0.500728723799686,0.5,0.00728723799686026
21.45,0.00484291580564316,0.499273562629154,0.500726437370846,0.5,0.00726437370846461
21.46,0.00482690819416637,0.499275963770875,0.500724036229125,0.5,0.0072403622912498
21.47,0.00481013835793043,0.49927847924631,0.50072152075369,0.5,0.00721520753689586
21.48,0.00479260894508688,0.499281108658237,0.500718891341763,0.5,0.00718891341763034
21.49,0.00477432272373322,0.49928385159144,0.50071614840856,0.5,0.00716148408559963
21.5,0.00475528258147577,0.499286707612779,0.500713292387221,0.5,0.0071329238722137
21.51,0.00473549152497372,0.499289676271254,0.500710323728746,0.5,0.00710323728746048
21.52,0.00471495267946433,0.49929275709808,0.50070724290192,0.5,0.00707242901919675
21.53,0.00469366928826937,0.49929594960676,0.50070405039324,0.5,0.00704050393240396
21.54,0.00467164471228306,0.499299253293158,0.500700746706843,0.5,0.00700746706842476
21.55,0.00464888242944126,0.499302667635584,0.500697332364416,0.5,0.00697332364416187
21.56,0.00462538603417229,0.499306192094874,0.500693807905126,0.5,0.00693807905125854
21.57,0.00460115923682935,0.499309826114476,0.500690173885524,0.5,0.00690173885524392
21.58,0.00457620586310459,0.499313569120534,0.500686430879466,0.5,0.0068643087946571
21.59,0.00455052985342498,0.499317420521986,0.500682579478014,0.5,0.00682579478013756
21.6,0.00452413526233009,0.49932137971065,0.50067862028935,0.5,0.00678620289349507
21.61,0.00449702625783186,0.499325446061325,0.500674553938675,0.5,0.00674553938674771
21.62,0.00446920712075632,0.499329618931887,0.500670381068113,0.5,0.00670381068113457
21.63,0.00444068224406772,0.49933389766339,0.50066610233661,0.5,0.00666102336610158
21.64,0.00441145613217477,0.499338281580174,0.500661718419826,0.5,0.00661718419826207
21.65,0.00438153340021932,0.499342769989967,0.500657230010033,0.5,0.006572300100329
21.66,0.00435091877334763,0.499347362183998,0.500652637816002,0.5,0.00652637816002138
21.67,0.00431961708596418,0.499352057437105,0.500647942562895,0.5,0.00647942562894605
21.68,0.00428763328096826,0.499356855007855,0.500643144992145,0.5,0.00643144992145239
21.69,0.00425497240897345,0.499361754138654,0.500638245861346,0.5,0.00638245861346004
21.7,0.00422163962751008,0.499366754055873,0.500633245944127,0.5,0.00633245944126504
21.71,0.00418764020021071,0.499371853969968,0.500628146030032,0.5,0.00628146030031584
21.72,0.00415297949597907,0.499377053075603,0.500622946924397,0.5,0.00622946924396878
21.73,0.00411766298814214,0.499382350551779,0.500617649448221,0.5,0.00617649448221319
21.74,0.00408169625358592,0.499387745561962,0.500612254438038,0.5,0.0061225443803789
21.75,0.00404508497187475,0.499393237254219,0.500606762745781,0.5,0.00606762745781197
21.76,0.00400783492435438,0.499398824761347,0.500601175238653,0.5,0.00601175238653134
21.77,0.00396995199323918,0.499404507201014,0.500595492798986,0.5,0.00595492798985853
21.78,0.00393144216068309,0.499410283675898,0.500589716324102,0.5,0.00589716324102457
21.79,0.00389231150783512,0.499416153273825,0.500583846726175,0.5,0.00583846726175286
21.8,0.00385256621387895,0.499422115067918,0.500577884932082,0.5,0.00577884932081857
21.81,0.00381221255505725,0.499428168116741,0.500571831883259,0.5,0.005718318832586
21.82,0.00377125690368052,0.499434311464448,0.500565688535552,0.5,0.00565688535552056
21.83,0.00372970572712091,0.499440544140932,0.500559455859068,0.5,0.00559455859068136
21.84,0.00368756558679088,0.499446865161981,0.500553134838019,0.5,0.00553134838018637
21.85,0.00364484313710706,0.499453273529434,0.500546726470566,0.5,0.00546726470566083
21.86,0.00360154512443954,0.499459768231334,0.500540231768666,0.5,0.00540231768665911
21.87,0.00355767838604643,0.499466348242093,0.500533651757907,0.5,0.00533651757906983
21.88,0.00351324984899425,0.499473012522651,0.500526987477349,0.5,0.00526987477349139
21.89,0.00346826652906402,0.49947976002064,0.50052023997936,0.5,0.00520239979359599
21.9,0.00342273552964343,0.499486589670553,0.500513410329447,0.5,0.00513410329446518
21.91,0.00337666404060513,0.499493500393909,0.500506499606091,0.5,0.00506499606090755
21.92,0.00333005933717125,0.499500491099424,0.500499508900576,0.5,0.00499508900575707
21.93,0.00328292877876479,0.499507560683185,0.500492439316815,0.5,0.00492439316814725
21.94,0.00323527980784722,0.499514708028823,0.500485291971177,0.5,0.00485291971177082
21.95,0.00318711994874345,0.499521932007688,0.500478067992312,0.5,0.00478067992311537
21.96,0.00313845680645351,0.499529231479032,0.500470768520968,0.5,0.00470768520968029
21.97,0.00308929806545168,0.499536605290182,0.500463394709818,0.5,0.00463394709817738
21.98,0.00303965148847303,0.499544052276729,0.500455947723271,0.5,0.00455947723270955
21.99,0.0029895249152876,0.499551571262707,0.500448428737293,0.5,0.00448428737293116
22,0.00293892626146237,0.499559161060781,0.500440838939219,0.5,0.0044083893921934
22.01,0.00288786351711133,0.499566820472433,0.500433179527567,0.5,0.00433179527566718
22.02,0.00283634474563379,0.499574548288155,0.500425451711845,0.5,0.00425451711845048
22.03,0.00278437808244094,0.499582343287634,0.500417656712366,0.5,0.00417656712366155
22.04,0.00273197173367135,0.499590204239949,0.500409795760051,0.5,0.00409795760050707
22.05,0.00267913397489499,0.499598129903766,0.500401870096234,0.5,0.00401870096234269
22.06,0.00262587314980649,0.499606119027529,0.500393880972471,0.5,0.0039388097247095
22.07,0.00257219766890753,0.499614170349664,0.500385829650336,0.5,0.0038582965033615
22.08,0.00251811600817881,0.499622282598773,0.500377717401227,0.5,0.00377717401226829
22.09,0.00246363670774146,0.499630454493839,0.500369545506161,0.5,0.00369545506161195
22.1,0.00240876837050857,0.499638684744424,0.500361315255576,0.5,0.00361315255576283
22.11,0.00235351966082667,0.499646972050876,0.500353027949124,0.5,0.0035302794912398
22.12,0.00229789930310744,0.499655315104534,0.500344684895466,0.5,0.0034468489546613
22.13,0.00224191608045016,0.499663712587932,0.500336287412067,0.5,0.0033628741206751
22.14,0.00218557883325467,0.499672163175012,0.500327836824988,0.5,0.00327836824988187
22.15,0.00212889645782536,0.499680665531326,0.500319334468674,0.5,0.00319334468673826
22.16,0.00207187790496642,0.499689218314255,0.500310781685745,0.5,0.00310781685744943
22.17,0.00201453217856831,0.499697820173215,0.500302179826785,0.5,0.00302179826785265
22.18,0.00195686833418602,0.499706469749872,0.500293530250128,0.5,0.00293530250127905
22.19,0.001898895477609,0.499715165678359,0.500284834321641,0.5,0.00284834321641364
22.2,0.0018406227634234,0.499723906585486,0.500276093414514,0.5,0.00276093414513512
22.21,0.00178205939356625,0.499732691090965,0.500267308909035,0.5,0.00267308909034925
22.22,0.0017232146158726,0.499741517807619,0.500258482192381,0.5,0.00258482192380893
22.23,0.00166409772261494,0.499750385341608,0.500249614658392,0.5,0.00249614658392239
22.24,0.00160471804903604,0.499759292292645,0.500240707707355,0.5,0.00240707707355403
22.25,0.00154508497187473,0.499768237254219,0.500231762745781,0.5,0.00231762745781183
22.26,0.00148520790788517,0.499777218813817,0.500222781186183,0.5,0.00222781186182797
22.27,0.00142509631234988,0.499786235553147,0.500213764446853,0.5,0.00213764446852505
22.28,0.00136475967758662,0.499795286048362,0.500204713951638,0.5,0.00204713951638014
22.29,0.0013042075314495,0.499804368870283,0.500195631129717,0.5,0.00195631129717433
22.3,0.00124344943582427,0.499813482584626,0.500186517415374,0.5,0.00186517415373649
22.31,0.00118249498511864,0.499822625752232,0.500177374247768,0.5,0.00177374247767786
22.32,0.00112135380474691,0.499831796929288,0.500168203070712,0.5,0.00168203070712053
22.33,0.00106003554961027,0.499840994667558,0.500159005332442,0.5,0.00159005332441536
22.34,0.000998549902572049,0.499850217514614,0.500149782485386,0.5,0.00149782485385802
22.35,0.000936906572928623,0.499859464014061,0.500140535985939,0.5,0.001405359859393
22.36,0.000875115294876384,0.499868732705769,0.500131267294231,0.5,0.00131267294231435
22.37,0.000813185825974426,0.499878022126104,0.500121977873896,0.5,0.00121977873896145
22.38,0.000751127945603797,0.499887330808159,0.500112669191841,0.5,0.00112669191840581
22.39,0.000688951453423188,0.499896657281987,0.500103342718013,0.5,0.00103342718013488
22.4,0.000626666167821506,0.499906000074827,0.500093999925173,0.5,0.000939999251732271
22.41,0.000564281924367414,0.499915357711345,0.500084642288655,0.5,0.000846422886551235
22.42,0.000501808574256066,0.499924728713862,0.500075271286138,0.5,0.000752712861384064
22.43,0.00043925598275373,0.499934111602587,0.500065888397413,0.5,0.000658883974130609
22.44,0.000376634027639663,0.499943504895854,0.500056495104146,0.5,0.000564951041459594
22.45,0.000313952597646571,0.499952907110353,0.500047092889647,0.5,0.000470928896469935
22.46,0.000251221590898855,0.499962316761365,0.500037683238635,0.5,0.000376832386348447
22.47,0.000188450913349684,0.499971732362998,0.500028267637002,0.5,0.00028267637002477
22.48,0.000125650477216685,0.499981152428418,0.500018847571583,0.5,0.000188475715825198
22.49,6.28301994167646e-05,0.499990575470087,0.500009424529912,0.5,9.42452991251064e-05
22.5,5.51091059616321e-18,0.5,0.5,0.5,0
22.51,-6.28301994167714e-05,0.500009424529912,0.499990575470087,0.5,-9.42452991251064e-05
22.52,-0.000125650477216674,0.500018847571583,0.499981152428418,0.5,-0.000188475715825198
22.53,-0.000188450913349673,0.500028267637002,0.499971732362998,0.5,-0.00028267637002477
22.54,-0.000251221590898844,0.500037683238635,0.499962316761365,0.5,-0.000376832386348447
22.55,-0.00031395259764656,0.500047092889647,0.499952907110353,0.5,-0.000470928896469935
22.56,-0.000376634027639652,0.500056495104146,0.499943504895854,0.5,-0.000564951041459594
22.57,-0.000439255982753719,0.500065888397413,0.499934111602587,0.5,-0.000658883974130609
22.58,-0.000501808574256073,0.500075271286138,0.499924728713862,0.5,-0.000752712861384064
22.59,-0.000564281924367403,0.500084642288655,0.499915357711345,0.5,-0.000846422886551235
22.6,-0.00062666616782153,0.500093999925173,0.499906000074827,0.5,-0.000939999251732271
22.61,-0.000688951453423178,0.500103342718013,0.499896657281987,0.5,-0.00103342718013488
22.62,-0.000751127945603786,0.500112669191841,0.499887330808159,0.5,-0.00112669191840581
22.63,-0.000813185825974415,0.500121977873896,0.499878022126104,0.5,-0.00121977873896145
22.64,-0.000875115294876373,0.500131267294231,0.499868732705769,0.5,-0.00131267294231435
22.65,-0.00093690657292863,0.500140535985939,0.499859464014061,0.5,-0.001405359859393
22.66,-0.000998549902572038,0.500149782485386,0.499850217514614,0.5,-0.00149782485385802
22.67,-0.00106003554961027,0.500159005332442,0.499840994667558,0.5,-0.00159005332441536
22.68,-0.0011213538047469,0.500168203070712,0.499831796929288,0.5,-0.00168203070712053
22.69,-0.00118249498511863,0.500177374247768,0.499822625752232,0.5,-0.00177374247767786
22.7,-0.00124344943582426,0.500186517415374,0.499813482584626,0.5,-0.00186517415373649
22.71,-0.00130420753144949,0.500195631129717,0.499804368870283,0.5,-0.00195631129717433
22.72,-0.00136475967758661,0.500204713951638,0.499795286048362,0.5,-0.00204713951638014
22.73,-0.00142509631234987,0.500213764446853,0.499786235553147,0.5,-0.00213764446852505
22.74,-0.00148520790788518,0.500222781186183,0.499777218813817,0.5,-0.00222781186182797
22.75,-0.00154508497187472,0.500231762745781,0.499768237254219,0.5,-0.00231762745781183
22.76,-0.00160471804903605,0.500240707707355,0.499759292292645,0.5,-0.00240707707355403
22.77,-0.00166409772261493,0.500249614658392,0.499750385341608,0.5,-0.00249614658392239
22.78,-0.00172321461587259,0.500258482192381,0.499741517807619,0.5,-0.00258482192380893
22.79,-0.00178205939356624,0.500267308909035,0.499732691090965,0.5,-0.00267308909034925
22.8,-0.00184062276342339,0.500276093414514,0.499723906585486,0.5,-0.00276093414513512
22.81,-0.00189889547760899,0.500284834321641,0.499715165678359,0.5,-0.00284834321641364
22.82,-0.00195686833418601,0.500293530250128,0.499706469749872,0.5,-0.00293530250127905
22.83,-0.00201453217856832,0.500302179826785,0.499697820173215,0.5,-0.00302179826785265
22.84,-0.00207187790496641,0.500310781685745,0.499689218314255,0.5,-0.00310781685744943
22.85,-0.00212889645782536,0.500319334468674,0.499680665531326,0.5,-0.00319334468673826
22.86,-0.00218557883325466,0.500327836824988,0.499672163175012,0.5,-0.00327836824988187
22.87,-0.00224191608045015,0.500336287412067,0.499663712587932,0.5,-0.0033628741206751
22.88,-0.00229789930310743,0.500344684895466,0.499655315104534,0.5,-0.0034468489546613
22.89,-0.00235351966082666,0.500353027949124,0.499646972050876,0.5,-0.0035302794912398
22.9,-0.00240876837050859,0.500361315255576,0.499638684744424,0.5,-0.00361315255576283
22.91,-0.00246363670774145,0.500369545506161,0.499630454493839,0.5,-0.00369545506161195
22.92,-0.00251811600817881,0.500377717401227,0.499622282598773,0.5,-0.00377717401226829
22.93,-0.00257219766890752,0.500385829650336,0.499614170349664,0.5,-0.0038582965033615
22.94,-0.00262587314980648,0.500393880972471,0.499606119027529,0.5,-0.0039388097247095
22.95,-0.00267913397489498,0.500401870096234,0.499598129903766,0.5,-0.00401870096234269
22.96,-0.00273197173367134,0.500409795760051,0.499590204239949,0.5,-0.00409795760050707
22.97,-0.00278437808244093,0.500417656712366,0.499582343287634,0.5,-0.00417656712366155
22.98,-0.00283634474563378,0.500425451711845,0.499574548288155,0.5,-0.00425451711845048
22.99,-0.00288786351711134,0.500433179527567,0.499566820472433,0.5,-0.00433179527566718
23,-0.00293892626146236,0.500440838939219,0.499559161060781,0.5,-0.0044083893921934
23.01,-0.0029895249152876,0.500448428737293,0.499551571262707,0.5,-0.00448428737293116
23.02,-0.00303965148847302,0.500455947723271,0.499544052276729,0.5,-0.00455947723270955
23.03,-0.00308929806545167,0.500463394709818,0.499536605290182,0.5,-0.00463394709817738
23.04,-0.0031384568064535,0.500470768520968,0.499529231479032,0.5,-0.00470768520968029
23.05,-0.00318711994874344,0.500478067992312,0.499521932007688,0.5,-0.00478067992311537
23.06,-0.00323527980784721,0.500485291971177,0.499514708028823,0.5,-0.00485291971177082
23.07,-0.00328292877876478,0.500492439316815,0.499507560683185,0.5,-0.00492439316814725
23.08,-0.00333005933717126,0.500499508900576,0.499500491099424,0.5,-0.00499508900575707
23.09,-0.00337666404060512,0.500506499606091,0.499493500393909,0.5,-0.00506499606090755
23.1,-0.00342273552964345,0.500513410329447,0.499486589670553,0.5,-0.00513410329446518
23.11,-0.00346826652906402,0.50052023997936,0.49947976002064,0.5,-0.00520239979359599
23.12,-0.00351324984899425,0.500526987477349,0.499473012522651,0.5,-0.00526987477349139
23.13,-0.00355767838604642,0.500533651757907,0.499466348242093,0.5,-0.00533651757906983
23.14,-0.00360154512443953,0.500540231768666,0.499459768231334,0.5,-0.00540231768665911
23.15,-0.00364484313710706,0.500546726470566,0.499453273529434,0.5,-0.00546726470566083
23.16,-0.00368756558679087,0.500553134838019,0.499446865161981,0.5,-0.00553134838018637
23.17,-0.00372970572712091,0.500559455859068,0.499440544140932,0.5,-0.00559455859068136
23.18,-0.00377125690368052,0.500565688535552,0.499434311464448,0.5,-0.00565688535552056
23.19,-0.00381221255505725,0.500571831883259,0.499428168116741,0.5,-0.005718318832586
23.2,-0.00385256621387894,0.500577884932082,0.499422115067918,0.5,-0.00577884932081857
23.21,-0.00389231150783512,0.500583846726175,0.499416153273825,0.5,-0.00583846726175286
23.22,-0.00393144216068308,0.500589716324102,0.499410283675898,0.5,-0.00589716324102457
23.23,-0.00396995199323917,0.500595492798986,0.499404507201014,0.5,-0.00595492798985853
23.24,-0.00400783492435439,0.500601175238653,0.499398824761347,0.5,-0.00601175238653134
23.25,-0.00404508497187474,0.500606762745781,0.499393237254219,0.5,-0.00606762745781197
23.26,-0.00408169625358592,0.500612254438038,0.499387745561962,0.5,-0.0061225443803789
23.27,-0.00411766298814213,0.500617649448221,0.499382350551779,0.5,-0.00617649448221319
23.28,-0.00415297949597907,0.500622946924397,0.499377053075603,0.5,-0.00622946924396878
23.29,-0.0041876402002107,0.500628146030032,0.499371853969968,0.5,-0.00628146030031584
23.3,-0.00422163962751008,0.500633245944127,0.499366754055873,0.5,-0.00633245944126504
23.31,-0.00425497240897345,0.500638245861346,0.499361754138654,0.5,-0.00638245861346004
23.32,-0.00428763328096826,0.500643144992145,0.499356855007855,0.5,-0.00643144992145239
23.33,-0.00431961708596418,0.500647942562895,0.499352057437105,0.5,-0.00647942562894605
23.34,-0.00435091877334762,0.500652637816002,0.499347362183998,0.5,-0.00652637816002138
23.35,-0.00438153340021932,0.500657230010033,0.499342769989967,0.5,-0.006572300100329
23.36,-0.00441145613217476,0.500661718419826,0.499338281580174,0.5,-0.00661718419826207
23.37,-0.00444068224406772,0.50066610233661,0.49933389766339,0.5,-0.0066610233661013
23.38,-0.00446920712075631,0.500670381068113,0.499329618931887,0.5,-0.00670381068113457
23.39,-0.00449702625783186,0.500674553938675,0.499325446061325,0.5,-0.00674553938674771
23.4,-0.0045241352623301,0.50067862028935,0.49932137971065,0.5,-0.00678620289349507
23.41,-0.00455052985342498,0.500682579478014,0.499317420521986,0.5,-0.00682579478013756
23.42,-0.00457620586310459,0.500686430879466,0.499313569120534,0.5,-0.0068643087946571
23.43,-0.00460115923682935,0.500690173885524,0.499309826114476,0.5,-0.00690173885524392
23.44,-0.00462538603417229,0.500693807905126,0.499306192094874,0.5,-0.00693807905125854
23.45,-0.00464888242944126,0.500697332364416,0.499302667635584,0.5,-0.00697332364416187
23.46,-0.00467164471228306,0.500700746706843,0.499299253293158,0.5,-0.00700746706842476
23.47,-0.00469366928826937,0.50070405039324,0.49929594960676,0.5,-0.00704050393240396
23.48,-0.00471495267946432,0.50070724290192,0.49929275709808,0.5,-0.00707242901919675
23.49,-0.00473549152497372,0.500710323728746,0.499289676271254,0.5,-0.00710323728746048
23.5,-0.00475528258147577,0.500713292387221,0.499286707612779,0.5,-0.0071329238722137
23.51,-0.00477432272373322,0.50071614840856,0.49928385159144,0.5,-0.00716148408559963
23.52,-0.00479260894508688,0.500718891341763,0.499281108658237,0.5,-0.00718891341763034
23.53,-0.00481013835793043,0.50072152075369,0.49927847924631,0.5,-0.00721520753689586
23.54,-0.00482690819416637,0.500724036229125,0.499275963770875,0.5,-0.0072403622912498
23.55,-0.00484291580564315,0.500726437370846,0.499273562629154,0.5,-0.00726437370846461
23.56,-0.00485815866457337,0.500728723799686,0.499271276200314,0.5,-0.00728723799686026
23.57,-0.00487263436393289,0.50073089515459,0.49926910484541,0.5,-0.00730895154589906
23.58,-0.00488634061784097,0.500732951092676,0.499267048907324,0.5,-0.00732951092676126
23.59,-0.00489927526192123,0.500734891289288,0.499265108710712,0.5,-0.00734891289288164
23.6,-0.00491143625364345,0.500736715438047,0.499263284561953,0.5,-0.00736715438046542
23.61,-0.00492282167264602,0.500738423250897,0.499261576749103,0.5,-0.00738423250896902
23.62,-0.00493342972103934,0.500740014458156,0.499259985541844,0.5,-0.00740014458155885
23.63,-0.00494325872368957,0.500741488808553,0.499258511191447,0.5,-0.00741488808553431
23.64,-0.00495230712848326,0.500742846069272,0.499257153930728,0.5,-0.00742846069272468
23.65,-0.00496057350657239,0.500744086025986,0.499255913974014,0.5,-0.00744086025985857
23.66,-0.00496805655260004,0.50074520848289,0.49925479151711,0.5,-0.00745208482890031
23.67,-0.0049747550849065,0.500746213262736,0.499253786737264,0.5,-0.00746213262735967
23.68,-0.00498066804571586,0.500747100206857,0.499252899793143,0.5,-0.00747100206857393
23.69,-0.00498579450130307,0.500747869175195,0.499252130824805,0.5,-0.00747869175195454
23.7,-0.00499013364214136,0.500748520046321,0.499251479953679,0.5,-0.00748520046321199
23.71,-0.00499368478303009,0.500749052717455,0.499250947282545,0.5,-0.00749052717454513
23.72,-0.00499644736320295,0.50074946710448,0.49925053289552,0.5,-0.00749467104480428
23.73,-0.0049984209464165,0.500749763141963,0.499250236858038,0.5,-0.00749763141962484
23.74,-0.00499960522101908,0.500749940783153,0.499250059216847,0.5,-0.00749940783152853
23.75,-0.005,0.50075,0.49925,0.5,-0.00750000000000001
23.76,-0.00499960522101908,0.500749940783153,0.499250059216847,0.5,-0.00749940783152853
23.77,-0.0049984209464165,0.500749763141963,0.499250236858038,0.5,-0.00749763141962484
23.78,-0.00499644736320295,0.50074946710448,0.49925053289552,0.5,-0.00749467104480428
23.79,-0.00499368478303009,0.500749052717455,0.499250947282545,0.5,-0.00749052717454513
23.8,-0.00499013364214136,0.500748520046321,0.499251479953679,0.5,-0.00748520046321199
23.81,-0.00498579450130307,0.500747869175195,0.499252130824805,0.5,-0.00747869175195454
23.82,-0.00498066804571586,0.500747100206857,0.499252899793143,0.5,-0.00747100206857393
23.83,-0.0049747550849065,0.500746213262736,0.499253786737264,0.5,-0.00746213262735967
23.84,-0.00496805655260004,0.50074520848289,0.49925479151711,0.5,-0.00745208482890031
23.85,-0.00496057350657239,0.500744086025986,0.499255913974014,0.5,-0.00744086025985857
23.86,-0.00495230712848326,0.500742846069272,0.499257153930728,0.5,-0.00742846069272468
23.87,-0.00494325872368957,0.500741488808553,0.499258511191447,0.5,-0.00741488808553431
23.88,-0.00493342972103934,0.500740014458156,0.499259985541844,0.5,-0.00740014458155885
23.89,-0.00492282167264603,0.500738423250897,0.499261576749103,0.5,-0.00738423250896902
23.9,-0.00491143625364344,0.500736715438047,0.499263284561953,0.5,-0.00736715438046542
23.91,-0.00489927526192124,0.500734891289288,0.499265108710712,0.5,-0.00734891289288164
23.92,-0.00488634061784097,0.500732951092676,0.499267048907324,0.5,-0.00732951092676126
23.93,-0.00487263436393289,0.50073089515459,0.49926910484541,0.5,-0.00730895154589906
23.94,-0.00485815866457337,0.500728723799686,0.499271276200314,0.5,-0.00728723799686026
23.95,-0.00484291580564316,0.500726437370846,0.499273562629154,0.5,-0.00726437370846461
23.96,-0.00482690819416637,0.500724036229125,0.499275963770875,0.5,-0.0072403622912498
23.97,-0.00481013835793043,0.50072152075369,0.49927847924631,0.5,-0.00721520753689586
23.98,-0.00479260894508688,0.500718891341763,0.499281108658237,0.5,-0.00718891341763034
23.99,-0.00477432272373322,0.50071614840856,0.49928385159144,0.5,-0.00716148408559963
24,-0.00475528258147577,0.500713292387221,0.499286707612779,0.5,-0.0071329238722137
24.01,-0.00473549152497372,0.500710323728746,0.499289676271254,0.5,-0.00710323728746048
24.02,-0.00471495267946433,0.50070724290192,0.49929275709808,0.5,-0.00707242901919675
24.03,-0.00469366928826937,0.50070405039324,0.49929594960676,0.5,-0.00704050393240396
24.04,-0.00467164471228306,0.500700746706843,0.499299253293158,0.5,-0.00700746706842476
24.05,-0.00464888242944126,0.500697332364416,0.499302667635584,0.5,-0.00697332364416187
24.06,-0.00462538603417229,0.500693807905126,0.499306192094874,0.5,-0.00693807905125854
24.07,-0.00460115923682935,0.500690173885524,0.499309826114476,0.5,-0.00690173885524392
24.08,-0.00457620586310459,0.500686430879466,0.499313569120534,0.5,-0.0068643087946571
24.09,-0.00455052985342498,0.500682579478014,0.499317420521986,0.5,-0.00682579478013756
24.1,-0.00452413526233009,0.50067862028935,0.49932137971065,0.5,-0.00678620289349507
24.11,-0.00449702625783186,0.500674553938675,0.499325446061325,0.5,-0.00674553938674771
24.12,-0.00446920712075632,0.500670381068113,0.499329618931887,0.5,-0.00670381068113457
24.13,-0.00444068224406772,0.50066610233661,0.49933389766339,0.5,-0.00666102336610158
24.14,-0.00441145613217477,0.500661718419826,0.499338281580174,0.5,-0.00661718419826207
24.15,-0.00438153340021932,0.500657230010033,0.499342769989967,0.5,-0.006572300100329
24.16,-0.00435091877334763,0.500652637816002,0.499347362183998,0.5,-0.00652637816002138
24.17,-0.00431961708596418,0.500647942562895,0.499352057437105,0.5,-0.00647942562894605
24.18,-0.00428763328096826,0.500643144992145,0.499356855007855,0.5,-0.00643144992145239
24.19,-0.00425497240897346,0.500638245861346,0.499361754138654,0.5,-0.00638245861346004
24.2,-0.00422163962751008,0.500633245944127,0.499366754055873,0.5,-0.00633245944126504
24.21,-0.00418764020021071,0.500628146030032,0.499371853969968,0.5,-0.00628146030031584
24.22,-0.00415297949597907,0.500622946924397,0.499377053075603,0.5,-0.00622946924396878
24.23,-0.00411766298814214,0.500617649448221,0.499382350551779,0.5,-0.00617649448221319
24.24,-0.00408169625358592,0.500612254438038,0.499387745561962,0.5,-0.0061225443803789
24.25,-0.00404508497187474,0.500606762745781,0.499393237254219,0.5,-0.00606762745781197
24.26,-0.00400783492435438,0.500601175238653,0.499398824761347,0.5,-0.00601175238653134
24.27,-0.00396995199323918,0.500595492798986,0.499404507201014,0.5,-0.00595492798985853
24.28,-0.00393144216068309,0.500589716324102,0.499410283675898,0.5,-0.00589716324102457
24.29,-0.00389231150783512,0.500583846726175,0.499416153273825,0.5,-0.00583846726175286
24.3,-0.00385256621387895,0.500577884932082,0.499422115067918,0.5,-0.00577884932081857
24.31,-0.00381221255505723,0.500571831883259,0.499428168116741,0.5,-0.005718318832586
24.32,-0.00377125690368052,0.500565688535552,0.499434311464448,0.5,-0.00565688535552056
24.33,-0.00372970572712091,0.500559455859068,0.499440544140932,0.5,-0.00559455859068136
24.34,-0.00368756558679088,0.500553134838019,0.499446865161981,0.5,-0.00553134838018637
24.35,-0.00364484313710706,0.500546726470566,0.499453273529434,0.5,-0.00546726470566083
24.36,-0.00360154512443954,0.500540231768666,0.499459768231334,0.5,-0.00540231768665911
24.37,-0.00355767838604643,0.500533651757907,0.499466348242093,0.5,-0.00533651757906983
24.38,-0.00351324984899426,0.500526987477349,0.499473012522651,0.5,-0.00526987477349139
24.39,-0.00346826652906402,0.50052023997936,0.49947976002064,0.5,-0.00520239979359599
24.4,-0.00342273552964343,0.500513410329447,0.499486589670553,0.5,-0.00513410329446518
24.41,-0.00337666404060513,0.500506499606091,0.499493500393909,0.5,-0.00506499606090755
24.42,-0.00333005933717125,0.500499508900576,0.499500491099424,0.5,-0.00499508900575707
24.43,-0.00328292877876479,0.500492439316815,0.499507560683185,0.5,-0.00492439316814725
24.44,-0.00323527980784722,0.500485291971177,0.499514708028823,0.5,-0.00485291971177082
24.45,-0.00318711994874345,0.500478067992312,0.499521932007688,0.5,-0.00478067992311537
24.46,-0.00313845680645351,0.500470768520968,0.499529231479032,0.5,-0.00470768520968029
24.47,-0.00308929806545168,0.500463394709818,0.499536605290182,0.5,-0.00463394709817738
24.48,-0.00303965148847303,0.500455947723271,0.499544052276729,0.5,-0.00455947723270955
24.49,-0.0029895249152876,0.500448428737293,0.499551571262707,0.5,-0.00448428737293116
24.5,-0.00293892626146237,0.500440838939219,0.499559161060781,0.5,-0.0044083893921934
24.51,-0.00288786351711133,0.500433179527567,0.499566820472433,0.5,-0.00433179527566718
24.52,-0.00283634474563379,0.500425451711845,0.499574548288155,0.5,-0.00425451711845048
24.53,-0.00278437808244094,0.500417656712366,0.499582343287634,0.5,-0.00417656712366155
24.54,-0.00273197173367135,0.500409795760051,0.499590204239949,0.5,-0.00409795760050707
24.55,-0.00267913397489499,0.500401870096234,0.499598129903766,0.5,-0.00401870096234269
24.56,-0.00262587314980647,0.500393880972471,0.499606119027529,0.5,-0.0039388097247095
24.57,-0.00257219766890753,0.500385829650336,0.499614170349664,0.5,-0.0038582965033615
24.58,-0.00251811600817881,0.500377717401227,0.499622282598773,0.5,-0.00377717401226829
24.59,-0.00246363670774146,0.500369545506161,0.499630454493839,0.5,-0.00369545506161195
24.6,-0.00240876837050857,0.500361315255576,0.499638684744424,0.5,-0.00361315255576283
24.61,-0.00235351966082667,0.500353027949124,0.499646972050876,0.5,-0.0035302794912398
24.62,-0.00229789930310744,0.500344684895466,0.499655315104534,0.5,-0.0034468489546613
24.63,-0.00224191608045016,0.500336287412067,0.499663712587932,0.5,-0.0033628741206751
24.64,-0.00218557883325467,0.500327836824988,0.499672163175012,0.5,-0.00327836824988187
24.65,-0.00212889645782536,0.500319334468674,0.499680665531326,0.5,-0.00319334468673826
24.66,-0.00207187790496642,0.500310781685745,0.499689218314255,0.5,-0.00310781685744943
24.67,-0.00201453217856831,0.500302179826785,0.499697820173215,0.5,-0.00302179826785265
24.68,-0.00195686833418602,0.500293530250128,0.499706469749872,0.5,-0.00293530250127905
24.69,-0.001898895477609,0.500284834321641,0.499715165678359,0.5,-0.00284834321641364
24.7,-0.0018406227634234,0.500276093414514,0.499723906585486,0.5,-0.00276093414513512
24.71,-0.00178205939356625,0.500267308909035,0.499732691090965,0.5,-0.00267308909034925
24.72,-0.00172321461587261,0.500258482192381,0.499741517807619,0.5,-0.00258482192380893
24.73,-0.00166409772261494,0.500249614658392,0.499750385341608,0.5,-0.00249614658392239
24.74,-0.00160471804903604,0.500240707707355,0.499759292292645,0.5,-0.00240707707355403
24.75,-0.00154508497187475,0.500231762745781,0.499768237254219,0.5,-0.00231762745781211
24.76,-0.00148520790788518,0.500222781186183,0.499777218813817,0.5,-0.00222781186182797
24.77,-0.00142509631234989,0.500213764446853,0.499786235553147,0.5,-0.00213764446852505
24.78,-0.00136475967758662,0.500204713951638,0.499795286048362,0.5,-0.00204713951638014
24.79,-0.0013042075314495,0.500195631129717,0.499804368870283,0.5,-0.00195631129717433
24.8,-0.00124344943582427,0.500186517415374,0.499813482584626,0.5,-0.00186517415373649
24.81,-0.00118249498511861,0.500177374247768,0.499822625752232,0.5,-0.00177374247767786
24.82,-0.00112135380474691,0.500168203070712,0.499831796929288,0.5,-0.00168203070712053
24.83,-0.00106003554961027,0.500159005332442,0.499840994667558,0.5,-0.00159005332441536
24.84,-0.000998549902572049,0.500149782485386,0.499850217514614,0.5,-0.00149782485385802
24.85,-0.000936906572928624,0.500140535985939,0.499859464014061,0.5,-0.001405359859393
24.86,-0.000875115294876385,0.500131267294231,0.499868732705769,0.5,-0.00131267294231435
24.87,-0.000813185825974427,0.500121977873896,0.499878022126104,0.5,-0.00121977873896145
24.88,-0.000751127945603798,0.500112669191841,0.499887330808159,0.5,-0.00112669191840581
24.89,-0.000688951453423189,0.500103342718013,0.499896657281987,0.5,-0.00103342718013488
24.9,-0.000626666167821506,0.500093999925173,0.499906000074827,0.5,-0.000939999251732271
24.91,-0.000564281924367415,0.500084642288655,0.499915357711345,0.5,-0.000846422886551235
24.92,-0.000501808574256067,0.500075271286138,0.499924728713862,0.5,-0.000752712861384064
24.93,-0.00043925598275373,0.500065888397413,0.499934111602587,0.5,-0.000658883974130609
24.94,-0.000376634027639664,0.500056495104146,0.499943504895854,0.5,-0.000564951041459594
24.95,-0.000313952597646571,0.500047092889647,0.499952907110353,0.5,-0.000470928896469935
24.96,-0.000251221590898856,0.500037683238635,0.499962316761365,0.5,-0.000376832386348447
24.97,-0.000188450913349685,0.500028267637002,0.499971732362998,0.5,-0.00028267637002477
24.98,-0.000125650477216686,0.500018847571583,0.499981152428418,0.5,-0.000188475715825198
24.99,-6.28301994167653e-05,0.500009424529912,0.499990575470087,0.5,-9.42452991251064e-05
25,-6.12323399573677e-18,0.5,0.5,0.5,0
25.01,6.28301994167708e-05,0.499990575470087,0.500009424529912,0.5,9.42452991251064e-05
25.02,0.000125650477216673,0.499981152428418,0.500018847571583,0.5,0.000188475715825198
25.03,0.000188450913349673,0.499971732362998,0.500028267637002,0.5,0.00028267637002477
25.04,0.000251221590898844,0.499962316761365,0.500037683238635,0.5,0.000376832386348447
25.05,0.000313952597646559,0.499952907110353,0.500047092889647,0.5,0.000470928896469935
25.06,0.00037663402763967,0.499943504895854,0.500056495104146,0.5,0.000564951041459594
25.07,0.000439255982753718,0.499934111602587,0.500065888397413,0.5,0.000658883974130609
25.08,0.000501808574256073,0.499924728713862,0.500075271286138,0.5,0.000752712861384064
25.09,0.000564281924367403,0.499915357711345,0.500084642288655,0.5,0.000846422886551235
25.1,0.000626666167821529,0.499906000074827,0.500093999925173,0.5,0.000939999251732271
25.11,0.000688951453423177,0.499896657281987,0.500103342718013,0.5,0.00103342718013488
25.12,0.000751127945603785,0.499887330808159,0.500112669191841,0.5,0.00112669191840581
25.13,0.000813185825974414,0.499878022126104,0.500121977873896,0.5,0.00121977873896145
25.14,0.000875115294876373,0.499868732705769,0.500131267294231,0.5,0.00131267294231435
25.15,0.000936906572928629,0.499859464014061,0.500140535985939,0.5,0.001405359859393
25.16,0.000998549902572037,0.499850217514614,0.500149782485386,0.5,0.00149782485385802
25.17,0.00106003554961027,0.499840994667558,0.500159005332442,0.5,0.00159005332441536
25.18,0.0011213538047469,0.499831796929288,0.500168203070712,0.5,0.00168203070712053
25.19,0.00118249498511863,0.499822625752232,0.500177374247768,0.5,0.00177374247767786
25.2,0.00124344943582426,0.499813482584626,0.500186517415374,0.5,0.00186517415373649
25.21,0.00130420753144949,0.499804368870283,0.500195631129717,0.5,0.00195631129717433
25.22,0.00136475967758661,0.499795286048362,0.500204713951638,0.5,0.00204713951638014
25.23,0.00142509631234987,0.499786235553147,0.500213764446853,0.5,0.00213764446852505
25.24,0.00148520790788518,0.499777218813817,0.500222781186183,0.5,0.00222781186182797
25.25,0.00154508497187474,0.499768237254219,0.500231762745781,0.5,0.00231762745781183
25.26,0.00160471804903605,0.499759292292645,0.500240707707355,0.5,0.00240707707355403
25.27,0.00166409772261493,0.499750385341608,0.500249614658392,0.5,0.00249614658392239
25.28,0.00172321461587259,0.499741517807619,0.500258482192381,0.5,0.00258482192380893
25.29,0.00178205939356624,0.499732691090965,0.500267308909035,0.5,0.00267308909034925
25.3,0.00184062276342339,0.499723906585486,0.500276093414514,0.5,0.00276093414513512
25.31,0.00189889547760902,0.499715165678359,0.500284834321641,0.5,0.00284834321641364
25.32,0.00195686833418601,0.499706469749872,0.500293530250128,0.5,0.00293530250127905
25.33,0.00201453217856832,0.499697820173215,0.500302179826785,0.5,0.00302179826785265
25.34,0.00207187790496641,0.499689218314255,0.500310781685745,0.5,0.00310781685744943
25.35,0.00212889645782536,0.499680665531326,0.500319334468674,0.5,0.00319334468673826
25.36,0.00218557883325466,0.499672163175012,0.500327836824988,0.5,0.00327836824988187
25.37,0.00224191608045015,0.499663712587932,0.500336287412067,0.5,0.0033628741206751
25.38,0.00229789930310743,0.499655315104534,0.500344684895466,0.5,0.0034468489546613
25.39,0.00235351966082666,0.499646972050876,0.500353027949124,0.5,0.0035302794912398
25.4,0.00240876837050859,0.499638684744424,0.500361315255576,0.5,0.00361315255576283
25.41,0.00246363670774145,0.499630454493839,0.500369545506161,0.5,0.00369545506161195
25.42,0.00251811600817881,0.499622282598773,0.500377717401227,0.5,0.00377717401226829
25.43,0.00257219766890752,0.499614170349664,0.500385829650336,0.5,0.0038582965033615
25.44,0.00262587314980648,0.499606119027529,0.500393880972471,0.5,0.0039388097247095
25.45,0.00267913397489498,0.499598129903766,0.500401870096234,0.5,0.00401870096234269
25.46,0.00273197173367134,0.499590204239949,0.500409795760051,0.5,0.00409795760050707
25.47,0.00278437808244093,0.499582343287634,0.500417656712366,0.5,0.00417656712366155
25.48,0.00283634474563377,0.499574548288155,0.500425451711845,0.5,0.00425451711845048
25.49,0.00288786351711135,0.499566820472433,0.500433179527567,0.5,0.00433179527566718
25.5,0.00293892626146235,0.499559161060781,0.500440838939219,0.5,0.0044083893921934
25.51,0.0029895249152876,0.499551571262707,0.500448428737293,0.5,0.00448428737293116
25.52,0.00303965148847303,0.499544052276729,0.500455947723271,0.5,0.00455947723270955
25.53,0.00308929806545167,0.499536605290182,0.500463394709818,0.5,0.00463394709817738
25.54,0.0031384568064535,0.499529231479032,0.500470768520968,0.5,0.00470768520968029
25.55,0.00318711994874344,0.499521932007688,0.500478067992312,0.5,0.00478067992311537
25.56,0.00323527980784724,0.499514708028823,0.500485291971177,0.5,0.00485291971177082
25.57,0.00328292877876477,0.499507560683185,0.500492439316815,0.5,0.00492439316814725
25.58,0.00333005933717127,0.499500491099424,0.500499508900576,0.5,0.00499508900575707
25.59,0.0033766640406051,0.499493500393909,0.500506499606091,0.5,0.00506499606090755
25.6,0.00342273552964345,0.499486589670553,0.500513410329447,0.5,0.00513410329446518
25.61,0.00346826652906403,0.49947976002064,0.50052023997936,0.5,0.00520239979359599
25.62,0.00351324984899425,0.499473012522651,0.500526987477349,0.5,0.00526987477349139
25.63,0.00355767838604642,0.499466348242093,0.500533651757907,0.5,0.00533651757906983
25.64,0.00360154512443953,0.499459768231334,0.500540231768666,0.5,0.00540231768665911
25.65,0.00364484313710707,0.499453273529434,0.500546726470566,0.5,0.00546726470566083
25.66,0.00368756558679086,0.499446865161981,0.500553134838019,0.5,0.00553134838018637
25.67,0.00372970572712092,0.499440544140932,0.500559455859068,0.5,0.00559455859068136
25.68,0.0037712569036805,0.499434311464448,0.500565688535552,0.5,0.00565688535552056
25.69,0.00381221255505725,0.499428168116741,0.500571831883259,0.5,0.005718318832586
25.7,0.00385256621387895,0.499422115067918,0.500577884932082,0.5,0.00577884932081857
25.71,0.00389231150783512,0.499416153273825,0.500583846726175,0.5,0.00583846726175286
25.72,0.00393144216068309,0.499410283675898,0.500589716324102,0.5,0.00589716324102457
25.73,0.00396995199323917,0.499404507201014,0.500595492798986,0.5,0.00595492798985853
25.74,0.00400783492435438,0.499398824761347,0.500601175238653,0.5,0.00601175238653134
25.75,0.00404508497187473,0.499393237254219,0.500606762745781,0.5,0.00606762745781197
25.76,0.00408169625358593,0.499387745561962,0.500612254438038,0.5,0.0061225443803789
25.77,0.00411766298814212,0.499382350551779,0.500617649448221,0.5,0.00617649448221291
25.78,0.00415297949597907,0.499377053075603,0.500622946924397,0.5,0.00622946924396878
25.79,0.00418764020021071,0.499371853969968,0.500628146030032,0.5,0.00628146030031584
25.8,0.00422163962751008,0.499366754055873,0.500633245944127,0.5,0.00633245944126504
25.81,0.00425497240897346,0.499361754138654,0.500638245861346,0.5,0.00638245861346004
25.82,0.00428763328096826,0.499356855007855,0.500643144992145,0.5,0.00643144992145239
25.83,0.00431961708596417,0.499352057437105,0.500647942562895,0.5,0.00647942562894605
25.84,0.00435091877334762,0.499347362183998,0.500652637816002,0.5,0.00652637816002138
25.85,0.00438153340021933,0.499342769989967,0.500657230010033,0.5,0.006572300100329
25.86,0.00441145613217476,0.499338281580174,0.500661718419826,0.5,0.00661718419826207
25.87,0.00444068224406773,0.49933389766339,0.50066610233661,0.5,0.00666102336610158
25.88,0.00446920712075632,0.499329618931887,0.500670381068113,0.5,0.00670381068113457
25.89,0.00449702625783186,0.499325446061325,0.500674553938675,0.5,0.00674553938674771
25.9,0.0045241352623301,0.49932137971065,0.50067862028935,0.5,0.00678620289349507
25.91,0.00455052985342498,0.499317420521986,0.500682579478014,0.5,0.00682579478013756
25.92,0.00457620586310458,0.499313569120534,0.500686430879466,0.5,0.0068643087946571
25.93,0.00460115923682935,0.499309826114476,0.500690173885524,0.5,0.00690173885524392
25.94,0.0046253860341723,0.499306192094874,0.500693807905126,0.5,0.00693807905125854
25.95,0.00464888242944125,0.499302667635584,0.500697332364416,0.5,0.00697332364416187
25.96,0.00467164471228306,0.499299253293158,0.500700746706843,0.5,0.00700746706842476
25.97,0.00469366928826936,0.49929594960676,0.50070405039324,0.5,0.00704050393240396
25.98,0.00471495267946432,0.49929275709808,0.50070724290192,0.5,0.00707242901919675
25.99,0.00473549152497372,0.499289676271254,0.500710323728746,0.5,0.00710323728746048
26,0.00475528258147577,0.499286707612779,0.500713292387221,0.5,0.0071329238722137
26.01,0.00477432272373321,0.49928385159144,0.50071614840856,0.5,0.00716148408559963
26.02,0.00479260894508688,0.499281108658237,0.500718891341763,0.5,0.00718891341763034
26.03,0.00481013835793043,0.49927847924631,0.50072152075369,0.5,0.00721520753689586
26.04,0.00482690819416636,0.499275963770875,0.500724036229125,0.5,0.0072403622912498
26.05,0.00484291580564316,0.499273562629154,0.500726437370846,0.5,0.00726437370846461
26.06,0.00485815866457337,0.499271276200314,0.500728723799686,0.5,0.00728723799686026
26.07,0.00487263436393289,0.49926910484541,0.50073089515459,0.5,0.00730895154589906
26.08,0.00488634061784097,0.499267048907324,0.500732951092676,0.5,0.00732951092676126
26.09,0.00489927526192123,0.499265108710712,0.500734891289288,0.5,0.00734891289288164
26.1,0.00491143625364344,0.499263284561953,0.500736715438047,0.5,0.00736715438046542
26.11,0.00492282167264602,0.499261576749103,0.500738423250897,0.5,0.00738423250896902
26.12,0.00493342972103934,0.499259985541844,0.500740014458156,0.5,0.00740014458155885
26.13,0.00494325872368957,0.499258511191447,0.500741488808553,0.5,0.00741488808553431
26.14,0.00495230712848326,0.499257153930728,0.500742846069272,0.5,0.00742846069272468
26.15,0.00496057350657239,0.499255913974014,0.500744086025986,0.5,0.00744086025985857
26.16,0.00496805655260004,0.49925479151711,0.50074520848289,0.5,0.00745208482890031
26.17,0.0049747550849065,0.499253786737264,0.500746213262736,0.5,0.00746213262735967
26.18,0.00498066804571586,0.499252899793143,0.500747100206857,0.5,0.00747100206857393
26.19,0.00498579450130307,0.499252130824805,0.500747869175195,0.5,0.00747869175195454
26.2,0.00499013364214136,0.499251479953679,0.500748520046321,0.5,0.00748520046321199
26.21,0.00499368478303009,0.499250947282545,0.500749052717455,0.5,0.00749052717454513
26.22,0.00499644736320295,0.49925053289552,0.50074946710448,0.5,0.00749467104480428
26.23,0.0049984209464165,0.499250236858038,0.500749763141963,0.5,0.00749763141962484
26.24,0.00499960522101908,0.499250059216847,0.500749940783153,0.5,0.00749940783152853
26.25,0.005,0.49925,0.50075,0.5,0.00750000000000001
26.26,0.00499960522101908,0.499250059216847,0.500749940783153,0.5,0.00749940783152853
26.27,0.0049984209464165,0.499250236858038,0.500749763141963,0.5,0.00749763141962484
26.28,0.00499644736320295,0.49925053289552,0.50074946710448,0.5,0.00749467104480428
26.29,0.00499368478303009,0.499250947282545,0.500749052717455,0.5,0.00749052717454513
26.3,0.00499013364214136,0.499251479953679,0.500748520046321,0.5,0.00748520046321199
26.31,0.00498579450130307,0.499252130824805,0.500747869175195,0.5,0.00747869175195454
26.32,0.00498066804571586,0.499252899793143,0.500747100206857,0.5,0.00747100206857393
26.33,0.0049747550849065,0.499253786737264,0.500746213262736,0.5,0.00746213262735967
26.34,0.00496805655260004,0.49925479151711,0.50074520848289,0.5,0.00745208482890031
26.35,0.00496057350657239,0.499255913974014,0.500744086025986,0.5,0.00744086025985857
26.36,0.00495230712848326,0.499257153930728,0.500742846069272,0.5,0.00742846069272468
26.37,0.00494325872368957,0.499258511191447,0.500741488808553,0.5,0.00741488808553431
26.38,0.00493342972103934,0.499259985541844,0.500740014458156,0.5,0.00740014458155885
26.39,0.00492282167264603,0.499261576749103,0.500738423250897,0.5,0.00738423250896902
26.4,0.00491143625364344,0.499263284561953,0.500736715438047,0.5,0.00736715438046542
26.41,0.00489927526192123,0.499265108710712,0.500734891289288,0.5,0.00734891289288164
26.42,0.00488634061784097,0.499267048907324,0.500732951092676,0.5,0.00732951092676126
26.43,0.00487263436393289,0.49926910484541,0.50073089515459,0.5,0.00730895154589906
26.44,0.00485815866457337,0.499271276200314,0.500728723799686,0.5,0.00728723799686026
26.45,0.00484291580564316,0.499273562629154,0.500726437370846,0.5,0.00726437370846461
26.46,0.00482690819416637,0.499275963770875,0.500724036229125,0.5,0.0072403622912498
26.47,0.00481013835793043,0.49927847924631,0.50072152075369,0.5,0.00721520753689586
26.48,0.00479260894508688,0.499281108658237,0.500718891341763,0.5,0.00718891341763034
26.49,0.00477432272373321,0.49928385159144,0.50071614840856,0.5,0.00716148408559963
26.5,0.00475528258147576,0.499286707612779,0.500713292387221,0.5,0.0071329238722137
26.51,0.00473549152497372,0.499289676271254,0.500710323728746,0.5,0.00710323728746048
26.52,0.00471495267946432,0.49929275709808,0.50070724290192,0.5,0.00707242901919675
26.53,0.00469366928826937,0.49929594960676,0.50070405039324,0.5,0.00704050393240396
26.54,0.00467164471228306,0.499299253293158,0.500700746706843,0.5,0.00700746706842476
26.55,0.00464888242944126,0.499302667635584,0.500697332364416,0.5,0.00697332364416187
26.56,0.00462538603417228,0.499306192094874,0.500693807905126,0.5,0.00693807905125854
26.57,0.00460115923682936,0.499309826114476,0.500690173885524,0.5,0.00690173885524392
26.58,0.00457620586310458,0.499313569120534,0.500686430879466,0.5,0.0068643087946571
26.59,0.00455052985342499,0.499317420521986,0.500682579478014,0.5,0.00682579478013756
26.6,0.00452413526233009,0.49932137971065,0.50067862028935,0.5,0.00678620289349507
26.61,0.00449702625783185,0.499325446061325,0.500674553938675,0.5,0.00674553938674771
26.62,0.00446920712075632,0.499329618931887,0.500670381068113,0.5,0.00670381068113457
26.63,0.00444068224406772,0.49933389766339,0.50066610233661,0.5,0.00666102336610158
26.64,0.00441145613217477,0.499338281580174,0.500661718419826,0.5,0.00661718419826207
26.65,0.00438153340021931,0.499342769989967,0.500657230010033,0.5,0.006572300100329
26.66,0.00435091877334764,0.499347362183998,0.500652637816002,0.5,0.00652637816002138
26.67,0.00431961708596417,0.499352057437105,0.500647942562895,0.5,0.00647942562894605
26.68,0.00428763328096827,0.499356855007855,0.500643144992145,0.5,0.00643144992145239
26.69,0.00425497240897346,0.499361754138654,0.500638245861346,0.5,0.00638245861346004
26.7,0.00422163962751007,0.499366754055873,0.500633245944127,0.5,0.00633245944126504
26.71,0.00418764020021071,0.499371853969968,0.500628146030032,0.5,0.00628146030031584
26.72,0.00415297949597907,0.499377053075603,0.500622946924397,0.5,0.00622946924396878
26.73,0.00411766298814214,0.499382350551779,0.500617649448221,0.5,0.00617649448221319
26.74,0.00408169625358593,0.499387745561962,0.500612254438038,0.5,0.0061225443803789
26.75,0.00404508497187475,0.499393237254219,0.500606762745781,0.5,0.00606762745781197
26.76,0.00400783492435437,0.499398824761347,0.500601175238653,0.5,0.00601175238653134
26.77,0.00396995199323919,0.499404507201014,0.500595492798986,0.5,0.00595492798985853
26.78,0.00393144216068309,0.499410283675898,0.500589716324102,0.5,0.00589716324102457
26.79,0.00389231150783511,0.499416153273825,0.500583846726175,0.5,0.00583846726175286
26.8,0.00385256621387895,0.499422115067918,0.500577884932082,0.5,0.00577884932081857
26.81,0.00381221255505724,0.499428168116741,0.500571831883259,0.5,0.005718318832586
26.82,0.00377125690368052,0.499434311464448,0.500565688535552,0.5,0.00565688535552056
26.83,0.00372970572712092,0.499440544140932,0.500559455859068,0.5,0.00559455859068136
26.84,0.00368756558679088,0.499446865161981,0.500553134838019,0.5,0.00553134838018637
26.85,0.00364484313710705,0.499453273529434,0.500546726470566,0.5,0.00546726470566083
26.86,0.00360154512443955,0.499459768231334,0.500540231768666,0.5,0.00540231768665911
26.87,0.00355767838604642,0.499466348242093,0.500533651757907,0.5,0.00533651757906983
26.88,0.00351324984899424,0.499473012522651,0.500526987477349,0.5,0.00526987477349139
26.89,0.00346826652906402,0.49947976002064,0.50052023997936,0.5,0.00520239979359599
26.9,0.00342273552964345,0.499486589670553,0.500513410329447,0.5,0.00513410329446518
26.91,0.00337666404060513,0.499493500393909,0.500506499606091,0.5,0.00506499606090755
26.92,0.00333005933717127,0.499500491099424,0.500499508900576,0.5,0.00499508900575707
26.93,0.00328292877876479,0.499507560683185,0.500492439316815,0.5,0.00492439316814725
26.94,0.00323527980784721,0.499514708028823,0.500485291971177,0.5,0.00485291971177082
26.95,0.00318711994874347,0.499521932007688,0.500478067992312,0.5,0.00478067992311537
26.96,0.0031384568064535,0.499529231479032,0.500470768520968,0.5,0.00470768520968029
26.97,0.0030892980654517,0.499536605290182,0.500463394709818,0.5,0.00463394709817738
26.98,0.00303965148847303,0.499544052276729,0.500455947723271,0.5,0.00455947723270955
26.99,0.0029895249152876,0.499551571262707,0.500448428737293,0.5,0.00448428737293116
27,0.00293892626146237,0.499559161060781,0.500440838939219,0.5,0.0044083893921934
27.01,0.00288786351711135,0.499566820472433,0.500433179527567,0.5,0.00433179527566718
27.02,0.00283634474563379,0.499574548288155,0.500425451711845,0.5,0.00425451711845048
27.03,0.00278437808244093,0.499582343287634,0.500417656712366,0.5,0.00417656712366155
27.04,0.00273197173367136,0.499590204239949,0.500409795760051,0.5,0.00409795760050707
27.05,0.00267913397489497,0.499598129903766,0.500401870096234,0.5,0.00401870096234269
27.06,0.00262587314980647,0.499606119027529,0.500393880972471,0.5,0.0039388097247095
27.07,0.00257219766890753,0.499614170349664,0.500385829650336,0.5,0.0038582965033615
27.08,0.00251811600817881,0.499622282598773,0.500377717401227,0.5,0.00377717401226829
27.09,0.00246363670774146,0.499630454493839,0.500369545506161,0.5,0.00369545506161195
27.1,0.00240876837050859,0.499638684744424,0.500361315255576,0.5,0.00361315255576283
27.11,0.00235351966082668,0.499646972050876,0.500353027949124,0.5,0.0035302794912398
27.12,0.00229789930310746,0.499655315104534,0.500344684895466,0.5,0.0034468489546613
27.13,0.00224191608045018,0.499663712587932,0.500336287412067,0.5,0.0033628741206751
27.14,0.00218557883325466,0.499672163175012,0.500327836824988,0.5,0.00327836824988187
27.15,0.00212889645782536,0.499680665531326,0.500319334468674,0.5,0.00319334468673826
27.16,0.00207187790496642,0.499689218314255,0.500310781685745,0.5,0.00310781685744943
27.17,0.00201453217856831,0.499697820173215,0.500302179826785,0.5,0.00302179826785265
27.18,0.00195686833418602,0.499706469749872,0.500293530250128,0.5,0.00293530250127905
27.19,0.00189889547760901,0.499715165678359,0.500284834321641,0.5,0.00284834321641364
27.2,0.0018406227634234,0.499723906585486,0.500276093414514,0.5,0.00276093414513512
27.21,0.00178205939356627,0.499732691090965,0.500267308909035,0.5,0.00267308909034925
27.22,0.00172321461587261,0.499741517807619,0.500258482192381,0.5,0.00258482192380893
27.23,0.00166409772261492,0.499750385341608,0.500249614658392,0.5,0.00249614658392239
27.24,0.00160471804903604,0.499759292292645,0.500240707707355,0.5,0.00240707707355403
27.25,0.00154508497187474,0.499768237254219,0.500231762745781,0.5,0.00231762745781183
27.26,0.00148520790788518,0.499777218813817,0.500222781186183,0.5,0.00222781186182797
27.27,0.00142509631234989,0.499786235553147,0.500213764446853,0.5,0.00213764446852505
27.28,0.00136475967758664,0.499795286048362,0.500204713951638,0.5,0.00204713951638014
27.29,0.0013042075314495,0.499804368870283,0.500195631129717,0.5,0.00195631129717433
27.3,0.00124344943582429,0.499813482584626,0.500186517415374,0.5,0.00186517415373649
27.31,0.00118249498511861,0.499822625752232,0.500177374247768,0.5,0.00177374247767786
27.32,0.0011213538047469,0.499831796929288,0.500168203070712,0.5,0.00168203070712053
27.33,0.00106003554961027,0.499840994667558,0.500159005332442,0.5,0.00159005332441536
27.34,0.000998549902572033,0.499850217514614,0.500149782485386,0.5,0.00149782485385802
27.35,0.000936906572928625,0.499859464014061,0.500140535985939,0.5,0.001405359859393
27.36,0.000875115294876385,0.499868732705769,0.500131267294231,0.5,0.00131267294231435
27.37,0.000813185825974427,0.499878022126104,0.500121977873896,0.5,0.00121977873896145
27.38,0.000751127945603798,0.499887330808159,0.500112669191841,0.5,0.00112669191840581
27.39,0.000688951453423207,0.499896657281987,0.500103342718013,0.5,0.00103342718013488
27.4,0.000626666167821507,0.499906000074827,0.500093999925173,0.5,0.000939999251732271
27.41,0.000564281924367398,0.499915357711345,0.500084642288655,0.5,0.000846422886551235
27.42,0.000501808574256068,0.499924728713862,0.500075271286138,0.5,0.000752712861384064
27.43,0.000439255982753713,0.499934111602587,0.500065888397413,0.5,0.000658883974130609
27.44,0.000376634027639665,0.499943504895854,0.500056495104146,0.5,0.000564951041459594
27.45,0.000313952597646572,0.499952907110353,0.500047092889647,0.5,0.000470928896469935
27.46,0.000251221590898857,0.499962316761365,0.500037683238635,0.5,0.000376832386348447
27.47,0.000188450913349685,0.499971732362998,0.500028267637002,0.5,0.00028267637002477
27.48,0.000125650477216704,0.499981152428418,0.500018847571583,0.5,0.000188475715825198
27.49,6.28301994167481e-05,0.499990575470087,0.500009424529912,0.5,9.42452991251064e-05
27.5,2.44991257893129e-17,0.5,0.5,0.5,0
27.51,-6.28301994167702e-05,0.500009424529912,0.499990575470087,0.5,-9.42452991251064e-05
27.52,-0.000125650477216691,0.500018847571583,0.499981152428418,0.5,-0.000188475715825198
27.53,-0.000188450913349672,0.500028267637002,0.499971732362998,0.5,-0.00028267637002477
27.54,-0.000251221590898843,0.500037683238635,0.499962316761365,0.5,-0.000376832386348447
27.55,-0.000313952597646558,0.500047092889647,0.499952907110353,0.5,-0.000470928896469935
27.56,-0.000376634027639687,0.500056495104146,0.499943504895854,0.5,-0.000564951041459594
27.57,-0.0004392559827537,0.500065888397413,0.499934111602587,0.5,-0.000658883974130609
27.58,-0.00050180857425609,0.500075271286138,0.499924728713862,0.5,-0.000752712861384064
27.59,-0.000564281924367384,0.500084642288655,0.499915357711345,0.5,-0.000846422886551235
27.6,-0.000626666167821529,0.500093999925173,0.499906000074827,0.5,-0.000939999251732271
27.61,-0.000688951453423194,0.500103342718013,0.499896657281987,0.5,-0.00103342718013488
27.62,-0.000751127945603785,0.500112669191841,0.499887330808159,0.5,-0.00112669191840581
27.63,-0.000813185825974414,0.500121977873896,0.499878022126104,0.5,-0.00121977873896145
27.64,-0.000875115294876372,0.500131267294231,0.499868732705769,0.5,-0.00131267294231435
27.65,-0.000936906572928646,0.500140535985939,0.499859464014061,0.5,-0.001405359859393
27.66,-0.00099854990257202,0.500149782485386,0.499850217514614,0.5,-0.00149782485385802
27.67,-0.00106003554961029,0.500159005332442,0.499840994667558,0.5,-0.00159005332441536
27.68,-0.00112135380474688,0.500168203070712,0.499831796929288,0.5,-0.00168203070712053
27.69,-0.00118249498511863,0.500177374247768,0.499822625752232,0.5,-0.00177374247767786
27.7,-0.00124344943582428,0.500186517415374,0.499813482584626,0.5,-0.00186517415373649
27.71,-0.00130420753144948,0.500195631129717,0.499804368870283,0.5,-0.00195631129717433
27.72,-0.00136475967758662,0.500204713951638,0.499795286048362,0.5,-0.00204713951638014
27.73,-0.00142509631234987,0.500213764446853,0.499786235553147,0.5,-0.00213764446852505
27.74,-0.00148520790788516,0.500222781186183,0.499777218813817,0.5,-0.00222781186182797
27.75,-0.00154508497187472,0.500231762745781,0.499768237254219,0.5,-0.00231762745781183
27.76,-0.00160471804903606,0.500240707707355,0.499759292292645,0.5,-0.00240707707355403
27.77,-0.00166409772261491,0.500249614658392,0.499750385341608,0.5,-0.00249614658392239
27.78,-0.00172321461587259,0.500258482192381,0.499741517807619,0.5,-0.00258482192380893
27.79,-0.00178205939356626,0.500267308909035,0.499732691090965,0.5,-0.00267308909034925
27.8,-0.00184062276342339,0.500276093414514,0.499723906585486,0.5,-0.00276093414513512
27.81,-0.001898895477609,0.500284834321641,0.499715165678359,0.5,-0.00284834321641364
27.82,-0.00195686833418601,0.500293530250128,0.499706469749872,0.5,-0.00293530250127905
27.83,-0.0020145321785683,0.500302179826785,0.499697820173215,0.5,-0.00302179826785265
27.84,-0.00207187790496641,0.500310781685745,0.499689218314255,0.5,-0.00310781685744943
27.85,-0.00212889645782538,0.500319334468674,0.499680665531326,0.5,-0.00319334468673826
27.86,-0.00218557883325464,0.500327836824988,0.499672163175012,0.5,-0.00327836824988187
27.87,-0.00224191608045017,0.500336287412067,0.499663712587932,0.5,-0.0033628741206751
27.88,-0.00229789930310744,0.500344684895466,0.499655315104534,0.5,-0.0034468489546613
27.89,-0.00235351966082666,0.500353027949124,0.499646972050876,0.5,-0.0035302794912398
27.9,-0.00240876837050857,0.500361315255576,0.499638684744424,0.5,-0.00361315255576283
27.91,-0.00246363670774145,0.500369545506161,0.499630454493839,0.5,-0.00369545506161195
27.92,-0.00251811600817879,0.500377717401227,0.499622282598773,0.5,-0.00377717401226829
27.93,-0.00257219766890752,0.500385829650336,0.499614170349664,0.5,-0.0038582965033615
27.94,-0.00262587314980649,0.500393880972471,0.499606119027529,0.5,-0.0039388097247095
27.95,-0.00267913397489496,0.500401870096234,0.499598129903766,0.5,-0.00401870096234269
27.96,-0.00273197173367135,0.500409795760051,0.499590204239949,0.5,-0.00409795760050707
27.97,-0.00278437808244091,0.500417656712366,0.499582343287634,0.5,-0.00417656712366155
27.98,-0.00283634474563378,0.500425451711845,0.499574548288155,0.5,-0.00425451711845048
27.99,-0.00288786351711134,0.500433179527567,0.499566820472433,0.5,-0.00433179527566718
28,-0.00293892626146236,0.500440838939219,0.499559161060781,0.5,-0.0044083893921934
28.01,-0.00298952491528759,0.500448428737293,0.499551571262707,0.5,-0.00448428737293116
28.02,-0.00303965148847302,0.500455947723271,0.499544052276729,0.5,-0.00455947723270955
28.03,-0.00308929806545169,0.500463394709818,0.499536605290182,0.5,-0.00463394709817738
28.04,-0.00313845680645349,0.500470768520968,0.499529231479032,0.5,-0.00470768520968029
28.05,-0.00318711994874346,0.500478067992312,0.499521932007688,0.5,-0.00478067992311537
28.06,-0.00323527980784723,0.500485291971177,0.499514708028823,0.5,-0.00485291971177082
28.07,-0.00328292877876478,0.500492439316815,0.499507560683185,0.5,-0.00492439316814725
28.08,-0.00333005933717126,0.500499508900576,0.499500491099424,0.5,-0.00499508900575707
28.09,-0.00337666404060512,0.500506499606091,0.499493500393909,0.5,-0.00506499606090755
28.1,-0.00342273552964344,0.500513410329447,0.499486589670553,0.5,-0.00513410329446518
28.11,-0.00346826652906401,0.50052023997936,0.49947976002064,0.5,-0.00520239979359599
28.12,-0.00351324984899423,0.500526987477349,0.499473012522651,0.5,-0.00526987477349139
28.13,-0.00355767838604641,0.500533651757907,0.499466348242093,0.5,-0.00533651757906983
28.14,-0.00360154512443954,0.500540231768666,0.499459768231334,0.5,-0.00540231768665911
28.15,-0.00364484313710706,0.500546726470566,0.499453273529434,0.5,-0.00546726470566083
28.16,-0.00368756558679087,0.500553134838019,0.499446865161981,0.5,-0.00553134838018637
28.17,-0.00372970572712091,0.500559455859068,0.499440544140932,0.5,-0.00559455859068136
28.18,-0.00377125690368052,0.500565688535552,0.499434311464448,0.5,-0.00565688535552056
28.19,-0.00381221255505723,0.500571831883259,0.499428168116741,0.5,-0.005718318832586
28.2,-0.00385256621387894,0.500577884932082,0.499422115067918,0.5,-0.00577884932081857
28.21,-0.00389231150783511,0.500583846726175,0.499416153273825,0.5,-0.00583846726175286
28.22,-0.00393144216068308,0.500589716324102,0.499410283675898,0.5,-0.00589716324102457
28.23,-0.00396995199323918,0.500595492798986,0.499404507201014,0.5,-0.00595492798985853
28.24,-0.00400783492435439,0.500601175238653,0.499398824761347,0.5,-0.00601175238653134
28.25,-0.00404508497187474,0.500606762745781,0.499393237254219,0.5,-0.00606762745781197
28.26,-0.00408169625358592,0.500612254438038,0.499387745561962,0.5,-0.0061225443803789
28.27,-0.00411766298814213,0.500617649448221,0.499382350551779,0.5,-0.00617649448221319
28.28,-0.00415297949597906,0.500622946924397,0.499377053075603,0.5,-0.00622946924396878
28.29,-0.0041876402002107,0.500628146030032,0.499371853969968,0.5,-0.00628146030031584
28.3,-0.00422163962751007,0.500633245944127,0.499366754055873,0.5,-0.00633245944126504
28.31,-0.00425497240897347,0.500638245861346,0.499361754138654,0.5,-0.00638245861346004
28.32,-0.00428763328096827,0.500643144992145,0.499356855007855,0.5,-0.00643144992145239
28.33,-0.00431961708596418,0.500647942562895,0.499352057437105,0.5,-0.00647942562894605
28.34,-0.00435091877334763,0.500652637816002,0.499347362183998,0.5,-0.00652637816002138
28.35,-0.00438153340021932,0.500657230010033,0.499342769989967,0.5,-0.006572300100329
28.36,-0.00441145613217476,0.500661718419826,0.499338281580174,0.5,-0.00661718419826207
28.37,-0.00444068224406772,0.50066610233661,0.49933389766339,0.5,-0.0066610233661013
28.38,-0.00446920712075631,0.500670381068113,0.499329618931887,0.5,-0.00670381068113457
28.39,-0.00449702625783185,0.500674553938675,0.499325446061325,0.5,-0.00674553938674771
28.4,-0.0045241352623301,0.50067862028935,0.49932137971065,0.5,-0.00678620289349507
28.41,-0.00455052985342498,0.500682579478014,0.499317420521986,0.5,-0.00682579478013756
28.42,-0.00457620586310459,0.500686430879466,0.499313569120534,0.5,-0.0068643087946571
28.43,-0.00460115923682935,0.500690173885524,0.499309826114476,0.5,-0.00690173885524392
28.44,-0.00462538603417229,0.500693807905126,0.499306192094874,0.5,-0.00693807905125854
28.45,-0.00464888242944126,0.500697332364416,0.499302667635584,0.5,-0.00697332364416187
28.46,-0.00467164471228306,0.500700746706843,0.499299253293158,0.5,-0.00700746706842476
28.47,-0.00469366928826937,0.50070405039324,0.49929594960676,0.5,-0.00704050393240396
28.48,-0.00471495267946432,0.50070724290192,0.49929275709808,0.5,-0.00707242901919675
28.49,-0.00473549152497373,0.500710323728746,0.499289676271254,0.5,-0.00710323728746048
28.5,-0.00475528258147577,0.500713292387221,0.499286707612779,0.5,-0.0071329238722137
28.51,-0.00477432272373322,0.50071614840856,0.49928385159144,0.5,-0.00716148408559963
28.52,-0.00479260894508688,0.500718891341763,0.499281108658237,0.5,-0.00718891341763034
28.53,-0.00481013835793043,0.50072152075369,0.49927847924631,0.5,-0.00721520753689586
28.54,-0.00482690819416637,0.500724036229125,0.499275963770875,0.5,-0.0072403622912498
28.55,-0.00484291580564315,0.500726437370846,0.499273562629154,0.5,-0.00726437370846461
28.56,-0.00485815866457338,0.500728723799686,0.499271276200314,0.5,-0.00728723799686026
28.57,-0.00487263436393288,0.50073089515459,0.49926910484541,0.5,-0.00730895154589906
28.58,-0.00488634061784097,0.500732951092676,0.499267048907324,0.5,-0.00732951092676126
28.59,-0.00489927526192123,0.500734891289288,0.499265108710712,0.5,-0.00734891289288164
28.6,-0.00491143625364344,0.500736715438047,0.499263284561953,0.5,-0.00736715438046542
28.61,-0.00492282167264603,0.500738423250897,0.499261576749103,0.5,-0.00738423250896902
28.62,-0.00493342972103934,0.500740014458156,0.499259985541844,0.5,-0.00740014458155885
28.63,-0.00494325872368957,0.500741488808553,0.499258511191447,0.5,-0.00741488808553431
28.64,-0.00495230712848325,0.500742846069272,0.499257153930728,0.5,-0.00742846069272468
28.65,-0.00496057350657239,0.500744086025986,0.499255913974014,0.5,-0.00744086025985857
28.66,-0.00496805655260004,0.50074520848289,0.49925479151711,0.5,-0.00745208482890031
28.67,-0.0049747550849065,0.500746213262736,0.499253786737264,0.5,-0.00746213262735967
28.68,-0.00498066804571586,0.500747100206857,0.499252899793143,0.5,-0.00747100206857393
28.69,-0.00498579450130307,0.500747869175195,0.499252130824805,0.5,-0.00747869175195454
28.7,-0.00499013364214136,0.500748520046321,0.499251479953679,0.5,-0.00748520046321199
28.71,-0.00499368478303009,0.500749052717455,0.499250947282545,0.5,-0.00749052717454513
28.72,-0.00499644736320295,0.50074946710448,0.49925053289552,0.5,-0.00749467104480428
28.73,-0.0049984209464165,0.500749763141963,0.499250236858038,0.5,-0.00749763141962484
28.74,-0.00499960522101908,0.500749940783153,0.499250059216847,0.5,-0.00749940783152853
28.75,-0.005,0.50075,0.49925,0.5,-0.00750000000000001
28.76,-0.00499960522101908,0.500749940783153,0.499250059216847,0.5,-0.00749940783152853
28.77,-0.0049984209464165,0.500749763141963,0.499250236858038,0.5,-0.00749763141962484
28.78,-0.00499644736320295,0.50074946710448,0.49925053289552,0.5,-0.00749467104480428
28.79,-0.00499368478303009,0.500749052717455,0.499250947282545,0.5,-0.00749052717454513
28.8,-0.00499013364214136,0.500748520046321,0.499251479953679,0.5,-0.00748520046321199
28.81,-0.00498579450130307,0.500747869175195,0.499252130824805,0.5,-0.00747869175195454
28.82,-0.00498066804571586,0.500747100206857,0.499252899793143,0.5,-0.00747100206857393
28.83,-0.0049747550849065,0.500746213262736,0.499253786737264,0.5,-0.00746213262735967
28.84,-0.00496805655260004,0.50074520848289,0.49925479151711,0.5,-0.00745208482890031
28.85,-0.00496057350657239,0.500744086025986,0.499255913974014,0.5,-0.00744086025985857
28.86,-0.00495230712848326,0.500742846069272,0.499257153930728,0.5,-0.00742846069272468
28.87,-0.00494325872368957,0.500741488808553,0.499258511191447,0.5,-0.00741488808553431
28.88,-0.00493342972103934,0.500740014458156,0.499259985541844,0.5,-0.00740014458155885
28.89,-0.00492282167264603,0.500738423250897,0.499261576749103,0.5,-0.00738423250896902
28.9,-0.00491143625364344,0.500736715438047,0.499263284561953,0.5,-0.00736715438046542
28.91,-0.00489927526192124,0.500734891289288,0.499265108710712,0.5,-0.00734891289288164
28.92,-0.00488634061784097,0.500732951092676,0.499267048907324,0.5,-0.00732951092676126
28.93,-0.00487263436393289,0.50073089515459,0.49926910484541,0.5,-0.00730895154589906
28.94,-0.00485815866457337,0.500728723799686,0.499271276200314,0.5,-0.00728723799686026
28.95,-0.00484291580564316,0.500726437370846,0.499273562629154,0.5,-0.00726437370846461
28.96,-0.00482690819416637,0.500724036229125,0.499275963770875,0.5,-0.0072403622912498
28.97,-0.00481013835793044,0.50072152075369,0.49927847924631,0.5,-0.00721520753689586
28.98,-0.00479260894508688,0.500718891341763,0.499281108658237,0.5,-0.00718891341763034
28.99,-0.00477432272373322,0.50071614840856,0.49928385159144,0.5,-0.00716148408559963
29,-0.00475528258147577,0.500713292387221,0.499286707612779,0.5,-0.0071329238722137
29.01,-0.00473549152497372,0.500710323728746,0.499289676271254,0.5,-0.00710323728746048
29.02,-0.00471495267946433,0.50070724290192,0.49929275709808,0.5,-0.00707242901919675
29.03,-0.00469366928826937,0.50070405039324,0.49929594960676,0.5,-0.00704050393240396
29.04,-0.00467164471228307,0.500700746706843,0.499299253293158,0.5,-0.00700746706842476
29.05,-0.00464888242944125,0.500697332364416,0.499302667635584,0.5,-0.00697332364416187
29.06,-0.00462538603417229,0.500693807905126,0.499306192094874,0.5,-0.00693807905125854
29.07,-0.00460115923682935,0.500690173885524,0.499309826114476,0.5,-0.00690173885524392
29.08,-0.00457620586310459,0.500686430879466,0.499313569120534,0.5,-0.0068643087946571
29.09,-0.00455052985342498,0.500682579478014,0.499317420521986,0.5,-0.00682579478013756
29.1,-0.0045241352623301,0.50067862028935,0.49932137971065,0.5,-0.00678620289349507
29.11,-0.00449702625783186,0.500674553938675,0.499325446061325,0.5,-0.00674553938674771
29.12,-0.00446920712075633,0.500670381068113,0.499329618931887,0.5,-0.00670381068113457
29.13,-0.00444068224406773,0.50066610233661,0.49933389766339,0.5,-0.00666102336610158
29.14,-0.00441145613217476,0.500661718419826,0.499338281580174,0.5,-0.00661718419826207
29.15,-0.00438153340021932,0.500657230010033,0.499342769989967,0.5,-0.006572300100329
29.16,-0.00435091877334763,0.500652637816002,0.499347362183998,0.5,-0.00652637816002138
29.17,-0.00431961708596418,0.500647942562895,0.499352057437105,0.5,-0.00647942562894605
29.18,-0.00428763328096827,0.500643144992145,0.499356855007855,0.5,-0.00643144992145239
29.19,-0.00425497240897346,0.500638245861346,0.499361754138654,0.5,-0.00638245861346004
29.2,-0.00422163962751008,0.500633245944127,0.499366754055873,0.5,-0.00633245944126504
29.21,-0.00418764020021072,0.500628146030032,0.499371853969968,0.5,-0.00628146030031584
29.22,-0.00415297949597908,0.500622946924397,0.499377053075603,0.5,-0.00622946924396878
29.23,-0.00411766298814213,0.500617649448221,0.499382350551779,0.5,-0.00617649448221319
29.24,-0.00408169625358592,0.500612254438038,0.499387745561962,0.5,-0.0061225443803789
29.25,-0.00404508497187474,0.500606762745781,0.499393237254219,0.5,-0.00606762745781197
29.26,-0.00400783492435438,0.500601175238653,0.499398824761347,0.5,-0.00601175238653134
29.27,-0.00396995199323918,0.500595492798986,0.499404507201014,0.5,-0.00595492798985853
29.28,-0.0039314421606831,0.500589716324102,0.499410283675898,0.5,-0.00589716324102457
29.29,-0.00389231150783513,0.500583846726175,0.499416153273825,0.5,-0.00583846726175286
29.3,-0.00385256621387896,0.500577884932082,0.499422115067918,0.5,-0.00577884932081857
29.31,-0.00381221255505723,0.500571831883259,0.499428168116741,0.5,-0.005718318832586
29.32,-0.00377125690368051,0.500565688535552,0.499434311464448,0.5,-0.00565688535552056
29.33,-0.00372970572712091,0.500559455859068,0.499440544140932,0.5,-0.00559455859068136
29.34,-0.00368756558679087,0.500553134838019,0.499446865161981,0.5,-0.00553134838018637
29.35,-0.00364484313710706,0.500546726470566,0.499453273529434,0.5,-0.00546726470566083
29.36,-0.00360154512443954,0.500540231768666,0.499459768231334,0.5,-0.00540231768665911
29.37,-0.00355767838604643,0.500533651757907,0.499466348242093,0.5,-0.00533651757906983
29.38,-0.00351324984899426,0.500526987477349,0.499473012522651,0.5,-0.00526987477349139
29.39,-0.00346826652906404,0.50052023997936,0.49947976002064,0.5,-0.00520239979359599
29.4,-0.00342273552964343,0.500513410329447,0.499486589670553,0.5,-0.00513410329446518
29.41,-0.00337666404060511,0.500506499606091,0.499493500393909,0.5,-0.00506499606090755
29.42,-0.00333005933717125,0.500499508900576,0.499500491099424,0.5,-0.00499508900575707
29.43,-0.00328292877876478,0.500492439316815,0.499507560683185,0.5,-0.00492439316814725
29.44,-0.00323527980784722,0.500485291971177,0.499514708028823,0.5,-0.00485291971177082
29.45,-0.00318711994874345,0.500478067992312,0.499521932007688,0.5,-0.00478067992311537
29.46,-0.00313845680645351,0.500470768520968,0.499529231479032,0.5,-0.00470768520968029
29.47,-0.00308929806545168,0.500463394709818,0.499536605290182,0.5,-0.00463394709817738
29.48,-0.00303965148847304,0.500455947723271,0.499544052276729,0.5,-0.00455947723270955
29.49,-0.00298952491528758,0.500448428737293,0.499551571262707,0.5,-0.00448428737293116
29.5,-0.00293892626146239,0.500440838939219,0.499559161060781,0.5,-0.0044083893921934
29.51,-0.00288786351711133,0.500433179527567,0.499566820472433,0.5,-0.00433179527566718
29.52,-0.00283634474563378,0.500425451711845,0.499574548288155,0.5,-0.00425451711845048
29.53,-0.00278437808244094,0.500417656712366,0.499582343287634,0.5,-0.00417656712366155
29.54,-0.00273197173367135,0.500409795760051,0.499590204239949,0.5,-0.00409795760050707
29.55,-0.00267913397489499,0.500401870096234,0.499598129903766,0.5,-0.00401870096234269
29.56,-0.00262587314980646,0.500393880972471,0.499606119027529,0.5,-0.0039388097247095
29.57,-0.00257219766890755,0.500385829650336,0.499614170349664,0.5,-0.0038582965033615
29.58,-0.00251811600817879,0.500377717401227,0.499622282598773,0.5,-0.00377717401226829
29.59,-0.00246363670774148,0.500369545506161,0.499630454493839,0.5,-0.00369545506161195
29.6,-0.00240876837050857,0.500361315255576,0.499638684744424,0.5,-0.00361315255576283
29.61,-0.00235351966082666,0.500353027949124,0.499646972050876,0.5,-0.0035302794912398
29.62,-0.00229789930310744,0.500344684895466,0.499655315104534,0.5,-0.0034468489546613
29.63,-0.00224191608045017,0.500336287412067,0.499663712587932,0.5,-0.0033628741206751
29.64,-0.00218557883325467,0.500327836824988,0.499672163175012,0.5,-0.00327836824988187
29.65,-0.00212889645782534,0.500319334468674,0.499680665531326,0.5,-0.00319334468673826
29.66,-0.00207187790496644,0.500310781685745,0.499689218314255,0.5,-0.00310781685744943
29.67,-0.0020145321785683,0.500302179826785,0.499697820173215,0.5,-0.00302179826785265
29.68,-0.00195686833418603,0.500293530250128,0.499706469749872,0.5,-0.00293530250127905
29.69,-0.001898895477609,0.500284834321641,0.499715165678359,0.5,-0.00284834321641364
29.7,-0.00184062276342339,0.500276093414514,0.499723906585486,0.5,-0.00276093414513512
29.71,-0.00178205939356625,0.500267308909035,0.499732691090965,0.5,-0.00267308909034925
29.72,-0.00172321461587259,0.500258482192381,0.499741517807619,0.5,-0.00258482192380893
29.73,-0.00166409772261494,0.500249614658392,0.499750385341608,0.5,-0.00249614658392239
29.74,-0.00160471804903606,0.500240707707355,0.499759292292645,0.5,-0.00240707707355403
29.75,-0.00154508497187475,0.500231762745781,0.499768237254219,0.5,-0.00231762745781211
29.76,-0.00148520790788516,0.500222781186183,0.499777218813817,0.5,-0.00222781186182797
29.77,-0.0014250963123499,0.500213764446853,0.499786235553147,0.5,-0.00213764446852505
29.78,-0.00136475967758662,0.500204713951638,0.499795286048362,0.5,-0.00204713951638014
29.79,-0.00130420753144948,0.500195631129717,0.499804368870283,0.5,-0.00195631129717433
29.8,-0.00124344943582427,0.500186517415374,0.499813482584626,0.5,-0.00186517415373649
29.81,-0.00118249498511863,0.500177374247768,0.499822625752232,0.5,-0.00177374247767786
29.82,-0.00112135380474691,0.500168203070712,0.499831796929288,0.5,-0.00168203070712053
29.83,-0.00106003554961028,0.500159005332442,0.499840994667558,0.5,-0.00159005332441536
29.84,-0.000998549902572051,0.500149782485386,0.499850217514614,0.5,-0.00149782485385802
29.85,-0.000936906572928608,0.500140535985939,0.499859464014061,0.5,-0.001405359859393
29.86,-0.000875115294876404,0.500131267294231,0.499868732705769,0.5,-0.00131267294231435
29.87,-0.00081318582597441,0.500121977873896,0.499878022126104,0.5,-0.00121977873896145
29.88,-0.000751127945603781,0.500112669191841,0.499887330808159,0.5,-0.00112669191840581
29.89,-0.00068895145342319,0.500103342718013,0.499896657281987,0.5,-0.00103342718013488
29.9,-0.000626666167821525,0.500093999925173,0.499906000074827,0.5,-0.000939999251732271
29.91,-0.000564281924367416,0.500084642288655,0.499915357711345,0.5,-0.000846422886551235
29.92,-0.000501808574256086,0.500075271286138,0.499924728713862,0.5,-0.000752712861384064
29.93,-0.000439255982753731,0.500065888397413,0.499934111602587,0.5,-0.000658883974130609
29.94,-0.000376634027639648,0.500056495104146,0.499943504895854,0.5,-0.000564951041459594
29.95,-0.00031395259764659,0.500047092889647,0.499952907110353,0.5,-0.000470928896469935
29.96,-0.00025122159089884,0.500037683238635,0.499962316761365,0.5,-0.000376832386348447
29.97,-0.000188450913349704,0.500028267637002,0.499971732362998,0.5,-0.00028267637002477
29.98,-0.000125650477216687,0.500018847571583,0.499981152428418,0.5,-0.000188475715825198
29.99,-6.28301994167665e-05,0.500009424529912,0.499990575470087,0.5,-9.42452991251064e-05
30,-7.34788079488412e-18,0.5,0.5,0.5,0
30.01,6.28301994167518e-05,0.499990575470087,0.500009424529912,0.5,9.42452991251064e-05
30.02,0.000125650477216672,0.499981152428418,0.500018847571583,0.5,0.000188475715825198
30.03,0.000188450913349689,0.499971732362998,0.500028267637002,0.5,0.00028267637002477
30.04,0.000251221590898825,0.499962316761365,0.500037683238635,0.5,0.000376832386348447
30.05,0.000313952597646576,0.499952907110353,0.500047092889647,0.5,0.000470928896469935
30.06,0.000376634027639668,0.499943504895854,0.500056495104146,0.5,0.000564951041459594
30.07,0.000439255982753717,0.499934111602587,0.500065888397413,0.5,0.000658883974130609
30.08,0.000501808574256071,0.499924728713862,0.500075271286138,0.5,0.000752712861384064
30.09,0.000564281924367401,0.499915357711345,0.500084642288655,0.5,0.000846422886551235
30.1,0.00062666616782151,0.499906000074827,0.500093999925173,0.5,0.000939999251732271
30.11,0.000688951453423176,0.499896657281987,0.500103342718013,0.5,0.00103342718013488
30.12,0.000751127945603767,0.499887330808159,0.500112669191841,0.5,0.00112669191840581
30.13,0.000813185825974396,0.499878022126104,0.500121977873896,0.5,0.00121977873896145
30.14,0.000875115294876389,0.499868732705769,0.500131267294231,0.5,0.00131267294231435
30.15,0.000936906572928628,0.499859464014061,0.500140535985939,0.5,0.001405359859393
30.16,0.000998549902572036,0.499850217514614,0.500149782485386,0.5,0.00149782485385802
30.17,0.00106003554961027,0.499840994667558,0.500159005332442,0.5,0.00159005332441536
30.18,0.0011213538047469,0.499831796929288,0.500168203070712,0.5,0.00168203070712053
30.19,0.00118249498511861,0.499822625752232,0.500177374247768,0.5,0.00177374247767786
30.2,0.00124344943582426,0.499813482584626,0.500186517415374,0.5,0.00186517415373649
30.21,0.00130420753144947,0.499804368870283,0.500195631129717,0.5,0.00195631129717433
30.22,0.0013647596775866,0.499795286048362,0.500204713951638,0.5,0.00204713951638014
30.23,0.00142509631234989,0.499786235553147,0.500213764446853,0.5,0.00213764446852505
30.24,0.00148520790788518,0.499777218813817,0.500222781186183,0.5,0.00222781186182797
30.25,0.00154508497187474,0.499768237254219,0.500231762745781,0.5,0.00231762745781183
30.26,0.00160471804903605,0.499759292292645,0.500240707707355,0.5,0.00240707707355403
30.27,0.00166409772261493,0.499750385341608,0.500249614658392,0.5,0.00249614658392239
30.28,0.00172321461587258,0.499741517807619,0.500258482192381,0.5,0.00258482192380893
30.29,0.00178205939356624,0.499732691090965,0.500267308909035,0.5,0.00267308909034925
30.3,0.00184062276342337,0.499723906585486,0.500276093414514,0.5,0.00276093414513512
30.31,0.00189889547760902,0.499715165678359,0.500284834321641,0.5,0.00284834321641364
30.32,0.00195686833418602,0.499706469749872,0.500293530250128,0.5,0.00293530250127905
30.33,0.00201453217856832,0.499697820173215,0.500302179826785,0.5,0.00302179826785265
30.34,0.00207187790496642,0.499689218314255,0.500310781685745,0.5,0.00310781685744943
30.35,0.00212889645782536,0.499680665531326,0.500319334468674,0.5,0.00319334468673826
30.36,0.00218557883325466,0.499672163175012,0.500327836824988,0.5,0.00327836824988187
30.37,0.00224191608045015,0.499663712587932,0.500336287412067,0.5,0.0033628741206751
30.38,0.00229789930310743,0.499655315104534,0.500344684895466,0.5,0.0034468489546613
30.39,0.00235351966082665,0.499646972050876,0.500353027949124,0.5,0.0035302794912398
30.4,0.00240876837050859,0.499638684744424,0.500361315255576,0.5,0.00361315255576283
30.41,0.00246363670774147,0.499630454493839,0.500369545506161,0.5,0.00369545506161195
30.42,0.00251811600817881,0.499622282598773,0.500377717401227,0.5,0.00377717401226829
30.43,0.00257219766890753,0.499614170349664,0.500385829650336,0.5,0.0038582965033615
30.44,0.00262587314980648,0.499606119027529,0.500393880972471,0.5,0.0039388097247095
30.45,0.00267913397489498,0.499598129903766,0.500401870096234,0.5,0.00401870096234269
30.46,0.00273197173367134,0.499590204239949,0.500409795760051,0.5,0.00409795760050707
30.47,0.00278437808244093,0.499582343287634,0.500417656712366,0.5,0.00417656712366155
30.48,0.00283634474563377,0.499574548288155,0.500425451711845,0.5,0.00425451711845048
30.49,0.00288786351711135,0.499566820472433,0.500433179527567,0.5,0.00433179527566718
30.5,0.00293892626146237,0.499559161060781,0.500440838939219,0.5,0.0044083893921934
30.51,0.0029895249152876,0.499551571262707,0.500448428737293,0.5,0.00448428737293116
30.52,0.00303965148847303,0.499544052276729,0.500455947723271,0.5,0.00455947723270955
30.53,0.00308929806545167,0.499536605290182,0.500463394709818,0.5,0.00463394709817738
30.54,0.0031384568064535,0.499529231479032,0.500470768520968,0.5,0.00470768520968029
30.55,0.00318711994874344,0.499521932007688,0.500478067992312,0.5,0.00478067992311537
30.56,0.00323527980784724,0.499514708028823,0.500485291971177,0.5,0.00485291971177082
30.57,0.00328292877876477,0.499507560683185,0.500492439316815,0.5,0.00492439316814725
30.58,0.00333005933717127,0.499500491099424,0.500499508900576,0.5,0.00499508900575707
30.59,0.0033766640406051,0.499493500393909,0.500506499606091,0.5,0.00506499606090755
30.6,0.00342273552964345,0.499486589670553,0.500513410329447,0.5,0.00513410329446518
30.61,0.00346826652906403,0.49947976002064,0.50052023997936,0.5,0.00520239979359599
30.62,0.00351324984899425,0.499473012522651,0.500526987477349,0.5,0.00526987477349139
30.63,0.00355767838604642,0.499466348242093,0.500533651757907,0.5,0.00533651757906983
30.64,0.00360154512443953,0.499459768231334,0.500540231768666,0.5,0.00540231768665911
30.65,0.00364484313710707,0.499453273529434,0.500546726470566,0.5,0.00546726470566083
30.66,0.00368756558679086,0.499446865161981,0.500553134838019,0.5,0.00553134838018637
30.67,0.00372970572712092,0.499440544140932,0.500559455859068,0.5,0.00559455859068136
30.68,0.0037712569036805,0.499434311464448,0.500565688535552,0.5,0.00565688535552056
30.69,0.00381221255505724,0.499428168116741,0.500571831883259,0.5,0.005718318832586
30.7,0.00385256621387895,0.499422115067918,0.500577884932082,0.5,0.00577884932081857
30.71,0.00389231150783512,0.499416153273825,0.500583846726175,0.5,0.00583846726175286
30.72,0.00393144216068309,0.499410283675898,0.500589716324102,0.5,0.00589716324102457
30.73,0.00396995199323917,0.499404507201014,0.500595492798986,0.5,0.00595492798985853
30.74,0.00400783492435438,0.499398824761347,0.500601175238653,0.5,0.00601175238653134
30.75,0.00404508497187473,0.499393237254219,0.500606762745781,0.5,0.00606762745781197
30.76,0.00408169625358593,0.499387745561962,0.500612254438038,0.5,0.0061225443803789
30.77,0.00411766298814212,0.499382350551779,0.500617649448221,0.5,0.00617649448221291
30.78,0.00415297949597907,0.499377053075603,0.500622946924397,0.5,0.00622946924396878
30.79,0.00418764020021071,0.499371853969968,0.500628146030032,0.5,0.00628146030031584
30.8,0.00422163962751008,0.499366754055873,0.500633245944127,0.5,0.00633245944126504
30.81,0.00425497240897346,0.499361754138654,0.500638245861346,0.5,0.00638245861346004
30.82,0.00428763328096826,0.499356855007855,0.500643144992145,0.5,0.00643144992145239
30.83,0.00431961708596417,0.499352057437105,0.500647942562895,0.5,0.00647942562894605
30.84,0.00435091877334762,0.499347362183998,0.500652637816002,0.5,0.00652637816002138
30.85,0.00438153340021933,0.499342769989967,0.500657230010033,0.5,0.006572300100329
30.86,0.00441145613217476,0.499338281580174,0.500661718419826,0.5,0.00661718419826207
30.87,0.00444068224406773,0.49933389766339,0.50066610233661,0.5,0.00666102336610158
30.88,0.00446920712075632,0.499329618931887,0.500670381068113,0.5,0.00670381068113457
30.89,0.00449702625783186,0.499325446061325,0.500674553938675,0.5,0.00674553938674771
30.9,0.0045241352623301,0.49932137971065,0.50067862028935,0.5,0.00678620289349507
30.91,0.00455052985342497,0.499317420521986,0.500682579478014,0.5,0.00682579478013756
30.92,0.00457620586310458,0.499313569120534,0.500686430879466,0.5,0.0068643087946571
30.93,0.00460115923682935,0.499309826114476,0.500690173885524,0.5,0.00690173885524392
30.94,0.0046253860341723,0.499306192094874,0.500693807905126,0.5,0.00693807905125854
30.95,0.00464888242944125,0.499302667635584,0.500697332364416,0.5,0.00697332364416187
30.96,0.00467164471228306,0.499299253293158,0.500700746706843,0.5,0.00700746706842476
30.97,0.00469366928826937,0.49929594960676,0.50070405039324,0.5,0.00704050393240396
30.98,0.00471495267946432,0.49929275709808,0.50070724290192,0.5,0.00707242901919675
30.99,0.00473549152497372,0.499289676271254,0.500710323728746,0.5,0.00710323728746048
31,0.00475528258147577,0.499286707612779,0.500713292387221,0.5,0.0071329238722137
31.01,0.00477432272373321,0.49928385159144,0.50071614840856,0.5,0.00716148408559963
31.02,0.00479260894508688,0.499281108658237,0.500718891341763,0.5,0.00718891341763034
31.03,0.00481013835793043,0.49927847924631,0.50072152075369,0.5,0.00721520753689586
31.04,0.00482690819416636,0.499275963770875,0.500724036229125,0.5,0.0072403622912498
31.05,0.00484291580564316,0.499273562629154,0.500726437370846,0.5,0.00726437370846461
31.06,0.00485815866457337,0.499271276200314,0.500728723799686,0.5,0.00728723799686026
31.07,0.00487263436393289,0.49926910484541,0.50073089515459,0.5,0.00730895154589906
31.08,0.00488634061784097,0.499267048907324,0.500732951092676,0.5,0.00732951092676126
31.09,0.00489927526192123,0.499265108710712,0.500734891289288,0.5,0.00734891289288164
31.1,0.00491143625364344,0.499263284561953,0.500736715438047,0.5,0.00736715438046542
31.11,0.00492282167264602,0.499261576749103,0.500738423250897,0.5,0.00738423250896902
31.12,0.00493342972103934,0.499259985541844,0.500740014458156,0.5,0.00740014458155885
31.13,0.00494325872368957,0.499258511191447,0.500741488808553,0.5,0.00741488808553431
31.14,0.00495230712848326,0.499257153930728,0.500742846069272,0.5,0.00742846069272468
31.15,0.00496057350657239,0.499255913974014,0.500744086025986,0.5,0.00744086025985857
31.16,0.00496805655260004,0.49925479151711,0.50074520848289,0.5,0.00745208482890031
31.17,0.0049747550849065,0.499253786737264,0.500746213262736,0.5,0.00746213262735967
31.18,0.00498066804571586,0.499252899793143,0.500747100206857,0.5,0.00747100206857393
31.19,0.00498579450130307,0.499252130824805,0.500747869175195,0.5,0.00747869175195454
31.2,0.00499013364214136,0.499251479953679,0.500748520046321,0.5,0.00748520046321199
31.21,0.00499368478303009,0.499250947282545,0.500749052717455,0.5,0.00749052717454513
31.22,0.00499644736320295,0.49925053289552,0.50074946710448,0.5,0.00749467104480428
31.23,0.0049984209464165,0.499250236858038,0.500749763141963,0.5,0.00749763141962484
31.24,0.00499960522101908,0.499250059216847,0.500749940783153,0.5,0.00749940783152853
31.25,0.005,0.49925,0.50075,0.5,0.00750000000000001
31.26,0.00499960522101908,0.499250059216847,0.500749940783153,0.5,0.00749940783152853
31.27,0.0049984209464165,0.499250236858038,0.500749763141963,0.5,0.00749763141962484
31.28,0.00499644736320295,0.49925053289552,0.50074946710448,0.5,0.00749467104480428
31.29,0.00499368478303009,0.499250947282545,0.500749052717455,0.5,0.00749052717454513
31.3,0.00499013364214136,0.499251479953679,0.500748520046321,0.5,0.00748520046321199
31.31,0.00498579450130307,0.499252130824805,0.500747869175195,0.5,0.00747869175195454
31.32,0.00498066804571586,0.499252899793143,0.500747100206857,0.5,0.00747100206857393
31.33,0.0049747550849065,0.499253786737264,0.500746213262736,0.5,0.00746213262735967
31.34,0.00496805655260004,0.49925479151711,0.50074520848289,0.5,0.00745208482890031
31.35,0.00496057350657239,0.499255913974014,0.500744086025986,0.5,0.00744086025985857
31.36,0.00495230712848326,0.499257153930728,0.500742846069272,0.5,0.00742846069272468
31.37,0.00494325872368957,0.499258511191447,0.500741488808553,0.5,0.00741488808553431
31.38,0.00493342972103934,0.499259985541844,0.500740014458156,0.5,0.00740014458155885
31.39,0.00492282167264603,0.499261576749103,0.500738423250897,0.5,0.00738423250896902
31.4,0.00491143625364344,0.499263284561953,0.500736715438047,0.5,0.00736715438046542
31.41,0.00489927526192123,0.499265108710712,0.500734891289288,0.5,0.00734891289288164
31.42,0.00488634061784097,0.499267048907324,0.500732951092676,0.5,0.00732951092676126
31.43,0.00487263436393289,0.49926910484541,0.50073089515459,0.5,0.00730895154589906
31.44,0.00485815866457337,0.499271276200314,0.500728723799686,0.5,0.00728723799686026
31.45,0.00484291580564316,0.499273562629154,0.500726437370846,0.5,0.00726437370846461
31.46,0.00482690819416637,0.499275963770875,0.500724036229125,0.5,0.0072403622912498
31.47,0.00481013835793042,0.49927847924631,0.50072152075369,0.5,0.00721520753689586
31.48,0.00479260894508688,0.499281108658237,0.500718891341763,0.5,0.00718891341763034
31.49,0.00477432272373321,0.49928385159144,0.50071614840856,0.5,0.00716148408559963
31.5,0.00475528258147578,0.499286707612779,0.500713292387221,0.5,0.0071329238722137
31.51,0.00473549152497372,0.499289676271254,0.500710323728746,0.5,0.00710323728746048
31.52,0.00471495267946432,0.49929275709808,0.50070724290192,0.5,0.00707242901919675
31.53,0.00469366928826937,0.49929594960676,0.50070405039324,0.5,0.00704050393240396
31.54,0.00467164471228306,0.499299253293158,0.500700746706843,0.5,0.00700746706842476
31.55,0.00464888242944126,0.499302667635584,0.500697332364416,0.5,0.00697332364416187
31.56,0.00462538603417228,0.499306192094874,0.500693807905126,0.5,0.00693807905125854
31.57,0.00460115923682936,0.499309826114476,0.500690173885524,0.5,0.00690173885524392
31.58,0.00457620586310458,0.499313569120534,0.500686430879466,0.5,0.0068643087946571
31.59,0.00455052985342499,0.499317420521986,0.500682579478014,0.5,0.00682579478013756
31.6,0.0045241352623301,0.49932137971065,0.50067862028935,0.5,0.00678620289349507
31.61,0.00449702625783185,0.499325446061325,0.500674553938675,0.5,0.00674553938674771
31.62,0.00446920712075632,0.499329618931887,0.500670381068113,0.5,0.00670381068113457
31.63,0.00444068224406772,0.49933389766339,0.50066610233661,0.5,0.00666102336610158
31.64,0.00441145613217477,0.499338281580174,0.500661718419826,0.5,0.00661718419826207
31.65,0.00438153340021931,0.499342769989967,0.500657230010033,0.5,0.006572300100329
31.66,0.00435091877334764,0.499347362183998,0.500652637816002,0.5,0.00652637816002138
31.67,0.00431961708596417,0.499352057437105,0.500647942562895,0.5,0.00647942562894605
31.68,0.00428763328096827,0.499356855007855,0.500643144992145,0.5,0.00643144992145239
31.69,0.00425497240897346,0.499361754138654,0.500638245861346,0.5,0.00638245861346004
31.7,0.00422163962751007,0.499366754055873,0.500633245944127,0.5,0.00633245944126504
31.71,0.00418764020021071,0.499371853969968,0.500628146030032,0.5,0.00628146030031584
31.72,0.00415297949597907,0.499377053075603,0.500622946924397,0.5,0.00622946924396878
31.73,0.00411766298814214,0.499382350551779,0.500617649448221,0.5,0.00617649448221319
31.74,0.00408169625358593,0.499387745561962,0.500612254438038,0.5,0.0061225443803789
31.75,0.00404508497187475,0.499393237254219,0.500606762745781,0.5,0.00606762745781197
31.76,0.00400783492435437,0.499398824761347,0.500601175238653,0.5,0.00601175238653134
31.77,0.00396995199323919,0.499404507201014,0.500595492798986,0.5,0.00595492798985853
31.78,0.00393144216068309,0.499410283675898,0.500589716324102,0.5,0.00589716324102457
31.79,0.00389231150783511,0.499416153273825,0.500583846726175,0.5,0.00583846726175286
31.8,0.00385256621387895,0.499422115067918,0.500577884932082,0.5,0.00577884932081857
31.81,0.00381221255505724,0.499428168116741,0.500571831883259,0.5,0.005718318832586
31.82,0.00377125690368052,0.499434311464448,0.500565688535552,0.5,0.00565688535552056
31.83,0.00372970572712092,0.499440544140932,0.500559455859068,0.5,0.00559455859068136
31.84,0.00368756558679088,0.499446865161981,0.500553134838019,0.5,0.00553134838018637
31.85,0.00364484313710705,0.499453273529434,0.500546726470566,0.5,0.00546726470566083
31.86,0.00360154512443955,0.499459768231334,0.500540231768666,0.5,0.00540231768665911
31.87,0.00355767838604642,0.499466348242093,0.500533651757907,0.5,0.00533651757906983
31.88,0.00351324984899424,0.499473012522651,0.500526987477349,0.5,0.00526987477349139
31.89,0.00346826652906403,0.49947976002064,0.50052023997936,0.5,0.00520239979359599
31.9,0.00342273552964345,0.499486589670553,0.500513410329447,0.5,0.00513410329446518
31.91,0.00337666404060513,0.499493500393909,0.500506499606091,0.5,0.00506499606090755
31.92,0.00333005933717127,0.499500491099424,0.500499508900576,0.5,0.00499508900575707
31.93,0.00328292877876479,0.499507560683185,0.500492439316815,0.5,0.00492439316814725
31.94,0.00323527980784721,0.499514708028823,0.500485291971177,0.5,0.00485291971177082
31.95,0.00318711994874347,0.499521932007688,0.500478067992312,0.5,0.00478067992311537
31.96,0.0031384568064535,0.499529231479032,0.500470768520968,0.5,0.00470768520968029
31.97,0.00308929806545167,0.499536605290182,0.500463394709818,0.5,0.00463394709817738
31.98,0.00303965148847303,0.499544052276729,0.500455947723271,0.5,0.00455947723270955
31.99,0.0029895249152876,0.499551571262707,0.500448428737293,0.5,0.00448428737293116
32,0.00293892626146237,0.499559161060781,0.500440838939219,0.5,0.0044083893921934
32.01,0.00288786351711135,0.499566820472433,0.500433179527567,0.5,0.00433179527566718
32.02,0.00283634474563377,0.499574548288155,0.500425451711845,0.5,0.00425451711845048
32.03,0.00278437808244093,0.499582343287634,0.500417656712366,0.5,0.00417656712366155
32.04,0.00273197173367137,0.499590204239949,0.500409795760051,0.5,0.00409795760050707
32.05,0.00267913397489501,0.499598129903766,0.500401870096234,0.5,0.00401870096234269
32.06,0.00262587314980647,0.499606119027529,0.500393880972471,0.5,0.0039388097247095
32.07,0.00257219766890753,0.499614170349664,0.500385829650336,0.5,0.0038582965033615
32.08,0.00251811600817881,0.499622282598773,0.500377717401227,0.5,0.00377717401226829
32.09,0.00246363670774143,0.499630454493839,0.500369545506161,0.5,0.00369545506161195
32.1,0.00240876837050859,0.499638684744424,0.500361315255576,0.5,0.00361315255576283
32.11,0.00235351966082668,0.499646972050876,0.500353027949124,0.5,0.0035302794912398
32.12,0.00229789930310746,0.499655315104534,0.500344684895466,0.5,0.0034468489546613
32.13,0.00224191608045015,0.499663712587932,0.500336287412067,0.5,0.0033628741206751
32.14,0.00218557883325466,0.499672163175012,0.500327836824988,0.5,0.00327836824988187
32.15,0.00212889645782539,0.499680665531326,0.500319334468674,0.5,0.00319334468673826
32.16,0.00207187790496642,0.499689218314255,0.500310781685745,0.5,0.00310781685744943
32.17,0.00201453217856832,0.499697820173215,0.500302179826785,0.5,0.00302179826785265
32.18,0.00195686833418602,0.499706469749872,0.500293530250128,0.5,0.00293530250127905
32.19,0.00189889547760902,0.499715165678359,0.500284834321641,0.5,0.00284834321641364
32.2,0.00184062276342337,0.499723906585486,0.500276093414514,0.5,0.00276093414513512
32.21,0.00178205939356627,0.499732691090965,0.500267308909035,0.5,0.00267308909034925
32.22,0.00172321461587261,0.499741517807619,0.500258482192381,0.5,0.00258482192380893
32.23,0.00166409772261492,0.499750385341608,0.500249614658392,0.5,0.00249614658392239
32.24,0.00160471804903604,0.499759292292645,0.500240707707355,0.5,0.00240707707355403
32.25,0.00154508497187474,0.499768237254219,0.500231762745781,0.5,0.00231762745781183
32.26,0.00148520790788518,0.499777218813817,0.500222781186183,0.5,0.00222781186182797
32.27,0.00142509631234985,0.499786235553147,0.500213764446853,0.5,0.00213764446852505
32.28,0.00136475967758664,0.499795286048362,0.500204713951638,0.5,0.00204713951638014
32.29,0.0013042075314495,0.499804368870283,0.500195631129717,0.5,0.00195631129717433
32.3,0.00124344943582429,0.499813482584626,0.500186517415374,0.5,0.00186517415373649
32.31,0.00118249498511861,0.499822625752232,0.500177374247768,0.5,0.00177374247767786
32.32,0.0011213538047469,0.499831796929288,0.500168203070712,0.5,0.00168203070712053
32.33,0.0010600355496103,0.499840994667558,0.500159005332442,0.5,0.00159005332441536
32.34,0.000998549902572034,0.499850217514614,0.500149782485386,0.5,0.00149782485385802
32.35,0.000936906572928626,0.499859464014061,0.500140535985939,0.5,0.001405359859393
32.36,0.000875115294876387,0.499868732705769,0.500131267294231,0.5,0.00131267294231435
32.37,0.000813185825974428,0.499878022126104,0.500121977873896,0.5,0.00121977873896145
32.38,0.000751127945603764,0.499887330808159,0.500112669191841,0.5,0.00112669191840581
32.39,0.000688951453423208,0.499896657281987,0.500103342718013,0.5,0.00103342718013488
32.4,0.000626666167821543,0.499906000074827,0.500093999925173,0.5,0.000939999251732271
32.41,0.000564281924367399,0.499915357711345,0.500084642288655,0.5,0.000846422886551235
32.42,0.000501808574256069,0.499924728713862,0.500075271286138,0.5,0.000752712861384064
32.43,0.000439255982753714,0.499934111602587,0.500065888397413,0.5,0.000658883974130609
32.44,0.000376634027639701,0.499943504895854,0.500056495104146,0.5,0.000564951041459594
32.45,0.000313952597646573,0.499952907110353,0.500047092889647,0.5,0.000470928896469935
32.46,0.000251221590898858,0.499962316761365,0.500037683238635,0.5,0.000376832386348447
32.47,0.000188450913349687,0.499971732362998,0.500028267637002,0.5,0.00028267637002477
32.48,0.00012565047721667,0.499981152428418,0.500018847571583,0.5,0.000188475715825198
32.49,6.28301994167493e-05,0.499990575470087,0.500009424529912,0.5,9.42452991251064e-05
32.5,-9.80336419954471e-18,0.5,0.5,0.5,0
32.51,-6.28301994167334e-05,0.500009424529912,0.499990575470088,0.5,-9.42452991248288e-05
32.52,-0.000125650477216689,0.500018847571583,0.499981152428418,0.5,-0.000188475715825198
32.53,-0.000188450913349671,0.500028267637002,0.499971732362998,0.5,-0.00028267637002477
32.54,-0.000251221590898842,0.500037683238635,0.499962316761365,0.5,-0.000376832386348447
32.55,-0.000313952597646557,0.500047092889647,0.499952907110353,0.5,-0.000470928896469935
32.56,-0.000376634027639685,0.500056495104146,0.499943504895854,0.5,-0.000564951041459594
32.57,-0.000439255982753698,0.500065888397413,0.499934111602587,0.5,-0.000658883974130609
32.58,-0.000501808574256053,0.500075271286138,0.499924728713862,0.5,-0.000752712861384064
32.59,-0.000564281924367419,0.500084642288655,0.499915357711345,0.5,-0.000846422886551235
32.6,-0.000626666167821527,0.500093999925173,0.499906000074827,0.5,-0.000939999251732271
32.61,-0.000688951453423193,0.500103342718013,0.499896657281987,0.5,-0.00103342718013488
32.62,-0.000751127945603749,0.500112669191841,0.499887330808159,0.5,-0.00112669191840581
32.63,-0.000813185825974413,0.500121977873896,0.499878022126104,0.5,-0.00121977873896145
32.64,-0.000875115294876371,0.500131267294231,0.499868732705769,0.5,-0.00131267294231435
32.65,-0.00093690657292861,0.500140535985939,0.499859464014061,0.5,-0.001405359859393
32.66,-0.000998549902572053,0.500149782485386,0.499850217514614,0.5,-0.00149782485385802
32.67,-0.00106003554961029,0.500159005332442,0.499840994667558,0.5,-0.00159005332441536
32.68,-0.00112135380474688,0.500168203070712,0.499831796929288,0.5,-0.00168203070712053
32.69,-0.0011824949851186,0.500177374247768,0.499822625752232,0.5,-0.00177374247767786
32.7,-0.00124344943582428,0.500186517415374,0.499813482584626,0.5,-0.00186517415373649
32.71,-0.00130420753144948,0.500195631129717,0.499804368870283,0.5,-0.00195631129717433
32.72,-0.00136475967758662,0.500204713951638,0.499795286048362,0.5,-0.00204713951638014
32.73,-0.00142509631234991,0.500213764446853,0.499786235553147,0.5,-0.00213764446852505
32.74,-0.00148520790788516,0.500222781186183,0.499777218813817,0.5,-0.00222781186182797
32.75,-0.00154508497187472,0.500231762745781,0.499768237254219,0.5,-0.00231762745781183
32.76,-0.00160471804903603,0.500240707707355,0.499759292292645,0.5,-0.00240707707355403
32.77,-0.00166409772261494,0.500249614658392,0.499750385341608,0.5,-0.00249614658392239
32.78,-0.00172321461587259,0.500258482192381,0.499741517807619,0.5,-0.00258482192380893
32.79,-0.00178205939356626,0.500267308909035,0.499732691090965,0.5,-0.00267308909034925
32.8,-0.00184062276342336,0.500276093414514,0.499723906585486,0.5,-0.00276093414513512
32.81,-0.001898895477609,0.500284834321641,0.499715165678359,0.5,-0.00284834321641364
32.82,-0.001956868334186,0.500293530250128,0.499706469749872,0.5,-0.00293530250127905
32.83,-0.0020145321785683,0.500302179826785,0.499697820173215,0.5,-0.00302179826785265
32.84,-0.00207187790496644,0.500310781685745,0.499689218314255,0.5,-0.00310781685744943
32.85,-0.00212889645782538,0.500319334468674,0.499680665531326,0.5,-0.00319334468673826
32.86,-0.00218557883325464,0.500327836824988,0.499672163175012,0.5,-0.00327836824988187
32.87,-0.00224191608045014,0.500336287412067,0.499663712587932,0.5,-0.0033628741206751
32.88,-0.00229789930310744,0.500344684895466,0.499655315104534,0.5,-0.0034468489546613
32.89,-0.00235351966082666,0.500353027949124,0.499646972050876,0.5,-0.0035302794912398
32.9,-0.00240876837050857,0.500361315255576,0.499638684744424,0.5,-0.00361315255576283
32.91,-0.00246363670774148,0.500369545506161,0.499630454493839,0.5,-0.00369545506161195
32.92,-0.00251811600817879,0.500377717401227,0.499622282598773,0.5,-0.00377717401226829
32.93,-0.00257219766890752,0.500385829650336,0.499614170349664,0.5,-0.0038582965033615
32.94,-0.00262587314980646,0.500393880972471,0.499606119027529,0.5,-0.0039388097247095
32.95,-0.00267913397489499,0.500401870096234,0.499598129903766,0.5,-0.00401870096234269
32.96,-0.00273197173367135,0.500409795760051,0.499590204239949,0.5,-0.00409795760050707
32.97,-0.00278437808244091,0.500417656712366,0.499582343287634,0.5,-0.00417656712366155
32.98,-0.00283634474563378,0.500425451711845,0.499574548288155,0.5,-0.00425451711845048
32.99,-0.00288786351711133,0.500433179527567,0.499566820472433,0.5,-0.00433179527566718
33,-0.00293892626146236,0.500440838939219,0.499559161060781,0.5,-0.0044083893921934
33.01,-0.00298952491528758,0.500448428737293,0.499551571262707,0.5,-0.00448428737293116
33.02,-0.00303965148847304,0.500455947723271,0.499544052276729,0.5,-0.00455947723270955
33.03,-0.00308929806545168,0.500463394709818,0.499536605290182,0.5,-0.00463394709817738
33.04,-0.00313845680645348,0.500470768520968,0.499529231479032,0.5,-0.00470768520968029
33.05,-0.00318711994874343,0.500478067992312,0.499521932007688,0.5,-0.00478067992311537
33.06,-0.00323527980784722,0.500485291971177,0.499514708028823,0.5,-0.00485291971177082
33.07,-0.00328292877876478,0.500492439316815,0.499507560683185,0.5,-0.00492439316814725
33.08,-0.00333005933717126,0.500499508900576,0.499500491099424,0.5,-0.00499508900575707
33.09,-0.00337666404060514,0.500506499606091,0.499493500393909,0.5,-0.00506499606090755
33.1,-0.00342273552964343,0.500513410329447,0.499486589670553,0.5,-0.00513410329446518
33.11,-0.00346826652906401,0.50052023997936,0.49947976002064,0.5,-0.00520239979359599
33.12,-0.00351324984899423,0.500526987477349,0.499473012522651,0.5,-0.00526987477349139
33.13,-0.00355767838604644,0.500533651757907,0.499466348242093,0.5,-0.00533651757906983
33.14,-0.00360154512443954,0.500540231768666,0.499459768231334,0.5,-0.00540231768665911
33.15,-0.00364484313710704,0.500546726470566,0.499453273529434,0.5,-0.00546726470566056
33.16,-0.00368756558679087,0.500553134838019,0.499446865161981,0.5,-0.00553134838018637
33.17,-0.00372970572712091,0.500559455859068,0.499440544140932,0.5,-0.00559455859068136
33.18,-0.00377125690368051,0.500565688535552,0.499434311464448,0.5,-0.00565688535552056
33.19,-0.00381221255505723,0.500571831883259,0.499428168116741,0.5,-0.005718318832586
33.2,-0.00385256621387896,0.500577884932082,0.499422115067918,0.5,-0.00577884932081857
33.21,-0.0038923115078351,0.500583846726175,0.499416153273825,0.5,-0.00583846726175286
33.22,-0.00393144216068308,0.500589716324102,0.499410283675898,0.5,-0.00589716324102457
33.23,-0.00396995199323918,0.500595492798986,0.499404507201014,0.5,-0.00595492798985853
33.24,-0.00400783492435439,0.500601175238653,0.499398824761347,0.5,-0.00601175238653134
33.25,-0.00404508497187474,0.500606762745781,0.499393237254219,0.5,-0.00606762745781197
33.26,-0.00408169625358592,0.500612254438038,0.499387745561962,0.5,-0.0061225443803789
33.27,-0.00411766298814215,0.500617649448221,0.499382350551779,0.5,-0.00617649448221319
33.28,-0.00415297949597906,0.500622946924397,0.499377053075603,0.5,-0.00622946924396878
33.29,-0.0041876402002107,0.500628146030032,0.499371853969968,0.5,-0.00628146030031584
33.3,-0.00422163962751007,0.500633245944127,0.499366754055873,0.5,-0.00633245944126504
33.31,-0.00425497240897347,0.500638245861346,0.499361754138654,0.5,-0.00638245861346004
33.32,-0.00428763328096827,0.500643144992145,0.499356855007855,0.5,-0.00643144992145239
33.33,-0.00431961708596416,0.500647942562895,0.499352057437105,0.5,-0.00647942562894605
33.34,-0.00435091877334763,0.500652637816002,0.499347362183998,0.5,-0.00652637816002138
33.35,-0.00438153340021932,0.500657230010033,0.499342769989967,0.5,-0.006572300100329
33.36,-0.00441145613217476,0.500661718419826,0.499338281580174,0.5,-0.00661718419826207
33.37,-0.00444068224406772,0.50066610233661,0.49933389766339,0.5,-0.0066610233661013
33.38,-0.00446920712075633,0.500670381068113,0.499329618931887,0.5,-0.00670381068113457
33.39,-0.00449702625783185,0.500674553938675,0.499325446061325,0.5,-0.00674553938674771
33.4,-0.00452413526233009,0.50067862028935,0.49932137971065,0.5,-0.00678620289349507
33.41,-0.00455052985342498,0.500682579478014,0.499317420521986,0.5,-0.00682579478013756
33.42,-0.00457620586310459,0.500686430879466,0.499313569120534,0.5,-0.0068643087946571
33.43,-0.00460115923682935,0.500690173885524,0.499309826114476,0.5,-0.00690173885524392
33.44,-0.00462538603417228,0.500693807905126,0.499306192094874,0.5,-0.00693807905125854
33.45,-0.00464888242944125,0.500697332364416,0.499302667635584,0.5,-0.00697332364416187
33.46,-0.00467164471228306,0.500700746706843,0.499299253293158,0.5,-0.00700746706842476
33.47,-0.00469366928826937,0.50070405039324,0.49929594960676,0.5,-0.00704050393240396
33.48,-0.00471495267946433,0.50070724290192,0.49929275709808,0.5,-0.00707242901919675
33.49,-0.00473549152497373,0.500710323728746,0.499289676271254,0.5,-0.00710323728746048
33.5,-0.00475528258147576,0.500713292387221,0.499286707612779,0.5,-0.0071329238722137
33.51,-0.00477432272373321,0.50071614840856,0.49928385159144,0.5,-0.00716148408559963
33.52,-0.00479260894508688,0.500718891341763,0.499281108658237,0.5,-0.00718891341763034
33.53,-0.00481013835793043,0.50072152075369,0.49927847924631,0.5,-0.00721520753689586
33.54,-0.00482690819416637,0.500724036229125,0.499275963770875,0.5,-0.0072403622912498
33.55,-0.00484291580564315,0.500726437370846,0.499273562629154,0.5,-0.00726437370846461
33.56,-0.00485815866457338,0.500728723799686,0.499271276200314,0.5,-0.00728723799686026
33.57,-0.00487263436393288,0.50073089515459,0.49926910484541,0.5,-0.00730895154589906
33.58,-0.00488634061784096,0.500732951092676,0.499267048907324,0.5,-0.00732951092676126
33.59,-0.00489927526192124,0.500734891289288,0.499265108710712,0.5,-0.00734891289288164
33.6,-0.00491143625364344,0.500736715438047,0.499263284561953,0.5,-0.00736715438046542
33.61,-0.00492282167264603,0.500738423250897,0.499261576749103,0.5,-0.00738423250896902
33.62,-0.00493342972103933,0.500740014458156,0.499259985541844,0.5,-0.00740014458155885
33.63,-0.00494325872368957,0.500741488808553,0.499258511191447,0.5,-0.00741488808553431
33.64,-0.00495230712848325,0.500742846069272,0.499257153930728,0.5,-0.00742846069272468
33.65,-0.00496057350657239,0.500744086025986,0.499255913974014,0.5,-0.00744086025985857
33.66,-0.00496805655260004,0.50074520848289,0.49925479151711,0.5,-0.00745208482890031
33.67,-0.0049747550849065,0.500746213262736,0.499253786737264,0.5,-0.00746213262735967
33.68,-0.00498066804571586,0.500747100206857,0.499252899793143,0.5,-0.00747100206857393
33.69,-0.00498579450130307,0.500747869175195,0.499252130824805,0.5,-0.00747869175195454
33.7,-0.00499013364214136,0.500748520046321,0.499251479953679,0.5,-0.00748520046321199
33.71,-0.00499368478303009,0.500749052717455,0.499250947282545,0.5,-0.00749052717454513
33.72,-0.00499644736320295,0.50074946710448,0.49925053289552,0.5,-0.00749467104480428
33.73,-0.0049984209464165,0.500749763141963,0.499250236858038,0.5,-0.00749763141962484
33.74,-0.00499960522101908,0.500749940783153,0.499250059216847,0.5,-0.00749940783152853
33.75,-0.005,0.50075,0.49925,0.5,-0.00750000000000001
33.76,-0.00499960522101908,0.500749940783153,0.499250059216847,0.5,-0.00749940783152853
33.77,-0.0049984209464165,0.500749763141963,0.499250236858038,0.5,-0.00749763141962484
33.78,-0.00499644736320295,0.50074946710448,0.49925053289552,0.5,-0.00749467104480428
33.79,-0.00499368478303009,0.500749052717455,0.499250947282545,0.5,-0.00749052717454513
33.8,-0.00499013364214136,0.500748520046321,0.499251479953679,0.5,-0.00748520046321199
33.81,-0.00498579450130307,0.500747869175195,0.499252130824805,0.5,-0.00747869175195454
33.82,-0.00498066804571586,0.500747100206857,0.499252899793143,0.5,-0.00747100206857393
33.83,-0.0049747550849065,0.500746213262736,0.499253786737264,0.5,-0.00746213262735967
33.84,-0.00496805655260004,0.50074520848289,0.49925479151711,0.5,-0.00745208482890031
33.85,-0.00496057350657239,0.500744086025986,0.499255913974014,0.5,-0.00744086025985857
33.86,-0.00495230712848326,0.500742846069272,0.499257153930728,0.5,-0.00742846069272468
33.87,-0.00494325872368957,0.500741488808553,0.499258511191447,0.5,-0.00741488808553431
33.88,-0.00493342972103934,0.500740014458156,0.499259985541844,0.5,-0.00740014458155885
33.89,-0.00492282167264603,0.500738423250897,0.499261576749103,0.5,-0.00738423250896902
33.9,-0.00491143625364344,0.500736715438047,0.499263284561953,0.5,-0.00736715438046542
33.91,-0.00489927526192123,0.500734891289288,0.499265108710712,0.5,-0.00734891289288164
33.92,-0.00488634061784097,0.500732951092676,0.499267048907324,0.5,-0.00732951092676126
33.93,-0.00487263436393289,0.50073089515459,0.49926910484541,0.5,-0.00730895154589933
33.94,-0.00485815866457337,0.500728723799686,0.499271276200314,0.5,-0.00728723799686026
33.95,-0.00484291580564315,0.500726437370846,0.499273562629154,0.5,-0.00726437370846461
33.96,-0.00482690819416637,0.500724036229125,0.499275963770875,0.5,-0.0072403622912498
33.97,-0.00481013835793044,0.50072152075369,0.49927847924631,0.5,-0.00721520753689586
33.98,-0.00479260894508688,0.500718891341763,0.499281108658237,0.5,-0.00718891341763034
33.99,-0.00477432272373322,0.50071614840856,0.49928385159144,0.5,-0.00716148408559963
34,-0.00475528258147577,0.500713292387221,0.499286707612779,0.5,-0.0071329238722137
34.01,-0.00473549152497373,0.500710323728746,0.499289676271254,0.5,-0.00710323728746048
34.02,-0.00471495267946432,0.50070724290192,0.49929275709808,0.5,-0.00707242901919675
34.03,-0.00469366928826937,0.50070405039324,0.49929594960676,0.5,-0.00704050393240396
34.04,-0.00467164471228307,0.500700746706843,0.499299253293158,0.5,-0.00700746706842476
34.05,-0.00464888242944127,0.500697332364416,0.499302667635584,0.5,-0.00697332364416187
34.06,-0.00462538603417229,0.500693807905126,0.499306192094874,0.5,-0.00693807905125854
34.07,-0.00460115923682935,0.500690173885524,0.499309826114476,0.5,-0.00690173885524392
34.08,-0.00457620586310459,0.500686430879466,0.499313569120534,0.5,-0.0068643087946571
34.09,-0.00455052985342497,0.500682579478014,0.499317420521986,0.5,-0.00682579478013756
34.1,-0.0045241352623301,0.50067862028935,0.49932137971065,0.5,-0.00678620289349507
34.11,-0.00449702625783186,0.500674553938675,0.499325446061325,0.5,-0.00674553938674771
34.12,-0.00446920712075633,0.500670381068113,0.499329618931887,0.5,-0.00670381068113457
34.13,-0.00444068224406772,0.50066610233661,0.49933389766339,0.5,-0.0066610233661013
34.14,-0.00441145613217476,0.500661718419826,0.499338281580174,0.5,-0.00661718419826207
34.15,-0.00438153340021933,0.500657230010033,0.499342769989967,0.5,-0.00657230010032928
34.16,-0.00435091877334763,0.500652637816002,0.499347362183998,0.5,-0.00652637816002138
34.17,-0.00431961708596418,0.500647942562895,0.499352057437105,0.5,-0.00647942562894605
34.18,-0.00428763328096827,0.500643144992145,0.499356855007855,0.5,-0.00643144992145239
34.19,-0.00425497240897347,0.500638245861346,0.499361754138654,0.5,-0.00638245861346004
34.2,-0.00422163962751006,0.500633245944127,0.499366754055873,0.5,-0.00633245944126504
34.21,-0.00418764020021072,0.500628146030032,0.499371853969968,0.5,-0.00628146030031584
34.22,-0.00415297949597908,0.500622946924397,0.499377053075603,0.5,-0.00622946924396878
34.23,-0.00411766298814213,0.500617649448221,0.499382350551779,0.5,-0.00617649448221319
34.24,-0.00408169625358592,0.500612254438038,0.499387745561962,0.5,-0.0061225443803789
34.25,-0.00404508497187474,0.500606762745781,0.499393237254219,0.5,-0.00606762745781197
34.26,-0.00400783492435438,0.500601175238653,0.499398824761347,0.5,-0.00601175238653134
34.27,-0.00396995199323916,0.500595492798986,0.499404507201014,0.5,-0.00595492798985853
34.28,-0.0039314421606831,0.500589716324102,0.499410283675898,0.5,-0.00589716324102457
34.29,-0.00389231150783513,0.500583846726175,0.499416153273825,0.5,-0.00583846726175286
34.3,-0.00385256621387894,0.500577884932082,0.499422115067918,0.5,-0.00577884932081857
34.31,-0.00381221255505723,0.500571831883259,0.499428168116741,0.5,-0.005718318832586
34.32,-0.00377125690368051,0.500565688535552,0.499434311464448,0.5,-0.00565688535552056
34.33,-0.00372970572712093,0.500559455859068,0.499440544140932,0.5,-0.00559455859068136
34.34,-0.00368756558679087,0.500553134838019,0.499446865161981,0.5,-0.00553134838018637
34.35,-0.00364484313710706,0.500546726470566,0.499453273529434,0.5,-0.00546726470566083
34.36,-0.00360154512443954,0.500540231768666,0.499459768231334,0.5,-0.00540231768665911
34.37,-0.00355767838604643,0.500533651757907,0.499466348242093,0.5,-0.00533651757906983
34.38,-0.00351324984899423,0.500526987477349,0.499473012522651,0.5,-0.00526987477349139
34.39,-0.00346826652906404,0.50052023997936,0.49947976002064,0.5,-0.00520239979359599
34.4,-0.00342273552964346,0.500513410329447,0.499486589670553,0.5,-0.00513410329446518
34.41,-0.00337666404060512,0.500506499606091,0.499493500393909,0.5,-0.00506499606090755
34.42,-0.00333005933717125,0.500499508900576,0.499500491099424,0.5,-0.00499508900575707
34.43,-0.00328292877876478,0.500492439316815,0.499507560683185,0.5,-0.00492439316814725
34.44,-0.00323527980784725,0.500485291971177,0.499514708028823,0.5,-0.00485291971177082
34.45,-0.00318711994874345,0.500478067992312,0.499521932007688,0.5,-0.00478067992311537
34.46,-0.00313845680645351,0.500470768520968,0.499529231479032,0.5,-0.00470768520968029
34.47,-0.00308929806545168,0.500463394709818,0.499536605290182,0.5,-0.00463394709817738
34.48,-0.00303965148847301,0.500455947723271,0.499544052276729,0.5,-0.00455947723270955
34.49,-0.00298952491528758,0.500448428737293,0.499551571262707,0.5,-0.00448428737293116
34.5,-0.00293892626146236,0.500440838939219,0.499559161060781,0.5,-0.0044083893921934
34.51,-0.00288786351711136,0.500433179527567,0.499566820472433,0.5,-0.00433179527566718
34.52,-0.00283634474563378,0.500425451711845,0.499574548288155,0.5,-0.00425451711845048
34.53,-0.00278437808244094,0.500417656712366,0.499582343287634,0.5,-0.00417656712366155
34.54,-0.00273197173367135,0.500409795760051,0.499590204239949,0.5,-0.00409795760050707
34.55,-0.00267913397489496,0.500401870096234,0.499598129903766,0.5,-0.00401870096234269
34.56,-0.00262587314980646,0.500393880972471,0.499606119027529,0.5,-0.0039388097247095
34.57,-0.00257219766890755,0.500385829650336,0.499614170349664,0.5,-0.0038582965033615
34.58,-0.00251811600817882,0.500377717401227,0.499622282598773,0.5,-0.00377717401226829
34.59,-0.00246363670774145,0.500369545506161,0.499630454493839,0.5,-0.00369545506161195
34.6,-0.00240876837050857,0.500361315255576,0.499638684744424,0.5,-0.00361315255576283
34.61,-0.00235351966082666,0.500353027949124,0.499646972050876,0.5,-0.0035302794912398
34.62,-0.00229789930310747,0.500344684895466,0.499655315104534,0.5,-0.0034468489546613
34.63,-0.00224191608045017,0.500336287412067,0.499663712587932,0.5,-0.0033628741206751
34.64,-0.00218557883325467,0.500327836824988,0.499672163175012,0.5,-0.00327836824988187
34.65,-0.00212889645782538,0.500319334468674,0.499680665531326,0.5,-0.00319334468673826
34.66,-0.0020718779049664,0.500310781685745,0.499689218314255,0.5,-0.00310781685744943
34.67,-0.0020145321785683,0.500302179826785,0.499697820173215,0.5,-0.00302179826785265
34.68,-0.00195686833418604,0.500293530250128,0.499706469749872,0.5,-0.00293530250127905
34.69,-0.00189889547760903,0.500284834321641,0.499715165678359,0.5,-0.00284834321641364
34.7,-0.00184062276342339,0.500276093414514,0.499723906585486,0.5,-0.00276093414513512
34.71,-0.00178205939356626,0.500267308909035,0.499732691090965,0.5,-0.00267308909034925
34.72,-0.00172321461587259,0.500258482192381,0.499741517807619,0.5,-0.00258482192380893
34.73,-0.00166409772261491,0.500249614658392,0.499750385341608,0.5,-0.00249614658392239
34.74,-0.00160471804903606,0.500240707707355,0.499759292292645,0.5,-0.00240707707355403
34.75,-0.00154508497187475,0.500231762745781,0.499768237254219,0.5,-0.00231762745781211
34.76,-0.00148520790788519,0.500222781186183,0.499777218813817,0.5,-0.00222781186182797
34.77,-0.00142509631234987,0.500213764446853,0.499786235553147,0.5,-0.00213764446852505
34.78,-0.00136475967758662,0.500204713951638,0.499795286048362,0.5,-0.00204713951638014
34.79,-0.00130420753144948,0.500195631129717,0.499804368870283,0.5,-0.00195631129717433
34.8,-0.00124344943582424,0.500186517415374,0.499813482584626,0.5,-0.00186517415373649
34.81,-0.00118249498511863,0.500177374247768,0.499822625752232,0.5,-0.00177374247767786
34.82,-0.00112135380474692,0.500168203070712,0.499831796929288,0.5,-0.00168203070712053
34.83,-0.00106003554961029,0.500159005332442,0.499840994667558,0.5,-0.00159005332441536
34.84,-0.000998549902572017,0.500149782485386,0.499850217514614,0.5,-0.00149782485385802
34.85,-0.000936906572928609,0.500140535985939,0.499859464014061,0.5,-0.001405359859393
34.86,-0.000875115294876405,0.500131267294231,0.499868732705769,0.5,-0.00131267294231435
34.87,-0.000813185825974446,0.500121977873896,0.499878022126104,0.5,-0.00121977873896145
34.88,-0.000751127945603783,0.500112669191841,0.499887330808159,0.5,-0.00112669191840581
34.89,-0.000688951453423191,0.500103342718013,0.499896657281987,0.5,-0.00103342718013488
34.9,-0.000626666167821526,0.500093999925173,0.499906000074827,0.5,-0.000939999251732271
34.91,-0.000564281924367382,0.500084642288655,0.499915357711345,0.5,-0.000846422886551235
34.92,-0.000501808574256087,0.500075271286138,0.499924728713862,0.5,-0.000752712861384064
34.93,-0.000439255982753733,0.500065888397413,0.499934111602587,0.5,-0.000658883974130609
34.94,-0.000376634027639684,0.500056495104146,0.499943504895854,0.5,-0.000564951041459594
34.95,-0.000313952597646556,0.500047092889647,0.499952907110353,0.5,-0.000470928896469935
34.96,-0.000251221590898841,0.500037683238635,0.499962316761365,0.5,-0.000376832386348447
34.97,-0.000188450913349705,0.500028267637002,0.499971732362998,0.5,-0.00028267637002477
34.98,-0.000125650477216688,0.500018847571583,0.499981152428418,0.5,-0.000188475715825198
34.99,-6.28301994167677e-05,0.500009424529912,0.499990575470087,0.5,-9.42452991251064e-05
35,-8.57252759403147e-18,0.5,0.5,0.5,0
35.01,6.28301994167506e-05,0.499990575470087,0.500009424529912,0.5,9.42452991251064e-05
35.02,0.000125650477216707,0.499981152428418,0.500018847571583,0.5,0.000188475715825198
35.03,0.000188450913349688,0.499971732362998,0.500028267637002,0.5,0.00028267637002477
35.04,0.000251221590898824,0.499962316761365,0.500037683238635,0.5,0.000376832386348447
35.05,0.000313952597646574,0.499952907110353,0.500047092889647,0.5,0.000470928896469935
35.06,0.000376634027639667,0.499943504895854,0.500056495104146,0.5,0.000564951041459594
35.07,0.000439255982753715,0.499934111602587,0.500065888397413,0.5,0.000658883974130609
35.08,0.00050180857425607,0.499924728713862,0.500075271286138,0.5,0.000752712861384064
35.09,0.000564281924367436,0.499915357711345,0.500084642288655,0.5,0.000846422886551235
35.1,0.000626666167821509,0.499906000074827,0.500093999925173,0.5,0.000939999251732271
35.11,0.000688951453423174,0.499896657281987,0.500103342718013,0.5,0.00103342718013488
35.12,0.000751127945603766,0.499887330808159,0.500112669191841,0.5,0.00112669191840581
35.13,0.00081318582597443,0.499878022126104,0.500121977873896,0.5,0.00121977873896145
35.14,0.000875115294876388,0.499868732705769,0.500131267294231,0.5,0.00131267294231435
35.15,0.000936906572928592,0.499859464014061,0.500140535985939,0.5,0.001405359859393
35.16,0.000998549902572035,0.499850217514614,0.500149782485386,0.5,0.00149782485385802
35.17,0.00106003554961027,0.499840994667558,0.500159005332442,0.5,0.00159005332441536
35.18,0.0011213538047469,0.499831796929288,0.500168203070712,0.5,0.00168203070712053
35.19,0.00118249498511861,0.499822625752232,0.500177374247768,0.5,0.00177374247767786
35.2,0.00124344943582429,0.499813482584626,0.500186517415374,0.5,0.00186517415373649
35.21,0.00130420753144947,0.499804368870283,0.500195631129717,0.5,0.00195631129717433
35.22,0.0013647596775866,0.499795286048362,0.500204713951638,0.5,0.00204713951638014
35.23,0.00142509631234989,0.499786235553147,0.500213764446853,0.5,0.00213764446852505
35.24,0.00148520790788518,0.499777218813817,0.500222781186183,0.5,0.00222781186182797
35.25,0.00154508497187474,0.499768237254219,0.500231762745781,0.5,0.00231762745781183
35.26,0.00160471804903604,0.499759292292645,0.500240707707355,0.5,0.00240707707355403
35.27,0.00166409772261496,0.499750385341608,0.500249614658392,0.5,0.00249614658392239
35.28,0.00172321461587257,0.499741517807619,0.500258482192381,0.5,0.00258482192380893
35.29,0.00178205939356624,0.499732691090965,0.500267308909035,0.5,0.00267308909034925
35.3,0.0018406227634234,0.499723906585486,0.500276093414514,0.5,0.00276093414513512
35.31,0.00189889547760902,0.499715165678359,0.500284834321641,0.5,0.00284834321641364
35.32,0.00195686833418602,0.499706469749872,0.500293530250128,0.5,0.00293530250127905
35.33,0.00201453217856829,0.499697820173215,0.500302179826785,0.5,0.00302179826785265
35.34,0.00207187790496642,0.499689218314255,0.500310781685745,0.5,0.00310781685744943
35.35,0.00212889645782536,0.499680665531326,0.500319334468674,0.5,0.00319334468673826
35.36,0.00218557883325466,0.499672163175012,0.500327836824988,0.5,0.00327836824988187
35.37,0.00224191608045015,0.499663712587932,0.500336287412067,0.5,0.0033628741206751
35.38,0.00229789930310746,0.499655315104534,0.500344684895466,0.5,0.0034468489546613
35.39,0.00235351966082665,0.499646972050876,0.500353027949124,0.5,0.0035302794912398
35.4,0.00240876837050856,0.499638684744424,0.500361315255576,0.5,0.00361315255576283
35.41,0.00246363670774147,0.499630454493839,0.500369545506161,0.5,0.00369545506161195
35.42,0.00251811600817881,0.499622282598773,0.500377717401227,0.5,0.00377717401226829
35.43,0.00257219766890753,0.499614170349664,0.500385829650336,0.5,0.0038582965033615
35.44,0.00262587314980645,0.499606119027529,0.500393880972471,0.5,0.0039388097247095
35.45,0.00267913397489498,0.499598129903766,0.500401870096234,0.5,0.00401870096234269
35.46,0.00273197173367134,0.499590204239949,0.500409795760051,0.5,0.00409795760050707
35.47,0.00278437808244093,0.499582343287634,0.500417656712366,0.5,0.00417656712366155
35.48,0.0028363447456338,0.499574548288155,0.500425451711845,0.5,0.00425451711845048
35.49,0.00288786351711135,0.499566820472433,0.500433179527567,0.5,0.00433179527566718
35.5,0.00293892626146234,0.499559161060781,0.500440838939219,0.5,0.0044083893921934
35.51,0.00298952491528757,0.499551571262707,0.500448428737293,0.5,0.00448428737293116
35.52,0.00303965148847303,0.499544052276729,0.500455947723271,0.5,0.00455947723270955
35.53,0.00308929806545167,0.499536605290182,0.500463394709818,0.5,0.00463394709817738
35.54,0.0031384568064535,0.499529231479032,0.500470768520968,0.5,0.00470768520968029
35.55,0.00318711994874347,0.499521932007688,0.500478067992312,0.5,0.00478067992311537
35.56,0.00323527980784724,0.499514708028823,0.500485291971177,0.5,0.00485291971177082
35.57,0.00328292877876477,0.499507560683185,0.500492439316815,0.5,0.00492439316814725
35.58,0.00333005933717124,0.499500491099424,0.500499508900576,0.5,0.00499508900575707
35.59,0.00337666404060513,0.499493500393909,0.500506499606091,0.5,0.00506499606090755
35.6,0.00342273552964345,0.499486589670553,0.500513410329447,0.5,0.00513410329446518
35.61,0.00346826652906403,0.49947976002064,0.50052023997936,0.5,0.00520239979359599
35.62,0.00351324984899422,0.499473012522651,0.500526987477349,0.5,0.00526987477349139
35.63,0.00355767838604642,0.499466348242093,0.500533651757907,0.5,0.00533651757906983
35.64,0.00360154512443953,0.499459768231334,0.500540231768666,0.5,0.00540231768665911
35.65,0.00364484313710705,0.499453273529434,0.500546726470566,0.5,0.00546726470566083
35.66,0.00368756558679088,0.499446865161981,0.500553134838019,0.5,0.00553134838018637
35.67,0.00372970572712092,0.499440544140932,0.500559455859068,0.5,0.00559455859068136
35.68,0.0037712569036805,0.499434311464448,0.500565688535552,0.5,0.00565688535552056
35.69,0.00381221255505722,0.499428168116741,0.500571831883259,0.5,0.005718318832586
35.7,0.00385256621387895,0.499422115067918,0.500577884932082,0.5,0.00577884932081857
35.71,0.00389231150783512,0.499416153273825,0.500583846726175,0.5,0.00583846726175286
35.72,0.00393144216068309,0.499410283675898,0.500589716324102,0.5,0.00589716324102457
35.73,0.00396995199323919,0.499404507201014,0.500595492798986,0.5,0.00595492798985853
35.74,0.00400783492435438,0.499398824761347,0.500601175238653,0.5,0.00601175238653134
35.75,0.00404508497187473,0.499393237254219,0.500606762745781,0.5,0.00606762745781197
35.76,0.00408169625358591,0.499387745561962,0.500612254438038,0.5,0.0061225443803789
35.77,0.00411766298814212,0.499382350551779,0.500617649448221,0.5,0.00617649448221291
35.78,0.00415297949597907,0.499377053075603,0.500622946924397,0.5,0.00622946924396878
35.79,0.00418764020021071,0.499371853969968,0.500628146030032,0.5,0.00628146030031584
35.8,0.00422163962751006,0.499366754055873,0.500633245944127,0.5,0.00633245944126504
35.81,0.00425497240897346,0.499361754138654,0.500638245861346,0.5,0.00638245861346004
35.82,0.00428763328096826,0.499356855007855,0.500643144992145,0.5,0.00643144992145239
35.83,0.00431961708596417,0.499352057437105,0.500647942562895,0.5,0.00647942562894605
35.84,0.00435091877334762,0.499347362183998,0.500652637816002,0.5,0.00652637816002138
35.85,0.00438153340021932,0.499342769989967,0.500657230010033,0.5,0.006572300100329
35.86,0.00441145613217475,0.499338281580174,0.500661718419826,0.5,0.00661718419826207
35.87,0.00444068224406771,0.49933389766339,0.50066610233661,0.5,0.0066610233661013
35.88,0.00446920712075632,0.499329618931887,0.500670381068113,0.5,0.00670381068113457
35.89,0.00449702625783186,0.499325446061325,0.500674553938675,0.5,0.00674553938674771
35.9,0.0045241352623301,0.49932137971065,0.50067862028935,0.5,0.00678620289349507
35.91,0.00455052985342496,0.499317420521986,0.500682579478014,0.5,0.00682579478013756
35.92,0.00457620586310458,0.499313569120534,0.500686430879466,0.5,0.0068643087946571
35.93,0.00460115923682935,0.499309826114476,0.500690173885524,0.5,0.00690173885524392
35.94,0.00462538603417228,0.499306192094874,0.500693807905126,0.5,0.00693807905125854
35.95,0.00464888242944125,0.499302667635584,0.500697332364416,0.5,0.00697332364416187
35.96,0.00467164471228306,0.499299253293158,0.500700746706843,0.5,0.00700746706842476
35.97,0.00469366928826936,0.49929594960676,0.50070405039324,0.5,0.00704050393240396
35.98,0.00471495267946431,0.49929275709808,0.50070724290192,0.5,0.00707242901919619
35.99,0.00473549152497372,0.499289676271254,0.500710323728746,0.5,0.00710323728746048
36,0.00475528258147576,0.499286707612779,0.500713292387221,0.5,0.0071329238722137
36.01,0.00477432272373321,0.49928385159144,0.50071614840856,0.5,0.00716148408559963
36.02,0.00479260894508687,0.499281108658237,0.500718891341763,0.5,0.00718891341763034
36.03,0.00481013835793043,0.49927847924631,0.50072152075369,0.5,0.00721520753689586
36.04,0.00482690819416636,0.499275963770875,0.500724036229125,0.5,0.0072403622912498
36.05,0.00484291580564315,0.499273562629154,0.500726437370846,0.5,0.00726437370846461
36.06,0.00485815866457337,0.499271276200314,0.500728723799686,0.5,0.00728723799686026
36.07,0.00487263436393289,0.49926910484541,0.50073089515459,0.5,0.00730895154589906
36.08,0.00488634061784097,0.499267048907324,0.500732951092676,0.5,0.00732951092676126
36.09,0.00489927526192123,0.499265108710712,0.500734891289288,0.5,0.00734891289288164
36.1,0.00491143625364344,0.499263284561953,0.500736715438047,0.5,0.00736715438046542
36.11,0.00492282167264602,0.499261576749103,0.500738423250897,0.5,0.00738423250896902
36.12,0.00493342972103934,0.499259985541844,0.500740014458156,0.5,0.00740014458155885
36.13,0.00494325872368957,0.499258511191447,0.500741488808553,0.5,0.00741488808553431
36.14,0.00495230712848326,0.499257153930728,0.500742846069272,0.5,0.00742846069272468
36.15,0.00496057350657238,0.499255913974014,0.500744086025986,0.5,0.00744086025985857
36.16,0.00496805655260004,0.49925479151711,0.50074520848289,0.5,0.00745208482890031
36.17,0.0049747550849065,0.499253786737264,0.500746213262736,0.5,0.00746213262735967
36.18,0.00498066804571586,0.499252899793143,0.500747100206857,0.5,0.00747100206857393
36.19,0.00498579450130307,0.499252130824805,0.500747869175195,0.5,0.00747869175195454
36.2,0.00499013364214135,0.499251479953679,0.500748520046321,0.5,0.00748520046321199
36.21,0.00499368478303009,0.499250947282545,0.500749052717455,0.5,0.00749052717454513
36.22,0.00499644736320295,0.49925053289552,0.50074946710448,0.5,0.00749467104480428
36.23,0.0049984209464165,0.499250236858038,0.500749763141963,0.5,0.00749763141962484
36.24,0.00499960522101908,0.499250059216847,0.500749940783153,0.5,0.00749940783152853
36.25,0.005,0.49925,0.50075,0.5,0.00750000000000001
36.26,0.00499960522101908,0.499250059216847,0.500749940783153,0.5,0.00749940783152853
36.27,0.0049984209464165,0.499250236858038,0.500749763141963,0.5,0.00749763141962484
36.28,0.00499644736320295,0.49925053289552,0.50074946710448,0.5,0.00749467104480428
36.29,0.00499368478303009,0.499250947282545,0.500749052717455,0.5,0.00749052717454513
36.3,0.00499013364214136,0.499251479953679,0.500748520046321,0.5,0.00748520046321199
36.31,0.00498579450130307,0.499252130824805,0.500747869175195,0.5,0.00747869175195454
36.32,0.00498066804571586,0.499252899793143,0.500747100206857,0.5,0.00747100206857393
36.33,0.0049747550849065,0.499253786737264,0.500746213262736,0.5,0.00746213262735967
36.34,0.00496805655260005,0.49925479151711,0.50074520848289,0.5,0.00745208482890031
36.35,0.00496057350657239,0.499255913974014,0.500744086025986,0.5,0.00744086025985857
36.36,0.00495230712848326,0.499257153930728,0.500742846069272,0.5,0.00742846069272468
36.37,0.00494325872368957,0.499258511191447,0.500741488808553,0.5,0.00741488808553431
36.38,0.00493342972103934,0.499259985541844,0.500740014458156,0.5,0.00740014458155885
36.39,0.00492282167264603,0.499261576749103,0.500738423250897,0.5,0.00738423250896902
36.4,0.00491143625364345,0.499263284561953,0.500736715438047,0.5,0.00736715438046542
36.41,0.00489927526192124,0.499265108710712,0.500734891289288,0.5,0.00734891289288164
36.42,0.00488634061784097,0.499267048907324,0.500732951092676,0.5,0.00732951092676126
36.43,0.00487263436393289,0.49926910484541,0.50073089515459,0.5,0.00730895154589906
36.44,0.00485815866457338,0.499271276200314,0.500728723799686,0.5,0.00728723799686026
36.45,0.00484291580564317,0.499273562629154,0.500726437370846,0.5,0.00726437370846461
36.46,0.00482690819416637,0.499275963770875,0.500724036229125,0.5,0.0072403622912498
36.47,0.00481013835793043,0.49927847924631,0.50072152075369,0.5,0.00721520753689586
36.48,0.00479260894508688,0.499281108658237,0.500718891341763,0.5,0.00718891341763034
36.49,0.00477432272373321,0.49928385159144,0.50071614840856,0.5,0.00716148408559963
36.5,0.00475528258147576,0.499286707612779,0.500713292387221,0.5,0.0071329238722137
36.51,0.00473549152497373,0.499289676271254,0.500710323728746,0.5,0.00710323728746048
36.52,0.00471495267946433,0.49929275709808,0.50070724290192,0.5,0.00707242901919675
36.53,0.00469366928826937,0.49929594960676,0.50070405039324,0.5,0.00704050393240396
36.54,0.00467164471228306,0.499299253293158,0.500700746706843,0.5,0.00700746706842476
36.55,0.00464888242944126,0.499302667635584,0.500697332364416,0.5,0.00697332364416187
36.56,0.00462538603417228,0.499306192094874,0.500693807905126,0.5,0.00693807905125854
36.57,0.00460115923682936,0.499309826114476,0.500690173885524,0.5,0.00690173885524392
36.58,0.0045762058631046,0.499313569120534,0.500686430879466,0.5,0.0068643087946571
36.59,0.00455052985342499,0.499317420521986,0.500682579478014,0.5,0.00682579478013756
36.6,0.0045241352623301,0.49932137971065,0.50067862028935,0.5,0.00678620289349507
36.61,0.00449702625783186,0.499325446061325,0.500674553938675,0.5,0.00674553938674771
36.62,0.00446920712075634,0.499329618931887,0.500670381068113,0.5,0.00670381068113457
36.63,0.00444068224406773,0.49933389766339,0.50066610233661,0.5,0.00666102336610158
36.64,0.00441145613217477,0.499338281580174,0.500661718419826,0.5,0.00661718419826207
36.65,0.00438153340021932,0.499342769989967,0.500657230010033,0.5,0.006572300100329
36.66,0.00435091877334764,0.499347362183998,0.500652637816002,0.5,0.00652637816002138
36.67,0.00431961708596417,0.499352057437105,0.500647942562895,0.5,0.00647942562894605
36.68,0.00428763328096827,0.499356855007855,0.500643144992145,0.5,0.00643144992145239
36.69,0.00425497240897347,0.499361754138654,0.500638245861346,0.5,0.00638245861346004
36.7,0.00422163962751009,0.499366754055873,0.500633245944127,0.5,0.00633245944126504
36.71,0.00418764020021071,0.499371853969968,0.500628146030032,0.5,0.00628146030031584
36.72,0.00415297949597907,0.499377053075603,0.500622946924397,0.5,0.00622946924396878
36.73,0.00411766298814216,0.499382350551779,0.500617649448221,0.5,0.00617649448221319
36.74,0.00408169625358593,0.499387745561962,0.500612254438038,0.5,0.0061225443803789
36.75,0.00404508497187475,0.499393237254219,0.500606762745781,0.5,0.00606762745781197
36.76,0.0040078349243544,0.499398824761347,0.500601175238653,0.5,0.00601175238653134
36.77,0.00396995199323919,0.499404507201014,0.500595492798986,0.5,0.00595492798985853
36.78,0.00393144216068309,0.499410283675898,0.500589716324102,0.5,0.00589716324102457
36.79,0.00389231150783512,0.499416153273825,0.500583846726175,0.5,0.00583846726175286
36.8,0.00385256621387897,0.499422115067918,0.500577884932082,0.5,0.00577884932081857
36.81,0.00381221255505724,0.499428168116741,0.500571831883259,0.5,0.005718318832586
36.82,0.00377125690368053,0.499434311464448,0.500565688535552,0.5,0.00565688535552056
36.83,0.00372970572712092,0.499440544140932,0.500559455859068,0.5,0.00559455859068136
36.84,0.00368756558679088,0.499446865161981,0.500553134838019,0.5,0.00553134838018637
36.85,0.00364484313710705,0.499453273529434,0.500546726470566,0.5,0.00546726470566083
36.86,0.00360154512443955,0.499459768231334,0.500540231768666,0.5,0.00540231768665911
36.87,0.00355767838604645,0.499466348242093,0.500533651757907,0.5,0.00533651757906983
36.88,0.00351324984899424,0.499473012522651,0.500526987477349,0.5,0.00526987477349139
36.89,0.00346826652906403,0.49947976002064,0.50052023997936,0.5,0.00520239979359599
36.9,0.00342273552964345,0.499486589670553,0.500513410329447,0.5,0.00513410329446518
36.91,0.00337666404060516,0.499493500393909,0.500506499606091,0.5,0.00506499606090755
36.92,0.00333005933717127,0.499500491099424,0.500499508900576,0.5,0.00499508900575707
36.93,0.0032829287787648,0.499507560683185,0.500492439316815,0.5,0.00492439316814725
36.94,0.00323527980784724,0.499514708028823,0.500485291971177,0.5,0.00485291971177082
36.95,0.00318711994874347,0.499521932007688,0.500478067992312,0.5,0.00478067992311537
36.96,0.0031384568064535,0.499529231479032,0.500470768520968,0.5,0.00470768520968029
36.97,0.0030892980654517,0.499536605290182,0.500463394709818,0.5,0.00463394709817738
36.98,0.00303965148847306,0.499544052276729,0.500455947723271,0.5,0.00455947723270955
36.99,0.0029895249152876,0.499551571262707,0.500448428737293,0.5,0.00448428737293116
37,0.00293892626146237,0.499559161060781,0.500440838939219,0.5,0.0044083893921934
37.01,0.00288786351711135,0.499566820472433,0.500433179527567,0.5,0.00433179527566718
37.02,0.0028363447456338,0.499574548288155,0.500425451711845,0.5,0.00425451711845048
37.03,0.00278437808244093,0.499582343287634,0.500417656712366,0.5,0.00417656712366155
37.04,0.00273197173367137,0.499590204239949,0.500409795760051,0.5,0.00409795760050707
37.05,0.00267913397489501,0.499598129903766,0.500401870096234,0.5,0.00401870096234269
37.06,0.00262587314980648,0.499606119027529,0.500393880972471,0.5,0.0039388097247095
37.07,0.00257219766890753,0.499614170349664,0.500385829650336,0.5,0.0038582965033615
37.08,0.00251811600817881,0.499622282598773,0.500377717401227,0.5,0.00377717401226829
37.09,0.0024636367077415,0.499630454493839,0.500369545506161,0.5,0.00369545506161223
37.1,0.00240876837050859,0.499638684744424,0.500361315255576,0.5,0.00361315255576283
37.11,0.00235351966082668,0.499646972050876,0.500353027949124,0.5,0.0035302794912398
37.12,0.00229789930310746,0.499655315104534,0.500344684895466,0.5,0.0034468489546613
37.13,0.00224191608045015,0.499663712587932,0.500336287412067,0.5,0.0033628741206751
37.14,0.00218557883325466,0.499672163175012,0.500327836824988,0.5,0.00327836824988187
37.15,0.00212889645782539,0.499680665531326,0.500319334468674,0.5,0.00319334468673826
37.16,0.00207187790496645,0.499689218314255,0.500310781685745,0.5,0.00310781685744943
37.17,0.00201453217856832,0.499697820173215,0.500302179826785,0.5,0.00302179826785265
37.18,0.00195686833418602,0.499706469749872,0.500293530250128,0.5,0.00293530250127905
37.19,0.00189889547760902,0.499715165678359,0.500284834321641,0.5,0.00284834321641364
37.2,0.00184062276342344,0.499723906585486,0.500276093414514,0.5,0.00276093414513512
37.21,0.00178205939356627,0.499732691090965,0.500267308909035,0.5,0.00267308909034925
37.22,0.00172321461587261,0.499741517807619,0.500258482192381,0.5,0.00258482192380893
37.23,0.00166409772261496,0.499750385341608,0.500249614658392,0.5,0.00249614658392239
37.24,0.00160471804903604,0.499759292292645,0.500240707707355,0.5,0.00240707707355403
37.25,0.00154508497187474,0.499768237254219,0.500231762745781,0.5,0.00231762745781183
37.26,0.00148520790788518,0.499777218813817,0.500222781186183,0.5,0.00222781186182797
37.27,0.00142509631234992,0.499786235553147,0.500213764446853,0.5,0.00213764446852505
37.28,0.00136475967758664,0.499795286048362,0.500204713951638,0.5,0.00204713951638014
37.29,0.0013042075314495,0.499804368870283,0.500195631129717,0.5,0.00195631129717433
37.3,0.00124344943582429,0.499813482584626,0.500186517415374,0.5,0.00186517415373649
37.31,0.00118249498511861,0.499822625752232,0.500177374247768,0.5,0.00177374247767786
37.32,0.0011213538047469,0.499831796929288,0.500168203070712,0.5,0.00168203070712053
37.33,0.0010600355496103,0.499840994667558,0.500159005332442,0.5,0.00159005332441536
37.34,0.00099854990257207,0.499850217514614,0.500149782485386,0.5,0.00149782485385802
37.35,0.000936906572928627,0.499859464014061,0.500140535985939,0.5,0.001405359859393
37.36,0.000875115294876388,0.499868732705769,0.500131267294231,0.5,0.00131267294231435
37.37,0.00081318582597443,0.499878022126104,0.500121977873896,0.5,0.00121977873896145
37.38,0.000751127945603766,0.499887330808159,0.500112669191841,0.5,0.00112669191840581
37.39,0.00068895145342321,0.499896657281987,0.500103342718013,0.5,0.00103342718013488
37.4,0.000626666167821544,0.499906000074827,0.500093999925173,0.5,0.000939999251732271
37.41,0.000564281924367436,0.499915357711345,0.500084642288655,0.5,0.000846422886551235
37.42,0.00050180857425607,0.499924728713862,0.500075271286138,0.5,0.000752712861384064
37.43,0.000439255982753715,0.499934111602587,0.500065888397413,0.5,0.000658883974130609
37.44,0.000376634027639703,0.499943504895854,0.500056495104146,0.5,0.000564951041459594
37.45,0.000313952597646574,0.499952907110353,0.500047092889647,0.5,0.000470928896469935
37.46,0.000251221590898859,0.499962316761365,0.500037683238635,0.5,0.000376832386348447
37.47,0.000188450913349688,0.499971732362998,0.500028267637002,0.5,0.00028267637002477
37.48,0.000125650477216707,0.499981152428418,0.500018847571583,0.5,0.000188475715825198
37.49,6.28301994167506e-05,0.499990575470087,0.500009424529912,0.5,9.42452991251064e-05
37.5,2.69484193876077e-17,0.5,0.5,0.5,0
37.51,-6.28301994167322e-05,0.500009424529912,0.499990575470088,0.5,-9.42452991248288e-05
37.52,-0.000125650477216653,0.500018847571583,0.499981152428418,0.5,-0.000188475715825198
37.53,-0.00018845091334967,0.500028267637002,0.499971732362998,0.5,-0.00028267637002477
37.54,-0.000251221590898841,0.500037683238635,0.499962316761365,0.5,-0.000376832386348447
37.55,-0.000313952597646556,0.500047092889647,0.499952907110353,0.5,-0.000470928896469935
37.56,-0.000376634027639684,0.500056495104146,0.499943504895854,0.5,-0.000564951041459594
37.57,-0.000439255982753697,0.500065888397413,0.499934111602587,0.5,-0.000658883974130609
37.58,-0.000501808574256052,0.500075271286138,0.499924728713862,0.5,-0.000752712861384064
37.59,-0.000564281924367382,0.500084642288655,0.499915357711345,0.5,-0.000846422886551235
37.6,-0.000626666167821526,0.500093999925173,0.499906000074827,0.5,-0.000939999251732271
37.61,-0.000688951453423191,0.500103342718013,0.499896657281987,0.5,-0.00103342718013488
37.62,-0.000751127945603747,0.500112669191841,0.499887330808159,0.5,-0.00112669191840581
37.63,-0.000813185825974411,0.500121977873896,0.499878022126104,0.5,-0.00121977873896145
37.64,-0.00087511529487637,0.500131267294231,0.499868732705769,0.5,-0.00131267294231435
37.65,-0.000936906572928609,0.500140535985939,0.499859464014061,0.5,-0.001405359859393
37.66,-0.000998549902572017,0.500149782485386,0.499850217514614,0.5,-0.00149782485385802
37.67,-0.00106003554961029,0.500159005332442,0.499840994667558,0.5,-0.00159005332441536
37.68,-0.00112135380474688,0.500168203070712,0.499831796929288,0.5,-0.00168203070712053
37.69,-0.00118249498511859,0.500177374247768,0.499822625752232,0.5,-0.00177374247767786
37.7,-0.00124344943582428,0.500186517415374,0.499813482584626,0.5,-0.00186517415373649
37.71,-0.00130420753144948,0.500195631129717,0.499804368870283,0.5,-0.00195631129717433
37.72,-0.00136475967758662,0.500204713951638,0.499795286048362,0.5,-0.00204713951638014
37.73,-0.00142509631234984,0.500213764446853,0.499786235553148,0.5,-0.00213764446852477
37.74,-0.00148520790788516,0.500222781186183,0.499777218813817,0.5,-0.00222781186182797
37.75,-0.00154508497187472,0.500231762745781,0.499768237254219,0.5,-0.00231762745781183
37.76,-0.00160471804903603,0.500240707707355,0.499759292292645,0.5,-0.00240707707355403
37.77,-0.00166409772261491,0.500249614658392,0.499750385341608,0.5,-0.00249614658392239
37.78,-0.00172321461587259,0.500258482192381,0.499741517807619,0.5,-0.00258482192380893
37.79,-0.00178205939356626,0.500267308909035,0.499732691090965,0.5,-0.00267308909034925
37.8,-0.00184062276342335,0.500276093414514,0.499723906585486,0.5,-0.00276093414513512
37.81,-0.001898895477609,0.500284834321641,0.499715165678359,0.5,-0.00284834321641364
37.82,-0.001956868334186,0.500293530250128,0.499706469749872,0.5,-0.00293530250127905
37.83,-0.0020145321785683,0.500302179826785,0.499697820173215,0.5,-0.00302179826785265
37.84,-0.0020718779049664,0.500310781685745,0.499689218314255,0.5,-0.00310781685744943
37.85,-0.00212889645782538,0.500319334468674,0.499680665531326,0.5,-0.00319334468673826
37.86,-0.00218557883325464,0.500327836824988,0.499672163175012,0.5,-0.00327836824988187
37.87,-0.00224191608045013,0.500336287412067,0.499663712587932,0.5,-0.0033628741206751
37.88,-0.00229789930310744,0.500344684895466,0.499655315104534,0.5,-0.0034468489546613
37.89,-0.00235351966082666,0.500353027949124,0.499646972050876,0.5,-0.0035302794912398
37.9,-0.00240876837050857,0.500361315255576,0.499638684744424,0.5,-0.00361315255576283
37.91,-0.00246363670774142,0.500369545506161,0.499630454493839,0.5,-0.00369545506161195
37.92,-0.00251811600817879,0.500377717401227,0.499622282598773,0.5,-0.00377717401226829
37.93,-0.00257219766890752,0.500385829650336,0.499614170349664,0.5,-0.0038582965033615
37.94,-0.00262587314980646,0.500393880972471,0.499606119027529,0.5,-0.0039388097247095
37.95,-0.00267913397489499,0.500401870096234,0.499598129903766,0.5,-0.00401870096234269
37.96,-0.00273197173367135,0.500409795760051,0.499590204239949,0.5,-0.00409795760050707
37.97,-0.00278437808244091,0.500417656712366,0.499582343287634,0.5,-0.00417656712366155
37.98,-0.00283634474563375,0.500425451711845,0.499574548288155,0.5,-0.00425451711845048
37.99,-0.00288786351711133,0.500433179527567,0.499566820472433,0.5,-0.00433179527566718
38,-0.00293892626146236,0.500440838939219,0.499559161060781,0.5,-0.0044083893921934
38.01,-0.00298952491528758,0.500448428737293,0.499551571262707,0.5,-0.00448428737293116
38.02,-0.00303965148847301,0.500455947723271,0.499544052276729,0.5,-0.00455947723270955
38.03,-0.00308929806545168,0.500463394709818,0.499536605290182,0.5,-0.00463394709817738
38.04,-0.00313845680645348,0.500470768520968,0.499529231479032,0.5,-0.00470768520968029
38.05,-0.00318711994874343,0.500478067992312,0.499521932007688,0.5,-0.00478067992311537
38.06,-0.00323527980784722,0.500485291971177,0.499514708028823,0.5,-0.00485291971177082
38.07,-0.00328292877876478,0.500492439316815,0.499507560683185,0.5,-0.00492439316814725
38.08,-0.00333005933717125,0.500499508900576,0.499500491099424,0.5,-0.00499508900575707
38.09,-0.00337666404060509,0.500506499606091,0.499493500393909,0.5,-0.00506499606090755
38.1,-0.00342273552964343,0.500513410329447,0.499486589670553,0.5,-0.00513410329446518
38.11,-0.00346826652906401,0.50052023997936,0.49947976002064,0.5,-0.00520239979359599
38.12,-0.00351324984899423,0.500526987477349,0.499473012522651,0.5,-0.00526987477349139
38.13,-0.00355767838604643,0.500533651757907,0.499466348242093,0.5,-0.00533651757906983
38.14,-0.00360154512443954,0.500540231768666,0.499459768231334,0.5,-0.00540231768665911
38.15,-0.00364484313710704,0.500546726470566,0.499453273529434,0.5,-0.00546726470566056
38.16,-0.00368756558679084,0.500553134838019,0.499446865161981,0.5,-0.00553134838018637
38.17,-0.00372970572712091,0.500559455859068,0.499440544140932,0.5,-0.00559455859068136
38.18,-0.00377125690368051,0.500565688535552,0.499434311464448,0.5,-0.00565688535552056
38.19,-0.00381221255505723,0.500571831883259,0.499428168116741,0.5,-0.005718318832586
38.2,-0.00385256621387896,0.500577884932082,0.499422115067918,0.5,-0.00577884932081857
38.21,-0.0038923115078351,0.500583846726175,0.499416153273825,0.5,-0.00583846726175286
38.22,-0.00393144216068308,0.500589716324102,0.499410283675898,0.5,-0.00589716324102457
38.23,-0.00396995199323916,0.500595492798986,0.499404507201014,0.5,-0.00595492798985853
38.24,-0.00400783492435438,0.500601175238653,0.499398824761347,0.5,-0.00601175238653134
38.25,-0.00404508497187474,0.500606762745781,0.499393237254219,0.5,-0.00606762745781197
38.26,-0.00408169625358592,0.500612254438038,0.499387745561962,0.5,-0.0061225443803789
38.27,-0.00411766298814211,0.500617649448221,0.499382350551779,0.5,-0.00617649448221291
38.28,-0.00415297949597906,0.500622946924397,0.499377053075603,0.5,-0.00622946924396878
38.29,-0.0041876402002107,0.500628146030032,0.499371853969968,0.5,-0.00628146030031584
38.3,-0.00422163962751006,0.500633245944127,0.499366754055873,0.5,-0.00633245944126504
38.31,-0.00425497240897347,0.500638245861346,0.499361754138654,0.5,-0.00638245861346004
38.32,-0.00428763328096827,0.500643144992145,0.499356855007855,0.5,-0.00643144992145239
38.33,-0.00431961708596416,0.500647942562895,0.499352057437105,0.5,-0.00647942562894605
38.34,-0.00435091877334761,0.500652637816002,0.499347362183998,0.5,-0.00652637816002138
38.35,-0.00438153340021932,0.500657230010033,0.499342769989967,0.5,-0.006572300100329
38.36,-0.00441145613217476,0.500661718419826,0.499338281580174,0.5,-0.00661718419826207
38.37,-0.00444068224406772,0.50066610233661,0.49933389766339,0.5,-0.0066610233661013
38.38,-0.00446920712075633,0.500670381068113,0.499329618931887,0.5,-0.00670381068113457
38.39,-0.00449702625783185,0.500674553938675,0.499325446061325,0.5,-0.00674553938674771
38.4,-0.00452413526233009,0.50067862028935,0.49932137971065,0.5,-0.00678620289349507
38.41,-0.00455052985342497,0.500682579478014,0.499317420521986,0.5,-0.00682579478013756
38.42,-0.00457620586310459,0.500686430879466,0.499313569120534,0.5,-0.0068643087946571
38.43,-0.00460115923682935,0.500690173885524,0.499309826114476,0.5,-0.00690173885524392
38.44,-0.00462538603417228,0.500693807905126,0.499306192094874,0.5,-0.00693807905125854
38.45,-0.00464888242944125,0.500697332364416,0.499302667635584,0.5,-0.00697332364416187
38.46,-0.00467164471228306,0.500700746706843,0.499299253293158,0.5,-0.00700746706842476
38.47,-0.00469366928826937,0.50070405039324,0.49929594960676,0.5,-0.00704050393240396
38.48,-0.00471495267946432,0.50070724290192,0.49929275709808,0.5,-0.00707242901919675
38.49,-0.00473549152497373,0.500710323728746,0.499289676271254,0.5,-0.00710323728746048
38.5,-0.00475528258147577,0.500713292387221,0.499286707612779,0.5,-0.0071329238722137
38.51,-0.00477432272373321,0.50071614840856,0.49928385159144,0.5,-0.00716148408559963
38.52,-0.00479260894508687,0.500718891341763,0.499281108658237,0.5,-0.00718891341763034
38.53,-0.00481013835793043,0.50072152075369,0.49927847924631,0.5,-0.00721520753689586
38.54,-0.00482690819416637,0.500724036229125,0.499275963770875,0.5,-0.0072403622912498
38.55,-0.00484291580564315,0.500726437370846,0.499273562629154,0.5,-0.00726437370846461
38.56,-0.00485815866457337,0.500728723799686,0.499271276200314,0.5,-0.00728723799686026
38.57,-0.00487263436393288,0.50073089515459,0.49926910484541,0.5,-0.00730895154589906
38.58,-0.00488634061784096,0.500732951092676,0.499267048907324,0.5,-0.00732951092676126
38.59,-0.00489927526192123,0.500734891289288,0.499265108710712,0.5,-0.00734891289288164
38.6,-0.00491143625364344,0.500736715438047,0.499263284561953,0.5,-0.00736715438046542
38.61,-0.00492282167264603,0.500738423250897,0.499261576749103,0.5,-0.00738423250896902
38.62,-0.00493342972103933,0.500740014458156,0.499259985541844,0.5,-0.00740014458155885
38.63,-0.00494325872368957,0.500741488808553,0.499258511191447,0.5,-0.00741488808553431
38.64,-0.00495230712848325,0.500742846069272,0.499257153930728,0.5,-0.00742846069272468
38.65,-0.00496057350657239,0.500744086025986,0.499255913974014,0.5,-0.00744086025985857
38.66,-0.00496805655260004,0.50074520848289,0.49925479151711,0.5,-0.00745208482890031
38.67,-0.0049747550849065,0.500746213262736,0.499253786737264,0.5,-0.00746213262735967
38.68,-0.00498066804571586,0.500747100206857,0.499252899793143,0.5,-0.00747100206857393
38.69,-0.00498579450130307,0.500747869175195,0.499252130824805,0.5,-0.00747869175195454
38.7,-0.00499013364214136,0.500748520046321,0.499251479953679,0.5,-0.00748520046321199
38.71,-0.00499368478303009,0.500749052717455,0.499250947282545,0.5,-0.00749052717454513
38.72,-0.00499644736320295,0.50074946710448,0.49925053289552,0.5,-0.00749467104480428
38.73,-0.0049984209464165,0.500749763141963,0.499250236858038,0.5,-0.00749763141962484
38.74,-0.00499960522101908,0.500749940783153,0.499250059216847,0.5,-0.00749940783152853
38.75,-0.005,0.50075,0.49925,0.5,-0.00750000000000001
38.76,-0.00499960522101908,0.500749940783153,0.499250059216847,0.5,-0.00749940783152853
38.77,-0.0049984209464165,0.500749763141963,0.499250236858038,0.5,-0.00749763141962484
38.78,-0.00499644736320295,0.50074946710448,0.49925053289552,0.5,-0.00749467104480428
38.79,-0.00499368478303009,0.500749052717455,0.499250947282545,0.5,-0.00749052717454513
38.8,-0.00499013364214136,0.500748520046321,0.499251479953679,0.5,-0.00748520046321199
38.81,-0.00498579450130307,0.500747869175195,0.499252130824805,0.5,-0.00747869175195454
38.82,-0.00498066804571586,0.500747100206857,0.499252899793143,0.5,-0.00747100206857393
38.83,-0.0049747550849065,0.500746213262736,0.499253786737264,0.5,-0.00746213262735967
38.84,-0.00496805655260004,0.50074520848289,0.49925479151711,0.5,-0.00745208482890031
38.85,-0.00496057350657239,0.500744086025986,0.499255913974014,0.5,-0.00744086025985857
38.86,-0.00495230712848326,0.500742846069272,0.499257153930728,0.5,-0.00742846069272468
38.87,-0.00494325872368958,0.500741488808553,0.499258511191447,0.5,-0.00741488808553431
38.88,-0.00493342972103934,0.500740014458156,0.499259985541844,0.5,-0.00740014458155885
38.89,-0.00492282167264603,0.500738423250897,0.499261576749103,0.5,-0.00738423250896902
38.9,-0.00491143625364344,0.500736715438047,0.499263284561953,0.5,-0.00736715438046542
38.91,-0.00489927526192124,0.500734891289288,0.499265108710712,0.5,-0.00734891289288164
38.92,-0.00488634061784097,0.500732951092676,0.499267048907324,0.5,-0.00732951092676126
38.93,-0.00487263436393289,0.50073089515459,0.49926910484541,0.5,-0.00730895154589933
38.94,-0.00485815866457338,0.500728723799686,0.499271276200314,0.5,-0.00728723799686026
38.95,-0.00484291580564315,0.500726437370846,0.499273562629154,0.5,-0.00726437370846461
38.96,-0.00482690819416637,0.500724036229125,0.499275963770875,0.5,-0.0072403622912498
38.97,-0.00481013835793044,0.50072152075369,0.49927847924631,0.5,-0.00721520753689586
38.98,-0.00479260894508689,0.500718891341763,0.499281108658237,0.5,-0.00718891341763034
38.99,-0.00477432272373322,0.50071614840856,0.49928385159144,0.5,-0.00716148408559963
39,-0.00475528258147577,0.500713292387221,0.499286707612779,0.5,-0.0071329238722137
39.01,-0.00473549152497373,0.500710323728746,0.499289676271254,0.5,-0.00710323728746048
39.02,-0.00471495267946433,0.50070724290192,0.49929275709808,0.5,-0.00707242901919675
39.03,-0.00469366928826937,0.50070405039324,0.49929594960676,0.5,-0.00704050393240396
39.04,-0.00467164471228307,0.500700746706843,0.499299253293158,0.5,-0.00700746706842476
39.05,-0.00464888242944127,0.500697332364416,0.499302667635584,0.5,-0.00697332364416187
39.06,-0.00462538603417229,0.500693807905126,0.499306192094874,0.5,-0.00693807905125854
39.07,-0.00460115923682935,0.500690173885524,0.499309826114476,0.5,-0.00690173885524392
39.08,-0.00457620586310459,0.500686430879466,0.499313569120534,0.5,-0.0068643087946571
39.09,-0.004550529853425,0.500682579478014,0.499317420521986,0.5,-0.00682579478013756
39.1,-0.0045241352623301,0.50067862028935,0.49932137971065,0.5,-0.00678620289349507
39.11,-0.00449702625783186,0.500674553938675,0.499325446061325,0.5,-0.00674553938674771
39.12,-0.00446920712075633,0.500670381068113,0.499329618931887,0.5,-0.00670381068113457
39.13,-0.00444068224406772,0.50066610233661,0.49933389766339,0.5,-0.0066610233661013
39.14,-0.00441145613217476,0.500661718419826,0.499338281580174,0.5,-0.00661718419826207
39.15,-0.00438153340021933,0.500657230010033,0.499342769989967,0.5,-0.00657230010032928
39.16,-0.00435091877334765,0.500652637816002,0.499347362183998,0.5,-0.00652637816002138
39.17,-0.00431961708596418,0.500647942562895,0.499352057437105,0.5,-0.00647942562894605
39.18,-0.00428763328096827,0.500643144992145,0.499356855007855,0.5,-0.00643144992145239
39.19,-0.00425497240897347,0.500638245861346,0.499361754138654,0.5,-0.00638245861346004
39.2,-0.00422163962751007,0.500633245944127,0.499366754055873,0.5,-0.00633245944126504
39.21,-0.00418764020021072,0.500628146030032,0.499371853969968,0.5,-0.00628146030031584
39.22,-0.00415297949597908,0.500622946924397,0.499377053075603,0.5,-0.00622946924396878
39.23,-0.00411766298814215,0.500617649448221,0.499382350551779,0.5,-0.00617649448221319
39.24,-0.00408169625358592,0.500612254438038,0.499387745561962,0.5,-0.0061225443803789
39.25,-0.00404508497187474,0.500606762745781,0.499393237254219,0.5,-0.00606762745781197
39.26,-0.00400783492435439,0.500601175238653,0.499398824761347,0.5,-0.00601175238653134
39.27,-0.0039699519932392,0.500595492798986,0.499404507201014,0.5,-0.0059549279898588
39.28,-0.0039314421606831,0.500589716324102,0.499410283675898,0.5,-0.00589716324102457
39.29,-0.00389231150783513,0.500583846726175,0.499416153273825,0.5,-0.00583846726175286
39.3,-0.00385256621387896,0.500577884932082,0.499422115067918,0.5,-0.00577884932081857
39.31,-0.00381221255505723,0.500571831883259,0.499428168116741,0.5,-0.005718318832586
39.32,-0.00377125690368051,0.500565688535552,0.499434311464448,0.5,-0.00565688535552056
39.33,-0.00372970572712093,0.500559455859068,0.499440544140932,0.5,-0.00559455859068136
39.34,-0.00368756558679089,0.500553134838019,0.499446865161981,0.5,-0.00553134838018637
39.35,-0.00364484313710706,0.500546726470566,0.499453273529434,0.5,-0.00546726470566083
39.36,-0.00360154512443954,0.500540231768666,0.499459768231334,0.5,-0.00540231768665911
39.37,-0.00355767838604644,0.500533651757907,0.499466348242093,0.5,-0.00533651757906983
39.38,-0.00351324984899423,0.500526987477349,0.499473012522651,0.5,-0.00526987477349139
39.39,-0.00346826652906404,0.50052023997936,0.49947976002064,0.5,-0.00520239979359599
39.4,-0.00342273552964346,0.500513410329447,0.499486589670553,0.5,-0.00513410329446518
39.41,-0.00337666404060514,0.500506499606091,0.499493500393909,0.5,-0.00506499606090755
39.42,-0.00333005933717126,0.500499508900576,0.499500491099424,0.5,-0.00499508900575707
39.43,-0.00328292877876478,0.500492439316815,0.499507560683185,0.5,-0.00492439316814725
39.44,-0.00323527980784725,0.500485291971177,0.499514708028823,0.5,-0.00485291971177082
39.45,-0.00318711994874345,0.500478067992312,0.499521932007688,0.5,-0.00478067992311537
39.46,-0.00313845680645351,0.500470768520968,0.499529231479032,0.5,-0.00470768520968029
39.47,-0.00308929806545168,0.500463394709818,0.499536605290182,0.5,-0.00463394709817738
39.48,-0.00303965148847304,0.500455947723271,0.499544052276729,0.5,-0.00455947723270955
39.49,-0.00298952491528758,0.500448428737293,0.499551571262707,0.5,-0.00448428737293116
39.5,-0.00293892626146239,0.500440838939219,0.499559161060781,0.5,-0.0044083893921934
39.51,-0.00288786351711136,0.500433179527567,0.499566820472433,0.5,-0.00433179527566718
39.52,-0.00283634474563381,0.500425451711845,0.499574548288155,0.5,-0.00425451711845048
39.53,-0.00278437808244094,0.500417656712366,0.499582343287634,0.5,-0.00417656712366155
39.54,-0.00273197173367135,0.500409795760051,0.499590204239949,0.5,-0.00409795760050707
39.55,-0.00267913397489499,0.500401870096234,0.499598129903766,0.5,-0.00401870096234269
39.56,-0.00262587314980646,0.500393880972471,0.499606119027529,0.5,-0.0039388097247095
39.57,-0.00257219766890755,0.500385829650336,0.499614170349664,0.5,-0.0038582965033615
39.58,-0.00251811600817882,0.500377717401227,0.499622282598773,0.5,-0.00377717401226829
39.59,-0.00246363670774145,0.500369545506161,0.499630454493839,0.5,-0.00369545506161195
39.6,-0.0024087683705086,0.500361315255576,0.499638684744424,0.5,-0.00361315255576283
39.61,-0.00235351966082666,0.500353027949124,0.499646972050876,0.5,-0.0035302794912398
39.62,-0.00229789930310741,0.500344684895466,0.499655315104534,0.5,-0.0034468489546613
39.63,-0.0022419160804502,0.500336287412067,0.499663712587932,0.5,-0.0033628741206751
39.64,-0.00218557883325467,0.500327836824988,0.499672163175012,0.5,-0.00327836824988187
39.65,-0.00212889645782538,0.500319334468674,0.499680665531326,0.5,-0.00319334468673826
39.66,-0.00207187790496644,0.500310781685745,0.499689218314255,0.5,-0.00310781685744943
39.67,-0.0020145321785683,0.500302179826785,0.499697820173215,0.5,-0.00302179826785265
39.68,-0.00195686833418604,0.500293530250128,0.499706469749872,0.5,-0.00293530250127905
39.69,-0.00189889547760903,0.500284834321641,0.499715165678359,0.5,-0.00284834321641364
39.7,-0.00184062276342339,0.500276093414514,0.499723906585486,0.5,-0.00276093414513512
39.71,-0.00178205939356626,0.500267308909035,0.499732691090965,0.5,-0.00267308909034925
39.72,-0.00172321461587259,0.500258482192381,0.499741517807619,0.5,-0.00258482192380893
39.73,-0.00166409772261491,0.500249614658392,0.499750385341608,0.5,-0.00249614658392239
39.74,-0.0016047180490361,0.500240707707355,0.499759292292645,0.5,-0.00240707707355403
39.75,-0.00154508497187475,0.500231762745781,0.499768237254219,0.5,-0.00231762745781211
39.76,-0.0014852079078852,0.500222781186183,0.499777218813817,0.5,-0.00222781186182797
39.77,-0.00142509631234991,0.500213764446853,0.499786235553147,0.5,-0.00213764446852505
39.78,-0.00136475967758662,0.500204713951638,0.499795286048362,0.5,-0.00204713951638014
39.79,-0.00130420753144948,0.500195631129717,0.499804368870283,0.5,-0.00195631129717433
39.8,-0.00124344943582431,0.500186517415374,0.499813482584626,0.5,-0.00186517415373649
39.81,-0.00118249498511863,0.500177374247768,0.499822625752232,0.5,-0.00177374247767786
39.82,-0.00112135380474692,0.500168203070712,0.499831796929288,0.5,-0.00168203070712053
39.83,-0.00106003554961029,0.500159005332442,0.499840994667558,0.5,-0.00159005332441536
39.84,-0.000998549902572018,0.500149782485386,0.499850217514614,0.5,-0.00149782485385802
39.85,-0.00093690657292868,0.500140535985939,0.499859464014061,0.5,-0.00140535985939327
39.86,-0.000875115294876406,0.500131267294231,0.499868732705769,0.5,-0.00131267294231435
39.87,-0.000813185825974413,0.500121977873896,0.499878022126104,0.5,-0.00121977873896145
39.88,-0.000751127945603819,0.500112669191841,0.499887330808159,0.5,-0.00112669191840581
39.89,-0.000688951453423193,0.500103342718013,0.499896657281987,0.5,-0.00103342718013488
39.9,-0.000626666167821527,0.500093999925173,0.499906000074827,0.5,-0.000939999251732271
39.91,-0.000564281924367454,0.500084642288655,0.499915357711345,0.5,-0.000846422886551235
39.92,-0.000501808574256088,0.500075271286138,0.499924728713862,0.5,-0.000752712861384064
39.93,-0.000439255982753734,0.500065888397413,0.499934111602587,0.5,-0.000658883974130609
39.94,-0.000376634027639685,0.500056495104146,0.499943504895854,0.5,-0.000564951041459594
39.95,-0.000313952597646557,0.500047092889647,0.499952907110353,0.5,-0.000470928896469935
39.96,-0.000251221590898842,0.500037683238635,0.499962316761365,0.5,-0.000376832386348447
39.97,-0.000188450913349706,0.500028267637002,0.499971732362998,0.5,-0.00028267637002477
39.98,-0.000125650477216689,0.500018847571583,0.499981152428418,0.5,-0.000188475715825198
39.99,-6.28301994168045e-05,0.500009424529912,0.499990575470087,0.5,-9.42452991251064e-05
40,-9.79717439317883e-18,0.5,0.5,0.5,0
40.01,6.28301994167493e-05,0.499990575470087,0.500009424529912,0.5,9.42452991251064e-05
40.02,0.00012565047721667,0.499981152428418,0.500018847571583,0.5,0.000188475715825198
40.03,0.000188450913349687,0.499971732362998,0.500028267637002,0.5,0.00028267637002477
40.04,0.000251221590898822,0.499962316761365,0.500037683238635,0.5,0.000376832386348447
40.05,0.000313952597646538,0.499952907110353,0.500047092889647,0.5,0.000470928896469935
40.06,0.000376634027639666,0.499943504895854,0.500056495104146,0.5,0.000564951041459594
40.07,0.000439255982753714,0.499934111602587,0.500065888397413,0.5,0.000658883974130609
40.08,0.000501808574256069,0.499924728713862,0.500075271286138,0.5,0.000752712861384064
40.09,0.000564281924367434,0.499915357711345,0.500084642288655,0.5,0.000846422886551235
40.1,0.000626666167821473,0.499906000074827,0.500093999925173,0.5,0.000939999251732271
40.11,0.000688951453423173,0.499896657281987,0.500103342718013,0.5,0.00103342718013488
40.12,0.000751127945603799,0.499887330808159,0.500112669191841,0.5,0.00112669191840581
40.13,0.000813185825974393,0.499878022126104,0.500121977873896,0.5,0.00121977873896145
40.14,0.000875115294876387,0.499868732705769,0.500131267294231,0.5,0.00131267294231435
40.15,0.000936906572928591,0.499859464014061,0.500140535985939,0.5,0.001405359859393
40.16,0.000998549902571999,0.499850217514614,0.500149782485386,0.5,0.00149782485385774
40.17,0.00106003554961027,0.499840994667558,0.500159005332442,0.5,0.00159005332441536
40.18,0.0011213538047469,0.499831796929288,0.500168203070712,0.5,0.00168203070712053
40.19,0.00118249498511861,0.499822625752232,0.500177374247768,0.5,0.00177374247767786
40.2,0.00124344943582429,0.499813482584626,0.500186517415374,0.5,0.00186517415373649
40.21,0.00130420753144946,0.499804368870283,0.500195631129717,0.5,0.00195631129717433
40.22,0.0013647596775866,0.499795286048362,0.500204713951638,0.5,0.00204713951638014
40.23,0.00142509631234989,0.499786235553147,0.500213764446853,0.5,0.00213764446852505
40.24,0.00148520790788514,0.499777218813817,0.500222781186183,0.5,0.00222781186182797
40.25,0.00154508497187474,0.499768237254219,0.500231762745781,0.5,0.00231762745781183
40.26,0.00160471804903604,0.499759292292645,0.500240707707355,0.5,0.00240707707355403
40.27,0.00166409772261489,0.499750385341608,0.500249614658392,0.5,0.00249614658392239
40.28,0.00172321461587257,0.499741517807619,0.500258482192381,0.5,0.00258482192380893
40.29,0.00178205939356624,0.499732691090965,0.500267308909035,0.5,0.00267308909034925
40.3,0.00184062276342337,0.499723906585486,0.500276093414514,0.5,0.00276093414513512
40.31,0.00189889547760902,0.499715165678359,0.500284834321641,0.5,0.00284834321641364
40.32,0.00195686833418602,0.499706469749872,0.500293530250128,0.5,0.00293530250127905
40.33,0.00201453217856828,0.499697820173215,0.500302179826785,0.5,0.00302179826785265
40.34,0.00207187790496642,0.499689218314255,0.500310781685745,0.5,0.00310781685744943
40.35,0.00212889645782533,0.499680665531326,0.500319334468674,0.5,0.00319334468673826
40.36,0.00218557883325466,0.499672163175012,0.500327836824988,0.5,0.00327836824988187
40.37,0.00224191608045018,0.499663712587932,0.500336287412067,0.5,0.0033628741206751
40.38,0.00229789930310739,0.499655315104534,0.500344684895466,0.5,0.0034468489546613
40.39,0.00235351966082665,0.499646972050876,0.500353027949124,0.5,0.0035302794912398
40.4,0.00240876837050856,0.499638684744424,0.500361315255576,0.5,0.00361315255576256
40.41,0.00246363670774143,0.499630454493839,0.500369545506161,0.5,0.00369545506161195
40.42,0.00251811600817881,0.499622282598773,0.500377717401227,0.5,0.00377717401226829
40.43,0.00257219766890753,0.499614170349664,0.500385829650336,0.5,0.0038582965033615
40.44,0.00262587314980644,0.499606119027529,0.500393880972471,0.5,0.0039388097247095
40.45,0.00267913397489498,0.499598129903766,0.500401870096234,0.5,0.00401870096234269
40.46,0.00273197173367134,0.499590204239949,0.500409795760051,0.5,0.00409795760050707
40.47,0.00278437808244093,0.499582343287634,0.500417656712366,0.5,0.00417656712366155
40.48,0.0028363447456338,0.499574548288155,0.500425451711845,0.5,0.00425451711845048
40.49,0.00288786351711129,0.499566820472433,0.500433179527567,0.5,0.00433179527566718
40.5,0.00293892626146237,0.499559161060781,0.500440838939219,0.5,0.0044083893921934
40.51,0.00298952491528757,0.499551571262707,0.500448428737293,0.5,0.00448428737293116
40.52,0.003039651488473,0.499544052276729,0.500455947723271,0.5,0.00455947723270955
40.53,0.00308929806545167,0.499536605290182,0.500463394709818,0.5,0.00463394709817738
40.54,0.0031384568064535,0.499529231479032,0.500470768520968,0.5,0.00470768520968029
40.55,0.00318711994874344,0.499521932007688,0.500478067992312,0.5,0.00478067992311537
40.56,0.00323527980784724,0.499514708028823,0.500485291971177,0.5,0.00485291971177082
40.57,0.00328292877876477,0.499507560683185,0.500492439316815,0.5,0.00492439316814725
40.58,0.00333005933717124,0.499500491099424,0.500499508900576,0.5,0.00499508900575707
40.59,0.00337666404060513,0.499493500393909,0.500506499606091,0.5,0.00506499606090755
40.6,0.00342273552964342,0.499486589670553,0.500513410329447,0.5,0.00513410329446518
40.61,0.00346826652906403,0.49947976002064,0.50052023997936,0.5,0.00520239979359599
40.62,0.00351324984899427,0.499473012522651,0.500526987477349,0.5,0.00526987477349139
40.63,0.0035576783860464,0.499466348242093,0.500533651757907,0.5,0.00533651757906983
40.64,0.00360154512443953,0.499459768231334,0.500540231768666,0.5,0.00540231768665911
40.65,0.00364484313710705,0.499453273529434,0.500546726470566,0.5,0.00546726470566083
40.66,0.00368756558679086,0.499446865161981,0.500553134838019,0.5,0.00553134838018637
40.67,0.00372970572712092,0.499440544140932,0.500559455859068,0.5,0.00559455859068136
40.68,0.0037712569036805,0.499434311464448,0.500565688535552,0.5,0.00565688535552056
40.69,0.00381221255505722,0.499428168116741,0.500571831883259,0.5,0.005718318832586
40.7,0.00385256621387895,0.499422115067918,0.500577884932082,0.5,0.00577884932081857
40.71,0.00389231150783511,0.499416153273825,0.500583846726175,0.5,0.00583846726175286
40.72,0.00393144216068309,0.499410283675898,0.500589716324102,0.5,0.00589716324102457
40.73,0.00396995199323919,0.499404507201014,0.500595492798986,0.5,0.00595492798985853
40.74,0.00400783492435435,0.499398824761347,0.500601175238653,0.5,0.00601175238653134
40.75,0.00404508497187473,0.499393237254219,0.500606762745781,0.5,0.00606762745781197
40.76,0.00408169625358591,0.499387745561962,0.500612254438038,0.5,0.0061225443803789
40.77,0.00411766298814212,0.499382350551779,0.500617649448221,0.5,0.00617649448221291
40.78,0.00415297949597907,0.499377053075603,0.500622946924397,0.5,0.00622946924396878
40.79,0.00418764020021071,0.499371853969968,0.500628146030032,0.5,0.00628146030031584
40.8,0.00422163962751006,0.499366754055873,0.500633245944127,0.5,0.00633245944126504
40.81,0.00425497240897346,0.499361754138654,0.500638245861346,0.5,0.00638245861346004
40.82,0.00428763328096826,0.499356855007855,0.500643144992145,0.5,0.00643144992145239
40.83,0.00431961708596417,0.499352057437105,0.500647942562895,0.5,0.00647942562894605
40.84,0.00435091877334764,0.499347362183998,0.500652637816002,0.5,0.00652637816002138
40.85,0.00438153340021929,0.499342769989967,0.500657230010033,0.5,0.006572300100329
40.86,0.00441145613217475,0.499338281580174,0.500661718419826,0.5,0.00661718419826207
40.87,0.00444068224406772,0.49933389766339,0.50066610233661,0.5,0.00666102336610158
40.88,0.0044692071207563,0.499329618931887,0.500670381068113,0.5,0.00670381068113457
40.89,0.00449702625783185,0.499325446061325,0.500674553938675,0.5,0.00674553938674771
40.9,0.0045241352623301,0.49932137971065,0.50067862028935,0.5,0.00678620289349507
40.91,0.00455052985342496,0.499317420521986,0.500682579478014,0.5,0.00682579478013756
40.92,0.00457620586310458,0.499313569120534,0.500686430879466,0.5,0.0068643087946571
40.93,0.00460115923682934,0.499309826114476,0.500690173885524,0.5,0.00690173885524392
40.94,0.00462538603417228,0.499306192094874,0.500693807905126,0.5,0.00693807905125854
40.95,0.00464888242944126,0.499302667635584,0.500697332364416,0.5,0.00697332364416187
40.96,0.00467164471228306,0.499299253293158,0.500700746706843,0.5,0.00700746706842476
40.97,0.00469366928826936,0.49929594960676,0.50070405039324,0.5,0.00704050393240396
40.98,0.00471495267946432,0.49929275709808,0.50070724290192,0.5,0.00707242901919675
40.99,0.00473549152497371,0.499289676271254,0.500710323728746,0.5,0.00710323728746048
41,0.00475528258147576,0.499286707612779,0.500713292387221,0.5,0.0071329238722137
41.01,0.00477432272373321,0.49928385159144,0.50071614840856,0.5,0.00716148408559963
41.02,0.00479260894508687,0.499281108658237,0.500718891341763,0.5,0.00718891341763034
41.03,0.00481013835793043,0.49927847924631,0.50072152075369,0.5,0.00721520753689586
41.04,0.00482690819416636,0.499275963770875,0.500724036229125,0.5,0.0072403622912498
41.05,0.00484291580564315,0.499273562629154,0.500726437370846,0.5,0.00726437370846461
41.06,0.00485815866457337,0.499271276200314,0.500728723799686,0.5,0.00728723799686026
41.07,0.00487263436393289,0.49926910484541,0.50073089515459,0.5,0.00730895154589906
41.08,0.00488634061784097,0.499267048907324,0.500732951092676,0.5,0.00732951092676126
41.09,0.00489927526192124,0.499265108710712,0.500734891289288,0.5,0.00734891289288164
41.1,0.00491143625364343,0.499263284561953,0.500736715438047,0.5,0.00736715438046542
41.11,0.00492282167264602,0.499261576749103,0.500738423250897,0.5,0.00738423250896902
41.12,0.00493342972103934,0.499259985541844,0.500740014458156,0.5,0.00740014458155885
41.13,0.00494325872368957,0.499258511191447,0.500741488808553,0.5,0.00741488808553431
41.14,0.00495230712848326,0.499257153930728,0.500742846069272,0.5,0.00742846069272468
41.15,0.00496057350657238,0.499255913974014,0.500744086025986,0.5,0.00744086025985857
41.16,0.00496805655260004,0.49925479151711,0.50074520848289,0.5,0.00745208482890031
41.17,0.0049747550849065,0.499253786737264,0.500746213262736,0.5,0.00746213262735967
41.18,0.00498066804571586,0.499252899793143,0.500747100206857,0.5,0.00747100206857393
41.19,0.00498579450130307,0.499252130824805,0.500747869175195,0.5,0.00747869175195454
41.2,0.00499013364214136,0.499251479953679,0.500748520046321,0.5,0.00748520046321199
41.21,0.00499368478303009,0.499250947282545,0.500749052717455,0.5,0.00749052717454513
41.22,0.00499644736320295,0.49925053289552,0.50074946710448,0.5,0.00749467104480428
41.23,0.0049984209464165,0.499250236858038,0.500749763141963,0.5,0.00749763141962484
41.24,0.00499960522101908,0.499250059216847,0.500749940783153,0.5,0.00749940783152853
41.25,0.005,0.49925,0.50075,0.5,0.00750000000000001
41.26,0.00499960522101908,0.499250059216847,0.500749940783153,0.5,0.00749940783152853
41.27,0.0049984209464165,0.499250236858038,0.500749763141963,0.5,0.00749763141962484
41.28,0.00499644736320295,0.49925053289552,0.50074946710448,0.5,0.00749467104480428
41.29,0.00499368478303009,0.499250947282545,0.500749052717455,0.5,0.00749052717454513
41.3,0.00499013364214136,0.499251479953679,0.500748520046321,0.5,0.00748520046321199
41.31,0.00498579450130307,0.499252130824805,0.500747869175195,0.5,0.00747869175195454
41.32,0.00498066804571586,0.499252899793143,0.500747100206857,0.5,0.00747100206857393
41.33,0.0049747550849065,0.499253786737264,0.500746213262736,0.5,0.00746213262735967
41.34,0.00496805655260004,0.49925479151711,0.50074520848289,0.5,0.00745208482890031
41.35,0.00496057350657239,0.499255913974014,0.500744086025986,0.5,0.00744086025985857
41.36,0.00495230712848326,0.499257153930728,0.500742846069272,0.5,0.00742846069272468
41.37,0.00494325872368957,0.499258511191447,0.500741488808553,0.5,0.00741488808553431
41.38,0.00493342972103935,0.499259985541844,0.500740014458156,0.5,0.00740014458155885
41.39,0.00492282167264603,0.499261576749103,0.500738423250897,0.5,0.00738423250896902
41.4,0.00491143625364345,0.499263284561953,0.500736715438047,0.5,0.00736715438046542
41.41,0.00489927526192124,0.499265108710712,0.500734891289288,0.5,0.00734891289288164
41.42,0.00488634061784097,0.499267048907324,0.500732951092676,0.5,0.00732951092676126
41.43,0.00487263436393289,0.49926910484541,0.50073089515459,0.5,0.00730895154589906
41.44,0.00485815866457338,0.499271276200314,0.500728723799686,0.5,0.00728723799686026
41.45,0.00484291580564316,0.499273562629154,0.500726437370846,0.5,0.00726437370846461
41.46,0.00482690819416637,0.499275963770875,0.500724036229125,0.5,0.0072403622912498
41.47,0.00481013835793043,0.49927847924631,0.50072152075369,0.5,0.00721520753689586
41.48,0.00479260894508688,0.499281108658237,0.500718891341763,0.5,0.00718891341763034
41.49,0.00477432272373323,0.49928385159144,0.50071614840856,0.5,0.00716148408559963
41.5,0.00475528258147578,0.499286707612779,0.500713292387221,0.5,0.0071329238722137
41.51,0.00473549152497373,0.499289676271254,0.500710323728746,0.5,0.00710323728746048
41.52,0.00471495267946433,0.49929275709808,0.50070724290192,0.5,0.00707242901919675
41.53,0.00469366928826937,0.49929594960676,0.50070405039324,0.5,0.00704050393240396
41.54,0.00467164471228306,0.499299253293158,0.500700746706843,0.5,0.00700746706842476
41.55,0.00464888242944126,0.499302667635584,0.500697332364416,0.5,0.00697332364416187
41.56,0.00462538603417228,0.499306192094874,0.500693807905126,0.5,0.00693807905125854
41.57,0.00460115923682936,0.499309826114476,0.500690173885524,0.5,0.00690173885524392
41.58,0.0045762058631046,0.499313569120534,0.500686430879466,0.5,0.0068643087946571
41.59,0.00455052985342497,0.499317420521986,0.500682579478014,0.5,0.00682579478013756
41.6,0.00452413526233011,0.49932137971065,0.50067862028935,0.5,0.00678620289349507
41.61,0.00449702625783186,0.499325446061325,0.500674553938675,0.5,0.00674553938674771
41.62,0.0044692071207563,0.499329618931887,0.500670381068113,0.5,0.00670381068113457
41.63,0.00444068224406774,0.49933389766339,0.50066610233661,0.5,0.00666102336610158
41.64,0.00441145613217477,0.499338281580174,0.500661718419826,0.5,0.00661718419826207
41.65,0.00438153340021933,0.499342769989967,0.500657230010033,0.5,0.006572300100329
41.66,0.00435091877334764,0.499347362183998,0.500652637816002,0.5,0.00652637816002138
41.67,0.00431961708596417,0.499352057437105,0.500647942562895,0.5,0.00647942562894605
41.68,0.00428763328096828,0.499356855007855,0.500643144992145,0.5,0.00643144992145239
41.69,0.00425497240897348,0.499361754138654,0.500638245861346,0.5,0.00638245861346004
41.7,0.00422163962751008,0.499366754055873,0.500633245944127,0.5,0.00633245944126504
41.71,0.00418764020021071,0.499371853969968,0.500628146030032,0.5,0.00628146030031584
41.72,0.00415297949597907,0.499377053075603,0.500622946924397,0.5,0.00622946924396878
41.73,0.00411766298814212,0.499382350551779,0.500617649448221,0.5,0.00617649448221291
41.74,0.00408169625358595,0.499387745561962,0.500612254438038,0.5,0.00612254438037918
41.75,0.00404508497187475,0.499393237254219,0.500606762745781,0.5,0.00606762745781197
41.76,0.0040078349243544,0.499398824761347,0.500601175238653,0.5,0.00601175238653134
41.77,0.00396995199323919,0.499404507201014,0.500595492798986,0.5,0.00595492798985853
41.78,0.00393144216068309,0.499410283675898,0.500589716324102,0.5,0.00589716324102457
41.79,0.00389231150783512,0.499416153273825,0.500583846726175,0.5,0.00583846726175286
41.8,0.00385256621387897,0.499422115067918,0.500577884932082,0.5,0.00577884932081857
41.81,0.00381221255505724,0.499428168116741,0.500571831883259,0.5,0.005718318832586
41.82,0.00377125690368053,0.499434311464448,0.500565688535552,0.5,0.00565688535552056
41.83,0.00372970572712092,0.499440544140932,0.500559455859068,0.5,0.00559455859068136
41.84,0.00368756558679086,0.499446865161981,0.500553134838019,0.5,0.00553134838018637
41.85,0.0036448431371071,0.499453273529434,0.500546726470566,0.5,0.00546726470566083
41.86,0.00360154512443955,0.499459768231334,0.500540231768666,0.5,0.00540231768665911
41.87,0.00355767838604642,0.499466348242093,0.500533651757907,0.5,0.00533651757906983
41.88,0.00351324984899427,0.499473012522651,0.500526987477349,0.5,0.00526987477349139
41.89,0.00346826652906403,0.49947976002064,0.50052023997936,0.5,0.00520239979359599
41.9,0.00342273552964345,0.499486589670553,0.500513410329447,0.5,0.00513410329446518
41.91,0.00337666404060516,0.499493500393909,0.500506499606091,0.5,0.00506499606090755
41.92,0.00333005933717127,0.499500491099424,0.500499508900576,0.5,0.00499508900575707
41.93,0.0032829287787648,0.499507560683185,0.500492439316815,0.5,0.00492439316814725
41.94,0.00323527980784724,0.499514708028823,0.500485291971177,0.5,0.00485291971177082
41.95,0.00318711994874344,0.499521932007688,0.500478067992312,0.5,0.00478067992311537
41.96,0.0031384568064535,0.499529231479032,0.500470768520968,0.5,0.00470768520968029
41.97,0.0030892980654517,0.499536605290182,0.500463394709818,0.5,0.00463394709817738
41.98,0.00303965148847303,0.499544052276729,0.500455947723271,0.5,0.00455947723270955
41.99,0.00298952491528763,0.499551571262707,0.500448428737293,0.5,0.00448428737293144
42,0.00293892626146237,0.499559161060781,0.500440838939219,0.5,0.0044083893921934
42.01,0.00288786351711135,0.499566820472433,0.500433179527567,0.5,0.00433179527566718
42.02,0.0028363447456338,0.499574548288155,0.500425451711845,0.5,0.00425451711845048
42.03,0.00278437808244093,0.499582343287634,0.500417656712366,0.5,0.00417656712366155
42.04,0.00273197173367137,0.499590204239949,0.500409795760051,0.5,0.00409795760050707
42.05,0.00267913397489501,0.499598129903766,0.500401870096234,0.5,0.00401870096234269
42.06,0.00262587314980648,0.499606119027529,0.500393880972471,0.5,0.0039388097247095
42.07,0.00257219766890753,0.499614170349664,0.500385829650336,0.5,0.0038582965033615
42.08,0.00251811600817881,0.499622282598773,0.500377717401227,0.5,0.00377717401226829
42.09,0.00246363670774144,0.499630454493839,0.500369545506161,0.5,0.00369545506161195
42.1,0.00240876837050862,0.499638684744424,0.500361315255576,0.5,0.00361315255576283
42.11,0.00235351966082668,0.499646972050876,0.500353027949124,0.5,0.0035302794912398
42.12,0.00229789930310743,0.499655315104534,0.500344684895466,0.5,0.0034468489546613
42.13,0.00224191608045018,0.499663712587932,0.500336287412067,0.5,0.0033628741206751
42.14,0.00218557883325466,0.499672163175012,0.500327836824988,0.5,0.00327836824988187
42.15,0.00212889645782539,0.499680665531326,0.500319334468674,0.5,0.00319334468673826
42.16,0.00207187790496645,0.499689218314255,0.500310781685745,0.5,0.00310781685744943
42.17,0.00201453217856832,0.499697820173215,0.500302179826785,0.5,0.00302179826785265
42.18,0.00195686833418602,0.499706469749872,0.500293530250128,0.5,0.00293530250127905
42.19,0.00189889547760902,0.499715165678359,0.500284834321641,0.5,0.00284834321641364
42.2,0.00184062276342337,0.499723906585486,0.500276093414514,0.5,0.00276093414513512
42.21,0.00178205939356627,0.499732691090965,0.500267308909035,0.5,0.00267308909034925
42.22,0.00172321461587261,0.499741517807619,0.500258482192381,0.5,0.00258482192380893
42.23,0.00166409772261493,0.499750385341608,0.500249614658392,0.5,0.00249614658392239
42.24,0.00160471804903608,0.499759292292645,0.500240707707355,0.5,0.00240707707355403
42.25,0.00154508497187474,0.499768237254219,0.500231762745781,0.5,0.00231762745781183
42.26,0.00148520790788518,0.499777218813817,0.500222781186183,0.5,0.00222781186182797
42.27,0.00142509631234992,0.499786235553147,0.500213764446853,0.5,0.00213764446852505
42.28,0.00136475967758664,0.499795286048362,0.500204713951638,0.5,0.00204713951638014
42.29,0.0013042075314495,0.499804368870283,0.500195631129717,0.5,0.00195631129717433
42.3,0.00124344943582429,0.499813482584626,0.500186517415374,0.5,0.00186517415373649
42.31,0.00118249498511861,0.499822625752232,0.500177374247768,0.5,0.00177374247767786
42.32,0.0011213538047469,0.499831796929288,0.500168203070712,0.5,0.00168203070712053
42.33,0.00106003554961031,0.499840994667558,0.500159005332442,0.5,0.00159005332441536
42.34,0.000998549902572036,0.499850217514614,0.500149782485386,0.5,0.00149782485385802
42.35,0.000936906572928663,0.499859464014061,0.500140535985939,0.5,0.001405359859393
42.36,0.000875115294876389,0.499868732705769,0.500131267294231,0.5,0.00131267294231435
42.37,0.000813185825974396,0.499878022126104,0.500121977873896,0.5,0.00121977873896145
42.38,0.000751127945603837,0.499887330808159,0.500112669191841,0.5,0.00112669191840581
42.39,0.000688951453423211,0.499896657281987,0.500103342718013,0.5,0.00103342718013488
42.4,0.000626666167821546,0.499906000074827,0.500093999925173,0.5,0.000939999251732271
42.41,0.000564281924367437,0.499915357711345,0.500084642288655,0.5,0.000846422886551235
42.42,0.000501808574256071,0.499924728713862,0.500075271286138,0.5,0.000752712861384064
42.43,0.000439255982753717,0.499934111602587,0.500065888397413,0.5,0.000658883974130609
42.44,0.000376634027639704,0.499943504895854,0.500056495104146,0.5,0.000564951041459594
42.45,0.000313952597646576,0.499952907110353,0.500047092889647,0.5,0.000470928896469935
42.46,0.00025122159089886,0.499962316761365,0.500037683238635,0.5,0.000376832386348447
42.47,0.000188450913349689,0.499971732362998,0.500028267637002,0.5,0.00028267637002477
42.48,0.000125650477216672,0.499981152428418,0.500018847571583,0.5,0.000188475715825198
42.49,6.28301994168228e-05,0.499990575470087,0.500009424529912,0.5,9.42452991251064e-05
42.5,-7.35407060125e-18,0.5,0.5,0.5,0
42.51,-6.2830199416731e-05,0.500009424529912,0.499990575470088,0.5,-9.42452991248288e-05
42.52,-0.000125650477216651,0.500018847571583,0.499981152428418,0.5,-0.000188475715825198
42.53,-0.000188450913349668,0.500028267637002,0.499971732362998,0.5,-0.00028267637002477
42.54,-0.00025122159089884,0.500037683238635,0.499962316761365,0.5,-0.000376832386348447
42.55,-0.000313952597646555,0.500047092889647,0.499952907110353,0.5,-0.000470928896469935
42.56,-0.000376634027639683,0.500056495104146,0.499943504895854,0.5,-0.000564951041459594
42.57,-0.000439255982753696,0.500065888397413,0.499934111602587,0.5,-0.000658883974130609
42.58,-0.000501808574256051,0.500075271286138,0.499924728713862,0.5,-0.000752712861384064
42.59,-0.000564281924367416,0.500084642288655,0.499915357711345,0.5,-0.000846422886551235
42.6,-0.00062666616782149,0.500093999925173,0.499906000074827,0.5,-0.000939999251732271
42.61,-0.00068895145342319,0.500103342718013,0.499896657281987,0.5,-0.00103342718013488
42.62,-0.000751127945603816,0.500112669191841,0.499887330808159,0.5,-0.00112669191840581
42.63,-0.000813185825974375,0.500121977873896,0.499878022126104,0.5,-0.00121977873896145
42.64,-0.000875115294876369,0.500131267294231,0.499868732705769,0.5,-0.00131267294231435
42.65,-0.000936906572928608,0.500140535985939,0.499859464014061,0.5,-0.001405359859393
42.66,-0.000998549902572016,0.500149782485386,0.499850217514614,0.5,-0.00149782485385802
42.67,-0.00106003554961028,0.500159005332442,0.499840994667558,0.5,-0.00159005332441536
42.68,-0.00112135380474688,0.500168203070712,0.499831796929288,0.5,-0.00168203070712053
42.69,-0.00118249498511859,0.500177374247768,0.499822625752232,0.5,-0.00177374247767786
42.7,-0.00124344943582427,0.500186517415374,0.499813482584626,0.5,-0.00186517415373649
42.71,-0.00130420753144948,0.500195631129717,0.499804368870283,0.5,-0.00195631129717433
42.72,-0.00136475967758662,0.500204713951638,0.499795286048362,0.5,-0.00204713951638014
42.73,-0.0014250963123499,0.500213764446853,0.499786235553147,0.5,-0.00213764446852505
42.74,-0.00148520790788513,0.500222781186183,0.499777218813817,0.5,-0.00222781186182797
42.75,-0.00154508497187472,0.500231762745781,0.499768237254219,0.5,-0.00231762745781183
42.76,-0.00160471804903603,0.500240707707355,0.499759292292645,0.5,-0.00240707707355403
42.77,-0.00166409772261491,0.500249614658392,0.499750385341608,0.5,-0.00249614658392239
42.78,-0.00172321461587259,0.500258482192381,0.499741517807619,0.5,-0.00258482192380893
42.79,-0.00178205939356625,0.500267308909035,0.499732691090965,0.5,-0.00267308909034925
42.8,-0.00184062276342335,0.500276093414514,0.499723906585486,0.5,-0.00276093414513512
42.81,-0.001898895477609,0.500284834321641,0.499715165678359,0.5,-0.00284834321641364
42.82,-0.001956868334186,0.500293530250128,0.499706469749872,0.5,-0.00293530250127905
42.83,-0.0020145321785683,0.500302179826785,0.499697820173215,0.5,-0.00302179826785265
42.84,-0.00207187790496644,0.500310781685745,0.499689218314255,0.5,-0.00310781685744943
42.85,-0.00212889645782531,0.500319334468674,0.499680665531326,0.5,-0.00319334468673799
42.86,-0.00218557883325464,0.500327836824988,0.499672163175012,0.5,-0.00327836824988187
42.87,-0.00224191608045017,0.500336287412067,0.499663712587932,0.5,-0.0033628741206751
42.88,-0.00229789930310741,0.500344684895466,0.499655315104534,0.5,-0.0034468489546613
42.89,-0.00235351966082666,0.500353027949124,0.499646972050876,0.5,-0.0035302794912398
42.9,-0.00240876837050857,0.500361315255576,0.499638684744424,0.5,-0.00361315255576283
42.91,-0.00246363670774142,0.500369545506161,0.499630454493839,0.5,-0.00369545506161195
42.92,-0.00251811600817879,0.500377717401227,0.499622282598773,0.5,-0.00377717401226829
42.93,-0.00257219766890752,0.500385829650336,0.499614170349664,0.5,-0.0038582965033615
42.94,-0.00262587314980646,0.500393880972471,0.499606119027529,0.5,-0.0039388097247095
42.95,-0.00267913397489499,0.500401870096234,0.499598129903766,0.5,-0.00401870096234269
42.96,-0.00273197173367135,0.500409795760051,0.499590204239949,0.5,-0.00409795760050707
42.97,-0.00278437808244091,0.500417656712366,0.499582343287634,0.5,-0.00417656712366155
42.98,-0.00283634474563378,0.500425451711845,0.499574548288155,0.5,-0.00425451711845048
42.99,-0.0028878635171113,0.500433179527567,0.499566820472433,0.5,-0.00433179527566718
43,-0.00293892626146236,0.500440838939219,0.499559161060781,0.5,-0.0044083893921934
43.01,-0.00298952491528758,0.500448428737293,0.499551571262707,0.5,-0.00448428737293116
43.02,-0.00303965148847301,0.500455947723271,0.499544052276729,0.5,-0.00455947723270955
43.03,-0.00308929806545168,0.500463394709818,0.499536605290182,0.5,-0.00463394709817738
43.04,-0.00313845680645348,0.500470768520968,0.499529231479032,0.5,-0.00470768520968029
43.05,-0.00318711994874343,0.500478067992312,0.499521932007688,0.5,-0.00478067992311537
43.06,-0.00323527980784722,0.500485291971177,0.499514708028823,0.5,-0.00485291971177082
43.07,-0.00328292877876478,0.500492439316815,0.499507560683185,0.5,-0.00492439316814725
43.08,-0.00333005933717125,0.500499508900576,0.499500491099424,0.5,-0.00499508900575707
43.09,-0.00337666404060514,0.500506499606091,0.499493500393909,0.5,-0.00506499606090755
43.1,-0.00342273552964341,0.500513410329447,0.499486589670553,0.5,-0.00513410329446518
43.11,-0.00346826652906401,0.50052023997936,0.49947976002064,0.5,-0.00520239979359599
43.12,-0.00351324984899426,0.500526987477349,0.499473012522651,0.5,-0.00526987477349139
43.13,-0.00355767838604641,0.500533651757907,0.499466348242093,0.5,-0.00533651757906983
43.14,-0.00360154512443954,0.500540231768666,0.499459768231334,0.5,-0.00540231768665911
43.15,-0.00364484313710703,0.500546726470566,0.499453273529434,0.5,-0.00546726470566056
43.16,-0.00368756558679084,0.500553134838019,0.499446865161981,0.5,-0.00553134838018637
43.17,-0.00372970572712091,0.500559455859068,0.499440544140932,0.5,-0.00559455859068136
43.18,-0.00377125690368051,0.500565688535552,0.499434311464448,0.5,-0.00565688535552056
43.19,-0.00381221255505723,0.500571831883259,0.499428168116741,0.5,-0.005718318832586
43.2,-0.00385256621387896,0.500577884932082,0.499422115067918,0.5,-0.00577884932081857
43.21,-0.0038923115078351,0.500583846726175,0.499416153273825,0.5,-0.00583846726175286
43.22,-0.00393144216068308,0.500589716324102,0.499410283675898,0.5,-0.00589716324102457
43.23,-0.00396995199323918,0.500595492798986,0.499404507201014,0.5,-0.00595492798985853
43.24,-0.00400783492435436,0.500601175238653,0.499398824761347,0.5,-0.00601175238653134
43.25,-0.00404508497187474,0.500606762745781,0.499393237254219,0.5,-0.00606762745781197
43.26,-0.00408169625358592,0.500612254438038,0.499387745561962,0.5,-0.0061225443803789
43.27,-0.00411766298814211,0.500617649448221,0.499382350551779,0.5,-0.00617649448221291
43.28,-0.00415297949597906,0.500622946924397,0.499377053075603,0.5,-0.00622946924396878
43.29,-0.0041876402002107,0.500628146030032,0.499371853969968,0.5,-0.00628146030031584
43.3,-0.00422163962751006,0.500633245944127,0.499366754055873,0.5,-0.00633245944126504
43.31,-0.00425497240897346,0.500638245861346,0.499361754138654,0.5,-0.00638245861346004
43.32,-0.00428763328096827,0.500643144992145,0.499356855007855,0.5,-0.00643144992145239
43.33,-0.00431961708596416,0.500647942562895,0.499352057437105,0.5,-0.00647942562894605
43.34,-0.00435091877334763,0.500652637816002,0.499347362183998,0.5,-0.00652637816002138
43.35,-0.0043815334002193,0.500657230010033,0.499342769989967,0.5,-0.006572300100329
43.36,-0.00441145613217476,0.500661718419826,0.499338281580174,0.5,-0.00661718419826207
43.37,-0.00444068224406773,0.50066610233661,0.49933389766339,0.5,-0.00666102336610158
43.38,-0.0044692071207563,0.500670381068113,0.499329618931887,0.5,-0.00670381068113457
43.39,-0.00449702625783185,0.500674553938675,0.499325446061325,0.5,-0.00674553938674771
43.4,-0.00452413526233009,0.50067862028935,0.49932137971065,0.5,-0.00678620289349507
43.41,-0.00455052985342497,0.500682579478014,0.499317420521986,0.5,-0.00682579478013756
43.42,-0.00457620586310459,0.500686430879466,0.499313569120534,0.5,-0.0068643087946571
43.43,-0.00460115923682935,0.500690173885524,0.499309826114476,0.5,-0.00690173885524392
43.44,-0.00462538603417227,0.500693807905126,0.499306192094874,0.5,-0.00693807905125854
43.45,-0.00464888242944125,0.500697332364416,0.499302667635584,0.5,-0.00697332364416187
43.46,-0.00467164471228306,0.500700746706843,0.499299253293158,0.5,-0.00700746706842476
43.47,-0.00469366928826937,0.50070405039324,0.49929594960676,0.5,-0.00704050393240396
43.48,-0.00471495267946433,0.50070724290192,0.49929275709808,0.5,-0.00707242901919675
43.49,-0.0047354915249737,0.500710323728746,0.499289676271254,0.5,-0.00710323728746048
43.5,-0.00475528258147576,0.500713292387221,0.499286707612779,0.5,-0.0071329238722137
43.51,-0.00477432272373321,0.50071614840856,0.49928385159144,0.5,-0.00716148408559963
43.52,-0.00479260894508687,0.500718891341763,0.499281108658237,0.5,-0.00718891341763034
43.53,-0.00481013835793043,0.50072152075369,0.49927847924631,0.5,-0.00721520753689586
43.54,-0.00482690819416637,0.500724036229125,0.499275963770875,0.5,-0.0072403622912498
43.55,-0.00484291580564315,0.500726437370846,0.499273562629154,0.5,-0.00726437370846461
43.56,-0.00485815866457337,0.500728723799686,0.499271276200314,0.5,-0.00728723799686026
43.57,-0.00487263436393288,0.50073089515459,0.49926910484541,0.5,-0.00730895154589906
43.58,-0.00488634061784096,0.500732951092676,0.499267048907324,0.5,-0.00732951092676126
43.59,-0.00489927526192124,0.500734891289288,0.499265108710712,0.5,-0.00734891289288164
43.6,-0.00491143625364344,0.500736715438047,0.499263284561953,0.5,-0.00736715438046542
43.61,-0.00492282167264603,0.500738423250897,0.499261576749103,0.5,-0.00738423250896902
43.62,-0.00493342972103935,0.500740014458156,0.499259985541844,0.5,-0.00740014458155885
43.63,-0.00494325872368956,0.500741488808553,0.499258511191447,0.5,-0.00741488808553431
43.64,-0.00495230712848325,0.500742846069272,0.499257153930728,0.5,-0.00742846069272468
43.65,-0.00496057350657239,0.500744086025986,0.499255913974014,0.5,-0.00744086025985857
43.66,-0.00496805655260004,0.50074520848289,0.49925479151711,0.5,-0.00745208482890031
43.67,-0.0049747550849065,0.500746213262736,0.499253786737264,0.5,-0.00746213262735967
43.68,-0.00498066804571586,0.500747100206857,0.499252899793143,0.5,-0.00747100206857393
43.69,-0.00498579450130307,0.500747869175195,0.499252130824805,0.5,-0.00747869175195454
43.7,-0.00499013364214136,0.500748520046321,0.499251479953679,0.5,-0.00748520046321199
43.71,-0.00499368478303009,0.500749052717455,0.499250947282545,0.5,-0.00749052717454513
43.72,-0.00499644736320295,0.50074946710448,0.49925053289552,0.5,-0.00749467104480428
43.73,-0.0049984209464165,0.500749763141963,0.499250236858038,0.5,-0.00749763141962484
43.74,-0.00499960522101908,0.500749940783153,0.499250059216847,0.5,-0.00749940783152853
43.75,-0.005,0.50075,0.49925,0.5,-0.00750000000000001
43.76,-0.00499960522101908,0.500749940783153,0.499250059216847,0.5,-0.00749940783152853
43.77,-0.0049984209464165,0.500749763141963,0.499250236858038,0.5,-0.00749763141962484
43.78,-0.00499644736320295,0.50074946710448,0.49925053289552,0.5,-0.00749467104480428
43.79,-0.00499368478303009,0.500749052717455,0.499250947282545,0.5,-0.00749052717454513
43.8,-0.00499013364214136,0.500748520046321,0.499251479953679,0.5,-0.00748520046321199
43.81,-0.00498579450130307,0.500747869175195,0.499252130824805,0.5,-0.00747869175195454
43.82,-0.00498066804571586,0.500747100206857,0.499252899793143,0.5,-0.00747100206857393
43.83,-0.0049747550849065,0.500746213262736,0.499253786737264,0.5,-0.00746213262735967
43.84,-0.00496805655260004,0.50074520848289,0.49925479151711,0.5,-0.00745208482890031
43.85,-0.0049605735065724,0.500744086025986,0.499255913974014,0.5,-0.00744086025985857
43.86,-0.00495230712848326,0.500742846069272,0.499257153930728,0.5,-0.00742846069272468
43.87,-0.00494325872368957,0.500741488808553,0.499258511191447,0.5,-0.00741488808553431
43.88,-0.00493342972103935,0.500740014458156,0.499259985541844,0.5,-0.00740014458155885
43.89,-0.00492282167264603,0.500738423250897,0.499261576749103,0.5,-0.00738423250896902
43.9,-0.00491143625364344,0.500736715438047,0.499263284561953,0.5,-0.00736715438046542
43.91,-0.00489927526192124,0.500734891289288,0.499265108710712,0.5,-0.00734891289288164
43.92,-0.00488634061784097,0.500732951092676,0.499267048907324,0.5,-0.00732951092676126
43.93,-0.00487263436393289,0.50073089515459,0.49926910484541,0.5,-0.00730895154589933
43.94,-0.00485815866457338,0.500728723799686,0.499271276200314,0.5,-0.00728723799686026
43.95,-0.00484291580564315,0.500726437370846,0.499273562629154,0.5,-0.00726437370846461
43.96,-0.00482690819416637,0.500724036229125,0.499275963770875,0.5,-0.0072403622912498
43.97,-0.00481013835793044,0.50072152075369,0.49927847924631,0.5,-0.00721520753689586
43.98,-0.00479260894508688,0.500718891341763,0.499281108658237,0.5,-0.00718891341763034
43.99,-0.00477432272373323,0.50071614840856,0.49928385159144,0.5,-0.00716148408559963
44,-0.00475528258147577,0.500713292387221,0.499286707612779,0.5,-0.0071329238722137
44.01,-0.00473549152497373,0.500710323728746,0.499289676271254,0.5,-0.00710323728746048
44.02,-0.00471495267946433,0.50070724290192,0.49929275709808,0.5,-0.00707242901919675
44.03,-0.00469366928826937,0.50070405039324,0.49929594960676,0.5,-0.00704050393240396
44.04,-0.00467164471228307,0.500700746706843,0.499299253293158,0.5,-0.00700746706842476
44.05,-0.00464888242944127,0.500697332364416,0.499302667635584,0.5,-0.00697332364416187
44.06,-0.00462538603417229,0.500693807905126,0.499306192094874,0.5,-0.00693807905125854
44.07,-0.00460115923682935,0.500690173885524,0.499309826114476,0.5,-0.00690173885524392
44.08,-0.00457620586310459,0.500686430879466,0.499313569120534,0.5,-0.0068643087946571
44.09,-0.00455052985342497,0.500682579478014,0.499317420521986,0.5,-0.00682579478013756
44.1,-0.00452413526233012,0.50067862028935,0.49932137971065,0.5,-0.00678620289349507
44.11,-0.00449702625783186,0.500674553938675,0.499325446061325,0.5,-0.00674553938674771
44.12,-0.00446920712075631,0.500670381068113,0.499329618931887,0.5,-0.00670381068113457
44.13,-0.00444068224406773,0.50066610233661,0.49933389766339,0.5,-0.00666102336610158
44.14,-0.00441145613217476,0.500661718419826,0.499338281580174,0.5,-0.00661718419826207
44.15,-0.00438153340021933,0.500657230010033,0.499342769989967,0.5,-0.00657230010032928
44.16,-0.00435091877334765,0.500652637816002,0.499347362183998,0.5,-0.00652637816002138
44.17,-0.00431961708596418,0.500647942562895,0.499352057437105,0.5,-0.00647942562894605
44.18,-0.00428763328096827,0.500643144992145,0.499356855007855,0.5,-0.00643144992145239
44.19,-0.00425497240897347,0.500638245861346,0.499361754138654,0.5,-0.00638245861346004
44.2,-0.00422163962751007,0.500633245944127,0.499366754055873,0.5,-0.00633245944126504
44.21,-0.00418764020021072,0.500628146030032,0.499371853969968,0.5,-0.00628146030031584
44.22,-0.00415297949597908,0.500622946924397,0.499377053075603,0.5,-0.00622946924396878
44.23,-0.00411766298814213,0.500617649448221,0.499382350551779,0.5,-0.00617649448221319
44.24,-0.00408169625358594,0.500612254438038,0.499387745561962,0.5,-0.00612254438037918
44.25,-0.00404508497187474,0.500606762745781,0.499393237254219,0.5,-0.00606762745781197
44.26,-0.00400783492435439,0.500601175238653,0.499398824761347,0.5,-0.00601175238653134
44.27,-0.0039699519932392,0.500595492798986,0.499404507201014,0.5,-0.0059549279898588
44.28,-0.0039314421606831,0.500589716324102,0.499410283675898,0.5,-0.00589716324102457
44.29,-0.00389231150783513,0.500583846726175,0.499416153273825,0.5,-0.00583846726175286
44.3,-0.00385256621387896,0.500577884932082,0.499422115067918,0.5,-0.00577884932081857
44.31,-0.00381221255505723,0.500571831883259,0.499428168116741,0.5,-0.005718318832586
44.32,-0.00377125690368052,0.500565688535552,0.499434311464448,0.5,-0.00565688535552056
44.33,-0.00372970572712093,0.500559455859068,0.499440544140932,0.5,-0.00559455859068136
44.34,-0.00368756558679087,0.500553134838019,0.499446865161981,0.5,-0.00553134838018637
44.35,-0.00364484313710709,0.500546726470566,0.499453273529434,0.5,-0.00546726470566083
44.36,-0.00360154512443954,0.500540231768666,0.499459768231334,0.5,-0.00540231768665911
44.37,-0.00355767838604641,0.500533651757907,0.499466348242093,0.5,-0.00533651757906983
44.38,-0.00351324984899428,0.500526987477349,0.499473012522651,0.5,-0.00526987477349139
44.39,-0.00346826652906404,0.50052023997936,0.49947976002064,0.5,-0.00520239979359599
44.4,-0.00342273552964346,0.500513410329447,0.499486589670553,0.5,-0.00513410329446518
44.41,-0.00337666404060514,0.500506499606091,0.499493500393909,0.5,-0.00506499606090755
44.42,-0.00333005933717126,0.500499508900576,0.499500491099424,0.5,-0.00499508900575707
44.43,-0.00328292877876478,0.500492439316815,0.499507560683185,0.5,-0.00492439316814725
44.44,-0.00323527980784725,0.500485291971177,0.499514708028823,0.5,-0.00485291971177082
44.45,-0.00318711994874346,0.500478067992312,0.499521932007688,0.5,-0.00478067992311537
44.46,-0.00313845680645351,0.500470768520968,0.499529231479032,0.5,-0.00470768520968029
44.47,-0.00308929806545169,0.500463394709818,0.499536605290182,0.5,-0.00463394709817738
44.48,-0.00303965148847302,0.500455947723271,0.499544052276729,0.5,-0.00455947723270955
44.49,-0.00298952491528764,0.500448428737293,0.499551571262707,0.5,-0.00448428737293144
44.5,-0.00293892626146236,0.500440838939219,0.499559161060781,0.5,-0.0044083893921934
44.51,-0.00288786351711136,0.500433179527567,0.499566820472433,0.5,-0.00433179527566718
44.52,-0.00283634474563381,0.500425451711845,0.499574548288155,0.5,-0.00425451711845048
44.53,-0.00278437808244094,0.500417656712366,0.499582343287634,0.5,-0.00417656712366155
44.54,-0.00273197173367135,0.500409795760051,0.499590204239949,0.5,-0.00409795760050707
44.55,-0.00267913397489499,0.500401870096234,0.499598129903766,0.5,-0.00401870096234269
44.56,-0.00262587314980646,0.500393880972471,0.499606119027529,0.5,-0.0039388097247095
44.57,-0.00257219766890755,0.500385829650336,0.499614170349664,0.5,-0.0038582965033615
44.58,-0.00251811600817883,0.500377717401227,0.499622282598773,0.5,-0.00377717401226829
44.59,-0.00246363670774145,0.500369545506161,0.499630454493839,0.5,-0.00369545506161195
44.6,-0.0024087683705086,0.500361315255576,0.499638684744424,0.5,-0.00361315255576283
44.61,-0.00235351966082666,0.500353027949124,0.499646972050876,0.5,-0.0035302794912398
44.62,-0.00229789930310741,0.500344684895466,0.499655315104534,0.5,-0.0034468489546613
44.63,-0.0022419160804502,0.500336287412067,0.499663712587932,0.5,-0.0033628741206751
44.64,-0.00218557883325468,0.500327836824988,0.499672163175012,0.5,-0.00327836824988187
44.65,-0.00212889645782538,0.500319334468674,0.499680665531326,0.5,-0.00319334468673826
44.66,-0.00207187790496644,0.500310781685745,0.499689218314255,0.5,-0.00310781685744943
44.67,-0.0020145321785683,0.500302179826785,0.499697820173215,0.5,-0.00302179826785265
44.68,-0.00195686833418604,0.500293530250128,0.499706469749872,0.5,-0.00293530250127905
44.69,-0.00189889547760904,0.500284834321641,0.499715165678359,0.5,-0.00284834321641364
44.7,-0.00184062276342339,0.500276093414514,0.499723906585486,0.5,-0.00276093414513512
44.71,-0.00178205939356626,0.500267308909035,0.499732691090965,0.5,-0.00267308909034925
44.72,-0.00172321461587259,0.500258482192381,0.499741517807619,0.5,-0.00258482192380893
44.73,-0.00166409772261491,0.500249614658392,0.499750385341608,0.5,-0.00249614658392239
44.74,-0.0016047180490361,0.500240707707355,0.499759292292645,0.5,-0.00240707707355403
44.75,-0.00154508497187476,0.500231762745781,0.499768237254219,0.5,-0.00231762745781211
44.76,-0.0014852079078852,0.500222781186183,0.499777218813817,0.5,-0.00222781186182797
44.77,-0.00142509631234991,0.500213764446853,0.499786235553147,0.5,-0.00213764446852505
44.78,-0.00136475967758662,0.500204713951638,0.499795286048362,0.5,-0.00204713951638014
44.79,-0.00130420753144948,0.500195631129717,0.499804368870283,0.5,-0.00195631129717433
44.8,-0.00124344943582431,0.500186517415374,0.499813482584626,0.5,-0.00186517415373649
44.81,-0.00118249498511863,0.500177374247768,0.499822625752232,0.5,-0.00177374247767786
44.82,-0.00112135380474692,0.500168203070712,0.499831796929288,0.5,-0.00168203070712053
44.83,-0.00106003554961029,0.500159005332442,0.499840994667558,0.5,-0.00159005332441536
44.84,-0.00099854990257202,0.500149782485386,0.499850217514614,0.5,-0.00149782485385802
44.85,-0.000936906572928681,0.500140535985939,0.499859464014061,0.5,-0.00140535985939327
44.86,-0.000875115294876407,0.500131267294231,0.499868732705769,0.5,-0.00131267294231435
44.87,-0.000813185825974414,0.500121977873896,0.499878022126104,0.5,-0.00121977873896145
44.88,-0.00075112794560382,0.500112669191841,0.499887330808159,0.5,-0.00112669191840581
44.89,-0.000688951453423194,0.500103342718013,0.499896657281987,0.5,-0.00103342718013488
44.9,-0.000626666167821529,0.500093999925173,0.499906000074827,0.5,-0.000939999251732271
44.91,-0.000564281924367455,0.500084642288655,0.499915357711345,0.5,-0.000846422886551235
44.92,-0.00050180857425609,0.500075271286138,0.499924728713862,0.5,-0.000752712861384064
44.93,-0.000439255982753735,0.500065888397413,0.499934111602587,0.5,-0.000658883974130609
44.94,-0.000376634027639687,0.500056495104146,0.499943504895854,0.5,-0.000564951041459594
44.95,-0.000313952597646558,0.500047092889647,0.499952907110353,0.5,-0.000470928896469935
44.96,-0.000251221590898843,0.500037683238635,0.499962316761365,0.5,-0.000376832386348447
44.97,-0.000188450913349707,0.500028267637002,0.499971732362998,0.5,-0.00028267637002477
44.98,-0.000125650477216691,0.500018847571583,0.499981152428418,0.5,-0.000188475715825198
44.99,-6.28301994168057e-05,0.500009424529912,0.499990575470087,0.5,-9.42452991251064e-05
45,-1.10218211923262e-17,0.5,0.5,0.5,0
45.01,6.28301994167481e-05,0.499990575470087,0.500009424529912,0.5,9.42452991251064e-05
45.02,0.000125650477216669,0.499981152428418,0.500018847571583,0.5,0.000188475715825198
45.03,0.000188450913349685,0.499971732362998,0.500028267637002,0.5,0.00028267637002477
45.04,0.000251221590898821,0.499962316761365,0.500037683238635,0.5,0.000376832386348447
45.05,0.000313952597646536,0.499952907110353,0.500047092889647,0.5,0.000470928896469935
45.06,0.000376634027639665,0.499943504895854,0.500056495104146,0.5,0.000564951041459594
45.07,0.000439255982753713,0.499934111602587,0.500065888397413,0.5,0.000658883974130609
45.08,0.000501808574256068,0.499924728713862,0.500075271286138,0.5,0.000752712861384064
45.09,0.000564281924367433,0.499915357711345,0.500084642288655,0.5,0.000846422886551235
45.1,0.000626666167821471,0.499906000074827,0.500093999925173,0.5,0.000939999251732271
45.11,0.000688951453423172,0.499896657281987,0.500103342718013,0.5,0.00103342718013488
45.12,0.000751127945603798,0.499887330808159,0.500112669191841,0.5,0.00112669191840581
45.13,0.000813185825974392,0.499878022126104,0.500121977873896,0.5,0.00121977873896145
45.14,0.000875115294876385,0.499868732705769,0.500131267294231,0.5,0.00131267294231435
45.15,0.00093690657292859,0.499859464014061,0.500140535985939,0.5,0.001405359859393
45.16,0.000998549902571998,0.499850217514614,0.500149782485386,0.5,0.00149782485385774
45.17,0.00106003554961027,0.499840994667558,0.500159005332442,0.5,0.00159005332441536
45.18,0.0011213538047469,0.499831796929288,0.500168203070712,0.5,0.00168203070712053
45.19,0.00118249498511861,0.499822625752232,0.500177374247768,0.5,0.00177374247767786
45.2,0.00124344943582429,0.499813482584626,0.500186517415374,0.5,0.00186517415373649
45.21,0.00130420753144946,0.499804368870283,0.500195631129717,0.5,0.00195631129717433
45.22,0.0013647596775866,0.499795286048362,0.500204713951638,0.5,0.00204713951638014
45.23,0.00142509631234989,0.499786235553147,0.500213764446853,0.5,0.00213764446852505
45.24,0.00148520790788514,0.499777218813817,0.500222781186183,0.5,0.00222781186182797
45.25,0.00154508497187474,0.499768237254219,0.500231762745781,0.5,0.00231762745781183
45.26,0.00160471804903604,0.499759292292645,0.500240707707355,0.5,0.00240707707355403
45.27,0.00166409772261489,0.499750385341608,0.500249614658392,0.5,0.00249614658392239
45.28,0.00172321461587257,0.499741517807619,0.500258482192381,0.5,0.00258482192380893
45.29,0.00178205939356624,0.499732691090965,0.500267308909035,0.5,0.00267308909034925
45.3,0.00184062276342337,0.499723906585486,0.500276093414514,0.5,0.00276093414513512
45.31,0.00189889547760901,0.499715165678359,0.500284834321641,0.5,0.00284834321641364
45.32,0.00195686833418602,0.499706469749872,0.500293530250128,0.5,0.00293530250127905
45.33,0.00201453217856828,0.499697820173215,0.500302179826785,0.5,0.00302179826785265
45.34,0.00207187790496642,0.499689218314255,0.500310781685745,0.5,0.00310781685744943
45.35,0.00212889645782533,0.499680665531326,0.500319334468674,0.5,0.00319334468673826
45.36,0.00218557883325466,0.499672163175012,0.500327836824988,0.5,0.00327836824988187
45.37,0.00224191608045018,0.499663712587932,0.500336287412067,0.5,0.0033628741206751
45.38,0.00229789930310739,0.499655315104534,0.500344684895466,0.5,0.0034468489546613
45.39,0.00235351966082664,0.499646972050876,0.500353027949124,0.5,0.0035302794912398
45.4,0.00240876837050855,0.499638684744424,0.500361315255576,0.5,0.00361315255576256
45.41,0.00246363670774143,0.499630454493839,0.500369545506161,0.5,0.00369545506161195
45.42,0.00251811600817881,0.499622282598773,0.500377717401227,0.5,0.00377717401226829
45.43,0.00257219766890753,0.499614170349664,0.500385829650336,0.5,0.0038582965033615
45.44,0.00262587314980644,0.499606119027529,0.500393880972471,0.5,0.0039388097247095
45.45,0.00267913397489497,0.499598129903766,0.500401870096234,0.5,0.00401870096234269
45.46,0.00273197173367133,0.499590204239949,0.500409795760051,0.5,0.00409795760050707
45.47,0.00278437808244093,0.499582343287634,0.500417656712366,0.5,0.00417656712366155
45.48,0.00283634474563379,0.499574548288155,0.500425451711845,0.5,0.00425451711845048
45.49,0.00288786351711129,0.499566820472433,0.500433179527567,0.5,0.00433179527566718
45.5,0.00293892626146234,0.499559161060781,0.500440838939219,0.5,0.0044083893921934
45.51,0.00298952491528757,0.499551571262707,0.500448428737293,0.5,0.00448428737293116
45.52,0.003039651488473,0.499544052276729,0.500455947723271,0.5,0.00455947723270955
45.53,0.00308929806545167,0.499536605290182,0.500463394709818,0.5,0.00463394709817738
45.54,0.0031384568064535,0.499529231479032,0.500470768520968,0.5,0.00470768520968029
45.55,0.00318711994874344,0.499521932007688,0.500478067992312,0.5,0.00478067992311537
45.56,0.00323527980784724,0.499514708028823,0.500485291971177,0.5,0.00485291971177082
45.57,0.00328292877876477,0.499507560683185,0.500492439316815,0.5,0.00492439316814725
45.58,0.00333005933717124,0.499500491099424,0.500499508900576,0.5,0.00499508900575707
45.59,0.00337666404060513,0.499493500393909,0.500506499606091,0.5,0.00506499606090755
45.6,0.00342273552964342,0.499486589670553,0.500513410329447,0.5,0.00513410329446518
45.61,0.00346826652906402,0.49947976002064,0.50052023997936,0.5,0.00520239979359599
45.62,0.00351324984899427,0.499473012522651,0.500526987477349,0.5,0.00526987477349139
45.63,0.0035576783860464,0.499466348242093,0.500533651757907,0.5,0.00533651757906983
45.64,0.00360154512443953,0.499459768231334,0.500540231768666,0.5,0.00540231768665911
45.65,0.00364484313710705,0.499453273529434,0.500546726470566,0.5,0.00546726470566083
45.66,0.00368756558679086,0.499446865161981,0.500553134838019,0.5,0.00553134838018637
45.67,0.00372970572712092,0.499440544140932,0.500559455859068,0.5,0.00559455859068136
45.68,0.0037712569036805,0.499434311464448,0.500565688535552,0.5,0.00565688535552056
45.69,0.00381221255505722,0.499428168116741,0.500571831883259,0.5,0.005718318832586
45.7,0.00385256621387895,0.499422115067918,0.500577884932082,0.5,0.00577884932081857
45.71,0.00389231150783511,0.499416153273825,0.500583846726175,0.5,0.00583846726175286
45.72,0.00393144216068309,0.499410283675898,0.500589716324102,0.5,0.00589716324102457
45.73,0.00396995199323919,0.499404507201014,0.500595492798986,0.5,0.00595492798985853
45.74,0.00400783492435435,0.499398824761347,0.500601175238653,0.5,0.00601175238653134
45.75,0.00404508497187472,0.499393237254219,0.500606762745781,0.5,0.00606762745781197
45.76,0.00408169625358591,0.499387745561962,0.500612254438038,0.5,0.0061225443803789
45.77,0.00411766298814212,0.499382350551779,0.500617649448221,0.5,0.00617649448221291
45.78,0.00415297949597907,0.499377053075603,0.500622946924397,0.5,0.00622946924396878
45.79,0.00418764020021071,0.499371853969968,0.500628146030032,0.5,0.00628146030031584
45.8,0.00422163962751005,0.499366754055873,0.500633245944127,0.5,0.00633245944126504
45.81,0.00425497240897346,0.499361754138654,0.500638245861346,0.5,0.00638245861346004
45.82,0.00428763328096825,0.499356855007855,0.500643144992145,0.5,0.00643144992145239
45.83,0.00431961708596417,0.499352057437105,0.500647942562895,0.5,0.00647942562894605
45.84,0.00435091877334764,0.499347362183998,0.500652637816002,0.5,0.00652637816002138
45.85,0.00438153340021929,0.499342769989967,0.500657230010033,0.5,0.006572300100329
45.86,0.00441145613217475,0.499338281580174,0.500661718419826,0.5,0.00661718419826207
45.87,0.00444068224406772,0.49933389766339,0.50066610233661,0.5,0.00666102336610158
45.88,0.0044692071207563,0.499329618931887,0.500670381068113,0.5,0.00670381068113457
45.89,0.00449702625783185,0.499325446061325,0.500674553938675,0.5,0.00674553938674771
45.9,0.00452413526233009,0.49932137971065,0.50067862028935,0.5,0.00678620289349507
45.91,0.00455052985342496,0.499317420521986,0.500682579478014,0.5,0.00682579478013756
45.92,0.00457620586310458,0.499313569120534,0.500686430879466,0.5,0.0068643087946571
45.93,0.00460115923682934,0.499309826114476,0.500690173885524,0.5,0.00690173885524392
45.94,0.00462538603417228,0.499306192094874,0.500693807905126,0.5,0.00693807905125854
45.95,0.00464888242944126,0.499302667635584,0.500697332364416,0.5,0.00697332364416187
45.96,0.00467164471228306,0.499299253293158,0.500700746706843,0.5,0.00700746706842476
45.97,0.00469366928826936,0.49929594960676,0.50070405039324,0.5,0.00704050393240396
45.98,0.00471495267946432,0.49929275709808,0.50070724290192,0.5,0.00707242901919675
45.99,0.00473549152497371,0.499289676271254,0.500710323728746,0.5,0.00710323728746048
46,0.00475528258147576,0.499286707612779,0.500713292387221,0.5,0.0071329238722137
46.01,0.00477432272373321,0.49928385159144,0.50071614840856,0.5,0.00716148408559963
46.02,0.00479260894508687,0.499281108658237,0.500718891341763,0.5,0.00718891341763034
46.03,0.00481013835793043,0.49927847924631,0.50072152075369,0.5,0.00721520753689586
46.04,0.00482690819416636,0.499275963770875,0.500724036229125,0.5,0.0072403622912498
46.05,0.00484291580564315,0.499273562629154,0.500726437370846,0.5,0.00726437370846461
46.06,0.00485815866457337,0.499271276200314,0.500728723799686,0.5,0.00728723799686026
46.07,0.00487263436393289,0.49926910484541,0.50073089515459,0.5,0.00730895154589906
46.08,0.00488634061784097,0.499267048907324,0.500732951092676,0.5,0.00732951092676126
46.09,0.00489927526192124,0.499265108710712,0.500734891289288,0.5,0.00734891289288164
46.1,0.00491143625364343,0.499263284561953,0.500736715438047,0.5,0.00736715438046542
46.11,0.00492282167264602,0.499261576749103,0.500738423250897,0.5,0.00738423250896902
46.12,0.00493342972103934,0.499259985541844,0.500740014458156,0.5,0.00740014458155885
46.13,0.00494325872368957,0.499258511191447,0.500741488808553,0.5,0.00741488808553431
46.14,0.00495230712848326,0.499257153930728,0.500742846069272,0.5,0.00742846069272468
46.15,0.00496057350657238,0.499255913974014,0.500744086025986,0.5,0.00744086025985857
46.16,0.00496805655260004,0.49925479151711,0.50074520848289,0.5,0.00745208482890031
46.17,0.0049747550849065,0.499253786737264,0.500746213262736,0.5,0.00746213262735967
46.18,0.00498066804571586,0.499252899793143,0.500747100206857,0.5,0.00747100206857393
46.19,0.00498579450130307,0.499252130824805,0.500747869175195,0.5,0.00747869175195454
46.2,0.00499013364214136,0.499251479953679,0.500748520046321,0.5,0.00748520046321199
46.21,0.00499368478303009,0.499250947282545,0.500749052717455,0.5,0.00749052717454513
46.22,0.00499644736320295,0.49925053289552,0.50074946710448,0.5,0.00749467104480428
46.23,0.0049984209464165,0.499250236858038,0.500749763141963,0.5,0.00749763141962484
46.24,0.00499960522101908,0.499250059216847,0.500749940783153,0.5,0.00749940783152853
46.25,0.005,0.49925,0.50075,0.5,0.00750000000000001
46.26,0.00499960522101908,0.499250059216847,0.500749940783153,0.5,0.00749940783152853
46.27,0.0049984209464165,0.499250236858038,0.500749763141963,0.5,0.00749763141962484
46.28,0.00499644736320295,0.49925053289552,0.50074946710448,0.5,0.00749467104480428
46.29,0.00499368478303009,0.499250947282545,0.500749052717455,0.5,0.00749052717454513
46.3,0.00499013364214136,0.499251479953679,0.500748520046321,0.5,0.00748520046321199
46.31,0.00498579450130307,0.499252130824805,0.500747869175195,0.5,0.00747869175195454
46.32,0.00498066804571586,0.499252899793143,0.500747100206857,0.5,0.00747100206857393
46.33,0.0049747550849065,0.499253786737264,0.500746213262736,0.5,0.00746213262735967
46.34,0.00496805655260004,0.49925479151711,0.50074520848289,0.5,0.00745208482890031
46.35,0.00496057350657239,0.499255913974014,0.500744086025986,0.5,0.00744086025985857
46.36,0.00495230712848326,0.499257153930728,0.500742846069272,0.5,0.00742846069272468
46.37,0.00494325872368957,0.499258511191447,0.500741488808553,0.5,0.00741488808553431
46.38,0.00493342972103935,0.499259985541844,0.500740014458156,0.5,0.00740014458155885
46.39,0.00492282167264603,0.499261576749103,0.500738423250897,0.5,0.00738423250896902
46.4,0.00491143625364345,0.499263284561953,0.500736715438047,0.5,0.00736715438046542
46.41,0.00489927526192124,0.499265108710712,0.500734891289288,0.5,0.00734891289288164
46.42,0.00488634061784097,0.499267048907324,0.500732951092676,0.5,0.00732951092676126
46.43,0.00487263436393289,0.49926910484541,0.50073089515459,0.5,0.00730895154589906
46.44,0.00485815866457338,0.499271276200314,0.500728723799686,0.5,0.00728723799686026
46.45,0.00484291580564316,0.499273562629154,0.500726437370846,0.5,0.00726437370846461
46.46,0.00482690819416637,0.499275963770875,0.500724036229125,0.5,0.0072403622912498
46.47,0.00481013835793043,0.49927847924631,0.50072152075369,0.5,0.00721520753689586
46.48,0.00479260894508688,0.499281108658237,0.500718891341763,0.5,0.00718891341763034
46.49,0.00477432272373323,0.49928385159144,0.50071614840856,0.5,0.00716148408559963
46.5,0.00475528258147577,0.499286707612779,0.500713292387221,0.5,0.0071329238722137
46.51,0.00473549152497373,0.499289676271254,0.500710323728746,0.5,0.00710323728746048
46.52,0.00471495267946434,0.49929275709808,0.50070724290192,0.5,0.00707242901919675
46.53,0.00469366928826937,0.49929594960676,0.50070405039324,0.5,0.00704050393240396
46.54,0.00467164471228306,0.499299253293158,0.500700746706843,0.5,0.00700746706842476
46.55,0.00464888242944126,0.499302667635584,0.500697332364416,0.5,0.00697332364416187
46.56,0.00462538603417228,0.499306192094874,0.500693807905126,0.5,0.00693807905125854
46.57,0.00460115923682936,0.499309826114476,0.500690173885524,0.5,0.00690173885524392
46.58,0.0045762058631046,0.499313569120534,0.500686430879466,0.5,0.0068643087946571
46.59,0.00455052985342498,0.499317420521986,0.500682579478014,0.5,0.00682579478013756
46.6,0.00452413526233011,0.49932137971065,0.50067862028935,0.5,0.00678620289349507
46.61,0.00449702625783186,0.499325446061325,0.500674553938675,0.5,0.00674553938674771
46.62,0.00446920712075631,0.499329618931887,0.500670381068113,0.5,0.00670381068113457
46.63,0.00444068224406774,0.49933389766339,0.50066610233661,0.5,0.00666102336610158
46.64,0.00441145613217477,0.499338281580174,0.500661718419826,0.5,0.00661718419826207
46.65,0.00438153340021933,0.499342769989967,0.500657230010033,0.5,0.006572300100329
46.66,0.00435091877334764,0.499347362183998,0.500652637816002,0.5,0.00652637816002138
46.67,0.00431961708596417,0.499352057437105,0.500647942562895,0.5,0.00647942562894605
46.68,0.00428763328096828,0.499356855007855,0.500643144992145,0.5,0.00643144992145239
46.69,0.00425497240897348,0.499361754138654,0.500638245861346,0.5,0.00638245861346004
46.7,0.00422163962751008,0.499366754055873,0.500633245944127,0.5,0.00633245944126504
46.71,0.00418764020021071,0.499371853969968,0.500628146030032,0.5,0.00628146030031584
46.72,0.00415297949597907,0.499377053075603,0.500622946924397,0.5,0.00622946924396878
46.73,0.00411766298814212,0.499382350551779,0.500617649448221,0.5,0.00617649448221291
46.74,0.00408169625358595,0.499387745561962,0.500612254438038,0.5,0.00612254438037918
46.75,0.00404508497187475,0.499393237254219,0.500606762745781,0.5,0.00606762745781197
46.76,0.0040078349243544,0.499398824761347,0.500601175238653,0.5,0.00601175238653134
46.77,0.00396995199323919,0.499404507201014,0.500595492798986,0.5,0.00595492798985853
46.78,0.00393144216068309,0.499410283675898,0.500589716324102,0.5,0.00589716324102457
46.79,0.00389231150783512,0.499416153273825,0.500583846726175,0.5,0.00583846726175286
46.8,0.00385256621387897,0.499422115067918,0.500577884932082,0.5,0.00577884932081857
46.81,0.00381221255505725,0.499428168116741,0.500571831883259,0.5,0.005718318832586
46.82,0.00377125690368053,0.499434311464448,0.500565688535552,0.5,0.00565688535552056
46.83,0.00372970572712092,0.499440544140932,0.500559455859068,0.5,0.00559455859068136
46.84,0.00368756558679086,0.499446865161981,0.500553134838019,0.5,0.00553134838018637
46.85,0.0036448431371071,0.499453273529434,0.500546726470566,0.5,0.00546726470566083
46.86,0.00360154512443955,0.499459768231334,0.500540231768666,0.5,0.00540231768665911
46.87,0.00355767838604642,0.499466348242093,0.500533651757907,0.5,0.00533651757906983
46.88,0.00351324984899427,0.499473012522651,0.500526987477349,0.5,0.00526987477349139
46.89,0.00346826652906403,0.49947976002064,0.50052023997936,0.5,0.00520239979359599
46.9,0.00342273552964345,0.499486589670553,0.500513410329447,0.5,0.00513410329446518
46.91,0.00337666404060516,0.499493500393909,0.500506499606091,0.5,0.00506499606090755
46.92,0.00333005933717127,0.499500491099424,0.500499508900576,0.5,0.00499508900575707
46.93,0.0032829287787648,0.499507560683185,0.500492439316815,0.5,0.00492439316814725
46.94,0.00323527980784724,0.499514708028823,0.500485291971177,0.5,0.00485291971177082
46.95,0.00318711994874344,0.499521932007688,0.500478067992312,0.5,0.00478067992311537
46.96,0.0031384568064535,0.499529231479032,0.500470768520968,0.5,0.00470768520968029
46.97,0.0030892980654517,0.499536605290182,0.500463394709818,0.5,0.00463394709817738
46.98,0.00303965148847303,0.499544052276729,0.500455947723271,0.5,0.00455947723270955
46.99,0.00298952491528763,0.499551571262707,0.500448428737293,0.5,0.00448428737293144
47,0.00293892626146238,0.499559161060781,0.500440838939219,0.5,0.0044083893921934
47.01,0.00288786351711135,0.499566820472433,0.500433179527567,0.5,0.00433179527566718
47.02,0.0028363447456338,0.499574548288155,0.500425451711845,0.5,0.00425451711845048
47.03,0.00278437808244093,0.499582343287634,0.500417656712366,0.5,0.00417656712366155
47.04,0.00273197173367137,0.499590204239949,0.500409795760051,0.5,0.00409795760050707
47.05,0.00267913397489501,0.499598129903766,0.500401870096234,0.5,0.00401870096234269
47.06,0.00262587314980648,0.499606119027529,0.500393880972471,0.5,0.0039388097247095
47.07,0.00257219766890754,0.499614170349664,0.500385829650336,0.5,0.0038582965033615
47.08,0.00251811600817881,0.499622282598773,0.500377717401227,0.5,0.00377717401226829
47.09,0.00246363670774144,0.499630454493839,0.500369545506161,0.5,0.00369545506161195
47.1,0.00240876837050862,0.499638684744424,0.500361315255576,0.5,0.00361315255576283
47.11,0.00235351966082668,0.499646972050876,0.500353027949124,0.5,0.0035302794912398
47.12,0.00229789930310743,0.499655315104534,0.500344684895466,0.5,0.0034468489546613
47.13,0.00224191608045019,0.499663712587932,0.500336287412067,0.5,0.0033628741206751
47.14,0.00218557883325466,0.499672163175012,0.500327836824988,0.5,0.00327836824988187
47.15,0.00212889645782539,0.499680665531326,0.500319334468674,0.5,0.00319334468673826
47.16,0.00207187790496646,0.499689218314255,0.500310781685745,0.5,0.00310781685744943
47.17,0.00201453217856832,0.499697820173215,0.500302179826785,0.5,0.00302179826785265
47.18,0.00195686833418602,0.499706469749872,0.500293530250128,0.5,0.00293530250127905
47.19,0.00189889547760902,0.499715165678359,0.500284834321641,0.5,0.00284834321641364
47.2,0.00184062276342337,0.499723906585486,0.500276093414514,0.5,0.00276093414513512
47.21,0.00178205939356627,0.499732691090965,0.500267308909035,0.5,0.00267308909034925
47.22,0.00172321461587261,0.499741517807619,0.500258482192381,0.5,0.00258482192380893
47.23,0.00166409772261493,0.499750385341608,0.500249614658392,0.5,0.00249614658392239
47.24,0.00160471804903608,0.499759292292645,0.500240707707355,0.5,0.00240707707355403
47.25,0.00154508497187474,0.499768237254219,0.500231762745781,0.5,0.00231762745781183
47.26,0.00148520790788518,0.499777218813817,0.500222781186183,0.5,0.00222781186182797
47.27,0.00142509631234992,0.499786235553147,0.500213764446853,0.5,0.00213764446852505
47.28,0.00136475967758664,0.499795286048362,0.500204713951638,0.5,0.00204713951638014
47.29,0.0013042075314495,0.499804368870283,0.500195631129717,0.5,0.00195631129717433
47.3,0.0012434494358243,0.499813482584626,0.500186517415374,0.5,0.00186517415373649
47.31,0.00118249498511861,0.499822625752232,0.500177374247768,0.5,0.00177374247767786
47.32,0.0011213538047469,0.499831796929288,0.500168203070712,0.5,0.00168203070712053
47.33,0.00106003554961031,0.499840994667558,0.500159005332442,0.5,0.00159005332441536
47.34,0.000998549902572037,0.499850217514614,0.500149782485386,0.5,0.00149782485385802
47.35,0.000936906572928664,0.499859464014061,0.500140535985939,0.5,0.00140535985939327
47.36,0.00087511529487639,0.499868732705769,0.500131267294231,0.5,0.00131267294231435
47.37,0.000813185825974397,0.499878022126104,0.500121977873896,0.5,0.00121977873896145
47.38,0.000751127945603838,0.499887330808159,0.500112669191841,0.5,0.00112669191840581
47.39,0.000688951453423212,0.499896657281987,0.500103342718013,0.5,0.00103342718013488
47.4,0.000626666167821547,0.499906000074827,0.500093999925173,0.5,0.000939999251732271
47.41,0.000564281924367438,0.499915357711345,0.500084642288655,0.5,0.000846422886551235
47.42,0.000501808574256073,0.499924728713862,0.500075271286138,0.5,0.000752712861384064
47.43,0.000439255982753718,0.499934111602587,0.500065888397413,0.5,0.000658883974130609
47.44,0.000376634027639705,0.499943504895854,0.500056495104146,0.5,0.000564951041459594
47.45,0.000313952597646577,0.499952907110353,0.500047092889647,0.5,0.000470928896469935
47.46,0.000251221590898862,0.499962316761365,0.500037683238635,0.5,0.000376832386348447
47.47,0.00018845091334969,0.499971732362998,0.500028267637002,0.5,0.00028267637002477
47.48,0.000125650477216673,0.499981152428418,0.500018847571583,0.5,0.000188475715825198
47.49,6.2830199416824e-05,0.499990575470087,0.500009424529912,0.5,9.42452991251064e-05
47.5,2.93977129859024e-17,0.5,0.5,0.5,0
47.51,-6.28301994167297e-05,0.500009424529912,0.499990575470088,0.5,-9.42452991248288e-05
47.52,-0.00012565047721665,0.500018847571583,0.499981152428418,0.5,-0.000188475715825198
47.53,-0.000188450913349667,0.500028267637002,0.499971732362998,0.5,-0.00028267637002477
47.54,-0.000251221590898838,0.500037683238635,0.499962316761365,0.5,-0.000376832386348447
47.55,-0.000313952597646553,0.500047092889647,0.499952907110353,0.5,-0.000470928896469935
47.56,-0.000376634027639682,0.500056495104146,0.499943504895854,0.5,-0.000564951041459594
47.57,-0.000439255982753695,0.500065888397413,0.499934111602587,0.5,-0.000658883974130609
47.58,-0.000501808574256049,0.500075271286138,0.499924728713862,0.5,-0.000752712861384064
47.59,-0.000564281924367415,0.500084642288655,0.499915357711345,0.5,-0.000846422886551235
47.6,-0.000626666167821489,0.500093999925173,0.499906000074827,0.5,-0.000939999251732271
47.61,-0.000688951453423189,0.500103342718013,0.499896657281987,0.5,-0.00103342718013488
47.62,-0.000751127945603815,0.500112669191841,0.499887330808159,0.5,-0.00112669191840581
47.63,-0.000813185825974374,0.500121977873896,0.499878022126104,0.5,-0.00121977873896145
47.64,-0.000875115294876367,0.500131267294231,0.499868732705769,0.5,-0.00131267294231435
47.65,-0.000936906572928607,0.500140535985939,0.499859464014061,0.5,-0.001405359859393
47.66,-0.000998549902572015,0.500149782485386,0.499850217514614,0.5,-0.00149782485385802
47.67,-0.00106003554961028,0.500159005332442,0.499840994667558,0.5,-0.00159005332441536
47.68,-0.00112135380474688,0.500168203070712,0.499831796929288,0.5,-0.00168203070712053
47.69,-0.00118249498511859,0.500177374247768,0.499822625752232,0.5,-0.00177374247767786
47.7,-0.00124344943582427,0.500186517415374,0.499813482584626,0.5,-0.00186517415373649
47.71,-0.00130420753144948,0.500195631129717,0.499804368870283,0.5,-0.00195631129717433
47.72,-0.00136475967758662,0.500204713951638,0.499795286048362,0.5,-0.00204713951638014
47.73,-0.0014250963123499,0.500213764446853,0.499786235553147,0.5,-0.00213764446852505
47.74,-0.00148520790788512,0.500222781186183,0.499777218813817,0.5,-0.00222781186182769
47.75,-0.00154508497187472,0.500231762745781,0.499768237254219,0.5,-0.00231762745781183
47.76,-0.00160471804903602,0.500240707707355,0.499759292292645,0.5,-0.00240707707355403
47.77,-0.00166409772261491,0.500249614658392,0.499750385341608,0.5,-0.00249614658392239
47.78,-0.00172321461587259,0.500258482192381,0.499741517807619,0.5,-0.00258482192380893
47.79,-0.00178205939356625,0.500267308909035,0.499732691090965,0.5,-0.00267308909034925
47.8,-0.00184062276342335,0.500276093414514,0.499723906585486,0.5,-0.00276093414513512
47.81,-0.001898895477609,0.500284834321641,0.499715165678359,0.5,-0.00284834321641364
47.82,-0.001956868334186,0.500293530250128,0.499706469749872,0.5,-0.00293530250127905
47.83,-0.0020145321785683,0.500302179826785,0.499697820173215,0.5,-0.00302179826785265
47.84,-0.00207187790496643,0.500310781685745,0.499689218314255,0.5,-0.00310781685744943
47.85,-0.00212889645782531,0.500319334468674,0.499680665531326,0.5,-0.00319334468673799
47.86,-0.00218557883325464,0.500327836824988,0.499672163175012,0.5,-0.00327836824988187
47.87,-0.00224191608045016,0.500336287412067,0.499663712587932,0.5,-0.0033628741206751
47.88,-0.00229789930310741,0.500344684895466,0.499655315104534,0.5,-0.0034468489546613
47.89,-0.00235351966082666,0.500353027949124,0.499646972050876,0.5,-0.0035302794912398
47.9,-0.00240876837050857,0.500361315255576,0.499638684744424,0.5,-0.00361315255576283
47.91,-0.00246363670774142,0.500369545506161,0.499630454493839,0.5,-0.00369545506161195
47.92,-0.00251811600817879,0.500377717401227,0.499622282598773,0.5,-0.00377717401226829
47.93,-0.00257219766890752,0.500385829650336,0.499614170349664,0.5,-0.0038582965033615
47.94,-0.00262587314980646,0.500393880972471,0.499606119027529,0.5,-0.0039388097247095
47.95,-0.00267913397489499,0.500401870096234,0.499598129903766,0.5,-0.00401870096234269
47.96,-0.00273197173367135,0.500409795760051,0.499590204239949,0.5,-0.00409795760050707
47.97,-0.00278437808244091,0.500417656712366,0.499582343287634,0.5,-0.00417656712366155
47.98,-0.00283634474563378,0.500425451711845,0.499574548288155,0.5,-0.00425451711845048
47.99,-0.0028878635171113,0.500433179527567,0.499566820472433,0.5,-0.00433179527566718
48,-0.00293892626146236,0.500440838939219,0.499559161060781,0.5,-0.0044083893921934
48.01,-0.00298952491528758,0.500448428737293,0.499551571262707,0.5,-0.00448428737293116
48.02,-0.00303965148847301,0.500455947723271,0.499544052276729,0.5,-0.00455947723270955
48.03,-0.00308929806545168,0.500463394709818,0.499536605290182,0.5,-0.00463394709817738
48.04,-0.00313845680645348,0.500470768520968,0.499529231479032,0.5,-0.00470768520968029
48.05,-0.00318711994874342,0.500478067992312,0.499521932007688,0.5,-0.00478067992311537
48.06,-0.00323527980784722,0.500485291971177,0.499514708028823,0.5,-0.00485291971177082
48.07,-0.00328292877876478,0.500492439316815,0.499507560683185,0.5,-0.00492439316814725
48.08,-0.00333005933717125,0.500499508900576,0.499500491099424,0.5,-0.00499508900575707
48.09,-0.00337666404060514,0.500506499606091,0.499493500393909,0.5,-0.00506499606090755
48.1,-0.00342273552964341,0.500513410329447,0.499486589670553,0.5,-0.00513410329446518
48.11,-0.00346826652906401,0.50052023997936,0.49947976002064,0.5,-0.00520239979359599
48.12,-0.00351324984899426,0.500526987477349,0.499473012522651,0.5,-0.00526987477349139
48.13,-0.00355767838604641,0.500533651757907,0.499466348242093,0.5,-0.00533651757906983
48.14,-0.00360154512443954,0.500540231768666,0.499459768231334,0.5,-0.00540231768665911
48.15,-0.00364484313710703,0.500546726470566,0.499453273529434,0.5,-0.00546726470566056
48.16,-0.00368756558679084,0.500553134838019,0.499446865161981,0.5,-0.00553134838018637
48.17,-0.00372970572712091,0.500559455859068,0.499440544140932,0.5,-0.00559455859068136
48.18,-0.00377125690368051,0.500565688535552,0.499434311464448,0.5,-0.00565688535552056
48.19,-0.00381221255505723,0.500571831883259,0.499428168116741,0.5,-0.005718318832586
48.2,-0.00385256621387896,0.500577884932082,0.499422115067918,0.5,-0.00577884932081857
48.21,-0.0038923115078351,0.500583846726175,0.499416153273825,0.5,-0.00583846726175286
48.22,-0.00393144216068308,0.500589716324102,0.499410283675898,0.5,-0.00589716324102457
48.23,-0.00396995199323918,0.500595492798986,0.499404507201014,0.5,-0.00595492798985853
48.24,-0.00400783492435436,0.500601175238653,0.499398824761347,0.5,-0.00601175238653134
48.25,-0.00404508497187474,0.500606762745781,0.499393237254219,0.5,-0.00606762745781197
48.26,-0.00408169625358592,0.500612254438038,0.499387745561962,0.5,-0.0061225443803789
48.27,-0.00411766298814211,0.500617649448221,0.499382350551779,0.5,-0.00617649448221291
48.28,-0.00415297949597905,0.500622946924397,0.499377053075603,0.5,-0.00622946924396878
48.29,-0.0041876402002107,0.500628146030032,0.499371853969968,0.5,-0.00628146030031584
48.3,-0.00422163962751006,0.500633245944127,0.499366754055873,0.5,-0.00633245944126504
48.31,-0.00425497240897346,0.500638245861346,0.499361754138654,0.5,-0.00638245861346004
48.32,-0.00428763328096826,0.500643144992145,0.499356855007855,0.5,-0.00643144992145239
48.33,-0.00431961708596416,0.500647942562895,0.499352057437105,0.5,-0.00647942562894605
48.34,-0.00435091877334763,0.500652637816002,0.499347362183998,0.5,-0.00652637816002138
48.35,-0.0043815334002193,0.500657230010033,0.499342769989967,0.5,-0.006572300100329
48.36,-0.00441145613217476,0.500661718419826,0.499338281580174,0.5,-0.00661718419826207
48.37,-0.00444068224406773,0.50066610233661,0.49933389766339,0.5,-0.00666102336610158
48.38,-0.00446920712075629,0.500670381068113,0.499329618931887,0.5,-0.00670381068113457
48.39,-0.00449702625783185,0.500674553938675,0.499325446061325,0.5,-0.00674553938674771
48.4,-0.00452413526233009,0.50067862028935,0.49932137971065,0.5,-0.00678620289349507
48.41,-0.00455052985342497,0.500682579478014,0.499317420521986,0.5,-0.00682579478013756
48.42,-0.00457620586310459,0.500686430879466,0.499313569120534,0.5,-0.0068643087946571
48.43,-0.00460115923682935,0.500690173885524,0.499309826114476,0.5,-0.00690173885524392
48.44,-0.00462538603417227,0.500693807905126,0.499306192094874,0.5,-0.00693807905125854
48.45,-0.00464888242944125,0.500697332364416,0.499302667635584,0.5,-0.00697332364416187
48.46,-0.00467164471228306,0.500700746706843,0.499299253293158,0.5,-0.00700746706842476
48.47,-0.00469366928826936,0.50070405039324,0.49929594960676,0.5,-0.00704050393240396
48.48,-0.00471495267946433,0.50070724290192,0.49929275709808,0.5,-0.00707242901919675
48.49,-0.0047354915249737,0.500710323728746,0.499289676271254,0.5,-0.00710323728746048
48.5,-0.00475528258147577,0.500713292387221,0.499286707612779,0.5,-0.0071329238722137
48.51,-0.0047743227237332,0.50071614840856,0.49928385159144,0.5,-0.00716148408559963
48.52,-0.00479260894508687,0.500718891341763,0.499281108658237,0.5,-0.00718891341763034
48.53,-0.00481013835793043,0.50072152075369,0.49927847924631,0.5,-0.00721520753689586
48.54,-0.00482690819416637,0.500724036229125,0.499275963770875,0.5,-0.0072403622912498
48.55,-0.00484291580564315,0.500726437370846,0.499273562629154,0.5,-0.00726437370846461
48.56,-0.00485815866457337,0.500728723799686,0.499271276200314,0.5,-0.00728723799686026
48.57,-0.00487263436393288,0.50073089515459,0.49926910484541,0.5,-0.00730895154589906
48.58,-0.00488634061784096,0.500732951092676,0.499267048907324,0.5,-0.00732951092676126
48.59,-0.00489927526192124,0.500734891289288,0.499265108710712,0.5,-0.00734891289288164
48.6,-0.00491143625364344,0.500736715438047,0.499263284561953,0.5,-0.00736715438046542
48.61,-0.00492282167264603,0.500738423250897,0.499261576749103,0.5,-0.00738423250896902
48.62,-0.00493342972103935,0.500740014458156,0.499259985541844,0.5,-0.00740014458155885
48.63,-0.00494325872368956,0.500741488808553,0.499258511191447,0.5,-0.00741488808553431
48.64,-0.00495230712848325,0.500742846069272,0.499257153930728,0.5,-0.00742846069272468
48.65,-0.00496057350657239,0.500744086025986,0.499255913974014,0.5,-0.00744086025985857
48.66,-0.00496805655260004,0.50074520848289,0.49925479151711,0.5,-0.00745208482890031
48.67,-0.0049747550849065,0.500746213262736,0.499253786737264,0.5,-0.00746213262735967
48.68,-0.00498066804571586,0.500747100206857,0.499252899793143,0.5,-0.00747100206857393
48.69,-0.00498579450130307,0.500747869175195,0.499252130824805,0.5,-0.00747869175195454
48.7,-0.00499013364214136,0.500748520046321,0.499251479953679,0.5,-0.00748520046321199
48.71,-0.00499368478303009,0.500749052717455,0.499250947282545,0.5,-0.00749052717454513
48.72,-0.00499644736320295,0.50074946710448,0.49925053289552,0.5,-0.00749467104480428
48.73,-0.0049984209464165,0.500749763141963,0.499250236858038,0.5,-0.00749763141962484
48.74,-0.00499960522101908,0.500749940783153,0.499250059216847,0.5,-0.00749940783152853
48.75,-0.005,0.50075,0.49925,0.5,-0.00750000000000001
48.76,-0.00499960522101908,0.500749940783153,0.499250059216847,0.5,-0.00749940783152853
48.77,-0.0049984209464165,0.500749763141963,0.499250236858038,0.5,-0.00749763141962484
48.78,-0.00499644736320295,0.50074946710448,0.49925053289552,0.5,-0.00749467104480428
48.79,-0.00499368478303009,0.500749052717455,0.499250947282545,0.5,-0.00749052717454513
48.8,-0.00499013364214136,0.500748520046321,0.499251479953679,0.5,-0.00748520046321199
48.81,-0.00498579450130307,0.500747869175195,0.499252130824805,0.5,-0.00747869175195454
48.82,-0.00498066804571586,0.500747100206857,0.499252899793143,0.5,-0.00747100206857393
48.83,-0.0049747550849065,0.500746213262736,0.499253786737264,0.5,-0.00746213262735967
48.84,-0.00496805655260004,0.50074520848289,0.49925479151711,0.5,-0.00745208482890031
48.85,-0.0049605735065724,0.500744086025986,0.499255913974014,0.5,-0.00744086025985857
48.86,-0.00495230712848326,0.500742846069272,0.499257153930728,0.5,-0.00742846069272468
48.87,-0.00494325872368957,0.500741488808553,0.499258511191447,0.5,-0.00741488808553431
48.88,-0.00493342972103935,0.500740014458156,0.499259985541844,0.5,-0.00740014458155885
48.89,-0.00492282167264603,0.500738423250897,0.499261576749103,0.5,-0.00738423250896902
48.9,-0.00491143625364345,0.500736715438047,0.499263284561953,0.5,-0.00736715438046542
48.91,-0.00489927526192124,0.500734891289288,0.499265108710712,0.5,-0.00734891289288164
48.92,-0.00488634061784097,0.500732951092676,0.499267048907324,0.5,-0.00732951092676126
48.93,-0.00487263436393289,0.50073089515459,0.49926910484541,0.5,-0.00730895154589933
48.94,-0.00485815866457338,0.500728723799686,0.499271276200314,0.5,-0.00728723799686026
48.95,-0.00484291580564315,0.500726437370846,0.499273562629154,0.5,-0.00726437370846461
48.96,-0.00482690819416637,0.500724036229125,0.499275963770875,0.5,-0.0072403622912498
48.97,-0.00481013835793044,0.50072152075369,0.49927847924631,0.5,-0.00721520753689586
48.98,-0.00479260894508688,0.500718891341763,0.499281108658237,0.5,-0.00718891341763034
48.99,-0.00477432272373323,0.50071614840856,0.49928385159144,0.5,-0.00716148408559963
49,-0.00475528258147577,0.500713292387221,0.499286707612779,0.5,-0.0071329238722137
49.01,-0.00473549152497373,0.500710323728746,0.499289676271254,0.5,-0.00710323728746048
49.02,-0.00471495267946433,0.50070724290192,0.49929275709808,0.5,-0.00707242901919675
49.03,-0.00469366928826937,0.50070405039324,0.49929594960676,0.5,-0.00704050393240396
49.04,-0.00467164471228307,0.500700746706843,0.499299253293158,0.5,-0.00700746706842476
49.05,-0.00464888242944127,0.500697332364416,0.499302667635584,0.5,-0.00697332364416187
49.06,-0.00462538603417229,0.500693807905126,0.499306192094874,0.5,-0.00693807905125854
49.07,-0.00460115923682935,0.500690173885524,0.499309826114476,0.5,-0.00690173885524392
49.08,-0.00457620586310459,0.500686430879466,0.499313569120534,0.5,-0.0068643087946571
49.09,-0.00455052985342497,0.500682579478014,0.499317420521986,0.5,-0.00682579478013756
49.1,-0.00452413526233012,0.50067862028935,0.49932137971065,0.5,-0.00678620289349507
49.11,-0.00449702625783186,0.500674553938675,0.499325446061325,0.5,-0.00674553938674771
49.12,-0.00446920712075631,0.500670381068113,0.499329618931887,0.5,-0.00670381068113457
49.13,-0.00444068224406774,0.50066610233661,0.49933389766339,0.5,-0.00666102336610158
49.14,-0.00441145613217476,0.500661718419826,0.499338281580174,0.5,-0.00661718419826207
49.15,-0.00438153340021934,0.500657230010033,0.499342769989967,0.5,-0.00657230010032928
49.16,-0.00435091877334765,0.500652637816002,0.499347362183998,0.5,-0.00652637816002138
49.17,-0.00431961708596418,0.500647942562895,0.499352057437105,0.5,-0.00647942562894605
49.18,-0.00428763328096827,0.500643144992145,0.499356855007855,0.5,-0.00643144992145239
49.19,-0.00425497240897347,0.500638245861346,0.499361754138654,0.5,-0.00638245861346004
49.2,-0.00422163962751007,0.500633245944127,0.499366754055873,0.5,-0.00633245944126504
49.21,-0.00418764020021072,0.500628146030032,0.499371853969968,0.5,-0.00628146030031584
49.22,-0.00415297949597908,0.500622946924397,0.499377053075603,0.5,-0.00622946924396878
49.23,-0.00411766298814213,0.500617649448221,0.499382350551779,0.5,-0.00617649448221319
49.24,-0.00408169625358594,0.500612254438038,0.499387745561962,0.5,-0.00612254438037918
49.25,-0.00404508497187474,0.500606762745781,0.499393237254219,0.5,-0.00606762745781197
49.26,-0.00400783492435439,0.500601175238653,0.499398824761347,0.5,-0.00601175238653134
49.27,-0.0039699519932392,0.500595492798986,0.499404507201014,0.5,-0.0059549279898588
49.28,-0.0039314421606831,0.500589716324102,0.499410283675898,0.5,-0.00589716324102457
49.29,-0.00389231150783513,0.500583846726175,0.499416153273825,0.5,-0.00583846726175286
49.3,-0.00385256621387896,0.500577884932082,0.499422115067918,0.5,-0.00577884932081857
49.31,-0.00381221255505723,0.500571831883259,0.499428168116741,0.5,-0.005718318832586
49.32,-0.00377125690368052,0.500565688535552,0.499434311464448,0.5,-0.00565688535552056
49.33,-0.00372970572712093,0.500559455859068,0.499440544140932,0.5,-0.00559455859068136
49.34,-0.00368756558679087,0.500553134838019,0.499446865161981,0.5,-0.00553134838018637
49.35,-0.00364484313710709,0.500546726470566,0.499453273529434,0.5,-0.00546726470566083
49.36,-0.00360154512443954,0.500540231768666,0.499459768231334,0.5,-0.00540231768665911
49.37,-0.00355767838604641,0.500533651757907,0.499466348242093,0.5,-0.00533651757906983
49.38,-0.00351324984899428,0.500526987477349,0.499473012522651,0.5,-0.00526987477349139
49.39,-0.00346826652906404,0.50052023997936,0.49947976002064,0.5,-0.00520239979359599
49.4,-0.00342273552964346,0.500513410329447,0.499486589670553,0.5,-0.00513410329446518
49.41,-0.00337666404060514,0.500506499606091,0.499493500393909,0.5,-0.00506499606090755
49.42,-0.00333005933717126,0.500499508900576,0.499500491099424,0.5,-0.00499508900575707
49.43,-0.00328292877876478,0.500492439316815,0.499507560683185,0.5,-0.00492439316814725
49.44,-0.00323527980784725,0.500485291971177,0.499514708028823,0.5,-0.00485291971177082
49.45,-0.00318711994874346,0.500478067992312,0.499521932007688,0.5,-0.00478067992311537
49.46,-0.00313845680645351,0.500470768520968,0.499529231479032,0.5,-0.00470768520968029
49.47,-0.00308929806545169,0.500463394709818,0.499536605290182,0.5,-0.00463394709817738
49.48,-0.00303965148847302,0.500455947723271,0.499544052276729,0.5,-0.00455947723270955
49.49,-0.00298952491528764,0.500448428737293,0.499551571262707,0.5,-0.00448428737293144
49.5,-0.00293892626146239,0.500440838939219,0.499559161060781,0.5,-0.0044083893921934
49.51,-0.00288786351711137,0.500433179527567,0.499566820472433,0.5,-0.00433179527566718
49.52,-0.00283634474563381,0.500425451711845,0.499574548288155,0.5,-0.00425451711845048
49.53,-0.00278437808244095,0.500417656712366,0.499582343287634,0.5,-0.00417656712366155
49.54,-0.00273197173367135,0.500409795760051,0.499590204239949,0.5,-0.00409795760050707
49.55,-0.00267913397489499,0.500401870096234,0.499598129903766,0.5,-0.00401870096234269
49.56,-0.00262587314980646,0.500393880972471,0.499606119027529,0.5,-0.0039388097247095
49.57,-0.00257219766890755,0.500385829650336,0.499614170349664,0.5,-0.0038582965033615
49.58,-0.00251811600817883,0.500377717401227,0.499622282598773,0.5,-0.00377717401226829
49.59,-0.00246363670774145,0.500369545506161,0.499630454493839,0.5,-0.00369545506161195
49.6,-0.00240876837050861,0.500361315255576,0.499638684744424,0.5,-0.00361315255576283
49.61,-0.00235351966082666,0.500353027949124,0.499646972050876,0.5,-0.0035302794912398
49.62,-0.00229789930310741,0.500344684895466,0.499655315104534,0.5,-0.0034468489546613
49.63,-0.0022419160804502,0.500336287412067,0.499663712587932,0.5,-0.0033628741206751
49.64,-0.00218557883325468,0.500327836824988,0.499672163175012,0.5,-0.00327836824988187
49.65,-0.00212889645782538,0.500319334468674,0.499680665531326,0.5,-0.00319334468673826
49.66,-0.00207187790496644,0.500310781685745,0.499689218314255,0.5,-0.00310781685744943
49.67,-0.0020145321785683,0.500302179826785,0.499697820173215,0.5,-0.00302179826785265
49.68,-0.00195686833418604,0.500293530250128,0.499706469749872,0.5,-0.00293530250127905
49.69,-0.00189889547760904,0.500284834321641,0.499715165678359,0.5,-0.00284834321641364
49.7,-0.00184062276342339,0.500276093414514,0.499723906585486,0.5,-0.00276093414513512
49.71,-0.00178205939356626,0.500267308909035,0.499732691090965,0.5,-0.00267308909034925
49.72,-0.00172321461587259,0.500258482192381,0.499741517807619,0.5,-0.00258482192380893
49.73,-0.00166409772261491,0.500249614658392,0.499750385341608,0.5,-0.00249614658392239
49.74,-0.0016047180490361,0.500240707707355,0.499759292292645,0.5,-0.00240707707355403
49.75,-0.00154508497187476,0.500231762745781,0.499768237254219,0.5,-0.00231762745781211
49.76,-0.0014852079078852,0.500222781186183,0.499777218813817,0.5,-0.00222781186182797
49.77,-0.00142509631234991,0.500213764446853,0.499786235553147,0.5,-0.00213764446852505
49.78,-0.00136475967758662,0.500204713951638,0.499795286048362,0.5,-0.00204713951638014
49.79,-0.00130420753144949,0.500195631129717,0.499804368870283,0.5,-0.00195631129717433
49.8,-0.00124344943582431,0.500186517415374,0.499813482584626,0.5,-0.00186517415373649
49.81,-0.00118249498511863,0.500177374247768,0.499822625752232,0.5,-0.00177374247767786
49.82,-0.00112135380474692,0.500168203070712,0.499831796929288,0.5,-0.00168203070712053
49.83,-0.00106003554961029,0.500159005332442,0.499840994667558,0.5,-0.00159005332441536
49.84,-0.000998549902572021,0.500149782485386,0.499850217514614,0.5,-0.00149782485385802
49.85,-0.000936906572928682,0.500140535985939,0.499859464014061,0.5,-0.00140535985939327
49.86,-0.000875115294876408,0.500131267294231,0.499868732705769,0.5,-0.00131267294231435
49.87,-0.000813185825974415,0.500121977873896,0.499878022126104,0.5,-0.00121977873896145
49.88,-0.000751127945603821,0.500112669191841,0.499887330808159,0.5,-0.00112669191840581
49.89,-0.000688951453423195,0.500103342718013,0.499896657281987,0.5,-0.00103342718013488
49.9,-0.00062666616782153,0.500093999925173,0.499906000074827,0.5,-0.000939999251732271
49.91,-0.000564281924367456,0.500084642288655,0.499915357711345,0.5,-0.000846422886551235
49.92,-0.000501808574256091,0.500075271286138,0.499924728713862,0.5,-0.000752712861384064
49.93,-0.000439255982753736,0.500065888397413,0.499934111602587,0.5,-0.000658883974130609
49.94,-0.000376634027639688,0.500056495104146,0.499943504895854,0.5,-0.000564951041459594
49.95,-0.00031395259764656,0.500047092889647,0.499952907110353,0.5,-0.000470928896469935
49.96,-0.000251221590898844,0.500037683238635,0.499962316761365,0.5,-0.000376832386348447
49.97,-0.000188450913349709,0.500028267637002,0.499971732362998,0.5,-0.00028267637002477
49.98,-0.000125650477216692,0.500018847571583,0.499981152428418,0.5,-0.000188475715825198
49.99,-6.28301994168069e-05,0.500009424529912,0.499990575470087,0.5,-9.42452991251064e-05
50,-1.22464679914735e-17,0.5,0.5,0.5,0
50.01,6.28301994167469e-05,0.499990575470087,0.500009424529912,0.5,9.42452991251064e-05
50.02,0.000125650477216667,0.499981152428418,0.500018847571583,0.5,0.000188475715825198
50.03,0.000188450913349684,0.499971732362998,0.500028267637002,0.5,0.00028267637002477
50.04,0.00025122159089882,0.499962316761365,0.500037683238635,0.5,0.000376832386348447
50.05,0.000313952597646535,0.499952907110353,0.500047092889647,0.5,0.000470928896469935
50.06,0.000376634027639663,0.499943504895854,0.500056495104146,0.5,0.000564951041459594
50.07,0.000439255982753712,0.499934111602587,0.500065888397413,0.5,0.000658883974130609
50.08,0.000501808574256066,0.499924728713862,0.500075271286138,0.5,0.000752712861384064
50.09,0.000564281924367432,0.499915357711345,0.500084642288655,0.5,0.000846422886551235
50.1,0.00062666616782147,0.499906000074827,0.500093999925173,0.5,0.000939999251732271
50.11,0.000688951453423171,0.499896657281987,0.500103342718013,0.5,0.00103342718013488
50.12,0.000751127945603797,0.499887330808159,0.500112669191841,0.5,0.00112669191840581
50.13,0.000813185825974391,0.499878022126104,0.500121977873896,0.5,0.00121977873896145
50.14,0.000875115294876384,0.499868732705769,0.500131267294231,0.5,0.00131267294231435
50.15,0.000936906572928589,0.499859464014061,0.500140535985939,0.5,0.001405359859393
50.16,0.000998549902571997,0.499850217514614,0.500149782485386,0.5,0.00149782485385774
50.17,0.00106003554961027,0.499840994667558,0.500159005332442,0.5,0.00159005332441536
50.18,0.00112135380474689,0.499831796929288,0.500168203070712,0.5,0.00168203070712053
50.19,0.00118249498511861,0.499822625752232,0.500177374247768,0.5,0.00177374247767786
50.2,0.00124344943582429,0.499813482584626,0.500186517415374,0.5,0.00186517415373649
50.21,0.00130420753144946,0.499804368870283,0.500195631129717,0.5,0.00195631129717433
50.22,0.0013647596775866,0.499795286048362,0.500204713951638,0.5,0.00204713951638014
50.23,0.00142509631234988,0.499786235553147,0.500213764446853,0.5,0.00213764446852505
50.24,0.00148520790788514,0.499777218813817,0.500222781186183,0.5,0.00222781186182797
50.25,0.00154508497187473,0.499768237254219,0.500231762745781,0.5,0.00231762745781183
50.26,0.00160471804903604,0.499759292292645,0.500240707707355,0.5,0.00240707707355403
50.27,0.00166409772261489,0.499750385341608,0.500249614658392,0.5,0.00249614658392239
50.28,0.00172321461587257,0.499741517807619,0.500258482192381,0.5,0.00258482192380893
50.29,0.00178205939356624,0.499732691090965,0.500267308909035,0.5,0.00267308909034925
50.3,0.00184062276342337,0.499723906585486,0.500276093414514,0.5,0.00276093414513512
50.31,0.00189889547760901,0.499715165678359,0.500284834321641,0.5,0.00284834321641364
50.32,0.00195686833418602,0.499706469749872,0.500293530250128,0.5,0.00293530250127905
50.33,0.00201453217856828,0.499697820173215,0.500302179826785,0.5,0.00302179826785265
50.34,0.00207187790496642,0.499689218314255,0.500310781685745,0.5,0.00310781685744943
50.35,0.00212889645782532,0.499680665531326,0.500319334468674,0.5,0.00319334468673826
50.36,0.00218557883325465,0.499672163175012,0.500327836824988,0.5,0.00327836824988187
50.37,0.00224191608045018,0.499663712587932,0.500336287412067,0.5,0.0033628741206751
50.38,0.00229789930310739,0.499655315104534,0.500344684895466,0.5,0.0034468489546613
50.39,0.00235351966082664,0.499646972050876,0.500353027949124,0.5,0.0035302794912398
50.4,0.00240876837050855,0.499638684744424,0.500361315255576,0.5,0.00361315255576256
50.41,0.00246363670774143,0.499630454493839,0.500369545506161,0.5,0.00369545506161195
50.42,0.00251811600817881,0.499622282598773,0.500377717401227,0.5,0.00377717401226829
50.43,0.00257219766890753,0.499614170349664,0.500385829650336,0.5,0.0038582965033615
50.44,0.00262587314980644,0.499606119027529,0.500393880972471,0.5,0.0039388097247095
50.45,0.00267913397489497,0.499598129903766,0.500401870096234,0.5,0.00401870096234269
50.46,0.00273197173367133,0.499590204239949,0.500409795760051,0.5,0.00409795760050707
50.47,0.00278437808244092,0.499582343287634,0.500417656712366,0.5,0.00417656712366155
50.48,0.00283634474563379,0.499574548288155,0.500425451711845,0.5,0.00425451711845048
50.49,0.00288786351711129,0.499566820472433,0.500433179527567,0.5,0.00433179527566718
50.5,0.00293892626146237,0.499559161060781,0.500440838939219,0.5,0.0044083893921934
50.51,0.00298952491528757,0.499551571262707,0.500448428737293,0.5,0.00448428737293116
50.52,0.003039651488473,0.499544052276729,0.500455947723271,0.5,0.00455947723270955
50.53,0.00308929806545167,0.499536605290182,0.500463394709818,0.5,0.00463394709817738
50.54,0.00313845680645349,0.499529231479032,0.500470768520968,0.5,0.00470768520968029
50.55,0.00318711994874344,0.499521932007688,0.500478067992312,0.5,0.00478067992311537
50.56,0.00323527980784724,0.499514708028823,0.500485291971177,0.5,0.00485291971177082
50.57,0.00328292877876477,0.499507560683185,0.500492439316815,0.5,0.00492439316814725
50.58,0.00333005933717124,0.499500491099424,0.500499508900576,0.5,0.00499508900575707
50.59,0.00337666404060513,0.499493500393909,0.500506499606091,0.5,0.00506499606090755
50.6,0.00342273552964342,0.499486589670553,0.500513410329447,0.5,0.00513410329446518
50.61,0.00346826652906402,0.49947976002064,0.50052023997936,0.5,0.00520239979359599
50.62,0.00351324984899427,0.499473012522651,0.500526987477349,0.5,0.00526987477349139
50.63,0.0035576783860464,0.499466348242093,0.500533651757907,0.5,0.00533651757906983
50.64,0.00360154512443952,0.499459768231334,0.500540231768666,0.5,0.00540231768665911
50.65,0.00364484313710705,0.499453273529434,0.500546726470566,0.5,0.00546726470566083
50.66,0.00368756558679086,0.499446865161981,0.500553134838019,0.5,0.00553134838018637
50.67,0.00372970572712092,0.499440544140932,0.500559455859068,0.5,0.00559455859068136
50.68,0.0037712569036805,0.499434311464448,0.500565688535552,0.5,0.00565688535552056
50.69,0.00381221255505722,0.499428168116741,0.500571831883259,0.5,0.005718318832586
50.7,0.00385256621387895,0.499422115067918,0.500577884932082,0.5,0.00577884932081857
50.71,0.00389231150783511,0.499416153273825,0.500583846726175,0.5,0.00583846726175286
50.72,0.00393144216068309,0.499410283675898,0.500589716324102,0.5,0.00589716324102457
50.73,0.00396995199323919,0.499404507201014,0.500595492798986,0.5,0.00595492798985853
50.74,0.00400783492435435,0.499398824761347,0.500601175238653,0.5,0.00601175238653134
50.75,0.00404508497187472,0.499393237254219,0.500606762745781,0.5,0.00606762745781197
50.76,0.0040816962535859,0.499387745561962,0.500612254438038,0.5,0.0061225443803789
50.77,0.00411766298814212,0.499382350551779,0.500617649448221,0.5,0.00617649448221291
50.78,0.00415297949597906,0.499377053075603,0.500622946924397,0.5,0.00622946924396878
50.79,0.00418764020021071,0.499371853969968,0.500628146030032,0.5,0.00628146030031584
50.8,0.00422163962751005,0.499366754055873,0.500633245944127,0.5,0.00633245944126504
50.81,0.00425497240897345,0.499361754138654,0.500638245861346,0.5,0.00638245861346004
50.82,0.00428763328096825,0.499356855007855,0.500643144992145,0.5,0.00643144992145239
50.83,0.00431961708596417,0.499352057437105,0.500647942562895,0.5,0.00647942562894605
50.84,0.00435091877334764,0.499347362183998,0.500652637816002,0.5,0.00652637816002138
50.85,0.00438153340021929,0.499342769989967,0.500657230010033,0.5,0.006572300100329
50.86,0.00441145613217475,0.499338281580174,0.500661718419826,0.5,0.00661718419826207
50.87,0.00444068224406772,0.49933389766339,0.50066610233661,0.5,0.00666102336610158
50.88,0.0044692071207563,0.499329618931887,0.500670381068113,0.5,0.00670381068113457
50.89,0.00449702625783185,0.499325446061325,0.500674553938675,0.5,0.00674553938674771
50.9,0.00452413526233009,0.49932137971065,0.50067862028935,0.5,0.00678620289349507
50.91,0.00455052985342496,0.499317420521986,0.500682579478014,0.5,0.00682579478013756
50.92,0.00457620586310458,0.499313569120534,0.500686430879466,0.5,0.0068643087946571
50.93,0.00460115923682936,0.499309826114476,0.500690173885524,0.5,0.00690173885524392
50.94,0.00462538603417228,0.499306192094874,0.500693807905126,0.5,0.00693807905125854
50.95,0.00464888242944126,0.499302667635584,0.500697332364416,0.5,0.00697332364416187
50.96,0.00467164471228305,0.499299253293158,0.500700746706843,0.5,0.00700746706842476
50.97,0.00469366928826937,0.49929594960676,0.50070405039324,0.5,0.00704050393240396
50.98,0.00471495267946433,0.49929275709808,0.50070724290192,0.5,0.00707242901919675
50.99,0.0047354915249737,0.499289676271254,0.500710323728746,0.5,0.00710323728746048
51,0.00475528258147575,0.499286707612779,0.500713292387221,0.5,0.0071329238722137
51.01,0.00477432272373321,0.49928385159144,0.50071614840856,0.5,0.00716148408559963
51.02,0.00479260894508686,0.499281108658237,0.500718891341763,0.5,0.00718891341763034
51.03,0.00481013835793042,0.49927847924631,0.50072152075369,0.5,0.00721520753689586
51.04,0.00482690819416637,0.499275963770875,0.500724036229125,0.5,0.0072403622912498
51.05,0.00484291580564315,0.499273562629154,0.500726437370846,0.5,0.00726437370846461
51.06,0.00485815866457337,0.499271276200314,0.500728723799686,0.5,0.00728723799686026
51.07,0.00487263436393288,0.49926910484541,0.50073089515459,0.5,0.00730895154589906
51.08,0.00488634061784097,0.499267048907324,0.500732951092676,0.5,0.00732951092676126
51.09,0.00489927526192124,0.499265108710712,0.500734891289288,0.5,0.00734891289288164
51.1,0.00491143625364344,0.499263284561953,0.500736715438047,0.5,0.00736715438046542
51.11,0.00492282167264603,0.499261576749103,0.500738423250897,0.5,0.00738423250896902
51.12,0.00493342972103935,0.499259985541844,0.500740014458156,0.5,0.00740014458155885
51.13,0.00494325872368956,0.499258511191447,0.500741488808553,0.5,0.00741488808553431
51.14,0.00495230712848325,0.499257153930728,0.500742846069272,0.5,0.00742846069272468
51.15,0.00496057350657239,0.499255913974014,0.500744086025986,0.5,0.00744086025985857
51.16,0.00496805655260004,0.49925479151711,0.50074520848289,0.5,0.00745208482890031
51.17,0.0049747550849065,0.499253786737264,0.500746213262736,0.5,0.00746213262735967
51.18,0.00498066804571586,0.499252899793143,0.500747100206857,0.5,0.00747100206857393
51.19,0.00498579450130307,0.499252130824805,0.500747869175195,0.5,0.00747869175195454
51.2,0.00499013364214136,0.499251479953679,0.500748520046321,0.5,0.00748520046321199
51.21,0.00499368478303009,0.499250947282545,0.500749052717455,0.5,0.00749052717454513
51.22,0.00499644736320295,0.49925053289552,0.50074946710448,0.5,0.00749467104480428
51.23,0.0049984209464165,0.499250236858038,0.500749763141963,0.5,0.00749763141962484
51.24,0.00499960522101908,0.499250059216847,0.500749940783153,0.5,0.00749940783152853
51.25,0.005,0.49925,0.50075,0.5,0.00750000000000001
51.26,0.00499960522101908,0.499250059216847,0.500749940783153,0.5,0.00749940783152853
51.27,0.0049984209464165,0.499250236858038,0.500749763141963,0.5,0.00749763141962484
51.28,0.00499644736320295,0.49925053289552,0.50074946710448,0.5,0.00749467104480428
51.29,0.00499368478303009,0.499250947282545,0.500749052717455,0.5,0.00749052717454513
51.3,0.00499013364214136,0.499251479953679,0.500748520046321,0.5,0.00748520046321199
51.31,0.00498579450130307,0.499252130824805,0.500747869175195,0.5,0.00747869175195454
51.32,0.00498066804571587,0.499252899793143,0.500747100206857,0.5,0.00747100206857393
51.33,0.0049747550849065,0.499253786737264,0.500746213262736,0.5,0.00746213262735967
51.34,0.00496805655260004,0.49925479151711,0.50074520848289,0.5,0.00745208482890031
51.35,0.0049605735065724,0.499255913974014,0.500744086025986,0.5,0.00744086025985857
51.36,0.00495230712848326,0.499257153930728,0.500742846069272,0.5,0.00742846069272468
51.37,0.00494325872368957,0.499258511191447,0.500741488808553,0.5,0.00741488808553431
51.38,0.00493342972103935,0.499259985541844,0.500740014458156,0.5,0.00740014458155885
51.39,0.00492282167264603,0.499261576749103,0.500738423250897,0.5,0.00738423250896902
51.4,0.00491143625364344,0.499263284561953,0.500736715438047,0.5,0.00736715438046542
51.41,0.00489927526192124,0.499265108710712,0.500734891289288,0.5,0.00734891289288164
51.42,0.00488634061784097,0.499267048907324,0.500732951092676,0.5,0.00732951092676126
51.43,0.00487263436393289,0.49926910484541,0.50073089515459,0.5,0.00730895154589933
51.44,0.00485815866457337,0.499271276200314,0.500728723799686,0.5,0.00728723799686026
51.45,0.00484291580564315,0.499273562629154,0.500726437370846,0.5,0.00726437370846461
51.46,0.00482690819416637,0.499275963770875,0.500724036229125,0.5,0.0072403622912498
51.47,0.00481013835793044,0.49927847924631,0.50072152075369,0.5,0.00721520753689586
51.48,0.00479260894508689,0.499281108658237,0.500718891341763,0.5,0.00718891341763034
51.49,0.00477432272373323,0.49928385159144,0.50071614840856,0.5,0.00716148408559963
51.5,0.00475528258147578,0.499286707612779,0.500713292387221,0.5,0.0071329238722137
51.51,0.00473549152497372,0.499289676271254,0.500710323728746,0.5,0.00710323728746048
51.52,0.00471495267946434,0.49929275709808,0.50070724290192,0.5,0.00707242901919675
51.53,0.00469366928826937,0.49929594960676,0.50070405039324,0.5,0.00704050393240396
51.54,0.00467164471228308,0.499299253293158,0.500700746706843,0.5,0.00700746706842476
51.55,0.00464888242944126,0.499302667635584,0.500697332364416,0.5,0.00697332364416187
51.56,0.00462538603417228,0.499306192094874,0.500693807905126,0.5,0.00693807905125854
51.57,0.00460115923682936,0.499309826114476,0.500690173885524,0.5,0.00690173885524392
51.58,0.00457620586310458,0.499313569120534,0.500686430879466,0.5,0.0068643087946571
51.59,0.00455052985342496,0.499317420521986,0.500682579478014,0.5,0.00682579478013756
51.6,0.00452413526233013,0.49932137971065,0.50067862028935,0.5,0.00678620289349507
51.61,0.00449702625783187,0.499325446061325,0.500674553938675,0.5,0.00674553938674771
51.62,0.00446920712075632,0.499329618931887,0.500670381068113,0.5,0.00670381068113457
51.63,0.00444068224406774,0.49933389766339,0.50066610233661,0.5,0.00666102336610158
51.64,0.00441145613217477,0.499338281580174,0.500661718419826,0.5,0.00661718419826207
51.65,0.00438153340021934,0.499342769989967,0.500657230010033,0.5,0.00657230010032928
51.66,0.00435091877334764,0.499347362183998,0.500652637816002,0.5,0.00652637816002138
51.67,0.00431961708596417,0.499352057437105,0.500647942562895,0.5,0.00647942562894605
51.68,0.00428763328096828,0.499356855007855,0.500643144992145,0.5,0.00643144992145239
51.69,0.00425497240897346,0.499361754138654,0.500638245861346,0.5,0.00638245861346004
51.7,0.00422163962751006,0.499366754055873,0.500633245944127,0.5,0.00633245944126504
51.71,0.00418764020021071,0.499371853969968,0.500628146030032,0.5,0.00628146030031584
51.72,0.00415297949597909,0.499377053075603,0.500622946924397,0.5,0.00622946924396878
51.73,0.00411766298814214,0.499382350551779,0.500617649448221,0.5,0.00617649448221319
51.74,0.00408169625358595,0.499387745561962,0.500612254438038,0.5,0.00612254438037918
51.75,0.00404508497187475,0.499393237254219,0.500606762745781,0.5,0.00606762745781197
51.76,0.00400783492435438,0.499398824761347,0.500601175238653,0.5,0.00601175238653134
51.77,0.0039699519932392,0.499404507201014,0.500595492798986,0.5,0.00595492798985853
51.78,0.00393144216068309,0.499410283675898,0.500589716324102,0.5,0.00589716324102457
51.79,0.00389231150783514,0.499416153273825,0.500583846726175,0.5,0.00583846726175286
51.8,0.00385256621387895,0.499422115067918,0.500577884932082,0.5,0.00577884932081857
51.81,0.00381221255505722,0.499428168116741,0.500571831883259,0.5,0.005718318832586
51.82,0.00377125690368053,0.499434311464448,0.500565688535552,0.5,0.00565688535552056
51.83,0.00372970572712095,0.499440544140932,0.500559455859068,0.5,0.00559455859068136
51.84,0.00368756558679088,0.499446865161981,0.500553134838019,0.5,0.00553134838018637
51.85,0.0036448431371071,0.499453273529434,0.500546726470566,0.5,0.00546726470566083
51.86,0.00360154512443955,0.499459768231334,0.500540231768666,0.5,0.00540231768665911
51.87,0.00355767838604643,0.499466348242093,0.500533651757907,0.5,0.00533651757906983
51.88,0.00351324984899427,0.499473012522651,0.500526987477349,0.5,0.00526987477349139
51.89,0.00346826652906403,0.49947976002064,0.50052023997936,0.5,0.00520239979359599
51.9,0.00342273552964348,0.499486589670553,0.500513410329447,0.5,0.00513410329446518
51.91,0.00337666404060513,0.499493500393909,0.500506499606091,0.5,0.00506499606090755
51.92,0.00333005933717124,0.499500491099424,0.500499508900576,0.5,0.00499508900575707
51.93,0.0032829287787648,0.499507560683185,0.500492439316815,0.5,0.00492439316814725
51.94,0.00323527980784727,0.499514708028823,0.500485291971177,0.5,0.00485291971177082
51.95,0.00318711994874347,0.499521932007688,0.500478067992312,0.5,0.00478067992311537
51.96,0.0031384568064535,0.499529231479032,0.500470768520968,0.5,0.00470768520968029
51.97,0.0030892980654517,0.499536605290182,0.500463394709818,0.5,0.00463394709817738
51.98,0.00303965148847303,0.499544052276729,0.500455947723271,0.5,0.00455947723270955
51.99,0.00298952491528763,0.499551571262707,0.500448428737293,0.5,0.00448428737293144
52,0.00293892626146238,0.499559161060781,0.500440838939219,0.5,0.0044083893921934
52.01,0.00288786351711138,0.499566820472433,0.500433179527567,0.5,0.00433179527566718
52.02,0.0028363447456338,0.499574548288155,0.500425451711845,0.5,0.00425451711845048
52.03,0.00278437808244093,0.499582343287634,0.500417656712366,0.5,0.00417656712366155
52.04,0.00273197173367137,0.499590204239949,0.500409795760051,0.5,0.00409795760050707
52.05,0.00267913397489498,0.499598129903766,0.500401870096234,0.5,0.00401870096234269
52.06,0.00262587314980645,0.499606119027529,0.500393880972471,0.5,0.0039388097247095
52.07,0.00257219766890754,0.499614170349664,0.500385829650336,0.5,0.0038582965033615
52.08,0.00251811600817884,0.499622282598773,0.500377717401227,0.5,0.00377717401226829
52.09,0.00246363670774147,0.499630454493839,0.500369545506161,0.5,0.00369545506161195
52.1,0.00240876837050862,0.499638684744424,0.500361315255576,0.5,0.00361315255576283
52.11,0.00235351966082668,0.499646972050876,0.500353027949124,0.5,0.0035302794912398
52.12,0.00229789930310743,0.499655315104534,0.500344684895466,0.5,0.0034468489546613
52.13,0.00224191608045019,0.499663712587932,0.500336287412067,0.5,0.0033628741206751
52.14,0.00218557883325466,0.499672163175012,0.500327836824988,0.5,0.00327836824988187
52.15,0.0021288964578254,0.499680665531326,0.500319334468674,0.5,0.00319334468673826
52.16,0.00207187790496642,0.499689218314255,0.500310781685745,0.5,0.00310781685744943
52.17,0.00201453217856829,0.499697820173215,0.500302179826785,0.5,0.00302179826785265
52.18,0.00195686833418602,0.499706469749872,0.500293530250128,0.5,0.00293530250127905
52.19,0.00189889547760905,0.499715165678359,0.500284834321641,0.5,0.00284834321641364
52.2,0.00184062276342341,0.499723906585486,0.500276093414514,0.5,0.00276093414513512
52.21,0.00178205939356624,0.499732691090965,0.500267308909035,0.5,0.00267308909034925
52.22,0.00172321461587261,0.499741517807619,0.500258482192381,0.5,0.00258482192380893
52.23,0.00166409772261493,0.499750385341608,0.500249614658392,0.5,0.00249614658392239
52.24,0.00160471804903608,0.499759292292645,0.500240707707355,0.5,0.00240707707355403
52.25,0.00154508497187474,0.499768237254219,0.500231762745781,0.5,0.00231762745781211
52.26,0.00148520790788522,0.499777218813817,0.500222781186183,0.5,0.00222781186182797
52.27,0.00142509631234989,0.499786235553147,0.500213764446853,0.5,0.00213764446852505
52.28,0.00136475967758661,0.499795286048362,0.500204713951638,0.5,0.00204713951638014
52.29,0.0013042075314495,0.499804368870283,0.500195631129717,0.5,0.00195631129717433
52.3,0.00124344943582433,0.499813482584626,0.500186517415374,0.5,0.00186517415373677
52.31,0.00118249498511865,0.499822625752232,0.500177374247768,0.5,0.00177374247767786
52.32,0.0011213538047469,0.499831796929288,0.500168203070712,0.5,0.00168203070712053
52.33,0.00106003554961031,0.499840994667558,0.500159005332442,0.5,0.00159005332441536
52.34,0.000998549902572039,0.499850217514614,0.500149782485386,0.5,0.00149782485385802
52.35,0.000936906572928665,0.499859464014061,0.500140535985939,0.5,0.00140535985939327
52.36,0.000875115294876391,0.499868732705769,0.500131267294231,0.5,0.00131267294231435
52.37,0.000813185825974398,0.499878022126104,0.500121977873896,0.5,0.00121977873896145
52.38,0.000751127945603804,0.499887330808159,0.500112669191841,0.5,0.00112669191840581
52.39,0.000688951453423178,0.499896657281987,0.500103342718013,0.5,0.00103342718013488
52.4,0.000626666167821548,0.499906000074827,0.500093999925173,0.5,0.000939999251732271
52.41,0.000564281924367475,0.499915357711345,0.500084642288655,0.5,0.000846422886551235
52.42,0.000501808574256109,0.499924728713862,0.500075271286138,0.5,0.000752712861384064
52.43,0.000439255982753719,0.499934111602587,0.500065888397413,0.5,0.000658883974130609
52.44,0.000376634027639706,0.499943504895854,0.500056495104146,0.5,0.000564951041459594
52.45,0.000313952597646578,0.499952907110353,0.500047092889647,0.5,0.000470928896469935
52.46,0.000251221590898827,0.499962316761365,0.500037683238635,0.5,0.000376832386348447
52.47,0.000188450913349692,0.499971732362998,0.500028267637002,0.5,0.00028267637002477
52.48,0.000125650477216675,0.499981152428418,0.500018847571583,0.5,0.000188475715825198
52.49,6.28301994167898e-05,0.499990575470087,0.500009424529912,0.5,9.42452991251064e-05
52.5,-4.9047770029553e-18,0.5,0.5,0.5,0
52.51,-6.28301994167285e-05,0.500009424529912,0.499990575470088,0.5,-9.42452991248288e-05
52.52,-0.000125650477216684,0.500018847571583,0.499981152428418,0.5,-0.000188475715825198
52.53,-0.000188450913349701,0.500028267637002,0.499971732362998,0.5,-0.00028267637002477
52.54,-0.000251221590898837,0.500037683238635,0.499962316761365,0.5,-0.000376832386348447
52.55,-0.000313952597646517,0.500047092889647,0.499952907110353,0.5,-0.000470928896469935
52.56,-0.000376634027639645,0.500056495104146,0.499943504895854,0.5,-0.000564951041459594
52.57,-0.000439255982753729,0.500065888397413,0.499934111602587,0.5,-0.000658883974130609
52.58,-0.000501808574256048,0.500075271286138,0.499924728713862,0.5,-0.000752712861384064
52.59,-0.000564281924367414,0.500084642288655,0.499915357711345,0.5,-0.000846422886551235
52.6,-0.000626666167821487,0.500093999925173,0.499906000074827,0.5,-0.000939999251732271
52.61,-0.000688951453423188,0.500103342718013,0.499896657281987,0.5,-0.00103342718013488
52.62,-0.000751127945603814,0.500112669191841,0.499887330808159,0.5,-0.00112669191840581
52.63,-0.000813185825974408,0.500121977873896,0.499878022126104,0.5,-0.00121977873896145
52.64,-0.000875115294876401,0.500131267294231,0.499868732705769,0.5,-0.00131267294231435
52.65,-0.000936906572928605,0.500140535985939,0.499859464014061,0.5,-0.001405359859393
52.66,-0.000998549902571979,0.500149782485386,0.499850217514614,0.5,-0.00149782485385774
52.67,-0.00106003554961025,0.500159005332442,0.499840994667558,0.5,-0.00159005332441536
52.68,-0.00112135380474691,0.500168203070712,0.499831796929288,0.5,-0.00168203070712053
52.69,-0.00118249498511859,0.500177374247768,0.499822625752232,0.5,-0.00177374247767786
52.7,-0.00124344943582427,0.500186517415374,0.499813482584626,0.5,-0.00186517415373649
52.71,-0.00130420753144944,0.500195631129717,0.499804368870283,0.5,-0.00195631129717433
52.72,-0.00136475967758662,0.500204713951638,0.499795286048362,0.5,-0.00204713951638014
52.73,-0.0014250963123499,0.500213764446853,0.499786235553147,0.5,-0.00213764446852505
52.74,-0.00148520790788516,0.500222781186183,0.499777218813817,0.5,-0.00222781186182797
52.75,-0.00154508497187475,0.500231762745781,0.499768237254219,0.5,-0.00231762745781211
52.76,-0.00160471804903602,0.500240707707355,0.499759292292645,0.5,-0.00240707707355403
52.77,-0.00166409772261487,0.500249614658392,0.499750385341608,0.5,-0.00249614658392239
52.78,-0.00172321461587255,0.500258482192381,0.499741517807619,0.5,-0.00258482192380893
52.79,-0.00178205939356625,0.500267308909035,0.499732691090965,0.5,-0.00267308909034925
52.8,-0.00184062276342335,0.500276093414514,0.499723906585486,0.5,-0.00276093414513512
52.81,-0.001898895477609,0.500284834321641,0.499715165678359,0.5,-0.00284834321641364
52.82,-0.00195686833418603,0.500293530250128,0.499706469749872,0.5,-0.00293530250127905
52.83,-0.0020145321785683,0.500302179826785,0.499697820173215,0.5,-0.00302179826785265
52.84,-0.00207187790496643,0.500310781685745,0.499689218314255,0.5,-0.00310781685744943
52.85,-0.00212889645782534,0.500319334468674,0.499680665531326,0.5,-0.00319334468673826
52.86,-0.00218557883325467,0.500327836824988,0.499672163175012,0.5,-0.00327836824988187
52.87,-0.0022419160804502,0.500336287412067,0.499663712587932,0.5,-0.0033628741206751
52.88,-0.00229789930310737,0.500344684895466,0.499655315104534,0.5,-0.0034468489546613
52.89,-0.00235351966082663,0.500353027949124,0.499646972050876,0.5,-0.0035302794912398
52.9,-0.00240876837050857,0.500361315255576,0.499638684744424,0.5,-0.00361315255576283
52.91,-0.00246363670774142,0.500369545506161,0.499630454493839,0.5,-0.00369545506161195
52.92,-0.00251811600817879,0.500377717401227,0.499622282598773,0.5,-0.00377717401226829
52.93,-0.00257219766890754,0.500385829650336,0.499614170349664,0.5,-0.0038582965033615
52.94,-0.00262587314980646,0.500393880972471,0.499606119027529,0.5,-0.0039388097247095
52.95,-0.00267913397489499,0.500401870096234,0.499598129903766,0.5,-0.00401870096234269
52.96,-0.00273197173367132,0.500409795760051,0.499590204239949,0.5,-0.00409795760050707
52.97,-0.00278437808244094,0.500417656712366,0.499582343287634,0.5,-0.00417656712366155
52.98,-0.00283634474563381,0.500425451711845,0.499574548288155,0.5,-0.00425451711845048
52.99,-0.00288786351711127,0.500433179527567,0.499566820472433,0.5,-0.00433179527566718
53,-0.00293892626146238,0.500440838939219,0.499559161060781,0.5,-0.0044083893921934
53.01,-0.00298952491528758,0.500448428737293,0.499551571262707,0.5,-0.00448428737293116
53.02,-0.00303965148847298,0.500455947723271,0.499544052276729,0.5,-0.00455947723270955
53.03,-0.00308929806545165,0.500463394709818,0.499536605290182,0.5,-0.00463394709817738
53.04,-0.00313845680645351,0.500470768520968,0.499529231479032,0.5,-0.00470768520968029
53.05,-0.00318711994874342,0.500478067992312,0.499521932007688,0.5,-0.00478067992311537
53.06,-0.00323527980784722,0.500485291971177,0.499514708028823,0.5,-0.00485291971177082
53.07,-0.00328292877876475,0.500492439316815,0.499507560683185,0.5,-0.00492439316814725
53.08,-0.00333005933717125,0.500499508900576,0.499500491099424,0.5,-0.00499508900575707
53.09,-0.00337666404060514,0.500506499606091,0.499493500393909,0.5,-0.00506499606090755
53.1,-0.00342273552964343,0.500513410329447,0.499486589670553,0.5,-0.00513410329446518
53.11,-0.00346826652906404,0.50052023997936,0.49947976002064,0.5,-0.00520239979359599
53.12,-0.00351324984899428,0.500526987477349,0.499473012522651,0.5,-0.00526987477349139
53.13,-0.00355767838604638,0.500533651757907,0.499466348242093,0.5,-0.00533651757906983
53.14,-0.00360154512443951,0.500540231768666,0.499459768231334,0.5,-0.00540231768665911
53.15,-0.00364484313710706,0.500546726470566,0.499453273529434,0.5,-0.00546726470566083
53.16,-0.00368756558679084,0.500553134838019,0.499446865161981,0.5,-0.00553134838018637
53.17,-0.0037297057271209,0.500559455859068,0.499440544140932,0.5,-0.00559455859068136
53.18,-0.00377125690368049,0.500565688535552,0.499434311464448,0.5,-0.00565688535552056
53.19,-0.00381221255505723,0.500571831883259,0.499428168116741,0.5,-0.005718318832586
53.2,-0.00385256621387896,0.500577884932082,0.499422115067918,0.5,-0.00577884932081857
53.21,-0.0038923115078351,0.500583846726175,0.499416153273825,0.5,-0.00583846726175286
53.22,-0.0039314421606831,0.500589716324102,0.499410283675898,0.5,-0.00589716324102457
53.23,-0.0039699519932392,0.500595492798986,0.499404507201014,0.5,-0.00595492798985853
53.24,-0.00400783492435434,0.500601175238653,0.499398824761347,0.5,-0.00601175238653134
53.25,-0.00404508497187471,0.500606762745781,0.499393237254219,0.5,-0.00606762745781197
53.26,-0.00408169625358592,0.500612254438038,0.499387745561962,0.5,-0.0061225443803789
53.27,-0.00411766298814211,0.500617649448221,0.499382350551779,0.5,-0.00617649448221291
53.28,-0.00415297949597905,0.500622946924397,0.499377053075603,0.5,-0.00622946924396878
53.29,-0.00418764020021072,0.500628146030032,0.499371853969968,0.5,-0.00628146030031584
53.3,-0.00422163962751006,0.500633245944127,0.499366754055873,0.5,-0.00633245944126504
53.31,-0.00425497240897346,0.500638245861346,0.499361754138654,0.5,-0.00638245861346004
53.32,-0.00428763328096825,0.500643144992145,0.499356855007855,0.5,-0.00643144992145239
53.33,-0.00431961708596418,0.500647942562895,0.499352057437105,0.5,-0.00647942562894605
53.34,-0.00435091877334764,0.500652637816002,0.499347362183998,0.5,-0.00652637816002138
53.35,-0.00438153340021928,0.500657230010033,0.499342769989967,0.5,-0.006572300100329
53.36,-0.00441145613217474,0.500661718419826,0.499338281580174,0.5,-0.00661718419826207
53.37,-0.00444068224406772,0.50066610233661,0.49933389766339,0.5,-0.0066610233661013
53.38,-0.00446920712075629,0.500670381068113,0.499329618931887,0.5,-0.00670381068113457
53.39,-0.00449702625783184,0.500674553938675,0.499325446061325,0.5,-0.00674553938674771
53.4,-0.0045241352623301,0.50067862028935,0.49932137971065,0.5,-0.00678620289349507
53.41,-0.00455052985342497,0.500682579478014,0.499317420521986,0.5,-0.00682579478013756
53.42,-0.00457620586310459,0.500686430879466,0.499313569120534,0.5,-0.0068643087946571
53.43,-0.00460115923682934,0.500690173885524,0.499309826114476,0.5,-0.00690173885524392
53.44,-0.00462538603417229,0.500693807905126,0.499306192094874,0.5,-0.00693807905125854
53.45,-0.00464888242944127,0.500697332364416,0.499302667635584,0.5,-0.00697332364416187
53.46,-0.00467164471228306,0.500700746706843,0.499299253293158,0.5,-0.00700746706842476
53.47,-0.00469366928826935,0.50070405039324,0.49929594960676,0.5,-0.00704050393240396
53.48,-0.00471495267946432,0.50070724290192,0.49929275709808,0.5,-0.00707242901919675
53.49,-0.0047354915249737,0.500710323728746,0.499289676271254,0.5,-0.00710323728746048
53.5,-0.00475528258147576,0.500713292387221,0.499286707612779,0.5,-0.0071329238722137
53.51,-0.00477432272373322,0.50071614840856,0.49928385159144,0.5,-0.00716148408559963
53.52,-0.00479260894508687,0.500718891341763,0.499281108658237,0.5,-0.00718891341763034
53.53,-0.00481013835793043,0.50072152075369,0.49927847924631,0.5,-0.00721520753689586
53.54,-0.00482690819416636,0.500724036229125,0.499275963770875,0.5,-0.0072403622912498
53.55,-0.00484291580564315,0.500726437370846,0.499273562629154,0.5,-0.00726437370846461
53.56,-0.00485815866457337,0.500728723799686,0.499271276200314,0.5,-0.00728723799686026
53.57,-0.00487263436393288,0.50073089515459,0.49926910484541,0.5,-0.00730895154589906
53.58,-0.00488634061784097,0.500732951092676,0.499267048907324,0.5,-0.00732951092676126
53.59,-0.00489927526192124,0.500734891289288,0.499265108710712,0.5,-0.00734891289288164
53.6,-0.00491143625364343,0.500736715438047,0.499263284561954,0.5,-0.00736715438046515
53.61,-0.00492282167264602,0.500738423250897,0.499261576749103,0.5,-0.00738423250896902
53.62,-0.00493342972103934,0.500740014458156,0.499259985541844,0.5,-0.00740014458155885
53.63,-0.00494325872368956,0.500741488808553,0.499258511191447,0.5,-0.00741488808553431
53.64,-0.00495230712848325,0.500742846069272,0.499257153930728,0.5,-0.00742846069272468
53.65,-0.00496057350657238,0.500744086025986,0.499255913974014,0.5,-0.00744086025985857
53.66,-0.00496805655260004,0.50074520848289,0.49925479151711,0.5,-0.00745208482890031
53.67,-0.0049747550849065,0.500746213262736,0.499253786737264,0.5,-0.00746213262735967
53.68,-0.00498066804571586,0.500747100206857,0.499252899793143,0.5,-0.00747100206857393
53.69,-0.00498579450130307,0.500747869175195,0.499252130824805,0.5,-0.00747869175195454
53.7,-0.00499013364214136,0.500748520046321,0.499251479953679,0.5,-0.00748520046321199
53.71,-0.00499368478303009,0.500749052717455,0.499250947282545,0.5,-0.00749052717454513
53.72,-0.00499644736320294,0.50074946710448,0.49925053289552,0.5,-0.00749467104480428
53.73,-0.0049984209464165,0.500749763141963,0.499250236858038,0.5,-0.00749763141962484
53.74,-0.00499960522101908,0.500749940783153,0.499250059216847,0.5,-0.00749940783152853
53.75,-0.005,0.50075,0.49925,0.5,-0.00750000000000001
53.76,-0.00499960522101908,0.500749940783153,0.499250059216847,0.5,-0.00749940783152853
53.77,-0.0049984209464165,0.500749763141963,0.499250236858038,0.5,-0.00749763141962484
53.78,-0.00499644736320295,0.50074946710448,0.49925053289552,0.5,-0.00749467104480428
53.79,-0.00499368478303009,0.500749052717455,0.499250947282545,0.5,-0.00749052717454513
53.8,-0.00499013364214136,0.500748520046321,0.499251479953679,0.5,-0.00748520046321199
53.81,-0.00498579450130307,0.500747869175195,0.499252130824805,0.5,-0.00747869175195454
53.82,-0.00498066804571586,0.500747100206857,0.499252899793143,0.5,-0.00747100206857393
53.83,-0.00497475508490651,0.500746213262736,0.499253786737264,0.5,-0.00746213262735967
53.84,-0.00496805655260004,0.50074520848289,0.49925479151711,0.5,-0.00745208482890031
53.85,-0.0049605735065724,0.500744086025986,0.499255913974014,0.5,-0.00744086025985857
53.86,-0.00495230712848326,0.500742846069272,0.499257153930728,0.5,-0.00742846069272468
53.87,-0.00494325872368957,0.500741488808553,0.499258511191447,0.5,-0.00741488808553431
53.88,-0.00493342972103935,0.500740014458156,0.499259985541844,0.5,-0.00740014458155885
53.89,-0.00492282167264603,0.500738423250897,0.499261576749103,0.5,-0.00738423250896902
53.9,-0.00491143625364345,0.500736715438047,0.499263284561953,0.5,-0.00736715438046542
53.91,-0.00489927526192124,0.500734891289288,0.499265108710712,0.5,-0.00734891289288164
53.92,-0.00488634061784096,0.500732951092676,0.499267048907324,0.5,-0.00732951092676126
53.93,-0.00487263436393289,0.50073089515459,0.49926910484541,0.5,-0.00730895154589933
53.94,-0.00485815866457338,0.500728723799686,0.499271276200314,0.5,-0.00728723799686026
53.95,-0.00484291580564316,0.500726437370846,0.499273562629154,0.5,-0.00726437370846461
53.96,-0.00482690819416637,0.500724036229125,0.499275963770875,0.5,-0.0072403622912498
53.97,-0.00481013835793044,0.50072152075369,0.49927847924631,0.5,-0.00721520753689586
53.98,-0.00479260894508688,0.500718891341763,0.499281108658237,0.5,-0.00718891341763034
53.99,-0.00477432272373323,0.50071614840856,0.49928385159144,0.5,-0.00716148408559963
54,-0.00475528258147577,0.500713292387221,0.499286707612779,0.5,-0.0071329238722137
54.01,-0.00473549152497374,0.500710323728746,0.499289676271254,0.5,-0.00710323728746048
54.02,-0.00471495267946433,0.50070724290192,0.49929275709808,0.5,-0.00707242901919675
54.03,-0.00469366928826937,0.50070405039324,0.49929594960676,0.5,-0.00704050393240396
54.04,-0.00467164471228307,0.500700746706843,0.499299253293158,0.5,-0.00700746706842476
54.05,-0.00464888242944126,0.500697332364416,0.499302667635584,0.5,-0.00697332364416187
54.06,-0.00462538603417228,0.500693807905126,0.499306192094874,0.5,-0.00693807905125854
54.07,-0.00460115923682935,0.500690173885524,0.499309826114476,0.5,-0.00690173885524392
54.08,-0.00457620586310461,0.500686430879466,0.499313569120534,0.5,-0.0068643087946571
54.09,-0.00455052985342498,0.500682579478014,0.499317420521986,0.5,-0.00682579478013756
54.1,-0.00452413526233012,0.50067862028935,0.49932137971065,0.5,-0.00678620289349507
54.11,-0.00449702625783186,0.500674553938675,0.499325446061325,0.5,-0.00674553938674771
54.12,-0.00446920712075631,0.500670381068113,0.499329618931887,0.5,-0.00670381068113457
54.13,-0.00444068224406774,0.50066610233661,0.49933389766339,0.5,-0.00666102336610158
54.14,-0.00441145613217476,0.500661718419826,0.499338281580174,0.5,-0.00661718419826207
54.15,-0.00438153340021934,0.500657230010033,0.499342769989967,0.5,-0.00657230010032928
54.16,-0.00435091877334763,0.500652637816002,0.499347362183998,0.5,-0.00652637816002138
54.17,-0.00431961708596416,0.500647942562895,0.499352057437105,0.5,-0.00647942562894605
54.18,-0.00428763328096827,0.500643144992145,0.499356855007855,0.5,-0.00643144992145239
54.19,-0.00425497240897349,0.500638245861346,0.499361754138654,0.5,-0.00638245861346004
54.2,-0.00422163962751009,0.500633245944127,0.499366754055873,0.5,-0.00633245944126504
54.21,-0.0041876402002107,0.500628146030032,0.499371853969968,0.5,-0.00628146030031584
54.22,-0.00415297949597908,0.500622946924397,0.499377053075603,0.5,-0.00622946924396878
54.23,-0.00411766298814214,0.500617649448221,0.499382350551779,0.5,-0.00617649448221319
54.24,-0.00408169625358594,0.500612254438038,0.499387745561962,0.5,-0.00612254438037918
54.25,-0.00404508497187474,0.500606762745781,0.499393237254219,0.5,-0.00606762745781197
54.26,-0.00400783492435441,0.500601175238653,0.499398824761347,0.5,-0.00601175238653134
54.27,-0.00396995199323918,0.500595492798986,0.499404507201014,0.5,-0.00595492798985853
54.28,-0.00393144216068308,0.500589716324102,0.499410283675898,0.5,-0.00589716324102457
54.29,-0.00389231150783513,0.500583846726175,0.499416153273825,0.5,-0.00583846726175286
54.3,-0.00385256621387898,0.500577884932082,0.499422115067918,0.5,-0.00577884932081857
54.31,-0.00381221255505726,0.500571831883259,0.499428168116741,0.5,-0.005718318832586
54.32,-0.00377125690368052,0.500565688535552,0.499434311464448,0.5,-0.00565688535552056
54.33,-0.00372970572712093,0.500559455859068,0.499440544140932,0.5,-0.00559455859068136
54.34,-0.00368756558679087,0.500553134838019,0.499446865161981,0.5,-0.00553134838018637
54.35,-0.00364484313710709,0.500546726470566,0.499453273529434,0.5,-0.00546726470566083
54.36,-0.00360154512443954,0.500540231768666,0.499459768231334,0.5,-0.00540231768665911
54.37,-0.00355767838604641,0.500533651757907,0.499466348242093,0.5,-0.00533651757906983
54.38,-0.00351324984899426,0.500526987477349,0.499473012522651,0.5,-0.00526987477349139
54.39,-0.00346826652906402,0.50052023997936,0.49947976002064,0.5,-0.00520239979359599
54.4,-0.00342273552964346,0.500513410329447,0.499486589670553,0.5,-0.00513410329446518
54.41,-0.00337666404060517,0.500506499606091,0.499493500393909,0.5,-0.00506499606090755
54.42,-0.00333005933717128,0.500499508900576,0.499500491099424,0.5,-0.00499508900575707
54.43,-0.00328292877876478,0.500492439316815,0.499507560683185,0.5,-0.00492439316814725
54.44,-0.00323527980784725,0.500485291971177,0.499514708028823,0.5,-0.00485291971177082
54.45,-0.00318711994874346,0.500478067992312,0.499521932007688,0.5,-0.00478067992311537
54.46,-0.00313845680645349,0.500470768520968,0.499529231479032,0.5,-0.00470768520968029
54.47,-0.00308929806545169,0.500463394709818,0.499536605290182,0.5,-0.00463394709817738
54.48,-0.00303965148847302,0.500455947723271,0.499544052276729,0.5,-0.00455947723270955
54.49,-0.00298952491528762,0.500448428737293,0.499551571262707,0.5,-0.00448428737293116
54.5,-0.00293892626146236,0.500440838939219,0.499559161060781,0.5,-0.0044083893921934
54.51,-0.00288786351711137,0.500433179527567,0.499566820472433,0.5,-0.00433179527566718
54.52,-0.00283634474563379,0.500425451711845,0.499574548288155,0.5,-0.00425451711845048
54.53,-0.00278437808244092,0.500417656712366,0.499582343287634,0.5,-0.00417656712366155
54.54,-0.00273197173367136,0.500409795760051,0.499590204239949,0.5,-0.00409795760050707
54.55,-0.00267913397489503,0.500401870096234,0.499598129903766,0.5,-0.00401870096234269
54.56,-0.00262587314980649,0.500393880972471,0.499606119027529,0.5,-0.0039388097247095
54.57,-0.00257219766890752,0.500385829650336,0.499614170349664,0.5,-0.0038582965033615
54.58,-0.00251811600817883,0.500377717401227,0.499622282598773,0.5,-0.00377717401226829
54.59,-0.00246363670774145,0.500369545506161,0.499630454493839,0.5,-0.00369545506161195
54.6,-0.00240876837050861,0.500361315255576,0.499638684744424,0.5,-0.00361315255576283
54.61,-0.00235351966082667,0.500353027949124,0.499646972050876,0.5,-0.0035302794912398
54.62,-0.00229789930310741,0.500344684895466,0.499655315104534,0.5,-0.0034468489546613
54.63,-0.00224191608045017,0.500336287412067,0.499663712587932,0.5,-0.0033628741206751
54.64,-0.00218557883325465,0.500327836824988,0.499672163175012,0.5,-0.00327836824988187
54.65,-0.00212889645782538,0.500319334468674,0.499680665531326,0.5,-0.00319334468673826
54.66,-0.00207187790496647,0.500310781685745,0.499689218314255,0.5,-0.00310781685744971
54.67,-0.00201453217856834,0.500302179826785,0.499697820173215,0.5,-0.00302179826785265
54.68,-0.00195686833418601,0.500293530250128,0.499706469749872,0.5,-0.00293530250127905
54.69,-0.00189889547760904,0.500284834321641,0.499715165678359,0.5,-0.00284834321641364
54.7,-0.00184062276342339,0.500276093414514,0.499723906585486,0.5,-0.00276093414513512
54.71,-0.00178205939356629,0.500267308909035,0.499732691090965,0.5,-0.00267308909034925
54.72,-0.0017232146158726,0.500258482192381,0.499741517807619,0.5,-0.00258482192380893
54.73,-0.00166409772261491,0.500249614658392,0.499750385341608,0.5,-0.00249614658392239
54.74,-0.00160471804903606,0.500240707707355,0.499759292292645,0.5,-0.00240707707355403
54.75,-0.00154508497187472,0.500231762745781,0.499768237254219,0.5,-0.00231762745781183
54.76,-0.0014852079078852,0.500222781186183,0.499777218813817,0.5,-0.00222781186182797
54.77,-0.00142509631234994,0.500213764446853,0.499786235553147,0.5,-0.00213764446852505
54.78,-0.00136475967758666,0.500204713951638,0.499795286048362,0.5,-0.00204713951638014
54.79,-0.00130420753144949,0.500195631129717,0.499804368870283,0.5,-0.00195631129717433
54.8,-0.00124344943582431,0.500186517415374,0.499813482584626,0.5,-0.00186517415373649
54.81,-0.00118249498511863,0.500177374247768,0.499822625752232,0.5,-0.00177374247767786
54.82,-0.00112135380474689,0.500168203070712,0.499831796929288,0.5,-0.00168203070712053
54.83,-0.00106003554961029,0.500159005332442,0.499840994667558,0.5,-0.00159005332441536
54.84,-0.000998549902572022,0.500149782485386,0.499850217514614,0.5,-0.00149782485385802
54.85,-0.000936906572928649,0.500140535985939,0.499859464014061,0.5,-0.001405359859393
54.86,-0.000875115294876375,0.500131267294231,0.499868732705769,0.5,-0.00131267294231435
54.87,-0.000813185825974381,0.500121977873896,0.499878022126104,0.5,-0.00121977873896145
54.88,-0.000751127945603858,0.500112669191841,0.499887330808159,0.5,-0.00112669191840581
54.89,-0.000688951453423232,0.500103342718013,0.499896657281987,0.5,-0.00103342718013488
54.9,-0.000626666167821531,0.500093999925173,0.499906000074827,0.5,-0.000939999251732271
54.91,-0.000564281924367457,0.500084642288655,0.499915357711345,0.5,-0.000846422886551235
54.92,-0.000501808574256092,0.500075271286138,0.499924728713862,0.5,-0.000752712861384064
54.93,-0.000439255982753702,0.500065888397413,0.499934111602587,0.5,-0.000658883974130609
54.94,-0.000376634027639689,0.500056495104146,0.499943504895854,0.5,-0.000564951041459594
54.95,-0.000313952597646561,0.500047092889647,0.499952907110353,0.5,-0.000470928896469935
54.96,-0.000251221590898881,0.500037683238635,0.499962316761365,0.5,-0.000376832386348447
54.97,-0.000188450913349674,0.500028267637002,0.499971732362998,0.5,-0.00028267637002477
54.98,-0.000125650477216658,0.500018847571583,0.499981152428418,0.5,-0.000188475715825198
54.99,-6.28301994168437e-05,0.500009424529912,0.499990575470087,0.5,-9.42452991251064e-05
55,-4.89982515786259e-17,0.5,0.5,0.5,0
55.01,6.28301994167457e-05,0.499990575470087,0.500009424529912,0.5,9.42452991251064e-05
55.02,0.000125650477216631,0.499981152428418,0.500018847571583,0.5,0.000188475715825198
55.03,0.000188450913349648,0.499971732362998,0.500028267637002,0.5,0.000282676370024493
55.04,0.000251221590898854,0.499962316761365,0.500037683238635,0.5,0.000376832386348447
55.05,0.000313952597646534,0.499952907110353,0.500047092889647,0.5,0.000470928896469935
55.06,0.000376634027639662,0.499943504895854,0.500056495104146,0.5,0.000564951041459594
55.07,0.000439255982753675,0.499934111602587,0.500065888397413,0.5,0.000658883974130609
55.08,0.000501808574256065,0.499924728713862,0.500075271286138,0.5,0.000752712861384064
55.09,0.000564281924367431,0.499915357711345,0.500084642288655,0.5,0.000846422886551235
55.1,0.000626666167821504,0.499906000074827,0.500093999925173,0.5,0.000939999251732271
55.11,0.000688951453423205,0.499896657281987,0.500103342718013,0.5,0.00103342718013488
55.12,0.000751127945603831,0.499887330808159,0.500112669191841,0.5,0.00112669191840581
55.13,0.000813185825974355,0.499878022126104,0.500121977873896,0.5,0.00121977873896145
55.14,0.000875115294876348,0.499868732705769,0.500131267294231,0.5,0.00131267294231435
55.15,0.000936906572928622,0.499859464014061,0.500140535985939,0.5,0.001405359859393
55.16,0.000998549902571995,0.499850217514614,0.500149782485386,0.5,0.00149782485385774
55.17,0.00106003554961026,0.499840994667558,0.500159005332442,0.5,0.00159005332441536
55.18,0.00112135380474686,0.499831796929288,0.500168203070712,0.5,0.00168203070712053
55.19,0.00118249498511861,0.499822625752232,0.500177374247768,0.5,0.00177374247767786
55.2,0.00124344943582429,0.499813482584626,0.500186517415374,0.5,0.00186517415373649
55.21,0.00130420753144946,0.499804368870283,0.500195631129717,0.5,0.00195631129717433
55.22,0.00136475967758663,0.499795286048362,0.500204713951638,0.5,0.00204713951638014
55.23,0.00142509631234992,0.499786235553147,0.500213764446853,0.5,0.00213764446852505
55.24,0.00148520790788511,0.499777218813817,0.500222781186183,0.5,0.00222781186182769
55.25,0.0015450849718747,0.499768237254219,0.500231762745781,0.5,0.00231762745781183
55.26,0.00160471804903604,0.499759292292645,0.500240707707355,0.5,0.00240707707355403
55.27,0.00166409772261489,0.499750385341608,0.500249614658392,0.5,0.00249614658392239
55.28,0.00172321461587257,0.499741517807619,0.500258482192381,0.5,0.00258482192380893
55.29,0.00178205939356627,0.499732691090965,0.500267308909035,0.5,0.00267308909034925
55.3,0.00184062276342337,0.499723906585486,0.500276093414514,0.5,0.00276093414513512
55.31,0.00189889547760901,0.499715165678359,0.500284834321641,0.5,0.00284834321641364
55.32,0.00195686833418598,0.499706469749872,0.500293530250128,0.5,0.00293530250127905
55.33,0.00201453217856831,0.499697820173215,0.500302179826785,0.5,0.00302179826785265
55.34,0.00207187790496645,0.499689218314255,0.500310781685745,0.5,0.00310781685744943
55.35,0.00212889645782536,0.499680665531326,0.500319334468674,0.5,0.00319334468673826
55.36,0.00218557883325462,0.499672163175012,0.500327836824988,0.5,0.00327836824988187
55.37,0.00224191608045015,0.499663712587932,0.500336287412067,0.5,0.0033628741206751
55.38,0.00229789930310739,0.499655315104534,0.500344684895466,0.5,0.0034468489546613
55.39,0.00235351966082664,0.499646972050876,0.500353027949124,0.5,0.0035302794912398
55.4,0.00240876837050858,0.499638684744424,0.500361315255576,0.5,0.00361315255576283
55.41,0.00246363670774143,0.499630454493839,0.500369545506161,0.5,0.00369545506161195
55.42,0.0025181160081788,0.499622282598773,0.500377717401227,0.5,0.00377717401226829
55.43,0.0025721976689075,0.499614170349664,0.500385829650336,0.5,0.0038582965033615
55.44,0.00262587314980647,0.499606119027529,0.500393880972471,0.5,0.0039388097247095
55.45,0.002679133974895,0.499598129903766,0.500401870096234,0.5,0.00401870096234269
55.46,0.00273197173367133,0.499590204239949,0.500409795760051,0.5,0.00409795760050707
55.47,0.00278437808244089,0.499582343287634,0.500417656712366,0.5,0.00417656712366155
55.48,0.00283634474563376,0.499574548288155,0.500425451711845,0.5,0.00425451711845048
55.49,0.00288786351711129,0.499566820472433,0.500433179527567,0.5,0.00433179527566718
55.5,0.00293892626146234,0.499559161060781,0.500440838939219,0.5,0.0044083893921934
55.51,0.00298952491528759,0.499551571262707,0.500448428737293,0.5,0.00448428737293116
55.52,0.003039651488473,0.499544052276729,0.500455947723271,0.5,0.00455947723270955
55.53,0.00308929806545167,0.499536605290182,0.500463394709818,0.5,0.00463394709817738
55.54,0.00313845680645347,0.499529231479032,0.500470768520968,0.5,0.00470768520968029
55.55,0.00318711994874344,0.499521932007688,0.500478067992312,0.5,0.00478067992311537
55.56,0.00323527980784723,0.499514708028823,0.500485291971177,0.5,0.00485291971177082
55.57,0.00328292877876476,0.499507560683185,0.500492439316815,0.5,0.00492439316814725
55.58,0.00333005933717126,0.499500491099424,0.500499508900576,0.5,0.00499508900575707
55.59,0.00337666404060515,0.499493500393909,0.500506499606091,0.5,0.00506499606090755
55.6,0.00342273552964344,0.499486589670553,0.500513410329447,0.5,0.00513410329446518
55.61,0.003468266529064,0.49947976002064,0.50052023997936,0.5,0.00520239979359599
55.62,0.00351324984899424,0.499473012522651,0.500526987477349,0.5,0.00526987477349139
55.63,0.00355767838604639,0.499466348242093,0.500533651757907,0.5,0.00533651757906983
55.64,0.00360154512443952,0.499459768231334,0.500540231768666,0.5,0.00540231768665911
55.65,0.00364484313710702,0.499453273529434,0.500546726470566,0.5,0.00546726470566056
55.66,0.00368756558679085,0.499446865161981,0.500553134838019,0.5,0.00553134838018637
55.67,0.00372970572712092,0.499440544140932,0.500559455859068,0.5,0.00559455859068136
55.68,0.0037712569036805,0.499434311464448,0.500565688535552,0.5,0.00565688535552056
55.69,0.00381221255505724,0.499428168116741,0.500571831883259,0.5,0.005718318832586
55.7,0.00385256621387897,0.499422115067918,0.500577884932082,0.5,0.00577884932081857
55.71,0.00389231150783511,0.499416153273825,0.500583846726175,0.5,0.00583846726175286
55.72,0.00393144216068307,0.499410283675898,0.500589716324102,0.5,0.00589716324102457
55.73,0.00396995199323917,0.499404507201014,0.500595492798986,0.5,0.00595492798985853
55.74,0.00400783492435439,0.499398824761347,0.500601175238653,0.5,0.00601175238653134
55.75,0.00404508497187472,0.499393237254219,0.500606762745781,0.5,0.00606762745781197
55.76,0.00408169625358592,0.499387745561962,0.500612254438038,0.5,0.0061225443803789
55.77,0.00411766298814212,0.499382350551779,0.500617649448221,0.5,0.00617649448221291
55.78,0.00415297949597906,0.499377053075603,0.500622946924397,0.5,0.00622946924396878
55.79,0.00418764020021069,0.499371853969968,0.500628146030032,0.5,0.00628146030031584
55.8,0.00422163962751007,0.499366754055873,0.500633245944127,0.5,0.00633245944126504
55.81,0.00425497240897347,0.499361754138654,0.500638245861346,0.5,0.00638245861346004
55.82,0.00428763328096825,0.499356855007855,0.500643144992145,0.5,0.00643144992145239
55.83,0.00431961708596415,0.499352057437105,0.500647942562895,0.5,0.00647942562894605
55.84,0.00435091877334762,0.499347362183998,0.500652637816002,0.5,0.00652637816002138
55.85,0.00438153340021932,0.499342769989967,0.500657230010033,0.5,0.006572300100329
55.86,0.00441145613217475,0.499338281580174,0.500661718419826,0.5,0.00661718419826207
55.87,0.00444068224406772,0.49933389766339,0.50066610233661,0.5,0.00666102336610158
55.88,0.0044692071207563,0.499329618931887,0.500670381068113,0.5,0.00670381068113457
55.89,0.00449702625783185,0.499325446061325,0.500674553938675,0.5,0.00674553938674771
55.9,0.00452413526233008,0.49932137971065,0.50067862028935,0.5,0.00678620289349507
55.91,0.00455052985342497,0.499317420521986,0.500682579478014,0.5,0.00682579478013756
55.92,0.00457620586310459,0.499313569120534,0.500686430879466,0.5,0.0068643087946571
55.93,0.00460115923682934,0.499309826114476,0.500690173885524,0.5,0.00690173885524392
55.94,0.00462538603417227,0.499306192094874,0.500693807905126,0.5,0.00693807905125854
55.95,0.00464888242944125,0.499302667635584,0.500697332364416,0.5,0.00697332364416187
55.96,0.00467164471228306,0.499299253293158,0.500700746706843,0.5,0.00700746706842476
55.97,0.00469366928826936,0.49929594960676,0.50070405039324,0.5,0.00704050393240396
55.98,0.00471495267946432,0.49929275709808,0.50070724290192,0.5,0.00707242901919675
55.99,0.00473549152497373,0.499289676271254,0.500710323728746,0.5,0.00710323728746048
56,0.00475528258147576,0.499286707612779,0.500713292387221,0.5,0.0071329238722137
56.01,0.0047743227237332,0.49928385159144,0.50071614840856,0.5,0.00716148408559963
56.02,0.00479260894508687,0.499281108658237,0.500718891341763,0.5,0.00718891341763034
56.03,0.00481013835793043,0.49927847924631,0.50072152075369,0.5,0.00721520753689586
56.04,0.00482690819416636,0.499275963770875,0.500724036229125,0.5,0.0072403622912498
56.05,0.00484291580564316,0.499273562629154,0.500726437370846,0.5,0.00726437370846461
56.06,0.00485815866457338,0.499271276200314,0.500728723799686,0.5,0.00728723799686026
56.07,0.00487263436393288,0.49926910484541,0.50073089515459,0.5,0.00730895154589906
56.08,0.00488634061784096,0.499267048907324,0.500732951092676,0.5,0.00732951092676126
56.09,0.00489927526192123,0.499265108710712,0.500734891289288,0.5,0.00734891289288164
56.1,0.00491143625364345,0.499263284561953,0.500736715438047,0.5,0.00736715438046542
56.11,0.00492282167264602,0.499261576749103,0.500738423250897,0.5,0.00738423250896902
56.12,0.00493342972103933,0.499259985541844,0.500740014458156,0.5,0.00740014458155885
56.13,0.00494325872368957,0.499258511191447,0.500741488808553,0.5,0.00741488808553431
56.14,0.00495230712848326,0.499257153930728,0.500742846069272,0.5,0.00742846069272468
56.15,0.00496057350657238,0.499255913974014,0.500744086025986,0.5,0.00744086025985857
56.16,0.00496805655260004,0.49925479151711,0.50074520848289,0.5,0.00745208482890031
56.17,0.0049747550849065,0.499253786737264,0.500746213262736,0.5,0.00746213262735967
56.18,0.00498066804571586,0.499252899793143,0.500747100206857,0.5,0.00747100206857393
56.19,0.00498579450130307,0.499252130824805,0.500747869175195,0.5,0.00747869175195454
56.2,0.00499013364214136,0.499251479953679,0.500748520046321,0.5,0.00748520046321199
56.21,0.00499368478303009,0.499250947282545,0.500749052717455,0.5,0.00749052717454513
56.22,0.00499644736320295,0.49925053289552,0.50074946710448,0.5,0.00749467104480428
56.23,0.0049984209464165,0.499250236858038,0.500749763141963,0.5,0.00749763141962484
56.24,0.00499960522101908,0.499250059216847,0.500749940783153,0.5,0.00749940783152853
56.25,0.005,0.49925,0.50075,0.5,0.00750000000000001
56.26,0.00499960522101908,0.499250059216847,0.500749940783153,0.5,0.00749940783152853
56.27,0.0049984209464165,0.499250236858038,0.500749763141963,0.5,0.00749763141962484
56.28,0.00499644736320295,0.49925053289552,0.50074946710448,0.5,0.00749467104480428
56.29,0.00499368478303009,0.499250947282545,0.500749052717455,0.5,0.00749052717454513
56.3,0.00499013364214136,0.499251479953679,0.500748520046321,0.5,0.00748520046321199
56.31,0.00498579450130307,0.499252130824805,0.500747869175195,0.5,0.00747869175195454
56.32,0.00498066804571586,0.499252899793143,0.500747100206857,0.5,0.00747100206857393
56.33,0.0049747550849065,0.499253786737264,0.500746213262736,0.5,0.00746213262735967
56.34,0.00496805655260004,0.49925479151711,0.50074520848289,0.5,0.00745208482890031
56.35,0.00496057350657239,0.499255913974014,0.500744086025986,0.5,0.00744086025985857
56.36,0.00495230712848326,0.499257153930728,0.500742846069272,0.5,0.00742846069272468
56.37,0.00494325872368958,0.499258511191447,0.500741488808553,0.5,0.00741488808553431
56.38,0.00493342972103934,0.499259985541844,0.500740014458156,0.5,0.00740014458155885
56.39,0.00492282167264602,0.499261576749103,0.500738423250897,0.5,0.00738423250896902
56.4,0.00491143625364345,0.499263284561953,0.500736715438047,0.5,0.00736715438046542
56.41,0.00489927526192125,0.499265108710712,0.500734891289288,0.5,0.00734891289288164
56.42,0.00488634061784097,0.499267048907324,0.500732951092676,0.5,0.00732951092676126
56.43,0.00487263436393289,0.49926910484541,0.50073089515459,0.5,0.00730895154589906
56.44,0.00485815866457338,0.499271276200314,0.500728723799686,0.5,0.00728723799686026
56.45,0.00484291580564316,0.499273562629154,0.500726437370846,0.5,0.00726437370846461
56.46,0.00482690819416636,0.499275963770875,0.500724036229125,0.5,0.0072403622912498
56.47,0.00481013835793043,0.49927847924631,0.50072152075369,0.5,0.00721520753689586
56.48,0.00479260894508688,0.499281108658237,0.500718891341763,0.5,0.00718891341763034
56.49,0.00477432272373322,0.49928385159144,0.50071614840856,0.5,0.00716148408559963
56.5,0.00475528258147577,0.499286707612779,0.500713292387221,0.5,0.0071329238722137
56.51,0.00473549152497373,0.499289676271254,0.500710323728746,0.5,0.00710323728746048
56.52,0.00471495267946432,0.49929275709808,0.50070724290192,0.5,0.00707242901919675
56.53,0.00469366928826936,0.49929594960676,0.50070405039324,0.5,0.00704050393240396
56.54,0.00467164471228306,0.499299253293158,0.500700746706843,0.5,0.00700746706842476
56.55,0.00464888242944128,0.499302667635584,0.500697332364416,0.5,0.00697332364416187
56.56,0.0046253860341723,0.499306192094874,0.500693807905126,0.5,0.00693807905125854
56.57,0.00460115923682935,0.499309826114476,0.500690173885524,0.5,0.00690173885524392
56.58,0.0045762058631046,0.499313569120534,0.500686430879466,0.5,0.0068643087946571
56.59,0.00455052985342498,0.499317420521986,0.500682579478014,0.5,0.00682579478013756
56.6,0.00452413526233011,0.49932137971065,0.50067862028935,0.5,0.00678620289349507
56.61,0.00449702625783186,0.499325446061325,0.500674553938675,0.5,0.00674553938674771
56.62,0.00446920712075634,0.499329618931887,0.500670381068113,0.5,0.00670381068113457
56.63,0.00444068224406773,0.49933389766339,0.50066610233661,0.5,0.00666102336610158
56.64,0.00441145613217476,0.499338281580174,0.500661718419826,0.5,0.00661718419826207
56.65,0.00438153340021933,0.499342769989967,0.500657230010033,0.5,0.006572300100329
56.66,0.00435091877334766,0.499347362183998,0.500652637816002,0.5,0.00652637816002138
56.67,0.00431961708596419,0.499352057437105,0.500647942562895,0.5,0.00647942562894605
56.68,0.00428763328096826,0.499356855007855,0.500643144992145,0.5,0.00643144992145239
56.69,0.00425497240897348,0.499361754138654,0.500638245861346,0.5,0.00638245861346004
56.7,0.00422163962751008,0.499366754055873,0.500633245944127,0.5,0.00633245944126504
56.71,0.00418764020021073,0.499371853969968,0.500628146030032,0.5,0.00628146030031584
56.72,0.00415297949597907,0.499377053075603,0.500622946924397,0.5,0.00622946924396878
56.73,0.00411766298814213,0.499382350551779,0.500617649448221,0.5,0.00617649448221291
56.74,0.00408169625358593,0.499387745561962,0.500612254438038,0.5,0.0061225443803789
56.75,0.00404508497187473,0.499393237254219,0.500606762745781,0.5,0.00606762745781197
56.76,0.0040078349243544,0.499398824761347,0.500601175238653,0.5,0.00601175238653134
56.77,0.00396995199323922,0.499404507201014,0.500595492798986,0.5,0.0059549279898588
56.78,0.00393144216068312,0.499410283675898,0.500589716324102,0.5,0.00589716324102457
56.79,0.00389231150783512,0.499416153273825,0.500583846726175,0.5,0.00583846726175286
56.8,0.00385256621387897,0.499422115067918,0.500577884932082,0.5,0.00577884932081857
56.81,0.00381221255505725,0.499428168116741,0.500571831883259,0.5,0.005718318832586
56.82,0.00377125690368051,0.499434311464448,0.500565688535552,0.5,0.00565688535552056
56.83,0.00372970572712092,0.499440544140932,0.500559455859068,0.5,0.00559455859068136
56.84,0.00368756558679086,0.499446865161981,0.500553134838019,0.5,0.00553134838018637
56.85,0.00364484313710708,0.499453273529434,0.500546726470566,0.5,0.00546726470566083
56.86,0.00360154512443953,0.499459768231334,0.500540231768666,0.5,0.00540231768665911
56.87,0.00355767838604645,0.499466348242093,0.500533651757907,0.5,0.00533651757906983
56.88,0.0035132498489943,0.499473012522651,0.500526987477349,0.5,0.00526987477349139
56.89,0.00346826652906406,0.49947976002064,0.50052023997936,0.5,0.00520239979359599
56.9,0.00342273552964345,0.499486589670553,0.500513410329447,0.5,0.00513410329446518
56.91,0.00337666404060516,0.499493500393909,0.500506499606091,0.5,0.00506499606090755
56.92,0.00333005933717127,0.499500491099424,0.500499508900576,0.5,0.00499508900575707
56.93,0.00328292877876477,0.499507560683185,0.500492439316815,0.5,0.00492439316814725
56.94,0.00323527980784724,0.499514708028823,0.500485291971177,0.5,0.00485291971177082
56.95,0.00318711994874344,0.499521932007688,0.500478067992312,0.5,0.00478067992311537
56.96,0.00313845680645353,0.499529231479032,0.500470768520968,0.5,0.00470768520968057
56.97,0.00308929806545167,0.499536605290182,0.500463394709818,0.5,0.00463394709817738
56.98,0.003039651488473,0.499544052276729,0.500455947723271,0.5,0.00455947723270955
56.99,0.0029895249152876,0.499551571262707,0.500448428737293,0.5,0.00448428737293116
57,0.00293892626146235,0.499559161060781,0.500440838939219,0.5,0.0044083893921934
57.01,0.00288786351711135,0.499566820472433,0.500433179527567,0.5,0.00433179527566718
57.02,0.00283634474563383,0.499574548288155,0.500425451711845,0.5,0.00425451711845048
57.03,0.00278437808244096,0.499582343287634,0.500417656712366,0.5,0.00417656712366155
57.04,0.00273197173367134,0.499590204239949,0.500409795760051,0.5,0.00409795760050707
57.05,0.00267913397489501,0.499598129903766,0.500401870096234,0.5,0.00401870096234269
57.06,0.00262587314980648,0.499606119027529,0.500393880972471,0.5,0.0039388097247095
57.07,0.00257219766890757,0.499614170349664,0.500385829650336,0.5,0.0038582965033615
57.08,0.00251811600817881,0.499622282598773,0.500377717401227,0.5,0.00377717401226829
57.09,0.00246363670774144,0.499630454493839,0.500369545506161,0.5,0.00369545506161195
57.1,0.00240876837050859,0.499638684744424,0.500361315255576,0.5,0.00361315255576283
57.11,0.00235351966082665,0.499646972050876,0.500353027949124,0.5,0.0035302794912398
57.12,0.00229789930310746,0.499655315104534,0.500344684895466,0.5,0.0034468489546613
57.13,0.00224191608045022,0.499663712587932,0.500336287412067,0.5,0.0033628741206751
57.14,0.00218557883325469,0.499672163175012,0.500327836824988,0.5,0.00327836824988187
57.15,0.00212889645782536,0.499680665531326,0.500319334468674,0.5,0.00319334468673826
57.16,0.00207187790496646,0.499689218314255,0.500310781685745,0.5,0.00310781685744943
57.17,0.00201453217856832,0.499697820173215,0.500302179826785,0.5,0.00302179826785265
57.18,0.00195686833418606,0.499706469749872,0.500293530250128,0.5,0.00293530250127905
57.19,0.00189889547760902,0.499715165678359,0.500284834321641,0.5,0.00284834321641364
57.2,0.00184062276342338,0.499723906585486,0.500276093414514,0.5,0.00276093414513512
57.21,0.00178205939356628,0.499732691090965,0.500267308909035,0.5,0.00267308909034925
57.22,0.00172321461587258,0.499741517807619,0.500258482192381,0.5,0.00258482192380893
57.23,0.0016640977226149,0.499750385341608,0.500249614658392,0.5,0.00249614658392239
57.24,0.00160471804903605,0.499759292292645,0.500240707707355,0.5,0.00240707707355403
57.25,0.00154508497187478,0.499768237254219,0.500231762745781,0.5,0.00231762745781211
57.26,0.00148520790788518,0.499777218813817,0.500222781186183,0.5,0.00222781186182797
57.27,0.00142509631234993,0.499786235553147,0.500213764446853,0.5,0.00213764446852505
57.28,0.00136475967758664,0.499795286048362,0.500204713951638,0.5,0.00204713951638014
57.29,0.00130420753144947,0.499804368870283,0.500195631129717,0.5,0.00195631129717433
57.3,0.0012434494358243,0.499813482584626,0.500186517415374,0.5,0.00186517415373649
57.31,0.00118249498511862,0.499822625752232,0.500177374247768,0.5,0.00177374247767786
57.32,0.00112135380474694,0.499831796929288,0.500168203070712,0.5,0.00168203070712053
57.33,0.00106003554961027,0.499840994667558,0.500159005332442,0.5,0.00159005332441536
57.34,0.000998549902572005,0.499850217514614,0.500149782485386,0.5,0.00149782485385774
57.35,0.000936906572928632,0.499859464014061,0.500140535985939,0.5,0.001405359859393
57.36,0.000875115294876428,0.499868732705769,0.500131267294232,0.5,0.00131267294231491
57.37,0.000813185825974434,0.499878022126104,0.500121977873896,0.5,0.00121977873896145
57.38,0.000751127945603841,0.499887330808159,0.500112669191841,0.5,0.00112669191840581
57.39,0.000688951453423214,0.499896657281987,0.500103342718013,0.5,0.00103342718013488
57.4,0.000626666167821514,0.499906000074827,0.500093999925173,0.5,0.000939999251732271
57.41,0.00056428192436744,0.499915357711345,0.500084642288655,0.5,0.000846422886551235
57.42,0.000501808574256075,0.499924728713862,0.500075271286138,0.5,0.000752712861384064
57.43,0.000439255982753756,0.499934111602587,0.500065888397413,0.5,0.000658883974130609
57.44,0.000376634027639672,0.499943504895854,0.500056495104146,0.5,0.000564951041459594
57.45,0.000313952597646544,0.499952907110353,0.500047092889647,0.5,0.000470928896469935
57.46,0.000251221590898864,0.499962316761365,0.500037683238635,0.5,0.000376832386348447
57.47,0.000188450913349728,0.499971732362998,0.500028267637002,0.5,0.00028267637002477
57.48,0.000125650477216711,0.499981152428418,0.500018847571583,0.5,0.000188475715825198
57.49,6.28301994167555e-05,0.499990575470087,0.500009424529912,0.5,9.42452991251064e-05
57.5,3.18470065841971e-17,0.5,0.5,0.5,0
57.51,-6.28301994167628e-05,0.500009424529912,0.499990575470087,0.5,-9.42452991251064e-05
57.52,-0.000125650477216648,0.500018847571583,0.499981152428418,0.5,-0.000188475715825198
57.53,-0.000188450913349665,0.500028267637002,0.499971732362998,0.5,-0.00028267637002477
57.54,-0.0002512215908988,0.500037683238635,0.499962316761365,0.5,-0.000376832386348447
57.55,-0.000313952597646551,0.500047092889647,0.499952907110353,0.5,-0.000470928896469935
57.56,-0.000376634027639679,0.500056495104146,0.499943504895854,0.5,-0.000564951041459594
57.57,-0.000439255982753692,0.500065888397413,0.499934111602587,0.5,-0.000658883974130609
57.58,-0.000501808574256082,0.500075271286138,0.499924728713862,0.5,-0.000752712861384064
57.59,-0.000564281924367448,0.500084642288655,0.499915357711345,0.5,-0.000846422886551235
57.6,-0.000626666167821521,0.500093999925173,0.499906000074827,0.5,-0.000939999251732271
57.61,-0.000688951453423151,0.500103342718013,0.499896657281987,0.5,-0.00103342718013488
57.62,-0.000751127945603778,0.500112669191841,0.499887330808159,0.5,-0.00112669191840581
57.63,-0.000813185825974372,0.500121977873896,0.499878022126104,0.5,-0.00121977873896145
57.64,-0.000875115294876365,0.500131267294231,0.499868732705769,0.5,-0.00131267294231435
57.65,-0.000936906572928569,0.500140535985939,0.499859464014061,0.5,-0.001405359859393
57.66,-0.000998549902572012,0.500149782485386,0.499850217514614,0.5,-0.00149782485385774
57.67,-0.00106003554961028,0.500159005332442,0.499840994667558,0.5,-0.00159005332441536
57.68,-0.00112135380474688,0.500168203070712,0.499831796929288,0.5,-0.00168203070712053
57.69,-0.00118249498511862,0.500177374247768,0.499822625752232,0.5,-0.00177374247767786
57.7,-0.00124344943582431,0.500186517415374,0.499813482584626,0.5,-0.00186517415373649
57.71,-0.00130420753144948,0.500195631129717,0.499804368870283,0.5,-0.00195631129717433
57.72,-0.00136475967758658,0.500204713951638,0.499795286048362,0.5,-0.00204713951638014
57.73,-0.00142509631234987,0.500213764446853,0.499786235553147,0.5,-0.00213764446852505
57.74,-0.00148520790788519,0.500222781186183,0.499777218813817,0.5,-0.00222781186182797
57.75,-0.00154508497187472,0.500231762745781,0.499768237254219,0.5,-0.00231762745781183
57.76,-0.00160471804903606,0.500240707707355,0.499759292292645,0.5,-0.00240707707355403
57.77,-0.0016640977226149,0.500249614658392,0.499750385341608,0.5,-0.00249614658392239
57.78,-0.00172321461587259,0.500258482192381,0.499741517807619,0.5,-0.00258482192380893
57.79,-0.00178205939356622,0.500267308909035,0.499732691090965,0.5,-0.00267308909034925
57.8,-0.00184062276342338,0.500276093414514,0.499723906585486,0.5,-0.00276093414513512
57.81,-0.00189889547760903,0.500284834321641,0.499715165678359,0.5,-0.00284834321641364
57.82,-0.001956868334186,0.500293530250128,0.499706469749872,0.5,-0.00293530250127905
57.83,-0.00201453217856826,0.500302179826785,0.499697820173215,0.5,-0.00302179826785265
57.84,-0.0020718779049664,0.500310781685745,0.499689218314255,0.5,-0.00310781685744943
57.85,-0.00212889645782537,0.500319334468674,0.499680665531326,0.5,-0.00319334468673826
57.86,-0.00218557883325464,0.500327836824988,0.499672163175012,0.5,-0.00327836824988187
57.87,-0.00224191608045016,0.500336287412067,0.499663712587932,0.5,-0.0033628741206751
57.88,-0.00229789930310741,0.500344684895466,0.499655315104534,0.5,-0.0034468489546613
57.89,-0.00235351966082666,0.500353027949124,0.499646972050876,0.5,-0.0035302794912398
57.9,-0.00240876837050854,0.500361315255576,0.499638684744424,0.5,-0.00361315255576256
57.91,-0.00246363670774145,0.500369545506161,0.499630454493839,0.5,-0.00369545506161195
57.92,-0.00251811600817882,0.500377717401227,0.499622282598773,0.5,-0.00377717401226829
57.93,-0.00257219766890751,0.500385829650336,0.499614170349664,0.5,-0.0038582965033615
57.94,-0.00262587314980643,0.500393880972471,0.499606119027529,0.5,-0.0039388097247095
57.95,-0.00267913397489496,0.500401870096234,0.499598129903766,0.5,-0.00401870096234269
57.96,-0.00273197173367135,0.500409795760051,0.499590204239949,0.5,-0.00409795760050707
57.97,-0.00278437808244091,0.500417656712366,0.499582343287634,0.5,-0.00417656712366155
57.98,-0.00283634474563378,0.500425451711845,0.499574548288155,0.5,-0.00425451711845048
57.99,-0.00288786351711136,0.500433179527567,0.499566820472433,0.5,-0.00433179527566718
58,-0.00293892626146235,0.500440838939219,0.499559161060781,0.5,-0.0044083893921934
58.01,-0.00298952491528755,0.500448428737293,0.499551571262707,0.5,-0.00448428737293116
58.02,-0.00303965148847301,0.500455947723271,0.499544052276729,0.5,-0.00455947723270955
58.03,-0.00308929806545168,0.500463394709818,0.499536605290182,0.5,-0.00463394709817738
58.04,-0.00313845680645348,0.500470768520968,0.499529231479032,0.5,-0.00470768520968029
58.05,-0.00318711994874345,0.500478067992312,0.499521932007688,0.5,-0.00478067992311537
58.06,-0.00323527980784725,0.500485291971177,0.499514708028823,0.5,-0.00485291971177082
58.07,-0.00328292877876478,0.500492439316815,0.499507560683185,0.5,-0.00492439316814725
58.08,-0.00333005933717122,0.500499508900576,0.499500491099424,0.5,-0.00499508900575707
58.09,-0.00337666404060511,0.500506499606091,0.499493500393909,0.5,-0.00506499606090755
58.1,-0.00342273552964346,0.500513410329447,0.499486589670553,0.5,-0.00513410329446518
58.11,-0.00346826652906401,0.50052023997936,0.49947976002064,0.5,-0.00520239979359599
58.12,-0.0035132498489942,0.500526987477349,0.499473012522651,0.5,-0.00526987477349139
58.13,-0.00355767838604641,0.500533651757907,0.499466348242093,0.5,-0.00533651757906983
58.14,-0.00360154512443954,0.500540231768666,0.499459768231334,0.5,-0.00540231768665911
58.15,-0.00364484313710703,0.500546726470566,0.499453273529434,0.5,-0.00546726470566056
58.16,-0.00368756558679087,0.500553134838019,0.499446865161981,0.5,-0.00553134838018637
58.17,-0.00372970572712093,0.500559455859068,0.499440544140932,0.5,-0.00559455859068136
58.18,-0.00377125690368051,0.500565688535552,0.499434311464448,0.5,-0.00565688535552056
58.19,-0.00381221255505721,0.500571831883259,0.499428168116741,0.5,-0.005718318832586
58.2,-0.00385256621387893,0.500577884932082,0.499422115067918,0.5,-0.00577884932081857
58.21,-0.00389231150783512,0.500583846726175,0.499416153273825,0.5,-0.00583846726175286
58.22,-0.00393144216068308,0.500589716324102,0.499410283675898,0.5,-0.00589716324102457
58.23,-0.00396995199323918,0.500595492798986,0.499404507201014,0.5,-0.00595492798985853
58.24,-0.00400783492435436,0.500601175238653,0.499398824761347,0.5,-0.00601175238653134
58.25,-0.00404508497187473,0.500606762745781,0.499393237254219,0.5,-0.00606762745781197
58.26,-0.00408169625358589,0.500612254438038,0.499387745561962,0.5,-0.0061225443803789
58.27,-0.00411766298814213,0.500617649448221,0.499382350551779,0.5,-0.00617649448221319
58.28,-0.00415297949597907,0.500622946924397,0.499377053075603,0.5,-0.00622946924396878
58.29,-0.0041876402002107,0.500628146030032,0.499371853969968,0.5,-0.00628146030031584
58.3,-0.00422163962751004,0.500633245944127,0.499366754055873,0.5,-0.00633245944126504
58.31,-0.00425497240897344,0.500638245861346,0.499361754138654,0.5,-0.00638245861346004
58.32,-0.00428763328096826,0.500643144992145,0.499356855007855,0.5,-0.00643144992145239
58.33,-0.00431961708596416,0.500647942562895,0.499352057437105,0.5,-0.00647942562894605
58.34,-0.00435091877334763,0.500652637816002,0.499347362183998,0.5,-0.00652637816002138
58.35,-0.00438153340021933,0.500657230010033,0.499342769989967,0.5,-0.006572300100329
58.36,-0.00441145613217476,0.500661718419826,0.499338281580174,0.5,-0.00661718419826207
58.37,-0.0044406822440677,0.50066610233661,0.49933389766339,0.5,-0.0066610233661013
58.38,-0.00446920712075631,0.500670381068113,0.499329618931887,0.5,-0.00670381068113457
58.39,-0.00449702625783186,0.500674553938675,0.499325446061325,0.5,-0.00674553938674771
58.4,-0.00452413526233009,0.50067862028935,0.49932137971065,0.5,-0.00678620289349507
58.41,-0.00455052985342495,0.500682579478014,0.499317420521986,0.5,-0.00682579478013756
58.42,-0.00457620586310457,0.500686430879466,0.499313569120534,0.5,-0.0068643087946571
58.43,-0.00460115923682935,0.500690173885524,0.499309826114476,0.5,-0.00690173885524392
58.44,-0.00462538603417227,0.500693807905126,0.499306192094874,0.5,-0.00693807905125854
58.45,-0.00464888242944125,0.500697332364416,0.499302667635584,0.5,-0.00697332364416187
58.46,-0.00467164471228307,0.500700746706843,0.499299253293158,0.5,-0.00700746706842476
58.47,-0.00469366928826936,0.50070405039324,0.49929594960676,0.5,-0.00704050393240396
58.48,-0.00471495267946433,0.50070724290192,0.49929275709808,0.5,-0.00707242901919675
58.49,-0.00473549152497371,0.500710323728746,0.499289676271254,0.5,-0.00710323728746048
58.5,-0.00475528258147577,0.500713292387221,0.499286707612779,0.5,-0.0071329238722137
58.51,-0.0047743227237332,0.50071614840856,0.49928385159144,0.5,-0.00716148408559963
58.52,-0.00479260894508688,0.500718891341763,0.499281108658237,0.5,-0.00718891341763034
58.53,-0.00481013835793044,0.50072152075369,0.49927847924631,0.5,-0.00721520753689586
58.54,-0.00482690819416637,0.500724036229125,0.499275963770875,0.5,-0.0072403622912498
58.55,-0.00484291580564314,0.500726437370846,0.499273562629154,0.5,-0.00726437370846461
58.56,-0.00485815866457336,0.500728723799686,0.499271276200314,0.5,-0.00728723799686026
58.57,-0.00487263436393289,0.50073089515459,0.49926910484541,0.5,-0.00730895154589906
58.58,-0.00488634061784096,0.500732951092676,0.499267048907324,0.5,-0.00732951092676126
58.59,-0.00489927526192124,0.500734891289288,0.499265108710712,0.5,-0.00734891289288164
58.6,-0.00491143625364344,0.500736715438047,0.499263284561953,0.5,-0.00736715438046542
58.61,-0.00492282167264603,0.500738423250897,0.499261576749103,0.5,-0.00738423250896902
58.62,-0.00493342972103933,0.500740014458156,0.499259985541844,0.5,-0.00740014458155885
58.63,-0.00494325872368957,0.500741488808553,0.499258511191447,0.5,-0.00741488808553431
58.64,-0.00495230712848326,0.500742846069272,0.499257153930728,0.5,-0.00742846069272468
58.65,-0.00496057350657239,0.500744086025986,0.499255913974014,0.5,-0.00744086025985857
58.66,-0.00496805655260004,0.50074520848289,0.49925479151711,0.5,-0.00745208482890031
58.67,-0.0049747550849065,0.500746213262736,0.499253786737264,0.5,-0.00746213262735967
58.68,-0.00498066804571586,0.500747100206857,0.499252899793143,0.5,-0.00747100206857393
58.69,-0.00498579450130307,0.500747869175195,0.499252130824805,0.5,-0.00747869175195454
58.7,-0.00499013364214136,0.500748520046321,0.499251479953679,0.5,-0.00748520046321199
58.71,-0.00499368478303009,0.500749052717455,0.499250947282545,0.5,-0.00749052717454513
58.72,-0.00499644736320295,0.50074946710448,0.49925053289552,0.5,-0.00749467104480428
58.73,-0.0049984209464165,0.500749763141963,0.499250236858038,0.5,-0.00749763141962484
58.74,-0.00499960522101908,0.500749940783153,0.499250059216847,0.5,-0.00749940783152853
58.75,-0.005,0.50075,0.49925,0.5,-0.00750000000000001
58.76,-0.00499960522101908,0.500749940783153,0.499250059216847,0.5,-0.00749940783152853
58.77,-0.0049984209464165,0.500749763141963,0.499250236858038,0.5,-0.00749763141962484
58.78,-0.00499644736320295,0.50074946710448,0.49925053289552,0.5,-0.00749467104480428
58.79,-0.00499368478303009,0.500749052717455,0.499250947282545,0.5,-0.00749052717454513
58.8,-0.00499013364214136,0.500748520046321,0.499251479953679,0.5,-0.00748520046321199
58.81,-0.00498579450130307,0.500747869175195,0.499252130824805,0.5,-0.00747869175195454
58.82,-0.00498066804571586,0.500747100206857,0.499252899793143,0.5,-0.00747100206857393
58.83,-0.0049747550849065,0.500746213262736,0.499253786737264,0.5,-0.00746213262735967
58.84,-0.00496805655260004,0.50074520848289,0.49925479151711,0.5,-0.00745208482890031
58.85,-0.00496057350657239,0.500744086025986,0.499255913974014,0.5,-0.00744086025985857
58.86,-0.00495230712848326,0.500742846069272,0.499257153930728,0.5,-0.00742846069272468
58.87,-0.00494325872368958,0.500741488808553,0.499258511191447,0.5,-0.00741488808553431
58.88,-0.00493342972103935,0.500740014458156,0.499259985541844,0.5,-0.00740014458155885
58.89,-0.00492282167264603,0.500738423250897,0.499261576749103,0.5,-0.00738423250896902
58.9,-0.00491143625364345,0.500736715438047,0.499263284561953,0.5,-0.00736715438046542
58.91,-0.00489927526192124,0.500734891289288,0.499265108710712,0.5,-0.00734891289288164
58.92,-0.00488634061784097,0.500732951092676,0.499267048907324,0.5,-0.00732951092676126
58.93,-0.00487263436393288,0.50073089515459,0.49926910484541,0.5,-0.00730895154589906
58.94,-0.00485815866457338,0.500728723799686,0.499271276200314,0.5,-0.00728723799686026
58.95,-0.00484291580564315,0.500726437370846,0.499273562629154,0.5,-0.00726437370846461
58.96,-0.00482690819416638,0.500724036229125,0.499275963770875,0.5,-0.0072403622912498
58.97,-0.00481013835793043,0.50072152075369,0.49927847924631,0.5,-0.00721520753689586
58.98,-0.00479260894508687,0.500718891341763,0.499281108658237,0.5,-0.00718891341763034
58.99,-0.00477432272373322,0.50071614840856,0.49928385159144,0.5,-0.00716148408559963
59,-0.00475528258147578,0.500713292387221,0.499286707612779,0.5,-0.0071329238722137
59.01,-0.00473549152497373,0.500710323728746,0.499289676271254,0.5,-0.00710323728746048
59.02,-0.00471495267946434,0.50070724290192,0.49929275709808,0.5,-0.00707242901919675
59.03,-0.00469366928826938,0.50070405039324,0.49929594960676,0.5,-0.00704050393240396
59.04,-0.00467164471228306,0.500700746706843,0.499299253293158,0.5,-0.00700746706842476
59.05,-0.00464888242944127,0.500697332364416,0.499302667635584,0.5,-0.00697332364416187
59.06,-0.00462538603417229,0.500693807905126,0.499306192094874,0.5,-0.00693807905125854
59.07,-0.00460115923682937,0.500690173885524,0.499309826114476,0.5,-0.00690173885524392
59.08,-0.00457620586310459,0.500686430879466,0.499313569120534,0.5,-0.0068643087946571
59.09,-0.00455052985342497,0.500682579478014,0.499317420521986,0.5,-0.00682579478013756
59.1,-0.0045241352623301,0.50067862028935,0.49932137971065,0.5,-0.00678620289349507
59.11,-0.00449702625783185,0.500674553938675,0.499325446061325,0.5,-0.00674553938674771
59.12,-0.00446920712075633,0.500670381068113,0.499329618931887,0.5,-0.00670381068113457
59.13,-0.00444068224406775,0.50066610233661,0.49933389766339,0.5,-0.00666102336610158
59.14,-0.00441145613217478,0.500661718419826,0.499338281580174,0.5,-0.00661718419826207
59.15,-0.00438153340021932,0.500657230010033,0.499342769989967,0.5,-0.006572300100329
59.16,-0.00435091877334765,0.500652637816002,0.499347362183998,0.5,-0.00652637816002138
59.17,-0.00431961708596418,0.500647942562895,0.499352057437105,0.5,-0.00647942562894605
59.18,-0.00428763328096829,0.500643144992145,0.499356855007855,0.5,-0.00643144992145239
59.19,-0.00425497240897347,0.500638245861346,0.499361754138654,0.5,-0.00638245861346004
59.2,-0.00422163962751007,0.500633245944127,0.499366754055873,0.5,-0.00633245944126504
59.21,-0.00418764020021072,0.500628146030032,0.499371853969968,0.5,-0.00628146030031584
59.22,-0.00415297949597906,0.500622946924397,0.499377053075603,0.5,-0.00622946924396878
59.23,-0.00411766298814212,0.500617649448221,0.499382350551779,0.5,-0.00617649448221291
59.24,-0.00408169625358592,0.500612254438038,0.499387745561962,0.5,-0.0061225443803789
59.25,-0.00404508497187476,0.500606762745781,0.499393237254219,0.5,-0.00606762745781197
59.26,-0.00400783492435439,0.500601175238653,0.499398824761347,0.5,-0.00601175238653134
59.27,-0.00396995199323921,0.500595492798986,0.499404507201014,0.5,-0.0059549279898588
59.28,-0.00393144216068311,0.500589716324102,0.499410283675898,0.5,-0.00589716324102457
59.29,-0.00389231150783511,0.500583846726175,0.499416153273825,0.5,-0.00583846726175286
59.3,-0.00385256621387896,0.500577884932082,0.499422115067918,0.5,-0.00577884932081857
59.31,-0.00381221255505724,0.500571831883259,0.499428168116741,0.5,-0.005718318832586
59.32,-0.00377125690368054,0.500565688535552,0.499434311464448,0.5,-0.00565688535552056
59.33,-0.00372970572712091,0.500559455859068,0.499440544140932,0.5,-0.00559455859068136
59.34,-0.00368756558679085,0.500553134838019,0.499446865161981,0.5,-0.00553134838018637
59.35,-0.00364484313710706,0.500546726470566,0.499453273529434,0.5,-0.00546726470566083
59.36,-0.00360154512443957,0.500540231768666,0.499459768231334,0.5,-0.00540231768665911
59.37,-0.00355767838604644,0.500533651757907,0.499466348242093,0.5,-0.00533651757906983
59.38,-0.00351324984899429,0.500526987477349,0.499473012522651,0.5,-0.00526987477349139
59.39,-0.00346826652906404,0.50052023997936,0.49947976002064,0.5,-0.00520239979359599
59.4,-0.00342273552964344,0.500513410329447,0.499486589670553,0.5,-0.00513410329446518
59.41,-0.00337666404060515,0.500506499606091,0.499493500393909,0.5,-0.00506499606090755
59.42,-0.00333005933717126,0.500499508900576,0.499500491099424,0.5,-0.00499508900575707
59.43,-0.00328292877876481,0.500492439316815,0.499507560683185,0.5,-0.00492439316814725
59.44,-0.00323527980784723,0.500485291971177,0.499514708028823,0.5,-0.00485291971177082
59.45,-0.00318711994874343,0.500478067992312,0.499521932007688,0.5,-0.00478067992311537
59.46,-0.00313845680645352,0.500470768520968,0.499529231479032,0.5,-0.00470768520968029
59.47,-0.00308929806545172,0.500463394709818,0.499536605290182,0.5,-0.00463394709817738
59.48,-0.00303965148847305,0.500455947723271,0.499544052276729,0.5,-0.00455947723270955
59.49,-0.00298952491528759,0.500448428737293,0.499551571262707,0.5,-0.00448428737293116
59.5,-0.00293892626146239,0.500440838939219,0.499559161060781,0.5,-0.0044083893921934
59.51,-0.00288786351711134,0.500433179527567,0.499566820472433,0.5,-0.00433179527566718
59.52,-0.00283634474563382,0.500425451711845,0.499574548288155,0.5,-0.00425451711845048
59.53,-0.00278437808244095,0.500417656712366,0.499582343287634,0.5,-0.00417656712366155
59.54,-0.00273197173367139,0.500409795760051,0.499590204239949,0.5,-0.00409795760050735
59.55,-0.002679133974895,0.500401870096234,0.499598129903766,0.5,-0.00401870096234269
59.56,-0.00262587314980647,0.500393880972471,0.499606119027529,0.5,-0.0039388097247095
59.57,-0.00257219766890755,0.500385829650336,0.499614170349664,0.5,-0.0038582965033615
59.58,-0.0025181160081788,0.500377717401227,0.499622282598773,0.5,-0.00377717401226829
59.59,-0.00246363670774142,0.500369545506161,0.499630454493839,0.5,-0.00369545506161195
59.6,-0.00240876837050858,0.500361315255576,0.499638684744424,0.5,-0.00361315255576283
59.61,-0.0023535196608267,0.500353027949124,0.499646972050876,0.5,-0.0035302794912398
59.62,-0.00229789930310745,0.500344684895466,0.499655315104534,0.5,-0.0034468489546613
59.63,-0.0022419160804502,0.500336287412067,0.499663712587932,0.5,-0.0033628741206751
59.64,-0.00218557883325468,0.500327836824988,0.499672163175012,0.5,-0.00327836824988187
59.65,-0.00212889645782541,0.500319334468674,0.499680665531326,0.5,-0.00319334468673826
59.66,-0.00207187790496644,0.500310781685745,0.499689218314255,0.5,-0.00310781685744943
59.67,-0.00201453217856831,0.500302179826785,0.499697820173215,0.5,-0.00302179826785265
59.68,-0.00195686833418604,0.500293530250128,0.499706469749872,0.5,-0.00293530250127905
59.69,-0.00189889547760901,0.500284834321641,0.499715165678359,0.5,-0.00284834321641364
59.7,-0.00184062276342336,0.500276093414514,0.499723906585486,0.5,-0.00276093414513512
59.71,-0.00178205939356626,0.500267308909035,0.499732691090965,0.5,-0.00267308909034925
59.72,-0.00172321461587263,0.500258482192381,0.499741517807619,0.5,-0.00258482192380893
59.73,-0.00166409772261495,0.500249614658392,0.499750385341608,0.5,-0.00249614658392239
59.74,-0.00160471804903603,0.500240707707355,0.499759292292645,0.5,-0.00240707707355403
59.75,-0.00154508497187476,0.500231762745781,0.499768237254219,0.5,-0.00231762745781211
59.76,-0.00148520790788517,0.500222781186183,0.499777218813817,0.5,-0.00222781186182797
59.77,-0.00142509631234991,0.500213764446853,0.499786235553147,0.5,-0.00213764446852505
59.78,-0.00136475967758663,0.500204713951638,0.499795286048362,0.5,-0.00204713951638014
59.79,-0.00130420753144952,0.500195631129717,0.499804368870283,0.5,-0.00195631129717433
59.8,-0.00124344943582428,0.500186517415374,0.499813482584626,0.5,-0.00186517415373649
59.81,-0.0011824949851186,0.500177374247768,0.499822625752232,0.5,-0.00177374247767786
59.82,-0.00112135380474692,0.500168203070712,0.499831796929288,0.5,-0.00168203070712053
59.83,-0.00106003554961033,0.500159005332442,0.499840994667558,0.5,-0.00159005332441536
59.84,-0.000998549902572058,0.500149782485386,0.499850217514614,0.5,-0.00149782485385802
59.85,-0.000936906572928615,0.500140535985939,0.499859464014061,0.5,-0.001405359859393
59.86,-0.000875115294876411,0.500131267294231,0.499868732705769,0.5,-0.00131267294231435
59.87,-0.000813185825974417,0.500121977873896,0.499878022126104,0.5,-0.00121977873896145
59.88,-0.000751127945603824,0.500112669191841,0.499887330808159,0.5,-0.00112669191840581
59.89,-0.000688951453423197,0.500103342718013,0.499896657281987,0.5,-0.00103342718013488
59.9,-0.000626666167821568,0.500093999925173,0.499906000074827,0.5,-0.000939999251732271
59.91,-0.000564281924367423,0.500084642288655,0.499915357711345,0.5,-0.000846422886551235
59.92,-0.000501808574256058,0.500075271286138,0.499924728713862,0.5,-0.000752712861384064
59.93,-0.000439255982753739,0.500065888397413,0.499934111602587,0.5,-0.000658883974130609
59.94,-0.000376634027639726,0.500056495104146,0.499943504895854,0.5,-0.000564951041459594
59.95,-0.000313952597646597,0.500047092889647,0.499952907110353,0.5,-0.000470928896469935
59.96,-0.000251221590898847,0.500037683238635,0.499962316761365,0.5,-0.000376832386348447
59.97,-0.000188450913349711,0.500028267637002,0.499971732362998,0.5,-0.00028267637002477
59.98,-0.000125650477216694,0.500018847571583,0.499981152428418,0.5,-0.000188475715825198
59.99,-6.28301994167383e-05,0.500009424529912,0.499990575470087,0.5,-9.42452991251064e-05
60,-1.46957615897682e-17,0.5,0.5,0.5,0
60.01,6.28301994167089e-05,0.499990575470088,0.500009424529912,0.5,9.42452991248288e-05
60.02,0.000125650477216665,0.499981152428418,0.500018847571583,0.5,0.000188475715825198
60.03,0.000188450913349682,0.499971732362998,0.500028267637002,0.5,0.00028267637002477
60.04,0.000251221590898817,0.499962316761365,0.500037683238635,0.5,0.000376832386348447
60.05,0.000313952597646568,0.499952907110353,0.500047092889647,0.5,0.000470928896469935
60.06,0.000376634027639696,0.499943504895854,0.500056495104146,0.5,0.000564951041459594
60.07,0.000439255982753709,0.499934111602587,0.500065888397413,0.5,0.000658883974130609
60.08,0.000501808574256029,0.499924728713862,0.500075271286138,0.5,0.000752712861383786
60.09,0.000564281924367394,0.499915357711345,0.500084642288655,0.5,0.000846422886551235
60.1,0.000626666167821538,0.499906000074827,0.500093999925173,0.5,0.000939999251732271
60.11,0.000688951453423168,0.499896657281987,0.500103342718013,0.5,0.00103342718013488
60.12,0.000751127945603724,0.499887330808159,0.500112669191841,0.5,0.00112669191840581
60.13,0.000813185825974388,0.499878022126104,0.500121977873896,0.5,0.00121977873896145
60.14,0.000875115294876382,0.499868732705769,0.500131267294231,0.5,0.00131267294231435
60.15,0.000936906572928586,0.499859464014061,0.500140535985939,0.5,0.001405359859393
60.16,0.000998549902572029,0.499850217514614,0.500149782485386,0.5,0.00149782485385802
60.17,0.0010600355496103,0.499840994667558,0.500159005332442,0.5,0.00159005332441536
60.18,0.00112135380474689,0.499831796929288,0.500168203070712,0.5,0.00168203070712053
60.19,0.00118249498511857,0.499822625752232,0.500177374247768,0.5,0.00177374247767759
60.2,0.00124344943582425,0.499813482584626,0.500186517415374,0.5,0.00186517415373649
60.21,0.00130420753144949,0.499804368870283,0.500195631129717,0.5,0.00195631129717433
60.22,0.0013647596775866,0.499795286048362,0.500204713951638,0.5,0.00204713951638014
60.23,0.00142509631234988,0.499786235553147,0.500213764446853,0.5,0.00213764446852505
60.24,0.00148520790788514,0.499777218813817,0.500222781186183,0.5,0.00222781186182797
60.25,0.00154508497187473,0.499768237254219,0.500231762745781,0.5,0.00231762745781183
60.26,0.001604718049036,0.499759292292645,0.500240707707355,0.5,0.00240707707355403
60.27,0.00166409772261492,0.499750385341608,0.500249614658392,0.5,0.00249614658392239
60.28,0.0017232146158726,0.499741517807619,0.500258482192381,0.5,0.00258482192380893
60.29,0.00178205939356623,0.499732691090965,0.500267308909035,0.5,0.00267308909034925
60.3,0.00184062276342333,0.499723906585486,0.500276093414514,0.5,0.00276093414513512
60.31,0.00189889547760898,0.499715165678359,0.500284834321641,0.5,0.00284834321641364
60.32,0.00195686833418601,0.499706469749872,0.500293530250128,0.5,0.00293530250127905
60.33,0.00201453217856828,0.499697820173215,0.500302179826785,0.5,0.00302179826785265
60.34,0.00207187790496642,0.499689218314255,0.500310781685745,0.5,0.00310781685744943
60.35,0.00212889645782539,0.499680665531326,0.500319334468674,0.5,0.00319334468673826
60.36,0.00218557883325465,0.499672163175012,0.500327836824988,0.5,0.00327836824988187
60.37,0.00224191608045011,0.499663712587932,0.500336287412067,0.5,0.0033628741206751
60.38,0.00229789930310742,0.499655315104534,0.500344684895466,0.5,0.0034468489546613
60.39,0.00235351966082667,0.499646972050876,0.500353027949124,0.5,0.0035302794912398
60.4,0.00240876837050855,0.499638684744424,0.500361315255576,0.5,0.00361315255576256
60.41,0.0024636367077414,0.499630454493839,0.500369545506161,0.5,0.00369545506161195
60.42,0.00251811600817877,0.499622282598773,0.500377717401227,0.5,0.00377717401226829
60.43,0.00257219766890753,0.499614170349664,0.500385829650336,0.5,0.0038582965033615
60.44,0.00262587314980644,0.499606119027529,0.500393880972471,0.5,0.0039388097247095
60.45,0.00267913397489497,0.499598129903766,0.500401870096234,0.5,0.00401870096234269
60.46,0.00273197173367136,0.499590204239949,0.500409795760051,0.5,0.00409795760050707
60.47,0.00278437808244092,0.499582343287634,0.500417656712366,0.5,0.00417656712366155
60.48,0.00283634474563379,0.499574548288155,0.500425451711845,0.5,0.00425451711845048
60.49,0.00288786351711131,0.499566820472433,0.500433179527567,0.5,0.00433179527566718
60.5,0.00293892626146237,0.499559161060781,0.500440838939219,0.5,0.0044083893921934
60.51,0.00298952491528757,0.499551571262707,0.500448428737293,0.5,0.00448428737293116
60.52,0.00303965148847302,0.499544052276729,0.500455947723271,0.5,0.00455947723270955
60.53,0.00308929806545169,0.499536605290182,0.500463394709818,0.5,0.00463394709817738
60.54,0.00313845680645349,0.499529231479032,0.500470768520968,0.5,0.00470768520968029
60.55,0.00318711994874341,0.499521932007688,0.500478067992312,0.5,0.00478067992311537
60.56,0.00323527980784721,0.499514708028823,0.500485291971177,0.5,0.00485291971177082
60.57,0.00328292877876479,0.499507560683185,0.500492439316815,0.5,0.00492439316814725
60.58,0.00333005933717124,0.499500491099424,0.500499508900576,0.5,0.00499508900575707
60.59,0.00337666404060512,0.499493500393909,0.500506499606091,0.5,0.00506499606090755
60.6,0.00342273552964342,0.499486589670553,0.500513410329447,0.5,0.00513410329446518
60.61,0.00346826652906402,0.49947976002064,0.50052023997936,0.5,0.00520239979359599
60.62,0.00351324984899421,0.499473012522651,0.500526987477349,0.5,0.00526987477349139
60.63,0.00355767838604642,0.499466348242093,0.500533651757907,0.5,0.00533651757906983
60.64,0.00360154512443955,0.499459768231334,0.500540231768666,0.5,0.00540231768665911
60.65,0.00364484313710704,0.499453273529434,0.500546726470566,0.5,0.00546726470566083
60.66,0.00368756558679083,0.499446865161981,0.500553134838019,0.5,0.00553134838018637
60.67,0.00372970572712089,0.499440544140932,0.500559455859068,0.5,0.00559455859068136
60.68,0.00377125690368052,0.499434311464448,0.500565688535552,0.5,0.00565688535552056
60.69,0.00381221255505722,0.499428168116741,0.500571831883259,0.5,0.005718318832586
60.7,0.00385256621387894,0.499422115067918,0.500577884932082,0.5,0.00577884932081857
60.71,0.00389231150783509,0.499416153273825,0.500583846726175,0.5,0.00583846726175286
60.72,0.00393144216068309,0.499410283675898,0.500589716324102,0.5,0.00589716324102457
60.73,0.00396995199323919,0.499404507201014,0.500595492798986,0.5,0.00595492798985853
60.74,0.00400783492435437,0.499398824761347,0.500601175238653,0.5,0.00601175238653134
60.75,0.00404508497187474,0.499393237254219,0.500606762745781,0.5,0.00606762745781197
60.76,0.0040816962535859,0.499387745561962,0.500612254438038,0.5,0.0061225443803789
60.77,0.0041176629881421,0.499382350551779,0.500617649448221,0.5,0.00617649448221291
60.78,0.00415297949597904,0.499377053075603,0.500622946924397,0.5,0.00622946924396878
60.79,0.00418764020021071,0.499371853969968,0.500628146030032,0.5,0.00628146030031584
60.8,0.00422163962751005,0.499366754055873,0.500633245944127,0.5,0.00633245944126504
60.81,0.00425497240897345,0.499361754138654,0.500638245861346,0.5,0.00638245861346004
60.82,0.00428763328096827,0.499356855007855,0.500643144992145,0.5,0.00643144992145239
60.83,0.00431961708596417,0.499352057437105,0.500647942562895,0.5,0.00647942562894605
60.84,0.00435091877334763,0.499347362183998,0.500652637816002,0.5,0.00652637816002138
60.85,0.0043815334002193,0.499342769989967,0.500657230010033,0.5,0.006572300100329
60.86,0.00441145613217477,0.499338281580174,0.500661718419826,0.5,0.00661718419826207
60.87,0.00444068224406771,0.49933389766339,0.50066610233661,0.5,0.0066610233661013
60.88,0.00446920712075629,0.499329618931887,0.500670381068113,0.5,0.00670381068113457
60.89,0.00449702625783184,0.499325446061325,0.500674553938675,0.5,0.00674553938674771
60.9,0.00452413526233009,0.49932137971065,0.50067862028935,0.5,0.00678620289349507
60.91,0.00455052985342496,0.499317420521986,0.500682579478014,0.5,0.00682579478013756
60.92,0.00457620586310458,0.499313569120534,0.500686430879466,0.5,0.0068643087946571
60.93,0.00460115923682936,0.499309826114476,0.500690173885524,0.5,0.00690173885524392
60.94,0.00462538603417228,0.499306192094874,0.500693807905126,0.5,0.00693807905125854
60.95,0.00464888242944126,0.499302667635584,0.500697332364416,0.5,0.00697332364416187
60.96,0.00467164471228305,0.499299253293158,0.500700746706843,0.5,0.00700746706842476
60.97,0.00469366928826937,0.49929594960676,0.50070405039324,0.5,0.00704050393240396
60.98,0.00471495267946433,0.49929275709808,0.50070724290192,0.5,0.00707242901919675
60.99,0.00473549152497372,0.499289676271254,0.500710323728746,0.5,0.00710323728746048
61,0.00475528258147577,0.499286707612779,0.500713292387221,0.5,0.0071329238722137
61.01,0.00477432272373321,0.49928385159144,0.50071614840856,0.5,0.00716148408559963
61.02,0.00479260894508686,0.499281108658237,0.500718891341763,0.5,0.00718891341763034
61.03,0.00481013835793042,0.49927847924631,0.50072152075369,0.5,0.00721520753689586
61.04,0.00482690819416637,0.499275963770875,0.500724036229125,0.5,0.0072403622912498
61.05,0.00484291580564315,0.499273562629154,0.500726437370846,0.5,0.00726437370846461
61.06,0.00485815866457337,0.499271276200314,0.500728723799686,0.5,0.00728723799686026
61.07,0.00487263436393288,0.49926910484541,0.50073089515459,0.5,0.00730895154589906
61.08,0.00488634061784097,0.499267048907324,0.500732951092676,0.5,0.00732951092676126
61.09,0.00489927526192124,0.499265108710712,0.500734891289288,0.5,0.00734891289288164
61.1,0.00491143625364344,0.499263284561953,0.500736715438047,0.5,0.00736715438046542
61.11,0.00492282167264603,0.499261576749103,0.500738423250897,0.5,0.00738423250896902
61.12,0.00493342972103934,0.499259985541844,0.500740014458156,0.5,0.00740014458155885
61.13,0.00494325872368956,0.499258511191447,0.500741488808553,0.5,0.00741488808553431
61.14,0.00495230712848325,0.499257153930728,0.500742846069272,0.5,0.00742846069272468
61.15,0.00496057350657239,0.499255913974014,0.500744086025986,0.5,0.00744086025985857
61.16,0.00496805655260004,0.49925479151711,0.50074520848289,0.5,0.00745208482890031
61.17,0.0049747550849065,0.499253786737264,0.500746213262736,0.5,0.00746213262735967
61.18,0.00498066804571586,0.499252899793143,0.500747100206857,0.5,0.00747100206857393
61.19,0.00498579450130307,0.499252130824805,0.500747869175195,0.5,0.00747869175195454
61.2,0.00499013364214136,0.499251479953679,0.500748520046321,0.5,0.00748520046321199
61.21,0.00499368478303009,0.499250947282545,0.500749052717455,0.5,0.00749052717454513
61.22,0.00499644736320295,0.49925053289552,0.50074946710448,0.5,0.00749467104480428
61.23,0.0049984209464165,0.499250236858038,0.500749763141963,0.5,0.00749763141962484
61.24,0.00499960522101908,0.499250059216847,0.500749940783153,0.5,0.00749940783152853
61.25,0.005,0.49925,0.50075,0.5,0.00750000000000001
61.26,0.00499960522101908,0.499250059216847,0.500749940783153,0.5,0.00749940783152853
61.27,0.0049984209464165,0.499250236858038,0.500749763141963,0.5,0.00749763141962484
61.28,0.00499644736320295,0.49925053289552,0.50074946710448,0.5,0.00749467104480428
61.29,0.00499368478303009,0.499250947282545,0.500749052717455,0.5,0.00749052717454513
61.3,0.00499013364214136,0.499251479953679,0.500748520046321,0.5,0.00748520046321199
61.31,0.00498579450130307,0.499252130824805,0.500747869175195,0.5,0.00747869175195454
61.32,0.00498066804571587,0.499252899793143,0.500747100206857,0.5,0.00747100206857393
61.33,0.0049747550849065,0.499253786737264,0.500746213262736,0.5,0.00746213262735967
61.34,0.00496805655260004,0.49925479151711,0.50074520848289,0.5,0.00745208482890031
61.35,0.00496057350657239,0.499255913974014,0.500744086025986,0.5,0.00744086025985857
61.36,0.00495230712848326,0.499257153930728,0.500742846069272,0.5,0.00742846069272468
61.37,0.00494325872368957,0.499258511191447,0.500741488808553,0.5,0.00741488808553431
61.38,0.00493342972103935,0.499259985541844,0.500740014458156,0.5,0.00740014458155885
61.39,0.00492282167264603,0.499261576749103,0.500738423250897,0.5,0.00738423250896902
61.4,0.00491143625364344,0.499263284561953,0.500736715438047,0.5,0.00736715438046542
61.41,0.00489927526192124,0.499265108710712,0.500734891289288,0.5,0.00734891289288164
61.42,0.00488634061784097,0.499267048907324,0.500732951092676,0.5,0.00732951092676126
61.43,0.00487263436393289,0.49926910484541,0.50073089515459,0.5,0.00730895154589933
61.44,0.00485815866457337,0.499271276200314,0.500728723799686,0.5,0.00728723799686026
61.45,0.00484291580564315,0.499273562629154,0.500726437370846,0.5,0.00726437370846461
61.46,0.00482690819416637,0.499275963770875,0.500724036229125,0.5,0.0072403622912498
61.47,0.00481013835793045,0.49927847924631,0.50072152075369,0.5,0.00721520753689586
61.48,0.00479260894508689,0.499281108658237,0.500718891341763,0.5,0.00718891341763034
61.49,0.00477432272373321,0.49928385159144,0.50071614840856,0.5,0.00716148408559963
61.5,0.00475528258147578,0.499286707612779,0.500713292387221,0.5,0.0071329238722137
61.51,0.00473549152497372,0.499289676271254,0.500710323728746,0.5,0.00710323728746048
61.52,0.00471495267946434,0.49929275709808,0.50070724290192,0.5,0.00707242901919675
61.53,0.00469366928826937,0.49929594960676,0.50070405039324,0.5,0.00704050393240396
61.54,0.00467164471228308,0.499299253293158,0.500700746706843,0.5,0.00700746706842476
61.55,0.00464888242944126,0.499302667635584,0.500697332364416,0.5,0.00697332364416187
61.56,0.00462538603417228,0.499306192094874,0.500693807905126,0.5,0.00693807905125854
61.57,0.00460115923682936,0.499309826114476,0.500690173885524,0.5,0.00690173885524392
61.58,0.00457620586310459,0.499313569120534,0.500686430879466,0.5,0.0068643087946571
61.59,0.00455052985342496,0.499317420521986,0.500682579478014,0.5,0.00682579478013756
61.6,0.0045241352623301,0.49932137971065,0.50067862028935,0.5,0.00678620289349507
61.61,0.00449702625783187,0.499325446061325,0.500674553938675,0.5,0.00674553938674771
61.62,0.00446920712075632,0.499329618931887,0.500670381068113,0.5,0.00670381068113457
61.63,0.00444068224406774,0.49933389766339,0.50066610233661,0.5,0.00666102336610158
61.64,0.00441145613217477,0.499338281580174,0.500661718419826,0.5,0.00661718419826207
61.65,0.00438153340021935,0.499342769989967,0.500657230010033,0.5,0.00657230010032928
61.66,0.00435091877334764,0.499347362183998,0.500652637816002,0.5,0.00652637816002138
61.67,0.00431961708596417,0.499352057437105,0.500647942562895,0.5,0.00647942562894605
61.68,0.00428763328096828,0.499356855007855,0.500643144992145,0.5,0.00643144992145239
61.69,0.00425497240897346,0.499361754138654,0.500638245861346,0.5,0.00638245861346004
61.7,0.00422163962751006,0.499366754055873,0.500633245944127,0.5,0.00633245944126504
61.71,0.00418764020021071,0.499371853969968,0.500628146030032,0.5,0.00628146030031584
61.72,0.00415297949597909,0.499377053075603,0.500622946924397,0.5,0.00622946924396878
61.73,0.00411766298814215,0.499382350551779,0.500617649448221,0.5,0.00617649448221319
61.74,0.00408169625358591,0.499387745561962,0.500612254438038,0.5,0.0061225443803789
61.75,0.00404508497187475,0.499393237254219,0.500606762745781,0.5,0.00606762745781197
61.76,0.00400783492435438,0.499398824761347,0.500601175238653,0.5,0.00601175238653134
61.77,0.0039699519932392,0.499404507201014,0.500595492798986,0.5,0.00595492798985853
61.78,0.00393144216068309,0.499410283675898,0.500589716324102,0.5,0.00589716324102457
61.79,0.00389231150783514,0.499416153273825,0.500583846726175,0.5,0.00583846726175286
61.8,0.00385256621387895,0.499422115067918,0.500577884932082,0.5,0.00577884932081857
61.81,0.00381221255505722,0.499428168116741,0.500571831883259,0.5,0.005718318832586
61.82,0.00377125690368053,0.499434311464448,0.500565688535552,0.5,0.00565688535552056
61.83,0.00372970572712095,0.499440544140932,0.500559455859068,0.5,0.00559455859068136
61.84,0.00368756558679089,0.499446865161981,0.500553134838019,0.5,0.00553134838018637
61.85,0.00364484313710705,0.499453273529434,0.500546726470566,0.5,0.00546726470566083
61.86,0.00360154512443956,0.499459768231334,0.500540231768666,0.5,0.00540231768665911
61.87,0.00355767838604643,0.499466348242093,0.500533651757907,0.5,0.00533651757906983
61.88,0.00351324984899427,0.499473012522651,0.500526987477349,0.5,0.00526987477349139
61.89,0.00346826652906403,0.49947976002064,0.50052023997936,0.5,0.00520239979359599
61.9,0.00342273552964348,0.499486589670553,0.500513410329447,0.5,0.00513410329446518
61.91,0.00337666404060513,0.499493500393909,0.500506499606091,0.5,0.00506499606090755
61.92,0.00333005933717125,0.499500491099424,0.500499508900576,0.5,0.00499508900575707
61.93,0.0032829287787648,0.499507560683185,0.500492439316815,0.5,0.00492439316814725
61.94,0.00323527980784727,0.499514708028823,0.500485291971177,0.5,0.00485291971177082
61.95,0.00318711994874347,0.499521932007688,0.500478067992312,0.5,0.00478067992311537
61.96,0.0031384568064535,0.499529231479032,0.500470768520968,0.5,0.00470768520968029
61.97,0.0030892980654517,0.499536605290182,0.500463394709818,0.5,0.00463394709817738
61.98,0.00303965148847303,0.499544052276729,0.500455947723271,0.5,0.00455947723270955
61.99,0.00298952491528757,0.499551571262707,0.500448428737293,0.5,0.00448428737293116
62,0.00293892626146238,0.499559161060781,0.500440838939219,0.5,0.0044083893921934
62.01,0.00288786351711138,0.499566820472433,0.500433179527567,0.5,0.00433179527566718
62.02,0.0028363447456338,0.499574548288155,0.500425451711845,0.5,0.00425451711845048
62.03,0.00278437808244093,0.499582343287634,0.500417656712366,0.5,0.00417656712366155
62.04,0.00273197173367137,0.499590204239949,0.500409795760051,0.5,0.00409795760050707
62.05,0.00267913397489498,0.499598129903766,0.500401870096234,0.5,0.00401870096234269
62.06,0.00262587314980645,0.499606119027529,0.500393880972471,0.5,0.0039388097247095
62.07,0.00257219766890754,0.499614170349664,0.500385829650336,0.5,0.0038582965033615
62.08,0.00251811600817884,0.499622282598773,0.500377717401227,0.5,0.00377717401226829
62.09,0.00246363670774147,0.499630454493839,0.500369545506161,0.5,0.00369545506161195
62.1,0.00240876837050856,0.499638684744424,0.500361315255576,0.5,0.00361315255576283
62.11,0.00235351966082668,0.499646972050876,0.500353027949124,0.5,0.0035302794912398
62.12,0.00229789930310749,0.499655315104534,0.500344684895466,0.5,0.0034468489546613
62.13,0.00224191608045019,0.499663712587932,0.500336287412067,0.5,0.0033628741206751
62.14,0.00218557883325466,0.499672163175012,0.500327836824988,0.5,0.00327836824988187
62.15,0.0021288964578254,0.499680665531326,0.500319334468674,0.5,0.00319334468673826
62.16,0.00207187790496643,0.499689218314255,0.500310781685745,0.5,0.00310781685744943
62.17,0.00201453217856829,0.499697820173215,0.500302179826785,0.5,0.00302179826785265
62.18,0.00195686833418603,0.499706469749872,0.500293530250128,0.5,0.00293530250127905
62.19,0.00189889547760906,0.499715165678359,0.500284834321641,0.5,0.00284834321641364
62.2,0.00184062276342341,0.499723906585486,0.500276093414514,0.5,0.00276093414513512
62.21,0.00178205939356624,0.499732691090965,0.500267308909035,0.5,0.00267308909034925
62.22,0.00172321461587261,0.499741517807619,0.500258482192381,0.5,0.00258482192380893
62.23,0.00166409772261493,0.499750385341608,0.500249614658392,0.5,0.00249614658392239
62.24,0.00160471804903608,0.499759292292645,0.500240707707355,0.5,0.00240707707355403
62.25,0.00154508497187474,0.499768237254219,0.500231762745781,0.5,0.00231762745781211
62.26,0.00148520790788522,0.499777218813817,0.500222781186183,0.5,0.00222781186182797
62.27,0.00142509631234989,0.499786235553147,0.500213764446853,0.5,0.00213764446852505
62.28,0.00136475967758661,0.499795286048362,0.500204713951638,0.5,0.00204713951638014
62.29,0.00130420753144951,0.499804368870283,0.500195631129717,0.5,0.00195631129717433
62.3,0.00124344943582433,0.499813482584626,0.500186517415374,0.5,0.00186517415373677
62.31,0.00118249498511865,0.499822625752232,0.500177374247768,0.5,0.00177374247767786
62.32,0.0011213538047469,0.499831796929288,0.500168203070712,0.5,0.00168203070712053
62.33,0.00106003554961031,0.499840994667558,0.500159005332442,0.5,0.00159005332441536
62.34,0.000998549902572041,0.499850217514614,0.500149782485386,0.5,0.00149782485385802
62.35,0.000936906572928598,0.499859464014061,0.500140535985939,0.5,0.001405359859393
62.36,0.000875115294876394,0.499868732705769,0.500131267294231,0.5,0.00131267294231435
62.37,0.000813185825974471,0.499878022126104,0.500121977873896,0.5,0.00121977873896145
62.38,0.000751127945603807,0.499887330808159,0.500112669191841,0.5,0.00112669191840581
62.39,0.000688951453423181,0.499896657281987,0.500103342718013,0.5,0.00103342718013488
62.4,0.000626666167821551,0.499906000074827,0.500093999925173,0.5,0.000939999251732271
62.41,0.000564281924367477,0.499915357711345,0.500084642288655,0.5,0.000846422886551235
62.42,0.000501808574256112,0.499924728713862,0.500075271286138,0.5,0.000752712861384064
62.43,0.000439255982753722,0.499934111602587,0.500065888397413,0.5,0.000658883974130609
62.44,0.000376634027639709,0.499943504895854,0.500056495104146,0.5,0.000564951041459594
62.45,0.00031395259764658,0.499952907110353,0.500047092889647,0.5,0.000470928896469935
62.46,0.00025122159089883,0.499962316761365,0.500037683238635,0.5,0.000376832386348447
62.47,0.000188450913349694,0.499971732362998,0.500028267637002,0.5,0.00028267637002477
62.48,0.000125650477216677,0.499981152428418,0.500018847571583,0.5,0.000188475715825198
62.49,6.28301994167922e-05,0.499990575470087,0.500009424529912,0.5,9.42452991251064e-05
62.5,-2.45548340466059e-18,0.5,0.5,0.5,0
62.51,-6.28301994167261e-05,0.500009424529912,0.499990575470088,0.5,-9.42452991248288e-05
62.52,-0.000125650477216682,0.500018847571583,0.499981152428418,0.5,-0.000188475715825198
62.53,-0.000188450913349699,0.500028267637002,0.499971732362998,0.5,-0.00028267637002477
62.54,-0.000251221590898835,0.500037683238635,0.499962316761365,0.5,-0.000376832386348447
62.55,-0.000313952597646514,0.500047092889647,0.499952907110353,0.5,-0.000470928896469935
62.56,-0.000376634027639643,0.500056495104146,0.499943504895854,0.5,-0.000564951041459594
62.57,-0.000439255982753726,0.500065888397413,0.499934111602587,0.5,-0.000658883974130609
62.58,-0.000501808574256046,0.500075271286138,0.499924728713862,0.5,-0.000752712861384064
62.59,-0.000564281924367411,0.500084642288655,0.499915357711345,0.5,-0.000846422886551235
62.6,-0.000626666167821485,0.500093999925173,0.499906000074827,0.5,-0.000939999251732271
62.61,-0.000688951453423185,0.500103342718013,0.499896657281987,0.5,-0.00103342718013488
62.62,-0.000751127945603741,0.500112669191841,0.499887330808159,0.5,-0.00112669191840581
62.63,-0.000813185825974405,0.500121977873896,0.499878022126104,0.5,-0.00121977873896145
62.64,-0.000875115294876399,0.500131267294231,0.499868732705769,0.5,-0.00131267294231435
62.65,-0.000936906572928603,0.500140535985939,0.499859464014061,0.5,-0.001405359859393
62.66,-0.000998549902571976,0.500149782485386,0.499850217514614,0.5,-0.00149782485385774
62.67,-0.00106003554961025,0.500159005332442,0.499840994667558,0.5,-0.00159005332441536
62.68,-0.00112135380474691,0.500168203070712,0.499831796929288,0.5,-0.00168203070712053
62.69,-0.00118249498511859,0.500177374247768,0.499822625752232,0.5,-0.00177374247767786
62.7,-0.00124344943582427,0.500186517415374,0.499813482584626,0.5,-0.00186517415373649
62.71,-0.00130420753144944,0.500195631129717,0.499804368870283,0.5,-0.00195631129717433
62.72,-0.00136475967758661,0.500204713951638,0.499795286048362,0.5,-0.00204713951638014
62.73,-0.0014250963123499,0.500213764446853,0.499786235553147,0.5,-0.00213764446852505
62.74,-0.00148520790788516,0.500222781186183,0.499777218813817,0.5,-0.00222781186182797
62.75,-0.00154508497187475,0.500231762745781,0.499768237254219,0.5,-0.00231762745781211
62.76,-0.00160471804903602,0.500240707707355,0.499759292292645,0.5,-0.00240707707355403
62.77,-0.00166409772261487,0.500249614658392,0.499750385341608,0.5,-0.00249614658392239
62.78,-0.00172321461587255,0.500258482192381,0.499741517807619,0.5,-0.00258482192380893
62.79,-0.00178205939356625,0.500267308909035,0.499732691090965,0.5,-0.00267308909034925
62.8,-0.00184062276342335,0.500276093414514,0.499723906585486,0.5,-0.00276093414513512
62.81,-0.00189889547760899,0.500284834321641,0.499715165678359,0.5,-0.00284834321641364
62.82,-0.00195686833418603,0.500293530250128,0.499706469749872,0.5,-0.00293530250127905
62.83,-0.0020145321785683,0.500302179826785,0.499697820173215,0.5,-0.00302179826785265
62.84,-0.00207187790496643,0.500310781685745,0.499689218314255,0.5,-0.00310781685744943
62.85,-0.00212889645782534,0.500319334468674,0.499680665531326,0.5,-0.00319334468673826
62.86,-0.00218557883325467,0.500327836824988,0.499672163175012,0.5,-0.00327836824988187
62.87,-0.00224191608045013,0.500336287412067,0.499663712587932,0.5,-0.0033628741206751
62.88,-0.00229789930310737,0.500344684895466,0.499655315104534,0.5,-0.0034468489546613
62.89,-0.00235351966082662,0.500353027949124,0.499646972050876,0.5,-0.0035302794912398
62.9,-0.00240876837050857,0.500361315255576,0.499638684744424,0.5,-0.00361315255576283
62.91,-0.00246363670774141,0.500369545506161,0.499630454493839,0.5,-0.00369545506161195
62.92,-0.00251811600817879,0.500377717401227,0.499622282598773,0.5,-0.00377717401226829
62.93,-0.00257219766890754,0.500385829650336,0.499614170349664,0.5,-0.0038582965033615
62.94,-0.00262587314980646,0.500393880972471,0.499606119027529,0.5,-0.0039388097247095
62.95,-0.00267913397489499,0.500401870096234,0.499598129903766,0.5,-0.00401870096234269
62.96,-0.00273197173367132,0.500409795760051,0.499590204239949,0.5,-0.00409795760050707
62.97,-0.00278437808244094,0.500417656712366,0.499582343287634,0.5,-0.00417656712366155
62.98,-0.00283634474563381,0.500425451711845,0.499574548288155,0.5,-0.00425451711845048
62.99,-0.00288786351711133,0.500433179527567,0.499566820472433,0.5,-0.00433179527566718
63,-0.00293892626146232,0.500440838939219,0.499559161060781,0.5,-0.0044083893921934
63.01,-0.00298952491528758,0.500448428737293,0.499551571262707,0.5,-0.00448428737293116
63.02,-0.00303965148847298,0.500455947723271,0.499544052276729,0.5,-0.00455947723270955
63.03,-0.00308929806545165,0.500463394709818,0.499536605290182,0.5,-0.00463394709817738
63.04,-0.00313845680645351,0.500470768520968,0.499529231479032,0.5,-0.00470768520968029
63.05,-0.00318711994874342,0.500478067992312,0.499521932007688,0.5,-0.00478067992311537
63.06,-0.00323527980784722,0.500485291971177,0.499514708028823,0.5,-0.00485291971177082
63.07,-0.00328292877876475,0.500492439316815,0.499507560683185,0.5,-0.00492439316814725
63.08,-0.00333005933717125,0.500499508900576,0.499500491099424,0.5,-0.00499508900575707
63.09,-0.00337666404060514,0.500506499606091,0.499493500393909,0.5,-0.00506499606090755
63.1,-0.00342273552964343,0.500513410329447,0.499486589670553,0.5,-0.00513410329446518
63.11,-0.00346826652906403,0.50052023997936,0.49947976002064,0.5,-0.00520239979359599
63.12,-0.00351324984899423,0.500526987477349,0.499473012522651,0.5,-0.00526987477349139
63.13,-0.00355767838604638,0.500533651757907,0.499466348242093,0.5,-0.00533651757906983
63.14,-0.00360154512443951,0.500540231768666,0.499459768231334,0.5,-0.00540231768665911
63.15,-0.00364484313710706,0.500546726470566,0.499453273529434,0.5,-0.00546726470566083
63.16,-0.00368756558679084,0.500553134838019,0.499446865161981,0.5,-0.00553134838018637
63.17,-0.0037297057271209,0.500559455859068,0.499440544140932,0.5,-0.00559455859068136
63.18,-0.00377125690368049,0.500565688535552,0.499434311464448,0.5,-0.00565688535552056
63.19,-0.00381221255505723,0.500571831883259,0.499428168116741,0.5,-0.005718318832586
63.2,-0.00385256621387895,0.500577884932082,0.499422115067918,0.5,-0.00577884932081857
63.21,-0.0038923115078351,0.500583846726175,0.499416153273825,0.5,-0.00583846726175286
63.22,-0.0039314421606831,0.500589716324102,0.499410283675898,0.5,-0.00589716324102457
63.23,-0.0039699519932392,0.500595492798986,0.499404507201014,0.5,-0.00595492798985853
63.24,-0.00400783492435438,0.500601175238653,0.499398824761347,0.5,-0.00601175238653134
63.25,-0.00404508497187471,0.500606762745781,0.499393237254219,0.5,-0.00606762745781197
63.26,-0.00408169625358591,0.500612254438038,0.499387745561962,0.5,-0.0061225443803789
63.27,-0.00411766298814211,0.500617649448221,0.499382350551779,0.5,-0.00617649448221291
63.28,-0.00415297949597905,0.500622946924397,0.499377053075603,0.5,-0.00622946924396878
63.29,-0.00418764020021072,0.500628146030032,0.499371853969968,0.5,-0.00628146030031584
63.3,-0.00422163962751006,0.500633245944127,0.499366754055873,0.5,-0.00633245944126504
63.31,-0.00425497240897346,0.500638245861346,0.499361754138654,0.5,-0.00638245861346004
63.32,-0.00428763328096824,0.500643144992145,0.499356855007855,0.5,-0.00643144992145239
63.33,-0.00431961708596418,0.500647942562895,0.499352057437105,0.5,-0.00647942562894605
63.34,-0.00435091877334764,0.500652637816002,0.499347362183998,0.5,-0.00652637816002138
63.35,-0.00438153340021931,0.500657230010033,0.499342769989967,0.5,-0.006572300100329
63.36,-0.00441145613217474,0.500661718419826,0.499338281580174,0.5,-0.00661718419826207
63.37,-0.00444068224406771,0.50066610233661,0.49933389766339,0.5,-0.0066610233661013
63.38,-0.00446920712075629,0.500670381068113,0.499329618931887,0.5,-0.00670381068113457
63.39,-0.00449702625783184,0.500674553938675,0.499325446061325,0.5,-0.00674553938674771
63.4,-0.0045241352623301,0.50067862028935,0.49932137971065,0.5,-0.00678620289349507
63.41,-0.00455052985342496,0.500682579478014,0.499317420521986,0.5,-0.00682579478013756
63.42,-0.00457620586310459,0.500686430879466,0.499313569120534,0.5,-0.0068643087946571
63.43,-0.00460115923682934,0.500690173885524,0.499309826114476,0.5,-0.00690173885524392
63.44,-0.00462538603417229,0.500693807905126,0.499306192094874,0.5,-0.00693807905125854
63.45,-0.00464888242944127,0.500697332364416,0.499302667635584,0.5,-0.00697332364416187
63.46,-0.00467164471228305,0.500700746706843,0.499299253293158,0.5,-0.00700746706842476
63.47,-0.00469366928826935,0.50070405039324,0.49929594960676,0.5,-0.00704050393240396
63.48,-0.00471495267946431,0.50070724290192,0.49929275709808,0.5,-0.00707242901919675
63.49,-0.00473549152497372,0.500710323728746,0.499289676271254,0.5,-0.00710323728746048
63.5,-0.00475528258147576,0.500713292387221,0.499286707612779,0.5,-0.0071329238722137
63.51,-0.00477432272373321,0.50071614840856,0.49928385159144,0.5,-0.00716148408559963
63.52,-0.00479260894508687,0.500718891341763,0.499281108658237,0.5,-0.00718891341763034
63.53,-0.00481013835793043,0.50072152075369,0.49927847924631,0.5,-0.00721520753689586
63.54,-0.00482690819416636,0.500724036229125,0.499275963770875,0.5,-0.0072403622912498
63.55,-0.00484291580564315,0.500726437370846,0.499273562629154,0.5,-0.00726437370846461
63.56,-0.00485815866457337,0.500728723799686,0.499271276200314,0.5,-0.00728723799686026
63.57,-0.00487263436393288,0.50073089515459,0.49926910484541,0.5,-0.00730895154589906
63.58,-0.00488634061784097,0.500732951092676,0.499267048907324,0.5,-0.00732951092676126
63.59,-0.00489927526192124,0.500734891289288,0.499265108710712,0.5,-0.00734891289288164
63.6,-0.00491143625364344,0.500736715438047,0.499263284561953,0.5,-0.00736715438046542
63.61,-0.00492282167264602,0.500738423250897,0.499261576749103,0.5,-0.00738423250896902
63.62,-0.00493342972103934,0.500740014458156,0.499259985541844,0.5,-0.00740014458155885
63.63,-0.00494325872368957,0.500741488808553,0.499258511191447,0.5,-0.00741488808553431
63.64,-0.00495230712848325,0.500742846069272,0.499257153930728,0.5,-0.00742846069272468
63.65,-0.00496057350657238,0.500744086025986,0.499255913974014,0.5,-0.00744086025985857
63.66,-0.00496805655260004,0.50074520848289,0.49925479151711,0.5,-0.00745208482890031
63.67,-0.0049747550849065,0.500746213262736,0.499253786737264,0.5,-0.00746213262735967
63.68,-0.00498066804571586,0.500747100206857,0.499252899793143,0.5,-0.00747100206857393
63.69,-0.00498579450130307,0.500747869175195,0.499252130824805,0.5,-0.00747869175195454
63.7,-0.00499013364214136,0.500748520046321,0.499251479953679,0.5,-0.00748520046321199
63.71,-0.00499368478303009,0.500749052717455,0.499250947282545,0.5,-0.00749052717454513
63.72,-0.00499644736320294,0.50074946710448,0.49925053289552,0.5,-0.00749467104480428
63.73,-0.0049984209464165,0.500749763141963,0.499250236858038,0.5,-0.00749763141962484
63.74,-0.00499960522101908,0.500749940783153,0.499250059216847,0.5,-0.00749940783152853
63.75,-0.005,0.50075,0.49925,0.5,-0.00750000000000001
63.76,-0.00499960522101908,0.500749940783153,0.499250059216847,0.5,-0.00749940783152853
63.77,-0.0049984209464165,0.500749763141963,0.499250236858038,0.5,-0.00749763141962484
63.78,-0.00499644736320295,0.50074946710448,0.49925053289552,0.5,-0.00749467104480428
63.79,-0.00499368478303009,0.500749052717455,0.499250947282545,0.5,-0.00749052717454513
63.8,-0.00499013364214136,0.500748520046321,0.499251479953679,0.5,-0.00748520046321199
63.81,-0.00498579450130307,0.500747869175195,0.499252130824805,0.5,-0.00747869175195454
63.82,-0.00498066804571586,0.500747100206857,0.499252899793143,0.5,-0.00747100206857393
63.83,-0.00497475508490651,0.500746213262736,0.499253786737264,0.5,-0.00746213262735967
63.84,-0.00496805655260004,0.50074520848289,0.49925479151711,0.5,-0.00745208482890031
63.85,-0.00496057350657239,0.500744086025986,0.499255913974014,0.5,-0.00744086025985857
63.86,-0.00495230712848326,0.500742846069272,0.499257153930728,0.5,-0.00742846069272468
63.87,-0.00494325872368957,0.500741488808553,0.499258511191447,0.5,-0.00741488808553431
63.88,-0.00493342972103934,0.500740014458156,0.499259985541844,0.5,-0.00740014458155885
63.89,-0.00492282167264603,0.500738423250897,0.499261576749103,0.5,-0.00738423250896902
63.9,-0.00491143625364345,0.500736715438047,0.499263284561953,0.5,-0.00736715438046542
63.91,-0.00489927526192124,0.500734891289288,0.499265108710712,0.5,-0.00734891289288164
63.92,-0.00488634061784096,0.500732951092676,0.499267048907324,0.5,-0.00732951092676126
63.93,-0.00487263436393289,0.50073089515459,0.49926910484541,0.5,-0.00730895154589933
63.94,-0.00485815866457338,0.500728723799686,0.499271276200314,0.5,-0.00728723799686026
63.95,-0.00484291580564316,0.500726437370846,0.499273562629154,0.5,-0.00726437370846461
63.96,-0.00482690819416637,0.500724036229125,0.499275963770875,0.5,-0.0072403622912498
63.97,-0.00481013835793044,0.50072152075369,0.49927847924631,0.5,-0.00721520753689586
63.98,-0.00479260894508688,0.500718891341763,0.499281108658237,0.5,-0.00718891341763034
63.99,-0.00477432272373321,0.50071614840856,0.49928385159144,0.5,-0.00716148408559963
64,-0.00475528258147577,0.500713292387221,0.499286707612779,0.5,-0.0071329238722137
64.01,-0.00473549152497372,0.500710323728746,0.499289676271254,0.5,-0.00710323728746048
64.02,-0.00471495267946433,0.50070724290192,0.49929275709808,0.5,-0.00707242901919675
64.03,-0.00469366928826937,0.50070405039324,0.49929594960676,0.5,-0.00704050393240396
64.04,-0.00467164471228305,0.500700746706843,0.499299253293158,0.5,-0.00700746706842476
64.05,-0.00464888242944126,0.500697332364416,0.499302667635584,0.5,-0.00697332364416187
64.06,-0.00462538603417228,0.500693807905126,0.499306192094874,0.5,-0.00693807905125854
64.07,-0.00460115923682938,0.500690173885524,0.499309826114476,0.5,-0.00690173885524392
64.08,-0.00457620586310461,0.500686430879466,0.499313569120534,0.5,-0.0068643087946571
64.09,-0.00455052985342499,0.500682579478014,0.499317420521986,0.5,-0.00682579478013756
64.1,-0.00452413526233012,0.50067862028935,0.49932137971065,0.5,-0.00678620289349507
64.11,-0.00449702625783187,0.500674553938675,0.499325446061325,0.5,-0.00674553938674771
64.12,-0.00446920712075631,0.500670381068113,0.499329618931887,0.5,-0.00670381068113457
64.13,-0.00444068224406774,0.50066610233661,0.49933389766339,0.5,-0.00666102336610158
64.14,-0.00441145613217477,0.500661718419826,0.499338281580174,0.5,-0.00661718419826207
64.15,-0.0043815334002193,0.500657230010033,0.499342769989967,0.5,-0.006572300100329
64.16,-0.00435091877334763,0.500652637816002,0.499347362183998,0.5,-0.00652637816002138
64.17,-0.00431961708596416,0.500647942562895,0.499352057437105,0.5,-0.00647942562894605
64.18,-0.00428763328096823,0.500643144992145,0.499356855007855,0.5,-0.00643144992145239
64.19,-0.00425497240897349,0.500638245861346,0.499361754138654,0.5,-0.00638245861346004
64.2,-0.00422163962751009,0.500633245944127,0.499366754055873,0.5,-0.00633245944126504
64.21,-0.00418764020021074,0.500628146030032,0.499371853969968,0.5,-0.00628146030031584
64.22,-0.00415297949597908,0.500622946924397,0.499377053075603,0.5,-0.00622946924396878
64.23,-0.00411766298814214,0.500617649448221,0.499382350551779,0.5,-0.00617649448221319
64.24,-0.00408169625358594,0.500612254438038,0.499387745561962,0.5,-0.00612254438037918
64.25,-0.00404508497187474,0.500606762745781,0.499393237254219,0.5,-0.00606762745781197
64.26,-0.00400783492435437,0.500601175238653,0.499398824761347,0.5,-0.00601175238653134
64.27,-0.00396995199323919,0.500595492798986,0.499404507201014,0.5,-0.00595492798985853
64.28,-0.00393144216068308,0.500589716324102,0.499410283675898,0.5,-0.00589716324102457
64.29,-0.00389231150783509,0.500583846726175,0.499416153273825,0.5,-0.00583846726175286
64.3,-0.00385256621387899,0.500577884932082,0.499422115067918,0.5,-0.00577884932081857
64.31,-0.00381221255505726,0.500571831883259,0.499428168116741,0.5,-0.005718318832586
64.32,-0.00377125690368057,0.500565688535552,0.499434311464448,0.5,-0.00565688535552084
64.33,-0.00372970572712094,0.500559455859068,0.499440544140932,0.5,-0.00559455859068136
64.34,-0.00368756558679087,0.500553134838019,0.499446865161981,0.5,-0.00553134838018637
64.35,-0.00364484313710709,0.500546726470566,0.499453273529434,0.5,-0.00546726470566083
64.36,-0.00360154512443954,0.500540231768666,0.499459768231334,0.5,-0.00540231768665911
64.37,-0.00355767838604641,0.500533651757907,0.499466348242093,0.5,-0.00533651757906983
64.38,-0.00351324984899426,0.500526987477349,0.499473012522651,0.5,-0.00526987477349139
64.39,-0.00346826652906402,0.50052023997936,0.49947976002064,0.5,-0.00520239979359599
64.4,-0.00342273552964341,0.500513410329447,0.499486589670553,0.5,-0.00513410329446518
64.41,-0.00337666404060517,0.500506499606091,0.499493500393909,0.5,-0.00506499606090755
64.42,-0.00333005933717129,0.500499508900576,0.499500491099424,0.5,-0.00499508900575707
64.43,-0.00328292877876479,0.500492439316815,0.499507560683185,0.5,-0.00492439316814725
64.44,-0.00323527980784726,0.500485291971177,0.499514708028823,0.5,-0.00485291971177082
64.45,-0.00318711994874346,0.500478067992312,0.499521932007688,0.5,-0.00478067992311537
64.46,-0.00313845680645354,0.500470768520968,0.499529231479032,0.5,-0.00470768520968057
64.47,-0.00308929806545169,0.500463394709818,0.499536605290182,0.5,-0.00463394709817738
64.48,-0.00303965148847302,0.500455947723271,0.499544052276729,0.5,-0.00455947723270955
64.49,-0.00298952491528762,0.500448428737293,0.499551571262707,0.5,-0.00448428737293116
64.5,-0.00293892626146236,0.500440838939219,0.499559161060781,0.5,-0.0044083893921934
64.51,-0.00288786351711131,0.500433179527567,0.499566820472433,0.5,-0.00433179527566718
64.52,-0.00283634474563379,0.500425451711845,0.499574548288155,0.5,-0.00425451711845048
64.53,-0.00278437808244092,0.500417656712366,0.499582343287634,0.5,-0.00417656712366155
64.54,-0.0027319717336713,0.500409795760051,0.499590204239949,0.5,-0.00409795760050707
64.55,-0.00267913397489503,0.500401870096234,0.499598129903766,0.5,-0.00401870096234269
64.56,-0.0026258731498065,0.500393880972471,0.499606119027529,0.5,-0.0039388097247095
64.57,-0.00257219766890758,0.500385829650336,0.499614170349664,0.5,-0.0038582965033615
64.58,-0.00251811600817883,0.500377717401227,0.499622282598773,0.5,-0.00377717401226829
64.59,-0.00246363670774146,0.500369545506161,0.499630454493839,0.5,-0.00369545506161195
64.6,-0.00240876837050861,0.500361315255576,0.499638684744424,0.5,-0.00361315255576283
64.61,-0.00235351966082667,0.500353027949124,0.499646972050876,0.5,-0.0035302794912398
64.62,-0.00229789930310742,0.500344684895466,0.499655315104534,0.5,-0.0034468489546613
64.63,-0.00224191608045017,0.500336287412067,0.499663712587932,0.5,-0.0033628741206751
64.64,-0.00218557883325465,0.500327836824988,0.499672163175012,0.5,-0.00327836824988187
64.65,-0.00212889645782532,0.500319334468674,0.499680665531326,0.5,-0.00319334468673799
64.66,-0.00207187790496648,0.500310781685745,0.499689218314255,0.5,-0.00310781685744971
64.67,-0.00201453217856834,0.500302179826785,0.499697820173215,0.5,-0.00302179826785265
64.68,-0.00195686833418601,0.500293530250128,0.499706469749872,0.5,-0.00293530250127905
64.69,-0.00189889547760904,0.500284834321641,0.499715165678359,0.5,-0.00284834321641364
64.7,-0.00184062276342339,0.500276093414514,0.499723906585486,0.5,-0.00276093414513512
64.71,-0.0017820593935663,0.500267308909035,0.499732691090965,0.5,-0.00267308909034925
64.72,-0.0017232146158726,0.500258482192381,0.499741517807619,0.5,-0.00258482192380893
64.73,-0.00166409772261492,0.500249614658392,0.499750385341608,0.5,-0.00249614658392239
64.74,-0.00160471804903607,0.500240707707355,0.499759292292645,0.5,-0.00240707707355403
64.75,-0.00154508497187473,0.500231762745781,0.499768237254219,0.5,-0.00231762745781183
64.76,-0.00148520790788513,0.500222781186183,0.499777218813817,0.5,-0.00222781186182797
64.77,-0.00142509631234995,0.500213764446853,0.499786235553147,0.5,-0.00213764446852505
64.78,-0.00136475967758666,0.500204713951638,0.499795286048362,0.5,-0.00204713951638014
64.79,-0.00130420753144949,0.500195631129717,0.499804368870283,0.5,-0.00195631129717433
64.8,-0.00124344943582432,0.500186517415374,0.499813482584626,0.5,-0.00186517415373649
64.81,-0.00118249498511864,0.500177374247768,0.499822625752232,0.5,-0.00177374247767786
64.82,-0.00112135380474696,0.500168203070712,0.499831796929288,0.5,-0.00168203070712053
64.83,-0.00106003554961029,0.500159005332442,0.499840994667558,0.5,-0.00159005332441536
64.84,-0.000998549902572024,0.500149782485386,0.499850217514614,0.5,-0.00149782485385802
64.85,-0.000936906572928651,0.500140535985939,0.499859464014061,0.5,-0.001405359859393
64.86,-0.000875115294876377,0.500131267294231,0.499868732705769,0.5,-0.00131267294231435
64.87,-0.000813185825974384,0.500121977873896,0.499878022126104,0.5,-0.00121977873896145
64.88,-0.00075112794560386,0.500112669191841,0.499887330808159,0.5,-0.00112669191840581
64.89,-0.000688951453423234,0.500103342718013,0.499896657281987,0.5,-0.00103342718013488
64.9,-0.000626666167821533,0.500093999925173,0.499906000074827,0.5,-0.000939999251732271
64.91,-0.00056428192436746,0.500084642288655,0.499915357711345,0.5,-0.000846422886551235
64.92,-0.000501808574256095,0.500075271286138,0.499924728713862,0.5,-0.000752712861384064
64.93,-0.000439255982753704,0.500065888397413,0.499934111602587,0.5,-0.000658883974130609
64.94,-0.000376634027639692,0.500056495104146,0.499943504895854,0.5,-0.000564951041459594
64.95,-0.000313952597646563,0.500047092889647,0.499952907110353,0.5,-0.000470928896469935
64.96,-0.000251221590898884,0.500037683238635,0.499962316761365,0.5,-0.000376832386348447
64.97,-0.000188450913349677,0.500028267637002,0.499971732362998,0.5,-0.00028267637002477
64.98,-0.00012565047721666,0.500018847571583,0.499981152428418,0.5,-0.000188475715825198
64.99,-6.28301994168461e-05,0.500009424529912,0.499990575470087,0.5,-9.42452991251064e-05
65,1.96067283990894e-17,0.5,0.5,0.5,0
65.01,6.28301994168143e-05,0.499990575470087,0.500009424529912,0.5,9.42452991251064e-05
65.02,0.000125650477216628,0.499981152428418,0.500018847571583,0.5,0.000188475715825198
65.03,0.000188450913349645,0.499971732362998,0.500028267637002,0.5,0.000282676370024493
65.04,0.000251221590898852,0.499962316761365,0.500037683238635,0.5,0.000376832386348447
65.05,0.000313952597646531,0.499952907110353,0.500047092889647,0.5,0.000470928896469935
65.06,0.00037663402763966,0.499943504895854,0.500056495104146,0.5,0.000564951041459594
65.07,0.000439255982753673,0.499934111602587,0.500065888397413,0.5,0.000658883974130609
65.08,0.000501808574256063,0.499924728713862,0.500075271286138,0.5,0.000752712861384064
65.09,0.000564281924367428,0.499915357711345,0.500084642288655,0.5,0.000846422886551235
65.1,0.000626666167821502,0.499906000074827,0.500093999925173,0.5,0.000939999251732271
65.11,0.000688951453423202,0.499896657281987,0.500103342718013,0.5,0.00103342718013488
65.12,0.000751127945603829,0.499887330808159,0.500112669191841,0.5,0.00112669191840581
65.13,0.000813185825974352,0.499878022126104,0.500121977873896,0.5,0.00121977873896145
65.14,0.000875115294876346,0.499868732705769,0.500131267294231,0.5,0.00131267294231435
65.15,0.00093690657292862,0.499859464014061,0.500140535985939,0.5,0.001405359859393
65.16,0.000998549902571993,0.499850217514614,0.500149782485386,0.5,0.00149782485385774
65.17,0.00106003554961026,0.499840994667558,0.500159005332442,0.5,0.00159005332441536
65.18,0.00112135380474693,0.499831796929288,0.500168203070712,0.5,0.00168203070712053
65.19,0.0011824949851186,0.499822625752232,0.500177374247768,0.5,0.00177374247767786
65.2,0.00124344943582429,0.499813482584626,0.500186517415374,0.5,0.00186517415373649
65.21,0.00130420753144946,0.499804368870283,0.500195631129717,0.5,0.00195631129717433
65.22,0.00136475967758663,0.499795286048362,0.500204713951638,0.5,0.00204713951638014
65.23,0.00142509631234992,0.499786235553147,0.500213764446853,0.5,0.00213764446852505
65.24,0.0014852079078851,0.499777218813817,0.500222781186183,0.5,0.00222781186182769
65.25,0.0015450849718747,0.499768237254219,0.500231762745781,0.5,0.00231762745781183
65.26,0.00160471804903604,0.499759292292645,0.500240707707355,0.5,0.00240707707355403
65.27,0.00166409772261489,0.499750385341608,0.500249614658392,0.5,0.00249614658392239
65.28,0.00172321461587257,0.499741517807619,0.500258482192381,0.5,0.00258482192380893
65.29,0.00178205939356627,0.499732691090965,0.500267308909035,0.5,0.00267308909034925
65.3,0.00184062276342336,0.499723906585486,0.500276093414514,0.5,0.00276093414513512
65.31,0.00189889547760901,0.499715165678359,0.500284834321641,0.5,0.00284834321641364
65.32,0.00195686833418598,0.499706469749872,0.500293530250128,0.5,0.00293530250127905
65.33,0.00201453217856831,0.499697820173215,0.500302179826785,0.5,0.00302179826785265
65.34,0.00207187790496645,0.499689218314255,0.500310781685745,0.5,0.00310781685744943
65.35,0.00212889645782529,0.499680665531326,0.500319334468674,0.5,0.00319334468673799
65.36,0.00218557883325462,0.499672163175012,0.500327836824988,0.5,0.00327836824988187
65.37,0.00224191608045014,0.499663712587932,0.500336287412067,0.5,0.0033628741206751
65.38,0.00229789930310739,0.499655315104534,0.500344684895466,0.5,0.0034468489546613
65.39,0.00235351966082664,0.499646972050876,0.500353027949124,0.5,0.0035302794912398
65.4,0.00240876837050858,0.499638684744424,0.500361315255576,0.5,0.00361315255576283
65.41,0.00246363670774143,0.499630454493839,0.500369545506161,0.5,0.00369545506161195
65.42,0.0025181160081788,0.499622282598773,0.500377717401227,0.5,0.00377717401226829
65.43,0.00257219766890756,0.499614170349664,0.500385829650336,0.5,0.0038582965033615
65.44,0.00262587314980647,0.499606119027529,0.500393880972471,0.5,0.0039388097247095
65.45,0.002679133974895,0.499598129903766,0.500401870096234,0.5,0.00401870096234269
65.46,0.00273197173367127,0.499590204239949,0.500409795760051,0.5,0.00409795760050707
65.47,0.00278437808244089,0.499582343287634,0.500417656712366,0.5,0.00417656712366155
65.48,0.00283634474563376,0.499574548288155,0.500425451711845,0.5,0.00425451711845048
65.49,0.00288786351711128,0.499566820472433,0.500433179527567,0.5,0.00433179527566718
65.5,0.00293892626146234,0.499559161060781,0.500440838939219,0.5,0.0044083893921934
65.51,0.00298952491528759,0.499551571262707,0.500448428737293,0.5,0.00448428737293116
65.52,0.00303965148847299,0.499544052276729,0.500455947723271,0.5,0.00455947723270955
65.53,0.00308929806545166,0.499536605290182,0.500463394709818,0.5,0.00463394709817738
65.54,0.00313845680645352,0.499529231479032,0.500470768520968,0.5,0.00470768520968029
65.55,0.00318711994874343,0.499521932007688,0.500478067992312,0.5,0.00478067992311537
65.56,0.00323527980784723,0.499514708028823,0.500485291971177,0.5,0.00485291971177082
65.57,0.00328292877876476,0.499507560683185,0.500492439316815,0.5,0.00492439316814725
65.58,0.00333005933717126,0.499500491099424,0.500499508900576,0.5,0.00499508900575707
65.59,0.00337666404060515,0.499493500393909,0.500506499606091,0.5,0.00506499606090755
65.6,0.00342273552964339,0.499486589670553,0.500513410329447,0.5,0.00513410329446518
65.61,0.003468266529064,0.49947976002064,0.50052023997936,0.5,0.00520239979359599
65.62,0.00351324984899424,0.499473012522651,0.500526987477349,0.5,0.00526987477349139
65.63,0.00355767838604639,0.499466348242093,0.500533651757907,0.5,0.00533651757906983
65.64,0.00360154512443952,0.499459768231334,0.500540231768666,0.5,0.00540231768665911
65.65,0.00364484313710707,0.499453273529434,0.500546726470566,0.5,0.00546726470566083
65.66,0.00368756558679085,0.499446865161981,0.500553134838019,0.5,0.00553134838018637
65.67,0.00372970572712091,0.499440544140932,0.500559455859068,0.5,0.00559455859068136
65.68,0.00377125690368054,0.499434311464448,0.500565688535552,0.5,0.00565688535552056
65.69,0.00381221255505724,0.499428168116741,0.500571831883259,0.5,0.005718318832586
65.7,0.00385256621387897,0.499422115067918,0.500577884932082,0.5,0.00577884932081857
65.71,0.00389231150783507,0.499416153273825,0.500583846726175,0.5,0.00583846726175286
65.72,0.00393144216068306,0.499410283675898,0.500589716324102,0.5,0.00589716324102457
65.73,0.00396995199323917,0.499404507201014,0.500595492798986,0.5,0.00595492798985853
65.74,0.00400783492435435,0.499398824761347,0.500601175238653,0.5,0.00601175238653134
65.75,0.00404508497187472,0.499393237254219,0.500606762745781,0.5,0.00606762745781197
65.76,0.00408169625358592,0.499387745561962,0.500612254438038,0.5,0.0061225443803789
65.77,0.00411766298814212,0.499382350551779,0.500617649448221,0.5,0.00617649448221291
65.78,0.00415297949597906,0.499377053075603,0.500622946924397,0.5,0.00622946924396878
65.79,0.00418764020021073,0.499371853969968,0.500628146030032,0.5,0.00628146030031584
65.8,0.00422163962751007,0.499366754055873,0.500633245944127,0.5,0.00633245944126504
65.81,0.00425497240897347,0.499361754138654,0.500638245861346,0.5,0.00638245861346004
65.82,0.00428763328096822,0.499356855007855,0.500643144992145,0.5,0.00643144992145239
65.83,0.00431961708596415,0.499352057437105,0.500647942562895,0.5,0.00647942562894605
65.84,0.00435091877334762,0.499347362183998,0.500652637816002,0.5,0.00652637816002138
65.85,0.00438153340021929,0.499342769989967,0.500657230010033,0.5,0.006572300100329
65.86,0.00441145613217475,0.499338281580174,0.500661718419826,0.5,0.00661718419826207
65.87,0.00444068224406772,0.49933389766339,0.50066610233661,0.5,0.00666102336610158
65.88,0.0044692071207563,0.499329618931887,0.500670381068113,0.5,0.00670381068113457
65.89,0.00449702625783185,0.499325446061325,0.500674553938675,0.5,0.00674553938674771
65.9,0.00452413526233011,0.49932137971065,0.50067862028935,0.5,0.00678620289349507
65.91,0.00455052985342497,0.499317420521986,0.500682579478014,0.5,0.00682579478013756
65.92,0.00457620586310459,0.499313569120534,0.500686430879466,0.5,0.0068643087946571
65.93,0.00460115923682937,0.499309826114476,0.500690173885524,0.5,0.00690173885524392
65.94,0.00462538603417227,0.499306192094874,0.500693807905126,0.5,0.00693807905125854
65.95,0.00464888242944125,0.499302667635584,0.500697332364416,0.5,0.00697332364416187
65.96,0.00467164471228303,0.499299253293158,0.500700746706843,0.5,0.00700746706842476
65.97,0.00469366928826936,0.49929594960676,0.50070405039324,0.5,0.00704050393240396
65.98,0.00471495267946432,0.49929275709808,0.50070724290192,0.5,0.00707242901919675
65.99,0.00473549152497371,0.499289676271254,0.500710323728746,0.5,0.00710323728746048
66,0.00475528258147576,0.499286707612779,0.500713292387221,0.5,0.0071329238722137
66.01,0.00477432272373322,0.49928385159144,0.50071614840856,0.5,0.00716148408559963
66.02,0.00479260894508687,0.499281108658237,0.500718891341763,0.5,0.00718891341763034
66.03,0.00481013835793043,0.49927847924631,0.50072152075369,0.5,0.00721520753689586
66.04,0.00482690819416638,0.499275963770875,0.500724036229125,0.5,0.0072403622912498
66.05,0.00484291580564316,0.499273562629154,0.500726437370846,0.5,0.00726437370846461
66.06,0.00485815866457338,0.499271276200314,0.500728723799686,0.5,0.00728723799686026
66.07,0.00487263436393287,0.49926910484541,0.50073089515459,0.5,0.00730895154589906
66.08,0.00488634061784096,0.499267048907324,0.500732951092676,0.5,0.00732951092676126
66.09,0.00489927526192123,0.499265108710712,0.500734891289288,0.5,0.00734891289288164
66.1,0.00491143625364343,0.499263284561953,0.500736715438047,0.5,0.00736715438046542
66.11,0.00492282167264602,0.499261576749103,0.500738423250897,0.5,0.00738423250896902
66.12,0.00493342972103934,0.499259985541844,0.500740014458156,0.5,0.00740014458155885
66.13,0.00494325872368957,0.499258511191447,0.500741488808553,0.5,0.00741488808553431
66.14,0.00495230712848326,0.499257153930728,0.500742846069272,0.5,0.00742846069272468
66.15,0.00496057350657239,0.499255913974014,0.500744086025986,0.5,0.00744086025985857
66.16,0.00496805655260004,0.49925479151711,0.50074520848289,0.5,0.00745208482890031
66.17,0.0049747550849065,0.499253786737264,0.500746213262736,0.5,0.00746213262735967
66.18,0.00498066804571587,0.499252899793143,0.500747100206857,0.5,0.00747100206857393
66.19,0.00498579450130307,0.499252130824805,0.500747869175195,0.5,0.00747869175195454
66.2,0.00499013364214136,0.499251479953679,0.500748520046321,0.5,0.00748520046321199
66.21,0.00499368478303008,0.499250947282545,0.500749052717455,0.5,0.00749052717454513
66.22,0.00499644736320295,0.49925053289552,0.50074946710448,0.5,0.00749467104480428
66.23,0.0049984209464165,0.499250236858038,0.500749763141963,0.5,0.00749763141962484
66.24,0.00499960522101908,0.499250059216847,0.500749940783153,0.5,0.00749940783152853
66.25,0.005,0.49925,0.50075,0.5,0.00750000000000001
66.26,0.00499960522101908,0.499250059216847,0.500749940783153,0.5,0.00749940783152853
66.27,0.0049984209464165,0.499250236858038,0.500749763141963,0.5,0.00749763141962484
66.28,0.00499644736320295,0.49925053289552,0.50074946710448,0.5,0.00749467104480428
66.29,0.00499368478303009,0.499250947282545,0.500749052717455,0.5,0.00749052717454513
66.3,0.00499013364214136,0.499251479953679,0.500748520046321,0.5,0.00748520046321199
66.31,0.00498579450130307,0.499252130824805,0.500747869175195,0.5,0.00747869175195454
66.32,0.00498066804571587,0.499252899793143,0.500747100206857,0.5,0.00747100206857393
66.33,0.0049747550849065,0.499253786737264,0.500746213262736,0.5,0.00746213262735967
66.34,0.00496805655260004,0.49925479151711,0.50074520848289,0.5,0.00745208482890031
66.35,0.0049605735065724,0.499255913974014,0.500744086025986,0.5,0.00744086025985857
66.36,0.00495230712848326,0.499257153930728,0.500742846069272,0.5,0.00742846069272468
66.37,0.00494325872368957,0.499258511191447,0.500741488808553,0.5,0.00741488808553431
66.38,0.00493342972103934,0.499259985541844,0.500740014458156,0.5,0.00740014458155885
66.39,0.00492282167264603,0.499261576749103,0.500738423250897,0.5,0.00738423250896902
66.4,0.00491143625364344,0.499263284561953,0.500736715438047,0.5,0.00736715438046542
66.41,0.00489927526192125,0.499265108710712,0.500734891289288,0.5,0.00734891289288164
66.42,0.00488634061784097,0.499267048907324,0.500732951092676,0.5,0.00732951092676126
66.43,0.00487263436393289,0.49926910484541,0.50073089515459,0.5,0.00730895154589906
66.44,0.00485815866457338,0.499271276200314,0.500728723799686,0.5,0.00728723799686026
66.45,0.00484291580564316,0.499273562629154,0.500726437370846,0.5,0.00726437370846461
66.46,0.00482690819416638,0.499275963770875,0.500724036229125,0.5,0.0072403622912498
66.47,0.00481013835793044,0.49927847924631,0.50072152075369,0.5,0.00721520753689586
66.48,0.00479260894508688,0.499281108658237,0.500718891341763,0.5,0.00718891341763034
66.49,0.00477432272373322,0.49928385159144,0.50071614840856,0.5,0.00716148408559963
66.5,0.00475528258147577,0.499286707612779,0.500713292387221,0.5,0.0071329238722137
66.51,0.00473549152497371,0.499289676271254,0.500710323728746,0.5,0.00710323728746048
66.52,0.00471495267946432,0.49929275709808,0.50070724290192,0.5,0.00707242901919675
66.53,0.00469366928826936,0.49929594960676,0.50070405039324,0.5,0.00704050393240396
66.54,0.00467164471228304,0.499299253293158,0.500700746706843,0.5,0.00700746706842476
66.55,0.00464888242944128,0.499302667635584,0.500697332364416,0.5,0.00697332364416187
66.56,0.0046253860341723,0.499306192094874,0.500693807905126,0.5,0.00693807905125854
66.57,0.00460115923682938,0.499309826114476,0.500690173885524,0.5,0.00690173885524392
66.58,0.0045762058631046,0.499313569120534,0.500686430879466,0.5,0.0068643087946571
66.59,0.00455052985342498,0.499317420521986,0.500682579478014,0.5,0.00682579478013756
66.6,0.00452413526233011,0.49932137971065,0.50067862028935,0.5,0.00678620289349507
66.61,0.00449702625783186,0.499325446061325,0.500674553938675,0.5,0.00674553938674771
66.62,0.00446920712075631,0.499329618931887,0.500670381068113,0.5,0.00670381068113457
66.63,0.00444068224406773,0.49933389766339,0.50066610233661,0.5,0.00666102336610158
66.64,0.00441145613217476,0.499338281580174,0.500661718419826,0.5,0.00661718419826207
66.65,0.00438153340021929,0.499342769989967,0.500657230010033,0.5,0.006572300100329
66.66,0.00435091877334766,0.499347362183998,0.500652637816002,0.5,0.00652637816002138
66.67,0.00431961708596419,0.499352057437105,0.500647942562895,0.5,0.00647942562894605
66.68,0.00428763328096826,0.499356855007855,0.500643144992145,0.5,0.00643144992145239
66.69,0.00425497240897348,0.499361754138654,0.500638245861346,0.5,0.00638245861346004
66.7,0.00422163962751008,0.499366754055873,0.500633245944127,0.5,0.00633245944126504
66.71,0.00418764020021073,0.499371853969968,0.500628146030032,0.5,0.00628146030031584
66.72,0.00415297949597907,0.499377053075603,0.500622946924397,0.5,0.00622946924396878
66.73,0.00411766298814213,0.499382350551779,0.500617649448221,0.5,0.00617649448221291
66.74,0.00408169625358593,0.499387745561962,0.500612254438038,0.5,0.0061225443803789
66.75,0.00404508497187473,0.499393237254219,0.500606762745781,0.5,0.00606762745781197
66.76,0.00400783492435436,0.499398824761347,0.500601175238653,0.5,0.00601175238653134
66.77,0.00396995199323922,0.499404507201014,0.500595492798986,0.5,0.0059549279898588
66.78,0.00393144216068312,0.499410283675898,0.500589716324102,0.5,0.00589716324102457
66.79,0.00389231150783512,0.499416153273825,0.500583846726175,0.5,0.00583846726175286
66.8,0.00385256621387897,0.499422115067918,0.500577884932082,0.5,0.00577884932081857
66.81,0.00381221255505725,0.499428168116741,0.500571831883259,0.5,0.005718318832586
66.82,0.00377125690368055,0.499434311464448,0.500565688535552,0.5,0.00565688535552056
66.83,0.00372970572712092,0.499440544140932,0.500559455859068,0.5,0.00559455859068136
66.84,0.00368756558679086,0.499446865161981,0.500553134838019,0.5,0.00553134838018637
66.85,0.00364484313710708,0.499453273529434,0.500546726470566,0.5,0.00546726470566083
66.86,0.00360154512443953,0.499459768231334,0.500540231768666,0.5,0.00540231768665911
66.87,0.0035576783860464,0.499466348242093,0.500533651757907,0.5,0.00533651757906983
66.88,0.0035132498489943,0.499473012522651,0.500526987477349,0.5,0.00526987477349139
66.89,0.00346826652906406,0.49947976002064,0.50052023997936,0.5,0.00520239979359599
66.9,0.00342273552964345,0.499486589670553,0.500513410329447,0.5,0.00513410329446518
66.91,0.00337666404060516,0.499493500393909,0.500506499606091,0.5,0.00506499606090755
66.92,0.00333005933717127,0.499500491099424,0.500499508900576,0.5,0.00499508900575707
66.93,0.00328292877876477,0.499507560683185,0.500492439316815,0.5,0.00492439316814725
66.94,0.00323527980784724,0.499514708028823,0.500485291971177,0.5,0.00485291971177082
66.95,0.00318711994874345,0.499521932007688,0.500478067992312,0.5,0.00478067992311537
66.96,0.00313845680645353,0.499529231479032,0.500470768520968,0.5,0.00470768520968057
66.97,0.00308929806545168,0.499536605290182,0.500463394709818,0.5,0.00463394709817738
66.98,0.00303965148847301,0.499544052276729,0.500455947723271,0.5,0.00455947723270955
66.99,0.00298952491528766,0.499551571262707,0.500448428737293,0.5,0.00448428737293144
67,0.00293892626146241,0.499559161060781,0.500440838939219,0.5,0.0044083893921934
67.01,0.0028878635171113,0.499566820472433,0.500433179527567,0.5,0.00433179527566718
67.02,0.00283634474563383,0.499574548288155,0.500425451711845,0.5,0.00425451711845048
67.03,0.00278437808244096,0.499582343287634,0.500417656712366,0.5,0.00417656712366155
67.04,0.00273197173367134,0.499590204239949,0.500409795760051,0.5,0.00409795760050707
67.05,0.00267913397489501,0.499598129903766,0.500401870096234,0.5,0.00401870096234269
67.06,0.00262587314980648,0.499606119027529,0.500393880972471,0.5,0.0039388097247095
67.07,0.00257219766890757,0.499614170349664,0.500385829650336,0.5,0.0038582965033615
67.08,0.00251811600817881,0.499622282598773,0.500377717401227,0.5,0.00377717401226829
67.09,0.00246363670774144,0.499630454493839,0.500369545506161,0.5,0.00369545506161195
67.1,0.00240876837050859,0.499638684744424,0.500361315255576,0.5,0.00361315255576283
67.11,0.00235351966082665,0.499646972050876,0.500353027949124,0.5,0.0035302794912398
67.12,0.0022978993031074,0.499655315104534,0.500344684895466,0.5,0.0034468489546613
67.13,0.00224191608045022,0.499663712587932,0.500336287412067,0.5,0.0033628741206751
67.14,0.0021855788332547,0.499672163175012,0.500327836824988,0.5,0.00327836824988187
67.15,0.00212889645782537,0.499680665531326,0.500319334468674,0.5,0.00319334468673826
67.16,0.00207187790496646,0.499689218314255,0.500310781685745,0.5,0.00310781685744943
67.17,0.00201453217856832,0.499697820173215,0.500302179826785,0.5,0.00302179826785265
67.18,0.00195686833418599,0.499706469749872,0.500293530250128,0.5,0.00293530250127905
67.19,0.00189889547760902,0.499715165678359,0.500284834321641,0.5,0.00284834321641364
67.2,0.00184062276342338,0.499723906585486,0.500276093414514,0.5,0.00276093414513512
67.21,0.00178205939356628,0.499732691090965,0.500267308909035,0.5,0.00267308909034925
67.22,0.00172321461587258,0.499741517807619,0.500258482192381,0.5,0.00258482192380893
67.23,0.0016640977226149,0.499750385341608,0.500249614658392,0.5,0.00249614658392239
67.24,0.00160471804903612,0.499759292292645,0.500240707707355,0.5,0.00240707707355403
67.25,0.00154508497187478,0.499768237254219,0.500231762745781,0.5,0.00231762745781211
67.26,0.00148520790788519,0.499777218813817,0.500222781186183,0.5,0.00222781186182797
67.27,0.00142509631234993,0.499786235553147,0.500213764446853,0.5,0.00213764446852505
67.28,0.00136475967758664,0.499795286048362,0.500204713951638,0.5,0.00204713951638014
67.29,0.00130420753144947,0.499804368870283,0.500195631129717,0.5,0.00195631129717433
67.3,0.0012434494358243,0.499813482584626,0.500186517415374,0.5,0.00186517415373649
67.31,0.00118249498511862,0.499822625752232,0.500177374247768,0.5,0.00177374247767786
67.32,0.00112135380474694,0.499831796929288,0.500168203070712,0.5,0.00168203070712053
67.33,0.00106003554961028,0.499840994667558,0.500159005332442,0.5,0.00159005332441536
67.34,0.000998549902572007,0.499850217514614,0.500149782485386,0.5,0.00149782485385774
67.35,0.000936906572928704,0.499859464014061,0.500140535985939,0.5,0.00140535985939327
67.36,0.00087511529487643,0.499868732705769,0.500131267294232,0.5,0.00131267294231491
67.37,0.000813185825974437,0.499878022126104,0.500121977873896,0.5,0.00121977873896145
67.38,0.000751127945603843,0.499887330808159,0.500112669191841,0.5,0.00112669191840581
67.39,0.000688951453423217,0.499896657281987,0.500103342718013,0.5,0.00103342718013488
67.4,0.000626666167821516,0.499906000074827,0.500093999925173,0.5,0.000939999251732271
67.41,0.000564281924367443,0.499915357711345,0.500084642288655,0.5,0.000846422886551235
67.42,0.000501808574256077,0.499924728713862,0.500075271286138,0.5,0.000752712861384064
67.43,0.000439255982753687,0.499934111602587,0.500065888397413,0.5,0.000658883974130609
67.44,0.000376634027639674,0.499943504895854,0.500056495104146,0.5,0.000564951041459594
67.45,0.000313952597646546,0.499952907110353,0.500047092889647,0.5,0.000470928896469935
67.46,0.000251221590898937,0.499962316761365,0.500037683238635,0.5,0.000376832386348447
67.47,0.000188450913349731,0.499971732362998,0.500028267637002,0.5,0.00028267637002477
67.48,0.000125650477216714,0.499981152428418,0.500018847571583,0.5,0.000188475715825198
67.49,6.28301994168289e-05,0.499990575470087,0.500009424529912,0.5,9.42452991251064e-05
67.5,3.42963001824918e-17,0.5,0.5,0.5,0
67.51,-6.28301994167604e-05,0.500009424529912,0.499990575470087,0.5,-9.42452991251064e-05
67.52,-0.000125650477216645,0.500018847571583,0.499981152428418,0.5,-0.000188475715825198
67.53,-0.000188450913349662,0.500028267637002,0.499971732362998,0.5,-0.00028267637002477
67.54,-0.000251221590898869,0.500037683238635,0.499962316761365,0.5,-0.000376832386348447
67.55,-0.000313952597646549,0.500047092889647,0.499952907110353,0.5,-0.000470928896469935
67.56,-0.000376634027639677,0.500056495104146,0.499943504895854,0.5,-0.000564951041459594
67.57,-0.00043925598275369,0.500065888397413,0.499934111602587,0.5,-0.000658883974130609
67.58,-0.00050180857425608,0.500075271286138,0.499924728713862,0.5,-0.000752712861384064
67.59,-0.000564281924367445,0.500084642288655,0.499915357711345,0.5,-0.000846422886551235
67.6,-0.000626666167821448,0.500093999925173,0.499906000074827,0.5,-0.000939999251732271
67.61,-0.000688951453423149,0.500103342718013,0.499896657281987,0.5,-0.00103342718013488
67.62,-0.000751127945603775,0.500112669191841,0.499887330808159,0.5,-0.00112669191840581
67.63,-0.000813185825974369,0.500121977873896,0.499878022126104,0.5,-0.00121977873896145
67.64,-0.000875115294876363,0.500131267294231,0.499868732705769,0.5,-0.00131267294231435
67.65,-0.000936906572928637,0.500140535985939,0.499859464014061,0.5,-0.001405359859393
67.66,-0.00099854990257201,0.500149782485386,0.499850217514614,0.5,-0.00149782485385774
67.67,-0.00106003554961028,0.500159005332442,0.499840994667558,0.5,-0.00159005332441536
67.68,-0.00112135380474694,0.500168203070712,0.499831796929288,0.5,-0.00168203070712053
67.69,-0.00118249498511862,0.500177374247768,0.499822625752232,0.5,-0.00177374247767786
67.7,-0.0012434494358243,0.500186517415374,0.499813482584626,0.5,-0.00186517415373649
67.71,-0.00130420753144941,0.500195631129717,0.499804368870283,0.5,-0.00195631129717433
67.72,-0.00136475967758658,0.500204713951638,0.499795286048362,0.5,-0.00204713951638014
67.73,-0.00142509631234986,0.500213764446853,0.499786235553147,0.5,-0.00213764446852505
67.74,-0.00148520790788512,0.500222781186183,0.499777218813817,0.5,-0.00222781186182769
67.75,-0.00154508497187471,0.500231762745781,0.499768237254219,0.5,-0.00231762745781183
67.76,-0.00160471804903605,0.500240707707355,0.499759292292645,0.5,-0.00240707707355403
67.77,-0.0016640977226149,0.500249614658392,0.499750385341608,0.5,-0.00249614658392239
67.78,-0.00172321461587258,0.500258482192381,0.499741517807619,0.5,-0.00258482192380893
67.79,-0.00178205939356628,0.500267308909035,0.499732691090965,0.5,-0.00267308909034925
67.8,-0.00184062276342338,0.500276093414514,0.499723906585486,0.5,-0.00276093414513512
67.81,-0.00189889547760903,0.500284834321641,0.499715165678359,0.5,-0.00284834321641364
67.82,-0.00195686833418593,0.500293530250128,0.499706469749872,0.5,-0.00293530250127905
67.83,-0.00201453217856826,0.500302179826785,0.499697820173215,0.5,-0.00302179826785265
67.84,-0.0020718779049664,0.500310781685745,0.499689218314255,0.5,-0.00310781685744943
67.85,-0.0021288964578253,0.500319334468674,0.499680665531326,0.5,-0.00319334468673799
67.86,-0.00218557883325464,0.500327836824988,0.499672163175012,0.5,-0.00327836824988187
67.87,-0.00224191608045016,0.500336287412067,0.499663712587932,0.5,-0.0033628741206751
67.88,-0.0022978993031074,0.500344684895466,0.499655315104534,0.5,-0.0034468489546613
67.89,-0.00235351966082665,0.500353027949124,0.499646972050876,0.5,-0.0035302794912398
67.9,-0.0024087683705086,0.500361315255576,0.499638684744424,0.5,-0.00361315255576283
67.91,-0.00246363670774144,0.500369545506161,0.499630454493839,0.5,-0.00369545506161195
67.92,-0.00251811600817882,0.500377717401227,0.499622282598773,0.5,-0.00377717401226829
67.93,-0.00257219766890757,0.500385829650336,0.499614170349664,0.5,-0.0038582965033615
67.94,-0.00262587314980642,0.500393880972471,0.499606119027529,0.5,-0.0039388097247095
67.95,-0.00267913397489496,0.500401870096234,0.499598129903766,0.5,-0.00401870096234269
67.96,-0.00273197173367129,0.500409795760051,0.499590204239949,0.5,-0.00409795760050707
67.97,-0.00278437808244091,0.500417656712366,0.499582343287634,0.5,-0.00417656712366155
67.98,-0.00283634474563378,0.500425451711845,0.499574548288155,0.5,-0.00425451711845048
67.99,-0.0028878635171113,0.500433179527567,0.499566820472433,0.5,-0.00433179527566718
68,-0.00293892626146235,0.500440838939219,0.499559161060781,0.5,-0.0044083893921934
68.01,-0.00298952491528761,0.500448428737293,0.499551571262707,0.5,-0.00448428737293116
68.02,-0.00303965148847301,0.500455947723271,0.499544052276729,0.5,-0.00455947723270955
68.03,-0.00308929806545168,0.500463394709818,0.499536605290182,0.5,-0.00463394709817738
68.04,-0.00313845680645353,0.500470768520968,0.499529231479032,0.5,-0.00470768520968057
68.05,-0.00318711994874345,0.500478067992312,0.499521932007688,0.5,-0.00478067992311537
68.06,-0.00323527980784725,0.500485291971177,0.499514708028823,0.5,-0.00485291971177082
68.07,-0.00328292877876472,0.500492439316815,0.499507560683185,0.5,-0.00492439316814725
68.08,-0.00333005933717122,0.500499508900576,0.499500491099424,0.5,-0.00499508900575707
68.09,-0.00337666404060511,0.500506499606091,0.499493500393909,0.5,-0.00506499606090755
68.1,-0.0034227355296434,0.500513410329447,0.499486589670553,0.5,-0.00513410329446518
68.11,-0.00346826652906401,0.50052023997936,0.49947976002064,0.5,-0.00520239979359599
68.12,-0.00351324984899425,0.500526987477349,0.499473012522651,0.5,-0.00526987477349139
68.13,-0.0035576783860464,0.500533651757907,0.499466348242093,0.5,-0.00533651757906983
68.14,-0.00360154512443953,0.500540231768666,0.499459768231334,0.5,-0.00540231768665911
68.15,-0.00364484313710708,0.500546726470566,0.499453273529434,0.5,-0.00546726470566083
68.16,-0.00368756558679086,0.500553134838019,0.499446865161981,0.5,-0.00553134838018637
68.17,-0.00372970572712093,0.500559455859068,0.499440544140932,0.5,-0.00559455859068136
68.18,-0.00377125690368056,0.500565688535552,0.499434311464448,0.5,-0.00565688535552056
68.19,-0.0038122125550572,0.500571831883259,0.499428168116741,0.5,-0.005718318832586
68.2,-0.00385256621387893,0.500577884932082,0.499422115067918,0.5,-0.00577884932081857
68.21,-0.00389231150783508,0.500583846726175,0.499416153273825,0.5,-0.00583846726175286
68.22,-0.00393144216068308,0.500589716324102,0.499410283675898,0.5,-0.00589716324102457
68.23,-0.00396995199323918,0.500595492798986,0.499404507201014,0.5,-0.00595492798985853
68.24,-0.00400783492435436,0.500601175238653,0.499398824761347,0.5,-0.00601175238653134
68.25,-0.00404508497187473,0.500606762745781,0.499393237254219,0.5,-0.00606762745781197
68.26,-0.00408169625358593,0.500612254438038,0.499387745561962,0.5,-0.0061225443803789
68.27,-0.00411766298814213,0.500617649448221,0.499382350551779,0.5,-0.00617649448221319
68.28,-0.00415297949597907,0.500622946924397,0.499377053075603,0.5,-0.00622946924396878
68.29,-0.00418764020021073,0.500628146030032,0.499371853969968,0.5,-0.00628146030031584
68.3,-0.00422163962751004,0.500633245944127,0.499366754055873,0.5,-0.00633245944126504
68.31,-0.00425497240897344,0.500638245861346,0.499361754138654,0.5,-0.00638245861346004
68.32,-0.00428763328096823,0.500643144992145,0.499356855007855,0.5,-0.00643144992145239
68.33,-0.00431961708596416,0.500647942562895,0.499352057437105,0.5,-0.00647942562894605
68.34,-0.00435091877334762,0.500652637816002,0.499347362183998,0.5,-0.00652637816002138
68.35,-0.0043815334002193,0.500657230010033,0.499342769989967,0.5,-0.006572300100329
68.36,-0.00441145613217476,0.500661718419826,0.499338281580174,0.5,-0.00661718419826207
68.37,-0.00444068224406773,0.50066610233661,0.49933389766339,0.5,-0.00666102336610158
68.38,-0.00446920712075631,0.500670381068113,0.499329618931887,0.5,-0.00670381068113457
68.39,-0.00449702625783186,0.500674553938675,0.499325446061325,0.5,-0.00674553938674771
68.4,-0.00452413526233011,0.50067862028935,0.49932137971065,0.5,-0.00678620289349507
68.41,-0.00455052985342495,0.500682579478014,0.499317420521986,0.5,-0.00682579478013756
68.42,-0.00457620586310457,0.500686430879466,0.499313569120534,0.5,-0.0068643087946571
68.43,-0.00460115923682935,0.500690173885524,0.499309826114476,0.5,-0.00690173885524392
68.44,-0.00462538603417227,0.500693807905126,0.499306192094874,0.5,-0.00693807905125854
68.45,-0.00464888242944125,0.500697332364416,0.499302667635584,0.5,-0.00697332364416187
68.46,-0.00467164471228304,0.500700746706843,0.499299253293158,0.5,-0.00700746706842476
68.47,-0.00469366928826936,0.50070405039324,0.49929594960676,0.5,-0.00704050393240396
68.48,-0.00471495267946433,0.50070724290192,0.49929275709808,0.5,-0.00707242901919675
68.49,-0.00473549152497371,0.500710323728746,0.499289676271254,0.5,-0.00710323728746048
68.5,-0.00475528258147577,0.500713292387221,0.499286707612779,0.5,-0.0071329238722137
68.51,-0.00477432272373322,0.50071614840856,0.49928385159144,0.5,-0.00716148408559963
68.52,-0.00479260894508688,0.500718891341763,0.499281108658237,0.5,-0.00718891341763034
68.53,-0.00481013835793044,0.50072152075369,0.49927847924631,0.5,-0.00721520753689586
68.54,-0.00482690819416638,0.500724036229125,0.499275963770875,0.5,-0.0072403622912498
68.55,-0.00484291580564314,0.500726437370846,0.499273562629154,0.5,-0.00726437370846461
68.56,-0.00485815866457336,0.500728723799686,0.499271276200314,0.5,-0.00728723799686026
68.57,-0.00487263436393287,0.50073089515459,0.49926910484541,0.5,-0.00730895154589906
68.58,-0.00488634061784096,0.500732951092676,0.499267048907324,0.5,-0.00732951092676126
68.59,-0.00489927526192123,0.500734891289288,0.499265108710712,0.5,-0.00734891289288164
68.6,-0.00491143625364344,0.500736715438047,0.499263284561953,0.5,-0.00736715438046542
68.61,-0.00492282167264603,0.500738423250897,0.499261576749103,0.5,-0.00738423250896902
68.62,-0.00493342972103935,0.500740014458156,0.499259985541844,0.5,-0.00740014458155885
68.63,-0.00494325872368957,0.500741488808553,0.499258511191447,0.5,-0.00741488808553431
68.64,-0.00495230712848326,0.500742846069272,0.499257153930728,0.5,-0.00742846069272468
68.65,-0.0049605735065724,0.500744086025986,0.499255913974014,0.5,-0.00744086025985857
68.66,-0.00496805655260004,0.50074520848289,0.49925479151711,0.5,-0.00745208482890031
68.67,-0.0049747550849065,0.500746213262736,0.499253786737264,0.5,-0.00746213262735967
68.68,-0.00498066804571586,0.500747100206857,0.499252899793143,0.5,-0.00747100206857393
68.69,-0.00498579450130307,0.500747869175195,0.499252130824805,0.5,-0.00747869175195454
68.7,-0.00499013364214136,0.500748520046321,0.499251479953679,0.5,-0.00748520046321199
68.71,-0.00499368478303009,0.500749052717455,0.499250947282545,0.5,-0.00749052717454513
68.72,-0.00499644736320295,0.50074946710448,0.49925053289552,0.5,-0.00749467104480428
68.73,-0.0049984209464165,0.500749763141963,0.499250236858038,0.5,-0.00749763141962484
68.74,-0.00499960522101908,0.500749940783153,0.499250059216847,0.5,-0.00749940783152853
68.75,-0.005,0.50075,0.49925,0.5,-0.00750000000000001
68.76,-0.00499960522101908,0.500749940783153,0.499250059216847,0.5,-0.00749940783152853
68.77,-0.0049984209464165,0.500749763141963,0.499250236858038,0.5,-0.00749763141962484
68.78,-0.00499644736320295,0.50074946710448,0.49925053289552,0.5,-0.00749467104480428
68.79,-0.00499368478303009,0.500749052717455,0.499250947282545,0.5,-0.00749052717454513
68.8,-0.00499013364214136,0.500748520046321,0.499251479953679,0.5,-0.00748520046321199
68.81,-0.00498579450130307,0.500747869175195,0.499252130824805,0.5,-0.00747869175195454
68.82,-0.00498066804571587,0.500747100206857,0.499252899793143,0.5,-0.00747100206857393
68.83,-0.0049747550849065,0.500746213262736,0.499253786737264,0.5,-0.00746213262735967
68.84,-0.00496805655260004,0.50074520848289,0.49925479151711,0.5,-0.00745208482890031
68.85,-0.00496057350657239,0.500744086025986,0.499255913974014,0.5,-0.00744086025985857
68.86,-0.00495230712848326,0.500742846069272,0.499257153930728,0.5,-0.00742846069272468
68.87,-0.00494325872368956,0.500741488808553,0.499258511191447,0.5,-0.00741488808553431
68.88,-0.00493342972103935,0.500740014458156,0.499259985541844,0.5,-0.00740014458155885
68.89,-0.00492282167264604,0.500738423250897,0.499261576749103,0.5,-0.00738423250896902
68.9,-0.00491143625364345,0.500736715438047,0.499263284561953,0.5,-0.00736715438046542
68.91,-0.00489927526192124,0.500734891289288,0.499265108710712,0.5,-0.00734891289288164
68.92,-0.00488634061784097,0.500732951092676,0.499267048907324,0.5,-0.00732951092676126
68.93,-0.00487263436393288,0.50073089515459,0.49926910484541,0.5,-0.00730895154589906
68.94,-0.00485815866457338,0.500728723799686,0.499271276200314,0.5,-0.00728723799686026
68.95,-0.00484291580564316,0.500726437370846,0.499273562629154,0.5,-0.00726437370846461
68.96,-0.00482690819416638,0.500724036229125,0.499275963770875,0.5,-0.0072403622912498
68.97,-0.00481013835793043,0.50072152075369,0.49927847924631,0.5,-0.00721520753689586
68.98,-0.00479260894508687,0.500718891341763,0.499281108658237,0.5,-0.00718891341763034
68.99,-0.00477432272373324,0.50071614840856,0.49928385159144,0.5,-0.00716148408559963
69,-0.00475528258147576,0.500713292387221,0.499286707612779,0.5,-0.0071329238722137
69.01,-0.0047354915249737,0.500710323728746,0.499289676271254,0.5,-0.00710323728746048
69.02,-0.00471495267946434,0.50070724290192,0.49929275709808,0.5,-0.00707242901919675
69.03,-0.00469366928826938,0.50070405039324,0.49929594960676,0.5,-0.00704050393240396
69.04,-0.00467164471228306,0.500700746706843,0.499299253293158,0.5,-0.00700746706842476
69.05,-0.00464888242944127,0.500697332364416,0.499302667635584,0.5,-0.00697332364416187
69.06,-0.00462538603417229,0.500693807905126,0.499306192094874,0.5,-0.00693807905125854
69.07,-0.00460115923682937,0.500690173885524,0.499309826114476,0.5,-0.00690173885524392
69.08,-0.00457620586310459,0.500686430879466,0.499313569120534,0.5,-0.0068643087946571
69.09,-0.00455052985342497,0.500682579478014,0.499317420521986,0.5,-0.00682579478013756
69.1,-0.00452413526233011,0.50067862028935,0.49932137971065,0.5,-0.00678620289349507
69.11,-0.00449702625783185,0.500674553938675,0.499325446061325,0.5,-0.00674553938674771
69.12,-0.0044692071207563,0.500670381068113,0.499329618931887,0.5,-0.00670381068113457
69.13,-0.00444068224406775,0.50066610233661,0.49933389766339,0.5,-0.00666102336610158
69.14,-0.00441145613217478,0.500661718419826,0.499338281580174,0.5,-0.00661718419826207
69.15,-0.00438153340021932,0.500657230010033,0.499342769989967,0.5,-0.006572300100329
69.16,-0.00435091877334765,0.500652637816002,0.499347362183998,0.5,-0.00652637816002138
69.17,-0.00431961708596418,0.500647942562895,0.499352057437105,0.5,-0.00647942562894605
69.18,-0.00428763328096825,0.500643144992145,0.499356855007855,0.5,-0.00643144992145239
69.19,-0.00425497240897347,0.500638245861346,0.499361754138654,0.5,-0.00638245861346004
69.2,-0.00422163962751007,0.500633245944127,0.499366754055873,0.5,-0.00633245944126504
69.21,-0.00418764020021072,0.500628146030032,0.499371853969968,0.5,-0.00628146030031584
69.22,-0.00415297949597906,0.500622946924397,0.499377053075603,0.5,-0.00622946924396878
69.23,-0.00411766298814212,0.500617649448221,0.499382350551779,0.5,-0.00617649448221291
69.24,-0.00408169625358596,0.500612254438038,0.499387745561962,0.5,-0.00612254438037918
69.25,-0.00404508497187476,0.500606762745781,0.499393237254219,0.5,-0.00606762745781197
69.26,-0.00400783492435439,0.500601175238653,0.499398824761347,0.5,-0.00601175238653134
69.27,-0.00396995199323921,0.500595492798986,0.499404507201014,0.5,-0.0059549279898588
69.28,-0.00393144216068311,0.500589716324102,0.499410283675898,0.5,-0.00589716324102457
69.29,-0.00389231150783511,0.500583846726175,0.499416153273825,0.5,-0.00583846726175286
69.3,-0.00385256621387896,0.500577884932082,0.499422115067918,0.5,-0.00577884932081857
69.31,-0.00381221255505724,0.500571831883259,0.499428168116741,0.5,-0.005718318832586
69.32,-0.00377125690368054,0.500565688535552,0.499434311464448,0.5,-0.00565688535552056
69.33,-0.00372970572712091,0.500559455859068,0.499440544140932,0.5,-0.00559455859068136
69.34,-0.00368756558679085,0.500553134838019,0.499446865161981,0.5,-0.00553134838018637
69.35,-0.00364484313710711,0.500546726470566,0.499453273529434,0.5,-0.00546726470566083
69.36,-0.00360154512443957,0.500540231768666,0.499459768231334,0.5,-0.00540231768665911
69.37,-0.00355767838604644,0.500533651757907,0.499466348242093,0.5,-0.00533651757906983
69.38,-0.00351324984899429,0.500526987477349,0.499473012522651,0.5,-0.00526987477349139
69.39,-0.00346826652906404,0.50052023997936,0.49947976002064,0.5,-0.00520239979359599
69.4,-0.00342273552964344,0.500513410329447,0.499486589670553,0.5,-0.00513410329446518
69.41,-0.00337666404060515,0.500506499606091,0.499493500393909,0.5,-0.00506499606090755
69.42,-0.00333005933717126,0.500499508900576,0.499500491099424,0.5,-0.00499508900575707
69.43,-0.00328292877876476,0.500492439316815,0.499507560683185,0.5,-0.00492439316814725
69.44,-0.00323527980784723,0.500485291971177,0.499514708028823,0.5,-0.00485291971177082
69.45,-0.00318711994874343,0.500478067992312,0.499521932007688,0.5,-0.00478067992311537
69.46,-0.00313845680645357,0.500470768520968,0.499529231479032,0.5,-0.00470768520968057
69.47,-0.00308929806545172,0.500463394709818,0.499536605290182,0.5,-0.00463394709817738
69.48,-0.00303965148847305,0.500455947723271,0.499544052276729,0.5,-0.00455947723270955
69.49,-0.00298952491528765,0.500448428737293,0.499551571262707,0.5,-0.00448428737293144
69.5,-0.00293892626146239,0.500440838939219,0.499559161060781,0.5,-0.0044083893921934
69.51,-0.00288786351711134,0.500433179527567,0.499566820472433,0.5,-0.00433179527566718
69.52,-0.00283634474563382,0.500425451711845,0.499574548288155,0.5,-0.00425451711845048
69.53,-0.00278437808244095,0.500417656712366,0.499582343287634,0.5,-0.00417656712366155
69.54,-0.00273197173367133,0.500409795760051,0.499590204239949,0.5,-0.00409795760050707
69.55,-0.002679133974895,0.500401870096234,0.499598129903766,0.5,-0.00401870096234269
69.56,-0.00262587314980647,0.500393880972471,0.499606119027529,0.5,-0.0039388097247095
69.57,-0.00257219766890755,0.500385829650336,0.499614170349664,0.5,-0.0038582965033615
69.58,-0.0025181160081788,0.500377717401227,0.499622282598773,0.5,-0.00377717401226829
69.59,-0.00246363670774143,0.500369545506161,0.499630454493839,0.5,-0.00369545506161195
69.6,-0.00240876837050864,0.500361315255576,0.499638684744424,0.5,-0.00361315255576283
69.61,-0.0023535196608267,0.500353027949124,0.499646972050876,0.5,-0.0035302794912398
69.62,-0.00229789930310745,0.500344684895466,0.499655315104534,0.5,-0.0034468489546613
69.63,-0.00224191608045021,0.500336287412067,0.499663712587932,0.5,-0.0033628741206751
69.64,-0.00218557883325468,0.500327836824988,0.499672163175012,0.5,-0.00327836824988187
69.65,-0.00212889645782535,0.500319334468674,0.499680665531326,0.5,-0.00319334468673826
69.66,-0.00207187790496644,0.500310781685745,0.499689218314255,0.5,-0.00310781685744943
69.67,-0.00201453217856831,0.500302179826785,0.499697820173215,0.5,-0.00302179826785265
69.68,-0.00195686833418598,0.500293530250128,0.499706469749872,0.5,-0.00293530250127905
69.69,-0.00189889547760901,0.500284834321641,0.499715165678359,0.5,-0.00284834321641364
69.7,-0.00184062276342336,0.500276093414514,0.499723906585486,0.5,-0.00276093414513512
69.71,-0.00178205939356633,0.500267308909035,0.499732691090965,0.5,-0.00267308909034925
69.72,-0.00172321461587263,0.500258482192381,0.499741517807619,0.5,-0.00258482192380893
69.73,-0.00166409772261495,0.500249614658392,0.499750385341608,0.5,-0.00249614658392239
69.74,-0.0016047180490361,0.500240707707355,0.499759292292645,0.5,-0.00240707707355403
69.75,-0.00154508497187476,0.500231762745781,0.499768237254219,0.5,-0.00231762745781211
69.76,-0.00148520790788517,0.500222781186183,0.499777218813817,0.5,-0.00222781186182797
69.77,-0.00142509631234991,0.500213764446853,0.499786235553147,0.5,-0.00213764446852505
69.78,-0.00136475967758663,0.500204713951638,0.499795286048362,0.5,-0.00204713951638014
69.79,-0.00130420753144946,0.500195631129717,0.499804368870283,0.5,-0.00195631129717433
69.8,-0.00124344943582428,0.500186517415374,0.499813482584626,0.5,-0.00186517415373649
69.81,-0.0011824949851186,0.500177374247768,0.499822625752232,0.5,-0.00177374247767786
69.82,-0.00112135380474699,0.500168203070712,0.499831796929288,0.5,-0.00168203070712053
69.83,-0.00106003554961033,0.500159005332442,0.499840994667558,0.5,-0.00159005332441536
69.84,-0.00099854990257206,0.500149782485386,0.499850217514614,0.5,-0.00149782485385802
69.85,-0.000936906572928687,0.500140535985939,0.499859464014061,0.5,-0.00140535985939327
69.86,-0.000875115294876413,0.500131267294231,0.499868732705769,0.5,-0.00131267294231435
69.87,-0.00081318582597442,0.500121977873896,0.499878022126104,0.5,-0.00121977873896145
69.88,-0.000751127945603826,0.500112669191841,0.499887330808159,0.5,-0.00112669191840581
69.89,-0.0006889514534232,0.500103342718013,0.499896657281987,0.5,-0.00103342718013488
69.9,-0.0006266661678215,0.500093999925173,0.499906000074827,0.5,-0.000939999251732271
69.91,-0.000564281924367426,0.500084642288655,0.499915357711345,0.5,-0.000846422886551235
69.92,-0.00050180857425606,0.500075271286138,0.499924728713862,0.5,-0.000752712861384064
69.93,-0.00043925598275367,0.500065888397413,0.499934111602587,0.5,-0.000658883974130609
69.94,-0.000376634027639728,0.500056495104146,0.499943504895854,0.5,-0.000564951041459594
69.95,-0.0003139525976466,0.500047092889647,0.499952907110353,0.5,-0.000470928896469935
69.96,-0.00025122159089892,0.500037683238635,0.499962316761365,0.5,-0.000376832386348447
69.97,-0.000188450913349714,0.500028267637002,0.499971732362998,0.5,-0.00028267637002477
69.98,-0.000125650477216697,0.500018847571583,0.499981152428418,0.5,-0.000188475715825198
69.99,-6.28301994168118e-05,0.500009424529912,0.499990575470087,0.5,-9.42452991251064e-05
70,-1.71450551880629e-17,0.5,0.5,0.5,0
70.01,6.28301994167775e-05,0.499990575470087,0.500009424529912,0.5,9.42452991251064e-05
70.02,0.000125650477216662,0.499981152428418,0.500018847571583,0.5,0.000188475715825198
70.03,0.000188450913349679,0.499971732362998,0.500028267637002,0.5,0.00028267637002477
70.04,0.000251221590898886,0.499962316761365,0.500037683238635,0.5,0.000376832386348447
70.05,0.000313952597646566,0.499952907110353,0.500047092889647,0.5,0.000470928896469935
70.06,0.000376634027639694,0.499943504895854,0.500056495104146,0.5,0.000564951041459594
70.07,0.000439255982753636,0.499934111602587,0.500065888397413,0.5,0.000658883974130609
70.08,0.000501808574256026,0.499924728713862,0.500075271286138,0.5,0.000752712861383786
70.09,0.000564281924367392,0.499915357711345,0.500084642288655,0.5,0.000846422886551235
70.1,0.000626666167821465,0.499906000074827,0.500093999925173,0.5,0.000939999251732271
70.11,0.000688951453423166,0.499896657281987,0.500103342718013,0.5,0.00103342718013488
70.12,0.000751127945603792,0.499887330808159,0.500112669191841,0.5,0.00112669191840581
70.13,0.000813185825974386,0.499878022126104,0.500121977873896,0.5,0.00121977873896145
70.14,0.000875115294876379,0.499868732705769,0.500131267294231,0.5,0.00131267294231435
70.15,0.000936906572928653,0.499859464014061,0.500140535985939,0.5,0.001405359859393
70.16,0.000998549902572027,0.499850217514614,0.500149782485386,0.5,0.00149782485385802
70.17,0.0010600355496103,0.499840994667558,0.500159005332442,0.5,0.00159005332441536
70.18,0.00112135380474696,0.499831796929288,0.500168203070712,0.5,0.00168203070712053
70.19,0.00118249498511857,0.499822625752232,0.500177374247768,0.5,0.00177374247767759
70.2,0.00124344943582425,0.499813482584626,0.500186517415374,0.5,0.00186517415373649
70.21,0.00130420753144942,0.499804368870283,0.500195631129717,0.5,0.00195631129717433
70.22,0.0013647596775866,0.499795286048362,0.500204713951638,0.5,0.00204713951638014
70.23,0.00142509631234988,0.499786235553147,0.500213764446853,0.5,0.00213764446852505
70.24,0.00148520790788514,0.499777218813817,0.500222781186183,0.5,0.00222781186182797
70.25,0.00154508497187473,0.499768237254219,0.500231762745781,0.5,0.00231762745781183
70.26,0.00160471804903607,0.499759292292645,0.500240707707355,0.5,0.00240707707355403
70.27,0.00166409772261492,0.499750385341608,0.500249614658392,0.5,0.00249614658392239
70.28,0.0017232146158726,0.499741517807619,0.500258482192381,0.5,0.00258482192380893
70.29,0.0017820593935663,0.499732691090965,0.500267308909035,0.5,0.00267308909034925
70.3,0.00184062276342333,0.499723906585486,0.500276093414514,0.5,0.00276093414513512
70.31,0.00189889547760898,0.499715165678359,0.500284834321641,0.5,0.00284834321641364
70.32,0.00195686833418595,0.499706469749872,0.500293530250128,0.5,0.00293530250127905
70.33,0.00201453217856828,0.499697820173215,0.500302179826785,0.5,0.00302179826785265
70.34,0.00207187790496641,0.499689218314255,0.500310781685745,0.5,0.00310781685744943
70.35,0.00212889645782532,0.499680665531326,0.500319334468674,0.5,0.00319334468673799
70.36,0.00218557883325465,0.499672163175012,0.500327836824988,0.5,0.00327836824988187
70.37,0.00224191608045018,0.499663712587932,0.500336287412067,0.5,0.0033628741206751
70.38,0.00229789930310742,0.499655315104534,0.500344684895466,0.5,0.0034468489546613
70.39,0.00235351966082667,0.499646972050876,0.500353027949124,0.5,0.0035302794912398
70.4,0.00240876837050861,0.499638684744424,0.500361315255576,0.5,0.00361315255576283
70.41,0.0024636367077414,0.499630454493839,0.500369545506161,0.5,0.00369545506161195
70.42,0.00251811600817877,0.499622282598773,0.500377717401227,0.5,0.00377717401226829
70.43,0.00257219766890753,0.499614170349664,0.500385829650336,0.5,0.0038582965033615
70.44,0.00262587314980644,0.499606119027529,0.500393880972471,0.5,0.0039388097247095
70.45,0.00267913397489497,0.499598129903766,0.500401870096234,0.5,0.00401870096234269
70.46,0.0027319717336713,0.499590204239949,0.500409795760051,0.5,0.00409795760050707
70.47,0.00278437808244092,0.499582343287634,0.500417656712366,0.5,0.00417656712366155
70.48,0.00283634474563379,0.499574548288155,0.500425451711845,0.5,0.00425451711845048
70.49,0.00288786351711131,0.499566820472433,0.500433179527567,0.5,0.00433179527566718
70.5,0.00293892626146237,0.499559161060781,0.500440838939219,0.5,0.0044083893921934
70.51,0.00298952491528762,0.499551571262707,0.500448428737293,0.5,0.00448428737293116
70.52,0.00303965148847302,0.499544052276729,0.500455947723271,0.5,0.00455947723270955
70.53,0.00308929806545169,0.499536605290182,0.500463394709818,0.5,0.00463394709817738
70.54,0.00313845680645355,0.499529231479032,0.500470768520968,0.5,0.00470768520968057
70.55,0.00318711994874341,0.499521932007688,0.500478067992312,0.5,0.00478067992311537
70.56,0.0032352798078472,0.499514708028823,0.500485291971177,0.5,0.00485291971177082
70.57,0.00328292877876474,0.499507560683185,0.500492439316815,0.5,0.00492439316814725
70.58,0.00333005933717124,0.499500491099424,0.500499508900576,0.5,0.00499508900575707
70.59,0.00337666404060512,0.499493500393909,0.500506499606091,0.5,0.00506499606090755
70.6,0.00342273552964342,0.499486589670553,0.500513410329447,0.5,0.00513410329446518
70.61,0.00346826652906402,0.49947976002064,0.50052023997936,0.5,0.00520239979359599
70.62,0.00351324984899426,0.499473012522651,0.500526987477349,0.5,0.00526987477349139
70.63,0.00355767838604642,0.499466348242093,0.500533651757907,0.5,0.00533651757906983
70.64,0.00360154512443955,0.499459768231334,0.500540231768666,0.5,0.00540231768665911
70.65,0.00364484313710709,0.499453273529434,0.500546726470566,0.5,0.00546726470566083
70.66,0.00368756558679083,0.499446865161981,0.500553134838019,0.5,0.00553134838018637
70.67,0.00372970572712089,0.499440544140932,0.500559455859068,0.5,0.00559455859068136
70.68,0.00377125690368052,0.499434311464448,0.500565688535552,0.5,0.00565688535552056
70.69,0.00381221255505721,0.499428168116741,0.500571831883259,0.5,0.005718318832586
70.7,0.00385256621387894,0.499422115067918,0.500577884932082,0.5,0.00577884932081857
70.71,0.00389231150783509,0.499416153273825,0.500583846726175,0.5,0.00583846726175286
70.72,0.00393144216068309,0.499410283675898,0.500589716324102,0.5,0.00589716324102457
70.73,0.00396995199323919,0.499404507201014,0.500595492798986,0.5,0.00595492798985853
70.74,0.00400783492435437,0.499398824761347,0.500601175238653,0.5,0.00601175238653134
70.75,0.00404508497187474,0.499393237254219,0.500606762745781,0.5,0.00606762745781197
70.76,0.00408169625358594,0.499387745561962,0.500612254438038,0.5,0.00612254438037918
70.77,0.0041176629881421,0.499382350551779,0.500617649448221,0.5,0.00617649448221291
70.78,0.00415297949597904,0.499377053075603,0.500622946924397,0.5,0.00622946924396878
70.79,0.00418764020021071,0.499371853969968,0.500628146030032,0.5,0.00628146030031584
70.8,0.00422163962751005,0.499366754055873,0.500633245944127,0.5,0.00633245944126504
70.81,0.00425497240897345,0.499361754138654,0.500638245861346,0.5,0.00638245861346004
70.82,0.00428763328096823,0.499356855007855,0.500643144992145,0.5,0.00643144992145239
70.83,0.00431961708596417,0.499352057437105,0.500647942562895,0.5,0.00647942562894605
70.84,0.00435091877334763,0.499347362183998,0.500652637816002,0.5,0.00652637816002138
70.85,0.0043815334002193,0.499342769989967,0.500657230010033,0.5,0.006572300100329
70.86,0.00441145613217477,0.499338281580174,0.500661718419826,0.5,0.00661718419826207
70.87,0.00444068224406774,0.49933389766339,0.50066610233661,0.5,0.00666102336610158
70.88,0.00446920712075628,0.499329618931887,0.500670381068113,0.5,0.00670381068113457
70.89,0.00449702625783184,0.499325446061325,0.500674553938675,0.5,0.00674553938674771
70.9,0.00452413526233009,0.49932137971065,0.50067862028935,0.5,0.00678620289349507
70.91,0.00455052985342496,0.499317420521986,0.500682579478014,0.5,0.00682579478013756
70.92,0.00457620586310458,0.499313569120534,0.500686430879466,0.5,0.0068643087946571
70.93,0.00460115923682936,0.499309826114476,0.500690173885524,0.5,0.00690173885524392
70.94,0.00462538603417228,0.499306192094874,0.500693807905126,0.5,0.00693807905125854
70.95,0.00464888242944126,0.499302667635584,0.500697332364416,0.5,0.00697332364416187
70.96,0.00467164471228305,0.499299253293158,0.500700746706843,0.5,0.00700746706842476
70.97,0.00469366928826937,0.49929594960676,0.50070405039324,0.5,0.00704050393240396
70.98,0.00471495267946433,0.49929275709808,0.50070724290192,0.5,0.00707242901919675
70.99,0.00473549152497369,0.499289676271254,0.500710323728746,0.5,0.00710323728746048
71,0.00475528258147575,0.499286707612779,0.500713292387221,0.5,0.0071329238722137
71.01,0.00477432272373323,0.49928385159144,0.50071614840856,0.5,0.00716148408559963
71.02,0.00479260894508686,0.499281108658237,0.500718891341763,0.5,0.00718891341763034
71.03,0.00481013835793042,0.49927847924631,0.50072152075369,0.5,0.00721520753689586
71.04,0.00482690819416637,0.499275963770875,0.500724036229125,0.5,0.0072403622912498
71.05,0.00484291580564315,0.499273562629154,0.500726437370846,0.5,0.00726437370846461
71.06,0.00485815866457337,0.499271276200314,0.500728723799686,0.5,0.00728723799686026
71.07,0.00487263436393288,0.49926910484541,0.50073089515459,0.5,0.00730895154589906
71.08,0.00488634061784096,0.499267048907324,0.500732951092676,0.5,0.00732951092676126
71.09,0.00489927526192124,0.499265108710712,0.500734891289288,0.5,0.00734891289288164
71.1,0.00491143625364344,0.499263284561953,0.500736715438047,0.5,0.00736715438046542
71.11,0.00492282167264603,0.499261576749103,0.500738423250897,0.5,0.00738423250896902
71.12,0.00493342972103935,0.499259985541844,0.500740014458156,0.5,0.00740014458155885
71.13,0.00494325872368956,0.499258511191447,0.500741488808553,0.5,0.00741488808553431
71.14,0.00495230712848325,0.499257153930728,0.500742846069272,0.5,0.00742846069272468
71.15,0.00496057350657239,0.499255913974014,0.500744086025986,0.5,0.00744086025985857
71.16,0.00496805655260004,0.49925479151711,0.50074520848289,0.5,0.00745208482890031
71.17,0.0049747550849065,0.499253786737264,0.500746213262736,0.5,0.00746213262735967
71.18,0.00498066804571586,0.499252899793143,0.500747100206857,0.5,0.00747100206857393
71.19,0.00498579450130307,0.499252130824805,0.500747869175195,0.5,0.00747869175195454
71.2,0.00499013364214136,0.499251479953679,0.500748520046321,0.5,0.00748520046321199
71.21,0.00499368478303009,0.499250947282545,0.500749052717455,0.5,0.00749052717454513
71.22,0.00499644736320295,0.49925053289552,0.50074946710448,0.5,0.00749467104480428
71.23,0.0049984209464165,0.499250236858038,0.500749763141963,0.5,0.00749763141962484
71.24,0.00499960522101908,0.499250059216847,0.500749940783153,0.5,0.00749940783152853
71.25,0.005,0.49925,0.50075,0.5,0.00750000000000001
71.26,0.00499960522101908,0.499250059216847,0.500749940783153,0.5,0.00749940783152853
71.27,0.0049984209464165,0.499250236858038,0.500749763141963,0.5,0.00749763141962484
71.28,0.00499644736320295,0.49925053289552,0.50074946710448,0.5,0.00749467104480428
71.29,0.00499368478303009,0.499250947282545,0.500749052717455,0.5,0.00749052717454513
71.3,0.00499013364214136,0.499251479953679,0.500748520046321,0.5,0.00748520046321199
71.31,0.00498579450130307,0.499252130824805,0.500747869175195,0.5,0.00747869175195454
71.32,0.00498066804571587,0.499252899793143,0.500747100206857,0.5,0.00747100206857393
71.33,0.0049747550849065,0.499253786737264,0.500746213262736,0.5,0.00746213262735967
71.34,0.00496805655260004,0.49925479151711,0.50074520848289,0.5,0.00745208482890031
71.35,0.0049605735065724,0.499255913974014,0.500744086025986,0.5,0.00744086025985857
71.36,0.00495230712848326,0.499257153930728,0.500742846069272,0.5,0.00742846069272468
71.37,0.00494325872368957,0.499258511191447,0.500741488808553,0.5,0.00741488808553431
71.38,0.00493342972103935,0.499259985541844,0.500740014458156,0.5,0.00740014458155885
71.39,0.00492282167264603,0.499261576749103,0.500738423250897,0.5,0.00738423250896902
71.4,0.00491143625364344,0.499263284561953,0.500736715438047,0.5,0.00736715438046542
71.41,0.00489927526192124,0.499265108710712,0.500734891289288,0.5,0.00734891289288164
71.42,0.00488634061784097,0.499267048907324,0.500732951092676,0.5,0.00732951092676126
71.43,0.00487263436393288,0.49926910484541,0.50073089515459,0.5,0.00730895154589906
71.44,0.00485815866457337,0.499271276200314,0.500728723799686,0.5,0.00728723799686026
71.45,0.00484291580564315,0.499273562629154,0.500726437370846,0.5,0.00726437370846461
71.46,0.00482690819416639,0.499275963770875,0.500724036229125,0.5,0.0072403622912498
71.47,0.00481013835793045,0.49927847924631,0.50072152075369,0.5,0.00721520753689586
71.48,0.00479260894508689,0.499281108658237,0.500718891341763,0.5,0.00718891341763034
71.49,0.00477432272373323,0.49928385159144,0.50071614840856,0.5,0.00716148408559963
71.5,0.00475528258147578,0.499286707612779,0.500713292387221,0.5,0.0071329238722137
