t,e_line,u_L,u_R,v,omega
0,0,0.52,0.52,0.48,0
0.01,0.000125660398833526,0.52,0.52,0.48,0
0.02,0.000251300954433375,0.52,0.52,0.48,0
0.03,0.000376901826699345,0.52,0.52,0.48,0
0.04,0.000502443181797696,0.52,0.52,0.48,0
0.05,0.000627905195293134,0.52,0.52,0.48,0
0.06,0.000753268055279327,0.52,0.52,0.48,0
0.07,0.000878511965507432,0.52,0.52,0.48,0
0.08,0.00100361714851215,0.52,0.52,0.48,0
0.09,0.00112856384873482,0.52,0.52,0.48,0
0.1,0.00125333233564304,0.52,0.52,0.48,0
0.11,0.00137790290684638,0.52,0.52,0.48,0
0.12,0.00150225589120757,0.52,0.52,0.48,0
0.13,0.00162637165194884,0.52,0.52,0.48,0
0.14,0.00175023058975276,0.52,0.52,0.48,0
0.15,0.00187381314585725,0.52,0.52,0.48,0
0.16,0.00199709980514407,0.52,0.52,0.48,0
0.17,0.00212007109922055,0.52,0.52,0.48,0
0.18,0.00224270760949381,0.52,0.52,0.48,0
0.19,0.00236498997023725,0.52,0.52,0.48,0
0.2,0.00248689887164855,0.52,0.52,0.48,0
0.21,0.00260841506289897,0.52,0.52,0.48,0
0.22,0.00272951935517325,0.52,0.52,0.48,0
0.23,0.00285019262469976,0.52,0.52,0.48,0
0.24,0.00297041581577035,0.52,0.52,0.48,0
0.25,0.00309016994374947,0.52,0.52,0.48,0
0.26,0.0032094360980721,0.52,0.52,0.48,0
0.27,0.00332819544522987,0.52,0.52,0.48,0
0.28,0.00344642923174517,0.52,0.52,0.48,0
0.29,0.00356411878713251,0.52,0.52,0.48,0
0.3,0.00368124552684678,0.52,0.52,0.48,0
0.31,0.00379779095521801,0.52,0.52,0.48,0
0.32,0.00391373666837202,0.52,0.52,0.48,0
0.33,0.00402906435713663,0.52,0.52,0.48,0
0.34,0.00414375580993284,0.52,0.52,0.48,0
0.35,0.00425779291565073,0.52,0.52,0.48,0
0.36,0.00437115766650933,0.52,0.52,0.48,0
0.37,0.00448383216090032,0.52,0.52,0.48,0
0.38,0.00459579860621488,0.52,0.52,0.48,0
0.39,0.00470703932165333,0.52,0.52,0.48,0
0.4,0.00481753674101715,0.52,0.52,0.48,0
0.41,0.00492727341548292,0.52,0.52,0.48,0
0.42,0.00503623201635761,0.52,0.52,0.48,0
0.43,0.00514439533781506,0.52,0.52,0.48,0
0.44,0.00525174629961296,0.52,0.52,0.48,0
0.45,0.00535826794978997,0.52,0.52,0.48,0
0.46,0.00546394346734269,0.52,0.52,0.48,0
0.47,0.00556875616488188,0.52,0.52,0.48,0
0.48,0.00567268949126757,0.52,0.52,0.48,0
0.49,0.00577572703422268,0.52,0.52,0.48,0
0.5,0.00587785252292473,0.52,0.52,0.48,0
0.51,0.00597904983057519,0.52,0.52,0.48,0
0.52,0.00607930297694605,0.52,0.52,0.48,0
0.53,0.00617859613090334,0.52,0.52,0.48,0
0.54,0.006276913612907,0.52,0.52,0.48,0
0.55,0.0063742398974869,0.52,0.52,0.48,0
0.56,0.00647055961569444,0.52,0.52,0.48,0
0.57,0.00656585755752957,0.52,0.52,0.48,0
0.58,0.00666011867434252,0.52,0.52,0.48,0
0.59,0.00675332808121024,0.52,0.52,0.48,0
0.6,0.00684547105928689,0.52,0.52,0.48,0
0.61,0.00693653305812805,0.52,0.52,0.48,0
0.62,0.00702649969798849,0.52,0.52,0.48,0
0.63,0.00711535677209285,0.52,0.52,0.48,0
0.64,0.00720309024887907,0.52,0.52,0.48,0
0.65,0.00728968627421412,0.52,0.52,0.48,0
0.66,0.00737513117358174,0.52,0.52,0.48,0
0.67,0.00745941145424182,0.52,0.52,0.48,0
0.68,0.00754251380736104,0.52,0.52,0.48,0
0.69,0.00762442511011448,0.52,0.52,0.48,0
0.7,0.00770513242775789,0.52,0.52,0.48,0
0.71,0.00778462301567023,0.52,0.52,0.48,0
0.72,0.00786288432136619,0.52,0.52,0.48,0
0.73,0.00793990398647835,0.52,0.52,0.48,0
0.74,0.00801566984870877,0.52,0.52,0.48,0
0.75,0.00809016994374947,0.52,0.52,0.48,0
0.76,0.00816339250717184,0.52,0.52,0.48,0
0.77,0.00823532597628427,0.52,0.52,0.48,0
0.78,0.00830595899195813,0.52,0.52,0.48,0
0.79,0.00837528040042142,0.52,0.52,0.48,0
0.8,0.00844327925502015,0.52,0.52,0.48,0
0.81,0.00850994481794692,0.52,0.52,0.48,0
0.82,0.00857526656193652,0.52,0.52,0.48,0
0.83,0.00863923417192835,0.52,0.52,0.48,0
0.84,0.00870183754669526,0.52,0.52,0.48,0
0.85,0.00876306680043864,0.52,0.52,0.48,0
0.86,0.00882291226434953,0.52,0.52,0.48,0
0.87,0.00888136448813544,0.52,0.52,0.48,0
0.88,0.00893841424151264,0.52,0.52,0.48,0
0.89,0.00899405251566371,0.52,0.52,0.48,0
0.9,0.0090482705246602,0.52,0.52,0.48,0
0.91,0.00910105970684996,0.52,0.52,0.48,0
0.92,0.00915241172620918,0.52,0.52,0.48,0
0.93,0.0092023184736587,0.52,0.52,0.48,0
0.94,0.00925077206834458,0.52,0.52,0.48,0
0.95,0.00929776485888252,0.52,0.52,0.48,0
0.96,0.00934328942456612,0.52,0.52,0.48,0
0.97,0.00938733857653874,0.52,0.52,0.48,0
0.98,0.00942990535892864,0.52,0.52,0.48,0
0.99,0.00947098304994744,0.52,0.52,0.48,0
1,0.00951056516295154,0.52,0.52,0.48,0
1.01,0.00954864544746643,0.52,0.52,0.48,0
1.02,0.00958521789017376,0.52,0.52,0.48,0
1.03,0.00962027671586086,0.52,0.52,0.48,0
1.04,0.00965381638833274,0.52,0.52,0.48,0
1.05,0.00968583161128631,0.52,0.52,0.48,0
1.06,0.00971631732914674,0.52,0.52,0.48,0
1.07,0.00974526872786577,0.52,0.52,0.48,0
1.08,0.00977268123568194,0.52,0.52,0.48,0
1.09,0.00979855052384247,0.52,0.52,0.48,0
1.1,0.00982287250728689,0.52,0.52,0.48,0
1.11,0.00984564334529205,0.52,0.52,0.48,0
1.12,0.00986685944207868,0.52,0.52,0.48,0
1.13,0.00988651744737914,0.52,0.52,0.48,0
1.14,0.00990461425696651,0.52,0.52,0.48,0
1.15,0.00992114701314478,0.52,0.52,0.48,0
1.16,0.00993611310520008,0.52,0.52,0.48,0
1.17,0.009949510169813,0.52,0.52,0.48,0
1.18,0.00996133609143172,0.52,0.52,0.48,0
1.19,0.00997158900260614,0.52,0.52,0.48,0
1.2,0.00998026728428272,0.52,0.52,0.48,0
1.21,0.00998736956606018,0.52,0.52,0.48,0
1.22,0.00999289472640589,0.52,0.52,0.48,0
1.23,0.009996841892833,0.52,0.52,0.48,0
1.24,0.00999921044203816,0.52,0.52,0.48,0
1.25,0.01,0.52,0.52,0.48,0
1.26,0.00999921044203816,0.52,0.52,0.48,0
1.27,0.009996841892833,0.52,0.52,0.48,0
1.28,0.00999289472640589,0.52,0.52,0.48,0
1.29,0.00998736956606018,0.52,0.52,0.48,0
1.3,0.00998026728428272,0.52,0.52,0.48,0
1.31,0.00997158900260614,0.52,0.52,0.48,0
1.32,0.00996133609143172,0.52,0.52,0.48,0
1.33,0.009949510169813,0.52,0.52,0.48,0
1.34,0.00993611310520008,0.52,0.52,0.48,0
1.35,0.00992114701314478,0.52,0.52,0.48,0
1.36,0.00990461425696651,0.52,0.52,0.48,0
1.37,0.00988651744737914,0.52,0.52,0.48,0
1.38,0.00986685944207868,0.52,0.52,0.48,0
1.39,0.00984564334529205,0.52,0.52,0.48,0
1.4,0.00982287250728689,0.52,0.52,0.48,0
1.41,0.00979855052384247,0.52,0.52,0.48,0
1.42,0.00977268123568194,0.52,0.52,0.48,0
1.43,0.00974526872786577,0.52,0.52,0.48,0
1.44,0.00971631732914674,0.52,0.52,0.48,0
1.45,0.00968583161128631,0.52,0.52,0.48,0
1.46,0.00965381638833274,0.52,0.52,0.48,0
1.47,0.00962027671586086,0.52,0.52,0.48,0
1.48,0.00958521789017376,0.52,0.52,0.48,0
1.49,0.00954864544746643,0.52,0.52,0.48,0
1.5,0.00951056516295154,0.52,0.52,0.48,0
1.51,0.00947098304994744,0.52,0.52,0.48,0
1.52,0.00942990535892865,0.52,0.52,0.48,0
1.53,0.00938733857653874,0.52,0.52,0.48,0
1.54,0.00934328942456612,0.52,0.52,0.48,0
1.55,0.00929776485888252,0.52,0.52,0.48,0
1.56,0.00925077206834458,0.52,0.52,0.48,0
1.57,0.0092023184736587,0.52,0.52,0.48,0
1.58,0.00915241172620918,0.52,0.52,0.48,0
1.59,0.00910105970684996,0.52,0.52,0.48,0
1.6,0.00904827052466019,0.52,0.52,0.48,0
1.61,0.00899405251566371,0.52,0.52,0.48,0
1.62,0.00893841424151264,0.52,0.52,0.48,0
1.63,0.00888136448813545,0.52,0.52,0.48,0
1.64,0.00882291226434953,0.52,0.52,0.48,0
1.65,0.00876306680043864,0.52,0.52,0.48,0
1.66,0.00870183754669526,0.52,0.52,0.48,0
1.67,0.00863923417192835,0.52,0.52,0.48,0
1.68,0.00857526656193652,0.52,0.52,0.48,0
1.69,0.00850994481794692,0.52,0.52,0.48,0
1.7,0.00844327925502015,0.52,0.52,0.48,0
1.71,0.00837528040042142,0.52,0.52,0.48,0
1.72,0.00830595899195813,0.52,0.52,0.48,0
1.73,0.00823532597628428,0.52,0.52,0.48,0
1.74,0.00816339250717184,0.52,0.52,0.48,0
1.75,0.00809016994374947,0.52,0.52,0.48,0
1.76,0.00801566984870877,0.52,0.52,0.48,0
1.77,0.00793990398647835,0.52,0.52,0.48,0
1.78,0.00786288432136619,0.52,0.52,0.48,0
1.79,0.00778462301567023,0.52,0.52,0.48,0
1.8,0.00770513242775789,0.52,0.52,0.48,0
1.81,0.00762442511011448,0.52,0.52,0.48,0
1.82,0.00754251380736104,0.52,0.52,0.48,0
1.83,0.00745941145424182,0.52,0.52,0.48,0
1.84,0.00737513117358174,0.52,0.52,0.48,0
1.85,0.00728968627421411,0.52,0.52,0.48,0
1.86,0.00720309024887907,0.52,0.52,0.48,0
1.87,0.00711535677209285,0.52,0.52,0.48,0
1.88,0.00702649969798849,0.52,0.52,0.48,0
1.89,0.00693653305812805,0.52,0.52,0.48,0
1.9,0.00684547105928688,0.52,0.52,0.48,0
1.91,0.00675332808121024,0.52,0.52,0.48,0
1.92,0.00666011867434252,0.52,0.52,0.48,0
1.93,0.00656585755752956,0.52,0.52,0.48,0
1.94,0.00647055961569445,0.52,0.52,0.48,0
1.95,0.0063742398974869,0.52,0.52,0.48,0
1.96,0.00627691361290701,0.52,0.52,0.48,0
1.97,0.00617859613090334,0.52,0.52,0.48,0
1.98,0.00607930297694606,0.52,0.52,0.48,0
1.99,0.00597904983057519,0.52,0.52,0.48,0
2,0.00587785252292473,0.52,0.52,0.48,0
2.01,0.00577572703422268,0.52,0.52,0.48,0
2.02,0.00567268949126756,0.52,0.52,0.48,0
2.03,0.00556875616488188,0.52,0.52,0.48,0
2.04,0.00546394346734269,0.52,0.52,0.48,0
2.05,0.00535826794978997,0.52,0.52,0.48,0
2.06,0.00525174629961296,0.52,0.52,0.48,0
2.07,0.00514439533781507,0.52,0.52,0.48,0
2.08,0.00503623201635761,0.52,0.52,0.48,0
2.09,0.00492727341548292,0.52,0.52,0.48,0
2.1,0.00481753674101715,0.52,0.52,0.48,0
2.11,0.00470703932165333,0.52,0.52,0.48,0
2.12,0.00459579860621488,0.52,0.52,0.48,0
2.13,0.00448383216090032,0.52,0.52,0.48,0
2.14,0.00437115766650933,0.52,0.52,0.48,0
2.15,0.00425779291565073,0.52,0.52,0.48,0
2.16,0.00414375580993284,0.52,0.52,0.48,0
2.17,0.00402906435713663,0.52,0.52,0.48,0
2.18,0.00391373666837202,0.52,0.52,0.48,0
2.19,0.00379779095521801,0.52,0.52,0.48,0
2.2,0.00368124552684678,0.52,0.52,0.48,0
2.21,0.00356411878713251,0.52,0.52,0.48,0
2.22,0.00344642923174517,0.52,0.52,0.48,0
2.23,0.00332819544522987,0.52,0.52,0.48,0
2.24,0.00320943609807209,0.52,0.52,0.48,0
2.25,0.00309016994374948,0.52,0.52,0.48,0
2.26,0.00297041581577035,0.52,0.52,0.48,0
2.27,0.00285019262469976,0.52,0.52,0.48,0
2.28,0.00272951935517325,0.52,0.52,0.48,0
2.29,0.00260841506289897,0.52,0.52,0.48,0
2.3,0.00248689887164854,0.52,0.52,0.48,0
2.31,0.00236498997023725,0.52,0.52,0.48,0
2.32,0.00224270760949381,0.52,0.52,0.48,0
2.33,0.00212007109922055,0.52,0.52,0.48,0
2.34,0.00199709980514408,0.52,0.52,0.48,0
2.35,0.00187381314585725,0.52,0.52,0.48,0
2.36,0.00175023058975276,0.52,0.52,0.48,0
2.37,0.00162637165194884,0.52,0.52,0.48,0
2.38,0.00150225589120757,0.52,0.52,0.48,0
2.39,0.00137790290684638,0.52,0.52,0.48,0
2.4,0.00125333233564305,0.52,0.52,0.48,0
2.41,0.00112856384873481,0.52,0.52,0.48,0
2.42,0.00100361714851215,0.52,0.52,0.48,0
2.43,0.000878511965507431,0.52,0.52,0.48,0
2.44,0.00075326805527933,0.52,0.52,0.48,0
2.45,0.000627905195293131,0.52,0.52,0.48,0
2.46,0.000502443181797697,0.52,0.52,0.48,0
2.47,0.000376901826699345,0.52,0.52,0.48,0
2.48,0.000251300954433378,0.52,0.52,0.48,0
2.49,0.000125660398833524,0.52,0.52,0.48,0
2.5,1.22464679914735e-18,0.52,0.52,0.48,0
2.51,-0.000125660398833526,0.52,0.52,0.48,0
2.52,-0.000251300954433376,0.52,0.52,0.48,0
2.53,-0.000376901826699347,0.52,0.52,0.48,0
2.54,-0.000502443181797694,0.52,0.52,0.48,0
2.55,-0.000627905195293138,0.52,0.52,0.48,0
2.56,-0.000753268055279328,0.52,0.52,0.48,0
2.57,-0.000878511965507429,0.52,0.52,0.48,0
2.58,-0.00100361714851215,0.52,0.52,0.48,0
2.59,-0.00112856384873481,0.52,0.52,0.48,0
2.6,-0.00125333233564304,0.52,0.52,0.48,0
2.61,-0.00137790290684638,0.52,0.52,0.48,0
2.62,-0.00150225589120757,0.52,0.52,0.48,0
2.63,-0.00162637165194884,0.52,0.52,0.48,0
2.64,-0.00175023058975276,0.52,0.52,0.48,0
2.65,-0.00187381314585724,0.52,0.52,0.48,0
2.66,-0.00199709980514407,0.52,0.52,0.48,0
2.67,-0.00212007109922055,0.52,0.52,0.48,0
2.68,-0.00224270760949381,0.52,0.52,0.48,0
2.69,-0.00236498997023724,0.52,0.52,0.48,0
2.7,-0.00248689887164855,0.52,0.52,0.48,0
2.71,-0.00260841506289897,0.52,0.52,0.48,0
2.72,-0.00272951935517325,0.52,0.52,0.48,0
2.73,-0.00285019262469976,0.52,0.52,0.48,0
2.74,-0.00297041581577035,0.52,0.52,0.48,0
2.75,-0.00309016994374947,0.52,0.52,0.48,0
2.76,-0.0032094360980721,0.52,0.52,0.48,0
2.77,-0.00332819544522987,0.52,0.52,0.48,0
2.78,-0.00344642923174517,0.52,0.52,0.48,0
2.79,-0.00356411878713251,0.52,0.52,0.48,0
2.8,-0.00368124552684678,0.52,0.52,0.48,0
2.81,-0.00379779095521801,0.52,0.52,0.48,0
2.82,-0.00391373666837202,0.52,0.52,0.48,0
2.83,-0.00402906435713662,0.52,0.52,0.48,0
2.84,-0.00414375580993284,0.52,0.52,0.48,0
2.85,-0.00425779291565073,0.52,0.52,0.48,0
2.86,-0.00437115766650933,0.52,0.52,0.48,0
2.87,-0.00448383216090032,0.52,0.52,0.48,0
2.88,-0.00459579860621488,0.52,0.52,0.48,0
2.89,-0.00470703932165333,0.52,0.52,0.48,0
2.9,-0.00481753674101715,0.52,0.52,0.48,0
2.91,-0.00492727341548292,0.52,0.52,0.48,0
2.92,-0.00503623201635761,0.52,0.52,0.48,0
2.93,-0.00514439533781506,0.52,0.52,0.48,0
2.94,-0.00525174629961295,0.52,0.52,0.48,0
2.95,-0.00535826794978997,0.52,0.52,0.48,0
2.96,-0.00546394346734269,0.52,0.52,0.48,0
2.97,-0.00556875616488188,0.52,0.52,0.48,0
2.98,-0.00567268949126756,0.52,0.52,0.48,0
2.99,-0.00577572703422268,0.52,0.52,0.48,0
3,-0.00587785252292473,0.52,0.52,0.48,0
3.01,-0.00597904983057519,0.52,0.52,0.48,0
3.02,-0.00607930297694606,0.52,0.52,0.48,0
3.03,-0.00617859613090334,0.52,0.52,0.48,0
3.04,-0.006276913612907,0.52,0.52,0.48,0
3.05,-0.0063742398974869,0.52,0.52,0.48,0
3.06,-0.00647055961569444,0.52,0.52,0.48,0
3.07,-0.00656585755752957,0.52,0.52,0.48,0
3.08,-0.00666011867434251,0.52,0.52,0.48,0
3.09,-0.00675332808121024,0.52,0.52,0.48,0
3.1,-0.00684547105928689,0.52,0.52,0.48,0
3.11,-0.00693653305812805,0.52,0.52,0.48,0
3.12,-0.00702649969798849,0.52,0.52,0.48,0
3.13,-0.00711535677209285,0.52,0.52,0.48,0
3.14,-0.00720309024887907,0.52,0.52,0.48,0
3.15,-0.00728968627421411,0.52,0.52,0.48,0
3.16,-0.00737513117358174,0.52,0.52,0.48,0
3.17,-0.00745941145424182,0.52,0.52,0.48,0
3.18,-0.00754251380736104,0.52,0.52,0.48,0
3.19,-0.00762442511011448,0.52,0.52,0.48,0
3.2,-0.00770513242775789,0.52,0.52,0.48,0
3.21,-0.00778462301567023,0.52,0.52,0.48,0
3.22,-0.00786288432136619,0.52,0.52,0.48,0
3.23,-0.00793990398647835,0.52,0.52,0.48,0
3.24,-0.00801566984870876,0.52,0.52,0.48,0
3.25,-0.00809016994374947,0.52,0.52,0.48,0
3.26,-0.00816339250717184,0.52,0.52,0.48,0
3.27,-0.00823532597628427,0.52,0.52,0.48,0
3.28,-0.00830595899195813,0.52,0.52,0.48,0
3.29,-0.00837528040042142,0.52,0.52,0.48,0
3.3,-0.00844327925502015,0.52,0.52,0.48,0
3.31,-0.00850994481794692,0.52,0.52,0.48,0
3.32,-0.00857526656193652,0.52,0.52,0.48,0
3.33,-0.00863923417192835,0.52,0.52,0.48,0
3.34,-0.00870183754669526,0.52,0.52,0.48,0
3.35,-0.00876306680043864,0.52,0.52,0.48,0
3.36,-0.00882291226434953,0.52,0.52,0.48,0
3.37,-0.00888136448813545,0.52,0.52,0.48,0
3.38,-0.00893841424151263,0.52,0.52,0.48,0
3.39,-0.00899405251566371,0.52,0.52,0.48,0
3.4,-0.00904827052466019,0.52,0.52,0.48,0
3.41,-0.00910105970684996,0.52,0.52,0.48,0
3.42,-0.00915241172620918,0.52,0.52,0.48,0
3.43,-0.0092023184736587,0.52,0.52,0.48,0
3.44,-0.00925077206834458,0.52,0.52,0.48,0
3.45,-0.00929776485888252,0.52,0.52,0.48,0
3.46,-0.00934328942456612,0.52,0.52,0.48,0
3.47,-0.00938733857653874,0.52,0.52,0.48,0
3.48,-0.00942990535892864,0.52,0.52,0.48,0
3.49,-0.00947098304994744,0.52,0.52,0.48,0
3.5,-0.00951056516295154,0.52,0.52,0.48,0
3.51,-0.00954864544746643,0.52,0.52,0.48,0
3.52,-0.00958521789017376,0.52,0.52,0.48,0
3.53,-0.00962027671586086,0.52,0.52,0.48,0
3.54,-0.00965381638833274,0.52,0.52,0.48,0
3.55,-0.00968583161128631,0.52,0.52,0.48,0
3.56,-0.00971631732914674,0.52,0.52,0.48,0
3.57,-0.00974526872786577,0.52,0.52,0.48,0
3.58,-0.00977268123568193,0.52,0.52,0.48,0
3.59,-0.00979855052384247,0.52,0.52,0.48,0
3.6,-0.00982287250728689,0.52,0.52,0.48,0
3.61,-0.00984564334529205,0.52,0.52,0.48,0
3.62,-0.00986685944207868,0.52,0.52,0.48,0
3.63,-0.00988651744737914,0.52,0.52,0.48,0
3.64,-0.00990461425696651,0.52,0.52,0.48,0
3.65,-0.00992114701314478,0.52,0.52,0.48,0
3.66,-0.00993611310520008,0.52,0.52,0.48,0
3.67,-0.009949510169813,0.52,0.52,0.48,0
3.68,-0.00996133609143172,0.52,0.52,0.48,0
3.69,-0.00997158900260614,0.52,0.52,0.48,0
3.7,-0.00998026728428272,0.52,0.52,0.48,0
3.71,-0.00998736956606018,0.52,0.52,0.48,0
3.72,-0.00999289472640589,0.52,0.52,0.48,0
3.73,-0.009996841892833,0.52,0.52,0.48,0
3.74,-0.00999921044203816,0.52,0.52,0.48,0
3.75,-0.01,0.52,0.52,0.48,0
3.76,-0.00999921044203816,0.52,0.52,0.48,0
3.77,-0.009996841892833,0.52,0.52,0.48,0
3.78,-0.00999289472640589,0.52,0.52,0.48,0
3.79,-0.00998736956606018,0.52,0.52,0.48,0
3.8,-0.00998026728428272,0.52,0.52,0.48,0
3.81,-0.00997158900260614,0.52,0.52,0.48,0
3.82,-0.00996133609143172,0.52,0.52,0.48,0
3.83,-0.009949510169813,0.52,0.52,0.48,0
3.84,-0.00993611310520008,0.52,0.52,0.48,0
3.85,-0.00992114701314478,0.52,0.52,0.48,0
3.86,-0.00990461425696651,0.52,0.52,0.48,0
3.87,-0.00988651744737914,0.52,0.52,0.48,0
3.88,-0.00986685944207868,0.52,0.52,0.48,0
3.89,-0.00984564334529205,0.52,0.52,0.48,0
3.9,-0.00982287250728689,0.52,0.52,0.48,0
3.91,-0.00979855052384247,0.52,0.52,0.48,0
3.92,-0.00977268123568194,0.52,0.52,0.48,0
3.93,-0.00974526872786577,0.52,0.52,0.48,0
3.94,-0.00971631732914674,0.52,0.52,0.48,0
3.95,-0.00968583161128631,0.52,0.52,0.48,0
3.96,-0.00965381638833274,0.52,0.52,0.48,0
3.97,-0.00962027671586086,0.52,0.52,0.48,0
3.98,-0.00958521789017376,0.52,0.52,0.48,0
3.99,-0.00954864544746643,0.52,0.52,0.48,0
4,-0.00951056516295154,0.52,0.52,0.48,0
4.01,-0.00947098304994744,0.52,0.52,0.48,0
4.02,-0.00942990535892864,0.52,0.52,0.48,0
4.03,-0.00938733857653874,0.52,0.52,0.48,0
4.04,-0.00934328942456612,0.52,0.52,0.48,0
4.05,-0.00929776485888252,0.52,0.52,0.48,0
4.06,-0.00925077206834458,0.52,0.52,0.48,0
4.07,-0.0092023184736587,0.52,0.52,0.48,0
4.08,-0.00915241172620918,0.52,0.52,0.48,0
4.09,-0.00910105970684996,0.52,0.52,0.48,0
4.1,-0.0090482705246602,0.52,0.52,0.48,0
4.11,-0.00899405251566371,0.52,0.52,0.48,0
4.12,-0.00893841424151264,0.52,0.52,0.48,0
4.13,-0.00888136448813545,0.52,0.52,0.48,0
4.14,-0.00882291226434954,0.52,0.52,0.48,0
4.15,-0.00876306680043863,0.52,0.52,0.48,0
4.16,-0.00870183754669526,0.52,0.52,0.48,0
4.17,-0.00863923417192835,0.52,0.52,0.48,0
4.18,-0.00857526656193653,0.52,0.52,0.48,0
4.19,-0.00850994481794692,0.52,0.52,0.48,0
4.2,-0.00844327925502015,0.52,0.52,0.48,0
4.21,-0.00837528040042142,0.52,0.52,0.48,0
4.22,-0.00830595899195813,0.52,0.52,0.48,0
4.23,-0.00823532597628427,0.52,0.52,0.48,0
4.24,-0.00816339250717184,0.52,0.52,0.48,0
4.25,-0.00809016994374948,0.52,0.52,0.48,0
4.26,-0.00801566984870877,0.52,0.52,0.48,0
4.27,-0.00793990398647835,0.52,0.52,0.48,0
4.28,-0.00786288432136619,0.52,0.52,0.48,0
4.29,-0.00778462301567023,0.52,0.52,0.48,0
4.3,-0.0077051324277579,0.52,0.52,0.48,0
4.31,-0.00762442511011448,0.52,0.52,0.48,0
4.32,-0.00754251380736104,0.52,0.52,0.48,0
4.33,-0.00745941145424182,0.52,0.52,0.48,0
4.34,-0.00737513117358174,0.52,0.52,0.48,0
4.35,-0.00728968627421411,0.52,0.52,0.48,0
4.36,-0.00720309024887907,0.52,0.52,0.48,0
4.37,-0.00711535677209285,0.52,0.52,0.48,0
4.38,-0.0070264996979885,0.52,0.52,0.48,0
4.39,-0.00693653305812805,0.52,0.52,0.48,0
4.4,-0.00684547105928688,0.52,0.52,0.48,0
4.41,-0.00675332808121025,0.52,0.52,0.48,0
4.42,-0.00666011867434252,0.52,0.52,0.48,0
4.43,-0.00656585755752957,0.52,0.52,0.48,0
4.44,-0.00647055961569444,0.52,0.52,0.48,0
4.45,-0.0063742398974869,0.52,0.52,0.48,0
4.46,-0.00627691361290701,0.52,0.52,0.48,0
4.47,-0.00617859613090335,0.52,0.52,0.48,0
4.48,-0.00607930297694605,0.52,0.52,0.48,0
4.49,-0.00597904983057519,0.52,0.52,0.48,0
4.5,-0.00587785252292473,0.52,0.52,0.48,0
4.51,-0.00577572703422268,0.52,0.52,0.48,0
4.52,-0.00567268949126757,0.52,0.52,0.48,0
4.53,-0.00556875616488188,0.52,0.52,0.48,0
4.54,-0.00546394346734269,0.52,0.52,0.48,0
4.55,-0.00535826794978997,0.52,0.52,0.48,0
4.56,-0.00525174629961295,0.52,0.52,0.48,0
4.57,-0.00514439533781506,0.52,0.52,0.48,0
4.58,-0.00503623201635761,0.52,0.52,0.48,0
4.59,-0.00492727341548292,0.52,0.52,0.48,0
4.6,-0.00481753674101715,0.52,0.52,0.48,0
4.61,-0.00470703932165333,0.52,0.52,0.48,0
4.62,-0.00459579860621488,0.52,0.52,0.48,0
4.63,-0.00448383216090033,0.52,0.52,0.48,0
4.64,-0.00437115766650933,0.52,0.52,0.48,0
4.65,-0.00425779291565072,0.52,0.52,0.48,0
4.66,-0.00414375580993284,0.52,0.52,0.48,0
4.67,-0.00402906435713663,0.52,0.52,0.48,0
4.68,-0.00391373666837203,0.52,0.52,0.48,0
4.69,-0.00379779095521801,0.52,0.52,0.48,0
4.7,-0.00368124552684678,0.52,0.52,0.48,0
4.71,-0.00356411878713251,0.52,0.52,0.48,0
4.72,-0.00344642923174518,0.52,0.52,0.48,0
4.73,-0.00332819544522986,0.52,0.52,0.48,0
4.74,-0.0032094360980721,0.52,0.52,0.48,0
4.75,-0.00309016994374948,0.52,0.52,0.48,0
4.76,-0.00297041581577035,0.52,0.52,0.48,0
4.77,-0.00285019262469976,0.52,0.52,0.48,0
4.78,-0.00272951935517325,0.52,0.52,0.48,0
4.79,-0.00260841506289897,0.52,0.52,0.48,0
4.8,-0.00248689887164855,0.52,0.52,0.48,0
4.81,-0.00236498997023724,0.52,0.52,0.48,0
4.82,-0.00224270760949381,0.52,0.52,0.48,0
4.83,-0.00212007109922055,0.52,0.52,0.48,0
4.84,-0.00199709980514407,0.52,0.52,0.48,0
4.85,-0.00187381314585724,0.52,0.52,0.48,0
4.86,-0.00175023058975276,0.52,0.52,0.48,0
4.87,-0.00162637165194883,0.52,0.52,0.48,0
4.88,-0.00150225589120758,0.52,0.52,0.48,0
4.89,-0.00137790290684639,0.52,0.52,0.48,0
4.9,-0.00125333233564304,0.52,0.52,0.48,0
4.91,-0.00112856384873482,0.52,0.52,0.48,0
4.92,-0.00100361714851215,0.52,0.52,0.48,0
4.93,-0.000878511965507442,0.52,0.52,0.48,0
4.94,-0.000753268055279327,0.52,0.52,0.48,0
4.95,-0.000627905195293133,0.52,0.52,0.48,0
4.96,-0.000502443181797702,0.52,0.52,0.48,0
4.97,-0.000376901826699351,0.52,0.52,0.48,0
4.98,-0.00025130095443337,0.52,0.52,0.48,0
4.99,-0.00012566039883353,0.52,0.52,0.48,0
5,-2.44929359829471e-18,0.52,0.52,0.48,0
5.01,0.000125660398833525,0.52,0.52,0.48,0
5.02,0.000251300954433374,0.52,0.52,0.48,0
5.03,0.000376901826699346,0.52,0.52,0.48,0
5.04,0.000502443181797697,0.52,0.52,0.48,0
5.05,0.000627905195293128,0.52,0.52,0.48,0
5.06,0.000753268055279331,0.52,0.52,0.48,0
5.07,0.000878511965507437,0.52,0.52,0.48,0
5.08,0.00100361714851215,0.52,0.52,0.48,0
5.09,0.00112856384873482,0.52,0.52,0.48,0
5.1,0.00125333233564305,0.52,0.52,0.48,0
5.11,0.00137790290684638,0.52,0.52,0.48,0
5.12,0.00150225589120757,0.52,0.52,0.48,0
5.13,0.00162637165194883,0.52,0.52,0.48,0
5.14,0.00175023058975276,0.52,0.52,0.48,0
5.15,0.00187381314585725,0.52,0.52,0.48,0
5.16,0.00199709980514407,0.52,0.52,0.48,0
5.17,0.00212007109922054,0.52,0.52,0.48,0
5.18,0.0022427076094938,0.52,0.52,0.48,0
5.19,0.00236498997023725,0.52,0.52,0.48,0
5.2,0.00248689887164855,0.52,0.52,0.48,0
5.21,0.00260841506289896,0.52,0.52,0.48,0
5.22,0.00272951935517325,0.52,0.52,0.48,0
5.23,0.00285019262469977,0.52,0.52,0.48,0
5.24,0.00297041581577035,0.52,0.52,0.48,0
5.25,0.00309016994374947,0.52,0.52,0.48,0
5.26,0.00320943609807209,0.52,0.52,0.48,0
5.27,0.00332819544522987,0.52,0.52,0.48,0
5.28,0.00344642923174517,0.52,0.52,0.48,0
5.29,0.00356411878713251,0.52,0.52,0.48,0
5.3,0.00368124552684677,0.52,0.52,0.48,0
5.31,0.00379779095521801,0.52,0.52,0.48,0
5.32,0.00391373666837203,0.52,0.52,0.48,0
5.33,0.00402906435713662,0.52,0.52,0.48,0
5.34,0.00414375580993284,0.52,0.52,0.48,0
5.35,0.00425779291565073,0.52,0.52,0.48,0
5.36,0.00437115766650933,0.52,0.52,0.48,0
5.37,0.00448383216090032,0.52,0.52,0.48,0
5.38,0.00459579860621487,0.52,0.52,0.48,0
5.39,0.00470703932165332,0.52,0.52,0.48,0
5.4,0.00481753674101716,0.52,0.52,0.48,0
5.41,0.00492727341548291,0.52,0.52,0.48,0
5.42,0.00503623201635761,0.52,0.52,0.48,0
5.43,0.00514439533781506,0.52,0.52,0.48,0
5.44,0.00525174629961296,0.52,0.52,0.48,0
5.45,0.00535826794978997,0.52,0.52,0.48,0
5.46,0.00546394346734268,0.52,0.52,0.48,0
5.47,0.00556875616488187,0.52,0.52,0.48,0
5.48,0.00567268949126757,0.52,0.52,0.48,0
5.49,0.00577572703422267,0.52,0.52,0.48,0
5.5,0.00587785252292473,0.52,0.52,0.48,0
5.51,0.00597904983057519,0.52,0.52,0.48,0
5.52,0.00607930297694605,0.52,0.52,0.48,0
5.53,0.00617859613090334,0.52,0.52,0.48,0
5.54,0.00627691361290701,0.52,0.52,0.48,0
5.55,0.00637423989748689,0.52,0.52,0.48,0
5.56,0.00647055961569445,0.52,0.52,0.48,0
5.57,0.00656585755752957,0.52,0.52,0.48,0
5.58,0.00666011867434251,0.52,0.52,0.48,0
5.59,0.00675332808121024,0.52,0.52,0.48,0
5.6,0.00684547105928689,0.52,0.52,0.48,0
5.61,0.00693653305812805,0.52,0.52,0.48,0
5.62,0.00702649969798849,0.52,0.52,0.48,0
5.63,0.00711535677209285,0.52,0.52,0.48,0
5.64,0.00720309024887907,0.52,0.52,0.48,0
5.65,0.00728968627421412,0.52,0.52,0.48,0
5.66,0.00737513117358174,0.52,0.52,0.48,0
5.67,0.00745941145424182,0.52,0.52,0.48,0
5.68,0.00754251380736103,0.52,0.52,0.48,0
5.69,0.00762442511011448,0.52,0.52,0.48,0
5.7,0.00770513242775789,0.52,0.52,0.48,0
5.71,0.00778462301567023,0.52,0.52,0.48,0
5.72,0.00786288432136618,0.52,0.52,0.48,0
5.73,0.00793990398647836,0.52,0.52,0.48,0
5.74,0.00801566984870876,0.52,0.52,0.48,0
5.75,0.00809016994374947,0.52,0.52,0.48,0
5.76,0.00816339250717184,0.52,0.52,0.48,0
5.77,0.00823532597628427,0.52,0.52,0.48,0
5.78,0.00830595899195813,0.52,0.52,0.48,0
5.79,0.00837528040042142,0.52,0.52,0.48,0
5.8,0.00844327925502015,0.52,0.52,0.48,0
5.81,0.00850994481794692,0.52,0.52,0.48,0
5.82,0.00857526656193652,0.52,0.52,0.48,0
5.83,0.00863923417192835,0.52,0.52,0.48,0
5.84,0.00870183754669526,0.52,0.52,0.48,0
5.85,0.00876306680043864,0.52,0.52,0.48,0
5.86,0.00882291226434953,0.52,0.52,0.48,0
5.87,0.00888136448813545,0.52,0.52,0.48,0
5.88,0.00893841424151263,0.52,0.52,0.48,0
5.89,0.00899405251566371,0.52,0.52,0.48,0
5.9,0.0090482705246602,0.52,0.52,0.48,0
5.91,0.00910105970684996,0.52,0.52,0.48,0
5.92,0.00915241172620917,0.52,0.52,0.48,0
5.93,0.0092023184736587,0.52,0.52,0.48,0
5.94,0.00925077206834458,0.52,0.52,0.48,0
5.95,0.00929776485888252,0.52,0.52,0.48,0
5.96,0.00934328942456612,0.52,0.52,0.48,0
5.97,0.00938733857653874,0.52,0.52,0.48,0
5.98,0.00942990535892865,0.52,0.52,0.48,0
5.99,0.00947098304994744,0.52,0.52,0.48,0
6,0.00951056516295154,0.52,0.52,0.48,0
6.01,0.00954864544746643,0.52,0.52,0.48,0
6.02,0.00958521789017376,0.52,0.52,0.48,0
6.03,0.00962027671586086,0.52,0.52,0.48,0
6.04,0.00965381638833274,0.52,0.52,0.48,0
6.05,0.00968583161128631,0.52,0.52,0.48,0
6.06,0.00971631732914674,0.52,0.52,0.48,0
6.07,0.00974526872786577,0.52,0.52,0.48,0
6.08,0.00977268123568193,0.52,0.52,0.48,0
6.09,0.00979855052384247,0.52,0.52,0.48,0
6.1,0.00982287250728689,0.52,0.52,0.48,0
6.11,0.00984564334529205,0.52,0.52,0.48,0
6.12,0.00986685944207868,0.52,0.52,0.48,0
6.13,0.00988651744737914,0.52,0.52,0.48,0
6.14,0.00990461425696651,0.52,0.52,0.48,0
6.15,0.00992114701314478,0.52,0.52,0.48,0
6.16,0.00993611310520008,0.52,0.52,0.48,0
6.17,0.009949510169813,0.52,0.52,0.48,0
6.18,0.00996133609143172,0.52,0.52,0.48,0
6.19,0.00997158900260614,0.52,0.52,0.48,0
6.2,0.00998026728428272,0.52,0.52,0.48,0
6.21,0.00998736956606018,0.52,0.52,0.48,0
6.22,0.00999289472640589,0.52,0.52,0.48,0
6.23,0.009996841892833,0.52,0.52,0.48,0
6.24,0.00999921044203816,0.52,0.52,0.48,0
6.25,0.01,0.52,0.52,0.48,0
6.26,0.00999921044203816,0.52,0.52,0.48,0
6.27,0.009996841892833,0.52,0.52,0.48,0
6.28,0.00999289472640589,0.52,0.52,0.48,0
6.29,0.00998736956606018,0.52,0.52,0.48,0
6.3,0.00998026728428272,0.52,0.52,0.48,0
6.31,0.00997158900260614,0.52,0.52,0.48,0
6.32,0.00996133609143172,0.52,0.52,0.48,0
6.33,0.009949510169813,0.52,0.52,0.48,0
6.34,0.00993611310520008,0.52,0.52,0.48,0
6.35,0.00992114701314478,0.52,0.52,0.48,0
6.36,0.00990461425696651,0.52,0.52,0.48,0
6.37,0.00988651744737914,0.52,0.52,0.48,0
6.38,0.00986685944207868,0.52,0.52,0.48,0
6.39,0.00984564334529205,0.52,0.52,0.48,0
6.4,0.00982287250728689,0.52,0.52,0.48,0
6.41,0.00979855052384247,0.52,0.52,0.48,0
6.42,0.00977268123568194,0.52,0.52,0.48,0
6.43,0.00974526872786577,0.52,0.52,0.48,0
6.44,0.00971631732914674,0.52,0.52,0.48,0
6.45,0.00968583161128631,0.52,0.52,0.48,0
6.46,0.00965381638833274,0.52,0.52,0.48,0
6.47,0.00962027671586086,0.52,0.52,0.48,0
6.48,0.00958521789017376,0.52,0.52,0.48,0
6.49,0.00954864544746643,0.52,0.52,0.48,0
6.5,0.00951056516295154,0.52,0.52,0.48,0
6.51,0.00947098304994745,0.52,0.52,0.48,0
6.52,0.00942990535892865,0.52,0.52,0.48,0
6.53,0.00938733857653874,0.52,0.52,0.48,0
6.54,0.00934328942456612,0.52,0.52,0.48,0
6.55,0.00929776485888252,0.52,0.52,0.48,0
6.56,0.00925077206834458,0.52,0.52,0.48,0
6.57,0.00920231847365871,0.52,0.52,0.48,0
6.58,0.00915241172620917,0.52,0.52,0.48,0
6.59,0.00910105970684996,0.52,0.52,0.48,0
6.6,0.00904827052466019,0.52,0.52,0.48,0
6.61,0.00899405251566371,0.52,0.52,0.48,0
6.62,0.00893841424151264,0.52,0.52,0.48,0
6.63,0.00888136448813544,0.52,0.52,0.48,0
6.64,0.00882291226434953,0.52,0.52,0.48,0
6.65,0.00876306680043863,0.52,0.52,0.48,0
6.66,0.00870183754669526,0.52,0.52,0.48,0
6.67,0.00863923417192836,0.52,0.52,0.48,0
6.68,0.00857526656193652,0.52,0.52,0.48,0
6.69,0.00850994481794691,0.52,0.52,0.48,0
6.7,0.00844327925502015,0.52,0.52,0.48,0
6.71,0.00837528040042142,0.52,0.52,0.48,0
6.72,0.00830595899195813,0.52,0.52,0.48,0
6.73,0.00823532597628428,0.52,0.52,0.48,0
6.74,0.00816339250717184,0.52,0.52,0.48,0
6.75,0.00809016994374948,0.52,0.52,0.48,0
6.76,0.00801566984870877,0.52,0.52,0.48,0
6.77,0.00793990398647835,0.52,0.52,0.48,0
6.78,0.00786288432136619,0.52,0.52,0.48,0
6.79,0.00778462301567023,0.52,0.52,0.48,0
6.8,0.0077051324277579,0.52,0.52,0.48,0
6.81,0.00762442511011448,0.52,0.52,0.48,0
6.82,0.00754251380736104,0.52,0.52,0.48,0
6.83,0.00745941145424182,0.52,0.52,0.48,0
6.84,0.00737513117358174,0.52,0.52,0.48,0
6.85,0.00728968627421411,0.52,0.52,0.48,0
6.86,0.00720309024887907,0.52,0.52,0.48,0
6.87,0.00711535677209286,0.52,0.52,0.48,0
6.88,0.00702649969798849,0.52,0.52,0.48,0
6.89,0.00693653305812804,0.52,0.52,0.48,0
6.9,0.00684547105928688,0.52,0.52,0.48,0
6.91,0.00675332808121025,0.52,0.52,0.48,0
6.92,0.00666011867434253,0.52,0.52,0.48,0
6.93,0.00656585755752957,0.52,0.52,0.48,0
6.94,0.00647055961569444,0.52,0.52,0.48,0
6.95,0.0063742398974869,0.52,0.52,0.48,0
6.96,0.00627691361290701,0.52,0.52,0.48,0
6.97,0.00617859613090334,0.52,0.52,0.48,0
6.98,0.00607930297694606,0.52,0.52,0.48,0
6.99,0.00597904983057519,0.52,0.52,0.48,0
7,0.00587785252292473,0.52,0.52,0.48,0
7.01,0.00577572703422269,0.52,0.52,0.48,0
7.02,0.00567268949126757,0.52,0.52,0.48,0
7.03,0.00556875616488189,0.52,0.52,0.48,0
7.04,0.00546394346734269,0.52,0.52,0.48,0
7.05,0.00535826794978997,0.52,0.52,0.48,0
7.06,0.00525174629961295,0.52,0.52,0.48,0
7.07,0.00514439533781507,0.52,0.52,0.48,0
7.08,0.0050362320163576,0.52,0.52,0.48,0
7.09,0.00492727341548292,0.52,0.52,0.48,0
7.1,0.00481753674101715,0.52,0.52,0.48,0
7.11,0.00470703932165333,0.52,0.52,0.48,0
7.12,0.00459579860621489,0.52,0.52,0.48,0
7.13,0.00448383216090032,0.52,0.52,0.48,0
7.14,0.00437115766650932,0.52,0.52,0.48,0
7.15,0.00425779291565072,0.52,0.52,0.48,0
7.16,0.00414375580993285,0.52,0.52,0.48,0
7.17,0.00402906435713664,0.52,0.52,0.48,0
7.18,0.00391373666837203,0.52,0.52,0.48,0
7.19,0.003797790955218,0.52,0.52,0.48,0
7.2,0.00368124552684678,0.52,0.52,0.48,0
7.21,0.00356411878713251,0.52,0.52,0.48,0
7.22,0.00344642923174517,0.52,0.52,0.48,0
7.23,0.00332819544522987,0.52,0.52,0.48,0
7.24,0.00320943609807209,0.52,0.52,0.48,0
7.25,0.00309016994374948,0.52,0.52,0.48,0
7.26,0.00297041581577036,0.52,0.52,0.48,0
7.27,0.00285019262469976,0.52,0.52,0.48,0
7.28,0.00272951935517326,0.52,0.52,0.48,0
7.29,0.00260841506289897,0.52,0.52,0.48,0
7.3,0.00248689887164855,0.52,0.52,0.48,0
7.31,0.00236498997023724,0.52,0.52,0.48,0
7.32,0.00224270760949382,0.52,0.52,0.48,0
7.33,0.00212007109922054,0.52,0.52,0.48,0
7.34,0.00199709980514407,0.52,0.52,0.48,0
7.35,0.00187381314585724,0.52,0.52,0.48,0
7.36,0.00175023058975276,0.52,0.52,0.48,0
7.37,0.00162637165194884,0.52,0.52,0.48,0
7.38,0.00150225589120757,0.52,0.52,0.48,0
7.39,0.00137790290684637,0.52,0.52,0.48,0
7.4,0.00125333233564304,0.52,0.52,0.48,0
7.41,0.00112856384873482,0.52,0.52,0.48,0
7.42,0.00100361714851216,0.52,0.52,0.48,0
7.43,0.000878511965507434,0.52,0.52,0.48,0
7.44,0.00075326805527932,0.52,0.52,0.48,0
7.45,0.000627905195293134,0.52,0.52,0.48,0
7.46,0.000502443181797704,0.52,0.52,0.48,0
7.47,0.000376901826699343,0.52,0.52,0.48,0
7.48,0.000251300954433381,0.52,0.52,0.48,0
7.49,0.000125660398833522,0.52,0.52,0.48,0
7.5,3.67394039744206e-18,0.52,0.52,0.48,0
7.51,-0.000125660398833515,0.52,0.52,0.48,0
7.52,-0.000251300954433373,0.52,0.52,0.48,0
7.53,-0.000376901826699336,0.52,0.52,0.48,0
7.54,-0.000502443181797696,0.52,0.52,0.48,0
7.55,-0.000627905195293127,0.52,0.52,0.48,0
7.56,-0.00075326805527933,0.52,0.52,0.48,0
7.57,-0.000878511965507427,0.52,0.52,0.48,0
7.58,-0.00100361714851215,0.52,0.52,0.48,0
7.59,-0.00112856384873481,0.52,0.52,0.48,0
7.6,-0.00125333233564305,0.52,0.52,0.48,0
7.61,-0.00137790290684638,0.52,0.52,0.48,0
7.62,-0.00150225589120756,0.52,0.52,0.48,0
7.63,-0.00162637165194884,0.52,0.52,0.48,0
7.64,-0.00175023058975277,0.52,0.52,0.48,0
7.65,-0.00187381314585725,0.52,0.52,0.48,0
7.66,-0.00199709980514407,0.52,0.52,0.48,0
7.67,-0.00212007109922053,0.52,0.52,0.48,0
7.68,-0.00224270760949381,0.52,0.52,0.48,0
7.69,-0.00236498997023725,0.52,0.52,0.48,0
7.7,-0.00248689887164855,0.52,0.52,0.48,0
7.71,-0.00260841506289896,0.52,0.52,0.48,0
7.72,-0.00272951935517325,0.52,0.52,0.48,0
7.73,-0.00285019262469976,0.52,0.52,0.48,0
7.74,-0.00297041581577035,0.52,0.52,0.48,0
7.75,-0.00309016994374947,0.52,0.52,0.48,0
7.76,-0.00320943609807208,0.52,0.52,0.48,0
7.77,-0.00332819544522987,0.52,0.52,0.48,0
7.78,-0.00344642923174516,0.52,0.52,0.48,0
7.79,-0.00356411878713251,0.52,0.52,0.48,0
7.8,-0.00368124552684677,0.52,0.52,0.48,0
7.81,-0.00379779095521801,0.52,0.52,0.48,0
7.82,-0.00391373666837202,0.52,0.52,0.48,0
7.83,-0.00402906435713663,0.52,0.52,0.48,0
7.84,-0.00414375580993284,0.52,0.52,0.48,0
7.85,-0.00425779291565073,0.52,0.52,0.48,0
7.86,-0.00437115766650933,0.52,0.52,0.48,0
7.87,-0.00448383216090031,0.52,0.52,0.48,0
7.88,-0.00459579860621488,0.52,0.52,0.48,0
7.89,-0.00470703932165334,0.52,0.52,0.48,0
7.9,-0.00481753674101716,0.52,0.52,0.48,0
7.91,-0.00492727341548291,0.52,0.52,0.48,0
7.92,-0.0050362320163576,0.52,0.52,0.48,0
7.93,-0.00514439533781506,0.52,0.52,0.48,0
7.94,-0.00525174629961296,0.52,0.52,0.48,0
7.95,-0.00535826794978997,0.52,0.52,0.48,0
7.96,-0.00546394346734268,0.52,0.52,0.48,0
7.97,-0.00556875616488188,0.52,0.52,0.48,0
7.98,-0.00567268949126756,0.52,0.52,0.48,0
7.99,-0.00577572703422268,0.52,0.52,0.48,0
8,-0.00587785252292473,0.52,0.52,0.48,0
8.01,-0.00597904983057518,0.52,0.52,0.48,0
8.02,-0.00607930297694605,0.52,0.52,0.48,0
8.03,-0.00617859613090334,0.52,0.52,0.48,0
8.04,-0.006276913612907,0.52,0.52,0.48,0
8.05,-0.00637423989748691,0.52,0.52,0.48,0
8.06,-0.00647055961569444,0.52,0.52,0.48,0
8.07,-0.00656585755752956,0.52,0.52,0.48,0
8.08,-0.00666011867434252,0.52,0.52,0.48,0
8.09,-0.00675332808121024,0.52,0.52,0.48,0
8.1,-0.00684547105928688,0.52,0.52,0.48,0
8.11,-0.00693653305812804,0.52,0.52,0.48,0
8.12,-0.0070264996979885,0.52,0.52,0.48,0
8.13,-0.00711535677209285,0.52,0.52,0.48,0
8.14,-0.00720309024887908,0.52,0.52,0.48,0
8.15,-0.00728968627421412,0.52,0.52,0.48,0
8.16,-0.00737513117358174,0.52,0.52,0.48,0
8.17,-0.00745941145424181,0.52,0.52,0.48,0
8.18,-0.00754251380736104,0.52,0.52,0.48,0
8.19,-0.00762442511011447,0.52,0.52,0.48,0
8.2,-0.00770513242775788,0.52,0.52,0.48,0
8.21,-0.00778462301567024,0.52,0.52,0.48,0
8.22,-0.00786288432136619,0.52,0.52,0.48,0
8.23,-0.00793990398647835,0.52,0.52,0.48,0
8.24,-0.00801566984870877,0.52,0.52,0.48,0
8.25,-0.00809016994374947,0.52,0.52,0.48,0
8.26,-0.00816339250717183,0.52,0.52,0.48,0
8.27,-0.00823532597628427,0.52,0.52,0.48,0
8.28,-0.00830595899195812,0.52,0.52,0.48,0
8.29,-0.00837528040042142,0.52,0.52,0.48,0
8.3,-0.00844327925502016,0.52,0.52,0.48,0
8.31,-0.00850994481794692,0.52,0.52,0.48,0
8.32,-0.00857526656193652,0.52,0.52,0.48,0
8.33,-0.00863923417192835,0.52,0.52,0.48,0
8.34,-0.00870183754669526,0.52,0.52,0.48,0
8.35,-0.00876306680043863,0.52,0.52,0.48,0
8.36,-0.00882291226434952,0.52,0.52,0.48,0
8.37,-0.00888136448813545,0.52,0.52,0.48,0
8.38,-0.00893841424151264,0.52,0.52,0.48,0
8.39,-0.00899405251566372,0.52,0.52,0.48,0
8.4,-0.0090482705246602,0.52,0.52,0.48,0
8.41,-0.00910105970684996,0.52,0.52,0.48,0
8.42,-0.00915241172620917,0.52,0.52,0.48,0
8.43,-0.0092023184736587,0.52,0.52,0.48,0
8.44,-0.00925077206834458,0.52,0.52,0.48,0
8.45,-0.00929776485888251,0.52,0.52,0.48,0
8.46,-0.00934328942456612,0.52,0.52,0.48,0
8.47,-0.00938733857653874,0.52,0.52,0.48,0
8.48,-0.00942990535892864,0.52,0.52,0.48,0
8.49,-0.00947098304994744,0.52,0.52,0.48,0
8.5,-0.00951056516295153,0.52,0.52,0.48,0
8.51,-0.00954864544746643,0.52,0.52,0.48,0
8.52,-0.00958521789017376,0.52,0.52,0.48,0
8.53,-0.00962027671586086,0.52,0.52,0.48,0
8.54,-0.00965381638833274,0.52,0.52,0.48,0
8.55,-0.00968583161128631,0.52,0.52,0.48,0
8.56,-0.00971631732914674,0.52,0.52,0.48,0
8.57,-0.00974526872786577,0.52,0.52,0.48,0
8.58,-0.00977268123568194,0.52,0.52,0.48,0
8.59,-0.00979855052384247,0.52,0.52,0.48,0
8.6,-0.00982287250728689,0.52,0.52,0.48,0
8.61,-0.00984564334529205,0.52,0.52,0.48,0
8.62,-0.00986685944207868,0.52,0.52,0.48,0
8.63,-0.00988651744737914,0.52,0.52,0.48,0
8.64,-0.00990461425696651,0.52,0.52,0.48,0
8.65,-0.00992114701314478,0.52,0.52,0.48,0
8.66,-0.00993611310520008,0.52,0.52,0.48,0
8.67,-0.009949510169813,0.52,0.52,0.48,0
8.68,-0.00996133609143172,0.52,0.52,0.48,0
8.69,-0.00997158900260614,0.52,0.52,0.48,0
8.7,-0.00998026728428272,0.52,0.52,0.48,0
8.71,-0.00998736956606018,0.52,0.52,0.48,0
8.72,-0.00999289472640589,0.52,0.52,0.48,0
8.73,-0.009996841892833,0.52,0.52,0.48,0
8.74,-0.00999921044203816,0.52,0.52,0.48,0
8.75,-0.01,0.52,0.52,0.48,0
8.76,-0.00999921044203816,0.52,0.52,0.48,0
8.77,-0.009996841892833,0.52,0.52,0.48,0
8.78,-0.00999289472640589,0.52,0.52,0.48,0
8.79,-0.00998736956606018,0.52,0.52,0.48,0
8.8,-0.00998026728428271,0.52,0.52,0.48,0
8.81,-0.00997158900260614,0.52,0.52,0.48,0
8.82,-0.00996133609143172,0.52,0.52,0.48,0
8.83,-0.009949510169813,0.52,0.52,0.48,0
8.84,-0.00993611310520008,0.52,0.52,0.48,0
8.85,-0.00992114701314478,0.52,0.52,0.48,0
8.86,-0.00990461425696651,0.52,0.52,0.48,0
8.87,-0.00988651744737914,0.52,0.52,0.48,0
8.88,-0.00986685944207868,0.52,0.52,0.48,0
8.89,-0.00984564334529205,0.52,0.52,0.48,0
8.9,-0.00982287250728689,0.52,0.52,0.48,0
8.91,-0.00979855052384247,0.52,0.52,0.48,0
8.92,-0.00977268123568194,0.52,0.52,0.48,0
8.93,-0.00974526872786577,0.52,0.52,0.48,0
8.94,-0.00971631732914674,0.52,0.52,0.48,0
8.95,-0.00968583161128631,0.52,0.52,0.48,0
8.96,-0.00965381638833274,0.52,0.52,0.48,0
8.97,-0.00962027671586086,0.52,0.52,0.48,0
8.98,-0.00958521789017376,0.52,0.52,0.48,0
8.99,-0.00954864544746643,0.52,0.52,0.48,0
9,-0.00951056516295154,0.52,0.52,0.48,0
9.01,-0.00947098304994745,0.52,0.52,0.48,0
9.02,-0.00942990535892865,0.52,0.52,0.48,0
9.03,-0.00938733857653874,0.52,0.52,0.48,0
9.04,-0.00934328942456612,0.52,0.52,0.48,0
9.05,-0.00929776485888251,0.52,0.52,0.48,0
9.06,-0.00925077206834458,0.52,0.52,0.48,0
9.07,-0.00920231847365871,0.52,0.52,0.48,0
9.08,-0.00915241172620917,0.52,0.52,0.48,0
9.09,-0.00910105970684996,0.52,0.52,0.48,0
9.1,-0.0090482705246602,0.52,0.52,0.48,0
9.11,-0.00899405251566372,0.52,0.52,0.48,0
9.12,-0.00893841424151263,0.52,0.52,0.48,0
9.13,-0.00888136448813544,0.52,0.52,0.48,0
9.14,-0.00882291226434953,0.52,0.52,0.48,0
9.15,-0.00876306680043864,0.52,0.52,0.48,0
9.16,-0.00870183754669526,0.52,0.52,0.48,0
9.17,-0.00863923417192836,0.52,0.52,0.48,0
9.18,-0.00857526656193652,0.52,0.52,0.48,0
9.19,-0.00850994481794692,0.52,0.52,0.48,0
9.2,-0.00844327925502014,0.52,0.52,0.48,0
9.21,-0.00837528040042141,0.52,0.52,0.48,0
9.22,-0.00830595899195813,0.52,0.52,0.48,0
9.23,-0.00823532597628428,0.52,0.52,0.48,0
9.24,-0.00816339250717184,0.52,0.52,0.48,0
9.25,-0.00809016994374948,0.52,0.52,0.48,0
9.26,-0.00801566984870877,0.52,0.52,0.48,0
9.27,-0.00793990398647836,0.52,0.52,0.48,0
9.28,-0.00786288432136619,0.52,0.52,0.48,0
9.29,-0.00778462301567023,0.52,0.52,0.48,0
9.3,-0.00770513242775789,0.52,0.52,0.48,0
9.31,-0.00762442511011448,0.52,0.52,0.48,0
9.32,-0.00754251380736104,0.52,0.52,0.48,0
9.33,-0.00745941145424182,0.52,0.52,0.48,0
9.34,-0.00737513117358174,0.52,0.52,0.48,0
9.35,-0.00728968627421412,0.52,0.52,0.48,0
9.36,-0.00720309024887908,0.52,0.52,0.48,0
9.37,-0.00711535677209285,0.52,0.52,0.48,0
9.38,-0.00702649969798849,0.52,0.52,0.48,0
9.39,-0.00693653305812804,0.52,0.52,0.48,0
9.4,-0.00684547105928688,0.52,0.52,0.48,0
9.41,-0.00675332808121025,0.52,0.52,0.48,0
9.42,-0.00666011867434253,0.52,0.52,0.48,0
9.43,-0.00656585755752957,0.52,0.52,0.48,0
9.44,-0.00647055961569445,0.52,0.52,0.48,0
9.45,-0.00637423989748688,0.52,0.52,0.48,0
9.46,-0.006276913612907,0.52,0.52,0.48,0
9.47,-0.00617859613090334,0.52,0.52,0.48,0
9.48,-0.00607930297694606,0.52,0.52,0.48,0
9.49,-0.00597904983057519,0.52,0.52,0.48,0
9.5,-0.00587785252292474,0.52,0.52,0.48,0
9.51,-0.00577572703422269,0.52,0.52,0.48,0
9.52,-0.00567268949126757,0.52,0.52,0.48,0
9.53,-0.00556875616488189,0.52,0.52,0.48,0
9.54,-0.00546394346734269,0.52,0.52,0.48,0
9.55,-0.00535826794978996,0.52,0.52,0.48,0
9.56,-0.00525174629961296,0.52,0.52,0.48,0
9.57,-0.00514439533781507,0.52,0.52,0.48,0
9.58,-0.0050362320163576,0.52,0.52,0.48,0
9.59,-0.00492727341548292,0.52,0.52,0.48,0
9.6,-0.00481753674101716,0.52,0.52,0.48,0
9.61,-0.00470703932165334,0.52,0.52,0.48,0
9.62,-0.00459579860621487,0.52,0.52,0.48,0
9.63,-0.00448383216090032,0.52,0.52,0.48,0
9.64,-0.00437115766650932,0.52,0.52,0.48,0
9.65,-0.00425779291565072,0.52,0.52,0.48,0
9.66,-0.00414375580993285,0.52,0.52,0.48,0
9.67,-0.00402906435713664,0.52,0.52,0.48,0
9.68,-0.00391373666837203,0.52,0.52,0.48,0
9.69,-0.00379779095521802,0.52,0.52,0.48,0
9.7,-0.00368124552684676,0.52,0.52,0.48,0
9.71,-0.0035641187871325,0.52,0.52,0.48,0
9.72,-0.00344642923174517,0.52,0.52,0.48,0
9.73,-0.00332819544522987,0.52,0.52,0.48,0
9.74,-0.00320943609807209,0.52,0.52,0.48,0
9.75,-0.00309016994374948,0.52,0.52,0.48,0
9.76,-0.00297041581577036,0.52,0.52,0.48,0
9.77,-0.00285019262469976,0.52,0.52,0.48,0
9.78,-0.00272951935517326,0.52,0.52,0.48,0
9.79,-0.00260841506289897,0.52,0.52,0.48,0
9.8,-0.00248689887164854,0.52,0.52,0.48,0
9.81,-0.00236498997023725,0.52,0.52,0.48,0
9.82,-0.00224270760949382,0.52,0.52,0.48,0
9.83,-0.00212007109922054,0.52,0.52,0.48,0
9.84,-0.00199709980514407,0.52,0.52,0.48,0
9.85,-0.00187381314585726,0.52,0.52,0.48,0
9.86,-0.00175023058975278,0.52,0.52,0.48,0
9.87,-0.00162637165194883,0.52,0.52,0.48,0
9.88,-0.00150225589120757,0.52,0.52,0.48,0
9.89,-0.00137790290684637,0.52,0.52,0.48,0
9.9,-0.00125333233564304,0.52,0.52,0.48,0
9.91,-0.00112856384873482,0.52,0.52,0.48,0
9.92,-0.00100361714851216,0.52,0.52,0.48,0
9.93,-0.000878511965507435,0.52,0.52,0.48,0
9.94,-0.000753268055279338,0.52,0.52,0.48,0
9.95,-0.000627905195293117,0.52,0.52,0.48,0
9.96,-0.000502443181797687,0.52,0.52,0.48,0
9.97,-0.000376901826699345,0.52,0.52,0.48,0
9.98,-0.000251300954433382,0.52,0.52,0.48,0
9.99,-0.000125660398833523,0.52,0.52,0.48,0
10,-4.89858719658941e-18,0.52,0.52,0.48,0
10.01,0.000125660398833513,0.52,0.52,0.48,0
10.02,0.000251300954433372,0.52,0.52,0.48,0
10.03,0.000376901826699335,0.52,0.52,0.48,0
10.04,0.000502443181797695,0.52,0.52,0.48,0
10.05,0.000627905195293143,0.52,0.52,0.48,0
10.06,0.000753268055279329,0.52,0.52,0.48,0
10.07,0.000878511965507425,0.52,0.52,0.48,0
10.08,0.00100361714851215,0.52,0.52,0.48,0
10.09,0.00112856384873481,0.52,0.52,0.48,0
10.1,0.00125333233564303,0.52,0.52,0.48,0
10.11,0.00137790290684636,0.52,0.52,0.48,0
10.12,0.00150225589120758,0.52,0.52,0.48,0
10.13,0.00162637165194884,0.52,0.52,0.48,0
10.14,0.00175023058975277,0.52,0.52,0.48,0
10.15,0.00187381314585725,0.52,0.52,0.48,0
10.16,0.00199709980514406,0.52,0.52,0.48,0
10.17,0.00212007109922053,0.52,0.52,0.48,0
10.18,0.00224270760949381,0.52,0.52,0.48,0
10.19,0.00236498997023724,0.52,0.52,0.48,0
10.2,0.00248689887164856,0.52,0.52,0.48,0
10.21,0.00260841506289898,0.52,0.52,0.48,0
10.22,0.00272951935517325,0.52,0.52,0.48,0
10.23,0.00285019262469975,0.52,0.52,0.48,0
10.24,0.00297041581577035,0.52,0.52,0.48,0
10.25,0.00309016994374947,0.52,0.52,0.48,0
10.26,0.00320943609807208,0.52,0.52,0.48,0
10.27,0.00332819544522986,0.52,0.52,0.48,0
10.28,0.00344642923174516,0.52,0.52,0.48,0
10.29,0.00356411878713251,0.52,0.52,0.48,0
10.3,0.00368124552684679,0.52,0.52,0.48,0
10.31,0.00379779095521801,0.52,0.52,0.48,0
10.32,0.00391373666837202,0.52,0.52,0.48,0
10.33,0.00402906435713663,0.52,0.52,0.48,0
10.34,0.00414375580993284,0.52,0.52,0.48,0
10.35,0.00425779291565072,0.52,0.52,0.48,0
10.36,0.00437115766650931,0.52,0.52,0.48,0
10.37,0.00448383216090033,0.52,0.52,0.48,0
10.38,0.00459579860621488,0.52,0.52,0.48,0
10.39,0.00470703932165333,0.52,0.52,0.48,0
10.4,0.00481753674101715,0.52,0.52,0.48,0
10.41,0.00492727341548291,0.52,0.52,0.48,0
10.42,0.0050362320163576,0.52,0.52,0.48,0
10.43,0.00514439533781506,0.52,0.52,0.48,0
10.44,0.00525174629961295,0.52,0.52,0.48,0
10.45,0.00535826794978998,0.52,0.52,0.48,0
10.46,0.0054639434673427,0.52,0.52,0.48,0
10.47,0.00556875616488188,0.52,0.52,0.48,0
10.48,0.00567268949126756,0.52,0.52,0.48,0
10.49,0.00577572703422268,0.52,0.52,0.48,0
10.5,0.00587785252292473,0.52,0.52,0.48,0
10.51,0.00597904983057518,0.52,0.52,0.48,0
10.52,0.00607930297694605,0.52,0.52,0.48,0
10.53,0.00617859613090334,0.52,0.52,0.48,0
10.54,0.006276913612907,0.52,0.52,0.48,0
10.55,0.0063742398974869,0.52,0.52,0.48,0
10.56,0.00647055961569444,0.52,0.52,0.48,0
10.57,0.00656585755752956,0.52,0.52,0.48,0
10.58,0.00666011867434252,0.52,0.52,0.48,0
10.59,0.00675332808121024,0.52,0.52,0.48,0
10.6,0.00684547105928688,0.52,0.52,0.48,0
10.61,0.00693653305812804,0.52,0.52,0.48,0
10.62,0.0070264996979885,0.52,0.52,0.48,0
10.63,0.00711535677209285,0.52,0.52,0.48,0
10.64,0.00720309024887908,0.52,0.52,0.48,0
10.65,0.00728968627421412,0.52,0.52,0.48,0
10.66,0.00737513117358173,0.52,0.52,0.48,0
10.67,0.00745941145424181,0.52,0.52,0.48,0
10.68,0.00754251380736104,0.52,0.52,0.48,0
10.69,0.00762442511011447,0.52,0.52,0.48,0
10.7,0.0077051324277579,0.52,0.52,0.48,0
10.71,0.00778462301567024,0.52,0.52,0.48,0
10.72,0.00786288432136619,0.52,0.52,0.48,0
10.73,0.00793990398647835,0.52,0.52,0.48,0
10.74,0.00801566984870877,0.52,0.52,0.48,0
10.75,0.00809016994374947,0.52,0.52,0.48,0
10.76,0.00816339250717183,0.52,0.52,0.48,0
10.77,0.00823532597628427,0.52,0.52,0.48,0
10.78,0.00830595899195812,0.52,0.52,0.48,0
10.79,0.00837528040042142,0.52,0.52,0.48,0
10.8,0.00844327925502016,0.52,0.52,0.48,0
10.81,0.00850994481794692,0.52,0.52,0.48,0
10.82,0.00857526656193652,0.52,0.52,0.48,0
10.83,0.00863923417192835,0.52,0.52,0.48,0
10.84,0.00870183754669526,0.52,0.52,0.48,0
10.85,0.00876306680043863,0.52,0.52,0.48,0
10.86,0.00882291226434952,0.52,0.52,0.48,0
10.87,0.00888136448813545,0.52,0.52,0.48,0
10.88,0.00893841424151264,0.52,0.52,0.48,0
10.89,0.00899405251566371,0.52,0.52,0.48,0
10.9,0.0090482705246602,0.52,0.52,0.48,0
10.91,0.00910105970684996,0.52,0.52,0.48,0
10.92,0.00915241172620917,0.52,0.52,0.48,0
10.93,0.0092023184736587,0.52,0.52,0.48,0
10.94,0.00925077206834458,0.52,0.52,0.48,0
10.95,0.00929776485888252,0.52,0.52,0.48,0
10.96,0.00934328942456612,0.52,0.52,0.48,0
10.97,0.00938733857653874,0.52,0.52,0.48,0
10.98,0.00942990535892864,0.52,0.52,0.48,0
10.99,0.00947098304994744,0.52,0.52,0.48,0
11,0.00951056516295153,0.52,0.52,0.48,0
11.01,0.00954864544746643,0.52,0.52,0.48,0
11.02,0.00958521789017376,0.52,0.52,0.48,0
11.03,0.00962027671586086,0.52,0.52,0.48,0
11.04,0.00965381638833274,0.52,0.52,0.48,0
11.05,0.00968583161128631,0.52,0.52,0.48,0
11.06,0.00971631732914674,0.52,0.52,0.48,0
11.07,0.00974526872786577,0.52,0.52,0.48,0
11.08,0.00977268123568194,0.52,0.52,0.48,0
11.09,0.00979855052384247,0.52,0.52,0.48,0
11.1,0.00982287250728689,0.52,0.52,0.48,0
11.11,0.00984564334529205,0.52,0.52,0.48,0
11.12,0.00986685944207868,0.52,0.52,0.48,0
11.13,0.00988651744737914,0.52,0.52,0.48,0
11.14,0.00990461425696651,0.52,0.52,0.48,0
11.15,0.00992114701314478,0.52,0.52,0.48,0
11.16,0.00993611310520008,0.52,0.52,0.48,0
11.17,0.009949510169813,0.52,0.52,0.48,0
11.18,0.00996133609143172,0.52,0.52,0.48,0
11.19,0.00997158900260614,0.52,0.52,0.48,0
11.2,0.00998026728428272,0.52,0.52,0.48,0
11.21,0.00998736956606018,0.52,0.52,0.48,0
11.22,0.00999289472640589,0.52,0.52,0.48,0
11.23,0.009996841892833,0.52,0.52,0.48,0
11.24,0.00999921044203816,0.52,0.52,0.48,0
11.25,0.01,0.52,0.52,0.48,0
11.26,0.00999921044203816,0.52,0.52,0.48,0
11.27,0.009996841892833,0.52,0.52,0.48,0
11.28,0.00999289472640589,0.52,0.52,0.48,0
11.29,0.00998736956606018,0.52,0.52,0.48,0
11.3,0.00998026728428272,0.52,0.52,0.48,0
11.31,0.00997158900260614,0.52,0.52,0.48,0
11.32,0.00996133609143172,0.52,0.52,0.48,0
11.33,0.009949510169813,0.52,0.52,0.48,0
11.34,0.00993611310520008,0.52,0.52,0.48,0
11.35,0.00992114701314478,0.52,0.52,0.48,0
11.36,0.00990461425696651,0.52,0.52,0.48,0
11.37,0.00988651744737914,0.52,0.52,0.48,0
11.38,0.00986685944207868,0.52,0.52,0.48,0
11.39,0.00984564334529205,0.52,0.52,0.48,0
11.4,0.00982287250728689,0.52,0.52,0.48,0
11.41,0.00979855052384247,0.52,0.52,0.48,0
11.42,0.00977268123568194,0.52,0.52,0.48,0
11.43,0.00974526872786577,0.52,0.52,0.48,0
11.44,0.00971631732914674,0.52,0.52,0.48,0
11.45,0.00968583161128631,0.52,0.52,0.48,0
11.46,0.00965381638833274,0.52,0.52,0.48,0
11.47,0.00962027671586086,0.52,0.52,0.48,0
11.48,0.00958521789017376,0.52,0.52,0.48,0
11.49,0.00954864544746643,0.52,0.52,0.48,0
11.5,0.00951056516295154,0.52,0.52,0.48,0
11.51,0.00947098304994745,0.52,0.52,0.48,0
11.52,0.00942990535892865,0.52,0.52,0.48,0
11.53,0.00938733857653875,0.52,0.52,0.48,0
11.54,0.00934328942456612,0.52,0.52,0.48,0
11.55,0.00929776485888251,0.52,0.52,0.48,0
11.56,0.00925077206834458,0.52,0.52,0.48,0
11.57,0.00920231847365871,0.52,0.52,0.48,0
11.58,0.00915241172620917,0.52,0.52,0.48,0
11.59,0.00910105970684996,0.52,0.52,0.48,0
11.6,0.0090482705246602,0.52,0.52,0.48,0
11.61,0.00899405251566372,0.52,0.52,0.48,0
11.62,0.00893841424151263,0.52,0.52,0.48,0
11.63,0.00888136448813545,0.52,0.52,0.48,0
11.64,0.00882291226434953,0.52,0.52,0.48,0
11.65,0.00876306680043864,0.52,0.52,0.48,0
11.66,0.00870183754669526,0.52,0.52,0.48,0
11.67,0.00863923417192836,0.52,0.52,0.48,0
11.68,0.00857526656193652,0.52,0.52,0.48,0
11.69,0.00850994481794693,0.52,0.52,0.48,0
11.7,0.00844327925502014,0.52,0.52,0.48,0
11.71,0.00837528040042141,0.52,0.52,0.48,0
11.72,0.00830595899195813,0.52,0.52,0.48,0
11.73,0.00823532597628428,0.52,0.52,0.48,0
11.74,0.00816339250717184,0.52,0.52,0.48,0
11.75,0.00809016994374948,0.52,0.52,0.48,0
11.76,0.00801566984870877,0.52,0.52,0.48,0
11.77,0.00793990398647836,0.52,0.52,0.48,0
11.78,0.0078628843213662,0.52,0.52,0.48,0
11.79,0.00778462301567024,0.52,0.52,0.48,0
11.8,0.00770513242775789,0.52,0.52,0.48,0
11.81,0.00762442511011448,0.52,0.52,0.48,0
11.82,0.00754251380736104,0.52,0.52,0.48,0
11.83,0.00745941145424182,0.52,0.52,0.48,0
11.84,0.00737513117358174,0.52,0.52,0.48,0
11.85,0.00728968627421412,0.52,0.52,0.48,0
11.86,0.00720309024887908,0.52,0.52,0.48,0
11.87,0.00711535677209285,0.52,0.52,0.48,0
11.88,0.00702649969798849,0.52,0.52,0.48,0
11.89,0.00693653305812804,0.52,0.52,0.48,0
11.9,0.00684547105928689,0.52,0.52,0.48,0
11.91,0.00675332808121025,0.52,0.52,0.48,0
11.92,0.00666011867434253,0.52,0.52,0.48,0
11.93,0.00656585755752957,0.52,0.52,0.48,0
11.94,0.00647055961569445,0.52,0.52,0.48,0
11.95,0.00637423989748689,0.52,0.52,0.48,0
11.96,0.006276913612907,0.52,0.52,0.48,0
11.97,0.00617859613090334,0.52,0.52,0.48,0
11.98,0.00607930297694606,0.52,0.52,0.48,0
11.99,0.00597904983057519,0.52,0.52,0.48,0
12,0.00587785252292474,0.52,0.52,0.48,0
12.01,0.00577572703422269,0.52,0.52,0.48,0
12.02,0.00567268949126757,0.52,0.52,0.48,0
12.03,0.00556875616488187,0.52,0.52,0.48,0
12.04,0.00546394346734269,0.52,0.52,0.48,0
12.05,0.00535826794978996,0.52,0.52,0.48,0
12.06,0.00525174629961296,0.52,0.52,0.48,0
12.07,0.00514439533781507,0.52,0.52,0.48,0
12.08,0.00503623201635761,0.52,0.52,0.48,0
12.09,0.00492727341548292,0.52,0.52,0.48,0
12.1,0.00481753674101716,0.52,0.52,0.48,0
12.11,0.00470703932165334,0.52,0.52,0.48,0
12.12,0.00459579860621487,0.52,0.52,0.48,0
12.13,0.00448383216090032,0.52,0.52,0.48,0
12.14,0.00437115766650932,0.52,0.52,0.48,0
12.15,0.00425779291565073,0.52,0.52,0.48,0
12.16,0.00414375580993285,0.52,0.52,0.48,0
12.17,0.00402906435713664,0.52,0.52,0.48,0
12.18,0.00391373666837203,0.52,0.52,0.48,0
12.19,0.00379779095521802,0.52,0.52,0.48,0
12.2,0.00368124552684677,0.52,0.52,0.48,0
12.21,0.0035641187871325,0.52,0.52,0.48,0
12.22,0.00344642923174517,0.52,0.52,0.48,0
12.23,0.00332819544522987,0.52,0.52,0.48,0
12.24,0.00320943609807209,0.52,0.52,0.48,0
12.25,0.00309016994374948,0.52,0.52,0.48,0
12.26,0.00297041581577036,0.52,0.52,0.48,0
12.27,0.00285019262469977,0.52,0.52,0.48,0
12.28,0.00272951935517325,0.52,0.52,0.48,0
12.29,0.00260841506289897,0.52,0.52,0.48,0
12.3,0.00248689887164854,0.52,0.52,0.48,0
12.31,0.00236498997023725,0.52,0.52,0.48,0
12.32,0.00224270760949382,0.52,0.52,0.48,0
12.33,0.00212007109922054,0.52,0.52,0.48,0
12.34,0.00199709980514408,0.52,0.52,0.48,0
12.35,0.00187381314585726,0.52,0.52,0.48,0
12.36,0.00175023058975278,0.52,0.52,0.48,0
12.37,0.00162637165194883,0.52,0.52,0.48,0
12.38,0.00150225589120757,0.52,0.52,0.48,0
12.39,0.00137790290684637,0.52,0.52,0.48,0
12.4,0.00125333233564304,0.52,0.52,0.48,0
12.41,0.00112856384873482,0.52,0.52,0.48,0
12.42,0.00100361714851216,0.52,0.52,0.48,0
12.43,0.000878511965507436,0.52,0.52,0.48,0
12.44,0.00075326805527934,0.52,0.52,0.48,0
12.45,0.000627905195293119,0.52,0.52,0.48,0
12.46,0.000502443181797688,0.52,0.52,0.48,0
12.47,0.000376901826699346,0.52,0.52,0.48,0
12.48,0.000251300954433383,0.52,0.52,0.48,0
12.49,0.000125660398833524,0.52,0.52,0.48,0
12.5,6.12323399573677e-18,0.52,0.52,0.48,0
12.51,-0.000125660398833512,0.52,0.52,0.48,0
12.52,-0.000251300954433371,0.52,0.52,0.48,0
12.53,-0.000376901826699351,0.52,0.52,0.48,0
12.54,-0.000502443181797694,0.52,0.52,0.48,0
12.55,-0.000627905195293142,0.52,0.52,0.48,0
12.56,-0.000753268055279328,0.52,0.52,0.48,0
12.57,-0.000878511965507424,0.52,0.52,0.48,0
12.58,-0.00100361714851215,0.52,0.52,0.48,0
12.59,-0.00112856384873481,0.52,0.52,0.48,0
12.6,-0.00125333233564303,0.52,0.52,0.48,0
12.61,-0.00137790290684636,0.52,0.52,0.48,0
12.62,-0.00150225589120758,0.52,0.52,0.48,0
12.63,-0.00162637165194883,0.52,0.52,0.48,0
12.64,-0.00175023058975277,0.52,0.52,0.48,0
12.65,-0.00187381314585725,0.52,0.52,0.48,0
12.66,-0.00199709980514406,0.52,0.52,0.48,0
12.67,-0.00212007109922053,0.52,0.52,0.48,0
12.68,-0.00224270760949381,0.52,0.52,0.48,0
12.69,-0.00236498997023723,0.52,0.52,0.48,0
12.7,-0.00248689887164856,0.52,0.52,0.48,0
12.71,-0.00260841506289898,0.52,0.52,0.48,0
12.72,-0.00272951935517325,0.52,0.52,0.48,0
12.73,-0.00285019262469975,0.52,0.52,0.48,0
12.74,-0.00297041581577033,0.52,0.52,0.48,0
12.75,-0.00309016994374945,0.52,0.52,0.48,0
12.76,-0.0032094360980721,0.52,0.52,0.48,0
12.77,-0.00332819544522986,0.52,0.52,0.48,0
12.78,-0.00344642923174519,0.52,0.52,0.48,0
12.79,-0.00356411878713252,0.52,0.52,0.48,0
12.8,-0.00368124552684679,0.52,0.52,0.48,0
12.81,-0.00379779095521801,0.52,0.52,0.48,0
12.82,-0.00391373666837202,0.52,0.52,0.48,0
12.83,-0.00402906435713661,0.52,0.52,0.48,0
12.84,-0.00414375580993282,0.52,0.52,0.48,0
12.85,-0.00425779291565073,0.52,0.52,0.48,0
12.86,-0.00437115766650933,0.52,0.52,0.48,0
12.87,-0.00448383216090031,0.52,0.52,0.48,0
12.88,-0.00459579860621489,0.52,0.52,0.48,0
12.89,-0.00470703932165333,0.52,0.52,0.48,0
12.9,-0.00481753674101715,0.52,0.52,0.48,0
12.91,-0.00492727341548291,0.52,0.52,0.48,0
12.92,-0.0050362320163576,0.52,0.52,0.48,0
12.93,-0.00514439533781505,0.52,0.52,0.48,0
12.94,-0.00525174629961296,0.52,0.52,0.48,0
12.95,-0.00535826794978996,0.52,0.52,0.48,0
12.96,-0.00546394346734268,0.52,0.52,0.48,0
12.97,-0.00556875616488189,0.52,0.52,0.48,0
12.98,-0.00567268949126757,0.52,0.52,0.48,0
12.99,-0.00577572703422268,0.52,0.52,0.48,0
13,-0.00587785252292473,0.52,0.52,0.48,0
13.01,-0.00597904983057518,0.52,0.52,0.48,0
13.02,-0.00607930297694604,0.52,0.52,0.48,0
13.03,-0.00617859613090335,0.52,0.52,0.48,0
13.04,-0.006276913612907,0.52,0.52,0.48,0
13.05,-0.00637423989748689,0.52,0.52,0.48,0
13.06,-0.00647055961569443,0.52,0.52,0.48,0
13.07,-0.00656585755752957,0.52,0.52,0.48,0
13.08,-0.00666011867434252,0.52,0.52,0.48,0
13.09,-0.00675332808121024,0.52,0.52,0.48,0
13.1,-0.00684547105928688,0.52,0.52,0.48,0
13.11,-0.00693653305812803,0.52,0.52,0.48,0
13.12,-0.0070264996979885,0.52,0.52,0.48,0
13.13,-0.00711535677209285,0.52,0.52,0.48,0
13.14,-0.00720309024887906,0.52,0.52,0.48,0
13.15,-0.0072896862742141,0.52,0.52,0.48,0
13.16,-0.00737513117358175,0.52,0.52,0.48,0
13.17,-0.00745941145424182,0.52,0.52,0.48,0
13.18,-0.00754251380736104,0.52,0.52,0.48,0
13.19,-0.00762442511011447,0.52,0.52,0.48,0
13.2,-0.0077051324277579,0.52,0.52,0.48,0
13.21,-0.00778462301567024,0.52,0.52,0.48,0
13.22,-0.00786288432136619,0.52,0.52,0.48,0
13.23,-0.00793990398647835,0.52,0.52,0.48,0
13.24,-0.00801566984870876,0.52,0.52,0.48,0
13.25,-0.00809016994374948,0.52,0.52,0.48,0
13.26,-0.00816339250717184,0.52,0.52,0.48,0
13.27,-0.00823532597628427,0.52,0.52,0.48,0
13.28,-0.00830595899195814,0.52,0.52,0.48,0
13.29,-0.00837528040042143,0.52,0.52,0.48,0
13.3,-0.00844327925502016,0.52,0.52,0.48,0
13.31,-0.00850994481794692,0.52,0.52,0.48,0
13.32,-0.00857526656193652,0.52,0.52,0.48,0
13.33,-0.00863923417192835,0.52,0.52,0.48,0
13.34,-0.00870183754669525,0.52,0.52,0.48,0
13.35,-0.00876306680043864,0.52,0.52,0.48,0
13.36,-0.00882291226434953,0.52,0.52,0.48,0
13.37,-0.00888136448813544,0.52,0.52,0.48,0
13.38,-0.00893841424151265,0.52,0.52,0.48,0
13.39,-0.00899405251566371,0.52,0.52,0.48,0
13.4,-0.0090482705246602,0.52,0.52,0.48,0
13.41,-0.00910105970684995,0.52,0.52,0.48,0
13.42,-0.00915241172620917,0.52,0.52,0.48,0
13.43,-0.00920231847365869,0.52,0.52,0.48,0
13.44,-0.00925077206834458,0.52,0.52,0.48,0
13.45,-0.00929776485888251,0.52,0.52,0.48,0
13.46,-0.00934328942456612,0.52,0.52,0.48,0
13.47,-0.00938733857653875,0.52,0.52,0.48,0
13.48,-0.00942990535892865,0.52,0.52,0.48,0
13.49,-0.00947098304994744,0.52,0.52,0.48,0
13.5,-0.00951056516295153,0.52,0.52,0.48,0
13.51,-0.00954864544746642,0.52,0.52,0.48,0
13.52,-0.00958521789017375,0.52,0.52,0.48,0
13.53,-0.00962027671586086,0.52,0.52,0.48,0
13.54,-0.00965381638833274,0.52,0.52,0.48,0
13.55,-0.00968583161128631,0.52,0.52,0.48,0
13.56,-0.00971631732914674,0.52,0.52,0.48,0
13.57,-0.00974526872786577,0.52,0.52,0.48,0
13.58,-0.00977268123568194,0.52,0.52,0.48,0
13.59,-0.00979855052384247,0.52,0.52,0.48,0
13.6,-0.00982287250728688,0.52,0.52,0.48,0
13.61,-0.00984564334529205,0.52,0.52,0.48,0
13.62,-0.00986685944207868,0.52,0.52,0.48,0
13.63,-0.00988651744737914,0.52,0.52,0.48,0
13.64,-0.00990461425696651,0.52,0.52,0.48,0
13.65,-0.00992114701314478,0.52,0.52,0.48,0
13.66,-0.00993611310520008,0.52,0.52,0.48,0
13.67,-0.009949510169813,0.52,0.52,0.48,0
13.68,-0.00996133609143172,0.52,0.52,0.48,0
13.69,-0.00997158900260614,0.52,0.52,0.48,0
13.7,-0.00998026728428272,0.52,0.52,0.48,0
13.71,-0.00998736956606018,0.52,0.52,0.48,0
13.72,-0.00999289472640589,0.52,0.52,0.48,0
13.73,-0.009996841892833,0.52,0.52,0.48,0
13.74,-0.00999921044203816,0.52,0.52,0.48,0
13.75,-0.01,0.52,0.52,0.48,0
13.76,-0.00999921044203816,0.52,0.52,0.48,0
13.77,-0.009996841892833,0.52,0.52,0.48,0
13.78,-0.00999289472640589,0.52,0.52,0.48,0
13.79,-0.00998736956606018,0.52,0.52,0.48,0
13.8,-0.00998026728428272,0.52,0.52,0.48,0
13.81,-0.00997158900260614,0.52,0.52,0.48,0
13.82,-0.00996133609143172,0.52,0.52,0.48,0
13.83,-0.009949510169813,0.52,0.52,0.48,0
13.84,-0.00993611310520009,0.52,0.52,0.48,0
13.85,-0.00992114701314478,0.52,0.52,0.48,0
13.86,-0.00990461425696651,0.52,0.52,0.48,0
13.87,-0.00988651744737914,0.52,0.52,0.48,0
13.88,-0.00986685944207868,0.52,0.52,0.48,0
13.89,-0.00984564334529205,0.52,0.52,0.48,0
13.9,-0.00982287250728689,0.52,0.52,0.48,0
13.91,-0.00979855052384247,0.52,0.52,0.48,0
13.92,-0.00977268123568194,0.52,0.52,0.48,0
13.93,-0.00974526872786578,0.52,0.52,0.48,0
13.94,-0.00971631732914674,0.52,0.52,0.48,0
13.95,-0.00968583161128631,0.52,0.52,0.48,0
13.96,-0.00965381638833274,0.52,0.52,0.48,0
13.97,-0.00962027671586085,0.52,0.52,0.48,0
13.98,-0.00958521789017376,0.52,0.52,0.48,0
13.99,-0.00954864544746643,0.52,0.52,0.48,0
14,-0.00951056516295154,0.52,0.52,0.48,0
14.01,-0.00947098304994745,0.52,0.52,0.48,0
14.02,-0.00942990535892865,0.52,0.52,0.48,0
14.03,-0.00938733857653874,0.52,0.52,0.48,0
14.04,-0.00934328942456612,0.52,0.52,0.48,0
14.05,-0.00929776485888252,0.52,0.52,0.48,0
14.06,-0.00925077206834459,0.52,0.52,0.48,0
14.07,-0.0092023184736587,0.52,0.52,0.48,0
14.08,-0.00915241172620918,0.52,0.52,0.48,0
14.09,-0.00910105970684996,0.52,0.52,0.48,0
14.1,-0.0090482705246602,0.52,0.52,0.48,0
14.11,-0.00899405251566372,0.52,0.52,0.48,0
14.12,-0.00893841424151263,0.52,0.52,0.48,0
14.13,-0.00888136448813545,0.52,0.52,0.48,0
14.14,-0.00882291226434954,0.52,0.52,0.48,0
14.15,-0.00876306680043864,0.52,0.52,0.48,0
14.16,-0.00870183754669525,0.52,0.52,0.48,0
14.17,-0.00863923417192835,0.52,0.52,0.48,0
14.18,-0.00857526656193652,0.52,0.52,0.48,0
14.19,-0.00850994481794693,0.52,0.52,0.48,0
14.2,-0.00844327925502014,0.52,0.52,0.48,0
14.21,-0.00837528040042141,0.52,0.52,0.48,0
14.22,-0.00830595899195813,0.52,0.52,0.48,0
14.23,-0.00823532597628428,0.52,0.52,0.48,0
14.24,-0.00816339250717185,0.52,0.52,0.48,0
14.25,-0.00809016994374947,0.52,0.52,0.48,0
14.26,-0.00801566984870876,0.52,0.52,0.48,0
14.27,-0.00793990398647836,0.52,0.52,0.48,0
14.28,-0.00786288432136618,0.52,0.52,0.48,0
14.29,-0.00778462301567022,0.52,0.52,0.48,0
14.3,-0.00770513242775789,0.52,0.52,0.48,0
14.31,-0.00762442511011448,0.52,0.52,0.48,0
14.32,-0.00754251380736104,0.52,0.52,0.48,0
14.33,-0.00745941145424183,0.52,0.52,0.48,0
14.34,-0.00737513117358175,0.52,0.52,0.48,0
14.35,-0.00728968627421411,0.52,0.52,0.48,0
14.36,-0.00720309024887907,0.52,0.52,0.48,0
14.37,-0.00711535677209286,0.52,0.52,0.48,0
14.38,-0.00702649969798848,0.52,0.52,0.48,0
14.39,-0.00693653305812804,0.52,0.52,0.48,0
14.4,-0.00684547105928689,0.52,0.52,0.48,0
14.41,-0.00675332808121025,0.52,0.52,0.48,0
14.42,-0.00666011867434253,0.52,0.52,0.48,0
14.43,-0.00656585755752958,0.52,0.52,0.48,0
14.44,-0.00647055961569444,0.52,0.52,0.48,0
14.45,-0.0063742398974869,0.52,0.52,0.48,0
14.46,-0.00627691361290701,0.52,0.52,0.48,0
14.47,-0.00617859613090333,0.52,0.52,0.48,0
14.48,-0.00607930297694605,0.52,0.52,0.48,0
14.49,-0.00597904983057519,0.52,0.52,0.48,0
14.5,-0.00587785252292474,0.52,0.52,0.48,0
14.51,-0.00577572703422269,0.52,0.52,0.48,0
14.52,-0.00567268949126758,0.52,0.52,0.48,0
14.53,-0.00556875616488188,0.52,0.52,0.48,0
14.54,-0.00546394346734269,0.52,0.52,0.48,0
14.55,-0.00535826794978998,0.52,0.52,0.48,0
14.56,-0.00525174629961297,0.52,0.52,0.48,0
14.57,-0.00514439533781506,0.52,0.52,0.48,0
14.58,-0.00503623201635761,0.52,0.52,0.48,0
14.59,-0.00492727341548292,0.52,0.52,0.48,0
14.6,-0.00481753674101717,0.52,0.52,0.48,0
14.61,-0.00470703932165335,0.52,0.52,0.48,0
14.62,-0.00459579860621487,0.52,0.52,0.48,0
14.63,-0.00448383216090032,0.52,0.52,0.48,0
14.64,-0.00437115766650934,0.52,0.52,0.48,0
14.65,-0.00425779291565074,0.52,0.52,0.48,0
14.66,-0.00414375580993283,0.52,0.52,0.48,0
14.67,-0.00402906435713662,0.52,0.52,0.48,0
14.68,-0.00391373666837203,0.52,0.52,0.48,0
14.69,-0.00379779095521802,0.52,0.52,0.48,0
14.7,-0.00368124552684677,0.52,0.52,0.48,0
14.71,-0.0035641187871325,0.52,0.52,0.48,0
14.72,-0.00344642923174517,0.52,0.52,0.48,0
14.73,-0.00332819544522988,0.52,0.52,0.48,0
14.74,-0.00320943609807211,0.52,0.52,0.48,0
14.75,-0.0030901699437495,0.52,0.52,0.48,0
14.76,-0.00297041581577035,0.52,0.52,0.48,0
14.77,-0.00285019262469977,0.52,0.52,0.48,0
14.78,-0.00272951935517323,0.52,0.52,0.48,0
14.79,-0.00260841506289895,0.52,0.52,0.48,0
14.8,-0.00248689887164854,0.52,0.52,0.48,0
14.81,-0.00236498997023725,0.52,0.52,0.48,0
14.82,-0.00224270760949382,0.52,0.52,0.48,0
14.83,-0.00212007109922056,0.52,0.52,0.48,0
14.84,-0.00199709980514409,0.52,0.52,0.48,0
14.85,-0.00187381314585724,0.52,0.52,0.48,0
14.86,-0.00175023058975276,0.52,0.52,0.48,0
14.87,-0.00162637165194885,0.52,0.52,0.48,0
14.88,-0.00150225589120756,0.52,0.52,0.48,0
14.89,-0.00137790290684637,0.52,0.52,0.48,0
14.9,-0.00125333233564304,0.52,0.52,0.48,0
14.91,-0.00112856384873482,0.52,0.52,0.48,0
14.92,-0.00100361714851216,0.52,0.52,0.48,0
14.93,-0.000878511965507455,0.52,0.52,0.48,0
14.94,-0.000753268055279323,0.52,0.52,0.48,0
14.95,-0.000627905195293137,0.52,0.52,0.48,0
14.96,-0.000502443181797707,0.52,0.52,0.48,0
14.97,-0.000376901826699329,0.52,0.52,0.48,0
14.98,-0.000251300954433367,0.52,0.52,0.48,0
14.99,-0.000125660398833526,0.52,0.52,0.48,0
15,-7.34788079488412e-18,0.52,0.52,0.48,0
15.01,0.000125660398833511,0.52,0.52,0.48,0
15.02,0.000251300954433352,0.52,0.52,0.48,0
15.03,0.00037690182669935,0.52,0.52,0.48,0
15.04,0.000502443181797692,0.52,0.52,0.48,0
15.05,0.000627905195293123,0.52,0.52,0.48,0
15.06,0.000753268055279309,0.52,0.52,0.48,0
15.07,0.000878511965507441,0.52,0.52,0.48,0
15.08,0.00100361714851215,0.52,0.52,0.48,0
15.09,0.00112856384873481,0.52,0.52,0.48,0
15.1,0.00125333233564303,0.52,0.52,0.48,0
15.11,0.00137790290684636,0.52,0.52,0.48,0
15.12,0.00150225589120758,0.52,0.52,0.48,0
15.13,0.00162637165194883,0.52,0.52,0.48,0
15.14,0.00175023058975275,0.52,0.52,0.48,0
15.15,0.00187381314585723,0.52,0.52,0.48,0
15.16,0.00199709980514408,0.52,0.52,0.48,0
15.17,0.00212007109922055,0.52,0.52,0.48,0
15.18,0.00224270760949381,0.52,0.52,0.48,0
15.19,0.00236498997023723,0.52,0.52,0.48,0
15.2,0.00248689887164856,0.52,0.52,0.48,0
15.21,0.00260841506289897,0.52,0.52,0.48,0
15.22,0.00272951935517325,0.52,0.52,0.48,0
15.23,0.00285019262469975,0.52,0.52,0.48,0
15.24,0.00297041581577033,0.52,0.52,0.48,0
15.25,0.00309016994374948,0.52,0.52,0.48,0
15.26,0.0032094360980721,0.52,0.52,0.48,0
15.27,0.00332819544522986,0.52,0.52,0.48,0
15.28,0.00344642923174519,0.52,0.52,0.48,0
15.29,0.00356411878713252,0.52,0.52,0.48,0
15.3,0.00368124552684679,0.52,0.52,0.48,0
15.31,0.00379779095521801,0.52,0.52,0.48,0
15.32,0.00391373666837202,0.52,0.52,0.48,0
15.33,0.00402906435713661,0.52,0.52,0.48,0
15.34,0.00414375580993282,0.52,0.52,0.48,0
15.35,0.00425779291565073,0.52,0.52,0.48,0
15.36,0.00437115766650932,0.52,0.52,0.48,0
15.37,0.00448383216090031,0.52,0.52,0.48,0
15.38,0.00459579860621489,0.52,0.52,0.48,0
15.39,0.00470703932165333,0.52,0.52,0.48,0
15.4,0.00481753674101715,0.52,0.52,0.48,0
15.41,0.00492727341548291,0.52,0.52,0.48,0
15.42,0.00503623201635759,0.52,0.52,0.48,0
15.43,0.00514439533781504,0.52,0.52,0.48,0
15.44,0.00525174629961296,0.52,0.52,0.48,0
15.45,0.00535826794978996,0.52,0.52,0.48,0
15.46,0.00546394346734268,0.52,0.52,0.48,0
15.47,0.00556875616488189,0.52,0.52,0.48,0
15.48,0.00567268949126757,0.52,0.52,0.48,0
15.49,0.00577572703422268,0.52,0.52,0.48,0
15.5,0.00587785252292472,0.52,0.52,0.48,0
15.51,0.00597904983057518,0.52,0.52,0.48,0
15.52,0.00607930297694604,0.52,0.52,0.48,0
15.53,0.00617859613090335,0.52,0.52,0.48,0
15.54,0.006276913612907,0.52,0.52,0.48,0
15.55,0.00637423989748689,0.52,0.52,0.48,0
15.56,0.00647055961569443,0.52,0.52,0.48,0
15.57,0.00656585755752957,0.52,0.52,0.48,0
15.58,0.00666011867434252,0.52,0.52,0.48,0
15.59,0.00675332808121024,0.52,0.52,0.48,0
15.6,0.00684547105928688,0.52,0.52,0.48,0
15.61,0.00693653305812806,0.52,0.52,0.48,0
15.62,0.0070264996979885,0.52,0.52,0.48,0
15.63,0.00711535677209285,0.52,0.52,0.48,0
15.64,0.00720309024887906,0.52,0.52,0.48,0
15.65,0.0072896862742141,0.52,0.52,0.48,0
15.66,0.00737513117358175,0.52,0.52,0.48,0
15.67,0.00745941145424182,0.52,0.52,0.48,0
15.68,0.00754251380736103,0.52,0.52,0.48,0
15.69,0.00762442511011447,0.52,0.52,0.48,0
15.7,0.0077051324277579,0.52,0.52,0.48,0
15.71,0.00778462301567024,0.52,0.52,0.48,0
15.72,0.00786288432136619,0.52,0.52,0.48,0
15.73,0.00793990398647835,0.52,0.52,0.48,0
15.74,0.00801566984870876,0.52,0.52,0.48,0
15.75,0.00809016994374946,0.52,0.52,0.48,0
15.76,0.00816339250717184,0.52,0.52,0.48,0
15.77,0.00823532597628427,0.52,0.52,0.48,0
15.78,0.00830595899195814,0.52,0.52,0.48,0
15.79,0.00837528040042142,0.52,0.52,0.48,0
15.8,0.00844327925502015,0.52,0.52,0.48,0
15.81,0.00850994481794692,0.52,0.52,0.48,0
15.82,0.00857526656193652,0.52,0.52,0.48,0
15.83,0.00863923417192835,0.52,0.52,0.48,0
15.84,0.00870183754669525,0.52,0.52,0.48,0
15.85,0.00876306680043864,0.52,0.52,0.48,0
15.86,0.00882291226434953,0.52,0.52,0.48,0
15.87,0.00888136448813544,0.52,0.52,0.48,0
15.88,0.00893841424151265,0.52,0.52,0.48,0
15.89,0.00899405251566371,0.52,0.52,0.48,0
15.9,0.00904827052466019,0.52,0.52,0.48,0
15.91,0.00910105970684995,0.52,0.52,0.48,0
15.92,0.00915241172620917,0.52,0.52,0.48,0
15.93,0.00920231847365869,0.52,0.52,0.48,0
15.94,0.00925077206834458,0.52,0.52,0.48,0
15.95,0.00929776485888251,0.52,0.52,0.48,0
15.96,0.00934328942456612,0.52,0.52,0.48,0
15.97,0.00938733857653875,0.52,0.52,0.48,0
15.98,0.00942990535892865,0.52,0.52,0.48,0
15.99,0.00947098304994744,0.52,0.52,0.48,0
16,0.00951056516295153,0.52,0.52,0.48,0
16.01,0.00954864544746644,0.52,0.52,0.48,0
16.02,0.00958521789017375,0.52,0.52,0.48,0
16.03,0.00962027671586086,0.52,0.52,0.48,0
16.04,0.00965381638833274,0.52,0.52,0.48,0
16.05,0.00968583161128631,0.52,0.52,0.48,0
16.06,0.00971631732914674,0.52,0.52,0.48,0
16.07,0.00974526872786577,0.52,0.52,0.48,0
16.08,0.00977268123568194,0.52,0.52,0.48,0
16.09,0.00979855052384247,0.52,0.52,0.48,0
16.1,0.00982287250728689,0.52,0.52,0.48,0
16.11,0.00984564334529205,0.52,0.52,0.48,0
16.12,0.00986685944207868,0.52,0.52,0.48,0
16.13,0.00988651744737914,0.52,0.52,0.48,0
16.14,0.00990461425696651,0.52,0.52,0.48,0
16.15,0.00992114701314478,0.52,0.52,0.48,0
16.16,0.00993611310520008,0.52,0.52,0.48,0
16.17,0.009949510169813,0.52,0.52,0.48,0
16.18,0.00996133609143172,0.52,0.52,0.48,0
16.19,0.00997158900260614,0.52,0.52,0.48,0
16.2,0.00998026728428271,0.52,0.52,0.48,0
16.21,0.00998736956606018,0.52,0.52,0.48,0
16.22,0.00999289472640589,0.52,0.52,0.48,0
16.23,0.009996841892833,0.52,0.52,0.48,0
16.24,0.00999921044203816,0.52,0.52,0.48,0
16.25,0.01,0.52,0.52,0.48,0
16.26,0.00999921044203816,0.52,0.52,0.48,0
16.27,0.009996841892833,0.52,0.52,0.48,0
16.28,0.00999289472640589,0.52,0.52,0.48,0
16.29,0.00998736956606018,0.52,0.52,0.48,0
16.3,0.00998026728428272,0.52,0.52,0.48,0
16.31,0.00997158900260614,0.52,0.52,0.48,0
16.32,0.00996133609143172,0.52,0.52,0.48,0
16.33,0.009949510169813,0.52,0.52,0.48,0
16.34,0.00993611310520009,0.52,0.52,0.48,0
16.35,0.00992114701314478,0.52,0.52,0.48,0
16.36,0.00990461425696651,0.52,0.52,0.48,0
16.37,0.00988651744737914,0.52,0.52,0.48,0
16.38,0.00986685944207868,0.52,0.52,0.48,0
16.39,0.00984564334529205,0.52,0.52,0.48,0
16.4,0.00982287250728689,0.52,0.52,0.48,0
16.41,0.00979855052384247,0.52,0.52,0.48,0
16.42,0.00977268123568193,0.52,0.52,0.48,0
16.43,0.00974526872786578,0.52,0.52,0.48,0
16.44,0.00971631732914674,0.52,0.52,0.48,0
16.45,0.00968583161128631,0.52,0.52,0.48,0
16.46,0.00965381638833274,0.52,0.52,0.48,0
16.47,0.00962027671586087,0.52,0.52,0.48,0
16.48,0.00958521789017376,0.52,0.52,0.48,0
16.49,0.00954864544746643,0.52,0.52,0.48,0
16.5,0.00951056516295154,0.52,0.52,0.48,0
16.51,0.00947098304994744,0.52,0.52,0.48,0
16.52,0.00942990535892865,0.52,0.52,0.48,0
16.53,0.00938733857653874,0.52,0.52,0.48,0
16.54,0.00934328942456612,0.52,0.52,0.48,0
16.55,0.00929776485888252,0.52,0.52,0.48,0
16.56,0.00925077206834459,0.52,0.52,0.48,0
16.57,0.0092023184736587,0.52,0.52,0.48,0
16.58,0.00915241172620918,0.52,0.52,0.48,0
16.59,0.00910105970684996,0.52,0.52,0.48,0
16.6,0.00904827052466019,0.52,0.52,0.48,0
16.61,0.00899405251566372,0.52,0.52,0.48,0
16.62,0.00893841424151263,0.52,0.52,0.48,0
16.63,0.00888136448813545,0.52,0.52,0.48,0
16.64,0.00882291226434954,0.52,0.52,0.48,0
16.65,0.00876306680043864,0.52,0.52,0.48,0
16.66,0.00870183754669525,0.52,0.52,0.48,0
16.67,0.00863923417192835,0.52,0.52,0.48,0
16.68,0.00857526656193653,0.52,0.52,0.48,0
16.69,0.00850994481794691,0.52,0.52,0.48,0
16.7,0.00844327925502016,0.52,0.52,0.48,0
16.71,0.00837528040042142,0.52,0.52,0.48,0
16.72,0.00830595899195815,0.52,0.52,0.48,0
16.73,0.00823532597628428,0.52,0.52,0.48,0
16.74,0.00816339250717183,0.52,0.52,0.48,0
16.75,0.00809016994374949,0.52,0.52,0.48,0
16.76,0.00801566984870877,0.52,0.52,0.48,0
16.77,0.00793990398647836,0.52,0.52,0.48,0
16.78,0.00786288432136618,0.52,0.52,0.48,0
16.79,0.00778462301567025,0.52,0.52,0.48,0
16.8,0.00770513242775789,0.52,0.52,0.48,0
16.81,0.0076244251101145,0.52,0.52,0.48,0
16.82,0.00754251380736104,0.52,0.52,0.48,0
16.83,0.00745941145424181,0.52,0.52,0.48,0
16.84,0.00737513117358176,0.52,0.52,0.48,0
16.85,0.00728968627421411,0.52,0.52,0.48,0
16.86,0.00720309024887907,0.52,0.52,0.48,0
16.87,0.00711535677209286,0.52,0.52,0.48,0
16.88,0.00702649969798851,0.52,0.52,0.48,0
16.89,0.00693653305812804,0.52,0.52,0.48,0
16.9,0.00684547105928691,0.52,0.52,0.48,0
16.91,0.00675332808121025,0.52,0.52,0.48,0
16.92,0.0066601186743425,0.52,0.52,0.48,0
16.93,0.00656585755752958,0.52,0.52,0.48,0
16.94,0.00647055961569444,0.52,0.52,0.48,0
16.95,0.0063742398974869,0.52,0.52,0.48,0
16.96,0.00627691361290701,0.52,0.52,0.48,0
16.97,0.00617859613090336,0.52,0.52,0.48,0
16.98,0.00607930297694605,0.52,0.52,0.48,0
16.99,0.00597904983057519,0.52,0.52,0.48,0
17,0.00587785252292474,0.52,0.52,0.48,0
17.01,0.00577572703422266,0.52,0.52,0.48,0
17.02,0.00567268949126759,0.52,0.52,0.48,0
17.03,0.00556875616488188,0.52,0.52,0.48,0
17.04,0.00546394346734269,0.52,0.52,0.48,0
17.05,0.00535826794978998,0.52,0.52,0.48,0
17.06,0.00525174629961297,0.52,0.52,0.48,0
17.07,0.00514439533781506,0.52,0.52,0.48,0
17.08,0.00503623201635761,0.52,0.52,0.48,0
17.09,0.00492727341548292,0.52,0.52,0.48,0
17.1,0.00481753674101714,0.52,0.52,0.48,0
17.11,0.00470703932165335,0.52,0.52,0.48,0
17.12,0.00459579860621488,0.52,0.52,0.48,0
17.13,0.00448383216090033,0.52,0.52,0.48,0
17.14,0.00437115766650934,0.52,0.52,0.48,0
17.15,0.00425779291565071,0.52,0.52,0.48,0
17.16,0.00414375580993283,0.52,0.52,0.48,0
17.17,0.00402906435713663,0.52,0.52,0.48,0
17.18,0.00391373666837203,0.52,0.52,0.48,0
17.19,0.00379779095521799,0.52,0.52,0.48,0
17.2,0.0036812455268468,0.52,0.52,0.48,0
17.21,0.0035641187871325,0.52,0.52,0.48,0
17.22,0.00344642923174521,0.52,0.52,0.48,0
17.23,0.00332819544522988,0.52,0.52,0.48,0
17.24,0.00320943609807208,0.52,0.52,0.48,0
17.25,0.00309016994374947,0.52,0.52,0.48,0
17.26,0.00297041581577035,0.52,0.52,0.48,0
17.27,0.00285019262469977,0.52,0.52,0.48,0
17.28,0.00272951935517323,0.52,0.52,0.48,0
17.29,0.00260841506289899,0.52,0.52,0.48,0
17.3,0.00248689887164854,0.52,0.52,0.48,0
17.31,0.00236498997023728,0.52,0.52,0.48,0
17.32,0.00224270760949382,0.52,0.52,0.48,0
17.33,0.00212007109922053,0.52,0.52,0.48,0
17.34,0.0019970998051441,0.52,0.52,0.48,0
17.35,0.00187381314585724,0.52,0.52,0.48,0
17.36,0.00175023058975277,0.52,0.52,0.48,0
17.37,0.00162637165194885,0.52,0.52,0.48,0
17.38,0.00150225589120759,0.52,0.52,0.48,0
17.39,0.00137790290684637,0.52,0.52,0.48,0
17.4,0.00125333233564301,0.52,0.52,0.48,0
17.41,0.00112856384873483,0.52,0.52,0.48,0
17.42,0.00100361714851213,0.52,0.52,0.48,0
17.43,0.000878511965507457,0.52,0.52,0.48,0
17.44,0.000753268055279324,0.52,0.52,0.48,0
17.45,0.000627905195293139,0.52,0.52,0.48,0
17.46,0.000502443181797708,0.52,0.52,0.48,0
17.47,0.000376901826699366,0.52,0.52,0.48,0
17.48,0.000251300954433368,0.52,0.52,0.48,0
17.49,0.000125660398833527,0.52,0.52,0.48,0
17.5,8.57252759403147e-18,0.52,0.52,0.48,0
17.51,-0.000125660398833545,0.52,0.52,0.48,0
17.52,-0.000251300954433351,0.52,0.52,0.48,0
17.53,-0.000376901826699349,0.52,0.52,0.48,0
17.54,-0.000502443181797691,0.52,0.52,0.48,0
17.55,-0.000627905195293122,0.52,0.52,0.48,0
17.56,-0.000753268055279307,0.52,0.52,0.48,0
17.57,-0.000878511965507439,0.52,0.52,0.48,0
17.58,-0.00100361714851215,0.52,0.52,0.48,0
17.59,-0.00112856384873481,0.52,0.52,0.48,0
17.6,-0.00125333233564306,0.52,0.52,0.48,0
17.61,-0.00137790290684636,0.52,0.52,0.48,0
17.62,-0.00150225589120757,0.52,0.52,0.48,0
17.63,-0.00162637165194883,0.52,0.52,0.48,0
17.64,-0.00175023058975275,0.52,0.52,0.48,0
17.65,-0.00187381314585726,0.52,0.52,0.48,0
17.66,-0.00199709980514408,0.52,0.52,0.48,0
17.67,-0.00212007109922055,0.52,0.52,0.48,0
17.68,-0.0022427076094938,0.52,0.52,0.48,0
17.69,-0.00236498997023727,0.52,0.52,0.48,0
17.7,-0.00248689887164853,0.52,0.52,0.48,0
17.71,-0.00260841506289897,0.52,0.52,0.48,0
17.72,-0.00272951935517322,0.52,0.52,0.48,0
17.73,-0.00285019262469975,0.52,0.52,0.48,0
17.74,-0.00297041581577037,0.52,0.52,0.48,0
17.75,-0.00309016994374945,0.52,0.52,0.48,0
17.76,-0.0032094360980721,0.52,0.52,0.48,0
17.77,-0.00332819544522986,0.52,0.52,0.48,0
17.78,-0.00344642923174519,0.52,0.52,0.48,0
17.79,-0.00356411878713249,0.52,0.52,0.48,0
17.8,-0.00368124552684678,0.52,0.52,0.48,0
17.81,-0.00379779095521798,0.52,0.52,0.48,0
17.82,-0.00391373666837201,0.52,0.52,0.48,0
17.83,-0.00402906435713664,0.52,0.52,0.48,0
17.84,-0.00414375580993282,0.52,0.52,0.48,0
17.85,-0.00425779291565073,0.52,0.52,0.48,0
17.86,-0.00437115766650932,0.52,0.52,0.48,0
17.87,-0.00448383216090031,0.52,0.52,0.48,0
17.88,-0.00459579860621486,0.52,0.52,0.48,0
17.89,-0.00470703932165333,0.52,0.52,0.48,0
17.9,-0.00481753674101718,0.52,0.52,0.48,0
17.91,-0.00492727341548291,0.52,0.52,0.48,0
17.92,-0.00503623201635762,0.52,0.52,0.48,0
17.93,-0.00514439533781504,0.52,0.52,0.48,0
17.94,-0.00525174629961296,0.52,0.52,0.48,0
17.95,-0.00535826794978996,0.52,0.52,0.48,0
17.96,-0.00546394346734268,0.52,0.52,0.48,0
17.97,-0.00556875616488186,0.52,0.52,0.48,0
17.98,-0.00567268949126757,0.52,0.52,0.48,0
17.99,-0.00577572703422268,0.52,0.52,0.48,0
18,-0.00587785252292472,0.52,0.52,0.48,0
18.01,-0.0059790498305752,0.52,0.52,0.48,0
18.02,-0.00607930297694604,0.52,0.52,0.48,0
18.03,-0.00617859613090335,0.52,0.52,0.48,0
18.04,-0.006276913612907,0.52,0.52,0.48,0
18.05,-0.00637423989748689,0.52,0.52,0.48,0
18.06,-0.00647055961569443,0.52,0.52,0.48,0
18.07,-0.00656585755752957,0.52,0.52,0.48,0
18.08,-0.00666011867434252,0.52,0.52,0.48,0
18.09,-0.00675332808121024,0.52,0.52,0.48,0
18.1,-0.0068454710592869,0.52,0.52,0.48,0
18.11,-0.00693653305812803,0.52,0.52,0.48,0
18.12,-0.0070264996979885,0.52,0.52,0.48,0
18.13,-0.00711535677209285,0.52,0.52,0.48,0
18.14,-0.00720309024887906,0.52,0.52,0.48,0
18.15,-0.00728968627421413,0.52,0.52,0.48,0
18.16,-0.00737513117358175,0.52,0.52,0.48,0
18.17,-0.00745941145424182,0.52,0.52,0.48,0
18.18,-0.00754251380736103,0.52,0.52,0.48,0
18.19,-0.00762442511011449,0.52,0.52,0.48,0
18.2,-0.00770513242775788,0.52,0.52,0.48,0
18.21,-0.00778462301567024,0.52,0.52,0.48,0
18.22,-0.00786288432136617,0.52,0.52,0.48,0
18.23,-0.00793990398647835,0.52,0.52,0.48,0
18.24,-0.00801566984870877,0.52,0.52,0.48,0
18.25,-0.00809016994374948,0.52,0.52,0.48,0
18.26,-0.00816339250717184,0.52,0.52,0.48,0
18.27,-0.00823532597628427,0.52,0.52,0.48,0
18.28,-0.00830595899195814,0.52,0.52,0.48,0
18.29,-0.0083752804004214,0.52,0.52,0.48,0
18.3,-0.00844327925502015,0.52,0.52,0.48,0
18.31,-0.0085099448179469,0.52,0.52,0.48,0
18.32,-0.00857526656193652,0.52,0.52,0.48,0
18.33,-0.00863923417192836,0.52,0.52,0.48,0
18.34,-0.00870183754669524,0.52,0.52,0.48,0
18.35,-0.00876306680043864,0.52,0.52,0.48,0
18.36,-0.00882291226434953,0.52,0.52,0.48,0
18.37,-0.00888136448813544,0.52,0.52,0.48,0
18.38,-0.00893841424151263,0.52,0.52,0.48,0
18.39,-0.00899405251566371,0.52,0.52,0.48,0
18.4,-0.00904827052466021,0.52,0.52,0.48,0
18.41,-0.00910105970684995,0.52,0.52,0.48,0
18.42,-0.00915241172620918,0.52,0.52,0.48,0
18.43,-0.00920231847365869,0.52,0.52,0.48,0
18.44,-0.00925077206834458,0.52,0.52,0.48,0
18.45,-0.00929776485888251,0.52,0.52,0.48,0
18.46,-0.00934328942456612,0.52,0.52,0.48,0
18.47,-0.00938733857653873,0.52,0.52,0.48,0
18.48,-0.00942990535892865,0.52,0.52,0.48,0
18.49,-0.00947098304994744,0.52,0.52,0.48,0
18.5,-0.00951056516295153,0.52,0.52,0.48,0
18.51,-0.00954864544746644,0.52,0.52,0.48,0
18.52,-0.00958521789017375,0.52,0.52,0.48,0
18.53,-0.00962027671586086,0.52,0.52,0.48,0
18.54,-0.00965381638833274,0.52,0.52,0.48,0
18.55,-0.00968583161128631,0.52,0.52,0.48,0
18.56,-0.00971631732914673,0.52,0.52,0.48,0
18.57,-0.00974526872786577,0.52,0.52,0.48,0
18.58,-0.00977268123568194,0.52,0.52,0.48,0
18.59,-0.00979855052384247,0.52,0.52,0.48,0
18.6,-0.00982287250728689,0.52,0.52,0.48,0
18.61,-0.00984564334529205,0.52,0.52,0.48,0
18.62,-0.00986685944207868,0.52,0.52,0.48,0
18.63,-0.00988651744737914,0.52,0.52,0.48,0
18.64,-0.00990461425696651,0.52,0.52,0.48,0
18.65,-0.00992114701314478,0.52,0.52,0.48,0
18.66,-0.00993611310520008,0.52,0.52,0.48,0
18.67,-0.009949510169813,0.52,0.52,0.48,0
18.68,-0.00996133609143172,0.52,0.52,0.48,0
18.69,-0.00997158900260614,0.52,0.52,0.48,0
18.7,-0.00998026728428271,0.52,0.52,0.48,0
18.71,-0.00998736956606018,0.52,0.52,0.48,0
18.72,-0.00999289472640589,0.52,0.52,0.48,0
18.73,-0.009996841892833,0.52,0.52,0.48,0
18.74,-0.00999921044203816,0.52,0.52,0.48,0
18.75,-0.01,0.52,0.52,0.48,0
18.76,-0.00999921044203816,0.52,0.52,0.48,0
18.77,-0.009996841892833,0.52,0.52,0.48,0
18.78,-0.00999289472640589,0.52,0.52,0.48,0
18.79,-0.00998736956606018,0.52,0.52,0.48,0
18.8,-0.00998026728428272,0.52,0.52,0.48,0
18.81,-0.00997158900260614,0.52,0.52,0.48,0
18.82,-0.00996133609143172,0.52,0.52,0.48,0
18.83,-0.009949510169813,0.52,0.52,0.48,0
18.84,-0.00993611310520009,0.52,0.52,0.48,0
18.85,-0.00992114701314478,0.52,0.52,0.48,0
18.86,-0.00990461425696651,0.52,0.52,0.48,0
18.87,-0.00988651744737914,0.52,0.52,0.48,0
18.88,-0.00986685944207868,0.52,0.52,0.48,0
18.89,-0.00984564334529205,0.52,0.52,0.48,0
18.9,-0.00982287250728688,0.52,0.52,0.48,0
18.91,-0.00979855052384247,0.52,0.52,0.48,0
18.92,-0.00977268123568193,0.52,0.52,0.48,0
18.93,-0.00974526872786578,0.52,0.52,0.48,0
18.94,-0.00971631732914674,0.52,0.52,0.48,0
18.95,-0.00968583161128631,0.52,0.52,0.48,0
18.96,-0.00965381638833274,0.52,0.52,0.48,0
18.97,-0.00962027671586087,0.52,0.52,0.48,0
18.98,-0.00958521789017376,0.52,0.52,0.48,0
18.99,-0.00954864544746643,0.52,0.52,0.48,0
19,-0.00951056516295154,0.52,0.52,0.48,0
19.01,-0.00947098304994744,0.52,0.52,0.48,0
19.02,-0.00942990535892865,0.52,0.52,0.48,0
19.03,-0.00938733857653874,0.52,0.52,0.48,0
19.04,-0.00934328942456612,0.52,0.52,0.48,0
19.05,-0.00929776485888252,0.52,0.52,0.48,0
19.06,-0.00925077206834459,0.52,0.52,0.48,0
19.07,-0.0092023184736587,0.52,0.52,0.48,0
19.08,-0.00915241172620918,0.52,0.52,0.48,0
19.09,-0.00910105970684996,0.52,0.52,0.48,0
19.1,-0.00904827052466019,0.52,0.52,0.48,0
19.11,-0.00899405251566372,0.52,0.52,0.48,0
19.12,-0.00893841424151264,0.52,0.52,0.48,0
19.13,-0.00888136448813545,0.52,0.52,0.48,0
19.14,-0.00882291226434954,0.52,0.52,0.48,0
19.15,-0.00876306680043863,0.52,0.52,0.48,0
19.16,-0.00870183754669525,0.52,0.52,0.48,0
19.17,-0.00863923417192835,0.52,0.52,0.48,0
19.18,-0.00857526656193653,0.52,0.52,0.48,0
19.19,-0.00850994481794691,0.52,0.52,0.48,0
19.2,-0.00844327925502016,0.52,0.52,0.48,0
19.21,-0.00837528040042142,0.52,0.52,0.48,0
19.22,-0.00830595899195815,0.52,0.52,0.48,0
19.23,-0.00823532597628428,0.52,0.52,0.48,0
19.24,-0.00816339250717183,0.52,0.52,0.48,0
19.25,-0.00809016994374947,0.52,0.52,0.48,0
19.26,-0.00801566984870877,0.52,0.52,0.48,0
19.27,-0.00793990398647836,0.52,0.52,0.48,0
19.28,-0.00786288432136618,0.52,0.52,0.48,0
19.29,-0.00778462301567025,0.52,0.52,0.48,0
19.3,-0.00770513242775789,0.52,0.52,0.48,0
19.31,-0.0076244251101145,0.52,0.52,0.48,0
19.32,-0.00754251380736105,0.52,0.52,0.48,0
19.33,-0.00745941145424181,0.52,0.52,0.48,0
19.34,-0.00737513117358176,0.52,0.52,0.48,0
19.35,-0.00728968627421411,0.52,0.52,0.48,0
19.36,-0.00720309024887907,0.52,0.52,0.48,0
19.37,-0.00711535677209286,0.52,0.52,0.48,0
19.38,-0.00702649969798851,0.52,0.52,0.48,0
19.39,-0.00693653305812805,0.52,0.52,0.48,0
19.4,-0.00684547105928686,0.52,0.52,0.48,0
19.41,-0.00675332808121025,0.52,0.52,0.48,0
19.42,-0.0066601186743425,0.52,0.52,0.48,0
19.43,-0.00656585755752958,0.52,0.52,0.48,0
19.44,-0.00647055961569444,0.52,0.52,0.48,0
19.45,-0.0063742398974869,0.52,0.52,0.48,0
19.46,-0.00627691361290702,0.52,0.52,0.48,0
19.47,-0.00617859613090336,0.52,0.52,0.48,0
19.48,-0.00607930297694605,0.52,0.52,0.48,0
19.49,-0.00597904983057519,0.52,0.52,0.48,0
19.5,-0.00587785252292474,0.52,0.52,0.48,0
19.51,-0.00577572703422266,0.52,0.52,0.48,0
19.52,-0.00567268949126759,0.52,0.52,0.48,0
19.53,-0.00556875616488188,0.52,0.52,0.48,0
19.54,-0.0054639434673427,0.52,0.52,0.48,0
19.55,-0.00535826794978998,0.52,0.52,0.48,0
19.56,-0.00525174629961297,0.52,0.52,0.48,0
19.57,-0.00514439533781506,0.52,0.52,0.48,0
19.58,-0.00503623201635761,0.52,0.52,0.48,0
19.59,-0.00492727341548292,0.52,0.52,0.48,0
19.6,-0.00481753674101714,0.52,0.52,0.48,0
19.61,-0.00470703932165335,0.52,0.52,0.48,0
19.62,-0.00459579860621488,0.52,0.52,0.48,0
19.63,-0.00448383216090033,0.52,0.52,0.48,0
19.64,-0.00437115766650934,0.52,0.52,0.48,0
19.65,-0.00425779291565071,0.52,0.52,0.48,0
19.66,-0.00414375580993284,0.52,0.52,0.48,0
19.67,-0.00402906435713663,0.52,0.52,0.48,0
19.68,-0.00391373666837203,0.52,0.52,0.48,0
19.69,-0.00379779095521799,0.52,0.52,0.48,0
19.7,-0.0036812455268468,0.52,0.52,0.48,0
19.71,-0.0035641187871325,0.52,0.52,0.48,0
19.72,-0.00344642923174521,0.52,0.52,0.48,0
19.73,-0.00332819544522988,0.52,0.52,0.48,0
19.74,-0.00320943609807208,0.52,0.52,0.48,0
19.75,-0.0030901699437495,0.52,0.52,0.48,0
19.76,-0.00297041581577035,0.52,0.52,0.48,0
19.77,-0.00285019262469977,0.52,0.52,0.48,0
19.78,-0.00272951935517323,0.52,0.52,0.48,0
19.79,-0.00260841506289899,0.52,0.52,0.48,0
19.8,-0.00248689887164854,0.52,0.52,0.48,0
19.81,-0.00236498997023728,0.52,0.52,0.48,0
19.82,-0.00224270760949382,0.52,0.52,0.48,0
19.83,-0.00212007109922053,0.52,0.52,0.48,0
19.84,-0.0019970998051441,0.52,0.52,0.48,0
19.85,-0.00187381314585725,0.52,0.52,0.48,0
19.86,-0.00175023058975277,0.52,0.52,0.48,0
19.87,-0.00162637165194885,0.52,0.52,0.48,0
19.88,-0.00150225589120759,0.52,0.52,0.48,0
19.89,-0.00137790290684638,0.52,0.52,0.48,0
19.9,-0.00125333233564301,0.52,0.52,0.48,0
19.91,-0.00112856384873483,0.52,0.52,0.48,0
19.92,-0.00100361714851213,0.52,0.52,0.48,0
19.93,-0.000878511965507458,0.52,0.52,0.48,0
19.94,-0.000753268055279326,0.52,0.52,0.48,0
19.95,-0.00062790519529314,0.52,0.52,0.48,0
19.96,-0.00050244318179771,0.52,0.52,0.48,0
19.97,-0.000376901826699367,0.52,0.52,0.48,0
19.98,-0.000251300954433369,0.52,0.52,0.48,0
19.99,-0.000125660398833528,0.52,0.52,0.48,0
20,-9.79717439317883e-18,0.52,0.52,0.48,0
20.01,0.000125660398833544,0.52,0.52,0.48,0
20.02,0.000251300954433349,0.52,0.52,0.48,0
20.03,0.000376901826699348,0.52,0.52,0.48,0
20.04,0.00050244318179769,0.52,0.52,0.48,0
20.05,0.00062790519529312,0.52,0.52,0.48,0
20.06,0.000753268055279306,0.52,0.52,0.48,0
20.07,0.000878511965507438,0.52,0.52,0.48,0
20.08,0.00100361714851215,0.52,0.52,0.48,0
20.09,0.00112856384873481,0.52,0.52,0.48,0
20.1,0.00125333233564306,0.52,0.52,0.48,0
20.11,0.00137790290684636,0.52,0.52,0.48,0
20.12,0.00150225589120757,0.52,0.52,0.48,0
20.13,0.00162637165194883,0.52,0.52,0.48,0
20.14,0.00175023058975275,0.52,0.52,0.48,0
20.15,0.00187381314585726,0.52,0.52,0.48,0
20.16,0.00199709980514408,0.52,0.52,0.48,0
20.17,0.00212007109922055,0.52,0.52,0.48,0
20.18,0.0022427076094938,0.52,0.52,0.48,0
20.19,0.00236498997023727,0.52,0.52,0.48,0
20.2,0.00248689887164852,0.52,0.52,0.48,0
20.21,0.00260841506289897,0.52,0.52,0.48,0
20.22,0.00272951935517321,0.52,0.52,0.48,0
20.23,0.00285019262469975,0.52,0.52,0.48,0
20.24,0.00297041581577036,0.52,0.52,0.48,0
20.25,0.00309016994374948,0.52,0.52,0.48,0
20.26,0.0032094360980721,0.52,0.52,0.48,0
20.27,0.00332819544522986,0.52,0.52,0.48,0
20.28,0.00344642923174519,0.52,0.52,0.48,0
20.29,0.00356411878713249,0.52,0.52,0.48,0
20.3,0.00368124552684678,0.52,0.52,0.48,0
20.31,0.00379779095521798,0.52,0.52,0.48,0
20.32,0.00391373666837201,0.52,0.52,0.48,0
20.33,0.00402906435713664,0.52,0.52,0.48,0
20.34,0.00414375580993282,0.52,0.52,0.48,0
20.35,0.00425779291565073,0.52,0.52,0.48,0
20.36,0.00437115766650932,0.52,0.52,0.48,0
20.37,0.00448383216090031,0.52,0.52,0.48,0
20.38,0.00459579860621486,0.52,0.52,0.48,0
20.39,0.00470703932165333,0.52,0.52,0.48,0
20.4,0.00481753674101718,0.52,0.52,0.48,0
20.41,0.00492727341548291,0.52,0.52,0.48,0
20.42,0.00503623201635762,0.52,0.52,0.48,0
20.43,0.00514439533781504,0.52,0.52,0.48,0
20.44,0.00525174629961296,0.52,0.52,0.48,0
20.45,0.00535826794978996,0.52,0.52,0.48,0
20.46,0.00546394346734268,0.52,0.52,0.48,0
20.47,0.00556875616488186,0.52,0.52,0.48,0
20.48,0.00567268949126757,0.52,0.52,0.48,0
20.49,0.00577572703422267,0.52,0.52,0.48,0
20.5,0.00587785252292472,0.52,0.52,0.48,0
20.51,0.0059790498305752,0.52,0.52,0.48,0
20.52,0.00607930297694603,0.52,0.52,0.48,0
20.53,0.00617859613090335,0.52,0.52,0.48,0
20.54,0.006276913612907,0.52,0.52,0.48,0
20.55,0.00637423989748689,0.52,0.52,0.48,0
20.56,0.00647055961569443,0.52,0.52,0.48,0
20.57,0.00656585755752957,0.52,0.52,0.48,0
20.58,0.00666011867434251,0.52,0.52,0.48,0
20.59,0.00675332808121024,0.52,0.52,0.48,0
20.6,0.0068454710592869,0.52,0.52,0.48,0
20.61,0.00693653305812803,0.52,0.52,0.48,0
20.62,0.00702649969798849,0.52,0.52,0.48,0
20.63,0.00711535677209285,0.52,0.52,0.48,0
20.64,0.00720309024887906,0.52,0.52,0.48,0
20.65,0.00728968627421413,0.52,0.52,0.48,0
20.66,0.00737513117358174,0.52,0.52,0.48,0
20.67,0.00745941145424182,0.52,0.52,0.48,0
20.68,0.00754251380736103,0.52,0.52,0.48,0
20.69,0.00762442511011449,0.52,0.52,0.48,0
20.7,0.00770513242775788,0.52,0.52,0.48,0
20.71,0.00778462301567024,0.52,0.52,0.48,0
20.72,0.00786288432136616,0.52,0.52,0.48,0
20.73,0.00793990398647835,0.52,0.52,0.48,0
20.74,0.00801566984870877,0.52,0.52,0.48,0
20.75,0.00809016994374946,0.52,0.52,0.48,0
20.76,0.00816339250717184,0.52,0.52,0.48,0
20.77,0.00823532597628427,0.52,0.52,0.48,0
20.78,0.00830595899195814,0.52,0.52,0.48,0
20.79,0.0083752804004214,0.52,0.52,0.48,0
20.8,0.00844327925502015,0.52,0.52,0.48,0
20.81,0.0085099448179469,0.52,0.52,0.48,0
20.82,0.00857526656193652,0.52,0.52,0.48,0
20.83,0.00863923417192836,0.52,0.52,0.48,0
20.84,0.00870183754669524,0.52,0.52,0.48,0
20.85,0.00876306680043864,0.52,0.52,0.48,0
20.86,0.00882291226434953,0.52,0.52,0.48,0
20.87,0.00888136448813544,0.52,0.52,0.48,0
20.88,0.00893841424151263,0.52,0.52,0.48,0
20.89,0.00899405251566371,0.52,0.52,0.48,0
20.9,0.00904827052466021,0.52,0.52,0.48,0
20.91,0.00910105970684995,0.52,0.52,0.48,0
20.92,0.00915241172620918,0.52,0.52,0.48,0
20.93,0.00920231847365869,0.52,0.52,0.48,0
20.94,0.00925077206834458,0.52,0.52,0.48,0
20.95,0.00929776485888251,0.52,0.52,0.48,0
20.96,0.00934328942456612,0.52,0.52,0.48,0
20.97,0.00938733857653873,0.52,0.52,0.48,0
20.98,0.00942990535892865,0.52,0.52,0.48,0
20.99,0.00947098304994744,0.52,0.52,0.48,0
21,0.00951056516295153,0.52,0.52,0.48,0
21.01,0.00954864544746644,0.52,0.52,0.48,0
21.02,0.00958521789017375,0.52,0.52,0.48,0
21.03,0.00962027671586086,0.52,0.52,0.48,0
21.04,0.00965381638833274,0.52,0.52,0.48,0
21.05,0.00968583161128631,0.52,0.52,0.48,0
21.06,0.00971631732914673,0.52,0.52,0.48,0
21.07,0.00974526872786577,0.52,0.52,0.48,0
21.08,0.00977268123568193,0.52,0.52,0.48,0
21.09,0.00979855052384247,0.52,0.52,0.48,0
21.1,0.00982287250728689,0.52,0.52,0.48,0
21.11,0.00984564334529205,0.52,0.52,0.48,0
21.12,0.00986685944207868,0.52,0.52,0.48,0
21.13,0.00988651744737914,0.52,0.52,0.48,0
21.14,0.00990461425696651,0.52,0.52,0.48,0
21.15,0.00992114701314478,0.52,0.52,0.48,0
21.16,0.00993611310520008,0.52,0.52,0.48,0
21.17,0.009949510169813,0.52,0.52,0.48,0
21.18,0.00996133609143172,0.52,0.52,0.48,0
21.19,0.00997158900260614,0.52,0.52,0.48,0
21.2,0.00998026728428271,0.52,0.52,0.48,0
21.21,0.00998736956606018,0.52,0.52,0.48,0
21.22,0.00999289472640589,0.52,0.52,0.48,0
21.23,0.009996841892833,0.52,0.52,0.48,0
21.24,0.00999921044203816,0.52,0.52,0.48,0
21.25,0.01,0.52,0.52,0.48,0
21.26,0.00999921044203816,0.52,0.52,0.48,0
21.27,0.009996841892833,0.52,0.52,0.48,0
21.28,0.00999289472640589,0.52,0.52,0.48,0
21.29,0.00998736956606018,0.52,0.52,0.48,0
21.3,0.00998026728428272,0.52,0.52,0.48,0
21.31,0.00997158900260614,0.52,0.52,0.48,0
21.32,0.00996133609143173,0.52,0.52,0.48,0
21.33,0.009949510169813,0.52,0.52,0.48,0
21.34,0.00993611310520009,0.52,0.52,0.48,0
21.35,0.00992114701314478,0.52,0.52,0.48,0
21.36,0.00990461425696651,0.52,0.52,0.48,0
21.37,0.00988651744737914,0.52,0.52,0.48,0
21.38,0.00986685944207868,0.52,0.52,0.48,0
21.39,0.00984564334529205,0.52,0.52,0.48,0
21.4,0.00982287250728688,0.52,0.52,0.48,0
21.41,0.00979855052384247,0.52,0.52,0.48,0
21.42,0.00977268123568193,0.52,0.52,0.48,0
21.43,0.00974526872786578,0.52,0.52,0.48,0
21.44,0.00971631732914674,0.52,0.52,0.48,0
21.45,0.00968583161128631,0.52,0.52,0.48,0
21.46,0.00965381638833274,0.52,0.52,0.48,0
21.47,0.00962027671586087,0.52,0.52,0.48,0
21.48,0.00958521789017376,0.52,0.52,0.48,0
21.49,0.00954864544746643,0.52,0.52,0.48,0
21.5,0.00951056516295154,0.52,0.52,0.48,0
21.51,0.00947098304994744,0.52,0.52,0.48,0
21.52,0.00942990535892865,0.52,0.52,0.48,0
21.53,0.00938733857653874,0.52,0.52,0.48,0
21.54,0.00934328942456612,0.52,0.52,0.48,0
21.55,0.00929776485888252,0.52,0.52,0.48,0
21.56,0.00925077206834459,0.52,0.52,0.48,0
21.57,0.0092023184736587,0.52,0.52,0.48,0
21.58,0.00915241172620918,0.52,0.52,0.48,0
21.59,0.00910105970684996,0.52,0.52,0.48,0
21.6,0.00904827052466019,0.52,0.52,0.48,0
21.61,0.00899405251566372,0.52,0.52,0.48,0
21.62,0.00893841424151264,0.52,0.52,0.48,0
21.63,0.00888136448813545,0.52,0.52,0.48,0
21.64,0.00882291226434954,0.52,0.52,0.48,0
21.65,0.00876306680043863,0.52,0.52,0.48,0
21.66,0.00870183754669525,0.52,0.52,0.48,0
21.67,0.00863923417192835,0.52,0.52,0.48,0
21.68,0.00857526656193653,0.52,0.52,0.48,0
21.69,0.00850994481794691,0.52,0.52,0.48,0
21.7,0.00844327925502016,0.52,0.52,0.48,0
21.71,0.00837528040042142,0.52,0.52,0.48,0
21.72,0.00830595899195815,0.52,0.52,0.48,0
21.73,0.00823532597628428,0.52,0.52,0.48,0
21.74,0.00816339250717183,0.52,0.52,0.48,0
21.75,0.00809016994374949,0.52,0.52,0.48,0
21.76,0.00801566984870877,0.52,0.52,0.48,0
21.77,0.00793990398647836,0.52,0.52,0.48,0
21.78,0.00786288432136618,0.52,0.52,0.48,0
21.79,0.00778462301567025,0.52,0.52,0.48,0
21.8,0.00770513242775789,0.52,0.52,0.48,0
21.81,0.0076244251101145,0.52,0.52,0.48,0
21.82,0.00754251380736105,0.52,0.52,0.48,0
21.83,0.00745941145424181,0.52,0.52,0.48,0
21.84,0.00737513117358176,0.52,0.52,0.48,0
21.85,0.00728968627421412,0.52,0.52,0.48,0
21.86,0.00720309024887907,0.52,0.52,0.48,0
21.87,0.00711535677209287,0.52,0.52,0.48,0
21.88,0.00702649969798851,0.52,0.52,0.48,0
21.89,0.00693653305812805,0.52,0.52,0.48,0
21.9,0.00684547105928686,0.52,0.52,0.48,0
21.91,0.00675332808121025,0.52,0.52,0.48,0
21.92,0.00666011867434251,0.52,0.52,0.48,0
21.93,0.00656585755752959,0.52,0.52,0.48,0
21.94,0.00647055961569444,0.52,0.52,0.48,0
21.95,0.0063742398974869,0.52,0.52,0.48,0
21.96,0.00627691361290702,0.52,0.52,0.48,0
21.97,0.00617859613090336,0.52,0.52,0.48,0
21.98,0.00607930297694605,0.52,0.52,0.48,0
21.99,0.00597904983057519,0.52,0.52,0.48,0
22,0.00587785252292474,0.52,0.52,0.48,0
22.01,0.00577572703422266,0.52,0.52,0.48,0
22.02,0.00567268949126759,0.52,0.52,0.48,0
22.03,0.00556875616488188,0.52,0.52,0.48,0
22.04,0.0054639434673427,0.52,0.52,0.48,0
22.05,0.00535826794978998,0.52,0.52,0.48,0
22.06,0.00525174629961298,0.52,0.52,0.48,0
22.07,0.00514439533781506,0.52,0.52,0.48,0
22.08,0.00503623201635761,0.52,0.52,0.48,0
22.09,0.00492727341548292,0.52,0.52,0.48,0
22.1,0.00481753674101714,0.52,0.52,0.48,0
22.11,0.00470703932165335,0.52,0.52,0.48,0
22.12,0.00459579860621488,0.52,0.52,0.48,0
22.13,0.00448383216090033,0.52,0.52,0.48,0
22.14,0.00437115766650934,0.52,0.52,0.48,0
22.15,0.00425779291565071,0.52,0.52,0.48,0
22.16,0.00414375580993284,0.52,0.52,0.48,0
22.17,0.00402906435713663,0.52,0.52,0.48,0
22.18,0.00391373666837203,0.52,0.52,0.48,0
22.19,0.00379779095521799,0.52,0.52,0.48,0
22.2,0.0036812455268468,0.52,0.52,0.48,0
22.21,0.0035641187871325,0.52,0.52,0.48,0
22.22,0.00344642923174521,0.52,0.52,0.48,0
22.23,0.00332819544522988,0.52,0.52,0.48,0
22.24,0.00320943609807208,0.52,0.52,0.48,0
22.25,0.00309016994374947,0.52,0.52,0.48,0
22.26,0.00297041581577035,0.52,0.52,0.48,0
22.27,0.00285019262469977,0.52,0.52,0.48,0
22.28,0.00272951935517323,0.52,0.52,0.48,0
22.29,0.00260841506289899,0.52,0.52,0.48,0
22.3,0.00248689887164854,0.52,0.52,0.48,0
22.31,0.00236498997023729,0.52,0.52,0.48,0
22.32,0.00224270760949382,0.52,0.52,0.48,0
22.33,0.00212007109922053,0.52,0.52,0.48,0
22.34,0.0019970998051441,0.52,0.52,0.48,0
22.35,0.00187381314585725,0.52,0.52,0.48,0
22.36,0.00175023058975277,0.52,0.52,0.48,0
22.37,0.00162637165194885,0.52,0.52,0.48,0
22.38,0.00150225589120759,0.52,0.52,0.48,0
22.39,0.00137790290684638,0.52,0.52,0.48,0
22.4,0.00125333233564301,0.52,0.52,0.48,0
22.41,0.00112856384873483,0.52,0.52,0.48,0
22.42,0.00100361714851213,0.52,0.52,0.48,0
22.43,0.000878511965507459,0.52,0.52,0.48,0
22.44,0.000753268055279327,0.52,0.52,0.48,0
22.45,0.000627905195293141,0.52,0.52,0.48,0
22.46,0.000502443181797711,0.52,0.52,0.48,0
22.47,0.000376901826699368,0.52,0.52,0.48,0
22.48,0.00025130095443337,0.52,0.52,0.48,0
22.49,0.000125660398833529,0.52,0.52,0.48,0
22.5,1.10218211923262e-17,0.52,0.52,0.48,0
22.51,-0.000125660398833543,0.52,0.52,0.48,0
22.52,-0.000251300954433348,0.52,0.52,0.48,0
22.53,-0.000376901826699346,0.52,0.52,0.48,0
22.54,-0.000502443181797689,0.52,0.52,0.48,0
22.55,-0.000627905195293119,0.52,0.52,0.48,0
22.56,-0.000753268055279305,0.52,0.52,0.48,0
22.57,-0.000878511965507437,0.52,0.52,0.48,0
22.58,-0.00100361714851215,0.52,0.52,0.48,0
22.59,-0.00112856384873481,0.52,0.52,0.48,0
22.6,-0.00125333233564306,0.52,0.52,0.48,0
22.61,-0.00137790290684636,0.52,0.52,0.48,0
22.62,-0.00150225589120757,0.52,0.52,0.48,0
22.63,-0.00162637165194883,0.52,0.52,0.48,0
22.64,-0.00175023058975275,0.52,0.52,0.48,0
22.65,-0.00187381314585726,0.52,0.52,0.48,0
22.66,-0.00199709980514408,0.52,0.52,0.48,0
22.67,-0.00212007109922054,0.52,0.52,0.48,0
22.68,-0.0022427076094938,0.52,0.52,0.48,0
22.69,-0.00236498997023726,0.52,0.52,0.48,0
22.7,-0.00248689887164852,0.52,0.52,0.48,0
22.71,-0.00260841506289897,0.52,0.52,0.48,0
22.72,-0.00272951935517321,0.52,0.52,0.48,0
22.73,-0.00285019262469975,0.52,0.52,0.48,0
22.74,-0.00297041581577036,0.52,0.52,0.48,0
22.75,-0.00309016994374945,0.52,0.52,0.48,0
22.76,-0.00320943609807209,0.52,0.52,0.48,0
22.77,-0.00332819544522986,0.52,0.52,0.48,0
22.78,-0.00344642923174519,0.52,0.52,0.48,0
22.79,-0.00356411878713248,0.52,0.52,0.48,0
22.8,-0.00368124552684678,0.52,0.52,0.48,0
22.81,-0.00379779095521797,0.52,0.52,0.48,0
22.82,-0.00391373666837201,0.52,0.52,0.48,0
22.83,-0.00402906435713664,0.52,0.52,0.48,0
22.84,-0.00414375580993282,0.52,0.52,0.48,0
22.85,-0.00425779291565073,0.52,0.52,0.48,0
22.86,-0.00437115766650932,0.52,0.52,0.48,0
22.87,-0.00448383216090031,0.52,0.52,0.48,0
22.88,-0.00459579860621486,0.52,0.52,0.48,0
22.89,-0.00470703932165333,0.52,0.52,0.48,0
22.9,-0.00481753674101718,0.52,0.52,0.48,0
22.91,-0.00492727341548291,0.52,0.52,0.48,0
22.92,-0.00503623201635762,0.52,0.52,0.48,0
22.93,-0.00514439533781504,0.52,0.52,0.48,0
22.94,-0.00525174629961296,0.52,0.52,0.48,0
22.95,-0.00535826794978996,0.52,0.52,0.48,0
22.96,-0.00546394346734268,0.52,0.52,0.48,0
22.97,-0.00556875616488186,0.52,0.52,0.48,0
22.98,-0.00567268949126757,0.52,0.52,0.48,0
22.99,-0.00577572703422267,0.52,0.52,0.48,0
23,-0.00587785252292472,0.52,0.52,0.48,0
23.01,-0.0059790498305752,0.52,0.52,0.48,0
23.02,-0.00607930297694603,0.52,0.52,0.48,0
23.03,-0.00617859613090334,0.52,0.52,0.48,0
23.04,-0.006276913612907,0.52,0.52,0.48,0
23.05,-0.00637423989748689,0.52,0.52,0.48,0
23.06,-0.00647055961569443,0.52,0.52,0.48,0
23.07,-0.00656585755752957,0.52,0.52,0.48,0
23.08,-0.00666011867434251,0.52,0.52,0.48,0
23.09,-0.00675332808121024,0.52,0.52,0.48,0
23.1,-0.0068454710592869,0.52,0.52,0.48,0
23.11,-0.00693653305812803,0.52,0.52,0.48,0
23.12,-0.00702649969798849,0.52,0.52,0.48,0
23.13,-0.00711535677209285,0.52,0.52,0.48,0
23.14,-0.00720309024887906,0.52,0.52,0.48,0
23.15,-0.00728968627421412,0.52,0.52,0.48,0
23.16,-0.00737513117358174,0.52,0.52,0.48,0
23.17,-0.00745941145424182,0.52,0.52,0.48,0
23.18,-0.00754251380736103,0.52,0.52,0.48,0
23.19,-0.00762442511011449,0.52,0.52,0.48,0
23.2,-0.00770513242775788,0.52,0.52,0.48,0
23.21,-0.00778462301567024,0.52,0.52,0.48,0
23.22,-0.00786288432136616,0.52,0.52,0.48,0
23.23,-0.00793990398647835,0.52,0.52,0.48,0
23.24,-0.00801566984870877,0.52,0.52,0.48,0
23.25,-0.00809016994374948,0.52,0.52,0.48,0
23.26,-0.00816339250717184,0.52,0.52,0.48,0
23.27,-0.00823532597628427,0.52,0.52,0.48,0
23.28,-0.00830595899195814,0.52,0.52,0.48,0
23.29,-0.0083752804004214,0.52,0.52,0.48,0
23.3,-0.00844327925502015,0.52,0.52,0.48,0
23.31,-0.0085099448179469,0.52,0.52,0.48,0
23.32,-0.00857526656193652,0.52,0.52,0.48,0
23.33,-0.00863923417192836,0.52,0.52,0.48,0
23.34,-0.00870183754669524,0.52,0.52,0.48,0
23.35,-0.00876306680043864,0.52,0.52,0.48,0
23.36,-0.00882291226434953,0.52,0.52,0.48,0
23.37,-0.00888136448813544,0.52,0.52,0.48,0
23.38,-0.00893841424151263,0.52,0.52,0.48,0
23.39,-0.00899405251566371,0.52,0.52,0.48,0
23.4,-0.00904827052466021,0.52,0.52,0.48,0
23.41,-0.00910105970684995,0.52,0.52,0.48,0
23.42,-0.00915241172620918,0.52,0.52,0.48,0
23.43,-0.00920231847365869,0.52,0.52,0.48,0
23.44,-0.00925077206834458,0.52,0.52,0.48,0
23.45,-0.00929776485888251,0.52,0.52,0.48,0
23.46,-0.00934328942456611,0.52,0.52,0.48,0
23.47,-0.00938733857653873,0.52,0.52,0.48,0
23.48,-0.00942990535892865,0.52,0.52,0.48,0
23.49,-0.00947098304994744,0.52,0.52,0.48,0
23.5,-0.00951056516295153,0.52,0.52,0.48,0
23.51,-0.00954864544746643,0.52,0.52,0.48,0
23.52,-0.00958521789017375,0.52,0.52,0.48,0
23.53,-0.00962027671586086,0.52,0.52,0.48,0
23.54,-0.00965381638833274,0.52,0.52,0.48,0
23.55,-0.00968583161128631,0.52,0.52,0.48,0
23.56,-0.00971631732914673,0.52,0.52,0.48,0
23.57,-0.00974526872786577,0.52,0.52,0.48,0
23.58,-0.00977268123568193,0.52,0.52,0.48,0
23.59,-0.00979855052384247,0.52,0.52,0.48,0
23.6,-0.00982287250728689,0.52,0.52,0.48,0
23.61,-0.00984564334529205,0.52,0.52,0.48,0
23.62,-0.00986685944207868,0.52,0.52,0.48,0
23.63,-0.00988651744737914,0.52,0.52,0.48,0
23.64,-0.00990461425696651,0.52,0.52,0.48,0
23.65,-0.00992114701314478,0.52,0.52,0.48,0
23.66,-0.00993611310520008,0.52,0.52,0.48,0
23.67,-0.009949510169813,0.52,0.52,0.48,0
23.68,-0.00996133609143172,0.52,0.52,0.48,0
23.69,-0.00997158900260614,0.52,0.52,0.48,0
23.7,-0.00998026728428271,0.52,0.52,0.48,0
23.71,-0.00998736956606018,0.52,0.52,0.48,0
23.72,-0.00999289472640589,0.52,0.52,0.48,0
23.73,-0.009996841892833,0.52,0.52,0.48,0
23.74,-0.00999921044203816,0.52,0.52,0.48,0
23.75,-0.01,0.52,0.52,0.48,0
23.76,-0.00999921044203816,0.52,0.52,0.48,0
23.77,-0.009996841892833,0.52,0.52,0.48,0
23.78,-0.00999289472640589,0.52,0.52,0.48,0
23.79,-0.00998736956606018,0.52,0.52,0.48,0
23.8,-0.00998026728428272,0.52,0.52,0.48,0
23.81,-0.00997158900260614,0.52,0.52,0.48,0
23.82,-0.00996133609143173,0.52,0.52,0.48,0
23.83,-0.009949510169813,0.52,0.52,0.48,0
23.84,-0.00993611310520009,0.52,0.52,0.48,0
23.85,-0.00992114701314478,0.52,0.52,0.48,0
23.86,-0.00990461425696651,0.52,0.52,0.48,0
23.87,-0.00988651744737914,0.52,0.52,0.48,0
23.88,-0.00986685944207868,0.52,0.52,0.48,0
23.89,-0.00984564334529205,0.52,0.52,0.48,0
23.9,-0.00982287250728688,0.52,0.52,0.48,0
23.91,-0.00979855052384247,0.52,0.52,0.48,0
23.92,-0.00977268123568193,0.52,0.52,0.48,0
23.93,-0.00974526872786578,0.52,0.52,0.48,0
23.94,-0.00971631732914674,0.52,0.52,0.48,0
23.95,-0.00968583161128631,0.52,0.52,0.48,0
23.96,-0.00965381638833274,0.52,0.52,0.48,0
23.97,-0.00962027671586087,0.52,0.52,0.48,0
23.98,-0.00958521789017376,0.52,0.52,0.48,0
23.99,-0.00954864544746643,0.52,0.52,0.48,0
24,-0.00951056516295154,0.52,0.52,0.48,0
24.01,-0.00947098304994744,0.52,0.52,0.48,0
24.02,-0.00942990535892865,0.52,0.52,0.48,0
24.03,-0.00938733857653874,0.52,0.52,0.48,0
24.04,-0.00934328942456612,0.52,0.52,0.48,0
24.05,-0.00929776485888252,0.52,0.52,0.48,0
24.06,-0.00925077206834458,0.52,0.52,0.48,0
24.07,-0.0092023184736587,0.52,0.52,0.48,0
24.08,-0.00915241172620918,0.52,0.52,0.48,0
24.09,-0.00910105970684996,0.52,0.52,0.48,0
24.1,-0.00904827052466019,0.52,0.52,0.48,0
24.11,-0.00899405251566372,0.52,0.52,0.48,0
24.12,-0.00893841424151264,0.52,0.52,0.48,0
24.13,-0.00888136448813545,0.52,0.52,0.48,0
24.14,-0.00882291226434954,0.52,0.52,0.48,0
24.15,-0.00876306680043863,0.52,0.52,0.48,0
24.16,-0.00870183754669526,0.52,0.52,0.48,0
24.17,-0.00863923417192835,0.52,0.52,0.48,0
24.18,-0.00857526656193653,0.52,0.52,0.48,0
24.19,-0.00850994481794691,0.52,0.52,0.48,0
24.2,-0.00844327925502017,0.52,0.52,0.48,0
24.21,-0.00837528040042142,0.52,0.52,0.48,0
24.22,-0.00830595899195815,0.52,0.52,0.48,0
24.23,-0.00823532597628428,0.52,0.52,0.48,0
24.24,-0.00816339250717183,0.52,0.52,0.48,0
24.25,-0.00809016994374947,0.52,0.52,0.48,0
24.26,-0.00801566984870877,0.52,0.52,0.48,0
24.27,-0.00793990398647836,0.52,0.52,0.48,0
24.28,-0.00786288432136618,0.52,0.52,0.48,0
24.29,-0.00778462301567025,0.52,0.52,0.48,0
24.3,-0.00770513242775789,0.52,0.52,0.48,0
24.31,-0.00762442511011446,0.52,0.52,0.48,0
24.32,-0.00754251380736105,0.52,0.52,0.48,0
24.33,-0.00745941145424181,0.52,0.52,0.48,0
24.34,-0.00737513117358176,0.52,0.52,0.48,0
24.35,-0.00728968627421412,0.52,0.52,0.48,0
24.36,-0.00720309024887908,0.52,0.52,0.48,0
24.37,-0.00711535677209287,0.52,0.52,0.48,0
24.38,-0.00702649969798851,0.52,0.52,0.48,0
24.39,-0.00693653305812805,0.52,0.52,0.48,0
24.4,-0.00684547105928686,0.52,0.52,0.48,0
24.41,-0.00675332808121025,0.52,0.52,0.48,0
24.42,-0.00666011867434251,0.52,0.52,0.48,0
24.43,-0.00656585755752959,0.52,0.52,0.48,0
24.44,-0.00647055961569444,0.52,0.52,0.48,0
24.45,-0.0063742398974869,0.52,0.52,0.48,0
24.46,-0.00627691361290702,0.52,0.52,0.48,0
24.47,-0.00617859613090336,0.52,0.52,0.48,0
24.48,-0.00607930297694605,0.52,0.52,0.48,0
24.49,-0.00597904983057519,0.52,0.52,0.48,0
24.5,-0.00587785252292474,0.52,0.52,0.48,0
24.51,-0.00577572703422266,0.52,0.52,0.48,0
24.52,-0.00567268949126759,0.52,0.52,0.48,0
24.53,-0.00556875616488188,0.52,0.52,0.48,0
24.54,-0.0054639434673427,0.52,0.52,0.48,0
24.55,-0.00535826794978998,0.52,0.52,0.48,0
24.56,-0.00525174629961295,0.52,0.52,0.48,0
24.57,-0.00514439533781506,0.52,0.52,0.48,0
24.58,-0.00503623201635761,0.52,0.52,0.48,0
24.59,-0.00492727341548293,0.52,0.52,0.48,0
24.6,-0.00481753674101714,0.52,0.52,0.48,0
24.61,-0.00470703932165335,0.52,0.52,0.48,0
24.62,-0.00459579860621488,0.52,0.52,0.48,0
24.63,-0.00448383216090033,0.52,0.52,0.48,0
24.64,-0.00437115766650934,0.52,0.52,0.48,0
24.65,-0.00425779291565071,0.52,0.52,0.48,0
24.66,-0.00414375580993284,0.52,0.52,0.48,0
24.67,-0.00402906435713663,0.52,0.52,0.48,0
24.68,-0.00391373666837203,0.52,0.52,0.48,0
24.69,-0.003797790955218,0.52,0.52,0.48,0
24.7,-0.0036812455268468,0.52,0.52,0.48,0
24.71,-0.00356411878713251,0.52,0.52,0.48,0
24.72,-0.00344642923174521,0.52,0.52,0.48,0
24.73,-0.00332819544522988,0.52,0.52,0.48,0
24.74,-0.00320943609807208,0.52,0.52,0.48,0
24.75,-0.0030901699437495,0.52,0.52,0.48,0
24.76,-0.00297041581577035,0.52,0.52,0.48,0
24.77,-0.00285019262469977,0.52,0.52,0.48,0
24.78,-0.00272951935517324,0.52,0.52,0.48,0
24.79,-0.00260841506289899,0.52,0.52,0.48,0
24.8,-0.00248689887164855,0.52,0.52,0.48,0
24.81,-0.00236498997023722,0.52,0.52,0.48,0
24.82,-0.00224270760949383,0.52,0.52,0.48,0
24.83,-0.00212007109922053,0.52,0.52,0.48,0
24.84,-0.0019970998051441,0.52,0.52,0.48,0
24.85,-0.00187381314585725,0.52,0.52,0.48,0
24.86,-0.00175023058975277,0.52,0.52,0.48,0
24.87,-0.00162637165194885,0.52,0.52,0.48,0
24.88,-0.0015022558912076,0.52,0.52,0.48,0
24.89,-0.00137790290684638,0.52,0.52,0.48,0
24.9,-0.00125333233564301,0.52,0.52,0.48,0
24.91,-0.00112856384873483,0.52,0.52,0.48,0
24.92,-0.00100361714851213,0.52,0.52,0.48,0
24.93,-0.00087851196550746,0.52,0.52,0.48,0
24.94,-0.000753268055279328,0.52,0.52,0.48,0
24.95,-0.000627905195293142,0.52,0.52,0.48,0
24.96,-0.000502443181797712,0.52,0.52,0.48,0
24.97,-0.00037690182669937,0.52,0.52,0.48,0
24.98,-0.000251300954433371,0.52,0.52,0.48,0
24.99,-0.000125660398833531,0.52,0.52,0.48,0
25,-1.22464679914735e-17,0.52,0.52,0.48,0
25.01,0.000125660398833542,0.52,0.52,0.48,0
25.02,0.000251300954433347,0.52,0.52,0.48,0
25.03,0.000376901826699345,0.52,0.52,0.48,0
25.04,0.000502443181797688,0.52,0.52,0.48,0
25.05,0.000627905195293118,0.52,0.52,0.48,0
25.06,0.000753268055279339,0.52,0.52,0.48,0
25.07,0.000878511965507436,0.52,0.52,0.48,0
25.08,0.00100361714851215,0.52,0.52,0.48,0
25.09,0.00112856384873481,0.52,0.52,0.48,0
25.1,0.00125333233564306,0.52,0.52,0.48,0
25.11,0.00137790290684635,0.52,0.52,0.48,0
25.12,0.00150225589120757,0.52,0.52,0.48,0
25.13,0.00162637165194883,0.52,0.52,0.48,0
25.14,0.00175023058975275,0.52,0.52,0.48,0
25.15,0.00187381314585726,0.52,0.52,0.48,0
25.16,0.00199709980514407,0.52,0.52,0.48,0
25.17,0.00212007109922054,0.52,0.52,0.48,0
25.18,0.0022427076094938,0.52,0.52,0.48,0
25.19,0.00236498997023726,0.52,0.52,0.48,0
25.2,0.00248689887164852,0.52,0.52,0.48,0
25.21,0.00260841506289897,0.52,0.52,0.48,0
25.22,0.00272951935517321,0.52,0.52,0.48,0
25.23,0.00285019262469975,0.52,0.52,0.48,0
25.24,0.00297041581577036,0.52,0.52,0.48,0
25.25,0.00309016994374948,0.52,0.52,0.48,0
25.26,0.00320943609807209,0.52,0.52,0.48,0
25.27,0.00332819544522986,0.52,0.52,0.48,0
25.28,0.00344642923174519,0.52,0.52,0.48,0
25.29,0.00356411878713248,0.52,0.52,0.48,0
25.3,0.00368124552684678,0.52,0.52,0.48,0
25.31,0.00379779095521804,0.52,0.52,0.48,0
25.32,0.00391373666837201,0.52,0.52,0.48,0
25.33,0.00402906435713664,0.52,0.52,0.48,0
25.34,0.00414375580993282,0.52,0.52,0.48,0
25.35,0.00425779291565073,0.52,0.52,0.48,0
25.36,0.00437115766650932,0.52,0.52,0.48,0
25.37,0.00448383216090031,0.52,0.52,0.48,0
25.38,0.00459579860621486,0.52,0.52,0.48,0
25.39,0.00470703932165333,0.52,0.52,0.48,0
25.4,0.00481753674101718,0.52,0.52,0.48,0
25.41,0.0049272734154829,0.52,0.52,0.48,0
25.42,0.00503623201635762,0.52,0.52,0.48,0
25.43,0.00514439533781504,0.52,0.52,0.48,0
25.44,0.00525174629961296,0.52,0.52,0.48,0
25.45,0.00535826794978996,0.52,0.52,0.48,0
25.46,0.00546394346734268,0.52,0.52,0.48,0
25.47,0.00556875616488186,0.52,0.52,0.48,0
25.48,0.00567268949126754,0.52,0.52,0.48,0
25.49,0.0057757270342227,0.52,0.52,0.48,0
25.5,0.00587785252292469,0.52,0.52,0.48,0
25.51,0.0059790498305752,0.52,0.52,0.48,0
25.52,0.00607930297694606,0.52,0.52,0.48,0
25.53,0.00617859613090334,0.52,0.52,0.48,0
25.54,0.006276913612907,0.52,0.52,0.48,0
25.55,0.00637423989748689,0.52,0.52,0.48,0
25.56,0.00647055961569448,0.52,0.52,0.48,0
25.57,0.00656585755752954,0.52,0.52,0.48,0
25.58,0.00666011867434254,0.52,0.52,0.48,0
25.59,0.00675332808121021,0.52,0.52,0.48,0
25.6,0.0068454710592869,0.52,0.52,0.48,0
25.61,0.00693653305812806,0.52,0.52,0.48,0
25.62,0.00702649969798849,0.52,0.52,0.48,0
25.63,0.00711535677209285,0.52,0.52,0.48,0
25.64,0.00720309024887906,0.52,0.52,0.48,0
25.65,0.00728968627421415,0.52,0.52,0.48,0
25.66,0.00737513117358172,0.52,0.52,0.48,0
25.67,0.00745941145424184,0.52,0.52,0.48,0
25.68,0.00754251380736101,0.52,0.52,0.48,0
25.69,0.00762442511011449,0.52,0.52,0.48,0
25.7,0.0077051324277579,0.52,0.52,0.48,0
25.71,0.00778462301567023,0.52,0.52,0.48,0
25.72,0.00786288432136618,0.52,0.52,0.48,0
25.73,0.00793990398647835,0.52,0.52,0.48,0
25.74,0.00801566984870875,0.52,0.52,0.48,0
25.75,0.00809016994374946,0.52,0.52,0.48,0
25.76,0.00816339250717186,0.52,0.52,0.48,0
25.77,0.00823532597628425,0.52,0.52,0.48,0
25.78,0.00830595899195814,0.52,0.52,0.48,0
25.79,0.00837528040042142,0.52,0.52,0.48,0
25.8,0.00844327925502015,0.52,0.52,0.48,0
25.81,0.00850994481794692,0.52,0.52,0.48,0
25.82,0.00857526656193652,0.52,0.52,0.48,0
25.83,0.00863923417192834,0.52,0.52,0.48,0
25.84,0.00870183754669524,0.52,0.52,0.48,0
25.85,0.00876306680043865,0.52,0.52,0.48,0
25.86,0.00882291226434951,0.52,0.52,0.48,0
25.87,0.00888136448813545,0.52,0.52,0.48,0
25.88,0.00893841424151264,0.52,0.52,0.48,0
25.89,0.00899405251566371,0.52,0.52,0.48,0
25.9,0.00904827052466019,0.52,0.52,0.48,0
25.91,0.00910105970684995,0.52,0.52,0.48,0
25.92,0.00915241172620917,0.52,0.52,0.48,0
25.93,0.00920231847365869,0.52,0.52,0.48,0
25.94,0.00925077206834459,0.52,0.52,0.48,0
25.95,0.0092977648588825,0.52,0.52,0.48,0
25.96,0.00934328942456613,0.52,0.52,0.48,0
25.97,0.00938733857653872,0.52,0.52,0.48,0
25.98,0.00942990535892865,0.52,0.52,0.48,0
25.99,0.00947098304994744,0.52,0.52,0.48,0
26,0.00951056516295153,0.52,0.52,0.48,0
26.01,0.00954864544746642,0.52,0.52,0.48,0
26.02,0.00958521789017375,0.52,0.52,0.48,0
26.03,0.00962027671586087,0.52,0.52,0.48,0
26.04,0.00965381638833273,0.52,0.52,0.48,0
26.05,0.00968583161128632,0.52,0.52,0.48,0
26.06,0.00971631732914674,0.52,0.52,0.48,0
26.07,0.00974526872786577,0.52,0.52,0.48,0
26.08,0.00977268123568193,0.52,0.52,0.48,0
26.09,0.00979855052384247,0.52,0.52,0.48,0
26.1,0.00982287250728688,0.52,0.52,0.48,0
26.11,0.00984564334529205,0.52,0.52,0.48,0
26.12,0.00986685944207867,0.52,0.52,0.48,0
26.13,0.00988651744737913,0.52,0.52,0.48,0
26.14,0.00990461425696651,0.52,0.52,0.48,0
26.15,0.00992114701314478,0.52,0.52,0.48,0
26.16,0.00993611310520008,0.52,0.52,0.48,0
26.17,0.009949510169813,0.52,0.52,0.48,0
26.18,0.00996133609143172,0.52,0.52,0.48,0
26.19,0.00997158900260614,0.52,0.52,0.48,0
26.2,0.00998026728428271,0.52,0.52,0.48,0
26.21,0.00998736956606017,0.52,0.52,0.48,0
26.22,0.00999289472640589,0.52,0.52,0.48,0
26.23,0.009996841892833,0.52,0.52,0.48,0
26.24,0.00999921044203816,0.52,0.52,0.48,0
26.25,0.01,0.52,0.52,0.48,0
26.26,0.00999921044203816,0.52,0.52,0.48,0
26.27,0.009996841892833,0.52,0.52,0.48,0
26.28,0.00999289472640589,0.52,0.52,0.48,0
26.29,0.00998736956606018,0.52,0.52,0.48,0
26.3,0.00998026728428272,0.52,0.52,0.48,0
26.31,0.00997158900260614,0.52,0.52,0.48,0
26.32,0.00996133609143172,0.52,0.52,0.48,0
26.33,0.009949510169813,0.52,0.52,0.48,0
26.34,0.00993611310520008,0.52,0.52,0.48,0
26.35,0.00992114701314478,0.52,0.52,0.48,0
26.36,0.00990461425696651,0.52,0.52,0.48,0
26.37,0.00988651744737914,0.52,0.52,0.48,0
26.38,0.00986685944207868,0.52,0.52,0.48,0
26.39,0.00984564334529206,0.52,0.52,0.48,0
26.4,0.00982287250728688,0.52,0.52,0.48,0
26.41,0.00979855052384246,0.52,0.52,0.48,0
26.42,0.00977268123568193,0.52,0.52,0.48,0
26.43,0.00974526872786577,0.52,0.52,0.48,0
26.44,0.00971631732914674,0.52,0.52,0.48,0
26.45,0.00968583161128631,0.52,0.52,0.48,0
26.46,0.00965381638833274,0.52,0.52,0.48,0
26.47,0.00962027671586087,0.52,0.52,0.48,0
26.48,0.00958521789017377,0.52,0.52,0.48,0
26.49,0.00954864544746642,0.52,0.52,0.48,0
26.5,0.00951056516295153,0.52,0.52,0.48,0
26.51,0.00947098304994744,0.52,0.52,0.48,0
26.52,0.00942990535892864,0.52,0.52,0.48,0
26.53,0.00938733857653874,0.52,0.52,0.48,0
26.54,0.00934328942456612,0.52,0.52,0.48,0
26.55,0.00929776485888252,0.52,0.52,0.48,0
26.56,0.00925077206834456,0.52,0.52,0.48,0
26.57,0.00920231847365872,0.52,0.52,0.48,0
26.58,0.00915241172620916,0.52,0.52,0.48,0
26.59,0.00910105970684998,0.52,0.52,0.48,0
26.6,0.00904827052466019,0.52,0.52,0.48,0
26.61,0.00899405251566371,0.52,0.52,0.48,0
26.62,0.00893841424151264,0.52,0.52,0.48,0
26.63,0.00888136448813545,0.52,0.52,0.48,0
26.64,0.00882291226434954,0.52,0.52,0.48,0
26.65,0.00876306680043861,0.52,0.52,0.48,0
26.66,0.00870183754669527,0.52,0.52,0.48,0
26.67,0.00863923417192834,0.52,0.52,0.48,0
26.68,0.00857526656193655,0.52,0.52,0.48,0
26.69,0.00850994481794691,0.52,0.52,0.48,0
26.7,0.00844327925502015,0.52,0.52,0.48,0
26.71,0.00837528040042142,0.52,0.52,0.48,0
26.72,0.00830595899195813,0.52,0.52,0.48,0
26.73,0.00823532597628428,0.52,0.52,0.48,0
26.74,0.00816339250717185,0.52,0.52,0.48,0
26.75,0.00809016994374949,0.52,0.52,0.48,0
26.76,0.00801566984870875,0.52,0.52,0.48,0
26.77,0.00793990398647838,0.52,0.52,0.48,0
26.78,0.00786288432136618,0.52,0.52,0.48,0
26.79,0.00778462301567023,0.52,0.52,0.48,0
26.8,0.00770513242775789,0.52,0.52,0.48,0
26.81,0.00762442511011448,0.52,0.52,0.48,0
26.82,0.00754251380736105,0.52,0.52,0.48,0
26.83,0.00745941145424184,0.52,0.52,0.48,0
26.84,0.00737513117358176,0.52,0.52,0.48,0
26.85,0.00728968627421409,0.52,0.52,0.48,0
26.86,0.0072030902488791,0.52,0.52,0.48,0
26.87,0.00711535677209284,0.52,0.52,0.48,0
26.88,0.00702649969798849,0.52,0.52,0.48,0
26.89,0.00693653305812805,0.52,0.52,0.48,0
26.9,0.00684547105928689,0.52,0.52,0.48,0
26.91,0.00675332808121025,0.52,0.52,0.48,0
26.92,0.00666011867434253,0.52,0.52,0.48,0
26.93,0.00656585755752959,0.52,0.52,0.48,0
26.94,0.00647055961569442,0.52,0.52,0.48,0
26.95,0.00637423989748693,0.52,0.52,0.48,0
26.96,0.00627691361290699,0.52,0.52,0.48,0
26.97,0.00617859613090339,0.52,0.52,0.48,0
26.98,0.00607930297694605,0.52,0.52,0.48,0
26.99,0.00597904983057519,0.52,0.52,0.48,0
27,0.00587785252292474,0.52,0.52,0.48,0
27.01,0.00577572703422269,0.52,0.52,0.48,0
27.02,0.00567268949126759,0.52,0.52,0.48,0
27.03,0.00556875616488185,0.52,0.52,0.48,0
27.04,0.00546394346734273,0.52,0.52,0.48,0
27.05,0.00535826794978995,0.52,0.52,0.48,0
27.06,0.00525174629961295,0.52,0.52,0.48,0
27.07,0.00514439533781506,0.52,0.52,0.48,0
27.08,0.00503623201635761,0.52,0.52,0.48,0
27.09,0.00492727341548293,0.52,0.52,0.48,0
27.1,0.00481753674101717,0.52,0.52,0.48,0
27.11,0.00470703932165335,0.52,0.52,0.48,0
27.12,0.00459579860621491,0.52,0.52,0.48,0
27.13,0.00448383216090036,0.52,0.52,0.48,0
27.14,0.00437115766650931,0.52,0.52,0.48,0
27.15,0.00425779291565072,0.52,0.52,0.48,0
27.16,0.00414375580993284,0.52,0.52,0.48,0
27.17,0.00402906435713663,0.52,0.52,0.48,0
27.18,0.00391373666837204,0.52,0.52,0.48,0
27.19,0.00379779095521803,0.52,0.52,0.48,0
27.2,0.00368124552684681,0.52,0.52,0.48,0
27.21,0.00356411878713254,0.52,0.52,0.48,0
27.22,0.00344642923174521,0.52,0.52,0.48,0
27.23,0.00332819544522985,0.52,0.52,0.48,0
27.24,0.00320943609807208,0.52,0.52,0.48,0
27.25,0.00309016994374947,0.52,0.52,0.48,0
27.26,0.00297041581577035,0.52,0.52,0.48,0
27.27,0.00285019262469977,0.52,0.52,0.48,0
27.28,0.00272951935517327,0.52,0.52,0.48,0
27.29,0.002608415062899,0.52,0.52,0.48,0
27.3,0.00248689887164858,0.52,0.52,0.48,0
27.31,0.00236498997023722,0.52,0.52,0.48,0
27.32,0.00224270760949379,0.52,0.52,0.48,0
27.33,0.00212007109922053,0.52,0.52,0.48,0
27.34,0.00199709980514407,0.52,0.52,0.48,0
27.35,0.00187381314585725,0.52,0.52,0.48,0
27.36,0.00175023058975277,0.52,0.52,0.48,0
27.37,0.00162637165194885,0.52,0.52,0.48,0
27.38,0.0015022558912076,0.52,0.52,0.48,0
27.39,0.00137790290684641,0.52,0.52,0.48,0
27.4,0.00125333233564301,0.52,0.52,0.48,0
27.41,0.0011285638487348,0.52,0.52,0.48,0
27.42,0.00100361714851214,0.52,0.52,0.48,0
27.43,0.000878511965507426,0.52,0.52,0.48,0
27.44,0.000753268055279329,0.52,0.52,0.48,0
27.45,0.000627905195293144,0.52,0.52,0.48,0
27.46,0.000502443181797713,0.52,0.52,0.48,0
27.47,0.000376901826699371,0.52,0.52,0.48,0
27.48,0.000251300954433408,0.52,0.52,0.48,0
27.49,0.000125660398833496,0.52,0.52,0.48,0
27.5,4.89982515786259e-17,0.52,0.52,0.48,0
27.51,-0.00012566039883354,0.52,0.52,0.48,0
27.52,-0.000251300954433381,0.52,0.52,0.48,0
27.53,-0.000376901826699344,0.52,0.52,0.48,0
27.54,-0.000502443181797686,0.52,0.52,0.48,0
27.55,-0.000627905195293117,0.52,0.52,0.48,0
27.56,-0.000753268055279373,0.52,0.52,0.48,0
27.57,-0.000878511965507399,0.52,0.52,0.48,0
27.58,-0.00100361714851218,0.52,0.52,0.48,0
27.59,-0.00112856384873477,0.52,0.52,0.48,0
27.6,-0.00125333233564306,0.52,0.52,0.48,0
27.61,-0.00137790290684639,0.52,0.52,0.48,0
27.62,-0.00150225589120757,0.52,0.52,0.48,0
27.63,-0.00162637165194883,0.52,0.52,0.48,0
27.64,-0.00175023058975274,0.52,0.52,0.48,0
27.65,-0.00187381314585729,0.52,0.52,0.48,0
27.66,-0.00199709980514404,0.52,0.52,0.48,0
27.67,-0.00212007109922058,0.52,0.52,0.48,0
27.68,-0.00224270760949377,0.52,0.52,0.48,0
27.69,-0.00236498997023726,0.52,0.52,0.48,0
27.7,-0.00248689887164856,0.52,0.52,0.48,0
27.71,-0.00260841506289897,0.52,0.52,0.48,0
27.72,-0.00272951935517325,0.52,0.52,0.48,0
27.73,-0.00285019262469975,0.52,0.52,0.48,0
27.74,-0.00297041581577033,0.52,0.52,0.48,0
27.75,-0.00309016994374944,0.52,0.52,0.48,0
27.76,-0.00320943609807213,0.52,0.52,0.48,0
27.77,-0.00332819544522982,0.52,0.52,0.48,0
27.78,-0.00344642923174519,0.52,0.52,0.48,0
27.79,-0.00356411878713251,0.52,0.52,0.48,0
27.8,-0.00368124552684678,0.52,0.52,0.48,0
27.81,-0.003797790955218,0.52,0.52,0.48,0
27.82,-0.00391373666837201,0.52,0.52,0.48,0
27.83,-0.00402906435713661,0.52,0.52,0.48,0
27.84,-0.00414375580993281,0.52,0.52,0.48,0
27.85,-0.00425779291565076,0.52,0.52,0.48,0
27.86,-0.00437115766650929,0.52,0.52,0.48,0
27.87,-0.00448383216090034,0.52,0.52,0.48,0
27.88,-0.00459579860621489,0.52,0.52,0.48,0
27.89,-0.00470703932165333,0.52,0.52,0.48,0
27.9,-0.00481753674101715,0.52,0.52,0.48,0
27.91,-0.0049272734154829,0.52,0.52,0.48,0
27.92,-0.00503623201635759,0.52,0.52,0.48,0
27.93,-0.00514439533781504,0.52,0.52,0.48,0
27.94,-0.00525174629961299,0.52,0.52,0.48,0
27.95,-0.00535826794978993,0.52,0.52,0.48,0
27.96,-0.00546394346734271,0.52,0.52,0.48,0
27.97,-0.00556875616488183,0.52,0.52,0.48,0
27.98,-0.00567268949126757,0.52,0.52,0.48,0
27.99,-0.00577572703422267,0.52,0.52,0.48,0
28,-0.00587785252292472,0.52,0.52,0.48,0
28.01,-0.00597904983057517,0.52,0.52,0.48,0
28.02,-0.00607930297694603,0.52,0.52,0.48,0
28.03,-0.00617859613090337,0.52,0.52,0.48,0
28.04,-0.00627691361290697,0.52,0.52,0.48,0
28.05,-0.00637423989748691,0.52,0.52,0.48,0
28.06,-0.00647055961569445,0.52,0.52,0.48,0
28.07,-0.00656585755752957,0.52,0.52,0.48,0
28.08,-0.00666011867434251,0.52,0.52,0.48,0
28.09,-0.00675332808121023,0.52,0.52,0.48,0
28.1,-0.00684547105928687,0.52,0.52,0.48,0
28.11,-0.00693653305812803,0.52,0.52,0.48,0
28.12,-0.00702649969798847,0.52,0.52,0.48,0
28.13,-0.00711535677209282,0.52,0.52,0.48,0
28.14,-0.00720309024887908,0.52,0.52,0.48,0
28.15,-0.00728968627421412,0.52,0.52,0.48,0
28.16,-0.00737513117358174,0.52,0.52,0.48,0
28.17,-0.00745941145424182,0.52,0.52,0.48,0
28.18,-0.00754251380736103,0.52,0.52,0.48,0
28.19,-0.00762442511011447,0.52,0.52,0.48,0
28.2,-0.00770513242775788,0.52,0.52,0.48,0
28.21,-0.00778462301567021,0.52,0.52,0.48,0
28.22,-0.00786288432136616,0.52,0.52,0.48,0
28.23,-0.00793990398647837,0.52,0.52,0.48,0
28.24,-0.00801566984870877,0.52,0.52,0.48,0
28.25,-0.00809016994374948,0.52,0.52,0.48,0
28.26,-0.00816339250717184,0.52,0.52,0.48,0
28.27,-0.00823532597628427,0.52,0.52,0.48,0
28.28,-0.00830595899195812,0.52,0.52,0.48,0
28.29,-0.0083752804004214,0.52,0.52,0.48,0
28.3,-0.00844327925502013,0.52,0.52,0.48,0
28.31,-0.00850994481794693,0.52,0.52,0.48,0
28.32,-0.00857526656193653,0.52,0.52,0.48,0
28.33,-0.00863923417192836,0.52,0.52,0.48,0
28.34,-0.00870183754669526,0.52,0.52,0.48,0
28.35,-0.00876306680043864,0.52,0.52,0.48,0
28.36,-0.00882291226434953,0.52,0.52,0.48,0
28.37,-0.00888136448813544,0.52,0.52,0.48,0
28.38,-0.00893841424151263,0.52,0.52,0.48,0
28.39,-0.00899405251566369,0.52,0.52,0.48,0
28.4,-0.00904827052466021,0.52,0.52,0.48,0
28.41,-0.00910105970684997,0.52,0.52,0.48,0
28.42,-0.00915241172620918,0.52,0.52,0.48,0
28.43,-0.00920231847365871,0.52,0.52,0.48,0
28.44,-0.00925077206834458,0.52,0.52,0.48,0
28.45,-0.00929776485888251,0.52,0.52,0.48,0
28.46,-0.00934328942456611,0.52,0.52,0.48,0
28.47,-0.00938733857653873,0.52,0.52,0.48,0
28.48,-0.00942990535892863,0.52,0.52,0.48,0
28.49,-0.00947098304994745,0.52,0.52,0.48,0
28.5,-0.00951056516295154,0.52,0.52,0.48,0
28.51,-0.00954864544746643,0.52,0.52,0.48,0
28.52,-0.00958521789017376,0.52,0.52,0.48,0
28.53,-0.00962027671586086,0.52,0.52,0.48,0
28.54,-0.00965381638833274,0.52,0.52,0.48,0
28.55,-0.00968583161128631,0.52,0.52,0.48,0
28.56,-0.00971631732914675,0.52,0.52,0.48,0
28.57,-0.00974526872786576,0.52,0.52,0.48,0
28.58,-0.00977268123568194,0.52,0.52,0.48,0
28.59,-0.00979855052384246,0.52,0.52,0.48,0
28.6,-0.00982287250728689,0.52,0.52,0.48,0
28.61,-0.00984564334529205,0.52,0.52,0.48,0
28.62,-0.00986685944207868,0.52,0.52,0.48,0
28.63,-0.00988651744737914,0.52,0.52,0.48,0
28.64,-0.00990461425696651,0.52,0.52,0.48,0
28.65,-0.00992114701314478,0.52,0.52,0.48,0
28.66,-0.00993611310520008,0.52,0.52,0.48,0
28.67,-0.00994951016981301,0.52,0.52,0.48,0
28.68,-0.00996133609143172,0.52,0.52,0.48,0
28.69,-0.00997158900260614,0.52,0.52,0.48,0
28.7,-0.00998026728428272,0.52,0.52,0.48,0
28.71,-0.00998736956606018,0.52,0.52,0.48,0
28.72,-0.00999289472640589,0.52,0.52,0.48,0
28.73,-0.009996841892833,0.52,0.52,0.48,0
28.74,-0.00999921044203816,0.52,0.52,0.48,0
28.75,-0.01,0.52,0.52,0.48,0
28.76,-0.00999921044203816,0.52,0.52,0.48,0
28.77,-0.009996841892833,0.52,0.52,0.48,0
28.78,-0.00999289472640589,0.52,0.52,0.48,0
28.79,-0.00998736956606018,0.52,0.52,0.48,0
28.8,-0.00998026728428272,0.52,0.52,0.48,0
28.81,-0.00997158900260614,0.52,0.52,0.48,0
28.82,-0.00996133609143173,0.52,0.52,0.48,0
28.83,-0.009949510169813,0.52,0.52,0.48,0
28.84,-0.00993611310520009,0.52,0.52,0.48,0
28.85,-0.00992114701314478,0.52,0.52,0.48,0
28.86,-0.00990461425696652,0.52,0.52,0.48,0
28.87,-0.00988651744737914,0.52,0.52,0.48,0
28.88,-0.00986685944207868,0.52,0.52,0.48,0
28.89,-0.00984564334529205,0.52,0.52,0.48,0
28.9,-0.00982287250728689,0.52,0.52,0.48,0
28.91,-0.00979855052384247,0.52,0.52,0.48,0
28.92,-0.00977268123568194,0.52,0.52,0.48,0
28.93,-0.00974526872786578,0.52,0.52,0.48,0
28.94,-0.00971631732914673,0.52,0.52,0.48,0
28.95,-0.00968583161128632,0.52,0.52,0.48,0
28.96,-0.00965381638833273,0.52,0.52,0.48,0
28.97,-0.00962027671586088,0.52,0.52,0.48,0
28.98,-0.00958521789017376,0.52,0.52,0.48,0
28.99,-0.00954864544746643,0.52,0.52,0.48,0
29,-0.00951056516295154,0.52,0.52,0.48,0
29.01,-0.00947098304994745,0.52,0.52,0.48,0
29.02,-0.00942990535892865,0.52,0.52,0.48,0
29.03,-0.00938733857653873,0.52,0.52,0.48,0
29.04,-0.00934328942456614,0.52,0.52,0.48,0
29.05,-0.00929776485888251,0.52,0.52,0.48,0
29.06,-0.00925077206834458,0.52,0.52,0.48,0
29.07,-0.0092023184736587,0.52,0.52,0.48,0
29.08,-0.00915241172620918,0.52,0.52,0.48,0
29.09,-0.00910105970684996,0.52,0.52,0.48,0
29.1,-0.0090482705246602,0.52,0.52,0.48,0
29.11,-0.00899405251566372,0.52,0.52,0.48,0
29.12,-0.00893841424151265,0.52,0.52,0.48,0
29.13,-0.00888136448813547,0.52,0.52,0.48,0
29.14,-0.00882291226434952,0.52,0.52,0.48,0
29.15,-0.00876306680043863,0.52,0.52,0.48,0
29.16,-0.00870183754669526,0.52,0.52,0.48,0
29.17,-0.00863923417192836,0.52,0.52,0.48,0
29.18,-0.00857526656193653,0.52,0.52,0.48,0
29.19,-0.00850994481794693,0.52,0.52,0.48,0
29.2,-0.00844327925502017,0.52,0.52,0.48,0
29.21,-0.00837528040042144,0.52,0.52,0.48,0
29.22,-0.00830595899195815,0.52,0.52,0.48,0
29.23,-0.00823532597628426,0.52,0.52,0.48,0
29.24,-0.00816339250717183,0.52,0.52,0.48,0
29.25,-0.00809016994374947,0.52,0.52,0.48,0
29.26,-0.00801566984870877,0.52,0.52,0.48,0
29.27,-0.00793990398647836,0.52,0.52,0.48,0
29.28,-0.0078628843213662,0.52,0.52,0.48,0
29.29,-0.00778462301567025,0.52,0.52,0.48,0
29.3,-0.00770513242775791,0.52,0.52,0.48,0
29.31,-0.00762442511011446,0.52,0.52,0.48,0
29.32,-0.00754251380736103,0.52,0.52,0.48,0
29.33,-0.00745941145424181,0.52,0.52,0.48,0
29.34,-0.00737513117358174,0.52,0.52,0.48,0
29.35,-0.00728968627421412,0.52,0.52,0.48,0
29.36,-0.00720309024887908,0.52,0.52,0.48,0
29.37,-0.00711535677209287,0.52,0.52,0.48,0
29.38,-0.00702649969798851,0.52,0.52,0.48,0
29.39,-0.00693653305812808,0.52,0.52,0.48,0
29.4,-0.00684547105928687,0.52,0.52,0.48,0
29.41,-0.00675332808121023,0.52,0.52,0.48,0
29.42,-0.00666011867434251,0.52,0.52,0.48,0
29.43,-0.00656585755752956,0.52,0.52,0.48,0
29.44,-0.00647055961569445,0.52,0.52,0.48,0
29.45,-0.00637423989748691,0.52,0.52,0.48,0
29.46,-0.00627691361290702,0.52,0.52,0.48,0
29.47,-0.00617859613090336,0.52,0.52,0.48,0
29.48,-0.00607930297694608,0.52,0.52,0.48,0
29.49,-0.00597904983057517,0.52,0.52,0.48,0
29.5,-0.00587785252292477,0.52,0.52,0.48,0
29.51,-0.00577572703422267,0.52,0.52,0.48,0
29.52,-0.00567268949126756,0.52,0.52,0.48,0
29.53,-0.00556875616488188,0.52,0.52,0.48,0
29.54,-0.0054639434673427,0.52,0.52,0.48,0
29.55,-0.00535826794978998,0.52,0.52,0.48,0
29.56,-0.00525174629961292,0.52,0.52,0.48,0
29.57,-0.00514439533781509,0.52,0.52,0.48,0
29.58,-0.00503623201635758,0.52,0.52,0.48,0
29.59,-0.00492727341548296,0.52,0.52,0.48,0
29.6,-0.00481753674101714,0.52,0.52,0.48,0
29.61,-0.00470703932165332,0.52,0.52,0.48,0
29.62,-0.00459579860621488,0.52,0.52,0.48,0
29.63,-0.00448383216090033,0.52,0.52,0.48,0
29.64,-0.00437115766650934,0.52,0.52,0.48,0
29.65,-0.00425779291565069,0.52,0.52,0.48,0
29.66,-0.00414375580993287,0.52,0.52,0.48,0
29.67,-0.0040290643571366,0.52,0.52,0.48,0
29.68,-0.00391373666837207,0.52,0.52,0.48,0
29.69,-0.003797790955218,0.52,0.52,0.48,0
29.7,-0.00368124552684677,0.52,0.52,0.48,0
29.71,-0.00356411878713251,0.52,0.52,0.48,0
29.72,-0.00344642923174518,0.52,0.52,0.48,0
29.73,-0.00332819544522988,0.52,0.52,0.48,0
29.74,-0.00320943609807212,0.52,0.52,0.48,0
29.75,-0.00309016994374951,0.52,0.52,0.48,0
29.76,-0.00297041581577032,0.52,0.52,0.48,0
29.77,-0.00285019262469981,0.52,0.52,0.48,0
29.78,-0.00272951935517324,0.52,0.52,0.48,0
29.79,-0.00260841506289896,0.52,0.52,0.48,0
29.8,-0.00248689887164855,0.52,0.52,0.48,0
29.81,-0.00236498997023725,0.52,0.52,0.48,0
29.82,-0.00224270760949383,0.52,0.52,0.48,0
29.83,-0.00212007109922057,0.52,0.52,0.48,0
29.84,-0.0019970998051441,0.52,0.52,0.48,0
29.85,-0.00187381314585722,0.52,0.52,0.48,0
29.86,-0.00175023058975281,0.52,0.52,0.48,0
29.87,-0.00162637165194882,0.52,0.52,0.48,0
29.88,-0.00150225589120756,0.52,0.52,0.48,0
29.89,-0.00137790290684638,0.52,0.52,0.48,0
29.9,-0.00125333233564305,0.52,0.52,0.48,0
29.91,-0.00112856384873483,0.52,0.52,0.48,0
29.92,-0.00100361714851217,0.52,0.52,0.48,0
29.93,-0.000878511965507463,0.52,0.52,0.48,0
29.94,-0.000753268055279295,0.52,0.52,0.48,0
29.95,-0.00062790519529318,0.52,0.52,0.48,0
29.96,-0.000502443181797679,0.52,0.52,0.48,0
29.97,-0.000376901826699408,0.52,0.52,0.48,0
29.98,-0.000251300954433374,0.52,0.52,0.48,0
29.99,-0.000125660398833533,0.52,0.52,0.48,0
30,-1.46957615897682e-17,0.52,0.52,0.48,0
30.01,0.000125660398833504,0.52,0.52,0.48,0
30.02,0.000251300954433344,0.52,0.52,0.48,0
30.03,0.000376901826699378,0.52,0.52,0.48,0
30.04,0.00050244318179765,0.52,0.52,0.48,0
30.05,0.000627905195293151,0.52,0.52,0.48,0
30.06,0.000753268055279337,0.52,0.52,0.48,0
30.07,0.000878511965507433,0.52,0.52,0.48,0
30.08,0.00100361714851214,0.52,0.52,0.48,0
30.09,0.0011285638487348,0.52,0.52,0.48,0
30.1,0.00125333233564302,0.52,0.52,0.48,0
30.11,0.00137790290684635,0.52,0.52,0.48,0
30.12,0.00150225589120753,0.52,0.52,0.48,0
30.13,0.00162637165194879,0.52,0.52,0.48,0
30.14,0.00175023058975278,0.52,0.52,0.48,0
30.15,0.00187381314585726,0.52,0.52,0.48,0
30.16,0.00199709980514407,0.52,0.52,0.48,0
30.17,0.00212007109922054,0.52,0.52,0.48,0
30.18,0.0022427076094938,0.52,0.52,0.48,0
30.19,0.00236498997023723,0.52,0.52,0.48,0
30.2,0.00248689887164852,0.52,0.52,0.48,0
30.21,0.00260841506289893,0.52,0.52,0.48,0
30.22,0.00272951935517321,0.52,0.52,0.48,0
30.23,0.00285019262469978,0.52,0.52,0.48,0
30.24,0.00297041581577036,0.52,0.52,0.48,0
30.25,0.00309016994374948,0.52,0.52,0.48,0
30.26,0.00320943609807209,0.52,0.52,0.48,0
30.27,0.00332819544522985,0.52,0.52,0.48,0
30.28,0.00344642923174515,0.52,0.52,0.48,0
30.29,0.00356411878713248,0.52,0.52,0.48,0
30.3,0.00368124552684675,0.52,0.52,0.48,0
30.31,0.00379779095521804,0.52,0.52,0.48,0
30.32,0.00391373666837204,0.52,0.52,0.48,0
30.33,0.00402906435713664,0.52,0.52,0.48,0
30.34,0.00414375580993284,0.52,0.52,0.48,0
30.35,0.00425779291565072,0.52,0.52,0.48,0
30.36,0.00437115766650932,0.52,0.52,0.48,0
30.37,0.00448383216090031,0.52,0.52,0.48,0
30.38,0.00459579860621485,0.52,0.52,0.48,0
30.39,0.00470703932165329,0.52,0.52,0.48,0
30.4,0.00481753674101718,0.52,0.52,0.48,0
30.41,0.00492727341548293,0.52,0.52,0.48,0
30.42,0.00503623201635762,0.52,0.52,0.48,0
30.43,0.00514439533781507,0.52,0.52,0.48,0
30.44,0.00525174629961295,0.52,0.52,0.48,0
30.45,0.00535826794978996,0.52,0.52,0.48,0
30.46,0.00546394346734267,0.52,0.52,0.48,0
30.47,0.00556875616488186,0.52,0.52,0.48,0
30.48,0.00567268949126754,0.52,0.52,0.48,0
30.49,0.0057757270342227,0.52,0.52,0.48,0
30.5,0.00587785252292475,0.52,0.52,0.48,0
30.51,0.0059790498305752,0.52,0.52,0.48,0
30.52,0.00607930297694606,0.52,0.52,0.48,0
30.53,0.00617859613090334,0.52,0.52,0.48,0
30.54,0.006276913612907,0.52,0.52,0.48,0
30.55,0.00637423989748688,0.52,0.52,0.48,0
30.56,0.00647055961569448,0.52,0.52,0.48,0
30.57,0.00656585755752954,0.52,0.52,0.48,0
30.58,0.00666011867434254,0.52,0.52,0.48,0
30.59,0.00675332808121021,0.52,0.52,0.48,0
30.6,0.0068454710592869,0.52,0.52,0.48,0
30.61,0.00693653305812805,0.52,0.52,0.48,0
30.62,0.00702649969798849,0.52,0.52,0.48,0
30.63,0.00711535677209285,0.52,0.52,0.48,0
30.64,0.00720309024887906,0.52,0.52,0.48,0
30.65,0.00728968627421415,0.52,0.52,0.48,0
30.66,0.00737513117358172,0.52,0.52,0.48,0
30.67,0.00745941145424184,0.52,0.52,0.48,0
30.68,0.00754251380736101,0.52,0.52,0.48,0
30.69,0.00762442511011449,0.52,0.52,0.48,0
30.7,0.0077051324277579,0.52,0.52,0.48,0
30.71,0.00778462301567023,0.52,0.52,0.48,0
30.72,0.00786288432136618,0.52,0.52,0.48,0
30.73,0.00793990398647834,0.52,0.52,0.48,0
30.74,0.00801566984870875,0.52,0.52,0.48,0
30.75,0.00809016994374945,0.52,0.52,0.48,0
30.76,0.00816339250717186,0.52,0.52,0.48,0
30.77,0.00823532597628425,0.52,0.52,0.48,0
30.78,0.00830595899195813,0.52,0.52,0.48,0
30.79,0.00837528040042142,0.52,0.52,0.48,0
30.8,0.00844327925502015,0.52,0.52,0.48,0
30.81,0.00850994481794691,0.52,0.52,0.48,0
30.82,0.00857526656193651,0.52,0.52,0.48,0
30.83,0.00863923417192834,0.52,0.52,0.48,0
30.84,0.00870183754669524,0.52,0.52,0.48,0
30.85,0.00876306680043865,0.52,0.52,0.48,0
30.86,0.00882291226434951,0.52,0.52,0.48,0
30.87,0.00888136448813545,0.52,0.52,0.48,0
30.88,0.00893841424151264,0.52,0.52,0.48,0
30.89,0.00899405251566371,0.52,0.52,0.48,0
30.9,0.00904827052466019,0.52,0.52,0.48,0
30.91,0.00910105970684995,0.52,0.52,0.48,0
30.92,0.00915241172620917,0.52,0.52,0.48,0
30.93,0.00920231847365869,0.52,0.52,0.48,0
30.94,0.00925077206834459,0.52,0.52,0.48,0
30.95,0.0092977648588825,0.52,0.52,0.48,0
30.96,0.00934328942456613,0.52,0.52,0.48,0
30.97,0.00938733857653874,0.52,0.52,0.48,0
30.98,0.00942990535892865,0.52,0.52,0.48,0
30.99,0.00947098304994744,0.52,0.52,0.48,0
31,0.00951056516295153,0.52,0.52,0.48,0
31.01,0.00954864544746642,0.52,0.52,0.48,0
31.02,0.00958521789017375,0.52,0.52,0.48,0
31.03,0.00962027671586087,0.52,0.52,0.48,0
31.04,0.00965381638833273,0.52,0.52,0.48,0
31.05,0.00968583161128632,0.52,0.52,0.48,0
31.06,0.00971631732914674,0.52,0.52,0.48,0
31.07,0.00974526872786577,0.52,0.52,0.48,0
31.08,0.00977268123568193,0.52,0.52,0.48,0
31.09,0.00979855052384247,0.52,0.52,0.48,0
31.1,0.00982287250728688,0.52,0.52,0.48,0
31.11,0.00984564334529205,0.52,0.52,0.48,0
31.12,0.00986685944207867,0.52,0.52,0.48,0
31.13,0.00988651744737913,0.52,0.52,0.48,0
31.14,0.00990461425696651,0.52,0.52,0.48,0
31.15,0.00992114701314478,0.52,0.52,0.48,0
31.16,0.00993611310520008,0.52,0.52,0.48,0
31.17,0.009949510169813,0.52,0.52,0.48,0
31.18,0.00996133609143172,0.52,0.52,0.48,0
31.19,0.00997158900260614,0.52,0.52,0.48,0
31.2,0.00998026728428271,0.52,0.52,0.48,0
31.21,0.00998736956606017,0.52,0.52,0.48,0
31.22,0.00999289472640589,0.52,0.52,0.48,0
31.23,0.009996841892833,0.52,0.52,0.48,0
31.24,0.00999921044203816,0.52,0.52,0.48,0
31.25,0.01,0.52,0.52,0.48,0
31.26,0.00999921044203816,0.52,0.52,0.48,0
31.27,0.009996841892833,0.52,0.52,0.48,0
31.28,0.00999289472640589,0.52,0.52,0.48,0
31.29,0.00998736956606018,0.52,0.52,0.48,0
31.3,0.00998026728428272,0.52,0.52,0.48,0
31.31,0.00997158900260614,0.52,0.52,0.48,0
31.32,0.00996133609143172,0.52,0.52,0.48,0
31.33,0.009949510169813,0.52,0.52,0.48,0
31.34,0.00993611310520008,0.52,0.52,0.48,0
31.35,0.00992114701314478,0.52,0.52,0.48,0
31.36,0.00990461425696651,0.52,0.52,0.48,0
31.37,0.00988651744737914,0.52,0.52,0.48,0
31.38,0.00986685944207868,0.52,0.52,0.48,0
31.39,0.00984564334529206,0.52,0.52,0.48,0
31.4,0.00982287250728688,0.52,0.52,0.48,0
31.41,0.00979855052384247,0.52,0.52,0.48,0
31.42,0.00977268123568193,0.52,0.52,0.48,0
31.43,0.00974526872786577,0.52,0.52,0.48,0
31.44,0.00971631732914674,0.52,0.52,0.48,0
31.45,0.00968583161128631,0.52,0.52,0.48,0
31.46,0.00965381638833275,0.52,0.52,0.48,0
31.47,0.00962027671586085,0.52,0.52,0.48,0
31.48,0.00958521789017377,0.52,0.52,0.48,0
31.49,0.00954864544746642,0.52,0.52,0.48,0
31.5,0.00951056516295155,0.52,0.52,0.48,0
31.51,0.00947098304994744,0.52,0.52,0.48,0
31.52,0.00942990535892864,0.52,0.52,0.48,0
31.53,0.00938733857653874,0.52,0.52,0.48,0
31.54,0.00934328942456612,0.52,0.52,0.48,0
31.55,0.00929776485888252,0.52,0.52,0.48,0
31.56,0.00925077206834456,0.52,0.52,0.48,0
31.57,0.00920231847365872,0.52,0.52,0.48,0
31.58,0.00915241172620916,0.52,0.52,0.48,0
31.59,0.00910105970684998,0.52,0.52,0.48,0
31.6,0.00904827052466019,0.52,0.52,0.48,0
31.61,0.00899405251566371,0.52,0.52,0.48,0
31.62,0.00893841424151264,0.52,0.52,0.48,0
31.63,0.00888136448813545,0.52,0.52,0.48,0
31.64,0.00882291226434954,0.52,0.52,0.48,0
31.65,0.00876306680043861,0.52,0.52,0.48,0
31.66,0.00870183754669527,0.52,0.52,0.48,0
31.67,0.00863923417192834,0.52,0.52,0.48,0
31.68,0.00857526656193655,0.52,0.52,0.48,0
31.69,0.00850994481794691,0.52,0.52,0.48,0
31.7,0.00844327925502015,0.52,0.52,0.48,0
31.71,0.00837528040042142,0.52,0.52,0.48,0
31.72,0.00830595899195813,0.52,0.52,0.48,0
31.73,0.00823532597628428,0.52,0.52,0.48,0
31.74,0.00816339250717185,0.52,0.52,0.48,0
31.75,0.00809016994374949,0.52,0.52,0.48,0
31.76,0.00801566984870875,0.52,0.52,0.48,0
31.77,0.00793990398647838,0.52,0.52,0.48,0
31.78,0.00786288432136618,0.52,0.52,0.48,0
31.79,0.00778462301567023,0.52,0.52,0.48,0
31.8,0.00770513242775789,0.52,0.52,0.48,0
31.81,0.00762442511011449,0.52,0.52,0.48,0
31.82,0.00754251380736105,0.52,0.52,0.48,0
31.83,0.00745941145424184,0.52,0.52,0.48,0
31.84,0.00737513117358176,0.52,0.52,0.48,0
31.85,0.00728968627421409,0.52,0.52,0.48,0
31.86,0.0072030902488791,0.52,0.52,0.48,0
31.87,0.00711535677209284,0.52,0.52,0.48,0
31.88,0.00702649969798849,0.52,0.52,0.48,0
31.89,0.00693653305812805,0.52,0.52,0.48,0
31.9,0.00684547105928689,0.52,0.52,0.48,0
31.91,0.00675332808121026,0.52,0.52,0.48,0
31.92,0.00666011867434253,0.52,0.52,0.48,0
31.93,0.00656585755752959,0.52,0.52,0.48,0
31.94,0.00647055961569442,0.52,0.52,0.48,0
31.95,0.00637423989748693,0.52,0.52,0.48,0
31.96,0.00627691361290699,0.52,0.52,0.48,0
31.97,0.00617859613090334,0.52,0.52,0.48,0
31.98,0.00607930297694605,0.52,0.52,0.48,0
31.99,0.00597904983057519,0.52,0.52,0.48,0
32,0.00587785252292474,0.52,0.52,0.48,0
32.01,0.0057757270342227,0.52,0.52,0.48,0
32.02,0.00567268949126753,0.52,0.52,0.48,0
32.03,0.00556875616488185,0.52,0.52,0.48,0
32.04,0.00546394346734273,0.52,0.52,0.48,0
32.05,0.00535826794979001,0.52,0.52,0.48,0
32.06,0.00525174629961295,0.52,0.52,0.48,0
32.07,0.00514439533781506,0.52,0.52,0.48,0
32.08,0.00503623201635761,0.52,0.52,0.48,0
32.09,0.00492727341548287,0.52,0.52,0.48,0
32.1,0.00481753674101717,0.52,0.52,0.48,0
32.11,0.00470703932165335,0.52,0.52,0.48,0
32.12,0.00459579860621491,0.52,0.52,0.48,0
32.13,0.0044838321609003,0.52,0.52,0.48,0
32.14,0.00437115766650931,0.52,0.52,0.48,0
32.15,0.00425779291565078,0.52,0.52,0.48,0
32.16,0.00414375580993284,0.52,0.52,0.48,0
32.17,0.00402906435713663,0.52,0.52,0.48,0
32.18,0.00391373666837204,0.52,0.52,0.48,0
32.19,0.00379779095521803,0.52,0.52,0.48,0
32.2,0.00368124552684674,0.52,0.52,0.48,0
32.21,0.00356411878713254,0.52,0.52,0.48,0
32.22,0.00344642923174521,0.52,0.52,0.48,0
32.23,0.00332819544522985,0.52,0.52,0.48,0
32.24,0.00320943609807209,0.52,0.52,0.48,0
32.25,0.00309016994374947,0.52,0.52,0.48,0
32.26,0.00297041581577035,0.52,0.52,0.48,0
32.27,0.00285019262469971,0.52,0.52,0.48,0
32.28,0.00272951935517327,0.52,0.52,0.48,0
32.29,0.002608415062899,0.52,0.52,0.48,0
32.3,0.00248689887164858,0.52,0.52,0.48,0
32.31,0.00236498997023722,0.52,0.52,0.48,0
32.32,0.00224270760949379,0.52,0.52,0.48,0
32.33,0.00212007109922061,0.52,0.52,0.48,0
32.34,0.00199709980514407,0.52,0.52,0.48,0
32.35,0.00187381314585725,0.52,0.52,0.48,0
32.36,0.00175023058975277,0.52,0.52,0.48,0
32.37,0.00162637165194886,0.52,0.52,0.48,0
32.38,0.00150225589120753,0.52,0.52,0.48,0
32.39,0.00137790290684642,0.52,0.52,0.48,0
32.4,0.00125333233564309,0.52,0.52,0.48,0
32.41,0.0011285638487348,0.52,0.52,0.48,0
32.42,0.00100361714851214,0.52,0.52,0.48,0
32.43,0.000878511965507428,0.52,0.52,0.48,0
32.44,0.000753268055279403,0.52,0.52,0.48,0
32.45,0.000627905195293146,0.52,0.52,0.48,0
32.46,0.000502443181797716,0.52,0.52,0.48,0
32.47,0.000376901826699373,0.52,0.52,0.48,0
32.48,0.00025130095443334,0.52,0.52,0.48,0
32.49,0.000125660398833499,0.52,0.52,0.48,0
32.5,-1.96067283990894e-17,0.52,0.52,0.48,0
32.51,-0.000125660398833467,0.52,0.52,0.48,0
32.52,-0.000251300954433379,0.52,0.52,0.48,0
32.53,-0.000376901826699342,0.52,0.52,0.48,0
32.54,-0.000502443181797684,0.52,0.52,0.48,0
32.55,-0.000627905195293114,0.52,0.52,0.48,0
32.56,-0.000753268055279371,0.52,0.52,0.48,0
32.57,-0.000878511965507397,0.52,0.52,0.48,0
32.58,-0.00100361714851211,0.52,0.52,0.48,0
32.59,-0.00112856384873484,0.52,0.52,0.48,0
32.6,-0.00125333233564305,0.52,0.52,0.48,0
32.61,-0.00137790290684639,0.52,0.52,0.48,0
32.62,-0.0015022558912075,0.52,0.52,0.48,0
32.63,-0.00162637165194883,0.52,0.52,0.48,0
32.64,-0.00175023058975274,0.52,0.52,0.48,0
32.65,-0.00187381314585722,0.52,0.52,0.48,0
32.66,-0.00199709980514411,0.52,0.52,0.48,0
32.67,-0.00212007109922057,0.52,0.52,0.48,0
32.68,-0.00224270760949376,0.52,0.52,0.48,0
32.69,-0.00236498997023719,0.52,0.52,0.48,0
32.7,-0.00248689887164855,0.52,0.52,0.48,0
32.71,-0.00260841506289897,0.52,0.52,0.48,0
32.72,-0.00272951935517324,0.52,0.52,0.48,0
32.73,-0.00285019262469981,0.52,0.52,0.48,0
32.74,-0.00297041581577032,0.52,0.52,0.48,0
32.75,-0.00309016994374944,0.52,0.52,0.48,0
32.76,-0.00320943609807206,0.52,0.52,0.48,0
32.77,-0.00332819544522989,0.52,0.52,0.48,0
32.78,-0.00344642923174518,0.52,0.52,0.48,0
32.79,-0.00356411878713251,0.52,0.52,0.48,0
32.8,-0.00368124552684671,0.52,0.52,0.48,0
32.81,-0.003797790955218,0.52,0.52,0.48,0
32.82,-0.00391373666837201,0.52,0.52,0.48,0
32.83,-0.0040290643571366,0.52,0.52,0.48,0
32.84,-0.00414375580993288,0.52,0.52,0.48,0
32.85,-0.00425779291565075,0.52,0.52,0.48,0
32.86,-0.00437115766650928,0.52,0.52,0.48,0
32.87,-0.00448383216090027,0.52,0.52,0.48,0
32.88,-0.00459579860621488,0.52,0.52,0.48,0
32.89,-0.00470703932165332,0.52,0.52,0.48,0
32.9,-0.00481753674101715,0.52,0.52,0.48,0
32.91,-0.00492727341548296,0.52,0.52,0.48,0
32.92,-0.00503623201635759,0.52,0.52,0.48,0
32.93,-0.00514439533781504,0.52,0.52,0.48,0
32.94,-0.00525174629961292,0.52,0.52,0.48,0
32.95,-0.00535826794978999,0.52,0.52,0.48,0
32.96,-0.0054639434673427,0.52,0.52,0.48,0
32.97,-0.00556875616488183,0.52,0.52,0.48,0
32.98,-0.00567268949126756,0.52,0.52,0.48,0
32.99,-0.00577572703422267,0.52,0.52,0.48,0
33,-0.00587785252292472,0.52,0.52,0.48,0
33.01,-0.00597904983057517,0.52,0.52,0.48,0
33.02,-0.00607930297694608,0.52,0.52,0.48,0
33.03,-0.00617859613090337,0.52,0.52,0.48,0
33.04,-0.00627691361290697,0.52,0.52,0.48,0
33.05,-0.00637423989748685,0.52,0.52,0.48,0
33.06,-0.00647055961569445,0.52,0.52,0.48,0
33.07,-0.00656585755752956,0.52,0.52,0.48,0
33.08,-0.00666011867434251,0.52,0.52,0.48,0
33.09,-0.00675332808121029,0.52,0.52,0.48,0
33.1,-0.00684547105928687,0.52,0.52,0.48,0
33.11,-0.00693653305812803,0.52,0.52,0.48,0
33.12,-0.00702649969798846,0.52,0.52,0.48,0
33.13,-0.00711535677209287,0.52,0.52,0.48,0
33.14,-0.00720309024887908,0.52,0.52,0.48,0
33.15,-0.00728968627421407,0.52,0.52,0.48,0
33.16,-0.00737513117358174,0.52,0.52,0.48,0
33.17,-0.00745941145424182,0.52,0.52,0.48,0
33.18,-0.00754251380736103,0.52,0.52,0.48,0
33.19,-0.00762442511011446,0.52,0.52,0.48,0
33.2,-0.00770513242775792,0.52,0.52,0.48,0
33.21,-0.00778462301567021,0.52,0.52,0.48,0
33.22,-0.00786288432136616,0.52,0.52,0.48,0
33.23,-0.00793990398647836,0.52,0.52,0.48,0
33.24,-0.00801566984870877,0.52,0.52,0.48,0
33.25,-0.00809016994374947,0.52,0.52,0.48,0
33.26,-0.00816339250717184,0.52,0.52,0.48,0
33.27,-0.00823532597628431,0.52,0.52,0.48,0
33.28,-0.00830595899195812,0.52,0.52,0.48,0
33.29,-0.0083752804004214,0.52,0.52,0.48,0
33.3,-0.00844327925502013,0.52,0.52,0.48,0
33.31,-0.00850994481794693,0.52,0.52,0.48,0
33.32,-0.00857526656193653,0.52,0.52,0.48,0
33.33,-0.00863923417192832,0.52,0.52,0.48,0
33.34,-0.00870183754669526,0.52,0.52,0.48,0
33.35,-0.00876306680043863,0.52,0.52,0.48,0
33.36,-0.00882291226434953,0.52,0.52,0.48,0
33.37,-0.00888136448813544,0.52,0.52,0.48,0
33.38,-0.00893841424151266,0.52,0.52,0.48,0
33.39,-0.00899405251566369,0.52,0.52,0.48,0
33.4,-0.00904827052466018,0.52,0.52,0.48,0
33.41,-0.00910105970684996,0.52,0.52,0.48,0
33.42,-0.00915241172620918,0.52,0.52,0.48,0
33.43,-0.00920231847365871,0.52,0.52,0.48,0
33.44,-0.00925077206834455,0.52,0.52,0.48,0
33.45,-0.00929776485888251,0.52,0.52,0.48,0
33.46,-0.00934328942456611,0.52,0.52,0.48,0
33.47,-0.00938733857653873,0.52,0.52,0.48,0
33.48,-0.00942990535892866,0.52,0.52,0.48,0
33.49,-0.00947098304994745,0.52,0.52,0.48,0
33.5,-0.00951056516295152,0.52,0.52,0.48,0
33.51,-0.00954864544746641,0.52,0.52,0.48,0
33.52,-0.00958521789017376,0.52,0.52,0.48,0
33.53,-0.00962027671586086,0.52,0.52,0.48,0
33.54,-0.00965381638833273,0.52,0.52,0.48,0
33.55,-0.00968583161128631,0.52,0.52,0.48,0
33.56,-0.00971631732914675,0.52,0.52,0.48,0
33.57,-0.00974526872786576,0.52,0.52,0.48,0
33.58,-0.00977268123568193,0.52,0.52,0.48,0
33.59,-0.00979855052384247,0.52,0.52,0.48,0
33.6,-0.00982287250728689,0.52,0.52,0.48,0
33.61,-0.00984564334529205,0.52,0.52,0.48,0
33.62,-0.00986685944207867,0.52,0.52,0.48,0
33.63,-0.00988651744737914,0.52,0.52,0.48,0
33.64,-0.00990461425696651,0.52,0.52,0.48,0
33.65,-0.00992114701314478,0.52,0.52,0.48,0
33.66,-0.00993611310520009,0.52,0.52,0.48,0
33.67,-0.009949510169813,0.52,0.52,0.48,0
33.68,-0.00996133609143172,0.52,0.52,0.48,0
33.69,-0.00997158900260614,0.52,0.52,0.48,0
33.7,-0.00998026728428272,0.52,0.52,0.48,0
33.71,-0.00998736956606018,0.52,0.52,0.48,0
33.72,-0.00999289472640589,0.52,0.52,0.48,0
33.73,-0.009996841892833,0.52,0.52,0.48,0
33.74,-0.00999921044203816,0.52,0.52,0.48,0
33.75,-0.01,0.52,0.52,0.48,0
33.76,-0.00999921044203816,0.52,0.52,0.48,0
33.77,-0.009996841892833,0.52,0.52,0.48,0
33.78,-0.00999289472640589,0.52,0.52,0.48,0
33.79,-0.00998736956606018,0.52,0.52,0.48,0
33.8,-0.00998026728428272,0.52,0.52,0.48,0
33.81,-0.00997158900260614,0.52,0.52,0.48,0
33.82,-0.00996133609143173,0.52,0.52,0.48,0
33.83,-0.009949510169813,0.52,0.52,0.48,0
33.84,-0.00993611310520008,0.52,0.52,0.48,0
33.85,-0.00992114701314478,0.52,0.52,0.48,0
33.86,-0.00990461425696652,0.52,0.52,0.48,0
33.87,-0.00988651744737915,0.52,0.52,0.48,0
33.88,-0.00986685944207868,0.52,0.52,0.48,0
33.89,-0.00984564334529205,0.52,0.52,0.48,0
33.9,-0.00982287250728689,0.52,0.52,0.48,0
33.91,-0.00979855052384246,0.52,0.52,0.48,0
33.92,-0.00977268123568194,0.52,0.52,0.48,0
33.93,-0.00974526872786578,0.52,0.52,0.48,0
33.94,-0.00971631732914675,0.52,0.52,0.48,0
33.95,-0.00968583161128631,0.52,0.52,0.48,0
33.96,-0.00965381638833273,0.52,0.52,0.48,0
33.97,-0.00962027671586088,0.52,0.52,0.48,0
33.98,-0.00958521789017376,0.52,0.52,0.48,0
33.99,-0.00954864544746643,0.52,0.52,0.48,0
34,-0.00951056516295154,0.52,0.52,0.48,0
34.01,-0.00947098304994745,0.52,0.52,0.48,0
34.02,-0.00942990535892863,0.52,0.52,0.48,0
34.03,-0.00938733857653873,0.52,0.52,0.48,0
34.04,-0.00934328942456614,0.52,0.52,0.48,0
34.05,-0.00929776485888253,0.52,0.52,0.48,0
34.06,-0.00925077206834458,0.52,0.52,0.48,0
34.07,-0.0092023184736587,0.52,0.52,0.48,0
34.08,-0.00915241172620918,0.52,0.52,0.48,0
34.09,-0.00910105970684993,0.52,0.52,0.48,0
34.1,-0.00904827052466021,0.52,0.52,0.48,0
34.11,-0.00899405251566372,0.52,0.52,0.48,0
34.12,-0.00893841424151266,0.52,0.52,0.48,0
34.13,-0.00888136448813544,0.52,0.52,0.48,0
34.14,-0.00882291226434953,0.52,0.52,0.48,0
34.15,-0.00876306680043867,0.52,0.52,0.48,0
34.16,-0.00870183754669526,0.52,0.52,0.48,0
34.17,-0.00863923417192836,0.52,0.52,0.48,0
34.18,-0.00857526656193653,0.52,0.52,0.48,0
34.19,-0.00850994481794693,0.52,0.52,0.48,0
34.2,-0.00844327925502013,0.52,0.52,0.48,0
34.21,-0.00837528040042144,0.52,0.52,0.48,0
34.22,-0.00830595899195815,0.52,0.52,0.48,0
34.23,-0.00823532597628427,0.52,0.52,0.48,0
34.24,-0.00816339250717183,0.52,0.52,0.48,0
34.25,-0.00809016994374947,0.52,0.52,0.48,0
34.26,-0.00801566984870877,0.52,0.52,0.48,0
34.27,-0.00793990398647832,0.52,0.52,0.48,0
34.28,-0.0078628843213662,0.52,0.52,0.48,0
34.29,-0.00778462301567025,0.52,0.52,0.48,0
34.3,-0.00770513242775787,0.52,0.52,0.48,0
34.31,-0.00762442511011446,0.52,0.52,0.48,0
34.32,-0.00754251380736103,0.52,0.52,0.48,0
34.33,-0.00745941145424186,0.52,0.52,0.48,0
34.34,-0.00737513117358174,0.52,0.52,0.48,0
34.35,-0.00728968627421412,0.52,0.52,0.48,0
34.36,-0.00720309024887908,0.52,0.52,0.48,0
34.37,-0.00711535677209287,0.52,0.52,0.48,0
34.38,-0.00702649969798846,0.52,0.52,0.48,0
34.39,-0.00693653305812808,0.52,0.52,0.48,0
34.4,-0.00684547105928692,0.52,0.52,0.48,0
34.41,-0.00675332808121023,0.52,0.52,0.48,0
34.42,-0.00666011867434251,0.52,0.52,0.48,0
34.43,-0.00656585755752956,0.52,0.52,0.48,0
34.44,-0.0064705596156945,0.52,0.52,0.48,0
34.45,-0.00637423989748691,0.52,0.52,0.48,0
34.46,-0.00627691361290702,0.52,0.52,0.48,0
34.47,-0.00617859613090337,0.52,0.52,0.48,0
34.48,-0.00607930297694603,0.52,0.52,0.48,0
34.49,-0.00597904983057517,0.52,0.52,0.48,0
34.5,-0.00587785252292472,0.52,0.52,0.48,0
34.51,-0.00577572703422272,0.52,0.52,0.48,0
34.52,-0.00567268949126756,0.52,0.52,0.48,0
34.53,-0.00556875616488188,0.52,0.52,0.48,0
34.54,-0.0054639434673427,0.52,0.52,0.48,0
34.55,-0.00535826794978992,0.52,0.52,0.48,0
34.56,-0.00525174629961292,0.52,0.52,0.48,0
34.57,-0.0051443953378151,0.52,0.52,0.48,0
34.58,-0.00503623201635765,0.52,0.52,0.48,0
34.59,-0.0049272734154829,0.52,0.52,0.48,0
34.6,-0.00481753674101714,0.52,0.52,0.48,0
34.61,-0.00470703932165332,0.52,0.52,0.48,0
34.62,-0.00459579860621495,0.52,0.52,0.48,0
34.63,-0.00448383216090033,0.52,0.52,0.48,0
34.64,-0.00437115766650935,0.52,0.52,0.48,0
34.65,-0.00425779291565075,0.52,0.52,0.48,0
34.66,-0.00414375580993281,0.52,0.52,0.48,0
34.67,-0.0040290643571366,0.52,0.52,0.48,0
34.68,-0.00391373666837207,0.52,0.52,0.48,0
34.69,-0.00379779095521807,0.52,0.52,0.48,0
34.7,-0.00368124552684678,0.52,0.52,0.48,0
34.71,-0.00356411878713251,0.52,0.52,0.48,0
34.72,-0.00344642923174518,0.52,0.52,0.48,0
34.73,-0.00332819544522982,0.52,0.52,0.48,0
34.74,-0.00320943609807212,0.52,0.52,0.48,0
34.75,-0.00309016994374951,0.52,0.52,0.48,0
34.76,-0.00297041581577039,0.52,0.52,0.48,0
34.77,-0.00285019262469974,0.52,0.52,0.48,0
34.78,-0.00272951935517324,0.52,0.52,0.48,0
34.79,-0.00260841506289896,0.52,0.52,0.48,0
34.8,-0.00248689887164848,0.52,0.52,0.48,0
34.81,-0.00236498997023726,0.52,0.52,0.48,0
34.82,-0.00224270760949383,0.52,0.52,0.48,0
34.83,-0.00212007109922057,0.52,0.52,0.48,0
34.84,-0.00199709980514403,0.52,0.52,0.48,0
34.85,-0.00187381314585722,0.52,0.52,0.48,0
34.86,-0.00175023058975281,0.52,0.52,0.48,0
34.87,-0.00162637165194889,0.52,0.52,0.48,0
34.88,-0.00150225589120757,0.52,0.52,0.48,0
34.89,-0.00137790290684638,0.52,0.52,0.48,0
34.9,-0.00125333233564305,0.52,0.52,0.48,0
34.91,-0.00112856384873476,0.52,0.52,0.48,0
34.92,-0.00100361714851217,0.52,0.52,0.48,0
34.93,-0.000878511965507465,0.52,0.52,0.48,0
34.94,-0.000753268055279368,0.52,0.52,0.48,0
34.95,-0.000627905195293112,0.52,0.52,0.48,0
34.96,-0.000502443181797681,0.52,0.52,0.48,0
34.97,-0.00037690182669941,0.52,0.52,0.48,0
34.98,-0.000251300954433376,0.52,0.52,0.48,0
34.99,-0.000125660398833535,0.52,0.52,0.48,0
35,-1.71450551880629e-17,0.52,0.52,0.48,0
35.01,0.000125660398833501,0.52,0.52,0.48,0
35.02,0.000251300954433413,0.52,0.52,0.48,0
35.03,0.000376901826699376,0.52,0.52,0.48,0
35.04,0.000502443181797647,0.52,0.52,0.48,0
35.05,0.000627905195293149,0.52,0.52,0.48,0
35.06,0.000753268055279334,0.52,0.52,0.48,0
35.07,0.000878511965507431,0.52,0.52,0.48,0
35.08,0.00100361714851214,0.52,0.52,0.48,0
35.09,0.00112856384873487,0.52,0.52,0.48,0
35.1,0.00125333233564302,0.52,0.52,0.48,0
35.11,0.00137790290684635,0.52,0.52,0.48,0
35.12,0.00150225589120753,0.52,0.52,0.48,0
35.13,0.00162637165194886,0.52,0.52,0.48,0
35.14,0.00175023058975278,0.52,0.52,0.48,0
35.15,0.00187381314585718,0.52,0.52,0.48,0
35.16,0.00199709980514407,0.52,0.52,0.48,0
35.17,0.00212007109922054,0.52,0.52,0.48,0
35.18,0.0022427076094938,0.52,0.52,0.48,0
35.19,0.00236498997023722,0.52,0.52,0.48,0
35.2,0.00248689887164859,0.52,0.52,0.48,0
35.21,0.00260841506289893,0.52,0.52,0.48,0
35.22,0.00272951935517321,0.52,0.52,0.48,0
35.23,0.00285019262469978,0.52,0.52,0.48,0
35.24,0.00297041581577036,0.52,0.52,0.48,0
35.25,0.00309016994374947,0.52,0.52,0.48,0
35.26,0.00320943609807209,0.52,0.52,0.48,0
35.27,0.00332819544522992,0.52,0.52,0.48,0
35.28,0.00344642923174515,0.52,0.52,0.48,0
35.29,0.00356411878713248,0.52,0.52,0.48,0
35.3,0.00368124552684681,0.52,0.52,0.48,0
35.31,0.00379779095521803,0.52,0.52,0.48,0
35.32,0.00391373666837204,0.52,0.52,0.48,0
35.33,0.00402906435713657,0.52,0.52,0.48,0
35.34,0.00414375580993284,0.52,0.52,0.48,0
35.35,0.00425779291565072,0.52,0.52,0.48,0
35.36,0.00437115766650932,0.52,0.52,0.48,0
35.37,0.0044838321609003,0.52,0.52,0.48,0
35.38,0.00459579860621491,0.52,0.52,0.48,0
35.39,0.00470703932165329,0.52,0.52,0.48,0
35.4,0.00481753674101711,0.52,0.52,0.48,0
35.41,0.00492727341548293,0.52,0.52,0.48,0
35.42,0.00503623201635762,0.52,0.52,0.48,0
35.43,0.00514439533781507,0.52,0.52,0.48,0
35.44,0.00525174629961289,0.52,0.52,0.48,0
35.45,0.00535826794978995,0.52,0.52,0.48,0
35.46,0.00546394346734267,0.52,0.52,0.48,0
35.47,0.00556875616488185,0.52,0.52,0.48,0
35.48,0.00567268949126759,0.52,0.52,0.48,0
35.49,0.0057757270342227,0.52,0.52,0.48,0
35.5,0.00587785252292469,0.52,0.52,0.48,0
35.51,0.00597904983057514,0.52,0.52,0.48,0
35.52,0.00607930297694606,0.52,0.52,0.48,0
35.53,0.00617859613090334,0.52,0.52,0.48,0
35.54,0.00627691361290699,0.52,0.52,0.48,0
35.55,0.00637423989748694,0.52,0.52,0.48,0
35.56,0.00647055961569448,0.52,0.52,0.48,0
35.57,0.00656585755752954,0.52,0.52,0.48,0
35.58,0.00666011867434248,0.52,0.52,0.48,0
35.59,0.00675332808121026,0.52,0.52,0.48,0
35.6,0.0068454710592869,0.52,0.52,0.48,0
35.61,0.00693653305812805,0.52,0.52,0.48,0
35.62,0.00702649969798844,0.52,0.52,0.48,0
35.63,0.00711535677209284,0.52,0.52,0.48,0
35.64,0.00720309024887906,0.52,0.52,0.48,0
35.65,0.0072896862742141,0.52,0.52,0.48,0
35.66,0.00737513117358176,0.52,0.52,0.48,0
35.67,0.00745941145424184,0.52,0.52,0.48,0
35.68,0.007542513807361,0.52,0.52,0.48,0
35.69,0.00762442511011444,0.52,0.52,0.48,0
35.7,0.0077051324277579,0.52,0.52,0.48,0
35.71,0.00778462301567023,0.52,0.52,0.48,0
35.72,0.00786288432136618,0.52,0.52,0.48,0
35.73,0.00793990398647838,0.52,0.52,0.48,0
35.74,0.00801566984870875,0.52,0.52,0.48,0
35.75,0.00809016994374945,0.52,0.52,0.48,0
35.76,0.00816339250717182,0.52,0.52,0.48,0
35.77,0.00823532597628429,0.52,0.52,0.48,0
35.78,0.00830595899195813,0.52,0.52,0.48,0
35.79,0.00837528040042142,0.52,0.52,0.48,0
35.8,0.00844327925502019,0.52,0.52,0.48,0
35.81,0.00850994481794691,0.52,0.52,0.48,0
35.82,0.00857526656193651,0.52,0.52,0.48,0
35.83,0.00863923417192834,0.52,0.52,0.48,0
35.84,0.00870183754669527,0.52,0.52,0.48,0
35.85,0.00876306680043865,0.52,0.52,0.48,0
35.86,0.00882291226434951,0.52,0.52,0.48,0
35.87,0.00888136448813542,0.52,0.52,0.48,0
35.88,0.00893841424151264,0.52,0.52,0.48,0
35.89,0.00899405251566371,0.52,0.52,0.48,0
35.9,0.00904827052466019,0.52,0.52,0.48,0
35.91,0.00910105970684998,0.52,0.52,0.48,0
35.92,0.00915241172620916,0.52,0.52,0.48,0
35.93,0.00920231847365869,0.52,0.52,0.48,0
35.94,0.00925077206834457,0.52,0.52,0.48,0
35.95,0.00929776485888252,0.52,0.52,0.48,0
35.96,0.00934328942456613,0.52,0.52,0.48,0
35.97,0.00938733857653872,0.52,0.52,0.48,0
35.98,0.00942990535892864,0.52,0.52,0.48,0
35.99,0.00947098304994744,0.52,0.52,0.48,0
36,0.00951056516295153,0.52,0.52,0.48,0
36.01,0.00954864544746642,0.52,0.52,0.48,0
36.02,0.00958521789017377,0.52,0.52,0.48,0
36.03,0.00962027671586087,0.52,0.52,0.48,0
36.04,0.00965381638833273,0.52,0.52,0.48,0
36.05,0.00968583161128632,0.52,0.52,0.48,0
36.06,0.00971631732914674,0.52,0.52,0.48,0
36.07,0.00974526872786577,0.52,0.52,0.48,0
36.08,0.00977268123568193,0.52,0.52,0.48,0
36.09,0.00979855052384248,0.52,0.52,0.48,0
36.1,0.00982287250728688,0.52,0.52,0.48,0
36.11,0.00984564334529205,0.52,0.52,0.48,0
36.12,0.00986685944207867,0.52,0.52,0.48,0
36.13,0.00988651744737914,0.52,0.52,0.48,0
36.14,0.00990461425696651,0.52,0.52,0.48,0
36.15,0.00992114701314477,0.52,0.52,0.48,0
36.16,0.00993611310520008,0.52,0.52,0.48,0
36.17,0.009949510169813,0.52,0.52,0.48,0
36.18,0.00996133609143172,0.52,0.52,0.48,0
36.19,0.00997158900260614,0.52,0.52,0.48,0
36.2,0.00998026728428272,0.52,0.52,0.48,0
36.21,0.00998736956606017,0.52,0.52,0.48,0
36.22,0.00999289472640589,0.52,0.52,0.48,0
36.23,0.009996841892833,0.52,0.52,0.48,0
36.24,0.00999921044203816,0.52,0.52,0.48,0
36.25,0.01,0.52,0.52,0.48,0
36.26,0.00999921044203816,0.52,0.52,0.48,0
36.27,0.009996841892833,0.52,0.52,0.48,0
36.28,0.00999289472640589,0.52,0.52,0.48,0
36.29,0.00998736956606018,0.52,0.52,0.48,0
36.3,0.00998026728428271,0.52,0.52,0.48,0
36.31,0.00997158900260614,0.52,0.52,0.48,0
36.32,0.00996133609143172,0.52,0.52,0.48,0
36.33,0.00994951016981301,0.52,0.52,0.48,0
36.34,0.00993611310520008,0.52,0.52,0.48,0
36.35,0.00992114701314478,0.52,0.52,0.48,0
36.36,0.00990461425696651,0.52,0.52,0.48,0
36.37,0.00988651744737914,0.52,0.52,0.48,0
36.38,0.00986685944207867,0.52,0.52,0.48,0
36.39,0.00984564334529206,0.52,0.52,0.48,0
36.4,0.00982287250728689,0.52,0.52,0.48,0
36.41,0.00979855052384247,0.52,0.52,0.48,0
36.42,0.00977268123568193,0.52,0.52,0.48,0
36.43,0.00974526872786577,0.52,0.52,0.48,0
36.44,0.00971631732914676,0.52,0.52,0.48,0
36.45,0.00968583161128632,0.52,0.52,0.48,0
36.46,0.00965381638833275,0.52,0.52,0.48,0
36.47,0.00962027671586087,0.52,0.52,0.48,0
36.48,0.00958521789017375,0.52,0.52,0.48,0
36.49,0.00954864544746642,0.52,0.52,0.48,0
36.5,0.00951056516295153,0.52,0.52,0.48,0
36.51,0.00947098304994746,0.52,0.52,0.48,0
36.52,0.00942990535892864,0.52,0.52,0.48,0
36.53,0.00938733857653874,0.52,0.52,0.48,0
36.54,0.00934328942456613,0.52,0.52,0.48,0
36.55,0.0092977648588825,0.52,0.52,0.48,0
36.56,0.00925077206834457,0.52,0.52,0.48,0
36.57,0.00920231847365872,0.52,0.52,0.48,0
36.58,0.00915241172620919,0.52,0.52,0.48,0
36.59,0.00910105970684995,0.52,0.52,0.48,0
36.6,0.00904827052466019,0.52,0.52,0.48,0
36.61,0.00899405251566371,0.52,0.52,0.48,0
36.62,0.00893841424151267,0.52,0.52,0.48,0
36.63,0.00888136448813545,0.52,0.52,0.48,0
36.64,0.00882291226434954,0.52,0.52,0.48,0
36.65,0.00876306680043865,0.52,0.52,0.48,0
36.66,0.00870183754669524,0.52,0.52,0.48,0
36.67,0.00863923417192834,0.52,0.52,0.48,0
36.68,0.00857526656193655,0.52,0.52,0.48,0
36.69,0.00850994481794695,0.52,0.52,0.48,0
36.7,0.00844327925502015,0.52,0.52,0.48,0
36.71,0.00837528040042142,0.52,0.52,0.48,0
36.72,0.00830595899195813,0.52,0.52,0.48,0
36.73,0.00823532597628425,0.52,0.52,0.48,0
36.74,0.00816339250717186,0.52,0.52,0.48,0
36.75,0.0080901699437495,0.52,0.52,0.48,0
36.76,0.00801566984870879,0.52,0.52,0.48,0
36.77,0.00793990398647834,0.52,0.52,0.48,0
36.78,0.00786288432136618,0.52,0.52,0.48,0
36.79,0.00778462301567023,0.52,0.52,0.48,0
36.8,0.00770513242775785,0.52,0.52,0.48,0
36.81,0.00762442511011449,0.52,0.52,0.48,0
36.82,0.00754251380736105,0.52,0.52,0.48,0
36.83,0.00745941145424184,0.52,0.52,0.48,0
36.84,0.00737513117358172,0.52,0.52,0.48,0
36.85,0.0072896862742141,0.52,0.52,0.48,0
36.86,0.0072030902488791,0.52,0.52,0.48,0
36.87,0.00711535677209289,0.52,0.52,0.48,0
36.88,0.00702649969798849,0.52,0.52,0.48,0
36.89,0.00693653305812805,0.52,0.52,0.48,0
36.9,0.0068454710592869,0.52,0.52,0.48,0
36.91,0.00675332808121021,0.52,0.52,0.48,0
36.92,0.00666011867434254,0.52,0.52,0.48,0
36.93,0.00656585755752959,0.52,0.52,0.48,0
36.94,0.00647055961569448,0.52,0.52,0.48,0
36.95,0.00637423989748688,0.52,0.52,0.48,0
36.96,0.00627691361290699,0.52,0.52,0.48,0
36.97,0.0061785961309034,0.52,0.52,0.48,0
36.98,0.00607930297694606,0.52,0.52,0.48,0
36.99,0.0059790498305752,0.52,0.52,0.48,0
37,0.00587785252292475,0.52,0.52,0.48,0
37.01,0.0057757270342227,0.52,0.52,0.48,0
37.02,0.00567268949126753,0.52,0.52,0.48,0
37.03,0.00556875616488185,0.52,0.52,0.48,0
37.04,0.00546394346734273,0.52,0.52,0.48,0
37.05,0.00535826794978995,0.52,0.52,0.48,0
37.06,0.00525174629961295,0.52,0.52,0.48,0
37.07,0.00514439533781507,0.52,0.52,0.48,0
37.08,0.00503623201635762,0.52,0.52,0.48,0
37.09,0.00492727341548287,0.52,0.52,0.48,0
37.1,0.00481753674101717,0.52,0.52,0.48,0
37.11,0.00470703932165335,0.52,0.52,0.48,0
37.12,0.00459579860621491,0.52,0.52,0.48,0
37.13,0.0044838321609003,0.52,0.52,0.48,0
37.14,0.00437115766650932,0.52,0.52,0.48,0
37.15,0.00425779291565079,0.52,0.52,0.48,0
37.16,0.00414375580993284,0.52,0.52,0.48,0
37.17,0.00402906435713664,0.52,0.52,0.48,0
37.18,0.00391373666837204,0.52,0.52,0.48,0
37.19,0.00379779095521803,0.52,0.52,0.48,0
37.2,0.00368124552684674,0.52,0.52,0.48,0
37.21,0.00356411878713254,0.52,0.52,0.48,0
37.22,0.00344642923174522,0.52,0.52,0.48,0
37.23,0.00332819544522985,0.52,0.52,0.48,0
37.24,0.00320943609807209,0.52,0.52,0.48,0
37.25,0.00309016994374947,0.52,0.52,0.48,0
37.26,0.00297041581577036,0.52,0.52,0.48,0
37.27,0.00285019262469971,0.52,0.52,0.48,0
37.28,0.00272951935517328,0.52,0.52,0.48,0
37.29,0.002608415062899,0.52,0.52,0.48,0
37.3,0.00248689887164852,0.52,0.52,0.48,0
37.31,0.00236498997023722,0.52,0.52,0.48,0
37.32,0.0022427076094938,0.52,0.52,0.48,0
37.33,0.00212007109922061,0.52,0.52,0.48,0
37.34,0.00199709980514407,0.52,0.52,0.48,0
37.35,0.00187381314585725,0.52,0.52,0.48,0
37.36,0.00175023058975278,0.52,0.52,0.48,0
37.37,0.00162637165194886,0.52,0.52,0.48,0
37.38,0.00150225589120753,0.52,0.52,0.48,0
37.39,0.00137790290684642,0.52,0.52,0.48,0
37.4,0.00125333233564309,0.52,0.52,0.48,0
37.41,0.0011285638487348,0.52,0.52,0.48,0
37.42,0.00100361714851214,0.52,0.52,0.48,0
37.43,0.000878511965507431,0.52,0.52,0.48,0
37.44,0.000753268055279405,0.52,0.52,0.48,0
37.45,0.000627905195293149,0.52,0.52,0.48,0
37.46,0.000502443181797718,0.52,0.52,0.48,0
37.47,0.000376901826699376,0.52,0.52,0.48,0
37.48,0.000251300954433342,0.52,0.52,0.48,0
37.49,0.000125660398833501,0.52,0.52,0.48,0
37.5,5.38968387752153e-17,0.52,0.52,0.48,0
37.51,-0.000125660398833464,0.52,0.52,0.48,0
37.52,-0.000251300954433376,0.52,0.52,0.48,0
37.53,-0.000376901826699339,0.52,0.52,0.48,0
37.54,-0.000502443181797681,0.52,0.52,0.48,0
37.55,-0.000627905195293183,0.52,0.52,0.48,0
37.56,-0.000753268055279368,0.52,0.52,0.48,0
37.57,-0.000878511965507394,0.52,0.52,0.48,0
37.58,-0.0010036171485121,0.52,0.52,0.48,0
37.59,-0.00112856384873483,0.52,0.52,0.48,0
37.6,-0.00125333233564305,0.52,0.52,0.48,0
37.61,-0.00137790290684638,0.52,0.52,0.48,0
37.62,-0.00150225589120749,0.52,0.52,0.48,0
37.63,-0.00162637165194882,0.52,0.52,0.48,0
37.64,-0.00175023058975274,0.52,0.52,0.48,0
37.65,-0.00187381314585722,0.52,0.52,0.48,0
37.66,-0.0019970998051441,0.52,0.52,0.48,0
37.67,-0.00212007109922057,0.52,0.52,0.48,0
37.68,-0.00224270760949376,0.52,0.52,0.48,0
37.69,-0.00236498997023719,0.52,0.52,0.48,0
37.7,-0.00248689887164855,0.52,0.52,0.48,0
37.71,-0.00260841506289896,0.52,0.52,0.48,0
37.72,-0.00272951935517324,0.52,0.52,0.48,0
37.73,-0.00285019262469981,0.52,0.52,0.48,0
37.74,-0.00297041581577032,0.52,0.52,0.48,0
37.75,-0.00309016994374944,0.52,0.52,0.48,0
37.76,-0.00320943609807205,0.52,0.52,0.48,0
37.77,-0.00332819544522988,0.52,0.52,0.48,0
37.78,-0.00344642923174518,0.52,0.52,0.48,0
37.79,-0.00356411878713251,0.52,0.52,0.48,0
37.8,-0.00368124552684684,0.52,0.52,0.48,0
37.81,-0.003797790955218,0.52,0.52,0.48,0
37.82,-0.00391373666837201,0.52,0.52,0.48,0
37.83,-0.0040290643571366,0.52,0.52,0.48,0
37.84,-0.00414375580993287,0.52,0.52,0.48,0
37.85,-0.00425779291565075,0.52,0.52,0.48,0
37.86,-0.00437115766650928,0.52,0.52,0.48,0
37.87,-0.00448383216090027,0.52,0.52,0.48,0
37.88,-0.00459579860621488,0.52,0.52,0.48,0
37.89,-0.00470703932165332,0.52,0.52,0.48,0
37.9,-0.00481753674101714,0.52,0.52,0.48,0
37.91,-0.00492727341548296,0.52,0.52,0.48,0
37.92,-0.00503623201635758,0.52,0.52,0.48,0
37.93,-0.00514439533781503,0.52,0.52,0.48,0
37.94,-0.00525174629961292,0.52,0.52,0.48,0
37.95,-0.00535826794978998,0.52,0.52,0.48,0
37.96,-0.0054639434673427,0.52,0.52,0.48,0
37.97,-0.00556875616488183,0.52,0.52,0.48,0
37.98,-0.00567268949126756,0.52,0.52,0.48,0
37.99,-0.00577572703422267,0.52,0.52,0.48,0
38,-0.00587785252292472,0.52,0.52,0.48,0
38.01,-0.00597904983057517,0.52,0.52,0.48,0
38.02,-0.00607930297694608,0.52,0.52,0.48,0
38.03,-0.00617859613090337,0.52,0.52,0.48,0
38.04,-0.00627691361290697,0.52,0.52,0.48,0
38.05,-0.00637423989748691,0.52,0.52,0.48,0
38.06,-0.00647055961569445,0.52,0.52,0.48,0
38.07,-0.00656585755752956,0.52,0.52,0.48,0
38.08,-0.00666011867434251,0.52,0.52,0.48,0
38.09,-0.00675332808121028,0.52,0.52,0.48,0
38.1,-0.00684547105928687,0.52,0.52,0.48,0
38.11,-0.00693653305812802,0.52,0.52,0.48,0
38.12,-0.00702649969798846,0.52,0.52,0.48,0
38.13,-0.00711535677209287,0.52,0.52,0.48,0
38.14,-0.00720309024887908,0.52,0.52,0.48,0
38.15,-0.00728968627421407,0.52,0.52,0.48,0
38.16,-0.00737513117358174,0.52,0.52,0.48,0
38.17,-0.00745941145424182,0.52,0.52,0.48,0
38.18,-0.00754251380736103,0.52,0.52,0.48,0
38.19,-0.00762442511011446,0.52,0.52,0.48,0
38.2,-0.00770513242775792,0.52,0.52,0.48,0
38.21,-0.00778462301567021,0.52,0.52,0.48,0
38.22,-0.00786288432136616,0.52,0.52,0.48,0
38.23,-0.00793990398647836,0.52,0.52,0.48,0
38.24,-0.00801566984870877,0.52,0.52,0.48,0
38.25,-0.00809016994374947,0.52,0.52,0.48,0
38.26,-0.00816339250717183,0.52,0.52,0.48,0
38.27,-0.00823532597628431,0.52,0.52,0.48,0
38.28,-0.00830595899195811,0.52,0.52,0.48,0
38.29,-0.0083752804004214,0.52,0.52,0.48,0
38.3,-0.00844327925502017,0.52,0.52,0.48,0
38.31,-0.00850994481794693,0.52,0.52,0.48,0
38.32,-0.00857526656193653,0.52,0.52,0.48,0
38.33,-0.00863923417192832,0.52,0.52,0.48,0
38.34,-0.00870183754669526,0.52,0.52,0.48,0
38.35,-0.00876306680043863,0.52,0.52,0.48,0
38.36,-0.00882291226434953,0.52,0.52,0.48,0
38.37,-0.00888136448813544,0.52,0.52,0.48,0
38.38,-0.00893841424151266,0.52,0.52,0.48,0
38.39,-0.00899405251566369,0.52,0.52,0.48,0
38.4,-0.00904827052466018,0.52,0.52,0.48,0
38.41,-0.00910105970684996,0.52,0.52,0.48,0
38.42,-0.00915241172620918,0.52,0.52,0.48,0
38.43,-0.0092023184736587,0.52,0.52,0.48,0
38.44,-0.00925077206834455,0.52,0.52,0.48,0
38.45,-0.00929776485888251,0.52,0.52,0.48,0
38.46,-0.00934328942456611,0.52,0.52,0.48,0
38.47,-0.00938733857653873,0.52,0.52,0.48,0
38.48,-0.00942990535892865,0.52,0.52,0.48,0
38.49,-0.00947098304994745,0.52,0.52,0.48,0
38.5,-0.00951056516295154,0.52,0.52,0.48,0
38.51,-0.00954864544746641,0.52,0.52,0.48,0
38.52,-0.00958521789017376,0.52,0.52,0.48,0
38.53,-0.00962027671586086,0.52,0.52,0.48,0
38.54,-0.00965381638833273,0.52,0.52,0.48,0
38.55,-0.00968583161128632,0.52,0.52,0.48,0
38.56,-0.00971631732914675,0.52,0.52,0.48,0
38.57,-0.00974526872786576,0.52,0.52,0.48,0
38.58,-0.00977268123568193,0.52,0.52,0.48,0
38.59,-0.00979855052384247,0.52,0.52,0.48,0
38.6,-0.00982287250728689,0.52,0.52,0.48,0
38.61,-0.00984564334529205,0.52,0.52,0.48,0
38.62,-0.00986685944207867,0.52,0.52,0.48,0
38.63,-0.00988651744737914,0.52,0.52,0.48,0
38.64,-0.00990461425696651,0.52,0.52,0.48,0
38.65,-0.00992114701314478,0.52,0.52,0.48,0
38.66,-0.00993611310520009,0.52,0.52,0.48,0
38.67,-0.009949510169813,0.52,0.52,0.48,0
38.68,-0.00996133609143172,0.52,0.52,0.48,0
38.69,-0.00997158900260614,0.52,0.52,0.48,0
38.7,-0.00998026728428272,0.52,0.52,0.48,0
38.71,-0.00998736956606018,0.52,0.52,0.48,0
38.72,-0.00999289472640589,0.52,0.52,0.48,0
38.73,-0.009996841892833,0.52,0.52,0.48,0
38.74,-0.00999921044203816,0.52,0.52,0.48,0
38.75,-0.01,0.52,0.52,0.48,0
38.76,-0.00999921044203816,0.52,0.52,0.48,0
38.77,-0.009996841892833,0.52,0.52,0.48,0
38.78,-0.00999289472640589,0.52,0.52,0.48,0
38.79,-0.00998736956606018,0.52,0.52,0.48,0
38.8,-0.00998026728428271,0.52,0.52,0.48,0
38.81,-0.00997158900260614,0.52,0.52,0.48,0
38.82,-0.00996133609143173,0.52,0.52,0.48,0
38.83,-0.009949510169813,0.52,0.52,0.48,0
38.84,-0.00993611310520008,0.52,0.52,0.48,0
38.85,-0.00992114701314478,0.52,0.52,0.48,0
38.86,-0.00990461425696652,0.52,0.52,0.48,0
38.87,-0.00988651744737915,0.52,0.52,0.48,0
38.88,-0.00986685944207868,0.52,0.52,0.48,0
38.89,-0.00984564334529205,0.52,0.52,0.48,0
38.9,-0.00982287250728689,0.52,0.52,0.48,0
38.91,-0.00979855052384246,0.52,0.52,0.48,0
38.92,-0.00977268123568194,0.52,0.52,0.48,0
38.93,-0.00974526872786578,0.52,0.52,0.48,0
38.94,-0.00971631732914675,0.52,0.52,0.48,0
38.95,-0.00968583161128631,0.52,0.52,0.48,0
38.96,-0.00965381638833273,0.52,0.52,0.48,0
38.97,-0.00962027671586088,0.52,0.52,0.48,0
38.98,-0.00958521789017376,0.52,0.52,0.48,0
38.99,-0.00954864544746643,0.52,0.52,0.48,0
39,-0.00951056516295154,0.52,0.52,0.48,0
39.01,-0.00947098304994745,0.52,0.52,0.48,0
39.02,-0.00942990535892863,0.52,0.52,0.48,0
39.03,-0.00938733857653873,0.52,0.52,0.48,0
39.04,-0.00934328942456614,0.52,0.52,0.48,0
39.05,-0.00929776485888251,0.52,0.52,0.48,0
39.06,-0.00925077206834458,0.52,0.52,0.48,0
39.07,-0.00920231847365871,0.52,0.52,0.48,0
39.08,-0.00915241172620918,0.52,0.52,0.48,0
39.09,-0.00910105970684994,0.52,0.52,0.48,0
39.1,-0.00904827052466021,0.52,0.52,0.48,0
39.11,-0.00899405251566373,0.52,0.52,0.48,0
39.12,-0.00893841424151266,0.52,0.52,0.48,0
39.13,-0.00888136448813544,0.52,0.52,0.48,0
39.14,-0.00882291226434953,0.52,0.52,0.48,0
39.15,-0.00876306680043867,0.52,0.52,0.48,0
39.16,-0.00870183754669526,0.52,0.52,0.48,0
39.17,-0.00863923417192836,0.52,0.52,0.48,0
39.18,-0.00857526656193653,0.52,0.52,0.48,0
39.19,-0.00850994481794693,0.52,0.52,0.48,0
39.2,-0.00844327925502013,0.52,0.52,0.48,0
39.21,-0.00837528040042144,0.52,0.52,0.48,0
39.22,-0.00830595899195815,0.52,0.52,0.48,0
39.23,-0.00823532597628427,0.52,0.52,0.48,0
39.24,-0.00816339250717184,0.52,0.52,0.48,0
39.25,-0.00809016994374947,0.52,0.52,0.48,0
39.26,-0.00801566984870877,0.52,0.52,0.48,0
39.27,-0.00793990398647832,0.52,0.52,0.48,0
39.28,-0.00786288432136621,0.52,0.52,0.48,0
39.29,-0.00778462301567026,0.52,0.52,0.48,0
39.3,-0.00770513242775787,0.52,0.52,0.48,0
39.31,-0.00762442511011446,0.52,0.52,0.48,0
39.32,-0.00754251380736103,0.52,0.52,0.48,0
39.33,-0.00745941145424186,0.52,0.52,0.48,0
39.34,-0.00737513117358174,0.52,0.52,0.48,0
39.35,-0.00728968627421412,0.52,0.52,0.48,0
39.36,-0.00720309024887908,0.52,0.52,0.48,0
39.37,-0.00711535677209287,0.52,0.52,0.48,0
39.38,-0.00702649969798846,0.52,0.52,0.48,0
39.39,-0.00693653305812808,0.52,0.52,0.48,0
39.4,-0.00684547105928692,0.52,0.52,0.48,0
39.41,-0.00675332808121023,0.52,0.52,0.48,0
39.42,-0.00666011867434251,0.52,0.52,0.48,0
39.43,-0.00656585755752956,0.52,0.52,0.48,0
39.44,-0.0064705596156945,0.52,0.52,0.48,0
39.45,-0.00637423989748691,0.52,0.52,0.48,0
39.46,-0.00627691361290702,0.52,0.52,0.48,0
39.47,-0.00617859613090337,0.52,0.52,0.48,0
39.48,-0.00607930297694603,0.52,0.52,0.48,0
39.49,-0.00597904983057517,0.52,0.52,0.48,0
39.5,-0.00587785252292478,0.52,0.52,0.48,0
39.51,-0.00577572703422273,0.52,0.52,0.48,0
39.52,-0.00567268949126756,0.52,0.52,0.48,0
39.53,-0.00556875616488189,0.52,0.52,0.48,0
39.54,-0.0054639434673427,0.52,0.52,0.48,0
39.55,-0.00535826794978993,0.52,0.52,0.48,0
39.56,-0.00525174629961292,0.52,0.52,0.48,0
39.57,-0.0051443953378151,0.52,0.52,0.48,0
39.58,-0.00503623201635765,0.52,0.52,0.48,0
39.59,-0.0049272734154829,0.52,0.52,0.48,0
39.6,-0.00481753674101715,0.52,0.52,0.48,0
39.61,-0.00470703932165332,0.52,0.52,0.48,0
39.62,-0.00459579860621495,0.52,0.52,0.48,0
39.63,-0.00448383216090034,0.52,0.52,0.48,0
39.64,-0.00437115766650935,0.52,0.52,0.48,0
39.65,-0.00425779291565075,0.52,0.52,0.48,0
39.66,-0.00414375580993281,0.52,0.52,0.48,0
39.67,-0.0040290643571366,0.52,0.52,0.48,0
39.68,-0.00391373666837207,0.52,0.52,0.48,0
39.69,-0.00379779095521807,0.52,0.52,0.48,0
39.7,-0.00368124552684678,0.52,0.52,0.48,0
39.71,-0.00356411878713251,0.52,0.52,0.48,0
39.72,-0.00344642923174518,0.52,0.52,0.48,0
39.73,-0.00332819544522982,0.52,0.52,0.48,0
39.74,-0.00320943609807212,0.52,0.52,0.48,0
39.75,-0.00309016994374951,0.52,0.52,0.48,0
39.76,-0.00297041581577039,0.52,0.52,0.48,0
39.77,-0.00285019262469974,0.52,0.52,0.48,0
39.78,-0.00272951935517324,0.52,0.52,0.48,0
39.79,-0.00260841506289897,0.52,0.52,0.48,0
39.8,-0.00248689887164848,0.52,0.52,0.48,0
39.81,-0.00236498997023726,0.52,0.52,0.48,0
39.82,-0.00224270760949383,0.52,0.52,0.48,0
39.83,-0.00212007109922057,0.52,0.52,0.48,0
39.84,-0.00199709980514404,0.52,0.52,0.48,0
39.85,-0.00187381314585722,0.52,0.52,0.48,0
39.86,-0.00175023058975281,0.52,0.52,0.48,0
39.87,-0.0016263716519489,0.52,0.52,0.48,0
39.88,-0.00150225589120757,0.52,0.52,0.48,0
39.89,-0.00137790290684639,0.52,0.52,0.48,0
39.9,-0.00125333233564305,0.52,0.52,0.48,0
39.91,-0.00112856384873477,0.52,0.52,0.48,0
39.92,-0.00100361714851218,0.52,0.52,0.48,0
39.93,-0.000878511965507467,0.52,0.52,0.48,0
39.94,-0.000753268055279371,0.52,0.52,0.48,0
39.95,-0.000627905195293114,0.52,0.52,0.48,0
39.96,-0.000502443181797684,0.52,0.52,0.48,0
39.97,-0.000376901826699413,0.52,0.52,0.48,0
39.98,-0.000251300954433379,0.52,0.52,0.48,0
39.99,-0.000125660398833538,0.52,0.52,0.48,0
40,0.15,0.3,0.5,0.3,1
40.01,0.15,0.3,0.5,0.3,1
40.02,0.15,0.3,0.5,0.3,1
40.03,0.15,0.3,0.5,0.3,1
40.04,0.15,0.3,0.5,0.3,1
40.05,0.15,0.3,0.5,0.3,1
40.06,0.15,0.3,0.5,0.3,1
40.07,0.15,0.3,0.5,0.3,1
40.08,0.15,0.3,0.5,0.3,1
40.09,0.15,0.3,0.5,0.3,1
40.1,0.15,0.3,0.5,0.3,1
40.11,0.15,0.3,0.5,0.3,1
40.12,0.15,0.3,0.5,0.3,1
40.13,0.15,0.3,0.5,0.3,1
40.14,0.15,0.3,0.5,0.3,1
40.15,0.15,0.3,0.5,0.3,1
40.16,0.15,0.3,0.5,0.3,1
40.17,0.15,0.3,0.5,0.3,1
40.18,0.15,0.3,0.5,0.3,1
40.19,0.15,0.3,0.5,0.3,1
40.2,0.15,0.3,0.5,0.3,1
40.21,0.15,0.3,0.5,0.3,1
40.22,0.15,0.3,0.5,0.3,1
40.23,0.15,0.3,0.5,0.3,1
40.24,0.15,0.3,0.5,0.3,1
40.25,0.15,0.3,0.5,0.3,1
40.26,0.15,0.3,0.5,0.3,1
40.27,0.15,0.3,0.5,0.3,1
40.28,0.15,0.3,0.5,0.3,1
40.29,0.15,0.3,0.5,0.3,1
40.3,0.15,0.3,0.5,0.3,1
40.31,0.15,0.3,0.5,0.3,1
40.32,0.15,0.3,0.5,0.3,1
40.33,0.15,0.3,0.5,0.3,1
40.34,0.15,0.3,0.5,0.3,1
40.35,0.15,0.3,0.5,0.3,1
40.36,0.15,0.3,0.5,0.3,1
40.37,0.15,0.3,0.5,0.3,1
40.38,0.15,0.3,0.5,0.3,1
40.39,0.15,0.3,0.5,0.3,1
40.4,0.15,0.3,0.5,0.3,1
40.41,0.15,0.3,0.5,0.3,1
40.42,0.15,0.3,0.5,0.3,1
40.43,0.15,0.3,0.5,0.3,1
40.44,0.15,0.3,0.5,0.3,1
40.45,0.15,0.3,0.5,0.3,1
40.46,0.15,0.3,0.5,0.3,1
40.47,0.15,0.3,0.5,0.3,1
40.48,0.15,0.3,0.5,0.3,1
40.49,0.15,0.3,0.5,0.3,1
40.5,0.15,0.3,0.5,0.3,1
40.51,0.15,0.3,0.5,0.3,1
40.52,0.15,0.3,0.5,0.3,1
40.53,0.15,0.3,0.5,0.3,1
40.54,0.15,0.3,0.5,0.3,1
40.55,0.15,0.3,0.5,0.3,1
40.56,0.15,0.3,0.5,0.3,1
40.57,0.15,0.3,0.5,0.3,1
40.58,0.15,0.3,0.5,0.3,1
40.59,0.15,0.3,0.5,0.3,1
40.6,0.15,0.3,0.5,0.3,1
40.61,0.15,0.3,0.5,0.3,1
40.62,0.15,0.3,0.5,0.3,1
40.63,0.15,0.3,0.5,0.3,1
40.64,0.15,0.3,0.5,0.3,1
40.65,0.15,0.3,0.5,0.3,1
40.66,0.15,0.3,0.5,0.3,1
40.67,0.15,0.3,0.5,0.3,1
40.68,0.15,0.3,0.5,0.3,1
40.69,0.15,0.3,0.5,0.3,1
40.7,0.15,0.3,0.5,0.3,1
40.71,0.15,0.3,0.5,0.3,1
40.72,0.15,0.3,0.5,0.3,1
40.73,0.15,0.3,0.5,0.3,1
40.74,0.15,0.3,0.5,0.3,1
40.75,0.15,0.3,0.5,0.3,1
40.76,0.15,0.3,0.5,0.3,1
40.77,0.15,0.3,0.5,0.3,1
40.78,0.15,0.3,0.5,0.3,1
40.79,0.15,0.3,0.5,0.3,1
40.8,0.15,0.3,0.5,0.3,1
40.81,0.15,0.3,0.5,0.3,1
40.82,0.15,0.3,0.5,0.3,1
40.83,0.15,0.3,0.5,0.3,1
40.84,0.15,0.3,0.5,0.3,1
40.85,0.15,0.3,0.5,0.3,1
40.86,0.15,0.3,0.5,0.3,1
40.87,0.15,0.3,0.5,0.3,1
40.88,0.15,0.3,0.5,0.3,1
40.89,0.15,0.3,0.5,0.3,1
40.9,0.15,0.3,0.5,0.3,1
40.91,0.15,0.3,0.5,0.3,1
40.92,0.15,0.3,0.5,0.3,1
40.93,0.15,0.3,0.5,0.3,1
40.94,0.15,0.3,0.5,0.3,1
40.95,0.15,0.3,0.5,0.3,1
40.96,0.15,0.3,0.5,0.3,1
40.97,0.15,0.3,0.5,0.3,1
40.98,0.15,0.3,0.5,0.3,1
40.99,0.15,0.3,0.5,0.3,1
41,0.15,0.3,0.5,0.3,1
41.01,0.15,0.3,0.5,0.3,1
41.02,0.15,0.3,0.5,0.3,1
41.03,0.15,0.3,0.5,0.3,1
41.04,0.15,0.3,0.5,0.3,1
41.05,0.15,0.3,0.5,0.3,1
41.06,0.15,0.3,0.5,0.3,1
41.07,0.15,0.3,0.5,0.3,1
41.08,0.15,0.3,0.5,0.3,1
41.09,0.15,0.3,0.5,0.3,1
41.1,0.15,0.3,0.5,0.3,1
41.11,0.15,0.3,0.5,0.3,1
41.12,0.15,0.3,0.5,0.3,1
41.13,0.15,0.3,0.5,0.3,1
41.14,0.15,0.3,0.5,0.3,1
41.15,0.15,0.3,0.5,0.3,1
41.16,0.15,0.3,0.5,0.3,1
41.17,0.15,0.3,0.5,0.3,1
41.18,0.15,0.3,0.5,0.3,1
41.19,0.15,0.3,0.5,0.3,1
41.2,0.15,0.3,0.5,0.3,1
41.21,0.15,0.3,0.5,0.3,1
41.22,0.15,0.3,0.5,0.3,1
41.23,0.15,0.3,0.5,0.3,1
41.24,0.15,0.3,0.5,0.3,1
41.25,0.15,0.3,0.5,0.3,1
41.26,0.15,0.3,0.5,0.3,1
41.27,0.15,0.3,0.5,0.3,1
41.28,0.15,0.3,0.5,0.3,1
41.29,0.15,0.3,0.5,0.3,1
41.3,0.15,0.3,0.5,0.3,1
41.31,0.15,0.3,0.5,0.3,1
41.32,0.15,0.3,0.5,0.3,1
41.33,0.15,0.3,0.5,0.3,1
41.34,0.15,0.3,0.5,0.3,1
41.35,0.15,0.3,0.5,0.3,1
41.36,0.15,0.3,0.5,0.3,1
41.37,0.15,0.3,0.5,0.3,1
41.38,0.15,0.3,0.5,0.3,1
41.39,0.15,0.3,0.5,0.3,1
41.4,0.15,0.3,0.5,0.3,1
41.41,0.15,0.3,0.5,0.3,1
41.42,0.15,0.3,0.5,0.3,1
41.43,0.15,0.3,0.5,0.3,1
41.44,0.15,0.3,0.5,0.3,1
41.45,0.15,0.3,0.5,0.3,1
41.46,0.15,0.3,0.5,0.3,1
41.47,0.15,0.3,0.5,0.3,1
41.48,0.15,0.3,0.5,0.3,1
41.49,0.15,0.3,0.5,0.3,1
41.5,0.15,0.3,0.5,0.3,1
41.51,0.15,0.3,0.5,0.3,1
41.52,0.15,0.3,0.5,0.3,1
41.53,0.15,0.3,0.5,0.3,1
41.54,0.15,0.3,0.5,0.3,1
41.55,0.15,0.3,0.5,0.3,1
41.56,0.15,0.3,0.5,0.3,1
41.57,0.15,0.3,0.5,0.3,1
41.58,0.15,0.3,0.5,0.3,1
41.59,0.15,0.3,0.5,0.3,1
41.6,0.15,0.3,0.5,0.3,1
41.61,0.15,0.3,0.5,0.3,1
41.62,0.15,0.3,0.5,0.3,1
41.63,0.15,0.3,0.5,0.3,1
41.64,0.15,0.3,0.5,0.3,1
41.65,0.15,0.3,0.5,0.3,1
41.66,0.15,0.3,0.5,0.3,1
41.67,0.15,0.3,0.5,0.3,1
41.68,0.15,0.3,0.5,0.3,1
41.69,0.15,0.3,0.5,0.3,1
41.7,0.15,0.3,0.5,0.3,1
41.71,0.15,0.3,0.5,0.3,1
41.72,0.15,0.3,0.5,0.3,1
41.73,0.15,0.3,0.5,0.3,1
41.74,0.15,0.3,0.5,0.3,1
41.75,0.15,0.3,0.5,0.3,1
41.76,0.15,0.3,0.5,0.3,1
41.77,0.15,0.3,0.5,0.3,1
41.78,0.15,0.3,0.5,0.3,1
41.79,0.15,0.3,0.5,0.3,1
41.8,0.15,0.3,0.5,0.3,1
41.81,0.15,0.3,0.5,0.3,1
41.82,0.15,0.3,0.5,0.3,1
41.83,0.15,0.3,0.5,0.3,1
41.84,0.15,0.3,0.5,0.3,1
41.85,0.15,0.3,0.5,0.3,1
41.86,0.15,0.3,0.5,0.3,1
41.87,0.15,0.3,0.5,0.3,1
41.88,0.15,0.3,0.5,0.3,1
41.89,0.15,0.3,0.5,0.3,1
41.9,0.15,0.3,0.5,0.3,1
41.91,0.15,0.3,0.5,0.3,1
41.92,0.15,0.3,0.5,0.3,1
41.93,0.15,0.3,0.5,0.3,1
41.94,0.15,0.3,0.5,0.3,1
41.95,0.15,0.3,0.5,0.3,1
41.96,0.15,0.3,0.5,0.3,1
41.97,0.15,0.3,0.5,0.3,1
41.98,0.15,0.3,0.5,0.3,1
41.99,0.15,0.3,0.5,0.3,1
42,0.15,0.3,0.5,0.3,1
42.01,0.15,0.3,0.5,0.3,1
42.02,0.15,0.3,0.5,0.3,1
42.03,0.15,0.3,0.5,0.3,1
42.04,0.15,0.3,0.5,0.3,1
42.05,0.15,0.3,0.5,0.3,1
42.06,0.15,0.3,0.5,0.3,1
42.07,0.15,0.3,0.5,0.3,1
42.08,0.15,0.3,0.5,0.3,1
42.09,0.15,0.3,0.5,0.3,1
42.1,0.15,0.3,0.5,0.3,1
42.11,0.15,0.3,0.5,0.3,1
42.12,0.15,0.3,0.5,0.3,1
42.13,0.15,0.3,0.5,0.3,1
42.14,0.15,0.3,0.5,0.3,1
42.15,0.15,0.3,0.5,0.3,1
42.16,0.15,0.3,0.5,0.3,1
42.17,0.15,0.3,0.5,0.3,1
42.18,0.15,0.3,0.5,0.3,1
42.19,0.15,0.3,0.5,0.3,1
42.2,0.15,0.3,0.5,0.3,1
42.21,0.15,0.3,0.5,0.3,1
42.22,0.15,0.3,0.5,0.3,1
42.23,0.15,0.3,0.5,0.3,1
42.24,0.15,0.3,0.5,0.3,1
42.25,0.15,0.3,0.5,0.3,1
42.26,0.15,0.3,0.5,0.3,1
42.27,0.15,0.3,0.5,0.3,1
42.28,0.15,0.3,0.5,0.3,1
42.29,0.15,0.3,0.5,0.3,1
42.3,0.15,0.3,0.5,0.3,1
42.31,0.15,0.3,0.5,0.3,1
42.32,0.15,0.3,0.5,0.3,1
42.33,0.15,0.3,0.5,0.3,1
42.34,0.15,0.3,0.5,0.3,1
42.35,0.15,0.3,0.5,0.3,1
42.36,0.15,0.3,0.5,0.3,1
42.37,0.15,0.3,0.5,0.3,1
42.38,0.15,0.3,0.5,0.3,1
42.39,0.15,0.3,0.5,0.3,1
42.4,0.15,0.3,0.5,0.3,1
42.41,0.15,0.3,0.5,0.3,1
42.42,0.15,0.3,0.5,0.3,1
42.43,0.15,0.3,0.5,0.3,1
42.44,0.15,0.3,0.5,0.3,1
42.45,0.15,0.3,0.5,0.3,1
42.46,0.15,0.3,0.5,0.3,1
42.47,0.15,0.3,0.5,0.3,1
42.48,0.15,0.3,0.5,0.3,1
42.49,0.15,0.3,0.5,0.3,1
42.5,0.15,0.3,0.5,0.3,1
42.51,0.15,0.3,0.5,0.3,1
42.52,0.15,0.3,0.5,0.3,1
42.53,0.15,0.3,0.5,0.3,1
42.54,0.15,0.3,0.5,0.3,1
42.55,0.15,0.3,0.5,0.3,1
42.56,0.15,0.3,0.5,0.3,1
42.57,0.15,0.3,0.5,0.3,1
42.58,0.15,0.3,0.5,0.3,1
42.59,0.15,0.3,0.5,0.3,1
42.6,0.15,0.3,0.5,0.3,1
42.61,0.15,0.3,0.5,0.3,1
42.62,0.15,0.3,0.5,0.3,1
42.63,0.15,0.3,0.5,0.3,1
42.64,0.15,0.3,0.5,0.3,1
42.65,0.15,0.3,0.5,0.3,1
42.66,0.15,0.3,0.5,0.3,1
42.67,0.15,0.3,0.5,0.3,1
42.68,0.15,0.3,0.5,0.3,1
42.69,0.15,0.3,0.5,0.3,1
42.7,0.15,0.3,0.5,0.3,1
42.71,0.15,0.3,0.5,0.3,1
42.72,0.15,0.3,0.5,0.3,1
42.73,0.15,0.3,0.5,0.3,1
42.74,0.15,0.3,0.5,0.3,1
42.75,0.15,0.3,0.5,0.3,1
42.76,0.15,0.3,0.5,0.3,1
42.77,0.15,0.3,0.5,0.3,1
42.78,0.15,0.3,0.5,0.3,1
42.79,0.15,0.3,0.5,0.3,1
42.8,0.15,0.3,0.5,0.3,1
42.81,0.15,0.3,0.5,0.3,1
42.82,0.15,0.3,0.5,0.3,1
42.83,0.15,0.3,0.5,0.3,1
42.84,0.15,0.3,0.5,0.3,1
42.85,0.15,0.3,0.5,0.3,1
42.86,0.15,0.3,0.5,0.3,1
42.87,0.15,0.3,0.5,0.3,1
42.88,0.15,0.3,0.5,0.3,1
42.89,0.15,0.3,0.5,0.3,1
42.9,0.15,0.3,0.5,0.3,1
42.91,0.15,0.3,0.5,0.3,1
42.92,0.15,0.3,0.5,0.3,1
42.93,0.15,0.3,0.5,0.3,1
42.94,0.15,0.3,0.5,0.3,1
42.95,0.15,0.3,0.5,0.3,1
42.96,0.15,0.3,0.5,0.3,1
42.97,0.15,0.3,0.5,0.3,1
42.98,0.15,0.3,0.5,0.3,1
42.99,0.15,0.3,0.5,0.3,1
43,0.15,0.3,0.5,0.3,1
43.01,0.15,0.3,0.5,0.3,1
43.02,0.15,0.3,0.5,0.3,1
43.03,0.15,0.3,0.5,0.3,1
43.04,0.15,0.3,0.5,0.3,1
43.05,0.15,0.3,0.5,0.3,1
43.06,0.15,0.3,0.5,0.3,1
43.07,0.15,0.3,0.5,0.3,1
43.08,0.15,0.3,0.5,0.3,1
43.09,0.15,0.3,0.5,0.3,1
43.1,0.15,0.3,0.5,0.3,1
43.11,0.15,0.3,0.5,0.3,1
43.12,0.15,0.3,0.5,0.3,1
43.13,0.15,0.3,0.5,0.3,1
43.14,0.15,0.3,0.5,0.3,1
43.15,0.15,0.3,0.5,0.3,1
43.16,0.15,0.3,0.5,0.3,1
43.17,0.15,0.3,0.5,0.3,1
43.18,0.15,0.3,0.5,0.3,1
43.19,0.15,0.3,0.5,0.3,1
43.2,0.15,0.3,0.5,0.3,1
43.21,0.15,0.3,0.5,0.3,1
43.22,0.15,0.3,0.5,0.3,1
43.23,0.15,0.3,0.5,0.3,1
43.24,0.15,0.3,0.5,0.3,1
43.25,0.15,0.3,0.5,0.3,1
43.26,0.15,0.3,0.5,0.3,1
43.27,0.15,0.3,0.5,0.3,1
43.28,0.15,0.3,0.5,0.3,1
43.29,0.15,0.3,0.5,0.3,1
43.3,0.15,0.3,0.5,0.3,1
43.31,0.15,0.3,0.5,0.3,1
43.32,0.15,0.3,0.5,0.3,1
43.33,0.15,0.3,0.5,0.3,1
43.34,0.15,0.3,0.5,0.3,1
43.35,0.15,0.3,0.5,0.3,1
43.36,0.15,0.3,0.5,0.3,1
43.37,0.15,0.3,0.5,0.3,1
43.38,0.15,0.3,0.5,0.3,1
43.39,0.15,0.3,0.5,0.3,1
43.4,0.15,0.3,0.5,0.3,1
43.41,0.15,0.3,0.5,0.3,1
43.42,0.15,0.3,0.5,0.3,1
43.43,0.15,0.3,0.5,0.3,1
43.44,0.15,0.3,0.5,0.3,1
43.45,0.15,0.3,0.5,0.3,1
43.46,0.15,0.3,0.5,0.3,1
43.47,0.15,0.3,0.5,0.3,1
43.48,0.15,0.3,0.5,0.3,1
43.49,0.15,0.3,0.5,0.3,1
43.5,0.15,0.3,0.5,0.3,1
43.51,0.15,0.3,0.5,0.3,1
43.52,0.15,0.3,0.5,0.3,1
43.53,0.15,0.3,0.5,0.3,1
43.54,0.15,0.3,0.5,0.3,1
43.55,0.15,0.3,0.5,0.3,1
43.56,0.15,0.3,0.5,0.3,1
43.57,0.15,0.3,0.5,0.3,1
43.58,0.15,0.3,0.5,0.3,1
43.59,0.15,0.3,0.5,0.3,1
43.6,0.15,0.3,0.5,0.3,1
43.61,0.15,0.3,0.5,0.3,1
43.62,0.15,0.3,0.5,0.3,1
43.63,0.15,0.3,0.5,0.3,1
43.64,0.15,0.3,0.5,0.3,1
43.65,0.15,0.3,0.5,0.3,1
43.66,0.15,0.3,0.5,0.3,1
43.67,0.15,0.3,0.5,0.3,1
43.68,0.15,0.3,0.5,0.3,1
43.69,0.15,0.3,0.5,0.3,1
43.7,0.15,0.3,0.5,0.3,1
43.71,0.15,0.3,0.5,0.3,1
43.72,0.15,0.3,0.5,0.3,1
43.73,0.15,0.3,0.5,0.3,1
43.74,0.15,0.3,0.5,0.3,1
43.75,0.15,0.3,0.5,0.3,1
43.76,0.15,0.3,0.5,0.3,1
43.77,0.15,0.3,0.5,0.3,1
43.78,0.15,0.3,0.5,0.3,1
43.79,0.15,0.3,0.5,0.3,1
43.8,0.15,0.3,0.5,0.3,1
43.81,0.15,0.3,0.5,0.3,1
43.82,0.15,0.3,0.5,0.3,1
43.83,0.15,0.3,0.5,0.3,1
43.84,0.15,0.3,0.5,0.3,1
43.85,0.15,0.3,0.5,0.3,1
43.86,0.15,0.3,0.5,0.3,1
43.87,0.15,0.3,0.5,0.3,1
43.88,0.15,0.3,0.5,0.3,1
43.89,0.15,0.3,0.5,0.3,1
43.9,0.15,0.3,0.5,0.3,1
43.91,0.15,0.3,0.5,0.3,1
43.92,0.15,0.3,0.5,0.3,1
43.93,0.15,0.3,0.5,0.3,1
43.94,0.15,0.3,0.5,0.3,1
43.95,0.15,0.3,0.5,0.3,1
43.96,0.15,0.3,0.5,0.3,1
43.97,0.15,0.3,0.5,0.3,1
43.98,0.15,0.3,0.5,0.3,1
43.99,0.15,0.3,0.5,0.3,1
44,0.15,0.3,0.5,0.3,1
44.01,0.15,0.3,0.5,0.3,1
44.02,0.15,0.3,0.5,0.3,1
44.03,0.15,0.3,0.5,0.3,1
44.04,0.15,0.3,0.5,0.3,1
44.05,0.15,0.3,0.5,0.3,1
44.06,0.15,0.3,0.5,0.3,1
44.07,0.15,0.3,0.5,0.3,1
44.08,0.15,0.3,0.5,0.3,1
44.09,0.15,0.3,0.5,0.3,1
44.1,0.15,0.3,0.5,0.3,1
44.11,0.15,0.3,0.5,0.3,1
44.12,0.15,0.3,0.5,0.3,1
44.13,0.15,0.3,0.5,0.3,1
44.14,0.15,0.3,0.5,0.3,1
44.15,0.15,0.3,0.5,0.3,1
44.16,0.15,0.3,0.5,0.3,1
44.17,0.15,0.3,0.5,0.3,1
44.18,0.15,0.3,0.5,0.3,1
44.19,0.15,0.3,0.5,0.3,1
44.2,0.15,0.3,0.5,0.3,1
44.21,0.15,0.3,0.5,0.3,1
44.22,0.15,0.3,0.5,0.3,1
44.23,0.15,0.3,0.5,0.3,1
44.24,0.15,0.3,0.5,0.3,1
44.25,0.15,0.3,0.5,0.3,1
44.26,0.15,0.3,0.5,0.3,1
44.27,0.15,0.3,0.5,0.3,1
44.28,0.15,0.3,0.5,0.3,1
44.29,0.15,0.3,0.5,0.3,1
44.3,0.15,0.3,0.5,0.3,1
44.31,0.15,0.3,0.5,0.3,1
44.32,0.15,0.3,0.5,0.3,1
44.33,0.15,0.3,0.5,0.3,1
44.34,0.15,0.3,0.5,0.3,1
44.35,0.15,0.3,0.5,0.3,1
44.36,0.15,0.3,0.5,0.3,1
44.37,0.15,0.3,0.5,0.3,1
44.38,0.15,0.3,0.5,0.3,1
44.39,0.15,0.3,0.5,0.3,1
44.4,0.15,0.3,0.5,0.3,1
44.41,0.15,0.3,0.5,0.3,1
44.42,0.15,0.3,0.5,0.3,1
44.43,0.15,0.3,0.5,0.3,1
44.44,0.15,0.3,0.5,0.3,1
44.45,0.15,0.3,0.5,0.3,1
44.46,0.15,0.3,0.5,0.3,1
44.47,0.15,0.3,0.5,0.3,1
44.48,0.15,0.3,0.5,0.3,1
44.49,0.15,0.3,0.5,0.3,1
44.5,0.15,0.3,0.5,0.3,1
44.51,0.15,0.3,0.5,0.3,1
44.52,0.15,0.3,0.5,0.3,1
44.53,0.15,0.3,0.5,0.3,1
44.54,0.15,0.3,0.5,0.3,1
44.55,0.15,0.3,0.5,0.3,1
44.56,0.15,0.3,0.5,0.3,1
44.57,0.15,0.3,0.5,0.3,1
44.58,0.15,0.3,0.5,0.3,1
44.59,0.15,0.3,0.5,0.3,1
44.6,0.15,0.3,0.5,0.3,1
44.61,0.15,0.3,0.5,0.3,1
44.62,0.15,0.3,0.5,0.3,1
44.63,0.15,0.3,0.5,0.3,1
44.64,0.15,0.3,0.5,0.3,1
44.65,0.15,0.3,0.5,0.3,1
44.66,0.15,0.3,0.5,0.3,1
44.67,0.15,0.3,0.5,0.3,1
44.68,0.15,0.3,0.5,0.3,1
44.69,0.15,0.3,0.5,0.3,1
44.7,0.15,0.3,0.5,0.3,1
44.71,0.15,0.3,0.5,0.3,1
44.72,0.15,0.3,0.5,0.3,1
44.73,0.15,0.3,0.5,0.3,1
44.74,0.15,0.3,0.5,0.3,1
44.75,0.15,0.3,0.5,0.3,1
44.76,0.15,0.3,0.5,0.3,1
44.77,0.15,0.3,0.5,0.3,1
44.78,0.15,0.3,0.5,0.3,1
44.79,0.15,0.3,0.5,0.3,1
44.8,0.15,0.3,0.5,0.3,1
44.81,0.15,0.3,0.5,0.3,1
44.82,0.15,0.3,0.5,0.3,1
44.83,0.15,0.3,0.5,0.3,1
44.84,0.15,0.3,0.5,0.3,1
44.85,0.15,0.3,0.5,0.3,1
44.86,0.15,0.3,0.5,0.3,1
44.87,0.15,0.3,0.5,0.3,1
44.88,0.15,0.3,0.5,0.3,1
44.89,0.15,0.3,0.5,0.3,1
44.9,0.15,0.3,0.5,0.3,1
44.91,0.15,0.3,0.5,0.3,1
44.92,0.15,0.3,0.5,0.3,1
44.93,0.15,0.3,0.5,0.3,1
44.94,0.15,0.3,0.5,0.3,1
44.95,0.15,0.3,0.5,0.3,1
44.96,0.15,0.3,0.5,0.3,1
44.97,0.15,0.3,0.5,0.3,1
44.98,0.15,0.3,0.5,0.3,1
44.99,0.15,0.3,0.5,0.3,1
45,0.15,0.3,0.5,0.3,1
45.01,0.000125660398833496,0.52,0.52,0.48,0
45.02,0.000251300954433337,0.52,0.52,0.48,0
45.03,0.000376901826699371,0.52,0.52,0.48,0
45.04,0.000502443181797642,0.52,0.52,0.48,0
45.05,0.000627905195293073,0.52,0.52,0.48,0
45.06,0.000753268055279329,0.52,0.52,0.48,0
45.07,0.000878511965507426,0.52,0.52,0.48,0
45.08,0.00100361714851214,0.52,0.52,0.48,0
45.09,0.00112856384873473,0.52,0.52,0.48,0
45.1,0.00125333233564301,0.52,0.52,0.48,0
45.11,0.00137790290684634,0.52,0.52,0.48,0
45.12,0.00150225589120753,0.52,0.52,0.48,0
45.13,0.00162637165194885,0.52,0.52,0.48,0
45.14,0.00175023058975277,0.52,0.52,0.48,0
45.15,0.00187381314585718,0.52,0.52,0.48,0
45.16,0.001997099805144,0.52,0.52,0.48,0
45.17,0.00212007109922053,0.52,0.52,0.48,0
45.18,0.00224270760949379,0.52,0.52,0.48,0
45.19,0.00236498997023722,0.52,0.52,0.48,0
45.2,0.00248689887164844,0.52,0.52,0.48,0
45.21,0.00260841506289893,0.52,0.52,0.48,0
45.22,0.0027295193551732,0.52,0.52,0.48,0
45.23,0.0028501926246997,0.52,0.52,0.48,0
45.24,0.00297041581577035,0.52,0.52,0.48,0
45.25,0.00309016994374947,0.52,0.52,0.48,0
45.26,0.00320943609807208,0.52,0.52,0.48,0
45.27,0.00332819544522978,0.52,0.52,0.48,0
45.28,0.00344642923174514,0.52,0.52,0.48,0
45.29,0.00356411878713247,0.52,0.52,0.48,0
45.3,0.00368124552684674,0.52,0.52,0.48,0
45.31,0.00379779095521803,0.52,0.52,0.48,0
45.32,0.00391373666837204,0.52,0.52,0.48,0
45.33,0.00402906435713657,0.52,0.52,0.48,0
45.34,0.00414375580993277,0.52,0.52,0.48,0
45.35,0.00425779291565072,0.52,0.52,0.48,0
45.36,0.00437115766650931,0.52,0.52,0.48,0
45.37,0.0044838321609003,0.52,0.52,0.48,0
45.38,0.00459579860621491,0.52,0.52,0.48,0
45.39,0.00470703932165329,0.52,0.52,0.48,0
45.4,0.00481753674101711,0.52,0.52,0.48,0
45.41,0.00492727341548286,0.52,0.52,0.48,0
45.42,0.00503623201635761,0.52,0.52,0.48,0
45.43,0.00514439533781506,0.52,0.52,0.48,0
45.44,0.00525174629961289,0.52,0.52,0.48,0
45.45,0.00535826794978989,0.52,0.52,0.48,0
45.46,0.00546394346734267,0.52,0.52,0.48,0
45.47,0.00556875616488185,0.52,0.52,0.48,0
45.48,0.00567268949126753,0.52,0.52,0.48,0
45.49,0.00577572703422269,0.52,0.52,0.48,0
45.5,0.00587785252292468,0.52,0.52,0.48,0
45.51,0.00597904983057514,0.52,0.52,0.48,0
45.52,0.006079302976946,0.52,0.52,0.48,0
45.53,0.00617859613090334,0.52,0.52,0.48,0
45.54,0.00627691361290699,0.52,0.52,0.48,0
45.55,0.00637423989748688,0.52,0.52,0.48,0
45.56,0.00647055961569447,0.52,0.52,0.48,0
45.57,0.00656585755752953,0.52,0.52,0.48,0
45.58,0.00666011867434248,0.52,0.52,0.48,0
45.59,0.0067533280812102,0.52,0.52,0.48,0
45.6,0.00684547105928689,0.52,0.52,0.48,0
45.61,0.00693653305812805,0.52,0.52,0.48,0
45.62,0.00702649969798843,0.52,0.52,0.48,0
45.63,0.00711535677209284,0.52,0.52,0.48,0
45.64,0.00720309024887905,0.52,0.52,0.48,0
45.65,0.00728968627421409,0.52,0.52,0.48,0
45.66,0.00737513117358171,0.52,0.52,0.48,0
45.67,0.00745941145424184,0.52,0.52,0.48,0
45.68,0.007542513807361,0.52,0.52,0.48,0
45.69,0.00762442511011444,0.52,0.52,0.48,0
45.7,0.00770513242775785,0.52,0.52,0.48,0
45.71,0.00778462301567023,0.52,0.52,0.48,0
45.72,0.00786288432136618,0.52,0.52,0.48,0
45.73,0.00793990398647829,0.52,0.52,0.48,0
45.74,0.00801566984870875,0.52,0.52,0.48,0
45.75,0.00809016994374945,0.52,0.52,0.48,0
45.76,0.00816339250717181,0.52,0.52,0.48,0
45.77,0.00823532597628424,0.52,0.52,0.48,0
45.78,0.00830595899195813,0.52,0.52,0.48,0
45.79,0.00837528040042142,0.52,0.52,0.48,0
45.8,0.00844327925502011,0.52,0.52,0.48,0
45.81,0.00850994481794691,0.52,0.52,0.48,0
45.82,0.00857526656193651,0.52,0.52,0.48,0
45.83,0.00863923417192834,0.52,0.52,0.48,0
45.84,0.00870183754669524,0.52,0.52,0.48,0
45.85,0.00876306680043865,0.52,0.52,0.48,0
45.86,0.00882291226434951,0.52,0.52,0.48,0
45.87,0.00888136448813542,0.52,0.52,0.48,0
45.88,0.00893841424151264,0.52,0.52,0.48,0
45.89,0.00899405251566371,0.52,0.52,0.48,0
45.9,0.00904827052466019,0.52,0.52,0.48,0
45.91,0.00910105970684992,0.52,0.52,0.48,0
45.92,0.00915241172620916,0.52,0.52,0.48,0
45.93,0.00920231847365869,0.52,0.52,0.48,0
45.94,0.00925077206834456,0.52,0.52,0.48,0
45.95,0.00929776485888249,0.52,0.52,0.48,0
45.96,0.00934328942456612,0.52,0.52,0.48,0
45.97,0.00938733857653872,0.52,0.52,0.48,0
45.98,0.00942990535892862,0.52,0.52,0.48,0
45.99,0.00947098304994744,0.52,0.52,0.48,0
46,0.00951056516295153,0.52,0.52,0.48,0
46.01,0.00954864544746642,0.52,0.52,0.48,0
46.02,0.00958521789017375,0.52,0.52,0.48,0
46.03,0.00962027671586087,0.52,0.52,0.48,0
46.04,0.00965381638833272,0.52,0.52,0.48,0
46.05,0.0096858316112863,0.52,0.52,0.48,0
46.06,0.00971631732914674,0.52,0.52,0.48,0
46.07,0.00974526872786577,0.52,0.52,0.48,0
46.08,0.00977268123568193,0.52,0.52,0.48,0
46.09,0.00979855052384245,0.52,0.52,0.48,0
46.1,0.00982287250728688,0.52,0.52,0.48,0
46.11,0.00984564334529205,0.52,0.52,0.48,0
46.12,0.00986685944207867,0.52,0.52,0.48,0
46.13,0.00988651744737914,0.52,0.52,0.48,0
46.14,0.00990461425696651,0.52,0.52,0.48,0
46.15,0.00992114701314477,0.52,0.52,0.48,0
46.16,0.00993611310520008,0.52,0.52,0.48,0
46.17,0.009949510169813,0.52,0.52,0.48,0
46.18,0.00996133609143172,0.52,0.52,0.48,0
46.19,0.00997158900260614,0.52,0.52,0.48,0
46.2,0.00998026728428271,0.52,0.52,0.48,0
46.21,0.00998736956606017,0.52,0.52,0.48,0
46.22,0.00999289472640589,0.52,0.52,0.48,0
46.23,0.009996841892833,0.52,0.52,0.48,0
46.24,0.00999921044203816,0.52,0.52,0.48,0
46.25,0.01,0.52,0.52,0.48,0
46.26,0.00999921044203816,0.52,0.52,0.48,0
46.27,0.009996841892833,0.52,0.52,0.48,0
46.28,0.00999289472640589,0.52,0.52,0.48,0
46.29,0.00998736956606018,0.52,0.52,0.48,0
46.3,0.00998026728428272,0.52,0.52,0.48,0
46.31,0.00997158900260614,0.52,0.52,0.48,0
46.32,0.00996133609143172,0.52,0.52,0.48,0
46.33,0.00994951016981301,0.52,0.52,0.48,0
46.34,0.00993611310520009,0.52,0.52,0.48,0
46.35,0.00992114701314478,0.52,0.52,0.48,0
46.36,0.00990461425696651,0.52,0.52,0.48,0
46.37,0.00988651744737914,0.52,0.52,0.48,0
46.38,0.00986685944207867,0.52,0.52,0.48,0
46.39,0.00984564334529206,0.52,0.52,0.48,0
46.4,0.0098228725072869,0.52,0.52,0.48,0
46.41,0.00979855052384248,0.52,0.52,0.48,0
46.42,0.00977268123568193,0.52,0.52,0.48,0
46.43,0.00974526872786577,0.52,0.52,0.48,0
46.44,0.00971631732914676,0.52,0.52,0.48,0
46.45,0.00968583161128633,0.52,0.52,0.48,0
46.46,0.00965381638833275,0.52,0.52,0.48,0
46.47,0.00962027671586087,0.52,0.52,0.48,0
46.48,0.00958521789017377,0.52,0.52,0.48,0
46.49,0.00954864544746642,0.52,0.52,0.48,0
46.5,0.00951056516295153,0.52,0.52,0.48,0
46.51,0.00947098304994747,0.52,0.52,0.48,0
46.52,0.00942990535892867,0.52,0.52,0.48,0
46.53,0.00938733857653874,0.52,0.52,0.48,0
46.54,0.00934328942456613,0.52,0.52,0.48,0
46.55,0.00929776485888252,0.52,0.52,0.48,0
46.56,0.00925077206834457,0.52,0.52,0.48,0
46.57,0.00920231847365872,0.52,0.52,0.48,0
46.58,0.0091524117262092,0.52,0.52,0.48,0
46.59,0.00910105970684998,0.52,0.52,0.48,0
46.6,0.00904827052466019,0.52,0.52,0.48,0
46.61,0.00899405251566371,0.52,0.52,0.48,0
46.62,0.00893841424151267,0.52,0.52,0.48,0
46.63,0.00888136448813545,0.52,0.52,0.48,0
46.64,0.00882291226434954,0.52,0.52,0.48,0
46.65,0.00876306680043865,0.52,0.52,0.48,0
46.66,0.00870183754669528,0.52,0.52,0.48,0
46.67,0.00863923417192834,0.52,0.52,0.48,0
46.68,0.00857526656193655,0.52,0.52,0.48,0
46.69,0.00850994481794695,0.52,0.52,0.48,0
46.7,0.00844327925502019,0.52,0.52,0.48,0
46.71,0.00837528040042142,0.52,0.52,0.48,0
46.72,0.00830595899195814,0.52,0.52,0.48,0
46.73,0.00823532597628433,0.52,0.52,0.48,0
46.74,0.00816339250717186,0.52,0.52,0.48,0
46.75,0.0080901699437495,0.52,0.52,0.48,0
46.76,0.0080156698487088,0.52,0.52,0.48,0
46.77,0.00793990398647839,0.52,0.52,0.48,0
46.78,0.00786288432136618,0.52,0.52,0.48,0
46.79,0.00778462301567023,0.52,0.52,0.48,0
46.8,0.00770513242775794,0.52,0.52,0.48,0
46.81,0.00762442511011449,0.52,0.52,0.48,0
46.82,0.00754251380736105,0.52,0.52,0.48,0
46.83,0.00745941145424184,0.52,0.52,0.48,0
46.84,0.00737513117358177,0.52,0.52,0.48,0
46.85,0.0072896862742141,0.52,0.52,0.48,0
46.86,0.00720309024887911,0.52,0.52,0.48,0
46.87,0.0071153567720929,0.52,0.52,0.48,0
46.88,0.00702649969798849,0.52,0.52,0.48,0
46.89,0.00693653305812806,0.52,0.52,0.48,0
46.9,0.0068454710592869,0.52,0.52,0.48,0
46.91,0.00675332808121031,0.52,0.52,0.48,0
46.92,0.00666011867434254,0.52,0.52,0.48,0
46.93,0.00656585755752959,0.52,0.52,0.48,0
46.94,0.00647055961569448,0.52,0.52,0.48,0
46.95,0.00637423989748694,0.52,0.52,0.48,0
46.96,0.006276913612907,0.52,0.52,0.48,0
46.97,0.0061785961309034,0.52,0.52,0.48,0
46.98,0.00607930297694612,0.52,0.52,0.48,0
46.99,0.0059790498305752,0.52,0.52,0.48,0
47,0.00587785252292475,0.52,0.52,0.48,0
47.01,0.0057757270342227,0.52,0.52,0.48,0
47.02,0.0056726894912676,0.52,0.52,0.48,0
47.03,0.00556875616488186,0.52,0.52,0.48,0
47.04,0.00546394346734274,0.52,0.52,0.48,0
47.05,0.00535826794979002,0.52,0.52,0.48,0
47.06,0.00525174629961296,0.52,0.52,0.48,0
47.07,0.00514439533781507,0.52,0.52,0.48,0
47.08,0.00503623201635762,0.52,0.52,0.48,0
47.09,0.004927273415483,0.52,0.52,0.48,0
47.1,0.00481753674101718,0.52,0.52,0.48,0
47.11,0.00470703932165336,0.52,0.52,0.48,0
47.12,0.00459579860621492,0.52,0.52,0.48,0
47.13,0.00448383216090031,0.52,0.52,0.48,0
47.14,0.00437115766650932,0.52,0.52,0.48,0
47.15,0.00425779291565079,0.52,0.52,0.48,0
47.16,0.00414375580993291,0.52,0.52,0.48,0
47.17,0.00402906435713664,0.52,0.52,0.48,0
47.18,0.00391373666837204,0.52,0.52,0.48,0
47.19,0.00379779095521804,0.52,0.52,0.48,0
47.2,0.00368124552684688,0.52,0.52,0.48,0
47.21,0.00356411878713255,0.52,0.52,0.48,0
47.22,0.00344642923174522,0.52,0.52,0.48,0
47.23,0.00332819544522992,0.52,0.52,0.48,0
47.24,0.00320943609807209,0.52,0.52,0.48,0
47.25,0.00309016994374948,0.52,0.52,0.48,0
47.26,0.00297041581577036,0.52,0.52,0.48,0
47.27,0.00285019262469985,0.52,0.52,0.48,0
47.28,0.00272951935517328,0.52,0.52,0.48,0
47.29,0.002608415062899,0.52,0.52,0.48,0
47.3,0.00248689887164859,0.52,0.52,0.48,0
47.31,0.00236498997023723,0.52,0.52,0.48,0
47.32,0.0022427076094938,0.52,0.52,0.48,0
47.33,0.00212007109922061,0.52,0.52,0.48,0
47.34,0.00199709980514414,0.52,0.52,0.48,0
47.35,0.00187381314585726,0.52,0.52,0.48,0
47.36,0.00175023058975278,0.52,0.52,0.48,0
47.37,0.00162637165194886,0.52,0.52,0.48,0
47.38,0.00150225589120754,0.52,0.52,0.48,0
47.39,0.00137790290684642,0.52,0.52,0.48,0
47.4,0.00125333233564309,0.52,0.52,0.48,0
47.41,0.00112856384873488,0.52,0.52,0.48,0
47.42,0.00100361714851215,0.52,0.52,0.48,0
47.43,0.000878511965507436,0.52,0.52,0.48,0
47.44,0.00075326805527941,0.52,0.52,0.48,0
47.45,0.000627905195293224,0.52,0.52,0.48,0
47.46,0.000502443181797723,0.52,0.52,0.48,0
47.47,0.000376901826699381,0.52,0.52,0.48,0
47.48,0.000251300954433418,0.52,0.52,0.48,0
47.49,0.000125660398833506,0.52,0.52,0.48,0
47.5,5.87954259718047e-17,0.52,0.52,0.48,0
47.51,-0.000125660398833459,0.52,0.52,0.48,0
47.52,-0.0002513009544333,0.52,0.52,0.48,0
47.53,-0.000376901826699334,0.52,0.52,0.48,0
47.54,-0.000502443181797677,0.52,0.52,0.48,0
47.55,-0.000627905195293107,0.52,0.52,0.48,0
47.56,-0.000753268055279363,0.52,0.52,0.48,0
47.57,-0.00087851196550739,0.52,0.52,0.48,0
47.58,-0.0010036171485121,0.52,0.52,0.48,0
47.59,-0.00112856384873476,0.52,0.52,0.48,0
47.6,-0.00125333233564305,0.52,0.52,0.48,0
47.61,-0.00137790290684638,0.52,0.52,0.48,0
47.62,-0.00150225589120749,0.52,0.52,0.48,0
47.63,-0.00162637165194882,0.52,0.52,0.48,0
47.64,-0.00175023058975273,0.52,0.52,0.48,0
47.65,-0.00187381314585721,0.52,0.52,0.48,0
47.66,-0.00199709980514403,0.52,0.52,0.48,0
47.67,-0.00212007109922057,0.52,0.52,0.48,0
47.68,-0.00224270760949376,0.52,0.52,0.48,0
47.69,-0.00236498997023718,0.52,0.52,0.48,0
47.7,-0.00248689887164848,0.52,0.52,0.48,0
47.71,-0.00260841506289896,0.52,0.52,0.48,0
47.72,-0.00272951935517324,0.52,0.52,0.48,0
47.73,-0.00285019262469967,0.52,0.52,0.48,0
47.74,-0.00297041581577032,0.52,0.52,0.48,0
47.75,-0.00309016994374944,0.52,0.52,0.48,0
47.76,-0.00320943609807205,0.52,0.52,0.48,0
47.77,-0.00332819544522981,0.52,0.52,0.48,0
47.78,-0.00344642923174518,0.52,0.52,0.48,0
47.79,-0.00356411878713251,0.52,0.52,0.48,0
47.8,-0.0036812455268467,0.52,0.52,0.48,0
47.81,-0.003797790955218,0.52,0.52,0.48,0
47.82,-0.003913736668372,0.52,0.52,0.48,0
47.83,-0.0040290643571366,0.52,0.52,0.48,0
47.84,-0.0041437558099328,0.52,0.52,0.48,0
47.85,-0.00425779291565075,0.52,0.52,0.48,0
47.86,-0.00437115766650928,0.52,0.52,0.48,0
47.87,-0.00448383216090027,0.52,0.52,0.48,0
47.88,-0.00459579860621488,0.52,0.52,0.48,0
47.89,-0.00470703932165332,0.52,0.52,0.48,0
47.9,-0.00481753674101714,0.52,0.52,0.48,0
47.91,-0.00492727341548283,0.52,0.52,0.48,0
47.92,-0.00503623201635758,0.52,0.52,0.48,0
47.93,-0.00514439533781503,0.52,0.52,0.48,0
47.94,-0.00525174629961292,0.52,0.52,0.48,0
47.95,-0.00535826794978992,0.52,0.52,0.48,0
47.96,-0.0054639434673427,0.52,0.52,0.48,0
47.97,-0.00556875616488182,0.52,0.52,0.48,0
47.98,-0.0056726894912675,0.52,0.52,0.48,0
47.99,-0.00577572703422266,0.52,0.52,0.48,0
48,-0.00587785252292471,0.52,0.52,0.48,0
48.01,-0.00597904983057516,0.52,0.52,0.48,0
48.02,-0.00607930297694602,0.52,0.52,0.48,0
48.03,-0.00617859613090336,0.52,0.52,0.48,0
48.04,-0.00627691361290696,0.52,0.52,0.48,0
48.05,-0.00637423989748685,0.52,0.52,0.48,0
48.06,-0.00647055961569444,0.52,0.52,0.48,0
48.07,-0.00656585755752956,0.52,0.52,0.48,0
48.08,-0.00666011867434251,0.52,0.52,0.48,0
48.09,-0.00675332808121018,0.52,0.52,0.48,0
48.1,-0.00684547105928686,0.52,0.52,0.48,0
48.11,-0.00693653305812802,0.52,0.52,0.48,0
48.12,-0.00702649969798846,0.52,0.52,0.48,0
48.13,-0.00711535677209287,0.52,0.52,0.48,0
48.14,-0.00720309024887908,0.52,0.52,0.48,0
48.15,-0.00728968627421407,0.52,0.52,0.48,0
48.16,-0.00737513117358169,0.52,0.52,0.48,0
48.17,-0.00745941145424181,0.52,0.52,0.48,0
48.18,-0.00754251380736102,0.52,0.52,0.48,0
48.19,-0.00762442511011446,0.52,0.52,0.48,0
48.2,-0.00770513242775782,0.52,0.52,0.48,0
48.21,-0.00778462301567021,0.52,0.52,0.48,0
48.22,-0.00786288432136616,0.52,0.52,0.48,0
48.23,-0.00793990398647832,0.52,0.52,0.48,0
48.24,-0.00801566984870877,0.52,0.52,0.48,0
48.25,-0.00809016994374947,0.52,0.52,0.48,0
48.26,-0.00816339250717183,0.52,0.52,0.48,0
48.27,-0.00823532597628422,0.52,0.52,0.48,0
48.28,-0.00830595899195811,0.52,0.52,0.48,0
48.29,-0.0083752804004214,0.52,0.52,0.48,0
48.3,-0.00844327925502013,0.52,0.52,0.48,0
48.31,-0.00850994481794693,0.52,0.52,0.48,0
48.32,-0.00857526656193653,0.52,0.52,0.48,0
48.33,-0.00863923417192832,0.52,0.52,0.48,0
48.34,-0.00870183754669522,0.52,0.52,0.48,0
48.35,-0.00876306680043863,0.52,0.52,0.48,0
48.36,-0.00882291226434952,0.52,0.52,0.48,0
48.37,-0.00888136448813543,0.52,0.52,0.48,0
48.38,-0.00893841424151265,0.52,0.52,0.48,0
48.39,-0.00899405251566369,0.52,0.52,0.48,0
48.4,-0.00904827052466017,0.52,0.52,0.48,0
48.41,-0.00910105970684993,0.52,0.52,0.48,0
48.42,-0.00915241172620918,0.52,0.52,0.48,0
48.43,-0.0092023184736587,0.52,0.52,0.48,0
48.44,-0.00925077206834455,0.52,0.52,0.48,0
48.45,-0.00929776485888248,0.52,0.52,0.48,0
48.46,-0.00934328942456611,0.52,0.52,0.48,0
48.47,-0.00938733857653873,0.52,0.52,0.48,0
48.48,-0.00942990535892863,0.52,0.52,0.48,0
48.49,-0.00947098304994745,0.52,0.52,0.48,0
48.5,-0.00951056516295154,0.52,0.52,0.48,0
48.51,-0.00954864544746641,0.52,0.52,0.48,0
48.52,-0.00958521789017374,0.52,0.52,0.48,0
48.53,-0.00962027671586086,0.52,0.52,0.48,0
48.54,-0.00965381638833273,0.52,0.52,0.48,0
48.55,-0.0096858316112863,0.52,0.52,0.48,0
48.56,-0.00971631732914675,0.52,0.52,0.48,0
48.57,-0.00974526872786576,0.52,0.52,0.48,0
48.58,-0.00977268123568192,0.52,0.52,0.48,0
48.59,-0.00979855052384246,0.52,0.52,0.48,0
48.6,-0.00982287250728689,0.52,0.52,0.48,0
48.61,-0.00984564334529205,0.52,0.52,0.48,0
48.62,-0.00986685944207867,0.52,0.52,0.48,0
48.63,-0.00988651744737914,0.52,0.52,0.48,0
48.64,-0.00990461425696651,0.52,0.52,0.48,0
48.65,-0.00992114701314478,0.52,0.52,0.48,0
48.66,-0.00993611310520008,0.52,0.52,0.48,0
48.67,-0.009949510169813,0.52,0.52,0.48,0
48.68,-0.00996133609143172,0.52,0.52,0.48,0
48.69,-0.00997158900260614,0.52,0.52,0.48,0
48.7,-0.00998026728428271,0.52,0.52,0.48,0
48.71,-0.00998736956606018,0.52,0.52,0.48,0
48.72,-0.00999289472640589,0.52,0.52,0.48,0
48.73,-0.009996841892833,0.52,0.52,0.48,0
48.74,-0.00999921044203816,0.52,0.52,0.48,0
48.75,-0.01,0.52,0.52,0.48,0
48.76,-0.00999921044203816,0.52,0.52,0.48,0
48.77,-0.009996841892833,0.52,0.52,0.48,0
48.78,-0.00999289472640589,0.52,0.52,0.48,0
48.79,-0.00998736956606018,0.52,0.52,0.48,0
48.8,-0.00998026728428272,0.52,0.52,0.48,0
48.81,-0.00997158900260614,0.52,0.52,0.48,0
48.82,-0.00996133609143173,0.52,0.52,0.48,0
48.83,-0.00994951016981301,0.52,0.52,0.48,0
48.84,-0.00993611310520009,0.52,0.52,0.48,0
48.85,-0.00992114701314478,0.52,0.52,0.48,0
48.86,-0.00990461425696652,0.52,0.52,0.48,0
48.87,-0.00988651744737915,0.52,0.52,0.48,0
48.88,-0.00986685944207868,0.52,0.52,0.48,0
48.89,-0.00984564334529206,0.52,0.52,0.48,0
48.9,-0.00982287250728689,0.52,0.52,0.48,0
48.91,-0.00979855052384249,0.52,0.52,0.48,0
48.92,-0.00977268123568194,0.52,0.52,0.48,0
48.93,-0.00974526872786578,0.52,0.52,0.48,0
48.94,-0.00971631732914675,0.52,0.52,0.48,0
48.95,-0.00968583161128633,0.52,0.52,0.48,0
48.96,-0.00965381638833274,0.52,0.52,0.48,0
48.97,-0.00962027671586088,0.52,0.52,0.48,0
48.98,-0.00958521789017378,0.52,0.52,0.48,0
48.99,-0.00954864544746643,0.52,0.52,0.48,0
49,-0.00951056516295154,0.52,0.52,0.48,0
49.01,-0.00947098304994745,0.52,0.52,0.48,0
49.02,-0.00942990535892866,0.52,0.52,0.48,0
49.03,-0.00938733857653873,0.52,0.52,0.48,0
49.04,-0.00934328942456614,0.52,0.52,0.48,0
49.05,-0.00929776485888254,0.52,0.52,0.48,0
49.06,-0.00925077206834458,0.52,0.52,0.48,0
49.07,-0.00920231847365871,0.52,0.52,0.48,0
49.08,-0.00915241172620918,0.52,0.52,0.48,0
49.09,-0.00910105970685,0.52,0.52,0.48,0
49.1,-0.00904827052466021,0.52,0.52,0.48,0
49.11,-0.00899405251566373,0.52,0.52,0.48,0
49.12,-0.00893841424151266,0.52,0.52,0.48,0
49.13,-0.00888136448813544,0.52,0.52,0.48,0
49.14,-0.00882291226434953,0.52,0.52,0.48,0
49.15,-0.00876306680043867,0.52,0.52,0.48,0
49.16,-0.0087018375466953,0.52,0.52,0.48,0
49.17,-0.00863923417192836,0.52,0.52,0.48,0
49.18,-0.00857526656193654,0.52,0.52,0.48,0
49.19,-0.00850994481794694,0.52,0.52,0.48,0
49.2,-0.00844327925502021,0.52,0.52,0.48,0
49.21,-0.00837528040042144,0.52,0.52,0.48,0
49.22,-0.00830595899195816,0.52,0.52,0.48,0
49.23,-0.00823532597628431,0.52,0.52,0.48,0
49.24,-0.00816339250717184,0.52,0.52,0.48,0
49.25,-0.00809016994374948,0.52,0.52,0.48,0
49.26,-0.00801566984870877,0.52,0.52,0.48,0
49.27,-0.00793990398647841,0.52,0.52,0.48,0
49.28,-0.00786288432136621,0.52,0.52,0.48,0
49.29,-0.00778462301567026,0.52,0.52,0.48,0
49.3,-0.00770513242775792,0.52,0.52,0.48,0
49.31,-0.00762442511011447,0.52,0.52,0.48,0
49.32,-0.00754251380736103,0.52,0.52,0.48,0
49.33,-0.00745941145424187,0.52,0.52,0.48,0
49.34,-0.00737513117358179,0.52,0.52,0.48,0
49.35,-0.00728968627421412,0.52,0.52,0.48,0
49.36,-0.00720309024887908,0.52,0.52,0.48,0
49.37,-0.00711535677209287,0.52,0.52,0.48,0
49.38,-0.00702649969798847,0.52,0.52,0.48,0
49.39,-0.00693653305812808,0.52,0.52,0.48,0
49.4,-0.00684547105928692,0.52,0.52,0.48,0
49.41,-0.00675332808121029,0.52,0.52,0.48,0
49.42,-0.00666011867434251,0.52,0.52,0.48,0
49.43,-0.00656585755752957,0.52,0.52,0.48,0
49.44,-0.00647055961569451,0.52,0.52,0.48,0
49.45,-0.00637423989748697,0.52,0.52,0.48,0
49.46,-0.00627691361290703,0.52,0.52,0.48,0
49.47,-0.00617859613090337,0.52,0.52,0.48,0
49.48,-0.00607930297694609,0.52,0.52,0.48,0
49.49,-0.00597904983057517,0.52,0.52,0.48,0
49.5,-0.00587785252292478,0.52,0.52,0.48,0
49.51,-0.00577572703422273,0.52,0.52,0.48,0
49.52,-0.00567268949126763,0.52,0.52,0.48,0
49.53,-0.00556875616488189,0.52,0.52,0.48,0
49.54,-0.00546394346734271,0.52,0.52,0.48,0
49.55,-0.00535826794978999,0.52,0.52,0.48,0
49.56,-0.00525174629961293,0.52,0.52,0.48,0
49.57,-0.0051443953378151,0.52,0.52,0.48,0
49.58,-0.00503623201635765,0.52,0.52,0.48,0
49.59,-0.00492727341548297,0.52,0.52,0.48,0
49.6,-0.00481753674101715,0.52,0.52,0.48,0
49.61,-0.00470703932165333,0.52,0.52,0.48,0
49.62,-0.00459579860621495,0.52,0.52,0.48,0
49.63,-0.00448383216090034,0.52,0.52,0.48,0
49.64,-0.00437115766650935,0.52,0.52,0.48,0
49.65,-0.00425779291565076,0.52,0.52,0.48,0
49.66,-0.00414375580993288,0.52,0.52,0.48,0
49.67,-0.00402906435713661,0.52,0.52,0.48,0
49.68,-0.00391373666837208,0.52,0.52,0.48,0
49.69,-0.00379779095521807,0.52,0.52,0.48,0
49.7,-0.00368124552684685,0.52,0.52,0.48,0
49.71,-0.00356411878713252,0.52,0.52,0.48,0
49.72,-0.00344642923174519,0.52,0.52,0.48,0
49.73,-0.00332819544522996,0.52,0.52,0.48,0
49.74,-0.00320943609807213,0.52,0.52,0.48,0
49.75,-0.00309016994374951,0.52,0.52,0.48,0
49.76,-0.0029704158157704,0.52,0.52,0.48,0
49.77,-0.00285019262469982,0.52,0.52,0.48,0
49.78,-0.00272951935517325,0.52,0.52,0.48,0
49.79,-0.00260841506289897,0.52,0.52,0.48,0
49.8,-0.00248689887164863,0.52,0.52,0.48,0
49.81,-0.00236498997023726,0.52,0.52,0.48,0
49.82,-0.00224270760949384,0.52,0.52,0.48,0
49.83,-0.00212007109922058,0.52,0.52,0.48,0
49.84,-0.00199709980514411,0.52,0.52,0.48,0
49.85,-0.00187381314585722,0.52,0.52,0.48,0
49.86,-0.00175023058975282,0.52,0.52,0.48,0
49.87,-0.0016263716519489,0.52,0.52,0.48,0
49.88,-0.00150225589120757,0.52,0.52,0.48,0
49.89,-0.00137790290684639,0.52,0.52,0.48,0
49.9,-0.00125333233564306,0.52,0.52,0.48,0
49.91,-0.00112856384873491,0.52,0.52,0.48,0
49.92,-0.00100361714851218,0.52,0.52,0.48,0
49.93,-0.000878511965507472,0.52,0.52,0.48,0
49.94,-0.000753268055279376,0.52,0.52,0.48,0
49.95,-0.00062790519529319,0.52,0.52,0.48,0
49.96,-0.000502443181797689,0.52,0.52,0.48,0
49.97,-0.000376901826699417,0.52,0.52,0.48,0
49.98,-0.000251300954433455,0.52,0.52,0.48,0
49.99,-0.000125660398833543,0.52,0.52,0.48,0
50,-2.44929359829471e-17,0.52,0.52,0.48,0
50.01,0.000125660398833494,0.52,0.52,0.48,0
50.02,0.000251300954433335,0.52,0.52,0.48,0
50.03,0.000376901826699368,0.52,0.52,0.48,0
50.04,0.00050244318179764,0.52,0.52,0.48,0
50.05,0.00062790519529307,0.52,0.52,0.48,0
50.06,0.000753268055279327,0.52,0.52,0.48,0
50.07,0.000878511965507424,0.52,0.52,0.48,0
50.08,0.00100361714851213,0.52,0.52,0.48,0
50.09,0.00112856384873472,0.52,0.52,0.48,0
50.1,0.00125333233564301,0.52,0.52,0.48,0
50.11,0.00137790290684634,0.52,0.52,0.48,0
50.12,0.00150225589120752,0.52,0.52,0.48,0
50.13,0.00162637165194885,0.52,0.52,0.48,0
50.14,0.00175023058975277,0.52,0.52,0.48,0
50.15,0.00187381314585718,0.52,0.52,0.48,0
50.16,0.00199709980514399,0.52,0.52,0.48,0
50.17,0.00212007109922053,0.52,0.52,0.48,0
50.18,0.00224270760949379,0.52,0.52,0.48,0
50.19,0.00236498997023722,0.52,0.52,0.48,0
50.2,0.00248689887164844,0.52,0.52,0.48,0
50.21,0.00260841506289892,0.52,0.52,0.48,0
50.22,0.0027295193551732,0.52,0.52,0.48,0
50.23,0.0028501926246997,0.52,0.52,0.48,0
50.24,0.00297041581577035,0.52,0.52,0.48,0
50.25,0.00309016994374947,0.52,0.52,0.48,0
50.26,0.00320943609807208,0.52,0.52,0.48,0
50.27,0.00332819544522978,0.52,0.52,0.48,0
50.28,0.00344642923174514,0.52,0.52,0.48,0
50.29,0.00356411878713247,0.52,0.52,0.48,0
50.3,0.00368124552684674,0.52,0.52,0.48,0
50.31,0.00379779095521803,0.52,0.52,0.48,0
50.32,0.00391373666837203,0.52,0.52,0.48,0
50.33,0.00402906435713656,0.52,0.52,0.48,0
50.34,0.00414375580993277,0.52,0.52,0.48,0
50.35,0.00425779291565071,0.52,0.52,0.48,0
50.36,0.00437115766650931,0.52,0.52,0.48,0
50.37,0.0044838321609003,0.52,0.52,0.48,0
50.38,0.00459579860621491,0.52,0.52,0.48,0
50.39,0.00470703932165329,0.52,0.52,0.48,0
50.4,0.00481753674101711,0.52,0.52,0.48,0
50.41,0.00492727341548286,0.52,0.52,0.48,0
50.42,0.00503623201635761,0.52,0.52,0.48,0
50.43,0.00514439533781506,0.52,0.52,0.48,0
50.44,0.00525174629961288,0.52,0.52,0.48,0
50.45,0.00535826794978989,0.52,0.52,0.48,0
50.46,0.00546394346734267,0.52,0.52,0.48,0
50.47,0.00556875616488185,0.52,0.52,0.48,0
50.48,0.00567268949126753,0.52,0.52,0.48,0
50.49,0.00577572703422269,0.52,0.52,0.48,0
50.5,0.00587785252292474,0.52,0.52,0.48,0
50.51,0.00597904983057513,0.52,0.52,0.48,0
50.52,0.00607930297694599,0.52,0.52,0.48,0
50.53,0.00617859613090333,0.52,0.52,0.48,0
50.54,0.00627691361290699,0.52,0.52,0.48,0
50.55,0.00637423989748688,0.52,0.52,0.48,0
50.56,0.00647055961569447,0.52,0.52,0.48,0
50.57,0.00656585755752953,0.52,0.52,0.48,0
50.58,0.00666011867434248,0.52,0.52,0.48,0
50.59,0.0067533280812102,0.52,0.52,0.48,0
50.6,0.00684547105928689,0.52,0.52,0.48,0
50.61,0.00693653305812805,0.52,0.52,0.48,0
50.62,0.00702649969798843,0.52,0.52,0.48,0
50.63,0.00711535677209284,0.52,0.52,0.48,0
50.64,0.00720309024887905,0.52,0.52,0.48,0
50.65,0.00728968627421409,0.52,0.52,0.48,0
50.66,0.00737513117358171,0.52,0.52,0.48,0
50.67,0.00745941145424184,0.52,0.52,0.48,0
50.68,0.007542513807361,0.52,0.52,0.48,0
50.69,0.00762442511011444,0.52,0.52,0.48,0
50.7,0.00770513242775784,0.52,0.52,0.48,0
50.71,0.00778462301567023,0.52,0.52,0.48,0
50.72,0.00786288432136618,0.52,0.52,0.48,0
50.73,0.00793990398647829,0.52,0.52,0.48,0
50.74,0.00801566984870875,0.52,0.52,0.48,0
50.75,0.00809016994374945,0.52,0.52,0.48,0
50.76,0.00816339250717181,0.52,0.52,0.48,0
50.77,0.00823532597628424,0.52,0.52,0.48,0
50.78,0.00830595899195813,0.52,0.52,0.48,0
50.79,0.00837528040042142,0.52,0.52,0.48,0
50.8,0.00844327925502011,0.52,0.52,0.48,0
50.81,0.00850994481794691,0.52,0.52,0.48,0
50.82,0.00857526656193651,0.52,0.52,0.48,0
50.83,0.00863923417192834,0.52,0.52,0.48,0
50.84,0.00870183754669524,0.52,0.52,0.48,0
50.85,0.00876306680043865,0.52,0.52,0.48,0
50.86,0.00882291226434951,0.52,0.52,0.48,0
50.87,0.00888136448813542,0.52,0.52,0.48,0
50.88,0.00893841424151264,0.52,0.52,0.48,0
50.89,0.00899405251566371,0.52,0.52,0.48,0
50.9,0.00904827052466019,0.52,0.52,0.48,0
50.91,0.00910105970684992,0.52,0.52,0.48,0
50.92,0.00915241172620916,0.52,0.52,0.48,0
50.93,0.00920231847365872,0.52,0.52,0.48,0
50.94,0.00925077206834456,0.52,0.52,0.48,0
50.95,0.00929776485888252,0.52,0.52,0.48,0
50.96,0.0093432894245661,0.52,0.52,0.48,0
50.97,0.00938733857653874,0.52,0.52,0.48,0
50.98,0.00942990535892862,0.52,0.52,0.48,0
50.99,0.00947098304994744,0.52,0.52,0.48,0
51,0.00951056516295151,0.52,0.52,0.48,0
51.01,0.00954864544746642,0.52,0.52,0.48,0
51.02,0.00958521789017373,0.52,0.52,0.48,0
51.03,0.00962027671586085,0.52,0.52,0.48,0
51.04,0.00965381638833274,0.52,0.52,0.48,0
51.05,0.00968583161128629,0.52,0.52,0.48,0
51.06,0.00971631732914674,0.52,0.52,0.48,0
51.07,0.00974526872786575,0.52,0.52,0.48,0
51.08,0.00977268123568193,0.52,0.52,0.48,0
51.09,0.00979855052384245,0.52,0.52,0.48,0
51.1,0.00982287250728688,0.52,0.52,0.48,0
51.11,0.00984564334529206,0.52,0.52,0.48,0
51.12,0.00986685944207867,0.52,0.52,0.48,0
51.13,0.00988651744737914,0.52,0.52,0.48,0
51.14,0.0099046142569665,0.52,0.52,0.48,0
51.15,0.00992114701314478,0.52,0.52,0.48,0
51.16,0.00993611310520008,0.52,0.52,0.48,0
51.17,0.009949510169813,0.52,0.52,0.48,0
51.18,0.00996133609143172,0.52,0.52,0.48,0
51.19,0.00997158900260614,0.52,0.52,0.48,0
51.2,0.00998026728428272,0.52,0.52,0.48,0
51.21,0.00998736956606017,0.52,0.52,0.48,0
51.22,0.00999289472640589,0.52,0.52,0.48,0
51.23,0.009996841892833,0.52,0.52,0.48,0
51.24,0.00999921044203816,0.52,0.52,0.48,0
51.25,0.01,0.52,0.52,0.48,0
51.26,0.00999921044203816,0.52,0.52,0.48,0
51.27,0.009996841892833,0.52,0.52,0.48,0
51.28,0.00999289472640589,0.52,0.52,0.48,0
51.29,0.00998736956606017,0.52,0.52,0.48,0
51.3,0.00998026728428272,0.52,0.52,0.48,0
51.31,0.00997158900260614,0.52,0.52,0.48,0
51.32,0.00996133609143173,0.52,0.52,0.48,0
51.33,0.009949510169813,0.52,0.52,0.48,0
51.34,0.00993611310520009,0.52,0.52,0.48,0
51.35,0.00992114701314478,0.52,0.52,0.48,0
51.36,0.00990461425696653,0.52,0.52,0.48,0
51.37,0.00988651744737915,0.52,0.52,0.48,0
51.38,0.00986685944207867,0.52,0.52,0.48,0
51.39,0.00984564334529206,0.52,0.52,0.48,0
51.4,0.00982287250728688,0.52,0.52,0.48,0
51.41,0.00979855052384248,0.52,0.52,0.48,0
51.42,0.00977268123568193,0.52,0.52,0.48,0
51.43,0.00974526872786579,0.52,0.52,0.48,0
51.44,0.00971631732914674,0.52,0.52,0.48,0
51.45,0.0096858316112863,0.52,0.52,0.48,0
51.46,0.00965381638833275,0.52,0.52,0.48,0
51.47,0.00962027671586089,0.52,0.52,0.48,0
51.48,0.00958521789017377,0.52,0.52,0.48,0
51.49,0.00954864544746642,0.52,0.52,0.48,0
51.5,0.00951056516295155,0.52,0.52,0.48,0
51.51,0.00947098304994744,0.52,0.52,0.48,0
51.52,0.00942990535892867,0.52,0.52,0.48,0
51.53,0.00938733857653875,0.52,0.52,0.48,0
51.54,0.00934328942456615,0.52,0.52,0.48,0
51.55,0.00929776485888252,0.52,0.52,0.48,0
51.56,0.00925077206834457,0.52,0.52,0.48,0
51.57,0.00920231847365872,0.52,0.52,0.48,0
51.58,0.00915241172620917,0.52,0.52,0.48,0
51.59,0.00910105970684998,0.52,0.52,0.48,0
51.6,0.00904827052466019,0.52,0.52,0.48,0
51.61,0.00899405251566374,0.52,0.52,0.48,0
51.62,0.00893841424151264,0.52,0.52,0.48,0
51.63,0.00888136448813542,0.52,0.52,0.48,0
51.64,0.00882291226434955,0.52,0.52,0.48,0
51.65,0.00876306680043869,0.52,0.52,0.48,0
51.66,0.00870183754669528,0.52,0.52,0.48,0
51.67,0.00863923417192834,0.52,0.52,0.48,0
51.68,0.00857526656193655,0.52,0.52,0.48,0
51.69,0.00850994481794692,0.52,0.52,0.48,0
51.7,0.00844327925502012,0.52,0.52,0.48,0
51.71,0.00837528040042142,0.52,0.52,0.48,0
51.72,0.00830595899195818,0.52,0.52,0.48,0
51.73,0.00823532597628429,0.52,0.52,0.48,0
51.74,0.00816339250717182,0.52,0.52,0.48,0
51.75,0.0080901699437495,0.52,0.52,0.48,0
51.76,0.00801566984870875,0.52,0.52,0.48,0
51.77,0.00793990398647839,0.52,0.52,0.48,0
51.78,0.00786288432136619,0.52,0.52,0.48,0
51.79,0.00778462301567028,0.52,0.52,0.48,0
51.8,0.0077051324277579,0.52,0.52,0.48,0
51.81,0.00762442511011444,0.52,0.52,0.48,0
51.82,0.00754251380736106,0.52,0.52,0.48,0
51.83,0.00745941145424189,0.52,0.52,0.48,0
51.84,0.00737513117358177,0.52,0.52,0.48,0
51.85,0.0072896862742141,0.52,0.52,0.48,0
51.86,0.00720309024887911,0.52,0.52,0.48,0
51.87,0.00711535677209285,0.52,0.52,0.48,0
51.88,0.00702649969798844,0.52,0.52,0.48,0
51.89,0.00693653305812806,0.52,0.52,0.48,0
51.9,0.00684547105928695,0.52,0.52,0.48,0
51.91,0.00675332808121026,0.52,0.52,0.48,0
51.92,0.00666011867434249,0.52,0.52,0.48,0
51.93,0.0065658575575296,0.52,0.52,0.48,0
51.94,0.00647055961569454,0.52,0.52,0.48,0
51.95,0.00637423989748694,0.52,0.52,0.48,0
51.96,0.006276913612907,0.52,0.52,0.48,0
51.97,0.0061785961309034,0.52,0.52,0.48,0
51.98,0.00607930297694606,0.52,0.52,0.48,0
51.99,0.00597904983057515,0.52,0.52,0.48,0
52,0.00587785252292475,0.52,0.52,0.48,0
52.01,0.00577572703422276,0.52,0.52,0.48,0
52.02,0.0056726894912676,0.52,0.52,0.48,0
52.03,0.00556875616488186,0.52,0.52,0.48,0
52.04,0.00546394346734274,0.52,0.52,0.48,0
52.05,0.00535826794978996,0.52,0.52,0.48,0
52.06,0.0052517462996129,0.52,0.52,0.48,0
52.07,0.00514439533781507,0.52,0.52,0.48,0
52.08,0.00503623201635769,0.52,0.52,0.48,0
52.09,0.00492727341548294,0.52,0.52,0.48,0
52.1,0.00481753674101712,0.52,0.52,0.48,0
52.11,0.00470703932165336,0.52,0.52,0.48,0
52.12,0.00459579860621499,0.52,0.52,0.48,0
52.13,0.00448383216090037,0.52,0.52,0.48,0
52.14,0.00437115766650932,0.52,0.52,0.48,0
52.15,0.00425779291565079,0.52,0.52,0.48,0
52.16,0.00414375580993285,0.52,0.52,0.48,0
52.17,0.00402906435713658,0.52,0.52,0.48,0
52.18,0.00391373666837205,0.52,0.52,0.48,0
52.19,0.00379779095521811,0.52,0.52,0.48,0
52.2,0.00368124552684682,0.52,0.52,0.48,0
52.21,0.00356411878713249,0.52,0.52,0.48,0
52.22,0.00344642923174522,0.52,0.52,0.48,0
52.23,0.00332819544522999,0.52,0.52,0.48,0
52.24,0.00320943609807216,0.52,0.52,0.48,0
52.25,0.00309016994374948,0.52,0.52,0.48,0
52.26,0.00297041581577043,0.52,0.52,0.48,0
52.27,0.00285019262469978,0.52,0.52,0.48,0
52.28,0.00272951935517321,0.52,0.52,0.48,0
52.29,0.00260841506289901,0.52,0.52,0.48,0
52.3,0.00248689887164866,0.52,0.52,0.48,0
52.31,0.0023649899702373,0.52,0.52,0.48,0
52.32,0.0022427076094938,0.52,0.52,0.48,0
52.33,0.00212007109922062,0.52,0.52,0.48,0
52.34,0.00199709980514408,0.52,0.52,0.48,0
52.35,0.00187381314585719,0.52,0.52,0.48,0
52.36,0.00175023058975278,0.52,0.52,0.48,0
52.37,0.00162637165194894,0.52,0.52,0.48,0
52.38,0.00150225589120761,0.52,0.52,0.48,0
52.39,0.00137790290684636,0.52,0.52,0.48,0
52.4,0.0012533323356431,0.52,0.52,0.48,0
52.41,0.00112856384873495,0.52,0.52,0.48,0
52.42,0.00100361714851222,0.52,0.52,0.48,0
52.43,0.000878511965507438,0.52,0.52,0.48,0
52.44,0.000753268055279412,0.52,0.52,0.48,0
52.45,0.000627905195293156,0.52,0.52,0.48,0
52.46,0.000502443181797655,0.52,0.52,0.48,0
52.47,0.000376901826699383,0.52,0.52,0.48,0
52.48,0.000251300954433491,0.52,0.52,0.48,0
52.49,0.00012566039883358,0.52,0.52,0.48,0
52.5,-9.80955400591059e-18,0.52,0.52,0.48,0
52.51,-0.000125660398833457,0.52,0.52,0.48,0
52.52,-0.000251300954433369,0.52,0.52,0.48,0
52.53,-0.000376901826699403,0.52,0.52,0.48,0
52.54,-0.000502443181797674,0.52,0.52,0.48,0
52.55,-0.000627905195293034,0.52,0.52,0.48,0
52.56,-0.00075326805527929,0.52,0.52,0.48,0
52.57,-0.000878511965507458,0.52,0.52,0.48,0
52.58,-0.0010036171485121,0.52,0.52,0.48,0
52.59,-0.00112856384873469,0.52,0.52,0.48,0
52.6,-0.00125333233564297,0.52,0.52,0.48,0
52.61,-0.00137790290684638,0.52,0.52,0.48,0
52.62,-0.00150225589120749,0.52,0.52,0.48,0
52.63,-0.00162637165194882,0.52,0.52,0.48,0
52.64,-0.0017502305897528,0.52,0.52,0.48,0
52.65,-0.00187381314585721,0.52,0.52,0.48,0
52.66,-0.00199709980514396,0.52,0.52,0.48,0
52.67,-0.0021200710992205,0.52,0.52,0.48,0
52.68,-0.00224270760949382,0.52,0.52,0.48,0
52.69,-0.00236498997023718,0.52,0.52,0.48,0
52.7,-0.00248689887164854,0.52,0.52,0.48,0
52.71,-0.00260841506289889,0.52,0.52,0.48,0
52.72,-0.00272951935517323,0.52,0.52,0.48,0
52.73,-0.00285019262469967,0.52,0.52,0.48,0
52.74,-0.00297041581577031,0.52,0.52,0.48,0
52.75,-0.0030901699437495,0.52,0.52,0.48,0
52.76,-0.00320943609807205,0.52,0.52,0.48,0
52.77,-0.00332819544522974,0.52,0.52,0.48,0
52.78,-0.00344642923174511,0.52,0.52,0.48,0
52.79,-0.0035641187871325,0.52,0.52,0.48,0
52.8,-0.0036812455268467,0.52,0.52,0.48,0
52.81,-0.00379779095521799,0.52,0.52,0.48,0
52.82,-0.00391373666837206,0.52,0.52,0.48,0
52.83,-0.0040290643571366,0.52,0.52,0.48,0
52.84,-0.00414375580993274,0.52,0.52,0.48,0
52.85,-0.00425779291565068,0.52,0.52,0.48,0
52.86,-0.00437115766650934,0.52,0.52,0.48,0
52.87,-0.00448383216090026,0.52,0.52,0.48,0
52.88,-0.00459579860621488,0.52,0.52,0.48,0
52.89,-0.00470703932165325,0.52,0.52,0.48,0
52.9,-0.00481753674101714,0.52,0.52,0.48,0
52.91,-0.00492727341548283,0.52,0.52,0.48,0
52.92,-0.00503623201635758,0.52,0.52,0.48,0
52.93,-0.00514439533781509,0.52,0.52,0.48,0
52.94,-0.00525174629961292,0.52,0.52,0.48,0
52.95,-0.00535826794978998,0.52,0.52,0.48,0
52.96,-0.00546394346734264,0.52,0.52,0.48,0
52.97,-0.00556875616488188,0.52,0.52,0.48,0
52.98,-0.0056726894912675,0.52,0.52,0.48,0
52.99,-0.00577572703422266,0.52,0.52,0.48,0
53,-0.00587785252292477,0.52,0.52,0.48,0
53.01,-0.00597904983057516,0.52,0.52,0.48,0
53.02,-0.00607930297694597,0.52,0.52,0.48,0
53.03,-0.0061785961309033,0.52,0.52,0.48,0
53.04,-0.00627691361290702,0.52,0.52,0.48,0
53.05,-0.00637423989748685,0.52,0.52,0.48,0
53.06,-0.00647055961569444,0.52,0.52,0.48,0
53.07,-0.0065658575575295,0.52,0.52,0.48,0
53.08,-0.0066601186743425,0.52,0.52,0.48,0
53.09,-0.00675332808121028,0.52,0.52,0.48,0
53.1,-0.00684547105928686,0.52,0.52,0.48,0
53.11,-0.00693653305812807,0.52,0.52,0.48,0
53.12,-0.00702649969798856,0.52,0.52,0.48,0
53.13,-0.00711535677209276,0.52,0.52,0.48,0
53.14,-0.00720309024887902,0.52,0.52,0.48,0
53.15,-0.00728968627421411,0.52,0.52,0.48,0
53.16,-0.00737513117358168,0.52,0.52,0.48,0
53.17,-0.00745941145424181,0.52,0.52,0.48,0
53.18,-0.00754251380736098,0.52,0.52,0.48,0
53.19,-0.00762442511011446,0.52,0.52,0.48,0
53.2,-0.00770513242775791,0.52,0.52,0.48,0
53.21,-0.0077846230156702,0.52,0.52,0.48,0
53.22,-0.0078628843213662,0.52,0.52,0.48,0
53.23,-0.0079399039864784,0.52,0.52,0.48,0
53.24,-0.00801566984870868,0.52,0.52,0.48,0
53.25,-0.00809016994374943,0.52,0.52,0.48,0
53.26,-0.00816339250717183,0.52,0.52,0.48,0
53.27,-0.00823532597628422,0.52,0.52,0.48,0
53.28,-0.00830595899195811,0.52,0.52,0.48,0
53.29,-0.00837528040042143,0.52,0.52,0.48,0
53.3,-0.00844327925502013,0.52,0.52,0.48,0
53.31,-0.00850994481794693,0.52,0.52,0.48,0
53.32,-0.00857526656193649,0.52,0.52,0.48,0
53.33,-0.00863923417192835,0.52,0.52,0.48,0
53.34,-0.00870183754669529,0.52,0.52,0.48,0
53.35,-0.00876306680043856,0.52,0.52,0.48,0
53.36,-0.00882291226434949,0.52,0.52,0.48,0
53.37,-0.00888136448813543,0.52,0.52,0.48,0
53.38,-0.00893841424151259,0.52,0.52,0.48,0
53.39,-0.00899405251566369,0.52,0.52,0.48,0
53.4,-0.0090482705246602,0.52,0.52,0.48,0
53.41,-0.00910105970684993,0.52,0.52,0.48,0
53.42,-0.00915241172620918,0.52,0.52,0.48,0
53.43,-0.00920231847365867,0.52,0.52,0.48,0
53.44,-0.00925077206834458,0.52,0.52,0.48,0
53.45,-0.00929776485888253,0.52,0.52,0.48,0
53.46,-0.00934328942456611,0.52,0.52,0.48,0
53.47,-0.0093873385765387,0.52,0.52,0.48,0
53.48,-0.00942990535892863,0.52,0.52,0.48,0
53.49,-0.0094709830499474,0.52,0.52,0.48,0
53.5,-0.00951056516295152,0.52,0.52,0.48,0
53.51,-0.00954864544746643,0.52,0.52,0.48,0
53.52,-0.00958521789017374,0.52,0.52,0.48,0
53.53,-0.00962027671586086,0.52,0.52,0.48,0
53.54,-0.00965381638833271,0.52,0.52,0.48,0
53.55,-0.0096858316112863,0.52,0.52,0.48,0
53.56,-0.00971631732914675,0.52,0.52,0.48,0
53.57,-0.00974526872786576,0.52,0.52,0.48,0
53.58,-0.00977268123568194,0.52,0.52,0.48,0
53.59,-0.00979855052384248,0.52,0.52,0.48,0
53.6,-0.00982287250728686,0.52,0.52,0.48,0
53.61,-0.00984564334529204,0.52,0.52,0.48,0
53.62,-0.00986685944207868,0.52,0.52,0.48,0
53.63,-0.00988651744737913,0.52,0.52,0.48,0
53.64,-0.00990461425696651,0.52,0.52,0.48,0
53.65,-0.00992114701314476,0.52,0.52,0.48,0
53.66,-0.00993611310520008,0.52,0.52,0.48,0
53.67,-0.009949510169813,0.52,0.52,0.48,0
53.68,-0.00996133609143172,0.52,0.52,0.48,0
53.69,-0.00997158900260614,0.52,0.52,0.48,0
53.7,-0.00998026728428272,0.52,0.52,0.48,0
53.71,-0.00998736956606018,0.52,0.52,0.48,0
53.72,-0.00999289472640589,0.52,0.52,0.48,0
53.73,-0.009996841892833,0.52,0.52,0.48,0
53.74,-0.00999921044203816,0.52,0.52,0.48,0
53.75,-0.01,0.52,0.52,0.48,0
53.76,-0.00999921044203816,0.52,0.52,0.48,0
53.77,-0.009996841892833,0.52,0.52,0.48,0
53.78,-0.00999289472640589,0.52,0.52,0.48,0
53.79,-0.00998736956606018,0.52,0.52,0.48,0
53.8,-0.00998026728428272,0.52,0.52,0.48,0
53.81,-0.00997158900260614,0.52,0.52,0.48,0
53.82,-0.00996133609143173,0.52,0.52,0.48,0
53.83,-0.00994951016981301,0.52,0.52,0.48,0
53.84,-0.00993611310520009,0.52,0.52,0.48,0
53.85,-0.00992114701314479,0.52,0.52,0.48,0
53.86,-0.00990461425696652,0.52,0.52,0.48,0
53.87,-0.00988651744737914,0.52,0.52,0.48,0
53.88,-0.00986685944207869,0.52,0.52,0.48,0
53.89,-0.00984564334529206,0.52,0.52,0.48,0
53.9,-0.0098228725072869,0.52,0.52,0.48,0
53.91,-0.00979855052384247,0.52,0.52,0.48,0
53.92,-0.00977268123568193,0.52,0.52,0.48,0
53.93,-0.00974526872786578,0.52,0.52,0.48,0
53.94,-0.00971631732914677,0.52,0.52,0.48,0
53.95,-0.00968583161128633,0.52,0.52,0.48,0
53.96,-0.00965381638833274,0.52,0.52,0.48,0
53.97,-0.00962027671586088,0.52,0.52,0.48,0
53.98,-0.00958521789017376,0.52,0.52,0.48,0
53.99,-0.00954864544746646,0.52,0.52,0.48,0
54,-0.00951056516295154,0.52,0.52,0.48,0
54.01,-0.00947098304994748,0.52,0.52,0.48,0
54.02,-0.00942990535892866,0.52,0.52,0.48,0
54.03,-0.00938733857653873,0.52,0.52,0.48,0
54.04,-0.00934328942456614,0.52,0.52,0.48,0
54.05,-0.00929776485888251,0.52,0.52,0.48,0
54.06,-0.00925077206834455,0.52,0.52,0.48,0
54.07,-0.00920231847365871,0.52,0.52,0.48,0
54.08,-0.00915241172620921,0.52,0.52,0.48,0
54.09,-0.00910105970684997,0.52,0.52,0.48,0
54.1,-0.00904827052466024,0.52,0.52,0.48,0
54.11,-0.00899405251566373,0.52,0.52,0.48,0
54.12,-0.00893841424151263,0.52,0.52,0.48,0
54.13,-0.00888136448813547,0.52,0.52,0.48,0
54.14,-0.00882291226434953,0.52,0.52,0.48,0
54.15,-0.00876306680043867,0.52,0.52,0.48,0
54.16,-0.00870183754669526,0.52,0.52,0.48,0
54.17,-0.00863923417192833,0.52,0.52,0.48,0
54.18,-0.00857526656193654,0.52,0.52,0.48,0
54.19,-0.00850994481794697,0.52,0.52,0.48,0
54.2,-0.00844327925502017,0.52,0.52,0.48,0
54.21,-0.0083752804004214,0.52,0.52,0.48,0
54.22,-0.00830595899195816,0.52,0.52,0.48,0
54.23,-0.00823532597628427,0.52,0.52,0.48,0
54.24,-0.00816339250717188,0.52,0.52,0.48,0
54.25,-0.00809016994374948,0.52,0.52,0.48,0
54.26,-0.00801566984870882,0.52,0.52,0.48,0
54.27,-0.00793990398647837,0.52,0.52,0.48,0
54.28,-0.00786288432136617,0.52,0.52,0.48,0
54.29,-0.00778462301567026,0.52,0.52,0.48,0
54.3,-0.00770513242775797,0.52,0.52,0.48,0
54.31,-0.00762442511011451,0.52,0.52,0.48,0
54.32,-0.00754251380736103,0.52,0.52,0.48,0
54.33,-0.00745941145424187,0.52,0.52,0.48,0
54.34,-0.00737513117358175,0.52,0.52,0.48,0
54.35,-0.00728968627421418,0.52,0.52,0.48,0
54.36,-0.00720309024887909,0.52,0.52,0.48,0
54.37,-0.00711535677209283,0.52,0.52,0.48,0
54.38,-0.00702649969798852,0.52,0.52,0.48,0
54.39,-0.00693653305812803,0.52,0.52,0.48,0
54.4,-0.00684547105928693,0.52,0.52,0.48,0
54.41,-0.00675332808121034,0.52,0.52,0.48,0
54.42,-0.00666011867434257,0.52,0.52,0.48,0
54.43,-0.00656585755752957,0.52,0.52,0.48,0
54.44,-0.00647055961569451,0.52,0.52,0.48,0
54.45,-0.00637423989748691,0.52,0.52,0.48,0
54.46,-0.00627691361290697,0.52,0.52,0.48,0
54.47,-0.00617859613090337,0.52,0.52,0.48,0
54.48,-0.00607930297694604,0.52,0.52,0.48,0
54.49,-0.00597904983057523,0.52,0.52,0.48,0
54.5,-0.00587785252292472,0.52,0.52,0.48,0
54.51,-0.00577572703422273,0.52,0.52,0.48,0
54.52,-0.00567268949126757,0.52,0.52,0.48,0
54.53,-0.00556875616488183,0.52,0.52,0.48,0
54.54,-0.00546394346734271,0.52,0.52,0.48,0
54.55,-0.00535826794979005,0.52,0.52,0.48,0
54.56,-0.00525174629961299,0.52,0.52,0.48,0
54.57,-0.00514439533781504,0.52,0.52,0.48,0
54.58,-0.00503623201635765,0.52,0.52,0.48,0
54.59,-0.00492727341548291,0.52,0.52,0.48,0
54.6,-0.00481753674101721,0.52,0.52,0.48,0
54.61,-0.00470703932165333,0.52,0.52,0.48,0
54.62,-0.00459579860621483,0.52,0.52,0.48,0
54.63,-0.00448383216090034,0.52,0.52,0.48,0
54.64,-0.00437115766650929,0.52,0.52,0.48,0
54.65,-0.00425779291565076,0.52,0.52,0.48,0
54.66,-0.00414375580993295,0.52,0.52,0.48,0
54.67,-0.00402906435713668,0.52,0.52,0.48,0
54.68,-0.00391373666837201,0.52,0.52,0.48,0
54.69,-0.00379779095521807,0.52,0.52,0.48,0
54.7,-0.00368124552684678,0.52,0.52,0.48,0
54.71,-0.00356411878713259,0.52,0.52,0.48,0
54.72,-0.00344642923174519,0.52,0.52,0.48,0
54.73,-0.00332819544522983,0.52,0.52,0.48,0
54.74,-0.00320943609807213,0.52,0.52,0.48,0
54.75,-0.00309016994374945,0.52,0.52,0.48,0
54.76,-0.0029704158157704,0.52,0.52,0.48,0
54.77,-0.00285019262469989,0.52,0.52,0.48,0
54.78,-0.00272951935517332,0.52,0.52,0.48,0
54.79,-0.00260841506289897,0.52,0.52,0.48,0
54.8,-0.00248689887164863,0.52,0.52,0.48,0
54.81,-0.00236498997023727,0.52,0.52,0.48,0
54.82,-0.00224270760949377,0.52,0.52,0.48,0
54.83,-0.00212007109922058,0.52,0.52,0.48,0
54.84,-0.00199709980514404,0.52,0.52,0.48,0
54.85,-0.0018738131458573,0.52,0.52,0.48,0
54.86,-0.00175023058975275,0.52,0.52,0.48,0
54.87,-0.00162637165194876,0.52,0.52,0.48,0
54.88,-0.00150225589120772,0.52,0.52,0.48,0
54.89,-0.00137790290684646,0.52,0.52,0.48,0
54.9,-0.00125333233564306,0.52,0.52,0.48,0
54.91,-0.00112856384873491,0.52,0.52,0.48,0
54.92,-0.00100361714851218,0.52,0.52,0.48,0
54.93,-0.000878511965507404,0.52,0.52,0.48,0
54.94,-0.000753268055279378,0.52,0.52,0.48,0
54.95,-0.000627905195293122,0.52,0.52,0.48,0
54.96,-0.000502443181797762,0.52,0.52,0.48,0
54.97,-0.000376901826699349,0.52,0.52,0.48,0
54.98,-0.000251300954433315,0.52,0.52,0.48,0
54.99,-0.000125660398833687,0.52,0.52,0.48,0
55,-9.79965031572518e-17,0.52,0.52,0.48,0
55.01,0.000125660398833491,0.52,0.52,0.48,0
55.02,0.000251300954433261,0.52,0.52,0.48,0
55.03,0.000376901826699295,0.52,0.52,0.48,0
55.04,0.000502443181797708,0.52,0.52,0.48,0
55.05,0.000627905195293068,0.52,0.52,0.48,0
55.06,0.000753268055279324,0.52,0.52,0.48,0
55.07,0.00087851196550735,0.52,0.52,0.48,0
55.08,0.00100361714851213,0.52,0.52,0.48,0
55.09,0.00112856384873486,0.52,0.52,0.48,0
55.1,0.00125333233564301,0.52,0.52,0.48,0
55.11,0.00137790290684641,0.52,0.52,0.48,0
55.12,0.00150225589120766,0.52,0.52,0.48,0
55.13,0.00162637165194871,0.52,0.52,0.48,0
55.14,0.0017502305897527,0.52,0.52,0.48,0
55.15,0.00187381314585724,0.52,0.52,0.48,0
55.16,0.00199709980514399,0.52,0.52,0.48,0
55.17,0.00212007109922053,0.52,0.52,0.48,0
55.18,0.00224270760949372,0.52,0.52,0.48,0
55.19,0.00236498997023721,0.52,0.52,0.48,0
55.2,0.00248689887164858,0.52,0.52,0.48,0
55.21,0.00260841506289892,0.52,0.52,0.48,0
55.22,0.00272951935517327,0.52,0.52,0.48,0
55.23,0.00285019262469984,0.52,0.52,0.48,0
55.24,0.00297041581577021,0.52,0.52,0.48,0
55.25,0.0030901699437494,0.52,0.52,0.48,0
55.26,0.00320943609807208,0.52,0.52,0.48,0
55.27,0.00332819544522978,0.52,0.52,0.48,0
55.28,0.00344642923174514,0.52,0.52,0.48,0
55.29,0.00356411878713254,0.52,0.52,0.48,0
55.3,0.00368124552684673,0.52,0.52,0.48,0
55.31,0.00379779095521803,0.52,0.52,0.48,0
55.32,0.00391373666837197,0.52,0.52,0.48,0
55.33,0.00402906435713663,0.52,0.52,0.48,0
55.34,0.0041437558099329,0.52,0.52,0.48,0
55.35,0.00425779291565058,0.52,0.52,0.48,0
55.36,0.00437115766650924,0.52,0.52,0.48,0
55.37,0.00448383216090029,0.52,0.52,0.48,0
55.38,0.00459579860621478,0.52,0.52,0.48,0
55.39,0.00470703932165328,0.52,0.52,0.48,0
55.4,0.00481753674101717,0.52,0.52,0.48,0
55.41,0.00492727341548286,0.52,0.52,0.48,0
55.42,0.00503623201635761,0.52,0.52,0.48,0
55.43,0.005144395337815,0.52,0.52,0.48,0
55.44,0.00525174629961294,0.52,0.52,0.48,0
55.45,0.00535826794979001,0.52,0.52,0.48,0
55.46,0.00546394346734266,0.52,0.52,0.48,0
55.47,0.00556875616488179,0.52,0.52,0.48,0
55.48,0.00567268949126753,0.52,0.52,0.48,0
55.49,0.00577572703422257,0.52,0.52,0.48,0
55.5,0.00587785252292468,0.52,0.52,0.48,0
55.51,0.00597904983057519,0.52,0.52,0.48,0
55.52,0.00607930297694599,0.52,0.52,0.48,0
55.53,0.00617859613090333,0.52,0.52,0.48,0
55.54,0.00627691361290693,0.52,0.52,0.48,0
55.55,0.00637423989748687,0.52,0.52,0.48,0
55.56,0.00647055961569447,0.52,0.52,0.48,0
55.57,0.00656585755752953,0.52,0.52,0.48,0
55.58,0.00666011867434253,0.52,0.52,0.48,0
55.59,0.0067533280812103,0.52,0.52,0.48,0
55.6,0.00684547105928678,0.52,0.52,0.48,0
55.61,0.00693653305812799,0.52,0.52,0.48,0
55.62,0.00702649969798848,0.52,0.52,0.48,0
55.63,0.00711535677209279,0.52,0.52,0.48,0
55.64,0.00720309024887905,0.52,0.52,0.48,0
55.65,0.00728968627421404,0.52,0.52,0.48,0
55.66,0.00737513117358171,0.52,0.52,0.48,0
55.67,0.00745941145424183,0.52,0.52,0.48,0
55.68,0.007542513807361,0.52,0.52,0.48,0
55.69,0.00762442511011448,0.52,0.52,0.48,0
55.7,0.00770513242775793,0.52,0.52,0.48,0
55.71,0.00778462301567023,0.52,0.52,0.48,0
55.72,0.00786288432136613,0.52,0.52,0.48,0
55.73,0.00793990398647833,0.52,0.52,0.48,0
55.74,0.0080156698487087,0.52,0.52,0.48,0
55.75,0.00809016994374945,0.52,0.52,0.48,0
55.76,0.00816339250717185,0.52,0.52,0.48,0
55.77,0.00823532597628424,0.52,0.52,0.48,0
55.78,0.00830595899195813,0.52,0.52,0.48,0
55.79,0.00837528040042138,0.52,0.52,0.48,0
55.8,0.00844327925502014,0.52,0.52,0.48,0
55.81,0.00850994481794694,0.52,0.52,0.48,0
55.82,0.00857526656193651,0.52,0.52,0.48,0
55.83,0.0086392341719283,0.52,0.52,0.48,0
55.84,0.00870183754669523,0.52,0.52,0.48,0
55.85,0.00876306680043858,0.52,0.52,0.48,0
55.86,0.0088229122643495,0.52,0.52,0.48,0
55.87,0.00888136448813545,0.52,0.52,0.48,0
55.88,0.0089384142415126,0.52,0.52,0.48,0
55.89,0.00899405251566371,0.52,0.52,0.48,0
55.9,0.00904827052466016,0.52,0.52,0.48,0
55.91,0.00910105970684995,0.52,0.52,0.48,0
55.92,0.00915241172620919,0.52,0.52,0.48,0
55.93,0.00920231847365869,0.52,0.52,0.48,0
55.94,0.00925077206834453,0.52,0.52,0.48,0
55.95,0.00929776485888249,0.52,0.52,0.48,0
55.96,0.00934328942456612,0.52,0.52,0.48,0
55.97,0.00938733857653871,0.52,0.52,0.48,0
55.98,0.00942990535892864,0.52,0.52,0.48,0
55.99,0.00947098304994741,0.52,0.52,0.48,0
56,0.00951056516295153,0.52,0.52,0.48,0
56.01,0.0095486454474664,0.52,0.52,0.48,0
56.02,0.00958521789017375,0.52,0.52,0.48,0
56.03,0.00962027671586087,0.52,0.52,0.48,0
56.04,0.00965381638833272,0.52,0.52,0.48,0
56.05,0.00968583161128631,0.52,0.52,0.48,0
56.06,0.00971631732914676,0.52,0.52,0.48,0
56.07,0.00974526872786577,0.52,0.52,0.48,0
56.08,0.00977268123568192,0.52,0.52,0.48,0
56.09,0.00979855052384246,0.52,0.52,0.48,0
56.1,0.00982287250728687,0.52,0.52,0.48,0
56.11,0.00984564334529205,0.52,0.52,0.48,0
56.12,0.00986685944207868,0.52,0.52,0.48,0
56.13,0.00988651744737913,0.52,0.52,0.48,0
56.14,0.00990461425696651,0.52,0.52,0.48,0
56.15,0.00992114701314477,0.52,0.52,0.48,0
56.16,0.00993611310520008,0.52,0.52,0.48,0
56.17,0.00994951016981301,0.52,0.52,0.48,0
56.18,0.00996133609143172,0.52,0.52,0.48,0
56.19,0.00997158900260613,0.52,0.52,0.48,0
56.2,0.00998026728428271,0.52,0.52,0.48,0
56.21,0.00998736956606018,0.52,0.52,0.48,0
56.22,0.00999289472640589,0.52,0.52,0.48,0
56.23,0.009996841892833,0.52,0.52,0.48,0
56.24,0.00999921044203816,0.52,0.52,0.48,0
56.25,0.01,0.52,0.52,0.48,0
56.26,0.00999921044203816,0.52,0.52,0.48,0
56.27,0.009996841892833,0.52,0.52,0.48,0
56.28,0.00999289472640589,0.52,0.52,0.48,0
56.29,0.00998736956606018,0.52,0.52,0.48,0
56.3,0.00998026728428272,0.52,0.52,0.48,0
56.31,0.00997158900260614,0.52,0.52,0.48,0
56.32,0.00996133609143172,0.52,0.52,0.48,0
56.33,0.00994951016981301,0.52,0.52,0.48,0
56.34,0.00993611310520008,0.52,0.52,0.48,0
56.35,0.00992114701314479,0.52,0.52,0.48,0
56.36,0.00990461425696651,0.52,0.52,0.48,0
56.37,0.00988651744737913,0.52,0.52,0.48,0
56.38,0.00986685944207869,0.52,0.52,0.48,0
56.39,0.00984564334529205,0.52,0.52,0.48,0
56.4,0.0098228725072869,0.52,0.52,0.48,0
56.41,0.0097985505238425,0.52,0.52,0.48,0
56.42,0.00977268123568195,0.52,0.52,0.48,0
56.43,0.00974526872786577,0.52,0.52,0.48,0
56.44,0.00971631732914676,0.52,0.52,0.48,0
56.45,0.00968583161128632,0.52,0.52,0.48,0
56.46,0.00965381638833273,0.52,0.52,0.48,0
56.47,0.00962027671586087,0.52,0.52,0.48,0
56.48,0.00958521789017375,0.52,0.52,0.48,0
56.49,0.00954864544746645,0.52,0.52,0.48,0
56.5,0.00951056516295153,0.52,0.52,0.48,0
56.51,0.00947098304994747,0.52,0.52,0.48,0
56.52,0.00942990535892865,0.52,0.52,0.48,0
56.53,0.00938733857653872,0.52,0.52,0.48,0
56.54,0.00934328942456613,0.52,0.52,0.48,0
56.55,0.00929776485888255,0.52,0.52,0.48,0
56.56,0.00925077206834459,0.52,0.52,0.48,0
56.57,0.00920231847365869,0.52,0.52,0.48,0
56.58,0.0091524117262092,0.52,0.52,0.48,0
56.59,0.00910105970684995,0.52,0.52,0.48,0
56.6,0.00904827052466023,0.52,0.52,0.48,0
56.61,0.00899405251566371,0.52,0.52,0.48,0
56.62,0.00893841424151261,0.52,0.52,0.48,0
56.63,0.00888136448813546,0.52,0.52,0.48,0
56.64,0.00882291226434951,0.52,0.52,0.48,0
56.65,0.00876306680043865,0.52,0.52,0.48,0
56.66,0.00870183754669531,0.52,0.52,0.48,0
56.67,0.00863923417192838,0.52,0.52,0.48,0
56.68,0.00857526656193652,0.52,0.52,0.48,0
56.69,0.00850994481794696,0.52,0.52,0.48,0
56.7,0.00844327925502015,0.52,0.52,0.48,0
56.71,0.00837528040042146,0.52,0.52,0.48,0
56.72,0.00830595899195814,0.52,0.52,0.48,0
56.73,0.00823532597628425,0.52,0.52,0.48,0
56.74,0.00816339250717186,0.52,0.52,0.48,0
56.75,0.00809016994374946,0.52,0.52,0.48,0
56.76,0.0080156698487088,0.52,0.52,0.48,0
56.77,0.00793990398647843,0.52,0.52,0.48,0
56.78,0.00786288432136623,0.52,0.52,0.48,0
56.79,0.00778462301567024,0.52,0.52,0.48,0
56.8,0.00770513242775795,0.52,0.52,0.48,0
56.81,0.00762442511011449,0.52,0.52,0.48,0
56.82,0.00754251380736101,0.52,0.52,0.48,0
56.83,0.00745941145424185,0.52,0.52,0.48,0
56.84,0.00737513117358172,0.52,0.52,0.48,0
56.85,0.00728968627421415,0.52,0.52,0.48,0
56.86,0.00720309024887906,0.52,0.52,0.48,0
56.87,0.0071153567720928,0.52,0.52,0.48,0
56.88,0.0070264996979886,0.52,0.52,0.48,0
56.89,0.00693653305812811,0.52,0.52,0.48,0
56.9,0.0068454710592869,0.52,0.52,0.48,0
56.91,0.00675332808121032,0.52,0.52,0.48,0
56.92,0.00666011867434254,0.52,0.52,0.48,0
56.93,0.00656585755752954,0.52,0.52,0.48,0
56.94,0.00647055961569448,0.52,0.52,0.48,0
56.95,0.00637423989748689,0.52,0.52,0.48,0
56.96,0.00627691361290706,0.52,0.52,0.48,0
56.97,0.00617859613090335,0.52,0.52,0.48,0
56.98,0.00607930297694601,0.52,0.52,0.48,0
56.99,0.00597904983057532,0.52,0.52,0.48,0
57,0.0058778525229247,0.52,0.52,0.48,0
57.01,0.0057757270342227,0.52,0.52,0.48,0
57.02,0.00567268949126766,0.52,0.52,0.48,0
57.03,0.00556875616488192,0.52,0.52,0.48,0
57.04,0.00546394346734268,0.52,0.52,0.48,0
57.05,0.00535826794979002,0.52,0.52,0.48,0
57.06,0.00525174629961296,0.52,0.52,0.48,0
57.07,0.00514439533781514,0.52,0.52,0.48,0
57.08,0.00503623201635762,0.52,0.52,0.48,0
57.09,0.00492727341548288,0.52,0.52,0.48,0
57.1,0.00481753674101718,0.52,0.52,0.48,0
57.11,0.0047070393216533,0.52,0.52,0.48,0
57.12,0.0045957986062148,0.52,0.52,0.48,0
57.13,0.00448383216090044,0.52,0.52,0.48,0
57.14,0.00437115766650939,0.52,0.52,0.48,0
57.15,0.00425779291565073,0.52,0.52,0.48,0
57.16,0.00414375580993292,0.52,0.52,0.48,0
57.17,0.00402906435713664,0.52,0.52,0.48,0
57.18,0.00391373666837211,0.52,0.52,0.48,0
57.19,0.00379779095521804,0.52,0.52,0.48,0
57.2,0.00368124552684675,0.52,0.52,0.48,0
57.21,0.00356411878713255,0.52,0.52,0.48,0
57.22,0.00344642923174516,0.52,0.52,0.48,0
57.23,0.00332819544522979,0.52,0.52,0.48,0
57.24,0.00320943609807223,0.52,0.52,0.48,0
57.25,0.00309016994374955,0.52,0.52,0.48,0
57.26,0.00297041581577037,0.52,0.52,0.48,0
57.27,0.00285019262469985,0.52,0.52,0.48,0
57.28,0.00272951935517329,0.52,0.52,0.48,0
57.29,0.00260841506289894,0.52,0.52,0.48,0
57.3,0.0024868988716486,0.52,0.52,0.48,0
57.31,0.00236498997023723,0.52,0.52,0.48,0
57.32,0.00224270760949388,0.52,0.52,0.48,0
57.33,0.00212007109922055,0.52,0.52,0.48,0
57.34,0.00199709980514401,0.52,0.52,0.48,0
57.35,0.0018738131458574,0.52,0.52,0.48,0
57.36,0.00175023058975286,0.52,0.52,0.48,0
57.37,0.00162637165194887,0.52,0.52,0.48,0
57.38,0.00150225589120768,0.52,0.52,0.48,0
57.39,0.00137790290684643,0.52,0.52,0.48,0
57.4,0.00125333233564303,0.52,0.52,0.48,0
57.41,0.00112856384873488,0.52,0.52,0.48,0
57.42,0.00100361714851215,0.52,0.52,0.48,0
57.43,0.000878511965507512,0.52,0.52,0.48,0
57.44,0.000753268055279344,0.52,0.52,0.48,0
57.45,0.000627905195293087,0.52,0.52,0.48,0
57.46,0.000502443181797728,0.52,0.52,0.48,0
57.47,0.000376901826699457,0.52,0.52,0.48,0
57.48,0.000251300954433423,0.52,0.52,0.48,0
57.49,0.000125660398833653,0.52,0.52,0.48,0
57.5,6.36940131683941e-17,0.52,0.52,0.48,0
57.51,-0.000125660398833526,0.52,0.52,0.48,0
57.52,-0.000251300954433296,0.52,0.52,0.48,0
57.53,-0.000376901826699329,0.52,0.52,0.48,0
57.54,-0.000502443181797601,0.52,0.52,0.48,0
57.55,-0.000627905195293102,0.52,0.52,0.48,0
57.56,-0.000753268055279359,0.52,0.52,0.48,0
57.57,-0.000878511965507385,0.52,0.52,0.48,0
57.58,-0.00100361714851216,0.52,0.52,0.48,0
57.59,-0.0011285638487349,0.52,0.52,0.48,0
57.6,-0.0012533323356429,0.52,0.52,0.48,0
57.61,-0.0013779029068463,0.52,0.52,0.48,0
57.62,-0.00150225589120756,0.52,0.52,0.48,0
57.63,-0.00162637165194874,0.52,0.52,0.48,0
57.64,-0.00175023058975273,0.52,0.52,0.48,0
57.65,-0.00187381314585714,0.52,0.52,0.48,0
57.66,-0.00199709980514402,0.52,0.52,0.48,0
57.67,-0.00212007109922056,0.52,0.52,0.48,0
57.68,-0.00224270760949375,0.52,0.52,0.48,0
57.69,-0.00236498997023725,0.52,0.52,0.48,0
57.7,-0.00248689887164861,0.52,0.52,0.48,0
57.71,-0.00260841506289895,0.52,0.52,0.48,0
57.72,-0.00272951935517316,0.52,0.52,0.48,0
57.73,-0.00285019262469973,0.52,0.52,0.48,0
57.74,-0.00297041581577024,0.52,0.52,0.48,0
57.75,-0.00309016994374943,0.52,0.52,0.48,0
57.76,-0.00320943609807211,0.52,0.52,0.48,0
57.77,-0.00332819544522981,0.52,0.52,0.48,0
57.78,-0.00344642923174517,0.52,0.52,0.48,0
57.79,-0.00356411878713243,0.52,0.52,0.48,0
57.8,-0.00368124552684677,0.52,0.52,0.48,0
57.81,-0.00379779095521806,0.52,0.52,0.48,0
57.82,-0.003913736668372,0.52,0.52,0.48,0
57.83,-0.00402906435713653,0.52,0.52,0.48,0
57.84,-0.0041437558099328,0.52,0.52,0.48,0
57.85,-0.00425779291565061,0.52,0.52,0.48,0
57.86,-0.00437115766650927,0.52,0.52,0.48,0
57.87,-0.00448383216090032,0.52,0.52,0.48,0
57.88,-0.00459579860621481,0.52,0.52,0.48,0
57.89,-0.00470703932165331,0.52,0.52,0.48,0
57.9,-0.00481753674101707,0.52,0.52,0.48,0
57.91,-0.00492727341548289,0.52,0.52,0.48,0
57.92,-0.00503623201635764,0.52,0.52,0.48,0
57.93,-0.00514439533781503,0.52,0.52,0.48,0
57.94,-0.00525174629961285,0.52,0.52,0.48,0
57.95,-0.00535826794978992,0.52,0.52,0.48,0
57.96,-0.00546394346734269,0.52,0.52,0.48,0
57.97,-0.00556875616488182,0.52,0.52,0.48,0
57.98,-0.00567268949126755,0.52,0.52,0.48,0
57.99,-0.0057757270342226,0.52,0.52,0.48,0
58,-0.00587785252292471,0.52,0.52,0.48,0
58.01,-0.0059790498305751,0.52,0.52,0.48,0
58.02,-0.00607930297694602,0.52,0.52,0.48,0
58.03,-0.00617859613090336,0.52,0.52,0.48,0
58.04,-0.00627691361290696,0.52,0.52,0.48,0
58.05,-0.0063742398974869,0.52,0.52,0.48,0
58.06,-0.00647055961569449,0.52,0.52,0.48,0
58.07,-0.00656585755752956,0.52,0.52,0.48,0
58.08,-0.00666011867434245,0.52,0.52,0.48,0
58.09,-0.00675332808121022,0.52,0.52,0.48,0
58.1,-0.00684547105928681,0.52,0.52,0.48,0
58.11,-0.00693653305812802,0.52,0.52,0.48,0
58.12,-0.00702649969798851,0.52,0.52,0.48,0
58.13,-0.00711535677209281,0.52,0.52,0.48,0
58.14,-0.00720309024887907,0.52,0.52,0.48,0
58.15,-0.00728968627421406,0.52,0.52,0.48,0
58.16,-0.00737513117358173,0.52,0.52,0.48,0
58.17,-0.00745941145424186,0.52,0.52,0.48,0
58.18,-0.00754251380736102,0.52,0.52,0.48,0
58.19,-0.00762442511011441,0.52,0.52,0.48,0
58.2,-0.00770513242775786,0.52,0.52,0.48,0
58.21,-0.00778462301567025,0.52,0.52,0.48,0
58.22,-0.00786288432136615,0.52,0.52,0.48,0
58.23,-0.00793990398647836,0.52,0.52,0.48,0
58.24,-0.00801566984870872,0.52,0.52,0.48,0
58.25,-0.00809016994374947,0.52,0.52,0.48,0
58.26,-0.00816339250717179,0.52,0.52,0.48,0
58.27,-0.00823532597628426,0.52,0.52,0.48,0
58.28,-0.00830595899195815,0.52,0.52,0.48,0
58.29,-0.00837528040042139,0.52,0.52,0.48,0
58.3,-0.00844327925502009,0.52,0.52,0.48,0
58.31,-0.00850994481794689,0.52,0.52,0.48,0
58.32,-0.00857526656193652,0.52,0.52,0.48,0
58.33,-0.00863923417192832,0.52,0.52,0.48,0
58.34,-0.00870183754669525,0.52,0.52,0.48,0
58.35,-0.00876306680043859,0.52,0.52,0.48,0
58.36,-0.00882291226434952,0.52,0.52,0.48,0
58.37,-0.00888136448813546,0.52,0.52,0.48,0
58.38,-0.00893841424151262,0.52,0.52,0.48,0
58.39,-0.00899405251566372,0.52,0.52,0.48,0
58.4,-0.00904827052466017,0.52,0.52,0.48,0
58.41,-0.0091010597068499,0.52,0.52,0.48,0
58.42,-0.00915241172620915,0.52,0.52,0.48,0
58.43,-0.0092023184736587,0.52,0.52,0.48,0
58.44,-0.00925077206834455,0.52,0.52,0.48,0
58.45,-0.00929776485888251,0.52,0.52,0.48,0
58.46,-0.00934328942456614,0.52,0.52,0.48,0
58.47,-0.00938733857653873,0.52,0.52,0.48,0
58.48,-0.00942990535892865,0.52,0.52,0.48,0
58.49,-0.00947098304994743,0.52,0.52,0.48,0
58.5,-0.00951056516295154,0.52,0.52,0.48,0
58.51,-0.00954864544746641,0.52,0.52,0.48,0
58.52,-0.00958521789017376,0.52,0.52,0.48,0
58.53,-0.00962027671586087,0.52,0.52,0.48,0
58.54,-0.00965381638833273,0.52,0.52,0.48,0
58.55,-0.00968583161128629,0.52,0.52,0.48,0
58.56,-0.00971631732914673,0.52,0.52,0.48,0
58.57,-0.00974526872786578,0.52,0.52,0.48,0
58.58,-0.00977268123568192,0.52,0.52,0.48,0
58.59,-0.00979855052384247,0.52,0.52,0.48,0
58.6,-0.00982287250728687,0.52,0.52,0.48,0
58.61,-0.00984564334529205,0.52,0.52,0.48,0
58.62,-0.00986685944207869,0.52,0.52,0.48,0
58.63,-0.00988651744737914,0.52,0.52,0.48,0
58.64,-0.00990461425696652,0.52,0.52,0.48,0
58.65,-0.00992114701314477,0.52,0.52,0.48,0
58.66,-0.00993611310520007,0.52,0.52,0.48,0
58.67,-0.009949510169813,0.52,0.52,0.48,0
58.68,-0.00996133609143172,0.52,0.52,0.48,0
58.69,-0.00997158900260613,0.52,0.52,0.48,0
58.7,-0.00998026728428272,0.52,0.52,0.48,0
58.71,-0.00998736956606017,0.52,0.52,0.48,0
58.72,-0.00999289472640589,0.52,0.52,0.48,0
58.73,-0.009996841892833,0.52,0.52,0.48,0
58.74,-0.00999921044203816,0.52,0.52,0.48,0
58.75,-0.01,0.52,0.52,0.48,0
58.76,-0.00999921044203816,0.52,0.52,0.48,0
58.77,-0.009996841892833,0.52,0.52,0.48,0
58.78,-0.0099928947264059,0.52,0.52,0.48,0
58.79,-0.00998736956606018,0.52,0.52,0.48,0
58.8,-0.00998026728428272,0.52,0.52,0.48,0
58.81,-0.00997158900260614,0.52,0.52,0.48,0
58.82,-0.00996133609143172,0.52,0.52,0.48,0
58.83,-0.00994951016981301,0.52,0.52,0.48,0
58.84,-0.00993611310520008,0.52,0.52,0.48,0
58.85,-0.00992114701314479,0.52,0.52,0.48,0
58.86,-0.00990461425696651,0.52,0.52,0.48,0
58.87,-0.00988651744737913,0.52,0.52,0.48,0
58.88,-0.00986685944207871,0.52,0.52,0.48,0
58.89,-0.00984564334529207,0.52,0.52,0.48,0
58.9,-0.00982287250728689,0.52,0.52,0.48,0
58.91,-0.00979855052384249,0.52,0.52,0.48,0
58.92,-0.00977268123568194,0.52,0.52,0.48,0
58.93,-0.00974526872786577,0.52,0.52,0.48,0
58.94,-0.00971631732914675,0.52,0.52,0.48,0
58.95,-0.00968583161128631,0.52,0.52,0.48,0
58.96,-0.00965381638833276,0.52,0.52,0.48,0
58.97,-0.00962027671586086,0.52,0.52,0.48,0
58.98,-0.00958521789017374,0.52,0.52,0.48,0
58.99,-0.00954864544746648,0.52,0.52,0.48,0
59,-0.00951056516295157,0.52,0.52,0.48,0
59.01,-0.00947098304994745,0.52,0.52,0.48,0
59.02,-0.00942990535892868,0.52,0.52,0.48,0
59.03,-0.00938733857653876,0.52,0.52,0.48,0
59.04,-0.00934328942456612,0.52,0.52,0.48,0
59.05,-0.00929776485888254,0.52,0.52,0.48,0
59.06,-0.00925077206834458,0.52,0.52,0.48,0
59.07,-0.00920231847365874,0.52,0.52,0.48,0
59.08,-0.00915241172620918,0.52,0.52,0.48,0
59.09,-0.00910105970684994,0.52,0.52,0.48,0
59.1,-0.00904827052466021,0.52,0.52,0.48,0
59.11,-0.0089940525156637,0.52,0.52,0.48,0
59.12,-0.0089384142415126,0.52,0.52,0.48,0
59.13,-0.00888136448813551,0.52,0.52,0.48,0
59.14,-0.00882291226434957,0.52,0.52,0.48,0
59.15,-0.00876306680043864,0.52,0.52,0.48,0
59.16,-0.0087018375466953,0.52,0.52,0.48,0
59.17,-0.00863923417192836,0.52,0.52,0.48,0
59.18,-0.00857526656193657,0.52,0.52,0.48,0
59.19,-0.00850994481794694,0.52,0.52,0.48,0
59.2,-0.00844327925502014,0.52,0.52,0.48,0
59.21,-0.00837528040042144,0.52,0.52,0.48,0
59.22,-0.00830595899195812,0.52,0.52,0.48,0
59.23,-0.00823532597628423,0.52,0.52,0.48,0
59.24,-0.00816339250717192,0.52,0.52,0.48,0
59.25,-0.00809016994374952,0.52,0.52,0.48,0
59.26,-0.00801566984870878,0.52,0.52,0.48,0
59.27,-0.00793990398647841,0.52,0.52,0.48,0
59.28,-0.00786288432136621,0.52,0.52,0.48,0
59.29,-0.00778462301567022,0.52,0.52,0.48,0
59.3,-0.00770513242775792,0.52,0.52,0.48,0
59.31,-0.00762442511011447,0.52,0.52,0.48,0
59.32,-0.00754251380736108,0.52,0.52,0.48,0
59.33,-0.00745941145424182,0.52,0.52,0.48,0
59.34,-0.0073751311735817,0.52,0.52,0.48,0
59.35,-0.00728968627421423,0.52,0.52,0.48,0
59.36,-0.00720309024887914,0.52,0.52,0.48,0
59.37,-0.00711535677209288,0.52,0.52,0.48,0
59.38,-0.00702649969798857,0.52,0.52,0.48,0
59.39,-0.00693653305812808,0.52,0.52,0.48,0
59.4,-0.00684547105928688,0.52,0.52,0.48,0
59.41,-0.00675332808121029,0.52,0.52,0.48,0
59.42,-0.00666011867434252,0.52,0.52,0.48,0
59.43,-0.00656585755752963,0.52,0.52,0.48,0
59.44,-0.00647055961569446,0.52,0.52,0.48,0
59.45,-0.00637423989748686,0.52,0.52,0.48,0
59.46,-0.00627691361290703,0.52,0.52,0.48,0
59.47,-0.00617859613090343,0.52,0.52,0.48,0
59.48,-0.00607930297694609,0.52,0.52,0.48,0
59.49,-0.00597904983057529,0.52,0.52,0.48,0
59.5,-0.00587785252292478,0.52,0.52,0.48,0
59.51,-0.00577572703422268,0.52,0.52,0.48,0
59.52,-0.00567268949126763,0.52,0.52,0.48,0
59.53,-0.00556875616488189,0.52,0.52,0.48,0
59.54,-0.00546394346734277,0.52,0.52,0.48,0
59.55,-0.00535826794978999,0.52,0.52,0.48,0
59.56,-0.00525174629961293,0.52,0.52,0.48,0
59.57,-0.00514439533781511,0.52,0.52,0.48,0
59.58,-0.0050362320163576,0.52,0.52,0.48,0
59.59,-0.00492727341548285,0.52,0.52,0.48,0
59.6,-0.00481753674101728,0.52,0.52,0.48,0
59.61,-0.0047070393216534,0.52,0.52,0.48,0
59.62,-0.00459579860621489,0.52,0.52,0.48,0
59.63,-0.00448383216090041,0.52,0.52,0.48,0
59.64,-0.00437115766650936,0.52,0.52,0.48,0
59.65,-0.00425779291565083,0.52,0.52,0.48,0
59.66,-0.00414375580993288,0.52,0.52,0.48,0
59.67,-0.00402906435713661,0.52,0.52,0.48,0
59.68,-0.00391373666837208,0.52,0.52,0.48,0
59.69,-0.00379779095521801,0.52,0.52,0.48,0
59.7,-0.00368124552684672,0.52,0.52,0.48,0
59.71,-0.00356411878713252,0.52,0.52,0.48,0
59.72,-0.00344642923174526,0.52,0.52,0.48,0
59.73,-0.0033281954452299,0.52,0.52,0.48,0
59.74,-0.0032094360980722,0.52,0.52,0.48,0
59.75,-0.00309016994374952,0.52,0.52,0.48,0
59.76,-0.00297041581577033,0.52,0.52,0.48,0
59.77,-0.00285019262469982,0.52,0.52,0.48,0
59.78,-0.00272951935517325,0.52,0.52,0.48,0
59.79,-0.00260841506289905,0.52,0.52,0.48,0
59.8,-0.00248689887164856,0.52,0.52,0.48,0
59.81,-0.0023649899702372,0.52,0.52,0.48,0
59.82,-0.00224270760949384,0.52,0.52,0.48,0
59.83,-0.00212007109922065,0.52,0.52,0.48,0
59.84,-0.00199709980514412,0.52,0.52,0.48,0
59.85,-0.00187381314585737,0.52,0.52,0.48,0
59.86,-0.00175023058975282,0.52,0.52,0.48,0
59.87,-0.00162637165194883,0.52,0.52,0.48,0
59.88,-0.00150225589120765,0.52,0.52,0.48,0
59.89,-0.00137790290684639,0.52,0.52,0.48,0
59.9,-0.00125333233564314,0.52,0.52,0.48,0
59.91,-0.00112856384873485,0.52,0.52,0.48,0
59.92,-0.00100361714851212,0.52,0.52,0.48,0
59.93,-0.000878511965507477,0.52,0.52,0.48,0
59.94,-0.000753268055279451,0.52,0.52,0.48,0
59.95,-0.000627905195293195,0.52,0.52,0.48,0
59.96,-0.000502443181797694,0.52,0.52,0.48,0
59.97,-0.000376901826699422,0.52,0.52,0.48,0
59.98,-0.000251300954433389,0.52,0.52,0.48,0
59.99,-0.000125660398833619,0.52,0.52,0.48,0
60,-2.93915231795365e-17,0.52,0.52,0.48,0
60.01,0.000125660398833418,0.52,0.52,0.48,0
60.02,0.00025130095443333,0.52,0.52,0.48,0
60.03,0.000376901826699364,0.52,0.52,0.48,0
60.04,0.000502443181797635,0.52,0.52,0.48,0
60.05,0.000627905195293136,0.52,0.52,0.48,0
60.06,0.000753268055279393,0.52,0.52,0.48,0
60.07,0.000878511965507419,0.52,0.52,0.48,0
60.08,0.00100361714851206,0.52,0.52,0.48,0
60.09,0.00112856384873479,0.52,0.52,0.48,0
60.1,0.00125333233564294,0.52,0.52,0.48,0
60.11,0.00137790290684634,0.52,0.52,0.48,0
60.12,0.00150225589120759,0.52,0.52,0.48,0
60.13,0.00162637165194878,0.52,0.52,0.48,0
60.14,0.00175023058975276,0.52,0.52,0.48,0
60.15,0.00187381314585717,0.52,0.52,0.48,0
60.16,0.00199709980514406,0.52,0.52,0.48,0
60.17,0.0021200710992206,0.52,0.52,0.48,0
60.18,0.00224270760949378,0.52,0.52,0.48,0
60.19,0.00236498997023714,0.52,0.52,0.48,0
60.2,0.00248689887164851,0.52,0.52,0.48,0
60.21,0.00260841506289899,0.52,0.52,0.48,0
60.22,0.0027295193551732,0.52,0.52,0.48,0
60.23,0.00285019262469977,0.52,0.52,0.48,0
60.24,0.00297041581577028,0.52,0.52,0.48,0
60.25,0.00309016994374946,0.52,0.52,0.48,0
60.26,0.00320943609807201,0.52,0.52,0.48,0
60.27,0.00332819544522984,0.52,0.52,0.48,0
60.28,0.0034464292317452,0.52,0.52,0.48,0
60.29,0.00356411878713247,0.52,0.52,0.48,0
60.3,0.00368124552684667,0.52,0.52,0.48,0
60.31,0.00379779095521796,0.52,0.52,0.48,0
60.32,0.00391373666837203,0.52,0.52,0.48,0
60.33,0.00402906435713656,0.52,0.52,0.48,0
60.34,0.00414375580993283,0.52,0.52,0.48,0
60.35,0.00425779291565065,0.52,0.52,0.48,0
60.36,0.0043711576665093,0.52,0.52,0.48,0
60.37,0.00448383216090035,0.52,0.52,0.48,0
60.38,0.00459579860621484,0.52,0.52,0.48,0
60.39,0.00470703932165334,0.52,0.52,0.48,0
60.4,0.0048175367410171,0.52,0.52,0.48,0
60.41,0.0049272734154828,0.52,0.52,0.48,0
60.42,0.00503623201635754,0.52,0.52,0.48,0
60.43,0.00514439533781506,0.52,0.52,0.48,0
60.44,0.00525174629961288,0.52,0.52,0.48,0
60.45,0.00535826794978994,0.52,0.52,0.48,0
60.46,0.00546394346734272,0.52,0.52,0.48,0
60.47,0.00556875616488185,0.52,0.52,0.48,0
60.48,0.00567268949126758,0.52,0.52,0.48,0
60.49,0.00577572703422263,0.52,0.52,0.48,0
60.5,0.00587785252292474,0.52,0.52,0.48,0
60.51,0.00597904983057513,0.52,0.52,0.48,0
60.52,0.00607930297694605,0.52,0.52,0.48,0
60.53,0.00617859613090339,0.52,0.52,0.48,0
60.54,0.00627691361290698,0.52,0.52,0.48,0
60.55,0.00637423989748682,0.52,0.52,0.48,0
60.56,0.00647055961569441,0.52,0.52,0.48,0
60.57,0.00656585755752958,0.52,0.52,0.48,0
60.58,0.00666011867434247,0.52,0.52,0.48,0
60.59,0.00675332808121025,0.52,0.52,0.48,0
60.6,0.00684547105928683,0.52,0.52,0.48,0
60.61,0.00693653305812804,0.52,0.52,0.48,0
60.62,0.00702649969798853,0.52,0.52,0.48,0
60.63,0.00711535677209284,0.52,0.52,0.48,0
60.64,0.0072030902488791,0.52,0.52,0.48,0
60.65,0.00728968627421409,0.52,0.52,0.48,0
60.66,0.00737513117358166,0.52,0.52,0.48,0
60.67,0.00745941145424178,0.52,0.52,0.48,0
60.68,0.00754251380736104,0.52,0.52,0.48,0
60.69,0.00762442511011443,0.52,0.52,0.48,0
60.7,0.00770513242775789,0.52,0.52,0.48,0
60.71,0.00778462301567018,0.52,0.52,0.48,0
60.72,0.00786288432136618,0.52,0.52,0.48,0
60.73,0.00793990398647838,0.52,0.52,0.48,0
60.74,0.00801566984870874,0.52,0.52,0.48,0
60.75,0.00809016994374949,0.52,0.52,0.48,0
60.76,0.00816339250717181,0.52,0.52,0.48,0
60.77,0.0082353259762842,0.52,0.52,0.48,0
60.78,0.00830595899195809,0.52,0.52,0.48,0
60.79,0.00837528040042141,0.52,0.52,0.48,0
60.8,0.0084432792550201,0.52,0.52,0.48,0
60.81,0.00850994481794691,0.52,0.52,0.48,0
60.82,0.00857526656193654,0.52,0.52,0.48,0
60.83,0.00863923417192833,0.52,0.52,0.48,0
60.84,0.00870183754669527,0.52,0.52,0.48,0
60.85,0.00876306680043861,0.52,0.52,0.48,0
60.86,0.00882291226434954,0.52,0.52,0.48,0
60.87,0.00888136448813548,0.52,0.52,0.48,0
60.88,0.00893841424151257,0.52,0.52,0.48,0
60.89,0.00899405251566367,0.52,0.52,0.48,0
60.9,0.00904827052466019,0.52,0.52,0.48,0
60.91,0.00910105970684992,0.52,0.52,0.48,0
60.92,0.00915241172620916,0.52,0.52,0.48,0
60.93,0.00920231847365871,0.52,0.52,0.48,0
60.94,0.00925077206834456,0.52,0.52,0.48,0
60.95,0.00929776485888252,0.52,0.52,0.48,0
60.96,0.0093432894245661,0.52,0.52,0.48,0
60.97,0.00938733857653874,0.52,0.52,0.48,0
60.98,0.00942990535892867,0.52,0.52,0.48,0
60.99,0.00947098304994739,0.52,0.52,0.48,0
61,0.00951056516295155,0.52,0.52,0.48,0
61.01,0.00954864544746642,0.52,0.52,0.48,0
61.02,0.00958521789017373,0.52,0.52,0.48,0
61.03,0.00962027671586085,0.52,0.52,0.48,0
61.04,0.00965381638833274,0.52,0.52,0.48,0
61.05,0.00968583161128629,0.52,0.52,0.48,0
61.06,0.00971631732914674,0.52,0.52,0.48,0
61.07,0.00974526872786575,0.52,0.52,0.48,0
61.08,0.00977268123568193,0.52,0.52,0.48,0
61.09,0.00979855052384248,0.52,0.52,0.48,0
61.1,0.00982287250728688,0.52,0.52,0.48,0
61.11,0.00984564334529206,0.52,0.52,0.48,0
61.12,0.0098668594420787,0.52,0.52,0.48,0
61.13,0.00988651744737912,0.52,0.52,0.48,0
61.14,0.0099046142569665,0.52,0.52,0.48,0
61.15,0.00992114701314478,0.52,0.52,0.48,0
61.16,0.00993611310520008,0.52,0.52,0.48,0
61.17,0.009949510169813,0.52,0.52,0.48,0
61.18,0.00996133609143172,0.52,0.52,0.48,0
61.19,0.00997158900260614,0.52,0.52,0.48,0
61.2,0.00998026728428272,0.52,0.52,0.48,0
61.21,0.00998736956606017,0.52,0.52,0.48,0
61.22,0.00999289472640589,0.52,0.52,0.48,0
61.23,0.009996841892833,0.52,0.52,0.48,0
61.24,0.00999921044203816,0.52,0.52,0.48,0
61.25,0.01,0.52,0.52,0.48,0
61.26,0.00999921044203816,0.52,0.52,0.48,0
61.27,0.009996841892833,0.52,0.52,0.48,0
61.28,0.00999289472640589,0.52,0.52,0.48,0
61.29,0.00998736956606017,0.52,0.52,0.48,0
61.3,0.00998026728428272,0.52,0.52,0.48,0
61.31,0.00997158900260614,0.52,0.52,0.48,0
61.32,0.00996133609143173,0.52,0.52,0.48,0
61.33,0.009949510169813,0.52,0.52,0.48,0
61.34,0.00993611310520008,0.52,0.52,0.48,0
61.35,0.0099211470131448,0.52,0.52,0.48,0
61.36,0.00990461425696653,0.52,0.52,0.48,0
61.37,0.00988651744737915,0.52,0.52,0.48,0
61.38,0.0098668594420787,0.52,0.52,0.48,0
61.39,0.00984564334529206,0.52,0.52,0.48,0
61.4,0.00982287250728689,0.52,0.52,0.48,0
61.41,0.00979855052384248,0.52,0.52,0.48,0
61.42,0.00977268123568194,0.52,0.52,0.48,0
61.43,0.00974526872786579,0.52,0.52,0.48,0
61.44,0.00971631732914674,0.52,0.52,0.48,0
61.45,0.0096858316112863,0.52,0.52,0.48,0
61.46,0.00965381638833275,0.52,0.52,0.48,0
61.47,0.00962027671586089,0.52,0.52,0.48,0
61.48,0.00958521789017377,0.52,0.52,0.48,0
61.49,0.00954864544746647,0.52,0.52,0.48,0
61.5,0.00951056516295156,0.52,0.52,0.48,0
61.51,0.00947098304994744,0.52,0.52,0.48,0
61.52,0.00942990535892867,0.52,0.52,0.48,0
61.53,0.00938733857653875,0.52,0.52,0.48,0
61.54,0.00934328942456615,0.52,0.52,0.48,0
61.55,0.00929776485888253,0.52,0.52,0.48,0
61.56,0.00925077206834457,0.52,0.52,0.48,0
61.57,0.00920231847365872,0.52,0.52,0.48,0
61.58,0.00915241172620917,0.52,0.52,0.48,0
61.59,0.00910105970684992,0.52,0.52,0.48,0
61.6,0.00904827052466026,0.52,0.52,0.48,0
61.61,0.00899405251566374,0.52,0.52,0.48,0
61.62,0.00893841424151265,0.52,0.52,0.48,0
61.63,0.00888136448813549,0.52,0.52,0.48,0
61.64,0.00882291226434955,0.52,0.52,0.48,0
61.65,0.00876306680043869,0.52,0.52,0.48,0
61.66,0.00870183754669528,0.52,0.52,0.48,0
61.67,0.00863923417192835,0.52,0.52,0.48,0
61.68,0.00857526656193656,0.52,0.52,0.48,0
61.69,0.00850994481794692,0.52,0.52,0.48,0
61.7,0.00844327925502012,0.52,0.52,0.48,0
61.71,0.00837528040042143,0.52,0.52,0.48,0
61.72,0.00830595899195818,0.52,0.52,0.48,0
61.73,0.00823532597628429,0.52,0.52,0.48,0
61.74,0.0081633925071719,0.52,0.52,0.48,0
61.75,0.0080901699437495,0.52,0.52,0.48,0
61.76,0.00801566984870876,0.52,0.52,0.48,0
61.77,0.00793990398647839,0.52,0.52,0.48,0
61.78,0.00786288432136619,0.52,0.52,0.48,0
61.79,0.00778462301567028,0.52,0.52,0.48,0
61.8,0.0077051324277579,0.52,0.52,0.48,0
61.81,0.00762442511011445,0.52,0.52,0.48,0
61.82,0.00754251380736106,0.52,0.52,0.48,0
61.83,0.0074594114542419,0.52,0.52,0.48,0
61.84,0.00737513117358177,0.52,0.52,0.48,0
61.85,0.0072896862742142,0.52,0.52,0.48,0
61.86,0.00720309024887911,0.52,0.52,0.48,0
61.87,0.00711535677209285,0.52,0.52,0.48,0
61.88,0.00702649969798855,0.52,0.52,0.48,0
61.89,0.00693653305812806,0.52,0.52,0.48,0
61.9,0.00684547105928696,0.52,0.52,0.48,0
61.91,0.00675332808121027,0.52,0.52,0.48,0
61.92,0.00666011867434249,0.52,0.52,0.48,0
61.93,0.0065658575575296,0.52,0.52,0.48,0
61.94,0.00647055961569454,0.52,0.52,0.48,0
61.95,0.00637423989748695,0.52,0.52,0.48,0
61.96,0.006276913612907,0.52,0.52,0.48,0
61.97,0.0061785961309034,0.52,0.52,0.48,0
61.98,0.00607930297694607,0.52,0.52,0.48,0
61.99,0.00597904983057526,0.52,0.52,0.48,0
62,0.00587785252292476,0.52,0.52,0.48,0
62.01,0.00577572703422276,0.52,0.52,0.48,0
62.02,0.0056726894912676,0.52,0.52,0.48,0
62.03,0.00556875616488187,0.52,0.52,0.48,0
62.04,0.00546394346734274,0.52,0.52,0.48,0
62.05,0.00535826794978996,0.52,0.52,0.48,0
62.06,0.0052517462996129,0.52,0.52,0.48,0
62.07,0.00514439533781508,0.52,0.52,0.48,0
62.08,0.00503623201635769,0.52,0.52,0.48,0
62.09,0.00492727341548294,0.52,0.52,0.48,0
62.1,0.00481753674101725,0.52,0.52,0.48,0
62.11,0.00470703932165337,0.52,0.52,0.48,0
62.12,0.00459579860621486,0.52,0.52,0.48,0
62.13,0.00448383216090038,0.52,0.52,0.48,0
62.14,0.00437115766650933,0.52,0.52,0.48,0
62.15,0.0042577929156508,0.52,0.52,0.48,0
62.16,0.00414375580993285,0.52,0.52,0.48,0
62.17,0.00402906435713658,0.52,0.52,0.48,0
62.18,0.00391373666837205,0.52,0.52,0.48,0
62.19,0.00379779095521811,0.52,0.52,0.48,0
62.2,0.00368124552684682,0.52,0.52,0.48,0
62.21,0.00356411878713249,0.52,0.52,0.48,0
62.22,0.00344642923174523,0.52,0.52,0.48,0
62.23,0.00332819544522986,0.52,0.52,0.48,0
62.24,0.00320943609807217,0.52,0.52,0.48,0
62.25,0.00309016994374949,0.52,0.52,0.48,0
62.26,0.00297041581577044,0.52,0.52,0.48,0
62.27,0.00285019262469979,0.52,0.52,0.48,0
62.28,0.00272951935517322,0.52,0.52,0.48,0
62.29,0.00260841506289901,0.52,0.52,0.48,0
62.3,0.00248689887164867,0.52,0.52,0.48,0
62.31,0.0023649899702373,0.52,0.52,0.48,0
62.32,0.00224270760949381,0.52,0.52,0.48,0
62.33,0.00212007109922062,0.52,0.52,0.48,0
62.34,0.00199709980514408,0.52,0.52,0.48,0
62.35,0.00187381314585734,0.52,0.52,0.48,0
62.36,0.00175023058975279,0.52,0.52,0.48,0
62.37,0.0016263716519488,0.52,0.52,0.48,0
62.38,0.00150225589120761,0.52,0.52,0.48,0
62.39,0.00137790290684636,0.52,0.52,0.48,0
62.4,0.0012533323356431,0.52,0.52,0.48,0
62.41,0.00112856384873495,0.52,0.52,0.48,0
62.42,0.00100361714851222,0.52,0.52,0.48,0
62.43,0.000878511965507443,0.52,0.52,0.48,0
62.44,0.000753268055279417,0.52,0.52,0.48,0
62.45,0.000627905195293161,0.52,0.52,0.48,0
62.46,0.000502443181797659,0.52,0.52,0.48,0
62.47,0.000376901826699388,0.52,0.52,0.48,0
62.48,0.000251300954433354,0.52,0.52,0.48,0
62.49,0.000125660398833584,0.52,0.52,0.48,0
62.5,-4.91096680932118e-18,0.52,0.52,0.48,0
62.51,-0.000125660398833452,0.52,0.52,0.48,0
62.52,-0.000251300954433364,0.52,0.52,0.48,0
62.53,-0.000376901826699398,0.52,0.52,0.48,0
62.54,-0.000502443181797669,0.52,0.52,0.48,0
62.55,-0.000627905195293029,0.52,0.52,0.48,0
62.56,-0.000753268055279285,0.52,0.52,0.48,0
62.57,-0.000878511965507453,0.52,0.52,0.48,0
62.58,-0.00100361714851209,0.52,0.52,0.48,0
62.59,-0.00112856384873482,0.52,0.52,0.48,0
62.6,-0.00125333233564297,0.52,0.52,0.48,0
62.61,-0.00137790290684637,0.52,0.52,0.48,0
62.62,-0.00150225589120762,0.52,0.52,0.48,0
62.63,-0.00162637165194881,0.52,0.52,0.48,0
62.64,-0.0017502305897528,0.52,0.52,0.48,0
62.65,-0.00187381314585721,0.52,0.52,0.48,0
62.66,-0.00199709980514395,0.52,0.52,0.48,0
62.67,-0.00212007109922049,0.52,0.52,0.48,0
62.68,-0.00224270760949382,0.52,0.52,0.48,0
62.69,-0.00236498997023718,0.52,0.52,0.48,0
62.7,-0.00248689887164854,0.52,0.52,0.48,0
62.71,-0.00260841506289888,0.52,0.52,0.48,0
62.72,-0.00272951935517323,0.52,0.52,0.48,0
62.73,-0.0028501926246998,0.52,0.52,0.48,0
62.74,-0.00297041581577031,0.52,0.52,0.48,0
62.75,-0.0030901699437495,0.52,0.52,0.48,0
62.76,-0.00320943609807204,0.52,0.52,0.48,0
62.77,-0.00332819544522974,0.52,0.52,0.48,0
62.78,-0.0034464292317451,0.52,0.52,0.48,0
62.79,-0.0035641187871325,0.52,0.52,0.48,0
62.8,-0.0036812455268467,0.52,0.52,0.48,0
62.81,-0.00379779095521799,0.52,0.52,0.48,0
62.82,-0.00391373666837206,0.52,0.52,0.48,0
62.83,-0.00402906435713659,0.52,0.52,0.48,0
62.84,-0.00414375580993286,0.52,0.52,0.48,0
62.85,-0.00425779291565068,0.52,0.52,0.48,0
62.86,-0.00437115766650934,0.52,0.52,0.48,0
62.87,-0.00448383216090039,0.52,0.52,0.48,0
62.88,-0.00459579860621474,0.52,0.52,0.48,0
62.89,-0.00470703932165325,0.52,0.52,0.48,0
62.9,-0.00481753674101713,0.52,0.52,0.48,0
62.91,-0.00492727341548283,0.52,0.52,0.48,0
62.92,-0.00503623201635757,0.52,0.52,0.48,0
62.93,-0.00514439533781509,0.52,0.52,0.48,0
62.94,-0.00525174629961291,0.52,0.52,0.48,0
62.95,-0.00535826794978997,0.52,0.52,0.48,0
62.96,-0.00546394346734263,0.52,0.52,0.48,0
62.97,-0.00556875616488187,0.52,0.52,0.48,0
62.98,-0.00567268949126761,0.52,0.52,0.48,0
62.99,-0.00577572703422254,0.52,0.52,0.48,0
63,-0.00587785252292465,0.52,0.52,0.48,0
63.01,-0.00597904983057516,0.52,0.52,0.48,0
63.02,-0.00607930297694596,0.52,0.52,0.48,0
63.03,-0.0061785961309033,0.52,0.52,0.48,0
63.04,-0.00627691361290701,0.52,0.52,0.48,0
63.05,-0.00637423989748684,0.52,0.52,0.48,0
63.06,-0.00647055961569444,0.52,0.52,0.48,0
63.07,-0.0065658575575295,0.52,0.52,0.48,0
63.08,-0.0066601186743425,0.52,0.52,0.48,0
63.09,-0.00675332808121027,0.52,0.52,0.48,0
63.1,-0.00684547105928686,0.52,0.52,0.48,0
63.11,-0.00693653305812807,0.52,0.52,0.48,0
63.12,-0.00702649969798856,0.52,0.52,0.48,0
63.13,-0.00711535677209276,0.52,0.52,0.48,0
63.14,-0.00720309024887902,0.52,0.52,0.48,0
63.15,-0.00728968627421411,0.52,0.52,0.48,0
63.16,-0.00737513117358168,0.52,0.52,0.48,0
63.17,-0.00745941145424181,0.52,0.52,0.48,0
63.18,-0.00754251380736097,0.52,0.52,0.48,0
63.19,-0.00762442511011445,0.52,0.52,0.48,0
63.2,-0.00770513242775791,0.52,0.52,0.48,0
63.21,-0.0077846230156702,0.52,0.52,0.48,0
63.22,-0.00786288432136619,0.52,0.52,0.48,0
63.23,-0.0079399039864784,0.52,0.52,0.48,0
63.24,-0.00801566984870868,0.52,0.52,0.48,0
63.25,-0.00809016994374943,0.52,0.52,0.48,0
63.26,-0.00816339250717183,0.52,0.52,0.48,0
63.27,-0.00823532597628422,0.52,0.52,0.48,0
63.28,-0.00830595899195811,0.52,0.52,0.48,0
63.29,-0.00837528040042143,0.52,0.52,0.48,0
63.3,-0.00844327925502012,0.52,0.52,0.48,0
63.31,-0.00850994481794692,0.52,0.52,0.48,0
63.32,-0.00857526656193649,0.52,0.52,0.48,0
63.33,-0.00863923417192835,0.52,0.52,0.48,0
63.34,-0.00870183754669529,0.52,0.52,0.48,0
63.35,-0.00876306680043856,0.52,0.52,0.48,0
63.36,-0.00882291226434949,0.52,0.52,0.48,0
63.37,-0.00888136448813543,0.52,0.52,0.48,0
63.38,-0.00893841424151259,0.52,0.52,0.48,0
63.39,-0.00899405251566369,0.52,0.52,0.48,0
63.4,-0.0090482705246602,0.52,0.52,0.48,0
63.41,-0.00910105970684993,0.52,0.52,0.48,0
63.42,-0.00915241172620917,0.52,0.52,0.48,0
63.43,-0.00920231847365867,0.52,0.52,0.48,0
63.44,-0.00925077206834457,0.52,0.52,0.48,0
63.45,-0.00929776485888253,0.52,0.52,0.48,0
63.46,-0.00934328942456611,0.52,0.52,0.48,0
63.47,-0.0093873385765387,0.52,0.52,0.48,0
63.48,-0.00942990535892863,0.52,0.52,0.48,0
63.49,-0.0094709830499474,0.52,0.52,0.48,0
63.5,-0.00951056516295152,0.52,0.52,0.48,0
63.51,-0.00954864544746643,0.52,0.52,0.48,0
63.52,-0.00958521789017374,0.52,0.52,0.48,0
63.53,-0.00962027671586085,0.52,0.52,0.48,0
63.54,-0.00965381638833271,0.52,0.52,0.48,0
63.55,-0.0096858316112863,0.52,0.52,0.48,0
63.56,-0.00971631732914675,0.52,0.52,0.48,0
63.57,-0.00974526872786576,0.52,0.52,0.48,0
63.58,-0.00977268123568194,0.52,0.52,0.48,0
63.59,-0.00979855052384248,0.52,0.52,0.48,0
63.6,-0.00982287250728686,0.52,0.52,0.48,0
63.61,-0.00984564334529204,0.52,0.52,0.48,0
63.62,-0.00986685944207868,0.52,0.52,0.48,0
63.63,-0.00988651744737913,0.52,0.52,0.48,0
63.64,-0.00990461425696651,0.52,0.52,0.48,0
63.65,-0.00992114701314476,0.52,0.52,0.48,0
63.66,-0.00993611310520008,0.52,0.52,0.48,0
63.67,-0.009949510169813,0.52,0.52,0.48,0
63.68,-0.00996133609143172,0.52,0.52,0.48,0
63.69,-0.00997158900260614,0.52,0.52,0.48,0
63.7,-0.00998026728428272,0.52,0.52,0.48,0
63.71,-0.00998736956606017,0.52,0.52,0.48,0
63.72,-0.00999289472640589,0.52,0.52,0.48,0
63.73,-0.009996841892833,0.52,0.52,0.48,0
63.74,-0.00999921044203816,0.52,0.52,0.48,0
63.75,-0.01,0.52,0.52,0.48,0
63.76,-0.00999921044203816,0.52,0.52,0.48,0
63.77,-0.009996841892833,0.52,0.52,0.48,0
63.78,-0.00999289472640589,0.52,0.52,0.48,0
63.79,-0.00998736956606018,0.52,0.52,0.48,0
63.8,-0.00998026728428272,0.52,0.52,0.48,0
63.81,-0.00997158900260614,0.52,0.52,0.48,0
63.82,-0.00996133609143173,0.52,0.52,0.48,0
63.83,-0.00994951016981301,0.52,0.52,0.48,0
63.84,-0.00993611310520009,0.52,0.52,0.48,0
63.85,-0.00992114701314479,0.52,0.52,0.48,0
63.86,-0.00990461425696652,0.52,0.52,0.48,0
63.87,-0.00988651744737914,0.52,0.52,0.48,0
63.88,-0.00986685944207869,0.52,0.52,0.48,0
63.89,-0.00984564334529206,0.52,0.52,0.48,0
63.9,-0.00982287250728691,0.52,0.52,0.48,0
63.91,-0.00979855052384248,0.52,0.52,0.48,0
63.92,-0.00977268123568193,0.52,0.52,0.48,0
63.93,-0.00974526872786578,0.52,0.52,0.48,0
63.94,-0.00971631732914677,0.52,0.52,0.48,0
63.95,-0.00968583161128633,0.52,0.52,0.48,0
63.96,-0.00965381638833274,0.52,0.52,0.48,0
63.97,-0.00962027671586088,0.52,0.52,0.48,0
63.98,-0.00958521789017376,0.52,0.52,0.48,0
63.99,-0.00954864544746646,0.52,0.52,0.48,0
64,-0.00951056516295154,0.52,0.52,0.48,0
64.01,-0.00947098304994748,0.52,0.52,0.48,0
64.02,-0.00942990535892866,0.52,0.52,0.48,0
64.03,-0.00938733857653874,0.52,0.52,0.48,0
64.04,-0.00934328942456614,0.52,0.52,0.48,0
64.05,-0.00929776485888251,0.52,0.52,0.48,0
64.06,-0.00925077206834456,0.52,0.52,0.48,0
64.07,-0.00920231847365876,0.52,0.52,0.48,0
64.08,-0.00915241172620921,0.52,0.52,0.48,0
64.09,-0.00910105970684997,0.52,0.52,0.48,0
64.1,-0.00904827052466024,0.52,0.52,0.48,0
64.11,-0.00899405251566373,0.52,0.52,0.48,0
64.12,-0.00893841424151263,0.52,0.52,0.48,0
64.13,-0.00888136448813547,0.52,0.52,0.48,0
64.14,-0.00882291226434953,0.52,0.52,0.48,0
64.15,-0.0087630668004386,0.52,0.52,0.48,0
64.16,-0.00870183754669526,0.52,0.52,0.48,0
64.17,-0.00863923417192833,0.52,0.52,0.48,0
64.18,-0.00857526656193646,0.52,0.52,0.48,0
64.19,-0.00850994481794698,0.52,0.52,0.48,0
64.2,-0.00844327925502017,0.52,0.52,0.48,0
64.21,-0.00837528040042141,0.52,0.52,0.48,0
64.22,-0.00830595899195816,0.52,0.52,0.48,0
64.23,-0.00823532597628427,0.52,0.52,0.48,0
64.24,-0.00816339250717188,0.52,0.52,0.48,0
64.25,-0.00809016994374948,0.52,0.52,0.48,0
64.26,-0.00801566984870882,0.52,0.52,0.48,0
64.27,-0.00793990398647837,0.52,0.52,0.48,0
64.28,-0.00786288432136617,0.52,0.52,0.48,0
64.29,-0.00778462301567035,0.52,0.52,0.48,0
64.3,-0.00770513242775797,0.52,0.52,0.48,0
64.31,-0.00762442511011452,0.52,0.52,0.48,0
64.32,-0.00754251380736113,0.52,0.52,0.48,0
64.33,-0.00745941145424187,0.52,0.52,0.48,0
64.34,-0.00737513117358175,0.52,0.52,0.48,0
64.35,-0.00728968627421418,0.52,0.52,0.48,0
64.36,-0.00720309024887909,0.52,0.52,0.48,0
64.37,-0.00711535677209283,0.52,0.52,0.48,0
64.38,-0.00702649969798852,0.52,0.52,0.48,0
64.39,-0.00693653305812804,0.52,0.52,0.48,0
64.4,-0.00684547105928683,0.52,0.52,0.48,0
64.41,-0.00675332808121035,0.52,0.52,0.48,0
64.42,-0.00666011867434257,0.52,0.52,0.48,0
64.43,-0.00656585755752957,0.52,0.52,0.48,0
64.44,-0.00647055961569451,0.52,0.52,0.48,0
64.45,-0.00637423989748692,0.52,0.52,0.48,0
64.46,-0.00627691361290698,0.52,0.52,0.48,0
64.47,-0.00617859613090338,0.52,0.52,0.48,0
64.48,-0.00607930297694604,0.52,0.52,0.48,0
64.49,-0.00597904983057524,0.52,0.52,0.48,0
64.5,-0.00587785252292473,0.52,0.52,0.48,0
64.51,-0.00577572703422274,0.52,0.52,0.48,0
64.52,-0.00567268949126757,0.52,0.52,0.48,0
64.53,-0.00556875616488184,0.52,0.52,0.48,0
64.54,-0.00546394346734283,0.52,0.52,0.48,0
64.55,-0.00535826794979006,0.52,0.52,0.48,0
64.56,-0.00525174629961299,0.52,0.52,0.48,0
64.57,-0.00514439533781517,0.52,0.52,0.48,0
64.58,-0.00503623201635766,0.52,0.52,0.48,0
64.59,-0.00492727341548291,0.52,0.52,0.48,0
64.6,-0.00481753674101722,0.52,0.52,0.48,0
64.61,-0.00470703932165334,0.52,0.52,0.48,0
64.62,-0.00459579860621483,0.52,0.52,0.48,0
64.63,-0.00448383216090035,0.52,0.52,0.48,0
64.64,-0.0043711576665093,0.52,0.52,0.48,0
64.65,-0.00425779291565064,0.52,0.52,0.48,0
64.66,-0.00414375580993295,0.52,0.52,0.48,0
64.67,-0.00402906435713668,0.52,0.52,0.48,0
64.68,-0.00391373666837202,0.52,0.52,0.48,0
64.69,-0.00379779095521808,0.52,0.52,0.48,0
64.7,-0.00368124552684679,0.52,0.52,0.48,0
64.71,-0.00356411878713246,0.52,0.52,0.48,0
64.72,-0.0034464292317452,0.52,0.52,0.48,0
64.73,-0.00332819544522983,0.52,0.52,0.48,0
64.74,-0.00320943609807213,0.52,0.52,0.48,0
64.75,-0.00309016994374945,0.52,0.52,0.48,0
64.76,-0.00297041581577054,0.52,0.52,0.48,0
64.77,-0.00285019262469989,0.52,0.52,0.48,0
64.78,-0.00272951935517332,0.52,0.52,0.48,0
64.79,-0.00260841506289912,0.52,0.52,0.48,0
64.8,-0.00248689887164863,0.52,0.52,0.48,0
64.81,-0.00236498997023727,0.52,0.52,0.48,0
64.82,-0.00224270760949391,0.52,0.52,0.48,0
64.83,-0.00212007109922059,0.52,0.52,0.48,0
64.84,-0.00199709980514405,0.52,0.52,0.48,0
64.85,-0.0018738131458573,0.52,0.52,0.48,0
64.86,-0.00175023058975275,0.52,0.52,0.48,0
64.87,-0.00162637165194877,0.52,0.52,0.48,0
64.88,-0.00150225589120772,0.52,0.52,0.48,0
64.89,-0.00137790290684647,0.52,0.52,0.48,0
64.9,-0.00125333233564307,0.52,0.52,0.48,0
64.91,-0.00112856384873492,0.52,0.52,0.48,0
64.92,-0.00100361714851219,0.52,0.52,0.48,0
64.93,-0.000878511965507409,0.52,0.52,0.48,0
64.94,-0.000753268055279383,0.52,0.52,0.48,0
64.95,-0.000627905195293127,0.52,0.52,0.48,0
64.96,-0.000502443181797625,0.52,0.52,0.48,0
64.97,-0.000376901826699354,0.52,0.52,0.48,0
64.98,-0.00025130095443332,0.52,0.52,0.48,0
64.99,-0.000125660398833692,0.52,0.52,0.48,0
65,3.92134567981788e-17,0.52,0.52,0.48,0
65.01,0.000125660398833344,0.52,0.52,0.48,0
65.02,0.000251300954433256,0.52,0.52,0.48,0
65.03,0.00037690182669929,0.52,0.52,0.48,0
65.04,0.000502443181797562,0.52,0.52,0.48,0
65.05,0.000627905195293063,0.52,0.52,0.48,0
65.06,0.00075326805527932,0.52,0.52,0.48,0
65.07,0.000878511965507346,0.52,0.52,0.48,0
65.08,0.00100361714851213,0.52,0.52,0.48,0
65.09,0.00112856384873486,0.52,0.52,0.48,0
65.1,0.001253332335643,0.52,0.52,0.48,0
65.11,0.0013779029068464,0.52,0.52,0.48,0
65.12,0.00150225589120766,0.52,0.52,0.48,0
65.13,0.0016263716519487,0.52,0.52,0.48,0
65.14,0.00175023058975269,0.52,0.52,0.48,0
65.15,0.00187381314585724,0.52,0.52,0.48,0
65.16,0.00199709980514399,0.52,0.52,0.48,0
65.17,0.00212007109922052,0.52,0.52,0.48,0
65.18,0.00224270760949385,0.52,0.52,0.48,0
65.19,0.00236498997023721,0.52,0.52,0.48,0
65.2,0.00248689887164857,0.52,0.52,0.48,0
65.21,0.00260841506289905,0.52,0.52,0.48,0
65.22,0.00272951935517326,0.52,0.52,0.48,0
65.23,0.00285019262469983,0.52,0.52,0.48,0
65.24,0.00297041581577021,0.52,0.52,0.48,0
65.25,0.00309016994374939,0.52,0.52,0.48,0
65.26,0.00320943609807194,0.52,0.52,0.48,0
65.27,0.00332819544522977,0.52,0.52,0.48,0
65.28,0.00344642923174514,0.52,0.52,0.48,0
65.29,0.0035641187871324,0.52,0.52,0.48,0
65.3,0.00368124552684673,0.52,0.52,0.48,0
65.31,0.00379779095521802,0.52,0.52,0.48,0
65.32,0.00391373666837196,0.52,0.52,0.48,0
65.33,0.00402906435713662,0.52,0.52,0.48,0
65.34,0.00414375580993289,0.52,0.52,0.48,0
65.35,0.00425779291565058,0.52,0.52,0.48,0
65.36,0.00437115766650924,0.52,0.52,0.48,0
65.37,0.00448383216090029,0.52,0.52,0.48,0
65.38,0.00459579860621478,0.52,0.52,0.48,0
65.39,0.00470703932165328,0.52,0.52,0.48,0
65.4,0.00481753674101716,0.52,0.52,0.48,0
65.41,0.00492727341548286,0.52,0.52,0.48,0
65.42,0.0050362320163576,0.52,0.52,0.48,0
65.43,0.00514439533781511,0.52,0.52,0.48,0
65.44,0.00525174629961294,0.52,0.52,0.48,0
65.45,0.00535826794979,0.52,0.52,0.48,0
65.46,0.00546394346734278,0.52,0.52,0.48,0
65.47,0.00556875616488178,0.52,0.52,0.48,0
65.48,0.00567268949126752,0.52,0.52,0.48,0
65.49,0.00577572703422257,0.52,0.52,0.48,0
65.5,0.00587785252292468,0.52,0.52,0.48,0
65.51,0.00597904983057507,0.52,0.52,0.48,0
65.52,0.00607930297694599,0.52,0.52,0.48,0
65.53,0.00617859613090333,0.52,0.52,0.48,0
65.54,0.00627691361290693,0.52,0.52,0.48,0
65.55,0.00637423989748687,0.52,0.52,0.48,0
65.56,0.00647055961569446,0.52,0.52,0.48,0
65.57,0.00656585755752953,0.52,0.52,0.48,0
65.58,0.00666011867434253,0.52,0.52,0.48,0
65.59,0.0067533280812103,0.52,0.52,0.48,0
65.6,0.00684547105928678,0.52,0.52,0.48,0
65.61,0.00693653305812799,0.52,0.52,0.48,0
65.62,0.00702649969798848,0.52,0.52,0.48,0
65.63,0.00711535677209278,0.52,0.52,0.48,0
65.64,0.00720309024887904,0.52,0.52,0.48,0
65.65,0.00728968627421413,0.52,0.52,0.48,0
65.66,0.0073751311735817,0.52,0.52,0.48,0
65.67,0.00745941145424183,0.52,0.52,0.48,0
65.68,0.00754251380736109,0.52,0.52,0.48,0
65.69,0.00762442511011448,0.52,0.52,0.48,0
65.7,0.00770513242775793,0.52,0.52,0.48,0
65.71,0.00778462301567031,0.52,0.52,0.48,0
65.72,0.00786288432136613,0.52,0.52,0.48,0
65.73,0.00793990398647833,0.52,0.52,0.48,0
65.74,0.0080156698487087,0.52,0.52,0.48,0
65.75,0.00809016994374944,0.52,0.52,0.48,0
65.76,0.00816339250717176,0.52,0.52,0.48,0
65.77,0.00823532597628424,0.52,0.52,0.48,0
65.78,0.00830595899195813,0.52,0.52,0.48,0
65.79,0.00837528040042137,0.52,0.52,0.48,0
65.8,0.00844327925502014,0.52,0.52,0.48,0
65.81,0.00850994481794694,0.52,0.52,0.48,0
65.82,0.00857526656193643,0.52,0.52,0.48,0
65.83,0.0086392341719283,0.52,0.52,0.48,0
65.84,0.00870183754669523,0.52,0.52,0.48,0
65.85,0.00876306680043857,0.52,0.52,0.48,0
65.86,0.0088229122643495,0.52,0.52,0.48,0
65.87,0.00888136448813544,0.52,0.52,0.48,0
65.88,0.0089384142415126,0.52,0.52,0.48,0
65.89,0.0089940525156637,0.52,0.52,0.48,0
65.9,0.00904827052466022,0.52,0.52,0.48,0
65.91,0.00910105970684994,0.52,0.52,0.48,0
65.92,0.00915241172620919,0.52,0.52,0.48,0
65.93,0.00920231847365874,0.52,0.52,0.48,0
65.94,0.00925077206834453,0.52,0.52,0.48,0
65.95,0.00929776485888249,0.52,0.52,0.48,0
65.96,0.00934328942456612,0.52,0.52,0.48,0
65.97,0.00938733857653871,0.52,0.52,0.48,0
65.98,0.00942990535892864,0.52,0.52,0.48,0
65.99,0.00947098304994741,0.52,0.52,0.48,0
66,0.00951056516295153,0.52,0.52,0.48,0
66.01,0.0095486454474664,0.52,0.52,0.48,0
66.02,0.00958521789017375,0.52,0.52,0.48,0
66.03,0.00962027671586086,0.52,0.52,0.48,0
66.04,0.00965381638833272,0.52,0.52,0.48,0
66.05,0.00968583161128631,0.52,0.52,0.48,0
66.06,0.00971631732914675,0.52,0.52,0.48,0
66.07,0.00974526872786574,0.52,0.52,0.48,0
66.08,0.00977268123568192,0.52,0.52,0.48,0
66.09,0.00979855052384246,0.52,0.52,0.48,0
66.1,0.00982287250728687,0.52,0.52,0.48,0
66.11,0.00984564334529205,0.52,0.52,0.48,0
66.12,0.00986685944207868,0.52,0.52,0.48,0
66.13,0.00988651744737913,0.52,0.52,0.48,0
66.14,0.00990461425696651,0.52,0.52,0.48,0
66.15,0.00992114701314479,0.52,0.52,0.48,0
66.16,0.00993611310520008,0.52,0.52,0.48,0
66.17,0.00994951016981301,0.52,0.52,0.48,0
66.18,0.00996133609143173,0.52,0.52,0.48,0
66.19,0.00997158900260613,0.52,0.52,0.48,0
66.2,0.00998026728428271,0.52,0.52,0.48,0
66.21,0.00998736956606018,0.52,0.52,0.48,0
66.22,0.00999289472640589,0.52,0.52,0.48,0
66.23,0.009996841892833,0.52,0.52,0.48,0
66.24,0.00999921044203816,0.52,0.52,0.48,0
66.25,0.01,0.52,0.52,0.48,0
66.26,0.00999921044203816,0.52,0.52,0.48,0
66.27,0.009996841892833,0.52,0.52,0.48,0
66.28,0.00999289472640589,0.52,0.52,0.48,0
66.29,0.00998736956606018,0.52,0.52,0.48,0
66.3,0.00998026728428272,0.52,0.52,0.48,0
66.31,0.00997158900260614,0.52,0.52,0.48,0
66.32,0.00996133609143174,0.52,0.52,0.48,0
66.33,0.00994951016981301,0.52,0.52,0.48,0
66.34,0.00993611310520009,0.52,0.52,0.48,0
66.35,0.00992114701314479,0.52,0.52,0.48,0
66.36,0.00990461425696652,0.52,0.52,0.48,0
66.37,0.00988651744737913,0.52,0.52,0.48,0
66.38,0.00986685944207869,0.52,0.52,0.48,0
66.39,0.00984564334529205,0.52,0.52,0.48,0
66.4,0.00982287250728687,0.52,0.52,0.48,0
66.41,0.0097985505238425,0.52,0.52,0.48,0
66.42,0.00977268123568195,0.52,0.52,0.48,0
66.43,0.00974526872786577,0.52,0.52,0.48,0
66.44,0.00971631732914676,0.52,0.52,0.48,0
66.45,0.00968583161128632,0.52,0.52,0.48,0
66.46,0.00965381638833273,0.52,0.52,0.48,0
66.47,0.00962027671586087,0.52,0.52,0.48,0
66.48,0.00958521789017375,0.52,0.52,0.48,0
66.49,0.00954864544746645,0.52,0.52,0.48,0
66.5,0.00951056516295154,0.52,0.52,0.48,0
66.51,0.00947098304994747,0.52,0.52,0.48,0
66.52,0.00942990535892865,0.52,0.52,0.48,0
66.53,0.00938733857653872,0.52,0.52,0.48,0
66.54,0.00934328942456618,0.52,0.52,0.48,0
66.55,0.00929776485888255,0.52,0.52,0.48,0
66.56,0.0092507720683446,0.52,0.52,0.48,0
66.57,0.00920231847365875,0.52,0.52,0.48,0
66.58,0.0091524117262092,0.52,0.52,0.48,0
66.59,0.00910105970684996,0.52,0.52,0.48,0
66.6,0.00904827052466023,0.52,0.52,0.48,0
66.61,0.00899405251566372,0.52,0.52,0.48,0
66.62,0.00893841424151261,0.52,0.52,0.48,0
66.63,0.00888136448813546,0.52,0.52,0.48,0
66.64,0.00882291226434952,0.52,0.52,0.48,0
66.65,0.00876306680043859,0.52,0.52,0.48,0
66.66,0.00870183754669532,0.52,0.52,0.48,0
66.67,0.00863923417192838,0.52,0.52,0.48,0
66.68,0.00857526656193652,0.52,0.52,0.48,0
66.69,0.00850994481794696,0.52,0.52,0.48,0
66.7,0.00844327925502016,0.52,0.52,0.48,0
66.71,0.00837528040042139,0.52,0.52,0.48,0
66.72,0.00830595899195814,0.52,0.52,0.48,0
66.73,0.00823532597628425,0.52,0.52,0.48,0
66.74,0.00816339250717186,0.52,0.52,0.48,0
66.75,0.00809016994374946,0.52,0.52,0.48,0
66.76,0.00801566984870889,0.52,0.52,0.48,0
66.77,0.00793990398647844,0.52,0.52,0.48,0
66.78,0.00786288432136623,0.52,0.52,0.48,0
66.79,0.00778462301567033,0.52,0.52,0.48,0
66.8,0.00770513242775795,0.52,0.52,0.48,0
66.81,0.0076244251101145,0.52,0.52,0.48,0
66.82,0.00754251380736111,0.52,0.52,0.48,0
66.83,0.00745941145424185,0.52,0.52,0.48,0
66.84,0.00737513117358173,0.52,0.52,0.48,0
66.85,0.00728968627421415,0.52,0.52,0.48,0
66.86,0.00720309024887907,0.52,0.52,0.48,0
66.87,0.0071153567720928,0.52,0.52,0.48,0
66.88,0.0070264996979886,0.52,0.52,0.48,0
66.89,0.00693653305812811,0.52,0.52,0.48,0
66.9,0.0068454710592869,0.52,0.52,0.48,0
66.91,0.00675332808121032,0.52,0.52,0.48,0
66.92,0.00666011867434255,0.52,0.52,0.48,0
66.93,0.00656585755752955,0.52,0.52,0.48,0
66.94,0.00647055961569449,0.52,0.52,0.48,0
66.95,0.00637423989748689,0.52,0.52,0.48,0
66.96,0.00627691361290695,0.52,0.52,0.48,0
66.97,0.00617859613090335,0.52,0.52,0.48,0
66.98,0.00607930297694601,0.52,0.52,0.48,0
66.99,0.00597904983057532,0.52,0.52,0.48,0
67,0.00587785252292482,0.52,0.52,0.48,0
67.01,0.00577572703422283,0.52,0.52,0.48,0
67.02,0.00567268949126766,0.52,0.52,0.48,0
67.03,0.00556875616488193,0.52,0.52,0.48,0
67.04,0.0054639434673428,0.52,0.52,0.48,0
67.05,0.00535826794979003,0.52,0.52,0.48,0
67.06,0.00525174629961297,0.52,0.52,0.48,0
67.07,0.00514439533781514,0.52,0.52,0.48,0
67.08,0.00503623201635763,0.52,0.52,0.48,0
67.09,0.00492727341548288,0.52,0.52,0.48,0
67.1,0.00481753674101719,0.52,0.52,0.48,0
67.11,0.00470703932165331,0.52,0.52,0.48,0
67.12,0.0045957986062148,0.52,0.52,0.48,0
67.13,0.00448383216090044,0.52,0.52,0.48,0
67.14,0.00437115766650939,0.52,0.52,0.48,0
67.15,0.00425779291565073,0.52,0.52,0.48,0
67.16,0.00414375580993292,0.52,0.52,0.48,0
67.17,0.00402906435713665,0.52,0.52,0.48,0
67.18,0.00391373666837199,0.52,0.52,0.48,0
67.19,0.00379779095521805,0.52,0.52,0.48,0
67.2,0.00368124552684676,0.52,0.52,0.48,0
67.21,0.00356411878713243,0.52,0.52,0.48,0
67.22,0.00344642923174516,0.52,0.52,0.48,0
67.23,0.0033281954452298,0.52,0.52,0.48,0
67.24,0.00320943609807224,0.52,0.52,0.48,0
67.25,0.00309016994374956,0.52,0.52,0.48,0
67.26,0.00297041581577051,0.52,0.52,0.48,0
67.27,0.00285019262469986,0.52,0.52,0.48,0
67.28,0.00272951935517329,0.52,0.52,0.48,0
67.29,0.00260841506289908,0.52,0.52,0.48,0
67.3,0.0024868988716486,0.52,0.52,0.48,0
67.31,0.00236498997023724,0.52,0.52,0.48,0
67.32,0.00224270760949388,0.52,0.52,0.48,0
67.33,0.00212007109922055,0.52,0.52,0.48,0
67.34,0.00199709980514401,0.52,0.52,0.48,0
67.35,0.00187381314585741,0.52,0.52,0.48,0
67.36,0.00175023058975286,0.52,0.52,0.48,0
67.37,0.00162637165194887,0.52,0.52,0.48,0
67.38,0.00150225589120769,0.52,0.52,0.48,0
67.39,0.00137790290684643,0.52,0.52,0.48,0
67.4,0.00125333233564303,0.52,0.52,0.48,0
67.41,0.00112856384873489,0.52,0.52,0.48,0
67.42,0.00100361714851215,0.52,0.52,0.48,0
67.43,0.000878511965507375,0.52,0.52,0.48,0
67.44,0.000753268055279349,0.52,0.52,0.48,0
67.45,0.000627905195293092,0.52,0.52,0.48,0
67.46,0.000502443181797591,0.52,0.52,0.48,0
67.47,0.000376901826699462,0.52,0.52,0.48,0
67.48,0.000251300954433428,0.52,0.52,0.48,0
67.49,0.000125660398833658,0.52,0.52,0.48,0
67.5,6.85926003649836e-17,0.52,0.52,0.48,0
67.51,-0.000125660398833379,0.52,0.52,0.48,0
67.52,-0.000251300954433291,0.52,0.52,0.48,0
67.53,-0.000376901826699324,0.52,0.52,0.48,0
67.54,-0.000502443181797596,0.52,0.52,0.48,0
67.55,-0.000627905195293097,0.52,0.52,0.48,0
67.56,-0.000753268055279354,0.52,0.52,0.48,0
67.57,-0.00087851196550738,0.52,0.52,0.48,0
67.58,-0.00100361714851216,0.52,0.52,0.48,0
67.59,-0.00112856384873489,0.52,0.52,0.48,0
67.6,-0.0012533323356429,0.52,0.52,0.48,0
67.61,-0.0013779029068463,0.52,0.52,0.48,0
67.62,-0.00150225589120755,0.52,0.52,0.48,0
67.63,-0.00162637165194874,0.52,0.52,0.48,0
67.64,-0.00175023058975273,0.52,0.52,0.48,0
67.65,-0.00187381314585727,0.52,0.52,0.48,0
67.66,-0.00199709980514402,0.52,0.52,0.48,0
67.67,-0.00212007109922056,0.52,0.52,0.48,0
67.68,-0.00224270760949388,0.52,0.52,0.48,0
67.69,-0.00236498997023724,0.52,0.52,0.48,0
67.7,-0.00248689887164861,0.52,0.52,0.48,0
67.71,-0.00260841506289909,0.52,0.52,0.48,0
67.72,-0.00272951935517316,0.52,0.52,0.48,0
67.73,-0.00285019262469973,0.52,0.52,0.48,0
67.74,-0.00297041581577024,0.52,0.52,0.48,0
67.75,-0.00309016994374943,0.52,0.52,0.48,0
67.76,-0.00320943609807197,0.52,0.52,0.48,0
67.77,-0.0033281954452298,0.52,0.52,0.48,0
67.78,-0.00344642923174517,0.52,0.52,0.48,0
67.79,-0.00356411878713243,0.52,0.52,0.48,0
67.8,-0.00368124552684676,0.52,0.52,0.48,0
67.81,-0.00379779095521805,0.52,0.52,0.48,0
67.82,-0.00391373666837186,0.52,0.52,0.48,0
67.83,-0.00402906435713652,0.52,0.52,0.48,0
67.84,-0.0041437558099328,0.52,0.52,0.48,0
67.85,-0.00425779291565061,0.52,0.52,0.48,0
67.86,-0.00437115766650927,0.52,0.52,0.48,0
67.87,-0.00448383216090032,0.52,0.52,0.48,0
67.88,-0.00459579860621481,0.52,0.52,0.48,0
67.89,-0.00470703932165331,0.52,0.52,0.48,0
67.9,-0.00481753674101719,0.52,0.52,0.48,0
67.91,-0.00492727341548289,0.52,0.52,0.48,0
67.92,-0.00503623201635763,0.52,0.52,0.48,0
67.93,-0.00514439533781514,0.52,0.52,0.48,0
67.94,-0.00525174629961285,0.52,0.52,0.48,0
67.95,-0.00535826794978991,0.52,0.52,0.48,0
67.96,-0.00546394346734269,0.52,0.52,0.48,0
67.97,-0.00556875616488181,0.52,0.52,0.48,0
67.98,-0.00567268949126755,0.52,0.52,0.48,0
67.99,-0.0057757270342226,0.52,0.52,0.48,0
68,-0.0058778525229247,0.52,0.52,0.48,0
68.01,-0.0059790498305751,0.52,0.52,0.48,0
68.02,-0.00607930297694602,0.52,0.52,0.48,0
68.03,-0.00617859613090335,0.52,0.52,0.48,0
68.04,-0.00627691361290695,0.52,0.52,0.48,0
68.05,-0.0063742398974869,0.52,0.52,0.48,0
68.06,-0.00647055961569449,0.52,0.52,0.48,0
68.07,-0.00656585755752944,0.52,0.52,0.48,0
68.08,-0.00666011867434244,0.52,0.52,0.48,0
68.09,-0.00675332808121022,0.52,0.52,0.48,0
68.1,-0.00684547105928681,0.52,0.52,0.48,0
68.11,-0.00693653305812802,0.52,0.52,0.48,0
68.12,-0.0070264996979885,0.52,0.52,0.48,0
68.13,-0.00711535677209281,0.52,0.52,0.48,0
68.14,-0.00720309024887907,0.52,0.52,0.48,0
68.15,-0.00728968627421416,0.52,0.52,0.48,0
68.16,-0.00737513117358173,0.52,0.52,0.48,0
68.17,-0.00745941145424185,0.52,0.52,0.48,0
68.18,-0.00754251380736111,0.52,0.52,0.48,0
68.19,-0.00762442511011441,0.52,0.52,0.48,0
68.2,-0.00770513242775786,0.52,0.52,0.48,0
68.21,-0.00778462301567024,0.52,0.52,0.48,0
68.22,-0.00786288432136615,0.52,0.52,0.48,0
68.23,-0.00793990398647835,0.52,0.52,0.48,0
68.24,-0.00801566984870872,0.52,0.52,0.48,0
68.25,-0.00809016994374947,0.52,0.52,0.48,0
68.26,-0.00816339250717179,0.52,0.52,0.48,0
68.27,-0.00823532597628426,0.52,0.52,0.48,0
68.28,-0.00830595899195814,0.52,0.52,0.48,0
68.29,-0.00837528040042131,0.52,0.52,0.48,0
68.3,-0.00844327925502008,0.52,0.52,0.48,0
68.31,-0.00850994481794689,0.52,0.52,0.48,0
68.32,-0.00857526656193645,0.52,0.52,0.48,0
68.33,-0.00863923417192831,0.52,0.52,0.48,0
68.34,-0.00870183754669525,0.52,0.52,0.48,0
68.35,-0.00876306680043859,0.52,0.52,0.48,0
68.36,-0.00882291226434952,0.52,0.52,0.48,0
68.37,-0.00888136448813546,0.52,0.52,0.48,0
68.38,-0.00893841424151262,0.52,0.52,0.48,0
68.39,-0.00899405251566372,0.52,0.52,0.48,0
68.4,-0.00904827052466023,0.52,0.52,0.48,0
68.41,-0.0091010597068499,0.52,0.52,0.48,0
68.42,-0.00915241172620914,0.52,0.52,0.48,0
68.43,-0.0092023184736587,0.52,0.52,0.48,0
68.44,-0.00925077206834454,0.52,0.52,0.48,0
68.45,-0.0092977648588825,0.52,0.52,0.48,0
68.46,-0.00934328942456613,0.52,0.52,0.48,0
68.47,-0.00938733857653873,0.52,0.52,0.48,0
68.48,-0.00942990535892865,0.52,0.52,0.48,0
68.49,-0.00947098304994742,0.52,0.52,0.48,0
68.5,-0.00951056516295154,0.52,0.52,0.48,0
68.51,-0.00954864544746641,0.52,0.52,0.48,0
68.52,-0.00958521789017376,0.52,0.52,0.48,0
68.53,-0.00962027671586087,0.52,0.52,0.48,0
68.54,-0.00965381638833269,0.52,0.52,0.48,0
68.55,-0.00968583161128628,0.52,0.52,0.48,0
68.56,-0.00971631732914673,0.52,0.52,0.48,0
68.57,-0.00974526872786574,0.52,0.52,0.48,0
68.58,-0.00977268123568192,0.52,0.52,0.48,0
68.59,-0.00979855052384247,0.52,0.52,0.48,0
68.6,-0.00982287250728687,0.52,0.52,0.48,0
68.61,-0.00984564334529205,0.52,0.52,0.48,0
68.62,-0.00986685944207869,0.52,0.52,0.48,0
68.63,-0.00988651744737914,0.52,0.52,0.48,0
68.64,-0.00990461425696652,0.52,0.52,0.48,0
68.65,-0.00992114701314479,0.52,0.52,0.48,0
68.66,-0.00993611310520007,0.52,0.52,0.48,0
68.67,-0.009949510169813,0.52,0.52,0.48,0
68.68,-0.00996133609143172,0.52,0.52,0.48,0
68.69,-0.00997158900260613,0.52,0.52,0.48,0
68.7,-0.00998026728428271,0.52,0.52,0.48,0
68.71,-0.00998736956606018,0.52,0.52,0.48,0
68.72,-0.00999289472640589,0.52,0.52,0.48,0
68.73,-0.009996841892833,0.52,0.52,0.48,0
68.74,-0.00999921044203816,0.52,0.52,0.48,0
68.75,-0.01,0.52,0.52,0.48,0
68.76,-0.00999921044203816,0.52,0.52,0.48,0
68.77,-0.009996841892833,0.52,0.52,0.48,0
68.78,-0.0099928947264059,0.52,0.52,0.48,0
68.79,-0.00998736956606018,0.52,0.52,0.48,0
68.8,-0.00998026728428272,0.52,0.52,0.48,0
68.81,-0.00997158900260614,0.52,0.52,0.48,0
68.82,-0.00996133609143173,0.52,0.52,0.48,0
68.83,-0.00994951016981301,0.52,0.52,0.48,0
68.84,-0.00993611310520008,0.52,0.52,0.48,0
68.85,-0.00992114701314479,0.52,0.52,0.48,0
68.86,-0.00990461425696651,0.52,0.52,0.48,0
68.87,-0.00988651744737913,0.52,0.52,0.48,0
68.88,-0.00986685944207871,0.52,0.52,0.48,0
68.89,-0.00984564334529207,0.52,0.52,0.48,0
68.9,-0.00982287250728689,0.52,0.52,0.48,0
68.91,-0.00979855052384249,0.52,0.52,0.48,0
68.92,-0.00977268123568194,0.52,0.52,0.48,0
68.93,-0.00974526872786577,0.52,0.52,0.48,0
68.94,-0.00971631732914675,0.52,0.52,0.48,0
68.95,-0.00968583161128631,0.52,0.52,0.48,0
68.96,-0.00965381638833272,0.52,0.52,0.48,0
68.97,-0.00962027671586086,0.52,0.52,0.48,0
68.98,-0.00958521789017374,0.52,0.52,0.48,0
68.99,-0.00954864544746648,0.52,0.52,0.48,0
69,-0.00951056516295152,0.52,0.52,0.48,0
69.01,-0.00947098304994741,0.52,0.52,0.48,0
69.02,-0.00942990535892869,0.52,0.52,0.48,0
69.03,-0.00938733857653876,0.52,0.52,0.48,0
69.04,-0.00934328942456617,0.52,0.52,0.48,0
69.05,-0.00929776485888254,0.52,0.52,0.48,0
69.06,-0.00925077206834458,0.52,0.52,0.48,0
69.07,-0.00920231847365874,0.52,0.52,0.48,0
69.08,-0.00915241172620919,0.52,0.52,0.48,0
69.09,-0.00910105970684994,0.52,0.52,0.48,0
69.1,-0.00904827052466021,0.52,0.52,0.48,0
69.11,-0.0089940525156637,0.52,0.52,0.48,0
69.12,-0.0089384142415126,0.52,0.52,0.48,0
69.13,-0.00888136448813551,0.52,0.52,0.48,0
69.14,-0.00882291226434957,0.52,0.52,0.48,0
69.15,-0.00876306680043864,0.52,0.52,0.48,0
69.16,-0.0087018375466953,0.52,0.52,0.48,0
69.17,-0.00863923417192837,0.52,0.52,0.48,0
69.18,-0.0085752665619365,0.52,0.52,0.48,0
69.19,-0.00850994481794694,0.52,0.52,0.48,0
69.2,-0.00844327925502014,0.52,0.52,0.48,0
69.21,-0.00837528040042145,0.52,0.52,0.48,0
69.22,-0.00830595899195812,0.52,0.52,0.48,0
69.23,-0.00823532597628423,0.52,0.52,0.48,0
69.24,-0.00816339250717193,0.52,0.52,0.48,0
69.25,-0.00809016994374953,0.52,0.52,0.48,0
69.26,-0.00801566984870878,0.52,0.52,0.48,0
69.27,-0.00793990398647842,0.52,0.52,0.48,0
69.28,-0.00786288432136621,0.52,0.52,0.48,0
69.29,-0.00778462301567031,0.52,0.52,0.48,0
69.3,-0.00770513242775793,0.52,0.52,0.48,0
69.31,-0.00762442511011447,0.52,0.52,0.48,0
69.32,-0.00754251380736108,0.52,0.52,0.48,0
69.33,-0.00745941145424183,0.52,0.52,0.48,0
69.34,-0.0073751311735817,0.52,0.52,0.48,0
69.35,-0.00728968627421423,0.52,0.52,0.48,0
69.36,-0.00720309024887914,0.52,0.52,0.48,0
69.37,-0.00711535677209288,0.52,0.52,0.48,0
69.38,-0.00702649969798858,0.52,0.52,0.48,0
69.39,-0.00693653305812809,0.52,0.52,0.48,0
69.4,-0.00684547105928688,0.52,0.52,0.48,0
69.41,-0.0067533280812103,0.52,0.52,0.48,0
69.42,-0.00666011867434252,0.52,0.52,0.48,0
69.43,-0.00656585755752952,0.52,0.52,0.48,0
69.44,-0.00647055961569446,0.52,0.52,0.48,0
69.45,-0.00637423989748687,0.52,0.52,0.48,0
69.46,-0.00627691361290715,0.52,0.52,0.48,0
69.47,-0.00617859613090344,0.52,0.52,0.48,0
69.48,-0.0060793029769461,0.52,0.52,0.48,0
69.49,-0.0059790498305753,0.52,0.52,0.48,0
69.5,-0.00587785252292479,0.52,0.52,0.48,0
69.51,-0.00577572703422268,0.52,0.52,0.48,0
69.52,-0.00567268949126763,0.52,0.52,0.48,0
69.53,-0.0055687561648819,0.52,0.52,0.48,0
69.54,-0.00546394346734278,0.52,0.52,0.48,0
69.55,-0.00535826794979,0.52,0.52,0.48,0
69.56,-0.00525174629961294,0.52,0.52,0.48,0
69.57,-0.00514439533781511,0.52,0.52,0.48,0
69.58,-0.0050362320163576,0.52,0.52,0.48,0
69.59,-0.00492727341548285,0.52,0.52,0.48,0
69.6,-0.00481753674101728,0.52,0.52,0.48,0
69.61,-0.0047070393216534,0.52,0.52,0.48,0
69.62,-0.0045957986062149,0.52,0.52,0.48,0
69.63,-0.00448383216090041,0.52,0.52,0.48,0
69.64,-0.00437115766650936,0.52,0.52,0.48,0
69.65,-0.0042577929156507,0.52,0.52,0.48,0
69.66,-0.00414375580993289,0.52,0.52,0.48,0
69.67,-0.00402906435713662,0.52,0.52,0.48,0
69.68,-0.00391373666837196,0.52,0.52,0.48,0
69.69,-0.00379779095521802,0.52,0.52,0.48,0
69.7,-0.00368124552684673,0.52,0.52,0.48,0
69.71,-0.00356411878713266,0.52,0.52,0.48,0
69.72,-0.00344642923174526,0.52,0.52,0.48,0
69.73,-0.0033281954452299,0.52,0.52,0.48,0
69.74,-0.0032094360980722,0.52,0.52,0.48,0
69.75,-0.00309016994374952,0.52,0.52,0.48,0
69.76,-0.00297041581577034,0.52,0.52,0.48,0
69.77,-0.00285019262469983,0.52,0.52,0.48,0
69.78,-0.00272951935517326,0.52,0.52,0.48,0
69.79,-0.00260841506289905,0.52,0.52,0.48,0
69.8,-0.00248689887164857,0.52,0.52,0.48,0
69.81,-0.0023649899702372,0.52,0.52,0.48,0
69.82,-0.00224270760949399,0.52,0.52,0.48,0
69.83,-0.00212007109922066,0.52,0.52,0.48,0
69.84,-0.00199709980514412,0.52,0.52,0.48,0
69.85,-0.00187381314585737,0.52,0.52,0.48,0
69.86,-0.00175023058975283,0.52,0.52,0.48,0
69.87,-0.00162637165194884,0.52,0.52,0.48,0
69.88,-0.00150225589120765,0.52,0.52,0.48,0
69.89,-0.0013779029068464,0.52,0.52,0.48,0
69.9,-0.001253332335643,0.52,0.52,0.48,0
69.91,-0.00112856384873485,0.52,0.52,0.48,0
69.92,-0.00100361714851212,0.52,0.52,0.48,0
69.93,-0.000878511965507341,0.52,0.52,0.48,0
69.94,-0.000753268055279456,0.52,0.52,0.48,0
69.95,-0.0006279051952932,0.52,0.52,0.48,0
69.96,-0.000502443181797841,0.52,0.52,0.48,0
69.97,-0.000376901826699427,0.52,0.52,0.48,0
69.98,-0.000251300954433393,0.52,0.52,0.48,0
69.99,-0.000125660398833624,0.52,0.52,0.48,0
70,-3.42901103761259e-17,0.52,0.52,0.48,0
70.01,0.000125660398833555,0.52,0.52,0.48,0
70.02,0.000251300954433325,0.52,0.52,0.48,0
70.03,0.000376901826699359,0.52,0.52,0.48,0
70.04,0.00050244318179763,0.52,0.52,0.48,0
70.05,0.000627905195293131,0.52,0.52,0.48,0
70.06,0.000753268055279388,0.52,0.52,0.48,0
70.07,0.000878511965507272,0.52,0.52,0.48,0
70.08,0.00100361714851205,0.52,0.52,0.48,0
70.09,0.00112856384873478,0.52,0.52,0.48,0
70.1,0.00125333233564293,0.52,0.52,0.48,0
70.11,0.00137790290684633,0.52,0.52,0.48,0
70.12,0.00150225589120758,0.52,0.52,0.48,0
70.13,0.00162637165194877,0.52,0.52,0.48,0
70.14,0.00175023058975276,0.52,0.52,0.48,0
70.15,0.00187381314585731,0.52,0.52,0.48,0
70.16,0.00199709980514405,0.52,0.52,0.48,0
70.17,0.00212007109922059,0.52,0.52,0.48,0
70.18,0.00224270760949392,0.52,0.52,0.48,0
70.19,0.00236498997023714,0.52,0.52,0.48,0
70.2,0.0024868988716485,0.52,0.52,0.48,0
70.21,0.00260841506289885,0.52,0.52,0.48,0
70.22,0.00272951935517319,0.52,0.52,0.48,0
70.23,0.00285019262469976,0.52,0.52,0.48,0
70.24,0.00297041581577027,0.52,0.52,0.48,0
70.25,0.00309016994374946,0.52,0.52,0.48,0
70.26,0.00320943609807214,0.52,0.52,0.48,0
70.27,0.00332819544522984,0.52,0.52,0.48,0
70.28,0.0034464292317452,0.52,0.52,0.48,0
70.29,0.00356411878713233,0.52,0.52,0.48,0
70.3,0.00368124552684666,0.52,0.52,0.48,0
70.31,0.00379779095521795,0.52,0.52,0.48,0
70.32,0.00391373666837189,0.52,0.52,0.48,0
70.33,0.00402906435713655,0.52,0.52,0.48,0
70.34,0.00414375580993283,0.52,0.52,0.48,0
70.35,0.00425779291565064,0.52,0.52,0.48,0
70.36,0.0043711576665093,0.52,0.52,0.48,0
70.37,0.00448383216090035,0.52,0.52,0.48,0
70.38,0.00459579860621484,0.52,0.52,0.48,0
70.39,0.00470703932165334,0.52,0.52,0.48,0
70.4,0.00481753674101722,0.52,0.52,0.48,0
70.41,0.00492727341548279,0.52,0.52,0.48,0
70.42,0.00503623201635754,0.52,0.52,0.48,0
70.43,0.00514439533781505,0.52,0.52,0.48,0
70.44,0.00525174629961288,0.52,0.52,0.48,0
70.45,0.00535826794978994,0.52,0.52,0.48,0
70.46,0.0054639434673426,0.52,0.52,0.48,0
70.47,0.00556875616488184,0.52,0.52,0.48,0
70.48,0.00567268949126758,0.52,0.52,0.48,0
70.49,0.00577572703422263,0.52,0.52,0.48,0
70.5,0.00587785252292473,0.52,0.52,0.48,0
70.51,0.00597904983057524,0.52,0.52,0.48,0
70.52,0.00607930297694604,0.52,0.52,0.48,0
70.53,0.00617859613090338,0.52,0.52,0.48,0
70.54,0.00627691361290687,0.52,0.52,0.48,0
70.55,0.00637423989748681,0.52,0.52,0.48,0
70.56,0.00647055961569441,0.52,0.52,0.48,0
70.57,0.00656585755752947,0.52,0.52,0.48,0
70.58,0.00666011867434247,0.52,0.52,0.48,0
70.59,0.00675332808121025,0.52,0.52,0.48,0
70.6,0.00684547105928683,0.52,0.52,0.48,0
70.61,0.00693653305812804,0.52,0.52,0.48,0
70.62,0.00702649969798853,0.52,0.52,0.48,0
70.63,0.00711535677209283,0.52,0.52,0.48,0
70.64,0.00720309024887909,0.52,0.52,0.48,0
70.65,0.00728968627421418,0.52,0.52,0.48,0
70.66,0.00737513117358166,0.52,0.52,0.48,0
70.67,0.00745941145424178,0.52,0.52,0.48,0
70.68,0.00754251380736104,0.52,0.52,0.48,0
70.69,0.00762442511011443,0.52,0.52,0.48,0
70.7,0.00770513242775788,0.52,0.52,0.48,0
70.71,0.00778462301567018,0.52,0.52,0.48,0
70.72,0.00786288432136617,0.52,0.52,0.48,0
70.73,0.00793990398647837,0.52,0.52,0.48,0
70.74,0.00801566984870874,0.52,0.52,0.48,0
70.75,0.00809016994374949,0.52,0.52,0.48,0
70.76,0.00816339250717189,0.52,0.52,0.48,0
70.77,0.0082353259762842,0.52,0.52,0.48,0
70.78,0.00830595899195808,0.52,0.52,0.48,0
70.79,0.00837528040042133,0.52,0.52,0.48,0
70.8,0.0084432792550201,0.52,0.52,0.48,0
70.81,0.0085099448179469,0.52,0.52,0.48,0
70.82,0.00857526656193647,0.52,0.52,0.48,0
70.83,0.00863923417192833,0.52,0.52,0.48,0
70.84,0.00870183754669527,0.52,0.52,0.48,0
70.85,0.00876306680043861,0.52,0.52,0.48,0
70.86,0.00882291226434954,0.52,0.52,0.48,0
70.87,0.00888136448813548,0.52,0.52,0.48,0
70.88,0.00893841424151257,0.52,0.52,0.48,0
70.89,0.00899405251566367,0.52,0.52,0.48,0
70.9,0.00904827052466018,0.52,0.52,0.48,0
70.91,0.00910105970684991,0.52,0.52,0.48,0
70.92,0.00915241172620916,0.52,0.52,0.48,0
70.93,0.00920231847365871,0.52,0.52,0.48,0
70.94,0.00925077206834456,0.52,0.52,0.48,0
70.95,0.00929776485888252,0.52,0.52,0.48,0
70.96,0.00934328942456609,0.52,0.52,0.48,0
70.97,0.00938733857653874,0.52,0.52,0.48,0
70.98,0.00942990535892866,0.52,0.52,0.48,0
70.99,0.00947098304994739,0.52,0.52,0.48,0
71,0.0095105651629515,0.52,0.52,0.48,0
71.01,0.00954864544746646,0.52,0.52,0.48,0
71.02,0.00958521789017372,0.52,0.52,0.48,0
71.03,0.00962027671586084,0.52,0.52,0.48,0
71.04,0.0096538163883327,0.52,0.52,0.48,0
71.05,0.00968583161128629,0.52,0.52,0.48,0
71.06,0.00971631732914674,0.52,0.52,0.48,0
71.07,0.00974526872786575,0.52,0.52,0.48,0
71.08,0.00977268123568193,0.52,0.52,0.48,0
71.09,0.00979855052384248,0.52,0.52,0.48,0
71.1,0.00982287250728688,0.52,0.52,0.48,0
71.11,0.00984564334529206,0.52,0.52,0.48,0
71.12,0.0098668594420787,0.52,0.52,0.48,0
71.13,0.00988651744737912,0.52,0.52,0.48,0
71.14,0.0099046142569665,0.52,0.52,0.48,0
71.15,0.00992114701314478,0.52,0.52,0.48,0
71.16,0.00993611310520007,0.52,0.52,0.48,0
71.17,0.009949510169813,0.52,0.52,0.48,0
71.18,0.00996133609143173,0.52,0.52,0.48,0
71.19,0.00997158900260614,0.52,0.52,0.48,0
71.2,0.00998026728428272,0.52,0.52,0.48,0
71.21,0.00998736956606017,0.52,0.52,0.48,0
71.22,0.00999289472640589,0.52,0.52,0.48,0
71.23,0.009996841892833,0.52,0.52,0.48,0
71.24,0.00999921044203816,0.52,0.52,0.48,0
71.25,0.01,0.52,0.52,0.48,0
71.26,0.00999921044203816,0.52,0.52,0.48,0
71.27,0.009996841892833,0.52,0.52,0.48,0
71.28,0.00999289472640589,0.52,0.52,0.48,0
71.29,0.00998736956606018,0.52,0.52,0.48,0
71.3,0.00998026728428272,0.52,0.52,0.48,0
71.31,0.00997158900260614,0.52,0.52,0.48,0
71.32,0.00996133609143173,0.52,0.52,0.48,0
71.33,0.009949510169813,0.52,0.52,0.48,0
71.34,0.00993611310520008,0.52,0.52,0.48,0
71.35,0.0099211470131448,0.52,0.52,0.48,0
71.36,0.00990461425696653,0.52,0.52,0.48,0
71.37,0.00988651744737915,0.52,0.52,0.48,0
71.38,0.0098668594420787,0.52,0.52,0.48,0
71.39,0.00984564334529206,0.52,0.52,0.48,0
71.4,0.00982287250728689,0.52,0.52,0.48,0
71.41,0.00979855052384248,0.52,0.52,0.48,0
71.42,0.00977268123568194,0.52,0.52,0.48,0
71.43,0.00974526872786576,0.52,0.52,0.48,0
71.44,0.00971631732914674,0.52,0.52,0.48,0
71.45,0.0096858316112863,0.52,0.52,0.48,0
71.46,0.00965381638833279,0.52,0.52,0.48,0
71.47,0.00962027671586089,0.52,0.52,0.48,0
71.48,0.00958521789017378,0.52,0.52,0.48,0
71.49,0.00954864544746647,0.52,0.52,0.48,0
71.5,0.00951056516295156,0.52,0.52,0.48,0
71.51,0.00947098304994745,0.52,0.52,0.48,0
71.52,0.00942990535892867,0.52,0.52,0.48,0
71.53,0.00938733857653875,0.52,0.52,0.48,0
71.54,0.00934328942456616,0.52,0.52,0.48,0
71.55,0.00929776485888253,0.52,0.52,0.48,0
71.56,0.00925077206834457,0.52,0.52,0.48,0
71.57,0.00920231847365872,0.52,0.52,0.48,0
71.58,0.00915241172620917,0.52,0.52,0.48,0
71.59,0.00910105970684993,0.52,0.52,0.48,0
71.6,0.00904827052466026,0.52,0.52,0.48,0
71.61,0.00899405251566375,0.52,0.52,0.48,0
71.62,0.00893841424151265,0.52,0.52,0.48,0
71.63,0.00888136448813549,0.52,0.52,0.48,0
71.64,0.00882291226434955,0.52,0.52,0.48,0
71.65,0.00876306680043862,0.52,0.52,0.48,0
71.66,0.00870183754669528,0.52,0.52,0.48,0
71.67,0.00863923417192835,0.52,0.52,0.48,0
71.68,0.00857526656193648,0.52,0.52,0.48,0
71.69,0.00850994481794692,0.52,0.52,0.48,0
71.7,0.00844327925502012,0.52,0.52,0.48,0
71.71,0.00837528040042151,0.52,0.52,0.48,0
71.72,0.00830595899195818,0.52,0.52,0.48,0
71.73,0.0082353259762843,0.52,0.52,0.48,0
71.74,0.00816339250717191,0.52,0.52,0.48,0
71.75,0.00809016994374951,0.52,0.52,0.48,0
71.76,0.00801566984870876,0.52,0.52,0.48,0
71.77,0.0079399039864784,0.52,0.52,0.48,0
71.78,0.00786288432136619,0.52,0.52,0.48,0
71.79,0.00778462301567029,0.52,0.52,0.48,0
71.8,0.00770513242775791,0.52,0.52,0.48,0
71.81,0.00762442511011445,0.52,0.52,0.48,0
71.82,0.00754251380736116,0.52,0.52,0.48,0
71.83,0.0074594114542419,0.52,0.52,0.48,0
71.84,0.00737513117358177,0.52,0.52,0.48,0
71.85,0.0072896862742142,0.52,0.52,0.48,0
71.86,0.00720309024887912,0.52,0.52,0.48,0
71.87,0.00711535677209286,0.52,0.52,0.48,0
71.88,0.00702649969798855,0.52,0.52,0.48,0
71.89,0.00693653305812806,0.52,0.52,0.48,0
71.9,0.00684547105928686,0.52,0.52,0.48,0
71.91,0.00675332808121027,0.52,0.52,0.48,0
71.92,0.0066601186743425,0.52,0.52,0.48,0
71.93,0.0065658575575295,0.52,0.52,0.48,0
71.94,0.00647055961569454,0.52,0.52,0.48,0
71.95,0.00637423989748695,0.52,0.52,0.48,0
71.96,0.00627691361290712,0.52,0.52,0.48,0
71.97,0.00617859613090341,0.52,0.52,0.48,0
71.98,0.00607930297694607,0.52,0.52,0.48,0
71.99,0.00597904983057527,0.52,0.52,0.48,0
72,0.00587785252292476,0.52,0.52,0.48,0
72.01,0.00577572703422265,0.52,0.52,0.48,0
72.02,0.00567268949126761,0.52,0.52,0.48,0
72.03,0.00556875616488187,0.52,0.52,0.48,0
72.04,0.00546394346734275,0.52,0.52,0.48,0
72.05,0.00535826794978997,0.52,0.52,0.48,0
72.06,0.00525174629961291,0.52,0.52,0.48,0
72.07,0.0051443953378152,0.52,0.52,0.48,0
72.08,0.00503623201635769,0.52,0.52,0.48,0
72.09,0.00492727341548295,0.52,0.52,0.48,0
72.1,0.00481753674101725,0.52,0.52,0.48,0
72.11,0.00470703932165337,0.52,0.52,0.48,0
72.12,0.00459579860621487,0.52,0.52,0.48,0
72.13,0.00448383216090038,0.52,0.52,0.48,0
72.14,0.00437115766650933,0.52,0.52,0.48,0
72.15,0.00425779291565067,0.52,0.52,0.48,0
72.16,0.00414375580993286,0.52,0.52,0.48,0
72.17,0.00402906435713659,0.52,0.52,0.48,0
72.18,0.00391373666837192,0.52,0.52,0.48,0
72.19,0.00379779095521812,0.52,0.52,0.48,0
72.2,0.00368124552684683,0.52,0.52,0.48,0
72.21,0.00356411878713263,0.52,0.52,0.48,0
72.22,0.00344642923174523,0.52,0.52,0.48,0
72.23,0.00332819544522987,0.52,0.52,0.48,0
72.24,0.00320943609807217,0.52,0.52,0.48,0
72.25,0.00309016994374949,0.52,0.52,0.48,0
72.26,0.00297041581577031,0.52,0.52,0.48,0
72.27,0.00285019262469979,0.52,0.52,0.48,0
72.28,0.00272951935517322,0.52,0.52,0.48,0
72.29,0.00260841506289915,0.52,0.52,0.48,0
72.3,0.00248689887164867,0.52,0.52,0.48,0
72.31,0.00236498997023731,0.52,0.52,0.48,0
72.32,0.00224270760949395,0.52,0.52,0.48,0
72.33,0.00212007109922063,0.52,0.52,0.48,0
72.34,0.00199709980514409,0.52,0.52,0.48,0
72.35,0.00187381314585734,0.52,0.52,0.48,0
72.36,0.00175023058975279,0.52,0.52,0.48,0
72.37,0.00162637165194881,0.52,0.52,0.48,0
72.38,0.00150225589120762,0.52,0.52,0.48,0
72.39,0.00137790290684637,0.52,0.52,0.48,0
72.4,0.00125333233564296,0.52,0.52,0.48,0
72.41,0.00112856384873496,0.52,0.52,0.48,0
72.42,0.00100361714851223,0.52,0.52,0.48,0
72.43,0.000878511965507448,0.52,0.52,0.48,0
72.44,0.000753268055279422,0.52,0.52,0.48,0
72.45,0.000627905195293166,0.52,0.52,0.48,0
72.46,0.000502443181797806,0.52,0.52,0.48,0
72.47,0.000376901826699393,0.52,0.52,0.48,0
72.48,0.000251300954433359,0.52,0.52,0.48,0
72.49,0.000125660398833589,0.52,0.52,0.48,0
72.5,-1.23796127317672e-20,0.52,0.52,0.48,0
72.51,-0.000125660398833589,0.52,0.52,0.48,0
72.52,-0.000251300954433359,0.52,0.52,0.48,0
72.53,-0.000376901826699393,0.52,0.52,0.48,0
72.54,-0.000502443181797522,0.52,0.52,0.48,0
72.55,-0.000627905195293024,0.52,0.52,0.48,0
72.56,-0.00075326805527928,0.52,0.52,0.48,0
72.57,-0.000878511965507306,0.52,0.52,0.48,0
72.58,-0.00100361714851209,0.52,0.52,0.48,0
72.59,-0.00112856384873482,0.52,0.52,0.48,0
72.6,-0.00125333233564296,0.52,0.52,0.48,0
72.61,-0.00137790290684637,0.52,0.52,0.48,0
72.62,-0.00150225589120762,0.52,0.52,0.48,0
72.63,-0.00162637165194881,0.52,0.52,0.48,0
72.64,-0.00175023058975279,0.52,0.52,0.48,0
72.65,-0.00187381314585734,0.52,0.52,0.48,0
72.66,-0.00199709980514395,0.52,0.52,0.48,0
72.67,-0.00212007109922049,0.52,0.52,0.48,0
72.68,-0.00224270760949381,0.52,0.52,0.48,0
72.69,-0.00236498997023717,0.52,0.52,0.48,0
72.7,-0.00248689887164853,0.52,0.52,0.48,0
72.71,-0.00260841506289888,0.52,0.52,0.48,0
72.72,-0.00272951935517322,0.52,0.52,0.48,0
72.73,-0.00285019262469979,0.52,0.52,0.48,0
72.74,-0.00297041581577031,0.52,0.52,0.48,0
72.75,-0.00309016994374949,0.52,0.52,0.48,0
72.76,-0.00320943609807217,0.52,0.52,0.48,0
72.77,-0.00332819544522973,0.52,0.52,0.48,0
72.78,-0.0034464292317451,0.52,0.52,0.48,0
72.79,-0.00356411878713236,0.52,0.52,0.48,0
72.8,-0.00368124552684669,0.52,0.52,0.48,0
72.81,-0.00379779095521798,0.52,0.52,0.48,0
72.82,-0.00391373666837192,0.52,0.52,0.48,0
72.83,-0.00402906435713659,0.52,0.52,0.48,0
72.84,-0.00414375580993286,0.52,0.52,0.48,0
72.85,-0.00425779291565067,0.52,0.52,0.48,0
72.86,-0.00437115766650933,0.52,0.52,0.48,0
72.87,-0.00448383216090038,0.52,0.52,0.48,0
72.88,-0.00459579860621474,0.52,0.52,0.48,0
72.89,-0.00470703932165324,0.52,0.52,0.48,0
72.9,-0.00481753674101713,0.52,0.52,0.48,0
72.91,-0.00492727341548282,0.52,0.52,0.48,0
72.92,-0.00503623201635757,0.52,0.52,0.48,0
72.93,-0.00514439533781508,0.52,0.52,0.48,0
72.94,-0.00525174629961291,0.52,0.52,0.48,0
72.95,-0.00535826794978997,0.52,0.52,0.48,0
72.96,-0.00546394346734263,0.52,0.52,0.48,0
72.97,-0.00556875616488187,0.52,0.52,0.48,0
72.98,-0.00567268949126761,0.52,0.52,0.48,0
72.99,-0.00577572703422254,0.52,0.52,0.48,0
73,-0.00587785252292476,0.52,0.52,0.48,0
73.01,-0.00597904983057527,0.52,0.52,0.48,0
73.02,-0.00607930297694596,0.52,0.52,0.48,0
73.03,-0.0061785961309033,0.52,0.52,0.48,0
73.04,-0.0062769136129069,0.52,0.52,0.48,0
73.05,-0.00637423989748684,0.52,0.52,0.48,0
73.06,-0.00647055961569443,0.52,0.52,0.48,0
73.07,-0.0065658575575295,0.52,0.52,0.48,0
73.08,-0.0066601186743425,0.52,0.52,0.48,0
73.09,-0.00675332808121027,0.52,0.52,0.48,0
73.1,-0.00684547105928686,0.52,0.52,0.48,0
73.11,-0.00693653305812806,0.52,0.52,0.48,0
73.12,-0.00702649969798855,0.52,0.52,0.48,0
73.13,-0.00711535677209276,0.52,0.52,0.48,0
73.14,-0.00720309024887902,0.52,0.52,0.48,0
73.15,-0.00728968627421411,0.52,0.52,0.48,0
73.16,-0.00737513117358168,0.52,0.52,0.48,0
73.17,-0.0074594114542418,0.52,0.52,0.48,0
73.18,-0.00754251380736106,0.52,0.52,0.48,0
73.19,-0.00762442511011445,0.52,0.52,0.48,0
73.2,-0.00770513242775791,0.52,0.52,0.48,0
73.21,-0.0077846230156702,0.52,0.52,0.48,0
73.22,-0.00786288432136619,0.52,0.52,0.48,0
73.23,-0.0079399039864784,0.52,0.52,0.48,0
73.24,-0.00801566984870867,0.52,0.52,0.48,0
73.25,-0.00809016994374942,0.52,0.52,0.48,0
73.26,-0.00816339250717183,0.52,0.52,0.48,0
73.27,-0.00823532597628421,0.52,0.52,0.48,0
73.28,-0.0083059589919581,0.52,0.52,0.48,0
73.29,-0.00837528040042135,0.52,0.52,0.48,0
73.3,-0.00844327925502012,0.52,0.52,0.48,0
73.31,-0.00850994481794692,0.52,0.52,0.48,0
73.32,-0.00857526656193648,0.52,0.52,0.48,0
73.33,-0.00863923417192835,0.52,0.52,0.48,0
73.34,-0.00870183754669528,0.52,0.52,0.48,0
73.35,-0.00876306680043856,0.52,0.52,0.48,0
73.36,-0.00882291226434948,0.52,0.52,0.48,0
73.37,-0.00888136448813543,0.52,0.52,0.48,0
73.38,-0.00893841424151258,0.52,0.52,0.48,0
73.39,-0.00899405251566369,0.52,0.52,0.48,0
73.4,-0.0090482705246602,0.52,0.52,0.48,0
73.41,-0.00910105970684993,0.52,0.52,0.48,0
73.42,-0.00915241172620917,0.52,0.52,0.48,0
73.43,-0.00920231847365872,0.52,0.52,0.48,0
73.44,-0.00925077206834457,0.52,0.52,0.48,0
73.45,-0.00929776485888253,0.52,0.52,0.48,0
73.46,-0.00934328942456606,0.52,0.52,0.48,0
73.47,-0.0093873385765387,0.52,0.52,0.48,0
73.48,-0.00942990535892863,0.52,0.52,0.48,0
73.49,-0.0094709830499474,0.52,0.52,0.48,0
73.5,-0.00951056516295151,0.52,0.52,0.48,0
73.51,-0.00954864544746643,0.52,0.52,0.48,0
73.52,-0.00958521789017373,0.52,0.52,0.48,0
73.53,-0.00962027671586085,0.52,0.52,0.48,0
73.54,-0.00965381638833271,0.52,0.52,0.48,0
73.55,-0.0096858316112863,0.52,0.52,0.48,0
73.56,-0.00971631732914674,0.52,0.52,0.48,0
73.57,-0.00974526872786576,0.52,0.52,0.48,0
73.58,-0.00977268123568194,0.52,0.52,0.48,0
73.59,-0.00979855052384248,0.52,0.52,0.48,0
73.6,-0.00982287250728686,0.52,0.52,0.48,0
73.61,-0.00984564334529204,0.52,0.52,0.48,0
73.62,-0.00986685944207868,0.52,0.52,0.48,0
73.63,-0.00988651744737913,0.52,0.52,0.48,0
73.64,-0.00990461425696651,0.52,0.52,0.48,0
73.65,-0.00992114701314478,0.52,0.52,0.48,0
73.66,-0.00993611310520008,0.52,0.52,0.48,0
73.67,-0.009949510169813,0.52,0.52,0.48,0
73.68,-0.00996133609143173,0.52,0.52,0.48,0
73.69,-0.00997158900260614,0.52,0.52,0.48,0
73.7,-0.00998026728428272,0.52,0.52,0.48,0
73.71,-0.00998736956606017,0.52,0.52,0.48,0
73.72,-0.00999289472640589,0.52,0.52,0.48,0
73.73,-0.009996841892833,0.52,0.52,0.48,0
73.74,-0.00999921044203816,0.52,0.52,0.48,0
73.75,-0.01,0.52,0.52,0.48,0
73.76,-0.00999921044203816,0.52,0.52,0.48,0
73.77,-0.009996841892833,0.52,0.52,0.48,0
73.78,-0.00999289472640589,0.52,0.52,0.48,0
73.79,-0.00998736956606018,0.52,0.52,0.48,0
73.8,-0.00998026728428272,0.52,0.52,0.48,0
73.81,-0.00997158900260614,0.52,0.52,0.48,0
73.82,-0.00996133609143174,0.52,0.52,0.48,0
73.83,-0.00994951016981301,0.52,0.52,0.48,0
73.84,-0.00993611310520009,0.52,0.52,0.48,0
73.85,-0.0099211470131448,0.52,0.52,0.48,0
73.86,-0.00990461425696652,0.52,0.52,0.48,0
73.87,-0.00988651744737914,0.52,0.52,0.48,0
73.88,-0.0098668594420787,0.52,0.52,0.48,0
73.89,-0.00984564334529206,0.52,0.52,0.48,0
73.9,-0.00982287250728688,0.52,0.52,0.48,0
73.91,-0.00979855052384248,0.52,0.52,0.48,0
73.92,-0.00977268123568193,0.52,0.52,0.48,0
73.93,-0.00974526872786575,0.52,0.52,0.48,0
73.94,-0.00971631732914677,0.52,0.52,0.48,0
73.95,-0.00968583161128633,0.52,0.52,0.48,0
73.96,-0.00965381638833278,0.52,0.52,0.48,0
73.97,-0.00962027671586088,0.52,0.52,0.48,0
73.98,-0.00958521789017376,0.52,0.52,0.48,0
73.99,-0.00954864544746646,0.52,0.52,0.48,0
74,-0.00951056516295155,0.52,0.52,0.48,0
74.01,-0.00947098304994744,0.52,0.52,0.48,0
74.02,-0.00942990535892866,0.52,0.52,0.48,0
74.03,-0.00938733857653874,0.52,0.52,0.48,0
74.04,-0.00934328942456615,0.52,0.52,0.48,0
74.05,-0.00929776485888252,0.52,0.52,0.48,0
74.06,-0.00925077206834456,0.52,0.52,0.48,0
74.07,-0.00920231847365877,0.52,0.52,0.48,0
74.08,-0.00915241172620922,0.52,0.52,0.48,0
74.09,-0.00910105970684997,0.52,0.52,0.48,0
74.1,-0.00904827052466024,0.52,0.52,0.48,0
74.11,-0.00899405251566373,0.52,0.52,0.48,0
74.12,-0.00893841424151263,0.52,0.52,0.48,0
74.13,-0.00888136448813548,0.52,0.52,0.48,0
74.14,-0.00882291226434954,0.52,0.52,0.48,0
74.15,-0.00876306680043861,0.52,0.52,0.48,0
74.16,-0.00870183754669527,0.52,0.52,0.48,0
74.17,-0.00863923417192833,0.52,0.52,0.48,0
74.18,-0.00857526656193647,0.52,0.52,0.48,0
74.19,-0.00850994481794698,0.52,0.52,0.48,0
74.2,-0.00844327925502018,0.52,0.52,0.48,0
74.21,-0.00837528040042149,0.52,0.52,0.48,0
74.22,-0.00830595899195816,0.52,0.52,0.48,0
74.23,-0.00823532597628428,0.52,0.52,0.48,0
74.24,-0.00816339250717189,0.52,0.52,0.48,0
74.25,-0.00809016994374949,0.52,0.52,0.48,0
74.26,-0.00801566984870874,0.52,0.52,0.48,0
74.27,-0.00793990398647837,0.52,0.52,0.48,0
74.28,-0.00786288432136617,0.52,0.52,0.48,0
74.29,-0.00778462301567035,0.52,0.52,0.48,0
74.3,-0.00770513242775797,0.52,0.52,0.48,0
74.31,-0.00762442511011452,0.52,0.52,0.48,0
74.32,-0.00754251380736113,0.52,0.52,0.48,0
74.33,-0.00745941145424188,0.52,0.52,0.48,0
74.34,-0.00737513117358175,0.52,0.52,0.48,0
74.35,-0.00728968627421418,0.52,0.52,0.48,0
74.36,-0.00720309024887909,0.52,0.52,0.48,0
74.37,-0.00711535677209283,0.52,0.52,0.48,0
74.38,-0.00702649969798853,0.52,0.52,0.48,0
74.39,-0.00693653305812804,0.52,0.52,0.48,0
74.4,-0.00684547105928683,0.52,0.52,0.48,0
74.41,-0.00675332808121035,0.52,0.52,0.48,0
74.42,-0.00666011867434258,0.52,0.52,0.48,0
74.43,-0.00656585755752958,0.52,0.52,0.48,0
74.44,-0.00647055961569452,0.52,0.52,0.48,0
74.45,-0.00637423989748692,0.52,0.52,0.48,0
74.46,-0.00627691361290709,0.52,0.52,0.48,0
74.47,-0.00617859613090338,0.52,0.52,0.48,0
74.48,-0.00607930297694604,0.52,0.52,0.48,0
74.49,-0.00597904983057524,0.52,0.52,0.48,0
74.5,-0.00587785252292473,0.52,0.52,0.48,0
74.51,-0.00577572703422263,0.52,0.52,0.48,0
74.52,-0.00567268949126758,0.52,0.52,0.48,0
74.53,-0.00556875616488184,0.52,0.52,0.48,0
74.54,-0.00546394346734284,0.52,0.52,0.48,0
74.55,-0.00535826794979006,0.52,0.52,0.48,0
74.56,-0.005251746299613,0.52,0.52,0.48,0
74.57,-0.00514439533781517,0.52,0.52,0.48,0
74.58,-0.00503623201635766,0.52,0.52,0.48,0
74.59,-0.00492727341548292,0.52,0.52,0.48,0
74.6,-0.00481753674101722,0.52,0.52,0.48,0
74.61,-0.00470703932165334,0.52,0.52,0.48,0
74.62,-0.00459579860621484,0.52,0.52,0.48,0
74.63,-0.00448383216090035,0.52,0.52,0.48,0
74.64,-0.0043711576665093,0.52,0.52,0.48,0
74.65,-0.00425779291565064,0.52,0.52,0.48,0
74.66,-0.00414375580993296,0.52,0.52,0.48,0
74.67,-0.00402906435713668,0.52,0.52,0.48,0
74.68,-0.00391373666837202,0.52,0.52,0.48,0
74.69,-0.00379779095521808,0.52,0.52,0.48,0
74.7,-0.00368124552684679,0.52,0.52,0.48,0
74.71,-0.0035641187871326,0.52,0.52,0.48,0
74.72,-0.0034464292317452,0.52,0.52,0.48,0
74.73,-0.00332819544522984,0.52,0.52,0.48,0
74.74,-0.00320943609807214,0.52,0.52,0.48,0
74.75,-0.00309016994374946,0.52,0.52,0.48,0
74.76,-0.00297041581577027,0.52,0.52,0.48,0
74.77,-0.0028501926246999,0.52,0.52,0.48,0
74.78,-0.00272951935517333,0.52,0.52,0.48,0
74.79,-0.00260841506289912,0.52,0.52,0.48,0
74.8,-0.00248689887164864,0.52,0.52,0.48,0
74.81,-0.00236498997023728,0.52,0.52,0.48,0
74.82,-0.00224270760949392,0.52,0.52,0.48,0
74.83,-0.00212007109922059,0.52,0.52,0.48,0
74.84,-0.00199709980514405,0.52,0.52,0.48,0
74.85,-0.00187381314585731,0.52,0.52,0.48,0
74.86,-0.00175023058975276,0.52,0.52,0.48,0
74.87,-0.00162637165194877,0.52,0.52,0.48,0
74.88,-0.00150225589120772,0.52,0.52,0.48,0
74.89,-0.00137790290684647,0.52,0.52,0.48,0
74.9,-0.00125333233564307,0.52,0.52,0.48,0
74.91,-0.00112856384873492,0.52,0.52,0.48,0
74.92,-0.00100361714851219,0.52,0.52,0.48,0
74.93,-0.000878511965507414,0.52,0.52,0.48,0
74.94,-0.000753268055279388,0.52,0.52,0.48,0
74.95,-0.000627905195293131,0.52,0.52,0.48,0
74.96,-0.000502443181797772,0.52,0.52,0.48,0
74.97,-0.000376901826699359,0.52,0.52,0.48,0
74.98,-0.000251300954433325,0.52,0.52,0.48,0
74.99,-0.000125660398833697,0.52,0.52,0.48,0
75,-1.07793677550431e-16,0.52,0.52,0.48,0
75.01,0.000125660398833624,0.52,0.52,0.48,0
75.02,0.000251300954433251,0.52,0.52,0.48,0
75.03,0.000376901826699285,0.52,0.52,0.48,0
75.04,0.000502443181797557,0.52,0.52,0.48,0
75.05,0.000627905195293058,0.52,0.52,0.48,0
75.06,0.000753268055279315,0.52,0.52,0.48,0
75.07,0.000878511965507341,0.52,0.52,0.48,0
75.08,0.00100361714851212,0.52,0.52,0.48,0
75.09,0.00112856384873485,0.52,0.52,0.48,0
75.1,0.001253332335643,0.52,0.52,0.48,0
75.11,0.0013779029068464,0.52,0.52,0.48,0
75.12,0.00150225589120765,0.52,0.52,0.48,0
75.13,0.0016263716519487,0.52,0.52,0.48,0
75.14,0.00175023058975269,0.52,0.52,0.48,0
75.15,0.00187381314585723,0.52,0.52,0.48,0
75.16,0.00199709980514398,0.52,0.52,0.48,0
75.17,0.00212007109922052,0.52,0.52,0.48,0
75.18,0.00224270760949385,0.52,0.52,0.48,0
75.19,0.0023649899702372,0.52,0.52,0.48,0
75.2,0.00248689887164857,0.52,0.52,0.48,0
75.21,0.00260841506289891,0.52,0.52,0.48,0
75.22,0.00272951935517326,0.52,0.52,0.48,0
75.23,0.00285019262469983,0.52,0.52,0.48,0
75.24,0.0029704158157702,0.52,0.52,0.48,0
75.25,0.00309016994374939,0.52,0.52,0.48,0
75.26,0.00320943609807207,0.52,0.52,0.48,0
75.27,0.00332819544522977,0.52,0.52,0.48,0
75.28,0.00344642923174513,0.52,0.52,0.48,0
75.29,0.00356411878713239,0.52,0.52,0.48,0
75.3,0.00368124552684673,0.52,0.52,0.48,0
75.31,0.00379779095521802,0.52,0.52,0.48,0
75.32,0.00391373666837196,0.52,0.52,0.48,0
75.33,0.00402906435713662,0.52,0.52,0.48,0
75.34,0.00414375580993289,0.52,0.52,0.48,0
75.35,0.00425779291565057,0.52,0.52,0.48,0
75.36,0.00437115766650923,0.52,0.52,0.48,0
75.37,0.00448383216090029,0.52,0.52,0.48,0
75.38,0.00459579860621477,0.52,0.52,0.48,0
75.39,0.00470703932165327,0.52,0.52,0.48,0
75.4,0.00481753674101716,0.52,0.52,0.48,0
75.41,0.00492727341548285,0.52,0.52,0.48,0
75.42,0.0050362320163576,0.52,0.52,0.48,0
75.43,0.00514439533781511,0.52,0.52,0.48,0
75.44,0.00525174629961294,0.52,0.52,0.48,0
75.45,0.00535826794979,0.52,0.52,0.48,0
75.46,0.00546394346734254,0.52,0.52,0.48,0
75.47,0.00556875616488178,0.52,0.52,0.48,0
75.48,0.00567268949126752,0.52,0.52,0.48,0
75.49,0.00577572703422257,0.52,0.52,0.48,0
75.5,0.00587785252292467,0.52,0.52,0.48,0
75.51,0.00597904983057518,0.52,0.52,0.48,0
75.52,0.00607930297694598,0.52,0.52,0.48,0
75.53,0.00617859613090332,0.52,0.52,0.48,0
75.54,0.00627691361290692,0.52,0.52,0.48,0
75.55,0.00637423989748687,0.52,0.52,0.48,0
75.56,0.00647055961569446,0.52,0.52,0.48,0
75.57,0.00656585755752952,0.52,0.52,0.48,0
75.58,0.00666011867434252,0.52,0.52,0.48,0
75.59,0.0067533280812103,0.52,0.52,0.48,0
75.6,0.00684547105928678,0.52,0.52,0.48,0
75.61,0.00693653305812799,0.52,0.52,0.48,0
75.62,0.00702649969798848,0.52,0.52,0.48,0
75.63,0.00711535677209278,0.52,0.52,0.48,0
75.64,0.00720309024887904,0.52,0.52,0.48,0
75.65,0.00728968627421413,0.52,0.52,0.48,0
75.66,0.0073751311735817,0.52,0.52,0.48,0
75.67,0.00745941145424183,0.52,0.52,0.48,0
75.68,0.00754251380736108,0.52,0.52,0.48,0
75.69,0.00762442511011447,0.52,0.52,0.48,0
75.7,0.00770513242775793,0.52,0.52,0.48,0
75.71,0.00778462301567013,0.52,0.52,0.48,0
75.72,0.00786288432136613,0.52,0.52,0.48,0
75.73,0.00793990398647833,0.52,0.52,0.48,0
75.74,0.00801566984870869,0.52,0.52,0.48,0
75.75,0.00809016994374944,0.52,0.52,0.48,0
75.76,0.00816339250717184,0.52,0.52,0.48,0
75.77,0.00823532597628423,0.52,0.52,0.48,0
75.78,0.00830595899195812,0.52,0.52,0.48,0
75.79,0.00837528040042137,0.52,0.52,0.48,0
75.8,0.00844327925502014,0.52,0.52,0.48,0
75.81,0.00850994481794694,0.52,0.52,0.48,0
75.82,0.00857526656193643,0.52,0.52,0.48,0
75.83,0.00863923417192829,0.52,0.52,0.48,0
75.84,0.00870183754669523,0.52,0.52,0.48,0
75.85,0.00876306680043857,0.52,0.52,0.48,0
75.86,0.0088229122643495,0.52,0.52,0.48,0
75.87,0.00888136448813544,0.52,0.52,0.48,0
75.88,0.0089384142415126,0.52,0.52,0.48,0
75.89,0.0089940525156637,0.52,0.52,0.48,0
75.9,0.00904827052466021,0.52,0.52,0.48,0
75.91,0.00910105970684994,0.52,0.52,0.48,0
75.92,0.00915241172620919,0.52,0.52,0.48,0
75.93,0.00920231847365874,0.52,0.52,0.48,0
75.94,0.00925077206834453,0.52,0.52,0.48,0
75.95,0.00929776485888249,0.52,0.52,0.48,0
75.96,0.00934328942456607,0.52,0.52,0.48,0
75.97,0.00938733857653871,0.52,0.52,0.48,0
75.98,0.00942990535892864,0.52,0.52,0.48,0
75.99,0.00947098304994741,0.52,0.52,0.48,0
76,0.00951056516295152,0.52,0.52,0.48,0
76.01,0.00954864544746644,0.52,0.52,0.48,0
76.02,0.00958521789017374,0.52,0.52,0.48,0
76.03,0.00962027671586086,0.52,0.52,0.48,0
76.04,0.00965381638833272,0.52,0.52,0.48,0
76.05,0.00968583161128631,0.52,0.52,0.48,0
76.06,0.00971631732914675,0.52,0.52,0.48,0
76.07,0.00974526872786573,0.52,0.52,0.48,0
76.08,0.00977268123568191,0.52,0.52,0.48,0
76.09,0.00979855052384246,0.52,0.52,0.48,0
76.1,0.00982287250728687,0.52,0.52,0.48,0
76.11,0.00984564334529204,0.52,0.52,0.48,0
76.12,0.00986685944207868,0.52,0.52,0.48,0
76.13,0.00988651744737913,0.52,0.52,0.48,0
76.14,0.00990461425696651,0.52,0.52,0.48,0
76.15,0.00992114701314479,0.52,0.52,0.48,0
76.16,0.00993611310520008,0.52,0.52,0.48,0
76.17,0.00994951016981301,0.52,0.52,0.48,0
76.18,0.00996133609143173,0.52,0.52,0.48,0
76.19,0.00997158900260613,0.52,0.52,0.48,0
76.2,0.00998026728428271,0.52,0.52,0.48,0
76.21,0.00998736956606017,0.52,0.52,0.48,0
76.22,0.00999289472640589,0.52,0.52,0.48,0
76.23,0.009996841892833,0.52,0.52,0.48,0
76.24,0.00999921044203816,0.52,0.52,0.48,0
76.25,0.01,0.52,0.52,0.48,0
76.26,0.00999921044203816,0.52,0.52,0.48,0
76.27,0.009996841892833,0.52,0.52,0.48,0
76.28,0.00999289472640589,0.52,0.52,0.48,0
76.29,0.00998736956606018,0.52,0.52,0.48,0
76.3,0.00998026728428272,0.52,0.52,0.48,0
76.31,0.00997158900260614,0.52,0.52,0.48,0
76.32,0.00996133609143174,0.52,0.52,0.48,0
76.33,0.00994951016981301,0.52,0.52,0.48,0
76.34,0.00993611310520009,0.52,0.52,0.48,0
76.35,0.00992114701314479,0.52,0.52,0.48,0
76.36,0.00990461425696652,0.52,0.52,0.48,0
76.37,0.00988651744737914,0.52,0.52,0.48,0
76.38,0.00986685944207869,0.52,0.52,0.48,0
76.39,0.00984564334529205,0.52,0.52,0.48,0
76.4,0.00982287250728687,0.52,0.52,0.48,0
76.41,0.0097985505238425,0.52,0.52,0.48,0
76.42,0.00977268123568195,0.52,0.52,0.48,0
76.43,0.00974526872786578,0.52,0.52,0.48,0
76.44,0.00971631732914676,0.52,0.52,0.48,0
76.45,0.00968583161128632,0.52,0.52,0.48,0
76.46,0.00965381638833277,0.52,0.52,0.48,0
76.47,0.00962027671586087,0.52,0.52,0.48,0
76.48,0.00958521789017376,0.52,0.52,0.48,0
76.49,0.00954864544746645,0.52,0.52,0.48,0
76.5,0.00951056516295154,0.52,0.52,0.48,0
76.51,0.00947098304994742,0.52,0.52,0.48,0
76.52,0.00942990535892865,0.52,0.52,0.48,0
76.53,0.00938733857653873,0.52,0.52,0.48,0
76.54,0.00934328942456618,0.52,0.52,0.48,0
76.55,0.00929776485888256,0.52,0.52,0.48,0
76.56,0.0092507720683446,0.52,0.52,0.48,0
76.57,0.00920231847365875,0.52,0.52,0.48,0
76.58,0.0091524117262092,0.52,0.52,0.48,0
76.59,0.00910105970684996,0.52,0.52,0.48,0
76.6,0.00904827052466023,0.52,0.52,0.48,0
76.61,0.00899405251566372,0.52,0.52,0.48,0
76.62,0.00893841424151262,0.52,0.52,0.48,0
76.63,0.00888136448813546,0.52,0.52,0.48,0
76.64,0.00882291226434952,0.52,0.52,0.48,0
76.65,0.00876306680043859,0.52,0.52,0.48,0
76.66,0.00870183754669532,0.52,0.52,0.48,0
76.67,0.00863923417192839,0.52,0.52,0.48,0
76.68,0.00857526656193652,0.52,0.52,0.48,0
76.69,0.00850994481794696,0.52,0.52,0.48,0
76.7,0.00844327925502016,0.52,0.52,0.48,0
76.71,0.00837528040042147,0.52,0.52,0.48,0
76.72,0.00830595899195814,0.52,0.52,0.48,0
76.73,0.00823532597628426,0.52,0.52,0.48,0
76.74,0.00816339250717187,0.52,0.52,0.48,0
76.75,0.00809016994374947,0.52,0.52,0.48,0
76.76,0.00801566984870872,0.52,0.52,0.48,0
76.77,0.00793990398647844,0.52,0.52,0.48,0
76.78,0.00786288432136624,0.52,0.52,0.48,0
76.79,0.00778462301567033,0.52,0.52,0.48,0
76.8,0.00770513242775795,0.52,0.52,0.48,0
76.81,0.0076244251101145,0.52,0.52,0.48,0
76.82,0.00754251380736111,0.52,0.52,0.48,0
76.83,0.00745941145424185,0.52,0.52,0.48,0
76.84,0.00737513117358173,0.52,0.52,0.48,0
76.85,0.00728968627421416,0.52,0.52,0.48,0
76.86,0.00720309024887907,0.52,0.52,0.48,0
76.87,0.00711535677209281,0.52,0.52,0.48,0
76.88,0.0070264996979886,0.52,0.52,0.48,0
76.89,0.00693653305812812,0.52,0.52,0.48,0
76.9,0.00684547105928691,0.52,0.52,0.48,0
76.91,0.00675332808121033,0.52,0.52,0.48,0
76.92,0.00666011867434255,0.52,0.52,0.48,0
76.93,0.00656585755752955,0.52,0.52,0.48,0
76.94,0.00647055961569449,0.52,0.52,0.48,0
76.95,0.0063742398974869,0.52,0.52,0.48,0
76.96,0.00627691361290706,0.52,0.52,0.48,0
76.97,0.00617859613090335,0.52,0.52,0.48,0
76.98,0.00607930297694602,0.52,0.52,0.48,0
76.99,0.00597904983057533,0.52,0.52,0.48,0
77,0.0058778525229247,0.52,0.52,0.48,0
77.01,0.0057757270342226,0.52,0.52,0.48,0
77.02,0.00567268949126767,0.52,0.52,0.48,0
77.03,0.00556875616488193,0.52,0.52,0.48,0
77.04,0.00546394346734269,0.52,0.52,0.48,0
77.05,0.00535826794979003,0.52,0.52,0.48,0
77.06,0.00525174629961297,0.52,0.52,0.48,0
77.07,0.00514439533781514,0.52,0.52,0.48,0
77.08,0.00503623201635763,0.52,0.52,0.48,0
77.09,0.00492727341548289,0.52,0.52,0.48,0
77.1,0.00481753674101719,0.52,0.52,0.48,0
77.11,0.00470703932165331,0.52,0.52,0.48,0
77.12,0.00459579860621481,0.52,0.52,0.48,0
77.13,0.00448383216090045,0.52,0.52,0.48,0
77.14,0.0043711576665094,0.52,0.52,0.48,0
77.15,0.00425779291565074,0.52,0.52,0.48,0
77.16,0.00414375580993292,0.52,0.52,0.48,0
77.17,0.00402906435713665,0.52,0.52,0.48,0
77.18,0.00391373666837199,0.52,0.52,0.48,0
77.19,0.00379779095521805,0.52,0.52,0.48,0
77.2,0.00368124552684676,0.52,0.52,0.48,0
77.21,0.00356411878713256,0.52,0.52,0.48,0
77.22,0.00344642923174517,0.52,0.52,0.48,0
77.23,0.0033281954452298,0.52,0.52,0.48,0
77.24,0.00320943609807224,0.52,0.52,0.48,0
77.25,0.00309016994374956,0.52,0.52,0.48,0
77.26,0.00297041581577038,0.52,0.52,0.48,0
77.27,0.00285019262469986,0.52,0.52,0.48,0
77.28,0.00272951935517329,0.52,0.52,0.48,0
77.29,0.00260841506289895,0.52,0.52,0.48,0
77.3,0.00248689887164861,0.52,0.52,0.48,0
77.31,0.00236498997023724,0.52,0.52,0.48,0
77.32,0.00224270760949388,0.52,0.52,0.48,0
77.33,0.00212007109922056,0.52,0.52,0.48,0
77.34,0.00199709980514402,0.52,0.52,0.48,0
77.35,0.00187381314585741,0.52,0.52,0.48,0
77.36,0.00175023058975287,0.52,0.52,0.48,0
77.37,0.00162637165194888,0.52,0.52,0.48,0
77.38,0.00150225589120769,0.52,0.52,0.48,0
77.39,0.00137790290684644,0.52,0.52,0.48,0
77.4,0.00125333233564304,0.52,0.52,0.48,0
77.41,0.00112856384873489,0.52,0.52,0.48,0
77.42,0.00100361714851216,0.52,0.52,0.48,0
77.43,0.00087851196550738,0.52,0.52,0.48,0
77.44,0.000753268055279354,0.52,0.52,0.48,0
77.45,0.000627905195293097,0.52,0.52,0.48,0
77.46,0.00050244318179788,0.52,0.52,0.48,0
77.47,0.000376901826699466,0.52,0.52,0.48,0
77.48,0.000251300954433433,0.52,0.52,0.48,0
77.49,0.000125660398833663,0.52,0.52,0.48,0
77.5,7.3491187561573e-17,0.52,0.52,0.48,0
77.51,-0.000125660398833516,0.52,0.52,0.48,0
77.52,-0.000251300954433286,0.52,0.52,0.48,0
77.53,-0.00037690182669932,0.52,0.52,0.48,0
77.54,-0.000502443181797733,0.52,0.52,0.48,0
77.55,-0.000627905195293092,0.52,0.52,0.48,0
77.56,-0.000753268055279349,0.52,0.52,0.48,0
77.57,-0.000878511965507375,0.52,0.52,0.48,0
77.58,-0.00100361714851215,0.52,0.52,0.48,0
77.59,-0.00112856384873489,0.52,0.52,0.48,0
77.6,-0.00125333233564289,0.52,0.52,0.48,0
77.61,-0.00137790290684629,0.52,0.52,0.48,0
77.62,-0.00150225589120755,0.52,0.52,0.48,0
77.63,-0.00162637165194873,0.52,0.52,0.48,0
77.64,-0.00175023058975272,0.52,0.52,0.48,0
77.65,-0.00187381314585727,0.52,0.52,0.48,0
77.66,-0.00199709980514401,0.52,0.52,0.48,0
77.67,-0.00212007109922055,0.52,0.52,0.48,0
77.68,-0.00224270760949388,0.52,0.52,0.48,0
77.69,-0.00236498997023724,0.52,0.52,0.48,0
77.7,-0.0024868988716486,0.52,0.52,0.48,0
77.71,-0.00260841506289881,0.52,0.52,0.48,0
77.72,-0.00272951935517315,0.52,0.52,0.48,0
77.73,-0.00285019262469972,0.52,0.52,0.48,0
77.74,-0.00297041581577024,0.52,0.52,0.48,0
77.75,-0.00309016994374942,0.52,0.52,0.48,0
77.76,-0.0032094360980721,0.52,0.52,0.48,0
77.77,-0.0033281954452298,0.52,0.52,0.48,0
77.78,-0.00344642923174516,0.52,0.52,0.48,0
77.79,-0.00356411878713256,0.52,0.52,0.48,0
77.8,-0.00368124552684676,0.52,0.52,0.48,0
77.81,-0.00379779095521805,0.52,0.52,0.48,0
77.82,-0.00391373666837186,0.52,0.52,0.48,0
77.83,-0.00402906435713652,0.52,0.52,0.48,0
77.84,-0.00414375580993279,0.52,0.52,0.48,0
77.85,-0.00425779291565061,0.52,0.52,0.48,0
77.86,-0.00437115766650927,0.52,0.52,0.48,0
77.87,-0.00448383216090032,0.52,0.52,0.48,0
77.88,-0.0045957986062148,0.52,0.52,0.48,0
77.89,-0.00470703932165331,0.52,0.52,0.48,0
77.9,-0.00481753674101719,0.52,0.52,0.48,0
77.91,-0.00492727341548288,0.52,0.52,0.48,0
77.92,-0.00503623201635763,0.52,0.52,0.48,0
77.93,-0.00514439533781514,0.52,0.52,0.48,0
77.94,-0.00525174629961284,0.52,0.52,0.48,0
77.95,-0.00535826794978991,0.52,0.52,0.48,0
77.96,-0.00546394346734257,0.52,0.52,0.48,0
77.97,-0.00556875616488181,0.52,0.52,0.48,0
77.98,-0.00567268949126755,0.52,0.52,0.48,0
77.99,-0.00577572703422259,0.52,0.52,0.48,0
78,-0.0058778525229247,0.52,0.52,0.48,0
78.01,-0.00597904983057521,0.52,0.52,0.48,0
78.02,-0.00607930297694601,0.52,0.52,0.48,0
78.03,-0.00617859613090335,0.52,0.52,0.48,0
78.04,-0.00627691361290706,0.52,0.52,0.48,0
78.05,-0.00637423989748689,0.52,0.52,0.48,0
78.06,-0.00647055961569449,0.52,0.52,0.48,0
78.07,-0.00656585755752944,0.52,0.52,0.48,0
78.08,-0.00666011867434244,0.52,0.52,0.48,0
78.09,-0.00675332808121022,0.52,0.52,0.48,0
78.1,-0.0068454710592868,0.52,0.52,0.48,0
78.11,-0.00693653305812801,0.52,0.52,0.48,0
78.12,-0.0070264996979885,0.52,0.52,0.48,0
78.13,-0.0071153567720928,0.52,0.52,0.48,0
78.14,-0.00720309024887907,0.52,0.52,0.48,0
78.15,-0.00728968627421415,0.52,0.52,0.48,0
78.16,-0.00737513117358173,0.52,0.52,0.48,0
78.17,-0.00745941145424185,0.52,0.52,0.48,0
78.18,-0.00754251380736111,0.52,0.52,0.48,0
78.19,-0.0076244251101144,0.52,0.52,0.48,0
78.2,-0.00770513242775786,0.52,0.52,0.48,0
78.21,-0.00778462301567015,0.52,0.52,0.48,0
78.22,-0.00786288432136615,0.52,0.52,0.48,0
78.23,-0.00793990398647835,0.52,0.52,0.48,0
78.24,-0.00801566984870872,0.52,0.52,0.48,0
78.25,-0.00809016994374946,0.52,0.52,0.48,0
78.26,-0.00816339250717186,0.52,0.52,0.48,0
78.27,-0.00823532597628425,0.52,0.52,0.48,0
78.28,-0.00830595899195814,0.52,0.52,0.48,0
78.29,-0.00837528040042147,0.52,0.52,0.48,0
78.3,-0.00844327925502008,0.52,0.52,0.48,0
78.31,-0.00850994481794688,0.52,0.52,0.48,0
78.32,-0.00857526656193645,0.52,0.52,0.48,0
78.33,-0.00863923417192831,0.52,0.52,0.48,0
78.34,-0.00870183754669525,0.52,0.52,0.48,0
78.35,-0.00876306680043859,0.52,0.52,0.48,0
78.36,-0.00882291226434952,0.52,0.52,0.48,0
78.37,-0.00888136448813546,0.52,0.52,0.48,0
78.38,-0.00893841424151261,0.52,0.52,0.48,0
78.39,-0.00899405251566372,0.52,0.52,0.48,0
78.4,-0.00904827052466023,0.52,0.52,0.48,0
78.41,-0.0091010597068499,0.52,0.52,0.48,0
78.42,-0.00915241172620914,0.52,0.52,0.48,0
78.43,-0.0092023184736587,0.52,0.52,0.48,0
78.44,-0.00925077206834454,0.52,0.52,0.48,0
78.45,-0.0092977648588825,0.52,0.52,0.48,0
78.46,-0.00934328942456608,0.52,0.52,0.48,0
78.47,-0.00938733857653872,0.52,0.52,0.48,0
78.48,-0.00942990535892865,0.52,0.52,0.48,0
78.49,-0.00947098304994742,0.52,0.52,0.48,0
78.5,-0.00951056516295154,0.52,0.52,0.48,0
78.51,-0.00954864544746645,0.52,0.52,0.48,0
78.52,-0.00958521789017375,0.52,0.52,0.48,0
78.53,-0.00962027671586087,0.52,0.52,0.48,0
78.54,-0.00965381638833277,0.52,0.52,0.48,0
78.55,-0.00968583161128628,0.52,0.52,0.48,0
78.56,-0.00971631732914673,0.52,0.52,0.48,0
78.57,-0.00974526872786574,0.52,0.52,0.48,0
78.58,-0.00977268123568192,0.52,0.52,0.48,0
78.59,-0.00979855052384247,0.52,0.52,0.48,0
78.6,-0.00982287250728687,0.52,0.52,0.48,0
78.61,-0.00984564334529205,0.52,0.52,0.48,0
78.62,-0.00986685944207869,0.52,0.52,0.48,0
78.63,-0.00988651744737913,0.52,0.52,0.48,0
78.64,-0.00990461425696652,0.52,0.52,0.48,0
78.65,-0.00992114701314479,0.52,0.52,0.48,0
78.66,-0.00993611310520007,0.52,0.52,0.48,0
78.67,-0.009949510169813,0.52,0.52,0.48,0
78.68,-0.00996133609143172,0.52,0.52,0.48,0
78.69,-0.00997158900260613,0.52,0.52,0.48,0
78.7,-0.00998026728428271,0.52,0.52,0.48,0
78.71,-0.00998736956606017,0.52,0.52,0.48,0
78.72,-0.00999289472640589,0.52,0.52,0.48,0
78.73,-0.009996841892833,0.52,0.52,0.48,0
78.74,-0.00999921044203816,0.52,0.52,0.48,0
78.75,-0.01,0.52,0.52,0.48,0
78.76,-0.00999921044203816,0.52,0.52,0.48,0
78.77,-0.009996841892833,0.52,0.52,0.48,0
78.78,-0.0099928947264059,0.52,0.52,0.48,0
78.79,-0.00998736956606018,0.52,0.52,0.48,0
78.8,-0.00998026728428272,0.52,0.52,0.48,0
78.81,-0.00997158900260614,0.52,0.52,0.48,0
78.82,-0.00996133609143173,0.52,0.52,0.48,0
78.83,-0.00994951016981301,0.52,0.52,0.48,0
78.84,-0.00993611310520008,0.52,0.52,0.48,0
78.85,-0.00992114701314479,0.52,0.52,0.48,0
78.86,-0.00990461425696651,0.52,0.52,0.48,0
78.87,-0.00988651744737913,0.52,0.52,0.48,0
78.88,-0.00986685944207871,0.52,0.52,0.48,0
78.89,-0.00984564334529207,0.52,0.52,0.48,0
78.9,-0.00982287250728689,0.52,0.52,0.48,0
78.91,-0.00979855052384249,0.52,0.52,0.48,0
78.92,-0.00977268123568194,0.52,0.52,0.48,0
78.93,-0.00974526872786577,0.52,0.52,0.48,0
78.94,-0.00971631732914675,0.52,0.52,0.48,0
78.95,-0.00968583161128631,0.52,0.52,0.48,0
78.96,-0.00965381638833276,0.52,0.52,0.48,0
78.97,-0.00962027671586086,0.52,0.52,0.48,0
78.98,-0.00958521789017375,0.52,0.52,0.48,0
78.99,-0.00954864544746648,0.52,0.52,0.48,0
79,-0.00951056516295157,0.52,0.52,0.48,0
79.01,-0.00947098304994741,0.52,0.52,0.48,0
79.02,-0.00942990535892869,0.52,0.52,0.48,0
79.03,-0.00938733857653876,0.52,0.52,0.48,0
79.04,-0.00934328942456612,0.52,0.52,0.48,0
79.05,-0.00929776485888254,0.52,0.52,0.48,0
79.06,-0.00925077206834459,0.52,0.52,0.48,0
79.07,-0.00920231847365874,0.52,0.52,0.48,0
79.08,-0.00915241172620919,0.52,0.52,0.48,0
79.09,-0.00910105970684994,0.52,0.52,0.48,0
79.1,-0.00904827052466022,0.52,0.52,0.48,0
79.11,-0.0089940525156637,0.52,0.52,0.48,0
79.12,-0.0089384142415126,0.52,0.52,0.48,0
79.13,-0.00888136448813551,0.52,0.52,0.48,0
79.14,-0.00882291226434957,0.52,0.52,0.48,0
79.15,-0.00876306680043864,0.52,0.52,0.48,0
79.16,-0.0087018375466953,0.52,0.52,0.48,0
79.17,-0.00863923417192837,0.52,0.52,0.48,0
79.18,-0.00857526656193651,0.52,0.52,0.48,0
79.19,-0.00850994481794694,0.52,0.52,0.48,0
79.2,-0.00844327925502014,0.52,0.52,0.48,0
79.21,-0.00837528040042145,0.52,0.52,0.48,0
79.22,-0.00830595899195813,0.52,0.52,0.48,0
79.23,-0.00823532597628424,0.52,0.52,0.48,0
79.24,-0.00816339250717193,0.52,0.52,0.48,0
79.25,-0.00809016994374953,0.52,0.52,0.48,0
79.26,-0.00801566984870878,0.52,0.52,0.48,0
79.27,-0.00793990398647842,0.52,0.52,0.48,0
79.28,-0.00786288432136622,0.52,0.52,0.48,0
79.29,-0.00778462301567022,0.52,0.52,0.48,0
79.3,-0.00770513242775793,0.52,0.52,0.48,0
79.31,-0.00762442511011448,0.52,0.52,0.48,0
79.32,-0.00754251380736109,0.52,0.52,0.48,0
79.33,-0.00745941145424183,0.52,0.52,0.48,0
79.34,-0.0073751311735817,0.52,0.52,0.48,0
79.35,-0.00728968627421423,0.52,0.52,0.48,0
79.36,-0.00720309024887914,0.52,0.52,0.48,0
79.37,-0.00711535677209289,0.52,0.52,0.48,0
79.38,-0.00702649969798858,0.52,0.52,0.48,0
79.39,-0.00693653305812809,0.52,0.52,0.48,0
79.4,-0.00684547105928688,0.52,0.52,0.48,0
79.41,-0.0067533280812103,0.52,0.52,0.48,0
79.42,-0.00666011867434253,0.52,0.52,0.48,0
79.43,-0.00656585755752953,0.52,0.52,0.48,0
79.44,-0.00647055961569446,0.52,0.52,0.48,0
79.45,-0.00637423989748687,0.52,0.52,0.48,0
79.46,-0.00627691361290715,0.52,0.52,0.48,0
79.47,-0.00617859613090344,0.52,0.52,0.48,0
79.48,-0.0060793029769461,0.52,0.52,0.48,0
79.49,-0.0059790498305753,0.52,0.52,0.48,0
79.5,-0.00587785252292479,0.52,0.52,0.48,0
79.51,-0.00577572703422269,0.52,0.52,0.48,0
79.52,-0.00567268949126764,0.52,0.52,0.48,0
79.53,-0.0055687561648819,0.52,0.52,0.48,0
79.54,-0.00546394346734266,0.52,0.52,0.48,0
79.55,-0.00535826794979,0.52,0.52,0.48,0
79.56,-0.00525174629961294,0.52,0.52,0.48,0
79.57,-0.00514439533781511,0.52,0.52,0.48,0
79.58,-0.0050362320163576,0.52,0.52,0.48,0
79.59,-0.00492727341548286,0.52,0.52,0.48,0
79.6,-0.00481753674101729,0.52,0.52,0.48,0
79.61,-0.0047070393216534,0.52,0.52,0.48,0
79.62,-0.0045957986062149,0.52,0.52,0.48,0
79.63,-0.00448383216090042,0.52,0.52,0.48,0
79.64,-0.00437115766650937,0.52,0.52,0.48,0
79.65,-0.00425779291565071,0.52,0.52,0.48,0
79.66,-0.00414375580993289,0.52,0.52,0.48,0
79.67,-0.00402906435713662,0.52,0.52,0.48,0
79.68,-0.00391373666837196,0.52,0.52,0.48,0
79.69,-0.00379779095521802,0.52,0.52,0.48,0
79.7,-0.00368124552684673,0.52,0.52,0.48,0
79.71,-0.00356411878713266,0.52,0.52,0.48,0
79.72,-0.00344642923174527,0.52,0.52,0.48,0
79.73,-0.0033281954452299,0.52,0.52,0.48,0
79.74,-0.00320943609807221,0.52,0.52,0.48,0
79.75,-0.00309016994374953,0.52,0.52,0.48,0
79.76,-0.00297041581577034,0.52,0.52,0.48,0
79.77,-0.00285019262469983,0.52,0.52,0.48,0
79.78,-0.00272951935517326,0.52,0.52,0.48,0
79.79,-0.00260841506289892,0.52,0.52,0.48,0
79.8,-0.00248689887164857,0.52,0.52,0.48,0
79.81,-0.00236498997023721,0.52,0.52,0.48,0
79.82,-0.00224270760949399,0.52,0.52,0.48,0
79.83,-0.00212007109922066,0.52,0.52,0.48,0
79.84,-0.00199709980514413,0.52,0.52,0.48,0
79.85,-0.00187381314585738,0.52,0.52,0.48,0
79.86,-0.00175023058975283,0.52,0.52,0.48,0
79.87,-0.00162637165194884,0.52,0.52,0.48,0
79.88,-0.00150225589120766,0.52,0.52,0.48,0
79.89,-0.0013779029068464,0.52,0.52,0.48,0
79.9,-0.001253332335643,0.52,0.52,0.48,0
79.91,-0.00112856384873486,0.52,0.52,0.48,0
79.92,-0.00100361714851213,0.52,0.52,0.48,0
79.93,-0.000878511965507346,0.52,0.52,0.48,0
79.94,-0.000753268055279461,0.52,0.52,0.48,0
79.95,-0.000627905195293205,0.52,0.52,0.48,0
79.96,-0.000502443181797845,0.52,0.52,0.48,0
79.97,-0.000376901826699432,0.52,0.52,0.48,0
79.98,-0.000251300954433398,0.52,0.52,0.48,0
79.99,-0.000125660398833628,0.52,0.52,0.48,0
80,-3.91886975727153e-17,0.52,0.52,0.48,0
80.01,0.00012566039883355,0.52,0.52,0.48,0
80.02,0.00025130095443332,0.52,0.52,0.48,0
80.03,0.000376901826699354,0.52,0.52,0.48,0
80.04,0.000502443181797767,0.52,0.52,0.48,0
80.05,0.000627905195293127,0.52,0.52,0.48,0
80.06,0.000753268055279383,0.52,0.52,0.48,0
80.07,0.000878511965507267,0.52,0.52,0.48,0
80.08,0.00100361714851205,0.52,0.52,0.48,0
80.09,0.00112856384873478,0.52,0.52,0.48,0
80.1,0.00125333233564293,0.52,0.52,0.48,0
80.11,0.00137790290684633,0.52,0.52,0.48,0
80.12,0.00150225589120758,0.52,0.52,0.48,0
80.13,0.00162637165194877,0.52,0.52,0.48,0
80.14,0.00175023058975275,0.52,0.52,0.48,0
80.15,0.0018738131458573,0.52,0.52,0.48,0
80.16,0.00199709980514405,0.52,0.52,0.48,0
80.17,0.00212007109922059,0.52,0.52,0.48,0
80.18,0.00224270760949391,0.52,0.52,0.48,0
80.19,0.00236498997023713,0.52,0.52,0.48,0
80.2,0.0024868988716485,0.52,0.52,0.48,0
80.21,0.00260841506289884,0.52,0.52,0.48,0
80.22,0.00272951935517319,0.52,0.52,0.48,0
80.23,0.00285019262469976,0.52,0.52,0.48,0
80.24,0.00297041581577027,0.52,0.52,0.48,0
80.25,0.00309016994374945,0.52,0.52,0.48,0
80.26,0.00320943609807213,0.52,0.52,0.48,0
80.27,0.00332819544522983,0.52,0.52,0.48,0
80.28,0.0034464292317452,0.52,0.52,0.48,0
80.29,0.00356411878713259,0.52,0.52,0.48,0
80.3,0.00368124552684666,0.52,0.52,0.48,0
80.31,0.00379779095521795,0.52,0.52,0.48,0
80.32,0.00391373666837189,0.52,0.52,0.48,0
80.33,0.00402906435713655,0.52,0.52,0.48,0
80.34,0.00414375580993282,0.52,0.52,0.48,0
80.35,0.00425779291565064,0.52,0.52,0.48,0
80.36,0.0043711576665093,0.52,0.52,0.48,0
80.37,0.00448383216090035,0.52,0.52,0.48,0
80.38,0.00459579860621483,0.52,0.52,0.48,0
80.39,0.00470703932165334,0.52,0.52,0.48,0
80.4,0.00481753674101722,0.52,0.52,0.48,0
80.41,0.00492727341548279,0.52,0.52,0.48,0
80.42,0.00503623201635754,0.52,0.52,0.48,0
80.43,0.00514439533781505,0.52,0.52,0.48,0
80.44,0.00525174629961287,0.52,0.52,0.48,0
80.45,0.00535826794978994,0.52,0.52,0.48,0
80.46,0.00546394346734259,0.52,0.52,0.48,0
80.47,0.00556875616488184,0.52,0.52,0.48,0
80.48,0.00567268949126758,0.52,0.52,0.48,0
80.49,0.00577572703422262,0.52,0.52,0.48,0
80.5,0.00587785252292473,0.52,0.52,0.48,0
80.51,0.00597904983057524,0.52,0.52,0.48,0
80.52,0.00607930297694604,0.52,0.52,0.48,0
80.53,0.00617859613090338,0.52,0.52,0.48,0
80.54,0.00627691361290709,0.52,0.52,0.48,0
80.55,0.00637423989748681,0.52,0.52,0.48,0
80.56,0.00647055961569441,0.52,0.52,0.48,0
80.57,0.00656585755752947,0.52,0.52,0.48,0
80.58,0.00666011867434247,0.52,0.52,0.48,0
80.59,0.00675332808121024,0.52,0.52,0.48,0
80.6,0.00684547105928683,0.52,0.52,0.48,0
80.61,0.00693653305812804,0.52,0.52,0.48,0
80.62,0.00702649969798852,0.52,0.52,0.48,0
80.63,0.00711535677209283,0.52,0.52,0.48,0
80.64,0.00720309024887909,0.52,0.52,0.48,0
80.65,0.00728968627421418,0.52,0.52,0.48,0
80.66,0.00737513117358165,0.52,0.52,0.48,0
80.67,0.00745941145424178,0.52,0.52,0.48,0
80.68,0.00754251380736104,0.52,0.52,0.48,0
80.69,0.00762442511011443,0.52,0.52,0.48,0
80.7,0.00770513242775788,0.52,0.52,0.48,0
80.71,0.00778462301567017,0.52,0.52,0.48,0
80.72,0.00786288432136617,0.52,0.52,0.48,0
80.73,0.00793990398647837,0.52,0.52,0.48,0
80.74,0.00801566984870874,0.52,0.52,0.48,0
80.75,0.00809016994374948,0.52,0.52,0.48,0
80.76,0.00816339250717188,0.52,0.52,0.48,0
80.77,0.00823532597628419,0.52,0.52,0.48,0
80.78,0.00830595899195808,0.52,0.52,0.48,0
80.79,0.00837528040042141,0.52,0.52,0.48,0
80.8,0.0084432792550201,0.52,0.52,0.48,0
80.81,0.0085099448179469,0.52,0.52,0.48,0
80.82,0.00857526656193646,0.52,0.52,0.48,0
80.83,0.00863923417192833,0.52,0.52,0.48,0
80.84,0.00870183754669526,0.52,0.52,0.48,0
80.85,0.0087630668004386,0.52,0.52,0.48,0
80.86,0.00882291226434953,0.52,0.52,0.48,0
80.87,0.00888136448813547,0.52,0.52,0.48,0
80.88,0.00893841424151257,0.52,0.52,0.48,0
80.89,0.00899405251566367,0.52,0.52,0.48,0
80.9,0.00904827052466018,0.52,0.52,0.48,0
80.91,0.00910105970684991,0.52,0.52,0.48,0
80.92,0.00915241172620916,0.52,0.52,0.48,0
80.93,0.00920231847365871,0.52,0.52,0.48,0
80.94,0.00925077206834456,0.52,0.52,0.48,0
80.95,0.00929776485888251,0.52,0.52,0.48,0
80.96,0.00934328942456609,0.52,0.52,0.48,0
80.97,0.00938733857653874,0.52,0.52,0.48,0
80.98,0.00942990535892866,0.52,0.52,0.48,0
80.99,0.00947098304994739,0.52,0.52,0.48,0
81,0.00951056516295154,0.52,0.52,0.48,0
81.01,0.00954864544746646,0.52,0.52,0.48,0
81.02,0.00958521789017372,0.52,0.52,0.48,0
81.03,0.00962027671586084,0.52,0.52,0.48,0
81.04,0.00965381638833274,0.52,0.52,0.48,0
81.05,0.00968583161128629,0.52,0.52,0.48,0
81.06,0.00971631732914674,0.52,0.52,0.48,0
81.07,0.00974526872786575,0.52,0.52,0.48,0
81.08,0.00977268123568193,0.52,0.52,0.48,0
81.09,0.00979855052384248,0.52,0.52,0.48,0
81.1,0.00982287250728688,0.52,0.52,0.48,0
81.11,0.00984564334529206,0.52,0.52,0.48,0
81.12,0.00986685944207869,0.52,0.52,0.48,0
81.13,0.00988651744737912,0.52,0.52,0.48,0
81.14,0.0099046142569665,0.52,0.52,0.48,0
81.15,0.00992114701314478,0.52,0.52,0.48,0
81.16,0.00993611310520007,0.52,0.52,0.48,0
81.17,0.009949510169813,0.52,0.52,0.48,0
81.18,0.00996133609143173,0.52,0.52,0.48,0
81.19,0.00997158900260614,0.52,0.52,0.48,0
81.2,0.00998026728428272,0.52,0.52,0.48,0
81.21,0.00998736956606017,0.52,0.52,0.48,0
81.22,0.00999289472640589,0.52,0.52,0.48,0
81.23,0.009996841892833,0.52,0.52,0.48,0
81.24,0.00999921044203816,0.52,0.52,0.48,0
81.25,0.01,0.52,0.52,0.48,0
81.26,0.00999921044203816,0.52,0.52,0.48,0
81.27,0.009996841892833,0.52,0.52,0.48,0
81.28,0.00999289472640589,0.52,0.52,0.48,0
81.29,0.00998736956606017,0.52,0.52,0.48,0
81.3,0.00998026728428272,0.52,0.52,0.48,0
81.31,0.00997158900260614,0.52,0.52,0.48,0
81.32,0.00996133609143173,0.52,0.52,0.48,0
81.33,0.009949510169813,0.52,0.52,0.48,0
81.34,0.00993611310520008,0.52,0.52,0.48,0
81.35,0.0099211470131448,0.52,0.52,0.48,0
81.36,0.00990461425696653,0.52,0.52,0.48,0
81.37,0.00988651744737915,0.52,0.52,0.48,0
81.38,0.0098668594420787,0.52,0.52,0.48,0
81.39,0.00984564334529207,0.52,0.52,0.48,0
81.4,0.00982287250728689,0.52,0.52,0.48,0
81.41,0.00979855052384248,0.52,0.52,0.48,0
81.42,0.00977268123568194,0.52,0.52,0.48,0
81.43,0.00974526872786576,0.52,0.52,0.48,0
81.44,0.00971631732914675,0.52,0.52,0.48,0
81.45,0.0096858316112863,0.52,0.52,0.48,0
81.46,0.00965381638833279,0.52,0.52,0.48,0
81.47,0.00962027671586089,0.52,0.52,0.48,0
81.48,0.00958521789017378,0.52,0.52,0.48,0
81.49,0.00954864544746647,0.52,0.52,0.48,0
81.5,0.00951056516295156,0.52,0.52,0.48,0
81.51,0.00947098304994745,0.52,0.52,0.48,0
81.52,0.00942990535892868,0.52,0.52,0.48,0
81.53,0.00938733857653875,0.52,0.52,0.48,0
81.54,0.00934328942456611,0.52,0.52,0.48,0
81.55,0.00929776485888253,0.52,0.52,0.48,0
81.56,0.00925077206834457,0.52,0.52,0.48,0
81.57,0.00920231847365873,0.52,0.52,0.48,0
81.58,0.00915241172620917,0.52,0.52,0.48,0
81.59,0.00910105970684993,0.52,0.52,0.48,0
81.6,0.00904827052466026,0.52,0.52,0.48,0
81.61,0.00899405251566375,0.52,0.52,0.48,0
81.62,0.00893841424151265,0.52,0.52,0.48,0
81.63,0.00888136448813549,0.52,0.52,0.48,0
81.64,0.00882291226434955,0.52,0.52,0.48,0
81.65,0.00876306680043863,0.52,0.52,0.48,0
81.66,0.00870183754669529,0.52,0.52,0.48,0
81.67,0.00863923417192835,0.52,0.52,0.48,0
81.68,0.00857526656193649,0.52,0.52,0.48,0
81.69,0.00850994481794692,0.52,0.52,0.48,0
81.7,0.00844327925502012,0.52,0.52,0.48,0
81.71,0.00837528040042151,0.52,0.52,0.48,0
81.72,0.00830595899195819,0.52,0.52,0.48,0
81.73,0.0082353259762843,0.52,0.52,0.48,0
81.74,0.00816339250717191,0.52,0.52,0.48,0
81.75,0.00809016994374951,0.52,0.52,0.48,0
81.76,0.00801566984870876,0.52,0.52,0.48,0
81.77,0.0079399039864784,0.52,0.52,0.48,0
81.78,0.00786288432136619,0.52,0.52,0.48,0
81.79,0.0077846230156702,0.52,0.52,0.48,0
81.8,0.00770513242775791,0.52,0.52,0.48,0
81.81,0.00762442511011445,0.52,0.52,0.48,0
81.82,0.00754251380736116,0.52,0.52,0.48,0
81.83,0.0074594114542419,0.52,0.52,0.48,0
81.84,0.00737513117358178,0.52,0.52,0.48,0
81.85,0.00728968627421421,0.52,0.52,0.48,0
81.86,0.00720309024887912,0.52,0.52,0.48,0
81.87,0.00711535677209286,0.52,0.52,0.48,0
81.88,0.00702649969798856,0.52,0.52,0.48,0
81.89,0.00693653305812807,0.52,0.52,0.48,0
81.9,0.00684547105928686,0.52,0.52,0.48,0
81.91,0.00675332808121027,0.52,0.52,0.48,0
81.92,0.0066601186743425,0.52,0.52,0.48,0
81.93,0.0065658575575295,0.52,0.52,0.48,0
81.94,0.00647055961569455,0.52,0.52,0.48,0
81.95,0.00637423989748695,0.52,0.52,0.48,0
81.96,0.00627691361290712,0.52,0.52,0.48,0
81.97,0.00617859613090341,0.52,0.52,0.48,0
81.98,0.00607930297694607,0.52,0.52,0.48,0
81.99,0.00597904983057527,0.52,0.52,0.48,0
82,0.00587785252292476,0.52,0.52,0.48,0
82.01,0.00577572703422266,0.52,0.52,0.48,0
82.02,0.00567268949126761,0.52,0.52,0.48,0
82.03,0.00556875616488187,0.52,0.52,0.48,0
82.04,0.00546394346734263,0.52,0.52,0.48,0
82.05,0.00535826794978997,0.52,0.52,0.48,0
82.06,0.00525174629961291,0.52,0.52,0.48,0
82.07,0.00514439533781521,0.52,0.52,0.48,0
82.08,0.0050362320163577,0.52,0.52,0.48,0
82.09,0.00492727341548295,0.52,0.52,0.48,0
82.1,0.00481753674101726,0.52,0.52,0.48,0
82.11,0.00470703932165337,0.52,0.52,0.48,0
82.12,0.00459579860621487,0.52,0.52,0.48,0
82.13,0.00448383216090039,0.52,0.52,0.48,0
82.14,0.00437115766650934,0.52,0.52,0.48,0
82.15,0.00425779291565068,0.52,0.52,0.48,0
82.16,0.00414375580993286,0.52,0.52,0.48,0
82.17,0.00402906435713659,0.52,0.52,0.48,0
82.18,0.00391373666837193,0.52,0.52,0.48,0
82.19,0.00379779095521812,0.52,0.52,0.48,0
82.2,0.00368124552684683,0.52,0.52,0.48,0
82.21,0.00356411878713263,0.52,0.52,0.48,0
82.22,0.00344642923174524,0.52,0.52,0.48,0
82.23,0.00332819544522987,0.52,0.52,0.48,0
82.24,0.00320943609807218,0.52,0.52,0.48,0
82.25,0.0030901699437495,0.52,0.52,0.48,0
82.26,0.00297041581577031,0.52,0.52,0.48,0
82.27,0.0028501926246998,0.52,0.52,0.48,0
82.28,0.00272951935517323,0.52,0.52,0.48,0
82.29,0.00260841506289888,0.52,0.52,0.48,0
82.3,0.00248689887164868,0.52,0.52,0.48,0
82.31,0.00236498997023731,0.52,0.52,0.48,0
82.32,0.00224270760949396,0.52,0.52,0.48,0
82.33,0.00212007109922063,0.52,0.52,0.48,0
82.34,0.00199709980514409,0.52,0.52,0.48,0
82.35,0.00187381314585735,0.52,0.52,0.48,0
82.36,0.0017502305897528,0.52,0.52,0.48,0
82.37,0.00162637165194881,0.52,0.52,0.48,0
82.38,0.00150225589120762,0.52,0.52,0.48,0
82.39,0.00137790290684637,0.52,0.52,0.48,0
82.4,0.00125333233564297,0.52,0.52,0.48,0
82.41,0.00112856384873496,0.52,0.52,0.48,0
82.42,0.00100361714851223,0.52,0.52,0.48,0
82.43,0.000878511965507453,0.52,0.52,0.48,0
82.44,0.000753268055279427,0.52,0.52,0.48,0
82.45,0.000627905195293171,0.52,0.52,0.48,0
82.46,0.000502443181797811,0.52,0.52,0.48,0
82.47,0.000376901826699398,0.52,0.52,0.48,0
82.48,0.000251300954433364,0.52,0.52,0.48,0
82.49,0.000125660398833594,0.52,0.52,0.48,0
82.5,4.88620758385765e-18,0.52,0.52,0.48,0
82.51,-0.000125660398833584,0.52,0.52,0.48,0
82.52,-0.000251300954433354,0.52,0.52,0.48,0
82.53,-0.000376901826699388,0.52,0.52,0.48,0
82.54,-0.000502443181797801,0.52,0.52,0.48,0
82.55,-0.000627905195293019,0.52,0.52,0.48,0
82.56,-0.000753268055279276,0.52,0.52,0.48,0
82.57,-0.000878511965507302,0.52,0.52,0.48,0
82.58,-0.00100361714851208,0.52,0.52,0.48,0
82.59,-0.00112856384873481,0.52,0.52,0.48,0
82.6,-0.00125333233564296,0.52,0.52,0.48,0
82.61,-0.00137790290684636,0.52,0.52,0.48,0
82.62,-0.00150225589120761,0.52,0.52,0.48,0
82.63,-0.0016263716519488,0.52,0.52,0.48,0
82.64,-0.00175023058975279,0.52,0.52,0.48,0
82.65,-0.00187381314585734,0.52,0.52,0.48,0
82.66,-0.00199709980514394,0.52,0.52,0.48,0
82.67,-0.00212007109922048,0.52,0.52,0.48,0
82.68,-0.00224270760949381,0.52,0.52,0.48,0
82.69,-0.00236498997023717,0.52,0.52,0.48,0
82.7,-0.00248689887164853,0.52,0.52,0.48,0
82.71,-0.00260841506289887,0.52,0.52,0.48,0
82.72,-0.00272951935517322,0.52,0.52,0.48,0
82.73,-0.00285019262469979,0.52,0.52,0.48,0
82.74,-0.0029704158157703,0.52,0.52,0.48,0
82.75,-0.00309016994374949,0.52,0.52,0.48,0
82.76,-0.00320943609807217,0.52,0.52,0.48,0
82.77,-0.00332819544522973,0.52,0.52,0.48,0
82.78,-0.00344642923174509,0.52,0.52,0.48,0
82.79,-0.00356411878713249,0.52,0.52,0.48,0
82.8,-0.00368124552684669,0.52,0.52,0.48,0
82.81,-0.00379779095521798,0.52,0.52,0.48,0
82.82,-0.00391373666837192,0.52,0.52,0.48,0
82.83,-0.00402906435713658,0.52,0.52,0.48,0
82.84,-0.00414375580993285,0.52,0.52,0.48,0
82.85,-0.00425779291565067,0.52,0.52,0.48,0
82.86,-0.00437115766650933,0.52,0.52,0.48,0
82.87,-0.00448383216090038,0.52,0.52,0.48,0
82.88,-0.00459579860621474,0.52,0.52,0.48,0
82.89,-0.00470703932165324,0.52,0.52,0.48,0
82.9,-0.00481753674101712,0.52,0.52,0.48,0
82.91,-0.00492727341548282,0.52,0.52,0.48,0
82.92,-0.00503623201635757,0.52,0.52,0.48,0
82.93,-0.00514439533781508,0.52,0.52,0.48,0
82.94,-0.0052517462996129,0.52,0.52,0.48,0
82.95,-0.00535826794978996,0.52,0.52,0.48,0
82.96,-0.00546394346734262,0.52,0.52,0.48,0
82.97,-0.00556875616488187,0.52,0.52,0.48,0
82.98,-0.0056726894912676,0.52,0.52,0.48,0
82.99,-0.00577572703422253,0.52,0.52,0.48,0
83,-0.00587785252292464,0.52,0.52,0.48,0
83.01,-0.00597904983057526,0.52,0.52,0.48,0
83.02,-0.00607930297694595,0.52,0.52,0.48,0
83.03,-0.00617859613090329,0.52,0.52,0.48,0
83.04,-0.006276913612907,0.52,0.52,0.48,0
83.05,-0.00637423989748684,0.52,0.52,0.48,0
83.06,-0.00647055961569443,0.52,0.52,0.48,0
83.07,-0.00656585755752949,0.52,0.52,0.48,0
83.08,-0.00666011867434249,0.52,0.52,0.48,0
83.09,-0.00675332808121027,0.52,0.52,0.48,0
83.1,-0.00684547105928685,0.52,0.52,0.48,0
83.11,-0.00693653305812806,0.52,0.52,0.48,0
83.12,-0.00702649969798855,0.52,0.52,0.48,0
83.13,-0.00711535677209275,0.52,0.52,0.48,0
83.14,-0.00720309024887901,0.52,0.52,0.48,0
83.15,-0.0072896862742141,0.52,0.52,0.48,0
83.16,-0.00737513117358168,0.52,0.52,0.48,0
83.17,-0.0074594114542418,0.52,0.52,0.48,0
83.18,-0.00754251380736106,0.52,0.52,0.48,0
83.19,-0.00762442511011445,0.52,0.52,0.48,0
83.2,-0.0077051324277579,0.52,0.52,0.48,0
83.21,-0.00778462301567019,0.52,0.52,0.48,0
83.22,-0.00786288432136619,0.52,0.52,0.48,0
83.23,-0.00793990398647839,0.52,0.52,0.48,0
83.24,-0.00801566984870867,0.52,0.52,0.48,0
83.25,-0.00809016994374942,0.52,0.52,0.48,0
83.26,-0.00816339250717182,0.52,0.52,0.48,0
83.27,-0.00823532597628421,0.52,0.52,0.48,0
83.28,-0.0083059589919581,0.52,0.52,0.48,0
83.29,-0.00837528040042143,0.52,0.52,0.48,0
83.3,-0.00844327925502012,0.52,0.52,0.48,0
83.31,-0.00850994481794692,0.52,0.52,0.48,0
83.32,-0.00857526656193648,0.52,0.52,0.48,0
83.33,-0.00863923417192835,0.52,0.52,0.48,0
83.34,-0.00870183754669528,0.52,0.52,0.48,0
83.35,-0.00876306680043855,0.52,0.52,0.48,0
83.36,-0.00882291226434948,0.52,0.52,0.48,0
83.37,-0.00888136448813542,0.52,0.52,0.48,0
83.38,-0.00893841424151258,0.52,0.52,0.48,0
83.39,-0.00899405251566368,0.52,0.52,0.48,0
83.4,-0.0090482705246602,0.52,0.52,0.48,0
83.41,-0.00910105970684992,0.52,0.52,0.48,0
83.42,-0.00915241172620917,0.52,0.52,0.48,0
83.43,-0.00920231847365872,0.52,0.52,0.48,0
83.44,-0.00925077206834457,0.52,0.52,0.48,0
83.45,-0.00929776485888253,0.52,0.52,0.48,0
83.46,-0.00934328942456605,0.52,0.52,0.48,0
83.47,-0.0093873385765387,0.52,0.52,0.48,0
83.48,-0.00942990535892862,0.52,0.52,0.48,0
83.49,-0.0094709830499474,0.52,0.52,0.48,0
83.5,-0.00951056516295151,0.52,0.52,0.48,0
83.51,-0.00954864544746643,0.52,0.52,0.48,0
83.52,-0.00958521789017373,0.52,0.52,0.48,0
83.53,-0.00962027671586085,0.52,0.52,0.48,0
83.54,-0.00965381638833275,0.52,0.52,0.48,0
83.55,-0.0096858316112863,0.52,0.52,0.48,0
83.56,-0.00971631732914674,0.52,0.52,0.48,0
83.57,-0.00974526872786576,0.52,0.52,0.48,0
83.58,-0.00977268123568194,0.52,0.52,0.48,0
83.59,-0.00979855052384248,0.52,0.52,0.48,0
83.6,-0.00982287250728686,0.52,0.52,0.48,0
83.61,-0.00984564334529204,0.52,0.52,0.48,0
83.62,-0.00986685944207868,0.52,0.52,0.48,0
83.63,-0.00988651744737912,0.52,0.52,0.48,0
83.64,-0.00990461425696651,0.52,0.52,0.48,0
83.65,-0.00992114701314478,0.52,0.52,0.48,0
83.66,-0.00993611310520008,0.52,0.52,0.48,0
83.67,-0.009949510169813,0.52,0.52,0.48,0
83.68,-0.00996133609143173,0.52,0.52,0.48,0
83.69,-0.00997158900260614,0.52,0.52,0.48,0
83.7,-0.00998026728428272,0.52,0.52,0.48,0
83.71,-0.00998736956606017,0.52,0.52,0.48,0
83.72,-0.00999289472640589,0.52,0.52,0.48,0
83.73,-0.009996841892833,0.52,0.52,0.48,0
83.74,-0.00999921044203816,0.52,0.52,0.48,0
83.75,-0.01,0.52,0.52,0.48,0
83.76,-0.00999921044203816,0.52,0.52,0.48,0
83.77,-0.009996841892833,0.52,0.52,0.48,0
83.78,-0.00999289472640589,0.52,0.52,0.48,0
83.79,-0.00998736956606017,0.52,0.52,0.48,0
83.8,-0.00998026728428272,0.52,0.52,0.48,0
83.81,-0.00997158900260614,0.52,0.52,0.48,0
83.82,-0.00996133609143174,0.52,0.52,0.48,0
83.83,-0.00994951016981301,0.52,0.52,0.48,0
83.84,-0.00993611310520009,0.52,0.52,0.48,0
83.85,-0.0099211470131448,0.52,0.52,0.48,0
83.86,-0.00990461425696652,0.52,0.52,0.48,0
83.87,-0.00988651744737914,0.52,0.52,0.48,0
83.88,-0.0098668594420787,0.52,0.52,0.48,0
83.89,-0.00984564334529206,0.52,0.52,0.48,0
83.9,-0.00982287250728688,0.52,0.52,0.48,0
83.91,-0.00979855052384248,0.52,0.52,0.48,0
83.92,-0.00977268123568193,0.52,0.52,0.48,0
83.93,-0.00974526872786575,0.52,0.52,0.48,0
83.94,-0.00971631732914677,0.52,0.52,0.48,0
83.95,-0.00968583161128633,0.52,0.52,0.48,0
83.96,-0.00965381638833278,0.52,0.52,0.48,0
83.97,-0.00962027671586088,0.52,0.52,0.48,0
83.98,-0.00958521789017377,0.52,0.52,0.48,0
83.99,-0.00954864544746646,0.52,0.52,0.48,0
84,-0.00951056516295155,0.52,0.52,0.48,0
84.01,-0.00947098304994744,0.52,0.52,0.48,0
84.02,-0.00942990535892867,0.52,0.52,0.48,0
84.03,-0.00938733857653874,0.52,0.52,0.48,0
84.04,-0.0093432894245661,0.52,0.52,0.48,0
84.05,-0.00929776485888252,0.52,0.52,0.48,0
84.06,-0.00925077206834456,0.52,0.52,0.48,0
84.07,-0.00920231847365877,0.52,0.52,0.48,0
84.08,-0.00915241172620922,0.52,0.52,0.48,0
84.09,-0.00910105970684997,0.52,0.52,0.48,0
84.1,-0.00904827052466025,0.52,0.52,0.48,0
84.11,-0.00899405251566373,0.52,0.52,0.48,0
84.12,-0.00893841424151263,0.52,0.52,0.48,0
84.13,-0.00888136448813548,0.52,0.52,0.48,0
84.14,-0.00882291226434954,0.52,0.52,0.48,0
84.15,-0.00876306680043861,0.52,0.52,0.48,0
84.16,-0.00870183754669527,0.52,0.52,0.48,0
84.17,-0.00863923417192833,0.52,0.52,0.48,0
84.18,-0.00857526656193647,0.52,0.52,0.48,0
84.19,-0.00850994481794698,0.52,0.52,0.48,0
84.2,-0.00844327925502018,0.52,0.52,0.48,0
84.21,-0.00837528040042149,0.52,0.52,0.48,0
84.22,-0.00830595899195817,0.52,0.52,0.48,0
84.23,-0.00823532597628428,0.52,0.52,0.48,0
84.24,-0.00816339250717189,0.52,0.52,0.48,0
84.25,-0.00809016994374949,0.52,0.52,0.48,0
84.26,-0.00801566984870874,0.52,0.52,0.48,0
84.27,-0.00793990398647838,0.52,0.52,0.48,0
84.28,-0.00786288432136618,0.52,0.52,0.48,0
84.29,-0.00778462301567018,0.52,0.52,0.48,0
84.3,-0.00770513242775798,0.52,0.52,0.48,0
84.31,-0.00762442511011452,0.52,0.52,0.48,0
84.32,-0.00754251380736114,0.52,0.52,0.48,0
84.33,-0.00745941145424188,0.52,0.52,0.48,0
84.34,-0.00737513117358175,0.52,0.52,0.48,0
84.35,-0.00728968627421418,0.52,0.52,0.48,0
84.36,-0.0072030902488791,0.52,0.52,0.48,0
84.37,-0.00711535677209284,0.52,0.52,0.48,0
84.38,-0.00702649969798853,0.52,0.52,0.48,0
84.39,-0.00693653305812804,0.52,0.52,0.48,0
84.4,-0.00684547105928683,0.52,0.52,0.48,0
84.41,-0.00675332808121035,0.52,0.52,0.48,0
84.42,-0.00666011867434258,0.52,0.52,0.48,0
84.43,-0.00656585755752958,0.52,0.52,0.48,0
84.44,-0.00647055961569452,0.52,0.52,0.48,0
84.45,-0.00637423989748693,0.52,0.52,0.48,0
84.46,-0.0062769136129071,0.52,0.52,0.48,0
84.47,-0.00617859613090339,0.52,0.52,0.48,0
84.48,-0.00607930297694605,0.52,0.52,0.48,0
84.49,-0.00597904983057524,0.52,0.52,0.48,0
84.5,-0.00587785252292474,0.52,0.52,0.48,0
84.51,-0.00577572703422263,0.52,0.52,0.48,0
84.52,-0.00567268949126758,0.52,0.52,0.48,0
84.53,-0.00556875616488185,0.52,0.52,0.48,0
84.54,-0.0054639434673426,0.52,0.52,0.48,0
84.55,-0.00535826794979006,0.52,0.52,0.48,0
84.56,-0.005251746299613,0.52,0.52,0.48,0
84.57,-0.00514439533781518,0.52,0.52,0.48,0
84.58,-0.00503623201635767,0.52,0.52,0.48,0
84.59,-0.00492727341548292,0.52,0.52,0.48,0
84.6,-0.00481753674101723,0.52,0.52,0.48,0
84.61,-0.00470703932165334,0.52,0.52,0.48,0
84.62,-0.00459579860621484,0.52,0.52,0.48,0
84.63,-0.00448383216090035,0.52,0.52,0.48,0
84.64,-0.0043711576665093,0.52,0.52,0.48,0
84.65,-0.00425779291565065,0.52,0.52,0.48,0
84.66,-0.00414375580993296,0.52,0.52,0.48,0
84.67,-0.00402906435713669,0.52,0.52,0.48,0
84.68,-0.00391373666837203,0.52,0.52,0.48,0
84.69,-0.00379779095521809,0.52,0.52,0.48,0
84.7,-0.0036812455268468,0.52,0.52,0.48,0
84.71,-0.0035641187871326,0.52,0.52,0.48,0
84.72,-0.0034464292317452,0.52,0.52,0.48,0
84.73,-0.00332819544522984,0.52,0.52,0.48,0
84.74,-0.00320943609807214,0.52,0.52,0.48,0
84.75,-0.00309016994374946,0.52,0.52,0.48,0
84.76,-0.00297041581577028,0.52,0.52,0.48,0
84.77,-0.0028501926246999,0.52,0.52,0.48,0
84.78,-0.00272951935517333,0.52,0.52,0.48,0
84.79,-0.00260841506289899,0.52,0.52,0.48,0
84.8,-0.00248689887164864,0.52,0.52,0.48,0
84.81,-0.00236498997023728,0.52,0.52,0.48,0
84.82,-0.00224270760949392,0.52,0.52,0.48,0
84.83,-0.0021200710992206,0.52,0.52,0.48,0
84.84,-0.00199709980514406,0.52,0.52,0.48,0
84.85,-0.00187381314585731,0.52,0.52,0.48,0
84.86,-0.00175023058975276,0.52,0.52,0.48,0
84.87,-0.00162637165194878,0.52,0.52,0.48,0
84.88,-0.00150225589120773,0.52,0.52,0.48,0
84.89,-0.00137790290684648,0.52,0.52,0.48,0
84.9,-0.00125333233564308,0.52,0.52,0.48,0
84.91,-0.00112856384873493,0.52,0.52,0.48,0
84.92,-0.0010036171485122,0.52,0.52,0.48,0
84.93,-0.000878511965507419,0.52,0.52,0.48,0
84.94,-0.000753268055279393,0.52,0.52,0.48,0
84.95,-0.000627905195293136,0.52,0.52,0.48,0
84.96,-0.000502443181797777,0.52,0.52,0.48,0
84.97,-0.000376901826699364,0.52,0.52,0.48,0
84.98,-0.00025130095443333,0.52,0.52,0.48,0
84.99,-0.000125660398833702,0.52,0.52,0.48,0
85,2.9416282405e-17,0.52,0.52,0.48,0
