t,e_line,u_L,u_R,v,omega
0,0,0.52,0.52,0.48,0
0.01,0.000188484397154082,0.52,0.52,0.48,0
0.02,0.000376901826699345,0.52,0.52,0.48,0
0.03,0.000565185344820245,0.52,0.52,0.48,0
0.04,0.000753268055279327,0.52,0.52,0.48,0
0.05,0.000941083133185143,0.52,0.52,0.48,0
0.06,0.00112856384873482,0.52,0.52,0.48,0
0.07,0.00131564359092283,0.52,0.52,0.48,0
0.08,0.00150225589120757,0.52,0.52,0.48,0
0.09,0.00168833444712734,0.52,0.52,0.48,0
0.1,0.00187381314585725,0.52,0.52,0.48,0
0.11,0.00205862608769881,0.52,0.52,0.48,0
0.12,0.00224270760949381,0.52,0.52,0.48,0
0.13,0.00242599230795407,0.52,0.52,0.48,0
0.14,0.00260841506289897,0.52,0.52,0.48,0
0.15,0.00278991106039229,0.52,0.52,0.48,0
0.16,0.00297041581577035,0.52,0.52,0.48,0
0.17,0.00314986519655305,0.52,0.52,0.48,0
0.18,0.00332819544522987,0.52,0.52,0.48,0
0.19,0.00350534320191259,0.52,0.52,0.48,0
0.2,0.00368124552684678,0.52,0.52,0.48,0
0.21,0.00385583992277397,0.52,0.52,0.48,0
0.22,0.00402906435713663,0.52,0.52,0.48,0
0.23,0.00420085728411806,0.52,0.52,0.48,0
0.24,0.00437115766650933,0.52,0.52,0.48,0
0.25,0.00453990499739547,0.52,0.52,0.48,0
0.26,0.00470703932165333,0.52,0.52,0.48,0
0.27,0.00487250125725332,0.52,0.52,0.48,0
0.28,0.00503623201635761,0.52,0.52,0.48,0
0.29,0.00519817342620709,0.52,0.52,0.48,0
0.3,0.00535826794978997,0.52,0.52,0.48,0
0.31,0.0055164587062843,0.52,0.52,0.48,0
0.32,0.00567268949126757,0.52,0.52,0.48,0
0.33,0.00582690479668576,0.52,0.52,0.48,0
0.34,0.00597904983057519,0.52,0.52,0.48,0
0.35,0.00612907053652977,0.52,0.52,0.48,0
0.36,0.006276913612907,0.52,0.52,0.48,0
0.37,0.00642252653176584,0.52,0.52,0.48,0
0.38,0.00656585755752956,0.52,0.52,0.48,0
0.39,0.0067068557653672,0.52,0.52,0.48,0
0.4,0.00684547105928689,0.52,0.52,0.48,0
0.41,0.00698165418993473,0.52,0.52,0.48,0
0.42,0.00711535677209285,0.52,0.52,0.48,0
0.43,0.00724653130187047,0.52,0.52,0.48,0
0.44,0.00737513117358174,0.52,0.52,0.48,0
0.45,0.00750111069630459,0.52,0.52,0.48,0
0.46,0.00762442511011448,0.52,0.52,0.48,0
0.47,0.00774503060198734,0.52,0.52,0.48,0
0.48,0.00786288432136619,0.52,0.52,0.48,0
0.49,0.00797794439538571,0.52,0.52,0.48,0
0.5,0.00809016994374947,0.52,0.52,0.48,0
0.51,0.00819952109325452,0.52,0.52,0.48,0
0.52,0.00830595899195813,0.52,0.52,0.48,0
0.53,0.00840944582298169,0.52,0.52,0.48,0
0.54,0.00850994481794692,0.52,0.52,0.48,0
0.55,0.00860742027003944,0.52,0.52,0.48,0
0.56,0.00870183754669526,0.52,0.52,0.48,0
0.57,0.00879316310190556,0.52,0.52,0.48,0
0.58,0.00888136448813544,0.52,0.52,0.48,0
0.59,0.00896641036785236,0.52,0.52,0.48,0
0.6,0.0090482705246602,0.52,0.52,0.48,0
0.61,0.00912691587403503,0.52,0.52,0.48,0
0.62,0.0092023184736587,0.52,0.52,0.48,0
0.63,0.00927445153334661,0.52,0.52,0.48,0
0.64,0.00934328942456612,0.52,0.52,0.48,0
0.65,0.00940880768954225,0.52,0.52,0.48,0
0.66,0.00947098304994744,0.52,0.52,0.48,0
0.67,0.00952979341517219,0.52,0.52,0.48,0
0.68,0.00958521789017376,0.52,0.52,0.48,0
0.69,0.0096372367829001,0.52,0.52,0.48,0
0.7,0.00968583161128631,0.52,0.52,0.48,0
0.71,0.00973098510982127,0.52,0.52,0.48,0
0.72,0.00977268123568194,0.52,0.52,0.48,0
0.73,0.00981090517443334,0.52,0.52,0.48,0
0.74,0.00984564334529205,0.52,0.52,0.48,0
0.75,0.00987688340595138,0.52,0.52,0.48,0
0.76,0.00990461425696651,0.52,0.52,0.48,0
0.77,0.00992882604569814,0.52,0.52,0.48,0
0.78,0.009949510169813,0.52,0.52,0.48,0
0.79,0.0099666592803403,0.52,0.52,0.48,0
0.8,0.00998026728428272,0.52,0.52,0.48,0
0.81,0.00999032934678125,0.52,0.52,0.48,0
0.82,0.009996841892833,0.52,0.52,0.48,0
0.83,0.00999980260856137,0.52,0.52,0.48,0
0.84,0.00999921044203816,0.52,0.52,0.48,0
0.85,0.00999506560365732,0.52,0.52,0.48,0
0.86,0.00998736956606018,0.52,0.52,0.48,0
0.87,0.00997612506361225,0.52,0.52,0.48,0
0.88,0.00996133609143172,0.52,0.52,0.48,0
0.89,0.00994300790396999,0.52,0.52,0.48,0
0.9,0.00992114701314478,0.52,0.52,0.48,0
0.91,0.00989576118602651,0.52,0.52,0.48,0
0.92,0.00986685944207868,0.52,0.52,0.48,0
0.93,0.0098344520499533,0.52,0.52,0.48,0
0.94,0.00979855052384247,0.52,0.52,0.48,0
0.95,0.00975916761938747,0.52,0.52,0.48,0
0.96,0.00971631732914674,0.52,0.52,0.48,0
0.97,0.00967001487762435,0.52,0.52,0.48,0
0.98,0.00962027671586086,0.52,0.52,0.48,0
0.99,0.0095671205155883,0.52,0.52,0.48,0
1,0.00951056516295154,0.52,0.52,0.48,0
1.01,0.00945063075179805,0.52,0.52,0.48,0
1.02,0.00938733857653874,0.52,0.52,0.48,0
1.03,0.00932071112458211,0.52,0.52,0.48,0
1.04,0.00925077206834458,0.52,0.52,0.48,0
1.05,0.00917754625683981,0.52,0.52,0.48,0
1.06,0.00910105970684996,0.52,0.52,0.48,0
1.07,0.00902133959368203,0.52,0.52,0.48,0
1.08,0.00893841424151264,0.52,0.52,0.48,0
1.09,0.00885231311332455,0.52,0.52,0.48,0
1.1,0.00876306680043864,0.52,0.52,0.48,0
1.11,0.0086707070116449,0.52,0.52,0.48,0
1.12,0.00857526656193652,0.52,0.52,0.48,0
1.13,0.00847677936085083,0.52,0.52,0.48,0
1.14,0.00837528040042142,0.52,0.52,0.48,0
1.15,0.00827080574274562,0.52,0.52,0.48,0
1.16,0.00816339250717184,0.52,0.52,0.48,0
1.17,0.00805307885711122,0.52,0.52,0.48,0
1.18,0.00793990398647836,0.52,0.52,0.48,0
1.19,0.00782390810576588,0.52,0.52,0.48,0
1.2,0.00770513242775789,0.52,0.52,0.48,0
1.21,0.00758361915288722,0.52,0.52,0.48,0
1.22,0.00745941145424182,0.52,0.52,0.48,0
1.23,0.0073325534622256,0.52,0.52,0.48,0
1.24,0.00720309024887907,0.52,0.52,0.48,0
1.25,0.00707106781186548,0.52,0.52,0.48,0
1.26,0.00693653305812805,0.52,0.52,0.48,0
1.27,0.00679953378722419,0.52,0.52,0.48,0
1.28,0.00666011867434252,0.52,0.52,0.48,0
1.29,0.00651833725300879,0.52,0.52,0.48,0
1.3,0.0063742398974869,0.52,0.52,0.48,0
1.31,0.00622787780488113,0.52,0.52,0.48,0
1.32,0.00607930297694605,0.52,0.52,0.48,0
1.33,0.00592856820161059,0.52,0.52,0.48,0
1.34,0.00577572703422268,0.52,0.52,0.48,0
1.35,0.00562083377852131,0.52,0.52,0.48,0
1.36,0.00546394346734269,0.52,0.52,0.48,0
1.37,0.00530511184306734,0.52,0.52,0.48,0
1.38,0.00514439533781506,0.52,0.52,0.48,0
1.39,0.00498185105339491,0.52,0.52,0.48,0
1.4,0.00481753674101715,0.52,0.52,0.48,0
1.41,0.00465151078077459,0.52,0.52,0.48,0
1.42,0.00448383216090032,0.52,0.52,0.48,0
1.43,0.00431456045680959,0.52,0.52,0.48,0
1.44,0.00414375580993284,0.52,0.52,0.48,0
1.45,0.00397147890634781,0.52,0.52,0.48,0
1.46,0.00379779095521801,0.52,0.52,0.48,0
1.47,0.00362275366704546,0.52,0.52,0.48,0
1.48,0.00344642923174517,0.52,0.52,0.48,0
1.49,0.00326888029654943,0.52,0.52,0.48,0
1.5,0.00309016994374948,0.52,0.52,0.48,0
1.51,0.00291036166828272,0.52,0.52,0.48,0
1.52,0.00272951935517325,0.52,0.52,0.48,0
1.53,0.00254770725683382,0.52,0.52,0.48,0
1.54,0.00236498997023725,0.52,0.52,0.48,0
1.55,0.00218143241396543,0.52,0.52,0.48,0
1.56,0.00199709980514407,0.52,0.52,0.48,0
1.57,0.00181205763627137,0.52,0.52,0.48,0
1.58,0.00162637165194884,0.52,0.52,0.48,0
1.59,0.00144010782552252,0.52,0.52,0.48,0
1.6,0.00125333233564304,0.52,0.52,0.48,0
1.61,0.0010661115427526,0.52,0.52,0.48,0
1.62,0.000878511965507431,0.52,0.52,0.48,0
1.63,0.000690600257144056,0.52,0.52,0.48,0
1.64,0.000502443181797697,0.52,0.52,0.48,0
1.65,0.000314107590781282,0.52,0.52,0.48,0
1.66,0.000125660398833524,0.52,0.52,0.48,0
1.67,-6.28314396555888e-05,0.52,0.52,0.48,0
1.68,-0.000251300954433371,0.52,0.52,0.48,0
1.69,-0.000439681183178647,0.52,0.52,0.48,0
1.7,-0.000627905195293133,0.52,0.52,0.48,0
1.71,-0.000815906115681572,0.52,0.52,0.48,0
1.72,-0.00100361714851215,0.52,0.52,0.48,0
1.73,-0.0011909716009487,0.52,0.52,0.48,0
1.74,-0.00137790290684638,0.52,0.52,0.48,0
1.75,-0.00156434465040231,0.52,0.52,0.48,0
1.76,-0.00175023058975276,0.52,0.52,0.48,0
1.77,-0.0019354946805086,0.52,0.52,0.48,0
1.78,-0.00212007109922055,0.52,0.52,0.48,0
1.79,-0.00230389426676591,0.52,0.52,0.48,0
1.8,-0.00248689887164855,0.52,0.52,0.48,0
1.81,-0.00266901989320376,0.52,0.52,0.48,0
1.82,-0.00285019262469976,0.52,0.52,0.48,0
1.83,-0.00303035269632774,0.52,0.52,0.48,0
1.84,-0.0032094360980721,0.52,0.52,0.48,0
1.85,-0.00338737920245291,0.52,0.52,0.48,0
1.86,-0.00356411878713251,0.52,0.52,0.48,0
1.87,-0.003739592057378,0.52,0.52,0.48,0
1.88,-0.00391373666837203,0.52,0.52,0.48,0
1.89,-0.00408649074736349,0.52,0.52,0.48,0
1.9,-0.00425779291565073,0.52,0.52,0.48,0
1.91,-0.00442758231038902,0.52,0.52,0.48,0
1.92,-0.00459579860621488,0.52,0.52,0.48,0
1.93,-0.00476238203667939,0.52,0.52,0.48,0
1.94,-0.00492727341548291,0.52,0.52,0.48,0
1.95,-0.00509041415750371,0.52,0.52,0.48,0
1.96,-0.00525174629961295,0.52,0.52,0.48,0
1.97,-0.00541121252126876,0.52,0.52,0.48,0
1.98,-0.00556875616488188,0.52,0.52,0.48,0
1.99,-0.00572432125594591,0.52,0.52,0.48,0
2,-0.00587785252292473,0.52,0.52,0.48,0
2.01,-0.00602929541689025,0.52,0.52,0.48,0
2.02,-0.00617859613090334,0.52,0.52,0.48,0
2.03,-0.00632570161913125,0.52,0.52,0.48,0
2.04,-0.00647055961569444,0.52,0.52,0.48,0
2.05,-0.00661311865323651,0.52,0.52,0.48,0
2.06,-0.00675332808121024,0.52,0.52,0.48,0
2.07,-0.00689113808387348,0.52,0.52,0.48,0
2.08,-0.00702649969798849,0.52,0.52,0.48,0
2.09,-0.00715936483021831,0.52,0.52,0.48,0
2.1,-0.00728968627421412,0.52,0.52,0.48,0
2.11,-0.00741741772738739,0.52,0.52,0.48,0
2.12,-0.00754251380736104,0.52,0.52,0.48,0
2.13,-0.0076649300680935,0.52,0.52,0.48,0
2.14,-0.00778462301567024,0.52,0.52,0.48,0
2.15,-0.0079015501237569,0.52,0.52,0.48,0
2.16,-0.00801566984870876,0.52,0.52,0.48,0
2.17,-0.00812694164433094,0.52,0.52,0.48,0
2.18,-0.00823532597628427,0.52,0.52,0.48,0
2.19,-0.00834078433613171,0.52,0.52,0.48,0
2.2,-0.00844327925502015,0.52,0.52,0.48,0
2.21,-0.00854277431699295,0.52,0.52,0.48,0
2.22,-0.00863923417192835,0.52,0.52,0.48,0
2.23,-0.0087326245480992,0.52,0.52,0.48,0
2.24,-0.00882291226434953,0.52,0.52,0.48,0
2.25,-0.00891006524188368,0.52,0.52,0.48,0
2.26,-0.00899405251566371,0.52,0.52,0.48,0
2.27,-0.00907484424541117,0.52,0.52,0.48,0
2.28,-0.00915241172620918,0.52,0.52,0.48,0
2.29,-0.00922672739870115,0.52,0.52,0.48,0
2.3,-0.00929776485888252,0.52,0.52,0.48,0
2.31,-0.00936549886748192,0.52,0.52,0.48,0
2.32,-0.00942990535892864,0.52,0.52,0.48,0
2.33,-0.00949096144990295,0.52,0.52,0.48,0
2.34,-0.00954864544746643,0.52,0.52,0.48,0
2.35,-0.00960293685676943,0.52,0.52,0.48,0
2.36,-0.00965381638833274,0.52,0.52,0.48,0
2.37,-0.00970126596490106,0.52,0.52,0.48,0
2.38,-0.00974526872786577,0.52,0.52,0.48,0
2.39,-0.00978580904325472,0.52,0.52,0.48,0
2.4,-0.00982287250728689,0.52,0.52,0.48,0
2.41,-0.00985644595148998,0.52,0.52,0.48,0
2.42,-0.00988651744737914,0.52,0.52,0.48,0
2.43,-0.00991307631069507,0.52,0.52,0.48,0
2.44,-0.00993611310520008,0.52,0.52,0.48,0
2.45,-0.0099556196460308,0.52,0.52,0.48,0
2.46,-0.00997158900260614,0.52,0.52,0.48,0
2.47,-0.00998401550108975,0.52,0.52,0.48,0
2.48,-0.00999289472640589,0.52,0.52,0.48,0
2.49,-0.00999822352380809,0.52,0.52,0.48,0
2.5,-0.01,0.52,0.52,0.48,0
2.51,-0.00999822352380809,0.52,0.52,0.48,0
2.52,-0.00999289472640589,0.52,0.52,0.48,0
2.53,-0.00998401550108975,0.52,0.52,0.48,0
2.54,-0.00997158900260614,0.52,0.52,0.48,0
2.55,-0.0099556196460308,0.52,0.52,0.48,0
2.56,-0.00993611310520008,0.52,0.52,0.48,0
2.57,-0.00991307631069507,0.52,0.52,0.48,0
2.58,-0.00988651744737914,0.52,0.52,0.48,0
2.59,-0.00985644595148998,0.52,0.52,0.48,0
2.6,-0.00982287250728689,0.52,0.52,0.48,0
2.61,-0.00978580904325472,0.52,0.52,0.48,0
2.62,-0.00974526872786577,0.52,0.52,0.48,0
2.63,-0.00970126596490106,0.52,0.52,0.48,0
2.64,-0.00965381638833274,0.52,0.52,0.48,0
2.65,-0.00960293685676943,0.52,0.52,0.48,0
2.66,-0.00954864544746643,0.52,0.52,0.48,0
2.67,-0.00949096144990295,0.52,0.52,0.48,0
2.68,-0.00942990535892864,0.52,0.52,0.48,0
2.69,-0.00936549886748192,0.52,0.52,0.48,0
2.7,-0.00929776485888251,0.52,0.52,0.48,0
2.71,-0.00922672739870115,0.52,0.52,0.48,0
2.72,-0.00915241172620918,0.52,0.52,0.48,0
2.73,-0.00907484424541117,0.52,0.52,0.48,0
2.74,-0.00899405251566371,0.52,0.52,0.48,0
2.75,-0.00891006524188368,0.52,0.52,0.48,0
2.76,-0.00882291226434953,0.52,0.52,0.48,0
2.77,-0.0087326245480992,0.52,0.52,0.48,0
2.78,-0.00863923417192835,0.52,0.52,0.48,0
2.79,-0.00854277431699295,0.52,0.52,0.48,0
2.8,-0.00844327925502015,0.52,0.52,0.48,0
2.81,-0.00834078433613171,0.52,0.52,0.48,0
2.82,-0.00823532597628428,0.52,0.52,0.48,0
2.83,-0.00812694164433094,0.52,0.52,0.48,0
2.84,-0.00801566984870877,0.52,0.52,0.48,0
2.85,-0.00790155012375691,0.52,0.52,0.48,0
2.86,-0.00778462301567024,0.52,0.52,0.48,0
2.87,-0.0076649300680935,0.52,0.52,0.48,0
2.88,-0.00754251380736104,0.52,0.52,0.48,0
2.89,-0.00741741772738739,0.52,0.52,0.48,0
2.9,-0.00728968627421412,0.52,0.52,0.48,0
2.91,-0.00715936483021831,0.52,0.52,0.48,0
2.92,-0.0070264996979885,0.52,0.52,0.48,0
2.93,-0.00689113808387349,0.52,0.52,0.48,0
2.94,-0.00675332808121025,0.52,0.52,0.48,0
2.95,-0.00661311865323652,0.52,0.52,0.48,0
2.96,-0.00647055961569444,0.52,0.52,0.48,0
2.97,-0.00632570161913125,0.52,0.52,0.48,0
2.98,-0.00617859613090335,0.52,0.52,0.48,0
2.99,-0.00602929541689025,0.52,0.52,0.48,0
3,-0.00587785252292473,0.52,0.52,0.48,0
3.01,-0.00572432125594591,0.52,0.52,0.48,0
3.02,-0.00556875616488188,0.52,0.52,0.48,0
3.03,-0.00541121252126876,0.52,0.52,0.48,0
3.04,-0.00525174629961296,0.52,0.52,0.48,0
3.05,-0.00509041415750371,0.52,0.52,0.48,0
3.06,-0.00492727341548292,0.52,0.52,0.48,0
3.07,-0.00476238203667939,0.52,0.52,0.48,0
3.08,-0.00459579860621488,0.52,0.52,0.48,0
3.09,-0.00442758231038902,0.52,0.52,0.48,0
3.1,-0.00425779291565073,0.52,0.52,0.48,0
3.11,-0.0040864907473635,0.52,0.52,0.48,0
3.12,-0.00391373666837202,0.52,0.52,0.48,0
3.13,-0.00373959205737801,0.52,0.52,0.48,0
3.14,-0.0035641187871325,0.52,0.52,0.48,0
3.15,-0.00338737920245291,0.52,0.52,0.48,0
3.16,-0.0032094360980721,0.52,0.52,0.48,0
3.17,-0.00303035269632775,0.52,0.52,0.48,0
3.18,-0.00285019262469976,0.52,0.52,0.48,0
3.19,-0.00266901989320376,0.52,0.52,0.48,0
3.2,-0.00248689887164854,0.52,0.52,0.48,0
3.21,-0.00230389426676591,0.52,0.52,0.48,0
3.22,-0.00212007109922055,0.52,0.52,0.48,0
3.23,-0.00193549468050861,0.52,0.52,0.48,0
3.24,-0.00175023058975276,0.52,0.52,0.48,0
3.25,-0.00156434465040231,0.52,0.52,0.48,0
3.26,-0.00137790290684638,0.52,0.52,0.48,0
3.27,-0.0011909716009487,0.52,0.52,0.48,0
3.28,-0.00100361714851215,0.52,0.52,0.48,0
3.29,-0.00081590611568158,0.52,0.52,0.48,0
3.3,-0.000627905195293133,0.52,0.52,0.48,0
3.31,-0.000439681183178651,0.52,0.52,0.48,0
3.32,-0.00025130095443337,0.52,0.52,0.48,0
3.33,-6.28314396555881e-05,0.52,0.52,0.48,0
3.34,0.000125660398833525,0.52,0.52,0.48,0
3.35,0.000314107590781279,0.52,0.52,0.48,0
3.36,0.000502443181797689,0.52,0.52,0.48,0
3.37,0.000690600257144057,0.52,0.52,0.48,0
3.38,0.000878511965507428,0.52,0.52,0.48,0
3.39,0.0010661115427526,0.52,0.52,0.48,0
3.4,0.00125333233564304,0.52,0.52,0.48,0
3.41,0.00144010782552252,0.52,0.52,0.48,0
3.42,0.00162637165194883,0.52,0.52,0.48,0
3.43,0.00181205763627137,0.52,0.52,0.48,0
3.44,0.00199709980514407,0.52,0.52,0.48,0
3.45,0.00218143241396543,0.52,0.52,0.48,0
3.46,0.00236498997023725,0.52,0.52,0.48,0
3.47,0.00254770725683382,0.52,0.52,0.48,0
3.48,0.00272951935517325,0.52,0.52,0.48,0
3.49,0.00291036166828272,0.52,0.52,0.48,0
3.5,0.00309016994374947,0.52,0.52,0.48,0
3.51,0.00326888029654943,0.52,0.52,0.48,0
3.52,0.00344642923174517,0.52,0.52,0.48,0
3.53,0.00362275366704545,0.52,0.52,0.48,0
3.54,0.00379779095521801,0.52,0.52,0.48,0
3.55,0.00397147890634781,0.52,0.52,0.48,0
3.56,0.00414375580993284,0.52,0.52,0.48,0
3.57,0.00431456045680959,0.52,0.52,0.48,0
3.58,0.00448383216090032,0.52,0.52,0.48,0
3.59,0.00465151078077458,0.52,0.52,0.48,0
3.6,0.00481753674101715,0.52,0.52,0.48,0
3.61,0.0049818510533949,0.52,0.52,0.48,0
3.62,0.00514439533781506,0.52,0.52,0.48,0
3.63,0.00530511184306734,0.52,0.52,0.48,0
3.64,0.00546394346734269,0.52,0.52,0.48,0
3.65,0.00562083377852131,0.52,0.52,0.48,0
3.66,0.00577572703422267,0.52,0.52,0.48,0
3.67,0.00592856820161059,0.52,0.52,0.48,0
3.68,0.00607930297694605,0.52,0.52,0.48,0
3.69,0.00622787780488112,0.52,0.52,0.48,0
3.7,0.0063742398974869,0.52,0.52,0.48,0
3.71,0.00651833725300879,0.52,0.52,0.48,0
3.72,0.00666011867434251,0.52,0.52,0.48,0
3.73,0.00679953378722419,0.52,0.52,0.48,0
3.74,0.00693653305812805,0.52,0.52,0.48,0
3.75,0.00707106781186547,0.52,0.52,0.48,0
3.76,0.00720309024887907,0.52,0.52,0.48,0
3.77,0.0073325534622256,0.52,0.52,0.48,0
3.78,0.00745941145424182,0.52,0.52,0.48,0
3.79,0.00758361915288722,0.52,0.52,0.48,0
3.8,0.00770513242775789,0.52,0.52,0.48,0
3.81,0.00782390810576588,0.52,0.52,0.48,0
3.82,0.00793990398647836,0.52,0.52,0.48,0
3.83,0.00805307885711122,0.52,0.52,0.48,0
3.84,0.00816339250717184,0.52,0.52,0.48,0
3.85,0.00827080574274562,0.52,0.52,0.48,0
3.86,0.00837528040042141,0.52,0.52,0.48,0
3.87,0.00847677936085083,0.52,0.52,0.48,0
3.88,0.00857526656193652,0.52,0.52,0.48,0
3.89,0.0086707070116449,0.52,0.52,0.48,0
3.9,0.00876306680043864,0.52,0.52,0.48,0
3.91,0.00885231311332455,0.52,0.52,0.48,0
3.92,0.00893841424151263,0.52,0.52,0.48,0
3.93,0.00902133959368203,0.52,0.52,0.48,0
3.94,0.00910105970684996,0.52,0.52,0.48,0
3.95,0.00917754625683981,0.52,0.52,0.48,0
3.96,0.00925077206834458,0.52,0.52,0.48,0
3.97,0.00932071112458211,0.52,0.52,0.48,0
3.98,0.00938733857653874,0.52,0.52,0.48,0
3.99,0.00945063075179805,0.52,0.52,0.48,0
4,0.00951056516295154,0.52,0.52,0.48,0
4.01,0.0095671205155883,0.52,0.52,0.48,0
4.02,0.00962027671586086,0.52,0.52,0.48,0
4.03,0.00967001487762435,0.52,0.52,0.48,0
4.04,0.00971631732914674,0.52,0.52,0.48,0
4.05,0.00975916761938747,0.52,0.52,0.48,0
4.06,0.00979855052384247,0.52,0.52,0.48,0
4.07,0.0098344520499533,0.52,0.52,0.48,0
4.08,0.00986685944207868,0.52,0.52,0.48,0
4.09,0.00989576118602651,0.52,0.52,0.48,0
4.1,0.00992114701314478,0.52,0.52,0.48,0
4.11,0.00994300790396999,0.52,0.52,0.48,0
4.12,0.00996133609143172,0.52,0.52,0.48,0
4.13,0.00997612506361225,0.52,0.52,0.48,0
4.14,0.00998736956606018,0.52,0.52,0.48,0
4.15,0.00999506560365732,0.52,0.52,0.48,0
4.16,0.00999921044203816,0.52,0.52,0.48,0
4.17,0.00999980260856137,0.52,0.52,0.48,0
4.18,0.009996841892833,0.52,0.52,0.48,0
4.19,0.00999032934678125,0.52,0.52,0.48,0
4.2,0.00998026728428272,0.52,0.52,0.48,0
4.21,0.0099666592803403,0.52,0.52,0.48,0
4.22,0.009949510169813,0.52,0.52,0.48,0
4.23,0.00992882604569814,0.52,0.52,0.48,0
4.24,0.00990461425696651,0.52,0.52,0.48,0
4.25,0.00987688340595138,0.52,0.52,0.48,0
4.26,0.00984564334529205,0.52,0.52,0.48,0
4.27,0.00981090517443334,0.52,0.52,0.48,0
4.28,0.00977268123568193,0.52,0.52,0.48,0
4.29,0.00973098510982127,0.52,0.52,0.48,0
4.3,0.00968583161128631,0.52,0.52,0.48,0
4.31,0.0096372367829001,0.52,0.52,0.48,0
4.32,0.00958521789017376,0.52,0.52,0.48,0
4.33,0.00952979341517219,0.52,0.52,0.48,0
4.34,0.00947098304994745,0.52,0.52,0.48,0
4.35,0.00940880768954225,0.52,0.52,0.48,0
4.36,0.00934328942456612,0.52,0.52,0.48,0
4.37,0.00927445153334661,0.52,0.52,0.48,0
4.38,0.00920231847365871,0.52,0.52,0.48,0
4.39,0.00912691587403504,0.52,0.52,0.48,0
4.4,0.00904827052466019,0.52,0.52,0.48,0
4.41,0.00896641036785236,0.52,0.52,0.48,0
4.42,0.00888136448813544,0.52,0.52,0.48,0
4.43,0.00879316310190557,0.52,0.52,0.48,0
4.44,0.00870183754669526,0.52,0.52,0.48,0
4.45,0.00860742027003944,0.52,0.52,0.48,0
4.46,0.00850994481794692,0.52,0.52,0.48,0
4.47,0.00840944582298169,0.52,0.52,0.48,0
4.48,0.00830595899195813,0.52,0.52,0.48,0
4.49,0.00819952109325452,0.52,0.52,0.48,0
4.5,0.00809016994374948,0.52,0.52,0.48,0
4.51,0.00797794439538572,0.52,0.52,0.48,0
4.52,0.00786288432136618,0.52,0.52,0.48,0
4.53,0.00774503060198734,0.52,0.52,0.48,0
4.54,0.00762442511011448,0.52,0.52,0.48,0
4.55,0.0075011106963046,0.52,0.52,0.48,0
4.56,0.00737513117358174,0.52,0.52,0.48,0
4.57,0.00724653130187046,0.52,0.52,0.48,0
4.58,0.00711535677209286,0.52,0.52,0.48,0
4.59,0.00698165418993473,0.52,0.52,0.48,0
4.6,0.00684547105928688,0.52,0.52,0.48,0
4.61,0.00670685576536719,0.52,0.52,0.48,0
4.62,0.00656585755752957,0.52,0.52,0.48,0
4.63,0.00642252653176585,0.52,0.52,0.48,0
4.64,0.00627691361290701,0.52,0.52,0.48,0
4.65,0.00612907053652977,0.52,0.52,0.48,0
4.66,0.00597904983057519,0.52,0.52,0.48,0
4.67,0.00582690479668577,0.52,0.52,0.48,0
4.68,0.00567268949126757,0.52,0.52,0.48,0
4.69,0.0055164587062843,0.52,0.52,0.48,0
4.7,0.00535826794978997,0.52,0.52,0.48,0
4.71,0.0051981734262071,0.52,0.52,0.48,0
4.72,0.00503623201635762,0.52,0.52,0.48,0
4.73,0.00487250125725331,0.52,0.52,0.48,0
4.74,0.00470703932165333,0.52,0.52,0.48,0
4.75,0.00453990499739546,0.52,0.52,0.48,0
4.76,0.00437115766650934,0.52,0.52,0.48,0
4.77,0.00420085728411806,0.52,0.52,0.48,0
4.78,0.00402906435713662,0.52,0.52,0.48,0
4.79,0.00385583992277397,0.52,0.52,0.48,0
4.8,0.00368124552684678,0.52,0.52,0.48,0
4.81,0.00350534320191258,0.52,0.52,0.48,0
4.82,0.00332819544522987,0.52,0.52,0.48,0
4.83,0.00314986519655305,0.52,0.52,0.48,0
4.84,0.00297041581577036,0.52,0.52,0.48,0
4.85,0.00278991106039228,0.52,0.52,0.48,0
4.86,0.00260841506289897,0.52,0.52,0.48,0
4.87,0.00242599230795407,0.52,0.52,0.48,0
4.88,0.00224270760949382,0.52,0.52,0.48,0
4.89,0.00205862608769883,0.52,0.52,0.48,0
4.9,0.00187381314585724,0.52,0.52,0.48,0
4.91,0.00168833444712734,0.52,0.52,0.48,0
4.92,0.00150225589120757,0.52,0.52,0.48,0
4.93,0.00131564359092284,0.52,0.52,0.48,0
4.94,0.00112856384873482,0.52,0.52,0.48,0
4.95,0.000941083133185142,0.52,0.52,0.48,0
4.96,0.000753268055279337,0.52,0.52,0.48,0
4.97,0.000565185344820249,0.52,0.52,0.48,0
4.98,0.000376901826699343,0.52,0.52,0.48,0
4.99,0.000188484397154074,0.52,0.52,0.48,0
5,3.67394039744206e-18,0.52,0.52,0.48,0
5.01,-0.000188484397154066,0.52,0.52,0.48,0
5.02,-0.000376901826699354,0.52,0.52,0.48,0
5.03,-0.000565185344820242,0.52,0.52,0.48,0
5.04,-0.00075326805527933,0.52,0.52,0.48,0
5.05,-0.000941083133185134,0.52,0.52,0.48,0
5.06,-0.00112856384873481,0.52,0.52,0.48,0
5.07,-0.00131564359092283,0.52,0.52,0.48,0
5.08,-0.00150225589120756,0.52,0.52,0.48,0
5.09,-0.00168833444712734,0.52,0.52,0.48,0
5.1,-0.00187381314585725,0.52,0.52,0.48,0
5.11,-0.00205862608769882,0.52,0.52,0.48,0
5.12,-0.00224270760949381,0.52,0.52,0.48,0
5.13,-0.00242599230795406,0.52,0.52,0.48,0
5.14,-0.00260841506289896,0.52,0.52,0.48,0
5.15,-0.00278991106039229,0.52,0.52,0.48,0
5.16,-0.00297041581577035,0.52,0.52,0.48,0
5.17,-0.00314986519655304,0.52,0.52,0.48,0
5.18,-0.00332819544522987,0.52,0.52,0.48,0
5.19,-0.00350534320191259,0.52,0.52,0.48,0
5.2,-0.00368124552684677,0.52,0.52,0.48,0
5.21,-0.00385583992277396,0.52,0.52,0.48,0
5.22,-0.00402906435713662,0.52,0.52,0.48,0
5.23,-0.00420085728411807,0.52,0.52,0.48,0
5.24,-0.00437115766650933,0.52,0.52,0.48,0
5.25,-0.00453990499739546,0.52,0.52,0.48,0
5.26,-0.00470703932165332,0.52,0.52,0.48,0
5.27,-0.00487250125725332,0.52,0.52,0.48,0
5.28,-0.00503623201635761,0.52,0.52,0.48,0
5.29,-0.00519817342620709,0.52,0.52,0.48,0
5.3,-0.00535826794978997,0.52,0.52,0.48,0
5.31,-0.00551645870628431,0.52,0.52,0.48,0
5.32,-0.00567268949126756,0.52,0.52,0.48,0
5.33,-0.00582690479668576,0.52,0.52,0.48,0
5.34,-0.00597904983057518,0.52,0.52,0.48,0
5.35,-0.00612907053652977,0.52,0.52,0.48,0
5.36,-0.006276913612907,0.52,0.52,0.48,0
5.37,-0.00642252653176585,0.52,0.52,0.48,0
5.38,-0.00656585755752956,0.52,0.52,0.48,0
5.39,-0.00670685576536719,0.52,0.52,0.48,0
5.4,-0.00684547105928689,0.52,0.52,0.48,0
5.41,-0.00698165418993472,0.52,0.52,0.48,0
5.42,-0.00711535677209285,0.52,0.52,0.48,0
5.43,-0.00724653130187046,0.52,0.52,0.48,0
5.44,-0.00737513117358174,0.52,0.52,0.48,0
5.45,-0.0075011106963046,0.52,0.52,0.48,0
5.46,-0.00762442511011447,0.52,0.52,0.48,0
5.47,-0.00774503060198733,0.52,0.52,0.48,0
5.48,-0.00786288432136619,0.52,0.52,0.48,0
5.49,-0.00797794439538571,0.52,0.52,0.48,0
5.5,-0.00809016994374947,0.52,0.52,0.48,0
5.51,-0.00819952109325451,0.52,0.52,0.48,0
5.52,-0.00830595899195813,0.52,0.52,0.48,0
5.53,-0.00840944582298169,0.52,0.52,0.48,0
5.54,-0.00850994481794692,0.52,0.52,0.48,0
5.55,-0.00860742027003943,0.52,0.52,0.48,0
5.56,-0.00870183754669526,0.52,0.52,0.48,0
5.57,-0.00879316310190556,0.52,0.52,0.48,0
5.58,-0.00888136448813544,0.52,0.52,0.48,0
5.59,-0.00896641036785236,0.52,0.52,0.48,0
5.6,-0.0090482705246602,0.52,0.52,0.48,0
5.61,-0.00912691587403503,0.52,0.52,0.48,0
5.62,-0.0092023184736587,0.52,0.52,0.48,0
5.63,-0.00927445153334661,0.52,0.52,0.48,0
5.64,-0.00934328942456612,0.52,0.52,0.48,0
5.65,-0.00940880768954225,0.52,0.52,0.48,0
5.66,-0.00947098304994744,0.52,0.52,0.48,0
5.67,-0.00952979341517218,0.52,0.52,0.48,0
5.68,-0.00958521789017376,0.52,0.52,0.48,0
5.69,-0.0096372367829001,0.52,0.52,0.48,0
5.7,-0.00968583161128631,0.52,0.52,0.48,0
5.71,-0.00973098510982127,0.52,0.52,0.48,0
5.72,-0.00977268123568193,0.52,0.52,0.48,0
5.73,-0.00981090517443334,0.52,0.52,0.48,0
5.74,-0.00984564334529205,0.52,0.52,0.48,0
5.75,-0.00987688340595138,0.52,0.52,0.48,0
5.76,-0.00990461425696651,0.52,0.52,0.48,0
5.77,-0.00992882604569814,0.52,0.52,0.48,0
5.78,-0.009949510169813,0.52,0.52,0.48,0
5.79,-0.0099666592803403,0.52,0.52,0.48,0
5.8,-0.00998026728428272,0.52,0.52,0.48,0
5.81,-0.00999032934678125,0.52,0.52,0.48,0
5.82,-0.009996841892833,0.52,0.52,0.48,0
5.83,-0.00999980260856137,0.52,0.52,0.48,0
5.84,-0.00999921044203816,0.52,0.52,0.48,0
5.85,-0.00999506560365731,0.52,0.52,0.48,0
5.86,-0.00998736956606018,0.52,0.52,0.48,0
5.87,-0.00997612506361225,0.52,0.52,0.48,0
5.88,-0.00996133609143172,0.52,0.52,0.48,0
5.89,-0.00994300790396999,0.52,0.52,0.48,0
5.9,-0.00992114701314478,0.52,0.52,0.48,0
5.91,-0.00989576118602651,0.52,0.52,0.48,0
5.92,-0.00986685944207868,0.52,0.52,0.48,0
5.93,-0.0098344520499533,0.52,0.52,0.48,0
5.94,-0.00979855052384247,0.52,0.52,0.48,0
5.95,-0.00975916761938747,0.52,0.52,0.48,0
5.96,-0.00971631732914674,0.52,0.52,0.48,0
5.97,-0.00967001487762435,0.52,0.52,0.48,0
5.98,-0.00962027671586086,0.52,0.52,0.48,0
5.99,-0.0095671205155883,0.52,0.52,0.48,0
6,-0.00951056516295154,0.52,0.52,0.48,0
6.01,-0.00945063075179805,0.52,0.52,0.48,0
6.02,-0.00938733857653874,0.52,0.52,0.48,0
6.03,-0.00932071112458211,0.52,0.52,0.48,0
6.04,-0.00925077206834458,0.52,0.52,0.48,0
6.05,-0.00917754625683982,0.52,0.52,0.48,0
6.06,-0.00910105970684996,0.52,0.52,0.48,0
6.07,-0.00902133959368203,0.52,0.52,0.48,0
6.08,-0.00893841424151264,0.52,0.52,0.48,0
6.09,-0.00885231311332455,0.52,0.52,0.48,0
6.1,-0.00876306680043864,0.52,0.52,0.48,0
6.11,-0.0086707070116449,0.52,0.52,0.48,0
6.12,-0.00857526656193652,0.52,0.52,0.48,0
6.13,-0.00847677936085084,0.52,0.52,0.48,0
6.14,-0.00837528040042141,0.52,0.52,0.48,0
6.15,-0.00827080574274562,0.52,0.52,0.48,0
6.16,-0.00816339250717184,0.52,0.52,0.48,0
6.17,-0.00805307885711122,0.52,0.52,0.48,0
6.18,-0.00793990398647836,0.52,0.52,0.48,0
6.19,-0.00782390810576588,0.52,0.52,0.48,0
6.2,-0.0077051324277579,0.52,0.52,0.48,0
6.21,-0.00758361915288722,0.52,0.52,0.48,0
6.22,-0.00745941145424183,0.52,0.52,0.48,0
6.23,-0.00733255346222559,0.52,0.52,0.48,0
6.24,-0.00720309024887907,0.52,0.52,0.48,0
6.25,-0.00707106781186548,0.52,0.52,0.48,0
6.26,-0.00693653305812806,0.52,0.52,0.48,0
6.27,-0.00679953378722419,0.52,0.52,0.48,0
6.28,-0.00666011867434251,0.52,0.52,0.48,0
6.29,-0.00651833725300879,0.52,0.52,0.48,0
6.3,-0.0063742398974869,0.52,0.52,0.48,0
6.31,-0.00622787780488112,0.52,0.52,0.48,0
6.32,-0.00607930297694606,0.52,0.52,0.48,0
6.33,-0.00592856820161059,0.52,0.52,0.48,0
6.34,-0.00577572703422269,0.52,0.52,0.48,0
6.35,-0.0056208337785213,0.52,0.52,0.48,0
6.36,-0.00546394346734269,0.52,0.52,0.48,0
6.37,-0.00530511184306734,0.52,0.52,0.48,0
6.38,-0.00514439533781507,0.52,0.52,0.48,0
6.39,-0.00498185105339491,0.52,0.52,0.48,0
6.4,-0.00481753674101715,0.52,0.52,0.48,0
6.41,-0.00465151078077459,0.52,0.52,0.48,0
6.42,-0.00448383216090032,0.52,0.52,0.48,0
6.43,-0.0043145604568096,0.52,0.52,0.48,0
6.44,-0.00414375580993285,0.52,0.52,0.48,0
6.45,-0.00397147890634781,0.52,0.52,0.48,0
6.46,-0.00379779095521802,0.52,0.52,0.48,0
6.47,-0.00362275366704546,0.52,0.52,0.48,0
6.48,-0.00344642923174517,0.52,0.52,0.48,0
6.49,-0.00326888029654942,0.52,0.52,0.48,0
6.5,-0.00309016994374948,0.52,0.52,0.48,0
6.51,-0.00291036166828273,0.52,0.52,0.48,0
6.52,-0.00272951935517325,0.52,0.52,0.48,0
6.53,-0.00254770725683383,0.52,0.52,0.48,0
6.54,-0.00236498997023725,0.52,0.52,0.48,0
6.55,-0.00218143241396544,0.52,0.52,0.48,0
6.56,-0.00199709980514407,0.52,0.52,0.48,0
6.57,-0.00181205763627137,0.52,0.52,0.48,0
6.58,-0.00162637165194885,0.52,0.52,0.48,0
6.59,-0.00144010782552253,0.52,0.52,0.48,0
6.6,-0.00125333233564304,0.52,0.52,0.48,0
6.61,-0.00106611154275259,0.52,0.52,0.48,0
6.62,-0.000878511965507435,0.52,0.52,0.48,0
6.63,-0.000690600257144073,0.52,0.52,0.48,0
6.64,-0.000502443181797687,0.52,0.52,0.48,0
6.65,-0.000314107590781286,0.52,0.52,0.48,0
6.66,-0.000125660398833523,0.52,0.52,0.48,0
6.67,6.28314396555807e-05,0.52,0.52,0.48,0
6.68,0.000251300954433372,0.52,0.52,0.48,0
6.69,0.000439681183178652,0.52,0.52,0.48,0
6.7,0.000627905195293125,0.52,0.52,0.48,0
6.71,0.000815906115681573,0.52,0.52,0.48,0
6.72,0.00100361714851213,0.52,0.52,0.48,0
6.73,0.00119097160094871,0.52,0.52,0.48,0
6.74,0.00137790290684638,0.52,0.52,0.48,0
6.75,0.00156434465040231,0.52,0.52,0.48,0
6.76,0.00175023058975275,0.52,0.52,0.48,0
6.77,0.0019354946805086,0.52,0.52,0.48,0
6.78,0.00212007109922055,0.52,0.52,0.48,0
6.79,0.0023038942667659,0.52,0.52,0.48,0
6.8,0.00248689887164855,0.52,0.52,0.48,0
6.81,0.00266901989320376,0.52,0.52,0.48,0
6.82,0.00285019262469975,0.52,0.52,0.48,0
6.83,0.00303035269632774,0.52,0.52,0.48,0
6.84,0.00320943609807208,0.52,0.52,0.48,0
6.85,0.00338737920245292,0.52,0.52,0.48,0
6.86,0.00356411878713251,0.52,0.52,0.48,0
6.87,0.00373959205737801,0.52,0.52,0.48,0
6.88,0.00391373666837202,0.52,0.52,0.48,0
6.89,0.00408649074736349,0.52,0.52,0.48,0
6.9,0.00425779291565073,0.52,0.52,0.48,0
6.91,0.00442758231038901,0.52,0.52,0.48,0
6.92,0.00459579860621488,0.52,0.52,0.48,0
6.93,0.00476238203667938,0.52,0.52,0.48,0
6.94,0.00492727341548291,0.52,0.52,0.48,0
6.95,0.00509041415750371,0.52,0.52,0.48,0
6.96,0.00525174629961295,0.52,0.52,0.48,0
6.97,0.00541121252126875,0.52,0.52,0.48,0
6.98,0.00556875616488188,0.52,0.52,0.48,0
6.99,0.00572432125594591,0.52,0.52,0.48,0
7,0.00587785252292473,0.52,0.52,0.48,0
7.01,0.00602929541689023,0.52,0.52,0.48,0
7.02,0.00617859613090335,0.52,0.52,0.48,0
7.03,0.00632570161913124,0.52,0.52,0.48,0
7.04,0.00647055961569444,0.52,0.52,0.48,0
7.05,0.00661311865323651,0.52,0.52,0.48,0
7.06,0.00675332808121024,0.52,0.52,0.48,0
7.07,0.00689113808387349,0.52,0.52,0.48,0
7.08,0.00702649969798848,0.52,0.52,0.48,0
7.09,0.00715936483021831,0.52,0.52,0.48,0
7.1,0.00728968627421412,0.52,0.52,0.48,0
7.11,0.0074174177273874,0.52,0.52,0.48,0
7.12,0.00754251380736104,0.52,0.52,0.48,0
7.13,0.00766493006809349,0.52,0.52,0.48,0
7.14,0.00778462301567024,0.52,0.52,0.48,0
7.15,0.0079015501237569,0.52,0.52,0.48,0
7.16,0.00801566984870877,0.52,0.52,0.48,0
7.17,0.00812694164433093,0.52,0.52,0.48,0
7.18,0.00823532597628427,0.52,0.52,0.48,0
7.19,0.00834078433613171,0.52,0.52,0.48,0
7.2,0.00844327925502015,0.52,0.52,0.48,0
7.21,0.00854277431699295,0.52,0.52,0.48,0
7.22,0.00863923417192835,0.52,0.52,0.48,0
7.23,0.00873262454809921,0.52,0.52,0.48,0
7.24,0.00882291226434953,0.52,0.52,0.48,0
7.25,0.00891006524188367,0.52,0.52,0.48,0
7.26,0.00899405251566371,0.52,0.52,0.48,0
7.27,0.00907484424541117,0.52,0.52,0.48,0
7.28,0.00915241172620918,0.52,0.52,0.48,0
7.29,0.00922672739870115,0.52,0.52,0.48,0
7.3,0.00929776485888251,0.52,0.52,0.48,0
7.31,0.00936549886748192,0.52,0.52,0.48,0
7.32,0.00942990535892864,0.52,0.52,0.48,0
7.33,0.00949096144990295,0.52,0.52,0.48,0
7.34,0.00954864544746643,0.52,0.52,0.48,0
7.35,0.00960293685676943,0.52,0.52,0.48,0
7.36,0.00965381638833274,0.52,0.52,0.48,0
7.37,0.00970126596490106,0.52,0.52,0.48,0
7.38,0.00974526872786577,0.52,0.52,0.48,0
7.39,0.00978580904325472,0.52,0.52,0.48,0
7.4,0.00982287250728689,0.52,0.52,0.48,0
7.41,0.00985644595148998,0.52,0.52,0.48,0
7.42,0.00988651744737914,0.52,0.52,0.48,0
7.43,0.00991307631069506,0.52,0.52,0.48,0
7.44,0.00993611310520008,0.52,0.52,0.48,0
7.45,0.0099556196460308,0.52,0.52,0.48,0
7.46,0.00997158900260614,0.52,0.52,0.48,0
7.47,0.00998401550108975,0.52,0.52,0.48,0
7.48,0.00999289472640589,0.52,0.52,0.48,0
7.49,0.00999822352380809,0.52,0.52,0.48,0
7.5,0.01,0.52,0.52,0.48,0
7.51,0.00999822352380809,0.52,0.52,0.48,0
7.52,0.00999289472640589,0.52,0.52,0.48,0
7.53,0.00998401550108975,0.52,0.52,0.48,0
7.54,0.00997158900260614,0.52,0.52,0.48,0
7.55,0.0099556196460308,0.52,0.52,0.48,0
7.56,0.00993611310520008,0.52,0.52,0.48,0
7.57,0.00991307631069507,0.52,0.52,0.48,0
7.58,0.00988651744737914,0.52,0.52,0.48,0
7.59,0.00985644595148998,0.52,0.52,0.48,0
7.6,0.00982287250728689,0.52,0.52,0.48,0
7.61,0.00978580904325472,0.52,0.52,0.48,0
7.62,0.00974526872786577,0.52,0.52,0.48,0
7.63,0.00970126596490106,0.52,0.52,0.48,0
7.64,0.00965381638833274,0.52,0.52,0.48,0
7.65,0.00960293685676943,0.52,0.52,0.48,0
7.66,0.00954864544746643,0.52,0.52,0.48,0
7.67,0.00949096144990295,0.52,0.52,0.48,0
7.68,0.00942990535892865,0.52,0.52,0.48,0
7.69,0.00936549886748192,0.52,0.52,0.48,0
7.7,0.00929776485888252,0.52,0.52,0.48,0
7.71,0.00922672739870115,0.52,0.52,0.48,0
7.72,0.00915241172620918,0.52,0.52,0.48,0
7.73,0.00907484424541117,0.52,0.52,0.48,0
7.74,0.00899405251566371,0.52,0.52,0.48,0
7.75,0.00891006524188368,0.52,0.52,0.48,0
7.76,0.00882291226434954,0.52,0.52,0.48,0
7.77,0.0087326245480992,0.52,0.52,0.48,0
7.78,0.00863923417192835,0.52,0.52,0.48,0
7.79,0.00854277431699296,0.52,0.52,0.48,0
7.8,0.00844327925502015,0.52,0.52,0.48,0
7.81,0.00834078433613171,0.52,0.52,0.48,0
7.82,0.00823532597628428,0.52,0.52,0.48,0
7.83,0.00812694164433094,0.52,0.52,0.48,0
7.84,0.00801566984870877,0.52,0.52,0.48,0
7.85,0.0079015501237569,0.52,0.52,0.48,0
7.86,0.00778462301567024,0.52,0.52,0.48,0
7.87,0.0076649300680935,0.52,0.52,0.48,0
7.88,0.00754251380736104,0.52,0.52,0.48,0
7.89,0.00741741772738739,0.52,0.52,0.48,0
7.9,0.00728968627421411,0.52,0.52,0.48,0
7.91,0.00715936483021832,0.52,0.52,0.48,0
7.92,0.00702649969798849,0.52,0.52,0.48,0
7.93,0.00689113808387348,0.52,0.52,0.48,0
7.94,0.00675332808121025,0.52,0.52,0.48,0
7.95,0.00661311865323652,0.52,0.52,0.48,0
7.96,0.00647055961569445,0.52,0.52,0.48,0
7.97,0.00632570161913125,0.52,0.52,0.48,0
7.98,0.00617859613090334,0.52,0.52,0.48,0
7.99,0.00602929541689024,0.52,0.52,0.48,0
8,0.00587785252292474,0.52,0.52,0.48,0
8.01,0.00572432125594592,0.52,0.52,0.48,0
8.02,0.00556875616488189,0.52,0.52,0.48,0
8.03,0.00541121252126878,0.52,0.52,0.48,0
8.04,0.00525174629961294,0.52,0.52,0.48,0
8.05,0.00509041415750371,0.52,0.52,0.48,0
8.06,0.00492727341548292,0.52,0.52,0.48,0
8.07,0.00476238203667939,0.52,0.52,0.48,0
8.08,0.00459579860621489,0.52,0.52,0.48,0
8.09,0.00442758231038902,0.52,0.52,0.48,0
8.1,0.00425779291565074,0.52,0.52,0.48,0
8.11,0.0040864907473635,0.52,0.52,0.48,0
8.12,0.00391373666837201,0.52,0.52,0.48,0
8.13,0.003739592057378,0.52,0.52,0.48,0
8.14,0.0035641187871325,0.52,0.52,0.48,0
8.15,0.00338737920245292,0.52,0.52,0.48,0
8.16,0.00320943609807209,0.52,0.52,0.48,0
8.17,0.00303035269632775,0.52,0.52,0.48,0
8.18,0.00285019262469977,0.52,0.52,0.48,0
8.19,0.00266901989320377,0.52,0.52,0.48,0
8.2,0.00248689887164857,0.52,0.52,0.48,0
8.21,0.00230389426676589,0.52,0.52,0.48,0
8.22,0.00212007109922054,0.52,0.52,0.48,0
8.23,0.00193549468050859,0.52,0.52,0.48,0
8.24,0.00175023058975276,0.52,0.52,0.48,0
8.25,0.00156434465040232,0.52,0.52,0.48,0
8.26,0.00137790290684639,0.52,0.52,0.48,0
8.27,0.00119097160094872,0.52,0.52,0.48,0
8.28,0.00100361714851216,0.52,0.52,0.48,0
8.29,0.000815906115681566,0.52,0.52,0.48,0
8.3,0.000627905195293119,0.52,0.52,0.48,0
8.31,0.000439681183178646,0.52,0.52,0.48,0
8.32,0.000251300954433383,0.52,0.52,0.48,0
8.33,6.28314396555917e-05,0.52,0.52,0.48,0
8.34,-0.000125660398833512,0.52,0.52,0.48,0
8.35,-0.000314107590781275,0.52,0.52,0.48,0
8.36,-0.000502443181797676,0.52,0.52,0.48,0
8.37,-0.000690600257144062,0.52,0.52,0.48,0
8.38,-0.000878511965507442,0.52,0.52,0.48,0
8.39,-0.0010661115427526,0.52,0.52,0.48,0
8.4,-0.00125333233564305,0.52,0.52,0.48,0
8.41,-0.00144010782552251,0.52,0.52,0.48,0
8.42,-0.00162637165194883,0.52,0.52,0.48,0
8.43,-0.00181205763627136,0.52,0.52,0.48,0
8.44,-0.00199709980514406,0.52,0.52,0.48,0
8.45,-0.00218143241396541,0.52,0.52,0.48,0
8.46,-0.00236498997023725,0.52,0.52,0.48,0
8.47,-0.00254770725683383,0.52,0.52,0.48,0
8.48,-0.00272951935517325,0.52,0.52,0.48,0
8.49,-0.00291036166828271,0.52,0.52,0.48,0
8.5,-0.00309016994374945,0.52,0.52,0.48,0
8.51,-0.00326888029654942,0.52,0.52,0.48,0
8.52,-0.00344642923174516,0.52,0.52,0.48,0
8.53,-0.00362275366704543,0.52,0.52,0.48,0
8.54,-0.00379779095521801,0.52,0.52,0.48,0
8.55,-0.00397147890634783,0.52,0.52,0.48,0
8.56,-0.00414375580993285,0.52,0.52,0.48,0
8.57,-0.00431456045680959,0.52,0.52,0.48,0
8.58,-0.00448383216090031,0.52,0.52,0.48,0
8.59,-0.00465151078077456,0.52,0.52,0.48,0
8.6,-0.00481753674101715,0.52,0.52,0.48,0
8.61,-0.0049818510533949,0.52,0.52,0.48,0
8.62,-0.00514439533781508,0.52,0.52,0.48,0
8.63,-0.00530511184306734,0.52,0.52,0.48,0
8.64,-0.00546394346734268,0.52,0.52,0.48,0
8.65,-0.00562083377852132,0.52,0.52,0.48,0
8.66,-0.00577572703422268,0.52,0.52,0.48,0
8.67,-0.00592856820161058,0.52,0.52,0.48,0
8.68,-0.00607930297694604,0.52,0.52,0.48,0
8.69,-0.00622787780488113,0.52,0.52,0.48,0
8.7,-0.00637423989748692,0.52,0.52,0.48,0
8.71,-0.0065183372530088,0.52,0.52,0.48,0
8.72,-0.00666011867434252,0.52,0.52,0.48,0
8.73,-0.00679953378722419,0.52,0.52,0.48,0
8.74,-0.00693653305812806,0.52,0.52,0.48,0
8.75,-0.00707106781186548,0.52,0.52,0.48,0
8.76,-0.00720309024887906,0.52,0.52,0.48,0
8.77,-0.00733255346222559,0.52,0.52,0.48,0
8.78,-0.0074594114542418,0.52,0.52,0.48,0
8.79,-0.00758361915288724,0.52,0.52,0.48,0
8.8,-0.0077051324277579,0.52,0.52,0.48,0
8.81,-0.00782390810576588,0.52,0.52,0.48,0
8.82,-0.00793990398647835,0.52,0.52,0.48,0
8.83,-0.00805307885711121,0.52,0.52,0.48,0
8.84,-0.00816339250717184,0.52,0.52,0.48,0
8.85,-0.00827080574274561,0.52,0.52,0.48,0
8.86,-0.00837528040042141,0.52,0.52,0.48,0
8.87,-0.00847677936085084,0.52,0.52,0.48,0
8.88,-0.00857526656193652,0.52,0.52,0.48,0
8.89,-0.00867070701164491,0.52,0.52,0.48,0
8.9,-0.00876306680043864,0.52,0.52,0.48,0
8.91,-0.00885231311332455,0.52,0.52,0.48,0
8.92,-0.00893841424151263,0.52,0.52,0.48,0
8.93,-0.00902133959368203,0.52,0.52,0.48,0
8.94,-0.00910105970684995,0.52,0.52,0.48,0
8.95,-0.00917754625683982,0.52,0.52,0.48,0
8.96,-0.00925077206834458,0.52,0.52,0.48,0
8.97,-0.00932071112458211,0.52,0.52,0.48,0
8.98,-0.00938733857653875,0.52,0.52,0.48,0
8.99,-0.00945063075179805,0.52,0.52,0.48,0
9,-0.00951056516295153,0.52,0.52,0.48,0
9.01,-0.0095671205155883,0.52,0.52,0.48,0
9.02,-0.00962027671586085,0.52,0.52,0.48,0
9.03,-0.00967001487762435,0.52,0.52,0.48,0
9.04,-0.00971631732914674,0.52,0.52,0.48,0
9.05,-0.00975916761938748,0.52,0.52,0.48,0
9.06,-0.00979855052384247,0.52,0.52,0.48,0
9.07,-0.00983445204995329,0.52,0.52,0.48,0
9.08,-0.00986685944207868,0.52,0.52,0.48,0
9.09,-0.00989576118602651,0.52,0.52,0.48,0
9.1,-0.00992114701314478,0.52,0.52,0.48,0
9.11,-0.00994300790396999,0.52,0.52,0.48,0
9.12,-0.00996133609143172,0.52,0.52,0.48,0
9.13,-0.00997612506361225,0.52,0.52,0.48,0
9.14,-0.00998736956606018,0.52,0.52,0.48,0
9.15,-0.00999506560365731,0.52,0.52,0.48,0
9.16,-0.00999921044203816,0.52,0.52,0.48,0
9.17,-0.00999980260856137,0.52,0.52,0.48,0
9.18,-0.009996841892833,0.52,0.52,0.48,0
9.19,-0.00999032934678125,0.52,0.52,0.48,0
9.2,-0.00998026728428272,0.52,0.52,0.48,0
9.21,-0.0099666592803403,0.52,0.52,0.48,0
9.22,-0.009949510169813,0.52,0.52,0.48,0
9.23,-0.00992882604569814,0.52,0.52,0.48,0
9.24,-0.00990461425696651,0.52,0.52,0.48,0
9.25,-0.00987688340595138,0.52,0.52,0.48,0
9.26,-0.00984564334529206,0.52,0.52,0.48,0
9.27,-0.00981090517443334,0.52,0.52,0.48,0
9.28,-0.00977268123568194,0.52,0.52,0.48,0
9.29,-0.00973098510982126,0.52,0.52,0.48,0
9.3,-0.00968583161128631,0.52,0.52,0.48,0
9.31,-0.0096372367829001,0.52,0.52,0.48,0
9.32,-0.00958521789017376,0.52,0.52,0.48,0
9.33,-0.00952979341517219,0.52,0.52,0.48,0
9.34,-0.00947098304994745,0.52,0.52,0.48,0
9.35,-0.00940880768954226,0.52,0.52,0.48,0
9.36,-0.00934328942456612,0.52,0.52,0.48,0
9.37,-0.0092744515333466,0.52,0.52,0.48,0
9.38,-0.0092023184736587,0.52,0.52,0.48,0
9.39,-0.00912691587403503,0.52,0.52,0.48,0
9.4,-0.0090482705246602,0.52,0.52,0.48,0
9.41,-0.00896641036785235,0.52,0.52,0.48,0
9.42,-0.00888136448813545,0.52,0.52,0.48,0
9.43,-0.00879316310190557,0.52,0.52,0.48,0
9.44,-0.00870183754669527,0.52,0.52,0.48,0
9.45,-0.00860742027003944,0.52,0.52,0.48,0
9.46,-0.00850994481794691,0.52,0.52,0.48,0
9.47,-0.00840944582298168,0.52,0.52,0.48,0
9.48,-0.00830595899195813,0.52,0.52,0.48,0
9.49,-0.00819952109325453,0.52,0.52,0.48,0
9.5,-0.00809016994374947,0.52,0.52,0.48,0
9.51,-0.00797794439538571,0.52,0.52,0.48,0
9.52,-0.0078628843213662,0.52,0.52,0.48,0
9.53,-0.00774503060198735,0.52,0.52,0.48,0
9.54,-0.00762442511011448,0.52,0.52,0.48,0
9.55,-0.00750111069630458,0.52,0.52,0.48,0
9.56,-0.00737513117358173,0.52,0.52,0.48,0
9.57,-0.00724653130187047,0.52,0.52,0.48,0
9.58,-0.00711535677209286,0.52,0.52,0.48,0
9.59,-0.00698165418993474,0.52,0.52,0.48,0
9.6,-0.00684547105928689,0.52,0.52,0.48,0
9.61,-0.00670685576536721,0.52,0.52,0.48,0
9.62,-0.00656585755752956,0.52,0.52,0.48,0
9.63,-0.00642252653176584,0.52,0.52,0.48,0
9.64,-0.00627691361290701,0.52,0.52,0.48,0
9.65,-0.00612907053652976,0.52,0.52,0.48,0
9.66,-0.00597904983057519,0.52,0.52,0.48,0
9.67,-0.00582690479668577,0.52,0.52,0.48,0
9.68,-0.00567268949126758,0.52,0.52,0.48,0
9.69,-0.0055164587062843,0.52,0.52,0.48,0
9.7,-0.00535826794978995,0.52,0.52,0.48,0
9.71,-0.00519817342620708,0.52,0.52,0.48,0
9.72,-0.00503623201635761,0.52,0.52,0.48,0
9.73,-0.00487250125725333,0.52,0.52,0.48,0
9.74,-0.00470703932165331,0.52,0.52,0.48,0
9.75,-0.00453990499739547,0.52,0.52,0.48,0
9.76,-0.00437115766650934,0.52,0.52,0.48,0
9.77,-0.00420085728411808,0.52,0.52,0.48,0
9.78,-0.00402906435713666,0.52,0.52,0.48,0
9.79,-0.00385583992277394,0.52,0.52,0.48,0
9.8,-0.00368124552684677,0.52,0.52,0.48,0
9.81,-0.00350534320191259,0.52,0.52,0.48,0
9.82,-0.00332819544522988,0.52,0.52,0.48,0
9.83,-0.00314986519655307,0.52,0.52,0.48,0
9.84,-0.00297041581577035,0.52,0.52,0.48,0
9.85,-0.0027899110603923,0.52,0.52,0.48,0
9.86,-0.00260841506289899,0.52,0.52,0.48,0
9.87,-0.00242599230795407,0.52,0.52,0.48,0
9.88,-0.00224270760949382,0.52,0.52,0.48,0
9.89,-0.0020586260876988,0.52,0.52,0.48,0
9.9,-0.00187381314585724,0.52,0.52,0.48,0
9.91,-0.00168833444712735,0.52,0.52,0.48,0
9.92,-0.00150225589120759,0.52,0.52,0.48,0
9.93,-0.00131564359092282,0.52,0.52,0.48,0
9.94,-0.00112856384873482,0.52,0.52,0.48,0
9.95,-0.000941083133185127,0.52,0.52,0.48,0
9.96,-0.000753268055279323,0.52,0.52,0.48,0
9.97,-0.000565185344820253,0.52,0.52,0.48,0
9.98,-0.000376901826699329,0.52,0.52,0.48,0
9.99,-0.000188484397154077,0.52,0.52,0.48,0
10,-7.34788079488412e-18,0.52,0.52,0.48,0
10.01,0.000188484397154063,0.52,0.52,0.48,0
10.02,0.000376901826699315,0.52,0.52,0.48,0
10.03,0.000565185344820238,0.52,0.52,0.48,0
10.04,0.000753268055279344,0.52,0.52,0.48,0
10.05,0.000941083133185148,0.52,0.52,0.48,0
10.06,0.00112856384873481,0.52,0.52,0.48,0
10.07,0.00131564359092281,0.52,0.52,0.48,0
10.08,0.00150225589120758,0.52,0.52,0.48,0
10.09,0.00168833444712733,0.52,0.52,0.48,0
10.1,0.00187381314585723,0.52,0.52,0.48,0
10.11,0.00205862608769878,0.52,0.52,0.48,0
10.12,0.00224270760949381,0.52,0.52,0.48,0
10.13,0.00242599230795409,0.52,0.52,0.48,0
10.14,0.00260841506289897,0.52,0.52,0.48,0
10.15,0.00278991106039229,0.52,0.52,0.48,0
10.16,0.00297041581577033,0.52,0.52,0.48,0
10.17,0.00314986519655305,0.52,0.52,0.48,0
10.18,0.00332819544522986,0.52,0.52,0.48,0
10.19,0.00350534320191257,0.52,0.52,0.48,0
10.2,0.00368124552684679,0.52,0.52,0.48,0
10.21,0.00385583992277396,0.52,0.52,0.48,0
10.22,0.00402906435713664,0.52,0.52,0.48,0
10.23,0.00420085728411807,0.52,0.52,0.48,0
10.24,0.00437115766650932,0.52,0.52,0.48,0
10.25,0.00453990499739545,0.52,0.52,0.48,0
10.26,0.0047070393216533,0.52,0.52,0.48,0
10.27,0.00487250125725332,0.52,0.52,0.48,0
10.28,0.00503623201635759,0.52,0.52,0.48,0
10.29,0.0051981734262071,0.52,0.52,0.48,0
10.3,0.00535826794978996,0.52,0.52,0.48,0
10.31,0.00551645870628429,0.52,0.52,0.48,0
10.32,0.00567268949126757,0.52,0.52,0.48,0
10.33,0.00582690479668576,0.52,0.52,0.48,0
10.34,0.00597904983057518,0.52,0.52,0.48,0
10.35,0.00612907053652974,0.52,0.52,0.48,0
10.36,0.006276913612907,0.52,0.52,0.48,0
10.37,0.00642252653176586,0.52,0.52,0.48,0
10.38,0.00656585755752957,0.52,0.52,0.48,0
10.39,0.0067068557653672,0.52,0.52,0.48,0
10.4,0.00684547105928688,0.52,0.52,0.48,0
10.41,0.00698165418993473,0.52,0.52,0.48,0
10.42,0.00711535677209285,0.52,0.52,0.48,0
10.43,0.00724653130187046,0.52,0.52,0.48,0
10.44,0.00737513117358172,0.52,0.52,0.48,0
10.45,0.00750111069630459,0.52,0.52,0.48,0
10.46,0.00762442511011449,0.52,0.52,0.48,0
10.47,0.00774503060198734,0.52,0.52,0.48,0
10.48,0.00786288432136619,0.52,0.52,0.48,0
10.49,0.0079779443953857,0.52,0.52,0.48,0
10.5,0.00809016994374946,0.52,0.52,0.48,0
10.51,0.00819952109325452,0.52,0.52,0.48,0
10.52,0.00830595899195812,0.52,0.52,0.48,0
10.53,0.00840944582298168,0.52,0.52,0.48,0
10.54,0.00850994481794692,0.52,0.52,0.48,0
10.55,0.00860742027003945,0.52,0.52,0.48,0
10.56,0.00870183754669526,0.52,0.52,0.48,0
10.57,0.00879316310190556,0.52,0.52,0.48,0
10.58,0.00888136448813544,0.52,0.52,0.48,0
10.59,0.00896641036785235,0.52,0.52,0.48,0
10.6,0.00904827052466019,0.52,0.52,0.48,0
10.61,0.00912691587403502,0.52,0.52,0.48,0
10.62,0.00920231847365871,0.52,0.52,0.48,0
10.63,0.00927445153334661,0.52,0.52,0.48,0
10.64,0.00934328942456612,0.52,0.52,0.48,0
10.65,0.00940880768954226,0.52,0.52,0.48,0
10.66,0.00947098304994744,0.52,0.52,0.48,0
10.67,0.00952979341517218,0.52,0.52,0.48,0
10.68,0.00958521789017375,0.52,0.52,0.48,0
10.69,0.0096372367829001,0.52,0.52,0.48,0
10.7,0.00968583161128632,0.52,0.52,0.48,0
10.71,0.00973098510982127,0.52,0.52,0.48,0
10.72,0.00977268123568194,0.52,0.52,0.48,0
10.73,0.00981090517443334,0.52,0.52,0.48,0
10.74,0.00984564334529206,0.52,0.52,0.48,0
10.75,0.00987688340595138,0.52,0.52,0.48,0
10.76,0.00990461425696651,0.52,0.52,0.48,0
10.77,0.00992882604569813,0.52,0.52,0.48,0
10.78,0.009949510169813,0.52,0.52,0.48,0
10.79,0.0099666592803403,0.52,0.52,0.48,0
10.8,0.00998026728428272,0.52,0.52,0.48,0
10.81,0.00999032934678125,0.52,0.52,0.48,0
10.82,0.009996841892833,0.52,0.52,0.48,0
10.83,0.00999980260856137,0.52,0.52,0.48,0
10.84,0.00999921044203816,0.52,0.52,0.48,0
10.85,0.00999506560365732,0.52,0.52,0.48,0
10.86,0.00998736956606018,0.52,0.52,0.48,0
10.87,0.00997612506361225,0.52,0.52,0.48,0
10.88,0.00996133609143172,0.52,0.52,0.48,0
10.89,0.00994300790396999,0.52,0.52,0.48,0
10.9,0.00992114701314478,0.52,0.52,0.48,0
10.91,0.00989576118602651,0.52,0.52,0.48,0
10.92,0.00986685944207868,0.52,0.52,0.48,0
10.93,0.0098344520499533,0.52,0.52,0.48,0
10.94,0.00979855052384247,0.52,0.52,0.48,0
10.95,0.00975916761938747,0.52,0.52,0.48,0
10.96,0.00971631732914674,0.52,0.52,0.48,0
10.97,0.00967001487762435,0.52,0.52,0.48,0
10.98,0.00962027671586086,0.52,0.52,0.48,0
10.99,0.0095671205155883,0.52,0.52,0.48,0
11,0.00951056516295154,0.52,0.52,0.48,0
11.01,0.00945063075179805,0.52,0.52,0.48,0
11.02,0.00938733857653875,0.52,0.52,0.48,0
11.03,0.00932071112458211,0.52,0.52,0.48,0
11.04,0.00925077206834458,0.52,0.52,0.48,0
11.05,0.00917754625683981,0.52,0.52,0.48,0
11.06,0.00910105970684996,0.52,0.52,0.48,0
11.07,0.00902133959368204,0.52,0.52,0.48,0
11.08,0.00893841424151263,0.52,0.52,0.48,0
11.09,0.00885231311332456,0.52,0.52,0.48,0
11.1,0.00876306680043864,0.52,0.52,0.48,0
11.11,0.00867070701164492,0.52,0.52,0.48,0
11.12,0.00857526656193653,0.52,0.52,0.48,0
11.13,0.00847677936085082,0.52,0.52,0.48,0
11.14,0.00837528040042142,0.52,0.52,0.48,0
11.15,0.00827080574274562,0.52,0.52,0.48,0
11.16,0.00816339250717185,0.52,0.52,0.48,0
11.17,0.00805307885711122,0.52,0.52,0.48,0
11.18,0.00793990398647836,0.52,0.52,0.48,0
11.19,0.00782390810576589,0.52,0.52,0.48,0
11.2,0.00770513242775789,0.52,0.52,0.48,0
11.21,0.00758361915288722,0.52,0.52,0.48,0
11.22,0.00745941145424181,0.52,0.52,0.48,0
11.23,0.0073325534622256,0.52,0.52,0.48,0
11.24,0.00720309024887907,0.52,0.52,0.48,0
11.25,0.00707106781186549,0.52,0.52,0.48,0
11.26,0.00693653305812807,0.52,0.52,0.48,0
11.27,0.0067995337872242,0.52,0.52,0.48,0
11.28,0.00666011867434253,0.52,0.52,0.48,0
11.29,0.00651833725300878,0.52,0.52,0.48,0
11.3,0.0063742398974869,0.52,0.52,0.48,0
11.31,0.00622787780488114,0.52,0.52,0.48,0
11.32,0.00607930297694605,0.52,0.52,0.48,0
11.33,0.0059285682016106,0.52,0.52,0.48,0
11.34,0.00577572703422269,0.52,0.52,0.48,0
11.35,0.00562083377852133,0.52,0.52,0.48,0
11.36,0.00546394346734269,0.52,0.52,0.48,0
11.37,0.00530511184306732,0.52,0.52,0.48,0
11.38,0.00514439533781506,0.52,0.52,0.48,0
11.39,0.00498185105339491,0.52,0.52,0.48,0
11.4,0.00481753674101717,0.52,0.52,0.48,0
11.41,0.00465151078077458,0.52,0.52,0.48,0
11.42,0.00448383216090033,0.52,0.52,0.48,0
11.43,0.0043145604568096,0.52,0.52,0.48,0
11.44,0.00414375580993287,0.52,0.52,0.48,0
11.45,0.00397147890634781,0.52,0.52,0.48,0
11.46,0.00379779095521799,0.52,0.52,0.48,0
11.47,0.00362275366704545,0.52,0.52,0.48,0
11.48,0.00344642923174517,0.52,0.52,0.48,0
11.49,0.00326888029654944,0.52,0.52,0.48,0
11.5,0.00309016994374947,0.52,0.52,0.48,0
11.51,0.00291036166828272,0.52,0.52,0.48,0
11.52,0.00272951935517327,0.52,0.52,0.48,0
11.53,0.00254770725683385,0.52,0.52,0.48,0
11.54,0.00236498997023725,0.52,0.52,0.48,0
11.55,0.0021814324139654,0.52,0.52,0.48,0
11.56,0.00199709980514406,0.52,0.52,0.48,0
11.57,0.00181205763627138,0.52,0.52,0.48,0
11.58,0.00162637165194885,0.52,0.52,0.48,0
11.59,0.00144010782552255,0.52,0.52,0.48,0
11.6,0.00125333233564304,0.52,0.52,0.48,0
11.61,0.00106611154275261,0.52,0.52,0.48,0
11.62,0.000878511965507421,0.52,0.52,0.48,0
11.63,0.000690600257144059,0.52,0.52,0.48,0
11.64,0.000502443181797708,0.52,0.52,0.48,0
11.65,0.000314107590781272,0.52,0.52,0.48,0
11.66,0.000125660398833527,0.52,0.52,0.48,0
11.67,-6.2831439655577e-05,0.52,0.52,0.48,0
11.68,-0.000251300954433351,0.52,0.52,0.48,0
11.69,-0.000439681183178649,0.52,0.52,0.48,0
11.7,-0.000627905195293157,0.52,0.52,0.48,0
11.71,-0.000815906115681587,0.52,0.52,0.48,0
11.72,-0.00100361714851215,0.52,0.52,0.48,0
11.73,-0.00119097160094869,0.52,0.52,0.48,0
11.74,-0.00137790290684639,0.52,0.52,0.48,0
11.75,-0.00156434465040231,0.52,0.52,0.48,0
11.76,-0.00175023058975275,0.52,0.52,0.48,0
11.77,-0.00193549468050858,0.52,0.52,0.48,0
11.78,-0.00212007109922051,0.52,0.52,0.48,0
11.79,-0.00230389426676593,0.52,0.52,0.48,0
11.8,-0.00248689887164856,0.52,0.52,0.48,0
11.81,-0.00266901989320376,0.52,0.52,0.48,0
11.82,-0.00285019262469975,0.52,0.52,0.48,0
11.83,-0.00303035269632772,0.52,0.52,0.48,0
11.84,-0.0032094360980721,0.52,0.52,0.48,0
11.85,-0.0033873792024529,0.52,0.52,0.48,0
11.86,-0.00356411878713249,0.52,0.52,0.48,0
11.87,-0.00373959205737801,0.52,0.52,0.48,0
11.88,-0.00391373666837201,0.52,0.52,0.48,0
11.89,-0.0040864907473635,0.52,0.52,0.48,0
11.9,-0.00425779291565073,0.52,0.52,0.48,0
11.91,-0.00442758231038901,0.52,0.52,0.48,0
11.92,-0.00459579860621486,0.52,0.52,0.48,0
11.93,-0.00476238203667939,0.52,0.52,0.48,0
11.94,-0.00492727341548291,0.52,0.52,0.48,0
11.95,-0.00509041415750373,0.52,0.52,0.48,0
11.96,-0.00525174629961296,0.52,0.52,0.48,0
11.97,-0.00541121252126875,0.52,0.52,0.48,0
11.98,-0.00556875616488189,0.52,0.52,0.48,0
11.99,-0.00572432125594591,0.52,0.52,0.48,0
12,-0.00587785252292472,0.52,0.52,0.48,0
12.01,-0.00602929541689023,0.52,0.52,0.48,0
12.02,-0.00617859613090332,0.52,0.52,0.48,0
12.03,-0.00632570161913127,0.52,0.52,0.48,0
12.04,-0.00647055961569445,0.52,0.52,0.48,0
12.05,-0.00661311865323652,0.52,0.52,0.48,0
12.06,-0.00675332808121024,0.52,0.52,0.48,0
12.07,-0.00689113808387347,0.52,0.52,0.48,0
12.08,-0.0070264996979885,0.52,0.52,0.48,0
12.09,-0.00715936483021831,0.52,0.52,0.48,0
12.1,-0.0072896862742141,0.52,0.52,0.48,0
12.11,-0.00741741772738737,0.52,0.52,0.48,0
12.12,-0.00754251380736103,0.52,0.52,0.48,0
12.13,-0.00766493006809351,0.52,0.52,0.48,0
12.14,-0.00778462301567024,0.52,0.52,0.48,0
12.15,-0.0079015501237569,0.52,0.52,0.48,0
12.16,-0.00801566984870875,0.52,0.52,0.48,0
12.17,-0.00812694164433094,0.52,0.52,0.48,0
12.18,-0.00823532597628427,0.52,0.52,0.48,0
12.19,-0.0083407843361317,0.52,0.52,0.48,0
12.2,-0.00844327925502015,0.52,0.52,0.48,0
12.21,-0.00854277431699295,0.52,0.52,0.48,0
12.22,-0.00863923417192836,0.52,0.52,0.48,0
12.23,-0.0087326245480992,0.52,0.52,0.48,0
12.24,-0.00882291226434953,0.52,0.52,0.48,0
12.25,-0.00891006524188367,0.52,0.52,0.48,0
12.26,-0.0089940525156637,0.52,0.52,0.48,0
12.27,-0.00907484424541117,0.52,0.52,0.48,0
12.28,-0.00915241172620918,0.52,0.52,0.48,0
12.29,-0.00922672739870115,0.52,0.52,0.48,0
12.3,-0.00929776485888251,0.52,0.52,0.48,0
12.31,-0.00936549886748192,0.52,0.52,0.48,0
12.32,-0.00942990535892865,0.52,0.52,0.48,0
12.33,-0.00949096144990294,0.52,0.52,0.48,0
12.34,-0.00954864544746642,0.52,0.52,0.48,0
12.35,-0.00960293685676942,0.52,0.52,0.48,0
12.36,-0.00965381638833274,0.52,0.52,0.48,0
12.37,-0.00970126596490106,0.52,0.52,0.48,0
12.38,-0.00974526872786577,0.52,0.52,0.48,0
12.39,-0.00978580904325472,0.52,0.52,0.48,0
12.4,-0.00982287250728688,0.52,0.52,0.48,0
12.41,-0.00985644595148998,0.52,0.52,0.48,0
12.42,-0.00988651744737914,0.52,0.52,0.48,0
12.43,-0.00991307631069506,0.52,0.52,0.48,0
12.44,-0.00993611310520008,0.52,0.52,0.48,0
12.45,-0.0099556196460308,0.52,0.52,0.48,0
12.46,-0.00997158900260614,0.52,0.52,0.48,0
12.47,-0.00998401550108975,0.52,0.52,0.48,0
12.48,-0.00999289472640589,0.52,0.52,0.48,0
12.49,-0.00999822352380809,0.52,0.52,0.48,0
12.5,-0.01,0.52,0.52,0.48,0
12.51,-0.00999822352380809,0.52,0.52,0.48,0
12.52,-0.00999289472640589,0.52,0.52,0.48,0
12.53,-0.00998401550108975,0.52,0.52,0.48,0
12.54,-0.00997158900260614,0.52,0.52,0.48,0
12.55,-0.0099556196460308,0.52,0.52,0.48,0
12.56,-0.00993611310520008,0.52,0.52,0.48,0
12.57,-0.00991307631069507,0.52,0.52,0.48,0
12.58,-0.00988651744737914,0.52,0.52,0.48,0
12.59,-0.00985644595148999,0.52,0.52,0.48,0
12.6,-0.00982287250728689,0.52,0.52,0.48,0
12.61,-0.00978580904325472,0.52,0.52,0.48,0
12.62,-0.00974526872786577,0.52,0.52,0.48,0
12.63,-0.00970126596490106,0.52,0.52,0.48,0
12.64,-0.00965381638833274,0.52,0.52,0.48,0
12.65,-0.00960293685676943,0.52,0.52,0.48,0
12.66,-0.00954864544746643,0.52,0.52,0.48,0
12.67,-0.00949096144990295,0.52,0.52,0.48,0
12.68,-0.00942990535892865,0.52,0.52,0.48,0
12.69,-0.00936549886748192,0.52,0.52,0.48,0
12.7,-0.00929776485888251,0.52,0.52,0.48,0
12.71,-0.00922672739870114,0.52,0.52,0.48,0
12.72,-0.00915241172620918,0.52,0.52,0.48,0
12.73,-0.00907484424541117,0.52,0.52,0.48,0
12.74,-0.00899405251566371,0.52,0.52,0.48,0
12.75,-0.00891006524188368,0.52,0.52,0.48,0
12.76,-0.00882291226434954,0.52,0.52,0.48,0
12.77,-0.00873262454809921,0.52,0.52,0.48,0
12.78,-0.00863923417192835,0.52,0.52,0.48,0
12.79,-0.00854277431699294,0.52,0.52,0.48,0
12.8,-0.00844327925502014,0.52,0.52,0.48,0
12.81,-0.00834078433613171,0.52,0.52,0.48,0
12.82,-0.00823532597628428,0.52,0.52,0.48,0
12.83,-0.00812694164433095,0.52,0.52,0.48,0
12.84,-0.00801566984870877,0.52,0.52,0.48,0
12.85,-0.00790155012375691,0.52,0.52,0.48,0
12.86,-0.00778462301567025,0.52,0.52,0.48,0
12.87,-0.0076649300680935,0.52,0.52,0.48,0
12.88,-0.00754251380736105,0.52,0.52,0.48,0
12.89,-0.00741741772738738,0.52,0.52,0.48,0
12.9,-0.00728968627421411,0.52,0.52,0.48,0
12.91,-0.00715936483021832,0.52,0.52,0.48,0
12.92,-0.00702649969798851,0.52,0.52,0.48,0
12.93,-0.00689113808387348,0.52,0.52,0.48,0
12.94,-0.00675332808121025,0.52,0.52,0.48,0
12.95,-0.00661311865323651,0.52,0.52,0.48,0
12.96,-0.00647055961569444,0.52,0.52,0.48,0
12.97,-0.00632570161913125,0.52,0.52,0.48,0
12.98,-0.00617859613090333,0.52,0.52,0.48,0
12.99,-0.00602929541689025,0.52,0.52,0.48,0
13,-0.00587785252292474,0.52,0.52,0.48,0
13.01,-0.00572432125594593,0.52,0.52,0.48,0
13.02,-0.00556875616488191,0.52,0.52,0.48,0
13.03,-0.00541121252126874,0.52,0.52,0.48,0
13.04,-0.00525174629961295,0.52,0.52,0.48,0
13.05,-0.00509041415750371,0.52,0.52,0.48,0
13.06,-0.00492727341548292,0.52,0.52,0.48,0
13.07,-0.00476238203667941,0.52,0.52,0.48,0
13.08,-0.00459579860621488,0.52,0.52,0.48,0
13.09,-0.00442758231038902,0.52,0.52,0.48,0
13.1,-0.00425779291565075,0.52,0.52,0.48,0
13.11,-0.00408649074736352,0.52,0.52,0.48,0
13.12,-0.00391373666837203,0.52,0.52,0.48,0
13.13,-0.00373959205737799,0.52,0.52,0.48,0
13.14,-0.0035641187871325,0.52,0.52,0.48,0
13.15,-0.00338737920245292,0.52,0.52,0.48,0
13.16,-0.00320943609807211,0.52,0.52,0.48,0
13.17,-0.00303035269632774,0.52,0.52,0.48,0
13.18,-0.00285019262469977,0.52,0.52,0.48,0
13.19,-0.00266901989320377,0.52,0.52,0.48,0
13.2,-0.00248689887164854,0.52,0.52,0.48,0
13.21,-0.00230389426676591,0.52,0.52,0.48,0
13.22,-0.00212007109922053,0.52,0.52,0.48,0
13.23,-0.0019354946805086,0.52,0.52,0.48,0
13.24,-0.00175023058975277,0.52,0.52,0.48,0
13.25,-0.00156434465040233,0.52,0.52,0.48,0
13.26,-0.00137790290684641,0.52,0.52,0.48,0
13.27,-0.0011909716009487,0.52,0.52,0.48,0
13.28,-0.00100361714851213,0.52,0.52,0.48,0
13.29,-0.00081590611568157,0.52,0.52,0.48,0
13.3,-0.00062790519529314,0.52,0.52,0.48,0
13.31,-0.000439681183178667,0.52,0.52,0.48,0
13.32,-0.000251300954433369,0.52,0.52,0.48,0
13.33,-6.28314396555954e-05,0.52,0.52,0.48,0
13.34,0.000125660398833508,0.52,0.52,0.48,0
13.35,0.000314107590781254,0.52,0.52,0.48,0
13.36,0.00050244318179769,0.52,0.52,0.48,0
13.37,0.000690600257144076,0.52,0.52,0.48,0
13.38,0.000878511965507438,0.52,0.52,0.48,0
13.39,0.00106611154275259,0.52,0.52,0.48,0
13.4,0.00125333233564303,0.52,0.52,0.48,0
13.41,0.00144010782552253,0.52,0.52,0.48,0
13.42,0.00162637165194883,0.52,0.52,0.48,0
13.43,0.00181205763627136,0.52,0.52,0.48,0
13.44,0.00199709980514404,0.52,0.52,0.48,0
13.45,0.00218143241396542,0.52,0.52,0.48,0
13.46,0.00236498997023727,0.52,0.52,0.48,0
13.47,0.00254770725683383,0.52,0.52,0.48,0
13.48,0.00272951935517325,0.52,0.52,0.48,0
13.49,0.0029103616682827,0.52,0.52,0.48,0
13.5,0.00309016994374948,0.52,0.52,0.48,0
13.51,0.00326888029654942,0.52,0.52,0.48,0
13.52,0.00344642923174516,0.52,0.52,0.48,0
13.53,0.00362275366704546,0.52,0.52,0.48,0
13.54,0.00379779095521801,0.52,0.52,0.48,0
13.55,0.00397147890634782,0.52,0.52,0.48,0
13.56,0.00414375580993285,0.52,0.52,0.48,0
13.57,0.00431456045680959,0.52,0.52,0.48,0
13.58,0.00448383216090031,0.52,0.52,0.48,0
13.59,0.00465151078077456,0.52,0.52,0.48,0
13.6,0.00481753674101715,0.52,0.52,0.48,0
13.61,0.0049818510533949,0.52,0.52,0.48,0
13.62,0.00514439533781507,0.52,0.52,0.48,0
13.63,0.00530511184306734,0.52,0.52,0.48,0
13.64,0.00546394346734268,0.52,0.52,0.48,0
13.65,0.00562083377852131,0.52,0.52,0.48,0
13.66,0.00577572703422267,0.52,0.52,0.48,0
13.67,0.00592856820161058,0.52,0.52,0.48,0
13.68,0.00607930297694603,0.52,0.52,0.48,0
13.69,0.00622787780488112,0.52,0.52,0.48,0
13.7,0.00637423989748691,0.52,0.52,0.48,0
13.71,0.0065183372530088,0.52,0.52,0.48,0
13.72,0.00666011867434251,0.52,0.52,0.48,0
13.73,0.00679953378722418,0.52,0.52,0.48,0
13.74,0.00693653305812806,0.52,0.52,0.48,0
13.75,0.00707106781186547,0.52,0.52,0.48,0
13.76,0.00720309024887906,0.52,0.52,0.48,0
13.77,0.00733255346222558,0.52,0.52,0.48,0
13.78,0.00745941145424182,0.52,0.52,0.48,0
13.79,0.00758361915288723,0.52,0.52,0.48,0
13.8,0.0077051324277579,0.52,0.52,0.48,0
13.81,0.00782390810576588,0.52,0.52,0.48,0
13.82,0.00793990398647835,0.52,0.52,0.48,0
13.83,0.0080530788571112,0.52,0.52,0.48,0
13.84,0.00816339250717184,0.52,0.52,0.48,0
13.85,0.00827080574274561,0.52,0.52,0.48,0
13.86,0.0083752804004214,0.52,0.52,0.48,0
13.87,0.00847677936085083,0.52,0.52,0.48,0
13.88,0.00857526656193652,0.52,0.52,0.48,0
13.89,0.00867070701164491,0.52,0.52,0.48,0
13.9,0.00876306680043864,0.52,0.52,0.48,0
13.91,0.00885231311332455,0.52,0.52,0.48,0
13.92,0.00893841424151263,0.52,0.52,0.48,0
13.93,0.00902133959368203,0.52,0.52,0.48,0
13.94,0.00910105970684995,0.52,0.52,0.48,0
13.95,0.00917754625683982,0.52,0.52,0.48,0
13.96,0.00925077206834458,0.52,0.52,0.48,0
13.97,0.00932071112458211,0.52,0.52,0.48,0
13.98,0.00938733857653875,0.52,0.52,0.48,0
13.99,0.00945063075179805,0.52,0.52,0.48,0
14,0.00951056516295153,0.52,0.52,0.48,0
14.01,0.0095671205155883,0.52,0.52,0.48,0
14.02,0.00962027671586085,0.52,0.52,0.48,0
14.03,0.00967001487762436,0.52,0.52,0.48,0
14.04,0.00971631732914674,0.52,0.52,0.48,0
14.05,0.00975916761938747,0.52,0.52,0.48,0
14.06,0.00979855052384247,0.52,0.52,0.48,0
14.07,0.00983445204995329,0.52,0.52,0.48,0
14.08,0.00986685944207868,0.52,0.52,0.48,0
14.09,0.00989576118602651,0.52,0.52,0.48,0
14.1,0.00992114701314478,0.52,0.52,0.48,0
14.11,0.00994300790396999,0.52,0.52,0.48,0
14.12,0.00996133609143172,0.52,0.52,0.48,0
14.13,0.00997612506361225,0.52,0.52,0.48,0
14.14,0.00998736956606018,0.52,0.52,0.48,0
14.15,0.00999506560365731,0.52,0.52,0.48,0
14.16,0.00999921044203816,0.52,0.52,0.48,0
14.17,0.00999980260856137,0.52,0.52,0.48,0
14.18,0.009996841892833,0.52,0.52,0.48,0
14.19,0.00999032934678125,0.52,0.52,0.48,0
14.2,0.00998026728428272,0.52,0.52,0.48,0
14.21,0.0099666592803403,0.52,0.52,0.48,0
14.22,0.009949510169813,0.52,0.52,0.48,0
14.23,0.00992882604569814,0.52,0.52,0.48,0
14.24,0.00990461425696651,0.52,0.52,0.48,0
14.25,0.00987688340595138,0.52,0.52,0.48,0
14.26,0.00984564334529206,0.52,0.52,0.48,0
14.27,0.00981090517443334,0.52,0.52,0.48,0
14.28,0.00977268123568193,0.52,0.52,0.48,0
14.29,0.00973098510982126,0.52,0.52,0.48,0
14.3,0.00968583161128631,0.52,0.52,0.48,0
14.31,0.0096372367829001,0.52,0.52,0.48,0
14.32,0.00958521789017376,0.52,0.52,0.48,0
14.33,0.00952979341517219,0.52,0.52,0.48,0
14.34,0.00947098304994745,0.52,0.52,0.48,0
14.35,0.00940880768954227,0.52,0.52,0.48,0
14.36,0.00934328942456612,0.52,0.52,0.48,0
14.37,0.00927445153334661,0.52,0.52,0.48,0
14.38,0.0092023184736587,0.52,0.52,0.48,0
14.39,0.00912691587403503,0.52,0.52,0.48,0
14.4,0.0090482705246602,0.52,0.52,0.48,0
14.41,0.00896641036785236,0.52,0.52,0.48,0
14.42,0.00888136448813545,0.52,0.52,0.48,0
14.43,0.00879316310190557,0.52,0.52,0.48,0
14.44,0.00870183754669527,0.52,0.52,0.48,0
14.45,0.00860742027003944,0.52,0.52,0.48,0
14.46,0.00850994481794691,0.52,0.52,0.48,0
14.47,0.00840944582298169,0.52,0.52,0.48,0
14.48,0.00830595899195813,0.52,0.52,0.48,0
14.49,0.00819952109325453,0.52,0.52,0.48,0
14.5,0.00809016994374949,0.52,0.52,0.48,0
14.51,0.00797794439538571,0.52,0.52,0.48,0
14.52,0.0078628843213662,0.52,0.52,0.48,0
14.53,0.00774503060198733,0.52,0.52,0.48,0
14.54,0.00762442511011448,0.52,0.52,0.48,0
14.55,0.00750111069630458,0.52,0.52,0.48,0
14.56,0.00737513117358173,0.52,0.52,0.48,0
14.57,0.00724653130187047,0.52,0.52,0.48,0
14.58,0.00711535677209287,0.52,0.52,0.48,0
14.59,0.00698165418993475,0.52,0.52,0.48,0
14.6,0.00684547105928689,0.52,0.52,0.48,0
14.61,0.00670685576536721,0.52,0.52,0.48,0
14.62,0.00656585755752956,0.52,0.52,0.48,0
14.63,0.00642252653176585,0.52,0.52,0.48,0
14.64,0.00627691361290702,0.52,0.52,0.48,0
14.65,0.00612907053652976,0.52,0.52,0.48,0
14.66,0.00597904983057519,0.52,0.52,0.48,0
14.67,0.00582690479668577,0.52,0.52,0.48,0
14.68,0.00567268949126759,0.52,0.52,0.48,0
14.69,0.0055164587062843,0.52,0.52,0.48,0
14.7,0.00535826794978995,0.52,0.52,0.48,0
14.71,0.00519817342620709,0.52,0.52,0.48,0
14.72,0.00503623201635761,0.52,0.52,0.48,0
14.73,0.00487250125725334,0.52,0.52,0.48,0
14.74,0.00470703932165332,0.52,0.52,0.48,0
14.75,0.00453990499739547,0.52,0.52,0.48,0
14.76,0.00437115766650934,0.52,0.52,0.48,0
14.77,0.00420085728411809,0.52,0.52,0.48,0
14.78,0.00402906435713663,0.52,0.52,0.48,0
14.79,0.00385583992277394,0.52,0.52,0.48,0
14.8,0.00368124552684677,0.52,0.52,0.48,0
14.81,0.00350534320191259,0.52,0.52,0.48,0
14.82,0.00332819544522988,0.52,0.52,0.48,0
14.83,0.00314986519655307,0.52,0.52,0.48,0
14.84,0.00297041581577035,0.52,0.52,0.48,0
14.85,0.0027899110603923,0.52,0.52,0.48,0
14.86,0.00260841506289899,0.52,0.52,0.48,0
14.87,0.00242599230795408,0.52,0.52,0.48,0
14.88,0.00224270760949382,0.52,0.52,0.48,0
14.89,0.0020586260876988,0.52,0.52,0.48,0
14.9,0.00187381314585725,0.52,0.52,0.48,0
14.91,0.00168833444712735,0.52,0.52,0.48,0
14.92,0.00150225589120759,0.52,0.52,0.48,0
14.93,0.00131564359092283,0.52,0.52,0.48,0
14.94,0.00112856384873483,0.52,0.52,0.48,0
14.95,0.000941083133185131,0.52,0.52,0.48,0
14.96,0.000753268055279327,0.52,0.52,0.48,0
14.97,0.000565185344820257,0.52,0.52,0.48,0
14.98,0.000376901826699333,0.52,0.52,0.48,0
14.99,0.000188484397154081,0.52,0.52,0.48,0
15,1.10218211923262e-17,0.52,0.52,0.48,0
15.01,-0.000188484397154059,0.52,0.52,0.48,0
15.02,-0.000376901826699311,0.52,0.52,0.48,0
15.03,-0.00056518534482027,0.52,0.52,0.48,0
15.04,-0.00075326805527934,0.52,0.52,0.48,0
15.05,-0.000941083133185145,0.52,0.52,0.48,0
15.06,-0.00112856384873481,0.52,0.52,0.48,0
15.07,-0.0013156435909228,0.52,0.52,0.48,0
15.08,-0.00150225589120757,0.52,0.52,0.48,0
15.09,-0.00168833444712733,0.52,0.52,0.48,0
15.1,-0.00187381314585722,0.52,0.52,0.48,0
15.11,-0.00205862608769878,0.52,0.52,0.48,0
15.12,-0.0022427076094938,0.52,0.52,0.48,0
15.13,-0.00242599230795409,0.52,0.52,0.48,0
15.14,-0.00260841506289897,0.52,0.52,0.48,0
15.15,-0.00278991106039228,0.52,0.52,0.48,0
15.16,-0.00297041581577033,0.52,0.52,0.48,0
15.17,-0.00314986519655305,0.52,0.52,0.48,0
15.18,-0.00332819544522986,0.52,0.52,0.48,0
15.19,-0.00350534320191257,0.52,0.52,0.48,0
15.2,-0.00368124552684678,0.52,0.52,0.48,0
15.21,-0.00385583992277396,0.52,0.52,0.48,0
15.22,-0.00402906435713664,0.52,0.52,0.48,0
15.23,-0.00420085728411807,0.52,0.52,0.48,0
15.24,-0.00437115766650932,0.52,0.52,0.48,0
15.25,-0.00453990499739545,0.52,0.52,0.48,0
15.26,-0.0047070393216533,0.52,0.52,0.48,0
15.27,-0.00487250125725332,0.52,0.52,0.48,0
15.28,-0.00503623201635762,0.52,0.52,0.48,0
15.29,-0.0051981734262071,0.52,0.52,0.48,0
15.3,-0.00535826794978996,0.52,0.52,0.48,0
15.31,-0.00551645870628429,0.52,0.52,0.48,0
15.32,-0.00567268949126757,0.52,0.52,0.48,0
15.33,-0.00582690479668575,0.52,0.52,0.48,0
15.34,-0.00597904983057517,0.52,0.52,0.48,0
15.35,-0.00612907053652974,0.52,0.52,0.48,0
15.36,-0.006276913612907,0.52,0.52,0.48,0
15.37,-0.00642252653176586,0.52,0.52,0.48,0
15.38,-0.00656585755752957,0.52,0.52,0.48,0
15.39,-0.0067068557653672,0.52,0.52,0.48,0
15.4,-0.00684547105928687,0.52,0.52,0.48,0
15.41,-0.00698165418993473,0.52,0.52,0.48,0
15.42,-0.00711535677209285,0.52,0.52,0.48,0
15.43,-0.00724653130187045,0.52,0.52,0.48,0
15.44,-0.00737513117358172,0.52,0.52,0.48,0
15.45,-0.00750111069630459,0.52,0.52,0.48,0
15.46,-0.00762442511011449,0.52,0.52,0.48,0
15.47,-0.00774503060198734,0.52,0.52,0.48,0
15.48,-0.00786288432136619,0.52,0.52,0.48,0
15.49,-0.0079779443953857,0.52,0.52,0.48,0
15.5,-0.00809016994374948,0.52,0.52,0.48,0
15.51,-0.00819952109325452,0.52,0.52,0.48,0
15.52,-0.00830595899195812,0.52,0.52,0.48,0
15.53,-0.00840944582298169,0.52,0.52,0.48,0
15.54,-0.00850994481794692,0.52,0.52,0.48,0
15.55,-0.00860742027003945,0.52,0.52,0.48,0
15.56,-0.00870183754669526,0.52,0.52,0.48,0
15.57,-0.00879316310190556,0.52,0.52,0.48,0
15.58,-0.00888136448813544,0.52,0.52,0.48,0
15.59,-0.00896641036785235,0.52,0.52,0.48,0
15.6,-0.00904827052466019,0.52,0.52,0.48,0
15.61,-0.00912691587403504,0.52,0.52,0.48,0
15.62,-0.00920231847365871,0.52,0.52,0.48,0
15.63,-0.00927445153334661,0.52,0.52,0.48,0
15.64,-0.00934328942456611,0.52,0.52,0.48,0
15.65,-0.00940880768954226,0.52,0.52,0.48,0
15.66,-0.00947098304994744,0.52,0.52,0.48,0
15.67,-0.00952979341517218,0.52,0.52,0.48,0
15.68,-0.00958521789017375,0.52,0.52,0.48,0
15.69,-0.0096372367829001,0.52,0.52,0.48,0
15.7,-0.00968583161128632,0.52,0.52,0.48,0
15.71,-0.00973098510982127,0.52,0.52,0.48,0
15.72,-0.00977268123568193,0.52,0.52,0.48,0
15.73,-0.00981090517443334,0.52,0.52,0.48,0
15.74,-0.00984564334529206,0.52,0.52,0.48,0
15.75,-0.00987688340595138,0.52,0.52,0.48,0
15.76,-0.00990461425696651,0.52,0.52,0.48,0
15.77,-0.00992882604569813,0.52,0.52,0.48,0
15.78,-0.009949510169813,0.52,0.52,0.48,0
15.79,-0.0099666592803403,0.52,0.52,0.48,0
15.8,-0.00998026728428272,0.52,0.52,0.48,0
15.81,-0.00999032934678125,0.52,0.52,0.48,0
15.82,-0.009996841892833,0.52,0.52,0.48,0
15.83,-0.00999980260856137,0.52,0.52,0.48,0
15.84,-0.00999921044203816,0.52,0.52,0.48,0
15.85,-0.00999506560365732,0.52,0.52,0.48,0
15.86,-0.00998736956606018,0.52,0.52,0.48,0
15.87,-0.00997612506361225,0.52,0.52,0.48,0
15.88,-0.00996133609143173,0.52,0.52,0.48,0
15.89,-0.00994300790396999,0.52,0.52,0.48,0
15.9,-0.00992114701314478,0.52,0.52,0.48,0
15.91,-0.00989576118602651,0.52,0.52,0.48,0
15.92,-0.00986685944207868,0.52,0.52,0.48,0
15.93,-0.0098344520499533,0.52,0.52,0.48,0
15.94,-0.00979855052384247,0.52,0.52,0.48,0
15.95,-0.00975916761938747,0.52,0.52,0.48,0
15.96,-0.00971631732914674,0.52,0.52,0.48,0
15.97,-0.00967001487762435,0.52,0.52,0.48,0
15.98,-0.00962027671586086,0.52,0.52,0.48,0
15.99,-0.0095671205155883,0.52,0.52,0.48,0
16,-0.00951056516295154,0.52,0.52,0.48,0
16.01,-0.00945063075179805,0.52,0.52,0.48,0
16.02,-0.00938733857653875,0.52,0.52,0.48,0
16.03,-0.0093207111245821,0.52,0.52,0.48,0
16.04,-0.00925077206834459,0.52,0.52,0.48,0
16.05,-0.00917754625683981,0.52,0.52,0.48,0
16.06,-0.00910105970684998,0.52,0.52,0.48,0
16.07,-0.00902133959368204,0.52,0.52,0.48,0
16.08,-0.00893841424151262,0.52,0.52,0.48,0
16.09,-0.00885231311332456,0.52,0.52,0.48,0
16.1,-0.00876306680043863,0.52,0.52,0.48,0
16.11,-0.00867070701164492,0.52,0.52,0.48,0
16.12,-0.00857526656193653,0.52,0.52,0.48,0
16.13,-0.00847677936085084,0.52,0.52,0.48,0
16.14,-0.00837528040042142,0.52,0.52,0.48,0
16.15,-0.00827080574274564,0.52,0.52,0.48,0
16.16,-0.00816339250717185,0.52,0.52,0.48,0
16.17,-0.0080530788571112,0.52,0.52,0.48,0
16.18,-0.00793990398647836,0.52,0.52,0.48,0
16.19,-0.00782390810576587,0.52,0.52,0.48,0
16.2,-0.00770513242775791,0.52,0.52,0.48,0
16.21,-0.00758361915288722,0.52,0.52,0.48,0
16.22,-0.00745941145424184,0.52,0.52,0.48,0
16.23,-0.0073325534622256,0.52,0.52,0.48,0
16.24,-0.00720309024887905,0.52,0.52,0.48,0
16.25,-0.00707106781186549,0.52,0.52,0.48,0
16.26,-0.00693653305812805,0.52,0.52,0.48,0
16.27,-0.0067995337872242,0.52,0.52,0.48,0
16.28,-0.00666011867434251,0.52,0.52,0.48,0
16.29,-0.00651833725300881,0.52,0.52,0.48,0
16.3,-0.0063742398974869,0.52,0.52,0.48,0
16.31,-0.00622787780488114,0.52,0.52,0.48,0
16.32,-0.00607930297694605,0.52,0.52,0.48,0
16.33,-0.00592856820161057,0.52,0.52,0.48,0
16.34,-0.00577572703422269,0.52,0.52,0.48,0
16.35,-0.0056208337785213,0.52,0.52,0.48,0
16.36,-0.0054639434673427,0.52,0.52,0.48,0
16.37,-0.00530511184306733,0.52,0.52,0.48,0
16.38,-0.00514439533781509,0.52,0.52,0.48,0
16.39,-0.00498185105339492,0.52,0.52,0.48,0
16.4,-0.0048175367410172,0.52,0.52,0.48,0
16.41,-0.00465151078077458,0.52,0.52,0.48,0
16.42,-0.0044838321609003,0.52,0.52,0.48,0
16.43,-0.00431456045680961,0.52,0.52,0.48,0
16.44,-0.00414375580993284,0.52,0.52,0.48,0
16.45,-0.00397147890634785,0.52,0.52,0.48,0
16.46,-0.003797790955218,0.52,0.52,0.48,0
16.47,-0.00362275366704549,0.52,0.52,0.48,0
16.48,-0.00344642923174518,0.52,0.52,0.48,0
16.49,-0.00326888029654941,0.52,0.52,0.48,0
16.5,-0.0030901699437495,0.52,0.52,0.48,0
16.51,-0.00291036166828269,0.52,0.52,0.48,0
16.52,-0.00272951935517327,0.52,0.52,0.48,0
16.53,-0.00254770725683382,0.52,0.52,0.48,0
16.54,-0.00236498997023729,0.52,0.52,0.48,0
16.55,-0.00218143241396541,0.52,0.52,0.48,0
16.56,-0.0019970998051441,0.52,0.52,0.48,0
16.57,-0.00181205763627138,0.52,0.52,0.48,0
16.58,-0.00162637165194882,0.52,0.52,0.48,0
16.59,-0.00144010782552255,0.52,0.52,0.48,0
16.6,-0.00125333233564301,0.52,0.52,0.48,0
16.61,-0.00106611154275262,0.52,0.52,0.48,0
16.62,-0.000878511965507425,0.52,0.52,0.48,0
16.63,-0.000690600257144098,0.52,0.52,0.48,0
16.64,-0.000502443181797712,0.52,0.52,0.48,0
16.65,-0.000314107590781311,0.52,0.52,0.48,0
16.66,-0.000125660398833531,0.52,0.52,0.48,0
16.67,6.28314396556089e-05,0.52,0.52,0.48,0
16.68,0.000251300954433347,0.52,0.52,0.48,0
16.69,0.000439681183178645,0.52,0.52,0.48,0
16.7,0.000627905195293118,0.52,0.52,0.48,0
16.71,0.000815906115681583,0.52,0.52,0.48,0
16.72,0.00100361714851211,0.52,0.52,0.48,0
16.73,0.00119097160094868,0.52,0.52,0.48,0
16.74,0.00137790290684639,0.52,0.52,0.48,0
16.75,0.00156434465040231,0.52,0.52,0.48,0
16.76,0.00175023058975278,0.52,0.52,0.48,0
16.77,0.00193549468050858,0.52,0.52,0.48,0
16.78,0.00212007109922054,0.52,0.52,0.48,0
16.79,0.00230389426676589,0.52,0.52,0.48,0
16.8,0.00248689887164856,0.52,0.52,0.48,0
16.81,0.00266901989320372,0.52,0.52,0.48,0
16.82,0.00285019262469975,0.52,0.52,0.48,0
16.83,0.00303035269632775,0.52,0.52,0.48,0
16.84,0.00320943609807209,0.52,0.52,0.48,0
16.85,0.00338737920245293,0.52,0.52,0.48,0
16.86,0.00356411878713248,0.52,0.52,0.48,0
16.87,0.003739592057378,0.52,0.52,0.48,0
16.88,0.00391373666837201,0.52,0.52,0.48,0
16.89,0.0040864907473635,0.52,0.52,0.48,0
16.9,0.00425779291565069,0.52,0.52,0.48,0
16.91,0.004427582310389,0.52,0.52,0.48,0
16.92,0.00459579860621489,0.52,0.52,0.48,0
16.93,0.00476238203667939,0.52,0.52,0.48,0
16.94,0.00492727341548293,0.52,0.52,0.48,0
16.95,0.00509041415750369,0.52,0.52,0.48,0
16.96,0.00525174629961296,0.52,0.52,0.48,0
16.97,0.00541121252126872,0.52,0.52,0.48,0
16.98,0.00556875616488186,0.52,0.52,0.48,0
16.99,0.00572432125594591,0.52,0.52,0.48,0
17,0.00587785252292469,0.52,0.52,0.48,0
17.01,0.00602929541689028,0.52,0.52,0.48,0
17.02,0.00617859613090334,0.52,0.52,0.48,0
17.03,0.00632570161913126,0.52,0.52,0.48,0
17.04,0.00647055961569442,0.52,0.52,0.48,0
17.05,0.00661311865323652,0.52,0.52,0.48,0
17.06,0.00675332808121021,0.52,0.52,0.48,0
17.07,0.00689113808387347,0.52,0.52,0.48,0
17.08,0.00702649969798849,0.52,0.52,0.48,0
17.09,0.00715936483021828,0.52,0.52,0.48,0
17.1,0.00728968627421415,0.52,0.52,0.48,0
17.11,0.00741741772738739,0.52,0.52,0.48,0
17.12,0.00754251380736105,0.52,0.52,0.48,0
17.13,0.00766493006809348,0.52,0.52,0.48,0
17.14,0.00778462301567023,0.52,0.52,0.48,0
17.15,0.00790155012375692,0.52,0.52,0.48,0
17.16,0.00801566984870875,0.52,0.52,0.48,0
17.17,0.00812694164433094,0.52,0.52,0.48,0
17.18,0.00823532597628425,0.52,0.52,0.48,0
17.19,0.0083407843361317,0.52,0.52,0.48,0
17.2,0.00844327925502015,0.52,0.52,0.48,0
17.21,0.00854277431699296,0.52,0.52,0.48,0
17.22,0.00863923417192834,0.52,0.52,0.48,0
17.23,0.0087326245480992,0.52,0.52,0.48,0
17.24,0.00882291226434954,0.52,0.52,0.48,0
17.25,0.00891006524188367,0.52,0.52,0.48,0
17.26,0.00899405251566371,0.52,0.52,0.48,0
17.27,0.00907484424541115,0.52,0.52,0.48,0
17.28,0.00915241172620917,0.52,0.52,0.48,0
17.29,0.00922672739870115,0.52,0.52,0.48,0
17.3,0.00929776485888252,0.52,0.52,0.48,0
17.31,0.00936549886748192,0.52,0.52,0.48,0
17.32,0.00942990535892865,0.52,0.52,0.48,0
17.33,0.00949096144990295,0.52,0.52,0.48,0
17.34,0.00954864544746642,0.52,0.52,0.48,0
17.35,0.00960293685676943,0.52,0.52,0.48,0
17.36,0.00965381638833273,0.52,0.52,0.48,0
17.37,0.00970126596490105,0.52,0.52,0.48,0
17.38,0.00974526872786577,0.52,0.52,0.48,0
17.39,0.00978580904325473,0.52,0.52,0.48,0
17.4,0.0098228725072869,0.52,0.52,0.48,0
17.41,0.00985644595148998,0.52,0.52,0.48,0
17.42,0.00988651744737914,0.52,0.52,0.48,0
17.43,0.00991307631069506,0.52,0.52,0.48,0
17.44,0.00993611310520008,0.52,0.52,0.48,0
17.45,0.0099556196460308,0.52,0.52,0.48,0
17.46,0.00997158900260614,0.52,0.52,0.48,0
17.47,0.00998401550108975,0.52,0.52,0.48,0
17.48,0.00999289472640589,0.52,0.52,0.48,0
17.49,0.00999822352380809,0.52,0.52,0.48,0
17.5,0.01,0.52,0.52,0.48,0
17.51,0.00999822352380809,0.52,0.52,0.48,0
17.52,0.00999289472640589,0.52,0.52,0.48,0
17.53,0.00998401550108975,0.52,0.52,0.48,0
17.54,0.00997158900260614,0.52,0.52,0.48,0
17.55,0.0099556196460308,0.52,0.52,0.48,0
17.56,0.00993611310520009,0.52,0.52,0.48,0
17.57,0.00991307631069507,0.52,0.52,0.48,0
17.58,0.00988651744737913,0.52,0.52,0.48,0
17.59,0.00985644595148998,0.52,0.52,0.48,0
17.6,0.00982287250728688,0.52,0.52,0.48,0
17.61,0.00978580904325473,0.52,0.52,0.48,0
17.62,0.00974526872786577,0.52,0.52,0.48,0
17.63,0.00970126596490107,0.52,0.52,0.48,0
17.64,0.00965381638833274,0.52,0.52,0.48,0
17.65,0.00960293685676943,0.52,0.52,0.48,0
17.66,0.00954864544746644,0.52,0.52,0.48,0
17.67,0.00949096144990293,0.52,0.52,0.48,0
17.68,0.00942990535892864,0.52,0.52,0.48,0
17.69,0.00936549886748191,0.52,0.52,0.48,0
17.7,0.00929776485888252,0.52,0.52,0.48,0
17.71,0.00922672739870115,0.52,0.52,0.48,0
17.72,0.00915241172620919,0.52,0.52,0.48,0
17.73,0.00907484424541118,0.52,0.52,0.48,0
17.74,0.00899405251566371,0.52,0.52,0.48,0
17.75,0.0089100652418837,0.52,0.52,0.48,0
17.76,0.00882291226434954,0.52,0.52,0.48,0
17.77,0.0087326245480992,0.52,0.52,0.48,0
17.78,0.00863923417192834,0.52,0.52,0.48,0
17.79,0.00854277431699296,0.52,0.52,0.48,0
17.8,0.00844327925502015,0.52,0.52,0.48,0
17.81,0.00834078433613173,0.52,0.52,0.48,0
17.82,0.00823532597628428,0.52,0.52,0.48,0
17.83,0.00812694164433093,0.52,0.52,0.48,0
17.84,0.00801566984870879,0.52,0.52,0.48,0
17.85,0.00790155012375691,0.52,0.52,0.48,0
17.86,0.00778462301567023,0.52,0.52,0.48,0
17.87,0.00766493006809348,0.52,0.52,0.48,0
17.88,0.00754251380736105,0.52,0.52,0.48,0
17.89,0.00741741772738739,0.52,0.52,0.48,0
17.9,0.00728968627421409,0.52,0.52,0.48,0
17.91,0.00715936483021832,0.52,0.52,0.48,0
17.92,0.00702649969798849,0.52,0.52,0.48,0
17.93,0.00689113808387351,0.52,0.52,0.48,0
17.94,0.00675332808121025,0.52,0.52,0.48,0
17.95,0.00661311865323656,0.52,0.52,0.48,0
17.96,0.00647055961569442,0.52,0.52,0.48,0
17.97,0.00632570161913126,0.52,0.52,0.48,0
17.98,0.00617859613090334,0.52,0.52,0.48,0
17.99,0.00602929541689022,0.52,0.52,0.48,0
18,0.00587785252292474,0.52,0.52,0.48,0
18.01,0.0057243212559459,0.52,0.52,0.48,0
18.02,0.00556875616488191,0.52,0.52,0.48,0
18.03,0.00541121252126877,0.52,0.52,0.48,0
18.04,0.00525174629961301,0.52,0.52,0.48,0
18.05,0.00509041415750368,0.52,0.52,0.48,0
18.06,0.00492727341548293,0.52,0.52,0.48,0
18.07,0.00476238203667938,0.52,0.52,0.48,0
18.08,0.00459579860621485,0.52,0.52,0.48,0
18.09,0.00442758231038903,0.52,0.52,0.48,0
18.1,0.00425779291565072,0.52,0.52,0.48,0
18.11,0.00408649074736352,0.52,0.52,0.48,0
18.12,0.00391373666837204,0.52,0.52,0.48,0
18.13,0.00373959205737806,0.52,0.52,0.48,0
18.14,0.00356411878713254,0.52,0.52,0.48,0
18.15,0.00338737920245286,0.52,0.52,0.48,0
18.16,0.00320943609807208,0.52,0.52,0.48,0
18.17,0.00303035269632771,0.52,0.52,0.48,0
18.18,0.00285019262469977,0.52,0.52,0.48,0
18.19,0.00266901989320374,0.52,0.52,0.48,0
18.2,0.00248689887164858,0.52,0.52,0.48,0
18.21,0.00230389426676592,0.52,0.52,0.48,0
18.22,0.0021200710992206,0.52,0.52,0.48,0
18.23,0.00193549468050864,0.52,0.52,0.48,0
18.24,0.00175023058975277,0.52,0.52,0.48,0
18.25,0.0015643446504023,0.52,0.52,0.48,0
18.26,0.00137790290684634,0.52,0.52,0.48,0
18.27,0.00119097160094871,0.52,0.52,0.48,0
18.28,0.00100361714851214,0.52,0.52,0.48,0
18.29,0.000815906115681609,0.52,0.52,0.48,0
18.3,0.000627905195293144,0.52,0.52,0.48,0
18.31,0.000439681183178706,0.52,0.52,0.48,0
18.32,0.000251300954433408,0.52,0.52,0.48,0
18.33,6.28314396555991e-05,0.52,0.52,0.48,0
18.34,-0.00012566039883354,0.52,0.52,0.48,0
18.35,-0.000314107590781321,0.52,0.52,0.48,0
18.36,-0.000502443181797686,0.52,0.52,0.48,0
18.37,-0.000690600257144073,0.52,0.52,0.48,0
18.38,-0.000878511965507399,0.52,0.52,0.48,0
18.39,-0.00106611154275259,0.52,0.52,0.48,0
18.4,-0.00125333233564306,0.52,0.52,0.48,0
18.41,-0.00144010782552249,0.52,0.52,0.48,0
18.42,-0.00162637165194883,0.52,0.52,0.48,0
18.43,-0.00181205763627139,0.52,0.52,0.48,0
18.44,-0.00199709980514411,0.52,0.52,0.48,0
18.45,-0.00218143241396542,0.52,0.52,0.48,0
18.46,-0.00236498997023726,0.52,0.52,0.48,0
18.47,-0.00254770725683379,0.52,0.52,0.48,0
18.48,-0.00272951935517325,0.52,0.52,0.48,0
18.49,-0.00291036166828273,0.52,0.52,0.48,0
18.5,-0.00309016994374944,0.52,0.52,0.48,0
18.51,-0.00326888029654942,0.52,0.52,0.48,0
18.52,-0.00344642923174512,0.52,0.52,0.48,0
18.53,-0.00362275366704549,0.52,0.52,0.48,0
18.54,-0.003797790955218,0.52,0.52,0.48,0
18.55,-0.00397147890634782,0.52,0.52,0.48,0
18.56,-0.00414375580993281,0.52,0.52,0.48,0
18.57,-0.00431456045680958,0.52,0.52,0.48,0
18.58,-0.00448383216090034,0.52,0.52,0.48,0
18.59,-0.00465151078077456,0.52,0.52,0.48,0
18.6,-0.00481753674101715,0.52,0.52,0.48,0
18.61,-0.00498185105339486,0.52,0.52,0.48,0
18.62,-0.00514439533781504,0.52,0.52,0.48,0
18.63,-0.00530511184306734,0.52,0.52,0.48,0
18.64,-0.00546394346734271,0.52,0.52,0.48,0
18.65,-0.00562083377852134,0.52,0.52,0.48,0
18.66,-0.00577572703422267,0.52,0.52,0.48,0
18.67,-0.00592856820161061,0.52,0.52,0.48,0
18.68,-0.00607930297694603,0.52,0.52,0.48,0
18.69,-0.00622787780488112,0.52,0.52,0.48,0
18.7,-0.00637423989748686,0.52,0.52,0.48,0
18.71,-0.00651833725300877,0.52,0.52,0.48,0
18.72,-0.00666011867434251,0.52,0.52,0.48,0
18.73,-0.00679953378722421,0.52,0.52,0.48,0
18.74,-0.00693653305812808,0.52,0.52,0.48,0
18.75,-0.00707106781186547,0.52,0.52,0.48,0
18.76,-0.00720309024887908,0.52,0.52,0.48,0
18.77,-0.00733255346222558,0.52,0.52,0.48,0
18.78,-0.00745941145424182,0.52,0.52,0.48,0
18.79,-0.00758361915288718,0.52,0.52,0.48,0
18.8,-0.00770513242775788,0.52,0.52,0.48,0
18.81,-0.00782390810576588,0.52,0.52,0.48,0
18.82,-0.00793990398647837,0.52,0.52,0.48,0
18.83,-0.00805307885711124,0.52,0.52,0.48,0
18.84,-0.00816339250717184,0.52,0.52,0.48,0
18.85,-0.00827080574274563,0.52,0.52,0.48,0
18.86,-0.0083752804004214,0.52,0.52,0.48,0
18.87,-0.00847677936085083,0.52,0.52,0.48,0
18.88,-0.0085752665619365,0.52,0.52,0.48,0
18.89,-0.00867070701164489,0.52,0.52,0.48,0
18.9,-0.00876306680043864,0.52,0.52,0.48,0
18.91,-0.00885231311332456,0.52,0.52,0.48,0
18.92,-0.00893841424151266,0.52,0.52,0.48,0
18.93,-0.00902133959368203,0.52,0.52,0.48,0
18.94,-0.00910105970684997,0.52,0.52,0.48,0
18.95,-0.0091775462568398,0.52,0.52,0.48,0
18.96,-0.00925077206834458,0.52,0.52,0.48,0
18.97,-0.00932071112458209,0.52,0.52,0.48,0
18.98,-0.00938733857653873,0.52,0.52,0.48,0
18.99,-0.00945063075179805,0.52,0.52,0.48,0
19,-0.00951056516295154,0.52,0.52,0.48,0
19.01,-0.00956712051558832,0.52,0.52,0.48,0
19.02,-0.00962027671586086,0.52,0.52,0.48,0
19.03,-0.00967001487762436,0.52,0.52,0.48,0
19.04,-0.00971631732914673,0.52,0.52,0.48,0
19.05,-0.00975916761938747,0.52,0.52,0.48,0
19.06,-0.00979855052384246,0.52,0.52,0.48,0
19.07,-0.00983445204995329,0.52,0.52,0.48,0
19.08,-0.00986685944207868,0.52,0.52,0.48,0
19.09,-0.0098957611860265,0.52,0.52,0.48,0
19.1,-0.00992114701314478,0.52,0.52,0.48,0
19.11,-0.00994300790396999,0.52,0.52,0.48,0
19.12,-0.00996133609143173,0.52,0.52,0.48,0
19.13,-0.00997612506361225,0.52,0.52,0.48,0
19.14,-0.00998736956606018,0.52,0.52,0.48,0
19.15,-0.00999506560365732,0.52,0.52,0.48,0
19.16,-0.00999921044203816,0.52,0.52,0.48,0
19.17,-0.00999980260856137,0.52,0.52,0.48,0
19.18,-0.009996841892833,0.52,0.52,0.48,0
19.19,-0.00999032934678125,0.52,0.52,0.48,0
19.2,-0.00998026728428272,0.52,0.52,0.48,0
19.21,-0.0099666592803403,0.52,0.52,0.48,0
19.22,-0.009949510169813,0.52,0.52,0.48,0
19.23,-0.00992882604569814,0.52,0.52,0.48,0
19.24,-0.00990461425696651,0.52,0.52,0.48,0
19.25,-0.00987688340595138,0.52,0.52,0.48,0
19.26,-0.00984564334529205,0.52,0.52,0.48,0
19.27,-0.00981090517443335,0.52,0.52,0.48,0
19.28,-0.00977268123568194,0.52,0.52,0.48,0
19.29,-0.00973098510982127,0.52,0.52,0.48,0
19.3,-0.00968583161128631,0.52,0.52,0.48,0
19.31,-0.0096372367829001,0.52,0.52,0.48,0
19.32,-0.00958521789017376,0.52,0.52,0.48,0
19.33,-0.00952979341517218,0.52,0.52,0.48,0
19.34,-0.00947098304994745,0.52,0.52,0.48,0
19.35,-0.00940880768954225,0.52,0.52,0.48,0
19.36,-0.00934328942456614,0.52,0.52,0.48,0
19.37,-0.00927445153334662,0.52,0.52,0.48,0
19.38,-0.0092023184736587,0.52,0.52,0.48,0
19.39,-0.00912691587403502,0.52,0.52,0.48,0
19.4,-0.00904827052466018,0.52,0.52,0.48,0
19.41,-0.00896641036785236,0.52,0.52,0.48,0
19.42,-0.00888136448813543,0.52,0.52,0.48,0
19.43,-0.00879316310190557,0.52,0.52,0.48,0
19.44,-0.00870183754669526,0.52,0.52,0.48,0
19.45,-0.00860742027003946,0.52,0.52,0.48,0
19.46,-0.00850994481794693,0.52,0.52,0.48,0
19.47,-0.00840944582298173,0.52,0.52,0.48,0
19.48,-0.00830595899195811,0.52,0.52,0.48,0
19.49,-0.00819952109325449,0.52,0.52,0.48,0
19.5,-0.00809016994374947,0.52,0.52,0.48,0
19.51,-0.00797794439538569,0.52,0.52,0.48,0
19.52,-0.0078628843213662,0.52,0.52,0.48,0
19.53,-0.00774503060198734,0.52,0.52,0.48,0
19.54,-0.00762442511011451,0.52,0.52,0.48,0
19.55,-0.00750111069630461,0.52,0.52,0.48,0
19.56,-0.00737513117358178,0.52,0.52,0.48,0
19.57,-0.0072465313018705,0.52,0.52,0.48,0
19.58,-0.00711535677209282,0.52,0.52,0.48,0
19.59,-0.00698165418993472,0.52,0.52,0.48,0
19.6,-0.00684547105928687,0.52,0.52,0.48,0
19.61,-0.00670685576536721,0.52,0.52,0.48,0
19.62,-0.00656585755752956,0.52,0.52,0.48,0
19.63,-0.00642252653176588,0.52,0.52,0.48,0
19.64,-0.00627691361290702,0.52,0.52,0.48,0
19.65,-0.00612907053652976,0.52,0.52,0.48,0
19.66,-0.00597904983057522,0.52,0.52,0.48,0
19.67,-0.00582690479668572,0.52,0.52,0.48,0
19.68,-0.00567268949126756,0.52,0.52,0.48,0
19.69,-0.00551645870628428,0.52,0.52,0.48,0
19.7,-0.00535826794978998,0.52,0.52,0.48,0
19.71,-0.00519817342620709,0.52,0.52,0.48,0
19.72,-0.00503623201635765,0.52,0.52,0.48,0
19.73,-0.00487250125725334,0.52,0.52,0.48,0
19.74,-0.00470703932165332,0.52,0.52,0.48,0
19.75,-0.0045399049973955,0.52,0.52,0.48,0
19.76,-0.00437115766650934,0.52,0.52,0.48,0
19.77,-0.00420085728411806,0.52,0.52,0.48,0
19.78,-0.0040290643571366,0.52,0.52,0.48,0
19.79,-0.00385583992277398,0.52,0.52,0.48,0
19.8,-0.00368124552684677,0.52,0.52,0.48,0
19.81,-0.00350534320191263,0.52,0.52,0.48,0
19.82,-0.00332819544522988,0.52,0.52,0.48,0
19.83,-0.00314986519655304,0.52,0.52,0.48,0
19.84,-0.00297041581577039,0.52,0.52,0.48,0
19.85,-0.00278991106039231,0.52,0.52,0.48,0
19.86,-0.00260841506289896,0.52,0.52,0.48,0
19.87,-0.00242599230795404,0.52,0.52,0.48,0
19.88,-0.00224270760949383,0.52,0.52,0.48,0
19.89,-0.00205862608769881,0.52,0.52,0.48,0
19.9,-0.00187381314585722,0.52,0.52,0.48,0
19.91,-0.00168833444712735,0.52,0.52,0.48,0
19.92,-0.00150225589120756,0.52,0.52,0.48,0
19.93,-0.00131564359092286,0.52,0.52,0.48,0
19.94,-0.00112856384873483,0.52,0.52,0.48,0
19.95,-0.000941083133185206,0.52,0.52,0.48,0
19.96,-0.000753268055279295,0.52,0.52,0.48,0
19.97,-0.00056518534482026,0.52,0.52,0.48,0
19.98,-0.000376901826699337,0.52,0.52,0.48,0
19.99,-0.000188484397154049,0.52,0.52,0.48,0
20,-1.46957615897682e-17,0.52,0.52,0.48,0
20.01,0.000188484397154091,0.52,0.52,0.48,0
20.02,0.000376901826699307,0.52,0.52,0.48,0
20.03,0.000565185344820231,0.52,0.52,0.48,0
20.04,0.000753268055279266,0.52,0.52,0.48,0
20.05,0.000941083133185176,0.52,0.52,0.48,0
20.06,0.0011285638487348,0.52,0.52,0.48,0
20.07,0.00131564359092283,0.52,0.52,0.48,0
20.08,0.0015022558912076,0.52,0.52,0.48,0
20.09,0.00168833444712733,0.52,0.52,0.48,0
20.1,0.00187381314585726,0.52,0.52,0.48,0
20.11,0.00205862608769878,0.52,0.52,0.48,0
20.12,0.0022427076094938,0.52,0.52,0.48,0
20.13,0.00242599230795402,0.52,0.52,0.48,0
20.14,0.00260841506289893,0.52,0.52,0.48,0
20.15,0.00278991106039235,0.52,0.52,0.48,0
20.16,0.00297041581577036,0.52,0.52,0.48,0
20.17,0.00314986519655308,0.52,0.52,0.48,0
20.18,0.00332819544522985,0.52,0.52,0.48,0
20.19,0.0035053432019126,0.52,0.52,0.48,0
20.2,0.00368124552684675,0.52,0.52,0.48,0
20.21,0.00385583992277395,0.52,0.52,0.48,0
20.22,0.00402906435713657,0.52,0.52,0.48,0
20.23,0.00420085728411803,0.52,0.52,0.48,0
20.24,0.00437115766650932,0.52,0.52,0.48,0
20.25,0.00453990499739548,0.52,0.52,0.48,0
20.26,0.00470703932165336,0.52,0.52,0.48,0
20.27,0.00487250125725331,0.52,0.52,0.48,0
20.28,0.00503623201635762,0.52,0.52,0.48,0
20.29,0.00519817342620706,0.52,0.52,0.48,0
20.3,0.00535826794978996,0.52,0.52,0.48,0
20.31,0.00551645870628425,0.52,0.52,0.48,0
20.32,0.00567268949126754,0.52,0.52,0.48,0
20.33,0.00582690479668575,0.52,0.52,0.48,0
20.34,0.0059790498305752,0.52,0.52,0.48,0
20.35,0.00612907053652979,0.52,0.52,0.48,0
20.36,0.006276913612907,0.52,0.52,0.48,0
20.37,0.00642252653176585,0.52,0.52,0.48,0
20.38,0.00656585755752954,0.52,0.52,0.48,0
20.39,0.00670685576536719,0.52,0.52,0.48,0
20.4,0.0068454710592869,0.52,0.52,0.48,0
20.41,0.0069816541899347,0.52,0.52,0.48,0
20.42,0.00711535677209285,0.52,0.52,0.48,0
20.43,0.00724653130187048,0.52,0.52,0.48,0
20.44,0.00737513117358176,0.52,0.52,0.48,0
20.45,0.00750111069630459,0.52,0.52,0.48,0
20.46,0.00762442511011449,0.52,0.52,0.48,0
20.47,0.00774503060198732,0.52,0.52,0.48,0
20.48,0.00786288432136618,0.52,0.52,0.48,0
20.49,0.00797794439538572,0.52,0.52,0.48,0
20.5,0.00809016994374945,0.52,0.52,0.48,0
20.51,0.00819952109325452,0.52,0.52,0.48,0
20.52,0.00830595899195809,0.52,0.52,0.48,0
20.53,0.00840944582298171,0.52,0.52,0.48,0
20.54,0.00850994481794691,0.52,0.52,0.48,0
20.55,0.00860742027003944,0.52,0.52,0.48,0
20.56,0.00870183754669524,0.52,0.52,0.48,0
20.57,0.00879316310190556,0.52,0.52,0.48,0
20.58,0.00888136448813545,0.52,0.52,0.48,0
20.59,0.00896641036785235,0.52,0.52,0.48,0
20.6,0.00904827052466019,0.52,0.52,0.48,0
20.61,0.00912691587403501,0.52,0.52,0.48,0
20.62,0.00920231847365869,0.52,0.52,0.48,0
20.63,0.00927445153334661,0.52,0.52,0.48,0
20.64,0.00934328942456613,0.52,0.52,0.48,0
20.65,0.00940880768954227,0.52,0.52,0.48,0
20.66,0.00947098304994744,0.52,0.52,0.48,0
20.67,0.00952979341517219,0.52,0.52,0.48,0
20.68,0.00958521789017375,0.52,0.52,0.48,0
20.69,0.0096372367829001,0.52,0.52,0.48,0
20.7,0.0096858316112863,0.52,0.52,0.48,0
20.71,0.00973098510982126,0.52,0.52,0.48,0
20.72,0.00977268123568193,0.52,0.52,0.48,0
20.73,0.00981090517443334,0.52,0.52,0.48,0
20.74,0.00984564334529206,0.52,0.52,0.48,0
20.75,0.00987688340595138,0.52,0.52,0.48,0
20.76,0.00990461425696651,0.52,0.52,0.48,0
20.77,0.00992882604569813,0.52,0.52,0.48,0
20.78,0.009949510169813,0.52,0.52,0.48,0
20.79,0.00996665928034029,0.52,0.52,0.48,0
20.8,0.00998026728428271,0.52,0.52,0.48,0
20.81,0.00999032934678125,0.52,0.52,0.48,0
20.82,0.009996841892833,0.52,0.52,0.48,0
20.83,0.00999980260856137,0.52,0.52,0.48,0
20.84,0.00999921044203816,0.52,0.52,0.48,0
20.85,0.00999506560365731,0.52,0.52,0.48,0
20.86,0.00998736956606018,0.52,0.52,0.48,0
20.87,0.00997612506361225,0.52,0.52,0.48,0
20.88,0.00996133609143173,0.52,0.52,0.48,0
20.89,0.00994300790396999,0.52,0.52,0.48,0
20.9,0.00992114701314478,0.52,0.52,0.48,0
20.91,0.00989576118602651,0.52,0.52,0.48,0
20.92,0.00986685944207867,0.52,0.52,0.48,0
20.93,0.0098344520499533,0.52,0.52,0.48,0
20.94,0.00979855052384247,0.52,0.52,0.48,0
20.95,0.00975916761938748,0.52,0.52,0.48,0
20.96,0.00971631732914674,0.52,0.52,0.48,0
20.97,0.00967001487762436,0.52,0.52,0.48,0
20.98,0.00962027671586087,0.52,0.52,0.48,0
20.99,0.0095671205155883,0.52,0.52,0.48,0
21,0.00951056516295155,0.52,0.52,0.48,0
21.01,0.00945063075179803,0.52,0.52,0.48,0
21.02,0.00938733857653874,0.52,0.52,0.48,0
21.03,0.0093207111245821,0.52,0.52,0.48,0
21.04,0.00925077206834459,0.52,0.52,0.48,0
21.05,0.00917754625683981,0.52,0.52,0.48,0
21.06,0.00910105970684998,0.52,0.52,0.48,0
21.07,0.00902133959368204,0.52,0.52,0.48,0
21.08,0.00893841424151264,0.52,0.52,0.48,0
21.09,0.00885231311332458,0.52,0.52,0.48,0
21.1,0.00876306680043861,0.52,0.52,0.48,0
21.11,0.0086707070116449,0.52,0.52,0.48,0
21.12,0.00857526656193651,0.52,0.52,0.48,0
21.13,0.00847677936085085,0.52,0.52,0.48,0
21.14,0.00837528040042142,0.52,0.52,0.48,0
21.15,0.00827080574274561,0.52,0.52,0.48,0
21.16,0.00816339250717185,0.52,0.52,0.48,0
21.17,0.00805307885711122,0.52,0.52,0.48,0
21.18,0.00793990398647838,0.52,0.52,0.48,0
21.19,0.0078239081057659,0.52,0.52,0.48,0
21.2,0.00770513242775789,0.52,0.52,0.48,0
21.21,0.0075836191528872,0.52,0.52,0.48,0
21.22,0.00745941145424184,0.52,0.52,0.48,0
21.23,0.0073325534622256,0.52,0.52,0.48,0
21.24,0.00720309024887905,0.52,0.52,0.48,0
21.25,0.00707106781186549,0.52,0.52,0.48,0
21.26,0.00693653305812805,0.52,0.52,0.48,0
21.27,0.00679953378722423,0.52,0.52,0.48,0
21.28,0.00666011867434253,0.52,0.52,0.48,0
21.29,0.00651833725300879,0.52,0.52,0.48,0
21.3,0.00637423989748688,0.52,0.52,0.48,0
21.31,0.00622787780488114,0.52,0.52,0.48,0
21.32,0.00607930297694605,0.52,0.52,0.48,0
21.33,0.00592856820161057,0.52,0.52,0.48,0
21.34,0.0057757270342227,0.52,0.52,0.48,0
21.35,0.00562083377852131,0.52,0.52,0.48,0
21.36,0.00546394346734273,0.52,0.52,0.48,0
21.37,0.00530511184306736,0.52,0.52,0.48,0
21.38,0.00514439533781506,0.52,0.52,0.48,0
21.39,0.00498185105339489,0.52,0.52,0.48,0
21.4,0.00481753674101711,0.52,0.52,0.48,0
21.41,0.00465151078077458,0.52,0.52,0.48,0
21.42,0.0044838321609003,0.52,0.52,0.48,0
21.43,0.00431456045680961,0.52,0.52,0.48,0
21.44,0.00414375580993284,0.52,0.52,0.48,0
21.45,0.00397147890634785,0.52,0.52,0.48,0
21.46,0.00379779095521803,0.52,0.52,0.48,0
21.47,0.00362275366704552,0.52,0.52,0.48,0
21.48,0.00344642923174515,0.52,0.52,0.48,0
21.49,0.00326888029654938,0.52,0.52,0.48,0
21.5,0.00309016994374947,0.52,0.52,0.48,0
21.51,0.00291036166828269,0.52,0.52,0.48,0
21.52,0.00272951935517327,0.52,0.52,0.48,0
21.53,0.00254770725683382,0.52,0.52,0.48,0
21.54,0.00236498997023729,0.52,0.52,0.48,0
21.55,0.00218143241396545,0.52,0.52,0.48,0
21.56,0.00199709980514414,0.52,0.52,0.48,0
21.57,0.00181205763627142,0.52,0.52,0.48,0
21.58,0.00162637165194879,0.52,0.52,0.48,0
21.59,0.00144010782552252,0.52,0.52,0.48,0
21.6,0.00125333233564302,0.52,0.52,0.48,0
21.61,0.00106611154275262,0.52,0.52,0.48,0
21.62,0.000878511965507428,0.52,0.52,0.48,0
21.63,0.000690600257144102,0.52,0.52,0.48,0
21.64,0.000502443181797716,0.52,0.52,0.48,0
21.65,0.000314107590781279,0.52,0.52,0.48,0
21.66,0.00012566039883357,0.52,0.52,0.48,0
21.67,-6.28314396556407e-05,0.52,0.52,0.48,0
21.68,-0.000251300954433379,0.52,0.52,0.48,0
21.69,-0.000439681183178677,0.52,0.52,0.48,0
21.7,-0.000627905195293114,0.52,0.52,0.48,0
21.71,-0.00081590611568158,0.52,0.52,0.48,0
21.72,-0.00100361714851211,0.52,0.52,0.48,0
21.73,-0.00119097160094868,0.52,0.52,0.48,0
21.74,-0.00137790290684639,0.52,0.52,0.48,0
21.75,-0.00156434465040227,0.52,0.52,0.48,0
21.76,-0.00175023058975274,0.52,0.52,0.48,0
21.77,-0.00193549468050861,0.52,0.52,0.48,0
21.78,-0.00212007109922057,0.52,0.52,0.48,0
21.79,-0.00230389426676589,0.52,0.52,0.48,0
21.8,-0.00248689887164855,0.52,0.52,0.48,0
21.81,-0.00266901989320372,0.52,0.52,0.48,0
21.82,-0.00285019262469974,0.52,0.52,0.48,0
21.83,-0.00303035269632775,0.52,0.52,0.48,0
21.84,-0.00320943609807206,0.52,0.52,0.48,0
21.85,-0.0033873792024529,0.52,0.52,0.48,0
21.86,-0.00356411878713251,0.52,0.52,0.48,0
21.87,-0.00373959205737803,0.52,0.52,0.48,0
21.88,-0.00391373666837201,0.52,0.52,0.48,0
21.89,-0.0040864907473635,0.52,0.52,0.48,0
21.9,-0.00425779291565075,0.52,0.52,0.48,0
21.91,-0.004427582310389,0.52,0.52,0.48,0
21.92,-0.00459579860621488,0.52,0.52,0.48,0
21.93,-0.00476238203667936,0.52,0.52,0.48,0
21.94,-0.0049272734154829,0.52,0.52,0.48,0
21.95,-0.00509041415750366,0.52,0.52,0.48,0
21.96,-0.00525174629961298,0.52,0.52,0.48,0
21.97,-0.00541121252126874,0.52,0.52,0.48,0
21.98,-0.00556875616488189,0.52,0.52,0.48,0
21.99,-0.00572432125594593,0.52,0.52,0.48,0
22,-0.00587785252292472,0.52,0.52,0.48,0
22.01,-0.00602929541689025,0.52,0.52,0.48,0
22.02,-0.00617859613090331,0.52,0.52,0.48,0
22.03,-0.00632570161913123,0.52,0.52,0.48,0
22.04,-0.00647055961569439,0.52,0.52,0.48,0
22.05,-0.00661311865323654,0.52,0.52,0.48,0
22.06,-0.00675332808121023,0.52,0.52,0.48,0
22.07,-0.00689113808387349,0.52,0.52,0.48,0
22.08,-0.00702649969798852,0.52,0.52,0.48,0
22.09,-0.0071593648302183,0.52,0.52,0.48,0
22.1,-0.00728968627421412,0.52,0.52,0.48,0
22.11,-0.00741741772738737,0.52,0.52,0.48,0
22.12,-0.00754251380736103,0.52,0.52,0.48,0
22.13,-0.00766493006809346,0.52,0.52,0.48,0
22.14,-0.00778462301567021,0.52,0.52,0.48,0
22.15,-0.00790155012375694,0.52,0.52,0.48,0
22.16,-0.00801566984870877,0.52,0.52,0.48,0
22.17,-0.00812694164433096,0.52,0.52,0.48,0
22.18,-0.00823532597628427,0.52,0.52,0.48,0
22.19,-0.00834078433613172,0.52,0.52,0.48,0
22.2,-0.00844327925502013,0.52,0.52,0.48,0
22.21,-0.00854277431699295,0.52,0.52,0.48,0
22.22,-0.00863923417192832,0.52,0.52,0.48,0
22.23,-0.00873262454809918,0.52,0.52,0.48,0
22.24,-0.00882291226434953,0.52,0.52,0.48,0
22.25,-0.00891006524188368,0.52,0.52,0.48,0
22.26,-0.00899405251566373,0.52,0.52,0.48,0
22.27,-0.00907484424541116,0.52,0.52,0.48,0
22.28,-0.00915241172620918,0.52,0.52,0.48,0
22.29,-0.00922672739870114,0.52,0.52,0.48,0
22.3,-0.00929776485888251,0.52,0.52,0.48,0
22.31,-0.0093654988674819,0.52,0.52,0.48,0
22.32,-0.00942990535892863,0.52,0.52,0.48,0
22.33,-0.00949096144990294,0.52,0.52,0.48,0
22.34,-0.00954864544746643,0.52,0.52,0.48,0
22.35,-0.00960293685676944,0.52,0.52,0.48,0
22.36,-0.00965381638833273,0.52,0.52,0.48,0
22.37,-0.00970126596490106,0.52,0.52,0.48,0
22.38,-0.00974526872786576,0.52,0.52,0.48,0
22.39,-0.00978580904325472,0.52,0.52,0.48,0
22.4,-0.00982287250728689,0.52,0.52,0.48,0
22.41,-0.00985644595148997,0.52,0.52,0.48,0
22.42,-0.00988651744737914,0.52,0.52,0.48,0
22.43,-0.00991307631069507,0.52,0.52,0.48,0
22.44,-0.00993611310520009,0.52,0.52,0.48,0
22.45,-0.0099556196460308,0.52,0.52,0.48,0
22.46,-0.00997158900260614,0.52,0.52,0.48,0
22.47,-0.00998401550108975,0.52,0.52,0.48,0
22.48,-0.00999289472640589,0.52,0.52,0.48,0
22.49,-0.00999822352380809,0.52,0.52,0.48,0
22.5,-0.01,0.52,0.52,0.48,0
22.51,-0.00999822352380809,0.52,0.52,0.48,0
22.52,-0.00999289472640589,0.52,0.52,0.48,0
22.53,-0.00998401550108975,0.52,0.52,0.48,0
22.54,-0.00997158900260614,0.52,0.52,0.48,0
22.55,-0.0099556196460308,0.52,0.52,0.48,0
22.56,-0.00993611310520009,0.52,0.52,0.48,0
22.57,-0.00991307631069507,0.52,0.52,0.48,0
22.58,-0.00988651744737914,0.52,0.52,0.48,0
22.59,-0.00985644595148999,0.52,0.52,0.48,0
22.6,-0.00982287250728689,0.52,0.52,0.48,0
22.61,-0.00978580904325473,0.52,0.52,0.48,0
22.62,-0.00974526872786578,0.52,0.52,0.48,0
22.63,-0.00970126596490106,0.52,0.52,0.48,0
22.64,-0.00965381638833273,0.52,0.52,0.48,0
22.65,-0.00960293685676942,0.52,0.52,0.48,0
22.66,-0.00954864544746643,0.52,0.52,0.48,0
22.67,-0.00949096144990294,0.52,0.52,0.48,0
22.68,-0.00942990535892865,0.52,0.52,0.48,0
22.69,-0.00936549886748193,0.52,0.52,0.48,0
22.7,-0.00929776485888253,0.52,0.52,0.48,0
22.71,-0.00922672739870116,0.52,0.52,0.48,0
22.72,-0.00915241172620918,0.52,0.52,0.48,0
22.73,-0.00907484424541116,0.52,0.52,0.48,0
22.74,-0.00899405251566369,0.52,0.52,0.48,0
22.75,-0.00891006524188368,0.52,0.52,0.48,0
22.76,-0.00882291226434953,0.52,0.52,0.48,0
22.77,-0.00873262454809922,0.52,0.52,0.48,0
22.78,-0.00863923417192836,0.52,0.52,0.48,0
22.79,-0.00854277431699298,0.52,0.52,0.48,0
22.8,-0.00844327925502017,0.52,0.52,0.48,0
22.81,-0.00834078433613172,0.52,0.52,0.48,0
22.82,-0.00823532597628427,0.52,0.52,0.48,0
22.83,-0.00812694164433092,0.52,0.52,0.48,0
22.84,-0.00801566984870877,0.52,0.52,0.48,0
22.85,-0.00790155012375689,0.52,0.52,0.48,0
22.86,-0.00778462301567025,0.52,0.52,0.48,0
22.87,-0.0076649300680935,0.52,0.52,0.48,0
22.88,-0.00754251380736107,0.52,0.52,0.48,0
22.89,-0.00741741772738741,0.52,0.52,0.48,0
22.9,-0.00728968627421412,0.52,0.52,0.48,0
22.91,-0.0071593648302183,0.52,0.52,0.48,0
22.92,-0.00702649969798846,0.52,0.52,0.48,0
22.93,-0.00689113808387349,0.52,0.52,0.48,0
22.94,-0.00675332808121023,0.52,0.52,0.48,0
22.95,-0.00661311865323654,0.52,0.52,0.48,0
22.96,-0.00647055961569445,0.52,0.52,0.48,0
22.97,-0.00632570161913129,0.52,0.52,0.48,0
22.98,-0.00617859613090337,0.52,0.52,0.48,0
22.99,-0.00602929541689025,0.52,0.52,0.48,0
23,-0.00587785252292472,0.52,0.52,0.48,0
23.01,-0.00572432125594587,0.52,0.52,0.48,0
23.02,-0.00556875616488188,0.52,0.52,0.48,0
23.03,-0.00541121252126874,0.52,0.52,0.48,0
23.04,-0.00525174629961298,0.52,0.52,0.48,0
23.05,-0.00509041415750372,0.52,0.52,0.48,0
23.06,-0.00492727341548296,0.52,0.52,0.48,0
23.07,-0.00476238203667942,0.52,0.52,0.48,0
23.08,-0.00459579860621488,0.52,0.52,0.48,0
23.09,-0.00442758231038906,0.52,0.52,0.48,0
23.1,-0.00425779291565069,0.52,0.52,0.48,0
23.11,-0.00408649074736349,0.52,0.52,0.48,0
23.12,-0.00391373666837201,0.52,0.52,0.48,0
23.13,-0.00373959205737803,0.52,0.52,0.48,0
23.14,-0.00356411878713251,0.52,0.52,0.48,0
23.15,-0.00338737920245289,0.52,0.52,0.48,0
23.16,-0.00320943609807212,0.52,0.52,0.48,0
23.17,-0.00303035269632774,0.52,0.52,0.48,0
23.18,-0.00285019262469981,0.52,0.52,0.48,0
23.19,-0.00266901989320378,0.52,0.52,0.48,0
23.2,-0.00248689887164855,0.52,0.52,0.48,0
23.21,-0.00230389426676589,0.52,0.52,0.48,0
23.22,-0.00212007109922057,0.52,0.52,0.48,0
23.23,-0.00193549468050861,0.52,0.52,0.48,0
23.24,-0.00175023058975274,0.52,0.52,0.48,0
23.25,-0.00156434465040233,0.52,0.52,0.48,0
23.26,-0.00137790290684638,0.52,0.52,0.48,0
23.27,-0.00119097160094875,0.52,0.52,0.48,0
23.28,-0.00100361714851217,0.52,0.52,0.48,0
23.29,-0.000815906115681577,0.52,0.52,0.48,0
23.3,-0.000627905195293112,0.52,0.52,0.48,0
23.31,-0.000439681183178674,0.52,0.52,0.48,0
23.32,-0.000251300954433376,0.52,0.52,0.48,0
23.33,-6.28314396555672e-05,0.52,0.52,0.48,0
23.34,0.000125660398833501,0.52,0.52,0.48,0
23.35,0.000314107590781282,0.52,0.52,0.48,0
23.36,0.000502443181797647,0.52,0.52,0.48,0
23.37,0.000690600257144033,0.52,0.52,0.48,0
23.38,0.000878511965507431,0.52,0.52,0.48,0
23.39,0.00106611154275262,0.52,0.52,0.48,0
23.4,0.00125333233564309,0.52,0.52,0.48,0
23.41,0.00144010782552252,0.52,0.52,0.48,0
23.42,0.00162637165194886,0.52,0.52,0.48,0
23.43,0.00181205763627135,0.52,0.52,0.48,0
23.44,0.00199709980514407,0.52,0.52,0.48,0
23.45,0.00218143241396538,0.52,0.52,0.48,0
23.46,0.00236498997023722,0.52,0.52,0.48,0
23.47,0.00254770725683375,0.52,0.52,0.48,0
23.48,0.00272951935517328,0.52,0.52,0.48,0
23.49,0.00291036166828276,0.52,0.52,0.48,0
23.5,0.00309016994374947,0.52,0.52,0.48,0
23.51,0.00326888029654945,0.52,0.52,0.48,0
23.52,0.00344642923174515,0.52,0.52,0.48,0
23.53,0.00362275366704546,0.52,0.52,0.48,0
23.54,0.00379779095521797,0.52,0.52,0.48,0
23.55,0.00397147890634779,0.52,0.52,0.48,0
23.56,0.00414375580993278,0.52,0.52,0.48,0
23.57,0.00431456045680955,0.52,0.52,0.48,0
23.58,0.00448383216090037,0.52,0.52,0.48,0
23.59,0.00465151078077458,0.52,0.52,0.48,0
23.6,0.00481753674101717,0.52,0.52,0.48,0
23.61,0.00498185105339489,0.52,0.52,0.48,0
23.62,0.00514439533781507,0.52,0.52,0.48,0
23.63,0.0053051118430673,0.52,0.52,0.48,0
23.64,0.00546394346734267,0.52,0.52,0.48,0
23.65,0.00562083377852131,0.52,0.52,0.48,0
23.66,0.00577572703422264,0.52,0.52,0.48,0
23.67,0.00592856820161063,0.52,0.52,0.48,0
23.68,0.00607930297694606,0.52,0.52,0.48,0
23.69,0.00622787780488115,0.52,0.52,0.48,0
23.7,0.00637423989748688,0.52,0.52,0.48,0
23.71,0.00651833725300879,0.52,0.52,0.48,0
23.72,0.00666011867434248,0.52,0.52,0.48,0
23.73,0.00679953378722418,0.52,0.52,0.48,0
23.74,0.00693653305812805,0.52,0.52,0.48,0
23.75,0.00707106781186544,0.52,0.52,0.48,0
23.76,0.00720309024887906,0.52,0.52,0.48,0
23.77,0.0073325534622256,0.52,0.52,0.48,0
23.78,0.00745941145424184,0.52,0.52,0.48,0
23.79,0.00758361915288721,0.52,0.52,0.48,0
23.8,0.0077051324277579,0.52,0.52,0.48,0
23.81,0.00782390810576586,0.52,0.52,0.48,0
23.82,0.00793990398647834,0.52,0.52,0.48,0
23.83,0.00805307885711122,0.52,0.52,0.48,0
23.84,0.00816339250717182,0.52,0.52,0.48,0
23.85,0.00827080574274561,0.52,0.52,0.48,0
23.86,0.00837528040042142,0.52,0.52,0.48,0
23.87,0.00847677936085085,0.52,0.52,0.48,0
23.88,0.00857526656193651,0.52,0.52,0.48,0
23.89,0.0086707070116449,0.52,0.52,0.48,0
23.9,0.00876306680043865,0.52,0.52,0.48,0
23.91,0.00885231311332454,0.52,0.52,0.48,0
23.92,0.00893841424151264,0.52,0.52,0.48,0
23.93,0.00902133959368201,0.52,0.52,0.48,0
23.94,0.00910105970684995,0.52,0.52,0.48,0
23.95,0.00917754625683979,0.52,0.52,0.48,0
23.96,0.00925077206834459,0.52,0.52,0.48,0
23.97,0.0093207111245821,0.52,0.52,0.48,0
23.98,0.00938733857653874,0.52,0.52,0.48,0
23.99,0.00945063075179806,0.52,0.52,0.48,0
24,0.00951056516295153,0.52,0.52,0.48,0
24.01,0.00956712051558831,0.52,0.52,0.48,0
24.02,0.00962027671586085,0.52,0.52,0.48,0
24.03,0.00967001487762435,0.52,0.52,0.48,0
24.04,0.00971631732914672,0.52,0.52,0.48,0
24.05,0.00975916761938748,0.52,0.52,0.48,0
24.06,0.00979855052384248,0.52,0.52,0.48,0
24.07,0.0098344520499533,0.52,0.52,0.48,0
24.08,0.00986685944207869,0.52,0.52,0.48,0
24.09,0.00989576118602651,0.52,0.52,0.48,0
24.1,0.00992114701314478,0.52,0.52,0.48,0
24.11,0.00994300790396998,0.52,0.52,0.48,0
24.12,0.00996133609143172,0.52,0.52,0.48,0
24.13,0.00997612506361225,0.52,0.52,0.48,0
24.14,0.00998736956606017,0.52,0.52,0.48,0
24.15,0.00999506560365732,0.52,0.52,0.48,0
24.16,0.00999921044203816,0.52,0.52,0.48,0
24.17,0.00999980260856137,0.52,0.52,0.48,0
24.18,0.009996841892833,0.52,0.52,0.48,0
24.19,0.00999032934678125,0.52,0.52,0.48,0
24.2,0.00998026728428272,0.52,0.52,0.48,0
24.21,0.0099666592803403,0.52,0.52,0.48,0
24.22,0.00994951016981301,0.52,0.52,0.48,0
24.23,0.00992882604569814,0.52,0.52,0.48,0
24.24,0.00990461425696651,0.52,0.52,0.48,0
24.25,0.00987688340595138,0.52,0.52,0.48,0
24.26,0.00984564334529205,0.52,0.52,0.48,0
24.27,0.00981090517443334,0.52,0.52,0.48,0
24.28,0.00977268123568193,0.52,0.52,0.48,0
24.29,0.00973098510982127,0.52,0.52,0.48,0
24.3,0.00968583161128632,0.52,0.52,0.48,0
24.31,0.0096372367829001,0.52,0.52,0.48,0
24.32,0.00958521789017377,0.52,0.52,0.48,0
24.33,0.00952979341517219,0.52,0.52,0.48,0
24.34,0.00947098304994744,0.52,0.52,0.48,0
24.35,0.00940880768954224,0.52,0.52,0.48,0
24.36,0.00934328942456613,0.52,0.52,0.48,0
24.37,0.00927445153334661,0.52,0.52,0.48,0
24.38,0.00920231847365872,0.52,0.52,0.48,0
24.39,0.00912691587403503,0.52,0.52,0.48,0
24.4,0.00904827052466019,0.52,0.52,0.48,0
24.41,0.00896641036785238,0.52,0.52,0.48,0
24.42,0.00888136448813545,0.52,0.52,0.48,0
24.43,0.00879316310190556,0.52,0.52,0.48,0
24.44,0.00870183754669524,0.52,0.52,0.48,0
24.45,0.00860742027003944,0.52,0.52,0.48,0
24.46,0.00850994481794691,0.52,0.52,0.48,0
24.47,0.00840944582298171,0.52,0.52,0.48,0
24.48,0.00830595899195813,0.52,0.52,0.48,0
24.49,0.00819952109325452,0.52,0.52,0.48,0
24.5,0.0080901699437495,0.52,0.52,0.48,0
24.51,0.00797794439538572,0.52,0.52,0.48,0
24.52,0.00786288432136623,0.52,0.52,0.48,0
24.53,0.00774503060198732,0.52,0.52,0.48,0
24.54,0.00762442511011449,0.52,0.52,0.48,0
24.55,0.00750111069630459,0.52,0.52,0.48,0
24.56,0.00737513117358172,0.52,0.52,0.48,0
24.57,0.00724653130187047,0.52,0.52,0.48,0
24.58,0.00711535677209284,0.52,0.52,0.48,0
24.59,0.00698165418993475,0.52,0.52,0.48,0
24.6,0.0068454710592869,0.52,0.52,0.48,0
24.61,0.00670685576536724,0.52,0.52,0.48,0
24.62,0.00656585755752959,0.52,0.52,0.48,0
24.63,0.00642252653176585,0.52,0.52,0.48,0
24.64,0.00627691361290699,0.52,0.52,0.48,0
24.65,0.00612907053652974,0.52,0.52,0.48,0
24.66,0.0059790498305752,0.52,0.52,0.48,0
24.67,0.00582690479668575,0.52,0.52,0.48,0
24.68,0.00567268949126759,0.52,0.52,0.48,0
24.69,0.00551645870628431,0.52,0.52,0.48,0
24.7,0.00535826794979001,0.52,0.52,0.48,0
24.71,0.00519817342620712,0.52,0.52,0.48,0
24.72,0.00503623201635762,0.52,0.52,0.48,0
24.73,0.00487250125725331,0.52,0.52,0.48,0
24.74,0.00470703932165329,0.52,0.52,0.48,0
24.75,0.00453990499739548,0.52,0.52,0.48,0
24.76,0.00437115766650932,0.52,0.52,0.48,0
24.77,0.00420085728411809,0.52,0.52,0.48,0
24.78,0.00402906435713664,0.52,0.52,0.48,0
24.79,0.00385583992277402,0.52,0.52,0.48,0
24.8,0.00368124552684681,0.52,0.52,0.48,0
24.81,0.0035053432019126,0.52,0.52,0.48,0
24.82,0.00332819544522985,0.52,0.52,0.48,0
24.83,0.00314986519655301,0.52,0.52,0.48,0
24.84,0.00297041581577036,0.52,0.52,0.48,0
24.85,0.00278991106039228,0.52,0.52,0.48,0
24.86,0.002608415062899,0.52,0.52,0.48,0
24.87,0.00242599230795408,0.52,0.52,0.48,0
24.88,0.00224270760949387,0.52,0.52,0.48,0
24.89,0.00205862608769884,0.52,0.52,0.48,0
24.9,0.00187381314585725,0.52,0.52,0.48,0
24.91,0.00168833444712732,0.52,0.52,0.48,0
24.92,0.00150225589120753,0.52,0.52,0.48,0
24.93,0.00131564359092283,0.52,0.52,0.48,0
24.94,0.0011285638487348,0.52,0.52,0.48,0
24.95,0.000941083133185174,0.52,0.52,0.48,0
24.96,0.000753268055279334,0.52,0.52,0.48,0
24.97,0.000565185344820299,0.52,0.52,0.48,0
24.98,0.000376901826699376,0.52,0.52,0.48,0
24.99,0.000188484397154088,0.52,0.52,0.48,0
25,5.38968387752153e-17,0.52,0.52,0.48,0
25.01,-0.000188484397154123,0.52,0.52,0.48,0
25.02,-0.000376901826699339,0.52,0.52,0.48,0
25.03,-0.000565185344820263,0.52,0.52,0.48,0
25.04,-0.000753268055279297,0.52,0.52,0.48,0
25.05,-0.000941083133185137,0.52,0.52,0.48,0
25.06,-0.00112856384873483,0.52,0.52,0.48,0
25.07,-0.0013156435909228,0.52,0.52,0.48,0
25.08,-0.00150225589120757,0.52,0.52,0.48,0
25.09,-0.00168833444712729,0.52,0.52,0.48,0
25.1,-0.00187381314585729,0.52,0.52,0.48,0
25.11,-0.00205862608769881,0.52,0.52,0.48,0
25.12,-0.00224270760949383,0.52,0.52,0.48,0
25.13,-0.00242599230795405,0.52,0.52,0.48,0
25.14,-0.00260841506289896,0.52,0.52,0.48,0
25.15,-0.00278991106039231,0.52,0.52,0.48,0
25.16,-0.00297041581577032,0.52,0.52,0.48,0
25.17,-0.00314986519655304,0.52,0.52,0.48,0
25.18,-0.00332819544522982,0.52,0.52,0.48,0
25.19,-0.00350534320191256,0.52,0.52,0.48,0
25.2,-0.00368124552684678,0.52,0.52,0.48,0
25.21,-0.00385583992277398,0.52,0.52,0.48,0
25.22,-0.0040290643571366,0.52,0.52,0.48,0
25.23,-0.00420085728411806,0.52,0.52,0.48,0
25.24,-0.00437115766650935,0.52,0.52,0.48,0
25.25,-0.00453990499739544,0.52,0.52,0.48,0
25.26,-0.00470703932165332,0.52,0.52,0.48,0
25.27,-0.00487250125725328,0.52,0.52,0.48,0
25.28,-0.00503623201635758,0.52,0.52,0.48,0
25.29,-0.00519817342620709,0.52,0.52,0.48,0
25.3,-0.00535826794978998,0.52,0.52,0.48,0
25.31,-0.00551645870628434,0.52,0.52,0.48,0
25.32,-0.00567268949126756,0.52,0.52,0.48,0
25.33,-0.00582690479668578,0.52,0.52,0.48,0
25.34,-0.00597904983057517,0.52,0.52,0.48,0
25.35,-0.00612907053652976,0.52,0.52,0.48,0
25.36,-0.00627691361290697,0.52,0.52,0.48,0
25.37,-0.00642252653176582,0.52,0.52,0.48,0
25.38,-0.00656585755752956,0.52,0.52,0.48,0
25.39,-0.00670685576536722,0.52,0.52,0.48,0
25.4,-0.00684547105928692,0.52,0.52,0.48,0
25.41,-0.00698165418993473,0.52,0.52,0.48,0
25.42,-0.00711535677209287,0.52,0.52,0.48,0
25.43,-0.00724653130187045,0.52,0.52,0.48,0
25.44,-0.00737513117358174,0.52,0.52,0.48,0
25.45,-0.00750111069630456,0.52,0.52,0.48,0
25.46,-0.00762442511011446,0.52,0.52,0.48,0
25.47,-0.00774503060198729,0.52,0.52,0.48,0
25.48,-0.0078628843213662,0.52,0.52,0.48,0
25.49,-0.00797794439538574,0.52,0.52,0.48,0
25.5,-0.00809016994374947,0.52,0.52,0.48,0
25.51,-0.00819952109325454,0.52,0.52,0.48,0
25.52,-0.00830595899195811,0.52,0.52,0.48,0
25.53,-0.00840944582298169,0.52,0.52,0.48,0
25.54,-0.00850994481794689,0.52,0.52,0.48,0
25.55,-0.00860742027003942,0.52,0.52,0.48,0
25.56,-0.00870183754669526,0.52,0.52,0.48,0
25.57,-0.00879316310190554,0.52,0.52,0.48,0
25.58,-0.00888136448813547,0.52,0.52,0.48,0
25.59,-0.00896641036785236,0.52,0.52,0.48,0
25.6,-0.00904827052466021,0.52,0.52,0.48,0
25.61,-0.00912691587403502,0.52,0.52,0.48,0
25.62,-0.0092023184736587,0.52,0.52,0.48,0
25.63,-0.0092744515333466,0.52,0.52,0.48,0
25.64,-0.00934328942456611,0.52,0.52,0.48,0
25.65,-0.00940880768954225,0.52,0.52,0.48,0
25.66,-0.00947098304994743,0.52,0.52,0.48,0
25.67,-0.0095297934151722,0.52,0.52,0.48,0
25.68,-0.00958521789017376,0.52,0.52,0.48,0
25.69,-0.0096372367829001,0.52,0.52,0.48,0
25.7,-0.00968583161128631,0.52,0.52,0.48,0
25.71,-0.00973098510982127,0.52,0.52,0.48,0
25.72,-0.00977268123568193,0.52,0.52,0.48,0
25.73,-0.00981090517443334,0.52,0.52,0.48,0
25.74,-0.00984564334529205,0.52,0.52,0.48,0
25.75,-0.00987688340595137,0.52,0.52,0.48,0
25.76,-0.00990461425696651,0.52,0.52,0.48,0
25.77,-0.00992882604569814,0.52,0.52,0.48,0
25.78,-0.009949510169813,0.52,0.52,0.48,0
25.79,-0.0099666592803403,0.52,0.52,0.48,0
25.8,-0.00998026728428272,0.52,0.52,0.48,0
25.81,-0.00999032934678125,0.52,0.52,0.48,0
25.82,-0.009996841892833,0.52,0.52,0.48,0
25.83,-0.00999980260856137,0.52,0.52,0.48,0
25.84,-0.00999921044203816,0.52,0.52,0.48,0
25.85,-0.00999506560365732,0.52,0.52,0.48,0
25.86,-0.00998736956606018,0.52,0.52,0.48,0
25.87,-0.00997612506361225,0.52,0.52,0.48,0
25.88,-0.00996133609143173,0.52,0.52,0.48,0
25.89,-0.00994300790396999,0.52,0.52,0.48,0
25.9,-0.00992114701314478,0.52,0.52,0.48,0
25.91,-0.00989576118602651,0.52,0.52,0.48,0
25.92,-0.00986685944207868,0.52,0.52,0.48,0
25.93,-0.00983445204995331,0.52,0.52,0.48,0
25.94,-0.00979855052384247,0.52,0.52,0.48,0
25.95,-0.00975916761938749,0.52,0.52,0.48,0
25.96,-0.00971631732914673,0.52,0.52,0.48,0
25.97,-0.00967001487762436,0.52,0.52,0.48,0
25.98,-0.00962027671586086,0.52,0.52,0.48,0
25.99,-0.0095671205155883,0.52,0.52,0.48,0
26,-0.00951056516295154,0.52,0.52,0.48,0
26.01,-0.00945063075179805,0.52,0.52,0.48,0
26.02,-0.00938733857653875,0.52,0.52,0.48,0
26.03,-0.00932071112458212,0.52,0.52,0.48,0
26.04,-0.00925077206834461,0.52,0.52,0.48,0
26.05,-0.0091775462568398,0.52,0.52,0.48,0
26.06,-0.00910105970684994,0.52,0.52,0.48,0
26.07,-0.00902133959368203,0.52,0.52,0.48,0
26.08,-0.00893841424151262,0.52,0.52,0.48,0
26.09,-0.00885231311332456,0.52,0.52,0.48,0
26.1,-0.00876306680043863,0.52,0.52,0.48,0
26.11,-0.00867070701164492,0.52,0.52,0.48,0
26.12,-0.00857526656193653,0.52,0.52,0.48,0
26.13,-0.00847677936085087,0.52,0.52,0.48,0
26.14,-0.00837528040042144,0.52,0.52,0.48,0
26.15,-0.00827080574274559,0.52,0.52,0.48,0
26.16,-0.00816339250717184,0.52,0.52,0.48,0
26.17,-0.0080530788571112,0.52,0.52,0.48,0
26.18,-0.00793990398647836,0.52,0.52,0.48,0
26.19,-0.00782390810576588,0.52,0.52,0.48,0
26.2,-0.00770513242775792,0.52,0.52,0.48,0
26.21,-0.00758361915288723,0.52,0.52,0.48,0
26.22,-0.00745941145424186,0.52,0.52,0.48,0
26.23,-0.00733255346222563,0.52,0.52,0.48,0
26.24,-0.00720309024887908,0.52,0.52,0.48,0
26.25,-0.00707106781186547,0.52,0.52,0.48,0
26.26,-0.00693653305812803,0.52,0.52,0.48,0
26.27,-0.0067995337872242,0.52,0.52,0.48,0
26.28,-0.00666011867434251,0.52,0.52,0.48,0
26.29,-0.00651833725300882,0.52,0.52,0.48,0
26.3,-0.00637423989748691,0.52,0.52,0.48,0
26.31,-0.00622787780488112,0.52,0.52,0.48,0
26.32,-0.00607930297694608,0.52,0.52,0.48,0
26.33,-0.0059285682016106,0.52,0.52,0.48,0
26.34,-0.00577572703422267,0.52,0.52,0.48,0
26.35,-0.00562083377852128,0.52,0.52,0.48,0
26.36,-0.0054639434673427,0.52,0.52,0.48,0
26.37,-0.00530511184306733,0.52,0.52,0.48,0
26.38,-0.0051443953378151,0.52,0.52,0.48,0
26.39,-0.00498185105339492,0.52,0.52,0.48,0
26.4,-0.00481753674101715,0.52,0.52,0.48,0
26.41,-0.00465151078077462,0.52,0.52,0.48,0
26.42,-0.00448383216090034,0.52,0.52,0.48,0
26.43,-0.00431456045680958,0.52,0.52,0.48,0
26.44,-0.00414375580993281,0.52,0.52,0.48,0
26.45,-0.00397147890634782,0.52,0.52,0.48,0
26.46,-0.003797790955218,0.52,0.52,0.48,0
26.47,-0.00362275366704549,0.52,0.52,0.48,0
26.48,-0.00344642923174518,0.52,0.52,0.48,0
26.49,-0.00326888029654942,0.52,0.52,0.48,0
26.5,-0.00309016994374951,0.52,0.52,0.48,0
26.51,-0.00291036166828273,0.52,0.52,0.48,0
26.52,-0.00272951935517331,0.52,0.52,0.48,0
26.53,-0.00254770725683379,0.52,0.52,0.48,0
26.54,-0.00236498997023726,0.52,0.52,0.48,0
26.55,-0.00218143241396541,0.52,0.52,0.48,0
26.56,-0.00199709980514404,0.52,0.52,0.48,0
26.57,-0.00181205763627139,0.52,0.52,0.48,0
26.58,-0.00162637165194883,0.52,0.52,0.48,0
26.59,-0.00144010782552256,0.52,0.52,0.48,0
26.6,-0.00125333233564305,0.52,0.52,0.48,0
26.61,-0.00106611154275266,0.52,0.52,0.48,0
26.62,-0.000878511965507467,0.52,0.52,0.48,0
26.63,-0.00069060025714407,0.52,0.52,0.48,0
26.64,-0.000502443181797684,0.52,0.52,0.48,0
26.65,-0.000314107590781247,0.52,0.52,0.48,0
26.66,-0.000125660398833538,0.52,0.52,0.48,0
26.67,6.28314396556015e-05,0.52,0.52,0.48,0
26.68,0.00025130095443334,0.52,0.52,0.48,0
26.69,0.000439681183178638,0.52,0.52,0.48,0
26.7,0.000627905195293075,0.52,0.52,0.48,0
26.71,0.000815906115681541,0.52,0.52,0.48,0
26.72,0.00100361714851214,0.52,0.52,0.48,0
26.73,0.00119097160094871,0.52,0.52,0.48,0
26.74,0.00137790290684642,0.52,0.52,0.48,0
26.75,0.0015643446504023,0.52,0.52,0.48,0
26.76,0.00175023058975277,0.52,0.52,0.48,0
26.77,0.00193549468050857,0.52,0.52,0.48,0
26.78,0.00212007109922054,0.52,0.52,0.48,0
26.79,0.00230389426676585,0.52,0.52,0.48,0
26.8,0.00248689887164852,0.52,0.52,0.48,0
26.81,0.00266901989320375,0.52,0.52,0.48,0
26.82,0.00285019262469977,0.52,0.52,0.48,0
26.83,0.00303035269632778,0.52,0.52,0.48,0
26.84,0.00320943609807209,0.52,0.52,0.48,0
26.85,0.00338737920245293,0.52,0.52,0.48,0
26.86,0.00356411878713248,0.52,0.52,0.48,0
26.87,0.003739592057378,0.52,0.52,0.48,0
26.88,0.00391373666837197,0.52,0.52,0.48,0
26.89,0.00408649074736346,0.52,0.52,0.48,0
26.9,0.00425779291565072,0.52,0.52,0.48,0
26.91,0.00442758231038903,0.52,0.52,0.48,0
26.92,0.00459579860621491,0.52,0.52,0.48,0
26.93,0.00476238203667938,0.52,0.52,0.48,0
26.94,0.00492727341548293,0.52,0.52,0.48,0
26.95,0.00509041415750369,0.52,0.52,0.48,0
26.96,0.00525174629961295,0.52,0.52,0.48,0
26.97,0.00541121252126871,0.52,0.52,0.48,0
26.98,0.00556875616488185,0.52,0.52,0.48,0
26.99,0.0057243212559459,0.52,0.52,0.48,0
27,0.00587785252292474,0.52,0.52,0.48,0
27.01,0.00602929541689028,0.52,0.52,0.48,0
27.02,0.00617859613090334,0.52,0.52,0.48,0
27.03,0.00632570161913126,0.52,0.52,0.48,0
27.04,0.00647055961569442,0.52,0.52,0.48,0
27.05,0.00661311865323651,0.52,0.52,0.48,0
27.06,0.00675332808121026,0.52,0.52,0.48,0
27.07,0.00689113808387346,0.52,0.52,0.48,0
27.08,0.00702649969798849,0.52,0.52,0.48,0
27.09,0.00715936483021827,0.52,0.52,0.48,0
27.1,0.00728968627421414,0.52,0.52,0.48,0
27.11,0.00741741772738739,0.52,0.52,0.48,0
27.12,0.00754251380736105,0.52,0.52,0.48,0
27.13,0.00766493006809348,0.52,0.52,0.48,0
27.14,0.00778462301567023,0.52,0.52,0.48,0
27.15,0.00790155012375691,0.52,0.52,0.48,0
27.16,0.00801566984870875,0.52,0.52,0.48,0
27.17,0.00812694164433094,0.52,0.52,0.48,0
27.18,0.00823532597628424,0.52,0.52,0.48,0
27.19,0.0083407843361317,0.52,0.52,0.48,0
27.2,0.00844327925502015,0.52,0.52,0.48,0
27.21,0.00854277431699296,0.52,0.52,0.48,0
27.22,0.00863923417192834,0.52,0.52,0.48,0
27.23,0.0087326245480992,0.52,0.52,0.48,0
27.24,0.00882291226434954,0.52,0.52,0.48,0
27.25,0.00891006524188367,0.52,0.52,0.48,0
27.26,0.00899405251566371,0.52,0.52,0.48,0
27.27,0.00907484424541115,0.52,0.52,0.48,0
27.28,0.00915241172620916,0.52,0.52,0.48,0
27.29,0.00922672739870115,0.52,0.52,0.48,0
27.3,0.00929776485888252,0.52,0.52,0.48,0
27.31,0.00936549886748194,0.52,0.52,0.48,0
27.32,0.00942990535892864,0.52,0.52,0.48,0
27.33,0.00949096144990295,0.52,0.52,0.48,0
27.34,0.00954864544746642,0.52,0.52,0.48,0
27.35,0.00960293685676943,0.52,0.52,0.48,0
27.36,0.00965381638833273,0.52,0.52,0.48,0
27.37,0.00970126596490105,0.52,0.52,0.48,0
27.38,0.00974526872786577,0.52,0.52,0.48,0
27.39,0.00978580904325473,0.52,0.52,0.48,0
27.4,0.00982287250728689,0.52,0.52,0.48,0
27.41,0.00985644595148998,0.52,0.52,0.48,0
27.42,0.00988651744737914,0.52,0.52,0.48,0
27.43,0.00991307631069506,0.52,0.52,0.48,0
27.44,0.00993611310520008,0.52,0.52,0.48,0
27.45,0.0099556196460308,0.52,0.52,0.48,0
27.46,0.00997158900260614,0.52,0.52,0.48,0
27.47,0.00998401550108975,0.52,0.52,0.48,0
27.48,0.00999289472640589,0.52,0.52,0.48,0
27.49,0.00999822352380809,0.52,0.52,0.48,0
27.5,0.01,0.52,0.52,0.48,0
27.51,0.00999822352380809,0.52,0.52,0.48,0
27.52,0.00999289472640589,0.52,0.52,0.48,0
27.53,0.00998401550108975,0.52,0.52,0.48,0
27.54,0.00997158900260614,0.52,0.52,0.48,0
27.55,0.0099556196460308,0.52,0.52,0.48,0
27.56,0.00993611310520008,0.52,0.52,0.48,0
27.57,0.00991307631069507,0.52,0.52,0.48,0
27.58,0.00988651744737913,0.52,0.52,0.48,0
27.59,0.00985644595148998,0.52,0.52,0.48,0
27.6,0.00982287250728688,0.52,0.52,0.48,0
27.61,0.00978580904325473,0.52,0.52,0.48,0
27.62,0.00974526872786577,0.52,0.52,0.48,0
27.63,0.00970126596490107,0.52,0.52,0.48,0
27.64,0.00965381638833275,0.52,0.52,0.48,0
27.65,0.00960293685676943,0.52,0.52,0.48,0
27.66,0.00954864544746644,0.52,0.52,0.48,0
27.67,0.00949096144990293,0.52,0.52,0.48,0
27.68,0.00942990535892865,0.52,0.52,0.48,0
27.69,0.00936549886748192,0.52,0.52,0.48,0
27.7,0.00929776485888252,0.52,0.52,0.48,0
27.71,0.00922672739870115,0.52,0.52,0.48,0
27.72,0.00915241172620919,0.52,0.52,0.48,0
27.73,0.00907484424541118,0.52,0.52,0.48,0
27.74,0.00899405251566371,0.52,0.52,0.48,0
27.75,0.0089100652418837,0.52,0.52,0.48,0
27.76,0.00882291226434954,0.52,0.52,0.48,0
27.77,0.0087326245480992,0.52,0.52,0.48,0
27.78,0.00863923417192834,0.52,0.52,0.48,0
27.79,0.00854277431699296,0.52,0.52,0.48,0
27.8,0.00844327925502015,0.52,0.52,0.48,0
27.81,0.0083407843361317,0.52,0.52,0.48,0
27.82,0.00823532597628429,0.52,0.52,0.48,0
27.83,0.00812694164433094,0.52,0.52,0.48,0
27.84,0.00801566984870879,0.52,0.52,0.48,0
27.85,0.00790155012375692,0.52,0.52,0.48,0
27.86,0.00778462301567023,0.52,0.52,0.48,0
27.87,0.00766493006809348,0.52,0.52,0.48,0
27.88,0.00754251380736105,0.52,0.52,0.48,0
27.89,0.00741741772738739,0.52,0.52,0.48,0
27.9,0.0072896862742141,0.52,0.52,0.48,0
27.91,0.00715936483021833,0.52,0.52,0.48,0
27.92,0.00702649969798849,0.52,0.52,0.48,0
27.93,0.00689113808387352,0.52,0.52,0.48,0
27.94,0.00675332808121026,0.52,0.52,0.48,0
27.95,0.00661311865323657,0.52,0.52,0.48,0
27.96,0.00647055961569442,0.52,0.52,0.48,0
27.97,0.00632570161913126,0.52,0.52,0.48,0
27.98,0.00617859613090334,0.52,0.52,0.48,0
27.99,0.00602929541689023,0.52,0.52,0.48,0
28,0.00587785252292475,0.52,0.52,0.48,0
28.01,0.00572432125594591,0.52,0.52,0.48,0
28.02,0.00556875616488192,0.52,0.52,0.48,0
28.03,0.00541121252126878,0.52,0.52,0.48,0
28.04,0.00525174629961301,0.52,0.52,0.48,0
28.05,0.00509041415750369,0.52,0.52,0.48,0
28.06,0.00492727341548287,0.52,0.52,0.48,0
28.07,0.00476238203667939,0.52,0.52,0.48,0
28.08,0.00459579860621485,0.52,0.52,0.48,0
28.09,0.00442758231038903,0.52,0.52,0.48,0
28.1,0.00425779291565072,0.52,0.52,0.48,0
28.11,0.00408649074736353,0.52,0.52,0.48,0
28.12,0.00391373666837204,0.52,0.52,0.48,0
28.13,0.00373959205737807,0.52,0.52,0.48,0
28.14,0.00356411878713255,0.52,0.52,0.48,0
28.15,0.00338737920245287,0.52,0.52,0.48,0
28.16,0.00320943609807209,0.52,0.52,0.48,0
28.17,0.00303035269632771,0.52,0.52,0.48,0
28.18,0.00285019262469978,0.52,0.52,0.48,0
28.19,0.00266901989320375,0.52,0.52,0.48,0
28.2,0.00248689887164859,0.52,0.52,0.48,0
28.21,0.00230389426676592,0.52,0.52,0.48,0
28.22,0.00212007109922061,0.52,0.52,0.48,0
28.23,0.00193549468050864,0.52,0.52,0.48,0
28.24,0.00175023058975278,0.52,0.52,0.48,0
28.25,0.0015643446504023,0.52,0.52,0.48,0
28.26,0.00137790290684635,0.52,0.52,0.48,0
28.27,0.00119097160094871,0.52,0.52,0.48,0
28.28,0.00100361714851214,0.52,0.52,0.48,0
28.29,0.000815906115681616,0.52,0.52,0.48,0
28.3,0.000627905195293151,0.52,0.52,0.48,0
28.31,0.000439681183178642,0.52,0.52,0.48,0
28.32,0.000251300954433415,0.52,0.52,0.48,0
28.33,6.28314396556064e-05,0.52,0.52,0.48,0
28.34,-0.000125660398833533,0.52,0.52,0.48,0
28.35,-0.000314107590781314,0.52,0.52,0.48,0
28.36,-0.000502443181797679,0.52,0.52,0.48,0
28.37,-0.000690600257144065,0.52,0.52,0.48,0
28.38,-0.000878511965507392,0.52,0.52,0.48,0
28.39,-0.00106611154275258,0.52,0.52,0.48,0
28.4,-0.00125333233564305,0.52,0.52,0.48,0
28.41,-0.00144010782552248,0.52,0.52,0.48,0
28.42,-0.00162637165194882,0.52,0.52,0.48,0
28.43,-0.00181205763627138,0.52,0.52,0.48,0
28.44,-0.0019970998051441,0.52,0.52,0.48,0
28.45,-0.00218143241396541,0.52,0.52,0.48,0
28.46,-0.00236498997023725,0.52,0.52,0.48,0
28.47,-0.00254770725683378,0.52,0.52,0.48,0
28.48,-0.00272951935517324,0.52,0.52,0.48,0
28.49,-0.00291036166828273,0.52,0.52,0.48,0
28.5,-0.00309016994374944,0.52,0.52,0.48,0
28.51,-0.00326888029654941,0.52,0.52,0.48,0
28.52,-0.00344642923174511,0.52,0.52,0.48,0
28.53,-0.00362275366704549,0.52,0.52,0.48,0
28.54,-0.003797790955218,0.52,0.52,0.48,0
28.55,-0.00397147890634782,0.52,0.52,0.48,0
28.56,-0.00414375580993287,0.52,0.52,0.48,0
28.57,-0.00431456045680958,0.52,0.52,0.48,0
28.58,-0.00448383216090033,0.52,0.52,0.48,0
28.59,-0.00465151078077455,0.52,0.52,0.48,0
28.6,-0.00481753674101714,0.52,0.52,0.48,0
28.61,-0.00498185105339486,0.52,0.52,0.48,0
28.62,-0.00514439533781503,0.52,0.52,0.48,0
28.63,-0.00530511184306733,0.52,0.52,0.48,0
28.64,-0.0054639434673427,0.52,0.52,0.48,0
28.65,-0.00562083377852133,0.52,0.52,0.48,0
28.66,-0.00577572703422267,0.52,0.52,0.48,0
28.67,-0.0059285682016106,0.52,0.52,0.48,0
28.68,-0.00607930297694602,0.52,0.52,0.48,0
28.69,-0.00622787780488111,0.52,0.52,0.48,0
28.7,-0.00637423989748685,0.52,0.52,0.48,0
28.71,-0.00651833725300876,0.52,0.52,0.48,0
28.72,-0.00666011867434251,0.52,0.52,0.48,0
28.73,-0.0067995337872242,0.52,0.52,0.48,0
28.74,-0.00693653305812808,0.52,0.52,0.48,0
28.75,-0.00707106781186547,0.52,0.52,0.48,0
28.76,-0.00720309024887908,0.52,0.52,0.48,0
28.77,-0.00733255346222558,0.52,0.52,0.48,0
28.78,-0.00745941145424181,0.52,0.52,0.48,0
28.79,-0.00758361915288718,0.52,0.52,0.48,0
28.8,-0.00770513242775787,0.52,0.52,0.48,0
28.81,-0.00782390810576587,0.52,0.52,0.48,0
28.82,-0.00793990398647836,0.52,0.52,0.48,0
28.83,-0.00805307885711124,0.52,0.52,0.48,0
28.84,-0.00816339250717183,0.52,0.52,0.48,0
28.85,-0.00827080574274562,0.52,0.52,0.48,0
28.86,-0.0083752804004214,0.52,0.52,0.48,0
28.87,-0.00847677936085083,0.52,0.52,0.48,0
28.88,-0.00857526656193649,0.52,0.52,0.48,0
28.89,-0.00867070701164488,0.52,0.52,0.48,0
28.9,-0.00876306680043863,0.52,0.52,0.48,0
28.91,-0.00885231311332456,0.52,0.52,0.48,0
28.92,-0.00893841424151265,0.52,0.52,0.48,0
28.93,-0.00902133959368202,0.52,0.52,0.48,0
28.94,-0.00910105970684996,0.52,0.52,0.48,0
28.95,-0.0091775462568398,0.52,0.52,0.48,0
28.96,-0.00925077206834458,0.52,0.52,0.48,0
28.97,-0.00932071112458209,0.52,0.52,0.48,0
28.98,-0.00938733857653873,0.52,0.52,0.48,0
28.99,-0.00945063075179805,0.52,0.52,0.48,0
29,-0.00951056516295152,0.52,0.52,0.48,0
29.01,-0.00956712051558832,0.52,0.52,0.48,0
29.02,-0.00962027671586086,0.52,0.52,0.48,0
29.03,-0.00967001487762435,0.52,0.52,0.48,0
29.04,-0.00971631732914673,0.52,0.52,0.48,0
29.05,-0.00975916761938747,0.52,0.52,0.48,0
29.06,-0.00979855052384247,0.52,0.52,0.48,0
29.07,-0.00983445204995329,0.52,0.52,0.48,0
29.08,-0.00986685944207868,0.52,0.52,0.48,0
29.09,-0.0098957611860265,0.52,0.52,0.48,0
29.1,-0.00992114701314478,0.52,0.52,0.48,0
29.11,-0.00994300790396999,0.52,0.52,0.48,0
29.12,-0.00996133609143173,0.52,0.52,0.48,0
29.13,-0.00997612506361225,0.52,0.52,0.48,0
29.14,-0.00998736956606018,0.52,0.52,0.48,0
29.15,-0.00999506560365732,0.52,0.52,0.48,0
29.16,-0.00999921044203816,0.52,0.52,0.48,0
29.17,-0.00999980260856137,0.52,0.52,0.48,0
29.18,-0.009996841892833,0.52,0.52,0.48,0
29.19,-0.00999032934678125,0.52,0.52,0.48,0
29.2,-0.00998026728428272,0.52,0.52,0.48,0
29.21,-0.0099666592803403,0.52,0.52,0.48,0
29.22,-0.00994951016981301,0.52,0.52,0.48,0
29.23,-0.00992882604569814,0.52,0.52,0.48,0
29.24,-0.00990461425696651,0.52,0.52,0.48,0
29.25,-0.00987688340595138,0.52,0.52,0.48,0
29.26,-0.00984564334529205,0.52,0.52,0.48,0
29.27,-0.00981090517443335,0.52,0.52,0.48,0
29.28,-0.00977268123568194,0.52,0.52,0.48,0
29.29,-0.00973098510982127,0.52,0.52,0.48,0
29.3,-0.00968583161128631,0.52,0.52,0.48,0
29.31,-0.00963723678290009,0.52,0.52,0.48,0
29.32,-0.00958521789017376,0.52,0.52,0.48,0
29.33,-0.00952979341517218,0.52,0.52,0.48,0
29.34,-0.00947098304994745,0.52,0.52,0.48,0
29.35,-0.00940880768954226,0.52,0.52,0.48,0
29.36,-0.00934328942456614,0.52,0.52,0.48,0
29.37,-0.00927445153334662,0.52,0.52,0.48,0
29.38,-0.00920231847365871,0.52,0.52,0.48,0
29.39,-0.00912691587403502,0.52,0.52,0.48,0
29.4,-0.00904827052466018,0.52,0.52,0.48,0
29.41,-0.00896641036785236,0.52,0.52,0.48,0
29.42,-0.00888136448813544,0.52,0.52,0.48,0
29.43,-0.00879316310190558,0.52,0.52,0.48,0
29.44,-0.00870183754669526,0.52,0.52,0.48,0
29.45,-0.00860742027003946,0.52,0.52,0.48,0
29.46,-0.00850994481794693,0.52,0.52,0.48,0
29.47,-0.00840944582298173,0.52,0.52,0.48,0
29.48,-0.00830595899195812,0.52,0.52,0.48,0
29.49,-0.0081995210932545,0.52,0.52,0.48,0
29.5,-0.00809016994374948,0.52,0.52,0.48,0
29.51,-0.0079779443953857,0.52,0.52,0.48,0
29.52,-0.00786288432136621,0.52,0.52,0.48,0
29.53,-0.00774503060198734,0.52,0.52,0.48,0
29.54,-0.00762442511011451,0.52,0.52,0.48,0
29.55,-0.00750111069630461,0.52,0.52,0.48,0
29.56,-0.00737513117358174,0.52,0.52,0.48,0
29.57,-0.0072465313018705,0.52,0.52,0.48,0
29.58,-0.00711535677209282,0.52,0.52,0.48,0
29.59,-0.00698165418993473,0.52,0.52,0.48,0
29.6,-0.00684547105928687,0.52,0.52,0.48,0
29.61,-0.00670685576536722,0.52,0.52,0.48,0
29.62,-0.00656585755752957,0.52,0.52,0.48,0
29.63,-0.00642252653176588,0.52,0.52,0.48,0
29.64,-0.00627691361290702,0.52,0.52,0.48,0
29.65,-0.00612907053652977,0.52,0.52,0.48,0
29.66,-0.00597904983057523,0.52,0.52,0.48,0
29.67,-0.00582690479668572,0.52,0.52,0.48,0
29.68,-0.00567268949126757,0.52,0.52,0.48,0
29.69,-0.00551645870628428,0.52,0.52,0.48,0
29.7,-0.00535826794978999,0.52,0.52,0.48,0
29.71,-0.0051981734262071,0.52,0.52,0.48,0
29.72,-0.00503623201635765,0.52,0.52,0.48,0
29.73,-0.00487250125725334,0.52,0.52,0.48,0
29.74,-0.00470703932165333,0.52,0.52,0.48,0
29.75,-0.00453990499739551,0.52,0.52,0.48,0
29.76,-0.00437115766650935,0.52,0.52,0.48,0
29.77,-0.00420085728411806,0.52,0.52,0.48,0
29.78,-0.00402906435713661,0.52,0.52,0.48,0
29.79,-0.00385583992277399,0.52,0.52,0.48,0
29.8,-0.00368124552684678,0.52,0.52,0.48,0
29.81,-0.00350534320191257,0.52,0.52,0.48,0
29.82,-0.00332819544522989,0.52,0.52,0.48,0
29.83,-0.00314986519655305,0.52,0.52,0.48,0
29.84,-0.00297041581577039,0.52,0.52,0.48,0
29.85,-0.00278991106039232,0.52,0.52,0.48,0
29.86,-0.00260841506289897,0.52,0.52,0.48,0
29.87,-0.00242599230795405,0.52,0.52,0.48,0
29.88,-0.00224270760949383,0.52,0.52,0.48,0
29.89,-0.00205862608769881,0.52,0.52,0.48,0
29.9,-0.00187381314585722,0.52,0.52,0.48,0
29.91,-0.00168833444712736,0.52,0.52,0.48,0
29.92,-0.00150225589120757,0.52,0.52,0.48,0
29.93,-0.00131564359092287,0.52,0.52,0.48,0
29.94,-0.00112856384873484,0.52,0.52,0.48,0
29.95,-0.000941083133185213,0.52,0.52,0.48,0
29.96,-0.000753268055279302,0.52,0.52,0.48,0
29.97,-0.000565185344820268,0.52,0.52,0.48,0
29.98,-0.000376901826699344,0.52,0.52,0.48,0
29.99,-0.000188484397154057,0.52,0.52,0.48,0
30,-2.20436423846524e-17,0.52,0.52,0.48,0
30.01,0.000188484397154084,0.52,0.52,0.48,0
30.02,0.0003769018266993,0.52,0.52,0.48,0
30.03,0.000565185344820224,0.52,0.52,0.48,0
30.04,0.000753268055279258,0.52,0.52,0.48,0
30.05,0.000941083133185169,0.52,0.52,0.48,0
30.06,0.00112856384873487,0.52,0.52,0.48,0
30.07,0.00131564359092283,0.52,0.52,0.48,0
30.08,0.0015022558912076,0.52,0.52,0.48,0
30.09,0.00168833444712732,0.52,0.52,0.48,0
30.1,0.00187381314585725,0.52,0.52,0.48,0
30.11,0.00205862608769877,0.52,0.52,0.48,0
30.12,0.00224270760949379,0.52,0.52,0.48,0
30.13,0.00242599230795401,0.52,0.52,0.48,0
30.14,0.00260841506289893,0.52,0.52,0.48,0
30.15,0.00278991106039234,0.52,0.52,0.48,0
30.16,0.00297041581577035,0.52,0.52,0.48,0
30.17,0.00314986519655307,0.52,0.52,0.48,0
30.18,0.00332819544522985,0.52,0.52,0.48,0
30.19,0.00350534320191259,0.52,0.52,0.48,0
30.2,0.00368124552684674,0.52,0.52,0.48,0
30.21,0.00385583992277395,0.52,0.52,0.48,0
30.22,0.00402906435713657,0.52,0.52,0.48,0
30.23,0.00420085728411802,0.52,0.52,0.48,0
30.24,0.00437115766650931,0.52,0.52,0.48,0
30.25,0.00453990499739547,0.52,0.52,0.48,0
30.26,0.00470703932165335,0.52,0.52,0.48,0
30.27,0.00487250125725331,0.52,0.52,0.48,0
30.28,0.00503623201635761,0.52,0.52,0.48,0
30.29,0.00519817342620706,0.52,0.52,0.48,0
30.3,0.00535826794978995,0.52,0.52,0.48,0
30.31,0.00551645870628431,0.52,0.52,0.48,0
30.32,0.00567268949126753,0.52,0.52,0.48,0
30.33,0.00582690479668575,0.52,0.52,0.48,0
30.34,0.00597904983057519,0.52,0.52,0.48,0
30.35,0.00612907053652979,0.52,0.52,0.48,0
30.36,0.00627691361290699,0.52,0.52,0.48,0
30.37,0.00642252653176585,0.52,0.52,0.48,0
30.38,0.00656585755752953,0.52,0.52,0.48,0
30.39,0.00670685576536719,0.52,0.52,0.48,0
30.4,0.00684547105928689,0.52,0.52,0.48,0
30.41,0.0069816541899347,0.52,0.52,0.48,0
30.42,0.00711535677209284,0.52,0.52,0.48,0
30.43,0.00724653130187047,0.52,0.52,0.48,0
30.44,0.00737513117358176,0.52,0.52,0.48,0
30.45,0.00750111069630459,0.52,0.52,0.48,0
30.46,0.00762442511011448,0.52,0.52,0.48,0
30.47,0.00774503060198731,0.52,0.52,0.48,0
30.48,0.00786288432136618,0.52,0.52,0.48,0
30.49,0.00797794439538571,0.52,0.52,0.48,0
30.5,0.00809016994374945,0.52,0.52,0.48,0
30.51,0.00819952109325451,0.52,0.52,0.48,0
30.52,0.00830595899195809,0.52,0.52,0.48,0
30.53,0.00840944582298171,0.52,0.52,0.48,0
30.54,0.00850994481794691,0.52,0.52,0.48,0
30.55,0.00860742027003944,0.52,0.52,0.48,0
30.56,0.00870183754669527,0.52,0.52,0.48,0
30.57,0.00879316310190555,0.52,0.52,0.48,0
30.58,0.00888136448813545,0.52,0.52,0.48,0
30.59,0.00896641036785234,0.52,0.52,0.48,0
30.6,0.00904827052466019,0.52,0.52,0.48,0
30.61,0.009126915874035,0.52,0.52,0.48,0
30.62,0.00920231847365869,0.52,0.52,0.48,0
30.63,0.00927445153334661,0.52,0.52,0.48,0
30.64,0.00934328942456612,0.52,0.52,0.48,0
30.65,0.00940880768954227,0.52,0.52,0.48,0
30.66,0.00947098304994744,0.52,0.52,0.48,0
30.67,0.00952979341517219,0.52,0.52,0.48,0
30.68,0.00958521789017375,0.52,0.52,0.48,0
30.69,0.00963723678290009,0.52,0.52,0.48,0
30.7,0.0096858316112863,0.52,0.52,0.48,0
30.71,0.00973098510982126,0.52,0.52,0.48,0
30.72,0.00977268123568193,0.52,0.52,0.48,0
30.73,0.00981090517443334,0.52,0.52,0.48,0
30.74,0.00984564334529206,0.52,0.52,0.48,0
30.75,0.00987688340595138,0.52,0.52,0.48,0
30.76,0.00990461425696651,0.52,0.52,0.48,0
30.77,0.00992882604569813,0.52,0.52,0.48,0
30.78,0.009949510169813,0.52,0.52,0.48,0
30.79,0.00996665928034029,0.52,0.52,0.48,0
30.8,0.00998026728428271,0.52,0.52,0.48,0
30.81,0.00999032934678125,0.52,0.52,0.48,0
30.82,0.009996841892833,0.52,0.52,0.48,0
30.83,0.00999980260856137,0.52,0.52,0.48,0
30.84,0.00999921044203816,0.52,0.52,0.48,0
30.85,0.00999506560365731,0.52,0.52,0.48,0
30.86,0.00998736956606018,0.52,0.52,0.48,0
30.87,0.00997612506361225,0.52,0.52,0.48,0
30.88,0.00996133609143173,0.52,0.52,0.48,0
30.89,0.00994300790396999,0.52,0.52,0.48,0
30.9,0.00992114701314478,0.52,0.52,0.48,0
30.91,0.00989576118602651,0.52,0.52,0.48,0
30.92,0.00986685944207867,0.52,0.52,0.48,0
30.93,0.0098344520499533,0.52,0.52,0.48,0
30.94,0.00979855052384247,0.52,0.52,0.48,0
30.95,0.00975916761938748,0.52,0.52,0.48,0
30.96,0.00971631732914674,0.52,0.52,0.48,0
30.97,0.00967001487762435,0.52,0.52,0.48,0
30.98,0.00962027671586087,0.52,0.52,0.48,0
30.99,0.00956712051558831,0.52,0.52,0.48,0
31,0.00951056516295153,0.52,0.52,0.48,0
31.01,0.00945063075179804,0.52,0.52,0.48,0
31.02,0.00938733857653874,0.52,0.52,0.48,0
31.03,0.00932071112458211,0.52,0.52,0.48,0
31.04,0.00925077206834459,0.52,0.52,0.48,0
31.05,0.00917754625683982,0.52,0.52,0.48,0
31.06,0.00910105970684995,0.52,0.52,0.48,0
31.07,0.00902133959368204,0.52,0.52,0.48,0
31.08,0.00893841424151264,0.52,0.52,0.48,0
31.09,0.00885231311332458,0.52,0.52,0.48,0
31.1,0.00876306680043862,0.52,0.52,0.48,0
31.11,0.00867070701164491,0.52,0.52,0.48,0
31.12,0.00857526656193652,0.52,0.52,0.48,0
31.13,0.00847677936085085,0.52,0.52,0.48,0
31.14,0.00837528040042142,0.52,0.52,0.48,0
31.15,0.00827080574274561,0.52,0.52,0.48,0
31.16,0.00816339250717186,0.52,0.52,0.48,0
31.17,0.00805307885711122,0.52,0.52,0.48,0
31.18,0.00793990398647839,0.52,0.52,0.48,0
31.19,0.0078239081057659,0.52,0.52,0.48,0
31.2,0.0077051324277579,0.52,0.52,0.48,0
31.21,0.00758361915288721,0.52,0.52,0.48,0
31.22,0.0074594114542418,0.52,0.52,0.48,0
31.23,0.00733255346222561,0.52,0.52,0.48,0
31.24,0.00720309024887906,0.52,0.52,0.48,0
31.25,0.0070710678118655,0.52,0.52,0.48,0
31.26,0.00693653305812806,0.52,0.52,0.48,0
31.27,0.00679953378722423,0.52,0.52,0.48,0
31.28,0.00666011867434254,0.52,0.52,0.48,0
31.29,0.00651833725300879,0.52,0.52,0.48,0
31.3,0.00637423989748689,0.52,0.52,0.48,0
31.31,0.00622787780488109,0.52,0.52,0.48,0
31.32,0.00607930297694606,0.52,0.52,0.48,0
31.33,0.00592856820161058,0.52,0.52,0.48,0
31.34,0.0057757270342227,0.52,0.52,0.48,0
31.35,0.00562083377852131,0.52,0.52,0.48,0
31.36,0.00546394346734274,0.52,0.52,0.48,0
31.37,0.00530511184306737,0.52,0.52,0.48,0
31.38,0.00514439533781507,0.52,0.52,0.48,0
31.39,0.00498185105339489,0.52,0.52,0.48,0
31.4,0.00481753674101712,0.52,0.52,0.48,0
31.41,0.00465151078077459,0.52,0.52,0.48,0
31.42,0.00448383216090031,0.52,0.52,0.48,0
31.43,0.00431456045680962,0.52,0.52,0.48,0
31.44,0.00414375580993285,0.52,0.52,0.48,0
31.45,0.00397147890634785,0.52,0.52,0.48,0
31.46,0.00379779095521804,0.52,0.52,0.48,0
31.47,0.00362275366704546,0.52,0.52,0.48,0
31.48,0.00344642923174515,0.52,0.52,0.48,0
31.49,0.00326888029654939,0.52,0.52,0.48,0
31.5,0.00309016994374948,0.52,0.52,0.48,0
31.51,0.0029103616682827,0.52,0.52,0.48,0
31.52,0.00272951935517328,0.52,0.52,0.48,0
31.53,0.00254770725683383,0.52,0.52,0.48,0
31.54,0.0023649899702373,0.52,0.52,0.48,0
31.55,0.00218143241396545,0.52,0.52,0.48,0
31.56,0.00199709980514407,0.52,0.52,0.48,0
31.57,0.00181205763627142,0.52,0.52,0.48,0
31.58,0.00162637165194879,0.52,0.52,0.48,0
31.59,0.00144010782552253,0.52,0.52,0.48,0
31.6,0.00125333233564302,0.52,0.52,0.48,0
31.61,0.00106611154275263,0.52,0.52,0.48,0
31.62,0.000878511965507436,0.52,0.52,0.48,0
31.63,0.000690600257144109,0.52,0.52,0.48,0
31.64,0.000502443181797723,0.52,0.52,0.48,0
31.65,0.000314107590781287,0.52,0.52,0.48,0
31.66,0.000125660398833577,0.52,0.52,0.48,0
31.67,-6.28314396556334e-05,0.52,0.52,0.48,0
31.68,-0.000251300954433371,0.52,0.52,0.48,0
31.69,-0.000439681183178669,0.52,0.52,0.48,0
31.7,-0.000627905195293107,0.52,0.52,0.48,0
31.71,-0.000815906115681573,0.52,0.52,0.48,0
31.72,-0.00100361714851217,0.52,0.52,0.48,0
31.73,-0.00119097160094867,0.52,0.52,0.48,0
31.74,-0.00137790290684638,0.52,0.52,0.48,0
31.75,-0.00156434465040226,0.52,0.52,0.48,0
31.76,-0.00175023058975273,0.52,0.52,0.48,0
31.77,-0.0019354946805086,0.52,0.52,0.48,0
31.78,-0.00212007109922057,0.52,0.52,0.48,0
31.79,-0.00230389426676588,0.52,0.52,0.48,0
31.8,-0.00248689887164855,0.52,0.52,0.48,0
31.81,-0.00266901989320378,0.52,0.52,0.48,0
31.82,-0.00285019262469974,0.52,0.52,0.48,0
31.83,-0.00303035269632774,0.52,0.52,0.48,0
31.84,-0.00320943609807205,0.52,0.52,0.48,0
31.85,-0.00338737920245289,0.52,0.52,0.48,0
31.86,-0.00356411878713251,0.52,0.52,0.48,0
31.87,-0.00373959205737802,0.52,0.52,0.48,0
31.88,-0.003913736668372,0.52,0.52,0.48,0
31.89,-0.00408649074736349,0.52,0.52,0.48,0
31.9,-0.00425779291565075,0.52,0.52,0.48,0
31.91,-0.00442758231038899,0.52,0.52,0.48,0
31.92,-0.00459579860621488,0.52,0.52,0.48,0
31.93,-0.00476238203667935,0.52,0.52,0.48,0
31.94,-0.00492727341548289,0.52,0.52,0.48,0
31.95,-0.00509041415750365,0.52,0.52,0.48,0
31.96,-0.00525174629961298,0.52,0.52,0.48,0
31.97,-0.0054112125212688,0.52,0.52,0.48,0
31.98,-0.00556875616488188,0.52,0.52,0.48,0
31.99,-0.00572432125594593,0.52,0.52,0.48,0
32,-0.00587785252292471,0.52,0.52,0.48,0
32.01,-0.00602929541689019,0.52,0.52,0.48,0
32.02,-0.00617859613090336,0.52,0.52,0.48,0
32.03,-0.00632570161913123,0.52,0.52,0.48,0
32.04,-0.00647055961569439,0.52,0.52,0.48,0
32.05,-0.00661311865323648,0.52,0.52,0.48,0
32.06,-0.00675332808121028,0.52,0.52,0.48,0
32.07,-0.00689113808387349,0.52,0.52,0.48,0
32.08,-0.00702649969798846,0.52,0.52,0.48,0
32.09,-0.00715936483021835,0.52,0.52,0.48,0
32.1,-0.00728968627421412,0.52,0.52,0.48,0
32.11,-0.00741741772738736,0.52,0.52,0.48,0
32.12,-0.00754251380736098,0.52,0.52,0.48,0
32.13,-0.0076649300680935,0.52,0.52,0.48,0
32.14,-0.00778462301567021,0.52,0.52,0.48,0
32.15,-0.00790155012375689,0.52,0.52,0.48,0
32.16,-0.00801566984870881,0.52,0.52,0.48,0
32.17,-0.00812694164433096,0.52,0.52,0.48,0
32.18,-0.00823532597628426,0.52,0.52,0.48,0
32.19,-0.00834078433613167,0.52,0.52,0.48,0
32.2,-0.00844327925502017,0.52,0.52,0.48,0
32.21,-0.00854277431699294,0.52,0.52,0.48,0
32.22,-0.00863923417192832,0.52,0.52,0.48,0
32.23,-0.00873262454809921,0.52,0.52,0.48,0
32.24,-0.00882291226434952,0.52,0.52,0.48,0
32.25,-0.00891006524188368,0.52,0.52,0.48,0
32.26,-0.00899405251566369,0.52,0.52,0.48,0
32.27,-0.00907484424541119,0.52,0.52,0.48,0
32.28,-0.00915241172620918,0.52,0.52,0.48,0
32.29,-0.00922672739870113,0.52,0.52,0.48,0
32.3,-0.00929776485888248,0.52,0.52,0.48,0
32.31,-0.00936549886748192,0.52,0.52,0.48,0
32.32,-0.00942990535892863,0.52,0.52,0.48,0
32.33,-0.00949096144990292,0.52,0.52,0.48,0
32.34,-0.00954864544746645,0.52,0.52,0.48,0
32.35,-0.00960293685676944,0.52,0.52,0.48,0
32.36,-0.00965381638833273,0.52,0.52,0.48,0
32.37,-0.00970126596490104,0.52,0.52,0.48,0
32.38,-0.00974526872786578,0.52,0.52,0.48,0
32.39,-0.00978580904325472,0.52,0.52,0.48,0
32.4,-0.00982287250728687,0.52,0.52,0.48,0
32.41,-0.00985644595148999,0.52,0.52,0.48,0
32.42,-0.00988651744737914,0.52,0.52,0.48,0
32.43,-0.00991307631069507,0.52,0.52,0.48,0
32.44,-0.00993611310520008,0.52,0.52,0.48,0
32.45,-0.00995561964603081,0.52,0.52,0.48,0
32.46,-0.00997158900260614,0.52,0.52,0.48,0
32.47,-0.00998401550108975,0.52,0.52,0.48,0
32.48,-0.00999289472640589,0.52,0.52,0.48,0
32.49,-0.00999822352380809,0.52,0.52,0.48,0
32.5,-0.01,0.52,0.52,0.48,0
32.51,-0.00999822352380809,0.52,0.52,0.48,0
32.52,-0.00999289472640589,0.52,0.52,0.48,0
32.53,-0.00998401550108975,0.52,0.52,0.48,0
32.54,-0.00997158900260614,0.52,0.52,0.48,0
32.55,-0.00995561964603081,0.52,0.52,0.48,0
32.56,-0.00993611310520008,0.52,0.52,0.48,0
32.57,-0.00991307631069507,0.52,0.52,0.48,0
32.58,-0.00988651744737915,0.52,0.52,0.48,0
32.59,-0.00985644595148998,0.52,0.52,0.48,0
32.6,-0.00982287250728689,0.52,0.52,0.48,0
32.61,-0.00978580904325473,0.52,0.52,0.48,0
32.62,-0.00974526872786577,0.52,0.52,0.48,0
32.63,-0.00970126596490105,0.52,0.52,0.48,0
32.64,-0.00965381638833274,0.52,0.52,0.48,0
32.65,-0.0096029368567694,0.52,0.52,0.48,0
32.66,-0.00954864544746641,0.52,0.52,0.48,0
32.67,-0.00949096144990294,0.52,0.52,0.48,0
32.68,-0.00942990535892866,0.52,0.52,0.48,0
32.69,-0.0093654988674819,0.52,0.52,0.48,0
32.7,-0.00929776485888251,0.52,0.52,0.48,0
32.71,-0.00922672739870116,0.52,0.52,0.48,0
32.72,-0.00915241172620918,0.52,0.52,0.48,0
32.73,-0.00907484424541114,0.52,0.52,0.48,0
32.74,-0.0089940525156637,0.52,0.52,0.48,0
32.75,-0.00891006524188369,0.52,0.52,0.48,0
32.76,-0.0088229122643495,0.52,0.52,0.48,0
32.77,-0.00873262454809919,0.52,0.52,0.48,0
32.78,-0.00863923417192836,0.52,0.52,0.48,0
32.79,-0.00854277431699298,0.52,0.52,0.48,0
32.8,-0.00844327925502013,0.52,0.52,0.48,0
32.81,-0.00834078433613172,0.52,0.52,0.48,0
32.82,-0.00823532597628427,0.52,0.52,0.48,0
32.83,-0.00812694164433088,0.52,0.52,0.48,0
32.84,-0.00801566984870873,0.52,0.52,0.48,0
32.85,-0.0079015501237569,0.52,0.52,0.48,0
32.86,-0.00778462301567026,0.52,0.52,0.48,0
32.87,-0.00766493006809346,0.52,0.52,0.48,0
32.88,-0.00754251380736103,0.52,0.52,0.48,0
32.89,-0.00741741772738742,0.52,0.52,0.48,0
32.9,-0.00728968627421408,0.52,0.52,0.48,0
32.91,-0.0071593648302183,0.52,0.52,0.48,0
32.92,-0.00702649969798847,0.52,0.52,0.48,0
32.93,-0.00689113808387349,0.52,0.52,0.48,0
32.94,-0.00675332808121018,0.52,0.52,0.48,0
32.95,-0.00661311865323649,0.52,0.52,0.48,0
32.96,-0.00647055961569445,0.52,0.52,0.48,0
32.97,-0.00632570161913129,0.52,0.52,0.48,0
32.98,-0.00617859613090332,0.52,0.52,0.48,0
32.99,-0.00602929541689026,0.52,0.52,0.48,0
33,-0.00587785252292478,0.52,0.52,0.48,0
33.01,-0.00572432125594582,0.52,0.52,0.48,0
33.02,-0.00556875616488183,0.52,0.52,0.48,0
33.03,-0.00541121252126875,0.52,0.52,0.48,0
33.04,-0.00525174629961299,0.52,0.52,0.48,0
33.05,-0.00509041415750366,0.52,0.52,0.48,0
33.06,-0.00492727341548291,0.52,0.52,0.48,0
33.07,-0.00476238203667942,0.52,0.52,0.48,0
33.08,-0.00459579860621483,0.52,0.52,0.48,0
33.09,-0.004427582310389,0.52,0.52,0.48,0
33.1,-0.00425779291565069,0.52,0.52,0.48,0
33.11,-0.0040864907473635,0.52,0.52,0.48,0
33.12,-0.00391373666837195,0.52,0.52,0.48,0
33.13,-0.00373959205737797,0.52,0.52,0.48,0
33.14,-0.00356411878713252,0.52,0.52,0.48,0
33.15,-0.00338737920245284,0.52,0.52,0.48,0
33.16,-0.00320943609807206,0.52,0.52,0.48,0
33.17,-0.00303035269632775,0.52,0.52,0.48,0
33.18,-0.00285019262469982,0.52,0.52,0.48,0
33.19,-0.00266901989320372,0.52,0.52,0.48,0
33.2,-0.00248689887164849,0.52,0.52,0.48,0
33.21,-0.00230389426676589,0.52,0.52,0.48,0
33.22,-0.00212007109922058,0.52,0.52,0.48,0
33.23,-0.00193549468050854,0.52,0.52,0.48,0
33.24,-0.00175023058975275,0.52,0.52,0.48,0
33.25,-0.00156434465040234,0.52,0.52,0.48,0
33.26,-0.00137790290684632,0.52,0.52,0.48,0
33.27,-0.00119097160094868,0.52,0.52,0.48,0
33.28,-0.00100361714851218,0.52,0.52,0.48,0
33.29,-0.000815906115681514,0.52,0.52,0.48,0
33.3,-0.00062790519529319,0.52,0.52,0.48,0
33.31,-0.000439681183178611,0.52,0.52,0.48,0
33.32,-0.000251300954433242,0.52,0.52,0.48,0
33.33,-6.28314396556456e-05,0.52,0.52,0.48,0
33.34,0.000125660398833565,0.52,0.52,0.48,0
33.35,0.000314107590781274,0.52,0.52,0.48,0
33.36,0.00050244318179764,0.52,0.52,0.48,0
33.37,0.000690600257144097,0.52,0.52,0.48,0
33.38,0.000878511965507424,0.52,0.52,0.48,0
33.39,0.00106611154275261,0.52,0.52,0.48,0
33.4,0.00125333233564315,0.52,0.52,0.48,0
33.41,0.00144010782552258,0.52,0.52,0.48,0
33.42,0.00162637165194885,0.52,0.52,0.48,0
33.43,0.00181205763627148,0.52,0.52,0.48,0
33.44,0.00199709980514399,0.52,0.52,0.48,0
33.45,0.00218143241396544,0.52,0.52,0.48,0
33.46,0.00236498997023722,0.52,0.52,0.48,0
33.47,0.00254770725683375,0.52,0.52,0.48,0
33.48,0.00272951935517327,0.52,0.52,0.48,0
33.49,0.00291036166828276,0.52,0.52,0.48,0
33.5,0.00309016994374947,0.52,0.52,0.48,0
33.51,0.00326888029654951,0.52,0.52,0.48,0
33.52,0.00344642923174521,0.52,0.52,0.48,0
33.53,0.00362275366704545,0.52,0.52,0.48,0
33.54,0.00379779095521809,0.52,0.52,0.48,0
33.55,0.00397147890634771,0.52,0.52,0.48,0
33.56,0.00414375580993284,0.52,0.52,0.48,0
33.57,0.00431456045680967,0.52,0.52,0.48,0
33.58,0.0044838321609003,0.52,0.52,0.48,0
33.59,0.00465151078077464,0.52,0.52,0.48,0
33.6,0.00481753674101717,0.52,0.52,0.48,0
33.61,0.00498185105339488,0.52,0.52,0.48,0
33.62,0.00514439533781512,0.52,0.52,0.48,0
33.63,0.00530511184306736,0.52,0.52,0.48,0
33.64,0.00546394346734267,0.52,0.52,0.48,0
33.65,0.00562083377852136,0.52,0.52,0.48,0
33.66,0.00577572703422269,0.52,0.52,0.48,0
33.67,0.00592856820161063,0.52,0.52,0.48,0
33.68,0.00607930297694616,0.52,0.52,0.48,0
33.69,0.00622787780488109,0.52,0.52,0.48,0
33.7,0.00637423989748693,0.52,0.52,0.48,0
33.71,0.00651833725300878,0.52,0.52,0.48,0
33.72,0.00666011867434248,0.52,0.52,0.48,0
33.73,0.00679953378722422,0.52,0.52,0.48,0
33.74,0.00693653305812805,0.52,0.52,0.48,0
33.75,0.00707106781186544,0.52,0.52,0.48,0
33.76,0.0072030902488791,0.52,0.52,0.48,0
33.77,0.00733255346222565,0.52,0.52,0.48,0
33.78,0.00745941145424184,0.52,0.52,0.48,0
33.79,0.00758361915288729,0.52,0.52,0.48,0
33.8,0.00770513242775784,0.52,0.52,0.48,0
33.81,0.00782390810576589,0.52,0.52,0.48,0
33.82,0.00793990398647842,0.52,0.52,0.48,0
33.83,0.00805307885711118,0.52,0.52,0.48,0
33.84,0.00816339250717185,0.52,0.52,0.48,0
33.85,0.0082708057427456,0.52,0.52,0.48,0
33.86,0.00837528040042142,0.52,0.52,0.48,0
33.87,0.00847677936085088,0.52,0.52,0.48,0
33.88,0.00857526656193655,0.52,0.52,0.48,0
33.89,0.0086707070116449,0.52,0.52,0.48,0
33.9,0.00876306680043868,0.52,0.52,0.48,0
33.91,0.00885231311332457,0.52,0.52,0.48,0
33.92,0.00893841424151264,0.52,0.52,0.48,0
33.93,0.00902133959368207,0.52,0.52,0.48,0
33.94,0.00910105970684992,0.52,0.52,0.48,0
33.95,0.00917754625683981,0.52,0.52,0.48,0
33.96,0.00925077206834456,0.52,0.52,0.48,0
33.97,0.00932071112458207,0.52,0.52,0.48,0
33.98,0.00938733857653874,0.52,0.52,0.48,0
33.99,0.00945063075179803,0.52,0.52,0.48,0
34,0.00951056516295151,0.52,0.52,0.48,0
34.01,0.00956712051558835,0.52,0.52,0.48,0
34.02,0.00962027671586088,0.52,0.52,0.48,0
34.03,0.00967001487762436,0.52,0.52,0.48,0
34.04,0.00971631732914677,0.52,0.52,0.48,0
34.05,0.00975916761938746,0.52,0.52,0.48,0
34.06,0.00979855052384248,0.52,0.52,0.48,0
34.07,0.00983445204995332,0.52,0.52,0.48,0
34.08,0.00986685944207867,0.52,0.52,0.48,0
34.09,0.00989576118602652,0.52,0.52,0.48,0
34.1,0.00992114701314478,0.52,0.52,0.48,0
34.11,0.00994300790396998,0.52,0.52,0.48,0
34.12,0.00996133609143173,0.52,0.52,0.48,0
34.13,0.00997612506361225,0.52,0.52,0.48,0
34.14,0.00998736956606017,0.52,0.52,0.48,0
34.15,0.00999506560365732,0.52,0.52,0.48,0
34.16,0.00999921044203816,0.52,0.52,0.48,0
34.17,0.00999980260856137,0.52,0.52,0.48,0
34.18,0.009996841892833,0.52,0.52,0.48,0
34.19,0.00999032934678125,0.52,0.52,0.48,0
34.2,0.00998026728428271,0.52,0.52,0.48,0
34.21,0.0099666592803403,0.52,0.52,0.48,0
34.22,0.009949510169813,0.52,0.52,0.48,0
34.23,0.00992882604569813,0.52,0.52,0.48,0
34.24,0.00990461425696651,0.52,0.52,0.48,0
34.25,0.00987688340595138,0.52,0.52,0.48,0
34.26,0.00984564334529204,0.52,0.52,0.48,0
34.27,0.00981090517443333,0.52,0.52,0.48,0
34.28,0.00977268123568193,0.52,0.52,0.48,0
34.29,0.00973098510982124,0.52,0.52,0.48,0
34.3,0.00968583161128633,0.52,0.52,0.48,0
34.31,0.0096372367829001,0.52,0.52,0.48,0
34.32,0.00958521789017373,0.52,0.52,0.48,0
34.33,0.00952979341517222,0.52,0.52,0.48,0
34.34,0.00947098304994744,0.52,0.52,0.48,0
34.35,0.00940880768954227,0.52,0.52,0.48,0
34.36,0.00934328942456615,0.52,0.52,0.48,0
34.37,0.00927445153334661,0.52,0.52,0.48,0
34.38,0.00920231847365872,0.52,0.52,0.48,0
34.39,0.00912691587403501,0.52,0.52,0.48,0
34.4,0.00904827052466013,0.52,0.52,0.48,0
34.41,0.00896641036785232,0.52,0.52,0.48,0
34.42,0.00888136448813542,0.52,0.52,0.48,0
34.43,0.00879316310190549,0.52,0.52,0.48,0
34.44,0.00870183754669528,0.52,0.52,0.48,0
34.45,0.00860742027003941,0.52,0.52,0.48,0
34.46,0.00850994481794692,0.52,0.52,0.48,0
34.47,0.00840944582298171,0.52,0.52,0.48,0
34.48,0.0083059589919581,0.52,0.52,0.48,0
34.49,0.00819952109325452,0.52,0.52,0.48,0
34.5,0.0080901699437495,0.52,0.52,0.48,0
34.51,0.00797794439538568,0.52,0.52,0.48,0
34.52,0.00786288432136619,0.52,0.52,0.48,0
34.53,0.00774503060198737,0.52,0.52,0.48,0
34.54,0.00762442511011444,0.52,0.52,0.48,0
34.55,0.00750111069630469,0.52,0.52,0.48,0
34.56,0.00737513117358177,0.52,0.52,0.48,0
34.57,0.00724653130187043,0.52,0.52,0.48,0
34.58,0.00711535677209285,0.52,0.52,0.48,0
34.59,0.00698165418993466,0.52,0.52,0.48,0
34.6,0.00684547105928685,0.52,0.52,0.48,0
34.61,0.0067068557653672,0.52,0.52,0.48,0
34.62,0.00656585755752949,0.52,0.52,0.48,0
34.63,0.0064225265317658,0.52,0.52,0.48,0
34.64,0.006276913612907,0.52,0.52,0.48,0
34.65,0.00612907053652968,0.52,0.52,0.48,0
34.66,0.00597904983057515,0.52,0.52,0.48,0
34.67,0.00582690479668576,0.52,0.52,0.48,0
34.68,0.00567268949126748,0.52,0.52,0.48,0
34.69,0.00551645870628438,0.52,0.52,0.48,0
34.7,0.00535826794978996,0.52,0.52,0.48,0
34.71,0.00519817342620713,0.52,0.52,0.48,0
34.72,0.00503623201635769,0.52,0.52,0.48,0
34.73,0.00487250125725332,0.52,0.52,0.48,0
34.74,0.00470703932165336,0.52,0.52,0.48,0
34.75,0.00453990499739555,0.52,0.52,0.48,0
34.76,0.00437115766650932,0.52,0.52,0.48,0
34.77,0.00420085728411797,0.52,0.52,0.48,0
34.78,0.00402906435713658,0.52,0.52,0.48,0
34.79,0.00385583992277383,0.52,0.52,0.48,0
34.8,0.00368124552684682,0.52,0.52,0.48,0
34.81,0.00350534320191254,0.52,0.52,0.48,0
34.82,0.00332819544522973,0.52,0.52,0.48,0
34.83,0.00314986519655309,0.52,0.52,0.48,0
34.84,0.0029704158157703,0.52,0.52,0.48,0
34.85,0.00278991106039228,0.52,0.52,0.48,0
34.86,0.00260841506289901,0.52,0.52,0.48,0
34.87,0.00242599230795402,0.52,0.52,0.48,0
34.88,0.0022427076094938,0.52,0.52,0.48,0
34.89,0.00205862608769885,0.52,0.52,0.48,0
34.9,0.00187381314585719,0.52,0.52,0.48,0
34.91,0.00168833444712733,0.52,0.52,0.48,0
34.92,0.00150225589120761,0.52,0.52,0.48,0
34.93,0.00131564359092277,0.52,0.52,0.48,0
34.94,0.00112856384873495,0.52,0.52,0.48,0
34.95,0.000941083133185181,0.52,0.52,0.48,0
34.96,0.000753268055279271,0.52,0.52,0.48,0
34.97,0.000565185344820236,0.52,0.52,0.48,0
34.98,0.000376901826699241,0.52,0.52,0.48,0
34.99,0.000188484397154025,0.52,0.52,0.48,0
35,-9.80955400591059e-18,0.52,0.52,0.48,0
35.01,-0.000188484397154186,0.52,0.52,0.48,0
35.02,-0.000376901826699403,0.52,0.52,0.48,0
35.03,-0.000565185344820255,0.52,0.52,0.48,0
35.04,-0.000753268055279432,0.52,0.52,0.48,0
35.05,-0.000941083133185059,0.52,0.52,0.48,0
35.06,-0.00112856384873483,0.52,0.52,0.48,0
35.07,-0.00131564359092293,0.52,0.52,0.48,0
35.08,-0.00150225589120749,0.52,0.52,0.48,0
35.09,-0.00168833444712735,0.52,0.52,0.48,0
35.1,-0.00187381314585721,0.52,0.52,0.48,0
35.11,-0.00205862608769873,0.52,0.52,0.48,0
35.12,-0.00224270760949382,0.52,0.52,0.48,0
35.13,-0.00242599230795404,0.52,0.52,0.48,0
35.14,-0.00260841506289889,0.52,0.52,0.48,0
35.15,-0.0027899110603923,0.52,0.52,0.48,0
35.16,-0.00297041581577045,0.52,0.52,0.48,0
35.17,-0.0031498651965531,0.52,0.52,0.48,0
35.18,-0.00332819544523001,0.52,0.52,0.48,0
35.19,-0.00350534320191256,0.52,0.52,0.48,0
35.2,-0.00368124552684683,0.52,0.52,0.48,0
35.21,-0.00385583992277398,0.52,0.52,0.48,0
35.22,-0.0040290643571366,0.52,0.52,0.48,0
35.23,-0.00420085728411812,0.52,0.52,0.48,0
35.24,-0.00437115766650934,0.52,0.52,0.48,0
35.25,-0.00453990499739544,0.52,0.52,0.48,0
35.26,-0.00470703932165338,0.52,0.52,0.48,0
35.27,-0.00487250125725333,0.52,0.52,0.48,0
35.28,-0.00503623201635758,0.52,0.52,0.48,0
35.29,-0.00519817342620715,0.52,0.52,0.48,0
35.3,-0.00535826794978986,0.52,0.52,0.48,0
35.31,-0.00551645870628427,0.52,0.52,0.48,0
35.32,-0.00567268949126761,0.52,0.52,0.48,0
35.33,-0.00582690479668566,0.52,0.52,0.48,0
35.34,-0.00597904983057528,0.52,0.52,0.48,0
35.35,-0.00612907053652981,0.52,0.52,0.48,0
35.36,-0.00627691361290702,0.52,0.52,0.48,0
35.37,-0.00642252653176593,0.52,0.52,0.48,0
35.38,-0.00656585755752961,0.52,0.52,0.48,0
35.39,-0.00670685576536721,0.52,0.52,0.48,0
35.4,-0.00684547105928697,0.52,0.52,0.48,0
35.41,-0.00698165418993477,0.52,0.52,0.48,0
35.42,-0.00711535677209286,0.52,0.52,0.48,0
35.43,-0.00724653130187054,0.52,0.52,0.48,0
35.44,-0.00737513117358168,0.52,0.52,0.48,0
35.45,-0.00750111069630461,0.52,0.52,0.48,0
35.46,-0.00762442511011446,0.52,0.52,0.48,0
35.47,-0.00774503060198729,0.52,0.52,0.48,0
35.48,-0.0078628843213662,0.52,0.52,0.48,0
35.49,-0.00797794439538569,0.52,0.52,0.48,0
35.5,-0.00809016994374943,0.52,0.52,0.48,0
35.51,-0.00819952109325453,0.52,0.52,0.48,0
35.52,-0.00830595899195811,0.52,0.52,0.48,0
35.53,-0.00840944582298172,0.52,0.52,0.48,0
35.54,-0.008509944817947,0.52,0.52,0.48,0
35.55,-0.00860742027003942,0.52,0.52,0.48,0
35.56,-0.00870183754669529,0.52,0.52,0.48,0
35.57,-0.00879316310190564,0.52,0.52,0.48,0
35.58,-0.00888136448813543,0.52,0.52,0.48,0
35.59,-0.00896641036785239,0.52,0.52,0.48,0
35.6,-0.0090482705246602,0.52,0.52,0.48,0
35.61,-0.00912691587403502,0.52,0.52,0.48,0
35.62,-0.00920231847365873,0.52,0.52,0.48,0
35.63,-0.00927445153334662,0.52,0.52,0.48,0
35.64,-0.00934328942456611,0.52,0.52,0.48,0
35.65,-0.00940880768954228,0.52,0.52,0.48,0
35.66,-0.00947098304994745,0.52,0.52,0.48,0
35.67,-0.00952979341517218,0.52,0.52,0.48,0
35.68,-0.00958521789017378,0.52,0.52,0.48,0
35.69,-0.00963723678290006,0.52,0.52,0.48,0
35.7,-0.0096858316112863,0.52,0.52,0.48,0
35.71,-0.00973098510982125,0.52,0.52,0.48,0
35.72,-0.00977268123568194,0.52,0.52,0.48,0
35.73,-0.00981090517443336,0.52,0.52,0.48,0
35.74,-0.00984564334529207,0.52,0.52,0.48,0
35.75,-0.00987688340595138,0.52,0.52,0.48,0
35.76,-0.00990461425696653,0.52,0.52,0.48,0
35.77,-0.00992882604569814,0.52,0.52,0.48,0
35.78,-0.009949510169813,0.52,0.52,0.48,0
35.79,-0.00996665928034031,0.52,0.52,0.48,0
35.8,-0.00998026728428271,0.52,0.52,0.48,0
35.81,-0.00999032934678125,0.52,0.52,0.48,0
35.82,-0.009996841892833,0.52,0.52,0.48,0
35.83,-0.00999980260856137,0.52,0.52,0.48,0
35.84,-0.00999921044203816,0.52,0.52,0.48,0
35.85,-0.00999506560365732,0.52,0.52,0.48,0
35.86,-0.00998736956606018,0.52,0.52,0.48,0
35.87,-0.00997612506361225,0.52,0.52,0.48,0
35.88,-0.00996133609143173,0.52,0.52,0.48,0
35.89,-0.00994300790397,0.52,0.52,0.48,0
35.9,-0.00992114701314478,0.52,0.52,0.48,0
35.91,-0.00989576118602651,0.52,0.52,0.48,0
35.92,-0.00986685944207867,0.52,0.52,0.48,0
35.93,-0.00983445204995327,0.52,0.52,0.48,0
35.94,-0.00979855052384247,0.52,0.52,0.48,0
35.95,-0.00975916761938746,0.52,0.52,0.48,0
35.96,-0.00971631732914673,0.52,0.52,0.48,0
35.97,-0.00967001487762436,0.52,0.52,0.48,0
35.98,-0.00962027671586084,0.52,0.52,0.48,0
35.99,-0.0095671205155883,0.52,0.52,0.48,0
36,-0.00951056516295154,0.52,0.52,0.48,0
36.01,-0.00945063075179803,0.52,0.52,0.48,0
36.02,-0.00938733857653873,0.52,0.52,0.48,0
36.03,-0.00932071112458212,0.52,0.52,0.48,0
36.04,-0.00925077206834455,0.52,0.52,0.48,0
36.05,-0.00917754625683986,0.52,0.52,0.48,0
36.06,-0.00910105970684997,0.52,0.52,0.48,0
36.07,-0.009021339593682,0.52,0.52,0.48,0
36.08,-0.00893841424151269,0.52,0.52,0.48,0
36.09,-0.00885231311332456,0.52,0.52,0.48,0
36.1,-0.0087630668004386,0.52,0.52,0.48,0
36.11,-0.00867070701164489,0.52,0.52,0.48,0
36.12,-0.00857526656193646,0.52,0.52,0.48,0
36.13,-0.0084767793608508,0.52,0.52,0.48,0
36.14,-0.0083752804004214,0.52,0.52,0.48,0
36.15,-0.00827080574274555,0.52,0.52,0.48,0
36.16,-0.0081633925071718,0.52,0.52,0.48,0
36.17,-0.0080530788571112,0.52,0.52,0.48,0
36.18,-0.00793990398647828,0.52,0.52,0.48,0
36.19,-0.00782390810576593,0.52,0.52,0.48,0
36.2,-0.00770513242775788,0.52,0.52,0.48,0
36.21,-0.00758361915288723,0.52,0.52,0.48,0
36.22,-0.00745941145424187,0.52,0.52,0.48,0
36.23,-0.00733255346222558,0.52,0.52,0.48,0
36.24,-0.00720309024887909,0.52,0.52,0.48,0
36.25,-0.00707106781186553,0.52,0.52,0.48,0
36.26,-0.00693653305812803,0.52,0.52,0.48,0
36.27,-0.00679953378722421,0.52,0.52,0.48,0
36.28,-0.00666011867434257,0.52,0.52,0.48,0
36.29,-0.00651833725300877,0.52,0.52,0.48,0
36.3,-0.00637423989748691,0.52,0.52,0.48,0
36.31,-0.00622787780488107,0.52,0.52,0.48,0
36.32,-0.00607930297694592,0.52,0.52,0.48,0
36.33,-0.00592856820161061,0.52,0.52,0.48,0
36.34,-0.00577572703422262,0.52,0.52,0.48,0
36.35,-0.00562083377852129,0.52,0.52,0.48,0
36.36,-0.00546394346734271,0.52,0.52,0.48,0
36.37,-0.00530511184306728,0.52,0.52,0.48,0
36.38,-0.00514439533781504,0.52,0.52,0.48,0
36.39,-0.00498185105339493,0.52,0.52,0.48,0
36.4,-0.00481753674101709,0.52,0.52,0.48,0
36.41,-0.00465151078077456,0.52,0.52,0.48,0
36.42,-0.00448383216090034,0.52,0.52,0.48,0
36.43,-0.00431456045680952,0.52,0.52,0.48,0
36.44,-0.00414375580993295,0.52,0.52,0.48,0
36.45,-0.00397147890634783,0.52,0.52,0.48,0
36.46,-0.00379779095521807,0.52,0.52,0.48,0
36.47,-0.00362275366704557,0.52,0.52,0.48,0
36.48,-0.00344642923174519,0.52,0.52,0.48,0
36.49,-0.00326888029654936,0.52,0.52,0.48,0
36.5,-0.00309016994374945,0.52,0.52,0.48,0
36.51,-0.0029103616682826,0.52,0.52,0.48,0
36.52,-0.00272951935517318,0.52,0.52,0.48,0
36.53,-0.0025477072568338,0.52,0.52,0.48,0
36.54,-0.00236498997023713,0.52,0.52,0.48,0
36.55,-0.00218143241396549,0.52,0.52,0.48,0
36.56,-0.00199709980514404,0.52,0.52,0.48,0
36.57,-0.00181205763627125,0.52,0.52,0.48,0
36.58,-0.0016263716519489,0.52,0.52,0.48,0
36.59,-0.00144010782552249,0.52,0.52,0.48,0
36.6,-0.00125333233564306,0.52,0.52,0.48,0
36.61,-0.00106611154275267,0.52,0.52,0.48,0
36.62,-0.000878511965507404,0.52,0.52,0.48,0
36.63,-0.000690600257144077,0.52,0.52,0.48,0
36.64,-0.000502443181797762,0.52,0.52,0.48,0
36.65,-0.000314107590781255,0.52,0.52,0.48,0
36.66,-0.000125660398833545,0.52,0.52,0.48,0
36.67,6.28314396556652e-05,0.52,0.52,0.48,0
36.68,0.000251300954433545,0.52,0.52,0.48,0
36.69,0.00043968118317863,0.52,0.52,0.48,0
36.7,0.00062790519529321,0.52,0.52,0.48,0
36.71,0.000815906115681604,0.52,0.52,0.48,0
36.72,0.00100361714851213,0.52,0.52,0.48,0
36.73,0.00119097160094877,0.52,0.52,0.48,0
36.74,0.00137790290684641,0.52,0.52,0.48,0
36.75,0.00156434465040229,0.52,0.52,0.48,0
36.76,0.00175023058975284,0.52,0.52,0.48,0
36.77,0.00193549468050863,0.52,0.52,0.48,0
36.78,0.00212007109922053,0.52,0.52,0.48,0
36.79,0.00230389426676598,0.52,0.52,0.48,0
36.8,0.00248689887164844,0.52,0.52,0.48,0
36.81,0.00266901989320374,0.52,0.52,0.48,0
36.82,0.00285019262469984,0.52,0.52,0.48,0
36.83,0.00303035269632763,0.52,0.52,0.48,0
36.84,0.00320943609807208,0.52,0.52,0.48,0
36.85,0.00338737920245285,0.52,0.52,0.48,0
36.86,0.00356411878713254,0.52,0.52,0.48,0
36.87,0.00373959205737812,0.52,0.52,0.48,0
36.88,0.0039137366683721,0.52,0.52,0.48,0
36.89,0.00408649074736352,0.52,0.52,0.48,0
36.9,0.00425779291565084,0.52,0.52,0.48,0
36.91,0.00442758231038909,0.52,0.52,0.48,0
36.92,0.00459579860621491,0.52,0.52,0.48,0
36.93,0.0047623820366795,0.52,0.52,0.48,0
36.94,0.00492727341548286,0.52,0.52,0.48,0
36.95,0.00509041415750374,0.52,0.52,0.48,0
36.96,0.00525174629961294,0.52,0.52,0.48,0
36.97,0.00541121252126871,0.52,0.52,0.48,0
36.98,0.00556875616488191,0.52,0.52,0.48,0
36.99,0.0057243212559459,0.52,0.52,0.48,0
37,0.00587785252292468,0.52,0.52,0.48,0
37.01,0.00602929541689027,0.52,0.52,0.48,0
37.02,0.00617859613090333,0.52,0.52,0.48,0
37.03,0.0063257016191312,0.52,0.52,0.48,0
37.04,0.00647055961569447,0.52,0.52,0.48,0
37.05,0.00661311865323651,0.52,0.52,0.48,0
37.06,0.0067533280812103,0.52,0.52,0.48,0
37.07,0.00689113808387361,0.52,0.52,0.48,0
37.08,0.00702649969798848,0.52,0.52,0.48,0
37.09,0.00715936483021837,0.52,0.52,0.48,0
37.1,0.00728968627421414,0.52,0.52,0.48,0
37.11,0.00741741772738738,0.52,0.52,0.48,0
37.12,0.00754251380736109,0.52,0.52,0.48,0
37.13,0.00766493006809352,0.52,0.52,0.48,0
37.14,0.00778462301567023,0.52,0.52,0.48,0
37.15,0.00790155012375695,0.52,0.52,0.48,0
37.16,0.00801566984870879,0.52,0.52,0.48,0
37.17,0.00812694164433093,0.52,0.52,0.48,0
37.18,0.00823532597628432,0.52,0.52,0.48,0
37.19,0.00834078433613165,0.52,0.52,0.48,0
37.2,0.00844327925502014,0.52,0.52,0.48,0
37.21,0.00854277431699292,0.52,0.52,0.48,0
37.22,0.0086392341719283,0.52,0.52,0.48,0
37.23,0.0087326245480992,0.52,0.52,0.48,0
37.24,0.0088229122643495,0.52,0.52,0.48,0
37.25,0.0089100652418837,0.52,0.52,0.48,0
37.26,0.00899405251566377,0.52,0.52,0.48,0
37.27,0.0090748442454112,0.52,0.52,0.48,0
37.28,0.00915241172620919,0.52,0.52,0.48,0
37.29,0.0092267273987012,0.52,0.52,0.48,0
37.3,0.00929776485888249,0.52,0.52,0.48,0
37.31,0.00936549886748194,0.52,0.52,0.48,0
37.32,0.00942990535892869,0.52,0.52,0.48,0
37.33,0.00949096144990293,0.52,0.52,0.48,0
37.34,0.00954864544746644,0.52,0.52,0.48,0
37.35,0.00960293685676943,0.52,0.52,0.48,0
37.36,0.00965381638833272,0.52,0.52,0.48,0
37.37,0.00970126596490107,0.52,0.52,0.48,0
37.38,0.00974526872786577,0.52,0.52,0.48,0
37.39,0.00978580904325471,0.52,0.52,0.48,0
37.4,0.00982287250728689,0.52,0.52,0.48,0
37.41,0.00985644595148998,0.52,0.52,0.48,0
37.42,0.00988651744737913,0.52,0.52,0.48,0
37.43,0.00991307631069507,0.52,0.52,0.48,0
37.44,0.00993611310520008,0.52,0.52,0.48,0
37.45,0.00995561964603081,0.52,0.52,0.48,0
37.46,0.00997158900260614,0.52,0.52,0.48,0
37.47,0.00998401550108975,0.52,0.52,0.48,0
37.48,0.0099928947264059,0.52,0.52,0.48,0
37.49,0.00999822352380809,0.52,0.52,0.48,0
37.5,0.01,0.52,0.52,0.48,0
37.51,0.00999822352380809,0.52,0.52,0.48,0
37.52,0.00999289472640589,0.52,0.52,0.48,0
37.53,0.00998401550108975,0.52,0.52,0.48,0
37.54,0.00997158900260613,0.52,0.52,0.48,0
37.55,0.00995561964603081,0.52,0.52,0.48,0
37.56,0.00993611310520008,0.52,0.52,0.48,0
37.57,0.00991307631069505,0.52,0.52,0.48,0
37.58,0.00988651744737916,0.52,0.52,0.48,0
37.59,0.00985644595148998,0.52,0.52,0.48,0
37.6,0.0098228725072869,0.52,0.52,0.48,0
37.61,0.00978580904325474,0.52,0.52,0.48,0
37.62,0.00974526872786577,0.52,0.52,0.48,0
37.63,0.00970126596490104,0.52,0.52,0.48,0
37.64,0.00965381638833273,0.52,0.52,0.48,0
37.65,0.00960293685676939,0.52,0.52,0.48,0
37.66,0.0095486454474664,0.52,0.52,0.48,0
37.67,0.00949096144990293,0.52,0.52,0.48,0
37.68,0.0094299053589286,0.52,0.52,0.48,0
37.69,0.00936549886748194,0.52,0.52,0.48,0
37.7,0.0092977648588825,0.52,0.52,0.48,0
37.71,0.00922672739870115,0.52,0.52,0.48,0
37.72,0.0091524117262092,0.52,0.52,0.48,0
37.73,0.00907484424541115,0.52,0.52,0.48,0
37.74,0.00899405251566371,0.52,0.52,0.48,0
37.75,0.0089100652418837,0.52,0.52,0.48,0
37.76,0.00882291226434951,0.52,0.52,0.48,0
37.77,0.0087326245480992,0.52,0.52,0.48,0
37.78,0.00863923417192838,0.52,0.52,0.48,0
37.79,0.00854277431699293,0.52,0.52,0.48,0
37.8,0.00844327925502023,0.52,0.52,0.48,0
37.81,0.00834078433613174,0.52,0.52,0.48,0
37.82,0.00823532597628425,0.52,0.52,0.48,0
37.83,0.00812694164433094,0.52,0.52,0.48,0
37.84,0.00801566984870871,0.52,0.52,0.48,0
37.85,0.00790155012375688,0.52,0.52,0.48,0
37.86,0.00778462301567024,0.52,0.52,0.48,0
37.87,0.00766493006809344,0.52,0.52,0.48,0
37.88,0.00754251380736101,0.52,0.52,0.48,0
37.89,0.0074174177273874,0.52,0.52,0.48,0
37.9,0.00728968627421405,0.52,0.52,0.48,0
37.91,0.00715936483021828,0.52,0.52,0.48,0
37.92,0.0070264996979885,0.52,0.52,0.48,0
37.93,0.00689113808387342,0.52,0.52,0.48,0
37.94,0.00675332808121032,0.52,0.52,0.48,0
37.95,0.00661311865323652,0.52,0.52,0.48,0
37.96,0.00647055961569448,0.52,0.52,0.48,0
37.97,0.00632570161913132,0.52,0.52,0.48,0
37.98,0.00617859613090335,0.52,0.52,0.48,0
37.99,0.00602929541689029,0.52,0.52,0.48,0
38,0.0058778525229247,0.52,0.52,0.48,0
38.01,0.0057243212559458,0.52,0.52,0.48,0
38.02,0.00556875616488181,0.52,0.52,0.48,0
38.03,0.00541121252126872,0.52,0.52,0.48,0
38.04,0.00525174629961284,0.52,0.52,0.48,0
38.05,0.00509041415750376,0.52,0.52,0.48,0
38.06,0.00492727341548288,0.52,0.52,0.48,0
38.07,0.00476238203667927,0.52,0.52,0.48,0
38.08,0.00459579860621492,0.52,0.52,0.48,0
38.09,0.00442758231038898,0.52,0.52,0.48,0
38.1,0.00425779291565073,0.52,0.52,0.48,0
38.11,0.00408649074736354,0.52,0.52,0.48,0
38.12,0.00391373666837198,0.52,0.52,0.48,0
38.13,0.00373959205737801,0.52,0.52,0.48,0
38.14,0.00356411878713255,0.52,0.52,0.48,0
38.15,0.00338737920245287,0.52,0.52,0.48,0
38.16,0.0032094360980721,0.52,0.52,0.48,0
38.17,0.00303035269632779,0.52,0.52,0.48,0
38.18,0.00285019262469972,0.52,0.52,0.48,0
38.19,0.00266901989320376,0.52,0.52,0.48,0
38.2,0.00248689887164846,0.52,0.52,0.48,0
38.21,0.00230389426676586,0.52,0.52,0.48,0
38.22,0.00212007109922055,0.52,0.52,0.48,0
38.23,0.00193549468050851,0.52,0.52,0.48,0
38.24,0.00175023058975272,0.52,0.52,0.48,0
38.25,0.00156434465040231,0.52,0.52,0.48,0
38.26,0.00137790290684629,0.52,0.52,0.48,0
38.27,0.00119097160094865,0.52,0.52,0.48,0
38.28,0.00100361714851215,0.52,0.52,0.48,0
38.29,0.000815906115681482,0.52,0.52,0.48,0
38.3,0.000627905195293229,0.52,0.52,0.48,0
38.31,0.00043968118317865,0.52,0.52,0.48,0
38.32,0.000251300954433281,0.52,0.52,0.48,0
38.33,6.28314396556848e-05,0.52,0.52,0.48,0
38.34,-0.000125660398833526,0.52,0.52,0.48,0
38.35,-0.000314107590781235,0.52,0.52,0.48,0
38.36,-0.000502443181797601,0.52,0.52,0.48,0
38.37,-0.000690600257144058,0.52,0.52,0.48,0
38.38,-0.000878511965507385,0.52,0.52,0.48,0
38.39,-0.00106611154275265,0.52,0.52,0.48,0
38.4,-0.00125333233564318,0.52,0.52,0.48,0
38.41,-0.00144010782552262,0.52,0.52,0.48,0
38.42,-0.00162637165194888,0.52,0.52,0.48,0
38.43,-0.00181205763627151,0.52,0.52,0.48,0
38.44,-0.00199709980514402,0.52,0.52,0.48,0
38.45,-0.00218143241396547,0.52,0.52,0.48,0
38.46,-0.00236498997023725,0.52,0.52,0.48,0
38.47,-0.00254770725683378,0.52,0.52,0.48,0
38.48,-0.0027295193551733,0.52,0.52,0.48,0
38.49,-0.00291036166828272,0.52,0.52,0.48,0
38.5,-0.00309016994374943,0.52,0.52,0.48,0
38.51,-0.00326888029654947,0.52,0.52,0.48,0
38.52,-0.00344642923174517,0.52,0.52,0.48,0
38.53,-0.00362275366704541,0.52,0.52,0.48,0
38.54,-0.00379779095521806,0.52,0.52,0.48,0
38.55,-0.00397147890634768,0.52,0.52,0.48,0
38.56,-0.0041437558099328,0.52,0.52,0.48,0
38.57,-0.00431456045680963,0.52,0.52,0.48,0
38.58,-0.00448383216090032,0.52,0.52,0.48,0
38.59,-0.00465151078077467,0.52,0.52,0.48,0
38.6,-0.0048175367410172,0.52,0.52,0.48,0
38.61,-0.00498185105339491,0.52,0.52,0.48,0
38.62,-0.00514439533781515,0.52,0.52,0.48,0
38.63,-0.00530511184306738,0.52,0.52,0.48,0
38.64,-0.00546394346734269,0.52,0.52,0.48,0
38.65,-0.00562083377852139,0.52,0.52,0.48,0
38.66,-0.00577572703422272,0.52,0.52,0.48,0
38.67,-0.00592856820161059,0.52,0.52,0.48,0
38.68,-0.00607930297694613,0.52,0.52,0.48,0
38.69,-0.00622787780488105,0.52,0.52,0.48,0
38.7,-0.0063742398974869,0.52,0.52,0.48,0
38.71,-0.00651833725300875,0.52,0.52,0.48,0
38.72,-0.00666011867434245,0.52,0.52,0.48,0
38.73,-0.00679953378722419,0.52,0.52,0.48,0
38.74,-0.00693653305812802,0.52,0.52,0.48,0
38.75,-0.00707106781186541,0.52,0.52,0.48,0
38.76,-0.00720309024887907,0.52,0.52,0.48,0
38.77,-0.00733255346222567,0.52,0.52,0.48,0
38.78,-0.00745941145424186,0.52,0.52,0.48,0
38.79,-0.00758361915288731,0.52,0.52,0.48,0
38.8,-0.00770513242775786,0.52,0.52,0.48,0
38.81,-0.00782390810576591,0.52,0.52,0.48,0
38.82,-0.00793990398647844,0.52,0.52,0.48,0
38.83,-0.00805307885711119,0.52,0.52,0.48,0
38.84,-0.00816339250717187,0.52,0.52,0.48,0
38.85,-0.00827080574274562,0.52,0.52,0.48,0
38.86,-0.00837528040042139,0.52,0.52,0.48,0
38.87,-0.00847677936085086,0.52,0.52,0.48,0
38.88,-0.00857526656193652,0.52,0.52,0.48,0
38.89,-0.00867070701164488,0.52,0.52,0.48,0
38.9,-0.00876306680043866,0.52,0.52,0.48,0
38.91,-0.00885231311332456,0.52,0.52,0.48,0
38.92,-0.00893841424151262,0.52,0.52,0.48,0
38.93,-0.00902133959368205,0.52,0.52,0.48,0
38.94,-0.0091010597068499,0.52,0.52,0.48,0
38.95,-0.00917754625683979,0.52,0.52,0.48,0
38.96,-0.0092507720683446,0.52,0.52,0.48,0
38.97,-0.00932071112458211,0.52,0.52,0.48,0
38.98,-0.00938733857653878,0.52,0.52,0.48,0
38.99,-0.00945063075179807,0.52,0.52,0.48,0
39,-0.00951056516295154,0.52,0.52,0.48,0
39.01,-0.00956712051558833,0.52,0.52,0.48,0
39.02,-0.00962027671586087,0.52,0.52,0.48,0
39.03,-0.00967001487762435,0.52,0.52,0.48,0
39.04,-0.00971631732914676,0.52,0.52,0.48,0
39.05,-0.00975916761938746,0.52,0.52,0.48,0
39.06,-0.00979855052384247,0.52,0.52,0.48,0
39.07,-0.00983445204995331,0.52,0.52,0.48,0
39.08,-0.00986685944207867,0.52,0.52,0.48,0
39.09,-0.00989576118602651,0.52,0.52,0.48,0
39.1,-0.00992114701314477,0.52,0.52,0.48,0
39.11,-0.00994300790396998,0.52,0.52,0.48,0
39.12,-0.00996133609143172,0.52,0.52,0.48,0
39.13,-0.00997612506361225,0.52,0.52,0.48,0
39.14,-0.00998736956606017,0.52,0.52,0.48,0
39.15,-0.00999506560365732,0.52,0.52,0.48,0
39.16,-0.00999921044203816,0.52,0.52,0.48,0
39.17,-0.00999980260856137,0.52,0.52,0.48,0
39.18,-0.009996841892833,0.52,0.52,0.48,0
39.19,-0.00999032934678125,0.52,0.52,0.48,0
39.2,-0.00998026728428271,0.52,0.52,0.48,0
39.21,-0.0099666592803403,0.52,0.52,0.48,0
39.22,-0.00994951016981301,0.52,0.52,0.48,0
39.23,-0.00992882604569813,0.52,0.52,0.48,0
39.24,-0.00990461425696651,0.52,0.52,0.48,0
39.25,-0.00987688340595138,0.52,0.52,0.48,0
39.26,-0.00984564334529204,0.52,0.52,0.48,0
39.27,-0.00981090517443334,0.52,0.52,0.48,0
39.28,-0.00977268123568194,0.52,0.52,0.48,0
39.29,-0.00973098510982125,0.52,0.52,0.48,0
39.3,-0.00968583161128635,0.52,0.52,0.48,0
39.31,-0.00963723678290011,0.52,0.52,0.48,0
39.32,-0.00958521789017374,0.52,0.52,0.48,0
39.33,-0.00952979341517223,0.52,0.52,0.48,0
39.34,-0.00947098304994741,0.52,0.52,0.48,0
39.35,-0.00940880768954223,0.52,0.52,0.48,0
39.36,-0.00934328942456612,0.52,0.52,0.48,0
39.37,-0.00927445153334657,0.52,0.52,0.48,0
39.38,-0.00920231847365868,0.52,0.52,0.48,0
39.39,-0.00912691587403502,0.52,0.52,0.48,0
39.4,-0.00904827052466015,0.52,0.52,0.48,0
39.41,-0.00896641036785233,0.52,0.52,0.48,0
39.42,-0.00888136448813544,0.52,0.52,0.48,0
39.43,-0.00879316310190551,0.52,0.52,0.48,0
39.44,-0.0087018375466953,0.52,0.52,0.48,0
39.45,-0.00860742027003943,0.52,0.52,0.48,0
39.46,-0.00850994481794694,0.52,0.52,0.48,0
39.47,-0.00840944582298174,0.52,0.52,0.48,0
39.48,-0.00830595899195812,0.52,0.52,0.48,0
39.49,-0.00819952109325454,0.52,0.52,0.48,0
39.5,-0.00809016994374952,0.52,0.52,0.48,0
39.51,-0.0079779443953857,0.52,0.52,0.48,0
39.52,-0.00786288432136621,0.52,0.52,0.48,0
39.53,-0.0077450306019873,0.52,0.52,0.48,0
39.54,-0.00762442511011438,0.52,0.52,0.48,0
39.55,-0.00750111069630462,0.52,0.52,0.48,0
39.56,-0.0073751311735817,0.52,0.52,0.48,0
39.57,-0.00724653130187036,0.52,0.52,0.48,0
39.58,-0.00711535677209288,0.52,0.52,0.48,0
39.59,-0.00698165418993468,0.52,0.52,0.48,0
39.6,-0.00684547105928688,0.52,0.52,0.48,0
39.61,-0.00670685576536723,0.52,0.52,0.48,0
39.62,-0.00656585755752952,0.52,0.52,0.48,0
39.63,-0.00642252653176583,0.52,0.52,0.48,0
39.64,-0.00627691361290703,0.52,0.52,0.48,0
39.65,-0.00612907053652972,0.52,0.52,0.48,0
39.66,-0.00597904983057518,0.52,0.52,0.48,0
39.67,-0.00582690479668579,0.52,0.52,0.48,0
39.68,-0.00567268949126751,0.52,0.52,0.48,0
39.69,-0.00551645870628441,0.52,0.52,0.48,0
39.7,-0.00535826794978999,0.52,0.52,0.48,0
39.71,-0.00519817342620716,0.52,0.52,0.48,0
39.72,-0.0050362320163576,0.52,0.52,0.48,0
39.73,-0.00487250125725323,0.52,0.52,0.48,0
39.74,-0.00470703932165327,0.52,0.52,0.48,0
39.75,-0.00453990499739545,0.52,0.52,0.48,0
39.76,-0.00437115766650923,0.52,0.52,0.48,0
39.77,-0.00420085728411801,0.52,0.52,0.48,0
39.78,-0.00402906435713661,0.52,0.52,0.48,0
39.79,-0.00385583992277386,0.52,0.52,0.48,0
39.8,-0.00368124552684685,0.52,0.52,0.48,0
39.81,-0.00350534320191258,0.52,0.52,0.48,0
39.82,-0.00332819544522976,0.52,0.52,0.48,0
39.83,-0.00314986519655312,0.52,0.52,0.48,0
39.84,-0.00297041581577033,0.52,0.52,0.48,0
39.85,-0.00278991106039232,0.52,0.52,0.48,0
39.86,-0.00260841506289905,0.52,0.52,0.48,0
39.87,-0.00242599230795406,0.52,0.52,0.48,0
39.88,-0.00224270760949384,0.52,0.52,0.48,0
39.89,-0.00205862608769889,0.52,0.52,0.48,0
39.9,-0.00187381314585723,0.52,0.52,0.48,0
39.91,-0.00168833444712737,0.52,0.52,0.48,0
39.92,-0.00150225589120751,0.52,0.52,0.48,0
39.93,-0.00131564359092267,0.52,0.52,0.48,0
39.94,-0.00112856384873485,0.52,0.52,0.48,0
39.95,-0.000941083133185079,0.52,0.52,0.48,0
39.96,-0.00075326805527931,0.52,0.52,0.48,0
39.97,-0.000565185344820275,0.52,0.52,0.48,0
39.98,-0.00037690182669928,0.52,0.52,0.48,0
39.99,-0.000188484397154064,0.52,0.52,0.48,0
40,0.05,0.3,0.3,0.3,0
40.01,0.05,0.3,0.3,0.3,0
40.02,0.05,0.3,0.3,0.3,0
40.03,0.05,0.3,0.3,0.3,0
40.04,0.05,0.3,0.3,0.3,0
40.05,0.05,0.3,0.3,0.3,0
40.06,0.05,0.3,0.3,0.3,0
40.07,0.05,0.3,0.3,0.3,0
40.08,0.05,0.3,0.3,0.3,0
40.09,0.05,0.3,0.3,0.3,0
40.1,0.05,0.3,0.3,0.3,0
40.11,0.05,0.3,0.3,0.3,0
40.12,0.05,0.3,0.3,0.3,0
40.13,0.05,0.3,0.3,0.3,0
40.14,0.05,0.3,0.3,0.3,0
40.15,0.05,0.3,0.3,0.3,0
40.16,0.05,0.3,0.3,0.3,0
40.17,0.05,0.3,0.3,0.3,0
40.18,0.05,0.3,0.3,0.3,0
40.19,0.05,0.3,0.3,0.3,0
40.2,0.05,0.3,0.3,0.3,0
40.21,0.05,0.3,0.3,0.3,0
40.22,0.05,0.3,0.3,0.3,0
40.23,0.05,0.3,0.3,0.3,0
40.24,0.05,0.3,0.3,0.3,0
40.25,0.05,0.3,0.3,0.3,0
40.26,0.05,0.3,0.3,0.3,0
40.27,0.05,0.3,0.3,0.3,0
40.28,0.05,0.3,0.3,0.3,0
40.29,0.05,0.3,0.3,0.3,0
40.3,0.05,0.3,0.3,0.3,0
40.31,0.05,0.3,0.3,0.3,0
40.32,0.05,0.3,0.3,0.3,0
40.33,0.05,0.3,0.3,0.3,0
40.34,0.05,0.3,0.3,0.3,0
40.35,0.05,0.3,0.3,0.3,0
40.36,0.05,0.3,0.3,0.3,0
40.37,0.05,0.3,0.3,0.3,0
40.38,0.05,0.3,0.3,0.3,0
40.39,0.05,0.3,0.3,0.3,0
40.4,0.05,0.3,0.3,0.3,0
40.41,0.05,0.3,0.3,0.3,0
40.42,0.05,0.3,0.3,0.3,0
40.43,0.05,0.3,0.3,0.3,0
40.44,0.05,0.3,0.3,0.3,0
40.45,0.05,0.3,0.3,0.3,0
40.46,0.05,0.3,0.3,0.3,0
40.47,0.05,0.3,0.3,0.3,0
40.48,0.05,0.3,0.3,0.3,0
40.49,0.05,0.3,0.3,0.3,0
40.5,0.05,0.3,0.3,0.3,0
40.51,0.05,0.3,0.3,0.3,0
40.52,0.05,0.3,0.3,0.3,0
40.53,0.05,0.3,0.3,0.3,0
40.54,0.05,0.3,0.3,0.3,0
40.55,0.05,0.3,0.3,0.3,0
40.56,0.05,0.3,0.3,0.3,0
40.57,0.05,0.3,0.3,0.3,0
40.58,0.05,0.3,0.3,0.3,0
40.59,0.05,0.3,0.3,0.3,0
40.6,0.05,0.3,0.3,0.3,0
40.61,0.05,0.3,0.3,0.3,0
40.62,0.05,0.3,0.3,0.3,0
40.63,0.05,0.3,0.3,0.3,0
40.64,0.05,0.3,0.3,0.3,0
40.65,0.05,0.3,0.3,0.3,0
40.66,0.05,0.3,0.3,0.3,0
40.67,0.05,0.3,0.3,0.3,0
40.68,0.05,0.3,0.3,0.3,0
40.69,0.05,0.3,0.3,0.3,0
40.7,0.05,0.3,0.3,0.3,0
40.71,0.05,0.3,0.3,0.3,0
40.72,0.05,0.3,0.3,0.3,0
40.73,0.05,0.3,0.3,0.3,0
40.74,0.05,0.3,0.3,0.3,0
40.75,0.05,0.3,0.3,0.3,0
40.76,0.05,0.3,0.3,0.3,0
40.77,0.05,0.3,0.3,0.3,0
40.78,0.05,0.3,0.3,0.3,0
40.79,0.05,0.3,0.3,0.3,0
40.8,0.05,0.3,0.3,0.3,0
40.81,0.05,0.3,0.3,0.3,0
40.82,0.05,0.3,0.3,0.3,0
40.83,0.05,0.3,0.3,0.3,0
40.84,0.05,0.3,0.3,0.3,0
40.85,0.05,0.3,0.3,0.3,0
40.86,0.05,0.3,0.3,0.3,0
40.87,0.05,0.3,0.3,0.3,0
40.88,0.05,0.3,0.3,0.3,0
40.89,0.05,0.3,0.3,0.3,0
40.9,0.05,0.3,0.3,0.3,0
40.91,0.05,0.3,0.3,0.3,0
40.92,0.05,0.3,0.3,0.3,0
40.93,0.05,0.3,0.3,0.3,0
40.94,0.05,0.3,0.3,0.3,0
40.95,0.05,0.3,0.3,0.3,0
40.96,0.05,0.3,0.3,0.3,0
40.97,0.05,0.3,0.3,0.3,0
40.98,0.05,0.3,0.3,0.3,0
40.99,0.05,0.3,0.3,0.3,0
41,0.05,0.3,0.3,0.3,0
41.01,0.05,0.3,0.3,0.3,0
41.02,0.05,0.3,0.3,0.3,0
41.03,0.05,0.3,0.3,0.3,0
41.04,0.05,0.3,0.3,0.3,0
41.05,0.05,0.3,0.3,0.3,0
41.06,0.05,0.3,0.3,0.3,0
41.07,0.05,0.3,0.3,0.3,0
41.08,0.05,0.3,0.3,0.3,0
41.09,0.05,0.3,0.3,0.3,0
41.1,0.05,0.3,0.3,0.3,0
41.11,0.05,0.3,0.3,0.3,0
41.12,0.05,0.3,0.3,0.3,0
41.13,0.05,0.3,0.3,0.3,0
41.14,0.05,0.3,0.3,0.3,0
41.15,0.05,0.3,0.3,0.3,0
41.16,0.05,0.3,0.3,0.3,0
41.17,0.05,0.3,0.3,0.3,0
41.18,0.05,0.3,0.3,0.3,0
41.19,0.05,0.3,0.3,0.3,0
41.2,0.05,0.3,0.3,0.3,0
41.21,0.05,0.3,0.3,0.3,0
41.22,0.05,0.3,0.3,0.3,0
41.23,0.05,0.3,0.3,0.3,0
41.24,0.05,0.3,0.3,0.3,0
41.25,0.05,0.3,0.3,0.3,0
41.26,0.05,0.3,0.3,0.3,0
41.27,0.05,0.3,0.3,0.3,0
41.28,0.05,0.3,0.3,0.3,0
41.29,0.05,0.3,0.3,0.3,0
41.3,0.05,0.3,0.3,0.3,0
41.31,0.05,0.3,0.3,0.3,0
41.32,0.05,0.3,0.3,0.3,0
41.33,0.05,0.3,0.3,0.3,0
41.34,0.05,0.3,0.3,0.3,0
41.35,0.05,0.3,0.3,0.3,0
41.36,0.05,0.3,0.3,0.3,0
41.37,0.05,0.3,0.3,0.3,0
41.38,0.05,0.3,0.3,0.3,0
41.39,0.05,0.3,0.3,0.3,0
41.4,0.05,0.3,0.3,0.3,0
41.41,0.05,0.3,0.3,0.3,0
41.42,0.05,0.3,0.3,0.3,0
41.43,0.05,0.3,0.3,0.3,0
41.44,0.05,0.3,0.3,0.3,0
41.45,0.05,0.3,0.3,0.3,0
41.46,0.05,0.3,0.3,0.3,0
41.47,0.05,0.3,0.3,0.3,0
41.48,0.05,0.3,0.3,0.3,0
41.49,0.05,0.3,0.3,0.3,0
41.5,0.05,0.3,0.3,0.3,0
41.51,0.05,0.3,0.3,0.3,0
41.52,0.05,0.3,0.3,0.3,0
41.53,0.05,0.3,0.3,0.3,0
41.54,0.05,0.3,0.3,0.3,0
41.55,0.05,0.3,0.3,0.3,0
41.56,0.05,0.3,0.3,0.3,0
41.57,0.05,0.3,0.3,0.3,0
41.58,0.05,0.3,0.3,0.3,0
41.59,0.05,0.3,0.3,0.3,0
41.6,0.05,0.3,0.3,0.3,0
41.61,0.05,0.3,0.3,0.3,0
41.62,0.05,0.3,0.3,0.3,0
41.63,0.05,0.3,0.3,0.3,0
41.64,0.05,0.3,0.3,0.3,0
41.65,0.05,0.3,0.3,0.3,0
41.66,0.05,0.3,0.3,0.3,0
41.67,0.05,0.3,0.3,0.3,0
41.68,0.05,0.3,0.3,0.3,0
41.69,0.05,0.3,0.3,0.3,0
41.7,0.05,0.3,0.3,0.3,0
41.71,0.05,0.3,0.3,0.3,0
41.72,0.05,0.3,0.3,0.3,0
41.73,0.05,0.3,0.3,0.3,0
41.74,0.05,0.3,0.3,0.3,0
41.75,0.05,0.3,0.3,0.3,0
41.76,0.05,0.3,0.3,0.3,0
41.77,0.05,0.3,0.3,0.3,0
41.78,0.05,0.3,0.3,0.3,0
41.79,0.05,0.3,0.3,0.3,0
41.8,0.05,0.3,0.3,0.3,0
41.81,0.05,0.3,0.3,0.3,0
41.82,0.05,0.3,0.3,0.3,0
41.83,0.05,0.3,0.3,0.3,0
41.84,0.05,0.3,0.3,0.3,0
41.85,0.05,0.3,0.3,0.3,0
41.86,0.05,0.3,0.3,0.3,0
41.87,0.05,0.3,0.3,0.3,0
41.88,0.05,0.3,0.3,0.3,0
41.89,0.05,0.3,0.3,0.3,0
41.9,0.05,0.3,0.3,0.3,0
41.91,0.05,0.3,0.3,0.3,0
41.92,0.05,0.3,0.3,0.3,0
41.93,0.05,0.3,0.3,0.3,0
41.94,0.05,0.3,0.3,0.3,0
41.95,0.05,0.3,0.3,0.3,0
41.96,0.05,0.3,0.3,0.3,0
41.97,0.05,0.3,0.3,0.3,0
41.98,0.05,0.3,0.3,0.3,0
41.99,0.05,0.3,0.3,0.3,0
42,0.05,0.3,0.3,0.3,0
42.01,0.05,0.3,0.3,0.3,0
42.02,0.05,0.3,0.3,0.3,0
42.03,0.05,0.3,0.3,0.3,0
42.04,0.05,0.3,0.3,0.3,0
42.05,0.05,0.3,0.3,0.3,0
42.06,0.05,0.3,0.3,0.3,0
42.07,0.05,0.3,0.3,0.3,0
42.08,0.05,0.3,0.3,0.3,0
42.09,0.05,0.3,0.3,0.3,0
42.1,0.05,0.3,0.3,0.3,0
42.11,0.05,0.3,0.3,0.3,0
42.12,0.05,0.3,0.3,0.3,0
42.13,0.05,0.3,0.3,0.3,0
42.14,0.05,0.3,0.3,0.3,0
42.15,0.05,0.3,0.3,0.3,0
42.16,0.05,0.3,0.3,0.3,0
42.17,0.05,0.3,0.3,0.3,0
42.18,0.05,0.3,0.3,0.3,0
42.19,0.05,0.3,0.3,0.3,0
42.2,0.05,0.3,0.3,0.3,0
42.21,0.05,0.3,0.3,0.3,0
42.22,0.05,0.3,0.3,0.3,0
42.23,0.05,0.3,0.3,0.3,0
42.24,0.05,0.3,0.3,0.3,0
42.25,0.05,0.3,0.3,0.3,0
42.26,0.05,0.3,0.3,0.3,0
42.27,0.05,0.3,0.3,0.3,0
42.28,0.05,0.3,0.3,0.3,0
42.29,0.05,0.3,0.3,0.3,0
42.3,0.05,0.3,0.3,0.3,0
42.31,0.05,0.3,0.3,0.3,0
42.32,0.05,0.3,0.3,0.3,0
42.33,0.05,0.3,0.3,0.3,0
42.34,0.05,0.3,0.3,0.3,0
42.35,0.05,0.3,0.3,0.3,0
42.36,0.05,0.3,0.3,0.3,0
42.37,0.05,0.3,0.3,0.3,0
42.38,0.05,0.3,0.3,0.3,0
42.39,0.05,0.3,0.3,0.3,0
42.4,0.05,0.3,0.3,0.3,0
42.41,0.05,0.3,0.3,0.3,0
42.42,0.05,0.3,0.3,0.3,0
42.43,0.05,0.3,0.3,0.3,0
42.44,0.05,0.3,0.3,0.3,0
42.45,0.05,0.3,0.3,0.3,0
42.46,0.05,0.3,0.3,0.3,0
42.47,0.05,0.3,0.3,0.3,0
42.48,0.05,0.3,0.3,0.3,0
42.49,0.05,0.3,0.3,0.3,0
42.5,0.05,0.3,0.3,0.3,0
42.51,0.05,0.3,0.3,0.3,0
42.52,0.05,0.3,0.3,0.3,0
42.53,0.05,0.3,0.3,0.3,0
42.54,0.05,0.3,0.3,0.3,0
42.55,0.05,0.3,0.3,0.3,0
42.56,0.05,0.3,0.3,0.3,0
42.57,0.05,0.3,0.3,0.3,0
42.58,0.05,0.3,0.3,0.3,0
42.59,0.05,0.3,0.3,0.3,0
42.6,0.05,0.3,0.3,0.3,0
42.61,0.05,0.3,0.3,0.3,0
42.62,0.05,0.3,0.3,0.3,0
42.63,0.05,0.3,0.3,0.3,0
42.64,0.05,0.3,0.3,0.3,0
42.65,0.05,0.3,0.3,0.3,0
42.66,0.05,0.3,0.3,0.3,0
42.67,0.05,0.3,0.3,0.3,0
42.68,0.05,0.3,0.3,0.3,0
42.69,0.05,0.3,0.3,0.3,0
42.7,0.05,0.3,0.3,0.3,0
42.71,0.05,0.3,0.3,0.3,0
42.72,0.05,0.3,0.3,0.3,0
42.73,0.05,0.3,0.3,0.3,0
42.74,0.05,0.3,0.3,0.3,0
42.75,0.05,0.3,0.3,0.3,0
42.76,0.05,0.3,0.3,0.3,0
42.77,0.05,0.3,0.3,0.3,0
42.78,0.05,0.3,0.3,0.3,0
42.79,0.05,0.3,0.3,0.3,0
42.8,0.05,0.3,0.3,0.3,0
42.81,0.05,0.3,0.3,0.3,0
42.82,0.05,0.3,0.3,0.3,0
42.83,0.05,0.3,0.3,0.3,0
42.84,0.05,0.3,0.3,0.3,0
42.85,0.05,0.3,0.3,0.3,0
42.86,0.05,0.3,0.3,0.3,0
42.87,0.05,0.3,0.3,0.3,0
42.88,0.05,0.3,0.3,0.3,0
42.89,0.05,0.3,0.3,0.3,0
42.9,0.05,0.3,0.3,0.3,0
42.91,0.05,0.3,0.3,0.3,0
42.92,0.05,0.3,0.3,0.3,0
42.93,0.05,0.3,0.3,0.3,0
42.94,0.05,0.3,0.3,0.3,0
42.95,0.05,0.3,0.3,0.3,0
42.96,0.05,0.3,0.3,0.3,0
42.97,0.05,0.3,0.3,0.3,0
42.98,0.05,0.3,0.3,0.3,0
42.99,0.05,0.3,0.3,0.3,0
43,0.05,0.3,0.3,0.3,0
43.01,0.05,0.3,0.3,0.3,0
43.02,0.05,0.3,0.3,0.3,0
43.03,0.05,0.3,0.3,0.3,0
43.04,0.05,0.3,0.3,0.3,0
43.05,0.05,0.3,0.3,0.3,0
43.06,0.05,0.3,0.3,0.3,0
43.07,0.05,0.3,0.3,0.3,0
43.08,0.05,0.3,0.3,0.3,0
43.09,0.05,0.3,0.3,0.3,0
43.1,0.05,0.3,0.3,0.3,0
43.11,0.05,0.3,0.3,0.3,0
43.12,0.05,0.3,0.3,0.3,0
43.13,0.05,0.3,0.3,0.3,0
43.14,0.05,0.3,0.3,0.3,0
43.15,0.05,0.3,0.3,0.3,0
43.16,0.05,0.3,0.3,0.3,0
43.17,0.05,0.3,0.3,0.3,0
43.18,0.05,0.3,0.3,0.3,0
43.19,0.05,0.3,0.3,0.3,0
43.2,0.05,0.3,0.3,0.3,0
43.21,0.05,0.3,0.3,0.3,0
43.22,0.05,0.3,0.3,0.3,0
43.23,0.05,0.3,0.3,0.3,0
43.24,0.05,0.3,0.3,0.3,0
43.25,0.05,0.3,0.3,0.3,0
43.26,0.05,0.3,0.3,0.3,0
43.27,0.05,0.3,0.3,0.3,0
43.28,0.05,0.3,0.3,0.3,0
43.29,0.05,0.3,0.3,0.3,0
43.3,0.05,0.3,0.3,0.3,0
43.31,0.05,0.3,0.3,0.3,0
43.32,0.05,0.3,0.3,0.3,0
43.33,0.05,0.3,0.3,0.3,0
43.34,0.05,0.3,0.3,0.3,0
43.35,0.05,0.3,0.3,0.3,0
43.36,0.05,0.3,0.3,0.3,0
43.37,0.05,0.3,0.3,0.3,0
43.38,0.05,0.3,0.3,0.3,0
43.39,0.05,0.3,0.3,0.3,0
43.4,0.05,0.3,0.3,0.3,0
43.41,0.05,0.3,0.3,0.3,0
43.42,0.05,0.3,0.3,0.3,0
43.43,0.05,0.3,0.3,0.3,0
43.44,0.05,0.3,0.3,0.3,0
43.45,0.05,0.3,0.3,0.3,0
43.46,0.05,0.3,0.3,0.3,0
43.47,0.05,0.3,0.3,0.3,0
43.48,0.05,0.3,0.3,0.3,0
43.49,0.05,0.3,0.3,0.3,0
43.5,0.05,0.3,0.3,0.3,0
43.51,0.05,0.3,0.3,0.3,0
43.52,0.05,0.3,0.3,0.3,0
43.53,0.05,0.3,0.3,0.3,0
43.54,0.05,0.3,0.3,0.3,0
43.55,0.05,0.3,0.3,0.3,0
43.56,0.05,0.3,0.3,0.3,0
43.57,0.05,0.3,0.3,0.3,0
43.58,0.05,0.3,0.3,0.3,0
43.59,0.05,0.3,0.3,0.3,0
43.6,0.05,0.3,0.3,0.3,0
43.61,0.05,0.3,0.3,0.3,0
43.62,0.05,0.3,0.3,0.3,0
43.63,0.05,0.3,0.3,0.3,0
43.64,0.05,0.3,0.3,0.3,0
43.65,0.05,0.3,0.3,0.3,0
43.66,0.05,0.3,0.3,0.3,0
43.67,0.05,0.3,0.3,0.3,0
43.68,0.05,0.3,0.3,0.3,0
43.69,0.05,0.3,0.3,0.3,0
43.7,0.05,0.3,0.3,0.3,0
43.71,0.05,0.3,0.3,0.3,0
43.72,0.05,0.3,0.3,0.3,0
43.73,0.05,0.3,0.3,0.3,0
43.74,0.05,0.3,0.3,0.3,0
43.75,0.05,0.3,0.3,0.3,0
43.76,0.05,0.3,0.3,0.3,0
43.77,0.05,0.3,0.3,0.3,0
43.78,0.05,0.3,0.3,0.3,0
43.79,0.05,0.3,0.3,0.3,0
43.8,0.05,0.3,0.3,0.3,0
43.81,0.05,0.3,0.3,0.3,0
43.82,0.05,0.3,0.3,0.3,0
43.83,0.05,0.3,0.3,0.3,0
43.84,0.05,0.3,0.3,0.3,0
43.85,0.05,0.3,0.3,0.3,0
43.86,0.05,0.3,0.3,0.3,0
43.87,0.05,0.3,0.3,0.3,0
43.88,0.05,0.3,0.3,0.3,0
43.89,0.05,0.3,0.3,0.3,0
43.9,0.05,0.3,0.3,0.3,0
43.91,0.05,0.3,0.3,0.3,0
43.92,0.05,0.3,0.3,0.3,0
43.93,0.05,0.3,0.3,0.3,0
43.94,0.05,0.3,0.3,0.3,0
43.95,0.05,0.3,0.3,0.3,0
43.96,0.05,0.3,0.3,0.3,0
43.97,0.05,0.3,0.3,0.3,0
43.98,0.05,0.3,0.3,0.3,0
43.99,0.05,0.3,0.3,0.3,0
44,0.05,0.3,0.3,0.3,0
44.01,0.05,0.3,0.3,0.3,0
44.02,0.05,0.3,0.3,0.3,0
44.03,0.05,0.3,0.3,0.3,0
44.04,0.05,0.3,0.3,0.3,0
44.05,0.05,0.3,0.3,0.3,0
44.06,0.05,0.3,0.3,0.3,0
44.07,0.05,0.3,0.3,0.3,0
44.08,0.05,0.3,0.3,0.3,0
44.09,0.05,0.3,0.3,0.3,0
44.1,0.05,0.3,0.3,0.3,0
44.11,0.05,0.3,0.3,0.3,0
44.12,0.05,0.3,0.3,0.3,0
44.13,0.05,0.3,0.3,0.3,0
44.14,0.05,0.3,0.3,0.3,0
44.15,0.05,0.3,0.3,0.3,0
44.16,0.05,0.3,0.3,0.3,0
44.17,0.05,0.3,0.3,0.3,0
44.18,0.05,0.3,0.3,0.3,0
44.19,0.05,0.3,0.3,0.3,0
44.2,0.05,0.3,0.3,0.3,0
44.21,0.05,0.3,0.3,0.3,0
44.22,0.05,0.3,0.3,0.3,0
44.23,0.05,0.3,0.3,0.3,0
44.24,0.05,0.3,0.3,0.3,0
44.25,0.05,0.3,0.3,0.3,0
44.26,0.05,0.3,0.3,0.3,0
44.27,0.05,0.3,0.3,0.3,0
44.28,0.05,0.3,0.3,0.3,0
44.29,0.05,0.3,0.3,0.3,0
44.3,0.05,0.3,0.3,0.3,0
44.31,0.05,0.3,0.3,0.3,0
44.32,0.05,0.3,0.3,0.3,0
44.33,0.05,0.3,0.3,0.3,0
44.34,0.05,0.3,0.3,0.3,0
44.35,0.05,0.3,0.3,0.3,0
44.36,0.05,0.3,0.3,0.3,0
44.37,0.05,0.3,0.3,0.3,0
44.38,0.05,0.3,0.3,0.3,0
44.39,0.05,0.3,0.3,0.3,0
44.4,0.05,0.3,0.3,0.3,0
44.41,0.05,0.3,0.3,0.3,0
44.42,0.05,0.3,0.3,0.3,0
44.43,0.05,0.3,0.3,0.3,0
44.44,0.05,0.3,0.3,0.3,0
44.45,0.05,0.3,0.3,0.3,0
44.46,0.05,0.3,0.3,0.3,0
44.47,0.05,0.3,0.3,0.3,0
44.48,0.05,0.3,0.3,0.3,0
44.49,0.05,0.3,0.3,0.3,0
44.5,0.05,0.3,0.3,0.3,0
44.51,0.05,0.3,0.3,0.3,0
44.52,0.05,0.3,0.3,0.3,0
44.53,0.05,0.3,0.3,0.3,0
44.54,0.05,0.3,0.3,0.3,0
44.55,0.05,0.3,0.3,0.3,0
44.56,0.05,0.3,0.3,0.3,0
44.57,0.05,0.3,0.3,0.3,0
44.58,0.05,0.3,0.3,0.3,0
44.59,0.05,0.3,0.3,0.3,0
44.6,0.05,0.3,0.3,0.3,0
44.61,0.05,0.3,0.3,0.3,0
44.62,0.05,0.3,0.3,0.3,0
44.63,0.05,0.3,0.3,0.3,0
44.64,0.05,0.3,0.3,0.3,0
44.65,0.05,0.3,0.3,0.3,0
44.66,0.05,0.3,0.3,0.3,0
44.67,0.05,0.3,0.3,0.3,0
44.68,0.05,0.3,0.3,0.3,0
44.69,0.05,0.3,0.3,0.3,0
44.7,0.05,0.3,0.3,0.3,0
44.71,0.05,0.3,0.3,0.3,0
44.72,0.05,0.3,0.3,0.3,0
44.73,0.05,0.3,0.3,0.3,0
44.74,0.05,0.3,0.3,0.3,0
44.75,0.05,0.3,0.3,0.3,0
44.76,0.05,0.3,0.3,0.3,0
44.77,0.05,0.3,0.3,0.3,0
44.78,0.05,0.3,0.3,0.3,0
44.79,0.05,0.3,0.3,0.3,0
44.8,0.05,0.3,0.3,0.3,0
44.81,0.05,0.3,0.3,0.3,0
44.82,0.05,0.3,0.3,0.3,0
44.83,0.05,0.3,0.3,0.3,0
44.84,0.05,0.3,0.3,0.3,0
44.85,0.05,0.3,0.3,0.3,0
44.86,0.05,0.3,0.3,0.3,0
44.87,0.05,0.3,0.3,0.3,0
44.88,0.05,0.3,0.3,0.3,0
44.89,0.05,0.3,0.3,0.3,0
44.9,0.05,0.3,0.3,0.3,0
44.91,0.05,0.3,0.3,0.3,0
44.92,0.05,0.3,0.3,0.3,0
44.93,0.05,0.3,0.3,0.3,0
44.94,0.05,0.3,0.3,0.3,0
44.95,0.05,0.3,0.3,0.3,0
44.96,0.05,0.3,0.3,0.3,0
44.97,0.05,0.3,0.3,0.3,0
44.98,0.05,0.3,0.3,0.3,0
44.99,0.05,0.3,0.3,0.3,0
45,0.05,0.3,0.3,0.3,0
45.01,0.05,0.3,0.3,0.3,0
45.02,0.05,0.3,0.3,0.3,0
45.03,0.05,0.3,0.3,0.3,0
45.04,0.05,0.3,0.3,0.3,0
45.05,0.05,0.3,0.3,0.3,0
45.06,0.05,0.3,0.3,0.3,0
45.07,0.05,0.3,0.3,0.3,0
45.08,0.05,0.3,0.3,0.3,0
45.09,0.05,0.3,0.3,0.3,0
45.1,0.05,0.3,0.3,0.3,0
45.11,0.05,0.3,0.3,0.3,0
45.12,0.05,0.3,0.3,0.3,0
45.13,0.05,0.3,0.3,0.3,0
45.14,0.05,0.3,0.3,0.3,0
45.15,0.05,0.3,0.3,0.3,0
45.16,0.05,0.3,0.3,0.3,0
45.17,0.05,0.3,0.3,0.3,0
45.18,0.05,0.3,0.3,0.3,0
45.19,0.05,0.3,0.3,0.3,0
45.2,0.05,0.3,0.3,0.3,0
45.21,0.05,0.3,0.3,0.3,0
45.22,0.05,0.3,0.3,0.3,0
45.23,0.05,0.3,0.3,0.3,0
45.24,0.05,0.3,0.3,0.3,0
45.25,0.05,0.3,0.3,0.3,0
45.26,0.05,0.3,0.3,0.3,0
45.27,0.05,0.3,0.3,0.3,0
45.28,0.05,0.3,0.3,0.3,0
45.29,0.05,0.3,0.3,0.3,0
45.3,0.05,0.3,0.3,0.3,0
45.31,0.05,0.3,0.3,0.3,0
45.32,0.05,0.3,0.3,0.3,0
45.33,0.05,0.3,0.3,0.3,0
45.34,0.05,0.3,0.3,0.3,0
45.35,0.05,0.3,0.3,0.3,0
45.36,0.05,0.3,0.3,0.3,0
45.37,0.05,0.3,0.3,0.3,0
45.38,0.05,0.3,0.3,0.3,0
45.39,0.05,0.3,0.3,0.3,0
45.4,0.05,0.3,0.3,0.3,0
45.41,0.05,0.3,0.3,0.3,0
45.42,0.05,0.3,0.3,0.3,0
45.43,0.05,0.3,0.3,0.3,0
45.44,0.05,0.3,0.3,0.3,0
45.45,0.05,0.3,0.3,0.3,0
45.46,0.05,0.3,0.3,0.3,0
45.47,0.05,0.3,0.3,0.3,0
45.48,0.05,0.3,0.3,0.3,0
45.49,0.05,0.3,0.3,0.3,0
45.5,0.05,0.3,0.3,0.3,0
45.51,0.05,0.3,0.3,0.3,0
45.52,0.05,0.3,0.3,0.3,0
45.53,0.05,0.3,0.3,0.3,0
45.54,0.05,0.3,0.3,0.3,0
45.55,0.05,0.3,0.3,0.3,0
45.56,0.05,0.3,0.3,0.3,0
45.57,0.05,0.3,0.3,0.3,0
45.58,0.05,0.3,0.3,0.3,0
45.59,0.05,0.3,0.3,0.3,0
45.6,0.05,0.3,0.3,0.3,0
45.61,0.05,0.3,0.3,0.3,0
45.62,0.05,0.3,0.3,0.3,0
45.63,0.05,0.3,0.3,0.3,0
45.64,0.05,0.3,0.3,0.3,0
45.65,0.05,0.3,0.3,0.3,0
45.66,0.05,0.3,0.3,0.3,0
45.67,0.05,0.3,0.3,0.3,0
45.68,0.05,0.3,0.3,0.3,0
45.69,0.05,0.3,0.3,0.3,0
45.7,0.05,0.3,0.3,0.3,0
45.71,0.05,0.3,0.3,0.3,0
45.72,0.05,0.3,0.3,0.3,0
45.73,0.05,0.3,0.3,0.3,0
45.74,0.05,0.3,0.3,0.3,0
45.75,0.05,0.3,0.3,0.3,0
45.76,0.05,0.3,0.3,0.3,0
45.77,0.05,0.3,0.3,0.3,0
45.78,0.05,0.3,0.3,0.3,0
45.79,0.05,0.3,0.3,0.3,0
45.8,0.05,0.3,0.3,0.3,0
45.81,0.05,0.3,0.3,0.3,0
45.82,0.05,0.3,0.3,0.3,0
45.83,0.05,0.3,0.3,0.3,0
45.84,0.05,0.3,0.3,0.3,0
45.85,0.05,0.3,0.3,0.3,0
45.86,0.05,0.3,0.3,0.3,0
45.87,0.05,0.3,0.3,0.3,0
45.88,0.05,0.3,0.3,0.3,0
45.89,0.05,0.3,0.3,0.3,0
45.9,0.05,0.3,0.3,0.3,0
45.91,0.05,0.3,0.3,0.3,0
45.92,0.05,0.3,0.3,0.3,0
45.93,0.05,0.3,0.3,0.3,0
45.94,0.05,0.3,0.3,0.3,0
45.95,0.05,0.3,0.3,0.3,0
45.96,0.05,0.3,0.3,0.3,0
45.97,0.05,0.3,0.3,0.3,0
45.98,0.05,0.3,0.3,0.3,0
45.99,0.05,0.3,0.3,0.3,0
46,0.05,0.3,0.3,0.3,0
46.01,0.05,0.3,0.3,0.3,0
46.02,0.05,0.3,0.3,0.3,0
46.03,0.05,0.3,0.3,0.3,0
46.04,0.05,0.3,0.3,0.3,0
46.05,0.05,0.3,0.3,0.3,0
46.06,0.05,0.3,0.3,0.3,0
46.07,0.05,0.3,0.3,0.3,0
46.08,0.05,0.3,0.3,0.3,0
46.09,0.05,0.3,0.3,0.3,0
46.1,0.05,0.3,0.3,0.3,0
46.11,0.05,0.3,0.3,0.3,0
46.12,0.05,0.3,0.3,0.3,0
46.13,0.05,0.3,0.3,0.3,0
46.14,0.05,0.3,0.3,0.3,0
46.15,0.05,0.3,0.3,0.3,0
46.16,0.05,0.3,0.3,0.3,0
46.17,0.05,0.3,0.3,0.3,0
46.18,0.05,0.3,0.3,0.3,0
46.19,0.05,0.3,0.3,0.3,0
46.2,0.05,0.3,0.3,0.3,0
46.21,0.05,0.3,0.3,0.3,0
46.22,0.05,0.3,0.3,0.3,0
46.23,0.05,0.3,0.3,0.3,0
46.24,0.05,0.3,0.3,0.3,0
46.25,0.05,0.3,0.3,0.3,0
46.26,0.05,0.3,0.3,0.3,0
46.27,0.05,0.3,0.3,0.3,0
46.28,0.05,0.3,0.3,0.3,0
46.29,0.05,0.3,0.3,0.3,0
46.3,0.05,0.3,0.3,0.3,0
46.31,0.05,0.3,0.3,0.3,0
46.32,0.05,0.3,0.3,0.3,0
46.33,0.05,0.3,0.3,0.3,0
46.34,0.05,0.3,0.3,0.3,0
46.35,0.05,0.3,0.3,0.3,0
46.36,0.05,0.3,0.3,0.3,0
46.37,0.05,0.3,0.3,0.3,0
46.38,0.05,0.3,0.3,0.3,0
46.39,0.05,0.3,0.3,0.3,0
46.4,0.05,0.3,0.3,0.3,0
46.41,0.05,0.3,0.3,0.3,0
46.42,0.05,0.3,0.3,0.3,0
46.43,0.05,0.3,0.3,0.3,0
46.44,0.05,0.3,0.3,0.3,0
46.45,0.05,0.3,0.3,0.3,0
46.46,0.05,0.3,0.3,0.3,0
46.47,0.05,0.3,0.3,0.3,0
46.48,0.05,0.3,0.3,0.3,0
46.49,0.05,0.3,0.3,0.3,0
46.5,0.05,0.3,0.3,0.3,0
46.51,0.05,0.3,0.3,0.3,0
46.52,0.05,0.3,0.3,0.3,0
46.53,0.05,0.3,0.3,0.3,0
46.54,0.05,0.3,0.3,0.3,0
46.55,0.05,0.3,0.3,0.3,0
46.56,0.05,0.3,0.3,0.3,0
46.57,0.05,0.3,0.3,0.3,0
46.58,0.05,0.3,0.3,0.3,0
46.59,0.05,0.3,0.3,0.3,0
46.6,0.05,0.3,0.3,0.3,0
46.61,0.05,0.3,0.3,0.3,0
46.62,0.05,0.3,0.3,0.3,0
46.63,0.05,0.3,0.3,0.3,0
46.64,0.05,0.3,0.3,0.3,0
46.65,0.05,0.3,0.3,0.3,0
46.66,0.05,0.3,0.3,0.3,0
46.67,0.05,0.3,0.3,0.3,0
46.68,0.05,0.3,0.3,0.3,0
46.69,0.05,0.3,0.3,0.3,0
46.7,0.05,0.3,0.3,0.3,0
46.71,0.05,0.3,0.3,0.3,0
46.72,0.05,0.3,0.3,0.3,0
46.73,0.05,0.3,0.3,0.3,0
46.74,0.05,0.3,0.3,0.3,0
46.75,0.05,0.3,0.3,0.3,0
46.76,0.05,0.3,0.3,0.3,0
46.77,0.05,0.3,0.3,0.3,0
46.78,0.05,0.3,0.3,0.3,0
46.79,0.05,0.3,0.3,0.3,0
46.8,0.05,0.3,0.3,0.3,0
46.81,0.05,0.3,0.3,0.3,0
46.82,0.05,0.3,0.3,0.3,0
46.83,0.05,0.3,0.3,0.3,0
46.84,0.05,0.3,0.3,0.3,0
46.85,0.05,0.3,0.3,0.3,0
46.86,0.05,0.3,0.3,0.3,0
46.87,0.05,0.3,0.3,0.3,0
46.88,0.05,0.3,0.3,0.3,0
46.89,0.05,0.3,0.3,0.3,0
46.9,0.05,0.3,0.3,0.3,0
46.91,0.05,0.3,0.3,0.3,0
46.92,0.05,0.3,0.3,0.3,0
46.93,0.05,0.3,0.3,0.3,0
46.94,0.05,0.3,0.3,0.3,0
46.95,0.05,0.3,0.3,0.3,0
46.96,0.05,0.3,0.3,0.3,0
46.97,0.05,0.3,0.3,0.3,0
46.98,0.05,0.3,0.3,0.3,0
46.99,0.05,0.3,0.3,0.3,0
47,0.05,0.3,0.3,0.3,0
47.01,0.05,0.3,0.3,0.3,0
47.02,0.05,0.3,0.3,0.3,0
47.03,0.05,0.3,0.3,0.3,0
47.04,0.05,0.3,0.3,0.3,0
47.05,0.05,0.3,0.3,0.3,0
47.06,0.05,0.3,0.3,0.3,0
47.07,0.05,0.3,0.3,0.3,0
47.08,0.05,0.3,0.3,0.3,0
47.09,0.05,0.3,0.3,0.3,0
47.1,0.05,0.3,0.3,0.3,0
47.11,0.05,0.3,0.3,0.3,0
47.12,0.05,0.3,0.3,0.3,0
47.13,0.05,0.3,0.3,0.3,0
47.14,0.05,0.3,0.3,0.3,0
47.15,0.05,0.3,0.3,0.3,0
47.16,0.05,0.3,0.3,0.3,0
47.17,0.05,0.3,0.3,0.3,0
47.18,0.05,0.3,0.3,0.3,0
47.19,0.05,0.3,0.3,0.3,0
47.2,0.05,0.3,0.3,0.3,0
47.21,0.05,0.3,0.3,0.3,0
47.22,0.05,0.3,0.3,0.3,0
47.23,0.05,0.3,0.3,0.3,0
47.24,0.05,0.3,0.3,0.3,0
47.25,0.05,0.3,0.3,0.3,0
47.26,0.05,0.3,0.3,0.3,0
47.27,0.05,0.3,0.3,0.3,0
47.28,0.05,0.3,0.3,0.3,0
47.29,0.05,0.3,0.3,0.3,0
47.3,0.05,0.3,0.3,0.3,0
47.31,0.05,0.3,0.3,0.3,0
47.32,0.05,0.3,0.3,0.3,0
47.33,0.05,0.3,0.3,0.3,0
47.34,0.05,0.3,0.3,0.3,0
47.35,0.05,0.3,0.3,0.3,0
47.36,0.05,0.3,0.3,0.3,0
47.37,0.05,0.3,0.3,0.3,0
47.38,0.05,0.3,0.3,0.3,0
47.39,0.05,0.3,0.3,0.3,0
47.4,0.05,0.3,0.3,0.3,0
47.41,0.05,0.3,0.3,0.3,0
47.42,0.05,0.3,0.3,0.3,0
47.43,0.05,0.3,0.3,0.3,0
47.44,0.05,0.3,0.3,0.3,0
47.45,0.05,0.3,0.3,0.3,0
47.46,0.05,0.3,0.3,0.3,0
47.47,0.05,0.3,0.3,0.3,0
47.48,0.05,0.3,0.3,0.3,0
47.49,0.05,0.3,0.3,0.3,0
47.5,0.05,0.3,0.3,0.3,0
47.51,0.05,0.3,0.3,0.3,0
47.52,0.05,0.3,0.3,0.3,0
47.53,0.05,0.3,0.3,0.3,0
47.54,0.05,0.3,0.3,0.3,0
47.55,0.05,0.3,0.3,0.3,0
47.56,0.05,0.3,0.3,0.3,0
47.57,0.05,0.3,0.3,0.3,0
47.58,0.05,0.3,0.3,0.3,0
47.59,0.05,0.3,0.3,0.3,0
47.6,0.05,0.3,0.3,0.3,0
47.61,0.05,0.3,0.3,0.3,0
47.62,0.05,0.3,0.3,0.3,0
47.63,0.05,0.3,0.3,0.3,0
47.64,0.05,0.3,0.3,0.3,0
47.65,0.05,0.3,0.3,0.3,0
47.66,0.05,0.3,0.3,0.3,0
47.67,0.05,0.3,0.3,0.3,0
47.68,0.05,0.3,0.3,0.3,0
47.69,0.05,0.3,0.3,0.3,0
47.7,0.05,0.3,0.3,0.3,0
47.71,0.05,0.3,0.3,0.3,0
47.72,0.05,0.3,0.3,0.3,0
47.73,0.05,0.3,0.3,0.3,0
47.74,0.05,0.3,0.3,0.3,0
47.75,0.05,0.3,0.3,0.3,0
47.76,0.05,0.3,0.3,0.3,0
47.77,0.05,0.3,0.3,0.3,0
47.78,0.05,0.3,0.3,0.3,0
47.79,0.05,0.3,0.3,0.3,0
47.8,0.05,0.3,0.3,0.3,0
47.81,0.05,0.3,0.3,0.3,0
47.82,0.05,0.3,0.3,0.3,0
47.83,0.05,0.3,0.3,0.3,0
47.84,0.05,0.3,0.3,0.3,0
47.85,0.05,0.3,0.3,0.3,0
47.86,0.05,0.3,0.3,0.3,0
47.87,0.05,0.3,0.3,0.3,0
47.88,0.05,0.3,0.3,0.3,0
47.89,0.05,0.3,0.3,0.3,0
47.9,0.05,0.3,0.3,0.3,0
47.91,0.05,0.3,0.3,0.3,0
47.92,0.05,0.3,0.3,0.3,0
47.93,0.05,0.3,0.3,0.3,0
47.94,0.05,0.3,0.3,0.3,0
47.95,0.05,0.3,0.3,0.3,0
47.96,0.05,0.3,0.3,0.3,0
47.97,0.05,0.3,0.3,0.3,0
47.98,0.05,0.3,0.3,0.3,0
47.99,0.05,0.3,0.3,0.3,0
48,0.05,0.3,0.3,0.3,0
48.01,0.05,0.3,0.3,0.3,0
48.02,0.05,0.3,0.3,0.3,0
48.03,0.05,0.3,0.3,0.3,0
48.04,0.05,0.3,0.3,0.3,0
48.05,0.05,0.3,0.3,0.3,0
48.06,0.05,0.3,0.3,0.3,0
48.07,0.05,0.3,0.3,0.3,0
48.08,0.05,0.3,0.3,0.3,0
48.09,0.05,0.3,0.3,0.3,0
48.1,0.05,0.3,0.3,0.3,0
48.11,0.05,0.3,0.3,0.3,0
48.12,0.05,0.3,0.3,0.3,0
48.13,0.05,0.3,0.3,0.3,0
48.14,0.05,0.3,0.3,0.3,0
48.15,0.05,0.3,0.3,0.3,0
48.16,0.05,0.3,0.3,0.3,0
48.17,0.05,0.3,0.3,0.3,0
48.18,0.05,0.3,0.3,0.3,0
48.19,0.05,0.3,0.3,0.3,0
48.2,0.05,0.3,0.3,0.3,0
48.21,0.05,0.3,0.3,0.3,0
48.22,0.05,0.3,0.3,0.3,0
48.23,0.05,0.3,0.3,0.3,0
48.24,0.05,0.3,0.3,0.3,0
48.25,0.05,0.3,0.3,0.3,0
48.26,0.05,0.3,0.3,0.3,0
48.27,0.05,0.3,0.3,0.3,0
48.28,0.05,0.3,0.3,0.3,0
48.29,0.05,0.3,0.3,0.3,0
48.3,0.05,0.3,0.3,0.3,0
48.31,0.05,0.3,0.3,0.3,0
48.32,0.05,0.3,0.3,0.3,0
48.33,0.05,0.3,0.3,0.3,0
48.34,0.05,0.3,0.3,0.3,0
48.35,0.05,0.3,0.3,0.3,0
48.36,0.05,0.3,0.3,0.3,0
48.37,0.05,0.3,0.3,0.3,0
48.38,0.05,0.3,0.3,0.3,0
48.39,0.05,0.3,0.3,0.3,0
48.4,0.05,0.3,0.3,0.3,0
48.41,0.05,0.3,0.3,0.3,0
48.42,0.05,0.3,0.3,0.3,0
48.43,0.05,0.3,0.3,0.3,0
48.44,0.05,0.3,0.3,0.3,0
48.45,0.05,0.3,0.3,0.3,0
48.46,0.05,0.3,0.3,0.3,0
48.47,0.05,0.3,0.3,0.3,0
48.48,0.05,0.3,0.3,0.3,0
48.49,0.05,0.3,0.3,0.3,0
48.5,0.05,0.3,0.3,0.3,0
48.51,0.05,0.3,0.3,0.3,0
48.52,0.05,0.3,0.3,0.3,0
48.53,0.05,0.3,0.3,0.3,0
48.54,0.05,0.3,0.3,0.3,0
48.55,0.05,0.3,0.3,0.3,0
48.56,0.05,0.3,0.3,0.3,0
48.57,0.05,0.3,0.3,0.3,0
48.58,0.05,0.3,0.3,0.3,0
48.59,0.05,0.3,0.3,0.3,0
48.6,0.05,0.3,0.3,0.3,0
48.61,0.05,0.3,0.3,0.3,0
48.62,0.05,0.3,0.3,0.3,0
48.63,0.05,0.3,0.3,0.3,0
48.64,0.05,0.3,0.3,0.3,0
48.65,0.05,0.3,0.3,0.3,0
48.66,0.05,0.3,0.3,0.3,0
48.67,0.05,0.3,0.3,0.3,0
48.68,0.05,0.3,0.3,0.3,0
48.69,0.05,0.3,0.3,0.3,0
48.7,0.05,0.3,0.3,0.3,0
48.71,0.05,0.3,0.3,0.3,0
48.72,0.05,0.3,0.3,0.3,0
48.73,0.05,0.3,0.3,0.3,0
48.74,0.05,0.3,0.3,0.3,0
48.75,0.05,0.3,0.3,0.3,0
48.76,0.05,0.3,0.3,0.3,0
48.77,0.05,0.3,0.3,0.3,0
48.78,0.05,0.3,0.3,0.3,0
48.79,0.05,0.3,0.3,0.3,0
48.8,0.05,0.3,0.3,0.3,0
48.81,0.05,0.3,0.3,0.3,0
48.82,0.05,0.3,0.3,0.3,0
48.83,0.05,0.3,0.3,0.3,0
48.84,0.05,0.3,0.3,0.3,0
48.85,0.05,0.3,0.3,0.3,0
48.86,0.05,0.3,0.3,0.3,0
48.87,0.05,0.3,0.3,0.3,0
48.88,0.05,0.3,0.3,0.3,0
48.89,0.05,0.3,0.3,0.3,0
48.9,0.05,0.3,0.3,0.3,0
48.91,0.05,0.3,0.3,0.3,0
48.92,0.05,0.3,0.3,0.3,0
48.93,0.05,0.3,0.3,0.3,0
48.94,0.05,0.3,0.3,0.3,0
48.95,0.05,0.3,0.3,0.3,0
48.96,0.05,0.3,0.3,0.3,0
48.97,0.05,0.3,0.3,0.3,0
48.98,0.05,0.3,0.3,0.3,0
48.99,0.05,0.3,0.3,0.3,0
49,0.05,0.3,0.3,0.3,0
49.01,0.05,0.3,0.3,0.3,0
49.02,0.05,0.3,0.3,0.3,0
49.03,0.05,0.3,0.3,0.3,0
49.04,0.05,0.3,0.3,0.3,0
49.05,0.05,0.3,0.3,0.3,0
49.06,0.05,0.3,0.3,0.3,0
49.07,0.05,0.3,0.3,0.3,0
49.08,0.05,0.3,0.3,0.3,0
49.09,0.05,0.3,0.3,0.3,0
49.1,0.05,0.3,0.3,0.3,0
49.11,0.05,0.3,0.3,0.3,0
49.12,0.05,0.3,0.3,0.3,0
49.13,0.05,0.3,0.3,0.3,0
49.14,0.05,0.3,0.3,0.3,0
49.15,0.05,0.3,0.3,0.3,0
49.16,0.05,0.3,0.3,0.3,0
49.17,0.05,0.3,0.3,0.3,0
49.18,0.05,0.3,0.3,0.3,0
49.19,0.05,0.3,0.3,0.3,0
49.2,0.05,0.3,0.3,0.3,0
49.21,0.05,0.3,0.3,0.3,0
49.22,0.05,0.3,0.3,0.3,0
49.23,0.05,0.3,0.3,0.3,0
49.24,0.05,0.3,0.3,0.3,0
49.25,0.05,0.3,0.3,0.3,0
49.26,0.05,0.3,0.3,0.3,0
49.27,0.05,0.3,0.3,0.3,0
49.28,0.05,0.3,0.3,0.3,0
49.29,0.05,0.3,0.3,0.3,0
49.3,0.05,0.3,0.3,0.3,0
49.31,0.05,0.3,0.3,0.3,0
49.32,0.05,0.3,0.3,0.3,0
49.33,0.05,0.3,0.3,0.3,0
49.34,0.05,0.3,0.3,0.3,0
49.35,0.05,0.3,0.3,0.3,0
49.36,0.05,0.3,0.3,0.3,0
49.37,0.05,0.3,0.3,0.3,0
49.38,0.05,0.3,0.3,0.3,0
49.39,0.05,0.3,0.3,0.3,0
49.4,0.05,0.3,0.3,0.3,0
49.41,0.05,0.3,0.3,0.3,0
49.42,0.05,0.3,0.3,0.3,0
49.43,0.05,0.3,0.3,0.3,0
49.44,0.05,0.3,0.3,0.3,0
49.45,0.05,0.3,0.3,0.3,0
49.46,0.05,0.3,0.3,0.3,0
49.47,0.05,0.3,0.3,0.3,0
49.48,0.05,0.3,0.3,0.3,0
49.49,0.05,0.3,0.3,0.3,0
49.5,0.05,0.3,0.3,0.3,0
49.51,0.05,0.3,0.3,0.3,0
49.52,0.05,0.3,0.3,0.3,0
49.53,0.05,0.3,0.3,0.3,0
49.54,0.05,0.3,0.3,0.3,0
49.55,0.05,0.3,0.3,0.3,0
49.56,0.05,0.3,0.3,0.3,0
49.57,0.05,0.3,0.3,0.3,0
49.58,0.05,0.3,0.3,0.3,0
49.59,0.05,0.3,0.3,0.3,0
49.6,0.05,0.3,0.3,0.3,0
49.61,0.05,0.3,0.3,0.3,0
49.62,0.05,0.3,0.3,0.3,0
49.63,0.05,0.3,0.3,0.3,0
49.64,0.05,0.3,0.3,0.3,0
49.65,0.05,0.3,0.3,0.3,0
49.66,0.05,0.3,0.3,0.3,0
49.67,0.05,0.3,0.3,0.3,0
49.68,0.05,0.3,0.3,0.3,0
49.69,0.05,0.3,0.3,0.3,0
49.7,0.05,0.3,0.3,0.3,0
49.71,0.05,0.3,0.3,0.3,0
49.72,0.05,0.3,0.3,0.3,0
49.73,0.05,0.3,0.3,0.3,0
49.74,0.05,0.3,0.3,0.3,0
49.75,0.05,0.3,0.3,0.3,0
49.76,0.05,0.3,0.3,0.3,0
49.77,0.05,0.3,0.3,0.3,0
49.78,0.05,0.3,0.3,0.3,0
49.79,0.05,0.3,0.3,0.3,0
49.8,0.05,0.3,0.3,0.3,0
49.81,0.05,0.3,0.3,0.3,0
49.82,0.05,0.3,0.3,0.3,0
49.83,0.05,0.3,0.3,0.3,0
49.84,0.05,0.3,0.3,0.3,0
49.85,0.05,0.3,0.3,0.3,0
49.86,0.05,0.3,0.3,0.3,0
49.87,0.05,0.3,0.3,0.3,0
49.88,0.05,0.3,0.3,0.3,0
49.89,0.05,0.3,0.3,0.3,0
49.9,0.05,0.3,0.3,0.3,0
49.91,0.05,0.3,0.3,0.3,0
49.92,0.05,0.3,0.3,0.3,0
49.93,0.05,0.3,0.3,0.3,0
49.94,0.05,0.3,0.3,0.3,0
49.95,0.05,0.3,0.3,0.3,0
49.96,0.05,0.3,0.3,0.3,0
49.97,0.05,0.3,0.3,0.3,0
49.98,0.05,0.3,0.3,0.3,0
49.99,0.05,0.3,0.3,0.3,0
50,0.05,0.3,0.3,0.3,0
50.01,0.05,0.3,0.3,0.3,0
50.02,0.05,0.3,0.3,0.3,0
50.03,0.05,0.3,0.3,0.3,0
50.04,0.05,0.3,0.3,0.3,0
50.05,0.05,0.3,0.3,0.3,0
50.06,0.05,0.3,0.3,0.3,0
50.07,0.05,0.3,0.3,0.3,0
50.08,0.05,0.3,0.3,0.3,0
50.09,0.05,0.3,0.3,0.3,0
50.1,0.05,0.3,0.3,0.3,0
50.11,0.05,0.3,0.3,0.3,0
50.12,0.05,0.3,0.3,0.3,0
50.13,0.05,0.3,0.3,0.3,0
50.14,0.05,0.3,0.3,0.3,0
50.15,0.05,0.3,0.3,0.3,0
50.16,0.05,0.3,0.3,0.3,0
50.17,0.05,0.3,0.3,0.3,0
50.18,0.05,0.3,0.3,0.3,0
50.19,0.05,0.3,0.3,0.3,0
50.2,0.05,0.3,0.3,0.3,0
50.21,0.05,0.3,0.3,0.3,0
50.22,0.05,0.3,0.3,0.3,0
50.23,0.05,0.3,0.3,0.3,0
50.24,0.05,0.3,0.3,0.3,0
50.25,0.05,0.3,0.3,0.3,0
50.26,0.05,0.3,0.3,0.3,0
50.27,0.05,0.3,0.3,0.3,0
50.28,0.05,0.3,0.3,0.3,0
50.29,0.05,0.3,0.3,0.3,0
50.3,0.05,0.3,0.3,0.3,0
50.31,0.05,0.3,0.3,0.3,0
50.32,0.05,0.3,0.3,0.3,0
50.33,0.05,0.3,0.3,0.3,0
50.34,0.05,0.3,0.3,0.3,0
50.35,0.05,0.3,0.3,0.3,0
50.36,0.05,0.3,0.3,0.3,0
50.37,0.05,0.3,0.3,0.3,0
50.38,0.05,0.3,0.3,0.3,0
50.39,0.05,0.3,0.3,0.3,0
50.4,0.05,0.3,0.3,0.3,0
50.41,0.05,0.3,0.3,0.3,0
50.42,0.05,0.3,0.3,0.3,0
50.43,0.05,0.3,0.3,0.3,0
50.44,0.05,0.3,0.3,0.3,0
50.45,0.05,0.3,0.3,0.3,0
50.46,0.05,0.3,0.3,0.3,0
50.47,0.05,0.3,0.3,0.3,0
50.48,0.05,0.3,0.3,0.3,0
50.49,0.05,0.3,0.3,0.3,0
50.5,0.05,0.3,0.3,0.3,0
50.51,0.05,0.3,0.3,0.3,0
50.52,0.05,0.3,0.3,0.3,0
50.53,0.05,0.3,0.3,0.3,0
50.54,0.05,0.3,0.3,0.3,0
50.55,0.05,0.3,0.3,0.3,0
50.56,0.05,0.3,0.3,0.3,0
50.57,0.05,0.3,0.3,0.3,0
50.58,0.05,0.3,0.3,0.3,0
50.59,0.05,0.3,0.3,0.3,0
50.6,0.05,0.3,0.3,0.3,0
50.61,0.05,0.3,0.3,0.3,0
50.62,0.05,0.3,0.3,0.3,0
50.63,0.05,0.3,0.3,0.3,0
50.64,0.05,0.3,0.3,0.3,0
50.65,0.05,0.3,0.3,0.3,0
50.66,0.05,0.3,0.3,0.3,0
50.67,0.05,0.3,0.3,0.3,0
50.68,0.05,0.3,0.3,0.3,0
50.69,0.05,0.3,0.3,0.3,0
50.7,0.05,0.3,0.3,0.3,0
50.71,0.05,0.3,0.3,0.3,0
50.72,0.05,0.3,0.3,0.3,0
50.73,0.05,0.3,0.3,0.3,0
50.74,0.05,0.3,0.3,0.3,0
50.75,0.05,0.3,0.3,0.3,0
50.76,0.05,0.3,0.3,0.3,0
50.77,0.05,0.3,0.3,0.3,0
50.78,0.05,0.3,0.3,0.3,0
50.79,0.05,0.3,0.3,0.3,0
50.8,0.05,0.3,0.3,0.3,0
50.81,0.05,0.3,0.3,0.3,0
50.82,0.05,0.3,0.3,0.3,0
50.83,0.05,0.3,0.3,0.3,0
50.84,0.05,0.3,0.3,0.3,0
50.85,0.05,0.3,0.3,0.3,0
50.86,0.05,0.3,0.3,0.3,0
50.87,0.05,0.3,0.3,0.3,0
50.88,0.05,0.3,0.3,0.3,0
50.89,0.05,0.3,0.3,0.3,0
50.9,0.05,0.3,0.3,0.3,0
50.91,0.05,0.3,0.3,0.3,0
50.92,0.05,0.3,0.3,0.3,0
50.93,0.05,0.3,0.3,0.3,0
50.94,0.05,0.3,0.3,0.3,0
50.95,0.05,0.3,0.3,0.3,0
50.96,0.05,0.3,0.3,0.3,0
50.97,0.05,0.3,0.3,0.3,0
50.98,0.05,0.3,0.3,0.3,0
50.99,0.05,0.3,0.3,0.3,0
51,0.05,0.3,0.3,0.3,0
51.01,0.05,0.3,0.3,0.3,0
51.02,0.05,0.3,0.3,0.3,0
51.03,0.05,0.3,0.3,0.3,0
51.04,0.05,0.3,0.3,0.3,0
51.05,0.05,0.3,0.3,0.3,0
51.06,0.05,0.3,0.3,0.3,0
51.07,0.05,0.3,0.3,0.3,0
51.08,0.05,0.3,0.3,0.3,0
51.09,0.05,0.3,0.3,0.3,0
51.1,0.05,0.3,0.3,0.3,0
51.11,0.05,0.3,0.3,0.3,0
51.12,0.05,0.3,0.3,0.3,0
51.13,0.05,0.3,0.3,0.3,0
51.14,0.05,0.3,0.3,0.3,0
51.15,0.05,0.3,0.3,0.3,0
51.16,0.05,0.3,0.3,0.3,0
51.17,0.05,0.3,0.3,0.3,0
51.18,0.05,0.3,0.3,0.3,0
51.19,0.05,0.3,0.3,0.3,0
51.2,0.05,0.3,0.3,0.3,0
51.21,0.05,0.3,0.3,0.3,0
51.22,0.05,0.3,0.3,0.3,0
51.23,0.05,0.3,0.3,0.3,0
51.24,0.05,0.3,0.3,0.3,0
51.25,0.05,0.3,0.3,0.3,0
51.26,0.05,0.3,0.3,0.3,0
51.27,0.05,0.3,0.3,0.3,0
51.28,0.05,0.3,0.3,0.3,0
51.29,0.05,0.3,0.3,0.3,0
51.3,0.05,0.3,0.3,0.3,0
51.31,0.05,0.3,0.3,0.3,0
51.32,0.05,0.3,0.3,0.3,0
51.33,0.05,0.3,0.3,0.3,0
51.34,0.05,0.3,0.3,0.3,0
51.35,0.05,0.3,0.3,0.3,0
51.36,0.05,0.3,0.3,0.3,0
51.37,0.05,0.3,0.3,0.3,0
51.38,0.05,0.3,0.3,0.3,0
51.39,0.05,0.3,0.3,0.3,0
51.4,0.05,0.3,0.3,0.3,0
51.41,0.05,0.3,0.3,0.3,0
51.42,0.05,0.3,0.3,0.3,0
51.43,0.05,0.3,0.3,0.3,0
51.44,0.05,0.3,0.3,0.3,0
51.45,0.05,0.3,0.3,0.3,0
51.46,0.05,0.3,0.3,0.3,0
51.47,0.05,0.3,0.3,0.3,0
51.48,0.05,0.3,0.3,0.3,0
51.49,0.05,0.3,0.3,0.3,0
51.5,0.05,0.3,0.3,0.3,0
51.51,0.05,0.3,0.3,0.3,0
51.52,0.05,0.3,0.3,0.3,0
51.53,0.05,0.3,0.3,0.3,0
51.54,0.05,0.3,0.3,0.3,0
51.55,0.05,0.3,0.3,0.3,0
51.56,0.05,0.3,0.3,0.3,0
51.57,0.05,0.3,0.3,0.3,0
51.58,0.05,0.3,0.3,0.3,0
51.59,0.05,0.3,0.3,0.3,0
51.6,0.05,0.3,0.3,0.3,0
51.61,0.05,0.3,0.3,0.3,0
51.62,0.05,0.3,0.3,0.3,0
51.63,0.05,0.3,0.3,0.3,0
51.64,0.05,0.3,0.3,0.3,0
51.65,0.05,0.3,0.3,0.3,0
51.66,0.05,0.3,0.3,0.3,0
51.67,0.05,0.3,0.3,0.3,0
51.68,0.05,0.3,0.3,0.3,0
51.69,0.05,0.3,0.3,0.3,0
51.7,0.05,0.3,0.3,0.3,0
51.71,0.05,0.3,0.3,0.3,0
51.72,0.05,0.3,0.3,0.3,0
51.73,0.05,0.3,0.3,0.3,0
51.74,0.05,0.3,0.3,0.3,0
51.75,0.05,0.3,0.3,0.3,0
51.76,0.05,0.3,0.3,0.3,0
51.77,0.05,0.3,0.3,0.3,0
51.78,0.05,0.3,0.3,0.3,0
51.79,0.05,0.3,0.3,0.3,0
51.8,0.05,0.3,0.3,0.3,0
51.81,0.05,0.3,0.3,0.3,0
51.82,0.05,0.3,0.3,0.3,0
51.83,0.05,0.3,0.3,0.3,0
51.84,0.05,0.3,0.3,0.3,0
51.85,0.05,0.3,0.3,0.3,0
51.86,0.05,0.3,0.3,0.3,0
51.87,0.05,0.3,0.3,0.3,0
51.88,0.05,0.3,0.3,0.3,0
51.89,0.05,0.3,0.3,0.3,0
51.9,0.05,0.3,0.3,0.3,0
51.91,0.05,0.3,0.3,0.3,0
51.92,0.05,0.3,0.3,0.3,0
51.93,0.05,0.3,0.3,0.3,0
51.94,0.05,0.3,0.3,0.3,0
51.95,0.05,0.3,0.3,0.3,0
51.96,0.05,0.3,0.3,0.3,0
51.97,0.05,0.3,0.3,0.3,0
51.98,0.05,0.3,0.3,0.3,0
51.99,0.05,0.3,0.3,0.3,0
52,0.05,0.3,0.3,0.3,0
52.01,0.05,0.3,0.3,0.3,0
52.02,0.05,0.3,0.3,0.3,0
52.03,0.05,0.3,0.3,0.3,0
52.04,0.05,0.3,0.3,0.3,0
52.05,0.05,0.3,0.3,0.3,0
52.06,0.05,0.3,0.3,0.3,0
52.07,0.05,0.3,0.3,0.3,0
52.08,0.05,0.3,0.3,0.3,0
52.09,0.05,0.3,0.3,0.3,0
52.1,0.05,0.3,0.3,0.3,0
52.11,0.05,0.3,0.3,0.3,0
52.12,0.05,0.3,0.3,0.3,0
52.13,0.05,0.3,0.3,0.3,0
52.14,0.05,0.3,0.3,0.3,0
52.15,0.05,0.3,0.3,0.3,0
52.16,0.05,0.3,0.3,0.3,0
52.17,0.05,0.3,0.3,0.3,0
52.18,0.05,0.3,0.3,0.3,0
52.19,0.05,0.3,0.3,0.3,0
52.2,0.05,0.3,0.3,0.3,0
52.21,0.05,0.3,0.3,0.3,0
52.22,0.05,0.3,0.3,0.3,0
52.23,0.05,0.3,0.3,0.3,0
52.24,0.05,0.3,0.3,0.3,0
52.25,0.05,0.3,0.3,0.3,0
52.26,0.05,0.3,0.3,0.3,0
52.27,0.05,0.3,0.3,0.3,0
52.28,0.05,0.3,0.3,0.3,0
52.29,0.05,0.3,0.3,0.3,0
52.3,0.05,0.3,0.3,0.3,0
52.31,0.05,0.3,0.3,0.3,0
52.32,0.05,0.3,0.3,0.3,0
52.33,0.05,0.3,0.3,0.3,0
52.34,0.05,0.3,0.3,0.3,0
52.35,0.05,0.3,0.3,0.3,0
52.36,0.05,0.3,0.3,0.3,0
52.37,0.05,0.3,0.3,0.3,0
52.38,0.05,0.3,0.3,0.3,0
52.39,0.05,0.3,0.3,0.3,0
52.4,0.05,0.3,0.3,0.3,0
52.41,0.05,0.3,0.3,0.3,0
52.42,0.05,0.3,0.3,0.3,0
52.43,0.05,0.3,0.3,0.3,0
52.44,0.05,0.3,0.3,0.3,0
52.45,0.05,0.3,0.3,0.3,0
52.46,0.05,0.3,0.3,0.3,0
52.47,0.05,0.3,0.3,0.3,0
52.48,0.05,0.3,0.3,0.3,0
52.49,0.05,0.3,0.3,0.3,0
52.5,0.05,0.3,0.3,0.3,0
52.51,0.05,0.3,0.3,0.3,0
52.52,0.05,0.3,0.3,0.3,0
52.53,0.05,0.3,0.3,0.3,0
52.54,0.05,0.3,0.3,0.3,0
52.55,0.05,0.3,0.3,0.3,0
52.56,0.05,0.3,0.3,0.3,0
52.57,0.05,0.3,0.3,0.3,0
52.58,0.05,0.3,0.3,0.3,0
52.59,0.05,0.3,0.3,0.3,0
52.6,0.05,0.3,0.3,0.3,0
52.61,0.05,0.3,0.3,0.3,0
52.62,0.05,0.3,0.3,0.3,0
52.63,0.05,0.3,0.3,0.3,0
52.64,0.05,0.3,0.3,0.3,0
52.65,0.05,0.3,0.3,0.3,0
52.66,0.05,0.3,0.3,0.3,0
52.67,0.05,0.3,0.3,0.3,0
52.68,0.05,0.3,0.3,0.3,0
52.69,0.05,0.3,0.3,0.3,0
52.7,0.05,0.3,0.3,0.3,0
52.71,0.05,0.3,0.3,0.3,0
52.72,0.05,0.3,0.3,0.3,0
52.73,0.05,0.3,0.3,0.3,0
52.74,0.05,0.3,0.3,0.3,0
52.75,0.05,0.3,0.3,0.3,0
52.76,0.05,0.3,0.3,0.3,0
52.77,0.05,0.3,0.3,0.3,0
52.78,0.05,0.3,0.3,0.3,0
52.79,0.05,0.3,0.3,0.3,0
52.8,0.05,0.3,0.3,0.3,0
52.81,0.05,0.3,0.3,0.3,0
52.82,0.05,0.3,0.3,0.3,0
52.83,0.05,0.3,0.3,0.3,0
52.84,0.05,0.3,0.3,0.3,0
52.85,0.05,0.3,0.3,0.3,0
52.86,0.05,0.3,0.3,0.3,0
52.87,0.05,0.3,0.3,0.3,0
52.88,0.05,0.3,0.3,0.3,0
52.89,0.05,0.3,0.3,0.3,0
52.9,0.05,0.3,0.3,0.3,0
52.91,0.05,0.3,0.3,0.3,0
52.92,0.05,0.3,0.3,0.3,0
52.93,0.05,0.3,0.3,0.3,0
52.94,0.05,0.3,0.3,0.3,0
52.95,0.05,0.3,0.3,0.3,0
52.96,0.05,0.3,0.3,0.3,0
52.97,0.05,0.3,0.3,0.3,0
52.98,0.05,0.3,0.3,0.3,0
52.99,0.05,0.3,0.3,0.3,0
53,0.05,0.3,0.3,0.3,0
53.01,0.05,0.3,0.3,0.3,0
53.02,0.05,0.3,0.3,0.3,0
53.03,0.05,0.3,0.3,0.3,0
53.04,0.05,0.3,0.3,0.3,0
53.05,0.05,0.3,0.3,0.3,0
53.06,0.05,0.3,0.3,0.3,0
53.07,0.05,0.3,0.3,0.3,0
53.08,0.05,0.3,0.3,0.3,0
53.09,0.05,0.3,0.3,0.3,0
53.1,0.05,0.3,0.3,0.3,0
53.11,0.05,0.3,0.3,0.3,0
53.12,0.05,0.3,0.3,0.3,0
53.13,0.05,0.3,0.3,0.3,0
53.14,0.05,0.3,0.3,0.3,0
53.15,0.05,0.3,0.3,0.3,0
53.16,0.05,0.3,0.3,0.3,0
53.17,0.05,0.3,0.3,0.3,0
53.18,0.05,0.3,0.3,0.3,0
53.19,0.05,0.3,0.3,0.3,0
53.2,0.05,0.3,0.3,0.3,0
53.21,0.05,0.3,0.3,0.3,0
53.22,0.05,0.3,0.3,0.3,0
53.23,0.05,0.3,0.3,0.3,0
53.24,0.05,0.3,0.3,0.3,0
53.25,0.05,0.3,0.3,0.3,0
53.26,0.05,0.3,0.3,0.3,0
53.27,0.05,0.3,0.3,0.3,0
53.28,0.05,0.3,0.3,0.3,0
53.29,0.05,0.3,0.3,0.3,0
53.3,0.05,0.3,0.3,0.3,0
53.31,0.05,0.3,0.3,0.3,0
53.32,0.05,0.3,0.3,0.3,0
53.33,0.05,0.3,0.3,0.3,0
53.34,0.05,0.3,0.3,0.3,0
53.35,0.05,0.3,0.3,0.3,0
53.36,0.05,0.3,0.3,0.3,0
53.37,0.05,0.3,0.3,0.3,0
53.38,0.05,0.3,0.3,0.3,0
53.39,0.05,0.3,0.3,0.3,0
53.4,0.05,0.3,0.3,0.3,0
53.41,0.05,0.3,0.3,0.3,0
53.42,0.05,0.3,0.3,0.3,0
53.43,0.05,0.3,0.3,0.3,0
53.44,0.05,0.3,0.3,0.3,0
53.45,0.05,0.3,0.3,0.3,0
53.46,0.05,0.3,0.3,0.3,0
53.47,0.05,0.3,0.3,0.3,0
53.48,0.05,0.3,0.3,0.3,0
53.49,0.05,0.3,0.3,0.3,0
53.5,0.05,0.3,0.3,0.3,0
53.51,0.05,0.3,0.3,0.3,0
53.52,0.05,0.3,0.3,0.3,0
53.53,0.05,0.3,0.3,0.3,0
53.54,0.05,0.3,0.3,0.3,0
53.55,0.05,0.3,0.3,0.3,0
53.56,0.05,0.3,0.3,0.3,0
53.57,0.05,0.3,0.3,0.3,0
53.58,0.05,0.3,0.3,0.3,0
53.59,0.05,0.3,0.3,0.3,0
53.6,0.05,0.3,0.3,0.3,0
53.61,0.05,0.3,0.3,0.3,0
53.62,0.05,0.3,0.3,0.3,0
53.63,0.05,0.3,0.3,0.3,0
53.64,0.05,0.3,0.3,0.3,0
53.65,0.05,0.3,0.3,0.3,0
53.66,0.05,0.3,0.3,0.3,0
53.67,0.05,0.3,0.3,0.3,0
53.68,0.05,0.3,0.3,0.3,0
53.69,0.05,0.3,0.3,0.3,0
53.7,0.05,0.3,0.3,0.3,0
53.71,0.05,0.3,0.3,0.3,0
53.72,0.05,0.3,0.3,0.3,0
53.73,0.05,0.3,0.3,0.3,0
53.74,0.05,0.3,0.3,0.3,0
53.75,0.05,0.3,0.3,0.3,0
53.76,0.05,0.3,0.3,0.3,0
53.77,0.05,0.3,0.3,0.3,0
53.78,0.05,0.3,0.3,0.3,0
53.79,0.05,0.3,0.3,0.3,0
53.8,0.05,0.3,0.3,0.3,0
53.81,0.05,0.3,0.3,0.3,0
53.82,0.05,0.3,0.3,0.3,0
53.83,0.05,0.3,0.3,0.3,0
53.84,0.05,0.3,0.3,0.3,0
53.85,0.05,0.3,0.3,0.3,0
53.86,0.05,0.3,0.3,0.3,0
53.87,0.05,0.3,0.3,0.3,0
53.88,0.05,0.3,0.3,0.3,0
53.89,0.05,0.3,0.3,0.3,0
53.9,0.05,0.3,0.3,0.3,0
53.91,0.05,0.3,0.3,0.3,0
53.92,0.05,0.3,0.3,0.3,0
53.93,0.05,0.3,0.3,0.3,0
53.94,0.05,0.3,0.3,0.3,0
53.95,0.05,0.3,0.3,0.3,0
53.96,0.05,0.3,0.3,0.3,0
53.97,0.05,0.3,0.3,0.3,0
53.98,0.05,0.3,0.3,0.3,0
53.99,0.05,0.3,0.3,0.3,0
54,0.05,0.3,0.3,0.3,0
54.01,0.05,0.3,0.3,0.3,0
54.02,0.05,0.3,0.3,0.3,0
54.03,0.05,0.3,0.3,0.3,0
54.04,0.05,0.3,0.3,0.3,0
54.05,0.05,0.3,0.3,0.3,0
54.06,0.05,0.3,0.3,0.3,0
54.07,0.05,0.3,0.3,0.3,0
54.08,0.05,0.3,0.3,0.3,0
54.09,0.05,0.3,0.3,0.3,0
54.1,0.05,0.3,0.3,0.3,0
54.11,0.05,0.3,0.3,0.3,0
54.12,0.05,0.3,0.3,0.3,0
54.13,0.05,0.3,0.3,0.3,0
54.14,0.05,0.3,0.3,0.3,0
54.15,0.05,0.3,0.3,0.3,0
54.16,0.05,0.3,0.3,0.3,0
54.17,0.05,0.3,0.3,0.3,0
54.18,0.05,0.3,0.3,0.3,0
54.19,0.05,0.3,0.3,0.3,0
54.2,0.05,0.3,0.3,0.3,0
54.21,0.05,0.3,0.3,0.3,0
54.22,0.05,0.3,0.3,0.3,0
54.23,0.05,0.3,0.3,0.3,0
54.24,0.05,0.3,0.3,0.3,0
54.25,0.05,0.3,0.3,0.3,0
54.26,0.05,0.3,0.3,0.3,0
54.27,0.05,0.3,0.3,0.3,0
54.28,0.05,0.3,0.3,0.3,0
54.29,0.05,0.3,0.3,0.3,0
54.3,0.05,0.3,0.3,0.3,0
54.31,0.05,0.3,0.3,0.3,0
54.32,0.05,0.3,0.3,0.3,0
54.33,0.05,0.3,0.3,0.3,0
54.34,0.05,0.3,0.3,0.3,0
54.35,0.05,0.3,0.3,0.3,0
54.36,0.05,0.3,0.3,0.3,0
54.37,0.05,0.3,0.3,0.3,0
54.38,0.05,0.3,0.3,0.3,0
54.39,0.05,0.3,0.3,0.3,0
54.4,0.05,0.3,0.3,0.3,0
54.41,0.05,0.3,0.3,0.3,0
54.42,0.05,0.3,0.3,0.3,0
54.43,0.05,0.3,0.3,0.3,0
54.44,0.05,0.3,0.3,0.3,0
54.45,0.05,0.3,0.3,0.3,0
54.46,0.05,0.3,0.3,0.3,0
54.47,0.05,0.3,0.3,0.3,0
54.48,0.05,0.3,0.3,0.3,0
54.49,0.05,0.3,0.3,0.3,0
54.5,0.05,0.3,0.3,0.3,0
54.51,0.05,0.3,0.3,0.3,0
54.52,0.05,0.3,0.3,0.3,0
54.53,0.05,0.3,0.3,0.3,0
54.54,0.05,0.3,0.3,0.3,0
54.55,0.05,0.3,0.3,0.3,0
54.56,0.05,0.3,0.3,0.3,0
54.57,0.05,0.3,0.3,0.3,0
54.58,0.05,0.3,0.3,0.3,0
54.59,0.05,0.3,0.3,0.3,0
54.6,0.05,0.3,0.3,0.3,0
54.61,0.05,0.3,0.3,0.3,0
54.62,0.05,0.3,0.3,0.3,0
54.63,0.05,0.3,0.3,0.3,0
54.64,0.05,0.3,0.3,0.3,0
54.65,0.05,0.3,0.3,0.3,0
54.66,0.05,0.3,0.3,0.3,0
54.67,0.05,0.3,0.3,0.3,0
54.68,0.05,0.3,0.3,0.3,0
54.69,0.05,0.3,0.3,0.3,0
54.7,0.05,0.3,0.3,0.3,0
54.71,0.05,0.3,0.3,0.3,0
54.72,0.05,0.3,0.3,0.3,0
54.73,0.05,0.3,0.3,0.3,0
54.74,0.05,0.3,0.3,0.3,0
54.75,0.05,0.3,0.3,0.3,0
54.76,0.05,0.3,0.3,0.3,0
54.77,0.05,0.3,0.3,0.3,0
54.78,0.05,0.3,0.3,0.3,0
54.79,0.05,0.3,0.3,0.3,0
54.8,0.05,0.3,0.3,0.3,0
54.81,0.05,0.3,0.3,0.3,0
54.82,0.05,0.3,0.3,0.3,0
54.83,0.05,0.3,0.3,0.3,0
54.84,0.05,0.3,0.3,0.3,0
54.85,0.05,0.3,0.3,0.3,0
54.86,0.05,0.3,0.3,0.3,0
54.87,0.05,0.3,0.3,0.3,0
54.88,0.05,0.3,0.3,0.3,0
54.89,0.05,0.3,0.3,0.3,0
54.9,0.05,0.3,0.3,0.3,0
54.91,0.05,0.3,0.3,0.3,0
54.92,0.05,0.3,0.3,0.3,0
54.93,0.05,0.3,0.3,0.3,0
54.94,0.05,0.3,0.3,0.3,0
54.95,0.05,0.3,0.3,0.3,0
54.96,0.05,0.3,0.3,0.3,0
54.97,0.05,0.3,0.3,0.3,0
54.98,0.05,0.3,0.3,0.3,0
54.99,0.05,0.3,0.3,0.3,0
55,0.05,0.3,0.3,0.3,0
55.01,0.05,0.3,0.3,0.3,0
55.02,0.05,0.3,0.3,0.3,0
55.03,0.05,0.3,0.3,0.3,0
55.04,0.05,0.3,0.3,0.3,0
55.05,0.05,0.3,0.3,0.3,0
55.06,0.05,0.3,0.3,0.3,0
55.07,0.05,0.3,0.3,0.3,0
55.08,0.05,0.3,0.3,0.3,0
55.09,0.05,0.3,0.3,0.3,0
55.1,0.05,0.3,0.3,0.3,0
55.11,0.05,0.3,0.3,0.3,0
55.12,0.05,0.3,0.3,0.3,0
55.13,0.05,0.3,0.3,0.3,0
55.14,0.05,0.3,0.3,0.3,0
55.15,0.05,0.3,0.3,0.3,0
55.16,0.05,0.3,0.3,0.3,0
55.17,0.05,0.3,0.3,0.3,0
55.18,0.05,0.3,0.3,0.3,0
55.19,0.05,0.3,0.3,0.3,0
55.2,0.05,0.3,0.3,0.3,0
55.21,0.05,0.3,0.3,0.3,0
55.22,0.05,0.3,0.3,0.3,0
55.23,0.05,0.3,0.3,0.3,0
55.24,0.05,0.3,0.3,0.3,0
55.25,0.05,0.3,0.3,0.3,0
55.26,0.05,0.3,0.3,0.3,0
55.27,0.05,0.3,0.3,0.3,0
55.28,0.05,0.3,0.3,0.3,0
55.29,0.05,0.3,0.3,0.3,0
55.3,0.05,0.3,0.3,0.3,0
55.31,0.05,0.3,0.3,0.3,0
55.32,0.05,0.3,0.3,0.3,0
55.33,0.05,0.3,0.3,0.3,0
55.34,0.05,0.3,0.3,0.3,0
55.35,0.05,0.3,0.3,0.3,0
55.36,0.05,0.3,0.3,0.3,0
55.37,0.05,0.3,0.3,0.3,0
55.38,0.05,0.3,0.3,0.3,0
55.39,0.05,0.3,0.3,0.3,0
55.4,0.05,0.3,0.3,0.3,0
55.41,0.05,0.3,0.3,0.3,0
55.42,0.05,0.3,0.3,0.3,0
55.43,0.05,0.3,0.3,0.3,0
55.44,0.05,0.3,0.3,0.3,0
55.45,0.05,0.3,0.3,0.3,0
55.46,0.05,0.3,0.3,0.3,0
55.47,0.05,0.3,0.3,0.3,0
55.48,0.05,0.3,0.3,0.3,0
55.49,0.05,0.3,0.3,0.3,0
55.5,0.05,0.3,0.3,0.3,0
55.51,0.05,0.3,0.3,0.3,0
55.52,0.05,0.3,0.3,0.3,0
55.53,0.05,0.3,0.3,0.3,0
55.54,0.05,0.3,0.3,0.3,0
55.55,0.05,0.3,0.3,0.3,0
55.56,0.05,0.3,0.3,0.3,0
55.57,0.05,0.3,0.3,0.3,0
55.58,0.05,0.3,0.3,0.3,0
55.59,0.05,0.3,0.3,0.3,0
55.6,0.05,0.3,0.3,0.3,0
55.61,0.05,0.3,0.3,0.3,0
55.62,0.05,0.3,0.3,0.3,0
55.63,0.05,0.3,0.3,0.3,0
55.64,0.05,0.3,0.3,0.3,0
55.65,0.05,0.3,0.3,0.3,0
55.66,0.05,0.3,0.3,0.3,0
55.67,0.05,0.3,0.3,0.3,0
55.68,0.05,0.3,0.3,0.3,0
55.69,0.05,0.3,0.3,0.3,0
55.7,0.05,0.3,0.3,0.3,0
55.71,0.05,0.3,0.3,0.3,0
55.72,0.05,0.3,0.3,0.3,0
55.73,0.05,0.3,0.3,0.3,0
55.74,0.05,0.3,0.3,0.3,0
55.75,0.05,0.3,0.3,0.3,0
55.76,0.05,0.3,0.3,0.3,0
55.77,0.05,0.3,0.3,0.3,0
55.78,0.05,0.3,0.3,0.3,0
55.79,0.05,0.3,0.3,0.3,0
55.8,0.05,0.3,0.3,0.3,0
55.81,0.05,0.3,0.3,0.3,0
55.82,0.05,0.3,0.3,0.3,0
55.83,0.05,0.3,0.3,0.3,0
55.84,0.05,0.3,0.3,0.3,0
55.85,0.05,0.3,0.3,0.3,0
55.86,0.05,0.3,0.3,0.3,0
55.87,0.05,0.3,0.3,0.3,0
55.88,0.05,0.3,0.3,0.3,0
55.89,0.05,0.3,0.3,0.3,0
55.9,0.05,0.3,0.3,0.3,0
55.91,0.05,0.3,0.3,0.3,0
55.92,0.05,0.3,0.3,0.3,0
55.93,0.05,0.3,0.3,0.3,0
55.94,0.05,0.3,0.3,0.3,0
55.95,0.05,0.3,0.3,0.3,0
55.96,0.05,0.3,0.3,0.3,0
55.97,0.05,0.3,0.3,0.3,0
55.98,0.05,0.3,0.3,0.3,0
55.99,0.05,0.3,0.3,0.3,0
56,0.05,0.3,0.3,0.3,0
56.01,0.05,0.3,0.3,0.3,0
56.02,0.05,0.3,0.3,0.3,0
56.03,0.05,0.3,0.3,0.3,0
56.04,0.05,0.3,0.3,0.3,0
56.05,0.05,0.3,0.3,0.3,0
56.06,0.05,0.3,0.3,0.3,0
56.07,0.05,0.3,0.3,0.3,0
56.08,0.05,0.3,0.3,0.3,0
56.09,0.05,0.3,0.3,0.3,0
56.1,0.05,0.3,0.3,0.3,0
56.11,0.05,0.3,0.3,0.3,0
56.12,0.05,0.3,0.3,0.3,0
56.13,0.05,0.3,0.3,0.3,0
56.14,0.05,0.3,0.3,0.3,0
56.15,0.05,0.3,0.3,0.3,0
56.16,0.05,0.3,0.3,0.3,0
56.17,0.05,0.3,0.3,0.3,0
56.18,0.05,0.3,0.3,0.3,0
56.19,0.05,0.3,0.3,0.3,0
56.2,0.05,0.3,0.3,0.3,0
56.21,0.05,0.3,0.3,0.3,0
56.22,0.05,0.3,0.3,0.3,0
56.23,0.05,0.3,0.3,0.3,0
56.24,0.05,0.3,0.3,0.3,0
56.25,0.05,0.3,0.3,0.3,0
56.26,0.05,0.3,0.3,0.3,0
56.27,0.05,0.3,0.3,0.3,0
56.28,0.05,0.3,0.3,0.3,0
56.29,0.05,0.3,0.3,0.3,0
56.3,0.05,0.3,0.3,0.3,0
56.31,0.05,0.3,0.3,0.3,0
56.32,0.05,0.3,0.3,0.3,0
56.33,0.05,0.3,0.3,0.3,0
56.34,0.05,0.3,0.3,0.3,0
56.35,0.05,0.3,0.3,0.3,0
56.36,0.05,0.3,0.3,0.3,0
56.37,0.05,0.3,0.3,0.3,0
56.38,0.05,0.3,0.3,0.3,0
56.39,0.05,0.3,0.3,0.3,0
56.4,0.05,0.3,0.3,0.3,0
56.41,0.05,0.3,0.3,0.3,0
56.42,0.05,0.3,0.3,0.3,0
56.43,0.05,0.3,0.3,0.3,0
56.44,0.05,0.3,0.3,0.3,0
56.45,0.05,0.3,0.3,0.3,0
56.46,0.05,0.3,0.3,0.3,0
56.47,0.05,0.3,0.3,0.3,0
56.48,0.05,0.3,0.3,0.3,0
56.49,0.05,0.3,0.3,0.3,0
56.5,0.05,0.3,0.3,0.3,0
56.51,0.05,0.3,0.3,0.3,0
56.52,0.05,0.3,0.3,0.3,0
56.53,0.05,0.3,0.3,0.3,0
56.54,0.05,0.3,0.3,0.3,0
56.55,0.05,0.3,0.3,0.3,0
56.56,0.05,0.3,0.3,0.3,0
56.57,0.05,0.3,0.3,0.3,0
56.58,0.05,0.3,0.3,0.3,0
56.59,0.05,0.3,0.3,0.3,0
56.6,0.05,0.3,0.3,0.3,0
56.61,0.05,0.3,0.3,0.3,0
56.62,0.05,0.3,0.3,0.3,0
56.63,0.05,0.3,0.3,0.3,0
56.64,0.05,0.3,0.3,0.3,0
56.65,0.05,0.3,0.3,0.3,0
56.66,0.05,0.3,0.3,0.3,0
56.67,0.05,0.3,0.3,0.3,0
56.68,0.05,0.3,0.3,0.3,0
56.69,0.05,0.3,0.3,0.3,0
56.7,0.05,0.3,0.3,0.3,0
56.71,0.05,0.3,0.3,0.3,0
56.72,0.05,0.3,0.3,0.3,0
56.73,0.05,0.3,0.3,0.3,0
56.74,0.05,0.3,0.3,0.3,0
56.75,0.05,0.3,0.3,0.3,0
56.76,0.05,0.3,0.3,0.3,0
56.77,0.05,0.3,0.3,0.3,0
56.78,0.05,0.3,0.3,0.3,0
56.79,0.05,0.3,0.3,0.3,0
56.8,0.05,0.3,0.3,0.3,0
56.81,0.05,0.3,0.3,0.3,0
56.82,0.05,0.3,0.3,0.3,0
56.83,0.05,0.3,0.3,0.3,0
56.84,0.05,0.3,0.3,0.3,0
56.85,0.05,0.3,0.3,0.3,0
56.86,0.05,0.3,0.3,0.3,0
56.87,0.05,0.3,0.3,0.3,0
56.88,0.05,0.3,0.3,0.3,0
56.89,0.05,0.3,0.3,0.3,0
56.9,0.05,0.3,0.3,0.3,0
56.91,0.05,0.3,0.3,0.3,0
56.92,0.05,0.3,0.3,0.3,0
56.93,0.05,0.3,0.3,0.3,0
56.94,0.05,0.3,0.3,0.3,0
56.95,0.05,0.3,0.3,0.3,0
56.96,0.05,0.3,0.3,0.3,0
56.97,0.05,0.3,0.3,0.3,0
56.98,0.05,0.3,0.3,0.3,0
56.99,0.05,0.3,0.3,0.3,0
57,0.05,0.3,0.3,0.3,0
57.01,0.05,0.3,0.3,0.3,0
57.02,0.05,0.3,0.3,0.3,0
57.03,0.05,0.3,0.3,0.3,0
57.04,0.05,0.3,0.3,0.3,0
57.05,0.05,0.3,0.3,0.3,0
57.06,0.05,0.3,0.3,0.3,0
57.07,0.05,0.3,0.3,0.3,0
57.08,0.05,0.3,0.3,0.3,0
57.09,0.05,0.3,0.3,0.3,0
57.1,0.05,0.3,0.3,0.3,0
57.11,0.05,0.3,0.3,0.3,0
57.12,0.05,0.3,0.3,0.3,0
57.13,0.05,0.3,0.3,0.3,0
57.14,0.05,0.3,0.3,0.3,0
57.15,0.05,0.3,0.3,0.3,0
57.16,0.05,0.3,0.3,0.3,0
57.17,0.05,0.3,0.3,0.3,0
57.18,0.05,0.3,0.3,0.3,0
57.19,0.05,0.3,0.3,0.3,0
57.2,0.05,0.3,0.3,0.3,0
57.21,0.05,0.3,0.3,0.3,0
57.22,0.05,0.3,0.3,0.3,0
57.23,0.05,0.3,0.3,0.3,0
57.24,0.05,0.3,0.3,0.3,0
57.25,0.05,0.3,0.3,0.3,0
57.26,0.05,0.3,0.3,0.3,0
57.27,0.05,0.3,0.3,0.3,0
57.28,0.05,0.3,0.3,0.3,0
57.29,0.05,0.3,0.3,0.3,0
57.3,0.05,0.3,0.3,0.3,0
57.31,0.05,0.3,0.3,0.3,0
57.32,0.05,0.3,0.3,0.3,0
57.33,0.05,0.3,0.3,0.3,0
57.34,0.05,0.3,0.3,0.3,0
57.35,0.05,0.3,0.3,0.3,0
57.36,0.05,0.3,0.3,0.3,0
57.37,0.05,0.3,0.3,0.3,0
57.38,0.05,0.3,0.3,0.3,0
57.39,0.05,0.3,0.3,0.3,0
57.4,0.05,0.3,0.3,0.3,0
57.41,0.05,0.3,0.3,0.3,0
57.42,0.05,0.3,0.3,0.3,0
57.43,0.05,0.3,0.3,0.3,0
57.44,0.05,0.3,0.3,0.3,0
57.45,0.05,0.3,0.3,0.3,0
57.46,0.05,0.3,0.3,0.3,0
57.47,0.05,0.3,0.3,0.3,0
57.48,0.05,0.3,0.3,0.3,0
57.49,0.05,0.3,0.3,0.3,0
57.5,0.05,0.3,0.3,0.3,0
57.51,0.05,0.3,0.3,0.3,0
57.52,0.05,0.3,0.3,0.3,0
57.53,0.05,0.3,0.3,0.3,0
57.54,0.05,0.3,0.3,0.3,0
57.55,0.05,0.3,0.3,0.3,0
57.56,0.05,0.3,0.3,0.3,0
57.57,0.05,0.3,0.3,0.3,0
57.58,0.05,0.3,0.3,0.3,0
57.59,0.05,0.3,0.3,0.3,0
57.6,0.05,0.3,0.3,0.3,0
57.61,0.05,0.3,0.3,0.3,0
57.62,0.05,0.3,0.3,0.3,0
57.63,0.05,0.3,0.3,0.3,0
57.64,0.05,0.3,0.3,0.3,0
57.65,0.05,0.3,0.3,0.3,0
57.66,0.05,0.3,0.3,0.3,0
57.67,0.05,0.3,0.3,0.3,0
57.68,0.05,0.3,0.3,0.3,0
57.69,0.05,0.3,0.3,0.3,0
57.7,0.05,0.3,0.3,0.3,0
57.71,0.05,0.3,0.3,0.3,0
57.72,0.05,0.3,0.3,0.3,0
57.73,0.05,0.3,0.3,0.3,0
57.74,0.05,0.3,0.3,0.3,0
57.75,0.05,0.3,0.3,0.3,0
57.76,0.05,0.3,0.3,0.3,0
57.77,0.05,0.3,0.3,0.3,0
57.78,0.05,0.3,0.3,0.3,0
57.79,0.05,0.3,0.3,0.3,0
57.8,0.05,0.3,0.3,0.3,0
57.81,0.05,0.3,0.3,0.3,0
57.82,0.05,0.3,0.3,0.3,0
57.83,0.05,0.3,0.3,0.3,0
57.84,0.05,0.3,0.3,0.3,0
57.85,0.05,0.3,0.3,0.3,0
57.86,0.05,0.3,0.3,0.3,0
57.87,0.05,0.3,0.3,0.3,0
57.88,0.05,0.3,0.3,0.3,0
57.89,0.05,0.3,0.3,0.3,0
57.9,0.05,0.3,0.3,0.3,0
57.91,0.05,0.3,0.3,0.3,0
57.92,0.05,0.3,0.3,0.3,0
57.93,0.05,0.3,0.3,0.3,0
57.94,0.05,0.3,0.3,0.3,0
57.95,0.05,0.3,0.3,0.3,0
57.96,0.05,0.3,0.3,0.3,0
57.97,0.05,0.3,0.3,0.3,0
57.98,0.05,0.3,0.3,0.3,0
57.99,0.05,0.3,0.3,0.3,0
58,0.05,0.3,0.3,0.3,0
58.01,0.05,0.3,0.3,0.3,0
58.02,0.05,0.3,0.3,0.3,0
58.03,0.05,0.3,0.3,0.3,0
58.04,0.05,0.3,0.3,0.3,0
58.05,0.05,0.3,0.3,0.3,0
58.06,0.05,0.3,0.3,0.3,0
58.07,0.05,0.3,0.3,0.3,0
58.08,0.05,0.3,0.3,0.3,0
58.09,0.05,0.3,0.3,0.3,0
58.1,0.05,0.3,0.3,0.3,0
58.11,0.05,0.3,0.3,0.3,0
58.12,0.05,0.3,0.3,0.3,0
58.13,0.05,0.3,0.3,0.3,0
58.14,0.05,0.3,0.3,0.3,0
58.15,0.05,0.3,0.3,0.3,0
58.16,0.05,0.3,0.3,0.3,0
58.17,0.05,0.3,0.3,0.3,0
58.18,0.05,0.3,0.3,0.3,0
58.19,0.05,0.3,0.3,0.3,0
58.2,0.05,0.3,0.3,0.3,0
58.21,0.05,0.3,0.3,0.3,0
58.22,0.05,0.3,0.3,0.3,0
58.23,0.05,0.3,0.3,0.3,0
58.24,0.05,0.3,0.3,0.3,0
58.25,0.05,0.3,0.3,0.3,0
58.26,0.05,0.3,0.3,0.3,0
58.27,0.05,0.3,0.3,0.3,0
58.28,0.05,0.3,0.3,0.3,0
58.29,0.05,0.3,0.3,0.3,0
58.3,0.05,0.3,0.3,0.3,0
58.31,0.05,0.3,0.3,0.3,0
58.32,0.05,0.3,0.3,0.3,0
58.33,0.05,0.3,0.3,0.3,0
58.34,0.05,0.3,0.3,0.3,0
58.35,0.05,0.3,0.3,0.3,0
58.36,0.05,0.3,0.3,0.3,0
58.37,0.05,0.3,0.3,0.3,0
58.38,0.05,0.3,0.3,0.3,0
58.39,0.05,0.3,0.3,0.3,0
58.4,0.05,0.3,0.3,0.3,0
58.41,0.05,0.3,0.3,0.3,0
58.42,0.05,0.3,0.3,0.3,0
58.43,0.05,0.3,0.3,0.3,0
58.44,0.05,0.3,0.3,0.3,0
58.45,0.05,0.3,0.3,0.3,0
58.46,0.05,0.3,0.3,0.3,0
58.47,0.05,0.3,0.3,0.3,0
58.48,0.05,0.3,0.3,0.3,0
58.49,0.05,0.3,0.3,0.3,0
58.5,0.05,0.3,0.3,0.3,0
58.51,0.05,0.3,0.3,0.3,0
58.52,0.05,0.3,0.3,0.3,0
58.53,0.05,0.3,0.3,0.3,0
58.54,0.05,0.3,0.3,0.3,0
58.55,0.05,0.3,0.3,0.3,0
58.56,0.05,0.3,0.3,0.3,0
58.57,0.05,0.3,0.3,0.3,0
58.58,0.05,0.3,0.3,0.3,0
58.59,0.05,0.3,0.3,0.3,0
58.6,0.05,0.3,0.3,0.3,0
58.61,0.05,0.3,0.3,0.3,0
58.62,0.05,0.3,0.3,0.3,0
58.63,0.05,0.3,0.3,0.3,0
58.64,0.05,0.3,0.3,0.3,0
58.65,0.05,0.3,0.3,0.3,0
58.66,0.05,0.3,0.3,0.3,0
58.67,0.05,0.3,0.3,0.3,0
58.68,0.05,0.3,0.3,0.3,0
58.69,0.05,0.3,0.3,0.3,0
58.7,0.05,0.3,0.3,0.3,0
58.71,0.05,0.3,0.3,0.3,0
58.72,0.05,0.3,0.3,0.3,0
58.73,0.05,0.3,0.3,0.3,0
58.74,0.05,0.3,0.3,0.3,0
58.75,0.05,0.3,0.3,0.3,0
58.76,0.05,0.3,0.3,0.3,0
58.77,0.05,0.3,0.3,0.3,0
58.78,0.05,0.3,0.3,0.3,0
58.79,0.05,0.3,0.3,0.3,0
58.8,0.05,0.3,0.3,0.3,0
58.81,0.05,0.3,0.3,0.3,0
58.82,0.05,0.3,0.3,0.3,0
58.83,0.05,0.3,0.3,0.3,0
58.84,0.05,0.3,0.3,0.3,0
58.85,0.05,0.3,0.3,0.3,0
58.86,0.05,0.3,0.3,0.3,0
58.87,0.05,0.3,0.3,0.3,0
58.88,0.05,0.3,0.3,0.3,0
58.89,0.05,0.3,0.3,0.3,0
58.9,0.05,0.3,0.3,0.3,0
58.91,0.05,0.3,0.3,0.3,0
58.92,0.05,0.3,0.3,0.3,0
58.93,0.05,0.3,0.3,0.3,0
58.94,0.05,0.3,0.3,0.3,0
58.95,0.05,0.3,0.3,0.3,0
58.96,0.05,0.3,0.3,0.3,0
58.97,0.05,0.3,0.3,0.3,0
58.98,0.05,0.3,0.3,0.3,0
58.99,0.05,0.3,0.3,0.3,0
59,0.05,0.3,0.3,0.3,0
59.01,0.05,0.3,0.3,0.3,0
59.02,0.05,0.3,0.3,0.3,0
59.03,0.05,0.3,0.3,0.3,0
59.04,0.05,0.3,0.3,0.3,0
59.05,0.05,0.3,0.3,0.3,0
59.06,0.05,0.3,0.3,0.3,0
59.07,0.05,0.3,0.3,0.3,0
59.08,0.05,0.3,0.3,0.3,0
59.09,0.05,0.3,0.3,0.3,0
59.1,0.05,0.3,0.3,0.3,0
59.11,0.05,0.3,0.3,0.3,0
59.12,0.05,0.3,0.3,0.3,0
59.13,0.05,0.3,0.3,0.3,0
59.14,0.05,0.3,0.3,0.3,0
59.15,0.05,0.3,0.3,0.3,0
59.16,0.05,0.3,0.3,0.3,0
59.17,0.05,0.3,0.3,0.3,0
59.18,0.05,0.3,0.3,0.3,0
59.19,0.05,0.3,0.3,0.3,0
59.2,0.05,0.3,0.3,0.3,0
59.21,0.05,0.3,0.3,0.3,0
59.22,0.05,0.3,0.3,0.3,0
59.23,0.05,0.3,0.3,0.3,0
59.24,0.05,0.3,0.3,0.3,0
59.25,0.05,0.3,0.3,0.3,0
59.26,0.05,0.3,0.3,0.3,0
59.27,0.05,0.3,0.3,0.3,0
59.28,0.05,0.3,0.3,0.3,0
59.29,0.05,0.3,0.3,0.3,0
59.3,0.05,0.3,0.3,0.3,0
59.31,0.05,0.3,0.3,0.3,0
59.32,0.05,0.3,0.3,0.3,0
59.33,0.05,0.3,0.3,0.3,0
59.34,0.05,0.3,0.3,0.3,0
59.35,0.05,0.3,0.3,0.3,0
59.36,0.05,0.3,0.3,0.3,0
59.37,0.05,0.3,0.3,0.3,0
59.38,0.05,0.3,0.3,0.3,0
59.39,0.05,0.3,0.3,0.3,0
59.4,0.05,0.3,0.3,0.3,0
59.41,0.05,0.3,0.3,0.3,0
59.42,0.05,0.3,0.3,0.3,0
59.43,0.05,0.3,0.3,0.3,0
59.44,0.05,0.3,0.3,0.3,0
59.45,0.05,0.3,0.3,0.3,0
59.46,0.05,0.3,0.3,0.3,0
59.47,0.05,0.3,0.3,0.3,0
59.48,0.05,0.3,0.3,0.3,0
59.49,0.05,0.3,0.3,0.3,0
59.5,0.05,0.3,0.3,0.3,0
59.51,0.05,0.3,0.3,0.3,0
59.52,0.05,0.3,0.3,0.3,0
59.53,0.05,0.3,0.3,0.3,0
59.54,0.05,0.3,0.3,0.3,0
59.55,0.05,0.3,0.3,0.3,0
59.56,0.05,0.3,0.3,0.3,0
59.57,0.05,0.3,0.3,0.3,0
59.58,0.05,0.3,0.3,0.3,0
59.59,0.05,0.3,0.3,0.3,0
59.6,0.05,0.3,0.3,0.3,0
59.61,0.05,0.3,0.3,0.3,0
59.62,0.05,0.3,0.3,0.3,0
59.63,0.05,0.3,0.3,0.3,0
59.64,0.05,0.3,0.3,0.3,0
59.65,0.05,0.3,0.3,0.3,0
59.66,0.05,0.3,0.3,0.3,0
59.67,0.05,0.3,0.3,0.3,0
59.68,0.05,0.3,0.3,0.3,0
59.69,0.05,0.3,0.3,0.3,0
59.7,0.05,0.3,0.3,0.3,0
59.71,0.05,0.3,0.3,0.3,0
59.72,0.05,0.3,0.3,0.3,0
59.73,0.05,0.3,0.3,0.3,0
59.74,0.05,0.3,0.3,0.3,0
59.75,0.05,0.3,0.3,0.3,0
59.76,0.05,0.3,0.3,0.3,0
59.77,0.05,0.3,0.3,0.3,0
59.78,0.05,0.3,0.3,0.3,0
59.79,0.05,0.3,0.3,0.3,0
59.8,0.05,0.3,0.3,0.3,0
59.81,0.05,0.3,0.3,0.3,0
59.82,0.05,0.3,0.3,0.3,0
59.83,0.05,0.3,0.3,0.3,0
59.84,0.05,0.3,0.3,0.3,0
59.85,0.05,0.3,0.3,0.3,0
59.86,0.05,0.3,0.3,0.3,0
59.87,0.05,0.3,0.3,0.3,0
59.88,0.05,0.3,0.3,0.3,0
59.89,0.05,0.3,0.3,0.3,0
59.9,0.05,0.3,0.3,0.3,0
59.91,0.05,0.3,0.3,0.3,0
59.92,0.05,0.3,0.3,0.3,0
59.93,0.05,0.3,0.3,0.3,0
59.94,0.05,0.3,0.3,0.3,0
59.95,0.05,0.3,0.3,0.3,0
59.96,0.05,0.3,0.3,0.3,0
59.97,0.05,0.3,0.3,0.3,0
59.98,0.05,0.3,0.3,0.3,0
59.99,0.05,0.3,0.3,0.3,0
60,0.05,0.3,0.3,0.3,0
60.01,0.05,0.3,0.3,0.3,0
60.02,0.05,0.3,0.3,0.3,0
60.03,0.05,0.3,0.3,0.3,0
60.04,0.05,0.3,0.3,0.3,0
60.05,0.05,0.3,0.3,0.3,0
60.06,0.05,0.3,0.3,0.3,0
60.07,0.05,0.3,0.3,0.3,0
60.08,0.05,0.3,0.3,0.3,0
60.09,0.05,0.3,0.3,0.3,0
60.1,0.05,0.3,0.3,0.3,0
60.11,0.05,0.3,0.3,0.3,0
60.12,0.05,0.3,0.3,0.3,0
60.13,0.05,0.3,0.3,0.3,0
60.14,0.05,0.3,0.3,0.3,0
60.15,0.05,0.3,0.3,0.3,0
60.16,0.05,0.3,0.3,0.3,0
60.17,0.05,0.3,0.3,0.3,0
60.18,0.05,0.3,0.3,0.3,0
60.19,0.05,0.3,0.3,0.3,0
60.2,0.05,0.3,0.3,0.3,0
60.21,0.05,0.3,0.3,0.3,0
60.22,0.05,0.3,0.3,0.3,0
60.23,0.05,0.3,0.3,0.3,0
60.24,0.05,0.3,0.3,0.3,0
60.25,0.05,0.3,0.3,0.3,0
60.26,0.05,0.3,0.3,0.3,0
60.27,0.05,0.3,0.3,0.3,0
60.28,0.05,0.3,0.3,0.3,0
60.29,0.05,0.3,0.3,0.3,0
60.3,0.05,0.3,0.3,0.3,0
60.31,0.05,0.3,0.3,0.3,0
60.32,0.05,0.3,0.3,0.3,0
60.33,0.05,0.3,0.3,0.3,0
60.34,0.05,0.3,0.3,0.3,0
60.35,0.05,0.3,0.3,0.3,0
60.36,0.05,0.3,0.3,0.3,0
60.37,0.05,0.3,0.3,0.3,0
60.38,0.05,0.3,0.3,0.3,0
60.39,0.05,0.3,0.3,0.3,0
60.4,0.05,0.3,0.3,0.3,0
60.41,0.05,0.3,0.3,0.3,0
60.42,0.05,0.3,0.3,0.3,0
60.43,0.05,0.3,0.3,0.3,0
60.44,0.05,0.3,0.3,0.3,0
60.45,0.05,0.3,0.3,0.3,0
60.46,0.05,0.3,0.3,0.3,0
60.47,0.05,0.3,0.3,0.3,0
60.48,0.05,0.3,0.3,0.3,0
60.49,0.05,0.3,0.3,0.3,0
60.5,0.05,0.3,0.3,0.3,0
60.51,0.05,0.3,0.3,0.3,0
60.52,0.05,0.3,0.3,0.3,0
60.53,0.05,0.3,0.3,0.3,0
60.54,0.05,0.3,0.3,0.3,0
60.55,0.05,0.3,0.3,0.3,0
60.56,0.05,0.3,0.3,0.3,0
60.57,0.05,0.3,0.3,0.3,0
60.58,0.05,0.3,0.3,0.3,0
60.59,0.05,0.3,0.3,0.3,0
60.6,0.05,0.3,0.3,0.3,0
60.61,0.05,0.3,0.3,0.3,0
60.62,0.05,0.3,0.3,0.3,0
60.63,0.05,0.3,0.3,0.3,0
60.64,0.05,0.3,0.3,0.3,0
60.65,0.05,0.3,0.3,0.3,0
60.66,0.05,0.3,0.3,0.3,0
60.67,0.05,0.3,0.3,0.3,0
60.68,0.05,0.3,0.3,0.3,0
60.69,0.05,0.3,0.3,0.3,0
60.7,0.05,0.3,0.3,0.3,0
60.71,0.05,0.3,0.3,0.3,0
60.72,0.05,0.3,0.3,0.3,0
60.73,0.05,0.3,0.3,0.3,0
60.74,0.05,0.3,0.3,0.3,0
60.75,0.05,0.3,0.3,0.3,0
60.76,0.05,0.3,0.3,0.3,0
60.77,0.05,0.3,0.3,0.3,0
60.78,0.05,0.3,0.3,0.3,0
60.79,0.05,0.3,0.3,0.3,0
60.8,0.05,0.3,0.3,0.3,0
60.81,0.05,0.3,0.3,0.3,0
60.82,0.05,0.3,0.3,0.3,0
60.83,0.05,0.3,0.3,0.3,0
60.84,0.05,0.3,0.3,0.3,0
60.85,0.05,0.3,0.3,0.3,0
60.86,0.05,0.3,0.3,0.3,0
60.87,0.05,0.3,0.3,0.3,0
60.88,0.05,0.3,0.3,0.3,0
60.89,0.05,0.3,0.3,0.3,0
60.9,0.05,0.3,0.3,0.3,0
60.91,0.05,0.3,0.3,0.3,0
60.92,0.05,0.3,0.3,0.3,0
60.93,0.05,0.3,0.3,0.3,0
60.94,0.05,0.3,0.3,0.3,0
60.95,0.05,0.3,0.3,0.3,0
60.96,0.05,0.3,0.3,0.3,0
60.97,0.05,0.3,0.3,0.3,0
60.98,0.05,0.3,0.3,0.3,0
60.99,0.05,0.3,0.3,0.3,0
61,0.05,0.3,0.3,0.3,0
61.01,0.05,0.3,0.3,0.3,0
61.02,0.05,0.3,0.3,0.3,0
61.03,0.05,0.3,0.3,0.3,0
61.04,0.05,0.3,0.3,0.3,0
61.05,0.05,0.3,0.3,0.3,0
61.06,0.05,0.3,0.3,0.3,0
61.07,0.05,0.3,0.3,0.3,0
61.08,0.05,0.3,0.3,0.3,0
61.09,0.05,0.3,0.3,0.3,0
61.1,0.05,0.3,0.3,0.3,0
61.11,0.05,0.3,0.3,0.3,0
61.12,0.05,0.3,0.3,0.3,0
61.13,0.05,0.3,0.3,0.3,0
61.14,0.05,0.3,0.3,0.3,0
61.15,0.05,0.3,0.3,0.3,0
61.16,0.05,0.3,0.3,0.3,0
61.17,0.05,0.3,0.3,0.3,0
61.18,0.05,0.3,0.3,0.3,0
61.19,0.05,0.3,0.3,0.3,0
61.2,0.05,0.3,0.3,0.3,0
61.21,0.05,0.3,0.3,0.3,0
61.22,0.05,0.3,0.3,0.3,0
61.23,0.05,0.3,0.3,0.3,0
61.24,0.05,0.3,0.3,0.3,0
61.25,0.05,0.3,0.3,0.3,0
61.26,0.05,0.3,0.3,0.3,0
61.27,0.05,0.3,0.3,0.3,0
61.28,0.05,0.3,0.3,0.3,0
61.29,0.05,0.3,0.3,0.3,0
61.3,0.05,0.3,0.3,0.3,0
61.31,0.05,0.3,0.3,0.3,0
61.32,0.05,0.3,0.3,0.3,0
61.33,0.05,0.3,0.3,0.3,0
61.34,0.05,0.3,0.3,0.3,0
61.35,0.05,0.3,0.3,0.3,0
61.36,0.05,0.3,0.3,0.3,0
61.37,0.05,0.3,0.3,0.3,0
61.38,0.05,0.3,0.3,0.3,0
61.39,0.05,0.3,0.3,0.3,0
61.4,0.05,0.3,0.3,0.3,0
61.41,0.05,0.3,0.3,0.3,0
61.42,0.05,0.3,0.3,0.3,0
61.43,0.05,0.3,0.3,0.3,0
61.44,0.05,0.3,0.3,0.3,0
61.45,0.05,0.3,0.3,0.3,0
61.46,0.05,0.3,0.3,0.3,0
61.47,0.05,0.3,0.3,0.3,0
61.48,0.05,0.3,0.3,0.3,0
61.49,0.05,0.3,0.3,0.3,0
61.5,0.05,0.3,0.3,0.3,0
61.51,0.05,0.3,0.3,0.3,0
61.52,0.05,0.3,0.3,0.3,0
61.53,0.05,0.3,0.3,0.3,0
61.54,0.05,0.3,0.3,0.3,0
61.55,0.05,0.3,0.3,0.3,0
61.56,0.05,0.3,0.3,0.3,0
61.57,0.05,0.3,0.3,0.3,0
61.58,0.05,0.3,0.3,0.3,0
61.59,0.05,0.3,0.3,0.3,0
61.6,0.05,0.3,0.3,0.3,0
61.61,0.05,0.3,0.3,0.3,0
61.62,0.05,0.3,0.3,0.3,0
61.63,0.05,0.3,0.3,0.3,0
61.64,0.05,0.3,0.3,0.3,0
61.65,0.05,0.3,0.3,0.3,0
61.66,0.05,0.3,0.3,0.3,0
61.67,0.05,0.3,0.3,0.3,0
61.68,0.05,0.3,0.3,0.3,0
61.69,0.05,0.3,0.3,0.3,0
61.7,0.05,0.3,0.3,0.3,0
61.71,0.05,0.3,0.3,0.3,0
61.72,0.05,0.3,0.3,0.3,0
61.73,0.05,0.3,0.3,0.3,0
61.74,0.05,0.3,0.3,0.3,0
61.75,0.05,0.3,0.3,0.3,0
61.76,0.05,0.3,0.3,0.3,0
61.77,0.05,0.3,0.3,0.3,0
61.78,0.05,0.3,0.3,0.3,0
61.79,0.05,0.3,0.3,0.3,0
61.8,0.05,0.3,0.3,0.3,0
61.81,0.05,0.3,0.3,0.3,0
61.82,0.05,0.3,0.3,0.3,0
61.83,0.05,0.3,0.3,0.3,0
61.84,0.05,0.3,0.3,0.3,0
61.85,0.05,0.3,0.3,0.3,0
61.86,0.05,0.3,0.3,0.3,0
61.87,0.05,0.3,0.3,0.3,0
61.88,0.05,0.3,0.3,0.3,0
61.89,0.05,0.3,0.3,0.3,0
61.9,0.05,0.3,0.3,0.3,0
61.91,0.05,0.3,0.3,0.3,0
61.92,0.05,0.3,0.3,0.3,0
61.93,0.05,0.3,0.3,0.3,0
61.94,0.05,0.3,0.3,0.3,0
61.95,0.05,0.3,0.3,0.3,0
61.96,0.05,0.3,0.3,0.3,0
61.97,0.05,0.3,0.3,0.3,0
61.98,0.05,0.3,0.3,0.3,0
61.99,0.05,0.3,0.3,0.3,0
62,0.05,0.3,0.3,0.3,0
62.01,0.05,0.3,0.3,0.3,0
62.02,0.05,0.3,0.3,0.3,0
62.03,0.05,0.3,0.3,0.3,0
62.04,0.05,0.3,0.3,0.3,0
62.05,0.05,0.3,0.3,0.3,0
62.06,0.05,0.3,0.3,0.3,0
62.07,0.05,0.3,0.3,0.3,0
62.08,0.05,0.3,0.3,0.3,0
62.09,0.05,0.3,0.3,0.3,0
62.1,0.05,0.3,0.3,0.3,0
62.11,0.05,0.3,0.3,0.3,0
62.12,0.05,0.3,0.3,0.3,0
62.13,0.05,0.3,0.3,0.3,0
62.14,0.05,0.3,0.3,0.3,0
62.15,0.05,0.3,0.3,0.3,0
62.16,0.05,0.3,0.3,0.3,0
62.17,0.05,0.3,0.3,0.3,0
62.18,0.05,0.3,0.3,0.3,0
62.19,0.05,0.3,0.3,0.3,0
62.2,0.05,0.3,0.3,0.3,0
62.21,0.05,0.3,0.3,0.3,0
62.22,0.05,0.3,0.3,0.3,0
62.23,0.05,0.3,0.3,0.3,0
62.24,0.05,0.3,0.3,0.3,0
62.25,0.05,0.3,0.3,0.3,0
62.26,0.05,0.3,0.3,0.3,0
62.27,0.05,0.3,0.3,0.3,0
62.28,0.05,0.3,0.3,0.3,0
62.29,0.05,0.3,0.3,0.3,0
62.3,0.05,0.3,0.3,0.3,0
62.31,0.05,0.3,0.3,0.3,0
62.32,0.05,0.3,0.3,0.3,0
62.33,0.05,0.3,0.3,0.3,0
62.34,0.05,0.3,0.3,0.3,0
62.35,0.05,0.3,0.3,0.3,0
62.36,0.05,0.3,0.3,0.3,0
62.37,0.05,0.3,0.3,0.3,0
62.38,0.05,0.3,0.3,0.3,0
62.39,0.05,0.3,0.3,0.3,0
62.4,0.05,0.3,0.3,0.3,0
62.41,0.05,0.3,0.3,0.3,0
62.42,0.05,0.3,0.3,0.3,0
62.43,0.05,0.3,0.3,0.3,0
62.44,0.05,0.3,0.3,0.3,0
62.45,0.05,0.3,0.3,0.3,0
62.46,0.05,0.3,0.3,0.3,0
62.47,0.05,0.3,0.3,0.3,0
62.48,0.05,0.3,0.3,0.3,0
62.49,0.05,0.3,0.3,0.3,0
62.5,0.05,0.3,0.3,0.3,0
62.51,0.05,0.3,0.3,0.3,0
62.52,0.05,0.3,0.3,0.3,0
62.53,0.05,0.3,0.3,0.3,0
62.54,0.05,0.3,0.3,0.3,0
62.55,0.05,0.3,0.3,0.3,0
62.56,0.05,0.3,0.3,0.3,0
62.57,0.05,0.3,0.3,0.3,0
62.58,0.05,0.3,0.3,0.3,0
62.59,0.05,0.3,0.3,0.3,0
62.6,0.05,0.3,0.3,0.3,0
62.61,0.05,0.3,0.3,0.3,0
62.62,0.05,0.3,0.3,0.3,0
62.63,0.05,0.3,0.3,0.3,0
62.64,0.05,0.3,0.3,0.3,0
62.65,0.05,0.3,0.3,0.3,0
62.66,0.05,0.3,0.3,0.3,0
62.67,0.05,0.3,0.3,0.3,0
62.68,0.05,0.3,0.3,0.3,0
62.69,0.05,0.3,0.3,0.3,0
62.7,0.05,0.3,0.3,0.3,0
62.71,0.05,0.3,0.3,0.3,0
62.72,0.05,0.3,0.3,0.3,0
62.73,0.05,0.3,0.3,0.3,0
62.74,0.05,0.3,0.3,0.3,0
62.75,0.05,0.3,0.3,0.3,0
62.76,0.05,0.3,0.3,0.3,0
62.77,0.05,0.3,0.3,0.3,0
62.78,0.05,0.3,0.3,0.3,0
62.79,0.05,0.3,0.3,0.3,0
62.8,0.05,0.3,0.3,0.3,0
62.81,0.05,0.3,0.3,0.3,0
62.82,0.05,0.3,0.3,0.3,0
62.83,0.05,0.3,0.3,0.3,0
62.84,0.05,0.3,0.3,0.3,0
62.85,0.05,0.3,0.3,0.3,0
62.86,0.05,0.3,0.3,0.3,0
62.87,0.05,0.3,0.3,0.3,0
62.88,0.05,0.3,0.3,0.3,0
62.89,0.05,0.3,0.3,0.3,0
62.9,0.05,0.3,0.3,0.3,0
62.91,0.05,0.3,0.3,0.3,0
62.92,0.05,0.3,0.3,0.3,0
62.93,0.05,0.3,0.3,0.3,0
62.94,0.05,0.3,0.3,0.3,0
62.95,0.05,0.3,0.3,0.3,0
62.96,0.05,0.3,0.3,0.3,0
62.97,0.05,0.3,0.3,0.3,0
62.98,0.05,0.3,0.3,0.3,0
62.99,0.05,0.3,0.3,0.3,0
63,0.05,0.3,0.3,0.3,0
63.01,0.05,0.3,0.3,0.3,0
63.02,0.05,0.3,0.3,0.3,0
63.03,0.05,0.3,0.3,0.3,0
63.04,0.05,0.3,0.3,0.3,0
63.05,0.05,0.3,0.3,0.3,0
63.06,0.05,0.3,0.3,0.3,0
63.07,0.05,0.3,0.3,0.3,0
63.08,0.05,0.3,0.3,0.3,0
63.09,0.05,0.3,0.3,0.3,0
63.1,0.05,0.3,0.3,0.3,0
63.11,0.05,0.3,0.3,0.3,0
63.12,0.05,0.3,0.3,0.3,0
63.13,0.05,0.3,0.3,0.3,0
63.14,0.05,0.3,0.3,0.3,0
63.15,0.05,0.3,0.3,0.3,0
63.16,0.05,0.3,0.3,0.3,0
63.17,0.05,0.3,0.3,0.3,0
63.18,0.05,0.3,0.3,0.3,0
63.19,0.05,0.3,0.3,0.3,0
63.2,0.05,0.3,0.3,0.3,0
63.21,0.05,0.3,0.3,0.3,0
63.22,0.05,0.3,0.3,0.3,0
63.23,0.05,0.3,0.3,0.3,0
63.24,0.05,0.3,0.3,0.3,0
63.25,0.05,0.3,0.3,0.3,0
63.26,0.05,0.3,0.3,0.3,0
63.27,0.05,0.3,0.3,0.3,0
63.28,0.05,0.3,0.3,0.3,0
63.29,0.05,0.3,0.3,0.3,0
63.3,0.05,0.3,0.3,0.3,0
63.31,0.05,0.3,0.3,0.3,0
63.32,0.05,0.3,0.3,0.3,0
63.33,0.05,0.3,0.3,0.3,0
63.34,0.05,0.3,0.3,0.3,0
63.35,0.05,0.3,0.3,0.3,0
63.36,0.05,0.3,0.3,0.3,0
63.37,0.05,0.3,0.3,0.3,0
63.38,0.05,0.3,0.3,0.3,0
63.39,0.05,0.3,0.3,0.3,0
63.4,0.05,0.3,0.3,0.3,0
63.41,0.05,0.3,0.3,0.3,0
63.42,0.05,0.3,0.3,0.3,0
63.43,0.05,0.3,0.3,0.3,0
63.44,0.05,0.3,0.3,0.3,0
63.45,0.05,0.3,0.3,0.3,0
63.46,0.05,0.3,0.3,0.3,0
63.47,0.05,0.3,0.3,0.3,0
63.48,0.05,0.3,0.3,0.3,0
63.49,0.05,0.3,0.3,0.3,0
63.5,0.05,0.3,0.3,0.3,0
63.51,0.05,0.3,0.3,0.3,0
63.52,0.05,0.3,0.3,0.3,0
63.53,0.05,0.3,0.3,0.3,0
63.54,0.05,0.3,0.3,0.3,0
63.55,0.05,0.3,0.3,0.3,0
63.56,0.05,0.3,0.3,0.3,0
63.57,0.05,0.3,0.3,0.3,0
63.58,0.05,0.3,0.3,0.3,0
63.59,0.05,0.3,0.3,0.3,0
63.6,0.05,0.3,0.3,0.3,0
63.61,0.05,0.3,0.3,0.3,0
63.62,0.05,0.3,0.3,0.3,0
63.63,0.05,0.3,0.3,0.3,0
63.64,0.05,0.3,0.3,0.3,0
63.65,0.05,0.3,0.3,0.3,0
63.66,0.05,0.3,0.3,0.3,0
63.67,0.05,0.3,0.3,0.3,0
63.68,0.05,0.3,0.3,0.3,0
63.69,0.05,0.3,0.3,0.3,0
63.7,0.05,0.3,0.3,0.3,0
63.71,0.05,0.3,0.3,0.3,0
63.72,0.05,0.3,0.3,0.3,0
63.73,0.05,0.3,0.3,0.3,0
63.74,0.05,0.3,0.3,0.3,0
63.75,0.05,0.3,0.3,0.3,0
63.76,0.05,0.3,0.3,0.3,0
63.77,0.05,0.3,0.3,0.3,0
63.78,0.05,0.3,0.3,0.3,0
63.79,0.05,0.3,0.3,0.3,0
63.8,0.05,0.3,0.3,0.3,0
63.81,0.05,0.3,0.3,0.3,0
63.82,0.05,0.3,0.3,0.3,0
63.83,0.05,0.3,0.3,0.3,0
63.84,0.05,0.3,0.3,0.3,0
63.85,0.05,0.3,0.3,0.3,0
63.86,0.05,0.3,0.3,0.3,0
63.87,0.05,0.3,0.3,0.3,0
63.88,0.05,0.3,0.3,0.3,0
63.89,0.05,0.3,0.3,0.3,0
63.9,0.05,0.3,0.3,0.3,0
63.91,0.05,0.3,0.3,0.3,0
63.92,0.05,0.3,0.3,0.3,0
63.93,0.05,0.3,0.3,0.3,0
63.94,0.05,0.3,0.3,0.3,0
63.95,0.05,0.3,0.3,0.3,0
63.96,0.05,0.3,0.3,0.3,0
63.97,0.05,0.3,0.3,0.3,0
63.98,0.05,0.3,0.3,0.3,0
63.99,0.05,0.3,0.3,0.3,0
64,0.05,0.3,0.3,0.3,0
64.01,0.05,0.3,0.3,0.3,0
64.02,0.05,0.3,0.3,0.3,0
64.03,0.05,0.3,0.3,0.3,0
64.04,0.05,0.3,0.3,0.3,0
64.05,0.05,0.3,0.3,0.3,0
64.06,0.05,0.3,0.3,0.3,0
64.07,0.05,0.3,0.3,0.3,0
64.08,0.05,0.3,0.3,0.3,0
64.09,0.05,0.3,0.3,0.3,0
64.1,0.05,0.3,0.3,0.3,0
64.11,0.05,0.3,0.3,0.3,0
64.12,0.05,0.3,0.3,0.3,0
64.13,0.05,0.3,0.3,0.3,0
64.14,0.05,0.3,0.3,0.3,0
64.15,0.05,0.3,0.3,0.3,0
64.16,0.05,0.3,0.3,0.3,0
64.17,0.05,0.3,0.3,0.3,0
64.18,0.05,0.3,0.3,0.3,0
64.19,0.05,0.3,0.3,0.3,0
64.2,0.05,0.3,0.3,0.3,0
64.21,0.05,0.3,0.3,0.3,0
64.22,0.05,0.3,0.3,0.3,0
64.23,0.05,0.3,0.3,0.3,0
64.24,0.05,0.3,0.3,0.3,0
64.25,0.05,0.3,0.3,0.3,0
64.26,0.05,0.3,0.3,0.3,0
64.27,0.05,0.3,0.3,0.3,0
64.28,0.05,0.3,0.3,0.3,0
64.29,0.05,0.3,0.3,0.3,0
64.3,0.05,0.3,0.3,0.3,0
64.31,0.05,0.3,0.3,0.3,0
64.32,0.05,0.3,0.3,0.3,0
64.33,0.05,0.3,0.3,0.3,0
64.34,0.05,0.3,0.3,0.3,0
64.35,0.05,0.3,0.3,0.3,0
64.36,0.05,0.3,0.3,0.3,0
64.37,0.05,0.3,0.3,0.3,0
64.38,0.05,0.3,0.3,0.3,0
64.39,0.05,0.3,0.3,0.3,0
64.4,0.05,0.3,0.3,0.3,0
64.41,0.05,0.3,0.3,0.3,0
64.42,0.05,0.3,0.3,0.3,0
64.43,0.05,0.3,0.3,0.3,0
64.44,0.05,0.3,0.3,0.3,0
64.45,0.05,0.3,0.3,0.3,0
64.46,0.05,0.3,0.3,0.3,0
64.47,0.05,0.3,0.3,0.3,0
64.48,0.05,0.3,0.3,0.3,0
64.49,0.05,0.3,0.3,0.3,0
64.5,0.05,0.3,0.3,0.3,0
64.51,0.05,0.3,0.3,0.3,0
64.52,0.05,0.3,0.3,0.3,0
64.53,0.05,0.3,0.3,0.3,0
64.54,0.05,0.3,0.3,0.3,0
64.55,0.05,0.3,0.3,0.3,0
64.56,0.05,0.3,0.3,0.3,0
64.57,0.05,0.3,0.3,0.3,0
64.58,0.05,0.3,0.3,0.3,0
64.59,0.05,0.3,0.3,0.3,0
64.6,0.05,0.3,0.3,0.3,0
64.61,0.05,0.3,0.3,0.3,0
64.62,0.05,0.3,0.3,0.3,0
64.63,0.05,0.3,0.3,0.3,0
64.64,0.05,0.3,0.3,0.3,0
64.65,0.05,0.3,0.3,0.3,0
64.66,0.05,0.3,0.3,0.3,0
64.67,0.05,0.3,0.3,0.3,0
64.68,0.05,0.3,0.3,0.3,0
64.69,0.05,0.3,0.3,0.3,0
64.7,0.05,0.3,0.3,0.3,0
64.71,0.05,0.3,0.3,0.3,0
64.72,0.05,0.3,0.3,0.3,0
64.73,0.05,0.3,0.3,0.3,0
64.74,0.05,0.3,0.3,0.3,0
64.75,0.05,0.3,0.3,0.3,0
64.76,0.05,0.3,0.3,0.3,0
64.77,0.05,0.3,0.3,0.3,0
64.78,0.05,0.3,0.3,0.3,0
64.79,0.05,0.3,0.3,0.3,0
64.8,0.05,0.3,0.3,0.3,0
64.81,0.05,0.3,0.3,0.3,0
64.82,0.05,0.3,0.3,0.3,0
64.83,0.05,0.3,0.3,0.3,0
64.84,0.05,0.3,0.3,0.3,0
64.85,0.05,0.3,0.3,0.3,0
64.86,0.05,0.3,0.3,0.3,0
64.87,0.05,0.3,0.3,0.3,0
64.88,0.05,0.3,0.3,0.3,0
64.89,0.05,0.3,0.3,0.3,0
64.9,0.05,0.3,0.3,0.3,0
64.91,0.05,0.3,0.3,0.3,0
64.92,0.05,0.3,0.3,0.3,0
64.93,0.05,0.3,0.3,0.3,0
64.94,0.05,0.3,0.3,0.3,0
64.95,0.05,0.3,0.3,0.3,0
64.96,0.05,0.3,0.3,0.3,0
64.97,0.05,0.3,0.3,0.3,0
64.98,0.05,0.3,0.3,0.3,0
64.99,0.05,0.3,0.3,0.3,0
65,0.05,0.3,0.3,0.3,0
65.01,-0.000188484397154093,0.52,0.52,0.48,0
65.02,-0.000376901826699168,0.52,0.52,0.48,0
65.03,-0.000565185344820162,0.52,0.52,0.48,0
65.04,-0.000753268055279339,0.52,0.52,0.48,0
65.05,-0.000941083133185108,0.52,0.52,0.48,0
65.06,-0.00112856384873488,0.52,0.52,0.48,0
65.07,-0.00131564359092298,0.52,0.52,0.48,0
65.08,-0.00150225589120754,0.52,0.52,0.48,0
65.09,-0.0016883344471274,0.52,0.52,0.48,0
65.1,-0.0018738131458574,0.52,0.52,0.48,0
65.11,-0.00205862608769878,0.52,0.52,0.48,0
65.12,-0.00224270760949387,0.52,0.52,0.48,0
65.13,-0.00242599230795422,0.52,0.52,0.48,0
65.14,-0.00260841506289894,0.52,0.52,0.48,0
65.15,-0.00278991106039235,0.52,0.52,0.48,0
65.16,-0.00297041581577023,0.52,0.52,0.48,0
65.17,-0.00314986519655302,0.52,0.52,0.48,0
65.18,-0.00332819544522992,0.52,0.52,0.48,0
65.19,-0.00350534320191247,0.52,0.52,0.48,0
65.2,-0.00368124552684675,0.52,0.52,0.48,0
