time,e_line,u_L,u_R,v,omega
0,0,-1,1,0.6,10
0.01,9.99999333333467e-05,-1,1,0.6,10
0.02,0.000199999466667093,-1,1,0.6,10
0.03,0.00029999820000324,-1,1,0.6,10
0.04,0.000399995733346987,-1,1,0.6,10
0.05,0.000499991666708333,-1,1,0.6,10
0.06,0.00059998560010368,-1,1,0.6,10
0.07,0.000699977133557426,-1,1,0.6,10
0.08,0.000799965867103571,-1,1,0.6,10
0.09,0.000899951400787314,-1,1,0.6,10
0.1,0.000999933334666654,-1,1,0.6,10
0.11,0.00109991126881399,-1,1,0.6,10
0.12,0.00119988480331771,-1,1,0.6,10
0.13,0.00129985353828383,-1,1,0.6,10
0.14,0.00139981707383752,-1,1,0.6,10
0.15,0.00149977501012478,-1,1,0.6,10
0.16,0.00159972694731401,-1,1,0.6,10
0.17,0.00169967248559757,-1,1,0.6,10
0.18,0.00179961122519346,-1,1,0.6,10
0.19,0.00189954276634685,-1,1,0.6,10
0.2,0.00199946670933171,-1,1,0.6,10
0.21,0.00209938265445239,-1,1,0.6,10
0.22,0.00219929020204526,-1,1,0.6,10
0.23,0.00229918895248025,-1,1,0.6,10
0.24,0.0023990785061625,-1,1,0.6,10
0.25,0.00249895846353392,-1,1,0.6,10
0.26,0.00259882842507481,-1,1,0.6,10
0.27,0.00269868799130548,-1,1,0.6,10
0.28,0.00279853676278777,-1,1,0.6,10
0.29,0.00289837434012675,-1,1,0.6,10
0.3,0.00299820032397223,-1,1,0.6,10
0.31,0.00309801431502041,-1,1,0.6,10
0.32,0.00319781591401546,-1,1,0.6,10
0.33,0.00329760472175112,-1,1,0.6,10
0.34,0.0033973803390723,-1,1,0.6,10
0.35,0.00349714236687664,-1,1,0.6,10
0.36,0.00359689040611618,-1,1,0.6,10
0.37,0.00369662405779889,-1,1,0.6,10
0.38,0.0037963429229903,-1,1,0.6,10
0.39,0.00389604660281507,-1,1,0.6,10
0.4,0.00399573469845864,-1,1,0.6,10
0.41,0.00409540681116873,-1,1,0.6,10
0.42,0.00419506254225704,-1,1,0.6,10
0.43,0.00429470149310078,-1,1,0.6,10
0.44,0.00439432326514427,-1,1,0.6,10
0.45,0.00449392745990055,-1,1,0.6,10
0.46,0.00459351367895299,-1,1,0.6,10
0.47,0.00469308152395684,-1,1,0.6,10
0.48,0.00479263059664085,-1,1,0.6,10
0.49,0.00489216049880887,-1,1,0.6,10
0.5,0.00499167083234141,-1,1,0.6,10
0.51,0.00509116119919728,-1,1,0.6,10
0.52,0.00519063120141514,-1,1,0.6,10
0.53,0.00529008044111511,-1,1,0.6,10
0.54,0.00538950852050037,-1,1,0.6,10
0.55,0.00548891504185874,-1,1,0.6,10
0.56,0.00558829960756426,-1,1,0.6,10
0.57,0.0056876618200788,-1,1,0.6,10
0.58,0.00578700128195364,-1,1,0.6,10
0.59,0.00588631759583107,-1,1,0.6,10
0.6,0.00598561036444597,-1,1,0.6,10
0.61,0.00608487919062739,-1,1,0.6,10
0.62,0.00618412367730016,-1,1,0.6,10
0.63,0.00628334342748646,-1,1,0.6,10
0.64,0.00638253804430744,-1,1,0.6,10
0.65,0.00648170713098474,-1,1,0.6,10
0.66,0.00658085029084217,-1,1,0.6,10
0.67,0.0066799671273072,-1,1,0.6,10
0.68,0.00677905724391264,-1,1,0.6,10
0.69,0.00687812024429814,-1,1,0.6,10
0.7,0.00697715573221182,-1,1,0.6,10
0.71,0.00707616331151189,-1,1,0.6,10
0.72,0.00717514258616814,-1,1,0.6,10
0.73,0.00727409316026362,-1,1,0.6,10
0.74,0.00737301463799615,-1,1,0.6,10
0.75,0.00747190662367996,-1,1,0.6,10
0.76,0.00757076872174724,-1,1,0.6,10
0.77,0.00766960053674973,-1,1,0.6,10
0.78,0.0077684016733603,-1,1,0.6,10
0.79,0.00786717173637453,-1,1,0.6,10
0.8,0.0079659103307123,-1,1,0.6,10
0.81,0.00806461706141937,-1,1,0.6,10
0.82,0.00816329153366895,-1,1,0.6,10
0.83,0.00826193335276328,-1,1,0.6,10
0.84,0.00836054212413522,-1,1,0.6,10
0.85,0.0084591174533498,-1,1,0.6,10
0.86,0.00855765894610585,-1,1,0.6,10
0.87,0.00865616620823753,-1,1,0.6,10
0.88,0.00875463884571591,-1,1,0.6,10
0.89,0.00885307646465059,-1,1,0.6,10
0.9,0.00895147867129121,-1,1,0.6,10
0.91,0.00904984507202908,-1,1,0.6,10
0.92,0.00914817527339873,-1,1,0.6,10
0.93,0.00924646888207948,-1,1,0.6,10
0.94,0.00934472550489704,-1,1,0.6,10
0.95,0.00944294474882503,-1,1,0.6,10
0.96,0.00954112622098662,-1,1,0.6,10
0.97,0.00963926952865604,-1,1,0.6,10
0.98,0.00973737427926021,-1,1,0.6,10
0.99,0.00983544008038024,-1,1,0.6,10
1,0.00993346653975306,-1,1,0.6,10
1.01,0.010031453265273,-1,1,0.6,10
1.02,0.0101293998649932,-1,1,0.6,10
1.03,0.0102273059471275,-1,1,0.6,10
1.04,0.0103251711200516,-1,1,0.6,10
1.05,0.010422994992305,-1,1,0.6,10
1.06,0.0105207771725923,-1,1,0.6,10
1.07,0.010618517269785,-1,1,0.6,10
1.08,0.0107162148929227,-1,1,0.6,10
1.09,0.0108138696512152,-1,1,0.6,10
1.1,0.0109114811540435,-1,1,0.6,10
1.11,0.0110090490109617,-1,1,0.6,10
1.12,0.0111065728316985,-1,1,0.6,10
1.13,0.0112040522261588,-1,1,0.6,10
1.14,0.0113014868044252,-1,1,0.6,10
1.15,0.0113988761767594,-1,1,0.6,10
1.16,0.0114962199536041,-1,1,0.6,10
1.17,0.0115935177455843,-1,1,0.6,10
1.18,0.011690769163509,-1,1,0.6,10
1.19,0.0117879738183727,-1,1,0.6,10
1.2,0.0118851313213567,-1,1,0.6,10
1.21,0.0119822412838314,-1,1,0.6,10
1.22,0.0120793033173568,-1,1,0.6,10
1.23,0.0121763170336851,-1,1,0.6,10
1.24,0.0122732820447616,-1,1,0.6,10
1.25,0.0123701979627261,-1,1,0.6,10
1.26,0.0124670643999154,-1,1,0.6,10
1.27,0.0125638809688636,-1,1,0.6,10
1.28,0.0126606472823048,-1,1,0.6,10
1.29,0.0127573629531737,-1,1,0.6,10
1.3,0.0128540275946078,-1,1,0.6,10
1.31,0.0129506408199486,-1,1,0.6,10
1.32,0.0130472022427434,-1,1,0.6,10
1.33,0.0131437114767467,-1,1,0.6,10
1.34,0.0132401681359216,-1,1,0.6,10
1.35,0.0133365718344416,-1,1,0.6,10
1.36,0.013432922186692,-1,1,0.6,10
1.37,0.0135292188072716,-1,1,0.6,10
1.38,0.013625461310994,-1,1,0.6,10
1.39,0.0137216493128893,-1,1,0.6,10
1.4,0.0138177824282057,-1,1,0.6,10
1.41,0.0139138602724108,-1,1,0.6,10
1.42,0.0140098824611933,-1,1,0.6,10
1.43,0.0141058486104647,-1,1,0.6,10
1.44,0.0142017583363604,-1,1,0.6,10
1.45,0.0142976112552418,-1,1,0.6,10
1.46,0.0143934069836972,-1,1,0.6,10
1.47,0.0144891451385438,-1,1,0.6,10
1.48,0.0145848253368292,-1,1,0.6,10
1.49,0.0146804471958327,-1,1,0.6,10
1.5,0.014776010333067,-1,1,0.6,10
1.51,0.0148715143662796,-1,1,0.6,10
1.52,0.0149669589134547,-1,1,0.6,10
1.53,0.015062343592814,-1,1,0.6,10
1.54,0.015157668022819,-1,1,0.6,10
1.55,0.0152529318221722,-1,1,0.6,10
1.56,0.0153481346098184,-1,1,0.6,10
1.57,0.0154432760049466,-1,1,0.6,10
1.58,0.0155383556269914,-1,1,0.6,10
1.59,0.0156333730956344,-1,1,0.6,10
1.6,0.0157283280308059,-1,1,0.6,10
1.61,0.0158232200526862,-1,1,0.6,10
1.62,0.0159180487817074,-1,1,0.6,10
1.63,0.0160128138385547,-1,1,0.6,10
1.64,0.016107514844168,-1,1,0.6,10
1.65,0.0162021514197434,-1,1,0.6,10
1.66,0.0162967231867347,-1,1,0.6,10
1.67,0.016391229766855,-1,1,0.6,10
1.68,0.0164856707820781,-1,1,0.6,10
1.69,0.0165800458546401,-1,1,0.6,10
1.7,0.0166743546070407,-1,1,0.6,10
1.71,0.0167685966620452,-1,1,0.6,10
1.72,0.0168627716426853,-1,1,0.6,10
1.73,0.0169568791722614,-1,1,0.6,10
1.74,0.0170509188743434,-1,1,0.6,10
1.75,0.0171448903727726,-1,1,0.6,10
1.76,0.0172387932916632,-1,1,0.6,10
1.77,0.0173326272554036,-1,1,0.6,10
1.78,0.0174263918886581,-1,1,0.6,10
1.79,0.0175200868163682,-1,1,0.6,10
1.8,0.0176137116637545,-1,1,0.6,10
1.81,0.0177072660563176,-1,1,0.6,10
1.82,0.0178007496198401,-1,1,0.6,10
1.83,0.0178941619803878,-1,1,0.6,10
1.84,0.0179875027643115,-1,1,0.6,10
1.85,0.0180807715982481,-1,1,0.6,10
1.86,0.0181739681091224,-1,1,0.6,10
1.87,0.0182670919241485,-1,1,0.6,10
1.88,0.0183601426708313,-1,1,0.6,10
1.89,0.0184531199769679,-1,1,0.6,10
1.9,0.0185460234706491,-1,1,0.6,10
1.91,0.0186388527802612,-1,1,0.6,10
1.92,0.0187316075344871,-1,1,0.6,10
1.93,0.0188242873623078,-1,1,0.6,10
1.94,0.0189168918930041,-1,1,0.6,10
1.95,0.0190094207561581,-1,1,0.6,10
1.96,0.0191018735816544,-1,1,0.6,10
1.97,0.0191942499996818,-1,1,0.6,10
1.98,0.0192865496407349,-1,1,0.6,10
1.99,0.019378772135615,-1,1,0.6,10
2,0.0194709171154325,-1,1,0.6,10
2.01,0.0195629842116075,-1,1,0.6,10
2.02,0.0196549730558717,-1,1,0.6,10
2.03,0.0197468832802699,-1,1,0.6,10
2.04,0.0198387145171613,-1,1,0.6,10
2.05,0.0199304663992211,-1,1,0.6,10
2.06,0.0200221385594419,-1,1,0.6,10
2.07,0.0201137306311352,-1,1,0.6,10
2.08,0.0202052422479327,-1,1,0.6,10
2.09,0.0202966730437881,-1,1,0.6,10
2.1,0.0203880226529785,-1,1,0.6,10
2.11,0.0204792907101054,-1,1,0.6,10
2.12,0.0205704768500968,-1,1,0.6,10
2.13,0.0206615807082083,-1,1,0.6,10
2.14,0.0207526019200244,-1,1,0.6,10
2.15,0.0208435401214605,-1,1,0.6,10
2.16,0.020934394948764,-1,1,0.6,10
2.17,0.0210251660385155,-1,1,0.6,10
2.18,0.021115853027631,-1,1,0.6,10
2.19,0.0212064555533624,-1,1,0.6,10
2.2,0.0212969732533,-1,1,0.6,10
2.21,0.0213874057653729,-1,1,0.6,10
2.22,0.0214777527278513,-1,1,0.6,10
2.23,0.0215680137793474,-1,1,0.6,10
2.24,0.0216581885588171,-1,1,0.6,10
2.25,0.0217482767055615,-1,1,0.6,10
2.26,0.0218382778592281,-1,1,0.6,10
2.27,0.0219281916598123,-1,1,0.6,10
2.28,0.0220180177476592,-1,1,0.6,10
2.29,0.0221077557634644,-1,1,0.6,10
2.3,0.022197405348276,-1,1,0.6,10
2.31,0.0222869661434958,-1,1,0.6,10
2.32,0.0223764377908808,-1,1,0.6,10
2.33,0.0224658199325444,-1,1,0.6,10
2.34,0.0225551122109583,-1,1,0.6,10
2.35,0.0226443142689534,-1,1,0.6,10
2.36,0.0227334257497216,-1,1,0.6,10
2.37,0.0228224462968172,-1,1,0.6,10
2.38,0.0229113755541579,-1,1,0.6,10
2.39,0.023000213166027,-1,1,0.6,10
2.4,0.0230889587770741,-1,1,0.6,10
2.41,0.0231776120323169,-1,1,0.6,10
2.42,0.0232661725771425,-1,1,0.6,10
2.43,0.0233546400573088,-1,1,0.6,10
2.44,0.0234430141189459,-1,1,0.6,10
2.45,0.0235312944085579,-1,1,0.6,10
2.46,0.0236194805730236,-1,1,0.6,10
2.47,0.0237075722595985,-1,1,0.6,10
2.48,0.023795569115916,-1,1,0.6,10
2.49,0.0238834707899887,-1,1,0.6,10
2.5,0.0239712769302102,-1,1,0.6,10
2.51,0.0240589871853558,-1,1,0.6,10
2.52,0.0241466012045848,-1,1,0.6,10
2.53,0.0242341186374412,-1,1,0.6,10
2.54,0.0243215391338553,-1,1,0.6,10
2.55,0.0244088623441454,-1,1,0.6,10
2.56,0.0244960879190186,-1,1,0.6,10
2.57,0.0245832155095728,-1,1,0.6,10
2.58,0.0246702447672977,-1,1,0.6,10
2.59,0.0247571753440765,-1,1,0.6,10
2.6,0.0248440068921868,-1,1,0.6,10
2.61,0.0249307390643028,-1,1,0.6,10
2.62,0.0250173715134957,-1,1,0.6,10
2.63,0.0251039038932359,-1,1,0.6,10
2.64,0.0251903358573941,-1,1,0.6,10
2.65,0.0252766670602423,-1,1,0.6,10
2.66,0.0253628971564561,-1,1,0.6,10
2.67,0.025449025801115,-1,1,0.6,10
2.68,0.0255350526497047,-1,1,0.6,10
2.69,0.0256209773581178,-1,1,0.6,10
2.7,0.0257067995826557,-1,1,0.6,10
2.71,0.0257925189800294,-1,1,0.6,10
2.72,0.0258781352073617,-1,1,0.6,10
2.73,0.0259636479221876,-1,1,0.6,10
2.74,0.0260490567824565,-1,1,0.6,10
2.75,0.026134361446533,-1,1,0.6,10
2.76,0.0262195615731985,-1,1,0.6,10
2.77,0.0263046568216527,-1,1,0.6,10
2.78,0.0263896468515147,-1,1,0.6,10
2.79,0.0264745313228244,-1,1,0.6,10
2.8,0.0265593098960442,-1,1,0.6,10
2.81,0.0266439822320598,-1,1,0.6,10
2.82,0.026728547992182,-1,1,0.6,10
2.83,0.0268130068381478,-1,1,0.6,10
2.84,0.0268973584321221,-1,1,0.6,10
2.85,0.0269816024366985,-1,1,0.6,10
2.86,0.0270657385149011,-1,1,0.6,10
2.87,0.0271497663301857,-1,1,0.6,10
2.88,0.0272336855464413,-1,1,0.6,10
2.89,0.0273174958279909,-1,1,0.6,10
2.9,0.0274011968395937,-1,1,0.6,10
2.91,0.0274847882464456,-1,1,0.6,10
2.92,0.0275682697141812,-1,1,0.6,10
2.93,0.0276516409088747,-1,1,0.6,10
2.94,0.0277349014970415,-1,1,0.6,10
2.95,0.0278180511456392,-1,1,0.6,10
2.96,0.0279010895220694,-1,1,0.6,10
2.97,0.0279840162941788,-1,1,0.6,10
2.98,0.0280668311302603,-1,1,0.6,10
2.99,0.0281495336990546,-1,1,0.6,10
3,0.0282321236697518,-1,1,0.6,10
3.01,0.0283146007119919,-1,1,0.6,10
3.02,0.0283969644958669,-1,1,0.6,10
3.03,0.0284792146919217,-1,1,0.6,10
3.04,0.0285613509711558,-1,1,0.6,10
3.05,0.0286433730050241,-1,1,0.6,10
3.06,0.0287252804654385,-1,1,0.6,10
3.07,0.0288070730247694,-1,1,0.6,10
3.08,0.0288887503558466,-1,1,0.6,10
3.09,0.0289703121319609,-1,1,0.6,10
3.1,0.0290517580268653,-1,1,0.6,10
3.11,0.0291330877147763,-1,1,0.6,10
3.12,0.0292143008703753,-1,1,0.6,10
3.13,0.0292953971688097,-1,1,0.6,10
3.14,0.0293763762856946,-1,1,0.6,10
3.15,0.0294572378971135,-1,1,0.6,10
3.16,0.0295379816796201,-1,1,0.6,10
3.17,0.0296186073102393,-1,1,0.6,10
3.18,0.0296991144664688,-1,1,0.6,10
3.19,0.02977950282628,-1,1,0.6,10
3.2,0.0298597720681196,-1,1,0.6,10
3.21,0.0299399218709108,-1,1,0.6,10
3.22,0.0300199519140544,-1,1,0.6,10
3.23,0.0300998618774303,-1,1,0.6,10
3.24,0.0301796514413989,-1,1,0.6,10
3.25,0.030259320286802,-1,1,0.6,10
3.26,0.0303388680949642,-1,1,0.6,10
3.27,0.0304182945476946,-1,1,0.6,10
3.28,0.0304975993272873,-1,1,0.6,10
3.29,0.0305767821165233,-1,1,0.6,10
3.3,0.0306558425986717,-1,1,0.6,10
3.31,0.0307347804574905,-1,1,0.6,10
3.32,0.0308135953772285,-1,1,0.6,10
3.33,0.0308922870426261,-1,1,0.6,10
3.34,0.0309708551389167,-1,1,0.6,10
3.35,0.031049299351828,-1,1,0.6,10
3.36,0.0311276193675833,-1,1,0.6,10
3.37,0.0312058148729027,-1,1,0.6,10
3.38,0.0312838855550041,-1,1,0.6,10
3.39,0.0313618311016051,-1,1,0.6,10
3.4,0.0314396512009234,-1,1,0.6,10
3.41,0.0315173455416789,-1,1,0.6,10
3.42,0.0315949138130942,-1,1,0.6,10
3.43,0.0316723557048965,-1,1,0.6,10
3.44,0.0317496709073181,-1,1,0.6,10
3.45,0.0318268591110984,-1,1,0.6,10
3.46,0.0319039200074847,-1,1,0.6,10
3.47,0.0319808532882335,-1,1,0.6,10
3.48,0.0320576586456119,-1,1,0.6,10
3.49,0.0321343357723983,-1,1,0.6,10
3.5,0.0322108843618846,-1,1,0.6,10
3.51,0.0322873041078763,-1,1,0.6,10
3.52,0.0323635947046946,-1,1,0.6,10
3.53,0.0324397558471773,-1,1,0.6,10
3.54,0.0325157872306799,-1,1,0.6,10
3.55,0.0325916885510768,-1,1,0.6,10
3.56,0.0326674595047631,-1,1,0.6,10
3.57,0.0327430997886548,-1,1,0.6,10
3.58,0.0328186091001911,-1,1,0.6,10
3.59,0.0328939871373347,-1,1,0.6,10
3.6,0.0329692335985737,-1,1,0.6,10
3.61,0.0330443481829222,-1,1,0.6,10
3.62,0.033119330589922,-1,1,0.6,10
3.63,0.0331941805196436,-1,1,0.6,10
3.64,0.0332688976726874,-1,1,0.6,10
3.65,0.0333434817501849,-1,1,0.6,10
3.66,0.0334179324537998,-1,1,0.6,10
3.67,0.0334922494857295,-1,1,0.6,10
3.68,0.0335664325487059,-1,1,0.6,10
3.69,0.0336404813459968,-1,1,0.6,10
3.7,0.0337143955814073,-1,1,0.6,10
3.71,0.0337881749592803,-1,1,0.6,10
3.72,0.0338618191844986,-1,1,0.6,10
3.73,0.0339353279624852,-1,1,0.6,10
3.74,0.0340087009992053,-1,1,0.6,10
3.75,0.0340819380011667,-1,1,0.6,10
3.76,0.0341550386754216,-1,1,0.6,10
3.77,0.0342280027295673,-1,1,0.6,10
3.78,0.0343008298717477,-1,1,0.6,10
3.79,0.0343735198106543,-1,1,0.6,10
3.8,0.0344460722555276,-1,1,0.6,10
3.81,0.0345184869161577,-1,1,0.6,10
3.82,0.0345907635028862,-1,1,0.6,10
3.83,0.0346629017266069,-1,1,0.6,10
3.84,0.0347349012987668,-1,1,0.6,10
3.85,0.0348067619313678,-1,1,0.6,10
3.86,0.0348784833369676,-1,1,0.6,10
3.87,0.0349500652286805,-1,1,0.6,10
3.88,0.035021507320179,-1,1,0.6,10
3.89,0.035092809325695,-1,1,0.6,10
3.9,0.0351639709600205,-1,1,0.6,10
3.91,0.035234991938509,-1,1,0.6,10
3.92,0.0353058719770768,-1,1,0.6,10
3.93,0.0353766107922037,-1,1,0.6,10
3.94,0.0354472081009346,-1,1,0.6,10
3.95,0.0355176636208804,-1,1,0.6,10
3.96,0.035587977070219,-1,1,0.6,10
3.97,0.0356581481676969,-1,1,0.6,10
3.98,0.0357281766326296,-1,1,0.6,10
3.99,0.0357980621849034,-1,1,0.6,10
4,0.0358678045449761,-1,1,0.6,10
4.01,0.0359374034338786,-1,1,0.6,10
4.02,0.0360068585732152,-1,1,0.6,10
4.03,0.0360761696851655,-1,1,0.6,10
4.04,0.0361453364924852,-1,1,0.6,10
4.05,0.0362143587185071,-1,1,0.6,10
4.06,0.0362832360871425,-1,1,0.6,10
4.07,0.0363519683228818,-1,1,0.6,10
4.08,0.0364205551507963,-1,1,0.6,10
4.09,0.0364889962965388,-1,1,0.6,10
4.1,0.0365572914863448,-1,1,0.6,10
4.11,0.0366254404470336,-1,1,0.6,10
4.12,0.0366934429060094,-1,1,0.6,10
4.13,0.0367612985912625,-1,1,0.6,10
4.14,0.0368290072313702,-1,1,0.6,10
4.15,0.0368965685554981,-1,1,0.6,10
4.16,0.036963982293401,-1,1,0.6,10
4.17,0.0370312481754241,-1,1,0.6,10
4.18,0.0370983659325037,-1,1,0.6,10
4.19,0.0371653352961692,-1,1,0.6,10
4.2,0.037232155998543,-1,1,0.6,10
4.21,0.0372988277723424,-1,1,0.6,10
4.22,0.0373653503508805,-1,1,0.6,10
4.23,0.037431723468067,-1,1,0.6,10
4.24,0.0374979468584095,-1,1,0.6,10
4.25,0.0375640202570146,-1,1,0.6,10
4.26,0.0376299433995888,-1,1,0.6,10
4.27,0.0376957160224395,-1,1,0.6,10
4.28,0.0377613378624764,-1,1,0.6,10
4.29,0.0378268086572122,-1,1,0.6,10
4.3,0.0378921281447639,-1,1,0.6,10
4.31,0.0379572960638534,-1,1,0.6,10
4.32,0.0380223121538093,-1,1,0.6,10
4.33,0.0380871761545673,-1,1,0.6,10
4.34,0.0381518878066715,-1,1,0.6,10
4.35,0.0382164468512753,-1,1,0.6,10
4.36,0.0382808530301426,-1,1,0.6,10
4.37,0.0383451060856489,-1,1,0.6,10
4.38,0.0384092057607819,-1,1,0.6,10
4.39,0.0384731517991432,-1,1,0.6,10
4.4,0.0385369439449485,-1,1,0.6,10
4.41,0.0386005819430294,-1,1,0.6,10
4.42,0.038664065538834,-1,1,0.6,10
4.43,0.038727394478428,-1,1,0.6,10
4.44,0.0387905685084958,-1,1,0.6,10
4.45,0.0388535873763412,-1,1,0.6,10
4.46,0.0389164508298889,-1,1,0.6,10
4.47,0.0389791586176852,-1,1,0.6,10
4.48,0.039041710488899,-1,1,0.6,10
4.49,0.0391041061933229,-1,1,0.6,10
4.5,0.0391663454813742,-1,1,0.6,10
4.51,0.0392284281040957,-1,1,0.6,10
4.52,0.0392903538131572,-1,1,0.6,10
4.53,0.0393521223608558,-1,1,0.6,10
4.54,0.0394137335001174,-1,1,0.6,10
4.55,0.0394751869844975,-1,1,0.6,10
4.56,0.0395364825681824,-1,1,0.6,10
4.57,0.0395976200059897,-1,1,0.6,10
4.58,0.0396585990533697,-1,1,0.6,10
4.59,0.0397194194664065,-1,1,0.6,10
4.6,0.0397800810018183,-1,1,0.6,10
4.61,0.0398405834169592,-1,1,0.6,10
4.62,0.0399009264698195,-1,1,0.6,10
4.63,0.0399611099190271,-1,1,0.6,10
4.64,0.0400211335238484,-1,1,0.6,10
4.65,0.0400809970441889,-1,1,0.6,10
4.66,0.0401407002405946,-1,1,0.6,10
4.67,0.040200242874253,-1,1,0.6,10
4.68,0.0402596247069934,-1,1,0.6,10
4.69,0.0403188455012887,-1,1,0.6,10
4.7,0.0403779050202557,-1,1,0.6,10
4.71,0.0404368030276565,-1,1,0.6,10
4.72,0.0404955392878991,-1,1,0.6,10
4.73,0.0405541135660386,-1,1,0.6,10
4.74,0.0406125256277778,-1,1,0.6,10
4.75,0.0406707752394687,-1,1,0.6,10
4.76,0.0407288621681128,-1,1,0.6,10
4.77,0.0407867861813626,-1,1,0.6,10
4.78,0.0408445470475221,-1,1,0.6,10
4.79,0.0409021445355478,-1,1,0.6,10
4.8,0.0409595784150499,-1,1,0.6,10
4.81,0.041016848456293,-1,1,0.6,10
4.82,0.0410739544301969,-1,1,0.6,10
4.83,0.0411308961083379,-1,1,0.6,10
4.84,0.0411876732629493,-1,1,0.6,10
4.85,0.0412442856669225,-1,1,0.6,10
4.86,0.0413007330938081,-1,1,0.6,10
4.87,0.0413570153178163,-1,1,0.6,10
4.88,0.0414131321138185,-1,1,0.6,10
4.89,0.0414690832573474,-1,1,0.6,10
4.9,0.0415248685245985,-1,1,0.6,10
4.91,0.041580487692431,-1,1,0.6,10
4.92,0.0416359405383681,-1,1,0.6,10
4.93,0.0416912268405985,-1,1,0.6,10
4.94,0.0417463463779772,-1,1,0.6,10
4.95,0.041801298930026,-1,1,0.6,10
4.96,0.0418560842769349,-1,1,0.6,10
4.97,0.0419107021995624,-1,1,0.6,10
4.98,0.0419651524794371,-1,1,0.6,10
4.99,0.0420194348987577,-1,1,0.6,10
5,0.0420735492403948,-1,1,0.6,10
5.01,0.0421274952878911,-1,1,0.6,10
5.02,0.0421812728254623,-1,1,0.6,10
5.03,0.0422348816379985,-1,1,0.6,10
5.04,0.0422883215110645,-1,1,0.6,10
5.05,0.0423415922309008,-1,1,0.6,10
5.06,0.0423946935844246,-1,1,0.6,10
5.07,0.0424476253592306,-1,1,0.6,10
5.08,0.0425003873435918,-1,1,0.6,10
5.09,0.0425529793264603,-1,1,0.6,10
5.1,0.0426054010974682,-1,1,0.6,10
5.11,0.0426576524469285,-1,1,0.6,10
5.12,0.0427097331658359,-1,1,0.6,10
5.13,0.0427616430458676,-1,1,0.6,10
5.14,0.0428133818793841,-1,1,0.6,10
5.15,0.0428649494594302,-1,1,0.6,10
5.16,0.0429163455797356,-1,1,0.6,10
5.17,0.0429675700347159,-1,1,0.6,10
5.18,0.0430186226194733,-1,1,0.6,10
5.19,0.0430695031297977,-1,1,0.6,10
5.2,0.0431202113621669,-1,1,0.6,10
5.21,0.0431707471137482,-1,1,0.6,10
5.22,0.0432211101823986,-1,1,0.6,10
5.23,0.0432713003666659,-1,1,0.6,10
5.24,0.0433213174657894,-1,1,0.6,10
5.25,0.0433711612797009,-1,1,0.6,10
5.26,0.043420831609025,-1,1,0.6,10
5.27,0.0434703282550806,-1,1,0.6,10
5.28,0.0435196510198811,-1,1,0.6,10
5.29,0.0435687997061356,-1,1,0.6,10
5.3,0.0436177741172493,-1,1,0.6,10
5.31,0.0436665740573247,-1,1,0.6,10
5.32,0.0437151993311622,-1,1,0.6,10
5.33,0.0437636497442606,-1,1,0.6,10
5.34,0.0438119251028183,-1,1,0.6,10
5.35,0.0438600252137341,-1,1,0.6,10
5.36,0.0439079498846075,-1,1,0.6,10
5.37,0.0439556989237399,-1,1,0.6,10
5.38,0.0440032721401352,-1,1,0.6,10
5.39,0.0440506693435006,-1,1,0.6,10
5.4,0.0440978903442474,-1,1,0.6,10
5.41,0.0441449349534916,-1,1,0.6,10
5.42,0.0441918029830548,-1,1,0.6,10
5.43,0.0442384942454651,-1,1,0.6,10
5.44,0.0442850085539573,-1,1,0.6,10
5.45,0.0443313457224744,-1,1,0.6,10
5.46,0.0443775055656677,-1,1,0.6,10
5.47,0.0444234878988978,-1,1,0.6,10
5.48,0.0444692925382357,-1,1,0.6,10
5.49,0.0445149193004626,-1,1,0.6,10
5.5,0.0445603680030718,-1,1,0.6,10
5.51,0.0446056384642683,-1,1,0.6,10
5.52,0.0446507305029704,-1,1,0.6,10
5.53,0.0446956439388101,-1,1,0.6,10
5.54,0.0447403785921336,-1,1,0.6,10
5.55,0.0447849342840024,-1,1,0.6,10
5.56,0.0448293108361938,-1,1,0.6,10
5.57,0.0448735080712015,-1,1,0.6,10
5.58,0.0449175258122369,-1,1,0.6,10
5.59,0.0449613638832289,-1,1,0.6,10
5.6,0.0450050221088253,-1,1,0.6,10
5.61,0.0450485003143932,-1,1,0.6,10
5.62,0.04509179832602,-1,1,0.6,10
5.63,0.0451349159705136,-1,1,0.6,10
5.64,0.0451778530754035,-1,1,0.6,10
5.65,0.0452206094689413,-1,1,0.6,10
5.66,0.0452631849801015,-1,1,0.6,10
5.67,0.0453055794385822,-1,1,0.6,10
5.68,0.0453477926748055,-1,1,0.6,10
5.69,0.0453898245199186,-1,1,0.6,10
5.7,0.0454316748057942,-1,1,0.6,10
5.71,0.0454733433650311,-1,1,0.6,10
5.72,0.0455148300309551,-1,1,0.6,10
5.73,0.0455561346376197,-1,1,0.6,10
5.74,0.0455972570198065,-1,1,0.6,10
5.75,0.0456381970130261,-1,1,0.6,10
5.76,0.0456789544535184,-1,1,0.6,10
5.77,0.0457195291782538,-1,1,0.6,10
5.78,0.0457599210249335,-1,1,0.6,10
5.79,0.04580012983199,-1,1,0.6,10
5.8,0.0458401554385883,-1,1,0.6,10
5.81,0.045879997684626,-1,1,0.6,10
5.82,0.0459196564107341,-1,1,0.6,10
5.83,0.0459591314582778,-1,1,0.6,10
5.84,0.045998422669357,-1,1,0.6,10
5.85,0.0460375298868068,-1,1,0.6,10
5.86,0.0460764529541984,-1,1,0.6,10
5.87,0.0461151917158397,-1,1,0.6,10
5.88,0.0461537460167755,-1,1,0.6,10
5.89,0.0461921157027889,-1,1,0.6,10
5.9,0.046230300620401,-1,1,0.6,10
5.91,0.0462683006168723,-1,1,0.6,10
5.92,0.0463061155402028,-1,1,0.6,10
5.93,0.0463437452391329,-1,1,0.6,10
5.94,0.0463811895631438,-1,1,0.6,10
5.95,0.0464184483624583,-1,1,0.6,10
5.96,0.0464555214880413,-1,1,0.6,10
5.97,0.0464924087916002,-1,1,0.6,10
5.98,0.046529110125586,-1,1,0.6,10
5.99,0.0465656253431933,-1,1,0.6,10
6,0.0466019542983613,-1,1,0.6,10
6.01,0.0466380968457743,-1,1,0.6,10
6.02,0.046674052840862,-1,1,0.6,10
6.03,0.0467098221398007,-1,1,0.6,10
6.04,0.046745404599513,-1,1,0.6,10
6.05,0.0467808000776693,-1,1,0.6,10
6.06,0.0468160084326876,-1,1,0.6,10
6.07,0.0468510295237347,-1,1,0.6,10
6.08,0.0468858632107261,-1,1,0.6,10
6.09,0.0469205093543272,-1,1,0.6,10
6.1,0.0469549678159534,-1,1,0.6,10
6.11,0.0469892384577709,-1,1,0.6,10
6.12,0.0470233211426973,-1,1,0.6,10
6.13,0.0470572157344018,-1,1,0.6,10
6.14,0.0470909220973062,-1,1,0.6,10
6.15,0.0471244400965849,-1,1,0.6,10
6.16,0.047157769598166,-1,1,0.6,10
6.17,0.0471909104687317,-1,1,0.6,10
6.18,0.0472238625757184,-1,1,0.6,10
6.19,0.0472566257873177,-1,1,0.6,10
6.2,0.047289199972477,-1,1,0.6,10
6.21,0.0473215850008993,-1,1,0.6,10
6.22,0.0473537807430448,-1,1,0.6,10
6.23,0.0473857870701304,-1,1,0.6,10
6.24,0.047417603854131,-1,1,0.6,10
6.25,0.0474492309677793,-1,1,0.6,10
6.26,0.047480668284567,-1,1,0.6,10
6.27,0.047511915678745,-1,1,0.6,10
6.28,0.0475429730253235,-1,1,0.6,10
6.29,0.0475738402000733,-1,1,0.6,10
6.3,0.0476045170795258,-1,1,0.6,10
6.31,0.0476350035409734,-1,1,0.6,10
6.32,0.0476652994624704,-1,1,0.6,10
6.33,0.047695404722833,-1,1,0.6,10
6.34,0.0477253192016404,-1,1,0.6,10
6.35,0.0477550427792346,-1,1,0.6,10
6.36,0.0477845753367214,-1,1,0.6,10
6.37,0.0478139167559705,-1,1,0.6,10
6.38,0.0478430669196163,-1,1,0.6,10
6.39,0.0478720257110583,-1,1,0.6,10
6.4,0.0479007930144613,-1,1,0.6,10
6.41,0.047929368714756,-1,1,0.6,10
6.42,0.0479577526976398,-1,1,0.6,10
6.43,0.0479859448495768,-1,1,0.6,10
6.44,0.0480139450577983,-1,1,0.6,10
6.45,0.0480417532103036,-1,1,0.6,10
6.46,0.0480693691958602,-1,1,0.6,10
6.47,0.048096792904004,-1,1,0.6,10
6.48,0.0481240242250404,-1,1,0.6,10
6.49,0.048151063050044,-1,1,0.6,10
6.5,0.0481779092708597,-1,1,0.6,10
6.51,0.0482045627801024,-1,1,0.6,10
6.52,0.0482310234711584,-1,1,0.6,10
6.53,0.0482572912381847,-1,1,0.6,10
6.54,0.0482833659761105,-1,1,0.6,10
6.55,0.0483092475806367,-1,1,0.6,10
6.56,0.048334935948237,-1,1,0.6,10
6.57,0.048360430976158,-1,1,0.6,10
6.58,0.0483857325624195,-1,1,0.6,10
6.59,0.0484108406058153,-1,1,0.6,10
6.6,0.0484357550059133,-1,1,0.6,10
6.61,0.0484604756630558,-1,1,0.6,10
6.62,0.0484850024783602,-1,1,0.6,10
6.63,0.0485093353537194,-1,1,0.6,10
6.64,0.0485334741918018,-1,1,0.6,10
6.65,0.0485574188960522,-1,1,0.6,10
6.66,0.0485811693706918,-1,1,0.6,10
6.67,0.0486047255207186,-1,1,0.6,10
6.68,0.0486280872519082,-1,1,0.6,10
6.69,0.0486512544708136,-1,1,0.6,10
6.7,0.048674227084766,-1,1,0.6,10
6.71,0.0486970050018749,-1,1,0.6,10
6.72,0.0487195881310288,-1,1,0.6,10
6.73,0.0487419763818951,-1,1,0.6,10
6.74,0.0487641696649208,-1,1,0.6,10
6.75,0.048786167891333,-1,1,0.6,10
6.76,0.0488079709731386,-1,1,0.6,10
6.77,0.0488295788231254,-1,1,0.6,10
6.78,0.0488509913548619,-1,1,0.6,10
6.79,0.0488722084826983,-1,1,0.6,10
6.8,0.0488932301217658,-1,1,0.6,10
6.81,0.0489140561879781,-1,1,0.6,10
6.82,0.0489346865980308,-1,1,0.6,10
6.83,0.0489551212694024,-1,1,0.6,10
6.84,0.0489753601203541,-1,1,0.6,10
6.85,0.0489954030699307,-1,1,0.6,10
6.86,0.0490152500379603,-1,1,0.6,10
6.87,0.0490349009450552,-1,1,0.6,10
6.88,0.0490543557126116,-1,1,0.6,10
6.89,0.0490736142628106,-1,1,0.6,10
6.9,0.049092676518618,-1,1,0.6,10
6.91,0.0491115424037847,-1,1,0.6,10
6.92,0.0491302118428474,-1,1,0.6,10
6.93,0.0491486847611281,-1,1,0.6,10
6.94,0.0491669610847354,-1,1,0.6,10
6.95,0.0491850407405638,-1,1,0.6,10
6.96,0.0492029236562949,-1,1,0.6,10
6.97,0.049220609760397,-1,1,0.6,10
6.98,0.0492380989821256,-1,1,0.6,10
6.99,0.049255391251524,-1,1,0.6,10
7,0.049272486499423,-1,1,0.6,10
7.01,0.0492893846574417,-1,1,0.6,10
7.02,0.0493060856579876,-1,1,0.6,10
7.03,0.0493225894342565,-1,1,0.6,10
7.04,0.0493388959202335,-1,1,0.6,10
7.05,0.0493550050506925,-1,1,0.6,10
7.06,0.0493709167611972,-1,1,0.6,10
7.07,0.0493866309881006,-1,1,0.6,10
7.08,0.049402147668546,-1,1,0.6,10
7.09,0.0494174667404665,-1,1,0.6,10
7.1,0.049432588142586,-1,1,0.6,10
7.11,0.0494475118144188,-1,1,0.6,10
7.12,0.0494622376962703,-1,1,0.6,10
7.13,0.0494767657292369,-1,1,0.6,10
7.14,0.0494910958552066,-1,1,0.6,10
7.15,0.0495052280168589,-1,1,0.6,10
7.16,0.0495191621576651,-1,1,0.6,10
7.17,0.0495328982218887,-1,1,0.6,10
7.18,0.0495464361545855,-1,1,0.6,10
7.19,0.0495597759016037,-1,1,0.6,10
7.2,0.0495729174095843,-1,1,0.6,10
7.21,0.0495858606259615,-1,1,0.6,10
7.22,0.0495986054989622,-1,1,0.6,10
7.23,0.0496111519776071,-1,1,0.6,10
7.24,0.0496235000117102,-1,1,0.6,10
7.25,0.0496356495518794,-1,1,0.6,10
7.26,0.0496476005495166,-1,1,0.6,10
7.27,0.0496593529568178,-1,1,0.6,10
7.28,0.0496709067267734,-1,1,0.6,10
7.29,0.0496822618131683,-1,1,0.6,10
7.3,0.0496934181705822,-1,1,0.6,10
7.31,0.0497043757543897,-1,1,0.6,10
7.32,0.0497151345207605,-1,1,0.6,10
7.33,0.0497256944266594,-1,1,0.6,10
7.34,0.0497360554298469,-1,1,0.6,10
7.35,0.0497462174888791,-1,1,0.6,10
7.36,0.0497561805631075,-1,1,0.6,10
7.37,0.0497659446126801,-1,1,0.6,10
7.38,0.0497755095985406,-1,1,0.6,10
7.39,0.0497848754824291,-1,1,0.6,10
7.4,0.049794042226882,-1,1,0.6,10
7.41,0.0498030097952324,-1,1,0.6,10
7.42,0.04981177815161,-1,1,0.6,10
7.43,0.0498203472609415,-1,1,0.6,10
7.44,0.0498287170889503,-1,1,0.6,10
7.45,0.0498368876021572,-1,1,0.6,10
7.46,0.0498448587678801,-1,1,0.6,10
7.47,0.0498526305542344,-1,1,0.6,10
7.48,0.049860202930133,-1,1,0.6,10
7.49,0.0498675758652864,-1,1,0.6,10
7.5,0.0498747493302027,-1,1,0.6,10
7.51,0.0498817232961883,-1,1,0.6,10
7.52,0.0498884977353471,-1,1,0.6,10
7.53,0.0498950726205816,-1,1,0.6,10
7.54,0.0499014479255921,-1,1,0.6,10
7.55,0.0499076236248774,-1,1,0.6,10
7.56,0.0499135996937348,-1,1,0.6,10
7.57,0.0499193761082599,-1,1,0.6,10
7.58,0.0499249528453472,-1,1,0.6,10
7.59,0.0499303298826897,-1,1,0.6,10
7.6,0.0499355071987791,-1,1,0.6,10
7.61,0.0499404847729064,-1,1,0.6,10
7.62,0.0499452625851612,-1,1,0.6,10
7.63,0.0499498406164323,-1,1,0.6,10
7.64,0.0499542188484074,-1,1,0.6,10
7.65,0.0499583972635738,-1,1,0.6,10
7.66,0.0499623758452177,-1,1,0.6,10
7.67,0.0499661545774249,-1,1,0.6,10
7.68,0.0499697334450804,-1,1,0.6,10
7.69,0.0499731124338687,-1,1,0.6,10
7.7,0.049976291530274,-1,1,0.6,10
7.71,0.0499792707215797,-1,1,0.6,10
7.72,0.0499820499958692,-1,1,0.6,10
7.73,0.0499846293420253,-1,1,0.6,10
7.74,0.0499870087497308,-1,1,0.6,10
7.75,0.0499891882094678,-1,1,0.6,10
7.76,0.0499911677125187,-1,1,0.6,10
7.77,0.0499929472509654,-1,1,0.6,10
7.78,0.0499945268176898,-1,1,0.6,10
7.79,0.0499959064063735,-1,1,0.6,10
7.8,0.0499970860114983,-1,1,0.6,10
7.81,0.0499980656283457,-1,1,0.6,10
7.82,0.0499988452529973,-1,1,0.6,10
7.83,0.0499994248823345,-1,1,0.6,10
7.84,0.0499998045140388,-1,1,0.6,10
7.85,0.0499999841465917,-1,1,0.6,10
7.86,0.0499999637792748,-1,1,0.6,10
7.87,0.0499997434121693,-1,1,0.6,10
7.88,0.0499993230461569,-1,1,0.6,10
7.89,0.049998702682919,-1,1,0.6,10
7.9,0.049997882324937,-1,1,0.6,10
7.91,0.0499968619754924,-1,1,0.6,10
7.92,0.0499956416386665,-1,1,0.6,10
7.93,0.0499942213193407,-1,1,0.6,10
7.94,0.0499926010231964,-1,1,0.6,10
7.95,0.0499907807567145,-1,1,0.6,10
7.96,0.0499887605271764,-1,1,0.6,10
7.97,0.0499865403426627,-1,1,0.6,10
7.98,0.0499841202120543,-1,1,0.6,10
7.99,0.0499815001450318,-1,1,0.6,10
8,0.0499786801520753,-1,1,0.6,10
8.01,0.0499756602444648,-1,1,0.6,10
8.02,0.04997244043428,-1,1,0.6,10
8.03,0.0499690207344,-1,1,0.6,10
8.04,0.0499654011585038,-1,1,0.6,10
8.05,0.0499615817210695,-1,1,0.6,10
8.06,0.049957562437375,-1,1,0.6,10
8.07,0.0499533433234973,-1,1,0.6,10
8.08,0.049948924396313,-1,1,0.6,10
8.09,0.0499443056734976,-1,1,0.6,10
8.1,0.0499394871735262,-1,1,0.6,10
8.11,0.0499344689156727,-1,1,0.6,10
8.12,0.04992925092001,-1,1,0.6,10
8.13,0.0499238332074103,-1,1,0.6,10
8.14,0.0499182157995443,-1,1,0.6,10
8.15,0.0499123987188816,-1,1,0.6,10
8.16,0.0499063819886907,-1,1,0.6,10
8.17,0.0499001656330383,-1,1,0.6,10
8.18,0.0498937496767899,-1,1,0.6,10
8.19,0.0498871341456093,-1,1,0.6,10
8.2,0.0498803190659587,-1,1,0.6,10
8.21,0.0498733044650983,-1,1,0.6,10
8.22,0.0498660903710865,-1,1,0.6,10
8.23,0.0498586768127798,-1,1,0.6,10
8.24,0.0498510638198323,-1,1,0.6,10
8.25,0.0498432514226959,-1,1,0.6,10
8.26,0.0498352396526204,-1,1,0.6,10
8.27,0.0498270285416527,-1,1,0.6,10
8.28,0.0498186181226372,-1,1,0.6,10
8.29,0.0498100084292157,-1,1,0.6,10
8.3,0.0498011994958268,-1,1,0.6,10
8.31,0.0497921913577064,-1,1,0.6,10
8.32,0.049782984050887,-1,1,0.6,10
8.33,0.0497735776121977,-1,1,0.6,10
8.34,0.0497639720792643,-1,1,0.6,10
8.35,0.049754167490509,-1,1,0.6,10
8.36,0.0497441638851501,-1,1,0.6,10
8.37,0.0497339613032019,-1,1,0.6,10
8.38,0.0497235597854748,-1,1,0.6,10
8.39,0.0497129593735749,-1,1,0.6,10
8.4,0.0497021601099038,-1,1,0.6,10
8.41,0.0496911620376585,-1,1,0.6,10
8.42,0.0496799652008313,-1,1,0.6,10
8.43,0.0496685696442096,-1,1,0.6,10
8.44,0.0496569754133755,-1,1,0.6,10
8.45,0.0496451825547059,-1,1,0.6,10
8.46,0.0496331911153724,-1,1,0.6,10
8.47,0.0496210011433405,-1,1,0.6,10
8.48,0.0496086126873702,-1,1,0.6,10
8.49,0.0495960257970154,-1,1,0.6,10
8.5,0.0495832405226234,-1,1,0.6,10
8.51,0.0495702569153355,-1,1,0.6,10
8.52,0.049557075027086,-1,1,0.6,10
8.53,0.0495436949106025,-1,1,0.6,10
8.54,0.0495301166194054,-1,1,0.6,10
8.55,0.0495163402078079,-1,1,0.6,10
8.56,0.0495023657309156,-1,1,0.6,10
8.57,0.0494881932446263,-1,1,0.6,10
8.58,0.04947382280563,-1,1,0.6,10
8.59,0.0494592544714085,-1,1,0.6,10
8.6,0.0494444883002351,-1,1,0.6,10
8.61,0.0494295243511743,-1,1,0.6,10
8.62,0.0494143626840821,-1,1,0.6,10
8.63,0.049399003359605,-1,1,0.6,10
8.64,0.0493834464391804,-1,1,0.6,10
8.65,0.0493676919850358,-1,1,0.6,10
8.66,0.0493517400601891,-1,1,0.6,10
8.67,0.049335590728448,-1,1,0.6,10
8.68,0.0493192440544098,-1,1,0.6,10
8.69,0.0493027001034611,-1,1,0.6,10
8.7,0.0492859589417777,-1,1,0.6,10
8.71,0.0492690206363242,-1,1,0.6,10
8.72,0.0492518852548539,-1,1,0.6,10
8.73,0.0492345528659083,-1,1,0.6,10
8.74,0.0492170235388168,-1,1,0.6,10
8.75,0.0491992973436969,-1,1,0.6,10
8.76,0.0491813743514531,-1,1,0.6,10
8.77,0.0491632546337775,-1,1,0.6,10
8.78,0.0491449382631489,-1,1,0.6,10
8.79,0.0491264253128328,-1,1,0.6,10
8.8,0.0491077158568809,-1,1,0.6,10
8.81,0.0490888099701311,-1,1,0.6,10
8.82,0.0490697077282069,-1,1,0.6,10
8.83,0.0490504092075172,-1,1,0.6,10
8.84,0.049030914485256,-1,1,0.6,10
8.85,0.0490112236394023,-1,1,0.6,10
8.86,0.0489913367487193,-1,1,0.6,10
8.87,0.0489712538927547,-1,1,0.6,10
8.88,0.0489509751518399,-1,1,0.6,10
8.89,0.0489305006070896,-1,1,0.6,10
8.9,0.0489098303404022,-1,1,0.6,10
8.91,0.0488889644344587,-1,1,0.6,10
8.92,0.0488679029727226,-1,1,0.6,10
8.93,0.0488466460394397,-1,1,0.6,10
8.94,0.0488251937196379,-1,1,0.6,10
8.95,0.0488035460991262,-1,1,0.6,10
8.96,0.0487817032644952,-1,1,0.6,10
8.97,0.0487596653031162,-1,1,0.6,10
8.98,0.0487374323031411,-1,1,0.6,10
8.99,0.0487150043535016,-1,1,0.6,10
9,0.0486923815439098,-1,1,0.6,10
9.01,0.0486695639648566,-1,1,0.6,10
9.02,0.0486465517076125,-1,1,0.6,10
9.03,0.0486233448642265,-1,1,0.6,10
9.04,0.0485999435275258,-1,1,0.6,10
9.05,0.0485763477911158,-1,1,0.6,10
9.06,0.0485525577493794,-1,1,0.6,10
9.07,0.0485285734974767,-1,1,0.6,10
9.08,0.0485043951313448,-1,1,0.6,10
9.09,0.048480022747697,-1,1,0.6,10
9.1,0.0484554564440228,-1,1,0.6,10
9.11,0.0484306963185875,-1,1,0.6,10
9.12,0.0484057424704315,-1,1,0.6,10
9.13,0.0483805949993701,-1,1,0.6,10
9.14,0.0483552540059933,-1,1,0.6,10
9.15,0.0483297195916649,-1,1,0.6,10
9.16,0.0483039918585226,-1,1,0.6,10
9.17,0.0482780709094772,-1,1,0.6,10
9.18,0.0482519568482126,-1,1,0.6,10
9.19,0.0482256497791849,-1,1,0.6,10
9.2,0.0481991498076224,-1,1,0.6,10
9.21,0.0481724570395249,-1,1,0.6,10
9.22,0.0481455715816636,-1,1,0.6,10
9.23,0.04811849354158,-1,1,0.6,10
9.24,0.0480912230275865,-1,1,0.6,10
9.25,0.048063760148765,-1,1,0.6,10
9.26,0.048036105014967,-1,1,0.6,10
9.27,0.0480082577368129,-1,1,0.6,10
9.28,0.047980218425692,-1,1,0.6,10
9.29,0.0479519871937613,-1,1,0.6,10
9.3,0.0479235641539457,-1,1,0.6,10
9.31,0.0478949494199375,-1,1,0.6,10
9.32,0.0478661431061954,-1,1,0.6,10
9.33,0.0478371453279447,-1,1,0.6,10
9.34,0.0478079562011765,-1,1,0.6,10
9.35,0.0477785758426472,-1,1,0.6,10
9.36,0.0477490043698783,-1,1,0.6,10
9.37,0.0477192419011555,-1,1,0.6,10
9.38,0.0476892885555288,-1,1,0.6,10
9.39,0.0476591444528114,-1,1,0.6,10
9.4,0.0476288097135798,-1,1,0.6,10
9.41,0.0475982844591728,-1,1,0.6,10
9.42,0.0475675688116914,-1,1,0.6,10
9.43,0.0475366628939983,-1,1,0.6,10
9.44,0.0475055668297169,-1,1,0.6,10
9.45,0.0474742807432315,-1,1,0.6,10
9.46,0.0474428047596865,-1,1,0.6,10
9.47,0.0474111390049857,-1,1,0.6,10
9.48,0.0473792836057921,-1,1,0.6,10
9.49,0.0473472386895272,-1,1,0.6,10
9.5,0.0473150043843707,-1,1,0.6,10
9.51,0.0472825808192598,-1,1,0.6,10
9.52,0.0472499681238886,-1,1,0.6,10
9.53,0.0472171664287079,-1,1,0.6,10
9.54,0.0471841758649245,-1,1,0.6,10
9.55,0.0471509965645005,-1,1,0.6,10
9.56,0.0471176286601532,-1,1,0.6,10
9.57,0.047084072285354,-1,1,0.6,10
9.58,0.0470503275743284,-1,1,0.6,10
9.59,0.0470163946620553,-1,1,0.6,10
9.6,0.0469822736842662,-1,1,0.6,10
9.61,0.0469479647774451,-1,1,0.6,10
9.62,0.0469134680788274,-1,1,0.6,10
9.63,0.0468787837264,-1,1,0.6,10
9.64,0.0468439118589001,-1,1,0.6,10
9.65,0.0468088526158153,-1,1,0.6,10
9.66,0.0467736061373824,-1,1,0.6,10
9.67,0.0467381725645874,-1,1,0.6,10
9.68,0.0467025520391644,-1,1,0.6,10
9.69,0.0466667447035955,-1,1,0.6,10
9.7,0.04663075070111,-1,1,0.6,10
9.71,0.0465945701756839,-1,1,0.6,10
9.72,0.0465582032720392,-1,1,0.6,10
9.73,0.0465216501356435,-1,1,0.6,10
9.74,0.0464849109127093,-1,1,0.6,10
9.75,0.0464479857501935,-1,1,0.6,10
9.76,0.0464108747957965,-1,1,0.6,10
9.77,0.0463735781979623,-1,1,0.6,10
9.78,0.0463360961058771,-1,1,0.6,10
9.79,0.0462984286694692,-1,1,0.6,10
9.8,0.0462605760394084,-1,1,0.6,10
9.81,0.0462225383671051,-1,1,0.6,10
9.82,0.04618431580471,-1,1,0.6,10
9.83,0.0461459085051133,-1,1,0.6,10
9.84,0.046107316621944,-1,1,0.6,10
9.85,0.0460685403095698,-1,1,0.6,10
9.86,0.0460295797230957,-1,1,0.6,10
9.87,0.0459904350183641,-1,1,0.6,10
9.88,0.0459511063519538,-1,1,0.6,10
9.89,0.0459115938811793,-1,1,0.6,10
9.9,0.0458718977640905,-1,1,0.6,10
9.91,0.0458320181594718,-1,1,0.6,10
9.92,0.0457919552268416,-1,1,0.6,10
9.93,0.0457517091264515,-1,1,0.6,10
9.94,0.045711280019286,-1,1,0.6,10
9.95,0.0456706680670613,-1,1,0.6,10
9.96,0.0456298734322252,-1,1,0.6,10
9.97,0.0455888962779562,-1,1,0.6,10
9.98,0.0455477367681629,-1,1,0.6,10
9.99,0.0455063950674833,-1,1,0.6,10
10,0.0454648713412841,-1,1,0.6,10
10.01,0.0454231657556601,-1,1,0.6,10
10.02,0.0453812784774337,-1,1,0.6,10
10.03,0.0453392096741539,-1,1,0.6,10
10.04,0.0452969595140958,-1,1,0.6,10
10.05,0.04525452816626,-1,1,0.6,10
10.06,0.045211915800372,-1,1,0.6,10
10.07,0.045169122586881,-1,1,0.6,10
10.08,0.0451261486969599,-1,1,0.6,10
10.09,0.0450829943025042,-1,1,0.6,10
10.1,0.0450396595761314,-1,1,0.6,10
10.11,0.0449961446911803,-1,1,0.6,10
10.12,0.0449524498217104,-1,1,0.6,10
10.13,0.0449085751425013,-1,1,0.6,10
10.14,0.0448645208290514,-1,1,0.6,10
10.15,0.044820287057578,-1,1,0.6,10
10.16,0.0447758740050161,-1,1,0.6,10
10.17,0.044731281849018,-1,1,0.6,10
10.18,0.044686510767952,-1,1,0.6,10
10.19,0.0446415609409026,-1,1,0.6,10
10.2,0.044596432547669,-1,1,0.6,10
10.21,0.0445511257687646,-1,1,0.6,10
10.22,0.0445056407854165,-1,1,0.6,10
10.23,0.0444599777795647,-1,1,0.6,10
10.24,0.044414136933861,-1,1,0.6,10
10.25,0.0443681184316688,-1,1,0.6,10
10.26,0.044321922457062,-1,1,0.6,10
10.27,0.0442755491948245,-1,1,0.6,10
10.28,0.0442289988304492,-1,1,0.6,10
10.29,0.0441822715501376,-1,1,0.6,10
10.3,0.0441353675407987,-1,1,0.6,10
10.31,0.0440882869900485,-1,1,0.6,10
10.32,0.0440410300862091,-1,1,0.6,10
10.33,0.0439935970183081,-1,1,0.6,10
10.34,0.0439459879760776,-1,1,0.6,10
10.35,0.0438982031499539,-1,1,0.6,10
10.36,0.0438502427310761,-1,1,0.6,10
10.37,0.0438021069112858,-1,1,0.6,10
10.38,0.0437537958831263,-1,1,0.6,10
10.39,0.0437053098398416,-1,1,0.6,10
10.4,0.0436566489753758,-1,1,0.6,10
10.41,0.0436078134843723,-1,1,0.6,10
10.42,0.0435588035621731,-1,1,0.6,10
10.43,0.0435096194048176,-1,1,0.6,10
10.44,0.0434602612090426,-1,1,0.6,10
10.45,0.0434107291722806,-1,1,0.6,10
10.46,0.0433610234926599,-1,1,0.6,10
10.47,0.043311144369003,-1,1,0.6,10
10.48,0.0432610920008263,-1,1,0.6,10
10.49,0.0432108665883394,-1,1,0.6,10
10.5,0.0431604683324437,-1,1,0.6,10
10.51,0.0431098974347322,-1,1,0.6,10
10.52,0.0430591540974885,-1,1,0.6,10
10.53,0.0430082385236858,-1,1,0.6,10
10.54,0.0429571509169863,-1,1,0.6,10
10.55,0.0429058914817404,-1,1,0.6,10
10.56,0.0428544604229859,-1,1,0.6,10
10.57,0.0428028579464467,-1,1,0.6,10
10.58,0.0427510842585329,-1,1,0.6,10
10.59,0.042699139566339,-1,1,0.6,10
10.6,0.0426470240776438,-1,1,0.6,10
10.61,0.0425947380009092,-1,1,0.6,10
10.62,0.0425422815452793,-1,1,0.6,10
10.63,0.04248965492058,-1,1,0.6,10
10.64,0.0424368583373176,-1,1,0.6,10
10.65,0.0423838920066785,-1,1,0.6,10
10.66,0.0423307561405279,-1,1,0.6,10
10.67,0.0422774509514091,-1,1,0.6,10
10.68,0.0422239766525429,-1,1,0.6,10
10.69,0.0421703334578264,-1,1,0.6,10
10.7,0.0421165215818323,-1,1,0.6,10
10.71,0.042062541239808,-1,1,0.6,10
10.72,0.0420083926476748,-1,1,0.6,10
10.73,0.0419540760220271,-1,1,0.6,10
10.74,0.0418995915801312,-1,1,0.6,10
10.75,0.0418449395399249,-1,1,0.6,10
10.76,0.0417901201200162,-1,1,0.6,10
10.77,0.0417351335396827,-1,1,0.6,10
10.78,0.0416799800188707,-1,1,0.6,10
10.79,0.0416246597781942,-1,1,0.6,10
10.8,0.0415691730389342,-1,1,0.6,10
10.81,0.0415135200230373,-1,1,0.6,10
10.82,0.0414577009531158,-1,1,0.6,10
10.83,0.0414017160524457,-1,1,0.6,10
10.84,0.0413455655449666,-1,1,0.6,10
10.85,0.0412892496552804,-1,1,0.6,10
10.86,0.0412327686086507,-1,1,0.6,10
10.87,0.0411761226310015,-1,1,0.6,10
10.88,0.0411193119489167,-1,1,0.6,10
10.89,0.0410623367896389,-1,1,0.6,10
10.9,0.0410051973810687,-1,1,0.6,10
10.91,0.0409478939517637,-1,1,0.6,10
10.92,0.0408904267309374,-1,1,0.6,10
10.93,0.0408327959484588,-1,1,0.6,10
10.94,0.0407750018348508,-1,1,0.6,10
10.95,0.0407170446212898,-1,1,0.6,10
10.96,0.0406589245396046,-1,1,0.6,10
10.97,0.0406006418222755,-1,1,0.6,10
10.98,0.0405421967024332,-1,1,0.6,10
10.99,0.0404835894138582,-1,1,0.6,10
11,0.0404248201909795,-1,1,0.6,10
11.01,0.0403658892688739,-1,1,0.6,10
11.02,0.0403067968832651,-1,1,0.6,10
11.03,0.0402475432705225,-1,1,0.6,10
11.04,0.0401881286676605,-1,1,0.6,10
11.05,0.0401285533123374,-1,1,0.6,10
11.06,0.0400688174428545,-1,1,0.6,10
11.07,0.0400089212981553,-1,1,0.6,10
11.08,0.0399488651178242,-1,1,0.6,10
11.09,0.039888649142086,-1,1,0.6,10
11.1,0.0398282736118043,-1,1,0.6,10
11.11,0.0397677387684813,-1,1,0.6,10
11.12,0.0397070448542563,-1,1,0.6,10
11.13,0.0396461921119048,-1,1,0.6,10
11.14,0.0395851807848377,-1,1,0.6,10
11.15,0.0395240111171002,-1,1,0.6,10
11.16,0.039462683353371,-1,1,0.6,10
11.17,0.039401197738961,-1,1,0.6,10
11.18,0.0393395545198125,-1,1,0.6,10
11.19,0.0392777539424985,-1,1,0.6,10
11.2,0.039215796254221,-1,1,0.6,10
11.21,0.0391536817028108,-1,1,0.6,10
11.22,0.039091410536726,-1,1,0.6,10
11.23,0.0390289830050512,-1,1,0.6,10
11.24,0.0389663993574964,-1,1,0.6,10
11.25,0.0389036598443961,-1,1,0.6,10
11.26,0.0388407647167083,-1,1,0.6,10
11.27,0.0387777142260134,-1,1,0.6,10
11.28,0.0387145086245133,-1,1,0.6,10
11.29,0.0386511481650304,-1,1,0.6,10
11.3,0.0385876331010063,-1,1,0.6,10
11.31,0.0385239636865013,-1,1,0.6,10
11.32,0.0384601401761928,-1,1,0.6,10
11.33,0.038396162825375,-1,1,0.6,10
11.34,0.0383320318899571,-1,1,0.6,10
11.35,0.0382677476264627,-1,1,0.6,10
11.36,0.0382033102920288,-1,1,0.6,10
11.37,0.0381387201444047,-1,1,0.6,10
11.38,0.0380739774419509,-1,1,0.6,10
11.39,0.038009082443638,-1,1,0.6,10
11.4,0.0379440354090461,-1,1,0.6,10
11.41,0.0378788365983631,-1,1,0.6,10
11.42,0.0378134862723843,-1,1,0.6,10
11.43,0.0377479846925107,-1,1,0.6,10
11.44,0.0376823321207488,-1,1,0.6,10
11.45,0.0376165288197085,-1,1,0.6,10
11.46,0.0375505750526032,-1,1,0.6,10
11.47,0.0374844710832477,-1,1,0.6,10
11.48,0.0374182171760579,-1,1,0.6,10
11.49,0.0373518135960492,-1,1,0.6,10
11.5,0.037285260608836,-1,1,0.6,10
11.51,0.0372185584806301,-1,1,0.6,10
11.52,0.0371517074782398,-1,1,0.6,10
11.53,0.0370847078690692,-1,1,0.6,10
11.54,0.0370175599211165,-1,1,0.6,10
11.55,0.0369502639029735,-1,1,0.6,10
11.56,0.0368828200838242,-1,1,0.6,10
11.57,0.0368152287334437,-1,1,0.6,10
11.58,0.0367474901221974,-1,1,0.6,10
11.59,0.0366796045210396,-1,1,0.6,10
11.6,0.0366115722015126,-1,1,0.6,10
11.61,0.0365433934357456,-1,1,0.6,10
11.62,0.0364750684964536,-1,1,0.6,10
11.63,0.0364065976569362,-1,1,0.6,10
11.64,0.0363379811910767,-1,1,0.6,10
11.65,0.036269219373341,-1,1,0.6,10
11.66,0.0362003124787761,-1,1,0.6,10
11.67,0.0361312607830095,-1,1,0.6,10
11.68,0.036062064562248,-1,1,0.6,10
11.69,0.0359927240932764,-1,1,0.6,10
11.7,0.0359232396534563,-1,1,0.6,10
11.71,0.0358536115207255,-1,1,0.6,10
11.72,0.0357838399735965,-1,1,0.6,10
11.73,0.0357139252911553,-1,1,0.6,10
11.74,0.0356438677530605,-1,1,0.6,10
11.75,0.0355736676395422,-1,1,0.6,10
11.76,0.0355033252314008,-1,1,0.6,10
11.77,0.0354328408100059,-1,1,0.6,10
11.78,0.0353622146572949,-1,1,0.6,10
11.79,0.0352914470557724,-1,1,0.6,10
11.8,0.0352205382885088,-1,1,0.6,10
11.81,0.035149488639139,-1,1,0.6,10
11.82,0.0350782983918615,-1,1,0.6,10
11.83,0.0350069678314372,-1,1,0.6,10
11.84,0.0349354972431882,-1,1,0.6,10
11.85,0.0348638869129969,-1,1,0.6,10
11.86,0.0347921371273044,-1,1,0.6,10
11.87,0.0347202481731098,-1,1,0.6,10
11.88,0.0346482203379687,-1,1,0.6,10
11.89,0.0345760539099925,-1,1,0.6,10
11.9,0.0345037491778468,-1,1,0.6,10
11.91,0.0344313064307504,-1,1,0.6,10
11.92,0.0343587259584742,-1,1,0.6,10
11.93,0.0342860080513399,-1,1,0.6,10
11.94,0.0342131530002191,-1,1,0.6,10
11.95,0.034140161096532,-1,1,0.6,10
11.96,0.034067032632246,-1,1,0.6,10
11.97,0.0339937678998749,-1,1,0.6,10
11.98,0.0339203671924775,-1,1,0.6,10
11.99,0.0338468308036566,-1,1,0.6,10
12,0.0337731590275575,-1,1,0.6,10
12.01,0.0336993521588674,-1,1,0.6,10
12.02,0.0336254104928137,-1,1,0.6,10
12.03,0.0335513343251627,-1,1,0.6,10
12.04,0.0334771239522192,-1,1,0.6,10
12.05,0.0334027796708245,-1,1,0.6,10
12.06,0.0333283017783557,-1,1,0.6,10
12.07,0.0332536905727242,-1,1,0.6,10
12.08,0.0331789463523748,-1,1,0.6,10
12.09,0.0331040694162842,-1,1,0.6,10
12.1,0.03302906006396,-1,1,0.6,10
12.11,0.0329539185954397,-1,1,0.6,10
12.12,0.0328786453112889,-1,1,0.6,10
12.13,0.0328032405126007,-1,1,0.6,10
12.14,0.0327277045009941,-1,1,0.6,10
12.15,0.0326520375786132,-1,1,0.6,10
12.16,0.0325762400481256,-1,1,0.6,10
12.17,0.0325003122127211,-1,1,0.6,10
12.18,0.0324242543761112,-1,1,0.6,10
12.19,0.032348066842527,-1,1,0.6,10
12.2,0.0322717499167185,-1,1,0.6,10
12.21,0.0321953039039534,-1,1,0.6,10
12.22,0.0321187291100156,-1,1,0.6,10
12.23,0.0320420258412043,-1,1,0.6,10
12.24,0.0319651944043322,-1,1,0.6,10
12.25,0.0318882351067252,-1,1,0.6,10
12.26,0.0318111482562202,-1,1,0.6,10
12.27,0.0317339341611647,-1,1,0.6,10
12.28,0.0316565931304148,-1,1,0.6,10
12.29,0.0315791254733346,-1,1,0.6,10
12.3,0.0315015314997946,-1,1,0.6,10
12.31,0.0314238115201706,-1,1,0.6,10
12.32,0.0313459658453424,-1,1,0.6,10
12.33,0.0312679947866927,-1,1,0.6,10
12.34,0.0311898986561055,-1,1,0.6,10
12.35,0.0311116777659652,-1,1,0.6,10
12.36,0.0310333324291554,-1,1,0.6,10
12.37,0.0309548629590572,-1,1,0.6,10
12.38,0.0308762696695485,-1,1,0.6,10
12.39,0.0307975528750023,-1,1,0.6,10
12.4,0.0307187128902856,-1,1,0.6,10
12.41,0.0306397500307583,-1,1,0.6,10
12.42,0.0305606646122718,-1,1,0.6,10
12.43,0.0304814569511675,-1,1,0.6,10
12.44,0.0304021273642761,-1,1,0.6,10
12.45,0.0303226761689157,-1,1,0.6,10
12.46,0.0302431036828911,-1,1,0.6,10
12.47,0.0301634102244922,-1,1,0.6,10
12.48,0.0300835961124925,-1,1,0.6,10
12.49,0.0300036616661485,-1,1,0.6,10
12.5,0.0299236072051978,-1,1,0.6,10
12.51,0.0298434330498582,-1,1,0.6,10
12.52,0.0297631395208262,-1,1,0.6,10
12.53,0.0296827269392758,-1,1,0.6,10
12.54,0.0296021956268572,-1,1,0.6,10
12.55,0.0295215459056956,-1,1,0.6,10
12.56,0.0294407780983897,-1,1,0.6,10
12.57,0.0293598925280107,-1,1,0.6,10
12.58,0.0292788895181008,-1,1,0.6,10
12.59,0.0291977693926717,-1,1,0.6,10
12.6,0.0291165324762041,-1,1,0.6,10
12.61,0.0290351790936453,-1,1,0.6,10
12.62,0.0289537095704089,-1,1,0.6,10
12.63,0.0288721242323729,-1,1,0.6,10
12.64,0.0287904234058784,-1,1,0.6,10
12.65,0.0287086074177286,-1,1,0.6,10
12.66,0.0286266765951875,-1,1,0.6,10
12.67,0.0285446312659781,-1,1,0.6,10
12.68,0.0284624717582818,-1,1,0.6,10
12.69,0.0283801984007363,-1,1,0.6,10
12.7,0.0282978115224351,-1,1,0.6,10
12.71,0.0282153114529256,-1,1,0.6,10
12.72,0.0281326985222078,-1,1,0.6,10
12.73,0.0280499730607335,-1,1,0.6,10
12.74,0.0279671353994043,-1,1,0.6,10
12.75,0.0278841858695708,-1,1,0.6,10
12.76,0.0278011248030311,-1,1,0.6,10
12.77,0.0277179525320291,-1,1,0.6,10
12.78,0.027634669389254,-1,1,0.6,10
12.79,0.0275512757078382,-1,1,0.6,10
12.8,0.0274677718213563,-1,1,0.6,10
12.81,0.0273841580638238,-1,1,0.6,10
12.82,0.0273004347696955,-1,1,0.6,10
12.83,0.0272166022738645,-1,1,0.6,10
12.84,0.0271326609116607,-1,1,0.6,10
12.85,0.0270486110188494,-1,1,0.6,10
12.86,0.0269644529316301,-1,1,0.6,10
12.87,0.0268801869866351,-1,1,0.6,10
12.88,0.0267958135209279,-1,1,0.6,10
12.89,0.0267113328720024,-1,1,0.6,10
12.9,0.0266267453777811,-1,1,0.6,10
12.91,0.0265420513766137,-1,1,0.6,10
12.92,0.0264572512072762,-1,1,0.6,10
12.93,0.0263723452089691,-1,1,0.6,10
12.94,0.0262873337213164,-1,1,0.6,10
12.95,0.0262022170843638,-1,1,0.6,10
12.96,0.0261169956385778,-1,1,0.6,10
12.97,0.0260316697248441,-1,1,0.6,10
12.98,0.0259462396844662,-1,1,0.6,10
12.99,0.0258607058591642,-1,1,0.6,10
13,0.0257750685910732,-1,1,0.6,10
13.01,0.0256893282227422,-1,1,0.6,10
13.02,0.0256034850971326,-1,1,0.6,10
13.03,0.0255175395576167,-1,1,0.6,10
13.04,0.0254314919479766,-1,1,0.6,10
13.05,0.0253453426124027,-1,1,0.6,10
13.06,0.025259091895492,-1,1,0.6,10
13.07,0.0251727401422475,-1,1,0.6,10
13.08,0.025086287698076,-1,1,0.6,10
13.09,0.0249997349087871,-1,1,0.6,10
13.1,0.0249130821205919,-1,1,0.6,10
13.11,0.0248263296801015,-1,1,0.6,10
13.12,0.0247394779343254,-1,1,0.6,10
13.13,0.0246525272306706,-1,1,0.6,10
13.14,0.0245654779169397,-1,1,0.6,10
13.15,0.02447833034133,-1,1,0.6,10
13.16,0.0243910848524315,-1,1,0.6,10
13.17,0.0243037417992261,-1,1,0.6,10
13.18,0.0242163015310859,-1,1,0.6,10
13.19,0.0241287643977719,-1,1,0.6,10
13.2,0.0240411307494324,-1,1,0.6,10
13.21,0.023953400936602,-1,1,0.6,10
13.22,0.0238655753101998,-1,1,0.6,10
13.23,0.0237776542215282,-1,1,0.6,10
13.24,0.0236896380222714,-1,1,0.6,10
13.25,0.0236015270644941,-1,1,0.6,10
13.26,0.02351332170064,-1,1,0.6,10
13.27,0.0234250222835305,-1,1,0.6,10
13.28,0.023336629166363,-1,1,0.6,10
13.29,0.0232481427027101,-1,1,0.6,10
13.3,0.0231595632465173,-1,1,0.6,10
13.31,0.0230708911521023,-1,1,0.6,10
13.32,0.0229821267741536,-1,1,0.6,10
13.33,0.0228932704677284,-1,1,0.6,10
13.34,0.0228043225882518,-1,1,0.6,10
13.35,0.0227152834915153,-1,1,0.6,10
13.36,0.0226261535336751,-1,1,0.6,10
13.37,0.022536933071251,-1,1,0.6,10
13.38,0.0224476224611246,-1,1,0.6,10
13.39,0.0223582220605383,-1,1,0.6,10
13.4,0.0222687322270936,-1,1,0.6,10
13.41,0.0221791533187496,-1,1,0.6,10
13.42,0.022089485693822,-1,1,0.6,10
13.43,0.021999729710981,-1,1,0.6,10
13.44,0.0219098857292505,-1,1,0.6,10
13.45,0.0218199541080063,-1,1,0.6,10
13.46,0.0217299352069748,-1,1,0.6,10
13.47,0.0216398293862314,-1,1,0.6,10
13.48,0.0215496370061993,-1,1,0.6,10
13.49,0.0214593584276479,-1,1,0.6,10
13.5,0.0213689940116915,-1,1,0.6,10
13.51,0.0212785441197875,-1,1,0.6,10
13.52,0.0211880091137353,-1,1,0.6,10
13.53,0.021097389355675,-1,1,0.6,10
13.54,0.0210066852080854,-1,1,0.6,10
13.55,0.0209158970337829,-1,1,0.6,10
13.56,0.0208250251959202,-1,1,0.6,10
13.57,0.0207340700579845,-1,1,0.6,10
13.58,0.0206430319837962,-1,1,0.6,10
13.59,0.0205519113375075,-1,1,0.6,10
13.6,0.0204607084836009,-1,1,0.6,10
13.61,0.0203694237868876,-1,1,0.6,10
13.62,0.0202780576125063,-1,1,0.6,10
13.63,0.0201866103259215,-1,1,0.6,10
13.64,0.0200950822929224,-1,1,0.6,10
13.65,0.020003473879621,-1,1,0.6,10
13.66,0.0199117854524506,-1,1,0.6,10
13.67,0.0198200173781651,-1,1,0.6,10
13.68,0.0197281700238364,-1,1,0.6,10
13.69,0.0196362437568539,-1,1,0.6,10
13.7,0.0195442389449226,-1,1,0.6,10
13.71,0.0194521559560616,-1,1,0.6,10
13.72,0.0193599951586027,-1,1,0.6,10
13.73,0.0192677569211889,-1,1,0.6,10
13.74,0.0191754416127732,-1,1,0.6,10
13.75,0.0190830496026166,-1,1,0.6,10
13.76,0.018990581260287,-1,1,0.6,10
13.77,0.0188980369556577,-1,1,0.6,10
13.78,0.0188054170589058,-1,1,0.6,10
13.79,0.0187127219405107,-1,1,0.6,10
13.8,0.0186199519712528,-1,1,0.6,10
13.81,0.0185271075222118,-1,1,0.6,10
13.82,0.0184341889647655,-1,1,0.6,10
13.83,0.0183411966705878,-1,1,0.6,10
13.84,0.018248131011648,-1,1,0.6,10
13.85,0.0181549923602084,-1,1,0.6,10
13.86,0.0180617810888236,-1,1,0.6,10
13.87,0.0179684975703385,-1,1,0.6,10
13.88,0.0178751421778871,-1,1,0.6,10
13.89,0.0177817152848908,-1,1,0.6,10
13.9,0.0176882172650571,-1,1,0.6,10
13.91,0.017594648492378,-1,1,0.6,10
13.92,0.0175010093411283,-1,1,0.6,10
13.93,0.0174073001858645,-1,1,0.6,10
13.94,0.0173135214014233,-1,1,0.6,10
13.95,0.0172196733629195,-1,1,0.6,10
13.96,0.0171257564457452,-1,1,0.6,10
13.97,0.017031771025568,-1,1,0.6,10
13.98,0.0169377174783294,-1,1,0.6,10
13.99,0.0168435961802435,-1,1,0.6,10
14,0.0167494075077952,-1,1,0.6,10
14.01,0.0166551518377393,-1,1,0.6,10
14.02,0.0165608295470983,-1,1,0.6,10
14.03,0.0164664410131611,-1,1,0.6,10
14.04,0.0163719866134819,-1,1,0.6,10
14.05,0.016277466725878,-1,1,0.6,10
14.06,0.0161828817284289,-1,1,0.6,10
14.07,0.0160882319994745,-1,1,0.6,10
14.08,0.0159935179176135,-1,1,0.6,10
14.09,0.0158987398617022,-1,1,0.6,10
14.1,0.0158038982108527,-1,1,0.6,10
14.11,0.0157089933444314,-1,1,0.6,10
14.12,0.0156140256420576,-1,1,0.6,10
14.13,0.0155189954836021,-1,1,0.6,10
14.14,0.0154239032491853,-1,1,0.6,10
14.15,0.0153287493191761,-1,1,0.6,10
14.16,0.0152335340741901,-1,1,0.6,10
14.17,0.0151382578950881,-1,1,0.6,10
14.18,0.0150429211629747,-1,1,0.6,10
14.19,0.0149475242591967,-1,1,0.6,10
14.2,0.0148520675653416,-1,1,0.6,10
14.21,0.014756551463236,-1,1,0.6,10
14.22,0.0146609763349443,-1,1,0.6,10
14.23,0.0145653425627668,-1,1,0.6,10
14.24,0.0144696505292384,-1,1,0.6,10
14.25,0.0143739006171272,-1,1,0.6,10
14.26,0.0142780932094327,-1,1,0.6,10
14.27,0.0141822286893844,-1,1,0.6,10
14.28,0.0140863074404403,-1,1,0.6,10
14.29,0.0139903298462852,-1,1,0.6,10
14.3,0.0138942962908293,-1,1,0.6,10
14.31,0.0137982071582068,-1,1,0.6,10
14.32,0.0137020628327741,-1,1,0.6,10
14.33,0.0136058636991083,-1,1,0.6,10
14.34,0.0135096101420059,-1,1,0.6,10
14.35,0.0134133025464809,-1,1,0.6,10
14.36,0.0133169412977636,-1,1,0.6,10
14.37,0.0132205267812988,-1,1,0.6,10
14.38,0.0131240593827446,-1,1,0.6,10
14.39,0.0130275394879704,-1,1,0.6,10
14.4,0.0129309674830555,-1,1,0.6,10
14.41,0.012834343754288,-1,1,0.6,10
14.42,0.0127376686881625,-1,1,0.6,10
14.43,0.0126409426713793,-1,1,0.6,10
14.44,0.0125441660908423,-1,1,0.6,10
14.45,0.0124473393336576,-1,1,0.6,10
14.46,0.0123504627871322,-1,1,0.6,10
14.47,0.0122535368387721,-1,1,0.6,10
14.48,0.012156561876281,-1,1,0.6,10
14.49,0.0120595382875586,-1,1,0.6,10
14.5,0.0119624664606991,-1,1,0.6,10
14.51,0.0118653467839897,-1,1,0.6,10
14.52,0.0117681796459091,-1,1,0.6,10
14.53,0.0116709654351254,-1,1,0.6,10
14.54,0.0115737045404957,-1,1,0.6,10
14.55,0.0114763973510632,-1,1,0.6,10
14.56,0.0113790442560566,-1,1,0.6,10
14.57,0.0112816456448882,-1,1,0.6,10
14.58,0.0111842019071522,-1,1,0.6,10
14.59,0.0110867134326235,-1,1,0.6,10
14.6,0.0109891806112558,-1,1,0.6,10
14.61,0.0108916038331804,-1,1,0.6,10
14.62,0.0107939834887041,-1,1,0.6,10
14.63,0.0106963199683083,-1,1,0.6,10
14.64,0.0105986136626469,-1,1,0.6,10
14.65,0.010500864962545,-1,1,0.6,10
14.66,0.0104030742589972,-1,1,0.6,10
14.67,0.0103052419431662,-1,1,0.6,10
14.68,0.0102073684063812,-1,1,0.6,10
14.69,0.0101094540401362,-1,1,0.6,10
14.7,0.0100114992360885,-1,1,0.6,10
14.71,0.00991350438605723,-1,1,0.6,10
14.72,0.00981546988202161,-1,1,0.6,10
14.73,0.00971739611611957,-1,1,0.6,10
14.74,0.009619283480646,-1,1,0.6,10
14.75,0.00952113236805135,-1,1,0.6,10
14.76,0.00942294317093993,-1,1,0.6,10
14.77,0.00932471628206837,-1,1,0.6,10
14.78,0.00922645209434411,-1,1,0.6,10
14.79,0.00912815100082379,-1,1,0.6,10
14.8,0.00902981339471163,-1,1,0.6,10
14.81,0.00893143966935794,-1,1,0.6,10
14.82,0.00883303021825746,-1,1,0.6,10
14.83,0.00873458543504792,-1,1,0.6,10
14.84,0.00863610571350827,-1,1,0.6,10
14.85,0.00853759144755727,-1,1,0.6,10
14.86,0.00843904303125188,-1,1,0.6,10
14.87,0.00834046085878559,-1,1,0.6,10
14.88,0.00824184532448699,-1,1,0.6,10
14.89,0.00814319682281811,-1,1,0.6,10
14.9,0.00804451574837277,-1,1,0.6,10
14.91,0.00794580249587518,-1,1,0.6,10
14.92,0.0078470574601782,-1,1,0.6,10
14.93,0.00774828103626183,-1,1,0.6,10
14.94,0.00764947361923166,-1,1,0.6,10
14.95,0.00755063560431719,-1,1,0.6,10
14.96,0.00745176738687037,-1,1,0.6,10
14.97,0.00735286936236397,-1,1,0.6,10
14.98,0.00725394192638989,-1,1,0.6,10
14.99,0.00715498547465781,-1,1,0.6,10
15,0.00705600040299336,-1,1,0.6,10
15.01,0.00695698710733669,-1,1,0.6,10
15.02,0.00685794598374089,-1,1,0.6,10
15.03,0.00675887742837027,-1,1,0.6,10
15.04,0.00665978183749896,-1,1,0.6,10
15.05,0.00656065960750919,-1,1,0.6,10
15.06,0.00646151113488972,-1,1,0.6,10
15.07,0.00636233681623435,-1,1,0.6,10
15.08,0.0062631370482402,-1,1,0.6,10
15.09,0.00616391222770618,-1,1,0.6,10
15.1,0.00606466275153149,-1,1,0.6,10
15.11,0.00596538901671386,-1,1,0.6,10
15.12,0.00586609142034811,-1,1,0.6,10
15.13,0.00576677035962453,-1,1,0.6,10
15.14,0.00566742623182718,-1,1,0.6,10
15.15,0.00556805943433248,-1,1,0.6,10
15.16,0.00546867036460746,-1,1,0.6,10
15.17,0.00536925942020826,-1,1,0.6,10
15.18,0.00526982699877856,-1,1,0.6,10
15.19,0.00517037349804786,-1,1,0.6,10
15.2,0.00507089931583007,-1,1,0.6,10
15.21,0.0049714048500218,-1,1,0.6,10
15.22,0.00487189049860073,-1,1,0.6,10
15.23,0.00477235665962419,-1,1,0.6,10
15.24,0.00467280373122737,-1,1,0.6,10
15.25,0.00457323211162184,-1,1,0.6,10
15.26,0.00447364219909398,-1,1,0.6,10
15.27,0.00437403439200326,-1,1,0.6,10
15.28,0.00427440908878081,-1,1,0.6,10
15.29,0.00417476668792773,-1,1,0.6,10
15.3,0.00407510758801343,-1,1,0.6,10
15.31,0.00397543218767425,-1,1,0.6,10
15.32,0.00387574088561161,-1,1,0.6,10
15.33,0.00377603408059057,-1,1,0.6,10
15.34,0.00367631217143827,-1,1,0.6,10
15.35,0.00357657555704216,-1,1,0.6,10
15.36,0.00347682463634862,-1,1,0.6,10
15.37,0.00337705980836114,-1,1,0.6,10
15.38,0.00327728147213894,-1,1,0.6,10
15.39,0.00317749002679523,-1,1,0.6,10
15.4,0.00307768587149566,-1,1,0.6,10
15.41,0.00297786940545668,-1,1,0.6,10
15.42,0.00287804102794407,-1,1,0.6,10
15.43,0.00277820113827117,-1,1,0.6,10
15.44,0.00267835013579744,-1,1,0.6,10
15.45,0.00257848841992671,-1,1,0.6,10
15.46,0.00247861639010574,-1,1,0.6,10
15.47,0.00237873444582254,-1,1,0.6,10
15.48,0.00227884298660473,-1,1,0.6,10
15.49,0.00217894241201799,-1,1,0.6,10
15.5,0.00207903312166452,-1,1,0.6,10
15.51,0.00197911551518132,-1,1,0.6,10
15.52,0.00187918999223873,-1,1,0.6,10
15.53,0.00177925695253864,-1,1,0.6,10
15.54,0.00167931679581312,-1,1,0.6,10
15.55,0.00157936992182267,-1,1,0.6,10
15.56,0.00147941673035465,-1,1,0.6,10
15.57,0.00137945762122165,-1,1,0.6,10
15.58,0.00127949299426003,-1,1,0.6,10
15.59,0.00117952324932811,-1,1,0.6,10
15.6,0.0010795487863048,-1,1,0.6,10
15.61,0.000979570005087754,-1,1,0.6,10
15.62,0.000879587305591995,-1,1,0.6,10
15.63,0.000779601087748209,-1,1,0.6,10
15.64,0.000679611751501111,-1,1,0.6,10
15.65,0.000579619696807892,-1,1,0.6,10
15.66,0.00047962532363668,-1,1,0.6,10
15.67,0.000379629031964791,-1,1,0.6,10
15.68,0.000279631221777302,-1,1,0.6,10
15.69,0.000179632293065299,-1,1,0.6,10
15.7,7.96326458243192e-05,-1,1,0.6,10
15.71,-2.03673199470935e-05,-1,1,0.6,10
15.72,-0.000120367204249254,-1,1,0.6,10
15.73,-0.000220366607082779,-1,1,0.6,10
15.74,-0.000320365128450148,-1,1,0.6,10
15.75,-0.000420362368357453,-1,1,0.6,10
15.76,-0.000520357926815823,-1,1,0.6,10
15.77,-0.000620351403843179,-1,1,0.6,10
15.78,-0.000720342399465791,-1,1,0.6,10
15.79,-0.000820330513719721,-1,1,0.6,10
15.8,-0.00092031534665269,-1,1,0.6,10
15.81,-0.00102029649832552,-1,1,0.6,10
15.82,-0.0011202735688137,-1,1,0.6,10
15.83,-0.00122024615820912,-1,1,0.6,10
15.84,-0.00132021386662151,-1,1,0.6,10
15.85,-0.00142017629418019,-1,1,0.6,10
15.86,-0.00152013304103563,-1,1,0.6,10
15.87,-0.0016200837073609,-1,1,0.6,10
15.88,-0.00172002789335349,-1,1,0.6,10
15.89,-0.00181996519923683,-1,1,0.6,10
15.9,-0.00191989522526177,-1,1,0.6,10
15.91,-0.00201981757170839,-1,1,0.6,10
15.92,-0.0021197318388874,-1,1,0.6,10
15.93,-0.00221963762714188,-1,1,0.6,10
15.94,-0.00231953453684883,-1,1,0.6,10
15.95,-0.00241942216842073,-1,1,0.6,10
15.96,-0.00251930012230716,-1,1,0.6,10
15.97,-0.00261916799899648,-1,1,0.6,10
15.98,-0.00271902539901727,-1,1,0.6,10
15.99,-0.00281887192294012,-1,1,0.6,10
16,-0.002918707171379,-1,1,0.6,10
16.01,-0.00301853074499312,-1,1,0.6,10
16.02,-0.00311834224448826,-1,1,0.6,10
16.03,-0.0032181412706186,-1,1,0.6,10
16.04,-0.00331792742418813,-1,1,0.6,10
16.05,-0.00341770030605241,-1,1,0.6,10
16.06,-0.00351745951711998,-1,1,0.6,10
16.07,-0.00361720465835423,-1,1,0.6,10
16.08,-0.00371693533077465,-1,1,0.6,10
16.09,-0.00381665113545866,-1,1,0.6,10
16.1,-0.00391635167354329,-1,1,0.6,10
16.11,-0.00401603654622637,-1,1,0.6,10
16.12,-0.00411570535476867,-1,1,0.6,10
16.13,-0.00421535770049502,-1,1,0.6,10
16.14,-0.0043149931847962,-1,1,0.6,10
16.15,-0.00441461140913038,-1,1,0.6,10
16.16,-0.00451421197502483,-1,1,0.6,10
16.17,-0.0046137944840774,-1,1,0.6,10
16.18,-0.00471335853795816,-1,1,0.6,10
16.19,-0.00481290373841108,-1,1,0.6,10
16.2,-0.00491242968725543,-1,1,0.6,10
16.21,-0.00501193598638762,-1,1,0.6,10
16.22,-0.00511142223778249,-1,1,0.6,10
16.23,-0.00521088804349529,-1,1,0.6,10
16.24,-0.00531033300566285,-1,1,0.6,10
16.25,-0.00540975672650542,-1,1,0.6,10
16.26,-0.00550915880832836,-1,1,0.6,10
16.27,-0.00560853885352335,-1,1,0.6,10
16.28,-0.00570789646457045,-1,1,0.6,10
16.29,-0.00580723124403927,-1,1,0.6,10
16.3,-0.00590654279459089,-1,1,0.6,10
16.31,-0.00600583071897918,-1,1,0.6,10
16.32,-0.00610509462005263,-1,1,0.6,10
16.33,-0.00620433410075573,-1,1,0.6,10
16.34,-0.00630354876413068,-1,1,0.6,10
16.35,-0.00640273821331901,-1,1,0.6,10
16.36,-0.00650190205156299,-1,1,0.6,10
16.37,-0.00660103988220746,-1,1,0.6,10
16.38,-0.00670015130870116,-1,1,0.6,10
16.39,-0.00679923593459862,-1,1,0.6,10
16.4,-0.00689829336356134,-1,1,0.6,10
16.41,-0.00699732319935985,-1,1,0.6,10
16.42,-0.00709632504587492,-1,1,0.6,10
16.43,-0.0071952985070992,-1,1,0.6,10
16.44,-0.00729424318713908,-1,1,0.6,10
16.45,-0.00739315869021593,-1,1,0.6,10
16.46,-0.00749204462066789,-1,1,0.6,10
16.47,-0.00759090058295133,-1,1,0.6,10
16.48,-0.00768972618164259,-1,1,0.6,10
16.49,-0.00778852102143937,-1,1,0.6,10
16.5,-0.00788728470716243,-1,1,0.6,10
16.51,-0.0079860168437572,-1,1,0.6,10
16.52,-0.00808471703629522,-1,1,0.6,10
16.53,-0.0081833848899759,-1,1,0.6,10
16.54,-0.00828202001012789,-1,1,0.6,10
16.55,-0.00838062200221094,-1,1,0.6,10
16.56,-0.00847919047181709,-1,1,0.6,10
16.57,-0.0085777250246727,-1,1,0.6,10
16.58,-0.00867622526663968,-1,1,0.6,10
16.59,-0.00877469080371709,-1,1,0.6,10
16.6,-0.00887312124204303,-1,1,0.6,10
16.61,-0.00897151618789581,-1,1,0.6,10
16.62,-0.00906987524769582,-1,1,0.6,10
16.63,-0.00916819802800692,-1,1,0.6,10
16.64,-0.00926648413553814,-1,1,0.6,10
16.65,-0.00936473317714516,-1,1,0.6,10
16.66,-0.00946294475983198,-1,1,0.6,10
16.67,-0.00956111849075237,-1,1,0.6,10
16.68,-0.00965925397721153,-1,1,0.6,10
16.69,-0.00975735082666768,-1,1,0.6,10
16.7,-0.00985540864673349,-1,1,0.6,10
16.71,-0.00995342704517792,-1,1,0.6,10
16.72,-0.0100514056299274,-1,1,0.6,10
16.73,-0.0101493440090678,-1,1,0.6,10
16.74,-0.0102472417908457,-1,1,0.6,10
16.75,-0.01034509858367,-1,1,0.6,10
16.76,-0.0104429139961138,-1,1,0.6,10
16.77,-0.0105406876369156,-1,1,0.6,10
16.78,-0.0106384191149809,-1,1,0.6,10
16.79,-0.0107361080393838,-1,1,0.6,10
16.8,-0.010833754019369,-1,1,0.6,10
16.81,-0.0109313566643525,-1,1,0.6,10
16.82,-0.011028915583924,-1,1,0.6,10
16.83,-0.0111264303878478,-1,1,0.6,10
16.84,-0.0112239006860649,-1,1,0.6,10
16.85,-0.0113213260886942,-1,1,0.6,10
16.86,-0.0114187062060342,-1,1,0.6,10
16.87,-0.0115160406485647,-1,1,0.6,10
16.88,-0.0116133290269479,-1,1,0.6,10
16.89,-0.0117105709520305,-1,1,0.6,10
16.9,-0.0118077660348449,-1,1,0.6,10
16.91,-0.0119049138866109,-1,1,0.6,10
16.92,-0.0120020141187372,-1,1,0.6,10
16.93,-0.012099066342823,-1,1,0.6,10
16.94,-0.0121960701706597,-1,1,0.6,10
16.95,-0.0122930252142319,-1,1,0.6,10
16.96,-0.0123899310857196,-1,1,0.6,10
16.97,-0.0124867873974995,-1,1,0.6,10
16.98,-0.0125835937621465,-1,1,0.6,10
16.99,-0.0126803497924352,-1,1,0.6,10
17,-0.0127770551013416,-1,1,0.6,10
17.01,-0.0128737093020447,-1,1,0.6,10
17.02,-0.0129703120079276,-1,1,0.6,10
17.03,-0.01306686283258,-1,1,0.6,10
17.04,-0.0131633613897983,-1,1,0.6,10
17.05,-0.0132598072935887,-1,1,0.6,10
17.06,-0.0133562001581675,-1,1,0.6,10
17.07,-0.0134525395979636,-1,1,0.6,10
17.08,-0.0135488252276192,-1,1,0.6,10
17.09,-0.0136450566619919,-1,1,0.6,10
17.1,-0.0137412335161562,-1,1,0.6,10
17.11,-0.0138373554054048,-1,1,0.6,10
17.12,-0.0139334219452501,-1,1,0.6,10
17.13,-0.0140294327514263,-1,1,0.6,10
17.14,-0.0141253874398902,-1,1,0.6,10
17.15,-0.0142212856268231,-1,1,0.6,10
17.16,-0.0143171269286325,-1,1,0.6,10
17.17,-0.0144129109619533,-1,1,0.6,10
17.18,-0.0145086373436494,-1,1,0.6,10
17.19,-0.0146043056908156,-1,1,0.6,10
17.2,-0.0146999156207784,-1,1,0.6,10
17.21,-0.0147954667510983,-1,1,0.6,10
17.22,-0.014890958699571,-1,1,0.6,10
17.23,-0.0149863910842287,-1,1,0.6,10
17.24,-0.0150817635233421,-1,1,0.6,10
17.25,-0.0151770756354215,-1,1,0.6,10
17.26,-0.0152723270392186,-1,1,0.6,10
17.27,-0.0153675173537278,-1,1,0.6,10
17.28,-0.0154626461981882,-1,1,0.6,10
17.29,-0.0155577131920844,-1,1,0.6,10
17.3,-0.0156527179551485,-1,1,0.6,10
17.31,-0.0157476601073617,-1,1,0.6,10
17.32,-0.0158425392689555,-1,1,0.6,10
17.33,-0.0159373550604133,-1,1,0.6,10
17.34,-0.0160321071024721,-1,1,0.6,10
17.35,-0.016126795016124,-1,1,0.6,10
17.36,-0.0162214184226172,-1,1,0.6,10
17.37,-0.0163159769434584,-1,1,0.6,10
17.38,-0.0164104702004135,-1,1,0.6,10
17.39,-0.0165048978155097,-1,1,0.6,10
17.4,-0.0165992594110367,-1,1,0.6,10
17.41,-0.0166935546095482,-1,1,0.6,10
17.42,-0.0167877830338635,-1,1,0.6,10
17.43,-0.016881944307069,-1,1,0.6,10
17.44,-0.0169760380525198,-1,1,0.6,10
17.45,-0.017070063893841,-1,1,0.6,10
17.46,-0.0171640214549295,-1,1,0.6,10
17.47,-0.0172579103599549,-1,1,0.6,10
17.48,-0.017351730233362,-1,1,0.6,10
17.49,-0.0174454806998713,-1,1,0.6,10
17.5,-0.017539161384481,-1,1,0.6,10
17.51,-0.0176327719124686,-1,1,0.6,10
17.52,-0.017726311909392,-1,1,0.6,10
17.53,-0.0178197810010914,-1,1,0.6,10
17.54,-0.0179131788136906,-1,1,0.6,10
17.55,-0.0180065049735984,-1,1,0.6,10
17.56,-0.0180997591075103,-1,1,0.6,10
17.57,-0.01819294084241,-1,1,0.6,10
17.58,-0.0182860498055705,-1,1,0.6,10
17.59,-0.0183790856245562,-1,1,0.6,10
17.6,-0.0184720479272239,-1,1,0.6,10
17.61,-0.0185649363417245,-1,1,0.6,10
17.62,-0.0186577504965045,-1,1,0.6,10
17.63,-0.0187504900203073,-1,1,0.6,10
17.64,-0.0188431545421752,-1,1,0.6,10
17.65,-0.0189357436914499,-1,1,0.6,10
17.66,-0.0190282570977751,-1,1,0.6,10
17.67,-0.0191206943910974,-1,1,0.6,10
17.68,-0.0192130552016675,-1,1,0.6,10
17.69,-0.0193053391600425,-1,1,0.6,10
17.7,-0.0193975458970865,-1,1,0.6,10
17.71,-0.0194896750439729,-1,1,0.6,10
17.72,-0.019581726232185,-1,1,0.6,10
17.73,-0.0196736990935183,-1,1,0.6,10
17.74,-0.0197655932600815,-1,1,0.6,10
17.75,-0.019857408364298,-1,1,0.6,10
17.76,-0.0199491440389075,-1,1,0.6,10
17.77,-0.0200407999169675,-1,1,0.6,10
17.78,-0.0201323756318545,-1,1,0.6,10
17.79,-0.0202238708172658,-1,1,0.6,10
17.8,-0.0203152851072209,-1,1,0.6,10
17.81,-0.0204066181360625,-1,1,0.6,10
17.82,-0.0204978695384589,-1,1,0.6,10
17.83,-0.0205890389494044,-1,1,0.6,10
17.84,-0.0206801260042216,-1,1,0.6,10
17.85,-0.0207711303385623,-1,1,0.6,10
17.86,-0.0208620515884094,-1,1,0.6,10
17.87,-0.0209528893900779,-1,1,0.6,10
17.88,-0.0210436433802168,-1,1,0.6,10
17.89,-0.0211343131958103,-1,1,0.6,10
17.9,-0.0212248984741791,-1,1,0.6,10
17.91,-0.0213153988529824,-1,1,0.6,10
17.92,-0.0214058139702187,-1,1,0.6,10
17.93,-0.0214961434642276,-1,1,0.6,10
17.94,-0.0215863869736913,-1,1,0.6,10
17.95,-0.0216765441376359,-1,1,0.6,10
17.96,-0.0217666145954329,-1,1,0.6,10
17.97,-0.0218565979868005,-1,1,0.6,10
17.98,-0.0219464939518053,-1,1,0.6,10
17.99,-0.0220363021308635,-1,1,0.6,10
18,-0.0221260221647426,-1,1,0.6,10
18.01,-0.0222156536945626,-1,1,0.6,10
18.02,-0.0223051963617974,-1,1,0.6,10
18.03,-0.0223946498082765,-1,1,0.6,10
18.04,-0.0224840136761862,-1,1,0.6,10
18.05,-0.0225732876080712,-1,1,0.6,10
18.06,-0.0226624712468358,-1,1,0.6,10
18.07,-0.0227515642357457,-1,1,0.6,10
18.08,-0.022840566218429,-1,1,0.6,10
18.09,-0.0229294768388778,-1,1,0.6,10
18.1,-0.0230182957414499,-1,1,0.6,10
18.11,-0.0231070225708697,-1,1,0.6,10
18.12,-0.0231956569722301,-1,1,0.6,10
18.13,-0.0232841985909934,-1,1,0.6,10
18.14,-0.0233726470729935,-1,1,0.6,10
18.15,-0.0234610020644364,-1,1,0.6,10
18.16,-0.0235492632119023,-1,1,0.6,10
18.17,-0.0236374301623468,-1,1,0.6,10
18.18,-0.0237255025631022,-1,1,0.6,10
18.19,-0.0238134800618789,-1,1,0.6,10
18.2,-0.0239013623067671,-1,1,0.6,10
18.21,-0.023989148946238,-1,1,0.6,10
18.22,-0.0240768396291451,-1,1,0.6,10
18.23,-0.0241644340047258,-1,1,0.6,10
18.24,-0.0242519317226027,-1,1,0.6,10
18.25,-0.024339332432785,-1,1,0.6,10
18.26,-0.02442663578567,-1,1,0.6,10
18.27,-0.0245138414320445,-1,1,0.6,10
18.28,-0.0246009490230859,-1,1,0.6,10
18.29,-0.024687958210364,-1,1,0.6,10
18.3,-0.0247748686458422,-1,1,0.6,10
18.31,-0.0248616799818789,-1,1,0.6,10
18.32,-0.0249483918712288,-1,1,0.6,10
18.33,-0.0250350039670445,-1,1,0.6,10
18.34,-0.0251215159228776,-1,1,0.6,10
18.35,-0.0252079273926806,-1,1,0.6,10
18.36,-0.0252942380308076,-1,1,0.6,10
18.37,-0.0253804474920162,-1,1,0.6,10
18.38,-0.0254665554314687,-1,1,0.6,10
18.39,-0.0255525615047334,-1,1,0.6,10
18.4,-0.0256384653677862,-1,1,0.6,10
18.41,-0.0257242666770117,-1,1,0.6,10
18.42,-0.0258099650892048,-1,1,0.6,10
18.43,-0.0258955602615719,-1,1,0.6,10
18.44,-0.0259810518517325,-1,1,0.6,10
18.45,-0.0260664395177203,-1,1,0.6,10
18.46,-0.0261517229179849,-1,1,0.6,10
18.47,-0.0262369017113926,-1,1,0.6,10
18.48,-0.0263219755572285,-1,1,0.6,10
18.49,-0.0264069441151972,-1,1,0.6,10
18.5,-0.0264918070454247,-1,1,0.6,10
18.51,-0.0265765640084593,-1,1,0.6,10
18.52,-0.0266612146652733,-1,1,0.6,10
18.53,-0.0267457586772642,-1,1,0.6,10
18.54,-0.0268301957062561,-1,1,0.6,10
18.55,-0.0269145254145009,-1,1,0.6,10
18.56,-0.0269987474646799,-1,1,0.6,10
18.57,-0.0270828615199051,-1,1,0.6,10
18.58,-0.0271668672437203,-1,1,0.6,10
18.59,-0.0272507643001028,-1,1,0.6,10
18.6,-0.0273345523534644,-1,1,0.6,10
18.61,-0.027418231068653,-1,1,0.6,10
18.62,-0.0275018001109539,-1,1,0.6,10
18.63,-0.027585259146091,-1,1,0.6,10
18.64,-0.0276686078402283,-1,1,0.6,10
18.65,-0.0277518458599712,-1,1,0.6,10
18.66,-0.0278349728723676,-1,1,0.6,10
18.67,-0.0279179885449097,-1,1,0.6,10
18.68,-0.0280008925455348,-1,1,0.6,10
18.69,-0.028083684542627,-1,1,0.6,10
18.7,-0.0281663642050185,-1,1,0.6,10
18.71,-0.0282489312019908,-1,1,0.6,10
18.72,-0.0283313852032758,-1,1,0.6,10
18.73,-0.0284137258790579,-1,1,0.6,10
18.74,-0.0284959528999744,-1,1,0.6,10
18.75,-0.0285780659371172,-1,1,0.6,10
18.76,-0.0286600646620344,-1,1,0.6,10
18.77,-0.0287419487467311,-1,1,0.6,10
18.78,-0.0288237178636712,-1,1,0.6,10
18.79,-0.0289053716857783,-1,1,0.6,10
18.8,-0.0289869098864372,-1,1,0.6,10
18.81,-0.0290683321394951,-1,1,0.6,10
18.82,-0.0291496381192633,-1,1,0.6,10
18.83,-0.0292308275005179,-1,1,0.6,10
18.84,-0.0293118999585014,-1,1,0.6,10
18.85,-0.0293928551689242,-1,1,0.6,10
18.86,-0.0294736928079654,-1,1,0.6,10
18.87,-0.0295544125522748,-1,1,0.6,10
18.88,-0.0296350140789733,-1,1,0.6,10
18.89,-0.0297154970656551,-1,1,0.6,10
18.9,-0.0297958611903882,-1,1,0.6,10
18.91,-0.0298761061317163,-1,1,0.6,10
18.92,-0.0299562315686597,-1,1,0.6,10
18.93,-0.0300362371807167,-1,1,0.6,10
18.94,-0.0301161226478651,-1,1,0.6,10
18.95,-0.030195887650563,-1,1,0.6,10
18.96,-0.0302755318697506,-1,1,0.6,10
18.97,-0.0303550549868511,-1,1,0.6,10
18.98,-0.0304344566837721,-1,1,0.6,10
18.99,-0.030513736642907,-1,1,0.6,10
19,-0.030592894547136,-1,1,0.6,10
19.01,-0.0306719300798275,-1,1,0.6,10
19.02,-0.0307508429248397,-1,1,0.6,10
19.03,-0.0308296327665211,-1,1,0.6,10
19.04,-0.0309082992897126,-1,1,0.6,10
19.05,-0.0309868421797482,-1,1,0.6,10
19.06,-0.0310652611224563,-1,1,0.6,10
19.07,-0.0311435558041614,-1,1,0.6,10
19.08,-0.0312217259116848,-1,1,0.6,10
19.09,-0.0312997711323461,-1,1,0.6,10
19.1,-0.0313776911539647,-1,1,0.6,10
19.11,-0.0314554856648605,-1,1,0.6,10
19.12,-0.0315331543538555,-1,1,0.6,10
19.13,-0.0316106969102752,-1,1,0.6,10
19.14,-0.0316881130239494,-1,1,0.6,10
19.15,-0.0317654023852138,-1,1,0.6,10
19.16,-0.031842564684911,-1,1,0.6,10
19.17,-0.0319195996143919,-1,1,0.6,10
19.18,-0.0319965068655168,-1,1,0.6,10
19.19,-0.032073286130657,-1,1,0.6,10
19.2,-0.0321499371026954,-1,1,0.6,10
19.21,-0.0322264594750284,-1,1,0.6,10
19.22,-0.0323028529415663,-1,1,0.6,10
19.23,-0.0323791171967356,-1,1,0.6,10
19.24,-0.0324552519354792,-1,1,0.6,10
19.25,-0.0325312568532584,-1,1,0.6,10
19.26,-0.0326071316460535,-1,1,0.6,10
19.27,-0.0326828760103655,-1,1,0.6,10
19.28,-0.0327584896432171,-1,1,0.6,10
19.29,-0.0328339722421538,-1,1,0.6,10
19.3,-0.0329093235052453,-1,1,0.6,10
19.31,-0.0329845431310866,-1,1,0.6,10
19.32,-0.0330596308187994,-1,1,0.6,10
19.33,-0.033134586268033,-1,1,0.6,10
19.34,-0.0332094091789657,-1,1,0.6,10
19.35,-0.033284099252306,-1,1,0.6,10
19.36,-0.0333586561892936,-1,1,0.6,10
19.37,-0.033433079691701,-1,1,0.6,10
19.38,-0.0335073694618341,-1,1,0.6,10
19.39,-0.0335815252025341,-1,1,0.6,10
19.4,-0.0336555466171781,-1,1,0.6,10
19.41,-0.0337294334096805,-1,1,0.6,10
19.42,-0.0338031852844942,-1,1,0.6,10
19.43,-0.0338768019466118,-1,1,0.6,10
19.44,-0.0339502831015668,-1,1,0.6,10
19.45,-0.0340236284554347,-1,1,0.6,10
19.46,-0.0340968377148341,-1,1,0.6,10
19.47,-0.0341699105869281,-1,1,0.6,10
19.48,-0.0342428467794254,-1,1,0.6,10
19.49,-0.0343156460005812,-1,1,0.6,10
19.5,-0.0343883079591987,-1,1,0.6,10
19.51,-0.0344608323646303,-1,1,0.6,10
19.52,-0.0345332189267783,-1,1,0.6,10
19.53,-0.0346054673560967,-1,1,0.6,10
19.54,-0.0346775773635917,-1,1,0.6,10
19.55,-0.0347495486608236,-1,1,0.6,10
19.56,-0.0348213809599072,-1,1,0.6,10
19.57,-0.0348930739735133,-1,1,0.6,10
19.58,-0.0349646274148701,-1,1,0.6,10
19.59,-0.0350360409977638,-1,1,0.6,10
19.6,-0.0351073144365403,-1,1,0.6,10
19.61,-0.0351784474461058,-1,1,0.6,10
19.62,-0.0352494397419285,-1,1,0.6,10
19.63,-0.0353202910400391,-1,1,0.6,10
19.64,-0.0353910010570327,-1,1,0.6,10
19.65,-0.0354615695100693,-1,1,0.6,10
19.66,-0.0355319961168751,-1,1,0.6,10
19.67,-0.0356022805957439,-1,1,0.6,10
19.68,-0.0356724226655376,-1,1,0.6,10
19.69,-0.0357424220456884,-1,1,0.6,10
19.7,-0.0358122784561985,-1,1,0.6,10
19.71,-0.0358819916176426,-1,1,0.6,10
19.72,-0.0359515612511681,-1,1,0.6,10
19.73,-0.0360209870784965,-1,1,0.6,10
19.74,-0.0360902688219247,-1,1,0.6,10
19.75,-0.0361594062043256,-1,1,0.6,10
19.76,-0.03622839894915,-1,1,0.6,10
19.77,-0.0362972467804268,-1,1,0.6,10
19.78,-0.036365949422765,-1,1,0.6,10
19.79,-0.0364345066013539,-1,1,0.6,10
19.8,-0.036502918041965,-1,1,0.6,10
19.81,-0.0365711834709526,-1,1,0.6,10
19.82,-0.0366393026152551,-1,1,0.6,10
19.83,-0.036707275202396,-1,1,0.6,10
19.84,-0.036775100960485,-1,1,0.6,10
19.85,-0.0368427796182192,-1,1,0.6,10
19.86,-0.036910310904884,-1,1,0.6,10
19.87,-0.0369776945503545,-1,1,0.6,10
19.88,-0.037044930285096,-1,1,0.6,10
19.89,-0.0371120178401658,-1,1,0.6,10
19.9,-0.0371789569472137,-1,1,0.6,10
19.91,-0.0372457473384834,-1,1,0.6,10
19.92,-0.0373123887468135,-1,1,0.6,10
19.93,-0.0373788809056382,-1,1,0.6,10
19.94,-0.0374452235489892,-1,1,0.6,10
19.95,-0.0375114164114959,-1,1,0.6,10
19.96,-0.0375774592283871,-1,1,0.6,10
19.97,-0.0376433517354913,-1,1,0.6,10
19.98,-0.0377090936692389,-1,1,0.6,10
19.99,-0.037774684766662,-1,1,0.6,10
20,-0.0223532398559141,-1,1,0.6,10
20.01,-0.0221226987432752,-1,1,0.6,10
20.02,-0.0218919585264971,-1,1,0.6,10
20.03,-0.0216610212822398,-1,1,0.6,10
20.04,-0.0214298890889374,-1,1,0.6,10
20.05,-0.0211985640267777,-1,1,0.6,10
20.06,-0.0209670481776849,-1,1,0.6,10
20.07,-0.0207353436253,-1,1,0.6,10
20.08,-0.0205034524549624,-1,1,0.6,10
20.09,-0.0202713767536912,-1,1,0.6,10
20.1,-0.020039118610166,-1,1,0.6,10
20.11,-0.0198066801147086,-1,1,0.6,10
20.12,-0.0195740633592638,-1,1,0.6,10
20.13,-0.019341270437381,-1,1,0.6,10
20.14,-0.0191083034441947,-1,1,0.6,10
20.15,-0.0188751644764064,-1,1,0.6,10
20.16,-0.0186418556322653,-1,1,0.6,10
20.17,-0.0184083790115493,-1,1,0.6,10
20.18,-0.0181747367155465,-1,1,0.6,10
20.19,-0.0179409308470358,-1,1,0.6,10
20.2,-0.0177069635102688,-1,1,0.6,10
20.21,-0.0174728368109496,-1,1,0.6,10
20.22,-0.017238552856217,-1,1,0.6,10
20.23,-0.0170041137546251,-1,1,0.6,10
20.24,-0.0167695216161241,-1,1,0.6,10
20.25,-0.0165347785520419,-1,1,0.6,10
20.26,-0.0162998866750642,-1,1,0.6,10
20.27,-0.0160648480992166,-1,1,0.6,10
20.28,-0.0158296649398444,-1,1,0.6,10
20.29,-0.0155943393135947,-1,1,0.6,10
20.3,-0.0153588733383964,-1,1,0.6,10
20.31,-0.0151232691334418,-1,1,0.6,10
20.32,-0.0148875288191669,-1,1,0.6,10
20.33,-0.0146516545172332,-1,1,0.6,10
20.34,-0.0144156483505079,-1,1,0.6,10
20.35,-0.0141795124430445,-1,1,0.6,10
20.36,-0.013943248920065,-1,1,0.6,10
20.37,-0.0137068599079393,-1,1,0.6,10
20.38,-0.0134703475341669,-1,1,0.6,10
20.39,-0.0132337139273576,-1,1,0.6,10
20.4,-0.0129969612172123,-1,1,0.6,10
20.41,-0.0127600915345038,-1,1,0.6,10
20.42,-0.0125231070110576,-1,1,0.6,10
20.43,-0.012286009779733,-1,1,0.6,10
20.44,-0.012048801974403,-1,1,0.6,10
20.45,-0.0118114857299368,-1,1,0.6,10
20.46,-0.0115740631821787,-1,1,0.6,10
20.47,-0.0113365364679301,-1,1,0.6,10
20.48,-0.0110989077249297,-1,1,0.6,10
20.49,-0.0108611790918348,-1,1,0.6,10
20.5,-0.0106233527082014,-1,1,0.6,10
20.51,-0.0103854307144652,-1,1,0.6,10
20.52,-0.0101474152519228,-1,1,0.6,10
20.53,-0.00990930846271163,-1,1,0.6,10
20.54,-0.00967111248979113,-1,1,0.6,10
20.55,-0.00943282947692351,-1,1,0.6,10
20.56,-0.00919446156865434,-1,1,0.6,10
20.57,-0.00895601091029297,-1,1,0.6,10
20.58,-0.00871747964789393,-1,1,0.6,10
20.59,-0.00847886992823698,-1,1,0.6,10
20.6,-0.00824018389880776,-1,1,0.6,10
20.61,-0.00800142370777921,-1,1,0.6,10
20.62,-0.00776259150399124,-1,1,0.6,10
20.63,-0.00752368943693219,-1,1,0.6,10
20.64,-0.00728471965671886,-1,1,0.6,10
20.65,-0.00704568431407786,-1,1,0.6,10
20.66,-0.00680658556032566,-1,1,0.6,10
20.67,-0.00656742554734922,-1,1,0.6,10
20.68,-0.00632820642758733,-1,1,0.6,10
20.69,-0.00608893035401023,-1,1,0.6,10
20.7,-0.00584959948010105,-1,1,0.6,10
20.71,-0.00561021595983603,-1,1,0.6,10
20.72,-0.00537078194766531,-1,1,0.6,10
20.73,-0.00513129959849318,-1,1,0.6,10
20.74,-0.00489177106765936,-1,1,0.6,10
20.75,-0.00465219851091903,-1,1,0.6,10
20.76,-0.00441258408442336,-1,1,0.6,10
20.77,-0.00417292994470085,-1,1,0.6,10
20.78,-0.00393323824863694,-1,1,0.6,10
20.79,-0.00369351115345541,-1,1,0.6,10
20.8,-0.00345375081669829,-1,1,0.6,10
20.81,-0.00321395939620728,-1,1,0.6,10
20.82,-0.00297413905010332,-1,1,0.6,10
20.83,-0.00273429193676792,-1,1,0.6,10
20.84,-0.00249442021482368,-1,1,0.6,10
20.85,-0.00225452604311428,-1,1,0.6,10
20.86,-0.0020146115806857,-1,1,0.6,10
20.87,-0.0017746789867665,-1,1,0.6,10
20.88,-0.00153473042074847,-1,1,0.6,10
20.89,-0.00129476804216687,-1,1,0.6,10
20.9,-0.0010547940106817,-1,1,0.6,10
20.91,-0.000814810486057625,-1,1,0.6,10
20.92,-0.000574819628144533,-1,1,0.6,10
20.93,-0.00033482359685881,-1,1,0.6,10
20.94,-9.4824552162904e-05,-1,1,0.6,10
20.95,0.00014517534595326,-1,1,0.6,10
20.96,0.000385173937492433,-1,1,0.6,10
20.97,0.000625169062468626,-1,1,0.6,10
20.98,0.000865158560927548,-1,1,0.6,10
20.99,0.00110514027296533,-1,1,0.6,10
21,0.00134511203874798,-1,1,0.6,10
21.01,0.00158507169853142,-1,1,0.6,10
21.02,0.00182501709268028,-1,1,0.6,10
21.03,0.00206494606168763,-1,1,0.6,10
21.04,0.00230485644619428,-1,1,0.6,10
21.05,0.00254474608700862,-1,1,0.6,10
21.06,0.00278461282512522,-1,1,0.6,10
21.07,0.00302445450174525,-1,1,0.6,10
21.08,0.00326426895829525,-1,1,0.6,10
21.09,0.00350405403644652,-1,1,0.6,10
21.1,0.00374380757813519,-1,1,0.6,10
21.11,0.00398352742558085,-1,1,0.6,10
21.12,0.00422321142130672,-1,1,0.6,10
21.13,0.00446285740815815,-1,1,0.6,10
21.14,0.00470246322932311,-1,1,0.6,10
21.15,0.00494202672835082,-1,1,0.6,10
21.16,0.00518154574917119,-1,1,0.6,10
21.17,0.00542101813611486,-1,1,0.6,10
21.18,0.0056604417339319,-1,1,0.6,10
21.19,0.00589981438781154,-1,1,0.6,10
21.2,0.00613913394340144,-1,1,0.6,10
21.21,0.00637839824682744,-1,1,0.6,10
21.22,0.00661760514471212,-1,1,0.6,10
21.23,0.00685675248419524,-1,1,0.6,10
21.24,0.00709583811295236,-1,1,0.6,10
21.25,0.00733485987921422,-1,1,0.6,10
21.26,0.00757381563178675,-1,1,0.6,10
21.27,0.00781270322006964,-1,1,0.6,10
21.28,0.00805152049407643,-1,1,0.6,10
21.29,0.00829026530445297,-1,1,0.6,10
21.3,0.00852893550249781,-1,1,0.6,10
21.31,0.0087675289401807,-1,1,0.6,10
21.32,0.0090060434701623,-1,1,0.6,10
21.33,0.00924447694581347,-1,1,0.6,10
21.34,0.00948282722123452,-1,1,0.6,10
21.35,0.00972109215127459,-1,1,0.6,10
21.36,0.00995926959155085,-1,1,0.6,10
21.37,0.0101973573984681,-1,1,0.6,10
21.38,0.0104353534292375,-1,1,0.6,10
21.39,0.0106732555418966,-1,1,0.6,10
21.4,0.0109110615953279,-1,1,0.6,10
21.41,0.0111487694492783,-1,1,0.6,10
21.42,0.011386376964379,-1,1,0.6,10
21.43,0.0116238820021639,-1,1,0.6,10
21.44,0.0118612824250893,-1,1,0.6,10
21.45,0.0120985760965528,-1,1,0.6,10
21.46,0.0123357608809132,-1,1,0.6,10
21.47,0.0125728346435089,-1,1,0.6,10
21.48,0.0128097952506776,-1,1,0.6,10
21.49,0.0130466405697756,-1,1,0.6,10
21.5,0.0132833684691966,-1,1,0.6,10
21.51,0.013519976818391,-1,1,0.6,10
21.52,0.0137564634878851,-1,1,0.6,10
21.53,0.013992826349301,-1,1,0.6,10
21.54,0.0142290632753739,-1,1,0.6,10
21.55,0.0144651721399735,-1,1,0.6,10
21.56,0.0147011508181214,-1,1,0.6,10
21.57,0.0149369971860114,-1,1,0.6,10
21.58,0.0151727091210274,-1,1,0.6,10
21.59,0.0154082845017636,-1,1,0.6,10
21.6,0.0156437212080435,-1,1,0.6,10
21.61,0.015879017120938,-1,1,0.6,10
21.62,0.0161141701227857,-1,1,0.6,10
21.63,0.016349178097211,-1,1,0.6,10
21.64,0.0165840389291438,-1,1,0.6,10
21.65,0.0168187505048381,-1,1,0.6,10
21.66,0.0170533107118915,-1,1,0.6,10
21.67,0.0172877174392635,-1,1,0.6,10
21.68,0.0175219685772953,-1,1,0.6,10
21.69,0.0177560620177282,-1,1,0.6,10
21.7,0.0179899956537227,-1,1,0.6,10
21.71,0.0182237673798778,-1,1,0.6,10
21.72,0.0184573750922494,-1,1,0.6,10
21.73,0.01869081668837,-1,1,0.6,10
21.74,0.0189240900672664,-1,1,0.6,10
21.75,0.0191571931294799,-1,1,0.6,10
21.76,0.0193901237770847,-1,1,0.6,10
21.77,0.0196228799137062,-1,1,0.6,10
21.78,0.019855459444541,-1,1,0.6,10
21.79,0.0200878602763749,-1,1,0.6,10
21.8,0.0203200803176018,-1,1,0.6,10
21.81,0.020552117478243,-1,1,0.6,10
21.82,0.0207839696699658,-1,1,0.6,10
21.83,0.0210156348061017,-1,1,0.6,10
21.84,0.0212471108016662,-1,1,0.6,10
21.85,0.021478395573377,-1,1,0.6,10
21.86,0.0217094870396725,-1,1,0.6,10
21.87,0.0219403831207313,-1,1,0.6,10
21.88,0.02217108173849,-1,1,0.6,10
21.89,0.0224015808166628,-1,1,0.6,10
21.9,0.0226318782807594,-1,1,0.6,10
21.91,0.0228619720581042,-1,1,0.6,10
21.92,0.023091860077855,-1,1,0.6,10
21.93,0.0233215402710207,-1,1,0.6,10
21.94,0.0235510105704815,-1,1,0.6,10
21.95,0.0237802689110062,-1,1,0.6,10
21.96,0.0240093132292712,-1,1,0.6,10
21.97,0.0242381414638791,-1,1,0.6,10
21.98,0.0244667515553775,-1,1,0.6,10
21.99,0.0246951414462771,-1,1,0.6,10
22,0.0249233090810702,-1,1,0.6,10
22.01,0.02515125240625,-1,1,0.6,10
22.02,0.0253789693703278,-1,1,0.6,10
22.03,0.0256064579238526,-1,1,0.6,10
22.04,0.0258337160194289,-1,1,0.6,10
22.05,0.0260607416117355,-1,1,0.6,10
22.06,0.0262875326575434,-1,1,0.6,10
22.07,0.0265140871157349,-1,1,0.6,10
22.08,0.0267404029473213,-1,1,0.6,10
22.09,0.0269664781154617,-1,1,0.6,10
22.1,0.027192310585481,-1,1,0.6,10
22.11,0.0274178983248887,-1,1,0.6,10
22.12,0.0276432393033964,-1,1,0.6,10
22.13,0.027868331492937,-1,1,0.6,10
22.14,0.0280931728676824,-1,1,0.6,10
22.15,0.0283177614040616,-1,1,0.6,10
22.16,0.0285420950807791,-1,1,0.6,10
22.17,0.0287661718788338,-1,1,0.6,10
22.18,0.0289899897815356,-1,1,0.6,10
22.19,0.0292135467745251,-1,1,0.6,10
22.2,0.0294368408457907,-1,1,0.6,10
22.21,0.0296598699856876,-1,1,0.6,10
22.22,0.0298826321869546,-1,1,0.6,10
22.23,0.0301051254447338,-1,1,0.6,10
22.24,0.0303273477565872,-1,1,0.6,10
22.25,0.0305492971225154,-1,1,0.6,10
22.26,0.0307709715449758,-1,1,0.6,10
22.27,0.0309923690289,-1,1,0.6,10
22.28,0.0312134875817121,-1,1,0.6,10
22.29,0.0314343252133466,-1,1,0.6,10
22.3,0.0316548799362665,-1,1,0.6,10
22.31,0.0318751497654805,-1,1,0.6,10
22.32,0.0320951327185618,-1,1,0.6,10
22.33,0.0323148268156654,-1,1,0.6,10
22.34,0.0325342300795456,-1,1,0.6,10
22.35,0.0327533405355748,-1,1,0.6,10
22.36,0.0329721562117602,-1,1,0.6,10
22.37,0.0331906751387624,-1,1,0.6,10
22.38,0.0334088953499122,-1,1,0.6,10
22.39,0.0336268148812294,-1,1,0.6,10
22.4,0.0338444317714398,-1,1,0.6,10
22.41,0.0340617440619926,-1,1,0.6,10
22.42,0.0342787497970787,-1,1,0.6,10
22.43,0.0344954470236481,-1,1,0.6,10
22.44,0.0347118337914271,-1,1,0.6,10
22.45,0.0349279081529362,-1,1,0.6,10
22.46,0.0351436681635079,-1,1,0.6,10
22.47,0.0353591118813032,-1,1,0.6,10
22.48,0.0355742373673302,-1,1,0.6,10
22.49,0.0357890426854612,-1,1,0.6,10
22.5,0.0360035259024494,-1,1,0.6,10
22.51,0.0362176850879476,-1,1,0.6,10
22.52,0.0364315183145244,-1,1,0.6,10
22.53,0.0366450236576824,-1,1,0.6,10
22.54,0.0368581991958748,-1,1,0.6,10
22.55,0.0370710430105232,-1,1,0.6,10
22.56,0.0372835531860347,-1,1,0.6,10
22.57,0.0374957278098193,-1,1,0.6,10
22.58,0.0377075649723067,-1,1,0.6,10
22.59,0.0379190627669638,-1,1,0.6,10
22.6,0.038130219290312,-1,1,0.6,10
22.61,0.0383410326419438,-1,1,0.6,10
22.62,0.0385515009245409,-1,1,0.6,10
22.63,0.0387616222438897,-1,1,0.6,10
22.64,0.0389713947089,-1,1,0.6,10
22.65,0.0391808164316211,-1,1,0.6,10
22.66,0.0393898855272586,-1,1,0.6,10
22.67,0.0395986001141923,-1,1,0.6,10
22.68,0.0398069583139922,-1,1,0.6,10
22.69,0.0400149582514361,-1,1,0.6,10
22.7,0.0402225980545258,-1,1,0.6,10
22.71,0.0404298758545045,-1,1,0.6,10
22.72,0.0406367897858734,-1,1,0.6,10
22.73,0.0408433379864085,-1,1,0.6,10
22.74,0.0410495185971775,-1,1,0.6,10
22.75,0.0412553297625561,-1,1,0.6,10
22.76,0.0414607696302454,-1,1,0.6,10
22.77,0.0416658363512878,-1,1,0.6,10
22.78,0.0418705280800844,-1,1,0.6,10
22.79,0.0420748429744108,-1,1,0.6,10
22.8,0.0422787791954345,-1,1,0.6,10
22.81,0.0424823349077307,-1,1,0.6,10
22.82,0.0426855082792997,-1,1,0.6,10
22.83,0.0428882974815822,-1,1,0.6,10
22.84,0.0430907006894768,-1,1,0.6,10
22.85,0.0432927160813562,-1,1,0.6,10
22.86,0.0434943418390829,-1,1,0.6,10
22.87,0.0436955761480268,-1,1,0.6,10
22.88,0.0438964171970802,-1,1,0.6,10
22.89,0.0440968631786752,-1,1,0.6,10
22.9,0.0442969122887993,-1,1,0.6,10
22.91,0.0444965627270117,-1,1,0.6,10
22.92,0.04469581269646,-1,1,0.6,10
22.93,0.0448946604038956,-1,1,0.6,10
22.94,0.0450931040596907,-1,1,0.6,10
22.95,0.0452911418778536,-1,1,0.6,10
22.96,0.0454887720760453,-1,1,0.6,10
22.97,0.0456859928755954,-1,1,0.6,10
22.98,0.045882802501518,-1,1,0.6,10
22.99,0.0460791991825278,-1,1,0.6,10
23,0.046275181151056,-1,1,0.6,10
23.01,0.0464707466432662,-1,1,0.6,10
23.02,0.0466658938990702,-1,1,0.6,10
23.03,0.0468606211621442,-1,1,0.6,10
23.04,0.047054926679944,-1,1,0.6,10
23.05,0.0472488087037214,-1,1,0.6,10
23.06,0.0474422654885392,-1,1,0.6,10
23.07,0.047635295293288,-1,1,0.6,10
23.08,0.0478278963807007,-1,1,0.6,10
23.09,0.0480200670173687,-1,1,0.6,10
23.1,0.0482118054737578,-1,1,0.6,10
23.11,0.048403110024223,-1,1,0.6,10
23.12,0.0485939789470247,-1,1,0.6,10
23.13,0.0487844105243439,-1,1,0.6,10
23.14,0.0489744030422977,-1,1,0.6,10
23.15,0.0491639547909547,-1,1,0.6,10
23.16,0.0493530640643504,-1,1,0.6,10
23.17,0.0495417291605027,-1,1,0.6,10
23.18,0.0497299483814269,-1,1,0.6,10
23.19,0.0499177200331513,-1,1,0.6,10
23.2,0.0501050424257325,-1,1,0.6,10
23.21,0.05029191387327,-1,1,0.6,10
23.22,0.050478332693922,-1,1,0.6,10
23.23,0.0506642972099207,-1,1,0.6,10
23.24,0.0508498057475864,-1,1,0.6,10
23.25,0.0510348566373435,-1,1,0.6,10
23.26,0.0512194482137355,-1,1,0.6,10
23.27,0.0514035788154392,-1,1,0.6,10
23.28,0.0515872467852806,-1,1,0.6,10
23.29,0.0517704504702491,-1,1,0.6,10
23.3,0.0519531882215129,-1,1,0.6,10
23.31,0.0521354583944333,-1,1,0.6,10
23.32,0.0523172593485801,-1,1,0.6,10
23.33,0.052498589447746,-1,1,0.6,10
23.34,0.0526794470599611,-1,1,0.6,10
23.35,0.0528598305575083,-1,1,0.6,10
23.36,0.0530397383169372,-1,1,0.6,10
23.37,0.0532191687190794,-1,1,0.6,10
23.38,0.0533981201490622,-1,1,0.6,10
23.39,0.0535765909963243,-1,1,0.6,10
23.4,0.053754579654629,-1,1,0.6,10
23.41,0.0539320845220795,-1,1,0.6,10
23.42,0.0541091040011336,-1,1,0.6,10
23.43,0.0542856364986167,-1,1,0.6,10
23.44,0.0544616804257378,-1,1,0.6,10
23.45,0.0546372341981027,-1,1,0.6,10
23.46,0.0548122962357287,-1,1,0.6,10
23.47,0.0549868649630585,-1,1,0.6,10
23.48,0.0551609388089747,-1,1,0.6,10
23.49,0.0553345162068141,-1,1,0.6,10
23.5,0.0555075955943811,-1,1,0.6,10
23.51,0.0556801754139624,-1,1,0.6,10
23.52,0.0558522541123409,-1,1,0.6,10
23.53,0.0560238301408093,-1,1,0.6,10
23.54,0.0561949019551846,-1,1,0.6,10
23.55,0.0563654680158217,-1,1,0.6,10
23.56,0.056535526787627,-1,1,0.6,10
23.57,0.0567050767400729,-1,1,0.6,10
23.58,0.0568741163472109,-1,1,0.6,10
23.59,0.0570426440876856,-1,1,0.6,10
23.6,0.0572106584447486,-1,1,0.6,10
23.61,0.0573781579062718,-1,1,0.6,10
23.62,0.0575451409647611,-1,1,0.6,10
23.63,0.0577116061173702,-1,1,0.6,10
23.64,0.0578775518659137,-1,1,0.6,10
23.65,0.0580429767168812,-1,1,0.6,10
23.66,0.05820787918145,-1,1,0.6,10
23.67,0.0583722577754991,-1,1,0.6,10
23.68,0.0585361110196221,-1,1,0.6,10
23.69,0.0586994374391412,-1,1,0.6,10
23.7,0.0588622355641194,-1,1,0.6,10
23.71,0.059024503929375,-1,1,0.6,10
23.72,0.0591862410744936,-1,1,0.6,10
23.73,0.059347445543842,-1,1,0.6,10
23.74,0.0595081158865812,-1,1,0.6,10
23.75,0.059668250656679,-1,1,0.6,10
23.76,0.0598278484129237,-1,1,0.6,10
23.77,0.0599869077189364,-1,1,0.6,10
23.78,0.0601454271431847,-1,1,0.6,10
23.79,0.0603034052589946,-1,1,0.6,10
23.8,0.0604608406445643,-1,1,0.6,10
23.81,0.0606177318829763,-1,1,0.6,10
23.82,0.0607740775622105,-1,1,0.6,10
23.83,0.0609298762751568,-1,1,0.6,10
23.84,0.061085126619628,-1,1,0.6,10
23.85,0.0612398271983719,-1,1,0.6,10
23.86,0.0613939766190843,-1,1,0.6,10
23.87,0.0615475734944217,-1,1,0.6,10
23.88,0.061700616442013,-1,1,0.6,10
23.89,0.0618531040844728,-1,1,0.6,10
23.9,0.0620050350494134,-1,1,0.6,10
23.91,0.062156407969457,-1,1,0.6,10
23.92,0.0623072214822485,-1,1,0.6,10
23.93,0.0624574742304672,-1,1,0.6,10
23.94,0.0626071648618395,-1,1,0.6,10
23.95,0.0627562920291505,-1,1,0.6,10
23.96,0.0629048543902569,-1,1,0.6,10
23.97,0.0630528506080984,-1,1,0.6,10
23.98,0.0632002793507101,-1,1,0.6,10
23.99,0.0633471392912342,-1,1,0.6,10
24,0.0634934291079322,-1,1,0.6,10
24.01,0.0636391474841969,-1,1,0.6,10
24.02,0.0637842931085638,-1,1,0.6,10
24.03,0.0639288646747232,-1,1,0.6,10
24.04,0.0640728608815321,-1,1,0.6,10
24.05,0.0642162804330256,-1,1,0.6,10
24.06,0.0643591220384286,-1,1,0.6,10
24.07,0.0645013844121677,-1,1,0.6,10
24.08,0.0646430662738825,-1,1,0.6,10
24.09,0.0647841663484371,-1,1,0.6,10
24.1,0.0649246833659319,-1,1,0.6,10
24.11,0.0650646160617146,-1,1,0.6,10
24.12,0.065203963176392,-1,1,0.6,10
24.13,0.0653427234558409,-1,1,0.6,10
24.14,0.0654808956512198,-1,1,0.6,10
24.15,0.0656184785189798,-1,1,0.6,10
24.16,0.065755470820876,-1,1,0.6,10
24.17,0.0658918713239788,-1,1,0.6,10
24.18,0.0660276788006844,-1,1,0.6,10
24.19,0.0661628920287264,-1,1,0.6,10
24.2,0.0662975097911868,-1,1,0.6,10
24.21,0.0664315308765066,-1,1,0.6,10
24.22,0.0665649540784969,-1,1,0.6,10
24.23,0.0666977781963499,-1,1,0.6,10
24.24,0.0668300020346492,-1,1,0.6,10
24.25,0.0669616244033814,-1,1,0.6,10
24.26,0.0670926441179459,-1,1,0.6,10
24.27,0.0672230599991662,-1,1,0.6,10
24.28,0.0673528708733003,-1,1,0.6,10
24.29,0.0674820755720511,-1,1,0.6,10
24.3,0.0676106729325774,-1,1,0.6,10
24.31,0.0677386617975036,-1,1,0.6,10
24.32,0.0678660410149308,-1,1,0.6,10
24.33,0.0679928094384471,-1,1,0.6,10
24.34,0.0681189659271373,-1,1,0.6,10
24.35,0.0682445093455939,-1,1,0.6,10
24.36,0.0683694385639272,-1,1,0.6,10
24.37,0.0684937524577748,-1,1,0.6,10
24.38,0.0686174499083126,-1,1,0.6,10
24.39,0.0687405298022645,-1,1,0.6,10
24.4,0.0688629910319121,-1,1,0.6,10
24.41,0.0689848324951053,-1,1,0.6,10
24.42,0.0691060530952717,-1,1,0.6,10
24.43,0.0692266517414266,-1,1,0.6,10
24.44,0.0693466273481832,-1,1,0.6,10
24.45,0.0694659788357617,-1,1,0.6,10
24.46,0.0695847051299996,-1,1,0.6,10
24.47,0.069702805162361,-1,1,0.6,10
24.48,0.0698202778699464,-1,1,0.6,10
24.49,0.0699371221955024,-1,1,0.6,10
24.5,0.0700533370874306,-1,1,0.6,10
24.51,0.0701689214997979,-1,1,0.6,10
24.52,0.0702838743923453,-1,1,0.6,10
24.53,0.0703981947304977,-1,1,0.6,10
24.54,0.0705118814853726,-1,1,0.6,10
24.55,0.0706249336337901,-1,1,0.6,10
24.56,0.0707373501582817,-1,1,0.6,10
24.57,0.0708491300470993,-1,1,0.6,10
24.58,0.0709602722942247,-1,1,0.6,10
24.59,0.0710707758993784,-1,1,0.6,10
24.6,0.0711806398680288,-1,1,0.6,10
24.61,0.0712898632114008,-1,1,0.6,10
24.62,0.0713984449464851,-1,1,0.6,10
24.63,0.0715063840960469,-1,1,0.6,10
24.64,0.0716136796886344,-1,1,0.6,10
24.65,0.0717203307585882,-1,1,0.6,10
24.66,0.0718263363460492,-1,1,0.6,10
24.67,0.071931695496968,-1,1,0.6,10
24.68,0.0720364072631128,-1,1,0.6,10
24.69,0.0721404707020785,-1,1,0.6,10
24.7,0.0722438848772948,-1,1,0.6,10
24.71,0.0723466488580349,-1,1,0.6,10
24.72,0.0724487617194235,-1,1,0.6,10
24.73,0.0725502225424458,-1,1,0.6,10
24.74,0.0726510304139549,-1,1,0.6,10
24.75,0.0727511844266806,-1,1,0.6,10
24.76,0.0728506836792376,-1,1,0.6,10
24.77,0.0729495272761331,-1,1,0.6,10
24.78,0.0730477143277757,-1,1,0.6,10
24.79,0.0731452439504823,-1,1,0.6,10
24.8,0.0732421152664871,-1,1,0.6,10
24.81,0.073338327403949,-1,1,0.6,10
24.82,0.0734338794969592,-1,1,0.6,10
24.83,0.0735287706855496,-1,1,0.6,10
24.84,0.0736230001157002,-1,1,0.6,10
24.85,0.0737165669393466,-1,1,0.6,10
24.86,0.0738094703143882,-1,1,0.6,10
24.87,0.0739017094046952,-1,1,0.6,10
24.88,0.0739932833801164,-1,1,0.6,10
24.89,0.0740841914164866,-1,1,0.6,10
24.9,0.0741744326956342,-1,1,0.6,10
24.91,0.0742640064053881,-1,1,0.6,10
24.92,0.0743529117395857,-1,1,0.6,10
24.93,0.0744411478980795,-1,1,0.6,10
24.94,0.0745287140867447,-1,1,0.6,10
24.95,0.0746156095174862,-1,1,0.6,10
24.96,0.0747018334082457,-1,1,0.6,10
24.97,0.0747873849830088,-1,1,0.6,10
24.98,0.0748722634718118,-1,1,0.6,10
24.99,0.074956468110749,-1,1,0.6,10
25,0.0750399981419791,-1,1,0.6,10
25.01,0.0751228528137325,-1,1,0.6,10
25.02,0.0752050313803176,-1,1,0.6,10
25.03,0.0752865331021279,-1,1,0.6,10
25.04,0.0753673572456485,-1,1,0.6,10
25.05,0.0754475030834627,-1,1,0.6,10
25.06,0.0755269698942583,-1,1,0.6,10
25.07,0.0756057569628347,-1,1,0.6,10
25.08,0.0756838635801088,-1,1,0.6,10
25.09,0.0757612890431215,-1,1,0.6,10
25.1,0.0758380326550442,-1,1,0.6,10
25.11,0.0759140937251849,-1,1,0.6,10
25.12,0.0759894715689945,-1,1,0.6,10
25.13,0.076064165508073,-1,1,0.6,10
25.14,0.0761381748701753,-1,1,0.6,10
25.15,0.0762114989892176,-1,1,0.6,10
25.16,0.0762841372052836,-1,1,0.6,10
25.17,0.0763560888646295,-1,1,0.6,10
25.18,0.0764273533196911,-1,1,0.6,10
25.19,0.0764979299290888,-1,1,0.6,10
25.2,0.0765678180576334,-1,1,0.6,10
25.21,0.0766370170763323,-1,1,0.6,10
25.22,0.0767055263623948,-1,1,0.6,10
25.23,0.0767733452992379,-1,1,0.6,10
25.24,0.0768404732764914,-1,1,0.6,10
25.25,0.0769069096900042,-1,1,0.6,10
25.26,0.0769726539418489,-1,1,0.6,10
25.27,0.0770377054403276,-1,1,0.6,10
25.28,0.0771020635999774,-1,1,0.6,10
25.29,0.0771657278415752,-1,1,0.6,10
25.3,0.0772286975921433,-1,1,0.6,10
25.31,0.0772909722849544,-1,1,0.6,10
25.32,0.0773525513595367,-1,1,0.6,10
25.33,0.0774134342616788,-1,1,0.6,10
25.34,0.0774736204434351,-1,1,0.6,10
25.35,0.0775331093631304,-1,1,0.6,10
25.36,0.0775919004853648,-1,1,0.6,10
25.37,0.0776499932810185,-1,1,0.6,10
25.38,0.0777073872272568,-1,1,0.6,10
25.39,0.0777640818075346,-1,1,0.6,10
25.4,0.0778200765116011,-1,1,0.6,10
25.41,0.0778753708355042,-1,1,0.6,10
25.42,0.0779299642815955,-1,1,0.6,10
25.43,0.0779838563585343,-1,1,0.6,10
25.44,0.0780370465812922,-1,1,0.6,10
25.45,0.0780895344711577,-1,1,0.6,10
25.46,0.07814131955574,-1,1,0.6,10
25.47,0.0781924013689737,-1,1,0.6,10
25.48,0.078242779451123,-1,1,0.6,10
25.49,0.0782924533487853,-1,1,0.6,10
25.5,0.078341422614896,-1,1,0.6,10
25.51,0.0783896868087319,-1,1,0.6,10
25.52,0.0784372454959157,-1,1,0.6,10
25.53,0.0784840982484195,-1,1,0.6,10
25.54,0.0785302446445688,-1,1,0.6,10
25.55,0.0785756842690464,-1,1,0.6,10
25.56,0.0786204167128959,-1,1,0.6,10
25.57,0.0786644415735257,-1,1,0.6,10
25.58,0.0787077584547124,-1,1,0.6,10
25.59,0.0787503669666042,-1,1,0.6,10
25.6,0.0787922667257249,-1,1,0.6,10
25.61,0.0788334573549769,-1,1,0.6,10
25.62,0.0788739384836448,-1,1,0.6,10
25.63,0.0789137097473988,-1,1,0.6,10
25.64,0.0789527707882977,-1,1,0.6,10
25.65,0.0789911212547925,-1,1,0.6,10
25.66,0.0790287608017291,-1,1,0.6,10
25.67,0.079065689090352,-1,1,0.6,10
25.68,0.0791019057883068,-1,1,0.6,10
25.69,0.0791374105696434,-1,1,0.6,10
25.7,0.079172203114819,-1,1,0.6,10
25.71,0.0792062831107011,-1,1,0.6,10
25.72,0.0792396502505698,-1,1,0.6,10
25.73,0.0792723042341211,-1,1,0.6,10
25.74,0.0793042447674693,-1,1,0.6,10
25.75,0.07933547156315,-1,1,0.6,10
25.76,0.0793659843401221,-1,1,0.6,10
25.77,0.0793957828237709,-1,1,0.6,10
25.78,0.0794248667459102,-1,1,0.6,10
25.79,0.0794532358447849,-1,1,0.6,10
25.8,0.0794808898650733,-1,1,0.6,10
25.81,0.0795078285578894,-1,1,0.6,10
25.82,0.0795340516807851,-1,1,0.6,10
25.83,0.0795595589977526,-1,1,0.6,10
25.84,0.0795843502792262,-1,1,0.6,10
25.85,0.0796084253020844,-1,1,0.6,10
25.86,0.0796317838496522,-1,1,0.6,10
25.87,0.079654425711703,-1,1,0.6,10
25.88,0.0796763506844599,-1,1,0.6,10
25.89,0.0796975585705986,-1,1,0.6,10
25.9,0.0797180491792481,-1,1,0.6,10
25.91,0.079737822325993,-1,1,0.6,10
25.92,0.0797568778328752,-1,1,0.6,10
25.93,0.0797752155283954,-1,1,0.6,10
25.94,0.0797928352475142,-1,1,0.6,10
25.95,0.0798097368316544,-1,1,0.6,10
25.96,0.0798259201287018,-1,1,0.6,10
25.97,0.0798413849930069,-1,1,0.6,10
25.98,0.079856131285386,-1,1,0.6,10
25.99,0.0798701588731226,-1,1,0.6,10
26,0.0798834676299684,-1,1,0.6,10
26.01,0.0798960574361448,-1,1,0.6,10
26.02,0.0799079281783435,-1,1,0.6,10
26.03,0.079919079749728,-1,1,0.6,10
26.04,0.0799295120499342,-1,1,0.6,10
26.05,0.0799392249850715,-1,1,0.6,10
26.06,0.0799482184677235,-1,1,0.6,10
26.07,0.079956492416949,-1,1,0.6,10
26.08,0.0799640467582824,-1,1,0.6,10
26.09,0.0799708814237347,-1,1,0.6,10
26.1,0.0799769963517941,-1,1,0.6,10
26.11,0.0799823914874261,-1,1,0.6,10
26.12,0.0799870667820746,-1,1,0.6,10
26.13,0.079991022193662,-1,1,0.6,10
26.14,0.0799942576865895,-1,1,0.6,10
26.15,0.0799967732317379,-1,1,0.6,10
26.16,0.0799985688064672,-1,1,0.6,10
26.17,0.0799996443946171,-1,1,0.6,10
26.18,0.0799999999865076,-1,1,0.6,10
26.19,0.0799996355789381,-1,1,0.6,10
26.2,0.0799985511751884,-1,1,0.6,10
26.21,0.0799967467850182,-1,1,0.6,10
26.22,0.0799942224246669,-1,1,0.6,10
26.23,0.0799909781168537,-1,1,0.6,10
26.24,0.0799870138907774,-1,1,0.6,10
26.25,0.0799823297821159,-1,1,0.6,10
26.26,0.0799769258330264,-1,1,0.6,10
26.27,0.0799708020921441,-1,1,0.6,10
26.28,0.0799639586145829,-1,1,0.6,10
26.29,0.0799563954619339,-1,1,0.6,10
26.3,0.0799481127022654,-1,1,0.6,10
26.31,0.0799391104101222,-1,1,0.6,10
26.32,0.079929388666525,-1,1,0.6,10
26.33,0.0799189475589692,-1,1,0.6,10
26.34,0.0799077871814249,-1,1,0.6,10
26.35,0.0798959076343354,-1,1,0.6,10
26.36,0.0798833090246164,-1,1,0.6,10
26.37,0.0798699914656554,-1,1,0.6,10
26.38,0.0798559550773103,-1,1,0.6,10
26.39,0.0798411999859086,-1,1,0.6,10
26.4,0.0798257263242459,-1,1,0.6,10
26.41,0.0798095342315852,-1,1,0.6,10
26.42,0.0797926238536551,-1,1,0.6,10
26.43,0.0797749953426488,-1,1,0.6,10
26.44,0.079756648857223,-1,1,0.6,10
26.45,0.0797375845624959,-1,1,0.6,10
26.46,0.0797178026300458,-1,1,0.6,10
26.47,0.0796973032379103,-1,1,0.6,10
26.48,0.0796760865705835,-1,1,0.6,10
26.49,0.0796541528190154,-1,1,0.6,10
26.5,0.0796315021806096,-1,1,0.6,10
26.51,0.0796081348592217,-1,1,0.6,10
26.52,0.0795840510651574,-1,1,0.6,10
26.53,0.0795592510151707,-1,1,0.6,10
26.54,0.0795337349324619,-1,1,0.6,10
26.55,0.0795075030466756,-1,1,0.6,10
26.56,0.0794805555938985,-1,1,0.6,10
26.57,0.0794528928166576,-1,1,0.6,10
26.58,0.0794245149639176,-1,1,0.6,10
26.59,0.0793954222910791,-1,1,0.6,10
26.6,0.0793656150599758,-1,1,0.6,10
26.61,0.0793350935388728,-1,1,0.6,10
26.62,0.0793038580024634,-1,1,0.6,10
26.63,0.0792719087318673,-1,1,0.6,10
26.64,0.0792392460146277,-1,1,0.6,10
26.65,0.0792058701447088,-1,1,0.6,10
26.66,0.0791717814224932,-1,1,0.6,10
26.67,0.0791369801547793,-1,1,0.6,10
26.68,0.0791014666547781,-1,1,0.6,10
26.69,0.079065241242111,-1,1,0.6,10
26.7,0.0790283042428064,-1,1,0.6,10
26.71,0.0789906559892971,-1,1,0.6,10
26.72,0.078952296820417,-1,1,0.6,10
26.73,0.0789132270813985,-1,1,0.6,10
26.74,0.0788734471238689,-1,1,0.6,10
26.75,0.0788329573058476,-1,1,0.6,10
26.76,0.0787917579917426,-1,1,0.6,10
26.77,0.0787498495523476,-1,1,0.6,10
26.78,0.0787072323648382,-1,1,0.6,10
26.79,0.0786639068127687,-1,1,0.6,10
26.8,0.078619873286069,-1,1,0.6,10
26.81,0.0785751321810403,-1,1,0.6,10
26.82,0.0785296839003524,-1,1,0.6,10
26.83,0.0784835288530394,-1,1,0.6,10
26.84,0.0784366674544966,-1,1,0.6,10
26.85,0.0783891001264761,-1,1,0.6,10
26.86,0.0783408272970836,-1,1,0.6,10
26.87,0.0782918494007742,-1,1,0.6,10
26.88,0.0782421668783487,-1,1,0.6,10
26.89,0.0781917801769494,-1,1,0.6,10
26.9,0.0781406897500563,-1,1,0.6,10
26.91,0.0780888960574829,-1,1,0.6,10
26.92,0.0780363995653721,-1,1,0.6,10
26.93,0.077983200746192,-1,1,0.6,10
26.94,0.0779293000787314,-1,1,0.6,10
26.95,0.0778746980480963,-1,1,0.6,10
26.96,0.0778193951457044,-1,1,0.6,10
26.97,0.0777633918692814,-1,1,0.6,10
26.98,0.0777066887228565,-1,1,0.6,10
26.99,0.0776492862167576,-1,1,0.6,10
27,0.0775911848676069,-1,1,0.6,10
27.01,0.0775323851983161,-1,1,0.6,10
27.02,0.0774728877380819,-1,1,0.6,10
27.03,0.077412693022381,-1,1,0.6,10
27.04,0.0773518015929654,-1,1,0.6,10
27.05,0.0772902139978576,-1,1,0.6,10
27.06,0.0772279307913456,-1,1,0.6,10
27.07,0.0771649525339777,-1,1,0.6,10
27.08,0.0771012797925578,-1,1,0.6,10
27.09,0.0770369131401403,-1,1,0.6,10
27.1,0.0769718531560245,-1,1,0.6,10
27.11,0.0769061004257499,-1,1,0.6,10
27.12,0.0768396555410905,-1,1,0.6,10
27.13,0.07677251910005,-1,1,0.6,10
27.14,0.0767046917068557,-1,1,0.6,10
27.15,0.0766361739719539,-1,1,0.6,10
27.16,0.0765669665120036,-1,1,0.6,10
27.17,0.0764970699498715,-1,1,0.6,10
27.18,0.0764264849146262,-1,1,0.6,10
27.19,0.0763552120415325,-1,1,0.6,10
27.2,0.0762832519720459,-1,1,0.6,10
27.21,0.0762106053538065,-1,1,0.6,10
27.22,0.0761372728406333,-1,1,0.6,10
27.23,0.0760632550925184,-1,1,0.6,10
27.24,0.0759885527756212,-1,1,0.6,10
27.25,0.0759131665622619,-1,1,0.6,10
27.26,0.0758370971309159,-1,1,0.6,10
27.27,0.0757603451662077,-1,1,0.6,10
27.28,0.0756829113589043,-1,1,0.6,10
27.29,0.0756047964059096,-1,1,0.6,10
27.3,0.0755260010102576,-1,1,0.6,10
27.31,0.0754465258811062,-1,1,0.6,10
27.32,0.0753663717337312,-1,1,0.6,10
27.33,0.0752855392895194,-1,1,0.6,10
27.34,0.075204029275962,-1,1,0.6,10
27.35,0.0751218424266489,-1,1,0.6,10
27.36,0.0750389794812609,-1,1,0.6,10
27.37,0.0749554411855642,-1,1,0.6,10
27.38,0.0748712282914027,-1,1,0.6,10
27.39,0.074786341556692,-1,1,0.6,10
27.4,0.0747007817454121,-1,1,0.6,10
27.41,0.0746145496276007,-1,1,0.6,10
27.42,0.0745276459793463,-1,1,0.6,10
27.43,0.0744400715827812,-1,1,0.6,10
27.44,0.0743518272260742,-1,1,0.6,10
27.45,0.0742629137034242,-1,1,0.6,10
27.46,0.074173331815052,-1,1,0.6,10
27.47,0.0740830823671942,-1,1,0.6,10
27.48,0.0739921661720951,-1,1,0.6,10
27.49,0.073900584048,-1,1,0.6,10
27.5,0.0738083368191472,-1,1,0.6,10
27.51,0.0737154253157613,-1,1,0.6,10
27.52,0.0736218503740451,-1,1,0.6,10
27.53,0.0735276128361725,-1,1,0.6,10
27.54,0.0734327135502807,-1,1,0.6,10
27.55,0.0733371533704626,-1,1,0.6,10
27.56,0.0732409331567592,-1,1,0.6,10
27.57,0.0731440537751518,-1,1,0.6,10
27.58,0.073046516097554,-1,1,0.6,10
27.59,0.0729483210018046,-1,1,0.6,10
27.6,0.0728494693716584,-1,1,0.6,10
27.61,0.0727499620967797,-1,1,0.6,10
27.62,0.0726498000727331,-1,1,0.6,10
27.63,0.0725489842009763,-1,1,0.6,10
27.64,0.0724475153888514,-1,1,0.6,10
27.65,0.072345394549577,-1,1,0.6,10
27.66,0.07224262260224,-1,1,0.6,10
27.67,0.0721392004717872,-1,1,0.6,10
27.68,0.0720351290890171,-1,1,0.6,10
27.69,0.0719304093905714,-1,1,0.6,10
27.7,0.0718250423189268,-1,1,0.6,10
27.71,0.0717190288223861,-1,1,0.6,10
27.72,0.0716123698550701,-1,1,0.6,10
27.73,0.0715050663769088,-1,1,0.6,10
27.74,0.0713971193536327,-1,1,0.6,10
27.75,0.0712885297567644,-1,1,0.6,10
27.76,0.0711792985636095,-1,1,0.6,10
27.77,0.071069426757248,-1,1,0.6,10
27.78,0.0709589153265254,-1,1,0.6,10
27.79,0.0708477652660438,-1,1,0.6,10
27.8,0.070735977576153,-1,1,0.6,10
27.81,0.0706235532629415,-1,1,0.6,10
27.82,0.0705104933382274,-1,1,0.6,10
27.83,0.0703967988195492,-1,1,0.6,10
27.84,0.0702824707301567,-1,1,0.6,10
27.85,0.0701675100990021,-1,1,0.6,10
27.86,0.0700519179607303,-1,1,0.6,10
27.87,0.0699356953556696,-1,1,0.6,10
27.88,0.0698188433298229,-1,1,0.6,10
27.89,0.0697013629348574,-1,1,0.6,10
27.9,0.0695832552280959,-1,1,0.6,10
27.91,0.0694645212725072,-1,1,0.6,10
27.92,0.0693451621366959,-1,1,0.6,10
27.93,0.0692251788948934,-1,1,0.6,10
27.94,0.0691045726269481,-1,1,0.6,10
27.95,0.0689833444183156,-1,1,0.6,10
27.96,0.068861495360049,-1,1,0.6,10
27.97,0.068739026548789,-1,1,0.6,10
27.98,0.068615939086754,-1,1,0.6,10
27.99,0.0684922340817305,-1,1,0.6,10
28,0.0683679126470624,-1,1,0.6,10
28.01,0.0682429759016421,-1,1,0.6,10
28.02,0.0681174249698994,-1,1,0.6,10
28.03,0.0679912609817915,-1,1,0.6,10
28.04,0.0678644850727939,-1,1,0.6,10
28.05,0.0677370983838887,-1,1,0.6,10
28.06,0.0676091020615552,-1,1,0.6,10
28.07,0.0674804972577596,-1,1,0.6,10
28.08,0.0673512851299441,-1,1,0.6,10
28.09,0.0672214668410171,-1,1,0.6,10
28.1,0.0670910435593423,-1,1,0.6,10
28.11,0.0669600164587282,-1,1,0.6,10
28.12,0.0668283867184181,-1,1,0.6,10
28.13,0.0666961555230785,-1,1,0.6,10
28.14,0.0665633240627895,-1,1,0.6,10
28.15,0.0664298935330332,-1,1,0.6,10
28.16,0.0662958651346835,-1,1,0.6,10
28.17,0.0661612400739951,-1,1,0.6,10
28.18,0.0660260195625926,-1,1,0.6,10
28.19,0.0658902048174597,-1,1,0.6,10
28.2,0.0657537970609283,-1,1,0.6,10
28.21,0.0656167975206671,-1,1,0.6,10
28.22,0.0654792074296711,-1,1,0.6,10
28.23,0.0653410280262502,-1,1,0.6,10
28.24,0.0652022605540182,-1,1,0.6,10
28.25,0.0650629062618813,-1,1,0.6,10
28.26,0.0649229664040272,-1,1,0.6,10
28.27,0.0647824422399137,-1,1,0.6,10
28.28,0.0646413350342573,-1,1,0.6,10
28.29,0.064499646057022,-1,1,0.6,10
28.3,0.0643573765834075,-1,1,0.6,10
28.31,0.0642145278938382,-1,1,0.6,10
28.32,0.0640711012739512,-1,1,0.6,10
28.33,0.0639270980145853,-1,1,0.6,10
28.34,0.0637825194117689,-1,1,0.6,10
28.35,0.0636373667667081,-1,1,0.6,10
28.36,0.0634916413857761,-1,1,0.6,10
28.37,0.0633453445805001,-1,1,0.6,10
28.38,0.0631984776675505,-1,1,0.6,10
28.39,0.0630510419687285,-1,1,0.6,10
28.4,0.0629030388109543,-1,1,0.6,10
28.41,0.0627544695262555,-1,1,0.6,10
28.42,0.0626053354517545,-1,1,0.6,10
28.43,0.062455637929657,-1,1,0.6,10
28.44,0.0623053783072397,-1,1,0.6,10
28.45,0.0621545579368383,-1,1,0.6,10
28.46,0.0620031781758349,-1,1,0.6,10
28.47,0.0618512403866466,-1,1,0.6,10
28.48,0.0616987459367121,-1,1,0.6,10
28.49,0.0615456961984807,-1,1,0.6,10
28.5,0.0613920925493991,-1,1,0.6,10
28.51,0.0612379363718987,-1,1,0.6,10
28.52,0.0610832290533845,-1,1,0.6,10
28.53,0.0609279719862211,-1,1,0.6,10
28.54,0.0607721665677211,-1,1,0.6,10
28.55,0.0606158142001321,-1,1,0.6,10
28.56,0.0604589162906245,-1,1,0.6,10
28.57,0.0603014742512784,-1,1,0.6,10
28.58,0.0601434894990711,-1,1,0.6,10
28.59,0.0599849634558642,-1,1,0.6,10
28.6,0.0598258975483912,-1,1,0.6,10
28.61,0.059666293208244,-1,1,0.6,10
28.62,0.0595061518718607,-1,1,0.6,10
28.63,0.0593454749805123,-1,1,0.6,10
28.64,0.0591842639802895,-1,1,0.6,10
28.65,0.0590225203220905,-1,1,0.6,10
28.66,0.058860245461607,-1,1,0.6,10
28.67,0.0586974408593115,-1,1,0.6,10
28.68,0.0585341079804447,-1,1,0.6,10
28.69,0.0583702482950011,-1,1,0.6,10
28.7,0.0582058632777168,-1,1,0.6,10
28.71,0.0580409544080559,-1,1,0.6,10
28.72,0.0578755231701971,-1,1,0.6,10
28.73,0.0577095710530204,-1,1,0.6,10
28.74,0.0575430995500938,-1,1,0.6,10
28.75,0.0573761101596596,-1,1,0.6,10
28.76,0.0572086043846214,-1,1,0.6,10
28.77,0.0570405837325298,-1,1,0.6,10
28.78,0.0568720497155696,-1,1,0.6,10
28.79,0.056703003850546,-1,1,0.6,10
28.8,0.0565334476588702,-1,1,0.6,10
28.81,0.0563633826665473,-1,1,0.6,10
28.82,0.0561928104041609,-1,1,0.6,10
28.83,0.0560217324068599,-1,1,0.6,10
28.84,0.0558501502143457,-1,1,0.6,10
28.85,0.0556780653708564,-1,1,0.6,10
28.86,0.0555054794251546,-1,1,0.6,10
28.87,0.0553323939305126,-1,1,0.6,10
28.88,0.0551588104446987,-1,1,0.6,10
28.89,0.0549847305299632,-1,1,0.6,10
28.9,0.0548101557530241,-1,1,0.6,10
28.91,0.0546350876850531,-1,1,0.6,10
28.92,0.0544595279016617,-1,1,0.6,10
28.93,0.0542834779828869,-1,1,0.6,10
28.94,0.0541069395131766,-1,1,0.6,10
28.95,0.053929914081376,-1,1,0.6,10
28.96,0.0537524032807125,-1,1,0.6,10
28.97,0.0535744087087825,-1,1,0.6,10
28.98,0.0533959319675357,-1,1,0.6,10
28.99,0.0532169746632614,-1,1,0.6,10
29,0.0530375384065747,-1,1,0.6,10
29.01,0.0528576248124001,-1,1,0.6,10
29.02,0.0526772354999591,-1,1,0.6,10
29.03,0.0524963720927541,-1,1,0.6,10
29.04,0.0523150362185546,-1,1,0.6,10
29.05,0.0521332295093823,-1,1,0.6,10
29.06,0.0519509536014963,-1,1,0.6,10
29.07,0.0517682101353785,-1,1,0.6,10
29.08,0.051585000755719,-1,1,0.6,10
29.09,0.0514013271114009,-1,1,0.6,10
29.1,0.0512171908554857,-1,1,0.6,10
29.11,0.0510325936451987,-1,1,0.6,10
29.12,0.050847537141913,-1,1,0.6,10
29.13,0.0506620230111366,-1,1,0.6,10
29.14,0.0504760529224949,-1,1,0.6,10
29.15,0.0502896285497175,-1,1,0.6,10
29.16,0.0501027515706229,-1,1,0.6,10
29.17,0.0499154236671022,-1,1,0.6,10
29.18,0.0497276465251054,-1,1,0.6,10
29.19,0.0495394218346255,-1,1,0.6,10
29.2,0.0493507512896836,-1,1,0.6,10
29.21,0.0491616365883131,-1,1,0.6,10
29.22,0.0489720794325452,-1,1,0.6,10
29.23,0.048782081528393,-1,1,0.6,10
29.24,0.0485916445858363,-1,1,0.6,10
29.25,0.0484007703188063,-1,1,0.6,10
29.26,0.0482094604451701,-1,1,0.6,10
29.27,0.0480177166867154,-1,1,0.6,10
29.28,0.0478255407691345,-1,1,0.6,10
29.29,0.0476329344220097,-1,1,0.6,10
29.3,0.0474398993787965,-1,1,0.6,10
29.31,0.047246437376809,-1,1,0.6,10
29.32,0.0470525501572043,-1,1,0.6,10
29.33,0.0468582394649656,-1,1,0.6,10
29.34,0.046663507048888,-1,1,0.6,10
29.35,0.046468354661562,-1,1,0.6,10
29.36,0.0462727840593577,-1,1,0.6,10
29.37,0.0460767970024092,-1,1,0.6,10
29.38,0.0458803952545987,-1,1,0.6,10
29.39,0.0456835805835406,-1,1,0.6,10
29.4,0.0454863547605656,-1,1,0.6,10
29.41,0.0452887195607048,-1,1,0.6,10
29.42,0.0450906767626736,-1,1,0.6,10
29.43,0.0448922281488561,-1,1,0.6,10
29.44,0.044693375505288,-1,1,0.6,10
29.45,0.0444941206216422,-1,1,0.6,10
29.46,0.0442944652912111,-1,1,0.6,10
29.47,0.0440944113108914,-1,1,0.6,10
29.48,0.0438939604811675,-1,1,0.6,10
29.49,0.0436931146060955,-1,1,0.6,10
29.5,0.0434918754932871,-1,1,0.6,10
29.51,0.0432902449538927,-1,1,0.6,10
29.52,0.043088224802586,-1,1,0.6,10
29.53,0.0428858168575469,-1,1,0.6,10
29.54,0.0426830229404456,-1,1,0.6,10
29.55,0.0424798448764259,-1,1,0.6,10
29.56,0.0422762844940891,-1,1,0.6,10
29.57,0.0420723436254771,-1,1,0.6,10
29.58,0.0418680241060566,-1,1,0.6,10
29.59,0.0416633277747018,-1,1,0.6,10
29.6,0.041458256473678,-1,1,0.6,10
29.61,0.0412528120486261,-1,1,0.6,10
29.62,0.041046996348544,-1,1,0.6,10
29.63,0.0408408112257719,-1,1,0.6,10
29.64,0.0406342585359744,-1,1,0.6,10
29.65,0.0404273401381244,-1,1,0.6,10
29.66,0.040220057894486,-1,1,0.6,10
29.67,0.0400124136705981,-1,1,0.6,10
29.68,0.0398044093352572,-1,1,0.6,10
29.69,0.0395960467605009,-1,1,0.6,10
29.7,0.0393873278215911,-1,1,0.6,10
29.71,0.0391782543969968,-1,1,0.6,10
29.72,0.0389688283683775,-1,1,0.6,10
29.73,0.0387590516205656,-1,1,0.6,10
29.74,0.0385489260415509,-1,1,0.6,10
29.75,0.0383384535224622,-1,1,0.6,10
29.76,0.0381276359575503,-1,1,0.6,10
29.77,0.0379164752441724,-1,1,0.6,10
29.78,0.0377049732827731,-1,1,0.6,10
29.79,0.0374931319768687,-1,1,0.6,10
29.8,0.0372809532330297,-1,1,0.6,10
29.81,0.0370684389608632,-1,1,0.6,10
29.82,0.0368555910729963,-1,1,0.6,10
29.83,0.0366424114850584,-1,1,0.6,10
29.84,0.0364289021156646,-1,1,0.6,10
29.85,0.0362150648863976,-1,1,0.6,10
29.86,0.0360009017217911,-1,1,0.6,10
29.87,0.0357864145493121,-1,1,0.6,10
29.88,0.0355716052993438,-1,1,0.6,10
29.89,0.0353564759051677,-1,1,0.6,10
29.9,0.0351410283029472,-1,1,0.6,10
29.91,0.0349252644317094,-1,1,0.6,10
29.92,0.0347091862333271,-1,1,0.6,10
29.93,0.0344927956525033,-1,1,0.6,10
29.94,0.0342760946367513,-1,1,0.6,10
29.95,0.034059085136379,-1,1,0.6,10
29.96,0.0338417691044703,-1,1,0.6,10
29.97,0.0336241484968681,-1,1,0.6,10
29.98,0.0334062252721564,-1,1,0.6,10
29.99,0.0331880013916427,-1,1,0.6,10
30,0.0329694788193405,-1,1,0.6,10
30.01,0.0327506595219515,-1,1,0.6,10
30.02,0.0325315454688479,-1,1,0.6,10
30.03,0.0323121386320546,-1,1,0.6,10
30.04,0.0320924409862319,-1,1,0.6,10
30.05,0.0318724545086567,-1,1,0.6,10
30.06,0.0316521811792062,-1,1,0.6,10
30.07,0.0314316229803388,-1,1,0.6,10
30.08,0.0312107818970765,-1,1,0.6,10
30.09,0.0309896599169881,-1,1,0.6,10
30.1,0.0307682590301695,-1,1,0.6,10
30.11,0.0305465812292272,-1,1,0.6,10
30.12,0.0303246285092602,-1,1,0.6,10
30.13,0.0301024028678412,-1,1,0.6,10
30.14,0.0298799063049996,-1,1,0.6,10
30.15,0.0296571408232029,-1,1,0.6,10
30.16,0.029434108427339,-1,1,0.6,10
30.17,0.029210811124698,-1,1,0.6,10
30.18,0.028987250924954,-1,1,0.6,10
30.19,0.0287634298401473,-1,1,0.6,10
30.2,0.0285393498846664,-1,1,0.6,10
30.21,0.0283150130752289,-1,1,0.6,10
30.22,0.0280904214308651,-1,1,0.6,10
30.23,0.0278655769728979,-1,1,0.6,10
30.24,0.0276404817249259,-1,1,0.6,10
30.25,0.0274151377128052,-1,1,0.6,10
30.26,0.02718954696463,-1,1,0.6,10
30.27,0.0269637115107157,-1,1,0.6,10
30.28,0.0267376333835798,-1,1,0.6,10
30.29,0.0265113146179239,-1,1,0.6,10
30.3,0.0262847572506154,-1,1,0.6,10
30.31,0.026057963320669,-1,1,0.6,10
30.32,0.0258309348692287,-1,1,0.6,10
30.33,0.0256036739395489,-1,1,0.6,10
30.34,0.0253761825769765,-1,1,0.6,10
30.35,0.0251484628289321,-1,1,0.6,10
30.36,0.0249205167448922,-1,1,0.6,10
30.37,0.0246923463763696,-1,1,0.6,10
30.38,0.0244639537768964,-1,1,0.6,10
30.39,0.0242353410020043,-1,1,0.6,10
30.4,0.0240065101092067,-1,1,0.6,10
30.41,0.0237774631579803,-1,1,0.6,10
30.42,0.0235482022097459,-1,1,0.6,10
30.43,0.0233187293278506,-1,1,0.6,10
30.44,0.0230890465775487,-1,1,0.6,10
30.45,0.0228591560259835,-1,1,0.6,10
30.46,0.0226290597421683,-1,1,0.6,10
30.47,0.0223987597969682,-1,1,0.6,10
30.48,0.0221682582630811,-1,1,0.6,10
30.49,0.0219375572150193,-1,1,0.6,10
30.5,0.0217066587290906,-1,1,0.6,10
30.51,0.0214755648833799,-1,1,0.6,10
30.52,0.0212442777577303,-1,1,0.6,10
30.53,0.0210127994337241,-1,1,0.6,10
30.54,0.020781131994665,-1,1,0.6,10
30.55,0.0205492775255581,-1,1,0.6,10
30.56,0.0203172381130921,-1,1,0.6,10
30.57,0.0200850158456205,-1,1,0.6,10
30.58,0.0198526128131417,-1,1,0.6,10
30.59,0.0196200311072816,-1,1,0.6,10
30.6,0.0193872728212739,-1,1,0.6,10
30.61,0.0191543400499417,-1,1,0.6,10
30.62,0.0189212348896784,-1,1,0.6,10
30.63,0.0186879594384288,-1,1,0.6,10
30.64,0.0184545157956703,-1,1,0.6,10
30.65,0.0182209060623943,-1,1,0.6,10
30.66,0.0179871323410867,-1,1,0.6,10
30.67,0.0177531967357095,-1,1,0.6,10
30.68,0.0175191013516816,-1,1,0.6,10
30.69,0.0172848482958595,-1,1,0.6,10
30.7,0.0170504396765197,-1,1,0.6,10
30.71,0.0168158776033378,-1,1,0.6,10
30.72,0.0165811641873709,-1,1,0.6,10
30.73,0.0163463015410383,-1,1,0.6,10
30.74,0.0161112917781021,-1,1,0.6,10
30.75,0.0158761370136487,-1,1,0.6,10
30.76,0.0156408393640694,-1,1,0.6,10
30.77,0.0154054009470413,-1,1,0.6,10
30.78,0.0151698238815087,-1,1,0.6,10
30.79,0.0149341102876636,-1,1,0.6,10
30.8,0.0146982622869266,-1,1,0.6,10
30.81,0.0144622820019283,-1,1,0.6,10
30.82,0.0142261715564897,-1,1,0.6,10
30.83,0.013989933075603,-1,1,0.6,10
30.84,0.0137535686854132,-1,1,0.6,10
30.85,0.0135170805131978,-1,1,0.6,10
30.86,0.0132804706873493,-1,1,0.6,10
30.87,0.0130437413373542,-1,1,0.6,10
30.88,0.012806894593775,-1,1,0.6,10
30.89,0.0125699325882309,-1,1,0.6,10
30.9,0.0123328574533784,-1,1,0.6,10
30.91,0.0120956713228921,-1,1,0.6,10
30.92,0.0118583763314455,-1,1,0.6,10
30.93,0.0116209746146919,-1,1,0.6,10
30.94,0.0113834683092453,-1,1,0.6,10
30.95,0.0111458595526607,-1,1,0.6,10
30.96,0.0109081504834154,-1,1,0.6,10
30.97,0.0106703432408894,-1,1,0.6,10
30.98,0.0104324399653462,-1,1,0.6,10
30.99,0.0101944427979138,-1,1,0.6,10
31,0.00995635388056508,-1,1,0.6,10
31.01,0.0097181753560984,-1,1,0.6,10
31.02,0.0094799093681194,-1,1,0.6,10
31.03,0.00924155806101993,-1,1,0.6,10
31.04,0.00900312357996029,-1,1,0.6,10
31.05,0.00876460807084921,-1,1,0.6,10
31.06,0.00852601368032464,-1,1,0.6,10
31.07,0.00828734255573451,-1,1,0.6,10
31.08,0.00804859684511731,-1,1,0.6,10
31.09,0.00780977869718284,-1,1,0.6,10
31.1,0.0075708902612928,-1,1,0.6,10
31.11,0.00733193368744152,-1,1,0.6,10
31.12,0.00709291112623655,-1,1,0.6,10
31.13,0.00685382472887945,-1,1,0.6,10
31.14,0.00661467664714578,-1,1,0.6,10
31.15,0.00637546903336707,-1,1,0.6,10
31.16,0.00613620404041023,-1,1,0.6,10
31.17,0.00589688382165817,-1,1,0.6,10
31.18,0.00565751053099181,-1,1,0.6,10
31.19,0.0054180863227687,-1,1,0.6,10
31.2,0.00517861335180527,-1,1,0.6,10
31.21,0.00493909377335663,-1,1,0.6,10
31.22,0.00469952974309736,-1,1,0.6,10
31.23,0.00445992341710213,-1,1,0.6,10
31.24,0.00422027695182625,-1,1,0.6,10
31.25,0.00398059250408629,-1,1,0.6,10
31.26,0.00374087223104066,-1,1,0.6,10
31.27,0.0035011182901702,-1,1,0.6,10
31.28,0.00326133283925877,-1,1,0.6,10
31.29,0.00302151803637394,-1,1,0.6,10
31.3,0.00278167603984689,-1,1,0.6,10
31.31,0.0025418090082544,-1,1,0.6,10
31.32,0.00230191910039813,-1,1,0.6,10
31.33,0.00206200847528522,-1,1,0.6,10
31.34,0.00182207929211023,-1,1,0.6,10
31.35,0.00158213371023377,-1,1,0.6,10
31.36,0.00134217388916459,-1,1,0.6,10
31.37,0.00110220198853948,-1,1,0.6,10
31.38,0.000862220168103903,-1,1,0.6,10
31.39,0.000622230587692637,-1,1,0.6,10
31.4,0.000382235407210281,-1,1,0.6,10
31.41,0.00014223678661184,-1,1,0.6,10
31.42,-9.77631141167197e-05,-1,1,0.6,10
31.43,-0.000337762134977913,-1,1,0.6,10
31.44,-0.000577758115982171,-1,1,0.6,10
31.45,-0.000817748897167143,-1,1,0.6,10
31.46,-0.00105773231861784,-1,1,0.6,10
31.47,-0.00129770622048468,-1,1,0.6,10
31.48,-0.00153766844300414,-1,1,0.6,10
31.49,-0.00177761682651828,-1,1,0.6,10
31.5,-0.0020175492114927,-1,1,0.6,10
31.51,-0.00225746343853797,-1,1,0.6,10
31.52,-0.00249735734842754,-1,1,0.6,10
31.53,-0.00273722878211782,-1,1,0.6,10
31.54,-0.00297707558076755,-1,1,0.6,10
31.55,-0.00321689558575714,-1,1,0.6,10
31.56,-0.00345668663870817,-1,1,0.6,10
31.57,-0.00369644658150279,-1,1,0.6,10
31.58,-0.00393617325630313,-1,1,0.6,10
31.59,-0.00417586450557073,-1,1,0.6,10
31.6,-0.00441551817208596,-1,1,0.6,10
31.61,-0.00465513209896731,-1,1,0.6,10
31.62,-0.00489470412969148,-1,1,0.6,10
31.63,-0.00513423210811123,-1,1,0.6,10
31.64,-0.00537371387847681,-1,1,0.6,10
31.65,-0.00561314728545389,-1,1,0.6,10
31.66,-0.00585253017414301,-1,1,0.6,10
31.67,-0.00609186039010021,-1,1,0.6,10
31.68,-0.00633113577935502,-1,1,0.6,10
31.69,-0.00657035418843056,-1,1,0.6,10
31.7,-0.00680951346436274,-1,1,0.6,10
31.71,-0.00704861145471971,-1,1,0.6,10
31.72,-0.00728764600762117,-1,1,0.6,10
31.73,-0.00752661497175774,-1,1,0.6,10
31.74,-0.00776551619641038,-1,1,0.6,10
31.75,-0.00800434753146967,-1,1,0.6,10
31.76,-0.0082431068274552,-1,1,0.6,10
31.77,-0.00848179193553479,-1,1,0.6,10
31.78,-0.00872040070754449,-1,1,0.6,10
31.79,-0.0089589309960064,-1,1,0.6,10
31.8,-0.00919738065414996,-1,1,0.6,10
31.81,-0.00943574753592986,-1,1,0.6,10
31.82,-0.00967402949604535,-1,1,0.6,10
31.83,-0.00991222438996081,-1,1,0.6,10
31.84,-0.0101503300739237,-1,1,0.6,10
31.85,-0.0103883444049844,-1,1,0.6,10
31.86,-0.0106262652410156,-1,1,0.6,10
31.87,-0.0108640904407313,-1,1,0.6,10
31.88,-0.0111018178637064,-1,1,0.6,10
31.89,-0.0113394453703957,-1,1,0.6,10
31.9,-0.0115769708221532,-1,1,0.6,10
31.91,-0.0118143920812514,-1,1,0.6,10
31.92,-0.0120517070109006,-1,1,0.6,10
31.93,-0.012288913475268,-1,1,0.6,10
31.94,-0.0125260093394973,-1,1,0.6,10
31.95,-0.0127629924697268,-1,1,0.6,10
31.96,-0.0129998607331104,-1,1,0.6,10
31.97,-0.0132366119978353,-1,1,0.6,10
31.98,-0.0134732441331412,-1,1,0.6,10
31.99,-0.0137097550093411,-1,1,0.6,10
32,-0.0139461424978384,-1,1,0.6,10
32.01,-0.0141824044711473,-1,1,0.6,10
32.02,-0.0144185388029118,-1,1,0.6,10
32.03,-0.0146545433679243,-1,1,0.6,10
32.04,-0.0148904160421455,-1,1,0.6,10
32.05,-0.0151261547027226,-1,1,0.6,10
32.06,-0.0153617572280098,-1,1,0.6,10
32.07,-0.0155972214975855,-1,1,0.6,10
32.08,-0.0158325453922729,-1,1,0.6,10
32.09,-0.0160677267941589,-1,1,0.6,10
32.1,-0.016302763586612,-1,1,0.6,10
32.11,-0.0165376536543028,-1,1,0.6,10
32.12,-0.0167723948832225,-1,1,0.6,10
32.13,-0.0170069851607015,-1,1,0.6,10
32.14,-0.0172414223754287,-1,1,0.6,10
32.15,-0.017475704417471,-1,1,0.6,10
32.16,-0.0177098291782916,-1,1,0.6,10
32.17,-0.0179437945507688,-1,1,0.6,10
32.18,-0.0181775984292164,-1,1,0.6,10
32.19,-0.0184112387094007,-1,1,0.6,10
32.2,-0.0186447132885612,-1,1,0.6,10
32.21,-0.0188780200654277,-1,1,0.6,10
32.22,-0.019111156940241,-1,1,0.6,10
32.23,-0.019344121814771,-1,1,0.6,10
32.24,-0.0195769125923352,-1,1,0.6,10
32.25,-0.0198095271778181,-1,1,0.6,10
32.26,-0.0200419634776902,-1,1,0.6,10
32.27,-0.0202742194000264,-1,1,0.6,10
32.28,-0.0205062928545246,-1,1,0.6,10
32.29,-0.0207381817525257,-1,1,0.6,10
32.3,-0.020969884007031,-1,1,0.6,10
32.31,-0.0212013975327217,-1,1,0.6,10
32.32,-0.0214327202459778,-1,1,0.6,10
32.33,-0.0216638500648963,-1,1,0.6,10
32.34,-0.0218947849093105,-1,1,0.6,10
32.35,-0.0221255227008083,-1,1,0.6,10
32.36,-0.0223560613627511,-1,1,0.6,10
32.37,-0.0225863988202924,-1,1,0.6,10
32.38,-0.0228165330003971,-1,1,0.6,10
32.39,-0.0230464618318586,-1,1,0.6,10
32.4,-0.0232761832453191,-1,1,0.6,10
32.41,-0.0235056951732878,-1,1,0.6,10
32.42,-0.0237349955501584,-1,1,0.6,10
32.43,-0.0239640823122292,-1,1,0.6,10
32.44,-0.024192953397721,-1,1,0.6,10
32.45,-0.0244216067467957,-1,1,0.6,10
32.46,-0.0246500403015743,-1,1,0.6,10
32.47,-0.0248782520061566,-1,1,0.6,10
32.48,-0.025106239806639,-1,1,0.6,10
32.49,-0.0253340016511323,-1,1,0.6,10
32.5,-0.0255615354897819,-1,1,0.6,10
32.51,-0.0257888392747845,-1,1,0.6,10
32.52,-0.0260159109604079,-1,1,0.6,10
32.53,-0.0262427485030082,-1,1,0.6,10
32.54,-0.026469349861049,-1,1,0.6,10
32.55,-0.0266957129951198,-1,1,0.6,10
32.56,-0.026921835867954,-1,1,0.6,10
32.57,-0.0271477164444468,-1,1,0.6,10
32.58,-0.027373352691675,-1,1,0.6,10
32.59,-0.0275987425789139,-1,1,0.6,10
32.6,-0.0278238840776556,-1,1,0.6,10
32.61,-0.0280487751616285,-1,1,0.6,10
32.62,-0.0282734138068144,-1,1,0.6,10
32.63,-0.0284977979914668,-1,1,0.6,10
32.64,-0.0287219256961296,-1,1,0.6,10
32.65,-0.0289457949036551,-1,1,0.6,10
32.66,-0.0291694035992218,-1,1,0.6,10
32.67,-0.029392749770353,-1,1,0.6,10
32.68,-0.0296158314069347,-1,1,0.6,10
32.69,-0.0298386465012334,-1,1,0.6,10
32.7,-0.0300611930479154,-1,1,0.6,10
32.71,-0.0302834690440627,-1,1,0.6,10
32.72,-0.0305054724891929,-1,1,0.6,10
32.73,-0.0307272013852768,-1,1,0.6,10
32.74,-0.0309486537367556,-1,1,0.6,10
32.75,-0.0311698275505595,-1,1,0.6,10
32.76,-0.031390720836126,-1,1,0.6,10
32.77,-0.0316113316054169,-1,1,0.6,10
32.78,-0.0318316578729366,-1,1,0.6,10
32.79,-0.0320516976557503,-1,1,0.6,10
32.8,-0.0322714489735014,-1,1,0.6,10
32.81,-0.0324909098484299,-1,1,0.6,10
32.82,-0.0327100783053888,-1,1,0.6,10
32.83,-0.0329289523718637,-1,1,0.6,10
32.84,-0.0331475300779898,-1,1,0.6,10
32.85,-0.0333658094565688,-1,1,0.6,10
32.86,-0.0335837885430877,-1,1,0.6,10
32.87,-0.0338014653757366,-1,1,0.6,10
32.88,-0.0340188379954254,-1,1,0.6,10
32.89,-0.0342359044458016,-1,1,0.6,10
32.9,-0.0344526627732691,-1,1,0.6,10
32.91,-0.0346691110270042,-1,1,0.6,10
32.92,-0.0348852472589739,-1,1,0.6,10
32.93,-0.0351010695239538,-1,1,0.6,10
32.94,-0.035316575879545,-1,1,0.6,10
32.95,-0.0355317643861916,-1,1,0.6,10
32.96,-0.0357466331071986,-1,1,0.6,10
32.97,-0.0359611801087489,-1,1,0.6,10
32.98,-0.0361754034599209,-1,1,0.6,10
32.99,-0.0363893012327061,-1,1,0.6,10
33,-0.0366028715020257,-1,1,0.6,10
33.01,-0.0368161123457488,-1,1,0.6,10
33.02,-0.0370290218447095,-1,1,0.6,10
33.03,-0.0372415980827234,-1,1,0.6,10
33.04,-0.0374538391466059,-1,1,0.6,10
33.05,-0.037665743126189,-1,1,0.6,10
33.06,-0.0378773081143383,-1,1,0.6,10
33.07,-0.03808853220697,-1,1,0.6,10
33.08,-0.038299413503069,-1,1,0.6,10
33.09,-0.0385099501047052,-1,1,0.6,10
33.1,-0.0387201401170501,-1,1,0.6,10
33.11,-0.0389299816483955,-1,1,0.6,10
33.12,-0.0391394728101686,-1,1,0.6,10
33.13,-0.039348611716951,-1,1,0.6,10
33.14,-0.0395573964864933,-1,1,0.6,10
33.15,-0.0397658252397342,-1,1,0.6,10
33.16,-0.0399738961008165,-1,1,0.6,10
33.17,-0.0401816071971037,-1,1,0.6,10
33.18,-0.0403889566591972,-1,1,0.6,10
33.19,-0.0405959426209535,-1,1,0.6,10
33.2,-0.0408025632195003,-1,1,0.6,10
33.21,-0.0410088165952534,-1,1,0.6,10
33.22,-0.041214700891934,-1,1,0.6,10
33.23,-0.041420214256585,-1,1,0.6,10
33.24,-0.0416253548395869,-1,1,0.6,10
33.25,-0.0418301207946764,-1,1,0.6,10
33.26,-0.0420345102789611,-1,1,0.6,10
33.27,-0.042238521452937,-1,1,0.6,10
33.28,-0.042442152480505,-1,1,0.6,10
33.29,-0.0426454015289871,-1,1,0.6,10
33.3,-0.0428482667691432,-1,1,0.6,10
33.31,-0.0430507463751878,-1,1,0.6,10
33.32,-0.0432528385248055,-1,1,0.6,10
33.33,-0.0434545413991684,-1,1,0.6,10
33.34,-0.0436558531829522,-1,1,0.6,10
33.35,-0.0438567720643519,-1,1,0.6,10
33.36,-0.044057296235099,-1,1,0.6,10
33.37,-0.0442574238904774,-1,1,0.6,10
33.38,-0.0444571532293397,-1,1,0.6,10
33.39,-0.0446564824541227,-1,1,0.6,10
33.4,-0.0448554097708653,-1,1,0.6,10
33.41,-0.0450539333892228,-1,1,0.6,10
33.42,-0.0452520515224836,-1,1,0.6,10
33.43,-0.0454497623875863,-1,1,0.6,10
33.44,-0.0456470642051343,-1,1,0.6,10
33.45,-0.0458439551994127,-1,1,0.6,10
33.46,-0.0460404335984036,-1,1,0.6,10
33.47,-0.0462364976338028,-1,1,0.6,10
33.48,-0.0464321455410357,-1,1,0.6,10
33.49,-0.0466273755592719,-1,1,0.6,10
33.5,-0.0468221859314428,-1,1,0.6,10
33.51,-0.0470165749042564,-1,1,0.6,10
33.52,-0.0472105407282134,-1,1,0.6,10
33.53,-0.0474040816576223,-1,1,0.6,10
33.54,-0.0475971959506163,-1,1,0.6,10
33.55,-0.0477898818691681,-1,1,0.6,10
33.56,-0.0479821376791056,-1,1,0.6,10
33.57,-0.0481739616501279,-1,1,0.6,10
33.58,-0.0483653520558205,-1,1,0.6,10
33.59,-0.0485563071736711,-1,1,0.6,10
33.6,-0.0487468252850849,-1,1,0.6,10
33.61,-0.0489369046754001,-1,1,0.6,10
33.62,-0.0491265436339035,-1,1,0.6,10
33.63,-0.049315740453846,-1,1,0.6,10
33.64,-0.0495044934324572,-1,1,0.6,10
33.65,-0.0496928008709615,-1,1,0.6,10
33.66,-0.0498806610745937,-1,1,0.6,10
33.67,-0.0500680723526127,-1,1,0.6,10
33.68,-0.0502550330183185,-1,1,0.6,10
33.69,-0.0504415413890664,-1,1,0.6,10
33.7,-0.0506275957862824,-1,1,0.6,10
33.71,-0.0508131945354778,-1,1,0.6,10
33.72,-0.0509983359662655,-1,1,0.6,10
33.73,-0.0511830184123739,-1,1,0.6,10
33.74,-0.0513672402116618,-1,1,0.6,10
33.75,-0.0515509997061346,-1,1,0.6,10
33.76,-0.051734295241958,-1,1,0.6,10
33.77,-0.0519171251694736,-1,1,0.6,10
33.78,-0.052099487843213,-1,1,0.6,10
33.79,-0.0522813816219134,-1,1,0.6,10
33.8,-0.0524628048685322,-1,1,0.6,10
33.81,-0.0526437559502614,-1,1,0.6,10
33.82,-0.0528242332385422,-1,1,0.6,10
33.83,-0.0530042351090805,-1,1,0.6,10
33.84,-0.0531837599418607,-1,1,0.6,10
33.85,-0.0533628061211602,-1,1,0.6,10
33.86,-0.0535413720355649,-1,1,0.6,10
33.87,-0.0537194560779827,-1,1,0.6,10
33.88,-0.0538970566456585,-1,1,0.6,10
33.89,-0.0540741721401882,-1,1,0.6,10
33.9,-0.0542508009675336,-1,1,0.6,10
33.91,-0.0544269415380366,-1,1,0.6,10
33.92,-0.054602592266433,-1,1,0.6,10
33.93,-0.0547777515718677,-1,1,0.6,10
33.94,-0.0549524178779078,-1,1,0.6,10
33.95,-0.0551265896125582,-1,1,0.6,10
33.96,-0.0553002652082741,-1,1,0.6,10
33.97,-0.0554734431019762,-1,1,0.6,10
33.98,-0.0556461217350651,-1,1,0.6,10
33.99,-0.0558182995534339,-1,1,0.6,10
34,-0.0559899750074834,-1,1,0.6,10
34.01,-0.0561611465521358,-1,1,0.6,10
34.02,-0.0563318126468485,-1,1,0.6,10
34.03,-0.0565019717556274,-1,1,0.6,10
34.04,-0.056671622347042,-1,1,0.6,10
34.05,-0.0568407628942378,-1,1,0.6,10
34.06,-0.0570093918749516,-1,1,0.6,10
34.07,-0.0571775077715231,-1,1,0.6,10
34.08,-0.0573451090709106,-1,1,0.6,10
34.09,-0.0575121942647036,-1,1,0.6,10
34.1,-0.0576787618491365,-1,1,0.6,10
34.11,-0.0578448103251019,-1,1,0.6,10
34.12,-0.0580103381981649,-1,1,0.6,10
34.13,-0.0581753439785758,-1,1,0.6,10
34.14,-0.0583398261812834,-1,1,0.6,10
34.15,-0.0585037833259493,-1,1,0.6,10
34.16,-0.0586672139369602,-1,1,0.6,10
34.17,-0.0588301165434415,-1,1,0.6,10
34.18,-0.0589924896792711,-1,1,0.6,10
34.19,-0.0591543318830918,-1,1,0.6,10
34.2,-0.0593156416983248,-1,1,0.6,10
34.21,-0.059476417673183,-1,1,0.6,10
34.22,-0.0596366583606835,-1,1,0.6,10
34.23,-0.0597963623186613,-1,1,0.6,10
34.24,-0.0599555281097819,-1,1,0.6,10
34.25,-0.0601141543015543,-1,1,0.6,10
34.26,-0.0602722394663435,-1,1,0.6,10
34.27,-0.0604297821813846,-1,1,0.6,10
34.28,-0.0605867810287939,-1,1,0.6,10
34.29,-0.0607432345955828,-1,1,0.6,10
34.3,-0.0608991414736705,-1,1,0.6,10
34.31,-0.0610545002598959,-1,1,0.6,10
34.32,-0.0612093095560311,-1,1,0.6,10
34.33,-0.0613635679687935,-1,1,0.6,10
34.34,-0.0615172741098584,-1,1,0.6,10
34.35,-0.0616704265958714,-1,1,0.6,10
34.36,-0.0618230240484615,-1,1,0.6,10
34.37,-0.0619750650942523,-1,1,0.6,10
34.38,-0.0621265483648757,-1,1,0.6,10
34.39,-0.0622774724969832,-1,1,0.6,10
34.4,-0.0624278361322584,-1,1,0.6,10
34.41,-0.0625776379174301,-1,1,0.6,10
34.42,-0.0627268765042828,-1,1,0.6,10
34.43,-0.0628755505496702,-1,1,0.6,10
34.44,-0.0630236587155272,-1,1,0.6,10
34.45,-0.0631711996688813,-1,1,0.6,10
34.46,-0.0633181720818646,-1,1,0.6,10
34.47,-0.0634645746317266,-1,1,0.6,10
34.48,-0.0636104060008455,-1,1,0.6,10
34.49,-0.0637556648767395,-1,1,0.6,10
34.5,-0.06390034995208,-1,1,0.6,10
34.51,-0.0640444599247024,-1,1,0.6,10
34.52,-0.0641879934976176,-1,1,0.6,10
34.53,-0.0643309493790247,-1,1,0.6,10
34.54,-0.0644733262823216,-1,1,0.6,10
34.55,-0.0646151229261172,-1,1,0.6,10
34.56,-0.0647563380342426,-1,1,0.6,10
34.57,-0.0648969703357627,-1,1,0.6,10
34.58,-0.0650370185649879,-1,1,0.6,10
34.59,-0.0651764814614851,-1,1,0.6,10
34.6,-0.065315357770089,-1,1,0.6,10
34.61,-0.0654536462409138,-1,1,0.6,10
34.62,-0.0655913456293643,-1,1,0.6,10
34.63,-0.0657284546961469,-1,1,0.6,10
34.64,-0.0658649722072808,-1,1,0.6,10
34.65,-0.0660008969341095,-1,1,0.6,10
34.66,-0.0661362276533114,-1,1,0.6,10
34.67,-0.0662709631469107,-1,1,0.6,10
34.68,-0.066405102202289,-1,1,0.6,10
34.69,-0.0665386436121957,-1,1,0.6,10
34.7,-0.0666715861747591,-1,1,0.6,10
34.71,-0.066803928693497,-1,1,0.6,10
34.72,-0.0669356699773275,-1,1,0.6,10
34.73,-0.0670668088405801,-1,1,0.6,10
34.74,-0.0671973441030058,-1,1,0.6,10
34.75,-0.067327274589788,-1,1,0.6,10
34.76,-0.0674565991315535,-1,1,0.6,10
34.77,-0.0675853165643822,-1,1,0.6,10
34.78,-0.0677134257298179,-1,1,0.6,10
34.79,-0.0678409254748792,-1,1,0.6,10
34.8,-0.0679678146520692,-1,1,0.6,10
34.81,-0.0680940921193859,-1,1,0.6,10
34.82,-0.0682197567403333,-1,1,0.6,10
34.83,-0.0683448073839305,-1,1,0.6,10
34.84,-0.0684692429247226,-1,1,0.6,10
34.85,-0.0685930622427905,-1,1,0.6,10
34.86,-0.0687162642237613,-1,1,0.6,10
34.87,-0.0688388477588177,-1,1,0.6,10
34.88,-0.0689608117447092,-1,1,0.6,10
34.89,-0.0690821550837604,-1,1,0.6,10
34.9,-0.069202876683882,-1,1,0.6,10
34.91,-0.0693229754585808,-1,1,0.6,10
34.92,-0.0694424503269683,-1,1,0.6,10
34.93,-0.0695613002137715,-1,1,0.6,10
34.94,-0.0696795240493424,-1,1,0.6,10
34.95,-0.0697971207696673,-1,1,0.6,10
34.96,-0.0699140893163762,-1,1,0.6,10
34.97,-0.0700304286367533,-1,1,0.6,10
34.98,-0.0701461376837454,-1,1,0.6,10
34.99,-0.0702612154159717,-1,1,0.6,10
35,-0.0703756607977336,-1,1,0.6,10
35.01,-0.0704894727990233,-1,1,0.6,10
35.02,-0.0706026503955337,-1,1,0.6,10
35.03,-0.0707151925686671,-1,1,0.6,10
35.04,-0.0708270983055446,-1,1,0.6,10
35.05,-0.0709383665990156,-1,1,0.6,10
35.06,-0.071048996447666,-1,1,0.6,10
35.07,-0.0711589868558278,-1,1,0.6,10
35.08,-0.0712683368335883,-1,1,0.6,10
35.09,-0.0713770453967985,-1,1,0.6,10
35.1,-0.0714851115670817,-1,1,0.6,10
35.11,-0.0715925343718435,-1,1,0.6,10
35.12,-0.0716993128442791,-1,1,0.6,10
35.13,-0.0718054460233831,-1,1,0.6,10
35.14,-0.0719109329539576,-1,1,0.6,10
35.15,-0.0720157726866209,-1,1,0.6,10
35.16,-0.0721199642778161,-1,1,0.6,10
35.17,-0.0722235067898197,-1,1,0.6,10
35.18,-0.0723263992907496,-1,1,0.6,10
35.19,-0.0724286408545741,-1,1,0.6,10
35.2,-0.0725302305611198,-1,1,0.6,10
35.21,-0.0726311674960801,-1,1,0.6,10
35.22,-0.0727314507510231,-1,1,0.6,10
35.23,-0.0728310794234004,-1,1,0.6,10
35.24,-0.0729300526165544,-1,1,0.6,10
35.25,-0.0730283694397271,-1,1,0.6,10
35.26,-0.0731260290080678,-1,1,0.6,10
35.27,-0.0732230304426411,-1,1,0.6,10
35.28,-0.0733193728704346,-1,1,0.6,10
35.29,-0.0734150554243672,-1,1,0.6,10
35.3,-0.0735100772432966,-1,1,0.6,10
35.31,-0.0736044374720269,-1,1,0.6,10
35.32,-0.0736981352613168,-1,1,0.6,10
35.33,-0.0737911697678868,-1,1,0.6,10
35.34,-0.0738835401544271,-1,1,0.6,10
35.35,-0.0739752455896046,-1,1,0.6,10
35.36,-0.0740662852480711,-1,1,0.6,10
35.37,-0.0741566583104704,-1,1,0.6,10
35.38,-0.0742463639634455,-1,1,0.6,10
35.39,-0.074335401399646,-1,1,0.6,10
35.4,-0.0744237698177357,-1,1,0.6,10
35.41,-0.0745114684223994,-1,1,0.6,10
35.42,-0.0745984964243502,-1,1,0.6,10
35.43,-0.0746848530403368,-1,1,0.6,10
35.44,-0.0747705374931501,-1,1,0.6,10
35.45,-0.0748555490116307,-1,1,0.6,10
35.46,-0.0749398868306755,-1,1,0.6,10
35.47,-0.0750235501912446,-1,1,0.6,10
35.48,-0.0751065383403684,-1,1,0.6,10
35.49,-0.0751888505311542,-1,1,0.6,10
35.5,-0.0752704860227926,-1,1,0.6,10
35.51,-0.0753514440805649,-1,1,0.6,10
35.52,-0.0754317239758492,-1,1,0.6,10
35.53,-0.0755113249861268,-1,1,0.6,10
35.54,-0.0755902463949892,-1,1,0.6,10
35.55,-0.0756684874921444,-1,1,0.6,10
35.56,-0.0757460475734228,-1,1,0.6,10
35.57,-0.0758229259407844,-1,1,0.6,10
35.58,-0.0758991219023243,-1,1,0.6,10
35.59,-0.0759746347722795,-1,1,0.6,10
35.6,-0.0760494638710344,-1,1,0.6,10
35.61,-0.0761236085251279,-1,1,0.6,10
35.62,-0.0761970680672585,-1,1,0.6,10
35.63,-0.0762698418362908,-1,1,0.6,10
35.64,-0.0763419291772614,-1,1,0.6,10
35.65,-0.0764133294413847,-1,1,0.6,10
35.66,-0.0764840419860589,-1,1,0.6,10
35.67,-0.0765540661748714,-1,1,0.6,10
35.68,-0.0766234013776051,-1,1,0.6,10
35.69,-0.0766920469702436,-1,1,0.6,10
35.7,-0.0767600023349771,-1,1,0.6,10
35.71,-0.0768272668602076,-1,1,0.6,10
35.72,-0.0768938399405551,-1,1,0.6,10
35.73,-0.0769597209768621,-1,1,0.6,10
35.74,-0.0770249093761997,-1,1,0.6,10
35.75,-0.0770894045518729,-1,1,0.6,10
35.76,-0.0771532059234255,-1,1,0.6,10
35.77,-0.0772163129166455,-1,1,0.6,10
35.78,-0.0772787249635705,-1,1,0.6,10
35.79,-0.0773404415024925,-1,1,0.6,10
35.8,-0.077401461977963,-1,1,0.6,10
35.81,-0.0774617858407982,-1,1,0.6,10
35.82,-0.0775214125480836,-1,1,0.6,10
35.83,-0.0775803415631794,-1,1,0.6,10
35.84,-0.0776385723557248,-1,1,0.6,10
35.85,-0.0776961044016431,-1,1,0.6,10
35.86,-0.0777529371831461,-1,1,0.6,10
35.87,-0.0778090701887394,-1,1,0.6,10
35.88,-0.0778645029132262,-1,1,0.6,10
35.89,-0.0779192348577123,-1,1,0.6,10
35.9,-0.0779732655296107,-1,1,0.6,10
35.91,-0.0780265944426457,-1,1,0.6,10
35.92,-0.0780792211168573,-1,1,0.6,10
35.93,-0.0781311450786059,-1,1,0.6,10
35.94,-0.0781823658605762,-1,1,0.6,10
35.95,-0.0782328830017815,-1,1,0.6,10
35.96,-0.0782826960475678,-1,1,0.6,10
35.97,-0.0783318045496181,-1,1,0.6,10
35.98,-0.0783802080659562,-1,1,0.6,10
35.99,-0.0784279061609508,-1,1,0.6,10
36,-0.0784748984053193,-1,1,0.6,10
36.01,-0.0785211843761319,-1,1,0.6,10
36.02,-0.0785667636568151,-1,1,0.6,10
36.03,-0.0786116358371557,-1,1,0.6,10
36.04,-0.0786558005133044,-1,1,0.6,10
36.05,-0.0786992572877795,-1,1,0.6,10
36.06,-0.0787420057694701,-1,1,0.6,10
36.07,-0.0787840455736403,-1,1,0.6,10
36.08,-0.0788253763219322,-1,1,0.6,10
36.09,-0.0788659976423692,-1,1,0.6,10
36.1,-0.0789059091693598,-1,1,0.6,10
36.11,-0.0789451105437005,-1,1,0.6,10
36.12,-0.0789836014125792,-1,1,0.6,10
36.13,-0.0790213814295783,-1,1,0.6,10
36.14,-0.079058450254678,-1,1,0.6,10
36.15,-0.0790948075542589,-1,1,0.6,10
36.16,-0.0791304530011058,-1,1,0.6,10
36.17,-0.0791653862744098,-1,1,0.6,10
36.18,-0.0791996070597717,-1,1,0.6,10
36.19,-0.0792331150492047,-1,1,0.6,10
36.2,-0.0792659099411371,-1,1,0.6,10
36.21,-0.079297991440415,-1,1,0.6,10
36.22,-0.0793293592583052,-1,1,0.6,10
36.23,-0.0793600131124975,-1,1,0.6,10
36.24,-0.0793899527271076,-1,1,0.6,10
36.25,-0.0794191778326789,-1,1,0.6,10
36.26,-0.0794476881661859,-1,1,0.6,10
36.27,-0.0794754834710356,-1,1,0.6,10
36.28,-0.0795025634970706,-1,1,0.6,10
36.29,-0.0795289280005707,-1,1,0.6,10
36.3,-0.0795545767442556,-1,1,0.6,10
36.31,-0.0795795094972869,-1,1,0.6,10
36.32,-0.0796037260352698,-1,1,0.6,10
36.33,-0.0796272261402557,-1,1,0.6,10
36.34,-0.0796500096007438,-1,1,0.6,10
36.35,-0.0796720762116832,-1,1,0.6,10
36.36,-0.0796934257744745,-1,1,0.6,10
36.37,-0.0797140580969717,-1,1,0.6,10
36.38,-0.0797339729934841,-1,1,0.6,10
36.39,-0.0797531702847778,-1,1,0.6,10
36.4,-0.0797716497980772,-1,1,0.6,10
36.41,-0.0797894113670669,-1,1,0.6,10
36.42,-0.0798064548318929,-1,1,0.6,10
36.43,-0.0798227800391641,-1,1,0.6,10
36.44,-0.0798383868419538,-1,1,0.6,10
36.45,-0.0798532750998008,-1,1,0.6,10
36.46,-0.0798674446787109,-1,1,0.6,10
36.47,-0.079880895451158,-1,1,0.6,10
36.48,-0.0798936272960852,-1,1,0.6,10
36.49,-0.079905640098906,-1,1,0.6,10
36.5,-0.0799169337515053,-1,1,0.6,10
36.51,-0.0799275081522403,-1,1,0.6,10
36.52,-0.0799373632059415,-1,1,0.6,10
36.53,-0.0799464988239133,-1,1,0.6,10
36.54,-0.0799549149239354,-1,1,0.6,10
36.55,-0.0799626114302629,-1,1,0.6,10
36.56,-0.0799695882736272,-1,1,0.6,10
36.57,-0.0799758453912369,-1,1,0.6,10
36.58,-0.0799813827267779,-1,1,0.6,10
36.59,-0.0799862002304142,-1,1,0.6,10
36.6,-0.0799902978587883,-1,1,0.6,10
36.61,-0.0799936755750217,-1,1,0.6,10
36.62,-0.0799963333487148,-1,1,0.6,10
36.63,-0.0799982711559478,-1,1,0.6,10
36.64,-0.0799994889792804,-1,1,0.6,10
36.65,-0.0799999868077521,-1,1,0.6,10
36.66,-0.0799997646368826,-1,1,0.6,10
36.67,-0.0799988224686713,-1,1,0.6,10
36.68,-0.0799971603115978,-1,1,0.6,10
36.69,-0.0799947781806215,-1,1,0.6,10
36.7,-0.0799916760971815,-1,1,0.6,10
36.71,-0.0799878540891966,-1,1,0.6,10
36.72,-0.0799833121910648,-1,1,0.6,10
36.73,-0.0799780504436632,-1,1,0.6,10
36.74,-0.0799720688943475,-1,1,0.6,10
36.75,-0.0799653675969515,-1,1,0.6,10
36.76,-0.0799579466117869,-1,1,0.6,10
36.77,-0.0799498060056425,-1,1,0.6,10
36.78,-0.0799409458517837,-1,1,0.6,10
36.79,-0.0799313662299518,-1,1,0.6,10
36.8,-0.0799210672263634,-1,1,0.6,10
36.81,-0.0799100489337095,-1,1,0.6,10
36.82,-0.0798983114511545,-1,1,0.6,10
36.83,-0.0798858548843358,-1,1,0.6,10
36.84,-0.0798726793453624,-1,1,0.6,10
36.85,-0.079858784952814,-1,1,0.6,10
36.86,-0.07984417183174,-1,1,0.6,10
36.87,-0.0798288401136586,-1,1,0.6,10
36.88,-0.0798127899365549,-1,1,0.6,10
36.89,-0.0797960214448805,-1,1,0.6,10
36.9,-0.0797785347895518,-1,1,0.6,10
36.91,-0.0797603301279485,-1,1,0.6,10
36.92,-0.0797414076239124,-1,1,0.6,10
36.93,-0.0797217674477459,-1,1,0.6,10
36.94,-0.0797014097762106,-1,1,0.6,10
36.95,-0.0796803347925252,-1,1,0.6,10
36.96,-0.0796585426863645,-1,1,0.6,10
36.97,-0.0796360336538574,-1,1,0.6,10
36.98,-0.0796128078975849,-1,1,0.6,10
36.99,-0.0795888656265787,-1,1,0.6,10
37,-0.0795642070563191,-1,1,0.6,10
37.01,-0.0795388324087331,-1,1,0.6,10
37.02,-0.0795127419121923,-1,1,0.6,10
37.03,-0.0794859358015109,-1,1,0.6,10
37.04,-0.0794584143179439,-1,1,0.6,10
37.05,-0.0794301777091844,-1,1,0.6,10
37.06,-0.0794012262293616,-1,1,0.6,10
37.07,-0.0793715601390388,-1,1,0.6,10
37.08,-0.0793411797052104,-1,1,0.6,10
37.09,-0.0793100852013002,-1,1,0.6,10
37.1,-0.0792782769071586,-1,1,0.6,10
37.11,-0.07924575510906,-1,1,0.6,10
37.12,-0.0792125200997002,-1,1,0.6,10
37.13,-0.0791785721781943,-1,1,0.6,10
37.14,-0.0791439116500732,-1,1,0.6,10
37.15,-0.0791085388272815,-1,1,0.6,10
37.16,-0.0790724540281743,-1,1,0.6,10
37.17,-0.0790356575775146,-1,1,0.6,10
37.18,-0.0789981498064702,-1,1,0.6,10
37.19,-0.0789599310526108,-1,1,0.6,10
37.2,-0.0789210016599048,-1,1,0.6,10
37.21,-0.0788813619787167,-1,1,0.6,10
37.22,-0.0788410123658032,-1,1,0.6,10
37.23,-0.0787999531843106,-1,1,0.6,10
37.24,-0.0787581848037712,-1,1,0.6,10
37.25,-0.0787157076001002,-1,1,0.6,10
37.26,-0.0786725219555921,-1,1,0.6,10
37.27,-0.0786286282589175,-1,1,0.6,10
37.28,-0.0785840269051193,-1,1,0.6,10
37.29,-0.0785387182956094,-1,1,0.6,10
37.3,-0.0784927028381649,-1,1,0.6,10
37.31,-0.0784459809469248,-1,1,0.6,10
37.32,-0.0783985530423856,-1,1,0.6,10
37.33,-0.0783504195513983,-1,1,0.6,10
37.34,-0.0783015809071638,-1,1,0.6,10
37.35,-0.0782520375492297,-1,1,0.6,10
37.36,-0.0782017899234859,-1,1,0.6,10
37.37,-0.0781508384821606,-1,1,0.6,10
37.38,-0.0780991836838165,-1,1,0.6,10
37.39,-0.0780468259933464,-1,1,0.6,10
37.4,-0.0779937658819692,-1,1,0.6,10
37.41,-0.0779400038272255,-1,1,0.6,10
37.42,-0.0778855403129734,-1,1,0.6,10
37.43,-0.0778303758293843,-1,1,0.6,10
37.44,-0.0777745108729381,-1,1,0.6,10
37.45,-0.0777179459464189,-1,1,0.6,10
37.46,-0.0776606815589109,-1,1,0.6,10
37.47,-0.0776027182257931,-1,1,0.6,10
37.48,-0.077544056468735,-1,1,0.6,10
37.49,-0.0774846968156921,-1,1,0.6,10
37.5,-0.0774246398009009,-1,1,0.6,10
37.51,-0.0773638859648742,-1,1,0.6,10
37.52,-0.0773024358543959,-1,1,0.6,10
37.53,-0.0772402900225167,-1,1,0.6,10
37.54,-0.0771774490285488,-1,1,0.6,10
37.55,-0.0771139134380605,-1,1,0.6,10
37.56,-0.0770496838228717,-1,1,0.6,10
37.57,-0.0769847607610487,-1,1,0.6,10
37.58,-0.0769191448368984,-1,1,0.6,10
37.59,-0.0768528366409638,-1,1,0.6,10
37.6,-0.0767858367700183,-1,1,0.6,10
37.61,-0.07671814582706,-1,1,0.6,10
37.62,-0.0766497644213072,-1,1,0.6,10
37.63,-0.076580693168192,-1,1,0.6,10
37.64,-0.0765109326893552,-1,1,0.6,10
37.65,-0.0764404836126406,-1,1,0.6,10
37.66,-0.0763693465720896,-1,1,0.6,10
37.67,-0.0762975222079348,-1,1,0.6,10
37.68,-0.0762250111665951,-1,1,0.6,10
37.69,-0.0761518141006696,-1,1,0.6,10
37.7,-0.0760779316689311,-1,1,0.6,10
37.71,-0.076003364536321,-1,1,0.6,10
37.72,-0.0759281133739433,-1,1,0.6,10
37.73,-0.0758521788590577,-1,1,0.6,10
37.74,-0.0757755616750743,-1,1,0.6,10
37.75,-0.0756982625115473,-1,1,0.6,10
37.76,-0.0756202820641687,-1,1,0.6,10
37.77,-0.075541621034762,-1,1,0.6,10
37.78,-0.0754622801312758,-1,1,0.6,10
37.79,-0.0753822600677779,-1,1,0.6,10
37.8,-0.0753015615644482,-1,1,0.6,10
37.81,-0.0752201853475726,-1,1,0.6,10
37.82,-0.0751381321495367,-1,1,0.6,10
37.83,-0.0750554027088186,-1,1,0.6,10
37.84,-0.0749719977699828,-1,1,0.6,10
37.85,-0.074887918083673,-1,1,0.6,10
37.86,-0.0748031644066061,-1,1,0.6,10
37.87,-0.0747177375015644,-1,1,0.6,10
37.88,-0.0746316381373895,-1,1,0.6,10
37.89,-0.0745448670889752,-1,1,0.6,10
37.9,-0.0744574251372602,-1,1,0.6,10
37.91,-0.0743693130692216,-1,1,0.6,10
37.92,-0.0742805316778673,-1,1,0.6,10
37.93,-0.0741910817622293,-1,1,0.6,10
37.94,-0.0741009641273563,-1,1,0.6,10
37.95,-0.0740101795843064,-1,1,0.6,10
37.96,-0.0739187289501396,-1,1,0.6,10
37.97,-0.0738266130479113,-1,1,0.6,10
37.98,-0.073733832706664,-1,1,0.6,10
37.99,-0.0736403887614199,-1,1,0.6,10
38,-0.0735462820531741,-1,1,0.6,10
38.01,-0.0734515134288862,-1,1,0.6,10
38.02,-0.0733560837414733,-1,1,0.6,10
38.03,-0.0732599938498018,-1,1,0.6,10
38.04,-0.0731632446186803,-1,1,0.6,10
38.05,-0.0730658369188509,-1,1,0.6,10
38.06,-0.0729677716269825,-1,1,0.6,10
38.07,-0.0728690496256621,-1,1,0.6,10
38.08,-0.0727696718033868,-1,1,0.6,10
38.09,-0.0726696390545566,-1,1,0.6,10
38.1,-0.0725689522794652,-1,1,0.6,10
38.11,-0.0724676123842933,-1,1,0.6,10
38.12,-0.0723656202810991,-1,1,0.6,10
38.13,-0.0722629768878107,-1,1,0.6,10
38.14,-0.0721596831282182,-1,1,0.6,10
38.15,-0.0720557399319647,-1,1,0.6,10
38.16,-0.0719511482345381,-1,1,0.6,10
38.17,-0.0718459089772629,-1,1,0.6,10
38.18,-0.0717400231072921,-1,1,0.6,10
38.19,-0.0716334915775975,-1,1,0.6,10
38.2,-0.0715263153469622,-1,1,0.6,10
38.21,-0.0714184953799716,-1,1,0.6,10
38.22,-0.0713100326470047,-1,1,0.6,10
38.23,-0.0712009281242253,-1,1,0.6,10
38.24,-0.0710911827935733,-1,1,0.6,10
38.25,-0.0709807976427561,-1,1,0.6,10
38.26,-0.0708697736652392,-1,1,0.6,10
38.27,-0.0707581118602378,-1,1,0.6,10
38.28,-0.0706458132327071,-1,1,0.6,10
38.29,-0.0705328787933342,-1,1,0.6,10
38.3,-0.0704193095585284,-1,1,0.6,10
38.31,-0.0703051065504117,-1,1,0.6,10
38.32,-0.0701902707968107,-1,1,0.6,10
38.33,-0.0700748033312464,-1,1,0.6,10
38.34,-0.0699587051929251,-1,1,0.6,10
38.35,-0.0698419774267291,-1,1,0.6,10
38.36,-0.0697246210832079,-1,1,0.6,10
38.37,-0.0696066372185676,-1,1,0.6,10
38.38,-0.069488026894662,-1,1,0.6,10
38.39,-0.0693687911789835,-1,1,0.6,10
38.4,-0.0692489311446526,-1,1,0.6,10
38.41,-0.0691284478704089,-1,1,0.6,10
38.42,-0.0690073424406009,-1,1,0.6,10
38.43,-0.0688856159451768,-1,1,0.6,10
38.44,-0.0687632694796742,-1,1,0.6,10
38.45,-0.0686403041452103,-1,1,0.6,10
38.46,-0.0685167210484724,-1,1,0.6,10
38.47,-0.0683925213017077,-1,1,0.6,10
38.48,-0.0682677060227129,-1,1,0.6,10
38.49,-0.0681422763348246,-1,1,0.6,10
38.5,-0.0680162333669094,-1,1,0.6,10
38.51,-0.0678895782533529,-1,1,0.6,10
38.52,-0.0677623121340504,-1,1,0.6,10
38.53,-0.0676344361543961,-1,1,0.6,10
38.54,-0.0675059514652729,-1,1,0.6,10
38.55,-0.0673768592230422,-1,1,0.6,10
38.56,-0.0672471605895333,-1,1,0.6,10
38.57,-0.067116856732033,-1,1,0.6,10
38.58,-0.0669859488232751,-1,1,0.6,10
38.59,-0.0668544380414301,-1,1,0.6,10
38.6,-0.0667223255700938,-1,1,0.6,10
38.61,-0.0665896125982779,-1,1,0.6,10
38.62,-0.0664563003203981,-1,1,0.6,10
38.63,-0.0663223899362638,-1,1,0.6,10
38.64,-0.0661878826510679,-1,1,0.6,10
38.65,-0.066052779675375,-1,1,0.6,10
38.66,-0.0659170822251108,-1,1,0.6,10
38.67,-0.0657807915215513,-1,1,0.6,10
38.68,-0.0656439087913124,-1,1,0.6,10
38.69,-0.0655064352663374,-1,1,0.6,10
38.7,-0.0653683721838872,-1,1,0.6,10
38.71,-0.0652297207865285,-1,1,0.6,10
38.72,-0.0650904823221231,-1,1,0.6,10
38.73,-0.0649506580438162,-1,1,0.6,10
38.74,-0.0648102492100251,-1,1,0.6,10
38.75,-0.0646692570844287,-1,1,0.6,10
38.76,-0.0645276829359552,-1,1,0.6,10
38.77,-0.0643855280387707,-1,1,0.6,10
38.78,-0.0642427936722684,-1,1,0.6,10
38.79,-0.0640994811210568,-1,1,0.6,10
38.8,-0.0639555916749478,-1,1,0.6,10
38.81,-0.0638111266289452,-1,1,0.6,10
38.82,-0.0636660872832339,-1,1,0.6,10
38.83,-0.0635204749431668,-1,1,0.6,10
38.84,-0.0633742909192539,-1,1,0.6,10
38.85,-0.0632275365271505,-1,1,0.6,10
38.86,-0.0630802130876451,-1,1,0.6,10
38.87,-0.0629323219266477,-1,1,0.6,10
38.88,-0.0627838643751778,-1,1,0.6,10
38.89,-0.0626348417693524,-1,1,0.6,10
38.9,-0.0624852554503737,-1,1,0.6,10
38.91,-0.0623351067645179,-1,1,0.6,10
38.92,-0.0621843970631218,-1,1,0.6,10
38.93,-0.0620331277025719,-1,1,0.6,10
38.94,-0.0618813000442916,-1,1,0.6,10
38.95,-0.0617289154547284,-1,1,0.6,10
38.96,-0.0615759753053428,-1,1,0.6,10
38.97,-0.0614224809725952,-1,1,0.6,10
38.98,-0.0612684338379334,-1,1,0.6,10
38.99,-0.0611138352877805,-1,1,0.6,10
39,-0.0609586867135227,-1,1,0.6,10
39.01,-0.0608029895114958,-1,1,0.6,10
39.02,-0.0606467450829739,-1,1,0.6,10
39.03,-0.0604899548341554,-1,1,0.6,10
39.04,-0.0603326201761518,-1,1,0.6,10
39.05,-0.060174742524974,-1,1,0.6,10
39.06,-0.0600163233015194,-1,1,0.6,10
39.07,-0.0598573639315603,-1,1,0.6,10
39.08,-0.05969786584573,-1,1,0.6,10
39.09,-0.0595378304795099,-1,1,0.6,10
39.1,-0.0593772592732172,-1,1,0.6,10
39.11,-0.0592161536719922,-1,1,0.6,10
39.12,-0.0590545151257836,-1,1,0.6,10
39.13,-0.0588923450893375,-1,1,0.6,10
39.14,-0.0587296450221833,-1,1,0.6,10
39.15,-0.0585664163886202,-1,1,0.6,10
39.16,-0.0584026606577049,-1,1,0.6,10
39.17,-0.0582383793032379,-1,1,0.6,10
39.18,-0.0580735738037504,-1,1,0.6,10
39.19,-0.0579082456424905,-1,1,0.6,10
39.2,-0.0577423963074109,-1,1,0.6,10
39.21,-0.0575760272911541,-1,1,0.6,10
39.22,-0.0574091400910404,-1,1,0.6,10
39.23,-0.0572417362090534,-1,1,0.6,10
39.24,-0.0570738171518268,-1,1,0.6,10
39.25,-0.0569053844306312,-1,1,0.6,10
39.26,-0.0567364395613598,-1,1,0.6,10
39.27,-0.0565669840645154,-1,1,0.6,10
39.28,-0.056397019465196,-1,1,0.6,10
39.29,-0.0562265472930824,-1,1,0.6,10
39.3,-0.0560555690824225,-1,1,0.6,10
39.31,-0.0558840863720192,-1,1,0.6,10
39.32,-0.0557121007052159,-1,1,0.6,10
39.33,-0.0555396136298823,-1,1,0.6,10
39.34,-0.055366626698401,-1,1,0.6,10
39.35,-0.0551931414676529,-1,1,0.6,10
39.36,-0.0550191594990042,-1,1,0.6,10
39.37,-0.0548446823582916,-1,1,0.6,10
39.38,-0.0546697116158077,-1,1,0.6,10
39.39,-0.0544942488462884,-1,1,0.6,10
39.4,-0.0543182956288974,-1,1,0.6,10
39.41,-0.0541418535472124,-1,1,0.6,10
39.42,-0.0539649241892107,-1,1,0.6,10
39.43,-0.0537875091472558,-1,1,0.6,10
39.44,-0.0536096100180816,-1,1,0.6,10
39.45,-0.053431228402779,-1,1,0.6,10
39.46,-0.0532523659067815,-1,1,0.6,10
39.47,-0.0530730241398503,-1,1,0.6,10
39.48,-0.05289320471606,-1,1,0.6,10
39.49,-0.0527129092537843,-1,1,0.6,10
39.5,-0.0525321393756812,-1,1,0.6,10
39.51,-0.0523508967086783,-1,1,0.6,10
39.52,-0.0521691828839585,-1,1,0.6,10
39.53,-0.0519869995369446,-1,1,0.6,10
39.54,-0.051804348307286,-1,1,0.6,10
39.55,-0.0516212308388423,-1,1,0.6,10
39.56,-0.0514376487796694,-1,1,0.6,10
39.57,-0.0512536037820047,-1,1,0.6,10
39.58,-0.0510690975022521,-1,1,0.6,10
39.59,-0.0508841316009665,-1,1,0.6,10
39.6,-0.0506987077428399,-1,1,0.6,10
39.61,-0.0505128275966861,-1,1,0.6,10
39.62,-0.0503264928354247,-1,1,0.6,10
39.63,-0.0501397051360674,-1,1,0.6,10
39.64,-0.0499524661797026,-1,1,0.6,10
39.65,-0.0497647776514792,-1,1,0.6,10
39.66,-0.0495766412405929,-1,1,0.6,10
39.67,-0.0493880586402699,-1,1,0.6,10
39.68,-0.0491990315477527,-1,1,0.6,10
39.69,-0.0490095616642837,-1,1,0.6,10
39.7,-0.0488196506950904,-1,1,0.6,10
39.71,-0.0486293003493703,-1,1,0.6,10
39.72,-0.0484385123402755,-1,1,0.6,10
39.73,-0.0482472883848965,-1,1,0.6,10
39.74,-0.0480556302042476,-1,1,0.6,10
39.75,-0.0478635395232515,-1,1,0.6,10
39.76,-0.0476710180707226,-1,1,0.6,10
39.77,-0.0474780675793529,-1,1,0.6,10
39.78,-0.0472846897856954,-1,1,0.6,10
39.79,-0.047090886430149,-1,1,0.6,10
39.8,-0.0468966592569426,-1,1,0.6,10
39.81,-0.0467020100141195,-1,1,0.6,10
39.82,-0.0465069404535214,-1,1,0.6,10
39.83,-0.0463114523307733,-1,1,0.6,10
39.84,-0.0461155474052668,-1,1,0.6,10
39.85,-0.0459192274401448,-1,1,0.6,10
39.86,-0.0457224942022858,-1,1,0.6,10
39.87,-0.0455253494622878,-1,1,0.6,10
39.88,-0.0453277949944517,-1,1,0.6,10
39.89,-0.0451298325767667,-1,1,0.6,10
39.9,-0.0449314639908933,-1,1,0.6,10
39.91,-0.0447326910221471,-1,1,0.6,10
39.92,-0.0445335154594835,-1,1,0.6,10
39.93,-0.0443339390954817,-1,1,0.6,10
39.94,-0.0441339637263271,-1,1,0.6,10
39.95,-0.043933591151797,-1,1,0.6,10
39.96,-0.0437328231752429,-1,1,0.6,10
39.97,-0.0435316616035755,-1,1,0.6,10
39.98,-0.0433301082472476,-1,1,0.6,10
39.99,-0.0431281649202377,-1,1,0.6,10
40,-0.0287903316665065,-1,1,0.6,10
40.01,-0.0291731641147871,-1,1,0.6,10
40.02,-0.029555529793064,-1,1,0.6,10
40.03,-0.0299374225834949,-1,1,0.6,10
40.04,-0.0303188363758032,-1,1,0.6,10
40.05,-0.030699765067376,-1,1,0.6,10
40.06,-0.0310802025633629,-1,1,0.6,10
40.07,-0.0314601427767719,-1,1,0.6,10
40.08,-0.0318395796285672,-1,1,0.6,10
40.09,-0.0322185070477678,-1,1,0.6,10
40.1,-0.0325969189715435,-1,1,0.6,10
40.11,-0.0329748093453105,-1,1,0.6,10
40.12,-0.0333521721228314,-1,1,0.6,10
40.13,-0.0337290012663105,-1,1,0.6,10
40.14,-0.0341052907464882,-1,1,0.6,10
40.15,-0.0344810345427416,-1,1,0.6,10
40.16,-0.0348562266431782,-1,1,0.6,10
40.17,-0.0352308610447321,-1,1,0.6,10
40.18,-0.0356049317532606,-1,1,0.6,10
40.19,-0.0359784327836409,-1,1,0.6,10
40.2,-0.0363513581598639,-1,1,0.6,10
40.21,-0.0367237019151322,-1,1,0.6,10
40.22,-0.0370954580919532,-1,1,0.6,10
40.23,-0.0374666207422358,-1,1,0.6,10
40.24,-0.0378371839273862,-1,1,0.6,10
40.25,-0.0382071417184009,-1,1,0.6,10
40.26,-0.0385764881959629,-1,1,0.6,10
40.27,-0.038945217450537,-1,1,0.6,10
40.28,-0.0393133235824628,-1,1,0.6,10
40.29,-0.0396808007020496,-1,1,0.6,10
40.3,-0.040047642929672,-1,1,0.6,10
40.31,-0.0404138443958619,-1,1,0.6,10
40.32,-0.0407793992414033,-1,1,0.6,10
40.33,-0.0411443016174271,-1,1,0.6,10
40.34,-0.0415085456855024,-1,1,0.6,10
40.35,-0.0418721256177327,-1,1,0.6,10
40.36,-0.0422350355968463,-1,1,0.6,10
40.37,-0.042597269816291,-1,1,0.6,10
40.38,-0.0429588224803278,-1,1,0.6,10
40.39,-0.0433196878041213,-1,1,0.6,10
40.4,-0.0436798600138338,-1,1,0.6,10
40.41,-0.0440393333467179,-1,1,0.6,10
40.42,-0.0443981020512086,-1,1,0.6,10
40.43,-0.044756160387013,-1,1,0.6,10
40.44,-0.045113502625206,-1,1,0.6,10
40.45,-0.0454701230483198,-1,1,0.6,10
40.46,-0.0458260159504348,-1,1,0.6,10
40.47,-0.0461811756372719,-1,1,0.6,10
40.48,-0.0465355964262843,-1,1,0.6,10
40.49,-0.0468892726467466,-1,1,0.6,10
40.5,-0.0472421986398466,-1,1,0.6,10
40.51,-0.0475943687587765,-1,1,0.6,10
40.52,-0.0479457773688213,-1,1,0.6,10
40.53,-0.0482964188474514,-1,1,0.6,10
40.54,-0.0486462875844102,-1,1,0.6,10
40.55,-0.0489953779818051,-1,1,0.6,10
40.56,-0.0493436844541979,-1,1,0.6,10
40.57,-0.0496912014286921,-1,1,0.6,10
40.58,-0.0500379233450232,-1,1,0.6,10
40.59,-0.0503838446556485,-1,1,0.6,10
40.6,-0.0507289598258342,-1,1,0.6,10
40.61,-0.0510732633337446,-1,1,0.6,10
40.62,-0.0514167496705316,-1,1,0.6,10
40.63,-0.0517594133404207,-1,1,0.6,10
40.64,-0.0521012488608002,-1,1,0.6,10
40.65,-0.0524422507623098,-1,1,0.6,10
40.66,-0.0527824135889256,-1,1,0.6,10
40.67,-0.0531217318980504,-1,1,0.6,10
40.68,-0.053460200260598,-1,1,0.6,10
40.69,-0.0537978132610817,-1,1,0.6,10
40.7,-0.0541345654977008,-1,1,0.6,10
40.71,-0.0544704515824275,-1,1,0.6,10
40.72,-0.0548054661410903,-1,1,0.6,10
40.73,-0.055139603813464,-1,1,0.6,10
40.74,-0.0554728592533536,-1,1,0.6,10
40.75,-0.0558052271286779,-1,1,0.6,10
40.76,-0.0561367021215588,-1,1,0.6,10
40.77,-0.0564672789284035,-1,1,0.6,10
40.78,-0.0567969522599901,-1,1,0.6,10
40.79,-0.0571257168415518,-1,1,0.6,10
40.8,-0.0574535674128631,-1,1,0.6,10
40.81,-0.0577804987283214,-1,1,0.6,10
40.82,-0.0581065055570324,-1,1,0.6,10
40.83,-0.0584315826828945,-1,1,0.6,10
40.84,-0.0587557249046798,-1,1,0.6,10
40.85,-0.0590789270361204,-1,1,0.6,10
40.86,-0.0594011839059888,-1,1,0.6,10
40.87,-0.0597224903581816,-1,1,0.6,10
40.88,-0.0600428412518031,-1,1,0.6,10
40.89,-0.0603622314612454,-1,1,0.6,10
40.9,-0.0606806558762718,-1,1,0.6,10
40.91,-0.060998109402099,-1,1,0.6,10
40.92,-0.0613145869594771,-1,1,0.6,10
40.93,-0.0616300834847715,-1,1,0.6,10
40.94,-0.0619445939300453,-1,1,0.6,10
40.95,-0.0622581132631376,-1,1,0.6,10
40.96,-0.0625706364677457,-1,1,0.6,10
40.97,-0.0628821585435054,-1,1,0.6,10
40.98,-0.0631926745060696,-1,1,0.6,10
40.99,-0.06350217938719,-1,1,0.6,10
41,-0.063810668234795,-1,1,0.6,10
41.01,-0.0641181361130693,-1,1,0.6,10
41.02,-0.0644245781025336,-1,1,0.6,10
41.03,-0.0647299893001232,-1,1,0.6,10
41.04,-0.0650343648192643,-1,1,0.6,10
41.05,-0.0653376997899558,-1,1,0.6,10
41.06,-0.065639989358845,-1,1,0.6,10
41.07,-0.0659412286893043,-1,1,0.6,10
41.08,-0.0662414129615112,-1,1,0.6,10
41.09,-0.0665405373725242,-1,1,0.6,10
41.1,-0.0668385971363588,-1,1,0.6,10
41.11,-0.0671355874840648,-1,1,0.6,10
41.12,-0.0674315036638036,-1,1,0.6,10
41.13,-0.0677263409409223,-1,1,0.6,10
41.14,-0.0680200945980305,-1,1,0.6,10
41.15,-0.0683127599350765,-1,1,0.6,10
41.16,-0.0686043322694206,-1,1,0.6,10
41.17,-0.0688948069359122,-1,1,0.6,10
41.18,-0.0691841792869625,-1,1,0.6,10
41.19,-0.06947244469262,-1,1,0.6,10
41.2,-0.0697595985406447,-1,1,0.6,10
41.21,-0.070045636236581,-1,1,0.6,10
41.22,-0.0703305532038315,-1,1,0.6,10
41.23,-0.0706143448837314,-1,1,0.6,10
41.24,-0.0708970067356196,-1,1,0.6,10
41.25,-0.0711785342369123,-1,1,0.6,10
41.26,-0.0714589228831759,-1,1,0.6,10
41.27,-0.0717381681881976,-1,1,0.6,10
41.28,-0.0720162656840589,-1,1,0.6,10
41.29,-0.0722932109212056,-1,1,0.6,10
41.3,-0.0725689994685196,-1,1,0.6,10
41.31,-0.0728436269133905,-1,1,0.6,10
41.32,-0.0731170888617847,-1,1,0.6,10
41.33,-0.0733893809383168,-1,1,0.6,10
41.34,-0.0736604987863195,-1,1,0.6,10
41.35,-0.0739304380679135,-1,1,0.6,10
41.36,-0.0741991944640751,-1,1,0.6,10
41.37,-0.0744667636747082,-1,1,0.6,10
41.38,-0.0747331414187116,-1,1,0.6,10
41.39,-0.0749983234340462,-1,1,0.6,10
41.4,-0.0752623054778058,-1,1,0.6,10
41.41,-0.0755250833262835,-1,1,0.6,10
41.42,-0.0757866527750392,-1,1,0.6,10
41.43,-0.0760470096389671,-1,1,0.6,10
41.44,-0.0763061497523633,-1,1,0.6,10
41.45,-0.0765640689689914,-1,1,0.6,10
41.46,-0.0768207631621491,-1,1,0.6,10
41.47,-0.0770762282247352,-1,1,0.6,10
41.48,-0.0773304600693139,-1,1,0.6,10
41.49,-0.0775834546281813,-1,1,0.6,10
41.5,-0.0778352078534298,-1,1,0.6,10
41.51,-0.078085715717013,-1,1,0.6,10
41.52,-0.0783349742108107,-1,1,0.6,10
41.53,-0.0785829793466922,-1,1,0.6,10
41.54,-0.0788297271565803,-1,1,0.6,10
41.55,-0.0790752136925159,-1,1,0.6,10
41.56,-0.0793194350267193,-1,1,0.6,10
41.57,-0.0795623872516542,-1,1,0.6,10
41.58,-0.0798040664800906,-1,1,0.6,10
41.59,-0.0800444688451657,-1,1,0.6,10
41.6,-0.080283590500447,-1,1,0.6,10
41.61,-0.080521427619993,-1,1,0.6,10
41.62,-0.0807579763984148,-1,1,0.6,10
41.63,-0.0809932330509371,-1,1,0.6,10
41.64,-0.0812271938134585,-1,1,0.6,10
41.65,-0.0814598549426116,-1,1,0.6,10
41.66,-0.0816912127158233,-1,1,0.6,10
41.67,-0.0819212634313748,-1,1,0.6,10
41.68,-0.0821500034084586,-1,1,0.6,10
41.69,-0.0823774289872404,-1,1,0.6,10
41.7,-0.0826035365289162,-1,1,0.6,10
41.71,-0.0828283224157694,-1,1,0.6,10
41.72,-0.0830517830512308,-1,1,0.6,10
41.73,-0.0832739148599355,-1,1,0.6,10
41.74,-0.0834947142877789,-1,1,0.6,10
41.75,-0.0837141778019747,-1,1,0.6,10
41.76,-0.0839323018911118,-1,1,0.6,10
41.77,-0.0841490830652089,-1,1,0.6,10
41.78,-0.0843645178557725,-1,1,0.6,10
41.79,-0.08457860281585,-1,1,0.6,10
41.8,-0.0847913345200867,-1,1,0.6,10
41.81,-0.0850027095647802,-1,1,0.6,10
41.82,-0.085212724567934,-1,1,0.6,10
41.83,-0.0854213761693123,-1,1,0.6,10
41.84,-0.0856286610304945,-1,1,0.6,10
41.85,-0.085834575834927,-1,1,0.6,10
41.86,-0.086039117287977,-1,1,0.6,10
41.87,-0.0862422821169861,-1,1,0.6,10
41.88,-0.0864440670713212,-1,1,0.6,10
41.89,-0.0866444689224271,-1,1,0.6,10
41.9,-0.0868434844638788,-1,1,0.6,10
41.91,-0.0870411105114316,-1,1,0.6,10
41.92,-0.0872373439030733,-1,1,0.6,10
41.93,-0.0874321814990735,-1,1,0.6,10
41.94,-0.0876256201820348,-1,1,0.6,10
41.95,-0.0878176568569428,-1,1,0.6,10
41.96,-0.0880082884512144,-1,1,0.6,10
41.97,-0.0881975119147482,-1,1,0.6,10
41.98,-0.0883853242199729,-1,1,0.6,10
41.99,-0.088571722361896,-1,1,0.6,10
42,-0.0887567033581505,-1,1,0.6,10
42.01,-0.0889402642490447,-1,1,0.6,10
42.02,-0.0891224020976085,-1,1,0.6,10
42.03,-0.08930311398964,-1,1,0.6,10
42.04,-0.0894823970337526,-1,1,0.6,10
42.05,-0.0896602483614218,-1,1,0.6,10
42.06,-0.08983666512703,-1,1,0.6,10
42.07,-0.0900116445079125,-1,1,0.6,10
42.08,-0.0901851837044033,-1,1,0.6,10
42.09,-0.0903572799398786,-1,1,0.6,10
42.1,-0.0905279304608026,-1,1,0.6,10
42.11,-0.0906971325367706,-1,1,0.6,10
42.12,-0.0908648834605526,-1,1,0.6,10
42.13,-0.0910311805481379,-1,1,0.6,10
42.14,-0.0911960211387765,-1,1,0.6,10
42.15,-0.0913594025950221,-1,1,0.6,10
42.16,-0.0915213223027754,-1,1,0.6,10
42.17,-0.0916817776713243,-1,1,0.6,10
42.18,-0.0918407661333862,-1,1,0.6,10
42.19,-0.0919982851451494,-1,1,0.6,10
42.2,-0.0921543321863129,-1,1,0.6,10
42.21,-0.0923089047601272,-1,1,0.6,10
42.22,-0.0924620003934347,-1,1,0.6,10
42.23,-0.0926136166367084,-1,1,0.6,10
42.24,-0.0927637510640917,-1,1,0.6,10
42.25,-0.092912401273437,-1,1,0.6,10
42.26,-0.0930595648863439,-1,1,0.6,10
42.27,-0.0932052395481979,-1,1,0.6,10
42.28,-0.0933494229282077,-1,1,0.6,10
42.29,-0.0934921127194419,-1,1,0.6,10
42.3,-0.0936333066388671,-1,1,0.6,10
42.31,-0.0937730024273838,-1,1,0.6,10
42.32,-0.0939111978498619,-1,1,0.6,10
42.33,-0.0940478906951779,-1,1,0.6,10
42.34,-0.0941830787762492,-1,1,0.6,10
42.35,-0.0943167599300694,-1,1,0.6,10
42.36,-0.0944489320177426,-1,1,0.6,10
42.37,-0.0945795929245186,-1,1,0.6,10
42.38,-0.0947087405598254,-1,1,0.6,10
42.39,-0.0948363728573037,-1,1,0.6,10
42.4,-0.0949624877748395,-1,1,0.6,10
42.41,-0.0950870832945967,-1,1,0.6,10
42.42,-0.0952101574230498,-1,1,0.6,10
42.43,-0.0953317081910153,-1,1,0.6,10
42.44,-0.0954517336536833,-1,1,0.6,10
42.45,-0.0955702318906493,-1,1,0.6,10
42.46,-0.0956872010059439,-1,1,0.6,10
42.47,-0.0958026391280637,-1,1,0.6,10
42.48,-0.0959165444100012,-1,1,0.6,10
42.49,-0.0960289150292744,-1,1,0.6,10
42.5,-0.0961397491879557,-1,1,0.6,10
42.51,-0.096249045112701,-1,1,0.6,10
42.52,-0.0963568010547778,-1,1,0.6,10
42.53,-0.0964630152900934,-1,1,0.6,10
42.54,-0.0965676861192222,-1,1,0.6,10
42.55,-0.0966708118674331,-1,1,0.6,10
42.56,-0.0967723908847165,-1,1,0.6,10
42.57,-0.0968724215458103,-1,1,0.6,10
42.58,-0.0969709022502259,-1,1,0.6,10
42.59,-0.0970678314222741,-1,1,0.6,10
42.6,-0.0971632075110906,-1,1,0.6,10
42.61,-0.0972570289906595,-1,1,0.6,10
42.62,-0.0973492943598394,-1,1,0.6,10
42.63,-0.0974400021423865,-1,1,0.6,10
42.64,-0.0975291508869778,-1,1,0.6,10
42.65,-0.0976167391672356,-1,1,0.6,10
42.66,-0.0977027655817493,-1,1,0.6,10
42.67,-0.097787228754098,-1,1,0.6,10
42.68,-0.0978701273328727,-1,1,0.6,10
42.69,-0.097951459991698,-1,1,0.6,10
42.7,-0.0980312254292531,-1,1,0.6,10
42.71,-0.0981094223692925,-1,1,0.6,10
42.72,-0.0981860495606672,-1,1,0.6,10
42.73,-0.0982611057773434,-1,1,0.6,10
42.74,-0.0983345898184235,-1,1,0.6,10
42.75,-0.0984065005081644,-1,1,0.6,10
42.76,-0.0984768366959963,-1,1,0.6,10
42.77,-0.098545597256542,-1,1,0.6,10
42.78,-0.0986127810896339,-1,1,0.6,10
42.79,-0.0986783871203321,-1,1,0.6,10
42.8,-0.0987424142989415,-1,1,0.6,10
42.81,-0.0988048616010287,-1,1,0.6,10
42.82,-0.098865728027438,-1,1,0.6,10
42.83,-0.0989250126043081,-1,1,0.6,10
42.84,-0.0989827143830868,-1,1,0.6,10
42.85,-0.0990388324405471,-1,1,0.6,10
42.86,-0.0990933658788012,-1,1,0.6,10
42.87,-0.0991463138253151,-1,1,0.6,10
42.88,-0.0991976754329231,-1,1,0.6,10
42.89,-0.0992474498798403,-1,1,0.6,10
42.9,-0.0992956363696766,-1,1,0.6,10
42.91,-0.0993422341314494,-1,1,0.6,10
42.92,-0.0993872424195954,-1,1,0.6,10
42.93,-0.0994306605139829,-1,1,0.6,10
42.94,-0.0994724877199234,-1,1,0.6,10
42.95,-0.0995127233681825,-1,1,0.6,10
42.96,-0.0995513668149905,-1,1,0.6,10
42.97,-0.0995884174420534,-1,1,0.6,10
42.98,-0.0996238746565617,-1,1,0.6,10
42.99,-0.0996577378912008,-1,1,0.6,10
43,-0.0996900066041596,-1,1,0.6,10
43.01,-0.0997206802791396,-1,1,0.6,10
43.02,-0.0997497584253624,-1,1,0.6,10
43.03,-0.0997772405775784,-1,1,0.6,10
43.04,-0.0998031262960737,-1,1,0.6,10
43.05,-0.0998274151666775,-1,1,0.6,10
43.06,-0.0998501068007682,-1,1,0.6,10
43.07,-0.0998712008352803,-1,1,0.6,10
43.08,-0.0998906969327095,-1,1,0.6,10
43.09,-0.0999085947811189,-1,1,0.6,10
43.1,-0.0999248940941431,-1,1,0.6,10
43.11,-0.0999395946109936,-1,1,0.6,10
43.12,-0.0999526960964623,-1,1,0.6,10
43.13,-0.0999641983409258,-1,1,0.6,10
43.14,-0.0999741011603485,-1,1,0.6,10
43.15,-0.0999824043962853,-1,1,0.6,10
43.16,-0.0999891079158848,-1,1,0.6,10
43.17,-0.0999942116118906,-1,1,0.6,10
43.18,-0.099997715402644,-1,1,0.6,10
43.19,-0.0999996192320841,-1,1,0.6,10
43.2,-0.0999999230697499,-1,1,0.6,10
43.21,-0.0999986269107799,-1,1,0.6,10
43.22,-0.0999957307759126,-1,1,0.6,10
43.23,-0.0999912347114861,-1,1,0.6,10
43.24,-0.0999851387894374,-1,1,0.6,10
43.25,-0.0999774431073011,-1,1,0.6,10
43.26,-0.099968147788208,-1,1,0.6,10
43.27,-0.0999572529808828,-1,1,0.6,10
43.28,-0.0999447588596424,-1,1,0.6,10
43.29,-0.0999306656243924,-1,1,0.6,10
43.3,-0.0999149735006242,-1,1,0.6,10
43.31,-0.0998976827394116,-1,1,0.6,10
43.32,-0.0998787936174063,-1,1,0.6,10
43.33,-0.0998583064368338,-1,1,0.6,10
43.34,-0.0998362215254887,-1,1,0.6,10
43.35,-0.099812539236729,-1,1,0.6,10
43.36,-0.0997872599494708,-1,1,0.6,10
43.37,-0.0997603840681822,-1,1,0.6,10
43.38,-0.0997319120228768,-1,1,0.6,10
43.39,-0.0997018442691066,-1,1,0.6,10
43.4,-0.0996701812879551,-1,1,0.6,10
43.41,-0.0996369235860293,-1,1,0.6,10
43.42,-0.0996020716954517,-1,1,0.6,10
43.43,-0.0995656261738518,-1,1,0.6,10
43.44,-0.0995275876043571,-1,1,0.6,10
43.45,-0.0994879565955841,-1,1,0.6,10
43.46,-0.099446733781628,-1,1,0.6,10
43.47,-0.0994039198220528,-1,1,0.6,10
43.48,-0.0993595154018811,-1,1,0.6,10
43.49,-0.0993135212315828,-1,1,0.6,10
43.5,-0.0992659380470633,-1,1,0.6,10
43.51,-0.0992167666096528,-1,1,0.6,10
43.52,-0.0991660077060931,-1,1,0.6,10
43.53,-0.0991136621485257,-1,1,0.6,10
43.54,-0.0990597307744783,-1,1,0.6,10
43.55,-0.0990042144468519,-1,1,0.6,10
43.56,-0.0989471140539063,-1,1,0.6,10
43.57,-0.0988884305092467,-1,1,0.6,10
43.58,-0.0988281647518087,-1,1,0.6,10
43.59,-0.0987663177458429,-1,1,0.6,10
43.6,-0.0987028904809003,-1,1,0.6,10
43.61,-0.0986378839718155,-1,1,0.6,10
43.62,-0.0985712992586915,-1,1,0.6,10
43.63,-0.0985031374068823,-1,1,0.6,10
43.64,-0.0984333995069759,-1,1,0.6,10
43.65,-0.0983620866747772,-1,1,0.6,10
43.66,-0.0982892000512903,-1,1,0.6,10
43.67,-0.0982147408026993,-1,1,0.6,10
43.68,-0.0981387101203507,-1,1,0.6,10
43.69,-0.0980611092207339,-1,1,0.6,10
43.7,-0.0979819393454614,-1,1,0.6,10
43.71,-0.0979012017612497,-1,1,0.6,10
43.72,-0.0978188977598984,-1,1,0.6,10
43.73,-0.0977350286582697,-1,1,0.6,10
43.74,-0.0976495957982676,-1,1,0.6,10
43.75,-0.0975626005468158,-1,1,0.6,10
43.76,-0.0974740442958365,-1,1,0.6,10
43.77,-0.0973839284622281,-1,1,0.6,10
43.78,-0.0972922544878417,-1,1,0.6,10
43.79,-0.0971990238394591,-1,1,0.6,10
43.8,-0.0971042380087687,-1,1,0.6,10
43.81,-0.0970078985123417,-1,1,0.6,10
43.82,-0.0969100068916079,-1,1,0.6,10
43.83,-0.0968105647128314,-1,1,0.6,10
43.84,-0.0967095735670847,-1,1,0.6,10
43.85,-0.0966070350702241,-1,1,0.6,10
43.86,-0.0965029508628633,-1,1,0.6,10
43.87,-0.0963973226103474,-1,1,0.6,10
43.88,-0.0962901520027263,-1,1,0.6,10
43.89,-0.0961814407547272,-1,1,0.6,10
43.9,-0.0960711906057281,-1,1,0.6,10
43.91,-0.0959594033197286,-1,1,0.6,10
43.92,-0.0958460806853232,-1,1,0.6,10
43.93,-0.0957312245156716,-1,1,0.6,10
43.94,-0.09561483664847,-1,1,0.6,10
43.95,-0.0954969189459217,-1,1,0.6,10
43.96,-0.0953774732947077,-1,1,0.6,10
43.97,-0.0952565016059556,-1,1,0.6,10
43.98,-0.0951340058152099,-1,1,0.6,10
43.99,-0.0950099878824008,-1,1,0.6,10
44,-0.0948844497918124,-1,1,0.6,10
44.01,-0.0947573935520516,-1,1,0.6,10
44.02,-0.0946288211960154,-1,1,0.6,10
44.03,-0.0944987347808587,-1,1,0.6,10
44.04,-0.0943671363879617,-1,1,0.6,10
44.05,-0.0942340281228955,-1,1,0.6,10
44.06,-0.0940994121153896,-1,1,0.6,10
44.07,-0.0939632905192975,-1,1,0.6,10
44.08,-0.0938256655125615,-1,1,0.6,10
44.09,-0.0936865392971789,-1,1,0.6,10
44.1,-0.0935459140991665,-1,1,0.6,10
44.11,-0.0934037921685237,-1,1,0.6,10
44.12,-0.093260175779199,-1,1,0.6,10
44.13,-0.0931150672290516,-1,1,0.6,10
44.14,-0.0929684688398146,-1,1,0.6,10
44.15,-0.0928203829570598,-1,1,0.6,10
44.16,-0.0926708119501578,-1,1,0.6,10
44.17,-0.0925197582122413,-1,1,0.6,10
44.18,-0.0923672241601675,-1,1,0.6,10
44.19,-0.0922132122344776,-1,1,0.6,10
44.2,-0.0920577248993589,-1,1,0.6,10
44.21,-0.0919007646426059,-1,1,0.6,10
44.22,-0.0917423339755793,-1,1,0.6,10
44.23,-0.0915824354331659,-1,1,0.6,10
44.24,-0.0914210715737397,-1,1,0.6,10
44.25,-0.0912582449791185,-1,1,0.6,10
44.26,-0.0910939582545243,-1,1,0.6,10
44.27,-0.0909282140285416,-1,1,0.6,10
44.28,-0.0907610149530741,-1,1,0.6,10
44.29,-0.0905923637033036,-1,1,0.6,10
44.3,-0.0904222629776466,-1,1,0.6,10
44.31,-0.0902507154977109,-1,1,0.6,10
44.32,-0.0900777240082525,-1,1,0.6,10
44.33,-0.0899032912771318,-1,1,0.6,10
44.34,-0.0897274200952684,-1,1,0.6,10
44.35,-0.0895501132765978,-1,1,0.6,10
44.36,-0.0893713736580251,-1,1,0.6,10
44.37,-0.0891912040993804,-1,1,0.6,10
44.38,-0.0890096074833731,-1,1,0.6,10
44.39,-0.0888265867155447,-1,1,0.6,10
44.4,-0.0886421447242238,-1,1,0.6,10
44.41,-0.0884562844604786,-1,1,0.6,10
44.42,-0.0882690088980689,-1,1,0.6,10
44.43,-0.0880803210333999,-1,1,0.6,10
44.44,-0.0878902238854735,-1,1,0.6,10
44.45,-0.0876987204958398,-1,1,0.6,10
44.46,-0.0875058139285491,-1,1,0.6,10
44.47,-0.0873115072701025,-1,1,0.6,10
44.48,-0.087115803629402,-1,1,0.6,10
44.49,-0.0869187061377021,-1,1,0.6,10
44.5,-0.0867202179485581,-1,1,0.6,10
44.51,-0.0865203422377772,-1,1,0.6,10
44.52,-0.086319082203366,-1,1,0.6,10
44.53,-0.086116441065481,-1,1,0.6,10
44.54,-0.0859124220663763,-1,1,0.6,10
44.55,-0.0857070284703512,-1,1,0.6,10
44.56,-0.085500263563699,-1,1,0.6,10
44.57,-0.0852921306546539,-1,1,0.6,10
44.58,-0.0850826330733377,-1,1,0.6,10
44.59,-0.0848717741717075,-1,1,0.6,10
44.6,-0.0846595573235013,-1,1,0.6,10
44.61,-0.0844459859241838,-1,1,0.6,10
44.62,-0.084231063390893,-1,1,0.6,10
44.63,-0.0840147931623851,-1,1,0.6,10
44.64,-0.0837971786989787,-1,1,0.6,10
44.65,-0.083578223482501,-1,1,0.6,10
44.66,-0.0833579310162303,-1,1,0.6,10
44.67,-0.0831363048248418,-1,1,0.6,10
44.68,-0.0829133484543498,-1,1,0.6,10
44.69,-0.0826890654720511,-1,1,0.6,10
44.7,-0.0824634594664689,-1,1,0.6,10
44.71,-0.0822365340472947,-1,1,0.6,10
44.72,-0.0820082928453299,-1,1,0.6,10
44.73,-0.0817787395124291,-1,1,0.6,10
44.74,-0.0815478777214411,-1,1,0.6,10
44.75,-0.0813157111661486,-1,1,0.6,10
44.76,-0.0810822435612127,-1,1,0.6,10
44.77,-0.0808474786421095,-1,1,0.6,10
44.78,-0.0806114201650723,-1,1,0.6,10
44.79,-0.0803740719070327,-1,1,0.6,10
44.8,-0.0801354376655571,-1,1,0.6,10
44.81,-0.0798955212587881,-1,1,0.6,10
44.82,-0.0796543265253838,-1,1,0.6,10
44.83,-0.0794118573244543,-1,1,0.6,10
44.84,-0.0791681175355014,-1,1,0.6,10
44.85,-0.0789231110583574,-1,1,0.6,10
44.86,-0.0786768418131198,-1,1,0.6,10
44.87,-0.0784293137400914,-1,1,0.6,10
44.88,-0.078180530799717,-1,1,0.6,10
44.89,-0.0779304969725172,-1,1,0.6,10
44.9,-0.0776792162590283,-1,1,0.6,10
44.91,-0.0774266926797367,-1,1,0.6,10
44.92,-0.0771729302750137,-1,1,0.6,10
44.93,-0.0769179331050527,-1,1,0.6,10
44.94,-0.0766617052498032,-1,1,0.6,10
44.95,-0.0764042508089049,-1,1,0.6,10
44.96,-0.0761455739016236,-1,1,0.6,10
44.97,-0.0758856786667845,-1,1,0.6,10
44.98,-0.0756245692627054,-1,1,0.6,10
44.99,-0.0753622498671317,-1,1,0.6,10
45,-0.0750987246771676,-1,1,0.6,10
45.01,-0.0748339979092108,-1,1,0.6,10
45.02,-0.0745680737988841,-1,1,0.6,10
45.03,-0.0743009566009672,-1,1,0.6,10
45.04,-0.0740326505893298,-1,1,0.6,10
45.05,-0.0737631600568625,-1,1,0.6,10
45.06,-0.0734924893154077,-1,1,0.6,10
45.07,-0.0732206426956917,-1,1,0.6,10
45.08,-0.0729476245472548,-1,1,0.6,10
45.09,-0.0726734392383811,-1,1,0.6,10
45.1,-0.0723980911560303,-1,1,0.6,10
45.11,-0.0721215847057652,-1,1,0.6,10
45.12,-0.0718439243116834,-1,1,0.6,10
45.13,-0.0715651144163455,-1,1,0.6,10
45.14,-0.0712851594807034,-1,1,0.6,10
45.15,-0.0710040639840307,-1,1,0.6,10
45.16,-0.0707218324238487,-1,1,0.6,10
45.17,-0.0704384693158566,-1,1,0.6,10
45.18,-0.0701539791938585,-1,1,0.6,10
45.19,-0.0698683666096896,-1,1,0.6,10
45.2,-0.0695816361331455,-1,1,0.6,10
45.21,-0.0692937923519079,-1,1,0.6,10
45.22,-0.0690048398714706,-1,1,0.6,10
45.23,-0.0687147833150676,-1,1,0.6,10
45.24,-0.0684236273235977,-1,1,0.6,10
45.25,-0.06813137655555,-1,1,0.6,10
45.26,-0.0678380356869312,-1,1,0.6,10
45.27,-0.0675436094111883,-1,1,0.6,10
45.28,-0.0672481024391358,-1,1,0.6,10
45.29,-0.0669515194988792,-1,1,0.6,10
45.3,-0.0666538653357386,-1,1,0.6,10
45.31,-0.0663551447121745,-1,1,0.6,10
45.32,-0.066055362407711,-1,1,0.6,10
45.33,-0.0657545232188578,-1,1,0.6,10
45.34,-0.0654526319590359,-1,1,0.6,10
45.35,-0.0651496934584995,-1,1,0.6,10
45.36,-0.0648457125642568,-1,1,0.6,10
45.37,-0.0645406941399967,-1,1,0.6,10
45.38,-0.0642346430660078,-1,1,0.6,10
45.39,-0.0639275642390993,-1,1,0.6,10
45.4,-0.0636194625725274,-1,1,0.6,10
45.41,-0.0633103429959115,-1,1,0.6,10
45.42,-0.0630002104551578,-1,1,0.6,10
45.43,-0.0626890699123813,-1,1,0.6,10
45.44,-0.0623769263458236,-1,1,0.6,10
45.45,-0.0620637847497745,-1,1,0.6,10
45.46,-0.0617496501344941,-1,1,0.6,10
45.47,-0.0614345275261287,-1,1,0.6,10
45.48,-0.061118421966633,-1,1,0.6,10
45.49,-0.0608013385136906,-1,1,0.6,10
45.5,-0.0604832822406284,-1,1,0.6,10
45.51,-0.0601642582363407,-1,1,0.6,10
45.52,-0.059844271605205,-1,1,0.6,10
45.53,-0.0595233274670001,-1,1,0.6,10
45.54,-0.0592014309568254,-1,1,0.6,10
45.55,-0.0588785872250188,-1,1,0.6,10
45.56,-0.0585548014370723,-1,1,0.6,10
45.57,-0.058230078773552,-1,1,0.6,10
45.58,-0.0579044244300138,-1,1,0.6,10
45.59,-0.0575778436169198,-1,1,0.6,10
45.6,-0.0572503415595565,-1,1,0.6,10
45.61,-0.0569219234979493,-1,1,0.6,10
45.62,-0.0565925946867805,-1,1,0.6,10
45.63,-0.0562623603953042,-1,1,0.6,10
45.64,-0.0559312259072617,-1,1,0.6,10
45.65,-0.0555991965207978,-1,1,0.6,10
45.66,-0.055266277548376,-1,1,0.6,10
45.67,-0.0549324743166921,-1,1,0.6,10
45.68,-0.0545977921665911,-1,1,0.6,10
45.69,-0.0542622364529804,-1,1,0.6,10
45.7,-0.0539258125447438,-1,1,0.6,10
45.71,-0.0535885258246569,-1,1,0.6,10
45.72,-0.0532503816893003,-1,1,0.6,10
45.73,-0.0529113855489724,-1,1,0.6,10
45.74,-0.0525715428276048,-1,1,0.6,10
45.75,-0.0522308589626732,-1,1,0.6,10
45.76,-0.0518893394051127,-1,1,0.6,10
45.77,-0.0515469896192284,-1,1,0.6,10
45.78,-0.0512038150826099,-1,1,0.6,10
45.79,-0.0508598212860427,-1,1,0.6,10
45.8,-0.0505150137334196,-1,1,0.6,10
45.81,-0.0501693979416545,-1,1,0.6,10
45.82,-0.0498229794405928,-1,1,0.6,10
45.83,-0.0494757637729227,-1,1,0.6,10
45.84,-0.0491277564940878,-1,1,0.6,10
45.85,-0.0487789631721972,-1,1,0.6,10
45.86,-0.0484293893879363,-1,1,0.6,10
45.87,-0.0480790407344783,-1,1,0.6,10
45.88,-0.0477279228173945,-1,1,0.6,10
45.89,-0.0473760412545635,-1,1,0.6,10
45.9,-0.0470234016760835,-1,1,0.6,10
45.91,-0.0466700097241795,-1,1,0.6,10
45.92,-0.0463158710531155,-1,1,0.6,10
45.93,-0.0459609913291031,-1,1,0.6,10
45.94,-0.0456053762302096,-1,1,0.6,10
45.95,-0.0452490314462693,-1,1,0.6,10
45.96,-0.0448919626787916,-1,1,0.6,10
45.97,-0.0445341756408683,-1,1,0.6,10
45.98,-0.0441756760570848,-1,1,0.6,10
45.99,-0.0438164696634275,-1,1,0.6,10
46,-0.0434565622071894,-1,1,0.6,10
46.01,-0.0430959594468836,-1,1,0.6,10
46.02,-0.0427346671521461,-1,1,0.6,10
46.03,-0.0423726911036452,-1,1,0.6,10
46.04,-0.0420100370929912,-1,1,0.6,10
46.05,-0.0416467109226399,-1,1,0.6,10
46.06,-0.0412827184058017,-1,1,0.6,10
46.07,-0.0409180653663504,-1,1,0.6,10
46.08,-0.0405527576387261,-1,1,0.6,10
46.09,-0.040186801067844,-1,1,0.6,10
46.1,-0.0398202015090032,-1,1,0.6,10
46.11,-0.0394529648277871,-1,1,0.6,10
46.12,-0.039085096899975,-1,1,0.6,10
46.13,-0.0387166036114474,-1,1,0.6,10
46.14,-0.0383474908580873,-1,1,0.6,10
46.15,-0.0379777645456915,-1,1,0.6,10
46.16,-0.0376074305898735,-1,1,0.6,10
46.17,-0.037236494915968,-1,1,0.6,10
46.18,-0.0368649634589383,-1,1,0.6,10
46.19,-0.03649284216328,-1,1,0.6,10
46.2,-0.0361201369829252,-1,1,0.6,10
46.21,-0.0357468538811493,-1,1,0.6,10
46.22,-0.0353729988304743,-1,1,0.6,10
46.23,-0.0349985778125722,-1,1,0.6,10
46.24,-0.0346235968181721,-1,1,0.6,10
46.25,-0.0342480618469613,-1,1,0.6,10
46.26,-0.0338719789074915,-1,1,0.6,10
46.27,-0.0334953540170821,-1,1,0.6,10
46.28,-0.0331181932017226,-1,1,0.6,10
46.29,-0.0327405024959785,-1,1,0.6,10
46.3,-0.0323622879428932,-1,1,0.6,10
46.31,-0.0319835555938909,-1,1,0.6,10
46.32,-0.0316043115086814,-1,1,0.6,10
46.33,-0.0312245617551624,-1,1,0.6,10
46.34,-0.030844312409321,-1,1,0.6,10
46.35,-0.0304635695551394,-1,1,0.6,10
46.36,-0.0300823392844945,-1,1,0.6,10
46.37,-0.0297006276970629,-1,1,0.6,10
46.38,-0.029318440900222,-1,1,0.6,10
46.39,-0.0289357850089518,-1,1,0.6,10
46.4,-0.0285526661457391,-1,1,0.6,10
46.41,-0.0281690904404769,-1,1,0.6,10
46.42,-0.0277850640303686,-1,1,0.6,10
46.43,-0.0274005930598288,-1,1,0.6,10
46.44,-0.0270156836803843,-1,1,0.6,10
46.45,-0.0266303420505773,-1,1,0.6,10
46.46,-0.0262445743358659,-1,1,0.6,10
46.47,-0.0258583867085247,-1,1,0.6,10
46.48,-0.0254717853475478,-1,1,0.6,10
46.49,-0.025084776438549,-1,1,0.6,10
46.5,-0.0246973661736621,-1,1,0.6,10
46.51,-0.0243095607514436,-1,1,0.6,10
46.52,-0.0239213663767713,-1,1,0.6,10
46.53,-0.0235327892607473,-1,1,0.6,10
46.54,-0.0231438356205976,-1,1,0.6,10
46.55,-0.0227545116795712,-1,1,0.6,10
46.56,-0.0223648236668435,-1,1,0.6,10
46.57,-0.0219747778174145,-1,1,0.6,10
46.58,-0.0215843803720089,-1,1,0.6,10
46.59,-0.0211936375769778,-1,1,0.6,10
46.6,-0.0208025556841983,-1,1,0.6,10
46.61,-0.0204111409509707,-1,1,0.6,10
46.62,-0.0200193996399235,-1,1,0.6,10
46.63,-0.01962733801891,-1,1,0.6,10
46.64,-0.0192349623609057,-1,1,0.6,10
46.65,-0.0188422789439148,-1,1,0.6,10
46.66,-0.0184492940508627,-1,1,0.6,10
46.67,-0.0180560139694987,-1,1,0.6,10
46.68,-0.0176624449922971,-1,1,0.6,10
46.69,-0.0172685934163524,-1,1,0.6,10
46.7,-0.0168744655432807,-1,1,0.6,10
46.71,-0.016480067679121,-1,1,0.6,10
46.72,-0.0160854061342301,-1,1,0.6,10
46.73,-0.0156904872231834,-1,1,0.6,10
46.74,-0.015295317264677,-1,1,0.6,10
46.75,-0.0148999025814199,-1,1,0.6,10
46.76,-0.0145042495000394,-1,1,0.6,10
46.77,-0.0141083643509766,-1,1,0.6,10
46.78,-0.0137122534683849,-1,1,0.6,10
46.79,-0.0133159231900302,-1,1,0.6,10
46.8,-0.0129193798571889,-1,1,0.6,10
46.81,-0.0125226298145451,-1,1,0.6,10
46.82,-0.0121256794100914,-1,1,0.6,10
46.83,-0.0117285349950262,-1,1,0.6,10
46.84,-0.011331202923651,-1,1,0.6,10
46.85,-0.0109336895532711,-1,1,0.6,10
46.86,-0.0105360012440912,-1,1,0.6,10
46.87,-0.0101381443591161,-1,1,0.6,10
46.88,-0.00974012526404799,-1,1,0.6,10
46.89,-0.00934195032718306,-1,1,0.6,10
46.9,-0.00894362591931219,-1,1,0.6,10
46.91,-0.00854515841361776,-1,1,0.6,10
46.92,-0.00814655418557065,-1,1,0.6,10
46.93,-0.00774781961283037,-1,1,0.6,10
46.94,-0.00734896107514192,-1,1,0.6,10
46.95,-0.0069499849542327,-1,1,0.6,10
46.96,-0.00655089763371247,-1,1,0.6,10
46.97,-0.00615170549897021,-1,1,0.6,10
46.98,-0.00575241493707085,-1,1,0.6,10
46.99,-0.00535303233665557,-1,1,0.6,10
47,-0.00495356408783674,-1,1,0.6,10
47.01,-0.00455401658209854,-1,1,0.6,10
47.02,-0.00415439621219183,-1,1,0.6,10
47.03,-0.00375470937203434,-1,1,0.6,10
47.04,-0.00335496245660736,-1,1,0.6,10
47.05,-0.00295516186185229,-1,1,0.6,10
47.06,-0.00255531398457048,-1,1,0.6,10
47.07,-0.00215542522231978,-1,1,0.6,10
47.08,-0.00175550197331115,-1,1,0.6,10
47.09,-0.0013555506363084,-1,1,0.6,10
47.1,-0.000955577610524739,-1,1,0.6,10
47.11,-0.000555589295519342,-1,1,0.6,10
47.12,-0.000155592091097069,-1,1,0.6,10
47.13,0.000244407602794987,-1,1,0.6,10
47.14,0.000644403386170968,-1,1,0.6,10
47.15,0.00104438885910616,-1,1,0.6,10
47.16,0.00144435762184225,-1,1,0.6,10
47.17,0.00184430327488719,-1,1,0.6,10
47.18,0.00224421941911873,-1,1,0.6,10
47.19,0.0026440996558878,-1,1,0.6,10
47.2,0.00304393758711877,-1,1,0.6,10
47.21,0.00344372681541294,-1,1,0.6,10
47.22,0.00384346094415188,-1,1,0.6,10
47.23,0.00424313357759771,-1,1,0.6,10
47.24,0.00464273832099611,-1,1,0.6,10
47.25,0.00504226878068148,-1,1,0.6,10
47.26,0.00544171856417322,-1,1,0.6,10
47.27,0.00584108128028402,-1,1,0.6,10
47.28,0.00624035053921965,-1,1,0.6,10
47.29,0.00663951995267908,-1,1,0.6,10
47.3,0.00703858313396091,-1,1,0.6,10
47.31,0.00743753369806346,-1,1,0.6,10
47.32,0.00783636526178479,-1,1,0.6,10
47.33,0.00823507144382912,-1,1,0.6,10
47.34,0.00863364586490673,-1,1,0.6,10
47.35,0.00903208214783363,-1,1,0.6,10
47.36,0.00943037391763956,-1,1,0.6,10
47.37,0.00982851480166433,-1,1,0.6,10
47.38,0.0102264984296609,-1,1,0.6,10
47.39,0.0106243184339015,-1,1,0.6,10
47.4,0.0110219684492737,-1,1,0.6,10
47.41,0.0114194421133856,-1,1,0.6,10
47.42,0.0118167330666676,-1,1,0.6,10
47.43,0.0122138349524727,-1,1,0.6,10
47.44,0.0126107414171787,-1,1,0.6,10
47.45,0.0130074461102914,-1,1,0.6,10
47.46,0.0134039426845438,-1,1,0.6,10
47.47,0.0138002247959989,-1,1,0.6,10
47.48,0.014196286104152,-1,1,0.6,10
47.49,0.01459212027203,-1,1,0.6,10
47.5,0.0149877209662952,-1,1,0.6,10
47.51,0.0153830818573448,-1,1,0.6,10
47.52,0.0157781966194124,-1,1,0.6,10
47.53,0.0161730589306711,-1,1,0.6,10
47.54,0.0165676624733319,-1,1,0.6,10
47.55,0.0169620009337462,-1,1,0.6,10
47.56,0.0173560680025078,-1,1,0.6,10
47.57,0.0177498573745516,-1,1,0.6,10
47.58,0.0181433627492557,-1,1,0.6,10
47.59,0.0185365778305433,-1,1,0.6,10
47.6,0.0189294963269806,-1,1,0.6,10
47.61,0.0193221119518809,-1,1,0.6,10
47.62,0.0197144184234022,-1,1,0.6,10
47.63,0.0201064094646489,-1,1,0.6,10
47.64,0.0204980788037735,-1,1,0.6,10
47.65,0.0208894201740742,-1,1,0.6,10
47.66,0.0212804273140981,-1,1,0.6,10
47.67,0.0216710939677389,-1,1,0.6,10
47.68,0.0220614138843382,-1,1,0.6,10
47.69,0.0224513808187863,-1,1,0.6,10
47.7,0.0228409885316204,-1,1,0.6,10
47.71,0.0232302307891248,-1,1,0.6,10
47.72,0.0236191013634325,-1,1,0.6,10
47.73,0.0240075940326223,-1,1,0.6,10
47.74,0.0243957025808194,-1,1,0.6,10
47.75,0.024783420798296,-1,1,0.6,10
47.76,0.0251707424815682,-1,1,0.6,10
47.77,0.0255576614334979,-1,1,0.6,10
47.78,0.02594417146339,-1,1,0.6,10
47.79,0.0263302663870918,-1,1,0.6,10
47.8,0.0267159400270935,-1,1,0.6,10
47.81,0.0271011862126247,-1,1,0.6,10
47.82,0.0274859987797543,-1,1,0.6,10
47.83,0.0278703715714901,-1,1,0.6,10
47.84,0.0282542984378753,-1,1,0.6,10
47.85,0.0286377732360876,-1,1,0.6,10
47.86,0.0290207898305401,-1,1,0.6,10
47.87,0.0294033420929741,-1,1,0.6,10
47.88,0.0297854239025612,-1,1,0.6,10
47.89,0.0301670291460022,-1,1,0.6,10
47.9,0.0305481517176199,-1,1,0.6,10
47.91,0.0309287855194617,-1,1,0.6,10
47.92,0.0313089244613957,-1,1,0.6,10
47.93,0.0316885624612056,-1,1,0.6,10
47.94,0.0320676934446921,-1,1,0.6,10
47.95,0.0324463113457683,-1,1,0.6,10
47.96,0.0328244101065545,-1,1,0.6,10
47.97,0.0332019836774792,-1,1,0.6,10
47.98,0.0335790260173741,-1,1,0.6,10
47.99,0.033955531093568,-1,1,0.6,10
48,0.0343314928819899,-1,1,0.6,10
48.01,0.0347069053672573,-1,1,0.6,10
48.02,0.0350817625427793,-1,1,0.6,10
48.03,0.0354560584108497,-1,1,0.6,10
48.04,0.0358297869827412,-1,1,0.6,10
48.05,0.0362029422788054,-1,1,0.6,10
48.06,0.0365755183285661,-1,1,0.6,10
48.07,0.0369475091708132,-1,1,0.6,10
48.08,0.0373189088537018,-1,1,0.6,10
48.09,0.0376897114348454,-1,1,0.6,10
48.1,0.0380599109814092,-1,1,0.6,10
48.11,0.0384295015702099,-1,1,0.6,10
48.12,0.0387984772878056,-1,1,0.6,10
48.13,0.0391668322305915,-1,1,0.6,10
48.14,0.0395345605048978,-1,1,0.6,10
48.15,0.0399016562270795,-1,1,0.6,10
48.16,0.0402681135236125,-1,1,0.6,10
48.17,0.0406339265311884,-1,1,0.6,10
48.18,0.0409990893968068,-1,1,0.6,10
48.19,0.0413635962778691,-1,1,0.6,10
48.2,0.0417274413422736,-1,1,0.6,10
48.21,0.0420906187685069,-1,1,0.6,10
48.22,0.0424531227457376,-1,1,0.6,10
48.23,0.0428149474739102,-1,1,0.6,10
48.24,0.0431760871638364,-1,1,0.6,10
48.25,0.0435365360372893,-1,1,0.6,10
48.26,0.0438962883270944,-1,1,0.6,10
48.27,0.0442553382772225,-1,1,0.6,10
48.28,0.0446136801428825,-1,1,0.6,10
48.29,0.044971308190612,-1,1,0.6,10
48.3,0.0453282166983695,-1,1,0.6,10
48.31,0.0456843999556271,-1,1,0.6,10
48.32,0.0460398522634601,-1,1,0.6,10
48.33,0.0463945679346387,-1,1,0.6,10
48.34,0.0467485412937205,-1,1,0.6,10
48.35,0.0471017666771385,-1,1,0.6,10
48.36,0.0474542384332948,-1,1,0.6,10
48.37,0.0478059509226486,-1,1,0.6,10
48.38,0.0481568985178071,-1,1,0.6,10
48.39,0.048507075603617,-1,1,0.6,10
48.4,0.0488564765772518,-1,1,0.6,10
48.41,0.0492050958483039,-1,1,0.6,10
48.42,0.0495529278388722,-1,1,0.6,10
48.43,0.0498999669836518,-1,1,0.6,10
48.44,0.0502462077300245,-1,1,0.6,10
48.45,0.0505916445381455,-1,1,0.6,10
48.46,0.0509362718810329,-1,1,0.6,10
48.47,0.0512800842446571,-1,1,0.6,10
48.48,0.0516230761280273,-1,1,0.6,10
48.49,0.0519652420432805,-1,1,0.6,10
48.5,0.0523065765157699,-1,1,0.6,10
48.51,0.0526470740841507,-1,1,0.6,10
48.52,0.0529867293004695,-1,1,0.6,10
48.53,0.0533255367302499,-1,1,0.6,10
48.54,0.0536634909525799,-1,1,0.6,10
48.55,0.0540005865601998,-1,1,0.6,10
48.56,0.0543368181595867,-1,1,0.6,10
48.57,0.054672180371042,-1,1,0.6,10
48.58,0.055006667828778,-1,1,0.6,10
48.59,0.0553402751810022,-1,1,0.6,10
48.6,0.0556729970900035,-1,1,0.6,10
48.61,0.0560048282322399,-1,1,0.6,10
48.62,0.0563357632984191,-1,1,0.6,10
48.63,0.0566657969935868,-1,1,0.6,10
48.64,0.0569949240372123,-1,1,0.6,10
48.65,0.0573231391632685,-1,1,0.6,10
48.66,0.057650437120321,-1,1,0.6,10
48.67,0.05797681267161,-1,1,0.6,10
48.68,0.0583022605951325,-1,1,0.6,10
48.69,0.0586267756837293,-1,1,0.6,10
48.7,0.0589503527451665,-1,1,0.6,10
48.71,0.0592729866022167,-1,1,0.6,10
48.72,0.0595946720927459,-1,1,0.6,10
48.73,0.0599154040697934,-1,1,0.6,10
48.74,0.0602351774016532,-1,1,0.6,10
48.75,0.0605539869719601,-1,1,0.6,10
48.76,0.0608718276797673,-1,1,0.6,10
48.77,0.0611886944396299,-1,1,0.6,10
48.78,0.0615045821816872,-1,1,0.6,10
48.79,0.0618194858517416,-1,1,0.6,10
48.8,0.0621334004113409,-1,1,0.6,10
48.81,0.0624463208378595,-1,1,0.6,10
48.82,0.0627582421245768,-1,1,0.6,10
48.83,0.0630691592807587,-1,1,0.6,10
48.84,0.0633790673317379,-1,1,0.6,10
48.85,0.0636879613189915,-1,1,0.6,10
48.86,0.063995836300223,-1,1,0.6,10
48.87,0.064302687349439,-1,1,0.6,10
48.88,0.0646085095570289,-1,1,0.6,10
48.89,0.0649132980298444,-1,1,0.6,10
48.9,0.0652170478912763,-1,1,0.6,10
48.91,0.065519754281333,-1,1,0.6,10
48.92,0.0658214123567191,-1,1,0.6,10
48.93,0.0661220172909118,-1,1,0.6,10
48.94,0.0664215642742381,-1,1,0.6,10
48.95,0.0667200485139533,-1,1,0.6,10
48.96,0.0670174652343157,-1,1,0.6,10
48.97,0.0673138096766637,-1,1,0.6,10
48.98,0.0676090770994932,-1,1,0.6,10
48.99,0.0679032627785312,-1,1,0.6,10
49,0.0681963620068136,-1,1,0.6,10
49.01,0.0684883700947584,-1,1,0.6,10
49.02,0.0687792823702431,-1,1,0.6,10
49.03,0.0690690941786772,-1,1,0.6,10
49.04,0.0693578008830776,-1,1,0.6,10
49.05,0.0696453978641438,-1,1,0.6,10
49.06,0.0699318805203299,-1,1,0.6,10
49.07,0.0702172442679193,-1,1,0.6,10
49.08,0.0705014845410987,-1,1,0.6,10
49.09,0.0707845967920294,-1,1,0.6,10
49.1,0.0710665764909212,-1,1,0.6,10
49.11,0.0713474191261056,-1,1,0.6,10
49.12,0.071627120204106,-1,1,0.6,10
49.13,0.0719056752497109,-1,1,0.6,10
49.14,0.0721830798060461,-1,1,0.6,10
49.15,0.0724593294346441,-1,1,0.6,10
49.16,0.0727344197155171,-1,1,0.6,10
49.17,0.0730083462472264,-1,1,0.6,10
49.18,0.0732811046469529,-1,1,0.6,10
49.19,0.0735526905505687,-1,1,0.6,10
49.2,0.0738230996127048,-1,1,0.6,10
49.21,0.0740923275068218,-1,1,0.6,10
49.22,0.0743603699252794,-1,1,0.6,10
49.23,0.0746272225794047,-1,1,0.6,10
49.24,0.0748928811995603,-1,1,0.6,10
49.25,0.0751573415352151,-1,1,0.6,10
49.26,0.0754205993550082,-1,1,0.6,10
49.27,0.0756826504468206,-1,1,0.6,10
49.28,0.0759434906178409,-1,1,0.6,10
49.29,0.0762031156946309,-1,1,0.6,10
49.3,0.0764615215231955,-1,1,0.6,10
49.31,0.0767187039690474,-1,1,0.6,10
49.32,0.076974658917272,-1,1,0.6,10
49.33,0.077229382272596,-1,1,0.6,10
49.34,0.0774828699594517,-1,1,0.6,10
49.35,0.0777351179220404,-1,1,0.6,10
49.36,0.077986122124401,-1,1,0.6,10
49.37,0.0782358785504716,-1,1,0.6,10
49.38,0.0784843832041538,-1,1,0.6,10
49.39,0.0787316321093794,-1,1,0.6,10
49.4,0.078977621310171,-1,1,0.6,10
49.41,0.0792223468707062,-1,1,0.6,10
49.42,0.0794658048753817,-1,1,0.6,10
49.43,0.0797079914288746,-1,1,0.6,10
49.44,0.0799489026562047,-1,1,0.6,10
49.45,0.0801885347027982,-1,1,0.6,10
49.46,0.0804268837345471,-1,1,0.6,10
49.47,0.0806639459378719,-1,1,0.6,10
49.48,0.0808997175197826,-1,1,0.6,10
49.49,0.0811341947079387,-1,1,0.6,10
49.5,0.0813673737507105,-1,1,0.6,10
49.51,0.0815992509172382,-1,1,0.6,10
49.52,0.0818298224974918,-1,1,0.6,10
49.53,0.0820590848023313,-1,1,0.6,10
49.54,0.0822870341635645,-1,1,0.6,10
49.55,0.0825136669340064,-1,1,0.6,10
49.56,0.0827389794875379,-1,1,0.6,10
49.57,0.0829629682191626,-1,1,0.6,10
49.58,0.0831856295450655,-1,1,0.6,10
49.59,0.0834069599026706,-1,1,0.6,10
49.6,0.0836269557506963,-1,1,0.6,10
49.61,0.0838456135692142,-1,1,0.6,10
49.62,0.0840629298597038,-1,1,0.6,10
49.63,0.0842789011451087,-1,1,0.6,10
49.64,0.0844935239698935,-1,1,0.6,10
49.65,0.0847067949000971,-1,1,0.6,10
49.66,0.0849187105233895,-1,1,0.6,10
49.67,0.0851292674491252,-1,1,0.6,10
49.68,0.0853384623083976,-1,1,0.6,10
49.69,0.0855462917540938,-1,1,0.6,10
49.7,0.0857527524609469,-1,1,0.6,10
49.71,0.0859578411255898,-1,1,0.6,10
49.72,0.0861615544666087,-1,1,0.6,10
49.73,0.0863638892245942,-1,1,0.6,10
49.74,0.0865648421621944,-1,1,0.6,10
49.75,0.0867644100641669,-1,1,0.6,10
49.76,0.0869625897374292,-1,1,0.6,10
49.77,0.087159378011111,-1,1,0.6,10
49.78,0.0873547717366041,-1,1,0.6,10
49.79,0.0875487677876127,-1,1,0.6,10
49.8,0.0877413630602046,-1,1,0.6,10
49.81,0.0879325544728594,-1,1,0.6,10
49.82,0.0881223389665184,-1,1,0.6,10
49.83,0.088310713504634,-1,1,0.6,10
49.84,0.0884976750732175,-1,1,0.6,10
49.85,0.0886832206808874,-1,1,0.6,10
49.86,0.0888673473589188,-1,1,0.6,10
49.87,0.0890500521612882,-1,1,0.6,10
49.88,0.0892313321647224,-1,1,0.6,10
49.89,0.089411184468746,-1,1,0.6,10
49.9,0.0895896061957253,-1,1,0.6,10
49.91,0.0897665944909167,-1,1,0.6,10
49.92,0.0899421465225115,-1,1,0.6,10
49.93,0.0901162594816804,-1,1,0.6,10
49.94,0.0902889305826202,-1,1,0.6,10
49.95,0.090460157062597,-1,1,0.6,10
49.96,0.0906299361819904,-1,1,0.6,10
49.97,0.0907982652243383,-1,1,0.6,10
49.98,0.0909651414963799,-1,1,0.6,10
49.99,0.0911305623280978,-1,1,0.6,10
50,0.0912945250727628,-1,1,0.6,10
50.01,0.0914570271069742,-1,1,0.6,10
50.02,0.0916180658307029,-1,1,0.6,10
50.03,0.091777638667333,-1,1,0.6,10
50.04,0.0919357430637022,-1,1,0.6,10
50.05,0.0920923764901437,-1,1,0.6,10
50.06,0.092247536440526,-1,1,0.6,10
50.07,0.0924012204322933,-1,1,0.6,10
50.08,0.0925534260065047,-1,1,0.6,10
50.09,0.0927041507278746,-1,1,0.6,10
50.1,0.0928533921848105,-1,1,0.6,10
50.11,0.0930011479894524,-1,1,0.6,10
50.12,0.0931474157777105,-1,1,0.6,10
50.13,0.0932921932093031,-1,1,0.6,10
50.14,0.0934354779677948,-1,1,0.6,10
50.15,0.0935772677606322,-1,1,0.6,10
50.16,0.0937175603191817,-1,1,0.6,10
50.17,0.0938563533987655,-1,1,0.6,10
50.18,0.0939936447786972,-1,1,0.6,10
50.19,0.0941294322623176,-1,1,0.6,10
50.2,0.0942637136770299,-1,1,0.6,10
50.21,0.0943964868743343,-1,1,0.6,10
50.22,0.0945277497298625,-1,1,0.6,10
50.23,0.0946575001434116,-1,1,0.6,10
50.24,0.0947857360389778,-1,1,0.6,10
50.25,0.0949124553647895,-1,1,0.6,10
50.26,0.09503765609334,-1,1,0.6,10
50.27,0.0951613362214206,-1,1,0.6,10
50.28,0.0952834937701519,-1,1,0.6,10
50.29,0.0954041267850154,-1,1,0.6,10
50.3,0.0955232333358857,-1,1,0.6,10
50.31,0.0956408115170604,-1,1,0.6,10
50.32,0.0957568594472912,-1,1,0.6,10
50.33,0.0958713752698137,-1,1,0.6,10
50.34,0.0959843571523771,-1,1,0.6,10
50.35,0.0960958032872736,-1,1,0.6,10
50.36,0.0962057118913677,-1,1,0.6,10
50.37,0.096314081206124,-1,1,0.6,10
50.38,0.0964209094976355,-1,1,0.6,10
50.39,0.0965261950566521,-1,1,0.6,10
50.4,0.096629936198607,-1,1,0.6,10
50.41,0.0967321312636442,-1,1,0.6,10
50.42,0.0968327786166448,-1,1,0.6,10
50.43,0.0969318766472533,-1,1,0.6,10
50.44,0.0970294237699033,-1,1,0.6,10
50.45,0.097125418423843,-1,1,0.6,10
50.46,0.0972198590731598,-1,1,0.6,10
50.47,0.0973127442068056,-1,1,0.6,10
50.48,0.09740407233862,-1,1,0.6,10
50.49,0.0974938420073548,-1,1,0.6,10
50.5,0.0975820517766976,-1,1,0.6,10
50.51,0.0976687002352936,-1,1,0.6,10
50.52,0.0977537859967694,-1,1,0.6,10
50.53,0.0978373076997548,-1,1,0.6,10
50.54,0.0979192640079041,-1,1,0.6,10
50.55,0.0979996536099182,-1,1,0.6,10
50.56,0.0980784752195654,-1,1,0.6,10
50.57,0.0981557275757012,-1,1,0.6,10
50.58,0.0982314094422898,-1,1,0.6,10
50.59,0.098305519608423,-1,1,0.6,10
50.6,0.0983780568883396,-1,1,0.6,10
50.61,0.0984490201214447,-1,1,0.6,10
50.62,0.0985184081723282,-1,1,0.6,10
50.63,0.0985862199307825,-1,1,0.6,10
50.64,0.0986524543118212,-1,1,0.6,10
50.65,0.0987171102556955,-1,1,0.6,10
50.66,0.0987801867279117,-1,1,0.6,10
50.67,0.0988416827192475,-1,1,0.6,10
50.68,0.0989015972457684,-1,1,0.6,10
50.69,0.0989599293488433,-1,1,0.6,10
50.7,0.0990166780951598,-1,1,0.6,10
50.71,0.0990718425767391,-1,1,0.6,10
50.72,0.0991254219109506,-1,1,0.6,10
50.73,0.0991774152405264,-1,1,0.6,10
50.74,0.099227821733574,-1,1,0.6,10
50.75,0.0992766405835907,-1,1,0.6,10
50.76,0.099323871009476,-1,1,0.6,10
50.77,0.0993695122555441,-1,1,0.6,10
50.78,0.099413563591536,-1,1,0.6,10
50.79,0.0994560243126312,-1,1,0.6,10
50.8,0.0994968937394591,-1,1,0.6,10
50.81,0.0995361712181098,-1,1,0.6,10
50.82,0.0995738561201445,-1,1,0.6,10
50.83,0.0996099478426055,-1,1,0.6,10
50.84,0.099644445808026,-1,1,0.6,10
50.85,0.0996773494644393,-1,1,0.6,10
50.86,0.0997086582853877,-1,1,0.6,10
50.87,0.0997383717699306,-1,1,0.6,10
50.88,0.0997664894426529,-1,1,0.6,10
50.89,0.0997930108536725,-1,1,0.6,10
50.9,0.0998179355786473,-1,1,0.6,10
50.91,0.0998412632187824,-1,1,0.6,10
50.92,0.0998629934008359,-1,1,0.6,10
50.93,0.0998831257771253,-1,1,0.6,10
50.94,0.0999016600255332,-1,1,0.6,10
50.95,0.0999185958495119,-1,1,0.6,10
50.96,0.0999339329780887,-1,1,0.6,10
50.97,0.0999476711658697,-1,1,0.6,10
50.98,0.0999598101930442,-1,1,0.6,10
50.99,0.0999703498653881,-1,1,0.6,10
51,0.0999792900142669,-1,1,0.6,10
51.01,0.0999866304966384,-1,1,0.6,10
51.02,0.0999923711950549,-1,1,0.6,10
51.03,0.0999965120176655,-1,1,0.6,10
51.04,0.0999990528982171,-1,1,0.6,10
51.05,0.0999999937960556,-1,1,0.6,10
51.06,0.0999993346961268,-1,1,0.6,10
51.07,0.0999970756089761,-1,1,0.6,10
51.08,0.0999932165707489,-1,1,0.6,10
51.09,0.0999877576431897,-1,1,0.6,10
51.1,0.0999806989136414,-1,1,0.6,10
51.11,0.0999720404950434,-1,1,0.6,10
51.12,0.0999617825259301,-1,1,0.6,10
51.13,0.099949925170429,-1,1,0.6,10
51.14,0.0999364686182574,-1,1,0.6,10
51.15,0.0999214130847199,-1,1,0.6,10
51.16,0.0999047588107047,-1,1,0.6,10
51.17,0.0998865060626798,-1,1,0.6,10
51.18,0.0998666551326889,-1,1,0.6,10
51.19,0.0998452063383463,-1,1,0.6,10
51.2,0.0998221600228323,-1,1,0.6,10
51.21,0.0997975165548875,-1,1,0.6,10
51.22,0.0997712763288068,-1,1,0.6,10
51.23,0.0997434397644333,-1,1,0.6,10
51.24,0.0997140073071515,-1,1,0.6,10
51.25,0.0996829794278799,-1,1,0.6,10
51.26,0.0996503566230641,-1,1,0.6,10
51.27,0.0996161394146682,-1,1,0.6,10
51.28,0.0995803283501668,-1,1,0.6,10
51.29,0.0995429240025362,-1,1,0.6,10
51.3,0.0995039269702451,-1,1,0.6,10
51.31,0.0994633378772452,-1,1,0.6,10
51.32,0.0994211573729612,-1,1,0.6,10
51.33,0.0993773861322802,-1,1,0.6,10
51.34,0.0993320248555411,-1,1,0.6,10
51.35,0.0992850742685235,-1,1,0.6,10
51.36,0.0992365351224356,-1,1,0.6,10
51.37,0.0991864081939028,-1,1,0.6,10
51.38,0.0991346942849549,-1,1,0.6,10
51.39,0.0990813942230132,-1,1,0.6,10
51.4,0.0990265088608778,-1,1,0.6,10
51.41,0.0989700390767131,-1,1,0.6,10
51.42,0.0989119857740346,-1,1,0.6,10
51.43,0.0988523498816938,-1,1,0.6,10
51.44,0.0987911323538638,-1,1,0.6,10
51.45,0.0987283341700236,-1,1,0.6,10
51.46,0.0986639563349429,-1,1,0.6,10
51.47,0.0985979998786657,-1,1,0.6,10
51.48,0.0985304658564938,-1,1,0.6,10
51.49,0.0984613553489703,-1,1,0.6,10
51.5,0.0983906694618616,-1,1,0.6,10
51.51,0.0983184093261406,-1,1,0.6,10
51.52,0.0982445760979678,-1,1,0.6,10
51.53,0.0981691709586733,-1,1,0.6,10
51.54,0.0980921951147378,-1,1,0.6,10
51.55,0.098013649797773,-1,1,0.6,10
51.56,0.0979335362645024,-1,1,0.6,10
51.57,0.0978518557967409,-1,1,0.6,10
51.58,0.0977686097013741,-1,1,0.6,10
51.59,0.0976837993103378,-1,1,0.6,10
51.6,0.0975974259805966,-1,1,0.6,10
51.61,0.0975094910941216,-1,1,0.6,10
51.62,0.0974199960578693,-1,1,0.6,10
51.63,0.0973289423037585,-1,1,0.6,10
51.64,0.0972363312886471,-1,1,0.6,10
51.65,0.0971421644943095,-1,1,0.6,10
51.66,0.0970464434274123,-1,1,0.6,10
51.67,0.0969491696194906,-1,1,0.6,10
51.68,0.0968503446269233,-1,1,0.6,10
51.69,0.096749970030908,-1,1,0.6,10
51.7,0.0966480474374363,-1,1,0.6,10
51.71,0.0965445784772674,-1,1,0.6,10
51.72,0.0964395648059024,-1,1,0.6,10
51.73,0.0963330081035579,-1,1,0.6,10
51.74,0.0962249100751391,-1,1,0.6,10
51.75,0.0961152724502116,-1,1,0.6,10
51.76,0.0960040969829755,-1,1,0.6,10
51.77,0.0958913854522357,-1,1,0.6,10
51.78,0.0957771396613742,-1,1,0.6,10
51.79,0.0956613614383216,-1,1,0.6,10
51.8,0.0955440526355268,-1,1,0.6,10
51.81,0.0954252151299278,-1,1,0.6,10
51.82,0.0953048508229227,-1,1,0.6,10
51.83,0.0951829616403376,-1,1,0.6,10
51.84,0.0950595495323966,-1,1,0.6,10
51.85,0.0949346164736914,-1,1,0.6,10
51.86,0.0948081644631476,-1,1,0.6,10
51.87,0.0946801955239949,-1,1,0.6,10
51.88,0.094550711703734,-1,1,0.6,10
51.89,0.0944197150741026,-1,1,0.6,10
51.9,0.0942872077310444,-1,1,0.6,10
51.91,0.094153191794674,-1,1,0.6,10
51.92,0.0940176694092435,-1,1,0.6,10
51.93,0.093880642743108,-1,1,0.6,10
51.94,0.0937421139886916,-1,1,0.6,10
51.95,0.0936020853624511,-1,1,0.6,10
51.96,0.0934605591048416,-1,1,0.6,10
51.97,0.0933175374802805,-1,1,0.6,10
51.98,0.0931730227771102,-1,1,0.6,10
51.99,0.0930270173075634,-1,1,0.6,10
52,0.092879523407724,-1,1,0.6,10
52.01,0.0927305434374916,-1,1,0.6,10
52.02,0.0925800797805426,-1,1,0.6,10
52.03,0.092428134844292,-1,1,0.6,10
52.04,0.0922747110598556,-1,1,0.6,10
52.05,0.092119810882011,-1,1,0.6,10
52.06,0.0919634367891574,-1,1,0.6,10
52.07,0.0918055912832769,-1,1,0.6,10
52.08,0.0916462768898947,-1,1,0.6,10
52.09,0.0914854961580372,-1,1,0.6,10
52.1,0.0913232516601929,-1,1,0.6,10
52.11,0.0911595459922702,-1,1,0.6,10
52.12,0.0909943817735564,-1,1,0.6,10
52.13,0.0908277616466755,-1,1,0.6,10
52.14,0.0906596882775458,-1,1,0.6,10
52.15,0.0904901643553379,-1,1,0.6,10
52.16,0.0903191925924306,-1,1,0.6,10
52.17,0.0901467757243686,-1,1,0.6,10
52.18,0.0899729165098184,-1,1,0.6,10
52.19,0.0897976177305232,-1,1,0.6,10
52.2,0.08962088219126,-1,1,0.6,10
52.21,0.0894427127197939,-1,1,0.6,10
52.22,0.0892631121668321,-1,1,0.6,10
52.23,0.08908208340598,-1,1,0.6,10
52.24,0.088899629333694,-1,1,0.6,10
52.25,0.0887157528692349,-1,1,0.6,10
52.26,0.0885304569546228,-1,1,0.6,10
52.27,0.0883437445545878,-1,1,0.6,10
52.28,0.0881556186565247,-1,1,0.6,10
52.29,0.0879660822704438,-1,1,0.6,10
52.3,0.0877751384289231,-1,1,0.6,10
52.31,0.0875827901870601,-1,1,0.6,10
52.32,0.0873890406224226,-1,1,0.6,10
52.33,0.0871938928349993,-1,1,0.6,10
52.34,0.0869973499471508,-1,1,0.6,10
52.35,0.0867994151035595,-1,1,0.6,10
52.36,0.0866000914711776,-1,1,0.6,10
52.37,0.0863993822391799,-1,1,0.6,10
52.38,0.0861972906189099,-1,1,0.6,10
52.39,0.0859938198438283,-1,1,0.6,10
52.4,0.0857889731694642,-1,1,0.6,10
52.41,0.0855827538733594,-1,1,0.6,10
52.42,0.0853751652550181,-1,1,0.6,10
52.43,0.0851662106358544,-1,1,0.6,10
52.44,0.0849558933591375,-1,1,0.6,10
52.45,0.0847442167899388,-1,1,0.6,10
52.46,0.0845311843150797,-1,1,0.6,10
52.47,0.0843167993430749,-1,1,0.6,10
52.48,0.084101065304079,-1,1,0.6,10
52.49,0.0838839856498329,-1,1,0.6,10
52.5,0.0836655638536056,-1,1,0.6,10
52.51,0.0834458034101415,-1,1,0.6,10
52.52,0.0832247078356032,-1,1,0.6,10
52.53,0.0830022806675148,-1,1,0.6,10
52.54,0.0827785254647065,-1,1,0.6,10
52.55,0.0825534458072568,-1,1,0.6,10
52.56,0.0823270452964352,-1,1,0.6,10
52.57,0.0820993275546451,-1,1,0.6,10
52.58,0.0818702962253658,-1,1,0.6,10
52.59,0.0816399549730933,-1,1,0.6,10
52.6,0.081408307483283,-1,1,0.6,10
52.61,0.0811753574622895,-1,1,0.6,10
52.62,0.0809411086373084,-1,1,0.6,10
52.63,0.080705564756316,-1,1,0.6,10
52.64,0.080468729588009,-1,1,0.6,10
52.65,0.0802306069217453,-1,1,0.6,10
52.66,0.0799912005674827,-1,1,0.6,10
52.67,0.0797505143557172,-1,1,0.6,10
52.68,0.0795085521374234,-1,1,0.6,10
52.69,0.0792653177839917,-1,1,0.6,10
52.7,0.0790208151871663,-1,1,0.6,10
52.71,0.0787750482589837,-1,1,0.6,10
52.72,0.0785280209317097,-1,1,0.6,10
52.73,0.0782797371577758,-1,1,0.6,10
52.74,0.0780302009097176,-1,1,0.6,10
52.75,0.0777794161801093,-1,1,0.6,10
52.76,0.0775273869815016,-1,1,0.6,10
52.77,0.0772741173463559,-1,1,0.6,10
52.78,0.0770196113269811,-1,1,0.6,10
52.79,0.0767638729954684,-1,1,0.6,10
52.8,0.0765069064436253,-1,1,0.6,10
52.81,0.0762487157829111,-1,1,0.6,10
52.82,0.0759893051443713,-1,1,0.6,10
52.83,0.0757286786785701,-1,1,0.6,10
52.84,0.0754668405555255,-1,1,0.6,10
52.85,0.0752037949646422,-1,1,0.6,10
52.86,0.0749395461146437,-1,1,0.6,10
52.87,0.074674098233506,-1,1,0.6,10
52.88,0.0744074555683898,-1,1,0.6,10
52.89,0.0741396223855717,-1,1,0.6,10
52.9,0.0738706029703773,-1,1,0.6,10
52.91,0.073600401627111,-1,1,0.6,10
52.92,0.0733290226789889,-1,1,0.6,10
52.93,0.0730564704680684,-1,1,0.6,10
52.94,0.0727827493551788,-1,1,0.6,10
52.95,0.0725078637198522,-1,1,0.6,10
52.96,0.0722318179602531,-1,1,0.6,10
52.97,0.0719546164931074,-1,1,0.6,10
52.98,0.0716762637536328,-1,1,0.6,10
52.99,0.0713967641954678,-1,1,0.6,10
53,0.071116122290598,-1,1,0.6,10
53.01,0.0708343425292892,-1,1,0.6,10
53.02,0.0705514294200111,-1,1,0.6,10
53.03,0.0702673874893668,-1,1,0.6,10
53.04,0.0699822212820223,-1,1,0.6,10
53.05,0.0696959353606302,-1,1,0.6,10
53.06,0.0694085343057586,-1,1,0.6,10
53.07,0.0691200227158194,-1,1,0.6,10
53.08,0.0688304052069913,-1,1,0.6,10
53.09,0.0685396864131478,-1,1,0.6,10
53.1,0.0682478709857845,-1,1,0.6,10
53.11,0.067954963593941,-1,1,0.6,10
53.12,0.0676609689241294,-1,1,0.6,10
53.13,0.0673658916802592,-1,1,0.6,10
53.14,0.0670697365835588,-1,1,0.6,10
53.15,0.0667725083725039,-1,1,0.6,10
53.16,0.0664742118027397,-1,1,0.6,10
53.17,0.0661748516470045,-1,1,0.6,10
53.18,0.0658744326950547,-1,1,0.6,10
53.19,0.0655729597535874,-1,1,0.6,10
53.2,0.0652704376461627,-1,1,0.6,10
53.21,0.064966871213128,-1,1,0.6,10
53.22,0.0646622653115402,-1,1,0.6,10
53.23,0.0643566248150865,-1,1,0.6,10
53.24,0.0640499546140091,-1,1,0.6,10
53.25,0.0637422596150239,-1,1,0.6,10
53.26,0.0634335447412447,-1,1,0.6,10
53.27,0.0631238149321032,-1,1,0.6,10
53.28,0.0628130751432692,-1,1,0.6,10
53.29,0.0625013303465728,-1,1,0.6,10
53.3,0.0621885855299246,-1,1,0.6,10
53.31,0.0618748456972343,-1,1,0.6,10
53.32,0.0615601158683328,-1,1,0.6,10
53.33,0.061244401078891,-1,1,0.6,10
53.34,0.0609277063803382,-1,1,0.6,10
53.35,0.0606100368397834,-1,1,0.6,10
53.36,0.0602913975399319,-1,1,0.6,10
53.37,0.0599717935790059,-1,1,0.6,10
53.38,0.0596512300706624,-1,1,0.6,10
53.39,0.05932971214391,-1,1,0.6,10
53.4,0.0590072449430293,-1,1,0.6,10
53.41,0.0586838336274881,-1,1,0.6,10
53.42,0.0583594833718607,-1,1,0.6,10
53.43,0.0580341993657447,-1,1,0.6,10
53.44,0.0577079868136766,-1,1,0.6,10
53.45,0.0573808509350505,-1,1,0.6,10
53.46,0.057052796964034,-1,1,0.6,10
53.47,0.0567238301494828,-1,1,0.6,10
53.48,0.0563939557548594,-1,1,0.6,10
53.49,0.0560631790581472,-1,1,0.6,10
53.5,0.0557315053517658,-1,1,0.6,10
53.51,0.0553989399424881,-1,1,0.6,10
53.52,0.0550654881513528,-1,1,0.6,10
53.53,0.0547311553135818,-1,1,0.6,10
53.54,0.0543959467784937,-1,1,0.6,10
53.55,0.0540598679094173,-1,1,0.6,10
53.56,0.0537229240836076,-1,1,0.6,10
53.57,0.0533851206921589,-1,1,0.6,10
53.58,0.0530464631399178,-1,1,0.6,10
53.59,0.0527069568453981,-1,1,0.6,10
53.6,0.0523666072406939,-1,1,0.6,10
53.61,0.05202541977139,-1,1,0.6,10
53.62,0.05168339989648,-1,1,0.6,10
53.63,0.0513405530882749,-1,1,0.6,10
53.64,0.0509968848323147,-1,1,0.6,10
53.65,0.0506524006272857,-1,1,0.6,10
53.66,0.0503071059849272,-1,1,0.6,10
53.67,0.0499610064299457,-1,1,0.6,10
53.68,0.0496141074999276,-1,1,0.6,10
53.69,0.049266414745248,-1,1,0.6,10
53.7,0.0489179337289829,-1,1,0.6,10
53.71,0.0485686700268224,-1,1,0.6,10
53.72,0.0482186292269775,-1,1,0.6,10
53.73,0.047867816930093,-1,1,0.6,10
53.74,0.0475162387491598,-1,1,0.6,10
53.75,0.0471639003094196,-1,1,0.6,10
53.76,0.0468108072482807,-1,1,0.6,10
53.77,0.0464569652152247,-1,1,0.6,10
53.78,0.046102379871716,-1,1,0.6,10
53.79,0.0457470568911129,-1,1,0.6,10
53.8,0.0453910019585759,-1,1,0.6,10
53.81,0.0450342207709754,-1,1,0.6,10
53.82,0.0446767190368034,-1,1,0.6,10
53.83,0.0443185024760803,-1,1,0.6,10
53.84,0.0439595768202626,-1,1,0.6,10
53.85,0.0435999478121539,-1,1,0.6,10
53.86,0.0432396212058101,-1,1,0.6,10
53.87,0.0428786027664494,-1,1,0.6,10
53.88,0.0425168982703595,-1,1,0.6,10
53.89,0.042154513504804,-1,1,0.6,10
53.9,0.0417914542679317,-1,1,0.6,10
53.91,0.041427726368683,-1,1,0.6,10
53.92,0.0410633356266959,-1,1,0.6,10
53.93,0.0406982878722148,-1,1,0.6,10
53.94,0.0403325889459962,-1,1,0.6,10
53.95,0.0399662446992146,-1,1,0.6,10
53.96,0.0395992609933705,-1,1,0.6,10
53.97,0.0392316437001956,-1,1,0.6,10
53.98,0.038863398701558,-1,1,0.6,10
53.99,0.0384945318893707,-1,1,0.6,10
54,0.038125049165494,-1,1,0.6,10
54.01,0.0377549564416444,-1,1,0.6,10
54.02,0.0373842596392967,-1,1,0.6,10
54.03,0.0370129646895924,-1,1,0.6,10
54.04,0.036641077533243,-1,1,0.6,10
54.05,0.0362686041204344,-1,1,0.6,10
54.06,0.0358955504107336,-1,1,0.6,10
54.07,0.0355219223729923,-1,1,0.6,10
54.08,0.0351477259852506,-1,1,0.6,10
54.09,0.0347729672346429,-1,1,0.6,10
54.1,0.0343976521173016,-1,1,0.6,10
54.11,0.0340217866382599,-1,1,0.6,10
54.12,0.0336453768113577,-1,1,0.6,10
54.13,0.0332684286591447,-1,1,0.6,10
54.14,0.0328909482127826,-1,1,0.6,10
54.15,0.032512941511951,-1,1,0.6,10
54.16,0.0321344146047486,-1,1,0.6,10
54.17,0.031755373547598,-1,1,0.6,10
54.18,0.0313758244051484,-1,1,0.6,10
54.19,0.0309957732501773,-1,1,0.6,10
54.2,0.0306152261634955,-1,1,0.6,10
54.21,0.0302341892338486,-1,1,0.6,10
54.22,0.0298526685578185,-1,1,0.6,10
54.23,0.0294706702397284,-1,1,0.6,10
54.24,0.0290882003915438,-1,1,0.6,10
54.25,0.0287052651327725,-1,1,0.6,10
54.26,0.0283218705903721,-1,1,0.6,10
54.27,0.0279380228986465,-1,1,0.6,10
54.28,0.0275537281991499,-1,1,0.6,10
54.29,0.0271689926405905,-1,1,0.6,10
54.3,0.0267838223787285,-1,1,0.6,10
54.31,0.0263982235762791,-1,1,0.6,10
54.32,0.0260122024028164,-1,1,0.6,10
54.33,0.0256257650346701,-1,1,0.6,10
54.34,0.0252389176548293,-1,1,0.6,10
54.35,0.0248516664528455,-1,1,0.6,10
54.36,0.0244640176247279,-1,1,0.6,10
54.37,0.0240759773728499,-1,1,0.6,10
54.38,0.0236875519058485,-1,1,0.6,10
54.39,0.0232987474385214,-1,1,0.6,10
54.4,0.0229095701917322,-1,1,0.6,10
54.41,0.022520026392309,-1,1,0.6,10
54.42,0.0221301222729437,-1,1,0.6,10
54.43,0.0217398640720941,-1,1,0.6,10
54.44,0.0213492580338834,-1,1,0.6,10
54.45,0.0209583104079994,-1,1,0.6,10
54.46,0.0205670274495959,-1,1,0.6,10
54.47,0.0201754154191923,-1,1,0.6,10
54.48,0.0197834805825721,-1,1,0.6,10
54.49,0.019391229210685,-1,1,0.6,10
54.5,0.0189986675795438,-1,1,0.6,10
54.51,0.0186058019701266,-1,1,0.6,10
54.52,0.0182126386682752,-1,1,0.6,10
54.53,0.0178191839645933,-1,1,0.6,10
54.54,0.0174254441543481,-1,1,0.6,10
54.55,0.0170314255373685,-1,1,0.6,10
54.56,0.0166371344179434,-1,1,0.6,10
54.57,0.0162425771047224,-1,1,0.6,10
54.58,0.0158477599106147,-1,1,0.6,10
54.59,0.0154526891526861,-1,1,0.6,10
54.6,0.015057371152061,-1,1,0.6,10
54.61,0.0146618122338184,-1,1,0.6,10
54.62,0.0142660187268929,-1,1,0.6,10
54.63,0.0138699969639724,-1,1,0.6,10
54.64,0.013473753281396,-1,1,0.6,10
54.65,0.0130772940190549,-1,1,0.6,10
54.66,0.0126806255202882,-1,1,0.6,10
54.67,0.0122837541317836,-1,1,0.6,10
54.68,0.0118866862034754,-1,1,0.6,10
54.69,0.0114894280884411,-1,1,0.6,10
54.7,0.0110919861428025,-1,1,0.6,10
54.71,0.0106943667256226,-1,1,0.6,10
54.72,0.0102965761988029,-1,1,0.6,10
54.73,0.00989862092698364,-1,1,0.6,10
54.74,0.00950050727744109,-1,1,0.6,10
54.75,0.00910224161998443,-1,1,0.6,10
54.76,0.00870383032685639,-1,1,0.6,10
54.77,0.00830527977262844,-1,1,0.6,10
54.78,0.00790659633410132,-1,1,0.6,10
54.79,0.00750778639020187,-1,1,0.6,10
54.8,0.00710885632187999,-1,1,0.6,10
54.81,0.00670981251200862,-1,1,0.6,10
54.82,0.00631066134528056,-1,1,0.6,10
54.83,0.00591140920810524,-1,1,0.6,10
54.84,0.0055120624885087,-1,1,0.6,10
54.85,0.00511262757603064,-1,1,0.6,10
54.86,0.00471311086161938,-1,1,0.6,10
54.87,0.00431351873753523,-1,1,0.6,10
54.88,0.00391385759724401,-1,1,0.6,10
54.89,0.00351413383531366,-1,1,0.6,10
54.9,0.00311435384731763,-1,1,0.6,10
54.91,0.00271452402972648,-1,1,0.6,10
54.92,0.00231465077980806,-1,1,0.6,10
54.93,0.00191474049552724,-1,1,0.6,10
54.94,0.00151479957543935,-1,1,0.6,10
54.95,0.00111483441858985,-1,1,0.6,10
54.96,0.000714851424414154,-1,1,0.6,10
54.97,0.000314856992630915,-1,1,0.6,10
54.98,-8.51424768582004e-05,-1,1,0.6,10
54.99,-0.000485140584068436,-1,1,0.6,10
55,-0.000885130929040388,-1,1,0.6,10
55.01,-0.00128510711193636,-1,1,0.6,10
55.02,-0.0016850627331456,-1,1,0.6,10
55.03,-0.00208499139338741,-1,1,0.6,10
55.04,-0.0024848866938114,-1,1,0.6,10
55.05,-0.00288474223610096,-1,1,0.6,10
55.06,-0.00328455162257663,-1,1,0.6,10
55.07,-0.00368430845629641,-1,1,0.6,10
55.08,-0.00408400634115913,-1,1,0.6,10
55.09,-0.00448363888200787,-1,1,0.6,10
55.1,-0.0048831996847298,-1,1,0.6,10
55.11,-0.0052826823563613,-1,1,0.6,10
55.12,-0.0056820805051878,-1,1,0.6,10
55.13,-0.00608138774084708,-1,1,0.6,10
55.14,-0.00648059767443259,-1,1,0.6,10
55.15,-0.00687970391859357,-1,1,0.6,10
55.16,-0.00727870008763826,-1,1,0.6,10
55.17,-0.00767757979763719,-1,1,0.6,10
55.18,-0.00807633666652313,-1,1,0.6,10
55.19,-0.00847496431419436,-1,1,0.6,10
55.2,-0.00887345636261771,-1,1,0.6,10
55.21,-0.00927180643592856,-1,1,0.6,10
55.22,-0.00967000816053388,-1,1,0.6,10
55.23,-0.0100680551652153,-1,1,0.6,10
55.24,-0.0104659410812285,-1,1,0.6,10
55.25,-0.010863659542408,-1,1,0.6,10
55.26,-0.0112612041852662,-1,1,0.6,10
55.27,-0.0116585686490981,-1,1,0.6,10
55.28,-0.0120557465760803,-1,1,0.6,10
55.29,-0.0124527316113741,-1,1,0.6,10
55.3,-0.0128495174032281,-1,1,0.6,10
55.31,-0.0132460976030779,-1,1,0.6,10
55.32,-0.0136424658656482,-1,1,0.6,10
55.33,-0.014038615849056,-1,1,0.6,10
55.34,-0.0144345412149097,-1,1,0.6,10
55.35,-0.0148302356284116,-1,1,0.6,10
55.36,-0.0152256927584602,-1,1,0.6,10
55.37,-0.0156209062777494,-1,1,0.6,10
55.38,-0.0160158698628711,-1,1,0.6,10
55.39,-0.0164105771944171,-1,1,0.6,10
55.4,-0.0168050219570776,-1,1,0.6,10
55.41,-0.0171991978397457,-1,1,0.6,10
55.42,-0.0175930985356153,-1,1,0.6,10
55.43,-0.0179867177422832,-1,1,0.6,10
55.44,-0.0183800491618514,-1,1,0.6,10
55.45,-0.018773086501025,-1,1,0.6,10
55.46,-0.0191658234712149,-1,1,0.6,10
55.47,-0.0195582537886383,-1,1,0.6,10
55.48,-0.0199503711744184,-1,1,0.6,10
55.49,-0.0203421693546847,-1,1,0.6,10
55.5,-0.0207336420606762,-1,1,0.6,10
55.51,-0.0211247830288364,-1,1,0.6,10
55.52,-0.0215155860009189,-1,1,0.6,10
55.53,-0.0219060447240849,-1,1,0.6,10
55.54,-0.0222961529510021,-1,1,0.6,10
55.55,-0.0226859044399477,-1,1,0.6,10
55.56,-0.0230752929549069,-1,1,0.6,10
55.57,-0.0234643122656704,-1,1,0.6,10
55.58,-0.0238529561479382,-1,1,0.6,10
55.59,-0.0242412183834172,-1,1,0.6,10
55.6,-0.0246290927599182,-1,1,0.6,10
55.61,-0.0250165730714611,-1,1,0.6,10
55.62,-0.0254036531183689,-1,1,0.6,10
55.63,-0.0257903267073677,-1,1,0.6,10
55.64,-0.0261765876516901,-1,1,0.6,10
55.65,-0.0265624297711686,-1,1,0.6,10
55.66,-0.0269478468923369,-1,1,0.6,10
55.67,-0.0273328328485303,-1,1,0.6,10
55.68,-0.0277173814799812,-1,1,0.6,10
55.69,-0.0281014866339193,-1,1,0.6,10
55.7,-0.0284851421646711,-1,1,0.6,10
55.71,-0.028868341933756,-1,1,0.6,10
55.72,-0.0292510798099855,-1,1,0.6,10
55.73,-0.0296333496695624,-1,1,0.6,10
55.74,-0.0300151453961764,-1,1,0.6,10
55.75,-0.0303964608811047,-1,1,0.6,10
55.76,-0.0307772900233074,-1,1,0.6,10
55.77,-0.0311576267295259,-1,1,0.6,10
55.78,-0.0315374649143819,-1,1,0.6,10
55.79,-0.0319167985004719,-1,1,0.6,10
55.8,-0.0322956214184666,-1,1,0.6,10
55.81,-0.0326739276072078,-1,1,0.6,10
55.82,-0.0330517110138044,-1,1,0.6,10
55.83,-0.0334289655937295,-1,1,0.6,10
55.84,-0.0338056853109186,-1,1,0.6,10
55.85,-0.0341818641378636,-1,1,0.6,10
55.86,-0.0345574960557119,-1,1,0.6,10
55.87,-0.0349325750543606,-1,1,0.6,10
55.88,-0.0353070951325532,-1,1,0.6,10
55.89,-0.0356810502979774,-1,1,0.6,10
55.9,-0.0360544345673576,-1,1,0.6,10
55.91,-0.0364272419665542,-1,1,0.6,10
55.92,-0.0367994665306565,-1,1,0.6,10
55.93,-0.037171102304079,-1,1,0.6,10
55.94,-0.0375421433406579,-1,1,0.6,10
55.95,-0.0379125837037443,-1,1,0.6,10
55.96,-0.0382824174662999,-1,1,0.6,10
55.97,-0.0386516387109931,-1,1,0.6,10
55.98,-0.0390202415302915,-1,1,0.6,10
55.99,-0.0393882200265575,-1,1,0.6,10
56,-0.0397555683121436,-1,1,0.6,10
56.01,-0.0401222805094846,-1,1,0.6,10
56.02,-0.0404883507511937,-1,1,0.6,10
56.03,-0.0408537731801545,-1,1,0.6,10
56.04,-0.0412185419496156,-1,1,0.6,10
56.05,-0.0415826512232852,-1,1,0.6,10
56.06,-0.0419460951754224,-1,1,0.6,10
56.07,-0.0423088679909312,-1,1,0.6,10
56.08,-0.0426709638654551,-1,1,0.6,10
56.09,-0.0430323770054675,-1,1,0.6,10
56.1,-0.0433931016283652,-1,1,0.6,10
56.11,-0.0437531319625635,-1,1,0.6,10
56.12,-0.0441124622475835,-1,1,0.6,10
56.13,-0.0444710867341479,-1,1,0.6,10
56.14,-0.0448289996842743,-1,1,0.6,10
56.15,-0.0451861953713614,-1,1,0.6,10
56.16,-0.0455426680802866,-1,1,0.6,10
56.17,-0.0458984121074947,-1,1,0.6,10
56.18,-0.0462534217610876,-1,1,0.6,10
56.19,-0.046607691360919,-1,1,0.6,10
56.2,-0.0469612152386836,-1,1,0.6,10
56.21,-0.0473139877380056,-1,1,0.6,10
56.22,-0.0476660032145332,-1,1,0.6,10
56.23,-0.0480172560360268,-1,1,0.6,10
56.24,-0.0483677405824473,-1,1,0.6,10
56.25,-0.048717451246051,-1,1,0.6,10
56.26,-0.049066382431474,-1,1,0.6,10
56.27,-0.0494145285558245,-1,1,0.6,10
56.28,-0.0497618840487726,-1,1,0.6,10
56.29,-0.0501084433526376,-1,1,0.6,10
56.3,-0.0504542009224775,-1,1,0.6,10
56.31,-0.0507991512261794,-1,1,0.6,10
56.32,-0.0511432887445454,-1,1,0.6,10
56.33,-0.0514866079713822,-1,1,0.6,10
56.34,-0.0518291034135901,-1,1,0.6,10
56.35,-0.0521707695912488,-1,1,0.6,10
56.36,-0.0525116010377073,-1,1,0.6,10
56.37,-0.0528515922996695,-1,1,0.6,10
56.38,-0.0531907379372821,-1,1,0.6,10
56.39,-0.0535290325242227,-1,1,0.6,10
56.4,-0.0538664706477849,-1,1,0.6,10
56.41,-0.0542030469089656,-1,1,0.6,10
56.42,-0.0545387559225523,-1,1,0.6,10
56.43,-0.0548735923172078,-1,1,0.6,10
56.44,-0.0552075507355566,-1,1,0.6,10
56.45,-0.0555406258342716,-1,1,0.6,10
56.46,-0.0558728122841581,-1,1,0.6,10
56.47,-0.0562041047702398,-1,1,0.6,10
56.48,-0.0565344979918445,-1,1,0.6,10
56.49,-0.056863986662687,-1,1,0.6,10
56.5,-0.0571925655109564,-1,1,0.6,10
56.51,-0.0575202292793974,-1,1,0.6,10
56.52,-0.0578469727253973,-1,1,0.6,10
56.53,-0.0581727906210677,-1,1,0.6,10
56.54,-0.0584976777533288,-1,1,0.6,10
56.55,-0.0588216289239942,-1,1,0.6,10
56.56,-0.0591446389498516,-1,1,0.6,10
56.57,-0.0594667026627473,-1,1,0.6,10
56.58,-0.0597878149096693,-1,1,0.6,10
56.59,-0.0601079705528282,-1,1,0.6,10
56.6,-0.0604271644697403,-1,1,0.6,10
56.61,-0.0607453915533102,-1,1,0.6,10
56.62,-0.0610626467119113,-1,1,0.6,10
56.63,-0.0613789248694673,-1,1,0.6,10
56.64,-0.0616942209655351,-1,1,0.6,10
56.65,-0.0620085299553833,-1,1,0.6,10
56.66,-0.0623218468100753,-1,1,0.6,10
56.67,-0.062634166516548,-1,1,0.6,10
56.68,-0.0629454840776922,-1,1,0.6,10
56.69,-0.0632557945124344,-1,1,0.6,10
56.7,-0.0635650928558138,-1,1,0.6,10
56.71,-0.0638733741590633,-1,1,0.6,10
56.72,-0.0641806334896891,-1,1,0.6,10
56.73,-0.0644868659315483,-1,1,0.6,10
56.74,-0.0647920665849278,-1,1,0.6,10
56.75,-0.065096230566625,-1,1,0.6,10
56.76,-0.0653993530100212,-1,1,0.6,10
56.77,-0.0657014290651645,-1,1,0.6,10
56.78,-0.0660024538988449,-1,1,0.6,10
56.79,-0.0663024226946705,-1,1,0.6,10
56.8,-0.0666013306531474,-1,1,0.6,10
56.81,-0.0668991729917552,-1,1,0.6,10
56.82,-0.0671959449450218,-1,1,0.6,10
56.83,-0.0674916417646027,-1,1,0.6,10
56.84,-0.0677862587193558,-1,1,0.6,10
56.85,-0.0680797910954147,-1,1,0.6,10
56.86,-0.068372234196269,-1,1,0.6,10
56.87,-0.068663583342835,-1,1,0.6,10
56.88,-0.0689538338735315,-1,1,0.6,10
56.89,-0.0692429811443576,-1,1,0.6,10
56.9,-0.0695310205289626,-1,1,0.6,10
56.91,-0.0698179474187222,-1,1,0.6,10
56.92,-0.0701037572228128,-1,1,0.6,10
56.93,-0.0703884453682833,-1,1,0.6,10
56.94,-0.0706720073001294,-1,1,0.6,10
56.95,-0.0709544384813665,-1,1,0.6,10
56.96,-0.0712357343931017,-1,1,0.6,10
56.97,-0.071515890534606,-1,1,0.6,10
56.98,-0.0717949024233877,-1,1,0.6,10
56.99,-0.0720727655952619,-1,1,0.6,10
57,-0.0723494756044245,-1,1,0.6,10
57.01,-0.0726250280235208,-1,1,0.6,10
57.02,-0.0728994184437179,-1,1,0.6,10
57.03,-0.0731726424747753,-1,1,0.6,10
57.04,-0.0734446957451141,-1,1,0.6,10
57.05,-0.0737155739018875,-1,1,0.6,10
57.06,-0.0739852726110514,-1,1,0.6,10
57.07,-0.0742537875574318,-1,1,0.6,10
57.08,-0.0745211144447952,-1,1,0.6,10
57.09,-0.0747872489959174,-1,1,0.6,10
57.1,-0.075052186952651,-1,1,0.6,10
57.11,-0.0753159240759946,-1,1,0.6,10
57.12,-0.0755784561461598,-1,1,0.6,10
57.13,-0.0758397789626388,-1,1,0.6,10
57.14,-0.0760998883442724,-1,1,0.6,10
57.15,-0.0763587801293159,-1,1,0.6,10
57.16,-0.0766164501755064,-1,1,0.6,10
57.17,-0.0768728943601287,-1,1,0.6,10
57.18,-0.0771281085800809,-1,1,0.6,10
57.19,-0.0773820887519414,-1,1,0.6,10
57.2,-0.0776348308120327,-1,1,0.6,10
57.21,-0.0778863307164871,-1,1,0.6,10
57.22,-0.0781365844413117,-1,1,0.6,10
57.23,-0.0783855879824522,-1,1,0.6,10
57.24,-0.078633337355857,-1,1,0.6,10
57.25,-0.0788798285975419,-1,1,0.6,10
57.26,-0.0791250577636517,-1,1,0.6,10
57.27,-0.0793690209305255,-1,1,0.6,10
57.28,-0.0796117141947577,-1,1,0.6,10
57.29,-0.0798531336732608,-1,1,0.6,10
57.3,-0.080093275503329,-1,1,0.6,10
57.31,-0.0803321358426978,-1,1,0.6,10
57.32,-0.0805697108696066,-1,1,0.6,10
57.33,-0.0808059967828605,-1,1,0.6,10
57.34,-0.0810409898018898,-1,1,0.6,10
57.35,-0.0812746861668107,-1,1,0.6,10
57.36,-0.0815070821384874,-1,1,0.6,10
57.37,-0.0817381739985885,-1,1,0.6,10
57.38,-0.081967958049649,-1,1,0.6,10
57.39,-0.0821964306151299,-1,1,0.6,10
57.4,-0.0824235880394741,-1,1,0.6,10
57.41,-0.082649426688168,-1,1,0.6,10
57.42,-0.0828739429477986,-1,1,0.6,10
57.43,-0.0830971332261095,-1,1,0.6,10
57.44,-0.0833189939520615,-1,1,0.6,10
57.45,-0.0835395215758882,-1,1,0.6,10
57.46,-0.0837587125691515,-1,1,0.6,10
57.47,-0.0839765634248005,-1,1,0.6,10
57.48,-0.0841930706572266,-1,1,0.6,10
57.49,-0.0844082308023177,-1,1,0.6,10
57.5,-0.0846220404175171,-1,1,0.6,10
57.51,-0.084834496081875,-1,1,0.6,10
57.52,-0.0850455943961053,-1,1,0.6,10
57.53,-0.0852553319826397,-1,1,0.6,10
57.54,-0.0854637054856812,-1,1,0.6,10
57.55,-0.0856707115712579,-1,1,0.6,10
57.56,-0.0858763469272773,-1,1,0.6,10
57.57,-0.086080608263578,-1,1,0.6,10
57.58,-0.0862834923119826,-1,1,0.6,10
57.59,-0.0864849958263511,-1,1,0.6,10
57.6,-0.0866851155826312,-1,1,0.6,10
57.61,-0.0868838483789114,-1,1,0.6,10
57.62,-0.0870811910354712,-1,1,0.6,10
57.63,-0.0872771403948319,-1,1,0.6,10
57.64,-0.0874716933218083,-1,1,0.6,10
57.65,-0.0876648467035577,-1,1,0.6,10
57.66,-0.0878565974496298,-1,1,0.6,10
57.67,-0.0880469424920172,-1,1,0.6,10
57.68,-0.0882358787852031,-1,1,0.6,10
57.69,-0.0884234033062106,-1,1,0.6,10
57.7,-0.0886095130546517,-1,1,0.6,10
57.71,-0.0887942050527742,-1,1,0.6,10
57.72,-0.0889774763455101,-1,1,0.6,10
57.73,-0.0891593240005227,-1,1,0.6,10
57.74,-0.0893397451082533,-1,1,0.6,10
57.75,-0.0895187367819682,-1,1,0.6,10
57.76,-0.0896962961578042,-1,1,0.6,10
57.77,-0.0898724203948153,-1,1,0.6,10
57.78,-0.0900471066750173,-1,1,0.6,10
57.79,-0.0902203522034334,-1,1,0.6,10
57.8,-0.0903921542081392,-1,1,0.6,10
57.81,-0.0905625099403059,-1,1,0.6,10
57.82,-0.0907314166742455,-1,1,0.6,10
57.83,-0.090898871707454,-1,1,0.6,10
57.84,-0.0910648723606544,-1,1,0.6,10
57.85,-0.0912294159778395,-1,1,0.6,10
57.86,-0.0913924999263154,-1,1,0.6,10
57.87,-0.0915541215967422,-1,1,0.6,10
57.88,-0.0917142784031765,-1,1,0.6,10
57.89,-0.091872967783113,-1,1,0.6,10
57.9,-0.0920301871975248,-1,1,0.6,10
57.91,-0.0921859341309049,-1,1,0.6,10
57.92,-0.0923402060913055,-1,1,0.6,10
57.93,-0.0924930006103784,-1,1,0.6,10
57.94,-0.0926443152434149,-1,1,0.6,10
57.95,-0.092794147569384,-1,1,0.6,10
57.96,-0.0929424951909713,-1,1,0.6,10
57.97,-0.0930893557346186,-1,1,0.6,10
57.98,-0.0932347268505599,-1,1,0.6,10
57.99,-0.0933786062128605,-1,1,0.6,10
58,-0.093520991519454,-1,1,0.6,10
58.01,-0.0936618804921781,-1,1,0.6,10
58.02,-0.0938012708768125,-1,1,0.6,10
58.03,-0.0939391604431142,-1,1,0.6,10
58.04,-0.0940755469848526,-1,1,0.6,10
58.05,-0.0942104283198461,-1,1,0.6,10
58.06,-0.0943438022899966,-1,1,0.6,10
58.07,-0.0944756667613229,-1,1,0.6,10
58.08,-0.0946060196239965,-1,1,0.6,10
58.09,-0.0947348587923746,-1,1,0.6,10
58.1,-0.0948621822050328,-1,1,0.6,10
58.11,-0.0949879878247995,-1,1,0.6,10
58.12,-0.0951122736387876,-1,1,0.6,10
58.13,-0.0952350376584262,-1,1,0.6,10
58.14,-0.0953562779194941,-1,1,0.6,10
58.15,-0.0954759924821496,-1,1,0.6,10
58.16,-0.0955941794309622,-1,1,0.6,10
58.17,-0.0957108368749432,-1,1,0.6,10
58.18,-0.0958259629475761,-1,1,0.6,10
58.19,-0.095939555806846,-1,1,0.6,10
58.2,-0.0960516136352698,-1,1,0.6,10
58.21,-0.0961621346399246,-1,1,0.6,10
58.22,-0.0962711170524765,-1,1,0.6,10
58.23,-0.0963785591292094,-1,1,0.6,10
58.24,-0.0964844591510522,-1,1,0.6,10
58.25,-0.096588815423607,-1,1,0.6,10
58.26,-0.0966916262771757,-1,1,0.6,10
58.27,-0.0967928900667865,-1,1,0.6,10
58.28,-0.0968926051722213,-1,1,0.6,10
58.29,-0.0969907699980404,-1,1,0.6,10
58.3,-0.0970873829736085,-1,1,0.6,10
58.31,-0.0971824425531204,-1,1,0.6,10
58.32,-0.0972759472156246,-1,1,0.6,10
58.33,-0.0973678954650485,-1,1,0.6,10
58.34,-0.0974582858302222,-1,1,0.6,10
58.35,-0.0975471168649018,-1,1,0.6,10
58.36,-0.0976343871477924,-1,1,0.6,10
58.37,-0.0977200952825717,-1,1,0.6,10
58.38,-0.097804239897911,-1,1,0.6,10
58.39,-0.0978868196474985,-1,1,0.6,10
58.4,-0.0979678332100598,-1,1,0.6,10
58.41,-0.0980472792893799,-1,1,0.6,10
58.42,-0.0981251566143229,-1,1,0.6,10
58.43,-0.0982014639388535,-1,1,0.6,10
58.44,-0.098276200042056,-1,1,0.6,10
58.45,-0.0983493637281544,-1,1,0.6,10
58.46,-0.0984209538265312,-1,1,0.6,10
58.47,-0.0984909691917465,-1,1,0.6,10
58.48,-0.0985594087035558,-1,1,0.6,10
58.49,-0.0986262712669285,-1,1,0.6,10
58.5,-0.0986915558120649,-1,1,0.6,10
58.51,-0.0987552612944138,-1,1,0.6,10
58.52,-0.0988173866946887,-1,1,0.6,10
58.53,-0.0988779310188846,-1,1,0.6,10
58.54,-0.0989368932982936,-1,1,0.6,10
58.55,-0.0989942725895205,-1,1,0.6,10
58.56,-0.0990500679744979,-1,1,0.6,10
58.57,-0.0991042785605007,-1,1,0.6,10
58.58,-0.0991569034801608,-1,1,0.6,10
58.59,-0.0992079418914805,-1,1,0.6,10
58.6,-0.0992573929778464,-1,1,0.6,10
58.61,-0.0993052559480421,-1,1,0.6,10
58.62,-0.0993515300362612,-1,1,0.6,10
58.63,-0.0993962145021192,-1,1,0.6,10
58.64,-0.0994393086306656,-1,1,0.6,10
58.65,-0.0994808117323953,-1,1,0.6,10
58.66,-0.0995207231432595,-1,1,0.6,10
58.67,-0.0995590422246767,-1,1,0.6,10
58.68,-0.099595768363542,-1,1,0.6,10
58.69,-0.0996309009722383,-1,1,0.6,10
58.7,-0.0996644394886445,-1,1,0.6,10
58.71,-0.099696383376145,-1,1,0.6,10
58.72,-0.0997267321236384,-1,1,0.6,10
58.73,-0.0997554852455453,-1,1,0.6,10
58.74,-0.0997826422818164,-1,1,0.6,10
58.75,-0.0998082027979396,-1,1,0.6,10
58.76,-0.0998321663849474,-1,1,0.6,10
58.77,-0.0998545326594227,-1,1,0.6,10
58.78,-0.0998753012635057,-1,1,0.6,10
58.79,-0.0998944718648992,-1,1,0.6,10
58.8,-0.0999120441568739,-1,1,0.6,10
58.81,-0.0999280178582736,-1,1,0.6,10
58.82,-0.0999423927135193,-1,1,0.6,10
58.83,-0.0999551684926137,-1,1,0.6,10
58.84,-0.0999663449911446,-1,1,0.6,10
58.85,-0.0999759220302883,-1,1,0.6,10
58.86,-0.0999838994568123,-1,1,0.6,10
58.87,-0.0999902771430779,-1,1,0.6,10
58.88,-0.0999950549870424,-1,1,0.6,10
58.89,-0.0999982329122604,-1,1,0.6,10
58.9,-0.099999810867885,-1,1,0.6,10
58.91,-0.0999997888286691,-1,1,0.6,10
58.92,-0.0999981667949653,-1,1,0.6,10
58.93,-0.099994944792726,-1,1,0.6,10
58.94,-0.0999901228735033,-1,1,0.6,10
58.95,-0.0999837011144477,-1,1,0.6,10
58.96,-0.0999756796183072,-1,1,0.6,10
58.97,-0.0999660585134257,-1,1,0.6,10
58.98,-0.0999548379537406,-1,1,0.6,10
58.99,-0.0999420181187806,-1,1,0.6,10
59,-0.0999275992136628,-1,1,0.6,10
59.01,-0.0999115814690893,-1,1,0.6,10
59.02,-0.0998939651413438,-1,1,0.6,10
59.03,-0.0998747505122871,-1,1,0.6,10
59.04,-0.0998539378893529,-1,1,0.6,10
59.05,-0.0998315276055426,-1,1,0.6,10
59.06,-0.0998075200194204,-1,1,0.6,10
59.07,-0.0997819155151072,-1,1,0.6,10
59.08,-0.0997547145022743,-1,1,0.6,10
59.09,-0.0997259174161375,-1,1,0.6,10
59.1,-0.0996955247174496,-1,1,0.6,10
59.11,-0.099663536892493,-1,1,0.6,10
59.12,-0.0996299544530723,-1,1,0.6,10
59.13,-0.0995947779365057,-1,1,0.6,10
59.14,-0.0995580079056169,-1,1,0.6,10
59.15,-0.0995196449487255,-1,1,0.6,10
59.16,-0.0994796896796379,-1,1,0.6,10
59.17,-0.0994381427376378,-1,1,0.6,10
59.18,-0.0993950047874752,-1,1,0.6,10
59.19,-0.0993502765193564,-1,1,0.6,10
59.2,-0.0993039586489327,-1,1,0.6,10
59.21,-0.0992560519172892,-1,1,0.6,10
59.22,-0.0992065570909325,-1,1,0.6,10
59.23,-0.0991554749617787,-1,1,0.6,10
59.24,-0.0991028063471408,-1,1,0.6,10
59.25,-0.0990485520897156,-1,1,0.6,10
59.26,-0.09899271305757,-1,1,0.6,10
59.27,-0.0989352901441273,-1,1,0.6,10
59.28,-0.0988762842681529,-1,1,0.6,10
59.29,-0.0988156963737396,-1,1,0.6,10
59.3,-0.0987535274302924,-1,1,0.6,10
59.31,-0.0986897784325129,-1,1,0.6,10
59.32,-0.098624450400384,-1,1,0.6,10
59.33,-0.0985575443791528,-1,1,0.6,10
59.34,-0.0984890614393138,-1,1,0.6,10
59.35,-0.0984190026765931,-1,1,0.6,10
59.36,-0.0983473692119291,-1,1,0.6,10
59.37,-0.0982741621914558,-1,1,0.6,10
59.38,-0.098199382786484,-1,1,0.6,10
59.39,-0.0981230321934825,-1,1,0.6,10
59.4,-0.0980451116340591,-1,1,0.6,10
59.41,-0.0979656223549413,-1,1,0.6,10
59.42,-0.0978845656279557,-1,1,0.6,10
59.43,-0.0978019427500082,-1,1,0.6,10
59.44,-0.0977177550430633,-1,1,0.6,10
59.45,-0.0976320038541222,-1,1,0.6,10
59.46,-0.0975446905552023,-1,1,0.6,10
59.47,-0.0974558165433145,-1,1,0.6,10
59.48,-0.097365383240441,-1,1,0.6,10
59.49,-0.0972733920935128,-1,1,0.6,10
59.5,-0.0971798445743863,-1,1,0.6,10
59.51,-0.0970847421798198,-1,1,0.6,10
59.52,-0.0969880864314496,-1,1,0.6,10
59.53,-0.0968898788757654,-1,1,0.6,10
59.54,-0.0967901210840863,-1,1,0.6,10
59.55,-0.0966888146525347,-1,1,0.6,10
59.56,-0.0965859612020113,-1,1,0.6,10
59.57,-0.0964815623781692,-1,1,0.6,10
59.58,-0.0963756198513874,-1,1,0.6,10
59.59,-0.0962681353167439,-1,1,0.6,10
59.6,-0.096159110493989,-1,1,0.6,10
59.61,-0.0960485471275177,-1,1,0.6,10
59.62,-0.0959364469863414,-1,1,0.6,10
59.63,-0.0958228118640599,-1,1,0.6,10
59.64,-0.0957076435788328,-1,1,0.6,10
59.65,-0.0955909439733502,-1,1,0.6,10
59.66,-0.0954727149148033,-1,1,0.6,10
59.67,-0.0953529582948545,-1,1,0.6,10
59.68,-0.0952316760296072,-1,1,0.6,10
59.69,-0.0951088700595751,-1,1,0.6,10
59.7,-0.0949845423496509,-1,1,0.6,10
59.71,-0.0948586948890756,-1,1,0.6,10
59.72,-0.0947313296914055,-1,1,0.6,10
59.73,-0.0946024487944814,-1,1,0.6,10
59.74,-0.0944720542603949,-1,1,0.6,10
59.75,-0.0943401481754554,-1,1,0.6,10
59.76,-0.0942067326501579,-1,1,0.6,10
59.77,-0.0940718098191476,-1,1,0.6,10
59.78,-0.093935381841187,-1,1,0.6,10
59.79,-0.0937974508991211,-1,1,0.6,10
59.8,-0.0936580191998417,-1,1,0.6,10
59.81,-0.0935170889742531,-1,1,0.6,10
59.82,-0.0933746624772361,-1,1,0.6,10
59.83,-0.0932307419876113,-1,1,0.6,10
59.84,-0.0930853298081036,-1,1,0.6,10
59.85,-0.0929384282653049,-1,1,0.6,10
59.86,-0.0927900397096366,-1,1,0.6,10
59.87,-0.0926401665153125,-1,1,0.6,10
59.88,-0.0924888110803006,-1,1,0.6,10
59.89,-0.0923359758262841,-1,1,0.6,10
59.9,-0.0921816631986246,-1,1,0.6,10
59.91,-0.0920258756663204,-1,1,0.6,10
59.92,-0.0918686157219685,-1,1,0.6,10
59.93,-0.0917098858817252,-1,1,0.6,10
59.94,-0.0915496886852642,-1,1,0.6,10
59.95,-0.0913880266957371,-1,1,0.6,10
59.96,-0.0912249024997327,-1,1,0.6,10
59.97,-0.0910603187072345,-1,1,0.6,10
59.98,-0.0908942779515793,-1,1,0.6,10
59.99,-0.0907267828894162,-1,1,0.6,10
60,0.0123635545572527,-1,1,0.6,10
60.01,0.0123225398018469,-1,1,0.6,10
60.02,0.0122814973207319,-1,1,0.6,10
60.03,0.0122404272062529,-1,1,0.6,10
60.04,0.012199329550818,-1,1,0.6,10
60.05,0.0121582044468967,-1,1,0.6,10
60.06,0.0121170519870205,-1,1,0.6,10
60.07,0.0120758722637825,-1,1,0.6,10
60.08,0.012034665369837,-1,1,0.6,10
60.09,0.0119934313978994,-1,1,0.6,10
60.1,0.0119521704407463,-1,1,0.6,10
60.11,0.0119108825912147,-1,1,0.6,10
60.12,0.0118695679422024,-1,1,0.6,10
60.13,0.0118282265866671,-1,1,0.6,10
60.14,0.011786858617627,-1,1,0.6,10
60.15,0.0117454641281601,-1,1,0.6,10
60.16,0.0117040432114037,-1,1,0.6,10
60.17,0.0116625959605551,-1,1,0.6,10
60.18,0.0116211224688705,-1,1,0.6,10
60.19,0.0115796228296653,-1,1,0.6,10
60.2,0.0115380971363135,-1,1,0.6,10
60.21,0.0114965454822481,-1,1,0.6,10
60.22,0.0114549679609602,-1,1,0.6,10
60.23,0.0114133646659992,-1,1,0.6,10
60.24,0.0113717356909726,-1,1,0.6,10
60.25,0.0113300811295454,-1,1,0.6,10
60.26,0.0112884010754404,-1,1,0.6,10
60.27,0.0112466956224378,-1,1,0.6,10
60.28,0.0112049648643748,-1,1,0.6,10
60.29,0.0111632088951456,-1,1,0.6,10
60.3,0.0111214278087011,-1,1,0.6,10
60.31,0.0110796216990487,-1,1,0.6,10
60.32,0.0110377906602521,-1,1,0.6,10
60.33,0.0109959347864313,-1,1,0.6,10
60.34,0.0109540541717617,-1,1,0.6,10
60.35,0.010912148910475,-1,1,0.6,10
60.36,0.0108702190968578,-1,1,0.6,10
60.37,0.0108282648252522,-1,1,0.6,10
60.38,0.0107862861900553,-1,1,0.6,10
60.39,0.010744283285719,-1,1,0.6,10
60.4,0.0107022562067499,-1,1,0.6,10
60.41,0.0106602050477088,-1,1,0.6,10
60.42,0.0106181299032108,-1,1,0.6,10
60.43,0.0105760308679251,-1,1,0.6,10
60.44,0.0105339080365744,-1,1,0.6,10
60.45,0.010491761503935,-1,1,0.6,10
60.46,0.0104495913648367,-1,1,0.6,10
60.47,0.0104073977141622,-1,1,0.6,10
60.48,0.0103651806468472,-1,1,0.6,10
60.49,0.0103229402578802,-1,1,0.6,10
60.5,0.010280676642302,-1,1,0.6,10
60.51,0.0102383898952056,-1,1,0.6,10
60.52,0.0101960801117363,-1,1,0.6,10
60.53,0.010153747387091,-1,1,0.6,10
60.54,0.0101113918165184,-1,1,0.6,10
60.55,0.0100690134953185,-1,1,0.6,10
60.56,0.0100266125188424,-1,1,0.6,10
60.57,0.00998418898249244,-1,1,0.6,10
60.58,0.00994174298172146,-1,1,0.6,10
60.59,0.00989927461203296,-1,1,0.6,10
60.6,0.00985678396898076,-1,1,0.6,10
60.61,0.0098142711481688,-1,1,0.6,10
60.62,0.00977173624525089,-1,1,0.6,10
60.63,0.0097291793559306,-1,1,0.6,10
60.64,0.00968660057596076,-1,1,0.6,10
60.65,0.00964400000114377,-1,1,0.6,10
60.66,0.00960137772733089,-1,1,0.6,10
60.67,0.00955873385042207,-1,1,0.6,10
60.68,0.00951606846636617,-1,1,0.6,10
60.69,0.00947338167116029,-1,1,0.6,10
60.7,0.00943067356084955,-1,1,0.6,10
60.71,0.00938794423152732,-1,1,0.6,10
60.72,0.00934519377933458,-1,1,0.6,10
60.73,0.00930242230045968,-1,1,0.6,10
60.74,0.00925962989113858,-1,1,0.6,10
60.75,0.00921681664765418,-1,1,0.6,10
60.76,0.00917398266633617,-1,1,0.6,10
60.77,0.00913112804356102,-1,1,0.6,10
60.78,0.00908825287575163,-1,1,0.6,10
60.79,0.0090453572593771,-1,1,0.6,10
60.8,0.00900244129095255,-1,1,0.6,10
60.81,0.00895950506703889,-1,1,0.6,10
60.82,0.00891654868424262,-1,1,0.6,10
60.83,0.00887357223921557,-1,1,0.6,10
60.84,0.00883057582865472,-1,1,0.6,10
60.85,0.00878755954930198,-1,1,0.6,10
60.86,0.00874452349794397,-1,1,0.6,10
60.87,0.00870146777141177,-1,1,0.6,10
60.88,0.00865839246658076,-1,1,0.6,10
60.89,0.00861529768037035,-1,1,0.6,10
60.9,0.0085721835097438,-1,1,0.6,10
60.91,0.00852905005170796,-1,1,0.6,10
60.92,0.00848589740331311,-1,1,0.6,10
60.93,0.00844272566165268,-1,1,0.6,10
60.94,0.00839953492386307,-1,1,0.6,10
60.95,0.00835632528712343,-1,1,0.6,10
60.96,0.00831309684865541,-1,1,0.6,10
60.97,0.008269849705723,-1,1,0.6,10
60.98,0.00822658395563223,-1,1,0.6,10
60.99,0.00818329969573104,-1,1,0.6,10
61,0.00813999702340898,-1,1,0.6,10
61.01,0.00809667603609711,-1,1,0.6,10
61.02,0.00805333683126751,-1,1,0.6,10
61.03,0.0080099795064334,-1,1,0.6,10
61.04,0.00796660415914888,-1,1,0.6,10
61.05,0.0079232108870083,-1,1,0.6,10
61.06,0.00787979978764653,-1,1,0.6,10
61.07,0.00783637095873866,-1,1,0.6,10
61.08,0.00779292449799938,-1,1,0.6,10
61.09,0.00774946050318322,-1,1,0.6,10
61.1,0.0077059790720843,-1,1,0.6,10
61.11,0.00766248030253567,-1,1,0.6,10
61.12,0.00761896429240959,-1,1,0.6,10
61.13,0.00757543113961707,-1,1,0.6,10
61.14,0.00753188094210768,-1,1,0.6,10
61.15,0.00748831379786935,-1,1,0.6,10
61.16,0.00744472980492813,-1,1,0.6,10
61.17,0.00740112906134799,-1,1,0.6,10
61.18,0.00735751166523058,-1,1,0.6,10
61.19,0.00731387771471503,-1,1,0.6,10
61.2,0.00727022730797771,-1,1,0.6,10
61.21,0.00722656054323202,-1,1,0.6,10
61.22,0.00718287751872815,-1,1,0.6,10
61.23,0.00713917833275289,-1,1,0.6,10
61.24,0.0070954630836294,-1,1,0.6,10
61.25,0.00705173186971696,-1,1,0.6,10
61.26,0.00700798478941079,-1,1,0.6,10
61.27,0.00696422194114185,-1,1,0.6,10
61.28,0.00692044342337638,-1,1,0.6,10
61.29,0.00687664933461617,-1,1,0.6,10
61.3,0.00683283977339792,-1,1,0.6,10
61.31,0.00678901483829296,-1,1,0.6,10
61.32,0.00674517462790752,-1,1,0.6,10
61.33,0.00670131924088207,-1,1,0.6,10
61.34,0.00665744877589105,-1,1,0.6,10
61.35,0.00661356333164315,-1,1,0.6,10
61.36,0.00656966300688059,-1,1,0.6,10
61.37,0.00652574790037899,-1,1,0.6,10
61.38,0.00648181811094736,-1,1,0.6,10
61.39,0.00643787373742772,-1,1,0.6,10
61.4,0.00639391487869489,-1,1,0.6,10
61.41,0.00634994163365627,-1,1,0.6,10
61.42,0.00630595410125166,-1,1,0.6,10
61.43,0.00626195238045298,-1,1,0.6,10
61.44,0.00621793657026409,-1,1,0.6,10
61.45,0.00617390676972054,-1,1,0.6,10
61.46,0.00612986307788936,-1,1,0.6,10
61.47,0.00608580559386884,-1,1,0.6,10
61.48,0.0060417344167883,-1,1,0.6,10
61.49,0.00599764964580787,-1,1,0.6,10
61.5,0.00595355138011827,-1,1,0.6,10
61.51,0.00590943971894058,-1,1,0.6,10
61.52,0.00586531476152601,-1,1,0.6,10
61.53,0.00582117660715571,-1,1,0.6,10
61.54,0.00577702535514049,-1,1,0.6,10
61.55,0.00573286110482066,-1,1,0.6,10
61.56,0.00568868395556576,-1,1,0.6,10
61.57,0.00564449400677437,-1,1,0.6,10
61.58,0.00560029135787384,-1,1,0.6,10
61.59,0.00555607610832011,-1,1,0.6,10
61.6,0.00551184835759749,-1,1,0.6,10
61.61,0.00546760820521839,-1,1,0.6,10
61.62,0.00542335575072318,-1,1,0.6,10
61.63,0.00537909109367977,-1,1,0.6,10
61.64,0.00533481433368362,-1,1,0.6,10
61.65,0.00529052557035757,-1,1,0.6,10
61.66,0.00524622490335117,-1,1,0.6,10
61.67,0.0052019124323409,-1,1,0.6,10
61.68,0.00515758825702995,-1,1,0.6,10
61.69,0.00511325247714755,-1,1,0.6,10
61.7,0.00506890519244918,-1,1,0.6,10
61.71,0.00502454650271637,-1,1,0.6,10
61.72,0.004980176507756,-1,1,0.6,10
61.73,0.00493579530740053,-1,1,0.6,10
61.74,0.00489140300150781,-1,1,0.6,10
61.75,0.00484699968996035,-1,1,0.6,10
61.76,0.00480258547266562,-1,1,0.6,10
61.77,0.00475816044955561,-1,1,0.6,10
61.78,0.0047137247205866,-1,1,0.6,10
61.79,0.00466927838573895,-1,1,0.6,10
61.8,0.00462482154501691,-1,1,0.6,10
61.81,0.00458035429844834,-1,1,0.6,10
61.82,0.00453587674608453,-1,1,0.6,10
61.83,0.00449138898799996,-1,1,0.6,10
61.84,0.00444689112429206,-1,1,0.6,10
61.85,0.004402383255081,-1,1,0.6,10
61.86,0.00435786548050948,-1,1,0.6,10
61.87,0.00431333790074246,-1,1,0.6,10
61.88,0.00426880061596704,-1,1,0.6,10
61.89,0.00422425372639193,-1,1,0.6,10
61.9,0.00417969733224778,-1,1,0.6,10
61.91,0.00413513153378643,-1,1,0.6,10
61.92,0.00409055643128078,-1,1,0.6,10
61.93,0.00404597212502494,-1,1,0.6,10
61.94,0.00400137871533357,-1,1,0.6,10
61.95,0.00395677630254168,-1,1,0.6,10
61.96,0.00391216498700483,-1,1,0.6,10
61.97,0.00386754486909846,-1,1,0.6,10
61.98,0.00382291604921766,-1,1,0.6,10
61.99,0.00377827862777741,-1,1,0.6,10
62,0.0037336327052119,-1,1,0.6,10
62.01,0.00368897838197433,-1,1,0.6,10
62.02,0.00364431575853695,-1,1,0.6,10
62.03,0.00359964493539066,-1,1,0.6,10
62.04,0.00355496601304477,-1,1,0.6,10
62.05,0.00351027909202686,-1,1,0.6,10
62.06,0.00346558427288247,-1,1,0.6,10
62.07,0.00342088165617493,-1,1,0.6,10
62.08,0.00337617134248511,-1,1,0.6,10
62.09,0.00333145343241119,-1,1,0.6,10
62.1,0.00328672802656845,-1,1,0.6,10
62.11,0.00324199522558904,-1,1,0.6,10
62.12,0.00319725513012174,-1,1,0.6,10
62.13,0.00315250784083175,-1,1,0.6,10
62.14,0.00310775345840044,-1,1,0.6,10
62.15,0.00306299208352516,-1,1,0.6,10
62.16,0.00301822381691899,-1,1,0.6,10
62.17,0.0029734487593105,-1,1,0.6,10
62.18,0.00292866701144356,-1,1,0.6,10
62.19,0.00288387867407708,-1,1,0.6,10
62.2,0.0028390838479848,-1,1,0.6,10
62.21,0.00279428263395506,-1,1,0.6,10
62.22,0.00274947513279057,-1,1,0.6,10
62.23,0.00270466144530819,-1,1,0.6,10
62.24,0.0026598416723387,-1,1,0.6,10
62.25,0.00261501591472657,-1,1,0.6,10
62.26,0.00257018427332979,-1,1,0.6,10
62.27,0.00252534684901943,-1,1,0.6,10
62.28,0.00248050374267967,-1,1,0.6,10
62.29,0.00243565505520763,-1,1,0.6,10
62.3,0.0023908008875127,-1,1,0.6,10
62.31,0.00234594134051673,-1,1,0.6,10
62.32,0.00230107651515384,-1,1,0.6,10
62.33,0.0022562065123697,-1,1,0.6,10
62.34,0.00221133143312181,-1,1,0.6,10
62.35,0.00216645137837924,-1,1,0.6,10
62.36,0.00212156644912193,-1,1,0.6,10
62.37,0.002076676746341,-1,1,0.6,10
62.38,0.00203178237103826,-1,1,0.6,10
62.39,0.00198688342422605,-1,1,0.6,10
62.4,0.00194198000692698,-1,1,0.6,10
62.41,0.0018970722201737,-1,1,0.6,10
62.42,0.00185216016500874,-1,1,0.6,10
62.43,0.00180724394248418,-1,1,0.6,10
62.44,0.00176232365366151,-1,1,0.6,10
62.45,0.00171739939961137,-1,1,0.6,10
62.46,0.0016724712814133,-1,1,0.6,10
62.47,0.00162753940015555,-1,1,0.6,10
62.48,0.00158260385693484,-1,1,0.6,10
62.49,0.00153766475285612,-1,1,0.6,10
62.5,0.00149272218903236,-1,1,0.6,10
62.51,0.0014477762665843,-1,1,0.6,10
62.52,0.0014028270866403,-1,1,0.6,10
62.53,0.00135787475033584,-1,1,0.6,10
62.54,0.00131291935881383,-1,1,0.6,10
62.55,0.00126796101322386,-1,1,0.6,10
62.56,0.00122299981472204,-1,1,0.6,10
62.57,0.0011780358644712,-1,1,0.6,10
62.58,0.00113306926364023,-1,1,0.6,10
62.59,0.00108810011340378,-1,1,0.6,10
62.6,0.00104312851494258,-1,1,0.6,10
62.61,0.000998154569442724,-1,1,0.6,10
62.62,0.000953178378095452,-1,1,0.6,10
62.63,0.000908200042097232,-1,1,0.6,10
62.64,0.0008632196626493,-1,1,0.6,10
62.65,0.000818237340957491,-1,1,0.6,10
62.66,0.00077325317823201,-1,1,0.6,10
62.67,0.000728267275687204,-1,1,0.6,10
62.68,0.000683279734541336,-1,1,0.6,10
62.69,0.000638290656016353,-1,1,0.6,10
62.7,0.000593300141337663,-1,1,0.6,10
62.71,0.000548308291733905,-1,1,0.6,10
62.72,0.000503315208436723,-1,1,0.6,10
62.73,0.000458320992680533,-1,1,0.6,10
62.74,0.000413325745702304,-1,1,0.6,10
62.75,0.000368329568741321,-1,1,0.6,10
62.76,0.000323332563038964,-1,1,0.6,10
62.77,0.000278334829838476,-1,1,0.6,10
62.78,0.000233336470384739,-1,1,0.6,10
62.79,0.000188337585924041,-1,1,0.6,10
62.8,0.000143338277703855,-1,1,0.6,10
62.81,9.83386469726048e-05,-1,1,0.6,10
62.82,5.33387949794401e-05,-1,1,0.6,10
62.83,8.33882297400919e-06,-1,1,0.6,10
62.84,-3.66611677937699e-05,-1,1,0.6,10
62.85,-8.16610760739369e-05,-1,1,0.6,10
62.86,-0.000126660800616717,-1,1,0.6,10
62.87,-0.000171660240172696,-1,1,0.6,10
62.88,-0.000216659293493261,-1,1,0.6,10
62.89,-0.000261657859330559,-1,1,0.6,10
62.9,-0.000306655836437678,-1,1,0.6,10
62.91,-0.000351653123569348,-1,1,0.6,10
62.92,-0.000396649619481691,-1,1,0.6,10
62.93,-0.000441645222932452,-1,1,0.6,10
62.94,-0.0004866398326817,-1,1,0.6,10
62.95,-0.000531633347491583,-1,1,0.6,10
62.96,-0.000576625666126552,-1,1,0.6,10
62.97,-0.000621616687354069,-1,1,0.6,10
62.98,-0.000666606309944355,-1,1,0.6,10
62.99,-0.000711594432670618,-1,1,0.6,10
63,-0.000756580954309762,-1,1,0.6,10
63.01,-0.000801565773642077,-1,1,0.6,10
63.02,-0.000846548789451739,-1,1,0.6,10
63.03,-0.000891529900526983,-1,1,0.6,10
63.04,-0.000936509005660326,-1,1,0.6,10
63.05,-0.000981486003648802,-1,1,0.6,10
63.06,-0.00102646079329418,-1,1,0.6,10
63.07,-0.00107143327340321,-1,1,0.6,10
63.08,-0.00111640334278783,-1,1,0.6,10
63.09,-0.0011613709002654,-1,1,0.6,10
63.1,-0.00120633584465893,-1,1,0.6,10
63.11,-0.00125129807479732,-1,1,0.6,10
63.12,-0.00129625748951556,-1,1,0.6,10
63.13,-0.00134121398765496,-1,1,0.6,10
63.14,-0.00138616746806355,-1,1,0.6,10
63.15,-0.00143111782959587,-1,1,0.6,10
63.16,-0.00147606497111362,-1,1,0.6,10
63.17,-0.00152100879148592,-1,1,0.6,10
63.18,-0.00156594918958902,-1,1,0.6,10
63.19,-0.00161088606430706,-1,1,0.6,10
63.2,-0.00165581931453224,-1,1,0.6,10
63.21,-0.0017007488391646,-1,1,0.6,10
63.22,-0.00174567453711274,-1,1,0.6,10
63.23,-0.00179059630729402,-1,1,0.6,10
63.24,-0.0018355140486343,-1,1,0.6,10
63.25,-0.0018804276600687,-1,1,0.6,10
63.26,-0.00192533704054171,-1,1,0.6,10
63.27,-0.00197024208900719,-1,1,0.6,10
63.28,-0.0020151427044288,-1,1,0.6,10
63.29,-0.00206003878578018,-1,1,0.6,10
63.3,-0.00210493023204516,-1,1,0.6,10
63.31,-0.002149816942218,-1,1,0.6,10
63.32,-0.00219469881530363,-1,1,0.6,10
63.33,-0.00223957575031785,-1,1,0.6,10
63.34,-0.00228444764628758,-1,1,0.6,10
63.35,-0.00232931440225107,-1,1,0.6,10
63.36,-0.00237417591725813,-1,1,0.6,10
63.37,-0.00241903209037039,-1,1,0.6,10
63.38,-0.00246388282066146,-1,1,0.6,10
63.39,-0.00250872800721722,-1,1,0.6,10
63.4,-0.00255356754913603,-1,1,0.6,10
63.41,-0.00259840134552893,-1,1,0.6,10
63.42,-0.00264322929551989,-1,1,0.6,10
63.43,-0.00268805129824606,-1,1,0.6,10
63.44,-0.00273286725285794,-1,1,0.6,10
63.45,-0.00277767705851965,-1,1,0.6,10
63.46,-0.00282248061440915,-1,1,0.6,10
63.47,-0.00286727781971847,-1,1,0.6,10
63.48,-0.00291206857365389,-1,1,0.6,10
63.49,-0.00295685277543626,-1,1,0.6,10
63.5,-0.00300163032430113,-1,1,0.6,10
63.51,-0.00304640111949898,-1,1,0.6,10
63.52,-0.00309116506029565,-1,1,0.6,10
63.53,-0.00313592204597229,-1,1,0.6,10
63.54,-0.00318067197582555,-1,1,0.6,10
63.55,-0.00322541474916825,-1,1,0.6,10
63.56,-0.00327015026532918,-1,1,0.6,10
63.57,-0.00331487842365329,-1,1,0.6,10
63.58,-0.0033595991235024,-1,1,0.6,10
63.59,-0.00340431226425495,-1,1,0.6,10
63.6,-0.00344901774530624,-1,1,0.6,10
63.61,-0.0034937154660691,-1,1,0.6,10
63.62,-0.00353840532597365,-1,1,0.6,10
63.63,-0.0035830872244677,-1,1,0.6,10
63.64,-0.00362776106101701,-1,1,0.6,10
63.65,-0.00367242673510546,-1,1,0.6,10
63.66,-0.0037170841462353,-1,1,0.6,10
63.67,-0.00376173319392739,-1,1,0.6,10
63.68,-0.00380637377772137,-1,1,0.6,10
63.69,-0.00385100579717597,-1,1,0.6,10
63.7,-0.00389562915186914,-1,1,0.6,10
63.71,-0.00394024374139836,-1,1,0.6,10
63.72,-0.00398484946538083,-1,1,0.6,10
63.73,-0.00402944622345369,-1,1,0.6,10
63.74,-0.00407403391527424,-1,1,0.6,10
63.75,-0.0041186124405202,-1,1,0.6,10
63.76,-0.0041631816988899,-1,1,0.6,10
63.77,-0.00420774159010249,-1,1,0.6,10
63.78,-0.00425229201389838,-1,1,0.6,10
63.79,-0.00429683287003898,-1,1,0.6,10
63.8,-0.00434136405830738,-1,1,0.6,10
63.81,-0.00438588547850859,-1,1,0.6,10
63.82,-0.00443039703046927,-1,1,0.6,10
63.83,-0.00447489861403845,-1,1,0.6,10
63.84,-0.00451939012908774,-1,1,0.6,10
63.85,-0.00456387147551109,-1,1,0.6,10
63.86,-0.00460834255322549,-1,1,0.6,10
63.87,-0.00465280326217115,-1,1,0.6,10
63.88,-0.00469725350231143,-1,1,0.6,10
63.89,-0.00474169317363331,-1,1,0.6,10
63.9,-0.00478612217614755,-1,1,0.6,10
63.91,-0.00483054040988892,-1,1,0.6,10
63.92,-0.0048749477749164,-1,1,0.6,10
63.93,-0.00491934417131344,-1,1,0.6,10
63.94,-0.00496372949918817,-1,1,0.6,10
63.95,-0.00500810365867362,-1,1,0.6,10
63.96,-0.00505246654992796,-1,1,0.6,10
63.97,-0.00509681807313469,-1,1,0.6,10
63.98,-0.0051411581285029,-1,1,0.6,10
63.99,-0.00518548661626749,-1,1,0.6,10
64,-0.00522980343668939,-1,1,0.6,10
64.01,-0.00527410849005576,-1,1,0.6,10
64.02,-0.00531840167668025,-1,1,0.6,10
64.03,-0.00536268289690321,-1,1,0.6,10
64.04,-0.00540695205109186,-1,1,0.6,10
64.05,-0.00545120903964079,-1,1,0.6,10
64.06,-0.00549545376297162,-1,1,0.6,10
64.07,-0.00553968612153376,-1,1,0.6,10
64.08,-0.00558390601580456,-1,1,0.6,10
64.09,-0.00562811334628912,-1,1,0.6,10
64.1,-0.00567230801352099,-1,1,0.6,10
64.11,-0.00571648991806232,-1,1,0.6,10
64.12,-0.00576065896050369,-1,1,0.6,10
64.13,-0.00580481504146478,-1,1,0.6,10
64.14,-0.00584895806159458,-1,1,0.6,10
64.15,-0.00589308792157115,-1,1,0.6,10
64.16,-0.00593720452210234,-1,1,0.6,10
64.17,-0.00598130776392596,-1,1,0.6,10
64.18,-0.00602539754780958,-1,1,0.6,10
64.19,-0.00606947377455121,-1,1,0.6,10
64.2,-0.00611353634497952,-1,1,0.6,10
64.21,-0.00615758515995352,-1,1,0.6,10
64.22,-0.00620162012036356,-1,1,0.6,10
64.23,-0.006245641127131,-1,1,0.6,10
64.24,-0.00628964808120843,-1,1,0.6,10
64.25,-0.00633364088358039,-1,1,0.6,10
64.26,-0.00637761943526308,-1,1,0.6,10
64.27,-0.00642158363730463,-1,1,0.6,10
64.28,-0.00646553339078576,-1,1,0.6,10
64.29,-0.00650946859681943,-1,1,0.6,10
64.3,-0.00655338915655161,-1,1,0.6,10
64.31,-0.0065972949711609,-1,1,0.6,10
64.32,-0.00664118594185924,-1,1,0.6,10
64.33,-0.00668506196989211,-1,1,0.6,10
64.34,-0.00672892295653832,-1,1,0.6,10
64.35,-0.00677276880311066,-1,1,0.6,10
64.36,-0.00681659941095616,-1,1,0.6,10
64.37,-0.00686041468145581,-1,1,0.6,10
64.38,-0.00690421451602527,-1,1,0.6,10
64.39,-0.00694799881611508,-1,1,0.6,10
64.4,-0.00699176748321043,-1,1,0.6,10
64.41,-0.00703552041883185,-1,1,0.6,10
64.42,-0.00707925752453539,-1,1,0.6,10
64.43,-0.00712297870191244,-1,1,0.6,10
64.44,-0.00716668385259036,-1,1,0.6,10
64.45,-0.00721037287823275,-1,1,0.6,10
64.46,-0.00725404568053909,-1,1,0.6,10
64.47,-0.00729770216124577,-1,1,0.6,10
64.48,-0.00734134222212571,-1,1,0.6,10
64.49,-0.00738496576498865,-1,1,0.6,10
64.5,-0.00742857269168178,-1,1,0.6,10
64.51,-0.00747216290408954,-1,1,0.6,10
64.52,-0.00751573630413382,-1,1,0.6,10
64.53,-0.00755929279377463,-1,1,0.6,10
64.54,-0.00760283227500985,-1,1,0.6,10
64.55,-0.00764635464987566,-1,1,0.6,10
64.56,-0.00768985982044673,-1,1,0.6,10
64.57,-0.00773334768883645,-1,1,0.6,10
64.58,-0.00777681815719713,-1,1,0.6,10
64.59,-0.00782027112772024,-1,1,0.6,10
64.6,-0.00786370650263661,-1,1,0.6,10
64.61,-0.00790712418421666,-1,1,0.6,10
64.62,-0.00795052407477064,-1,1,0.6,10
64.63,-0.0079939060766488,-1,1,0.6,10
64.64,-0.00803727009224167,-1,1,0.6,10
64.65,-0.00808061602398022,-1,1,0.6,10
64.66,-0.00812394377433612,-1,1,0.6,10
64.67,-0.00816725324582195,-1,1,0.6,10
64.68,-0.00821054434099143,-1,1,0.6,10
64.69,-0.00825381696243961,-1,1,0.6,10
64.7,-0.0082970710128031,-1,1,0.6,10
64.71,-0.00834030639476026,-1,1,0.6,10
64.72,-0.00838352301103166,-1,1,0.6,10
64.73,-0.00842672076437977,-1,1,0.6,10
64.74,-0.00846989955760966,-1,1,0.6,10
64.75,-0.00851305929356922,-1,1,0.6,10
64.76,-0.00855619987514891,-1,1,0.6,10
64.77,-0.00859932120528244,-1,1,0.6,10
64.78,-0.00864242318694699,-1,1,0.6,10
64.79,-0.00868550572316291,-1,1,0.6,10
64.8,-0.00872856871699467,-1,1,0.6,10
64.81,-0.00877161207155055,-1,1,0.6,10
64.82,-0.00881463568998287,-1,1,0.6,10
64.83,-0.00885763947548866,-1,1,0.6,10
64.84,-0.00890062333130941,-1,1,0.6,10
64.85,-0.00894358716073132,-1,1,0.6,10
64.86,-0.00898653086708594,-1,1,0.6,10
64.87,-0.00902945435374996,-1,1,0.6,10
64.88,-0.00907235752414538,-1,1,0.6,10
64.89,-0.00911524028174026,-1,1,0.6,10
64.9,-0.0091581025300484,-1,1,0.6,10
64.91,-0.0092009441726296,-1,1,0.6,10
64.92,-0.00924376511309035,-1,1,0.6,10
64.93,-0.00928656525508355,-1,1,0.6,10
64.94,-0.00932934450230874,-1,1,0.6,10
64.95,-0.00937210275851278,-1,1,0.6,10
64.96,-0.00941483992748952,-1,1,0.6,10
64.97,-0.0094575559130805,-1,1,0.6,10
64.98,-0.00950025061917461,-1,1,0.6,10
64.99,-0.00954292394970879,-1,1,0.6,10
65,-0.00958557580866821,-1,1,0.6,10
65.01,-0.00962820610008605,-1,1,0.6,10
65.02,-0.00967081472804418,-1,1,0.6,10
65.03,-0.00971340159667335,-1,1,0.6,10
65.04,-0.00975596661015292,-1,1,0.6,10
65.05,-0.00979850967271179,-1,1,0.6,10
65.06,-0.00984103068862808,-1,1,0.6,10
65.07,-0.00988352956222937,-1,1,0.6,10
65.08,-0.00992600619789336,-1,1,0.6,10
65.09,-0.00996846050004765,-1,1,0.6,10
65.1,-0.0100108923731699,-1,1,0.6,10
65.11,-0.0100533017217886,-1,1,0.6,10
65.12,-0.0100956884504827,-1,1,0.6,10
65.13,-0.010138052463882,-1,1,0.6,10
65.14,-0.0101803936666675,-1,1,0.6,10
65.15,-0.0102227119635717,-1,1,0.6,10
65.16,-0.0102650072593781,-1,1,0.6,10
65.17,-0.0103072794589226,-1,1,0.6,10
65.18,-0.0103495284670927,-1,1,0.6,10
65.19,-0.010391754188828,-1,1,0.6,10
65.2,-0.0104339565291208,-1,1,0.6,10
65.21,-0.0104761353930159,-1,1,0.6,10
65.22,-0.0105182906856107,-1,1,0.6,10
65.23,-0.0105604223120559,-1,1,0.6,10
65.24,-0.0106025301775554,-1,1,0.6,10
65.25,-0.0106446141873664,-1,1,0.6,10
65.26,-0.0106866742468,-1,1,0.6,10
65.27,-0.0107287102612211,-1,1,0.6,10
65.28,-0.0107707221360486,-1,1,0.6,10
65.29,-0.0108127097767558,-1,1,0.6,10
65.3,-0.0108546730888707,-1,1,0.6,10
65.31,-0.0108966119779756,-1,1,0.6,10
65.32,-0.0109385263497081,-1,1,0.6,10
65.33,-0.0109804161097611,-1,1,0.6,10
65.34,-0.0110222811638824,-1,1,0.6,10
65.35,-0.0110641214178756,-1,1,0.6,10
65.36,-0.0111059367776005,-1,1,0.6,10
65.37,-0.0111477271489722,-1,1,0.6,10
65.38,-0.0111894924379625,-1,1,0.6,10
65.39,-0.0112312325505997,-1,1,0.6,10
65.4,-0.0112729473929683,-1,1,0.6,10
65.41,-0.0113146368712099,-1,1,0.6,10
65.42,-0.0113563008915235,-1,1,0.6,10
65.43,-0.0113979393601648,-1,1,0.6,10
65.44,-0.0114395521834473,-1,1,0.6,10
65.45,-0.0114811392677423,-1,1,0.6,10
65.46,-0.0115227005194788,-1,1,0.6,10
65.47,-0.0115642358451439,-1,1,0.6,10
65.48,-0.0116057451512833,-1,1,0.6,10
65.49,-0.011647228344501,-1,1,0.6,10
65.5,-0.0116886853314598,-1,1,0.6,10
65.51,-0.0117301160188816,-1,1,0.6,10
65.52,-0.0117715203135472,-1,1,0.6,10
65.53,-0.0118128981222972,-1,1,0.6,10
65.54,-0.0118542493520313,-1,1,0.6,10
65.55,-0.0118955739097094,-1,1,0.6,10
65.56,-0.0119368717023512,-1,1,0.6,10
65.57,-0.0119781426370367,-1,1,0.6,10
65.58,-0.0120193866209064,-1,1,0.6,10
65.59,-0.0120606035611612,-1,1,0.6,10
65.6,-0.012101793365063,-1,1,0.6,10
65.61,-0.012142955939935,-1,1,0.6,10
65.62,-0.0121840911931612,-1,1,0.6,10
65.63,-0.0122251990321873,-1,1,0.6,10
65.64,-0.0122662793645208,-1,1,0.6,10
65.65,-0.0123073320977309,-1,1,0.6,10
65.66,-0.0123483571394489,-1,1,0.6,10
65.67,-0.0123893543973686,-1,1,0.6,10
65.68,-0.0124303237792462,-1,1,0.6,10
65.69,-0.0124712651929004,-1,1,0.6,10
65.7,-0.0125121785462133,-1,1,0.6,10
65.71,-0.0125530637471296,-1,1,0.6,10
65.72,-0.0125939207036579,-1,1,0.6,10
65.73,-0.0126347493238699,-1,1,0.6,10
65.74,-0.0126755495159012,-1,1,0.6,10
65.75,-0.0127163211879515,-1,1,0.6,10
65.76,-0.0127570642482845,-1,1,0.6,10
65.77,-0.0127977786052283,-1,1,0.6,10
65.78,-0.0128384641671756,-1,1,0.6,10
65.79,-0.012879120842584,-1,1,0.6,10
65.8,-0.0129197485399759,-1,1,0.6,10
65.81,-0.012960347167939,-1,1,0.6,10
65.82,-0.0130009166351265,-1,1,0.6,10
65.83,-0.0130414568502571,-1,1,0.6,10
65.84,-0.0130819677221152,-1,1,0.6,10
65.85,-0.0131224491595515,-1,1,0.6,10
65.86,-0.0131629010714827,-1,1,0.6,10
65.87,-0.013203323366892,-1,1,0.6,10
65.88,-0.0132437159548294,-1,1,0.6,10
65.89,-0.0132840787444114,-1,1,0.6,10
65.9,-0.0133244116448218,-1,1,0.6,10
65.91,-0.0133647145653117,-1,1,0.6,10
65.92,-0.0134049874151995,-1,1,0.6,10
65.93,-0.0134452301038712,-1,1,0.6,10
65.94,-0.0134854425407808,-1,1,0.6,10
65.95,-0.0135256246354505,-1,1,0.6,10
65.96,-0.0135657762974703,-1,1,0.6,10
65.97,-0.0136058974364993,-1,1,0.6,10
65.98,-0.0136459879622648,-1,1,0.6,10
65.99,-0.013686047784563,-1,1,0.6,10
66,-0.0137260768132596,-1,1,0.6,10
66.01,-0.0137660749582892,-1,1,0.6,10
66.02,-0.0138060421296558,-1,1,0.6,10
66.03,-0.0138459782374335,-1,1,0.6,10
66.04,-0.013885883191766,-1,1,0.6,10
66.05,-0.0139257569028672,-1,1,0.6,10
66.06,-0.0139655992810213,-1,1,0.6,10
66.07,-0.0140054102365828,-1,1,0.6,10
66.08,-0.0140451896799772,-1,1,0.6,10
66.09,-0.0140849375217008,-1,1,0.6,10
66.1,-0.0141246536723209,-1,1,0.6,10
66.11,-0.0141643380424761,-1,1,0.6,10
66.12,-0.0142039905428768,-1,1,0.6,10
66.13,-0.0142436110843047,-1,1,0.6,10
66.14,-0.0142831995776137,-1,1,0.6,10
66.15,-0.0143227559337298,-1,1,0.6,10
66.16,-0.0143622800636509,-1,1,0.6,10
66.17,-0.014401771878448,-1,1,0.6,10
66.18,-0.0144412312892644,-1,1,0.6,10
66.19,-0.0144806582073165,-1,1,0.6,10
66.2,-0.0145200525438938,-1,1,0.6,10
66.21,-0.0145594142103589,-1,1,0.6,10
66.22,-0.0145987431181483,-1,1,0.6,10
66.23,-0.0146380391787718,-1,1,0.6,10
66.24,-0.0146773023038132,-1,1,0.6,10
66.25,-0.0147165324049308,-1,1,0.6,10
66.26,-0.0147557293938566,-1,1,0.6,10
66.27,-0.0147948931823975,-1,1,0.6,10
66.28,-0.014834023682435,-1,1,0.6,10
66.29,-0.0148731208059254,-1,1,0.6,10
66.3,-0.0149121844649003,-1,1,0.6,10
66.31,-0.0149512145714665,-1,1,0.6,10
66.32,-0.0149902110378062,-1,1,0.6,10
66.33,-0.0150291737761773,-1,1,0.6,10
66.34,-0.0150681026989139,-1,1,0.6,10
66.35,-0.0151069977184256,-1,1,0.6,10
66.36,-0.0151458587471989,-1,1,0.6,10
66.37,-0.0151846856977965,-1,1,0.6,10
66.38,-0.0152234784828576,-1,1,0.6,10
66.39,-0.0152622370150985,-1,1,0.6,10
66.4,-0.0153009612073126,-1,1,0.6,10
66.41,-0.0153396509723704,-1,1,0.6,10
66.42,-0.01537830622322,-1,1,0.6,10
66.43,-0.0154169268728872,-1,1,0.6,10
66.44,-0.0154555128344753,-1,1,0.6,10
66.45,-0.015494064021166,-1,1,0.6,10
66.46,-0.0155325803462193,-1,1,0.6,10
66.47,-0.0155710617229734,-1,1,0.6,10
66.48,-0.0156095080648451,-1,1,0.6,10
66.49,-0.0156479192853303,-1,1,0.6,10
66.5,-0.0156862952980037,-1,1,0.6,10
66.51,-0.0157246360165192,-1,1,0.6,10
66.52,-0.0157629413546104,-1,1,0.6,10
66.53,-0.0158012112260902,-1,1,0.6,10
66.54,-0.0158394455448513,-1,1,0.6,10
66.55,-0.0158776442248668,-1,1,0.6,10
66.56,-0.0159158071801894,-1,1,0.6,10
66.57,-0.0159539343249525,-1,1,0.6,10
66.58,-0.0159920255733702,-1,1,0.6,10
66.59,-0.016030080839737,-1,1,0.6,10
66.6,-0.0160681000384287,-1,1,0.6,10
66.61,-0.0161060830839022,-1,1,0.6,10
66.62,-0.0161440298906954,-1,1,0.6,10
66.63,-0.0161819403734282,-1,1,0.6,10
66.64,-0.0162198144468021,-1,1,0.6,10
66.65,-0.0162576520256002,-1,1,0.6,10
66.66,-0.0162954530246881,-1,1,0.6,10
66.67,-0.0163332173590137,-1,1,0.6,10
66.68,-0.0163709449436071,-1,1,0.6,10
66.69,-0.0164086356935812,-1,1,0.6,10
66.7,-0.016446289524132,-1,1,0.6,10
66.71,-0.0164839063505382,-1,1,0.6,10
66.72,-0.0165214860881621,-1,1,0.6,10
66.73,-0.0165590286524494,-1,1,0.6,10
66.74,-0.016596533958929,-1,1,0.6,10
66.75,-0.0166340019232143,-1,1,0.6,10
66.76,-0.0166714324610024,-1,1,0.6,10
66.77,-0.0167088254880743,-1,1,0.6,10
66.78,-0.016746180920296,-1,1,0.6,10
66.79,-0.0167834986736177,-1,1,0.6,10
66.8,-0.0168207786640745,-1,1,0.6,10
66.81,-0.0168580208077863,-1,1,0.6,10
66.82,-0.0168952250209584,-1,1,0.6,10
66.83,-0.0169323912198815,-1,1,0.6,10
66.84,-0.0169695193209314,-1,1,0.6,10
66.85,-0.0170066092405699,-1,1,0.6,10
66.86,-0.0170436608953449,-1,1,0.6,10
66.87,-0.01708067420189,-1,1,0.6,10
66.88,-0.0171176490769253,-1,1,0.6,10
66.89,-0.0171545854372576,-1,1,0.6,10
66.9,-0.0171914831997797,-1,1,0.6,10
66.91,-0.0172283422814719,-1,1,0.6,10
66.92,-0.0172651625994014,-1,1,0.6,10
66.93,-0.0173019440707222,-1,1,0.6,10
66.94,-0.0173386866126761,-1,1,0.6,10
66.95,-0.0173753901425925,-1,1,0.6,10
66.96,-0.0174120545778883,-1,1,0.6,10
66.97,-0.0174486798360688,-1,1,0.6,10
66.98,-0.017485265834727,-1,1,0.6,10
66.99,-0.0175218124915443,-1,1,0.6,10
67,-0.017558319724291,-1,1,0.6,10
67.01,-0.0175947874508258,-1,1,0.6,10
67.02,-0.0176312155890962,-1,1,0.6,10
67.03,-0.0176676040571389,-1,1,0.6,10
67.04,-0.01770395277308,-1,1,0.6,10
67.05,-0.0177402616551348,-1,1,0.6,10
67.06,-0.0177765306216084,-1,1,0.6,10
67.07,-0.0178127595908955,-1,1,0.6,10
67.08,-0.0178489484814811,-1,1,0.6,10
67.09,-0.0178850972119402,-1,1,0.6,10
67.1,-0.017921205700938,-1,1,0.6,10
67.11,-0.0179572738672306,-1,1,0.6,10
67.12,-0.0179933016296646,-1,1,0.6,10
67.13,-0.0180292889071775,-1,1,0.6,10
67.14,-0.018065235618798,-1,1,0.6,10
67.15,-0.0181011416836459,-1,1,0.6,10
67.16,-0.0181370070209327,-1,1,0.6,10
67.17,-0.0181728315499613,-1,1,0.6,10
67.18,-0.0182086151901267,-1,1,0.6,10
67.19,-0.0182443578609155,-1,1,0.6,10
67.2,-0.0182800594819068,-1,1,0.6,10
67.21,-0.018315719972772,-1,1,0.6,10
67.22,-0.018351339253275,-1,1,0.6,10
67.23,-0.0183869172432725,-1,1,0.6,10
67.24,-0.0184224538627138,-1,1,0.6,10
67.25,-0.0184579490316418,-1,1,0.6,10
67.26,-0.0184934026701922,-1,1,0.6,10
67.27,-0.0185288146985944,-1,1,0.6,10
67.28,-0.0185641850371714,-1,1,0.6,10
67.29,-0.0185995136063399,-1,1,0.6,10
67.3,-0.0186348003266106,-1,1,0.6,10
67.31,-0.0186700451185884,-1,1,0.6,10
67.32,-0.0187052479029726,-1,1,0.6,10
67.33,-0.0187404086005569,-1,1,0.6,10
67.34,-0.0187755271322298,-1,1,0.6,10
67.35,-0.0188106034189745,-1,1,0.6,10
67.36,-0.0188456373818694,-1,1,0.6,10
67.37,-0.0188806289420883,-1,1,0.6,10
67.38,-0.0189155780208999,-1,1,0.6,10
67.39,-0.018950484539669,-1,1,0.6,10
67.4,-0.0189853484198559,-1,1,0.6,10
67.41,-0.0190201695830168,-1,1,0.6,10
67.42,-0.0190549479508042,-1,1,0.6,10
67.43,-0.0190896834449668,-1,1,0.6,10
67.44,-0.0191243759873496,-1,1,0.6,10
67.45,-0.0191590254998945,-1,1,0.6,10
67.46,-0.0191936319046401,-1,1,0.6,10
67.47,-0.0192281951237221,-1,1,0.6,10
67.48,-0.0192627150793732,-1,1,0.6,10
67.49,-0.0192971916939234,-1,1,0.6,10
67.5,-0.0193316248898005,-1,1,0.6,10
67.51,-0.0193660145895297,-1,1,0.6,10
67.52,-0.0194003607157342,-1,1,0.6,10
67.53,-0.0194346631911354,-1,1,0.6,10
67.54,-0.0194689219385526,-1,1,0.6,10
67.55,-0.0195031368809036,-1,1,0.6,10
67.56,-0.0195373079412049,-1,1,0.6,10
67.57,-0.0195714350425715,-1,1,0.6,10
67.58,-0.0196055181082175,-1,1,0.6,10
67.59,-0.0196395570614561,-1,1,0.6,10
67.6,-0.0196735518256996,-1,1,0.6,10
67.61,-0.0197075023244597,-1,1,0.6,10
67.62,-0.019741408481348,-1,1,0.6,10
67.63,-0.0197752702200755,-1,1,0.6,10
67.64,-0.0198090874644533,-1,1,0.6,10
67.65,-0.0198428601383928,-1,1,0.6,10
67.66,-0.0198765881659052,-1,1,0.6,10
67.67,-0.0199102714711027,-1,1,0.6,10
67.68,-0.0199439099781978,-1,1,0.6,10
67.69,-0.0199775036115037,-1,1,0.6,10
67.7,-0.0200110522954351,-1,1,0.6,10
67.71,-0.0200445559545072,-1,1,0.6,10
67.72,-0.0200780145133368,-1,1,0.6,10
67.73,-0.0201114278966423,-1,1,0.6,10
67.74,-0.0201447960292435,-1,1,0.6,10
67.75,-0.0201781188360622,-1,1,0.6,10
67.76,-0.0202113962421219,-1,1,0.6,10
67.77,-0.0202446281725487,-1,1,0.6,10
67.78,-0.0202778145525706,-1,1,0.6,10
67.79,-0.0203109553075183,-1,1,0.6,10
67.8,-0.0203440503628251,-1,1,0.6,10
67.81,-0.0203770996440272,-1,1,0.6,10
67.82,-0.0204101030767637,-1,1,0.6,10
67.83,-0.0204430605867769,-1,1,0.6,10
67.84,-0.0204759720999124,-1,1,0.6,10
67.85,-0.0205088375421193,-1,1,0.6,10
67.86,-0.0205416568394504,-1,1,0.6,10
67.87,-0.0205744299180622,-1,1,0.6,10
67.88,-0.0206071567042154,-1,1,0.6,10
67.89,-0.0206398371242748,-1,1,0.6,10
67.9,-0.0206724711047093,-1,1,0.6,10
67.91,-0.0207050585720925,-1,1,0.6,10
67.92,-0.0207375994531028,-1,1,0.6,10
67.93,-0.0207700936745229,-1,1,0.6,10
67.94,-0.0208025411632411,-1,1,0.6,10
67.95,-0.0208349418462505,-1,1,0.6,10
67.96,-0.0208672956506494,-1,1,0.6,10
67.97,-0.0208996025036419,-1,1,0.6,10
67.98,-0.0209318623325377,-1,1,0.6,10
67.99,-0.020964075064752,-1,1,0.6,10
68,-0.0209962406278063,-1,1,0.6,10
68.01,-0.021028358949328,-1,1,0.6,10
68.02,-0.0210604299570509,-1,1,0.6,10
68.03,-0.0210924535788154,-1,1,0.6,10
68.04,-0.0211244297425682,-1,1,0.6,10
68.05,-0.0211563583763629,-1,1,0.6,10
68.06,-0.0211882394083603,-1,1,0.6,10
68.07,-0.0212200727668279,-1,1,0.6,10
68.08,-0.0212518583801407,-1,1,0.6,10
68.09,-0.0212835961767812,-1,1,0.6,10
68.1,-0.0213152860853392,-1,1,0.6,10
68.11,-0.0213469280345126,-1,1,0.6,10
68.12,-0.0213785219531068,-1,1,0.6,10
68.13,-0.0214100677700357,-1,1,0.6,10
68.14,-0.0214415654143212,-1,1,0.6,10
68.15,-0.0214730148150935,-1,1,0.6,10
68.16,-0.0215044159015915,-1,1,0.6,10
68.17,-0.0215357686031628,-1,1,0.6,10
68.18,-0.0215670728492639,-1,1,0.6,10
68.19,-0.0215983285694601,-1,1,0.6,10
68.2,-0.0216295356934262,-1,1,0.6,10
68.21,-0.021660694150946,-1,1,0.6,10
68.22,-0.0216918038719132,-1,1,0.6,10
68.23,-0.0217228647863309,-1,1,0.6,10
68.24,-0.0217538768243118,-1,1,0.6,10
68.25,-0.0217848399160792,-1,1,0.6,10
68.26,-0.0218157539919659,-1,1,0.6,10
68.27,-0.0218466189824153,-1,1,0.6,10
68.28,-0.0218774348179813,-1,1,0.6,10
68.29,-0.0219082014293282,-1,1,0.6,10
68.3,-0.021938918747231,-1,1,0.6,10
68.31,-0.0219695867025759,-1,1,0.6,10
68.32,-0.02200020522636,-1,1,0.6,10
68.33,-0.0220307742496917,-1,1,0.6,10
68.34,-0.0220612937037906,-1,1,0.6,10
68.35,-0.0220917635199879,-1,1,0.6,10
68.36,-0.0221221836297267,-1,1,0.6,10
68.37,-0.0221525539645616,-1,1,0.6,10
68.38,-0.0221828744561594,-1,1,0.6,10
68.39,-0.0222131450362991,-1,1,0.6,10
68.4,-0.0222433656368718,-1,1,0.6,10
68.41,-0.0222735361898812,-1,1,0.6,10
68.42,-0.0223036566274436,-1,1,0.6,10
68.43,-0.022333726881788,-1,1,0.6,10
68.44,-0.0223637468852563,-1,1,0.6,10
68.45,-0.0223937165703036,-1,1,0.6,10
68.46,-0.022423635869498,-1,1,0.6,10
68.47,-0.0224535047155212,-1,1,0.6,10
68.48,-0.0224833230411682,-1,1,0.6,10
68.49,-0.0225130907793479,-1,1,0.6,10
68.5,-0.0225428078630828,-1,1,0.6,10
68.51,-0.0225724742255096,-1,1,0.6,10
68.52,-0.0226020897998788,-1,1,0.6,10
68.53,-0.0226316545195556,-1,1,0.6,10
68.54,-0.0226611683180192,-1,1,0.6,10
68.55,-0.0226906311288637,-1,1,0.6,10
68.56,-0.0227200428857977,-1,1,0.6,10
68.57,-0.0227494035226448,-1,1,0.6,10
68.58,-0.0227787129733435,-1,1,0.6,10
68.59,-0.0228079711719478,-1,1,0.6,10
68.6,-0.0228371780526264,-1,1,0.6,10
68.61,-0.0228663335496641,-1,1,0.6,10
68.62,-0.022895437597461,-1,1,0.6,10
68.63,-0.0229244901305329,-1,1,0.6,10
68.64,-0.0229534910835117,-1,1,0.6,10
68.65,-0.0229824403911452,-1,1,0.6,10
68.66,-0.0230113379882975,-1,1,0.6,10
68.67,-0.0230401838099491,-1,1,0.6,10
68.68,-0.0230689777911969,-1,1,0.6,10
68.69,-0.0230977198672543,-1,1,0.6,10
68.7,-0.0231264099734518,-1,1,0.6,10
68.71,-0.0231550480452365,-1,1,0.6,10
68.72,-0.023183634018173,-1,1,0.6,10
68.73,-0.0232121678279427,-1,1,0.6,10
68.74,-0.0232406494103446,-1,1,0.6,10
68.75,-0.0232690787012951,-1,1,0.6,10
68.76,-0.0232974556368284,-1,1,0.6,10
68.77,-0.0233257801530963,-1,1,0.6,10
68.78,-0.0233540521863687,-1,1,0.6,10
68.79,-0.0233822716730335,-1,1,0.6,10
68.8,-0.0234104385495969,-1,1,0.6,10
68.81,-0.0234385527526835,-1,1,0.6,10
68.82,-0.0234666142190362,-1,1,0.6,10
68.83,-0.0234946228855169,-1,1,0.6,10
68.84,-0.023522578689106,-1,1,0.6,10
68.85,-0.023550481566903,-1,1,0.6,10
68.86,-0.0235783314561263,-1,1,0.6,10
68.87,-0.0236061282941139,-1,1,0.6,10
68.88,-0.0236338720183227,-1,1,0.6,10
68.89,-0.0236615625663295,-1,1,0.6,10
68.9,-0.0236891998758305,-1,1,0.6,10
68.91,-0.0237167838846417,-1,1,0.6,10
68.92,-0.0237443145306992,-1,1,0.6,10
68.93,-0.0237717917520591,-1,1,0.6,10
68.94,-0.0237992154868975,-1,1,0.6,10
68.95,-0.0238265856735111,-1,1,0.6,10
68.96,-0.023853902250317,-1,1,0.6,10
68.97,-0.0238811651558529,-1,1,0.6,10
68.98,-0.0239083743287773,-1,1,0.6,10
68.99,-0.0239355297078695,-1,1,0.6,10
69,-0.02396263123203,-1,1,0.6,10
69.01,-0.0239896788402803,-1,1,0.6,10
69.02,-0.0240166724717634,-1,1,0.6,10
69.03,-0.0240436120657435,-1,1,0.6,10
69.04,-0.0240704975616066,-1,1,0.6,10
69.05,-0.0240973288988604,-1,1,0.6,10
69.06,-0.0241241060171343,-1,1,0.6,10
69.07,-0.0241508288561798,-1,1,0.6,10
69.08,-0.0241774973558706,-1,1,0.6,10
69.09,-0.0242041114562026,-1,1,0.6,10
69.1,-0.0242306710972939,-1,1,0.6,10
69.11,-0.0242571762193856,-1,1,0.6,10
69.12,-0.024283626762841,-1,1,0.6,10
69.13,-0.0243100226681463,-1,1,0.6,10
69.14,-0.024336363875911,-1,1,0.6,10
69.15,-0.0243626503268672,-1,1,0.6,10
69.16,-0.0243888819618704,-1,1,0.6,10
69.17,-0.0244150587218996,-1,1,0.6,10
69.18,-0.0244411805480569,-1,1,0.6,10
69.19,-0.0244672473815682,-1,1,0.6,10
69.2,-0.0244932591637834,-1,1,0.6,10
69.21,-0.0245192158361756,-1,1,0.6,10
69.22,-0.0245451173403427,-1,1,0.6,10
69.23,-0.024570963618006,-1,1,0.6,10
69.24,-0.0245967546110116,-1,1,0.6,10
69.25,-0.0246224902613297,-1,1,0.6,10
69.26,-0.0246481705110551,-1,1,0.6,10
69.27,-0.0246737953024072,-1,1,0.6,10
69.28,-0.0246993645777303,-1,1,0.6,10
69.29,-0.0247248782794936,-1,1,0.6,10
69.3,-0.0247503363502911,-1,1,0.6,10
69.31,-0.0247757387328423,-1,1,0.6,10
69.32,-0.0248010853699917,-1,1,0.6,10
69.33,-0.0248263762047096,-1,1,0.6,10
69.34,-0.0248516111800915,-1,1,0.6,10
69.35,-0.0248767902393587,-1,1,0.6,10
69.36,-0.0249019133258584,-1,1,0.6,10
69.37,-0.0249269803830636,-1,1,0.6,10
69.38,-0.0249519913545734,-1,1,0.6,10
69.39,-0.0249769461841132,-1,1,0.6,10
69.4,-0.0250018448155347,-1,1,0.6,10
69.41,-0.0250266871928158,-1,1,0.6,10
69.42,-0.0250514732600614,-1,1,0.6,10
69.43,-0.0250762029615026,-1,1,0.6,10
69.44,-0.0251008762414978,-1,1,0.6,10
69.45,-0.0251254930445321,-1,1,0.6,10
69.46,-0.0251500533152175,-1,1,0.6,10
69.47,-0.0251745569982936,-1,1,0.6,10
69.48,-0.0251990040386272,-1,1,0.6,10
69.49,-0.0252233943812122,-1,1,0.6,10
69.5,-0.0252477279711705,-1,1,0.6,10
69.51,-0.0252720047537516,-1,1,0.6,10
69.52,-0.0252962246743326,-1,1,0.6,10
69.53,-0.0253203876784187,-1,1,0.6,10
69.54,-0.0253444937116433,-1,1,0.6,10
69.55,-0.0253685427197677,-1,1,0.6,10
69.56,-0.0253925346486817,-1,1,0.6,10
69.57,-0.0254164694444035,-1,1,0.6,10
69.58,-0.0254403470530797,-1,1,0.6,10
69.59,-0.0254641674209858,-1,1,0.6,10
69.6,-0.0254879304945259,-1,1,0.6,10
69.61,-0.0255116362202332,-1,1,0.6,10
69.62,-0.0255352845447697,-1,1,0.6,10
69.63,-0.0255588754149268,-1,1,0.6,10
69.64,-0.025582408777625,-1,1,0.6,10
69.65,-0.0256058845799142,-1,1,0.6,10
69.66,-0.0256293027689739,-1,1,0.6,10
69.67,-0.0256526632921132,-1,1,0.6,10
69.68,-0.025675966096771,-1,1,0.6,10
69.69,-0.0256992111305158,-1,1,0.6,10
69.7,-0.0257223983410464,-1,1,0.6,10
69.71,-0.0257455276761916,-1,1,0.6,10
69.72,-0.0257685990839105,-1,1,0.6,10
69.73,-0.0257916125122922,-1,1,0.6,10
69.74,-0.0258145679095567,-1,1,0.6,10
69.75,-0.0258374652240542,-1,1,0.6,10
69.76,-0.025860304404266,-1,1,0.6,10
69.77,-0.0258830853988036,-1,1,0.6,10
69.78,-0.0259058081564101,-1,1,0.6,10
69.79,-0.0259284726259592,-1,1,0.6,10
69.8,-0.0259510787564558,-1,1,0.6,10
69.81,-0.0259736264970361,-1,1,0.6,10
69.82,-0.0259961157969678,-1,1,0.6,10
69.83,-0.0260185466056499,-1,1,0.6,10
69.84,-0.0260409188726131,-1,1,0.6,10
69.85,-0.0260632325475198,-1,1,0.6,10
69.86,-0.0260854875801643,-1,1,0.6,10
69.87,-0.0261076839204728,-1,1,0.6,10
69.88,-0.0261298215185034,-1,1,0.6,10
69.89,-0.0261519003244467,-1,1,0.6,10
69.9,-0.0261739202886252,-1,1,0.6,10
69.91,-0.0261958813614941,-1,1,0.6,10
69.92,-0.0262177834936411,-1,1,0.6,10
69.93,-0.0262396266357862,-1,1,0.6,10
69.94,-0.0262614107387825,-1,1,0.6,10
69.95,-0.0262831357536157,-1,1,0.6,10
69.96,-0.0263048016314045,-1,1,0.6,10
69.97,-0.0263264083234008,-1,1,0.6,10
69.98,-0.0263479557809894,-1,1,0.6,10
69.99,-0.0263694439556886,-1,1,0.6,10
70,-0.0263908727991501,-1,1,0.6,10
70.01,-0.0264122422631589,-1,1,0.6,10
70.02,-0.0264335522996337,-1,1,0.6,10
70.03,-0.0264548028606271,-1,1,0.6,10
70.04,-0.0264759938983251,-1,1,0.6,10
70.05,-0.0264971253650481,-1,1,0.6,10
70.06,-0.0265181972132502,-1,1,0.6,10
70.07,-0.0265392093955197,-1,1,0.6,10
70.08,-0.0265601618645792,-1,1,0.6,10
70.09,-0.0265810545732858,-1,1,0.6,10
70.1,-0.0266018874746308,-1,1,0.6,10
70.11,-0.0266226605217402,-1,1,0.6,10
70.12,-0.0266433736678747,-1,1,0.6,10
70.13,-0.0266640268664297,-1,1,0.6,10
70.14,-0.0266846200709354,-1,1,0.6,10
70.15,-0.0267051532350573,-1,1,0.6,10
70.16,-0.0267256263125956,-1,1,0.6,10
70.17,-0.026746039257486,-1,1,0.6,10
70.18,-0.0267663920237994,-1,1,0.6,10
70.19,-0.026786684565742,-1,1,0.6,10
70.2,-0.0268069168376556,-1,1,0.6,10
70.21,-0.0268270887940177,-1,1,0.6,10
70.22,-0.0268472003894413,-1,1,0.6,10
70.23,-0.0268672515786753,-1,1,0.6,10
70.24,-0.0268872423166047,-1,1,0.6,10
70.25,-0.0269071725582501,-1,1,0.6,10
70.26,-0.0269270422587687,-1,1,0.6,10
70.27,-0.0269468513734535,-1,1,0.6,10
70.28,-0.0269665998577341,-1,1,0.6,10
70.29,-0.0269862876671764,-1,1,0.6,10
70.3,-0.0270059147574828,-1,1,0.6,10
70.31,-0.0270254810844925,-1,1,0.6,10
70.32,-0.027044986604181,-1,1,0.6,10
70.33,-0.0270644312726612,-1,1,0.6,10
70.34,-0.0270838150461824,-1,1,0.6,10
70.35,-0.0271031378811311,-1,1,0.6,10
70.36,-0.0271223997340311,-1,1,0.6,10
70.37,-0.0271416005615431,-1,1,0.6,10
70.38,-0.0271607403204653,-1,1,0.6,10
70.39,-0.0271798189677332,-1,1,0.6,10
70.4,-0.0271988364604199,-1,1,0.6,10
70.41,-0.0272177927557361,-1,1,0.6,10
70.42,-0.02723668781103,-1,1,0.6,10
70.43,-0.0272555215837879,-1,1,0.6,10
70.44,-0.0272742940316337,-1,1,0.6,10
70.45,-0.0272930051123294,-1,1,0.6,10
70.46,-0.0273116547837751,-1,1,0.6,10
70.47,-0.0273302430040091,-1,1,0.6,10
70.48,-0.0273487697312079,-1,1,0.6,10
70.49,-0.0273672349236863,-1,1,0.6,10
70.5,-0.0273856385398977,-1,1,0.6,10
70.51,-0.0274039805384339,-1,1,0.6,10
70.52,-0.0274222608780254,-1,1,0.6,10
70.53,-0.0274404795175416,-1,1,0.6,10
70.54,-0.0274586364159904,-1,1,0.6,10
70.55,-0.0274767315325189,-1,1,0.6,10
70.56,-0.027494764826413,-1,1,0.6,10
70.57,-0.0275127362570978,-1,1,0.6,10
70.58,-0.0275306457841377,-1,1,0.6,10
70.59,-0.0275484933672362,-1,1,0.6,10
70.6,-0.0275662789662362,-1,1,0.6,10
70.61,-0.0275840025411202,-1,1,0.6,10
70.62,-0.0276016640520101,-1,1,0.6,10
70.63,-0.0276192634591675,-1,1,0.6,10
70.64,-0.0276368007229938,-1,1,0.6,10
70.65,-0.0276542758040301,-1,1,0.6,10
70.66,-0.0276716886629575,-1,1,0.6,10
70.67,-0.0276890392605972,-1,1,0.6,10
70.68,-0.0277063275579101,-1,1,0.6,10
70.69,-0.0277235535159978,-1,1,0.6,10
70.7,-0.0277407170961017,-1,1,0.6,10
70.71,-0.0277578182596039,-1,1,0.6,10
70.72,-0.0277748569680267,-1,1,0.6,10
70.73,-0.027791833183033,-1,1,0.6,10
70.74,-0.0278087468664264,-1,1,0.6,10
70.75,-0.0278255979801511,-1,1,0.6,10
70.76,-0.0278423864862921,-1,1,0.6,10
70.77,-0.0278591123470752,-1,1,0.6,10
70.78,-0.0278757755248672,-1,1,0.6,10
70.79,-0.0278923759821762,-1,1,0.6,10
70.8,-0.0279089136816509,-1,1,0.6,10
70.81,-0.0279253885860816,-1,1,0.6,10
70.82,-0.0279418006583998,-1,1,0.6,10
70.83,-0.0279581498616782,-1,1,0.6,10
70.84,-0.0279744361591313,-1,1,0.6,10
70.85,-0.0279906595141149,-1,1,0.6,10
70.86,-0.0280068198901263,-1,1,0.6,10
70.87,-0.0280229172508048,-1,1,0.6,10
70.88,-0.0280389515599313,-1,1,0.6,10
70.89,-0.0280549227814286,-1,1,0.6,10
70.9,-0.0280708308793615,-1,1,0.6,10
70.91,-0.0280866758179368,-1,1,0.6,10
70.92,-0.0281024575615033,-1,1,0.6,10
70.93,-0.0281181760745522,-1,1,0.6,10
70.94,-0.0281338313217167,-1,1,0.6,10
70.95,-0.0281494232677727,-1,1,0.6,10
70.96,-0.0281649518776381,-1,1,0.6,10
70.97,-0.0281804171163738,-1,1,0.6,10
70.98,-0.0281958189491828,-1,1,0.6,10
70.99,-0.0282111573414111,-1,1,0.6,10
71,-0.0282264322585472,-1,1,0.6,10
71.01,-0.0282416436662227,-1,1,0.6,10
71.02,-0.0282567915302118,-1,1,0.6,10
71.03,-0.028271875816432,-1,1,0.6,10
71.04,-0.0282868964909434,-1,1,0.6,10
71.05,-0.0283018535199497,-1,1,0.6,10
71.06,-0.0283167468697976,-1,1,0.6,10
71.07,-0.0283315765069768,-1,1,0.6,10
71.08,-0.028346342398121,-1,1,0.6,10
71.09,-0.0283610445100066,-1,1,0.6,10
71.1,-0.0283756828095541,-1,1,0.6,10
71.11,-0.0283902572638273,-1,1,0.6,10
71.12,-0.0284047678400336,-1,1,0.6,10
71.13,-0.0284192145055242,-1,1,0.6,10
71.14,-0.0284335972277941,-1,1,0.6,10
71.15,-0.0284479159744824,-1,1,0.6,10
71.16,-0.0284621707133716,-1,1,0.6,10
71.17,-0.0284763614123888,-1,1,0.6,10
71.18,-0.0284904880396048,-1,1,0.6,10
71.19,-0.0285045505632347,-1,1,0.6,10
71.2,-0.0285185489516379,-1,1,0.6,10
71.21,-0.028532483173318,-1,1,0.6,10
71.22,-0.028546353196923,-1,1,0.6,10
71.23,-0.0285601589912453,-1,1,0.6,10
71.24,-0.0285739005252219,-1,1,0.6,10
71.25,-0.0285875777679345,-1,1,0.6,10
71.26,-0.0286011906886091,-1,1,0.6,10
71.27,-0.0286147392566167,-1,1,0.6,10
71.28,-0.028628223441473,-1,1,0.6,10
71.29,-0.0286416432128387,-1,1,0.6,10
71.3,-0.0286549985405193,-1,1,0.6,10
71.31,-0.0286682893944652,-1,1,0.6,10
71.32,-0.0286815157447721,-1,1,0.6,10
71.33,-0.0286946775616806,-1,1,0.6,10
71.34,-0.0287077748155768,-1,1,0.6,10
71.35,-0.0287208074769917,-1,1,0.6,10
71.36,-0.0287337755166019,-1,1,0.6,10
71.37,-0.0287466789052294,-1,1,0.6,10
71.38,-0.0287595176138414,-1,1,0.6,10
71.39,-0.0287722916135509,-1,1,0.6,10
71.4,-0.0287850008756164,-1,1,0.6,10
71.41,-0.0287976453714421,-1,1,0.6,10
71.42,-0.0288102250725779,-1,1,0.6,10
71.43,-0.0288227399507194,-1,1,0.6,10
71.44,-0.0288351899777081,-1,1,0.6,10
71.45,-0.0288475751255316,-1,1,0.6,10
71.46,-0.0288598953663233,-1,1,0.6,10
71.47,-0.0288721506723625,-1,1,0.6,10
71.48,-0.0288843410160749,-1,1,0.6,10
71.49,-0.0288964663700322,-1,1,0.6,10
71.5,-0.0289085267069523,-1,1,0.6,10
71.51,-0.0289205219996996,-1,1,0.6,10
71.52,-0.0289324522212846,-1,1,0.6,10
71.53,-0.0289443173448642,-1,1,0.6,10
71.54,-0.0289561173437421,-1,1,0.6,10
71.55,-0.0289678521913681,-1,1,0.6,10
71.56,-0.028979521861339,-1,1,0.6,10
71.57,-0.0289911263273978,-1,1,0.6,10
71.58,-0.0290026655634347,-1,1,0.6,10
71.59,-0.0290141395434863,-1,1,0.6,10
71.6,-0.0290255482417361,-1,1,0.6,10
71.61,-0.0290368916325147,-1,1,0.6,10
71.62,-0.0290481696902993,-1,1,0.6,10
71.63,-0.0290593823897144,-1,1,0.6,10
71.64,-0.0290705297055314,-1,1,0.6,10
71.65,-0.0290816116126688,-1,1,0.6,10
71.66,-0.0290926280861923,-1,1,0.6,10
71.67,-0.0291035791013149,-1,1,0.6,10
71.68,-0.0291144646333968,-1,1,0.6,10
71.69,-0.0291252846579456,-1,1,0.6,10
71.7,-0.0291360391506162,-1,1,0.6,10
71.71,-0.0291467280872109,-1,1,0.6,10
71.72,-0.0291573514436798,-1,1,0.6,10
71.73,-0.0291679091961202,-1,1,0.6,10
71.74,-0.0291784013207773,-1,1,0.6,10
71.75,-0.0291888277940437,-1,1,0.6,10
71.76,-0.0291991885924598,-1,1,0.6,10
71.77,-0.029209483692714,-1,1,0.6,10
71.78,-0.0292197130716421,-1,1,0.6,10
71.79,-0.0292298767062282,-1,1,0.6,10
71.8,-0.029239974573604,-1,1,0.6,10
71.81,-0.0292500066510494,-1,1,0.6,10
71.82,-0.0292599729159921,-1,1,0.6,10
71.83,-0.0292698733460081,-1,1,0.6,10
71.84,-0.0292797079188215,-1,1,0.6,10
71.85,-0.0292894766123043,-1,1,0.6,10
71.86,-0.0292991794044772,-1,1,0.6,10
71.87,-0.0293088162735088,-1,1,0.6,10
71.88,-0.0293183871977161,-1,1,0.6,10
71.89,-0.0293278921555646,-1,1,0.6,10
71.9,-0.0293373311256681,-1,1,0.6,10
71.91,-0.0293467040867889,-1,1,0.6,10
71.92,-0.0293560110178379,-1,1,0.6,10
71.93,-0.0293652518978746,-1,1,0.6,10
71.94,-0.0293744267061068,-1,1,0.6,10
71.95,-0.0293835354218913,-1,1,0.6,10
71.96,-0.0293925780247336,-1,1,0.6,10
71.97,-0.0294015544942877,-1,1,0.6,10
71.98,-0.0294104648103565,-1,1,0.6,10
71.99,-0.029419308952892,-1,1,0.6,10
72,-0.0294280869019947,-1,1,0.6,10
72.01,-0.0294367986379144,-1,1,0.6,10
72.02,-0.0294454441410495,-1,1,0.6,10
72.03,-0.0294540233919477,-1,1,0.6,10
72.04,-0.0294625363713057,-1,1,0.6,10
72.05,-0.0294709830599692,-1,1,0.6,10
72.06,-0.0294793634389334,-1,1,0.6,10
72.07,-0.0294876774893422,-1,1,0.6,10
72.08,-0.0294959251924892,-1,1,0.6,10
72.09,-0.0295041065298168,-1,1,0.6,10
72.1,-0.0295122214829173,-1,1,0.6,10
72.11,-0.0295202700335318,-1,1,0.6,10
72.12,-0.0295282521635513,-1,1,0.6,10
72.13,-0.0295361678550158,-1,1,0.6,10
72.14,-0.0295440170901151,-1,1,0.6,10
72.15,-0.0295517998511884,-1,1,0.6,10
72.16,-0.0295595161207246,-1,1,0.6,10
72.17,-0.0295671658813619,-1,1,0.6,10
72.18,-0.0295747491158885,-1,1,0.6,10
72.19,-0.029582265807242,-1,1,0.6,10
72.2,-0.0295897159385099,-1,1,0.6,10
72.21,-0.0295970994929295,-1,1,0.6,10
72.22,-0.0296044164538877,-1,1,0.6,10
72.23,-0.0296116668049214,-1,1,0.6,10
72.24,-0.0296188505297172,-1,1,0.6,10
72.25,-0.0296259676121119,-1,1,0.6,10
72.26,-0.0296330180360919,-1,1,0.6,10
72.27,-0.0296400017857938,-1,1,0.6,10
72.28,-0.0296469188455042,-1,1,0.6,10
72.29,-0.0296537691996598,-1,1,0.6,10
72.3,-0.0296605528328471,-1,1,0.6,10
72.31,-0.0296672697298031,-1,1,0.6,10
72.32,-0.0296739198754147,-1,1,0.6,10
72.33,-0.0296805032547191,-1,1,0.6,10
72.34,-0.0296870198529037,-1,1,0.6,10
72.35,-0.0296934696553061,-1,1,0.6,10
72.36,-0.0296998526474144,-1,1,0.6,10
72.37,-0.0297061688148667,-1,1,0.6,10
72.38,-0.0297124181434518,-1,1,0.6,10
72.39,-0.0297186006191085,-1,1,0.6,10
72.4,-0.0297247162279264,-1,1,0.6,10
72.41,-0.0297307649561453,-1,1,0.6,10
72.42,-0.0297367467901556,-1,1,0.6,10
72.43,-0.0297426617164982,-1,1,0.6,10
72.44,-0.0297485097218644,-1,1,0.6,10
72.45,-0.0297542907930964,-1,1,0.6,10
72.46,-0.0297600049171866,-1,1,0.6,10
72.47,-0.0297656520812783,-1,1,0.6,10
72.48,-0.0297712322726653,-1,1,0.6,10
72.49,-0.0297767454787923,-1,1,0.6,10
72.5,-0.0297821916872546,-1,1,0.6,10
72.51,-0.0297875708857981,-1,1,0.6,10
72.52,-0.0297928830623197,-1,1,0.6,10
72.53,-0.029798128204867,-1,1,0.6,10
72.54,-0.0298033063016384,-1,1,0.6,10
72.55,-0.0298084173409831,-1,1,0.6,10
72.56,-0.0298134613114015,-1,1,0.6,10
72.57,-0.0298184382015444,-1,1,0.6,10
72.58,-0.029823348000214,-1,1,0.6,10
72.59,-0.0298281906963632,-1,1,0.6,10
72.6,-0.0298329662790959,-1,1,0.6,10
72.61,-0.029837674737667,-1,1,0.6,10
72.62,-0.0298423160614826,-1,1,0.6,10
72.63,-0.0298468902400996,-1,1,0.6,10
72.64,-0.0298513972632262,-1,1,0.6,10
72.65,-0.0298558371207215,-1,1,0.6,10
72.66,-0.0298602098025959,-1,1,0.6,10
72.67,-0.0298645152990108,-1,1,0.6,10
72.68,-0.0298687536002789,-1,1,0.6,10
72.69,-0.029872924696864,-1,1,0.6,10
72.7,-0.0298770285793812,-1,1,0.6,10
72.71,-0.0298810652385966,-1,1,0.6,10
72.72,-0.0298850346654279,-1,1,0.6,10
72.73,-0.0298889368509438,-1,1,0.6,10
72.74,-0.0298927717863644,-1,1,0.6,10
72.75,-0.029896539463061,-1,1,0.6,10
72.76,-0.0299002398725565,-1,1,0.6,10
72.77,-0.0299038730065249,-1,1,0.6,10
72.78,-0.0299074388567917,-1,1,0.6,10
72.79,-0.0299109374153336,-1,1,0.6,10
72.8,-0.0299143686742789,-1,1,0.6,10
72.81,-0.0299177326259074,-1,1,0.6,10
72.82,-0.0299210292626501,-1,1,0.6,10
72.83,-0.0299242585770896,-1,1,0.6,10
72.84,-0.0299274205619598,-1,1,0.6,10
72.85,-0.0299305152101465,-1,1,0.6,10
72.86,-0.0299335425146865,-1,1,0.6,10
72.87,-0.0299365024687686,-1,1,0.6,10
72.88,-0.0299393950657327,-1,1,0.6,10
72.89,-0.0299422202990705,-1,1,0.6,10
72.9,-0.0299449781624253,-1,1,0.6,10
72.91,-0.0299476686495918,-1,1,0.6,10
72.92,-0.0299502917545166,-1,1,0.6,10
72.93,-0.0299528474712975,-1,1,0.6,10
72.94,-0.0299553357941842,-1,1,0.6,10
72.95,-0.0299577567175781,-1,1,0.6,10
72.96,-0.0299601102360319,-1,1,0.6,10
72.97,-0.0299623963442504,-1,1,0.6,10
72.98,-0.0299646150370898,-1,1,0.6,10
72.99,-0.0299667663095579,-1,1,0.6,10
73,-0.0299688501568145,-1,1,0.6,10
73.01,-0.0299708665741709,-1,1,0.6,10
73.02,-0.0299728155570901,-1,1,0.6,10
73.03,-0.029974697101187,-1,1,0.6,10
73.04,-0.0299765112022281,-1,1,0.6,10
73.05,-0.0299782578561315,-1,1,0.6,10
73.06,-0.0299799370589675,-1,1,0.6,10
73.07,-0.0299815488069577,-1,1,0.6,10
73.08,-0.0299830930964758,-1,1,0.6,10
73.09,-0.029984569924047,-1,1,0.6,10
73.1,-0.0299859792863486,-1,1,0.6,10
73.11,-0.0299873211802094,-1,1,0.6,10
73.12,-0.0299885956026102,-1,1,0.6,10
73.13,-0.0299898025506836,-1,1,0.6,10
73.14,-0.0299909420217138,-1,1,0.6,10
73.15,-0.0299920140131372,-1,1,0.6,10
73.16,-0.0299930185225417,-1,1,0.6,10
73.17,-0.0299939555476672,-1,1,0.6,10
73.18,-0.0299948250864053,-1,1,0.6,10
73.19,-0.0299956271367997,-1,1,0.6,10
73.2,-0.0299963616970456,-1,1,0.6,10
73.21,-0.0299970287654904,-1,1,0.6,10
73.22,-0.0299976283406331,-1,1,0.6,10
73.23,-0.0299981604211247,-1,1,0.6,10
73.24,-0.0299986250057681,-1,1,0.6,10
73.25,-0.0299990220935178,-1,1,0.6,10
73.26,-0.0299993516834804,-1,1,0.6,10
73.27,-0.0299996137749144,-1,1,0.6,10
73.28,-0.0299998083672301,-1,1,0.6,10
73.29,-0.0299999354599896,-1,1,0.6,10
73.3,-0.029999995052907,-1,1,0.6,10
73.31,-0.0299999871458482,-1,1,0.6,10
73.32,-0.029999911738831,-1,1,0.6,10
73.33,-0.029999768832025,-1,1,0.6,10
73.34,-0.0299995584257517,-1,1,0.6,10
73.35,-0.0299992805204847,-1,1,0.6,10
73.36,-0.0299989351168492,-1,1,0.6,10
73.37,-0.0299985222156223,-1,1,0.6,10
73.38,-0.0299980418177331,-1,1,0.6,10
73.39,-0.0299974939242624,-1,1,0.6,10
73.4,-0.0299968785364431,-1,1,0.6,10
73.41,-0.0299961956556597,-1,1,0.6,10
73.42,-0.0299954452834487,-1,1,0.6,10
73.43,-0.0299946274214985,-1,1,0.6,10
73.44,-0.0299937420716493,-1,1,0.6,10
73.45,-0.0299927892358931,-1,1,0.6,10
73.46,-0.0299917689163737,-1,1,0.6,10
73.47,-0.0299906811153869,-1,1,0.6,10
73.48,-0.0299895258353803,-1,1,0.6,10
73.49,-0.0299883030789532,-1,1,0.6,10
73.5,-0.0299870128488568,-1,1,0.6,10
73.51,-0.0299856551479941,-1,1,0.6,10
73.52,-0.0299842299794201,-1,1,0.6,10
73.53,-0.0299827373463412,-1,1,0.6,10
73.54,-0.0299811772521159,-1,1,0.6,10
73.55,-0.0299795497002545,-1,1,0.6,10
73.56,-0.0299778546944189,-1,1,0.6,10
73.57,-0.0299760922384229,-1,1,0.6,10
73.58,-0.0299742623362319,-1,1,0.6,10
73.59,-0.0299723649919634,-1,1,0.6,10
73.6,-0.0299704002098863,-1,1,0.6,10
73.61,-0.0299683679944213,-1,1,0.6,10
73.62,-0.0299662683501411,-1,1,0.6,10
73.63,-0.0299641012817696,-1,1,0.6,10
73.64,-0.0299618667941829,-1,1,0.6,10
73.65,-0.0299595648924086,-1,1,0.6,10
73.66,-0.0299571955816259,-1,1,0.6,10
73.67,-0.0299547588671658,-1,1,0.6,10
73.68,-0.0299522547545109,-1,1,0.6,10
73.69,-0.0299496832492954,-1,1,0.6,10
73.7,-0.0299470443573052,-1,1,0.6,10
73.71,-0.0299443380844779,-1,1,0.6,10
73.72,-0.0299415644369025,-1,1,0.6,10
73.73,-0.0299387234208198,-1,1,0.6,10
73.74,-0.029935815042622,-1,1,0.6,10
73.75,-0.0299328393088529,-1,1,0.6,10
73.76,-0.0299297962262081,-1,1,0.6,10
73.77,-0.0299266858015344,-1,1,0.6,10
73.78,-0.0299235080418302,-1,1,0.6,10
73.79,-0.0299202629542456,-1,1,0.6,10
73.8,-0.0299169505460819,-1,1,0.6,10
73.81,-0.0299135708247922,-1,1,0.6,10
73.82,-0.0299101237979807,-1,1,0.6,10
73.83,-0.0299066094734033,-1,1,0.6,10
73.84,-0.0299030278589671,-1,1,0.6,10
73.85,-0.029899378962731,-1,1,0.6,10
73.86,-0.0298956627929047,-1,1,0.6,10
73.87,-0.0298918793578498,-1,1,0.6,10
73.88,-0.029888028666079,-1,1,0.6,10
73.89,-0.0298841107262562,-1,1,0.6,10
73.9,-0.0298801255471969,-1,1,0.6,10
73.91,-0.0298760731378678,-1,1,0.6,10
73.92,-0.0298719535073867,-1,1,0.6,10
73.93,-0.0298677666650228,-1,1,0.6,10
73.94,-0.0298635126201965,-1,1,0.6,10
73.95,-0.0298591913824794,-1,1,0.6,10
73.96,-0.0298548029615943,-1,1,0.6,10
73.97,-0.0298503473674152,-1,1,0.6,10
73.98,-0.029845824609967,-1,1,0.6,10
73.99,-0.0298412346994261,-1,1,0.6,10
74,-0.0298365776461197,-1,1,0.6,10
74.01,-0.0298318534605261,-1,1,0.6,10
74.02,-0.0298270621532749,-1,1,0.6,10
74.03,-0.0298222037351464,-1,1,0.6,10
74.04,-0.0298172782170721,-1,1,0.6,10
74.05,-0.0298122856101344,-1,1,0.6,10
74.06,-0.0298072259255666,-1,1,0.6,10
74.07,-0.0298020991747531,-1,1,0.6,10
74.08,-0.029796905369229,-1,1,0.6,10
74.09,-0.0297916445206804,-1,1,0.6,10
74.1,-0.0297863166409442,-1,1,0.6,10
74.11,-0.0297809217420081,-1,1,0.6,10
74.12,-0.0297754598360106,-1,1,0.6,10
74.13,-0.0297699309352411,-1,1,0.6,10
74.14,-0.0297643350521395,-1,1,0.6,10
74.15,-0.0297586721992967,-1,1,0.6,10
74.16,-0.0297529423894539,-1,1,0.6,10
74.17,-0.0297471456355033,-1,1,0.6,10
74.18,-0.0297412819504876,-1,1,0.6,10
74.19,-0.0297353513476,-1,1,0.6,10
74.2,-0.0297293538401845,-1,1,0.6,10
74.21,-0.0297232894417353,-1,1,0.6,10
74.22,-0.0297171581658975,-1,1,0.6,10
74.23,-0.0297109600264663,-1,1,0.6,10
74.24,-0.0297046950373876,-1,1,0.6,10
74.25,-0.0296983632127576,-1,1,0.6,10
74.26,-0.0296919645668229,-1,1,0.6,10
74.27,-0.0296854991139804,-1,1,0.6,10
74.28,-0.0296789668687775,-1,1,0.6,10
74.29,-0.0296723678459116,-1,1,0.6,10
74.3,-0.0296657020602306,-1,1,0.6,10
74.31,-0.0296589695267324,-1,1,0.6,10
74.32,-0.0296521702605654,-1,1,0.6,10
74.33,-0.0296453042770277,-1,1,0.6,10
74.34,-0.029638371591568,-1,1,0.6,10
74.35,-0.0296313722197847,-1,1,0.6,10
74.36,-0.0296243061774263,-1,1,0.6,10
74.37,-0.0296171734803916,-1,1,0.6,10
74.38,-0.029609974144729,-1,1,0.6,10
74.39,-0.0296027081866371,-1,1,0.6,10
74.4,-0.0295953756224643,-1,1,0.6,10
74.41,-0.0295879764687088,-1,1,0.6,10
74.42,-0.0295805107420188,-1,1,0.6,10
74.43,-0.029572978459192,-1,1,0.6,10
74.44,-0.0295653796371762,-1,1,0.6,10
74.45,-0.0295577142930687,-1,1,0.6,10
74.46,-0.0295499824441165,-1,1,0.6,10
74.47,-0.0295421841077162,-1,1,0.6,10
74.48,-0.0295343193014142,-1,1,0.6,10
74.49,-0.0295263880429062,-1,1,0.6,10
74.5,-0.0295183903500376,-1,1,0.6,10
74.51,-0.0295103262408031,-1,1,0.6,10
74.52,-0.0295021957333471,-1,1,0.6,10
74.53,-0.029493998845963,-1,1,0.6,10
74.54,-0.0294857355970941,-1,1,0.6,10
74.55,-0.0294774060053324,-1,1,0.6,10
74.56,-0.0294690100894197,-1,1,0.6,10
74.57,-0.0294605478682468,-1,1,0.6,10
74.58,-0.0294520193608535,-1,1,0.6,10
74.59,-0.0294434245864291,-1,1,0.6,10
74.6,-0.0294347635643119,-1,1,0.6,10
74.61,-0.029426036313989,-1,1,0.6,10
74.62,-0.0294172428550968,-1,1,0.6,10
74.63,-0.0294083832074206,-1,1,0.6,10
74.64,-0.0293994573908946,-1,1,0.6,10
74.65,-0.0293904654256019,-1,1,0.6,10
74.66,-0.0293814073317743,-1,1,0.6,10
74.67,-0.0293722831297927,-1,1,0.6,10
74.68,-0.0293630928401864,-1,1,0.6,10
74.69,-0.0293538364836336,-1,1,0.6,10
74.7,-0.0293445140809611,-1,1,0.6,10
74.71,-0.0293351256531443,-1,1,0.6,10
74.72,-0.0293256712213072,-1,1,0.6,10
74.73,-0.0293161508067222,-1,1,0.6,10
74.74,-0.0293065644308102,-1,1,0.6,10
74.75,-0.0292969121151406,-1,1,0.6,10
74.76,-0.0292871938814312,-1,1,0.6,10
74.77,-0.0292774097515478,-1,1,0.6,10
74.78,-0.0292675597475049,-1,1,0.6,10
74.79,-0.0292576438914649,-1,1,0.6,10
74.8,-0.0292476622057384,-1,1,0.6,10
74.81,-0.0292376147127844,-1,1,0.6,10
74.82,-0.0292275014352096,-1,1,0.6,10
74.83,-0.0292173223957688,-1,1,0.6,10
74.84,-0.029207077617365,-1,1,0.6,10
74.85,-0.0291967671230489,-1,1,0.6,10
74.86,-0.0291863909360191,-1,1,0.6,10
74.87,-0.029175949079622,-1,1,0.6,10
74.88,-0.0291654415773518,-1,1,0.6,10
74.89,-0.0291548684528503,-1,1,0.6,10
74.9,-0.0291442297299071,-1,1,0.6,10
74.91,-0.0291335254324593,-1,1,0.6,10
74.92,-0.0291227555845916,-1,1,0.6,10
74.93,-0.0291119202105361,-1,1,0.6,10
74.94,-0.0291010193346724,-1,1,0.6,10
74.95,-0.0290900529815275,-1,1,0.6,10
74.96,-0.0290790211757756,-1,1,0.6,10
74.97,-0.0290679239422384,-1,1,0.6,10
74.98,-0.0290567613058845,-1,1,0.6,10
74.99,-0.02904553329183,-1,1,0.6,10
75,-0.0290342399253378,-1,1,0.6,10
