time,e_line,u_L,u_R,v,omega,fault_flag
0,0,-1,1,0.6,10,0
0.01,9.99999333333467e-05,-1,1,0.6,10,0
0.02,0.000199999466667093,-1,1,0.6,10,0
0.03,0.00029999820000324,-1,1,0.6,10,0
0.04,0.000399995733346987,-1,1,0.6,10,0
0.05,0.000499991666708333,-1,1,0.6,10,0
0.06,0.00059998560010368,-1,1,0.6,10,0
0.07,0.000699977133557426,-1,1,0.6,10,0
0.08,0.000799965867103571,-1,1,0.6,10,0
0.09,0.000899951400787314,-1,1,0.6,10,0
0.1,0.000999933334666654,-1,1,0.6,10,0
0.11,0.00109991126881399,-1,1,0.6,10,0
0.12,0.00119988480331771,-1,1,0.6,10,0
0.13,0.00129985353828383,-1,1,0.6,10,0
0.14,0.00139981707383752,-1,1,0.6,10,0
0.15,0.00149977501012478,-1,1,0.6,10,0
0.16,0.00159972694731401,-1,1,0.6,10,0
0.17,0.00169967248559757,-1,1,0.6,10,0
0.18,0.00179961122519346,-1,1,0.6,10,0
0.19,0.00189954276634685,-1,1,0.6,10,0
0.2,0.00199946670933171,-1,1,0.6,10,0
0.21,0.00209938265445239,-1,1,0.6,10,0
0.22,0.00219929020204526,-1,1,0.6,10,0
0.23,0.00229918895248025,-1,1,0.6,10,0
0.24,0.0023990785061625,-1,1,0.6,10,0
0.25,0.00249895846353392,-1,1,0.6,10,0
0.26,0.00259882842507481,-1,1,0.6,10,0
0.27,0.00269868799130548,-1,1,0.6,10,0
0.28,0.00279853676278777,-1,1,0.6,10,0
0.29,0.00289837434012675,-1,1,0.6,10,0
0.3,0.00299820032397223,-1,1,0.6,10,0
0.31,0.00309801431502041,-1,1,0.6,10,0
0.32,0.00319781591401546,-1,1,0.6,10,0
0.33,0.00329760472175112,-1,1,0.6,10,0
0.34,0.0033973803390723,-1,1,0.6,10,0
0.35,0.00349714236687664,-1,1,0.6,10,0
0.36,0.00359689040611618,-1,1,0.6,10,0
0.37,0.00369662405779889,-1,1,0.6,10,0
0.38,0.0037963429229903,-1,1,0.6,10,0
0.39,0.00389604660281507,-1,1,0.6,10,0
0.4,0.00399573469845864,-1,1,0.6,10,0
0.41,0.00409540681116873,-1,1,0.6,10,0
0.42,0.00419506254225704,-1,1,0.6,10,0
0.43,0.00429470149310078,-1,1,0.6,10,0
0.44,0.00439432326514427,-1,1,0.6,10,0
0.45,0.00449392745990055,-1,1,0.6,10,0
0.46,0.00459351367895299,-1,1,0.6,10,0
0.47,0.00469308152395684,-1,1,0.6,10,0
0.48,0.00479263059664085,-1,1,0.6,10,0
0.49,0.00489216049880887,-1,1,0.6,10,0
0.5,0.00499167083234141,-1,1,0.6,10,0
0.51,0.00509116119919728,-1,1,0.6,10,0
0.52,0.00519063120141514,-1,1,0.6,10,0
0.53,0.00529008044111511,-1,1,0.6,10,0
0.54,0.00538950852050037,-1,1,0.6,10,0
0.55,0.00548891504185874,-1,1,0.6,10,0
0.56,0.00558829960756426,-1,1,0.6,10,0
0.57,0.0056876618200788,-1,1,0.6,10,0
0.58,0.00578700128195364,-1,1,0.6,10,0
0.59,0.00588631759583107,-1,1,0.6,10,0
0.6,0.00598561036444597,-1,1,0.6,10,0
0.61,0.00608487919062739,-1,1,0.6,10,0
0.62,0.00618412367730016,-1,1,0.6,10,0
0.63,0.00628334342748646,-1,1,0.6,10,0
0.64,0.00638253804430744,-1,1,0.6,10,0
0.65,0.00648170713098474,-1,1,0.6,10,0
0.66,0.00658085029084217,-1,1,0.6,10,0
0.67,0.0066799671273072,-1,1,0.6,10,0
0.68,0.00677905724391264,-1,1,0.6,10,0
0.69,0.00687812024429814,-1,1,0.6,10,0
0.7,0.00697715573221182,-1,1,0.6,10,0
0.71,0.00707616331151189,-1,1,0.6,10,0
0.72,0.00717514258616814,-1,1,0.6,10,0
0.73,0.00727409316026362,-1,1,0.6,10,0
0.74,0.00737301463799615,-1,1,0.6,10,0
0.75,0.00747190662367996,-1,1,0.6,10,0
0.76,0.00757076872174724,-1,1,0.6,10,0
0.77,0.00766960053674973,-1,1,0.6,10,0
0.78,0.0077684016733603,-1,1,0.6,10,0
0.79,0.00786717173637453,-1,1,0.6,10,0
0.8,0.0079659103307123,-1,1,0.6,10,0
0.81,0.00806461706141937,-1,1,0.6,10,0
0.82,0.00816329153366895,-1,1,0.6,10,0
0.83,0.00826193335276328,-1,1,0.6,10,0
0.84,0.00836054212413522,-1,1,0.6,10,0
0.85,0.0084591174533498,-1,1,0.6,10,0
0.86,0.00855765894610585,-1,1,0.6,10,0
0.87,0.00865616620823753,-1,1,0.6,10,0
0.88,0.00875463884571591,-1,1,0.6,10,0
0.89,0.00885307646465059,-1,1,0.6,10,0
0.9,0.00895147867129121,-1,1,0.6,10,0
0.91,0.00904984507202908,-1,1,0.6,10,0
0.92,0.00914817527339873,-1,1,0.6,10,0
0.93,0.00924646888207948,-1,1,0.6,10,0
0.94,0.00934472550489704,-1,1,0.6,10,0
0.95,0.00944294474882503,-1,1,0.6,10,0
0.96,0.00954112622098662,-1,1,0.6,10,0
0.97,0.00963926952865604,-1,1,0.6,10,0
0.98,0.00973737427926021,-1,1,0.6,10,0
0.99,0.00983544008038024,-1,1,0.6,10,0
1,0.00993346653975306,-1,1,0.6,10,0
1.01,0.010031453265273,-1,1,0.6,10,0
1.02,0.0101293998649932,-1,1,0.6,10,0
1.03,0.0102273059471275,-1,1,0.6,10,0
1.04,0.0103251711200516,-1,1,0.6,10,0
1.05,0.010422994992305,-1,1,0.6,10,0
1.06,0.0105207771725923,-1,1,0.6,10,0
1.07,0.010618517269785,-1,1,0.6,10,0
1.08,0.0107162148929227,-1,1,0.6,10,0
1.09,0.0108138696512152,-1,1,0.6,10,0
1.1,0.0109114811540435,-1,1,0.6,10,0
1.11,0.0110090490109617,-1,1,0.6,10,0
1.12,0.0111065728316985,-1,1,0.6,10,0
1.13,0.0112040522261588,-1,1,0.6,10,0
1.14,0.0113014868044252,-1,1,0.6,10,0
1.15,0.0113988761767594,-1,1,0.6,10,0
1.16,0.0114962199536041,-1,1,0.6,10,0
1.17,0.0115935177455843,-1,1,0.6,10,0
1.18,0.011690769163509,-1,1,0.6,10,0
1.19,0.0117879738183727,-1,1,0.6,10,0
1.2,0.0118851313213567,-1,1,0.6,10,0
1.21,0.0119822412838314,-1,1,0.6,10,0
1.22,0.0120793033173568,-1,1,0.6,10,0
1.23,0.0121763170336851,-1,1,0.6,10,0
1.24,0.0122732820447616,-1,1,0.6,10,0
1.25,0.0123701979627261,-1,1,0.6,10,0
1.26,0.0124670643999154,-1,1,0.6,10,0
1.27,0.0125638809688636,-1,1,0.6,10,0
1.28,0.0126606472823048,-1,1,0.6,10,0
1.29,0.0127573629531737,-1,1,0.6,10,0
1.3,0.0128540275946078,-1,1,0.6,10,0
1.31,0.0129506408199486,-1,1,0.6,10,0
1.32,0.0130472022427434,-1,1,0.6,10,0
1.33,0.0131437114767467,-1,1,0.6,10,0
1.34,0.0132401681359216,-1,1,0.6,10,0
1.35,0.0133365718344416,-1,1,0.6,10,0
1.36,0.013432922186692,-1,1,0.6,10,0
1.37,0.0135292188072716,-1,1,0.6,10,0
1.38,0.013625461310994,-1,1,0.6,10,0
1.39,0.0137216493128893,-1,1,0.6,10,0
1.4,0.0138177824282057,-1,1,0.6,10,0
1.41,0.0139138602724108,-1,1,0.6,10,0
1.42,0.0140098824611933,-1,1,0.6,10,0
1.43,0.0141058486104647,-1,1,0.6,10,0
1.44,0.0142017583363604,-1,1,0.6,10,0
1.45,0.0142976112552418,-1,1,0.6,10,0
1.46,0.0143934069836972,-1,1,0.6,10,0
1.47,0.0144891451385438,-1,1,0.6,10,0
1.48,0.0145848253368292,-1,1,0.6,10,0
1.49,0.0146804471958327,-1,1,0.6,10,0
1.5,0.014776010333067,-1,1,0.6,10,0
1.51,0.0148715143662796,-1,1,0.6,10,0
1.52,0.0149669589134547,-1,1,0.6,10,0
1.53,0.015062343592814,-1,1,0.6,10,0
1.54,0.015157668022819,-1,1,0.6,10,0
1.55,0.0152529318221722,-1,1,0.6,10,0
1.56,0.0153481346098184,-1,1,0.6,10,0
1.57,0.0154432760049466,-1,1,0.6,10,0
1.58,0.0155383556269914,-1,1,0.6,10,0
1.59,0.0156333730956344,-1,1,0.6,10,0
1.6,0.0157283280308059,-1,1,0.6,10,0
1.61,0.0158232200526862,-1,1,0.6,10,0
1.62,0.0159180487817074,-1,1,0.6,10,0
1.63,0.0160128138385547,-1,1,0.6,10,0
1.64,0.016107514844168,-1,1,0.6,10,0
1.65,0.0162021514197434,-1,1,0.6,10,0
1.66,0.0162967231867347,-1,1,0.6,10,0
1.67,0.016391229766855,-1,1,0.6,10,0
1.68,0.0164856707820781,-1,1,0.6,10,0
1.69,0.0165800458546401,-1,1,0.6,10,0
1.7,0.0166743546070407,-1,1,0.6,10,0
1.71,0.0167685966620452,-1,1,0.6,10,0
1.72,0.0168627716426853,-1,1,0.6,10,0
1.73,0.0169568791722614,-1,1,0.6,10,0
1.74,0.0170509188743434,-1,1,0.6,10,0
1.75,0.0171448903727726,-1,1,0.6,10,0
1.76,0.0172387932916632,-1,1,0.6,10,0
1.77,0.0173326272554036,-1,1,0.6,10,0
1.78,0.0174263918886581,-1,1,0.6,10,0
1.79,0.0175200868163682,-1,1,0.6,10,0
1.8,0.0176137116637545,-1,1,0.6,10,0
1.81,0.0177072660563176,-1,1,0.6,10,0
1.82,0.0178007496198401,-1,1,0.6,10,0
1.83,0.0178941619803878,-1,1,0.6,10,0
1.84,0.0179875027643115,-1,1,0.6,10,0
1.85,0.0180807715982481,-1,1,0.6,10,0
1.86,0.0181739681091224,-1,1,0.6,10,0
1.87,0.0182670919241485,-1,1,0.6,10,0
1.88,0.0183601426708313,-1,1,0.6,10,0
1.89,0.0184531199769679,-1,1,0.6,10,0
1.9,0.0185460234706491,-1,1,0.6,10,0
1.91,0.0186388527802612,-1,1,0.6,10,0
1.92,0.0187316075344871,-1,1,0.6,10,0
1.93,0.0188242873623078,-1,1,0.6,10,0
1.94,0.0189168918930041,-1,1,0.6,10,0
1.95,0.0190094207561581,-1,1,0.6,10,0
1.96,0.0191018735816544,-1,1,0.6,10,0
1.97,0.0191942499996818,-1,1,0.6,10,0
1.98,0.0192865496407349,-1,1,0.6,10,0
1.99,0.019378772135615,-1,1,0.6,10,0
2,0.0194709171154325,-1,1,0.6,10,0
2.01,0.0195629842116075,-1,1,0.6,10,0
2.02,0.0196549730558717,-1,1,0.6,10,0
2.03,0.0197468832802699,-1,1,0.6,10,0
2.04,0.0198387145171613,-1,1,0.6,10,0
2.05,0.0199304663992211,-1,1,0.6,10,0
2.06,0.0200221385594419,-1,1,0.6,10,0
2.07,0.0201137306311352,-1,1,0.6,10,0
2.08,0.0202052422479327,-1,1,0.6,10,0
2.09,0.0202966730437881,-1,1,0.6,10,0
2.1,0.0203880226529785,-1,1,0.6,10,0
2.11,0.0204792907101054,-1,1,0.6,10,0
2.12,0.0205704768500968,-1,1,0.6,10,0
2.13,0.0206615807082083,-1,1,0.6,10,0
2.14,0.0207526019200244,-1,1,0.6,10,0
2.15,0.0208435401214605,-1,1,0.6,10,0
2.16,0.020934394948764,-1,1,0.6,10,0
2.17,0.0210251660385155,-1,1,0.6,10,0
2.18,0.021115853027631,-1,1,0.6,10,0
2.19,0.0212064555533624,-1,1,0.6,10,0
2.2,0.0212969732533,-1,1,0.6,10,0
2.21,0.0213874057653729,-1,1,0.6,10,0
2.22,0.0214777527278513,-1,1,0.6,10,0
2.23,0.0215680137793474,-1,1,0.6,10,0
2.24,0.0216581885588171,-1,1,0.6,10,0
2.25,0.0217482767055615,-1,1,0.6,10,0
2.26,0.0218382778592281,-1,1,0.6,10,0
2.27,0.0219281916598123,-1,1,0.6,10,0
2.28,0.0220180177476592,-1,1,0.6,10,0
2.29,0.0221077557634644,-1,1,0.6,10,0
2.3,0.022197405348276,-1,1,0.6,10,0
2.31,0.0222869661434958,-1,1,0.6,10,0
2.32,0.0223764377908808,-1,1,0.6,10,0
2.33,0.0224658199325444,-1,1,0.6,10,0
2.34,0.0225551122109583,-1,1,0.6,10,0
2.35,0.0226443142689534,-1,1,0.6,10,0
2.36,0.0227334257497216,-1,1,0.6,10,0
2.37,0.0228224462968172,-1,1,0.6,10,0
2.38,0.0229113755541579,-1,1,0.6,10,0
2.39,0.023000213166027,-1,1,0.6,10,0
2.4,0.0230889587770741,-1,1,0.6,10,0
2.41,0.0231776120323169,-1,1,0.6,10,0
2.42,0.0232661725771425,-1,1,0.6,10,0
2.43,0.0233546400573088,-1,1,0.6,10,0
2.44,0.0234430141189459,-1,1,0.6,10,0
2.45,0.0235312944085579,-1,1,0.6,10,0
2.46,0.0236194805730236,-1,1,0.6,10,0
2.47,0.0237075722595985,-1,1,0.6,10,0
2.48,0.023795569115916,-1,1,0.6,10,0
2.49,0.0238834707899887,-1,1,0.6,10,0
2.5,0.0239712769302102,-1,1,0.6,10,0
2.51,0.0240589871853558,-1,1,0.6,10,0
2.52,0.0241466012045848,-1,1,0.6,10,0
2.53,0.0242341186374412,-1,1,0.6,10,0
2.54,0.0243215391338553,-1,1,0.6,10,0
2.55,0.0244088623441454,-1,1,0.6,10,0
2.56,0.0244960879190186,-1,1,0.6,10,0
2.57,0.0245832155095728,-1,1,0.6,10,0
2.58,0.0246702447672977,-1,1,0.6,10,0
2.59,0.0247571753440765,-1,1,0.6,10,0
2.6,0.0248440068921868,-1,1,0.6,10,0
2.61,0.0249307390643028,-1,1,0.6,10,0
2.62,0.0250173715134957,-1,1,0.6,10,0
2.63,0.0251039038932359,-1,1,0.6,10,0
2.64,0.0251903358573941,-1,1,0.6,10,0
2.65,0.0252766670602423,-1,1,0.6,10,0
2.66,0.0253628971564561,-1,1,0.6,10,0
2.67,0.025449025801115,-1,1,0.6,10,0
2.68,0.0255350526497047,-1,1,0.6,10,0
2.69,0.0256209773581178,-1,1,0.6,10,0
2.7,0.0257067995826557,-1,1,0.6,10,0
2.71,0.0257925189800294,-1,1,0.6,10,0
2.72,0.0258781352073617,-1,1,0.6,10,0
2.73,0.0259636479221876,-1,1,0.6,10,0
2.74,0.0260490567824565,-1,1,0.6,10,0
2.75,0.026134361446533,-1,1,0.6,10,0
2.76,0.0262195615731985,-1,1,0.6,10,0
2.77,0.0263046568216527,-1,1,0.6,10,0
2.78,0.0263896468515147,-1,1,0.6,10,0
2.79,0.0264745313228244,-1,1,0.6,10,0
2.8,0.0265593098960442,-1,1,0.6,10,0
2.81,0.0266439822320598,-1,1,0.6,10,0
2.82,0.026728547992182,-1,1,0.6,10,0
2.83,0.0268130068381478,-1,1,0.6,10,0
2.84,0.0268973584321221,-1,1,0.6,10,0
2.85,0.0269816024366985,-1,1,0.6,10,0
2.86,0.0270657385149011,-1,1,0.6,10,0
2.87,0.0271497663301857,-1,1,0.6,10,0
2.88,0.0272336855464413,-1,1,0.6,10,0
2.89,0.0273174958279909,-1,1,0.6,10,0
2.9,0.0274011968395937,-1,1,0.6,10,0
2.91,0.0274847882464456,-1,1,0.6,10,0
2.92,0.0275682697141812,-1,1,0.6,10,0
2.93,0.0276516409088747,-1,1,0.6,10,0
2.94,0.0277349014970415,-1,1,0.6,10,0
2.95,0.0278180511456392,-1,1,0.6,10,0
2.96,0.0279010895220694,-1,1,0.6,10,0
2.97,0.0279840162941788,-1,1,0.6,10,0
2.98,0.0280668311302603,-1,1,0.6,10,0
2.99,0.0281495336990546,-1,1,0.6,10,0
3,0.0282321236697518,-1,1,0.6,10,0
3.01,0.0283146007119919,-1,1,0.6,10,0
3.02,0.0283969644958669,-1,1,0.6,10,0
3.03,0.0284792146919217,-1,1,0.6,10,0
3.04,0.0285613509711558,-1,1,0.6,10,0
3.05,0.0286433730050241,-1,1,0.6,10,0
3.06,0.0287252804654385,-1,1,0.6,10,0
3.07,0.0288070730247694,-1,1,0.6,10,0
3.08,0.0288887503558466,-1,1,0.6,10,0
3.09,0.0289703121319609,-1,1,0.6,10,0
3.1,0.0290517580268653,-1,1,0.6,10,0
3.11,0.0291330877147763,-1,1,0.6,10,0
3.12,0.0292143008703753,-1,1,0.6,10,0
3.13,0.0292953971688097,-1,1,0.6,10,0
3.14,0.0293763762856946,-1,1,0.6,10,0
3.15,0.0294572378971135,-1,1,0.6,10,0
3.16,0.0295379816796201,-1,1,0.6,10,0
3.17,0.0296186073102393,-1,1,0.6,10,0
3.18,0.0296991144664688,-1,1,0.6,10,0
3.19,0.02977950282628,-1,1,0.6,10,0
3.2,0.0298597720681196,-1,1,0.6,10,0
3.21,0.0299399218709108,-1,1,0.6,10,0
3.22,0.0300199519140544,-1,1,0.6,10,0
3.23,0.0300998618774303,-1,1,0.6,10,0
3.24,0.0301796514413989,-1,1,0.6,10,0
3.25,0.030259320286802,-1,1,0.6,10,0
3.26,0.0303388680949642,-1,1,0.6,10,0
3.27,0.0304182945476946,-1,1,0.6,10,0
3.28,0.0304975993272873,-1,1,0.6,10,0
3.29,0.0305767821165233,-1,1,0.6,10,0
3.3,0.0306558425986717,-1,1,0.6,10,0
3.31,0.0307347804574905,-1,1,0.6,10,0
3.32,0.0308135953772285,-1,1,0.6,10,0
3.33,0.0308922870426261,-1,1,0.6,10,0
3.34,0.0309708551389167,-1,1,0.6,10,0
3.35,0.031049299351828,-1,1,0.6,10,0
3.36,0.0311276193675833,-1,1,0.6,10,0
3.37,0.0312058148729027,-1,1,0.6,10,0
3.38,0.0312838855550041,-1,1,0.6,10,0
3.39,0.0313618311016051,-1,1,0.6,10,0
3.4,0.0314396512009234,-1,1,0.6,10,0
3.41,0.0315173455416789,-1,1,0.6,10,0
3.42,0.0315949138130942,-1,1,0.6,10,0
3.43,0.0316723557048965,-1,1,0.6,10,0
3.44,0.0317496709073181,-1,1,0.6,10,0
3.45,0.0318268591110984,-1,1,0.6,10,0
3.46,0.0319039200074847,-1,1,0.6,10,0
3.47,0.0319808532882335,-1,1,0.6,10,0
3.48,0.0320576586456119,-1,1,0.6,10,0
3.49,0.0321343357723983,-1,1,0.6,10,0
3.5,0.0322108843618846,-1,1,0.6,10,0
3.51,0.0322873041078763,-1,1,0.6,10,0
3.52,0.0323635947046946,-1,1,0.6,10,0
3.53,0.0324397558471773,-1,1,0.6,10,0
3.54,0.0325157872306799,-1,1,0.6,10,0
3.55,0.0325916885510768,-1,1,0.6,10,0
3.56,0.0326674595047631,-1,1,0.6,10,0
3.57,0.0327430997886548,-1,1,0.6,10,0
3.58,0.0328186091001911,-1,1,0.6,10,0
3.59,0.0328939871373347,-1,1,0.6,10,0
3.6,0.0329692335985737,-1,1,0.6,10,0
3.61,0.0330443481829222,-1,1,0.6,10,0
3.62,0.033119330589922,-1,1,0.6,10,0
3.63,0.0331941805196436,-1,1,0.6,10,0
3.64,0.0332688976726874,-1,1,0.6,10,0
3.65,0.0333434817501849,-1,1,0.6,10,0
3.66,0.0334179324537998,-1,1,0.6,10,0
3.67,0.0334922494857295,-1,1,0.6,10,0
3.68,0.0335664325487059,-1,1,0.6,10,0
3.69,0.0336404813459968,-1,1,0.6,10,0
3.7,0.0337143955814073,-1,1,0.6,10,0
3.71,0.0337881749592803,-1,1,0.6,10,0
3.72,0.0338618191844986,-1,1,0.6,10,0
3.73,0.0339353279624852,-1,1,0.6,10,0
3.74,0.0340087009992053,-1,1,0.6,10,0
3.75,0.0340819380011667,-1,1,0.6,10,0
3.76,0.0341550386754216,-1,1,0.6,10,0
3.77,0.0342280027295673,-1,1,0.6,10,0
3.78,0.0343008298717477,-1,1,0.6,10,0
3.79,0.0343735198106543,-1,1,0.6,10,0
3.8,0.0344460722555276,-1,1,0.6,10,0
3.81,0.0345184869161577,-1,1,0.6,10,0
3.82,0.0345907635028862,-1,1,0.6,10,0
3.83,0.0346629017266069,-1,1,0.6,10,0
3.84,0.0347349012987668,-1,1,0.6,10,0
3.85,0.0348067619313678,-1,1,0.6,10,0
3.86,0.0348784833369676,-1,1,0.6,10,0
3.87,0.0349500652286805,-1,1,0.6,10,0
3.88,0.035021507320179,-1,1,0.6,10,0
3.89,0.035092809325695,-1,1,0.6,10,0
3.9,0.0351639709600205,-1,1,0.6,10,0
3.91,0.035234991938509,-1,1,0.6,10,0
3.92,0.0353058719770768,-1,1,0.6,10,0
3.93,0.0353766107922037,-1,1,0.6,10,0
3.94,0.0354472081009346,-1,1,0.6,10,0
3.95,0.0355176636208804,-1,1,0.6,10,0
3.96,0.035587977070219,-1,1,0.6,10,0
3.97,0.0356581481676969,-1,1,0.6,10,0
3.98,0.0357281766326296,-1,1,0.6,10,0
3.99,0.0357980621849034,-1,1,0.6,10,0
4,0.0358678045449761,-1,1,0.6,10,0
4.01,0.0359374034338786,-1,1,0.6,10,0
4.02,0.0360068585732152,-1,1,0.6,10,0
4.03,0.0360761696851655,-1,1,0.6,10,0
4.04,0.0361453364924852,-1,1,0.6,10,0
4.05,0.0362143587185071,-1,1,0.6,10,0
4.06,0.0362832360871425,-1,1,0.6,10,0
4.07,0.0363519683228818,-1,1,0.6,10,0
4.08,0.0364205551507963,-1,1,0.6,10,0
4.09,0.0364889962965388,-1,1,0.6,10,0
4.1,0.0365572914863448,-1,1,0.6,10,0
4.11,0.0366254404470336,-1,1,0.6,10,0
4.12,0.0366934429060094,-1,1,0.6,10,0
4.13,0.0367612985912625,-1,1,0.6,10,0
4.14,0.0368290072313702,-1,1,0.6,10,0
4.15,0.0368965685554981,-1,1,0.6,10,0
4.16,0.036963982293401,-1,1,0.6,10,0
4.17,0.0370312481754241,-1,1,0.6,10,0
4.18,0.0370983659325037,-1,1,0.6,10,0
4.19,0.0371653352961692,-1,1,0.6,10,0
4.2,0.037232155998543,-1,1,0.6,10,0
4.21,0.0372988277723424,-1,1,0.6,10,0
4.22,0.0373653503508805,-1,1,0.6,10,0
4.23,0.037431723468067,-1,1,0.6,10,0
4.24,0.0374979468584095,-1,1,0.6,10,0
4.25,0.0375640202570146,-1,1,0.6,10,0
4.26,0.0376299433995888,-1,1,0.6,10,0
4.27,0.0376957160224395,-1,1,0.6,10,0
4.28,0.0377613378624764,-1,1,0.6,10,0
4.29,0.0378268086572122,-1,1,0.6,10,0
4.3,0.0378921281447639,-1,1,0.6,10,0
4.31,0.0379572960638534,-1,1,0.6,10,0
4.32,0.0380223121538093,-1,1,0.6,10,0
4.33,0.0380871761545673,-1,1,0.6,10,0
4.34,0.0381518878066715,-1,1,0.6,10,0
4.35,0.0382164468512753,-1,1,0.6,10,0
4.36,0.0382808530301426,-1,1,0.6,10,0
4.37,0.0383451060856489,-1,1,0.6,10,0
4.38,0.0384092057607819,-1,1,0.6,10,0
4.39,0.0384731517991432,-1,1,0.6,10,0
4.4,0.0385369439449485,-1,1,0.6,10,0
4.41,0.0386005819430294,-1,1,0.6,10,0
4.42,0.038664065538834,-1,1,0.6,10,0
4.43,0.038727394478428,-1,1,0.6,10,0
4.44,0.0387905685084958,-1,1,0.6,10,0
4.45,0.0388535873763412,-1,1,0.6,10,0
4.46,0.0389164508298889,-1,1,0.6,10,0
4.47,0.0389791586176852,-1,1,0.6,10,0
4.48,0.039041710488899,-1,1,0.6,10,0
4.49,0.0391041061933229,-1,1,0.6,10,0
4.5,0.0391663454813742,-1,1,0.6,10,0
4.51,0.0392284281040957,-1,1,0.6,10,0
4.52,0.0392903538131572,-1,1,0.6,10,0
4.53,0.0393521223608558,-1,1,0.6,10,0
4.54,0.0394137335001174,-1,1,0.6,10,0
4.55,0.0394751869844975,-1,1,0.6,10,0
4.56,0.0395364825681824,-1,1,0.6,10,0
4.57,0.0395976200059897,-1,1,0.6,10,0
4.58,0.0396585990533697,-1,1,0.6,10,0
4.59,0.0397194194664065,-1,1,0.6,10,0
4.6,0.0397800810018183,-1,1,0.6,10,0
4.61,0.0398405834169592,-1,1,0.6,10,0
4.62,0.0399009264698195,-1,1,0.6,10,0
4.63,0.0399611099190271,-1,1,0.6,10,0
4.64,0.0400211335238484,-1,1,0.6,10,0
4.65,0.0400809970441889,-1,1,0.6,10,0
4.66,0.0401407002405946,-1,1,0.6,10,0
4.67,0.040200242874253,-1,1,0.6,10,0
4.68,0.0402596247069934,-1,1,0.6,10,0
4.69,0.0403188455012887,-1,1,0.6,10,0
4.7,0.0403779050202557,-1,1,0.6,10,0
4.71,0.0404368030276565,-1,1,0.6,10,0
4.72,0.0404955392878991,-1,1,0.6,10,0
4.73,0.0405541135660386,-1,1,0.6,10,0
4.74,0.0406125256277778,-1,1,0.6,10,0
4.75,0.0406707752394687,-1,1,0.6,10,0
4.76,0.0407288621681128,-1,1,0.6,10,0
4.77,0.0407867861813626,-1,1,0.6,10,0
4.78,0.0408445470475221,-1,1,0.6,10,0
4.79,0.0409021445355478,-1,1,0.6,10,0
4.8,0.0409595784150499,-1,1,0.6,10,0
4.81,0.041016848456293,-1,1,0.6,10,0
4.82,0.0410739544301969,-1,1,0.6,10,0
4.83,0.0411308961083379,-1,1,0.6,10,0
4.84,0.0411876732629493,-1,1,0.6,10,0
4.85,0.0412442856669225,-1,1,0.6,10,0
4.86,0.0413007330938081,-1,1,0.6,10,0
4.87,0.0413570153178163,-1,1,0.6,10,0
4.88,0.0414131321138185,-1,1,0.6,10,0
4.89,0.0414690832573474,-1,1,0.6,10,0
4.9,0.0415248685245985,-1,1,0.6,10,0
4.91,0.041580487692431,-1,1,0.6,10,0
4.92,0.0416359405383681,-1,1,0.6,10,0
4.93,0.0416912268405985,-1,1,0.6,10,0
4.94,0.0417463463779772,-1,1,0.6,10,0
4.95,0.041801298930026,-1,1,0.6,10,0
4.96,0.0418560842769349,-1,1,0.6,10,0
4.97,0.0419107021995624,-1,1,0.6,10,0
4.98,0.0419651524794371,-1,1,0.6,10,0
4.99,0.0420194348987577,-1,1,0.6,10,0
5,0.0420735492403948,-1,1,0.6,10,0
5.01,0.0421274952878911,-1,1,0.6,10,0
5.02,0.0421812728254623,-1,1,0.6,10,0
5.03,0.0422348816379985,-1,1,0.6,10,0
5.04,0.0422883215110645,-1,1,0.6,10,0
5.05,0.0423415922309008,-1,1,0.6,10,0
5.06,0.0423946935844246,-1,1,0.6,10,0
5.07,0.0424476253592306,-1,1,0.6,10,0
5.08,0.0425003873435918,-1,1,0.6,10,0
5.09,0.0425529793264603,-1,1,0.6,10,0
5.1,0.0426054010974682,-1,1,0.6,10,0
5.11,0.0426576524469285,-1,1,0.6,10,0
5.12,0.0427097331658359,-1,1,0.6,10,0
5.13,0.0427616430458676,-1,1,0.6,10,0
5.14,0.0428133818793841,-1,1,0.6,10,0
5.15,0.0428649494594302,-1,1,0.6,10,0
5.16,0.0429163455797356,-1,1,0.6,10,0
5.17,0.0429675700347159,-1,1,0.6,10,0
5.18,0.0430186226194733,-1,1,0.6,10,0
5.19,0.0430695031297977,-1,1,0.6,10,0
5.2,0.0431202113621669,-1,1,0.6,10,0
5.21,0.0431707471137482,-1,1,0.6,10,0
5.22,0.0432211101823986,-1,1,0.6,10,0
5.23,0.0432713003666659,-1,1,0.6,10,0
5.24,0.0433213174657894,-1,1,0.6,10,0
5.25,0.0433711612797009,-1,1,0.6,10,0
5.26,0.043420831609025,-1,1,0.6,10,0
5.27,0.0434703282550806,-1,1,0.6,10,0
5.28,0.0435196510198811,-1,1,0.6,10,0
5.29,0.0435687997061356,-1,1,0.6,10,0
5.3,0.0436177741172493,-1,1,0.6,10,0
5.31,0.0436665740573247,-1,1,0.6,10,0
5.32,0.0437151993311622,-1,1,0.6,10,0
5.33,0.0437636497442606,-1,1,0.6,10,0
5.34,0.0438119251028183,-1,1,0.6,10,0
5.35,0.0438600252137341,-1,1,0.6,10,0
5.36,0.0439079498846075,-1,1,0.6,10,0
5.37,0.0439556989237399,-1,1,0.6,10,0
5.38,0.0440032721401352,-1,1,0.6,10,0
5.39,0.0440506693435006,-1,1,0.6,10,0
5.4,0.0440978903442474,-1,1,0.6,10,0
5.41,0.0441449349534916,-1,1,0.6,10,0
5.42,0.0441918029830548,-1,1,0.6,10,0
5.43,0.0442384942454651,-1,1,0.6,10,0
5.44,0.0442850085539573,-1,1,0.6,10,0
5.45,0.0443313457224744,-1,1,0.6,10,0
5.46,0.0443775055656677,-1,1,0.6,10,0
5.47,0.0444234878988978,-1,1,0.6,10,0
5.48,0.0444692925382357,-1,1,0.6,10,0
5.49,0.0445149193004626,-1,1,0.6,10,0
5.5,0.0445603680030718,-1,1,0.6,10,0
5.51,0.0446056384642683,-1,1,0.6,10,0
5.52,0.0446507305029704,-1,1,0.6,10,0
5.53,0.0446956439388101,-1,1,0.6,10,0
5.54,0.0447403785921336,-1,1,0.6,10,0
5.55,0.0447849342840024,-1,1,0.6,10,0
5.56,0.0448293108361938,-1,1,0.6,10,0
5.57,0.0448735080712015,-1,1,0.6,10,0
5.58,0.0449175258122369,-1,1,0.6,10,0
5.59,0.0449613638832289,-1,1,0.6,10,0
5.6,0.0450050221088253,-1,1,0.6,10,0
5.61,0.0450485003143932,-1,1,0.6,10,0
5.62,0.04509179832602,-1,1,0.6,10,0
5.63,0.0451349159705136,-1,1,0.6,10,0
5.64,0.0451778530754035,-1,1,0.6,10,0
5.65,0.0452206094689413,-1,1,0.6,10,0
5.66,0.0452631849801015,-1,1,0.6,10,0
5.67,0.0453055794385822,-1,1,0.6,10,0
5.68,0.0453477926748055,-1,1,0.6,10,0
5.69,0.0453898245199186,-1,1,0.6,10,0
5.7,0.0454316748057942,-1,1,0.6,10,0
5.71,0.0454733433650311,-1,1,0.6,10,0
5.72,0.0455148300309551,-1,1,0.6,10,0
5.73,0.0455561346376197,-1,1,0.6,10,0
5.74,0.0455972570198065,-1,1,0.6,10,0
5.75,0.0456381970130261,-1,1,0.6,10,0
5.76,0.0456789544535184,-1,1,0.6,10,0
5.77,0.0457195291782538,-1,1,0.6,10,0
5.78,0.0457599210249335,-1,1,0.6,10,0
5.79,0.04580012983199,-1,1,0.6,10,0
5.8,0.0458401554385883,-1,1,0.6,10,0
5.81,0.045879997684626,-1,1,0.6,10,0
5.82,0.0459196564107341,-1,1,0.6,10,0
5.83,0.0459591314582778,-1,1,0.6,10,0
5.84,0.045998422669357,-1,1,0.6,10,0
5.85,0.0460375298868068,-1,1,0.6,10,0
5.86,0.0460764529541984,-1,1,0.6,10,0
5.87,0.0461151917158397,-1,1,0.6,10,0
5.88,0.0461537460167755,-1,1,0.6,10,0
5.89,0.0461921157027889,-1,1,0.6,10,0
5.9,0.046230300620401,-1,1,0.6,10,0
5.91,0.0462683006168723,-1,1,0.6,10,0
5.92,0.0463061155402028,-1,1,0.6,10,0
5.93,0.0463437452391329,-1,1,0.6,10,0
5.94,0.0463811895631438,-1,1,0.6,10,0
5.95,0.0464184483624583,-1,1,0.6,10,0
5.96,0.0464555214880413,-1,1,0.6,10,0
5.97,0.0464924087916002,-1,1,0.6,10,0
5.98,0.046529110125586,-1,1,0.6,10,0
5.99,0.0465656253431933,-1,1,0.6,10,0
6,0.0466019542983613,-1,1,0.6,10,0
6.01,0.0466380968457743,-1,1,0.6,10,0
6.02,0.046674052840862,-1,1,0.6,10,0
6.03,0.0467098221398007,-1,1,0.6,10,0
6.04,0.046745404599513,-1,1,0.6,10,0
6.05,0.0467808000776693,-1,1,0.6,10,0
6.06,0.0468160084326876,-1,1,0.6,10,0
6.07,0.0468510295237347,-1,1,0.6,10,0
6.08,0.0468858632107261,-1,1,0.6,10,0
6.09,0.0469205093543272,-1,1,0.6,10,0
6.1,0.0469549678159534,-1,1,0.6,10,0
6.11,0.0469892384577709,-1,1,0.6,10,0
6.12,0.0470233211426973,-1,1,0.6,10,0
6.13,0.0470572157344018,-1,1,0.6,10,0
6.14,0.0470909220973062,-1,1,0.6,10,0
6.15,0.0471244400965849,-1,1,0.6,10,0
6.16,0.047157769598166,-1,1,0.6,10,0
6.17,0.0471909104687317,-1,1,0.6,10,0
6.18,0.0472238625757184,-1,1,0.6,10,0
6.19,0.0472566257873177,-1,1,0.6,10,0
6.2,0.047289199972477,-1,1,0.6,10,0
6.21,0.0473215850008993,-1,1,0.6,10,0
6.22,0.0473537807430448,-1,1,0.6,10,0
6.23,0.0473857870701304,-1,1,0.6,10,0
6.24,0.047417603854131,-1,1,0.6,10,0
6.25,0.0474492309677793,-1,1,0.6,10,0
6.26,0.047480668284567,-1,1,0.6,10,0
6.27,0.047511915678745,-1,1,0.6,10,0
6.28,0.0475429730253235,-1,1,0.6,10,0
6.29,0.0475738402000733,-1,1,0.6,10,0
6.3,0.0476045170795258,-1,1,0.6,10,0
6.31,0.0476350035409734,-1,1,0.6,10,0
6.32,0.0476652994624704,-1,1,0.6,10,0
6.33,0.047695404722833,-1,1,0.6,10,0
6.34,0.0477253192016404,-1,1,0.6,10,0
6.35,0.0477550427792346,-1,1,0.6,10,0
6.36,0.0477845753367214,-1,1,0.6,10,0
6.37,0.0478139167559705,-1,1,0.6,10,0
6.38,0.0478430669196163,-1,1,0.6,10,0
6.39,0.0478720257110583,-1,1,0.6,10,0
6.4,0.0479007930144613,-1,1,0.6,10,0
6.41,0.047929368714756,-1,1,0.6,10,0
6.42,0.0479577526976398,-1,1,0.6,10,0
6.43,0.0479859448495768,-1,1,0.6,10,0
6.44,0.0480139450577983,-1,1,0.6,10,0
6.45,0.0480417532103036,-1,1,0.6,10,0
6.46,0.0480693691958602,-1,1,0.6,10,0
6.47,0.048096792904004,-1,1,0.6,10,0
6.48,0.0481240242250404,-1,1,0.6,10,0
6.49,0.048151063050044,-1,1,0.6,10,0
6.5,0.0481779092708597,-1,1,0.6,10,0
6.51,0.0482045627801024,-1,1,0.6,10,0
6.52,0.0482310234711584,-1,1,0.6,10,0
6.53,0.0482572912381847,-1,1,0.6,10,0
6.54,0.0482833659761105,-1,1,0.6,10,0
6.55,0.0483092475806367,-1,1,0.6,10,0
6.56,0.048334935948237,-1,1,0.6,10,0
6.57,0.048360430976158,-1,1,0.6,10,0
6.58,0.0483857325624195,-1,1,0.6,10,0
6.59,0.0484108406058153,-1,1,0.6,10,0
6.6,0.0484357550059133,-1,1,0.6,10,0
6.61,0.0484604756630558,-1,1,0.6,10,0
6.62,0.0484850024783602,-1,1,0.6,10,0
6.63,0.0485093353537194,-1,1,0.6,10,0
6.64,0.0485334741918018,-1,1,0.6,10,0
6.65,0.0485574188960522,-1,1,0.6,10,0
6.66,0.0485811693706918,-1,1,0.6,10,0
6.67,0.0486047255207186,-1,1,0.6,10,0
6.68,0.0486280872519082,-1,1,0.6,10,0
6.69,0.0486512544708136,-1,1,0.6,10,0
6.7,0.048674227084766,-1,1,0.6,10,0
6.71,0.0486970050018749,-1,1,0.6,10,0
6.72,0.0487195881310288,-1,1,0.6,10,0
6.73,0.0487419763818951,-1,1,0.6,10,0
6.74,0.0487641696649208,-1,1,0.6,10,0
6.75,0.048786167891333,-1,1,0.6,10,0
6.76,0.0488079709731386,-1,1,0.6,10,0
6.77,0.0488295788231254,-1,1,0.6,10,0
6.78,0.0488509913548619,-1,1,0.6,10,0
6.79,0.0488722084826983,-1,1,0.6,10,0
6.8,0.0488932301217658,-1,1,0.6,10,0
6.81,0.0489140561879781,-1,1,0.6,10,0
6.82,0.0489346865980308,-1,1,0.6,10,0
6.83,0.0489551212694024,-1,1,0.6,10,0
6.84,0.0489753601203541,-1,1,0.6,10,0
6.85,0.0489954030699307,-1,1,0.6,10,0
6.86,0.0490152500379603,-1,1,0.6,10,0
6.87,0.0490349009450552,-1,1,0.6,10,0
6.88,0.0490543557126116,-1,1,0.6,10,0
6.89,0.0490736142628106,-1,1,0.6,10,0
6.9,0.049092676518618,-1,1,0.6,10,0
6.91,0.0491115424037847,-1,1,0.6,10,0
6.92,0.0491302118428474,-1,1,0.6,10,0
6.93,0.0491486847611281,-1,1,0.6,10,0
6.94,0.0491669610847354,-1,1,0.6,10,0
6.95,0.0491850407405638,-1,1,0.6,10,0
6.96,0.0492029236562949,-1,1,0.6,10,0
6.97,0.049220609760397,-1,1,0.6,10,0
6.98,0.0492380989821256,-1,1,0.6,10,0
6.99,0.049255391251524,-1,1,0.6,10,0
7,0.049272486499423,-1,1,0.6,10,0
7.01,0.0492893846574417,-1,1,0.6,10,0
7.02,0.0493060856579876,-1,1,0.6,10,0
7.03,0.0493225894342565,-1,1,0.6,10,0
7.04,0.0493388959202335,-1,1,0.6,10,0
7.05,0.0493550050506925,-1,1,0.6,10,0
7.06,0.0493709167611972,-1,1,0.6,10,0
7.07,0.0493866309881006,-1,1,0.6,10,0
7.08,0.049402147668546,-1,1,0.6,10,0
7.09,0.0494174667404665,-1,1,0.6,10,0
7.1,0.049432588142586,-1,1,0.6,10,0
7.11,0.0494475118144188,-1,1,0.6,10,0
7.12,0.0494622376962703,-1,1,0.6,10,0
7.13,0.0494767657292369,-1,1,0.6,10,0
7.14,0.0494910958552066,-1,1,0.6,10,0
7.15,0.0495052280168589,-1,1,0.6,10,0
7.16,0.0495191621576651,-1,1,0.6,10,0
7.17,0.0495328982218887,-1,1,0.6,10,0
7.18,0.0495464361545855,-1,1,0.6,10,0
7.19,0.0495597759016037,-1,1,0.6,10,0
7.2,0.0495729174095843,-1,1,0.6,10,0
7.21,0.0495858606259615,-1,1,0.6,10,0
7.22,0.0495986054989622,-1,1,0.6,10,0
7.23,0.0496111519776071,-1,1,0.6,10,0
7.24,0.0496235000117102,-1,1,0.6,10,0
7.25,0.0496356495518794,-1,1,0.6,10,0
7.26,0.0496476005495166,-1,1,0.6,10,0
7.27,0.0496593529568178,-1,1,0.6,10,0
7.28,0.0496709067267734,-1,1,0.6,10,0
7.29,0.0496822618131683,-1,1,0.6,10,0
7.3,0.0496934181705822,-1,1,0.6,10,0
7.31,0.0497043757543897,-1,1,0.6,10,0
7.32,0.0497151345207605,-1,1,0.6,10,0
7.33,0.0497256944266594,-1,1,0.6,10,0
7.34,0.0497360554298469,-1,1,0.6,10,0
7.35,0.0497462174888791,-1,1,0.6,10,0
7.36,0.0497561805631075,-1,1,0.6,10,0
7.37,0.0497659446126801,-1,1,0.6,10,0
7.38,0.0497755095985406,-1,1,0.6,10,0
7.39,0.0497848754824291,-1,1,0.6,10,0
7.4,0.049794042226882,-1,1,0.6,10,0
7.41,0.0498030097952324,-1,1,0.6,10,0
7.42,0.04981177815161,-1,1,0.6,10,0
7.43,0.0498203472609415,-1,1,0.6,10,0
7.44,0.0498287170889503,-1,1,0.6,10,0
7.45,0.0498368876021572,-1,1,0.6,10,0
7.46,0.0498448587678801,-1,1,0.6,10,0
7.47,0.0498526305542344,-1,1,0.6,10,0
7.48,0.049860202930133,-1,1,0.6,10,0
7.49,0.0498675758652864,-1,1,0.6,10,0
7.5,0.0498747493302027,-1,1,0.6,10,0
7.51,0.0498817232961883,-1,1,0.6,10,0
7.52,0.0498884977353471,-1,1,0.6,10,0
7.53,0.0498950726205816,-1,1,0.6,10,0
7.54,0.0499014479255921,-1,1,0.6,10,0
7.55,0.0499076236248774,-1,1,0.6,10,0
7.56,0.0499135996937348,-1,1,0.6,10,0
7.57,0.0499193761082599,-1,1,0.6,10,0
7.58,0.0499249528453472,-1,1,0.6,10,0
7.59,0.0499303298826897,-1,1,0.6,10,0
7.6,0.0499355071987791,-1,1,0.6,10,0
7.61,0.0499404847729064,-1,1,0.6,10,0
7.62,0.0499452625851612,-1,1,0.6,10,0
7.63,0.0499498406164323,-1,1,0.6,10,0
7.64,0.0499542188484074,-1,1,0.6,10,0
7.65,0.0499583972635738,-1,1,0.6,10,0
7.66,0.0499623758452177,-1,1,0.6,10,0
7.67,0.0499661545774249,-1,1,0.6,10,0
7.68,0.0499697334450804,-1,1,0.6,10,0
7.69,0.0499731124338687,-1,1,0.6,10,0
7.7,0.049976291530274,-1,1,0.6,10,0
7.71,0.0499792707215797,-1,1,0.6,10,0
7.72,0.0499820499958692,-1,1,0.6,10,0
7.73,0.0499846293420253,-1,1,0.6,10,0
7.74,0.0499870087497308,-1,1,0.6,10,0
7.75,0.0499891882094678,-1,1,0.6,10,0
7.76,0.0499911677125187,-1,1,0.6,10,0
7.77,0.0499929472509654,-1,1,0.6,10,0
7.78,0.0499945268176898,-1,1,0.6,10,0
7.79,0.0499959064063735,-1,1,0.6,10,0
7.8,0.0499970860114983,-1,1,0.6,10,0
7.81,0.0499980656283457,-1,1,0.6,10,0
7.82,0.0499988452529973,-1,1,0.6,10,0
7.83,0.0499994248823345,-1,1,0.6,10,0
7.84,0.0499998045140388,-1,1,0.6,10,0
7.85,0.0499999841465917,-1,1,0.6,10,0
7.86,0.0499999637792748,-1,1,0.6,10,0
7.87,0.0499997434121693,-1,1,0.6,10,0
7.88,0.0499993230461569,-1,1,0.6,10,0
7.89,0.049998702682919,-1,1,0.6,10,0
7.9,0.049997882324937,-1,1,0.6,10,0
7.91,0.0499968619754924,-1,1,0.6,10,0
7.92,0.0499956416386665,-1,1,0.6,10,0
7.93,0.0499942213193407,-1,1,0.6,10,0
7.94,0.0499926010231964,-1,1,0.6,10,0
7.95,0.0499907807567145,-1,1,0.6,10,0
7.96,0.0499887605271764,-1,1,0.6,10,0
7.97,0.0499865403426627,-1,1,0.6,10,0
7.98,0.0499841202120543,-1,1,0.6,10,0
7.99,0.0499815001450318,-1,1,0.6,10,0
8,0.0499786801520753,-1,1,0.6,10,0
8.01,0.0499756602444648,-1,1,0.6,10,0
8.02,0.04997244043428,-1,1,0.6,10,0
8.03,0.0499690207344,-1,1,0.6,10,0
8.04,0.0499654011585038,-1,1,0.6,10,0
8.05,0.0499615817210695,-1,1,0.6,10,0
8.06,0.049957562437375,-1,1,0.6,10,0
8.07,0.0499533433234973,-1,1,0.6,10,0
8.08,0.049948924396313,-1,1,0.6,10,0
8.09,0.0499443056734976,-1,1,0.6,10,0
8.1,0.0499394871735262,-1,1,0.6,10,0
8.11,0.0499344689156727,-1,1,0.6,10,0
8.12,0.04992925092001,-1,1,0.6,10,0
8.13,0.0499238332074103,-1,1,0.6,10,0
8.14,0.0499182157995443,-1,1,0.6,10,0
8.15,0.0499123987188816,-1,1,0.6,10,0
8.16,0.0499063819886907,-1,1,0.6,10,0
8.17,0.0499001656330383,-1,1,0.6,10,0
8.18,0.0498937496767899,-1,1,0.6,10,0
8.19,0.0498871341456093,-1,1,0.6,10,0
8.2,0.0498803190659587,-1,1,0.6,10,0
8.21,0.0498733044650983,-1,1,0.6,10,0
8.22,0.0498660903710865,-1,1,0.6,10,0
8.23,0.0498586768127798,-1,1,0.6,10,0
8.24,0.0498510638198323,-1,1,0.6,10,0
8.25,0.0498432514226959,-1,1,0.6,10,0
8.26,0.0498352396526204,-1,1,0.6,10,0
8.27,0.0498270285416527,-1,1,0.6,10,0
8.28,0.0498186181226372,-1,1,0.6,10,0
8.29,0.0498100084292157,-1,1,0.6,10,0
8.3,0.0498011994958268,-1,1,0.6,10,0
8.31,0.0497921913577064,-1,1,0.6,10,0
8.32,0.049782984050887,-1,1,0.6,10,0
8.33,0.0497735776121977,-1,1,0.6,10,0
8.34,0.0497639720792643,-1,1,0.6,10,0
8.35,0.049754167490509,-1,1,0.6,10,0
8.36,0.0497441638851501,-1,1,0.6,10,0
8.37,0.0497339613032019,-1,1,0.6,10,0
8.38,0.0497235597854748,-1,1,0.6,10,0
8.39,0.0497129593735749,-1,1,0.6,10,0
8.4,0.0497021601099038,-1,1,0.6,10,0
8.41,0.0496911620376585,-1,1,0.6,10,0
8.42,0.0496799652008313,-1,1,0.6,10,0
8.43,0.0496685696442096,-1,1,0.6,10,0
8.44,0.0496569754133755,-1,1,0.6,10,0
8.45,0.0496451825547059,-1,1,0.6,10,0
8.46,0.0496331911153724,-1,1,0.6,10,0
8.47,0.0496210011433405,-1,1,0.6,10,0
8.48,0.0496086126873702,-1,1,0.6,10,0
8.49,0.0495960257970154,-1,1,0.6,10,0
8.5,0.0495832405226234,-1,1,0.6,10,0
8.51,0.0495702569153355,-1,1,0.6,10,0
8.52,0.049557075027086,-1,1,0.6,10,0
8.53,0.0495436949106025,-1,1,0.6,10,0
8.54,0.0495301166194054,-1,1,0.6,10,0
8.55,0.0495163402078079,-1,1,0.6,10,0
8.56,0.0495023657309156,-1,1,0.6,10,0
8.57,0.0494881932446263,-1,1,0.6,10,0
8.58,0.04947382280563,-1,1,0.6,10,0
8.59,0.0494592544714085,-1,1,0.6,10,0
8.6,0.0494444883002351,-1,1,0.6,10,0
8.61,0.0494295243511743,-1,1,0.6,10,0
8.62,0.0494143626840821,-1,1,0.6,10,0
8.63,0.049399003359605,-1,1,0.6,10,0
8.64,0.0493834464391804,-1,1,0.6,10,0
8.65,0.0493676919850358,-1,1,0.6,10,0
8.66,0.0493517400601891,-1,1,0.6,10,0
8.67,0.049335590728448,-1,1,0.6,10,0
8.68,0.0493192440544098,-1,1,0.6,10,0
8.69,0.0493027001034611,-1,1,0.6,10,0
8.7,0.0492859589417777,-1,1,0.6,10,0
8.71,0.0492690206363242,-1,1,0.6,10,0
8.72,0.0492518852548539,-1,1,0.6,10,0
8.73,0.0492345528659083,-1,1,0.6,10,0
8.74,0.0492170235388168,-1,1,0.6,10,0
8.75,0.0491992973436969,-1,1,0.6,10,0
8.76,0.0491813743514531,-1,1,0.6,10,0
8.77,0.0491632546337775,-1,1,0.6,10,0
8.78,0.0491449382631489,-1,1,0.6,10,0
8.79,0.0491264253128328,-1,1,0.6,10,0
8.8,0.0491077158568809,-1,1,0.6,10,0
8.81,0.0490888099701311,-1,1,0.6,10,0
8.82,0.0490697077282069,-1,1,0.6,10,0
8.83,0.0490504092075172,-1,1,0.6,10,0
8.84,0.049030914485256,-1,1,0.6,10,0
8.85,0.0490112236394023,-1,1,0.6,10,0
8.86,0.0489913367487193,-1,1,0.6,10,0
8.87,0.0489712538927547,-1,1,0.6,10,0
8.88,0.0489509751518399,-1,1,0.6,10,0
8.89,0.0489305006070896,-1,1,0.6,10,0
8.9,0.0489098303404022,-1,1,0.6,10,0
8.91,0.0488889644344587,-1,1,0.6,10,0
8.92,0.0488679029727226,-1,1,0.6,10,0
8.93,0.0488466460394397,-1,1,0.6,10,0
8.94,0.0488251937196379,-1,1,0.6,10,0
8.95,0.0488035460991262,-1,1,0.6,10,0
8.96,0.0487817032644952,-1,1,0.6,10,0
8.97,0.0487596653031162,-1,1,0.6,10,0
8.98,0.0487374323031411,-1,1,0.6,10,0
8.99,0.0487150043535016,-1,1,0.6,10,0
9,0.0486923815439098,-1,1,0.6,10,0
9.01,0.0486695639648566,-1,1,0.6,10,0
9.02,0.0486465517076125,-1,1,0.6,10,0
9.03,0.0486233448642265,-1,1,0.6,10,0
9.04,0.0485999435275258,-1,1,0.6,10,0
9.05,0.0485763477911158,-1,1,0.6,10,0
9.06,0.0485525577493794,-1,1,0.6,10,0
9.07,0.0485285734974767,-1,1,0.6,10,0
9.08,0.0485043951313448,-1,1,0.6,10,0
9.09,0.048480022747697,-1,1,0.6,10,0
9.1,0.0484554564440228,-1,1,0.6,10,0
9.11,0.0484306963185875,-1,1,0.6,10,0
9.12,0.0484057424704315,-1,1,0.6,10,0
9.13,0.0483805949993701,-1,1,0.6,10,0
9.14,0.0483552540059933,-1,1,0.6,10,0
9.15,0.0483297195916649,-1,1,0.6,10,0
9.16,0.0483039918585226,-1,1,0.6,10,0
9.17,0.0482780709094772,-1,1,0.6,10,0
9.18,0.0482519568482126,-1,1,0.6,10,0
9.19,0.0482256497791849,-1,1,0.6,10,0
9.2,0.0481991498076224,-1,1,0.6,10,0
9.21,0.0481724570395249,-1,1,0.6,10,0
9.22,0.0481455715816636,-1,1,0.6,10,0
9.23,0.04811849354158,-1,1,0.6,10,0
9.24,0.0480912230275865,-1,1,0.6,10,0
9.25,0.048063760148765,-1,1,0.6,10,0
9.26,0.048036105014967,-1,1,0.6,10,0
9.27,0.0480082577368129,-1,1,0.6,10,0
9.28,0.047980218425692,-1,1,0.6,10,0
9.29,0.0479519871937613,-1,1,0.6,10,0
9.3,0.0479235641539457,-1,1,0.6,10,0
9.31,0.0478949494199375,-1,1,0.6,10,0
9.32,0.0478661431061954,-1,1,0.6,10,0
9.33,0.0478371453279447,-1,1,0.6,10,0
9.34,0.0478079562011765,-1,1,0.6,10,0
9.35,0.0477785758426472,-1,1,0.6,10,0
9.36,0.0477490043698783,-1,1,0.6,10,0
9.37,0.0477192419011555,-1,1,0.6,10,0
9.38,0.0476892885555288,-1,1,0.6,10,0
9.39,0.0476591444528114,-1,1,0.6,10,0
9.4,0.0476288097135798,-1,1,0.6,10,0
9.41,0.0475982844591728,-1,1,0.6,10,0
9.42,0.0475675688116914,-1,1,0.6,10,0
9.43,0.0475366628939983,-1,1,0.6,10,0
9.44,0.0475055668297169,-1,1,0.6,10,0
9.45,0.0474742807432315,-1,1,0.6,10,0
9.46,0.0474428047596865,-1,1,0.6,10,0
9.47,0.0474111390049857,-1,1,0.6,10,0
9.48,0.0473792836057921,-1,1,0.6,10,0
9.49,0.0473472386895272,-1,1,0.6,10,0
9.5,0.0473150043843707,-1,1,0.6,10,0
9.51,0.0472825808192598,-1,1,0.6,10,0
9.52,0.0472499681238886,-1,1,0.6,10,0
9.53,0.0472171664287079,-1,1,0.6,10,0
9.54,0.0471841758649245,-1,1,0.6,10,0
9.55,0.0471509965645005,-1,1,0.6,10,0
9.56,0.0471176286601532,-1,1,0.6,10,0
9.57,0.047084072285354,-1,1,0.6,10,0
9.58,0.0470503275743284,-1,1,0.6,10,0
9.59,0.0470163946620553,-1,1,0.6,10,0
9.6,0.0469822736842662,-1,1,0.6,10,0
9.61,0.0469479647774451,-1,1,0.6,10,0
9.62,0.0469134680788274,-1,1,0.6,10,0
9.63,0.0468787837264,-1,1,0.6,10,0
9.64,0.0468439118589001,-1,1,0.6,10,0
9.65,0.0468088526158153,-1,1,0.6,10,0
9.66,0.0467736061373824,-1,1,0.6,10,0
9.67,0.0467381725645874,-1,1,0.6,10,0
9.68,0.0467025520391644,-1,1,0.6,10,0
9.69,0.0466667447035955,-1,1,0.6,10,0
9.7,0.04663075070111,-1,1,0.6,10,0
9.71,0.0465945701756839,-1,1,0.6,10,0
9.72,0.0465582032720392,-1,1,0.6,10,0
9.73,0.0465216501356435,-1,1,0.6,10,0
9.74,0.0464849109127093,-1,1,0.6,10,0
9.75,0.0464479857501935,-1,1,0.6,10,0
9.76,0.0464108747957965,-1,1,0.6,10,0
9.77,0.0463735781979623,-1,1,0.6,10,0
9.78,0.0463360961058771,-1,1,0.6,10,0
9.79,0.0462984286694692,-1,1,0.6,10,0
9.8,0.0462605760394084,-1,1,0.6,10,0
9.81,0.0462225383671051,-1,1,0.6,10,0
9.82,0.04618431580471,-1,1,0.6,10,0
9.83,0.0461459085051133,-1,1,0.6,10,0
9.84,0.046107316621944,-1,1,0.6,10,0
9.85,0.0460685403095698,-1,1,0.6,10,0
9.86,0.0460295797230957,-1,1,0.6,10,0
9.87,0.0459904350183641,-1,1,0.6,10,0
9.88,0.0459511063519538,-1,1,0.6,10,0
9.89,0.0459115938811793,-1,1,0.6,10,0
9.9,0.0458718977640905,-1,1,0.6,10,0
9.91,0.0458320181594718,-1,1,0.6,10,0
9.92,0.0457919552268416,-1,1,0.6,10,0
9.93,0.0457517091264515,-1,1,0.6,10,0
9.94,0.045711280019286,-1,1,0.6,10,0
9.95,0.0456706680670613,-1,1,0.6,10,0
9.96,0.0456298734322252,-1,1,0.6,10,0
9.97,0.0455888962779562,-1,1,0.6,10,0
9.98,0.0455477367681629,-1,1,0.6,10,0
9.99,0.0455063950674833,-1,1,0.6,10,0
10,0.0454648713412841,-1,1,0.6,10,0
10.01,0.0454231657556601,-1,1,0.6,10,0
10.02,0.0453812784774337,-1,1,0.6,10,0
10.03,0.0453392096741539,-1,1,0.6,10,0
10.04,0.0452969595140958,-1,1,0.6,10,0
10.05,0.04525452816626,-1,1,0.6,10,0
10.06,0.045211915800372,-1,1,0.6,10,0
10.07,0.045169122586881,-1,1,0.6,10,0
10.08,0.0451261486969599,-1,1,0.6,10,0
10.09,0.0450829943025042,-1,1,0.6,10,0
10.1,0.0450396595761314,-1,1,0.6,10,0
10.11,0.0449961446911803,-1,1,0.6,10,0
10.12,0.0449524498217104,-1,1,0.6,10,0
10.13,0.0449085751425013,-1,1,0.6,10,0
10.14,0.0448645208290514,-1,1,0.6,10,0
10.15,0.044820287057578,-1,1,0.6,10,0
10.16,0.0447758740050161,-1,1,0.6,10,0
10.17,0.044731281849018,-1,1,0.6,10,0
10.18,0.044686510767952,-1,1,0.6,10,0
10.19,0.0446415609409026,-1,1,0.6,10,0
10.2,0.044596432547669,-1,1,0.6,10,0
10.21,0.0445511257687646,-1,1,0.6,10,0
10.22,0.0445056407854165,-1,1,0.6,10,0
10.23,0.0444599777795647,-1,1,0.6,10,0
10.24,0.044414136933861,-1,1,0.6,10,0
10.25,0.0443681184316688,-1,1,0.6,10,0
10.26,0.044321922457062,-1,1,0.6,10,0
10.27,0.0442755491948245,-1,1,0.6,10,0
10.28,0.0442289988304492,-1,1,0.6,10,0
10.29,0.0441822715501376,-1,1,0.6,10,0
10.3,0.0441353675407987,-1,1,0.6,10,0
10.31,0.0440882869900485,-1,1,0.6,10,0
10.32,0.0440410300862091,-1,1,0.6,10,0
10.33,0.0439935970183081,-1,1,0.6,10,0
10.34,0.0439459879760776,-1,1,0.6,10,0
10.35,0.0438982031499539,-1,1,0.6,10,0
10.36,0.0438502427310761,-1,1,0.6,10,0
10.37,0.0438021069112858,-1,1,0.6,10,0
10.38,0.0437537958831263,-1,1,0.6,10,0
10.39,0.0437053098398416,-1,1,0.6,10,0
10.4,0.0436566489753758,-1,1,0.6,10,0
10.41,0.0436078134843723,-1,1,0.6,10,0
10.42,0.0435588035621731,-1,1,0.6,10,0
10.43,0.0435096194048176,-1,1,0.6,10,0
10.44,0.0434602612090426,-1,1,0.6,10,0
10.45,0.0434107291722806,-1,1,0.6,10,0
10.46,0.0433610234926599,-1,1,0.6,10,0
10.47,0.043311144369003,-1,1,0.6,10,0
10.48,0.0432610920008263,-1,1,0.6,10,0
10.49,0.0432108665883394,-1,1,0.6,10,0
10.5,0.0431604683324437,-1,1,0.6,10,0
10.51,0.0431098974347322,-1,1,0.6,10,0
10.52,0.0430591540974885,-1,1,0.6,10,0
10.53,0.0430082385236858,-1,1,0.6,10,0
10.54,0.0429571509169863,-1,1,0.6,10,0
10.55,0.0429058914817404,-1,1,0.6,10,0
10.56,0.0428544604229859,-1,1,0.6,10,0
10.57,0.0428028579464467,-1,1,0.6,10,0
10.58,0.0427510842585329,-1,1,0.6,10,0
10.59,0.042699139566339,-1,1,0.6,10,0
10.6,0.0426470240776438,-1,1,0.6,10,0
10.61,0.0425947380009092,-1,1,0.6,10,0
10.62,0.0425422815452793,-1,1,0.6,10,0
10.63,0.04248965492058,-1,1,0.6,10,0
10.64,0.0424368583373176,-1,1,0.6,10,0
10.65,0.0423838920066785,-1,1,0.6,10,0
10.66,0.0423307561405279,-1,1,0.6,10,0
10.67,0.0422774509514091,-1,1,0.6,10,0
10.68,0.0422239766525429,-1,1,0.6,10,0
10.69,0.0421703334578264,-1,1,0.6,10,0
10.7,0.0421165215818323,-1,1,0.6,10,0
10.71,0.042062541239808,-1,1,0.6,10,0
10.72,0.0420083926476748,-1,1,0.6,10,0
10.73,0.0419540760220271,-1,1,0.6,10,0
10.74,0.0418995915801312,-1,1,0.6,10,0
10.75,0.0418449395399249,-1,1,0.6,10,0
10.76,0.0417901201200162,-1,1,0.6,10,0
10.77,0.0417351335396827,-1,1,0.6,10,0
10.78,0.0416799800188707,-1,1,0.6,10,0
10.79,0.0416246597781942,-1,1,0.6,10,0
10.8,0.0415691730389342,-1,1,0.6,10,0
10.81,0.0415135200230373,-1,1,0.6,10,0
10.82,0.0414577009531158,-1,1,0.6,10,0
10.83,0.0414017160524457,-1,1,0.6,10,0
10.84,0.0413455655449666,-1,1,0.6,10,0
10.85,0.0412892496552804,-1,1,0.6,10,0
10.86,0.0412327686086507,-1,1,0.6,10,0
10.87,0.0411761226310015,-1,1,0.6,10,0
10.88,0.0411193119489167,-1,1,0.6,10,0
10.89,0.0410623367896389,-1,1,0.6,10,0
10.9,0.0410051973810687,-1,1,0.6,10,0
10.91,0.0409478939517637,-1,1,0.6,10,0
10.92,0.0408904267309374,-1,1,0.6,10,0
10.93,0.0408327959484588,-1,1,0.6,10,0
10.94,0.0407750018348508,-1,1,0.6,10,0
10.95,0.0407170446212898,-1,1,0.6,10,0
10.96,0.0406589245396046,-1,1,0.6,10,0
10.97,0.0406006418222755,-1,1,0.6,10,0
10.98,0.0405421967024332,-1,1,0.6,10,0
10.99,0.0404835894138582,-1,1,0.6,10,0
11,0.0404248201909795,-1,1,0.6,10,0
11.01,0.0403658892688739,-1,1,0.6,10,0
11.02,0.0403067968832651,-1,1,0.6,10,0
11.03,0.0402475432705225,-1,1,0.6,10,0
11.04,0.0401881286676605,-1,1,0.6,10,0
11.05,0.0401285533123374,-1,1,0.6,10,0
11.06,0.0400688174428545,-1,1,0.6,10,0
11.07,0.0400089212981553,-1,1,0.6,10,0
11.08,0.0399488651178242,-1,1,0.6,10,0
11.09,0.039888649142086,-1,1,0.6,10,0
11.1,0.0398282736118043,-1,1,0.6,10,0
11.11,0.0397677387684813,-1,1,0.6,10,0
11.12,0.0397070448542563,-1,1,0.6,10,0
11.13,0.0396461921119048,-1,1,0.6,10,0
11.14,0.0395851807848377,-1,1,0.6,10,0
11.15,0.0395240111171002,-1,1,0.6,10,0
11.16,0.039462683353371,-1,1,0.6,10,0
11.17,0.039401197738961,-1,1,0.6,10,0
11.18,0.0393395545198125,-1,1,0.6,10,0
11.19,0.0392777539424985,-1,1,0.6,10,0
11.2,0.039215796254221,-1,1,0.6,10,0
11.21,0.0391536817028108,-1,1,0.6,10,0
11.22,0.039091410536726,-1,1,0.6,10,0
11.23,0.0390289830050512,-1,1,0.6,10,0
11.24,0.0389663993574964,-1,1,0.6,10,0
11.25,0.0389036598443961,-1,1,0.6,10,0
11.26,0.0388407647167083,-1,1,0.6,10,0
11.27,0.0387777142260134,-1,1,0.6,10,0
11.28,0.0387145086245133,-1,1,0.6,10,0
11.29,0.0386511481650304,-1,1,0.6,10,0
11.3,0.0385876331010063,-1,1,0.6,10,0
11.31,0.0385239636865013,-1,1,0.6,10,0
11.32,0.0384601401761928,-1,1,0.6,10,0
11.33,0.038396162825375,-1,1,0.6,10,0
11.34,0.0383320318899571,-1,1,0.6,10,0
11.35,0.0382677476264627,-1,1,0.6,10,0
11.36,0.0382033102920288,-1,1,0.6,10,0
11.37,0.0381387201444047,-1,1,0.6,10,0
11.38,0.0380739774419509,-1,1,0.6,10,0
11.39,0.038009082443638,-1,1,0.6,10,0
11.4,0.0379440354090461,-1,1,0.6,10,0
11.41,0.0378788365983631,-1,1,0.6,10,0
11.42,0.0378134862723843,-1,1,0.6,10,0
11.43,0.0377479846925107,-1,1,0.6,10,0
11.44,0.0376823321207488,-1,1,0.6,10,0
11.45,0.0376165288197085,-1,1,0.6,10,0
11.46,0.0375505750526032,-1,1,0.6,10,0
11.47,0.0374844710832477,-1,1,0.6,10,0
11.48,0.0374182171760579,-1,1,0.6,10,0
11.49,0.0373518135960492,-1,1,0.6,10,0
11.5,0.037285260608836,-1,1,0.6,10,0
11.51,0.0372185584806301,-1,1,0.6,10,0
11.52,0.0371517074782398,-1,1,0.6,10,0
11.53,0.0370847078690692,-1,1,0.6,10,0
11.54,0.0370175599211165,-1,1,0.6,10,0
11.55,0.0369502639029735,-1,1,0.6,10,0
11.56,0.0368828200838242,-1,1,0.6,10,0
11.57,0.0368152287334437,-1,1,0.6,10,0
11.58,0.0367474901221974,-1,1,0.6,10,0
11.59,0.0366796045210396,-1,1,0.6,10,0
11.6,0.0366115722015126,-1,1,0.6,10,0
11.61,0.0365433934357456,-1,1,0.6,10,0
11.62,0.0364750684964536,-1,1,0.6,10,0
11.63,0.0364065976569362,-1,1,0.6,10,0
11.64,0.0363379811910767,-1,1,0.6,10,0
11.65,0.036269219373341,-1,1,0.6,10,0
11.66,0.0362003124787761,-1,1,0.6,10,0
11.67,0.0361312607830095,-1,1,0.6,10,0
11.68,0.036062064562248,-1,1,0.6,10,0
11.69,0.0359927240932764,-1,1,0.6,10,0
11.7,0.0359232396534563,-1,1,0.6,10,0
11.71,0.0358536115207255,-1,1,0.6,10,0
11.72,0.0357838399735965,-1,1,0.6,10,0
11.73,0.0357139252911553,-1,1,0.6,10,0
11.74,0.0356438677530605,-1,1,0.6,10,0
11.75,0.0355736676395422,-1,1,0.6,10,0
11.76,0.0355033252314008,-1,1,0.6,10,0
11.77,0.0354328408100059,-1,1,0.6,10,0
11.78,0.0353622146572949,-1,1,0.6,10,0
11.79,0.0352914470557724,-1,1,0.6,10,0
11.8,0.0352205382885088,-1,1,0.6,10,0
11.81,0.035149488639139,-1,1,0.6,10,0
11.82,0.0350782983918615,-1,1,0.6,10,0
11.83,0.0350069678314372,-1,1,0.6,10,0
11.84,0.0349354972431882,-1,1,0.6,10,0
11.85,0.0348638869129969,-1,1,0.6,10,0
11.86,0.0347921371273044,-1,1,0.6,10,0
11.87,0.0347202481731098,-1,1,0.6,10,0
11.88,0.0346482203379687,-1,1,0.6,10,0
11.89,0.0345760539099925,-1,1,0.6,10,0
11.9,0.0345037491778468,-1,1,0.6,10,0
11.91,0.0344313064307504,-1,1,0.6,10,0
11.92,0.0343587259584742,-1,1,0.6,10,0
11.93,0.0342860080513399,-1,1,0.6,10,0
11.94,0.0342131530002191,-1,1,0.6,10,0
11.95,0.034140161096532,-1,1,0.6,10,0
11.96,0.034067032632246,-1,1,0.6,10,0
11.97,0.0339937678998749,-1,1,0.6,10,0
11.98,0.0339203671924775,-1,1,0.6,10,0
11.99,0.0338468308036566,-1,1,0.6,10,0
12,0.0337731590275575,-1,1,0.6,10,0
12.01,0.0336993521588674,-1,1,0.6,10,0
12.02,0.0336254104928137,-1,1,0.6,10,0
12.03,0.0335513343251627,-1,1,0.6,10,0
12.04,0.0334771239522192,-1,1,0.6,10,0
12.05,0.0334027796708245,-1,1,0.6,10,0
12.06,0.0333283017783557,-1,1,0.6,10,0
12.07,0.0332536905727242,-1,1,0.6,10,0
12.08,0.0331789463523748,-1,1,0.6,10,0
12.09,0.0331040694162842,-1,1,0.6,10,0
12.1,0.03302906006396,-1,1,0.6,10,0
12.11,0.0329539185954397,-1,1,0.6,10,0
12.12,0.0328786453112889,-1,1,0.6,10,0
12.13,0.0328032405126007,-1,1,0.6,10,0
12.14,0.0327277045009941,-1,1,0.6,10,0
12.15,0.0326520375786132,-1,1,0.6,10,0
12.16,0.0325762400481256,-1,1,0.6,10,0
12.17,0.0325003122127211,-1,1,0.6,10,0
12.18,0.0324242543761112,-1,1,0.6,10,0
12.19,0.032348066842527,-1,1,0.6,10,0
12.2,0.0322717499167185,-1,1,0.6,10,0
12.21,0.0321953039039534,-1,1,0.6,10,0
12.22,0.0321187291100156,-1,1,0.6,10,0
12.23,0.0320420258412043,-1,1,0.6,10,0
12.24,0.0319651944043322,-1,1,0.6,10,0
12.25,0.0318882351067252,-1,1,0.6,10,0
12.26,0.0318111482562202,-1,1,0.6,10,0
12.27,0.0317339341611647,-1,1,0.6,10,0
12.28,0.0316565931304148,-1,1,0.6,10,0
12.29,0.0315791254733346,-1,1,0.6,10,0
12.3,0.0315015314997946,-1,1,0.6,10,0
12.31,0.0314238115201706,-1,1,0.6,10,0
12.32,0.0313459658453424,-1,1,0.6,10,0
12.33,0.0312679947866927,-1,1,0.6,10,0
12.34,0.0311898986561055,-1,1,0.6,10,0
12.35,0.0311116777659652,-1,1,0.6,10,0
12.36,0.0310333324291554,-1,1,0.6,10,0
12.37,0.0309548629590572,-1,1,0.6,10,0
12.38,0.0308762696695485,-1,1,0.6,10,0
12.39,0.0307975528750023,-1,1,0.6,10,0
12.4,0.0307187128902856,-1,1,0.6,10,0
12.41,0.0306397500307583,-1,1,0.6,10,0
12.42,0.0305606646122718,-1,1,0.6,10,0
12.43,0.0304814569511675,-1,1,0.6,10,0
12.44,0.0304021273642761,-1,1,0.6,10,0
12.45,0.0303226761689157,-1,1,0.6,10,0
12.46,0.0302431036828911,-1,1,0.6,10,0
12.47,0.0301634102244922,-1,1,0.6,10,0
12.48,0.0300835961124925,-1,1,0.6,10,0
12.49,0.0300036616661485,-1,1,0.6,10,0
12.5,0.0299236072051978,-1,1,0.6,10,0
12.51,0.0298434330498582,-1,1,0.6,10,0
12.52,0.0297631395208262,-1,1,0.6,10,0
12.53,0.0296827269392758,-1,1,0.6,10,0
12.54,0.0296021956268572,-1,1,0.6,10,0
12.55,0.0295215459056956,-1,1,0.6,10,0
12.56,0.0294407780983897,-1,1,0.6,10,0
12.57,0.0293598925280107,-1,1,0.6,10,0
12.58,0.0292788895181008,-1,1,0.6,10,0
12.59,0.0291977693926717,-1,1,0.6,10,0
12.6,0.0291165324762041,-1,1,0.6,10,0
12.61,0.0290351790936453,-1,1,0.6,10,0
12.62,0.0289537095704089,-1,1,0.6,10,0
12.63,0.0288721242323729,-1,1,0.6,10,0
12.64,0.0287904234058784,-1,1,0.6,10,0
12.65,0.0287086074177286,-1,1,0.6,10,0
12.66,0.0286266765951875,-1,1,0.6,10,0
12.67,0.0285446312659781,-1,1,0.6,10,0
12.68,0.0284624717582818,-1,1,0.6,10,0
12.69,0.0283801984007363,-1,1,0.6,10,0
12.7,0.0282978115224351,-1,1,0.6,10,0
12.71,0.0282153114529256,-1,1,0.6,10,0
12.72,0.0281326985222078,-1,1,0.6,10,0
12.73,0.0280499730607335,-1,1,0.6,10,0
12.74,0.0279671353994043,-1,1,0.6,10,0
12.75,0.0278841858695708,-1,1,0.6,10,0
12.76,0.0278011248030311,-1,1,0.6,10,0
12.77,0.0277179525320291,-1,1,0.6,10,0
12.78,0.027634669389254,-1,1,0.6,10,0
12.79,0.0275512757078382,-1,1,0.6,10,0
12.8,0.0274677718213563,-1,1,0.6,10,0
12.81,0.0273841580638238,-1,1,0.6,10,0
12.82,0.0273004347696955,-1,1,0.6,10,0
12.83,0.0272166022738645,-1,1,0.6,10,0
12.84,0.0271326609116607,-1,1,0.6,10,0
12.85,0.0270486110188494,-1,1,0.6,10,0
12.86,0.0269644529316301,-1,1,0.6,10,0
12.87,0.0268801869866351,-1,1,0.6,10,0
12.88,0.0267958135209279,-1,1,0.6,10,0
12.89,0.0267113328720024,-1,1,0.6,10,0
12.9,0.0266267453777811,-1,1,0.6,10,0
12.91,0.0265420513766137,-1,1,0.6,10,0
12.92,0.0264572512072762,-1,1,0.6,10,0
12.93,0.0263723452089691,-1,1,0.6,10,0
12.94,0.0262873337213164,-1,1,0.6,10,0
12.95,0.0262022170843638,-1,1,0.6,10,0
12.96,0.0261169956385778,-1,1,0.6,10,0
12.97,0.0260316697248441,-1,1,0.6,10,0
12.98,0.0259462396844662,-1,1,0.6,10,0
12.99,0.0258607058591642,-1,1,0.6,10,0
13,0.0257750685910732,-1,1,0.6,10,0
13.01,0.0256893282227422,-1,1,0.6,10,0
13.02,0.0256034850971326,-1,1,0.6,10,0
13.03,0.0255175395576167,-1,1,0.6,10,0
13.04,0.0254314919479766,-1,1,0.6,10,0
13.05,0.0253453426124027,-1,1,0.6,10,0
13.06,0.025259091895492,-1,1,0.6,10,0
13.07,0.0251727401422475,-1,1,0.6,10,0
13.08,0.025086287698076,-1,1,0.6,10,0
13.09,0.0249997349087871,-1,1,0.6,10,0
13.1,0.0249130821205919,-1,1,0.6,10,0
13.11,0.0248263296801015,-1,1,0.6,10,0
13.12,0.0247394779343254,-1,1,0.6,10,0
13.13,0.0246525272306706,-1,1,0.6,10,0
13.14,0.0245654779169397,-1,1,0.6,10,0
13.15,0.02447833034133,-1,1,0.6,10,0
13.16,0.0243910848524315,-1,1,0.6,10,0
13.17,0.0243037417992261,-1,1,0.6,10,0
13.18,0.0242163015310859,-1,1,0.6,10,0
13.19,0.0241287643977719,-1,1,0.6,10,0
13.2,0.0240411307494324,-1,1,0.6,10,0
13.21,0.023953400936602,-1,1,0.6,10,0
13.22,0.0238655753101998,-1,1,0.6,10,0
13.23,0.0237776542215282,-1,1,0.6,10,0
13.24,0.0236896380222714,-1,1,0.6,10,0
13.25,0.0236015270644941,-1,1,0.6,10,0
13.26,0.02351332170064,-1,1,0.6,10,0
13.27,0.0234250222835305,-1,1,0.6,10,0
13.28,0.023336629166363,-1,1,0.6,10,0
13.29,0.0232481427027101,-1,1,0.6,10,0
13.3,0.0231595632465173,-1,1,0.6,10,0
13.31,0.0230708911521023,-1,1,0.6,10,0
13.32,0.0229821267741536,-1,1,0.6,10,0
13.33,0.0228932704677284,-1,1,0.6,10,0
13.34,0.0228043225882518,-1,1,0.6,10,0
13.35,0.0227152834915153,-1,1,0.6,10,0
13.36,0.0226261535336751,-1,1,0.6,10,0
13.37,0.022536933071251,-1,1,0.6,10,0
13.38,0.0224476224611246,-1,1,0.6,10,0
13.39,0.0223582220605383,-1,1,0.6,10,0
13.4,0.0222687322270936,-1,1,0.6,10,0
13.41,0.0221791533187496,-1,1,0.6,10,0
13.42,0.022089485693822,-1,1,0.6,10,0
13.43,0.021999729710981,-1,1,0.6,10,0
13.44,0.0219098857292505,-1,1,0.6,10,0
13.45,0.0218199541080063,-1,1,0.6,10,0
13.46,0.0217299352069748,-1,1,0.6,10,0
13.47,0.0216398293862314,-1,1,0.6,10,0
13.48,0.0215496370061993,-1,1,0.6,10,0
13.49,0.0214593584276479,-1,1,0.6,10,0
13.5,0.0213689940116915,-1,1,0.6,10,0
13.51,0.0212785441197875,-1,1,0.6,10,0
13.52,0.0211880091137353,-1,1,0.6,10,0
13.53,0.021097389355675,-1,1,0.6,10,0
13.54,0.0210066852080854,-1,1,0.6,10,0
13.55,0.0209158970337829,-1,1,0.6,10,0
13.56,0.0208250251959202,-1,1,0.6,10,0
13.57,0.0207340700579845,-1,1,0.6,10,0
13.58,0.0206430319837962,-1,1,0.6,10,0
13.59,0.0205519113375075,-1,1,0.6,10,0
13.6,0.0204607084836009,-1,1,0.6,10,0
13.61,0.0203694237868876,-1,1,0.6,10,0
13.62,0.0202780576125063,-1,1,0.6,10,0
13.63,0.0201866103259215,-1,1,0.6,10,0
13.64,0.0200950822929224,-1,1,0.6,10,0
13.65,0.020003473879621,-1,1,0.6,10,0
13.66,0.0199117854524506,-1,1,0.6,10,0
13.67,0.0198200173781651,-1,1,0.6,10,0
13.68,0.0197281700238364,-1,1,0.6,10,0
13.69,0.0196362437568539,-1,1,0.6,10,0
13.7,0.0195442389449226,-1,1,0.6,10,0
13.71,0.0194521559560616,-1,1,0.6,10,0
13.72,0.0193599951586027,-1,1,0.6,10,0
13.73,0.0192677569211889,-1,1,0.6,10,0
13.74,0.0191754416127732,-1,1,0.6,10,0
13.75,0.0190830496026166,-1,1,0.6,10,0
13.76,0.018990581260287,-1,1,0.6,10,0
13.77,0.0188980369556577,-1,1,0.6,10,0
13.78,0.0188054170589058,-1,1,0.6,10,0
13.79,0.0187127219405107,-1,1,0.6,10,0
13.8,0.0186199519712528,-1,1,0.6,10,0
13.81,0.0185271075222118,-1,1,0.6,10,0
13.82,0.0184341889647655,-1,1,0.6,10,0
13.83,0.0183411966705878,-1,1,0.6,10,0
13.84,0.018248131011648,-1,1,0.6,10,0
13.85,0.0181549923602084,-1,1,0.6,10,0
13.86,0.0180617810888236,-1,1,0.6,10,0
13.87,0.0179684975703385,-1,1,0.6,10,0
13.88,0.0178751421778871,-1,1,0.6,10,0
13.89,0.0177817152848908,-1,1,0.6,10,0
13.9,0.0176882172650571,-1,1,0.6,10,0
13.91,0.017594648492378,-1,1,0.6,10,0
13.92,0.0175010093411283,-1,1,0.6,10,0
13.93,0.0174073001858645,-1,1,0.6,10,0
13.94,0.0173135214014233,-1,1,0.6,10,0
13.95,0.0172196733629195,-1,1,0.6,10,0
13.96,0.0171257564457452,-1,1,0.6,10,0
13.97,0.017031771025568,-1,1,0.6,10,0
13.98,0.0169377174783294,-1,1,0.6,10,0
13.99,0.0168435961802435,-1,1,0.6,10,0
14,0.0167494075077952,-1,1,0.6,10,0
14.01,0.0166551518377393,-1,1,0.6,10,0
14.02,0.0165608295470983,-1,1,0.6,10,0
14.03,0.0164664410131611,-1,1,0.6,10,0
14.04,0.0163719866134819,-1,1,0.6,10,0
14.05,0.016277466725878,-1,1,0.6,10,0
14.06,0.0161828817284289,-1,1,0.6,10,0
14.07,0.0160882319994745,-1,1,0.6,10,0
14.08,0.0159935179176135,-1,1,0.6,10,0
14.09,0.0158987398617022,-1,1,0.6,10,0
14.1,0.0158038982108527,-1,1,0.6,10,0
14.11,0.0157089933444314,-1,1,0.6,10,0
14.12,0.0156140256420576,-1,1,0.6,10,0
14.13,0.0155189954836021,-1,1,0.6,10,0
14.14,0.0154239032491853,-1,1,0.6,10,0
14.15,0.0153287493191761,-1,1,0.6,10,0
14.16,0.0152335340741901,-1,1,0.6,10,0
14.17,0.0151382578950881,-1,1,0.6,10,0
14.18,0.0150429211629747,-1,1,0.6,10,0
14.19,0.0149475242591967,-1,1,0.6,10,0
14.2,0.0148520675653416,-1,1,0.6,10,0
14.21,0.014756551463236,-1,1,0.6,10,0
14.22,0.0146609763349443,-1,1,0.6,10,0
14.23,0.0145653425627668,-1,1,0.6,10,0
14.24,0.0144696505292384,-1,1,0.6,10,0
14.25,0.0143739006171272,-1,1,0.6,10,0
14.26,0.0142780932094327,-1,1,0.6,10,0
14.27,0.0141822286893844,-1,1,0.6,10,0
14.28,0.0140863074404403,-1,1,0.6,10,0
14.29,0.0139903298462852,-1,1,0.6,10,0
14.3,0.0138942962908293,-1,1,0.6,10,0
14.31,0.0137982071582068,-1,1,0.6,10,0
14.32,0.0137020628327741,-1,1,0.6,10,0
14.33,0.0136058636991083,-1,1,0.6,10,0
14.34,0.0135096101420059,-1,1,0.6,10,0
14.35,0.0134133025464809,-1,1,0.6,10,0
14.36,0.0133169412977636,-1,1,0.6,10,0
14.37,0.0132205267812988,-1,1,0.6,10,0
14.38,0.0131240593827446,-1,1,0.6,10,0
14.39,0.0130275394879704,-1,1,0.6,10,0
14.4,0.0129309674830555,-1,1,0.6,10,0
14.41,0.012834343754288,-1,1,0.6,10,0
14.42,0.0127376686881625,-1,1,0.6,10,0
14.43,0.0126409426713793,-1,1,0.6,10,0
14.44,0.0125441660908423,-1,1,0.6,10,0
14.45,0.0124473393336576,-1,1,0.6,10,0
14.46,0.0123504627871322,-1,1,0.6,10,0
14.47,0.0122535368387721,-1,1,0.6,10,0
14.48,0.012156561876281,-1,1,0.6,10,0
14.49,0.0120595382875586,-1,1,0.6,10,0
14.5,0.0119624664606991,-1,1,0.6,10,0
14.51,0.0118653467839897,-1,1,0.6,10,0
14.52,0.0117681796459091,-1,1,0.6,10,0
14.53,0.0116709654351254,-1,1,0.6,10,0
14.54,0.0115737045404957,-1,1,0.6,10,0
14.55,0.0114763973510632,-1,1,0.6,10,0
14.56,0.0113790442560566,-1,1,0.6,10,0
14.57,0.0112816456448882,-1,1,0.6,10,0
14.58,0.0111842019071522,-1,1,0.6,10,0
14.59,0.0110867134326235,-1,1,0.6,10,0
14.6,0.0109891806112558,-1,1,0.6,10,0
14.61,0.0108916038331804,-1,1,0.6,10,0
14.62,0.0107939834887041,-1,1,0.6,10,0
14.63,0.0106963199683083,-1,1,0.6,10,0
14.64,0.0105986136626469,-1,1,0.6,10,0
14.65,0.010500864962545,-1,1,0.6,10,0
14.66,0.0104030742589972,-1,1,0.6,10,0
14.67,0.0103052419431662,-1,1,0.6,10,0
14.68,0.0102073684063812,-1,1,0.6,10,0
14.69,0.0101094540401362,-1,1,0.6,10,0
14.7,0.0100114992360885,-1,1,0.6,10,0
14.71,0.00991350438605723,-1,1,0.6,10,0
14.72,0.00981546988202161,-1,1,0.6,10,0
14.73,0.00971739611611957,-1,1,0.6,10,0
14.74,0.009619283480646,-1,1,0.6,10,0
14.75,0.00952113236805135,-1,1,0.6,10,0
14.76,0.00942294317093993,-1,1,0.6,10,0
14.77,0.00932471628206837,-1,1,0.6,10,0
14.78,0.00922645209434411,-1,1,0.6,10,0
14.79,0.00912815100082379,-1,1,0.6,10,0
14.8,0.00902981339471163,-1,1,0.6,10,0
14.81,0.00893143966935794,-1,1,0.6,10,0
14.82,0.00883303021825746,-1,1,0.6,10,0
14.83,0.00873458543504792,-1,1,0.6,10,0
14.84,0.00863610571350827,-1,1,0.6,10,0
14.85,0.00853759144755727,-1,1,0.6,10,0
14.86,0.00843904303125188,-1,1,0.6,10,0
14.87,0.00834046085878559,-1,1,0.6,10,0
14.88,0.00824184532448699,-1,1,0.6,10,0
14.89,0.00814319682281811,-1,1,0.6,10,0
14.9,0.00804451574837277,-1,1,0.6,10,0
14.91,0.00794580249587518,-1,1,0.6,10,0
14.92,0.0078470574601782,-1,1,0.6,10,0
14.93,0.00774828103626183,-1,1,0.6,10,0
14.94,0.00764947361923166,-1,1,0.6,10,0
14.95,0.00755063560431719,-1,1,0.6,10,0
14.96,0.00745176738687037,-1,1,0.6,10,0
14.97,0.00735286936236397,-1,1,0.6,10,0
14.98,0.00725394192638989,-1,1,0.6,10,0
14.99,0.00715498547465781,-1,1,0.6,10,0
15,0.00705600040299336,-1,1,0.6,10,0
15.01,0.00695698710733669,-1,1,0.6,10,0
15.02,0.00685794598374089,-1,1,0.6,10,0
15.03,0.00675887742837027,-1,1,0.6,10,0
15.04,0.00665978183749896,-1,1,0.6,10,0
15.05,0.00656065960750919,-1,1,0.6,10,0
15.06,0.00646151113488972,-1,1,0.6,10,0
15.07,0.00636233681623435,-1,1,0.6,10,0
15.08,0.0062631370482402,-1,1,0.6,10,0
15.09,0.00616391222770618,-1,1,0.6,10,0
15.1,0.00606466275153149,-1,1,0.6,10,0
15.11,0.00596538901671386,-1,1,0.6,10,0
15.12,0.00586609142034811,-1,1,0.6,10,0
15.13,0.00576677035962453,-1,1,0.6,10,0
15.14,0.00566742623182718,-1,1,0.6,10,0
15.15,0.00556805943433248,-1,1,0.6,10,0
15.16,0.00546867036460746,-1,1,0.6,10,0
15.17,0.00536925942020826,-1,1,0.6,10,0
15.18,0.00526982699877856,-1,1,0.6,10,0
15.19,0.00517037349804786,-1,1,0.6,10,0
15.2,0.00507089931583007,-1,1,0.6,10,0
15.21,0.0049714048500218,-1,1,0.6,10,0
15.22,0.00487189049860073,-1,1,0.6,10,0
15.23,0.00477235665962419,-1,1,0.6,10,0
15.24,0.00467280373122737,-1,1,0.6,10,0
15.25,0.00457323211162184,-1,1,0.6,10,0
15.26,0.00447364219909398,-1,1,0.6,10,0
15.27,0.00437403439200326,-1,1,0.6,10,0
15.28,0.00427440908878081,-1,1,0.6,10,0
15.29,0.00417476668792773,-1,1,0.6,10,0
15.3,0.00407510758801343,-1,1,0.6,10,0
15.31,0.00397543218767425,-1,1,0.6,10,0
15.32,0.00387574088561161,-1,1,0.6,10,0
15.33,0.00377603408059057,-1,1,0.6,10,0
15.34,0.00367631217143827,-1,1,0.6,10,0
15.35,0.00357657555704216,-1,1,0.6,10,0
15.36,0.00347682463634862,-1,1,0.6,10,0
15.37,0.00337705980836114,-1,1,0.6,10,0
15.38,0.00327728147213894,-1,1,0.6,10,0
15.39,0.00317749002679523,-1,1,0.6,10,0
15.4,0.00307768587149566,-1,1,0.6,10,0
15.41,0.00297786940545668,-1,1,0.6,10,0
15.42,0.00287804102794407,-1,1,0.6,10,0
15.43,0.00277820113827117,-1,1,0.6,10,0
15.44,0.00267835013579744,-1,1,0.6,10,0
15.45,0.00257848841992671,-1,1,0.6,10,0
15.46,0.00247861639010574,-1,1,0.6,10,0
15.47,0.00237873444582254,-1,1,0.6,10,0
15.48,0.00227884298660473,-1,1,0.6,10,0
15.49,0.00217894241201799,-1,1,0.6,10,0
15.5,0.00207903312166452,-1,1,0.6,10,0
15.51,0.00197911551518132,-1,1,0.6,10,0
15.52,0.00187918999223873,-1,1,0.6,10,0
15.53,0.00177925695253864,-1,1,0.6,10,0
15.54,0.00167931679581312,-1,1,0.6,10,0
15.55,0.00157936992182267,-1,1,0.6,10,0
15.56,0.00147941673035465,-1,1,0.6,10,0
15.57,0.00137945762122165,-1,1,0.6,10,0
15.58,0.00127949299426003,-1,1,0.6,10,0
15.59,0.00117952324932811,-1,1,0.6,10,0
15.6,0.0010795487863048,-1,1,0.6,10,0
15.61,0.000979570005087754,-1,1,0.6,10,0
15.62,0.000879587305591995,-1,1,0.6,10,0
15.63,0.000779601087748209,-1,1,0.6,10,0
15.64,0.000679611751501111,-1,1,0.6,10,0
15.65,0.000579619696807892,-1,1,0.6,10,0
15.66,0.00047962532363668,-1,1,0.6,10,0
15.67,0.000379629031964791,-1,1,0.6,10,0
15.68,0.000279631221777302,-1,1,0.6,10,0
15.69,0.000179632293065299,-1,1,0.6,10,0
15.7,7.96326458243192e-05,-1,1,0.6,10,0
15.71,-2.03673199470935e-05,-1,1,0.6,10,0
15.72,-0.000120367204249254,-1,1,0.6,10,0
15.73,-0.000220366607082779,-1,1,0.6,10,0
15.74,-0.000320365128450148,-1,1,0.6,10,0
15.75,-0.000420362368357453,-1,1,0.6,10,0
15.76,-0.000520357926815823,-1,1,0.6,10,0
15.77,-0.000620351403843179,-1,1,0.6,10,0
15.78,-0.000720342399465791,-1,1,0.6,10,0
15.79,-0.000820330513719721,-1,1,0.6,10,0
15.8,-0.00092031534665269,-1,1,0.6,10,0
15.81,-0.00102029649832552,-1,1,0.6,10,0
15.82,-0.0011202735688137,-1,1,0.6,10,0
15.83,-0.00122024615820912,-1,1,0.6,10,0
15.84,-0.00132021386662151,-1,1,0.6,10,0
15.85,-0.00142017629418019,-1,1,0.6,10,0
15.86,-0.00152013304103563,-1,1,0.6,10,0
15.87,-0.0016200837073609,-1,1,0.6,10,0
15.88,-0.00172002789335349,-1,1,0.6,10,0
15.89,-0.00181996519923683,-1,1,0.6,10,0
15.9,-0.00191989522526177,-1,1,0.6,10,0
15.91,-0.00201981757170839,-1,1,0.6,10,0
15.92,-0.0021197318388874,-1,1,0.6,10,0
15.93,-0.00221963762714188,-1,1,0.6,10,0
15.94,-0.00231953453684883,-1,1,0.6,10,0
15.95,-0.00241942216842073,-1,1,0.6,10,0
15.96,-0.00251930012230716,-1,1,0.6,10,0
15.97,-0.00261916799899648,-1,1,0.6,10,0
15.98,-0.00271902539901727,-1,1,0.6,10,0
15.99,-0.00281887192294012,-1,1,0.6,10,0
16,-0.002918707171379,-1,1,0.6,10,0
16.01,-0.00301853074499312,-1,1,0.6,10,0
16.02,-0.00311834224448826,-1,1,0.6,10,0
16.03,-0.0032181412706186,-1,1,0.6,10,0
16.04,-0.00331792742418813,-1,1,0.6,10,0
16.05,-0.00341770030605241,-1,1,0.6,10,0
16.06,-0.00351745951711998,-1,1,0.6,10,0
16.07,-0.00361720465835423,-1,1,0.6,10,0
16.08,-0.00371693533077465,-1,1,0.6,10,0
16.09,-0.00381665113545866,-1,1,0.6,10,0
16.1,-0.00391635167354329,-1,1,0.6,10,0
16.11,-0.00401603654622637,-1,1,0.6,10,0
16.12,-0.00411570535476867,-1,1,0.6,10,0
16.13,-0.00421535770049502,-1,1,0.6,10,0
16.14,-0.0043149931847962,-1,1,0.6,10,0
16.15,-0.00441461140913038,-1,1,0.6,10,0
16.16,-0.00451421197502483,-1,1,0.6,10,0
16.17,-0.0046137944840774,-1,1,0.6,10,0
16.18,-0.00471335853795816,-1,1,0.6,10,0
16.19,-0.00481290373841108,-1,1,0.6,10,0
16.2,-0.00491242968725543,-1,1,0.6,10,0
16.21,-0.00501193598638762,-1,1,0.6,10,0
16.22,-0.00511142223778249,-1,1,0.6,10,0
16.23,-0.00521088804349529,-1,1,0.6,10,0
16.24,-0.00531033300566285,-1,1,0.6,10,0
16.25,-0.00540975672650542,-1,1,0.6,10,0
16.26,-0.00550915880832836,-1,1,0.6,10,0
16.27,-0.00560853885352335,-1,1,0.6,10,0
16.28,-0.00570789646457045,-1,1,0.6,10,0
16.29,-0.00580723124403927,-1,1,0.6,10,0
16.3,-0.00590654279459089,-1,1,0.6,10,0
16.31,-0.00600583071897918,-1,1,0.6,10,0
16.32,-0.00610509462005263,-1,1,0.6,10,0
16.33,-0.00620433410075573,-1,1,0.6,10,0
16.34,-0.00630354876413068,-1,1,0.6,10,0
16.35,-0.00640273821331901,-1,1,0.6,10,0
16.36,-0.00650190205156299,-1,1,0.6,10,0
16.37,-0.00660103988220746,-1,1,0.6,10,0
16.38,-0.00670015130870116,-1,1,0.6,10,0
16.39,-0.00679923593459862,-1,1,0.6,10,0
16.4,-0.00689829336356134,-1,1,0.6,10,0
16.41,-0.00699732319935985,-1,1,0.6,10,0
16.42,-0.00709632504587492,-1,1,0.6,10,0
16.43,-0.0071952985070992,-1,1,0.6,10,0
16.44,-0.00729424318713908,-1,1,0.6,10,0
16.45,-0.00739315869021593,-1,1,0.6,10,0
16.46,-0.00749204462066789,-1,1,0.6,10,0
16.47,-0.00759090058295133,-1,1,0.6,10,0
16.48,-0.00768972618164259,-1,1,0.6,10,0
16.49,-0.00778852102143937,-1,1,0.6,10,0
16.5,-0.00788728470716243,-1,1,0.6,10,0
16.51,-0.0079860168437572,-1,1,0.6,10,0
16.52,-0.00808471703629522,-1,1,0.6,10,0
16.53,-0.0081833848899759,-1,1,0.6,10,0
16.54,-0.00828202001012789,-1,1,0.6,10,0
16.55,-0.00838062200221094,-1,1,0.6,10,0
16.56,-0.00847919047181709,-1,1,0.6,10,0
16.57,-0.0085777250246727,-1,1,0.6,10,0
16.58,-0.00867622526663968,-1,1,0.6,10,0
16.59,-0.00877469080371709,-1,1,0.6,10,0
16.6,-0.00887312124204303,-1,1,0.6,10,0
16.61,-0.00897151618789581,-1,1,0.6,10,0
16.62,-0.00906987524769582,-1,1,0.6,10,0
16.63,-0.00916819802800692,-1,1,0.6,10,0
16.64,-0.00926648413553814,-1,1,0.6,10,0
16.65,-0.00936473317714516,-1,1,0.6,10,0
16.66,-0.00946294475983198,-1,1,0.6,10,0
16.67,-0.00956111849075237,-1,1,0.6,10,0
16.68,-0.00965925397721153,-1,1,0.6,10,0
16.69,-0.00975735082666768,-1,1,0.6,10,0
16.7,-0.00985540864673349,-1,1,0.6,10,0
16.71,-0.00995342704517792,-1,1,0.6,10,0
16.72,-0.0100514056299274,-1,1,0.6,10,0
16.73,-0.0101493440090678,-1,1,0.6,10,0
16.74,-0.0102472417908457,-1,1,0.6,10,0
16.75,-0.01034509858367,-1,1,0.6,10,0
16.76,-0.0104429139961138,-1,1,0.6,10,0
16.77,-0.0105406876369156,-1,1,0.6,10,0
16.78,-0.0106384191149809,-1,1,0.6,10,0
16.79,-0.0107361080393838,-1,1,0.6,10,0
16.8,-0.010833754019369,-1,1,0.6,10,0
16.81,-0.0109313566643525,-1,1,0.6,10,0
16.82,-0.011028915583924,-1,1,0.6,10,0
16.83,-0.0111264303878478,-1,1,0.6,10,0
16.84,-0.0112239006860649,-1,1,0.6,10,0
16.85,-0.0113213260886942,-1,1,0.6,10,0
16.86,-0.0114187062060342,-1,1,0.6,10,0
16.87,-0.0115160406485647,-1,1,0.6,10,0
16.88,-0.0116133290269479,-1,1,0.6,10,0
16.89,-0.0117105709520305,-1,1,0.6,10,0
16.9,-0.0118077660348449,-1,1,0.6,10,0
16.91,-0.0119049138866109,-1,1,0.6,10,0
16.92,-0.0120020141187372,-1,1,0.6,10,0
16.93,-0.012099066342823,-1,1,0.6,10,0
16.94,-0.0121960701706597,-1,1,0.6,10,0
16.95,-0.0122930252142319,-1,1,0.6,10,0
16.96,-0.0123899310857196,-1,1,0.6,10,0
16.97,-0.0124867873974995,-1,1,0.6,10,0
16.98,-0.0125835937621465,-1,1,0.6,10,0
16.99,-0.0126803497924352,-1,1,0.6,10,0
17,-0.0127770551013416,-1,1,0.6,10,0
17.01,-0.0128737093020447,-1,1,0.6,10,0
17.02,-0.0129703120079276,-1,1,0.6,10,0
17.03,-0.01306686283258,-1,1,0.6,10,0
17.04,-0.0131633613897983,-1,1,0.6,10,0
17.05,-0.0132598072935887,-1,1,0.6,10,0
17.06,-0.0133562001581675,-1,1,0.6,10,0
17.07,-0.0134525395979636,-1,1,0.6,10,0
17.08,-0.0135488252276192,-1,1,0.6,10,0
17.09,-0.0136450566619919,-1,1,0.6,10,0
17.1,-0.0137412335161562,-1,1,0.6,10,0
17.11,-0.0138373554054048,-1,1,0.6,10,0
17.12,-0.0139334219452501,-1,1,0.6,10,0
17.13,-0.0140294327514263,-1,1,0.6,10,0
17.14,-0.0141253874398902,-1,1,0.6,10,0
17.15,-0.0142212856268231,-1,1,0.6,10,0
17.16,-0.0143171269286325,-1,1,0.6,10,0
17.17,-0.0144129109619533,-1,1,0.6,10,0
17.18,-0.0145086373436494,-1,1,0.6,10,0
17.19,-0.0146043056908156,-1,1,0.6,10,0
17.2,-0.0146999156207784,-1,1,0.6,10,0
17.21,-0.0147954667510983,-1,1,0.6,10,0
17.22,-0.014890958699571,-1,1,0.6,10,0
17.23,-0.0149863910842287,-1,1,0.6,10,0
17.24,-0.0150817635233421,-1,1,0.6,10,0
17.25,-0.0151770756354215,-1,1,0.6,10,0
17.26,-0.0152723270392186,-1,1,0.6,10,0
17.27,-0.0153675173537278,-1,1,0.6,10,0
17.28,-0.0154626461981882,-1,1,0.6,10,0
17.29,-0.0155577131920844,-1,1,0.6,10,0
17.3,-0.0156527179551485,-1,1,0.6,10,0
17.31,-0.0157476601073617,-1,1,0.6,10,0
17.32,-0.0158425392689555,-1,1,0.6,10,0
17.33,-0.0159373550604133,-1,1,0.6,10,0
17.34,-0.0160321071024721,-1,1,0.6,10,0
17.35,-0.016126795016124,-1,1,0.6,10,0
17.36,-0.0162214184226172,-1,1,0.6,10,0
17.37,-0.0163159769434584,-1,1,0.6,10,0
17.38,-0.0164104702004135,-1,1,0.6,10,0
17.39,-0.0165048978155097,-1,1,0.6,10,0
17.4,-0.0165992594110367,-1,1,0.6,10,0
17.41,-0.0166935546095482,-1,1,0.6,10,0
17.42,-0.0167877830338635,-1,1,0.6,10,0
17.43,-0.016881944307069,-1,1,0.6,10,0
17.44,-0.0169760380525198,-1,1,0.6,10,0
17.45,-0.017070063893841,-1,1,0.6,10,0
17.46,-0.0171640214549295,-1,1,0.6,10,0
17.47,-0.0172579103599549,-1,1,0.6,10,0
17.48,-0.017351730233362,-1,1,0.6,10,0
17.49,-0.0174454806998713,-1,1,0.6,10,0
17.5,-0.017539161384481,-1,1,0.6,10,0
17.51,-0.0176327719124686,-1,1,0.6,10,0
17.52,-0.017726311909392,-1,1,0.6,10,0
17.53,-0.0178197810010914,-1,1,0.6,10,0
17.54,-0.0179131788136906,-1,1,0.6,10,0
17.55,-0.0180065049735984,-1,1,0.6,10,0
17.56,-0.0180997591075103,-1,1,0.6,10,0
17.57,-0.01819294084241,-1,1,0.6,10,0
17.58,-0.0182860498055705,-1,1,0.6,10,0
17.59,-0.0183790856245562,-1,1,0.6,10,0
17.6,-0.0184720479272239,-1,1,0.6,10,0
17.61,-0.0185649363417245,-1,1,0.6,10,0
17.62,-0.0186577504965045,-1,1,0.6,10,0
17.63,-0.0187504900203073,-1,1,0.6,10,0
17.64,-0.0188431545421752,-1,1,0.6,10,0
17.65,-0.0189357436914499,-1,1,0.6,10,0
17.66,-0.0190282570977751,-1,1,0.6,10,0
17.67,-0.0191206943910974,-1,1,0.6,10,0
17.68,-0.0192130552016675,-1,1,0.6,10,0
17.69,-0.0193053391600425,-1,1,0.6,10,0
17.7,-0.0193975458970865,-1,1,0.6,10,0
17.71,-0.0194896750439729,-1,1,0.6,10,0
17.72,-0.019581726232185,-1,1,0.6,10,0
17.73,-0.0196736990935183,-1,1,0.6,10,0
17.74,-0.0197655932600815,-1,1,0.6,10,0
17.75,-0.019857408364298,-1,1,0.6,10,0
17.76,-0.0199491440389075,-1,1,0.6,10,0
17.77,-0.0200407999169675,-1,1,0.6,10,0
17.78,-0.0201323756318545,-1,1,0.6,10,0
17.79,-0.0202238708172658,-1,1,0.6,10,0
17.8,-0.0203152851072209,-1,1,0.6,10,0
17.81,-0.0204066181360625,-1,1,0.6,10,0
17.82,-0.0204978695384589,-1,1,0.6,10,0
17.83,-0.0205890389494044,-1,1,0.6,10,0
17.84,-0.0206801260042216,-1,1,0.6,10,0
17.85,-0.0207711303385623,-1,1,0.6,10,0
17.86,-0.0208620515884094,-1,1,0.6,10,0
17.87,-0.0209528893900779,-1,1,0.6,10,0
17.88,-0.0210436433802168,-1,1,0.6,10,0
17.89,-0.0211343131958103,-1,1,0.6,10,0
17.9,-0.0212248984741791,-1,1,0.6,10,0
17.91,-0.0213153988529824,-1,1,0.6,10,0
17.92,-0.0214058139702187,-1,1,0.6,10,0
17.93,-0.0214961434642276,-1,1,0.6,10,0
17.94,-0.0215863869736913,-1,1,0.6,10,0
17.95,-0.0216765441376359,-1,1,0.6,10,0
17.96,-0.0217666145954329,-1,1,0.6,10,0
17.97,-0.0218565979868005,-1,1,0.6,10,0
17.98,-0.0219464939518053,-1,1,0.6,10,0
17.99,-0.0220363021308635,-1,1,0.6,10,0
18,-0.0221260221647426,-1,1,0.6,10,0
18.01,-0.0222156536945626,-1,1,0.6,10,0
18.02,-0.0223051963617974,-1,1,0.6,10,0
18.03,-0.0223946498082765,-1,1,0.6,10,0
18.04,-0.0224840136761862,-1,1,0.6,10,0
18.05,-0.0225732876080712,-1,1,0.6,10,0
18.06,-0.0226624712468358,-1,1,0.6,10,0
18.07,-0.0227515642357457,-1,1,0.6,10,0
18.08,-0.022840566218429,-1,1,0.6,10,0
18.09,-0.0229294768388778,-1,1,0.6,10,0
18.1,-0.0230182957414499,-1,1,0.6,10,0
18.11,-0.0231070225708697,-1,1,0.6,10,0
18.12,-0.0231956569722301,-1,1,0.6,10,0
18.13,-0.0232841985909934,-1,1,0.6,10,0
18.14,-0.0233726470729935,-1,1,0.6,10,0
18.15,-0.0234610020644364,-1,1,0.6,10,0
18.16,-0.0235492632119023,-1,1,0.6,10,0
18.17,-0.0236374301623468,-1,1,0.6,10,0
18.18,-0.0237255025631022,-1,1,0.6,10,0
18.19,-0.0238134800618789,-1,1,0.6,10,0
18.2,-0.0239013623067671,-1,1,0.6,10,0
18.21,-0.023989148946238,-1,1,0.6,10,0
18.22,-0.0240768396291451,-1,1,0.6,10,0
18.23,-0.0241644340047258,-1,1,0.6,10,0
18.24,-0.0242519317226027,-1,1,0.6,10,0
18.25,-0.024339332432785,-1,1,0.6,10,0
18.26,-0.02442663578567,-1,1,0.6,10,0
18.27,-0.0245138414320445,-1,1,0.6,10,0
18.28,-0.0246009490230859,-1,1,0.6,10,0
18.29,-0.024687958210364,-1,1,0.6,10,0
18.3,-0.0247748686458422,-1,1,0.6,10,0
18.31,-0.0248616799818789,-1,1,0.6,10,0
18.32,-0.0249483918712288,-1,1,0.6,10,0
18.33,-0.0250350039670445,-1,1,0.6,10,0
18.34,-0.0251215159228776,-1,1,0.6,10,0
18.35,-0.0252079273926806,-1,1,0.6,10,0
18.36,-0.0252942380308076,-1,1,0.6,10,0
18.37,-0.0253804474920162,-1,1,0.6,10,0
18.38,-0.0254665554314687,-1,1,0.6,10,0
18.39,-0.0255525615047334,-1,1,0.6,10,0
18.4,-0.0256384653677862,-1,1,0.6,10,0
18.41,-0.0257242666770117,-1,1,0.6,10,0
18.42,-0.0258099650892048,-1,1,0.6,10,0
18.43,-0.0258955602615719,-1,1,0.6,10,0
18.44,-0.0259810518517325,-1,1,0.6,10,0
18.45,-0.0260664395177203,-1,1,0.6,10,0
18.46,-0.0261517229179849,-1,1,0.6,10,0
18.47,-0.0262369017113926,-1,1,0.6,10,0
18.48,-0.0263219755572285,-1,1,0.6,10,0
18.49,-0.0264069441151972,-1,1,0.6,10,0
18.5,-0.0264918070454247,-1,1,0.6,10,0
18.51,-0.0265765640084593,-1,1,0.6,10,0
18.52,-0.0266612146652733,-1,1,0.6,10,0
18.53,-0.0267457586772642,-1,1,0.6,10,0
18.54,-0.0268301957062561,-1,1,0.6,10,0
18.55,-0.0269145254145009,-1,1,0.6,10,0
18.56,-0.0269987474646799,-1,1,0.6,10,0
18.57,-0.0270828615199051,-1,1,0.6,10,0
18.58,-0.0271668672437203,-1,1,0.6,10,0
18.59,-0.0272507643001028,-1,1,0.6,10,0
18.6,-0.0273345523534644,-1,1,0.6,10,0
18.61,-0.027418231068653,-1,1,0.6,10,0
18.62,-0.0275018001109539,-1,1,0.6,10,0
18.63,-0.027585259146091,-1,1,0.6,10,0
18.64,-0.0276686078402283,-1,1,0.6,10,0
18.65,-0.0277518458599712,-1,1,0.6,10,0
18.66,-0.0278349728723676,-1,1,0.6,10,0
18.67,-0.0279179885449097,-1,1,0.6,10,0
18.68,-0.0280008925455348,-1,1,0.6,10,0
18.69,-0.028083684542627,-1,1,0.6,10,0
18.7,-0.0281663642050185,-1,1,0.6,10,0
18.71,-0.0282489312019908,-1,1,0.6,10,0
18.72,-0.0283313852032758,-1,1,0.6,10,0
18.73,-0.0284137258790579,-1,1,0.6,10,0
18.74,-0.0284959528999744,-1,1,0.6,10,0
18.75,-0.0285780659371172,-1,1,0.6,10,0
18.76,-0.0286600646620344,-1,1,0.6,10,0
18.77,-0.0287419487467311,-1,1,0.6,10,0
18.78,-0.0288237178636712,-1,1,0.6,10,0
18.79,-0.0289053716857783,-1,1,0.6,10,0
18.8,-0.0289869098864372,-1,1,0.6,10,0
18.81,-0.0290683321394951,-1,1,0.6,10,0
18.82,-0.0291496381192633,-1,1,0.6,10,0
18.83,-0.0292308275005179,-1,1,0.6,10,0
18.84,-0.0293118999585014,-1,1,0.6,10,0
18.85,-0.0293928551689242,-1,1,0.6,10,0
18.86,-0.0294736928079654,-1,1,0.6,10,0
18.87,-0.0295544125522748,-1,1,0.6,10,0
18.88,-0.0296350140789733,-1,1,0.6,10,0
18.89,-0.0297154970656551,-1,1,0.6,10,0
18.9,-0.0297958611903882,-1,1,0.6,10,0
18.91,-0.0298761061317163,-1,1,0.6,10,0
18.92,-0.0299562315686597,-1,1,0.6,10,0
18.93,-0.0300362371807167,-1,1,0.6,10,0
18.94,-0.0301161226478651,-1,1,0.6,10,0
18.95,-0.030195887650563,-1,1,0.6,10,0
18.96,-0.0302755318697506,-1,1,0.6,10,0
18.97,-0.0303550549868511,-1,1,0.6,10,0
18.98,-0.0304344566837721,-1,1,0.6,10,0
18.99,-0.030513736642907,-1,1,0.6,10,0
19,-0.030592894547136,-1,1,0.6,10,0
19.01,-0.0306719300798275,-1,1,0.6,10,0
19.02,-0.0307508429248397,-1,1,0.6,10,0
19.03,-0.0308296327665211,-1,1,0.6,10,0
19.04,-0.0309082992897126,-1,1,0.6,10,0
19.05,-0.0309868421797482,-1,1,0.6,10,0
19.06,-0.0310652611224563,-1,1,0.6,10,0
19.07,-0.0311435558041614,-1,1,0.6,10,0
19.08,-0.0312217259116848,-1,1,0.6,10,0
19.09,-0.0312997711323461,-1,1,0.6,10,0
19.1,-0.0313776911539647,-1,1,0.6,10,0
19.11,-0.0314554856648605,-1,1,0.6,10,0
19.12,-0.0315331543538555,-1,1,0.6,10,0
19.13,-0.0316106969102752,-1,1,0.6,10,0
19.14,-0.0316881130239494,-1,1,0.6,10,0
19.15,-0.0317654023852138,-1,1,0.6,10,0
19.16,-0.031842564684911,-1,1,0.6,10,0
19.17,-0.0319195996143919,-1,1,0.6,10,0
19.18,-0.0319965068655168,-1,1,0.6,10,0
19.19,-0.032073286130657,-1,1,0.6,10,0
19.2,-0.0321499371026954,-1,1,0.6,10,0
19.21,-0.0322264594750284,-1,1,0.6,10,0
19.22,-0.0323028529415663,-1,1,0.6,10,0
19.23,-0.0323791171967356,-1,1,0.6,10,0
19.24,-0.0324552519354792,-1,1,0.6,10,0
19.25,-0.0325312568532584,-1,1,0.6,10,0
19.26,-0.0326071316460535,-1,1,0.6,10,0
19.27,-0.0326828760103655,-1,1,0.6,10,0
19.28,-0.0327584896432171,-1,1,0.6,10,0
19.29,-0.0328339722421538,-1,1,0.6,10,0
19.3,-0.0329093235052453,-1,1,0.6,10,0
19.31,-0.0329845431310866,-1,1,0.6,10,0
19.32,-0.0330596308187994,-1,1,0.6,10,0
19.33,-0.033134586268033,-1,1,0.6,10,0
19.34,-0.0332094091789657,-1,1,0.6,10,0
19.35,-0.033284099252306,-1,1,0.6,10,0
19.36,-0.0333586561892936,-1,1,0.6,10,0
19.37,-0.033433079691701,-1,1,0.6,10,0
19.38,-0.0335073694618341,-1,1,0.6,10,0
19.39,-0.0335815252025341,-1,1,0.6,10,0
19.4,-0.0336555466171781,-1,1,0.6,10,0
19.41,-0.0337294334096805,-1,1,0.6,10,0
19.42,-0.0338031852844942,-1,1,0.6,10,0
19.43,-0.0338768019466118,-1,1,0.6,10,0
19.44,-0.0339502831015668,-1,1,0.6,10,0
19.45,-0.0340236284554347,-1,1,0.6,10,0
19.46,-0.0340968377148341,-1,1,0.6,10,0
19.47,-0.0341699105869281,-1,1,0.6,10,0
19.48,-0.0342428467794254,-1,1,0.6,10,0
19.49,-0.0343156460005812,-1,1,0.6,10,0
19.5,-0.0343883079591987,-1,1,0.6,10,0
19.51,-0.0344608323646303,-1,1,0.6,10,0
19.52,-0.0345332189267783,-1,1,0.6,10,0
19.53,-0.0346054673560967,-1,1,0.6,10,0
19.54,-0.0346775773635917,-1,1,0.6,10,0
19.55,-0.0347495486608236,-1,1,0.6,10,0
19.56,-0.0348213809599072,-1,1,0.6,10,0
19.57,-0.0348930739735133,-1,1,0.6,10,0
19.58,-0.0349646274148701,-1,1,0.6,10,0
19.59,-0.0350360409977638,-1,1,0.6,10,0
19.6,-0.0351073144365403,-1,1,0.6,10,0
19.61,-0.0351784474461058,-1,1,0.6,10,0
19.62,-0.0352494397419285,-1,1,0.6,10,0
19.63,-0.0353202910400391,-1,1,0.6,10,0
19.64,-0.0353910010570327,-1,1,0.6,10,0
19.65,-0.0354615695100693,-1,1,0.6,10,0
19.66,-0.0355319961168751,-1,1,0.6,10,0
19.67,-0.0356022805957439,-1,1,0.6,10,0
19.68,-0.0356724226655376,-1,1,0.6,10,0
19.69,-0.0357424220456884,-1,1,0.6,10,0
19.7,-0.0358122784561985,-1,1,0.6,10,0
19.71,-0.0358819916176426,-1,1,0.6,10,0
19.72,-0.0359515612511681,-1,1,0.6,10,0
19.73,-0.0360209870784965,-1,1,0.6,10,0
19.74,-0.0360902688219247,-1,1,0.6,10,0
19.75,-0.0361594062043256,-1,1,0.6,10,0
19.76,-0.03622839894915,-1,1,0.6,10,0
19.77,-0.0362972467804268,-1,1,0.6,10,0
19.78,-0.036365949422765,-1,1,0.6,10,0
19.79,-0.0364345066013539,-1,1,0.6,10,0
19.8,-0.036502918041965,-1,1,0.6,10,0
19.81,-0.0365711834709526,-1,1,0.6,10,0
19.82,-0.0366393026152551,-1,1,0.6,10,0
19.83,-0.036707275202396,-1,1,0.6,10,0
19.84,-0.036775100960485,-1,1,0.6,10,0
19.85,-0.0368427796182192,-1,1,0.6,10,0
19.86,-0.036910310904884,-1,1,0.6,10,0
19.87,-0.0369776945503545,-1,1,0.6,10,0
19.88,-0.037044930285096,-1,1,0.6,10,0
19.89,-0.0371120178401658,-1,1,0.6,10,0
19.9,-0.0371789569472137,-1,1,0.6,10,0
19.91,-0.0372457473384834,-1,1,0.6,10,0
19.92,-0.0373123887468135,-1,1,0.6,10,0
19.93,-0.0373788809056382,-1,1,0.6,10,0
19.94,-0.0374452235489892,-1,1,0.6,10,0
19.95,-0.0375114164114959,-1,1,0.6,10,0
19.96,-0.0375774592283871,-1,1,0.6,10,0
19.97,-0.0376433517354913,-1,1,0.6,10,0
19.98,-0.0377090936692389,-1,1,0.6,10,0
19.99,-0.037774684766662,-1,1,0.6,10,0
20,-0.0378401247653964,-1,1,0.6,10,0
20.01,-0.0379054134036823,-1,1,0.6,10,0
20.02,-0.037970550420365,-1,1,0.6,10,0
20.03,-0.0380355355548967,-1,1,0.6,10,0
20.04,-0.0381003685473369,-1,1,0.6,10,0
20.05,-0.0381650491383537,-1,1,0.6,10,0
20.06,-0.0382295770692248,-1,1,0.6,10,0
20.07,-0.0382939520818387,-1,1,0.6,10,0
20.08,-0.0383581739186952,-1,1,0.6,10,0
20.09,-0.0384222423229072,-1,1,0.6,10,0
20.1,-0.0384861570382012,-1,1,0.6,10,0
20.11,-0.0385499178089183,-1,1,0.6,10,0
20.12,-0.0386135243800156,-1,1,0.6,10,0
20.13,-0.0386769764970669,-1,1,0.6,10,0
20.14,-0.0387402739062638,-1,1,0.6,10,0
20.15,-0.0388034163544166,-1,1,0.6,10,0
20.16,-0.0388664035889558,-1,1,0.6,10,0
20.17,-0.0389292353579325,-1,1,0.6,10,0
20.18,-0.0389919114100196,-1,1,0.6,10,0
20.19,-0.0390544314945131,-1,1,0.6,10,0
20.2,-0.0391167953613326,-1,1,0.6,10,0
20.21,-0.0391790027610229,-1,1,0.6,10,0
20.22,-0.0392410534447544,-1,1,0.6,10,0
20.23,-0.0393029471643244,-1,1,0.6,10,0
20.24,-0.0393646836721582,-1,1,0.6,10,0
20.25,-0.0394262627213098,-1,1,0.6,10,0
20.26,-0.039487684065463,-1,1,0.6,10,0
20.27,-0.0395489474589326,-1,1,0.6,10,0
20.28,-0.0396100526566652,-1,1,0.6,10,0
20.29,-0.0396709994142399,-1,1,0.6,10,0
20.3,-0.0397317874878699,-1,1,0.6,10,0
20.31,-0.0397924166344028,-1,1,0.6,10,0
20.32,-0.0398528866113223,-1,1,0.6,10,0
20.33,-0.0399131971767486,-1,1,0.6,10,0
20.34,-0.0399733480894393,-1,1,0.6,10,0
20.35,-0.0400333391087909,-1,1,0.6,10,0
20.36,-0.0400931699948395,-1,1,0.6,10,0
20.37,-0.0401528405082615,-1,1,0.6,10,0
20.38,-0.0402123504103751,-1,1,0.6,10,0
20.39,-0.0402716994631407,-1,1,0.6,10,0
20.4,-0.0403308874291621,-1,1,0.6,10,0
20.41,-0.0403899140716875,-1,1,0.6,10,0
20.42,-0.0404487791546105,-1,1,0.6,10,0
20.43,-0.0405074824424708,-1,1,0.6,10,0
20.44,-0.0405660237004554,-1,1,0.6,10,0
20.45,-0.0406244026943992,-1,1,0.6,10,0
20.46,-0.0406826191907865,-1,1,0.6,10,0
20.47,-0.0407406729567512,-1,1,0.6,10,0
20.48,-0.0407985637600784,-1,1,0.6,10,0
20.49,-0.040856291369205,-1,1,0.6,10,0
20.5,-0.0409138555532205,-1,1,0.6,10,0
20.51,-0.0409712560818684,-1,1,0.6,10,0
20.52,-0.0410284927255467,-1,1,0.6,10,0
20.53,-0.0410855652553087,-1,1,0.6,10,0
20.54,-0.0411424734428644,-1,1,0.6,10,0
20.55,-0.0411992170605813,-1,1,0.6,10,0
20.56,-0.0412557958814848,-1,1,0.6,10,0
20.57,-0.0413122096792599,-1,1,0.6,10,0
20.58,-0.0413684582282513,-1,1,0.6,10,0
20.59,-0.0414245413034649,-1,1,0.6,10,0
20.6,-0.0414804586805685,-1,1,0.6,10,0
20.61,-0.0415362101358928,-1,1,0.6,10,0
20.62,-0.0415917954464319,-1,1,0.6,10,0
20.63,-0.0416472143898446,-1,1,0.6,10,0
20.64,-0.0417024667444553,-1,1,0.6,10,0
20.65,-0.0417575522892547,-1,1,0.6,10,0
20.66,-0.0418124708039006,-1,1,0.6,10,0
20.67,-0.041867222068719,-1,1,0.6,10,0
20.68,-0.0419218058647049,-1,1,0.6,10,0
20.69,-0.0419762219735233,-1,1,0.6,10,0
20.7,-0.0420304701775097,-1,1,0.6,10,0
20.71,-0.0420845502596715,-1,1,0.6,10,0
20.72,-0.0421384620036884,-1,1,0.6,10,0
20.73,-0.0421922051939134,-1,1,0.6,10,0
20.74,-0.042245779615374,-1,1,0.6,10,0
20.75,-0.0422991850537723,-1,1,0.6,10,0
20.76,-0.0423524212954869,-1,1,0.6,10,0
20.77,-0.0424054881275727,-1,1,0.6,10,0
20.78,-0.0424583853377626,-1,1,0.6,10,0
20.79,-0.0425111127144678,-1,1,0.6,10,0
20.8,-0.0425636700467787,-1,1,0.6,10,0
20.81,-0.0426160571244663,-1,1,0.6,10,0
20.82,-0.0426682737379821,-1,1,0.6,10,0
20.83,-0.0427203196784599,-1,1,0.6,10,0
20.84,-0.0427721947377159,-1,1,0.6,10,0
20.85,-0.0428238987082501,-1,1,0.6,10,0
20.86,-0.0428754313832464,-1,1,0.6,10,0
20.87,-0.0429267925565745,-1,1,0.6,10,0
20.88,-0.0429779820227895,-1,1,0.6,10,0
20.89,-0.0430289995771337,-1,1,0.6,10,0
20.9,-0.043079845015537,-1,1,0.6,10,0
20.91,-0.0431305181346177,-1,1,0.6,10,0
20.92,-0.0431810187316834,-1,1,0.6,10,0
20.93,-0.0432313466047317,-1,1,0.6,10,0
20.94,-0.0432815015524512,-1,1,0.6,10,0
20.95,-0.0433314833742222,-1,1,0.6,10,0
20.96,-0.0433812918701175,-1,1,0.6,10,0
20.97,-0.0434309268409032,-1,1,0.6,10,0
20.98,-0.0434803880880394,-1,1,0.6,10,0
20.99,-0.0435296754136812,-1,1,0.6,10,0
21,-0.0435787886206794,-1,1,0.6,10,0
21.01,-0.0436277275125813,-1,1,0.6,10,0
21.02,-0.0436764918936312,-1,1,0.6,10,0
21.03,-0.0437250815687718,-1,1,0.6,10,0
21.04,-0.0437734963436444,-1,1,0.6,10,0
21.05,-0.0438217360245901,-1,1,0.6,10,0
21.06,-0.04386980041865,-1,1,0.6,10,0
21.07,-0.0439176893335668,-1,1,0.6,10,0
21.08,-0.0439654025777848,-1,1,0.6,10,0
21.09,-0.0440129399604511,-1,1,0.6,10,0
21.1,-0.0440603012914163,-1,1,0.6,10,0
21.11,-0.044107486381235,-1,1,0.6,10,0
21.12,-0.044154495041167,-1,1,0.6,10,0
21.13,-0.0442013270831778,-1,1,0.6,10,0
21.14,-0.0442479823199391,-1,1,0.6,10,0
21.15,-0.0442944605648301,-1,1,0.6,10,0
21.16,-0.044340761631938,-1,1,0.6,10,0
21.17,-0.0443868853360584,-1,1,0.6,10,0
21.18,-0.0444328314926967,-1,1,0.6,10,0
21.19,-0.0444785999180682,-1,1,0.6,10,0
21.2,-0.0445241904290994,-1,1,0.6,10,0
21.21,-0.0445696028434283,-1,1,0.6,10,0
21.22,-0.0446148369794051,-1,1,0.6,10,0
21.23,-0.0446598926560936,-1,1,0.6,10,0
21.24,-0.044704769693271,-1,1,0.6,10,0
21.25,-0.0447494679114292,-1,1,0.6,10,0
21.26,-0.0447939871317754,-1,1,0.6,10,0
21.27,-0.0448383271762328,-1,1,0.6,10,0
21.28,-0.0448824878674413,-1,1,0.6,10,0
21.29,-0.0449264690287582,-1,1,0.6,10,0
21.3,-0.0449702704842589,-1,1,0.6,10,0
21.31,-0.0450138920587376,-1,1,0.6,10,0
21.32,-0.0450573335777081,-1,1,0.6,10,0
21.33,-0.0451005948674043,-1,1,0.6,10,0
21.34,-0.0451436757547812,-1,1,0.6,10,0
21.35,-0.0451865760675153,-1,1,0.6,10,0
21.36,-0.0452292956340053,-1,1,0.6,10,0
21.37,-0.0452718342833732,-1,1,0.6,10,0
21.38,-0.0453141918454642,-1,1,0.6,10,0
21.39,-0.0453563681508483,-1,1,0.6,10,0
21.4,-0.0453983630308203,-1,1,0.6,10,0
21.41,-0.0454401763174006,-1,1,0.6,10,0
21.42,-0.0454818078433363,-1,1,0.6,10,0
21.43,-0.0455232574421013,-1,1,0.6,10,0
21.44,-0.0455645249478972,-1,1,0.6,10,0
21.45,-0.045605610195654,-1,1,0.6,10,0
21.46,-0.0456465130210309,-1,1,0.6,10,0
21.47,-0.0456872332604165,-1,1,0.6,10,0
21.48,-0.0457277707509301,-1,1,0.6,10,0
21.49,-0.0457681253304216,-1,1,0.6,10,0
21.5,-0.0458082968374727,-1,1,0.6,10,0
21.51,-0.0458482851113977,-1,1,0.6,10,0
21.52,-0.0458880899922433,-1,1,0.6,10,0
21.53,-0.0459277113207901,-1,1,0.6,10,0
21.54,-0.0459671489385529,-1,1,0.6,10,0
21.55,-0.0460064026877812,-1,1,0.6,10,0
21.56,-0.0460454724114601,-1,1,0.6,10,0
21.57,-0.0460843579533107,-1,1,0.6,10,0
21.58,-0.046123059157791,-1,1,0.6,10,0
21.59,-0.0461615758700962,-1,1,0.6,10,0
21.6,-0.0461999079361594,-1,1,0.6,10,0
21.61,-0.0462380552026525,-1,1,0.6,10,0
21.62,-0.0462760175169864,-1,1,0.6,10,0
21.63,-0.0463137947273119,-1,1,0.6,10,0
21.64,-0.0463513866825203,-1,1,0.6,10,0
21.65,-0.0463887932322438,-1,1,0.6,10,0
21.66,-0.0464260142268562,-1,1,0.6,10,0
21.67,-0.0464630495174735,-1,1,0.6,10,0
21.68,-0.0464998989559548,-1,1,0.6,10,0
21.69,-0.0465365623949022,-1,1,0.6,10,0
21.7,-0.0465730396876621,-1,1,0.6,10,0
21.71,-0.0466093306883254,-1,1,0.6,10,0
21.72,-0.046645435251728,-1,1,0.6,10,0
21.73,-0.0466813532334519,-1,1,0.6,10,0
21.74,-0.046717084489825,-1,1,0.6,10,0
21.75,-0.0467526288779225,-1,1,0.6,10,0
21.76,-0.0467879862555668,-1,1,0.6,10,0
21.77,-0.0468231564813284,-1,1,0.6,10,0
21.78,-0.0468581394145266,-1,1,0.6,10,0
21.79,-0.0468929349152295,-1,1,0.6,10,0
21.8,-0.0469275428442554,-1,1,0.6,10,0
21.81,-0.0469619630631724,-1,1,0.6,10,0
21.82,-0.0469961954342998,-1,1,0.6,10,0
21.83,-0.0470302398207082,-1,1,0.6,10,0
21.84,-0.0470640960862199,-1,1,0.6,10,0
21.85,-0.0470977640954101,-1,1,0.6,10,0
21.86,-0.0471312437136066,-1,1,0.6,10,0
21.87,-0.0471645348068912,-1,1,0.6,10,0
21.88,-0.0471976372420994,-1,1,0.6,10,0
21.89,-0.0472305508868216,-1,1,0.6,10,0
21.9,-0.0472632756094032,-1,1,0.6,10,0
21.91,-0.0472958112789454,-1,1,0.6,10,0
21.92,-0.0473281577653055,-1,1,0.6,10,0
21.93,-0.0473603149390977,-1,1,0.6,10,0
21.94,-0.0473922826716932,-1,1,0.6,10,0
21.95,-0.0474240608352213,-1,1,0.6,10,0
21.96,-0.0474556493025692,-1,1,0.6,10,0
21.97,-0.0474870479473833,-1,1,0.6,10,0
21.98,-0.0475182566440688,-1,1,0.6,10,0
21.99,-0.0475492752677912,-1,1,0.6,10,0
22,-0.0475801036944758,-1,1,0.6,10,0
22.01,-0.0476107418008091,-1,1,0.6,10,0
22.02,-0.0476411894642387,-1,1,0.6,10,0
22.03,-0.047671446562974,-1,1,0.6,10,0
22.04,-0.0477015129759866,-1,1,0.6,10,0
22.05,-0.0477313885830108,-1,1,0.6,10,0
22.06,-0.0477610732645444,-1,1,0.6,10,0
22.07,-0.0477905669018486,-1,1,0.6,10,0
22.08,-0.0478198693769489,-1,1,0.6,10,0
22.09,-0.0478489805726355,-1,1,0.6,10,0
22.1,-0.0478779003724636,-1,1,0.6,10,0
22.11,-0.047906628660754,-1,1,0.6,10,0
22.12,-0.0479351653225936,-1,1,0.6,10,0
22.13,-0.0479635102438359,-1,1,0.6,10,0
22.14,-0.0479916633111012,-1,1,0.6,10,0
22.15,-0.0480196244117772,-1,1,0.6,10,0
22.16,-0.0480473934340196,-1,1,0.6,10,0
22.17,-0.0480749702667523,-1,1,0.6,10,0
22.18,-0.048102354799668,-1,1,0.6,10,0
22.19,-0.0481295469232287,-1,1,0.6,10,0
22.2,-0.0481565465286658,-1,1,0.6,10,0
22.21,-0.0481833535079811,-1,1,0.6,10,0
22.22,-0.0482099677539465,-1,1,0.6,10,0
22.23,-0.0482363891601053,-1,1,0.6,10,0
22.24,-0.0482626176207717,-1,1,0.6,10,0
22.25,-0.0482886530310319,-1,1,0.6,10,0
22.26,-0.0483144952867445,-1,1,0.6,10,0
22.27,-0.0483401442845403,-1,1,0.6,10,0
22.28,-0.0483655999218234,-1,1,0.6,10,0
22.29,-0.0483908620967713,-1,1,0.6,10,0
22.3,-0.0484159307083354,-1,1,0.6,10,0
22.31,-0.0484408056562411,-1,1,0.6,10,0
22.32,-0.0484654868409889,-1,1,0.6,10,0
22.33,-0.0484899741638539,-1,1,0.6,10,0
22.34,-0.0485142675268868,-1,1,0.6,10,0
22.35,-0.0485383668329144,-1,1,0.6,10,0
22.36,-0.0485622719855394,-1,1,0.6,10,0
22.37,-0.0485859828891411,-1,1,0.6,10,0
22.38,-0.0486094994488761,-1,1,0.6,10,0
22.39,-0.0486328215706781,-1,1,0.6,10,0
22.4,-0.0486559491612587,-1,1,0.6,10,0
22.41,-0.0486788821281075,-1,1,0.6,10,0
22.42,-0.0487016203794927,-1,1,0.6,10,0
22.43,-0.0487241638244613,-1,1,0.6,10,0
22.44,-0.0487465123728396,-1,1,0.6,10,0
22.45,-0.0487686659352333,-1,1,0.6,10,0
22.46,-0.0487906244230284,-1,1,0.6,10,0
22.47,-0.0488123877483908,-1,1,0.6,10,0
22.48,-0.0488339558242673,-1,1,0.6,10,0
22.49,-0.0488553285643857,-1,1,0.6,10,0
22.5,-0.0488765058832549,-1,1,0.6,10,0
22.51,-0.0488974876961657,-1,1,0.6,10,0
22.52,-0.048918273919191,-1,1,0.6,10,0
22.53,-0.0489388644691858,-1,1,0.6,10,0
22.54,-0.0489592592637879,-1,1,0.6,10,0
22.55,-0.0489794582214184,-1,1,0.6,10,0
22.56,-0.0489994612612812,-1,1,0.6,10,0
22.57,-0.0490192683033643,-1,1,0.6,10,0
22.58,-0.0490388792684395,-1,1,0.6,10,0
22.59,-0.0490582940780631,-1,1,0.6,10,0
22.6,-0.0490775126545758,-1,1,0.6,10,0
22.61,-0.0490965349211033,-1,1,0.6,10,0
22.62,-0.0491153608015565,-1,1,0.6,10,0
22.63,-0.0491339902206321,-1,1,0.6,10,0
22.64,-0.0491524231038122,-1,1,0.6,10,0
22.65,-0.0491706593773655,-1,1,0.6,10,0
22.66,-0.0491886989683469,-1,1,0.6,10,0
22.67,-0.049206541804598,-1,1,0.6,10,0
22.68,-0.0492241878147474,-1,1,0.6,10,0
22.69,-0.0492416369282112,-1,1,0.6,10,0
22.7,-0.049258889075193,-1,1,0.6,10,0
22.71,-0.0492759441866841,-1,1,0.6,10,0
22.72,-0.0492928021944642,-1,1,0.6,10,0
22.73,-0.0493094630311013,-1,1,0.6,10,0
22.74,-0.0493259266299519,-1,1,0.6,10,0
22.75,-0.0493421929251618,-1,1,0.6,10,0
22.76,-0.0493582618516658,-1,1,0.6,10,0
22.77,-0.0493741333451882,-1,1,0.6,10,0
22.78,-0.0493898073422431,-1,1,0.6,10,0
22.79,-0.0494052837801344,-1,1,0.6,10,0
22.8,-0.0494205625969565,-1,1,0.6,10,0
22.81,-0.0494356437315941,-1,1,0.6,10,0
22.82,-0.0494505271237227,-1,1,0.6,10,0
22.83,-0.0494652127138087,-1,1,0.6,10,0
22.84,-0.0494797004431099,-1,1,0.6,10,0
22.85,-0.0494939902536752,-1,1,0.6,10,0
22.86,-0.0495080820883455,-1,1,0.6,10,0
22.87,-0.0495219758907535,-1,1,0.6,10,0
22.88,-0.0495356716053239,-1,1,0.6,10,0
22.89,-0.0495491691772739,-1,1,0.6,10,0
22.9,-0.0495624685526134,-1,1,0.6,10,0
22.91,-0.0495755696781446,-1,1,0.6,10,0
22.92,-0.0495884725014633,-1,1,0.6,10,0
22.93,-0.0496011769709581,-1,1,0.6,10,0
22.94,-0.0496136830358111,-1,1,0.6,10,0
22.95,-0.0496259906459982,-1,1,0.6,10,0
22.96,-0.0496380997522888,-1,1,0.6,10,0
22.97,-0.0496500103062466,-1,1,0.6,10,0
22.98,-0.0496617222602294,-1,1,0.6,10,0
22.99,-0.0496732355673893,-1,1,0.6,10,0
23,-0.0496845501816732,-1,1,0.6,10,0
23.01,-0.0496956660578227,-1,1,0.6,10,0
23.02,-0.0497065831513741,-1,1,0.6,10,0
23.03,-0.0497173014186593,-1,1,0.6,10,0
23.04,-0.049727820816805,-1,1,0.6,10,0
23.05,-0.0497381413037338,-1,1,0.6,10,0
23.06,-0.0497482628381637,-1,1,0.6,10,0
23.07,-0.0497581853796085,-1,1,0.6,10,0
23.08,-0.0497679088883782,-1,1,0.6,10,0
23.09,-0.0497774333255787,-1,1,0.6,10,0
23.1,-0.0497867586531123,-1,1,0.6,10,0
23.11,-0.0497958848336776,-1,1,0.6,10,0
23.12,-0.04980481183077,-1,1,0.6,10,0
23.13,-0.0498135396086815,-1,1,0.6,10,0
23.14,-0.0498220681325009,-1,1,0.6,10,0
23.15,-0.0498303973681143,-1,1,0.6,10,0
23.16,-0.0498385272822046,-1,1,0.6,10,0
23.17,-0.0498464578422523,-1,1,0.6,10,0
23.18,-0.049854189016535,-1,1,0.6,10,0
23.19,-0.0498617207741281,-1,1,0.6,10,0
23.2,-0.0498690530849047,-1,1,0.6,10,0
23.21,-0.0498761859195354,-1,1,0.6,10,0
23.22,-0.0498831192494889,-1,1,0.6,10,0
23.23,-0.0498898530470319,-1,1,0.6,10,0
23.24,-0.0498963872852292,-1,1,0.6,10,0
23.25,-0.049902721937944,-1,1,0.6,10,0
23.26,-0.0499088569798375,-1,1,0.6,10,0
23.27,-0.0499147923863696,-1,1,0.6,10,0
23.28,-0.0499205281337988,-1,1,0.6,10,0
23.29,-0.049926064199182,-1,1,0.6,10,0
23.3,-0.0499314005603749,-1,1,0.6,10,0
23.31,-0.0499365371960322,-1,1,0.6,10,0
23.32,-0.0499414740856073,-1,1,0.6,10,0
23.33,-0.0499462112093527,-1,1,0.6,10,0
23.34,-0.0499507485483197,-1,1,0.6,10,0
23.35,-0.0499550860843592,-1,1,0.6,10,0
23.36,-0.049959223800121,-1,1,0.6,10,0
23.37,-0.0499631616790542,-1,1,0.6,10,0
23.38,-0.0499668997054073,-1,1,0.6,10,0
23.39,-0.0499704378642282,-1,1,0.6,10,0
23.4,-0.0499737761413642,-1,1,0.6,10,0
23.41,-0.0499769145234623,-1,1,0.6,10,0
23.42,-0.049979852997969,-1,1,0.6,10,0
23.43,-0.0499825915531303,-1,1,0.6,10,0
23.44,-0.049985130177992,-1,1,0.6,10,0
23.45,-0.0499874688623997,-1,1,0.6,10,0
23.46,-0.0499896075969986,-1,1,0.6,10,0
23.47,-0.0499915463732337,-1,1,0.6,10,0
23.48,-0.04999328518335,-1,1,0.6,10,0
23.49,-0.0499948240203922,-1,1,0.6,10,0
23.5,-0.049996162878205,-1,1,0.6,10,0
23.51,-0.049997301751433,-1,1,0.6,10,0
23.52,-0.0499982406355206,-1,1,0.6,10,0
23.53,-0.0499989795267123,-1,1,0.6,10,0
23.54,-0.0499995184220526,-1,1,0.6,10,0
23.55,-0.0499998573193859,-1,1,0.6,10,0
23.56,-0.0499999962173566,-1,1,0.6,10,0
23.57,-0.049999935115409,-1,1,0.6,10,0
23.58,-0.0499996740137877,-1,1,0.6,10,0
23.59,-0.0499992129135369,-1,1,0.6,10,0
23.6,-0.0499985518165012,-1,1,0.6,10,0
23.61,-0.0499976907253249,-1,1,0.6,10,0
23.62,-0.0499966296434523,-1,1,0.6,10,0
23.63,-0.0499953685751279,-1,1,0.6,10,0
23.64,-0.0499939075253958,-1,1,0.6,10,0
23.65,-0.0499922465001002,-1,1,0.6,10,0
23.66,-0.0499903855058853,-1,1,0.6,10,0
23.67,-0.0499883245501951,-1,1,0.6,10,0
23.68,-0.0499860636412732,-1,1,0.6,10,0
23.69,-0.0499836027881635,-1,1,0.6,10,0
23.7,-0.0499809420007093,-1,1,0.6,10,0
23.71,-0.0499780812895537,-1,1,0.6,10,0
23.72,-0.0499750206661395,-1,1,0.6,10,0
23.73,-0.0499717601427094,-1,1,0.6,10,0
23.74,-0.0499682997323053,-1,1,0.6,10,0
23.75,-0.0499646394487689,-1,1,0.6,10,0
23.76,-0.0499607793067413,-1,1,0.6,10,0
23.77,-0.0499567193216631,-1,1,0.6,10,0
23.78,-0.0499524595097743,-1,1,0.6,10,0
23.79,-0.049947999888114,-1,1,0.6,10,0
23.8,-0.0499433404745207,-1,1,0.6,10,0
23.81,-0.0499384812876321,-1,1,0.6,10,0
23.82,-0.049933422346885,-1,1,0.6,10,0
23.83,-0.0499281636725151,-1,1,0.6,10,0
23.84,-0.049922705285557,-1,1,0.6,10,0
23.85,-0.0499170472078444,-1,1,0.6,10,0
23.86,-0.0499111894620095,-1,1,0.6,10,0
23.87,-0.0499051320714833,-1,1,0.6,10,0
23.88,-0.0498988750604953,-1,1,0.6,10,0
23.89,-0.0498924184540736,-1,1,0.6,10,0
23.9,-0.0498857622780447,-1,1,0.6,10,0
23.91,-0.0498789065590331,-1,1,0.6,10,0
23.92,-0.0498718513244618,-1,1,0.6,10,0
23.93,-0.0498645966025517,-1,1,0.6,10,0
23.94,-0.0498571424223217,-1,1,0.6,10,0
23.95,-0.0498494888135885,-1,1,0.6,10,0
23.96,-0.0498416358069665,-1,1,0.6,10,0
23.97,-0.0498335834338677,-1,1,0.6,10,0
23.98,-0.0498253317265016,-1,1,0.6,10,0
23.99,-0.049816880717875,-1,1,0.6,10,0
24,-0.049808230441792,-1,1,0.6,10,0
24.01,-0.0497993809328537,-1,1,0.6,10,0
24.02,-0.049790332226458,-1,1,0.6,10,0
24.03,-0.0497810843587998,-1,1,0.6,10,0
24.04,-0.0497716373668705,-1,1,0.6,10,0
24.05,-0.0497619912884581,-1,1,0.6,10,0
24.06,-0.0497521461621469,-1,1,0.6,10,0
24.07,-0.0497421020273175,-1,1,0.6,10,0
24.08,-0.0497318589241462,-1,1,0.6,10,0
24.09,-0.0497214168936055,-1,1,0.6,10,0
24.1,-0.0497107759774636,-1,1,0.6,10,0
24.11,-0.049699936218284,-1,1,0.6,10,0
24.12,-0.0496888976594258,-1,1,0.6,10,0
24.13,-0.0496776603450432,-1,1,0.6,10,0
24.14,-0.0496662243200855,-1,1,0.6,10,0
24.15,-0.0496545896302968,-1,1,0.6,10,0
24.16,-0.0496427563222157,-1,1,0.6,10,0
24.17,-0.0496307244431755,-1,1,0.6,10,0
24.18,-0.0496184940413037,-1,1,0.6,10,0
24.19,-0.0496060651655219,-1,1,0.6,10,0
24.2,-0.0495934378655456,-1,1,0.6,10,0
24.21,-0.049580612191884,-1,1,0.6,10,0
24.22,-0.0495675881958397,-1,1,0.6,10,0
24.23,-0.0495543659295087,-1,1,0.6,10,0
24.24,-0.04954094544578,-1,1,0.6,10,0
24.25,-0.0495273267983357,-1,1,0.6,10,0
24.26,-0.0495135100416501,-1,1,0.6,10,0
24.27,-0.0494994952309905,-1,1,0.6,10,0
24.28,-0.0494852824224158,-1,1,0.6,10,0
24.29,-0.0494708716727775,-1,1,0.6,10,0
24.3,-0.0494562630397185,-1,1,0.6,10,0
24.31,-0.0494414565816732,-1,1,0.6,10,0
24.32,-0.0494264523578676,-1,1,0.6,10,0
24.33,-0.0494112504283184,-1,1,0.6,10,0
24.34,-0.0493958508538333,-1,1,0.6,10,0
24.35,-0.0493802536960108,-1,1,0.6,10,0
24.36,-0.0493644590172392,-1,1,0.6,10,0
24.37,-0.0493484668806975,-1,1,0.6,10,0
24.38,-0.049332277350354,-1,1,0.6,10,0
24.39,-0.0493158904909669,-1,1,0.6,10,0
24.4,-0.0492993063680835,-1,1,0.6,10,0
24.41,-0.0492825250480404,-1,1,0.6,10,0
24.42,-0.0492655465979629,-1,1,0.6,10,0
24.43,-0.0492483710857646,-1,1,0.6,10,0
24.44,-0.0492309985801477,-1,1,0.6,10,0
24.45,-0.0492134291506021,-1,1,0.6,10,0
24.46,-0.0491956628674055,-1,1,0.6,10,0
24.47,-0.049177699801623,-1,1,0.6,10,0
24.48,-0.0491595400251069,-1,1,0.6,10,0
24.49,-0.0491411836104962,-1,1,0.6,10,0
24.5,-0.0491226306312166,-1,1,0.6,10,0
24.51,-0.04910388116148,-1,1,0.6,10,0
24.52,-0.0490849352762842,-1,1,0.6,10,0
24.53,-0.0490657930514128,-1,1,0.6,10,0
24.54,-0.0490464545634345,-1,1,0.6,10,0
24.55,-0.0490269198897035,-1,1,0.6,10,0
24.56,-0.0490071891083582,-1,1,0.6,10,0
24.57,-0.0489872622983218,-1,1,0.6,10,0
24.58,-0.0489671395393015,-1,1,0.6,10,0
24.59,-0.0489468209117884,-1,1,0.6,10,0
24.6,-0.0489263064970569,-1,1,0.6,10,0
24.61,-0.0489055963771647,-1,1,0.6,10,0
24.62,-0.0488846906349521,-1,1,0.6,10,0
24.63,-0.0488635893540422,-1,1,0.6,10,0
24.64,-0.04884229261884,-1,1,0.6,10,0
24.65,-0.0488208005145325,-1,1,0.6,10,0
24.66,-0.048799113127088,-1,1,0.6,10,0
24.67,-0.048777230543256,-1,1,0.6,10,0
24.68,-0.048755152850567,-1,1,0.6,10,0
24.69,-0.0487328801373315,-1,1,0.6,10,0
24.7,-0.0487104124926405,-1,1,0.6,10,0
24.71,-0.0486877500063644,-1,1,0.6,10,0
24.72,-0.0486648927691532,-1,1,0.6,10,0
24.73,-0.0486418408724358,-1,1,0.6,10,0
24.74,-0.0486185944084198,-1,1,0.6,10,0
24.75,-0.048595153470091,-1,1,0.6,10,0
24.76,-0.0485715181512131,-1,1,0.6,10,0
24.77,-0.0485476885463274,-1,1,0.6,10,0
24.78,-0.0485236647507522,-1,1,0.6,10,0
24.79,-0.0484994468605827,-1,1,0.6,10,0
24.8,-0.0484750349726904,-1,1,0.6,10,0
24.81,-0.0484504291847229,-1,1,0.6,10,0
24.82,-0.0484256295951032,-1,1,0.6,10,0
24.83,-0.0484006363030297,-1,1,0.6,10,0
24.84,-0.0483754494084756,-1,1,0.6,10,0
24.85,-0.0483500690121883,-1,1,0.6,10,0
24.86,-0.0483244952156894,-1,1,0.6,10,0
24.87,-0.0482987281212741,-1,1,0.6,10,0
24.88,-0.0482727678320107,-1,1,0.6,10,0
24.89,-0.0482466144517404,-1,1,0.6,10,0
24.9,-0.0482202680850765,-1,1,0.6,10,0
24.91,-0.0481937288374046,-1,1,0.6,10,0
24.92,-0.0481669968148817,-1,1,0.6,10,0
24.93,-0.0481400721244357,-1,1,0.6,10,0
24.94,-0.0481129548737653,-1,1,0.6,10,0
24.95,-0.0480856451713397,-1,1,0.6,10,0
24.96,-0.0480581431263974,-1,1,0.6,10,0
24.97,-0.0480304488489468,-1,1,0.6,10,0
24.98,-0.0480025624497648,-1,1,0.6,10,0
24.99,-0.0479744840403969,-1,1,0.6,10,0
25,-0.0479462137331569,-1,1,0.6,10,0
25.01,-0.0479177516411259,-1,1,0.6,10,0
25.02,-0.0478890978781522,-1,1,0.6,10,0
25.03,-0.0478602525588509,-1,1,0.6,10,0
25.04,-0.0478312157986031,-1,1,0.6,10,0
25.05,-0.0478019877135559,-1,1,0.6,10,0
25.06,-0.0477725684206216,-1,1,0.6,10,0
25.07,-0.0477429580374773,-1,1,0.6,10,0
25.08,-0.0477131566825645,-1,1,0.6,10,0
25.09,-0.0476831644750886,-1,1,0.6,10,0
25.1,-0.0476529815350184,-1,1,0.6,10,0
25.11,-0.0476226079830856,-1,1,0.6,10,0
25.12,-0.0475920439407843,-1,1,0.6,10,0
25.13,-0.0475612895303707,-1,1,0.6,10,0
25.14,-0.0475303448748624,-1,1,0.6,10,0
25.15,-0.047499210098038,-1,1,0.6,10,0
25.16,-0.0474678853244366,-1,1,0.6,10,0
25.17,-0.0474363706793571,-1,1,0.6,10,0
25.18,-0.0474046662888582,-1,1,0.6,10,0
25.19,-0.0473727722797573,-1,1,0.6,10,0
25.2,-0.0473406887796304,-1,1,0.6,10,0
25.21,-0.0473084159168116,-1,1,0.6,10,0
25.22,-0.0472759538203922,-1,1,0.6,10,0
25.23,-0.0472433026202205,-1,1,0.6,10,0
25.24,-0.0472104624469013,-1,1,0.6,10,0
25.25,-0.0471774334317953,-1,1,0.6,10,0
25.26,-0.0471442157070185,-1,1,0.6,10,0
25.27,-0.0471108094054417,-1,1,0.6,10,0
25.28,-0.0470772146606901,-1,1,0.6,10,0
25.29,-0.0470434316071426,-1,1,0.6,10,0
25.3,-0.0470094603799314,-1,1,0.6,10,0
25.31,-0.0469753011149414,-1,1,0.6,10,0
25.32,-0.0469409539488096,-1,1,0.6,10,0
25.33,-0.0469064190189245,-1,1,0.6,10,0
25.34,-0.0468716964634259,-1,1,0.6,10,0
25.35,-0.046836786421204,-1,1,0.6,10,0
25.36,-0.0468016890318988,-1,1,0.6,10,0
25.37,-0.0467664044358998,-1,1,0.6,10,0
25.38,-0.0467309327743455,-1,1,0.6,10,0
25.39,-0.0466952741891225,-1,1,0.6,10,0
25.4,-0.0466594288228649,-1,1,0.6,10,0
25.41,-0.0466233968189542,-1,1,0.6,10,0
25.42,-0.0465871783215184,-1,1,0.6,10,0
25.43,-0.0465507734754315,-1,1,0.6,10,0
25.44,-0.0465141824263127,-1,1,0.6,10,0
25.45,-0.0464774053205263,-1,1,0.6,10,0
25.46,-0.0464404423051805,-1,1,0.6,10,0
25.47,-0.0464032935281274,-1,1,0.6,10,0
25.48,-0.0463659591379621,-1,1,0.6,10,0
25.49,-0.046328439284022,-1,1,0.6,10,0
25.5,-0.0462907341163866,-1,1,0.6,10,0
25.51,-0.0462528437858765,-1,1,0.6,10,0
25.52,-0.0462147684440528,-1,1,0.6,10,0
25.53,-0.046176508243217,-1,1,0.6,10,0
25.54,-0.0461380633364098,-1,1,0.6,10,0
25.55,-0.0460994338774108,-1,1,0.6,10,0
25.56,-0.0460606200207377,-1,1,0.6,10,0
25.57,-0.046021621921646,-1,1,0.6,10,0
25.58,-0.045982439736128,-1,1,0.6,10,0
25.59,-0.0459430736209123,-1,1,0.6,10,0
25.6,-0.0459035237334633,-1,1,0.6,10,0
25.61,-0.0458637902319807,-1,1,0.6,10,0
25.62,-0.0458238732753983,-1,1,0.6,10,0
25.63,-0.0457837730233839,-1,1,0.6,10,0
25.64,-0.0457434896363384,-1,1,0.6,10,0
25.65,-0.0457030232753953,-1,1,0.6,10,0
25.66,-0.0456623741024201,-1,1,0.6,10,0
25.67,-0.0456215422800094,-1,1,0.6,10,0
25.68,-0.0455805279714904,-1,1,0.6,10,0
25.69,-0.0455393313409203,-1,1,0.6,10,0
25.7,-0.0454979525530855,-1,1,0.6,10,0
25.71,-0.0454563917735012,-1,1,0.6,10,0
25.72,-0.0454146491684104,-1,1,0.6,10,0
25.73,-0.0453727249047835,-1,1,0.6,10,0
25.74,-0.0453306191503174,-1,1,0.6,10,0
25.75,-0.0452883320734352,-1,1,0.6,10,0
25.76,-0.0452458638432851,-1,1,0.6,10,0
25.77,-0.04520321462974,-1,1,0.6,10,0
25.78,-0.0451603846033965,-1,1,0.6,10,0
25.79,-0.0451173739355749,-1,1,0.6,10,0
25.8,-0.0450741827983177,-1,1,0.6,10,0
25.81,-0.0450308113643894,-1,1,0.6,10,0
25.82,-0.0449872598072757,-1,1,0.6,10,0
25.83,-0.0449435283011828,-1,1,0.6,10,0
25.84,-0.0448996170210366,-1,1,0.6,10,0
25.85,-0.0448555261424821,-1,1,0.6,10,0
25.86,-0.0448112558418829,-1,1,0.6,10,0
25.87,-0.0447668062963201,-1,1,0.6,10,0
25.88,-0.0447221776835917,-1,1,0.6,10,0
25.89,-0.0446773701822123,-1,1,0.6,10,0
25.9,-0.0446323839714117,-1,1,0.6,10,0
25.91,-0.0445872192311348,-1,1,0.6,10,0
25.92,-0.0445418761420403,-1,1,0.6,10,0
25.93,-0.0444963548855007,-1,1,0.6,10,0
25.94,-0.0444506556436009,-1,1,0.6,10,0
25.95,-0.0444047785991377,-1,1,0.6,10,0
25.96,-0.0443587239356194,-1,1,0.6,10,0
25.97,-0.0443124918372645,-1,1,0.6,10,0
25.98,-0.0442660824890013,-1,1,0.6,10,0
25.99,-0.0442194960764671,-1,1,0.6,10,0
26,-0.0441727327860077,-1,1,0.6,10,0
26.01,-0.0441257928046759,-1,1,0.6,10,0
26.02,-0.0440786763202318,-1,1,0.6,10,0
26.03,-0.0440313835211412,-1,1,0.6,10,0
26.04,-0.0439839145965752,-1,1,0.6,10,0
26.05,-0.0439362697364095,-1,1,0.6,10,0
26.06,-0.0438884491312234,-1,1,0.6,10,0
26.07,-0.0438404529722993,-1,1,0.6,10,0
26.08,-0.0437922814516217,-1,1,0.6,10,0
26.09,-0.0437439347618768,-1,1,0.6,10,0
26.1,-0.0436954130964511,-1,1,0.6,10,0
26.11,-0.0436467166494313,-1,1,0.6,10,0
26.12,-0.0435978456156031,-1,1,0.6,10,0
26.13,-0.0435488001904506,-1,1,0.6,10,0
26.14,-0.0434995805701553,-1,1,0.6,10,0
26.15,-0.0434501869515958,-1,1,0.6,10,0
26.16,-0.0434006195323464,-1,1,0.6,10,0
26.17,-0.0433508785106768,-1,1,0.6,10,0
26.18,-0.0433009640855509,-1,1,0.6,10,0
26.19,-0.0432508764566264,-1,1,0.6,10,0
26.2,-0.0432006158242537,-1,1,0.6,10,0
26.21,-0.0431501823894754,-1,1,0.6,10,0
26.22,-0.043099576354025,-1,1,0.6,10,0
26.23,-0.0430487979203266,-1,1,0.6,10,0
26.24,-0.042997847291494,-1,1,0.6,10,0
26.25,-0.0429467246713296,-1,1,0.6,10,0
26.26,-0.0428954302643237,-1,1,0.6,10,0
26.27,-0.042843964275654,-1,1,0.6,10,0
26.28,-0.0427923269111843,-1,1,0.6,10,0
26.29,-0.042740518377464,-1,1,0.6,10,0
26.3,-0.0426885388817271,-1,1,0.6,10,0
26.31,-0.0426363886318917,-1,1,0.6,10,0
26.32,-0.0425840678365586,-1,1,0.6,10,0
26.33,-0.0425315767050109,-1,1,0.6,10,0
26.34,-0.0424789154472131,-1,1,0.6,10,0
26.35,-0.0424260842738102,-1,1,0.6,10,0
26.36,-0.0423730833961267,-1,1,0.6,10,0
26.37,-0.0423199130261662,-1,1,0.6,10,0
26.38,-0.04226657337661,-1,1,0.6,10,0
26.39,-0.0422130646608166,-1,1,0.6,10,0
26.4,-0.0421593870928208,-1,1,0.6,10,0
26.41,-0.0421055408873329,-1,1,0.6,10,0
26.42,-0.0420515262597376,-1,1,0.6,10,0
26.43,-0.0419973434260933,-1,1,0.6,10,0
26.44,-0.0419429926031314,-1,1,0.6,10,0
26.45,-0.0418884740082549,-1,1,0.6,10,0
26.46,-0.0418337878595382,-1,1,0.6,10,0
26.47,-0.0417789343757259,-1,1,0.6,10,0
26.48,-0.0417239137762318,-1,1,0.6,10,0
26.49,-0.0416687262811382,-1,1,0.6,10,0
26.5,-0.041613372111195,-1,1,0.6,10,0
26.51,-0.0415578514878189,-1,1,0.6,10,0
26.52,-0.0415021646330923,-1,1,0.6,10,0
26.53,-0.0414463117697624,-1,1,0.6,10,0
26.54,-0.0413902931212408,-1,1,0.6,10,0
26.55,-0.0413341089116018,-1,1,0.6,10,0
26.56,-0.0412777593655823,-1,1,0.6,10,0
26.57,-0.0412212447085804,-1,1,0.6,10,0
26.58,-0.0411645651666546,-1,1,0.6,10,0
26.59,-0.041107720966523,-1,1,0.6,10,0
26.6,-0.0410507123355624,-1,1,0.6,10,0
26.61,-0.0409935395018071,-1,1,0.6,10,0
26.62,-0.0409362026939485,-1,1,0.6,10,0
26.63,-0.0408787021413337,-1,1,0.6,10,0
26.64,-0.0408210380739649,-1,1,0.6,10,0
26.65,-0.0407632107224982,-1,1,0.6,10,0
26.66,-0.0407052203182429,-1,1,0.6,10,0
26.67,-0.0406470670931607,-1,1,0.6,10,0
26.68,-0.0405887512798642,-1,1,0.6,10,0
26.69,-0.0405302731116168,-1,1,0.6,10,0
26.7,-0.040471632822331,-1,1,0.6,10,0
26.71,-0.0404128306465678,-1,1,0.6,10,0
26.72,-0.0403538668195359,-1,1,0.6,10,0
26.73,-0.0402947415770906,-1,1,0.6,10,0
26.74,-0.0402354551557327,-1,1,0.6,10,0
26.75,-0.0401760077926078,-1,1,0.6,10,0
26.76,-0.0401163997255053,-1,1,0.6,10,0
26.77,-0.0400566311928574,-1,1,0.6,10,0
26.78,-0.0399967024337381,-1,1,0.6,10,0
26.79,-0.0399366136878624,-1,1,0.6,10,0
26.8,-0.0398763651955852,-1,1,0.6,10,0
26.81,-0.0398159571979004,-1,1,0.6,10,0
26.82,-0.0397553899364399,-1,1,0.6,10,0
26.83,-0.0396946636534727,-1,1,0.6,10,0
26.84,-0.0396337785919037,-1,1,0.6,10,0
26.85,-0.0395727349952733,-1,1,0.6,10,0
26.86,-0.0395115331077556,-1,1,0.6,10,0
26.87,-0.0394501731741582,-1,1,0.6,10,0
26.88,-0.0393886554399207,-1,1,0.6,10,0
26.89,-0.0393269801511139,-1,1,0.6,10,0
26.9,-0.039265147554439,-1,1,0.6,10,0
26.91,-0.0392031578972262,-1,1,0.6,10,0
26.92,-0.0391410114274341,-1,1,0.6,10,0
26.93,-0.0390787083936485,-1,1,0.6,10,0
26.94,-0.0390162490450814,-1,1,0.6,10,0
26.95,-0.0389536336315701,-1,1,0.6,10,0
26.96,-0.0388908624035763,-1,1,0.6,10,0
26.97,-0.0388279356121847,-1,1,0.6,10,0
26.98,-0.0387648535091024,-1,1,0.6,10,0
26.99,-0.0387016163466578,-1,1,0.6,10,0
27,-0.0386382243777994,-1,1,0.6,10,0
27.01,-0.0385746778560949,-1,1,0.6,10,0
27.02,-0.0385109770357306,-1,1,0.6,10,0
27.03,-0.0384471221715093,-1,1,0.6,10,0
27.04,-0.0383831135188507,-1,1,0.6,10,0
27.05,-0.0383189513337892,-1,1,0.6,10,0
27.06,-0.0382546358729734,-1,1,0.6,10,0
27.07,-0.0381901673936652,-1,1,0.6,10,0
27.08,-0.0381255461537383,-1,1,0.6,10,0
27.09,-0.0380607724116776,-1,1,0.6,10,0
27.1,-0.037995846426578,-1,1,0.6,10,0
27.11,-0.0379307684581434,-1,1,0.6,10,0
27.12,-0.0378655387666855,-1,1,0.6,10,0
27.13,-0.0378001576131231,-1,1,0.6,10,0
27.14,-0.0377346252589805,-1,1,0.6,10,0
27.15,-0.0376689419663873,-1,1,0.6,10,0
27.16,-0.0376031079980764,-1,1,0.6,10,0
27.17,-0.0375371236173837,-1,1,0.6,10,0
27.18,-0.0374709890882466,-1,1,0.6,10,0
27.19,-0.037404704675203,-1,1,0.6,10,0
27.2,-0.0373382706433906,-1,1,0.6,10,0
27.21,-0.0372716872585455,-1,1,0.6,10,0
27.22,-0.037204954787001,-1,1,0.6,10,0
27.23,-0.0371380734956869,-1,1,0.6,10,0
27.24,-0.0370710436521284,-1,1,0.6,10,0
27.25,-0.0370038655244447,-1,1,0.6,10,0
27.26,-0.0369365393813482,-1,1,0.6,10,0
27.27,-0.0368690654921435,-1,1,0.6,10,0
27.28,-0.036801444126726,-1,1,0.6,10,0
27.29,-0.036733675555581,-1,1,0.6,10,0
27.3,-0.0366657600497828,-1,1,0.6,10,0
27.31,-0.0365976978809933,-1,1,0.6,10,0
27.32,-0.036529489321461,-1,1,0.6,10,0
27.33,-0.0364611346440202,-1,1,0.6,10,0
27.34,-0.0363926341220894,-1,1,0.6,10,0
27.35,-0.0363239880296706,-1,1,0.6,10,0
27.36,-0.0362551966413482,-1,1,0.6,10,0
27.37,-0.0361862602322875,-1,1,0.6,10,0
27.38,-0.0361171790782342,-1,1,0.6,10,0
27.39,-0.0360479534555126,-1,1,0.6,10,0
27.4,-0.0359785836410254,-1,1,0.6,10,0
27.41,-0.0359090699122515,-1,1,0.6,10,0
27.42,-0.0358394125472459,-1,1,0.6,10,0
27.43,-0.0357696118246378,-1,1,0.6,10,0
27.44,-0.0356996680236302,-1,1,0.6,10,0
27.45,-0.0356295814239981,-1,1,0.6,10,0
27.46,-0.0355593523060877,-1,1,0.6,10,0
27.47,-0.0354889809508156,-1,1,0.6,10,0
27.48,-0.035418467639667,-1,1,0.6,10,0
27.49,-0.035347812654695,-1,1,0.6,10,0
27.5,-0.0352770162785196,-1,1,0.6,10,0
27.51,-0.0352060787943261,-1,1,0.6,10,0
27.52,-0.0351350004858643,-1,1,0.6,10,0
27.53,-0.0350637816374475,-1,1,0.6,10,0
27.54,-0.0349924225339508,-1,1,0.6,10,0
27.55,-0.0349209234608107,-1,1,0.6,10,0
27.56,-0.0348492847040232,-1,1,0.6,10,0
27.57,-0.0347775065501435,-1,1,0.6,10,0
27.58,-0.0347055892862839,-1,1,0.6,10,0
27.59,-0.0346335332001134,-1,1,0.6,10,0
27.6,-0.0345613385798563,-1,1,0.6,10,0
27.61,-0.034489005714291,-1,1,0.6,10,0
27.62,-0.0344165348927488,-1,1,0.6,10,0
27.63,-0.0343439264051129,-1,1,0.6,10,0
27.64,-0.0342711805418172,-1,1,0.6,10,0
27.65,-0.034198297593845,-1,1,0.6,10,0
27.66,-0.0341252778527281,-1,1,0.6,10,0
27.67,-0.0340521216105452,-1,1,0.6,10,0
27.68,-0.0339788291599213,-1,1,0.6,10,0
27.69,-0.033905400794026,-1,1,0.6,10,0
27.7,-0.0338318368065728,-1,1,0.6,10,0
27.71,-0.0337581374918175,-1,1,0.6,10,0
27.72,-0.0336843031445572,-1,1,0.6,10,0
27.73,-0.0336103340601293,-1,1,0.6,10,0
27.74,-0.0335362305344099,-1,1,0.6,10,0
27.75,-0.0334619928638131,-1,1,0.6,10,0
27.76,-0.0333876213452894,-1,1,0.6,10,0
27.77,-0.0333131162763249,-1,1,0.6,10,0
27.78,-0.0332384779549397,-1,1,0.6,10,0
27.79,-0.0331637066796871,-1,1,0.6,10,0
27.8,-0.0330888027496518,-1,1,0.6,10,0
27.81,-0.0330137664644497,-1,1,0.6,10,0
27.82,-0.0329385981242259,-1,1,0.6,10,0
27.83,-0.0328632980296534,-1,1,0.6,10,0
27.84,-0.0327878664819326,-1,1,0.6,10,0
27.85,-0.0327123037827896,-1,1,0.6,10,0
27.86,-0.0326366102344751,-1,1,0.6,10,0
27.87,-0.0325607861397631,-1,1,0.6,10,0
27.88,-0.03248483180195,-1,1,0.6,10,0
27.89,-0.032408747524853,-1,1,0.6,10,0
27.9,-0.0323325336128091,-1,1,0.6,10,0
27.91,-0.0322561903706739,-1,1,0.6,10,0
27.92,-0.0321797181038203,-1,1,0.6,10,0
27.93,-0.0321031171181371,-1,1,0.6,10,0
27.94,-0.0320263877200282,-1,1,0.6,10,0
27.95,-0.0319495302164112,-1,1,0.6,10,0
27.96,-0.0318725449147159,-1,1,0.6,10,0
27.97,-0.0317954321228834,-1,1,0.6,10,0
27.98,-0.0317181921493648,-1,1,0.6,10,0
27.99,-0.0316408253031199,-1,1,0.6,10,0
28,-0.031563331893616,-1,1,0.6,10,0
28.01,-0.0314857122308267,-1,1,0.6,10,0
28.02,-0.0314079666252303,-1,1,0.6,10,0
28.03,-0.0313300953878094,-1,1,0.6,10,0
28.04,-0.0312520988300486,-1,1,0.6,10,0
28.05,-0.0311739772639343,-1,1,0.6,10,0
28.06,-0.0310957310019524,-1,1,0.6,10,0
28.07,-0.031017360357088,-1,1,0.6,10,0
28.08,-0.0309388656428235,-1,1,0.6,10,0
28.09,-0.0308602471731377,-1,1,0.6,10,0
28.1,-0.0307815052625043,-1,1,0.6,10,0
28.11,-0.030702640225891,-1,1,0.6,10,0
28.12,-0.0306236523787576,-1,1,0.6,10,0
28.13,-0.0305445420370556,-1,1,0.6,10,0
28.14,-0.0304653095172262,-1,1,0.6,10,0
28.15,-0.0303859551361993,-1,1,0.6,10,0
28.16,-0.0303064792113923,-1,1,0.6,10,0
28.17,-0.030226882060709,-1,1,0.6,10,0
28.18,-0.0301471640025377,-1,1,0.6,10,0
28.19,-0.0300673253557506,-1,1,0.6,10,0
28.2,-0.0299873664397022,-1,1,0.6,10,0
28.21,-0.0299072875742279,-1,1,0.6,10,0
28.22,-0.0298270890796433,-1,1,0.6,10,0
28.23,-0.0297467712767421,-1,1,0.6,10,0
28.24,-0.0296663344867955,-1,1,0.6,10,0
28.25,-0.0295857790315505,-1,1,0.6,10,0
28.26,-0.0295051052332287,-1,1,0.6,10,0
28.27,-0.0294243134145255,-1,1,0.6,10,0
28.28,-0.0293434038986077,-1,1,0.6,10,0
28.29,-0.0292623770091136,-1,1,0.6,10,0
28.3,-0.0291812330701504,-1,1,0.6,10,0
28.31,-0.0290999724062938,-1,1,0.6,10,0
28.32,-0.0290185953425864,-1,1,0.6,10,0
28.33,-0.0289371022045363,-1,1,0.6,10,0
28.34,-0.028855493318116,-1,1,0.6,10,0
28.35,-0.0287737690097608,-1,1,0.6,10,0
28.36,-0.028691929606368,-1,1,0.6,10,0
28.37,-0.0286099754352951,-1,1,0.6,10,0
28.38,-0.0285279068243585,-1,1,0.6,10,0
28.39,-0.0284457241018327,-1,1,0.6,10,0
28.4,-0.0283634275964484,-1,1,0.6,10,0
28.41,-0.0282810176373915,-1,1,0.6,10,0
28.42,-0.0281984945543018,-1,1,0.6,10,0
28.43,-0.0281158586772715,-1,1,0.6,10,0
28.44,-0.0280331103368439,-1,1,0.6,10,0
28.45,-0.0279502498640124,-1,1,0.6,10,0
28.46,-0.0278672775902187,-1,1,0.6,10,0
28.47,-0.0277841938473518,-1,1,0.6,10,0
28.48,-0.0277009989677466,-1,1,0.6,10,0
28.49,-0.0276176932841824,-1,1,0.6,10,0
28.5,-0.0275342771298819,-1,1,0.6,10,0
28.51,-0.0274507508385095,-1,1,0.6,10,0
28.52,-0.0273671147441705,-1,1,0.6,10,0
28.53,-0.0272833691814089,-1,1,0.6,10,0
28.54,-0.0271995144852071,-1,1,0.6,10,0
28.55,-0.0271155509909835,-1,1,0.6,10,0
28.56,-0.0270314790345921,-1,1,0.6,10,0
28.57,-0.0269472989523206,-1,1,0.6,10,0
28.58,-0.0268630110808892,-1,1,0.6,10,0
28.59,-0.0267786157574494,-1,1,0.6,10,0
28.6,-0.0266941133195822,-1,1,0.6,10,0
28.61,-0.0266095041052973,-1,1,0.6,10,0
28.62,-0.0265247884530315,-1,1,0.6,10,0
28.63,-0.0264399667016472,-1,1,0.6,10,0
28.64,-0.0263550391904314,-1,1,0.6,10,0
28.65,-0.026270006259094,-1,1,0.6,10,0
28.66,-0.0261848682477665,-1,1,0.6,10,0
28.67,-0.026099625497001,-1,1,0.6,10,0
28.68,-0.0260142783477683,-1,1,0.6,10,0
28.69,-0.0259288271414568,-1,1,0.6,10,0
28.7,-0.0258432722198714,-1,1,0.6,10,0
28.71,-0.0257576139252316,-1,1,0.6,10,0
28.72,-0.0256718526001704,-1,1,0.6,10,0
28.73,-0.025585988587733,-1,1,0.6,10,0
28.74,-0.0255000222313754,-1,1,0.6,10,0
28.75,-0.0254139538749629,-1,1,0.6,10,0
28.76,-0.0253277838627687,-1,1,0.6,10,0
28.77,-0.0252415125394729,-1,1,0.6,10,0
28.78,-0.0251551402501606,-1,1,0.6,10,0
28.79,-0.0250686673403208,-1,1,0.6,10,0
28.8,-0.0249820941558451,-1,1,0.6,10,0
28.81,-0.0248954210430261,-1,1,0.6,10,0
28.82,-0.0248086483485561,-1,1,0.6,10,0
28.83,-0.0247217764195257,-1,1,0.6,10,0
28.84,-0.0246348056034227,-1,1,0.6,10,0
28.85,-0.02454773624813,-1,1,0.6,10,0
28.86,-0.0244605687019252,-1,1,0.6,10,0
28.87,-0.0243733033134781,-1,1,0.6,10,0
28.88,-0.0242859404318503,-1,1,0.6,10,0
28.89,-0.0241984804064931,-1,1,0.6,10,0
28.9,-0.0241109235872465,-1,1,0.6,10,0
28.91,-0.0240232703243379,-1,1,0.6,10,0
28.92,-0.0239355209683798,-1,1,0.6,10,0
28.93,-0.0238476758703699,-1,1,0.6,10,0
28.94,-0.0237597353816882,-1,1,0.6,10,0
28.95,-0.0236716998540968,-1,1,0.6,10,0
28.96,-0.0235835696397374,-1,1,0.6,10,0
28.97,-0.0234953450911309,-1,1,0.6,10,0
28.98,-0.0234070265611754,-1,1,0.6,10,0
28.99,-0.0233186144031449,-1,1,0.6,10,0
29,-0.0232301089706878,-1,1,0.6,10,0
29.01,-0.0231415106178259,-1,1,0.6,10,0
29.02,-0.0230528196989523,-1,1,0.6,10,0
29.03,-0.0229640365688306,-1,1,0.6,10,0
29.04,-0.0228751615825934,-1,1,0.6,10,0
29.05,-0.0227861950957402,-1,1,0.6,10,0
29.06,-0.0226971374641371,-1,1,0.6,10,0
29.07,-0.0226079890440144,-1,1,0.6,10,0
29.08,-0.0225187501919656,-1,1,0.6,10,0
29.09,-0.0224294212649461,-1,1,0.6,10,0
29.1,-0.0223400026202715,-1,1,0.6,10,0
29.11,-0.0222504946156162,-1,1,0.6,10,0
29.12,-0.022160897609012,-1,1,0.6,10,0
29.13,-0.022071211958847,-1,1,0.6,10,0
29.14,-0.0219814380238636,-1,1,0.6,10,0
29.15,-0.0218915761631573,-1,1,0.6,10,0
29.16,-0.0218016267361756,-1,1,0.6,10,0
29.17,-0.0217115901027161,-1,1,0.6,10,0
29.18,-0.0216214666229251,-1,1,0.6,10,0
29.19,-0.0215312566572964,-1,1,0.6,10,0
29.2,-0.0214409605666698,-1,1,0.6,10,0
29.21,-0.0213505787122295,-1,1,0.6,10,0
29.22,-0.0212601114555028,-1,1,0.6,10,0
29.23,-0.0211695591583587,-1,1,0.6,10,0
29.24,-0.0210789221830061,-1,1,0.6,10,0
29.25,-0.0209882008919929,-1,1,0.6,10,0
29.26,-0.0208973956482042,-1,1,0.6,10,0
29.27,-0.0208065068148607,-1,1,0.6,10,0
29.28,-0.0207155347555177,-1,1,0.6,10,0
29.29,-0.0206244798340633,-1,1,0.6,10,0
29.3,-0.020533342414717,-1,1,0.6,10,0
29.31,-0.0204421228620285,-1,1,0.6,10,0
29.32,-0.0203508215408758,-1,1,0.6,10,0
29.33,-0.020259438816464,-1,1,0.6,10,0
29.34,-0.020167975054324,-1,1,0.6,10,0
29.35,-0.0200764306203107,-1,1,0.6,10,0
29.36,-0.0199848058806017,-1,1,0.6,10,0
29.37,-0.0198931012016958,-1,1,0.6,10,0
29.38,-0.0198013169504116,-1,1,0.6,10,0
29.39,-0.019709453493886,-1,1,0.6,10,0
29.4,-0.0196175111995727,-1,1,0.6,10,0
29.41,-0.0195254904352407,-1,1,0.6,10,0
29.42,-0.0194333915689731,-1,1,0.6,10,0
29.43,-0.0193412149691651,-1,1,0.6,10,0
29.44,-0.019248961004523,-1,1,0.6,10,0
29.45,-0.0191566300440625,-1,1,0.6,10,0
29.46,-0.0190642224571075,-1,1,0.6,10,0
29.47,-0.018971738613288,-1,1,0.6,10,0
29.48,-0.0188791788825393,-1,1,0.6,10,0
29.49,-0.0187865436351003,-1,1,0.6,10,0
29.5,-0.0186938332415118,-1,1,0.6,10,0
29.51,-0.0186010480726152,-1,1,0.6,10,0
29.52,-0.0185081884995513,-1,1,0.6,10,0
29.53,-0.0184152548937579,-1,1,0.6,10,0
29.54,-0.0183222476269695,-1,1,0.6,10,0
29.55,-0.0182291670712151,-1,1,0.6,10,0
29.56,-0.0181360135988166,-1,1,0.6,10,0
29.57,-0.018042787582388,-1,1,0.6,10,0
29.58,-0.0179494893948331,-1,1,0.6,10,0
29.59,-0.0178561194093445,-1,1,0.6,10,0
29.6,-0.0177626779994021,-1,1,0.6,10,0
29.61,-0.0176691655387714,-1,1,0.6,10,0
29.62,-0.0175755824015021,-1,1,0.6,10,0
29.63,-0.0174819289619266,-1,1,0.6,10,0
29.64,-0.0173882055946586,-1,1,0.6,10,0
29.65,-0.0172944126745914,-1,1,0.6,10,0
29.66,-0.0172005505768966,-1,1,0.6,10,0
29.67,-0.0171066196770223,-1,1,0.6,10,0
29.68,-0.0170126203506922,-1,1,0.6,10,0
29.69,-0.0169185529739034,-1,1,0.6,10,0
29.7,-0.0168244179229252,-1,1,0.6,10,0
29.71,-0.0167302155742978,-1,1,0.6,10,0
29.72,-0.0166359463048304,-1,1,0.6,10,0
29.73,-0.0165416104915999,-1,1,0.6,10,0
29.74,-0.0164472085119495,-1,1,0.6,10,0
29.75,-0.016352740743487,-1,1,0.6,10,0
29.76,-0.0162582075640833,-1,1,0.6,10,0
29.77,-0.0161636093518711,-1,1,0.6,10,0
29.78,-0.016068946485243,-1,1,0.6,10,0
29.79,-0.0159742193428504,-1,1,0.6,10,0
29.8,-0.0158794283036017,-1,1,0.6,10,0
29.81,-0.015784573746661,-1,1,0.6,10,0
29.82,-0.0156896560514463,-1,1,0.6,10,0
29.83,-0.0155946755976283,-1,1,0.6,10,0
29.84,-0.0154996327651288,-1,1,0.6,10,0
29.85,-0.0154045279341189,-1,1,0.6,10,0
29.86,-0.0153093614850177,-1,1,0.6,10,0
29.87,-0.0152141337984911,-1,1,0.6,10,0
29.88,-0.0151188452554495,-1,1,0.6,10,0
29.89,-0.015023496237047,-1,1,0.6,10,0
29.9,-0.0149280871246797,-1,1,0.6,10,0
29.91,-0.0148326182999837,-1,1,0.6,10,0
29.92,-0.0147370901448343,-1,1,0.6,10,0
29.93,-0.014641503041344,-1,1,0.6,10,0
29.94,-0.0145458573718611,-1,1,0.6,10,0
29.95,-0.0144501535189681,-1,1,0.6,10,0
29.96,-0.0143543918654802,-1,1,0.6,10,0
29.97,-0.0142585727944441,-1,1,0.6,10,0
29.98,-0.0141626966891357,-1,1,0.6,10,0
29.99,-0.0140667639330594,-1,1,0.6,10,0
30,-0.0139707749099463,-1,1,0.6,10,0
30.01,-0.0138747300037521,-1,1,0.6,10,0
30.02,-0.0137786295986564,-1,1,0.6,10,0
30.03,-0.0136824740790606,-1,1,0.6,10,0
30.04,-0.0135862638295868,-1,1,0.6,10,0
30.05,-0.0134899992350758,-1,1,0.6,10,0
30.06,-0.0133936806805858,-1,1,0.6,10,0
30.07,-0.013297308551391,-1,1,0.6,10,0
30.08,-0.0132008832329796,-1,1,0.6,10,0
30.09,-0.013104405111053,-1,1,0.6,10,0
30.1,-0.0130078745715234,-1,1,0.6,10,0
30.11,-0.0129112920005129,-1,1,0.6,10,0
30.12,-0.0128146577843515,-1,1,0.6,10,0
30.13,-0.0127179723095761,-1,1,0.6,10,0
30.14,-0.0126212359629284,-1,1,0.6,10,0
30.15,-0.0125244491313537,-1,1,0.6,10,0
30.16,-0.0124276122019992,-1,1,0.6,10,0
30.17,-0.0123307255622124,-1,1,0.6,10,0
30.18,-0.0122337895995399,-1,1,0.6,10,0
30.19,-0.0121368047017252,-1,1,0.6,10,0
30.2,-0.012039771256708,-1,1,0.6,10,0
30.21,-0.0119426896526217,-1,1,0.6,10,0
30.22,-0.0118455602777927,-1,1,0.6,10,0
30.23,-0.0117483835207385,-1,1,0.6,10,0
30.24,-0.0116511597701658,-1,1,0.6,10,0
30.25,-0.0115538894149696,-1,1,0.6,10,0
30.26,-0.0114565728442311,-1,1,0.6,10,0
30.27,-0.0113592104472165,-1,1,0.6,10,0
30.28,-0.0112618026133753,-1,1,0.6,10,0
30.29,-0.0111643497323387,-1,1,0.6,10,0
30.3,-0.0110668521939179,-1,1,0.6,10,0
30.31,-0.0109693103881032,-1,1,0.6,10,0
30.32,-0.0108717247050616,-1,1,0.6,10,0
30.33,-0.0107740955351356,-1,1,0.6,10,0
30.34,-0.0106764232688418,-1,1,0.6,10,0
30.35,-0.0105787082968693,-1,1,0.6,10,0
30.36,-0.0104809510100776,-1,1,0.6,10,0
30.37,-0.0103831517994958,-1,1,0.6,10,0
30.38,-0.0102853110563207,-1,1,0.6,10,0
30.39,-0.0101874291719151,-1,1,0.6,10,0
30.4,-0.0100895065378064,-1,1,0.6,10,0
30.41,-0.00999154354568501,-1,1,0.6,10,0
30.42,-0.00989354058740275,-1,1,0.6,10,0
30.43,-0.00979549805497133,-1,1,0.6,10,0
30.44,-0.00969741634056072,-1,1,0.6,10,0
30.45,-0.00959929583649775,-1,1,0.6,10,0
30.46,-0.00950113693526415,-1,1,0.6,10,0
30.47,-0.00940294002949553,-1,1,0.6,10,0
30.48,-0.00930470551197932,-1,1,0.6,10,0
30.49,-0.00920643377565343,-1,1,0.6,10,0
30.5,-0.00910812521360475,-1,1,0.6,10,0
30.51,-0.00900978021906737,-1,1,0.6,10,0
30.52,-0.00891139918542111,-1,1,0.6,10,0
30.53,-0.00881298250618996,-1,1,0.6,10,0
30.54,-0.00871453057504058,-1,1,0.6,10,0
30.55,-0.00861604378578051,-1,1,0.6,10,0
30.56,-0.00851752253235675,-1,1,0.6,10,0
30.57,-0.00841896720885426,-1,1,0.6,10,0
30.58,-0.00832037820949415,-1,1,0.6,10,0
30.59,-0.00822175592863231,-1,1,0.6,10,0
30.6,-0.00812310076075766,-1,1,0.6,10,0
30.61,-0.0080244131004909,-1,1,0.6,10,0
30.62,-0.00792569334258234,-1,1,0.6,10,0
30.63,-0.00782694188191102,-1,1,0.6,10,0
30.64,-0.00772815911348261,-1,1,0.6,10,0
30.65,-0.00762934543242801,-1,1,0.6,10,0
30.66,-0.0075305012340019,-1,1,0.6,10,0
30.67,-0.00743162691358089,-1,1,0.6,10,0
30.68,-0.00733272286666213,-1,1,0.6,10,0
30.69,-0.00723378948886164,-1,1,0.6,10,0
30.7,-0.00713482717591289,-1,1,0.6,10,0
30.71,-0.00703583632366494,-1,1,0.6,10,0
30.72,-0.00693681732808108,-1,1,0.6,10,0
30.73,-0.00683777058523711,-1,1,0.6,10,0
30.74,-0.00673869649131997,-1,1,0.6,10,0
30.75,-0.00663959544262584,-1,1,0.6,10,0
30.76,-0.00654046783555875,-1,1,0.6,10,0
30.77,-0.00644131406662912,-1,1,0.6,10,0
30.78,-0.00634213453245173,-1,1,0.6,10,0
30.79,-0.00624292962974472,-1,1,0.6,10,0
30.8,-0.0061436997553275,-1,1,0.6,10,0
30.81,-0.00604444530611942,-1,1,0.6,10,0
30.82,-0.00594516667913821,-1,1,0.6,10,0
30.83,-0.00584586427149821,-1,1,0.6,10,0
30.84,-0.00574653848040892,-1,1,0.6,10,0
30.85,-0.00564718970317332,-1,1,0.6,10,0
30.86,-0.00554781833718649,-1,1,0.6,10,0
30.87,-0.00544842477993371,-1,1,0.6,10,0
30.88,-0.00534900942898907,-1,1,0.6,10,0
30.89,-0.0052495726820138,-1,1,0.6,10,0
30.9,-0.00515011493675485,-1,1,0.6,10,0
30.91,-0.00505063659104302,-1,1,0.6,10,0
30.92,-0.00495113804279151,-1,1,0.6,10,0
30.93,-0.00485161968999452,-1,1,0.6,10,0
30.94,-0.00475208193072515,-1,1,0.6,10,0
30.95,-0.00465252516313445,-1,1,0.6,10,0
30.96,-0.00455294978544929,-1,1,0.6,10,0
30.97,-0.00445335619597101,-1,1,0.6,10,0
30.98,-0.00435374479307394,-1,1,0.6,10,0
30.99,-0.00425411597520349,-1,1,0.6,10,0
31,-0.00415447014087482,-1,1,0.6,10,0
31.01,-0.00405480768867108,-1,1,0.6,10,0
31.02,-0.00395512901724203,-1,1,0.6,10,0
31.03,-0.0038554345253022,-1,1,0.6,10,0
31.04,-0.00375572461162939,-1,1,0.6,10,0
31.05,-0.00365599967506311,-1,1,0.6,10,0
31.06,-0.00355626011450304,-1,1,0.6,10,0
31.07,-0.00345650632890726,-1,1,0.6,10,0
31.08,-0.00335673871729073,-1,1,0.6,10,0
31.09,-0.00325695767872389,-1,1,0.6,10,0
31.1,-0.00315716361233059,-1,1,0.6,10,0
31.11,-0.0030573569172871,-1,1,0.6,10,0
31.12,-0.00295753799282001,-1,1,0.6,10,0
31.13,-0.0028577072382049,-1,1,0.6,10,0
31.14,-0.0027578650527646,-1,1,0.6,10,0
31.15,-0.00265801183586781,-1,1,0.6,10,0
31.16,-0.00255814798692722,-1,1,0.6,10,0
31.17,-0.00245827390539804,-1,1,0.6,10,0
31.18,-0.00235838999077657,-1,1,0.6,10,0
31.19,-0.00225849664259828,-1,1,0.6,10,0
31.2,-0.00215859426043643,-1,1,0.6,10,0
31.21,-0.00205868324390038,-1,1,0.6,10,0
31.22,-0.00195876399263413,-1,1,0.6,10,0
31.23,-0.00185883690631453,-1,1,0.6,10,0
31.24,-0.00175890238464974,-1,1,0.6,10,0
31.25,-0.00165896082737784,-1,1,0.6,10,0
31.26,-0.00155901263426476,-1,1,0.6,10,0
31.27,-0.00145905820510326,-1,1,0.6,10,0
31.28,-0.00135909793971089,-1,1,0.6,10,0
31.29,-0.00125913223792857,-1,1,0.6,10,0
31.3,-0.00115916149961893,-1,1,0.6,10,0
31.31,-0.00105918612466488,-1,1,0.6,10,0
31.32,-0.00095920651296775,-1,1,0.6,10,0
31.33,-0.000859223064445801,-1,1,0.6,10,0
31.34,-0.000759236179032784,-1,1,0.6,10,0
31.35,-0.000659246256676063,-1,1,0.6,10,0
31.36,-0.000559253697335194,-1,1,0.6,10,0
31.37,-0.000459258900980237,-1,1,0.6,10,0
31.38,-0.000359262267590378,-1,1,0.6,10,0
31.39,-0.000259264197151838,-1,1,0.6,10,0
31.4,-0.000159265089656855,-1,1,0.6,10,0
31.41,-5.9265345101815e-05,-1,1,0.6,10,0
31.42,4.07346365146153e-05,-1,1,0.6,10,0
31.43,0.000140734455192509,-1,1,0.6,10,0
31.44,0.000240733710932771,-1,1,0.6,10,0
31.45,0.000340732003738509,-1,1,0.6,10,0
31.46,0.000440728933616731,-1,1,0.6,10,0
31.47,0.000540724100579762,-1,1,0.6,10,0
31.48,0.000640717104647111,-1,1,0.6,10,0
31.49,0.000740707545846941,-1,1,0.6,10,0
31.5,0.00084069502421753,-1,1,0.6,10,0
31.51,0.000940679139809143,-1,1,0.6,10,0
31.52,0.00104065949268545,-1,1,0.6,10,0
31.53,0.00114063568292522,-1,1,0.6,10,0
31.54,0.00124060731062369,-1,1,0.6,10,0
31.55,0.00134057397589466,-1,1,0.6,10,0
31.56,0.00144053527887152,-1,1,0.6,10,0
31.57,0.00154049081970909,-1,1,0.6,10,0
31.58,0.00164044019858552,-1,1,0.6,10,0
31.59,0.0017403830157033,-1,1,0.6,10,0
31.6,0.00184031887129135,-1,1,0.6,10,0
31.61,0.00194024736560636,-1,1,0.6,10,0
31.62,0.00204016809893453,-1,1,0.6,10,0
31.63,0.00214008067159299,-1,1,0.6,10,0
31.64,0.00223998468393162,-1,1,0.6,10,0
31.65,0.00233987973633454,-1,1,0.6,10,0
31.66,0.00243976542922159,-1,1,0.6,10,0
31.67,0.00253964136305018,-1,1,0.6,10,0
31.68,0.0026395071383167,-1,1,0.6,10,0
31.69,0.00273936235555823,-1,1,0.6,10,0
31.7,0.0028392066153539,-1,1,0.6,10,0
31.71,0.00293903951832699,-1,1,0.6,10,0
31.72,0.00303886066514592,-1,1,0.6,10,0
31.73,0.00313866965652615,-1,1,0.6,10,0
31.74,0.00323846609323204,-1,1,0.6,10,0
31.75,0.00333824957607782,-1,1,0.6,10,0
31.76,0.00343801970592975,-1,1,0.6,10,0
31.77,0.00353777608370744,-1,1,0.6,10,0
31.78,0.00363751831038555,-1,1,0.6,10,0
31.79,0.00373724598699523,-1,1,0.6,10,0
31.8,0.00383695871462595,-1,1,0.6,10,0
31.81,0.00393665609442696,-1,1,0.6,10,0
31.82,0.00403633772760881,-1,1,0.6,10,0
31.83,0.00413600321544512,-1,1,0.6,10,0
31.84,0.00423565215927409,-1,1,0.6,10,0
31.85,0.00433528416050011,-1,1,0.6,10,0
31.86,0.00443489882059518,-1,1,0.6,10,0
31.87,0.00453449574110097,-1,1,0.6,10,0
31.88,0.0046340745236298,-1,1,0.6,10,0
31.89,0.00473363476986672,-1,1,0.6,10,0
31.9,0.00483317608157091,-1,1,0.6,10,0
31.91,0.00493269806057717,-1,1,0.6,10,0
31.92,0.00503220030879777,-1,1,0.6,10,0
31.93,0.00513168242822384,-1,1,0.6,10,0
31.94,0.00523114402092709,-1,1,0.6,10,0
31.95,0.00533058468906118,-1,1,0.6,10,0
31.96,0.00543000403486362,-1,1,0.6,10,0
31.97,0.00552940166065721,-1,1,0.6,10,0
31.98,0.00562877716885148,-1,1,0.6,10,0
31.99,0.00572813016194459,-1,1,0.6,10,0
32,0.00582746024252468,-1,1,0.6,10,0
32.01,0.00592676701327158,-1,1,0.6,10,0
32.02,0.00602605007695836,-1,1,0.6,10,0
32.03,0.00612530903645283,-1,1,0.6,10,0
32.04,0.00622454349471932,-1,1,0.6,10,0
32.05,0.00632375305482014,-1,1,0.6,10,0
32.06,0.0064229373199172,-1,1,0.6,10,0
32.07,0.00652209589327351,-1,1,0.6,10,0
32.08,0.00662122837825494,-1,1,0.6,10,0
32.09,0.00672033437833173,-1,1,0.6,10,0
32.1,0.00681941349707993,-1,1,0.6,10,0
32.11,0.00691846533818322,-1,1,0.6,10,0
32.12,0.00701748950543435,-1,1,0.6,10,0
32.13,0.00711648560273694,-1,1,0.6,10,0
32.14,0.00721545323410653,-1,1,0.6,10,0
32.15,0.00731439200367275,-1,1,0.6,10,0
32.16,0.00741330151568084,-1,1,0.6,10,0
32.17,0.00751218137449267,-1,1,0.6,10,0
32.18,0.00761103118458897,-1,1,0.6,10,0
32.19,0.00770985055057072,-1,1,0.6,10,0
32.2,0.00780863907716064,-1,1,0.6,10,0
32.21,0.00790739636920453,-1,1,0.6,10,0
32.22,0.00800612203167353,-1,1,0.6,10,0
32.23,0.00810481566966517,-1,1,0.6,10,0
32.24,0.0082034768884048,-1,1,0.6,10,0
32.25,0.00830210529324786,-1,1,0.6,10,0
32.26,0.00840070048968082,-1,1,0.6,10,0
32.27,0.00849926208332306,-1,1,0.6,10,0
32.28,0.00859778967992826,-1,1,0.6,10,0
32.29,0.0086962828853862,-1,1,0.6,10,0
32.3,0.0087947413057242,-1,1,0.6,10,0
32.31,0.00889316454710874,-1,1,0.6,10,0
32.32,0.00899155221584691,-1,1,0.6,10,0
32.33,0.00908990391838821,-1,1,0.6,10,0
32.34,0.00918821926132599,-1,1,0.6,10,0
32.35,0.00928649785139894,-1,1,0.6,10,0
32.36,0.00938473929549286,-1,1,0.6,10,0
32.37,0.00948294320064211,-1,1,0.6,10,0
32.38,0.00958110917403125,-1,1,0.6,10,0
32.39,0.00967923682299643,-1,1,0.6,10,0
32.4,0.00977732575502721,-1,1,0.6,10,0
32.41,0.00987537557776806,-1,1,0.6,10,0
32.42,0.00997338589901972,-1,1,0.6,10,0
32.43,0.0100713563267411,-1,1,0.6,10,0
32.44,0.0101692864690505,-1,1,0.6,10,0
32.45,0.0102671759342278,-1,1,0.6,10,0
32.46,0.0103650243307149,-1,1,0.6,10,0
32.47,0.0104628312671185,-1,1,0.6,10,0
32.48,0.0105605963522111,-1,1,0.6,10,0
32.49,0.0106583191949322,-1,1,0.6,10,0
32.5,0.0107559994043908,-1,1,0.6,10,0
32.51,0.0108536365898661,-1,1,0.6,10,0
32.52,0.0109512303608096,-1,1,0.6,10,0
32.53,0.0110487803268462,-1,1,0.6,10,0
32.54,0.0111462860977762,-1,1,0.6,10,0
32.55,0.0112437472835767,-1,1,0.6,10,0
32.56,0.0113411634944031,-1,1,0.6,10,0
32.57,0.0114385343405906,-1,1,0.6,10,0
32.58,0.0115358594326559,-1,1,0.6,10,0
32.59,0.011633138381299,-1,1,0.6,10,0
32.6,0.011730370797404,-1,1,0.6,10,0
32.61,0.0118275562920415,-1,1,0.6,10,0
32.62,0.0119246944764696,-1,1,0.6,10,0
32.63,0.0120217849621357,-1,1,0.6,10,0
32.64,0.0121188273606779,-1,1,0.6,10,0
32.65,0.0122158212839269,-1,1,0.6,10,0
32.66,0.012312766343907,-1,1,0.6,10,0
32.67,0.0124096621528382,-1,1,0.6,10,0
32.68,0.0125065083231373,-1,1,0.6,10,0
32.69,0.0126033044674198,-1,1,0.6,10,0
32.7,0.0127000501985012,-1,1,0.6,10,0
32.71,0.0127967451293987,-1,1,0.6,10,0
32.72,0.0128933888733328,-1,1,0.6,10,0
32.73,0.0129899810437287,-1,1,0.6,10,0
32.74,0.0130865212542176,-1,1,0.6,10,0
32.75,0.013183009118639,-1,1,0.6,10,0
32.76,0.0132794442510414,-1,1,0.6,10,0
32.77,0.0133758262656846,-1,1,0.6,10,0
32.78,0.0134721547770406,-1,1,0.6,10,0
32.79,0.0135684293997953,-1,1,0.6,10,0
32.8,0.0136646497488506,-1,1,0.6,10,0
32.81,0.0137608154393252,-1,1,0.6,10,0
32.82,0.0138569260865563,-1,1,0.6,10,0
32.83,0.0139529813061015,-1,1,0.6,10,0
32.84,0.0140489807137402,-1,1,0.6,10,0
32.85,0.0141449239254746,-1,1,0.6,10,0
32.86,0.0142408105575323,-1,1,0.6,10,0
32.87,0.0143366402263667,-1,1,0.6,10,0
32.88,0.0144324125486594,-1,1,0.6,10,0
32.89,0.014528127141321,-1,1,0.6,10,0
32.9,0.0146237836214935,-1,1,0.6,10,0
32.91,0.014719381606551,-1,1,0.6,10,0
32.92,0.0148149207141017,-1,1,0.6,10,0
32.93,0.0149104005619893,-1,1,0.6,10,0
32.94,0.0150058207682945,-1,1,0.6,10,0
32.95,0.0151011809513367,-1,1,0.6,10,0
32.96,0.0151964807296751,-1,1,0.6,10,0
32.97,0.0152917197221109,-1,1,0.6,10,0
32.98,0.0153868975476883,-1,1,0.6,10,0
32.99,0.015482013825696,-1,1,0.6,10,0
33,0.0155770681756689,-1,1,0.6,10,0
33.01,0.01567206021739,-1,1,0.6,10,0
33.02,0.0157669895708911,-1,1,0.6,10,0
33.03,0.0158618558564549,-1,1,0.6,10,0
33.04,0.0159566586946165,-1,1,0.6,10,0
33.05,0.0160513977061644,-1,1,0.6,10,0
33.06,0.0161460725121431,-1,1,0.6,10,0
33.07,0.0162406827338532,-1,1,0.6,10,0
33.08,0.016335227992854,-1,1,0.6,10,0
33.09,0.0164297079109647,-1,1,0.6,10,0
33.1,0.0165241221102656,-1,1,0.6,10,0
33.11,0.0166184702131,-1,1,0.6,10,0
33.12,0.0167127518420758,-1,1,0.6,10,0
33.13,0.0168069666200666,-1,1,0.6,10,0
33.14,0.0169011141702132,-1,1,0.6,10,0
33.15,0.0169951941159256,-1,1,0.6,10,0
33.16,0.0170892060808844,-1,1,0.6,10,0
33.17,0.0171831496890415,-1,1,0.6,10,0
33.18,0.0172770245646228,-1,1,0.6,10,0
33.19,0.0173708303321288,-1,1,0.6,10,0
33.2,0.0174645666163368,-1,1,0.6,10,0
33.21,0.0175582330423015,-1,1,0.6,10,0
33.22,0.0176518292353575,-1,1,0.6,10,0
33.23,0.0177453548211201,-1,1,0.6,10,0
33.24,0.017838809425487,-1,1,0.6,10,0
33.25,0.01793219267464,-1,1,0.6,10,0
33.26,0.0180255041950462,-1,1,0.6,10,0
33.27,0.0181187436134598,-1,1,0.6,10,0
33.28,0.018211910556923,-1,1,0.6,10,0
33.29,0.0183050046527682,-1,1,0.6,10,0
33.3,0.0183980255286192,-1,1,0.6,10,0
33.31,0.0184909728123927,-1,1,0.6,10,0
33.32,0.0185838461322996,-1,1,0.6,10,0
33.33,0.0186766451168467,-1,1,0.6,10,0
33.34,0.0187693693948383,-1,1,0.6,10,0
33.35,0.0188620185953773,-1,1,0.6,10,0
33.36,0.018954592347867,-1,1,0.6,10,0
33.37,0.0190470902820126,-1,1,0.6,10,0
33.38,0.0191395120278226,-1,1,0.6,10,0
33.39,0.0192318572156099,-1,1,0.6,10,0
33.4,0.019324125475994,-1,1,0.6,10,0
33.41,0.019416316439902,-1,1,0.6,10,0
33.42,0.0195084297385701,-1,1,0.6,10,0
33.43,0.0196004650035452,-1,1,0.6,10,0
33.44,0.0196924218666864,-1,1,0.6,10,0
33.45,0.0197842999601666,-1,1,0.6,10,0
33.46,0.0198760989164731,-1,1,0.6,10,0
33.47,0.0199678183684106,-1,1,0.6,10,0
33.48,0.0200594579491012,-1,1,0.6,10,0
33.49,0.0201510172919867,-1,1,0.6,10,0
33.5,0.0202424960308299,-1,1,0.6,10,0
33.51,0.020333893799716,-1,1,0.6,10,0
33.52,0.0204252102330541,-1,1,0.6,10,0
33.53,0.0205164449655784,-1,1,0.6,10,0
33.54,0.0206075976323502,-1,1,0.6,10,0
33.55,0.0206986678687589,-1,1,0.6,10,0
33.56,0.0207896553105238,-1,1,0.6,10,0
33.57,0.0208805595936952,-1,1,0.6,10,0
33.58,0.020971380354656,-1,1,0.6,10,0
33.59,0.0210621172301234,-1,1,0.6,10,0
33.6,0.0211527698571499,-1,1,0.6,10,0
33.61,0.0212433378731252,-1,1,0.6,10,0
33.62,0.0213338209157773,-1,1,0.6,10,0
33.63,0.0214242186231742,-1,1,0.6,10,0
33.64,0.0215145306337252,-1,1,0.6,10,0
33.65,0.0216047565861824,-1,1,0.6,10,0
33.66,0.021694896119642,-1,1,0.6,10,0
33.67,0.021784948873546,-1,1,0.6,10,0
33.68,0.0218749144876836,-1,1,0.6,10,0
33.69,0.0219647926021924,-1,1,0.6,10,0
33.7,0.0220545828575602,-1,1,0.6,10,0
33.71,0.0221442848946258,-1,1,0.6,10,0
33.72,0.0222338983545814,-1,1,0.6,10,0
33.73,0.0223234228789733,-1,1,0.6,10,0
33.74,0.0224128581097034,-1,1,0.6,10,0
33.75,0.0225022036890309,-1,1,0.6,10,0
33.76,0.0225914592595737,-1,1,0.6,10,0
33.77,0.0226806244643096,-1,1,0.6,10,0
33.78,0.0227696989465778,-1,1,0.6,10,0
33.79,0.0228586823500806,-1,1,0.6,10,0
33.8,0.0229475743188845,-1,1,0.6,10,0
33.81,0.0230363744974218,-1,1,0.6,10,0
33.82,0.0231250825304917,-1,1,0.6,10,0
33.83,0.0232136980632624,-1,1,0.6,10,0
33.84,0.0233022207412718,-1,1,0.6,10,0
33.85,0.0233906502104292,-1,1,0.6,10,0
33.86,0.023478986117017,-1,1,0.6,10,0
33.87,0.0235672281076917,-1,1,0.6,10,0
33.88,0.0236553758294853,-1,1,0.6,10,0
33.89,0.0237434289298072,-1,1,0.6,10,0
33.9,0.023831387056445,-1,1,0.6,10,0
33.91,0.0239192498575664,-1,1,0.6,10,0
33.92,0.0240070169817202,-1,1,0.6,10,0
33.93,0.024094688077838,-1,1,0.6,10,0
33.94,0.0241822627952358,-1,1,0.6,10,0
33.95,0.0242697407836146,-1,1,0.6,10,0
33.96,0.0243571216930625,-1,1,0.6,10,0
33.97,0.0244444051740562,-1,1,0.6,10,0
33.98,0.0245315908774619,-1,1,0.6,10,0
33.99,0.0246186784545367,-1,1,0.6,10,0
34,0.0247056675569304,-1,1,0.6,10,0
34.01,0.0247925578366869,-1,1,0.6,10,0
34.02,0.0248793489462452,-1,1,0.6,10,0
34.03,0.0249660405384408,-1,1,0.6,10,0
34.04,0.0250526322665075,-1,1,0.6,10,0
34.05,0.0251391237840786,-1,1,0.6,10,0
34.06,0.0252255147451881,-1,1,0.6,10,0
34.07,0.0253118048042722,-1,1,0.6,10,0
34.08,0.0253979936161709,-1,1,0.6,10,0
34.09,0.025484080836129,-1,1,0.6,10,0
34.1,0.0255700661197976,-1,1,0.6,10,0
34.11,0.0256559491232359,-1,1,0.6,10,0
34.12,0.0257417295029119,-1,1,0.6,10,0
34.13,0.0258274069157043,-1,1,0.6,10,0
34.14,0.0259129810189034,-1,1,0.6,10,0
34.15,0.0259984514702129,-1,1,0.6,10,0
34.16,0.0260838179277513,-1,1,0.6,10,0
34.17,0.0261690800500527,-1,1,0.6,10,0
34.18,0.0262542374960689,-1,1,0.6,10,0
34.19,0.02633928992517,-1,1,0.6,10,0
34.2,0.0264242369971466,-1,1,0.6,10,0
34.21,0.0265090783722104,-1,1,0.6,10,0
34.22,0.026593813710996,-1,1,0.6,10,0
34.23,0.0266784426745623,-1,1,0.6,10,0
34.24,0.0267629649243935,-1,1,0.6,10,0
34.25,0.0268473801224006,-1,1,0.6,10,0
34.26,0.026931687930923,-1,1,0.6,10,0
34.27,0.0270158880127297,-1,1,0.6,10,0
34.28,0.0270999800310203,-1,1,0.6,10,0
34.29,0.0271839636494269,-1,1,0.6,10,0
34.3,0.0272678385320151,-1,1,0.6,10,0
34.31,0.0273516043432856,-1,1,0.6,10,0
34.32,0.0274352607481752,-1,1,0.6,10,0
34.33,0.0275188074120583,-1,1,0.6,10,0
34.34,0.0276022440007486,-1,1,0.6,10,0
34.35,0.0276855701804996,-1,1,0.6,10,0
34.36,0.0277687856180067,-1,1,0.6,10,0
34.37,0.0278518899804085,-1,1,0.6,10,0
34.38,0.0279348829352875,-1,1,0.6,10,0
34.39,0.0280177641506719,-1,1,0.6,10,0
34.4,0.0281005332950372,-1,1,0.6,10,0
34.41,0.0281831900373067,-1,1,0.6,10,0
34.42,0.0282657340468536,-1,1,0.6,10,0
34.43,0.0283481649935021,-1,1,0.6,10,0
34.44,0.0284304825475283,-1,1,0.6,10,0
34.45,0.0285126863796623,-1,1,0.6,10,0
34.46,0.0285947761610888,-1,1,0.6,10,0
34.47,0.0286767515634488,-1,1,0.6,10,0
34.48,0.0287586122588407,-1,1,0.6,10,0
34.49,0.028840357919822,-1,1,0.6,10,0
34.5,0.02892198821941,-1,1,0.6,10,0
34.51,0.0290035028310837,-1,1,0.6,10,0
34.52,0.0290849014287848,-1,1,0.6,10,0
34.53,0.0291661836869189,-1,1,0.6,10,0
34.54,0.0292473492803572,-1,1,0.6,10,0
34.55,0.0293283978844374,-1,1,0.6,10,0
34.56,0.0294093291749651,-1,1,0.6,10,0
34.57,0.0294901428282153,-1,1,0.6,10,0
34.58,0.0295708385209335,-1,1,0.6,10,0
34.59,0.0296514159303371,-1,1,0.6,10,0
34.6,0.0297318747341165,-1,1,0.6,10,0
34.61,0.0298122146104366,-1,1,0.6,10,0
34.62,0.0298924352379379,-1,1,0.6,10,0
34.63,0.0299725362957383,-1,1,0.6,10,0
34.64,0.0300525174634334,-1,1,0.6,10,0
34.65,0.0301323784210986,-1,1,0.6,10,0
34.66,0.0302121188492905,-1,1,0.6,10,0
34.67,0.0302917384290471,-1,1,0.6,10,0
34.68,0.0303712368418905,-1,1,0.6,10,0
34.69,0.0304506137698269,-1,1,0.6,10,0
34.7,0.030529868895349,-1,1,0.6,10,0
34.71,0.0306090019014361,-1,1,0.6,10,0
34.72,0.0306880124715564,-1,1,0.6,10,0
34.73,0.0307669002896678,-1,1,0.6,10,0
34.74,0.030845665040219,-1,1,0.6,10,0
34.75,0.0309243064081512,-1,1,0.6,10,0
34.76,0.031002824078899,-1,1,0.6,10,0
34.77,0.0310812177383918,-1,1,0.6,10,0
34.78,0.0311594870730551,-1,1,0.6,10,0
34.79,0.0312376317698117,-1,1,0.6,10,0
34.8,0.0313156515160828,-1,1,0.6,10,0
34.81,0.0313935459997896,-1,1,0.6,10,0
34.82,0.0314713149093543,-1,1,0.6,10,0
34.83,0.0315489579337013,-1,1,0.6,10,0
34.84,0.0316264747622587,-1,1,0.6,10,0
34.85,0.0317038650849591,-1,1,0.6,10,0
34.86,0.0317811285922415,-1,1,0.6,10,0
34.87,0.0318582649750519,-1,1,0.6,10,0
34.88,0.0319352739248449,-1,1,0.6,10,0
34.89,0.0320121551335847,-1,1,0.6,10,0
34.9,0.0320889082937467,-1,1,0.6,10,0
34.91,0.0321655330983183,-1,1,0.6,10,0
34.92,0.0322420292408004,-1,1,0.6,10,0
34.93,0.0323183964152085,-1,1,0.6,10,0
34.94,0.0323946343160741,-1,1,0.6,10,0
34.95,0.0324707426384456,-1,1,0.6,10,0
34.96,0.0325467210778898,-1,1,0.6,10,0
34.97,0.0326225693304931,-1,1,0.6,10,0
34.98,0.0326982870928626,-1,1,0.6,10,0
34.99,0.0327738740621273,-1,1,0.6,10,0
35,0.0328493299359395,-1,1,0.6,10,0
35.01,0.0329246544124757,-1,1,0.6,10,0
35.02,0.0329998471904382,-1,1,0.6,10,0
35.03,0.0330749079690559,-1,1,0.6,10,0
35.04,0.0331498364480858,-1,1,0.6,10,0
35.05,0.0332246323278142,-1,1,0.6,10,0
35.06,0.0332992953090575,-1,1,0.6,10,0
35.07,0.0333738250931639,-1,1,0.6,10,0
35.08,0.0334482213820145,-1,1,0.6,10,0
35.09,0.0335224838780242,-1,1,0.6,10,0
35.1,0.0335966122841431,-1,1,0.6,10,0
35.11,0.0336706063038576,-1,1,0.6,10,0
35.12,0.0337444656411918,-1,1,0.6,10,0
35.13,0.0338181900007085,-1,1,0.6,10,0
35.14,0.0338917790875102,-1,1,0.6,10,0
35.15,0.0339652326072407,-1,1,0.6,10,0
35.16,0.0340385502660862,-1,1,0.6,10,0
35.17,0.0341117317707759,-1,1,0.6,10,0
35.18,0.034184776828584,-1,1,0.6,10,0
35.19,0.0342576851473304,-1,1,0.6,10,0
35.2,0.034330456435382,-1,1,0.6,10,0
35.21,0.0344030904016535,-1,1,0.6,10,0
35.22,0.0344755867556093,-1,1,0.6,10,0
35.23,0.034547945207264,-1,1,0.6,10,0
35.24,0.034620165467184,-1,1,0.6,10,0
35.25,0.0346922472464882,-1,1,0.6,10,0
35.26,0.0347641902568497,-1,1,0.6,10,0
35.27,0.0348359942104966,-1,1,0.6,10,0
35.28,0.0349076588202131,-1,1,0.6,10,0
35.29,0.0349791837993408,-1,1,0.6,10,0
35.3,0.03505056886178,-1,1,0.6,10,0
35.31,0.0351218137219904,-1,1,0.6,10,0
35.32,0.0351929180949928,-1,1,0.6,10,0
35.33,0.0352638816963697,-1,1,0.6,10,0
35.34,0.0353347042422669,-1,1,0.6,10,0
35.35,0.0354053854493942,-1,1,0.6,10,0
35.36,0.0354759250350269,-1,1,0.6,10,0
35.37,0.0355463227170068,-1,1,0.6,10,0
35.38,0.0356165782137432,-1,1,0.6,10,0
35.39,0.0356866912442143,-1,1,0.6,10,0
35.4,0.0357566615279679,-1,1,0.6,10,0
35.41,0.0358264887851231,-1,1,0.6,10,0
35.42,0.035896172736371,-1,1,0.6,10,0
35.43,0.0359657131029757,-1,1,0.6,10,0
35.44,0.036035109606776,-1,1,0.6,10,0
35.45,0.036104361970186,-1,1,0.6,10,0
35.46,0.0361734699161961,-1,1,0.6,10,0
35.47,0.0362424331683749,-1,1,0.6,10,0
35.48,0.0363112514508693,-1,1,0.6,10,0
35.49,0.0363799244884063,-1,1,0.6,10,0
35.5,0.0364484520062938,-1,1,0.6,10,0
35.51,0.036516833730422,-1,1,0.6,10,0
35.52,0.0365850693872639,-1,1,0.6,10,0
35.53,0.036653158703877,-1,1,0.6,10,0
35.54,0.0367211014079042,-1,1,0.6,10,0
35.55,0.0367888972275747,-1,1,0.6,10,0
35.56,0.0368565458917054,-1,1,0.6,10,0
35.57,0.0369240471297016,-1,1,0.6,10,0
35.58,0.0369914006715585,-1,1,0.6,10,0
35.59,0.0370586062478621,-1,1,0.6,10,0
35.6,0.0371256635897901,-1,1,0.6,10,0
35.61,0.0371925724291132,-1,1,0.6,10,0
35.62,0.0372593324981962,-1,1,0.6,10,0
35.63,0.037325943529999,-1,1,0.6,10,0
35.64,0.0373924052580773,-1,1,0.6,10,0
35.65,0.0374587174165845,-1,1,0.6,10,0
35.66,0.037524879740272,-1,1,0.6,10,0
35.67,0.0375908919644905,-1,1,0.6,10,0
35.68,0.0376567538251912,-1,1,0.6,10,0
35.69,0.0377224650589269,-1,1,0.6,10,0
35.7,0.0377880254028527,-1,1,0.6,10,0
35.71,0.0378534345947272,-1,1,0.6,10,0
35.72,0.0379186923729139,-1,1,0.6,10,0
35.73,0.0379837984763816,-1,1,0.6,10,0
35.74,0.038048752644706,-1,1,0.6,10,0
35.75,0.0381135546180706,-1,1,0.6,10,0
35.76,0.0381782041372675,-1,1,0.6,10,0
35.77,0.0382427009436988,-1,1,0.6,10,0
35.78,0.0383070447793773,-1,1,0.6,10,0
35.79,0.0383712353869277,-1,1,0.6,10,0
35.8,0.0384352725095878,-1,1,0.6,10,0
35.81,0.0384991558912091,-1,1,0.6,10,0
35.82,0.0385628852762581,-1,1,0.6,10,0
35.83,0.0386264604098175,-1,1,0.6,10,0
35.84,0.0386898810375867,-1,1,0.6,10,0
35.85,0.0387531469058834,-1,1,0.6,10,0
35.86,0.0388162577616441,-1,1,0.6,10,0
35.87,0.0388792133524255,-1,1,0.6,10,0
35.88,0.0389420134264054,-1,1,0.6,10,0
35.89,0.0390046577323834,-1,1,0.6,10,0
35.9,0.0390671460197825,-1,1,0.6,10,0
35.91,0.0391294780386497,-1,1,0.6,10,0
35.92,0.0391916535396569,-1,1,0.6,10,0
35.93,0.0392536722741021,-1,1,0.6,10,0
35.94,0.0393155339939106,-1,1,0.6,10,0
35.95,0.0393772384516356,-1,1,0.6,10,0
35.96,0.0394387854004592,-1,1,0.6,10,0
35.97,0.0395001745941938,-1,1,0.6,10,0
35.98,0.0395614057872828,-1,1,0.6,10,0
35.99,0.0396224787348013,-1,1,0.6,10,0
36,0.0396833931924577,-1,1,0.6,10,0
36.01,0.0397441489165942,-1,1,0.6,10,0
36.02,0.0398047456641881,-1,1,0.6,10,0
36.03,0.0398651831928524,-1,1,0.6,10,0
36.04,0.039925461260837,-1,1,0.6,10,0
36.05,0.0399855796270299,-1,1,0.6,10,0
36.06,0.0400455380509576,-1,1,0.6,10,0
36.07,0.0401053362927865,-1,1,0.6,10,0
36.08,0.0401649741133236,-1,1,0.6,10,0
36.09,0.0402244512740179,-1,1,0.6,10,0
36.1,0.0402837675369607,-1,1,0.6,10,0
36.11,0.040342922664887,-1,1,0.6,10,0
36.12,0.0404019164211765,-1,1,0.6,10,0
36.13,0.0404607485698542,-1,1,0.6,10,0
36.14,0.0405194188755916,-1,1,0.6,10,0
36.15,0.0405779271037074,-1,1,0.6,10,0
36.16,0.040636273020169,-1,1,0.6,10,0
36.17,0.0406944563915927,-1,1,0.6,10,0
36.18,0.040752476985245,-1,1,0.6,10,0
36.19,0.0408103345690437,-1,1,0.6,10,0
36.2,0.0408680289115587,-1,1,0.6,10,0
36.21,0.0409255597820124,-1,1,0.6,10,0
36.22,0.0409829269502815,-1,1,0.6,10,0
36.23,0.0410401301868976,-1,1,0.6,10,0
36.24,0.0410971692630476,-1,1,0.6,10,0
36.25,0.0411540439505753,-1,1,0.6,10,0
36.26,0.0412107540219821,-1,1,0.6,10,0
36.27,0.0412672992504278,-1,1,0.6,10,0
36.28,0.0413236794097314,-1,1,0.6,10,0
36.29,0.0413798942743726,-1,1,0.6,10,0
36.3,0.0414359436194918,-1,1,0.6,10,0
36.31,0.0414918272208918,-1,1,0.6,10,0
36.32,0.0415475448550382,-1,1,0.6,10,0
36.33,0.0416030962990606,-1,1,0.6,10,0
36.34,0.0416584813307533,-1,1,0.6,10,0
36.35,0.0417136997285762,-1,1,0.6,10,0
36.36,0.0417687512716558,-1,1,0.6,10,0
36.37,0.041823635739786,-1,1,0.6,10,0
36.38,0.041878352913429,-1,1,0.6,10,0
36.39,0.0419329025737162,-1,1,0.6,10,0
36.4,0.041987284502449,-1,1,0.6,10,0
36.41,0.0420414984820998,-1,1,0.6,10,0
36.42,0.0420955442958127,-1,1,0.6,10,0
36.43,0.0421494217274046,-1,1,0.6,10,0
36.44,0.0422031305613657,-1,1,0.6,10,0
36.45,0.0422566705828609,-1,1,0.6,10,0
36.46,0.0423100415777301,-1,1,0.6,10,0
36.47,0.0423632433324894,-1,1,0.6,10,0
36.48,0.0424162756343318,-1,1,0.6,10,0
36.49,0.0424691382711283,-1,1,0.6,10,0
36.5,0.0425218310314282,-1,1,0.6,10,0
36.51,0.0425743537044608,-1,1,0.6,10,0
36.52,0.0426267060801353,-1,1,0.6,10,0
36.53,0.0426788879490424,-1,1,0.6,10,0
36.54,0.0427308991024545,-1,1,0.6,10,0
36.55,0.0427827393323272,-1,1,0.6,10,0
36.56,0.0428344084312996,-1,1,0.6,10,0
36.57,0.0428859061926954,-1,1,0.6,10,0
36.58,0.0429372324105236,-1,1,0.6,10,0
36.59,0.0429883868794795,-1,1,0.6,10,0
36.6,0.0430393693949451,-1,1,0.6,10,0
36.61,0.0430901797529905,-1,1,0.6,10,0
36.62,0.0431408177503744,-1,1,0.6,10,0
36.63,0.0431912831845448,-1,1,0.6,10,0
36.64,0.04324157585364,-1,1,0.6,10,0
36.65,0.0432916955564895,-1,1,0.6,10,0
36.66,0.0433416420926145,-1,1,0.6,10,0
36.67,0.0433914152622289,-1,1,0.6,10,0
36.68,0.0434410148662401,-1,1,0.6,10,0
36.69,0.0434904407062497,-1,1,0.6,10,0
36.7,0.0435396925845546,-1,1,0.6,10,0
36.71,0.0435887703041471,-1,1,0.6,10,0
36.72,0.0436376736687165,-1,1,0.6,10,0
36.73,0.0436864024826495,-1,1,0.6,10,0
36.74,0.0437349565510308,-1,1,0.6,10,0
36.75,0.0437833356796441,-1,1,0.6,10,0
36.76,0.0438315396749732,-1,1,0.6,10,0
36.77,0.043879568344202,-1,1,0.6,10,0
36.78,0.0439274214952159,-1,1,0.6,10,0
36.79,0.0439750989366023,-1,1,0.6,10,0
36.8,0.0440226004776517,-1,1,0.6,10,0
36.81,0.0440699259283579,-1,1,0.6,10,0
36.82,0.0441170750994191,-1,1,0.6,10,0
36.83,0.0441640478022387,-1,1,0.6,10,0
36.84,0.0442108438489261,-1,1,0.6,10,0
36.85,0.0442574630522969,-1,1,0.6,10,0
36.86,0.0443039052258746,-1,1,0.6,10,0
36.87,0.0443501701838904,-1,1,0.6,10,0
36.88,0.0443962577412847,-1,1,0.6,10,0
36.89,0.0444421677137071,-1,1,0.6,10,0
36.9,0.044487899917518,-1,1,0.6,10,0
36.91,0.0445334541697885,-1,1,0.6,10,0
36.92,0.0445788302883017,-1,1,0.6,10,0
36.93,0.0446240280915532,-1,1,0.6,10,0
36.94,0.0446690473987518,-1,1,0.6,10,0
36.95,0.0447138880298204,-1,1,0.6,10,0
36.96,0.0447585498053965,-1,1,0.6,10,0
36.97,0.0448030325468331,-1,1,0.6,10,0
36.98,0.0448473360761992,-1,1,0.6,10,0
36.99,0.0448914602162808,-1,1,0.6,10,0
37,0.0449354047905813,-1,1,0.6,10,0
37.01,0.0449791696233227,-1,1,0.6,10,0
37.02,0.0450227545394455,-1,1,0.6,10,0
37.03,0.0450661593646102,-1,1,0.6,10,0
37.04,0.0451093839251975,-1,1,0.6,10,0
37.05,0.0451524280483093,-1,1,0.6,10,0
37.06,0.045195291561769,-1,1,0.6,10,0
37.07,0.0452379742941228,-1,1,0.6,10,0
37.08,0.0452804760746397,-1,1,0.6,10,0
37.09,0.0453227967333127,-1,1,0.6,10,0
37.1,0.0453649361008592,-1,1,0.6,10,0
37.11,0.0454068940087218,-1,1,0.6,10,0
37.12,0.0454486702890689,-1,1,0.6,10,0
37.13,0.0454902647747954,-1,1,0.6,10,0
37.14,0.0455316772995235,-1,1,0.6,10,0
37.15,0.0455729076976031,-1,1,0.6,10,0
37.16,0.0456139558041127,-1,1,0.6,10,0
37.17,0.0456548214548598,-1,1,0.6,10,0
37.18,0.045695504486382,-1,1,0.6,10,0
37.19,0.0457360047359472,-1,1,0.6,10,0
37.2,0.0457763220415545,-1,1,0.6,10,0
37.21,0.0458164562419346,-1,1,0.6,10,0
37.22,0.0458564071765508,-1,1,0.6,10,0
37.23,0.0458961746855995,-1,1,0.6,10,0
37.24,0.0459357586100106,-1,1,0.6,10,0
37.25,0.0459751587914485,-1,1,0.6,10,0
37.26,0.0460143750723126,-1,1,0.6,10,0
37.27,0.0460534072957377,-1,1,0.6,10,0
37.28,0.0460922553055951,-1,1,0.6,10,0
37.29,0.0461309189464926,-1,1,0.6,10,0
37.3,0.046169398063776,-1,1,0.6,10,0
37.31,0.0462076925035286,-1,1,0.6,10,0
37.32,0.0462458021125728,-1,1,0.6,10,0
37.33,0.0462837267384702,-1,1,0.6,10,0
37.34,0.0463214662295224,-1,1,0.6,10,0
37.35,0.0463590204347714,-1,1,0.6,10,0
37.36,0.0463963892040005,-1,1,0.6,10,0
37.37,0.0464335723877346,-1,1,0.6,10,0
37.38,0.0464705698372411,-1,1,0.6,10,0
37.39,0.0465073814045302,-1,1,0.6,10,0
37.4,0.0465440069423557,-1,1,0.6,10,0
37.41,0.0465804463042155,-1,1,0.6,10,0
37.42,0.0466166993443522,-1,1,0.6,10,0
37.43,0.0466527659177536,-1,1,0.6,10,0
37.44,0.0466886458801536,-1,1,0.6,10,0
37.45,0.0467243390880323,-1,1,0.6,10,0
37.46,0.046759845398617,-1,1,0.6,10,0
37.47,0.0467951646698824,-1,1,0.6,10,0
37.48,0.0468302967605515,-1,1,0.6,10,0
37.49,0.0468652415300961,-1,1,0.6,10,0
37.5,0.0468999988387369,-1,1,0.6,10,0
37.51,0.046934568547445,-1,1,0.6,10,0
37.52,0.0469689505179415,-1,1,0.6,10,0
37.53,0.0470031446126985,-1,1,0.6,10,0
37.54,0.0470371506949397,-1,1,0.6,10,0
37.55,0.0470709686286409,-1,1,0.6,10,0
37.56,0.0471045982785303,-1,1,0.6,10,0
37.57,0.0471380395100895,-1,1,0.6,10,0
37.58,0.0471712921895534,-1,1,0.6,10,0
37.59,0.0472043561839114,-1,1,0.6,10,0
37.6,0.0472372313609077,-1,1,0.6,10,0
37.61,0.0472699175890415,-1,1,0.6,10,0
37.62,0.047302414737568,-1,1,0.6,10,0
37.63,0.0473347226764986,-1,1,0.6,10,0
37.64,0.0473668412766016,-1,1,0.6,10,0
37.65,0.0473987704094026,-1,1,0.6,10,0
37.66,0.0474305099471852,-1,1,0.6,10,0
37.67,0.0474620597629913,-1,1,0.6,10,0
37.68,0.0474934197306216,-1,1,0.6,10,0
37.69,0.0475245897246363,-1,1,0.6,10,0
37.7,0.0475555696203554,-1,1,0.6,10,0
37.71,0.0475863592938595,-1,1,0.6,10,0
37.72,0.0476169586219899,-1,1,0.6,10,0
37.73,0.0476473674823493,-1,1,0.6,10,0
37.74,0.0476775857533022,-1,1,0.6,10,0
37.75,0.0477076133139758,-1,1,0.6,10,0
37.76,0.0477374500442596,-1,1,0.6,10,0
37.77,0.047767095824807,-1,1,0.6,10,0
37.78,0.0477965505370347,-1,1,0.6,10,0
37.79,0.047825814063124,-1,1,0.6,10,0
37.8,0.0478548862860209,-1,1,0.6,10,0
37.81,0.0478837670894364,-1,1,0.6,10,0
37.82,0.0479124563578473,-1,1,0.6,10,0
37.83,0.0479409539764968,-1,1,0.6,10,0
37.84,0.0479692598313942,-1,1,0.6,10,0
37.85,0.0479973738093163,-1,1,0.6,10,0
37.86,0.0480252957978071,-1,1,0.6,10,0
37.87,0.0480530256851788,-1,1,0.6,10,0
37.88,0.0480805633605119,-1,1,0.6,10,0
37.89,0.0481079087136555,-1,1,0.6,10,0
37.9,0.0481350616352285,-1,1,0.6,10,0
37.91,0.0481620220166191,-1,1,0.6,10,0
37.92,0.0481887897499859,-1,1,0.6,10,0
37.93,0.0482153647282579,-1,1,0.6,10,0
37.94,0.0482417468451353,-1,1,0.6,10,0
37.95,0.0482679359950896,-1,1,0.6,10,0
37.96,0.0482939320733643,-1,1,0.6,10,0
37.97,0.0483197349759751,-1,1,0.6,10,0
37.98,0.0483453445997104,-1,1,0.6,10,0
37.99,0.0483707608421318,-1,1,0.6,10,0
38,0.0483959836015743,-1,1,0.6,10,0
38.01,0.048421012777147,-1,1,0.6,10,0
38.02,0.048445848268733,-1,1,0.6,10,0
38.03,0.0484704899769907,-1,1,0.6,10,0
38.04,0.048494937803353,-1,1,0.6,10,0
38.05,0.0485191916500287,-1,1,0.6,10,0
38.06,0.0485432514200026,-1,1,0.6,10,0
38.07,0.0485671170170355,-1,1,0.6,10,0
38.08,0.0485907883456651,-1,1,0.6,10,0
38.09,0.0486142653112061,-1,1,0.6,10,0
38.1,0.0486375478197507,-1,1,0.6,10,0
38.11,0.0486606357781688,-1,1,0.6,10,0
38.12,0.0486835290941088,-1,1,0.6,10,0
38.13,0.0487062276759972,-1,1,0.6,10,0
38.14,0.0487287314330399,-1,1,0.6,10,0
38.15,0.0487510402752218,-1,1,0.6,10,0
38.16,0.0487731541133076,-1,1,0.6,10,0
38.17,0.048795072858842,-1,1,0.6,10,0
38.18,0.0488167964241501,-1,1,0.6,10,0
38.19,0.0488383247223375,-1,1,0.6,10,0
38.2,0.0488596576672911,-1,1,0.6,10,0
38.21,0.0488807951736793,-1,1,0.6,10,0
38.22,0.0489017371569519,-1,1,0.6,10,0
38.23,0.0489224835333411,-1,1,0.6,10,0
38.24,0.0489430342198613,-1,1,0.6,10,0
38.25,0.04896338913431,-1,1,0.6,10,0
38.26,0.0489835481952674,-1,1,0.6,10,0
38.27,0.0490035113220973,-1,1,0.6,10,0
38.28,0.0490232784349473,-1,1,0.6,10,0
38.29,0.0490428494547489,-1,1,0.6,10,0
38.3,0.0490622243032181,-1,1,0.6,10,0
38.31,0.0490814029028555,-1,1,0.6,10,0
38.32,0.0491003851769467,-1,1,0.6,10,0
38.33,0.0491191710495627,-1,1,0.6,10,0
38.34,0.0491377604455599,-1,1,0.6,10,0
38.35,0.0491561532905809,-1,1,0.6,10,0
38.36,0.0491743495110543,-1,1,0.6,10,0
38.37,0.0491923490341952,-1,1,0.6,10,0
38.38,0.0492101517880056,-1,1,0.6,10,0
38.39,0.0492277577012744,-1,1,0.6,10,0
38.4,0.049245166703578,-1,1,0.6,10,0
38.41,0.0492623787252805,-1,1,0.6,10,0
38.42,0.0492793936975338,-1,1,0.6,10,0
38.43,0.049296211552278,-1,1,0.6,10,0
38.44,0.0493128322222417,-1,1,0.6,10,0
38.45,0.0493292556409423,-1,1,0.6,10,0
38.46,0.0493454817426861,-1,1,0.6,10,0
38.47,0.0493615104625687,-1,1,0.6,10,0
38.48,0.0493773417364752,-1,1,0.6,10,0
38.49,0.0493929755010807,-1,1,0.6,10,0
38.5,0.04940841169385,-1,1,0.6,10,0
38.51,0.0494236502530384,-1,1,0.6,10,0
38.52,0.0494386911176917,-1,1,0.6,10,0
38.53,0.0494535342276465,-1,1,0.6,10,0
38.54,0.0494681795235303,-1,1,0.6,10,0
38.55,0.0494826269467619,-1,1,0.6,10,0
38.56,0.0494968764395517,-1,1,0.6,10,0
38.57,0.0495109279449018,-1,1,0.6,10,0
38.58,0.0495247814066061,-1,1,0.6,10,0
38.59,0.0495384367692508,-1,1,0.6,10,0
38.6,0.0495518939782145,-1,1,0.6,10,0
38.61,0.0495651529796683,-1,1,0.6,10,0
38.62,0.0495782137205763,-1,1,0.6,10,0
38.63,0.0495910761486956,-1,1,0.6,10,0
38.64,0.0496037402125763,-1,1,0.6,10,0
38.65,0.0496162058615624,-1,1,0.6,10,0
38.66,0.0496284730457911,-1,1,0.6,10,0
38.67,0.0496405417161939,-1,1,0.6,10,0
38.68,0.0496524118244959,-1,1,0.6,10,0
38.69,0.0496640833232169,-1,1,0.6,10,0
38.7,0.0496755561656708,-1,1,0.6,10,0
38.71,0.0496868303059663,-1,1,0.6,10,0
38.72,0.0496979056990068,-1,1,0.6,10,0
38.73,0.0497087823004907,-1,1,0.6,10,0
38.74,0.0497194600669118,-1,1,0.6,10,0
38.75,0.0497299389555588,-1,1,0.6,10,0
38.76,0.0497402189245164,-1,1,0.6,10,0
38.77,0.0497502999326645,-1,1,0.6,10,0
38.78,0.0497601819396793,-1,1,0.6,10,0
38.79,0.0497698649060326,-1,1,0.6,10,0
38.8,0.0497793487929927,-1,1,0.6,10,0
38.81,0.049788633562624,-1,1,0.6,10,0
38.82,0.0497977191777875,-1,1,0.6,10,0
38.83,0.0498066056021406,-1,1,0.6,10,0
38.84,0.0498152928001377,-1,1,0.6,10,0
38.85,0.04982378073703,-1,1,0.6,10,0
38.86,0.0498320693788659,-1,1,0.6,10,0
38.87,0.0498401586924906,-1,1,0.6,10,0
38.88,0.049848048645547,-1,1,0.6,10,0
38.89,0.0498557392064753,-1,1,0.6,10,0
38.9,0.0498632303445133,-1,1,0.6,10,0
38.91,0.0498705220296964,-1,1,0.6,10,0
38.92,0.0498776142328578,-1,1,0.6,10,0
38.93,0.0498845069256288,-1,1,0.6,10,0
38.94,0.0498912000804386,-1,1,0.6,10,0
38.95,0.0498976936705147,-1,1,0.6,10,0
38.96,0.0499039876698825,-1,1,0.6,10,0
38.97,0.0499100820533663,-1,1,0.6,10,0
38.98,0.0499159767965883,-1,1,0.6,10,0
38.99,0.0499216718759698,-1,1,0.6,10,0
39,0.0499271672687303,-1,1,0.6,10,0
39.01,0.0499324629528882,-1,1,0.6,10,0
39.02,0.049937558907261,-1,1,0.6,10,0
39.03,0.0499424551114647,-1,1,0.6,10,0
39.04,0.0499471515459145,-1,1,0.6,10,0
39.05,0.0499516481918248,-1,1,0.6,10,0
39.06,0.0499559450312089,-1,1,0.6,10,0
39.07,0.0499600420468795,-1,1,0.6,10,0
39.08,0.0499639392224485,-1,1,0.6,10,0
39.09,0.0499676365423272,-1,1,0.6,10,0
39.1,0.0499711339917264,-1,1,0.6,10,0
39.11,0.0499744315566562,-1,1,0.6,10,0
39.12,0.0499775292239265,-1,1,0.6,10,0
39.13,0.0499804269811465,-1,1,0.6,10,0
39.14,0.0499831248167252,-1,1,0.6,10,0
39.15,0.0499856227198713,-1,1,0.6,10,0
39.16,0.0499879206805932,-1,1,0.6,10,0
39.17,0.0499900186896989,-1,1,0.6,10,0
39.18,0.0499919167387966,-1,1,0.6,10,0
39.19,0.049993614820294,-1,1,0.6,10,0
39.2,0.0499951129273988,-1,1,0.6,10,0
39.21,0.0499964110541185,-1,1,0.6,10,0
39.22,0.0499975091952606,-1,1,0.6,10,0
39.23,0.0499984073464327,-1,1,0.6,10,0
39.24,0.049999105504042,-1,1,0.6,10,0
39.25,0.0499996036652959,-1,1,0.6,10,0
39.26,0.0499999018282019,-1,1,0.6,10,0
39.27,0.0499999999915672,-1,1,0.6,10,0
39.28,0.0499998981549993,-1,1,0.6,10,0
39.29,0.0499995963189053,-1,1,0.6,10,0
39.3,0.0499990944844928,-1,1,0.6,10,0
39.31,0.049998392653769,-1,1,0.6,10,0
39.32,0.0499974908295412,-1,1,0.6,10,0
39.33,0.0499963890154168,-1,1,0.6,10,0
39.34,0.049995087215803,-1,1,0.6,10,0
39.35,0.0499935854359069,-1,1,0.6,10,0
39.36,0.0499918836817358,-1,1,0.6,10,0
39.37,0.0499899819600967,-1,1,0.6,10,0
39.38,0.0499878802785963,-1,1,0.6,10,0
39.39,0.0499855786456415,-1,1,0.6,10,0
39.4,0.0499830770704387,-1,1,0.6,10,0
39.41,0.0499803755629943,-1,1,0.6,10,0
39.42,0.0499774741341143,-1,1,0.6,10,0
39.43,0.0499743727954044,-1,1,0.6,10,0
39.44,0.0499710715592699,-1,1,0.6,10,0
39.45,0.0499675704389159,-1,1,0.6,10,0
39.46,0.0499638694483466,-1,1,0.6,10,0
39.47,0.0499599686023663,-1,1,0.6,10,0
39.48,0.0499558679165781,-1,1,0.6,10,0
39.49,0.0499515674073849,-1,1,0.6,10,0
39.5,0.0499470670919886,-1,1,0.6,10,0
39.51,0.0499423669883906,-1,1,0.6,10,0
39.52,0.0499374671153912,-1,1,0.6,10,0
39.53,0.0499323674925899,-1,1,0.6,10,0
39.54,0.0499270681403852,-1,1,0.6,10,0
39.55,0.0499215690799746,-1,1,0.6,10,0
39.56,0.0499158703333542,-1,1,0.6,10,0
39.57,0.049909971923319,-1,1,0.6,10,0
39.58,0.0499038738734626,-1,1,0.6,10,0
39.59,0.0498975762081773,-1,1,0.6,10,0
39.6,0.0498910789526537,-1,1,0.6,10,0
39.61,0.0498843821328808,-1,1,0.6,10,0
39.62,0.0498774857756459,-1,1,0.6,10,0
39.63,0.0498703899085344,-1,1,0.6,10,0
39.64,0.0498630945599298,-1,1,0.6,10,0
39.65,0.0498555997590134,-1,1,0.6,10,0
39.66,0.0498479055357644,-1,1,0.6,10,0
39.67,0.0498400119209597,-1,1,0.6,10,0
39.68,0.0498319189461739,-1,1,0.6,10,0
39.69,0.0498236266437787,-1,1,0.6,10,0
39.7,0.0498151350469433,-1,1,0.6,10,0
39.71,0.0498064441896342,-1,1,0.6,10,0
39.72,0.0497975541066147,-1,1,0.6,10,0
39.73,0.0497884648334452,-1,1,0.6,10,0
39.74,0.0497791764064827,-1,1,0.6,10,0
39.75,0.049769688862881,-1,1,0.6,10,0
39.76,0.0497600022405902,-1,1,0.6,10,0
39.77,0.0497501165783568,-1,1,0.6,10,0
39.78,0.0497400319157234,-1,1,0.6,10,0
39.79,0.0497297482930286,-1,1,0.6,10,0
39.8,0.049719265751407,-1,1,0.6,10,0
39.81,0.0497085843327887,-1,1,0.6,10,0
39.82,0.0496977040798993,-1,1,0.6,10,0
39.83,0.0496866250362599,-1,1,0.6,10,0
39.84,0.0496753472461866,-1,1,0.6,10,0
39.85,0.0496638707547905,-1,1,0.6,10,0
39.86,0.0496521956079776,-1,1,0.6,10,0
39.87,0.0496403218524485,-1,1,0.6,10,0
39.88,0.0496282495356982,-1,1,0.6,10,0
39.89,0.0496159787060159,-1,1,0.6,10,0
39.9,0.0496035094124849,-1,1,0.6,10,0
39.91,0.0495908417049824,-1,1,0.6,10,0
39.92,0.0495779756341792,-1,1,0.6,10,0
39.93,0.0495649112515396,-1,1,0.6,10,0
39.94,0.0495516486093211,-1,1,0.6,10,0
39.95,0.0495381877605742,-1,1,0.6,10,0
39.96,0.0495245287591423,-1,1,0.6,10,0
39.97,0.0495106716596614,-1,1,0.6,10,0
39.98,0.0494966165175599,-1,1,0.6,10,0
39.99,0.0494823633890583,-1,1,0.6,10,0
40,NaN,1,1,0.6,0,1
40.01,NaN,1,1,0.6,0,1
40.02,NaN,1,1,0.6,0,1
40.03,NaN,1,1,0.6,0,1
40.04,NaN,1,1,0.6,0,1
40.05,NaN,1,1,0.6,0,1
40.06,NaN,1,1,0.6,0,1
40.07,NaN,1,1,0.6,0,1
40.08,NaN,1,1,0.6,0,1
40.09,NaN,1,1,0.6,0,1
40.1,NaN,1,1,0.6,0,1
40.11,NaN,1,1,0.6,0,1
40.12,NaN,1,1,0.6,0,1
40.13,NaN,1,1,0.6,0,1
40.14,NaN,1,1,0.6,0,1
40.15,NaN,1,1,0.6,0,1
40.16,NaN,1,1,0.6,0,1
40.17,NaN,1,1,0.6,0,1
40.18,NaN,1,1,0.6,0,1
40.19,NaN,1,1,0.6,0,1
40.2,NaN,1,1,0.6,0,1
40.21,NaN,1,1,0.6,0,1
40.22,NaN,1,1,0.6,0,1
40.23,NaN,1,1,0.6,0,1
40.24,NaN,1,1,0.6,0,1
40.25,NaN,1,1,0.6,0,1
40.26,NaN,1,1,0.6,0,1
40.27,NaN,1,1,0.6,0,1
40.28,NaN,1,1,0.6,0,1
40.29,NaN,1,1,0.6,0,1
40.3,NaN,1,1,0.6,0,1
40.31,NaN,1,1,0.6,0,1
40.32,NaN,1,1,0.6,0,1
40.33,NaN,1,1,0.6,0,1
40.34,NaN,1,1,0.6,0,1
40.35,NaN,1,1,0.6,0,1
40.36,NaN,1,1,0.6,0,1
40.37,NaN,1,1,0.6,0,1
40.38,NaN,1,1,0.6,0,1
40.39,NaN,1,1,0.6,0,1
40.4,NaN,1,1,0.6,0,1
40.41,NaN,1,1,0.6,0,1
40.42,NaN,1,1,0.6,0,1
40.43,NaN,1,1,0.6,0,1
40.44,NaN,1,1,0.6,0,1
40.45,NaN,1,1,0.6,0,1
40.46,NaN,1,1,0.6,0,1
40.47,NaN,1,1,0.6,0,1
40.48,NaN,1,1,0.6,0,1
40.49,NaN,1,1,0.6,0,1
40.5,NaN,1,1,0.6,0,1
40.51,NaN,1,1,0.6,0,1
40.52,NaN,1,1,0.6,0,1
40.53,NaN,1,1,0.6,0,1
40.54,NaN,1,1,0.6,0,1
40.55,NaN,1,1,0.6,0,1
40.56,NaN,1,1,0.6,0,1
40.57,NaN,1,1,0.6,0,1
40.58,NaN,1,1,0.6,0,1
40.59,NaN,1,1,0.6,0,1
40.6,NaN,1,1,0.6,0,1
40.61,NaN,1,1,0.6,0,1
40.62,NaN,1,1,0.6,0,1
40.63,NaN,1,1,0.6,0,1
40.64,NaN,1,1,0.6,0,1
40.65,NaN,1,1,0.6,0,1
40.66,NaN,1,1,0.6,0,1
40.67,NaN,1,1,0.6,0,1
40.68,NaN,1,1,0.6,0,1
40.69,NaN,1,1,0.6,0,1
40.7,NaN,1,1,0.6,0,1
40.71,NaN,1,1,0.6,0,1
40.72,NaN,1,1,0.6,0,1
40.73,NaN,1,1,0.6,0,1
40.74,NaN,1,1,0.6,0,1
40.75,NaN,1,1,0.6,0,1
40.76,NaN,1,1,0.6,0,1
40.77,NaN,1,1,0.6,0,1
40.78,NaN,1,1,0.6,0,1
40.79,NaN,1,1,0.6,0,1
40.8,NaN,1,1,0.6,0,1
40.81,NaN,1,1,0.6,0,1
40.82,NaN,1,1,0.6,0,1
40.83,NaN,1,1,0.6,0,1
40.84,NaN,1,1,0.6,0,1
40.85,NaN,1,1,0.6,0,1
40.86,NaN,1,1,0.6,0,1
40.87,NaN,1,1,0.6,0,1
40.88,NaN,1,1,0.6,0,1
40.89,NaN,1,1,0.6,0,1
40.9,NaN,1,1,0.6,0,1
40.91,NaN,1,1,0.6,0,1
40.92,NaN,1,1,0.6,0,1
40.93,NaN,1,1,0.6,0,1
40.94,NaN,1,1,0.6,0,1
40.95,NaN,1,1,0.6,0,1
40.96,NaN,1,1,0.6,0,1
40.97,NaN,1,1,0.6,0,1
40.98,NaN,1,1,0.6,0,1
40.99,NaN,1,1,0.6,0,1
41,NaN,1,1,0.6,0,1
41.01,NaN,1,1,0.6,0,1
41.02,NaN,1,1,0.6,0,1
41.03,NaN,1,1,0.6,0,1
41.04,NaN,1,1,0.6,0,1
41.05,NaN,1,1,0.6,0,1
41.06,NaN,1,1,0.6,0,1
41.07,NaN,1,1,0.6,0,1
41.08,NaN,1,1,0.6,0,1
41.09,NaN,1,1,0.6,0,1
41.1,NaN,1,1,0.6,0,1
41.11,NaN,1,1,0.6,0,1
41.12,NaN,1,1,0.6,0,1
41.13,NaN,1,1,0.6,0,1
41.14,NaN,1,1,0.6,0,1
41.15,NaN,1,1,0.6,0,1
41.16,NaN,1,1,0.6,0,1
41.17,NaN,1,1,0.6,0,1
41.18,NaN,1,1,0.6,0,1
41.19,NaN,1,1,0.6,0,1
41.2,NaN,1,1,0.6,0,1
41.21,NaN,1,1,0.6,0,1
41.22,NaN,1,1,0.6,0,1
41.23,NaN,1,1,0.6,0,1
41.24,NaN,1,1,0.6,0,1
41.25,NaN,1,1,0.6,0,1
41.26,NaN,1,1,0.6,0,1
41.27,NaN,1,1,0.6,0,1
41.28,NaN,1,1,0.6,0,1
41.29,NaN,1,1,0.6,0,1
41.3,NaN,1,1,0.6,0,1
41.31,NaN,1,1,0.6,0,1
41.32,NaN,1,1,0.6,0,1
41.33,NaN,1,1,0.6,0,1
41.34,NaN,1,1,0.6,0,1
41.35,NaN,1,1,0.6,0,1
41.36,NaN,1,1,0.6,0,1
41.37,NaN,1,1,0.6,0,1
41.38,NaN,1,1,0.6,0,1
41.39,NaN,1,1,0.6,0,1
41.4,NaN,1,1,0.6,0,1
41.41,NaN,1,1,0.6,0,1
41.42,NaN,1,1,0.6,0,1
41.43,NaN,1,1,0.6,0,1
41.44,NaN,1,1,0.6,0,1
41.45,NaN,1,1,0.6,0,1
41.46,NaN,1,1,0.6,0,1
41.47,NaN,1,1,0.6,0,1
41.48,NaN,1,1,0.6,0,1
41.49,NaN,1,1,0.6,0,1
41.5,NaN,1,1,0.6,0,1
41.51,NaN,1,1,0.6,0,1
41.52,NaN,1,1,0.6,0,1
41.53,NaN,1,1,0.6,0,1
41.54,NaN,1,1,0.6,0,1
41.55,NaN,1,1,0.6,0,1
41.56,NaN,1,1,0.6,0,1
41.57,NaN,1,1,0.6,0,1
41.58,NaN,1,1,0.6,0,1
41.59,NaN,1,1,0.6,0,1
41.6,NaN,1,1,0.6,0,1
41.61,NaN,1,1,0.6,0,1
41.62,NaN,1,1,0.6,0,1
41.63,NaN,1,1,0.6,0,1
41.64,NaN,1,1,0.6,0,1
41.65,NaN,1,1,0.6,0,1
41.66,NaN,1,1,0.6,0,1
41.67,NaN,1,1,0.6,0,1
41.68,NaN,1,1,0.6,0,1
41.69,NaN,1,1,0.6,0,1
41.7,NaN,1,1,0.6,0,1
41.71,NaN,1,1,0.6,0,1
41.72,NaN,1,1,0.6,0,1
41.73,NaN,1,1,0.6,0,1
41.74,NaN,1,1,0.6,0,1
41.75,NaN,1,1,0.6,0,1
41.76,NaN,1,1,0.6,0,1
41.77,NaN,1,1,0.6,0,1
41.78,NaN,1,1,0.6,0,1
41.79,NaN,1,1,0.6,0,1
41.8,NaN,1,1,0.6,0,1
41.81,NaN,1,1,0.6,0,1
41.82,NaN,1,1,0.6,0,1
41.83,NaN,1,1,0.6,0,1
41.84,NaN,1,1,0.6,0,1
41.85,NaN,1,1,0.6,0,1
41.86,NaN,1,1,0.6,0,1
41.87,NaN,1,1,0.6,0,1
41.88,NaN,1,1,0.6,0,1
41.89,NaN,1,1,0.6,0,1
41.9,NaN,1,1,0.6,0,1
41.91,NaN,1,1,0.6,0,1
41.92,NaN,1,1,0.6,0,1
41.93,NaN,1,1,0.6,0,1
41.94,NaN,1,1,0.6,0,1
41.95,NaN,1,1,0.6,0,1
41.96,NaN,1,1,0.6,0,1
41.97,NaN,1,1,0.6,0,1
41.98,NaN,1,1,0.6,0,1
41.99,NaN,1,1,0.6,0,1
42,NaN,1,1,0.6,0,1
42.01,NaN,1,1,0.6,0,1
42.02,NaN,1,1,0.6,0,1
42.03,NaN,1,1,0.6,0,1
42.04,NaN,1,1,0.6,0,1
42.05,NaN,1,1,0.6,0,1
42.06,NaN,1,1,0.6,0,1
42.07,NaN,1,1,0.6,0,1
42.08,NaN,1,1,0.6,0,1
42.09,NaN,1,1,0.6,0,1
42.1,NaN,1,1,0.6,0,1
42.11,NaN,1,1,0.6,0,1
42.12,NaN,1,1,0.6,0,1
42.13,NaN,1,1,0.6,0,1
42.14,NaN,1,1,0.6,0,1
42.15,NaN,1,1,0.6,0,1
42.16,NaN,1,1,0.6,0,1
42.17,NaN,1,1,0.6,0,1
42.18,NaN,1,1,0.6,0,1
42.19,NaN,1,1,0.6,0,1
42.2,NaN,1,1,0.6,0,1
42.21,NaN,1,1,0.6,0,1
42.22,NaN,1,1,0.6,0,1
42.23,NaN,1,1,0.6,0,1
42.24,NaN,1,1,0.6,0,1
42.25,NaN,1,1,0.6,0,1
42.26,NaN,1,1,0.6,0,1
42.27,NaN,1,1,0.6,0,1
42.28,NaN,1,1,0.6,0,1
42.29,NaN,1,1,0.6,0,1
42.3,NaN,1,1,0.6,0,1
42.31,NaN,1,1,0.6,0,1
42.32,NaN,1,1,0.6,0,1
42.33,NaN,1,1,0.6,0,1
42.34,NaN,1,1,0.6,0,1
42.35,NaN,1,1,0.6,0,1
42.36,NaN,1,1,0.6,0,1
42.37,NaN,1,1,0.6,0,1
42.38,NaN,1,1,0.6,0,1
42.39,NaN,1,1,0.6,0,1
42.4,NaN,1,1,0.6,0,1
42.41,NaN,1,1,0.6,0,1
42.42,NaN,1,1,0.6,0,1
42.43,NaN,1,1,0.6,0,1
42.44,NaN,1,1,0.6,0,1
42.45,NaN,1,1,0.6,0,1
42.46,NaN,1,1,0.6,0,1
42.47,NaN,1,1,0.6,0,1
42.48,NaN,1,1,0.6,0,1
42.49,NaN,1,1,0.6,0,1
42.5,NaN,1,1,0.6,0,1
42.51,NaN,1,1,0.6,0,1
42.52,NaN,1,1,0.6,0,1
42.53,NaN,1,1,0.6,0,1
42.54,NaN,1,1,0.6,0,1
42.55,NaN,1,1,0.6,0,1
42.56,NaN,1,1,0.6,0,1
42.57,NaN,1,1,0.6,0,1
42.58,NaN,1,1,0.6,0,1
42.59,NaN,1,1,0.6,0,1
42.6,NaN,1,1,0.6,0,1
42.61,NaN,1,1,0.6,0,1
42.62,NaN,1,1,0.6,0,1
42.63,NaN,1,1,0.6,0,1
42.64,NaN,1,1,0.6,0,1
42.65,NaN,1,1,0.6,0,1
42.66,NaN,1,1,0.6,0,1
42.67,NaN,1,1,0.6,0,1
42.68,NaN,1,1,0.6,0,1
42.69,NaN,1,1,0.6,0,1
42.7,NaN,1,1,0.6,0,1
42.71,NaN,1,1,0.6,0,1
42.72,NaN,1,1,0.6,0,1
42.73,NaN,1,1,0.6,0,1
42.74,NaN,1,1,0.6,0,1
42.75,NaN,1,1,0.6,0,1
42.76,NaN,1,1,0.6,0,1
42.77,NaN,1,1,0.6,0,1
42.78,NaN,1,1,0.6,0,1
42.79,NaN,1,1,0.6,0,1
42.8,NaN,1,1,0.6,0,1
42.81,NaN,1,1,0.6,0,1
42.82,NaN,1,1,0.6,0,1
42.83,NaN,1,1,0.6,0,1
42.84,NaN,1,1,0.6,0,1
42.85,NaN,1,1,0.6,0,1
42.86,NaN,1,1,0.6,0,1
42.87,NaN,1,1,0.6,0,1
42.88,NaN,1,1,0.6,0,1
42.89,NaN,1,1,0.6,0,1
42.9,NaN,1,1,0.6,0,1
42.91,NaN,1,1,0.6,0,1
42.92,NaN,1,1,0.6,0,1
42.93,NaN,1,1,0.6,0,1
42.94,NaN,1,1,0.6,0,1
42.95,NaN,1,1,0.6,0,1
42.96,NaN,1,1,0.6,0,1
42.97,NaN,1,1,0.6,0,1
42.98,NaN,1,1,0.6,0,1
42.99,NaN,1,1,0.6,0,1
43,NaN,1,1,0.6,0,1
43.01,NaN,1,1,0.6,0,1
43.02,NaN,1,1,0.6,0,1
43.03,NaN,1,1,0.6,0,1
43.04,NaN,1,1,0.6,0,1
43.05,NaN,1,1,0.6,0,1
43.06,NaN,1,1,0.6,0,1
43.07,NaN,1,1,0.6,0,1
43.08,NaN,1,1,0.6,0,1
43.09,NaN,1,1,0.6,0,1
43.1,NaN,1,1,0.6,0,1
43.11,NaN,1,1,0.6,0,1
43.12,NaN,1,1,0.6,0,1
43.13,NaN,1,1,0.6,0,1
43.14,NaN,1,1,0.6,0,1
43.15,NaN,1,1,0.6,0,1
43.16,NaN,1,1,0.6,0,1
43.17,NaN,1,1,0.6,0,1
43.18,NaN,1,1,0.6,0,1
43.19,NaN,1,1,0.6,0,1
43.2,NaN,1,1,0.6,0,1
43.21,NaN,1,1,0.6,0,1
43.22,NaN,1,1,0.6,0,1
43.23,NaN,1,1,0.6,0,1
43.24,NaN,1,1,0.6,0,1
43.25,NaN,1,1,0.6,0,1
43.26,NaN,1,1,0.6,0,1
43.27,NaN,1,1,0.6,0,1
43.28,NaN,1,1,0.6,0,1
43.29,NaN,1,1,0.6,0,1
43.3,NaN,1,1,0.6,0,1
43.31,NaN,1,1,0.6,0,1
43.32,NaN,1,1,0.6,0,1
43.33,NaN,1,1,0.6,0,1
43.34,NaN,1,1,0.6,0,1
43.35,NaN,1,1,0.6,0,1
43.36,NaN,1,1,0.6,0,1
43.37,NaN,1,1,0.6,0,1
43.38,NaN,1,1,0.6,0,1
43.39,NaN,1,1,0.6,0,1
43.4,NaN,1,1,0.6,0,1
43.41,NaN,1,1,0.6,0,1
43.42,NaN,1,1,0.6,0,1
43.43,NaN,1,1,0.6,0,1
43.44,NaN,1,1,0.6,0,1
43.45,NaN,1,1,0.6,0,1
43.46,NaN,1,1,0.6,0,1
43.47,NaN,1,1,0.6,0,1
43.48,NaN,1,1,0.6,0,1
43.49,NaN,1,1,0.6,0,1
43.5,NaN,1,1,0.6,0,1
43.51,NaN,1,1,0.6,0,1
43.52,NaN,1,1,0.6,0,1
43.53,NaN,1,1,0.6,0,1
43.54,NaN,1,1,0.6,0,1
43.55,NaN,1,1,0.6,0,1
43.56,NaN,1,1,0.6,0,1
43.57,NaN,1,1,0.6,0,1
43.58,NaN,1,1,0.6,0,1
43.59,NaN,1,1,0.6,0,1
43.6,NaN,1,1,0.6,0,1
43.61,NaN,1,1,0.6,0,1
43.62,NaN,1,1,0.6,0,1
43.63,NaN,1,1,0.6,0,1
43.64,NaN,1,1,0.6,0,1
43.65,NaN,1,1,0.6,0,1
43.66,NaN,1,1,0.6,0,1
43.67,NaN,1,1,0.6,0,1
43.68,NaN,1,1,0.6,0,1
43.69,NaN,1,1,0.6,0,1
43.7,NaN,1,1,0.6,0,1
43.71,NaN,1,1,0.6,0,1
43.72,NaN,1,1,0.6,0,1
43.73,NaN,1,1,0.6,0,1
43.74,NaN,1,1,0.6,0,1
43.75,NaN,1,1,0.6,0,1
43.76,NaN,1,1,0.6,0,1
43.77,NaN,1,1,0.6,0,1
43.78,NaN,1,1,0.6,0,1
43.79,NaN,1,1,0.6,0,1
43.8,NaN,1,1,0.6,0,1
43.81,NaN,1,1,0.6,0,1
43.82,NaN,1,1,0.6,0,1
43.83,NaN,1,1,0.6,0,1
43.84,NaN,1,1,0.6,0,1
43.85,NaN,1,1,0.6,0,1
43.86,NaN,1,1,0.6,0,1
43.87,NaN,1,1,0.6,0,1
43.88,NaN,1,1,0.6,0,1
43.89,NaN,1,1,0.6,0,1
43.9,NaN,1,1,0.6,0,1
43.91,NaN,1,1,0.6,0,1
43.92,NaN,1,1,0.6,0,1
43.93,NaN,1,1,0.6,0,1
43.94,NaN,1,1,0.6,0,1
43.95,NaN,1,1,0.6,0,1
43.96,NaN,1,1,0.6,0,1
43.97,NaN,1,1,0.6,0,1
43.98,NaN,1,1,0.6,0,1
43.99,NaN,1,1,0.6,0,1
44,NaN,1,1,0.6,0,1
44.01,NaN,1,1,0.6,0,1
44.02,NaN,1,1,0.6,0,1
44.03,NaN,1,1,0.6,0,1
44.04,NaN,1,1,0.6,0,1
44.05,NaN,1,1,0.6,0,1
44.06,NaN,1,1,0.6,0,1
44.07,NaN,1,1,0.6,0,1
44.08,NaN,1,1,0.6,0,1
44.09,NaN,1,1,0.6,0,1
44.1,NaN,1,1,0.6,0,1
44.11,NaN,1,1,0.6,0,1
44.12,NaN,1,1,0.6,0,1
44.13,NaN,1,1,0.6,0,1
44.14,NaN,1,1,0.6,0,1
44.15,NaN,1,1,0.6,0,1
44.16,NaN,1,1,0.6,0,1
44.17,NaN,1,1,0.6,0,1
44.18,NaN,1,1,0.6,0,1
44.19,NaN,1,1,0.6,0,1
44.2,NaN,1,1,0.6,0,1
44.21,NaN,1,1,0.6,0,1
44.22,NaN,1,1,0.6,0,1
44.23,NaN,1,1,0.6,0,1
44.24,NaN,1,1,0.6,0,1
44.25,NaN,1,1,0.6,0,1
44.26,NaN,1,1,0.6,0,1
44.27,NaN,1,1,0.6,0,1
44.28,NaN,1,1,0.6,0,1
44.29,NaN,1,1,0.6,0,1
44.3,NaN,1,1,0.6,0,1
44.31,NaN,1,1,0.6,0,1
44.32,NaN,1,1,0.6,0,1
44.33,NaN,1,1,0.6,0,1
44.34,NaN,1,1,0.6,0,1
44.35,NaN,1,1,0.6,0,1
44.36,NaN,1,1,0.6,0,1
44.37,NaN,1,1,0.6,0,1
44.38,NaN,1,1,0.6,0,1
44.39,NaN,1,1,0.6,0,1
44.4,NaN,1,1,0.6,0,1
44.41,NaN,1,1,0.6,0,1
44.42,NaN,1,1,0.6,0,1
44.43,NaN,1,1,0.6,0,1
44.44,NaN,1,1,0.6,0,1
44.45,NaN,1,1,0.6,0,1
44.46,NaN,1,1,0.6,0,1
44.47,NaN,1,1,0.6,0,1
44.48,NaN,1,1,0.6,0,1
44.49,NaN,1,1,0.6,0,1
44.5,NaN,1,1,0.6,0,1
44.51,NaN,1,1,0.6,0,1
44.52,NaN,1,1,0.6,0,1
44.53,NaN,1,1,0.6,0,1
44.54,NaN,1,1,0.6,0,1
44.55,NaN,1,1,0.6,0,1
44.56,NaN,1,1,0.6,0,1
44.57,NaN,1,1,0.6,0,1
44.58,NaN,1,1,0.6,0,1
44.59,NaN,1,1,0.6,0,1
44.6,NaN,1,1,0.6,0,1
44.61,NaN,1,1,0.6,0,1
44.62,NaN,1,1,0.6,0,1
44.63,NaN,1,1,0.6,0,1
44.64,NaN,1,1,0.6,0,1
44.65,NaN,1,1,0.6,0,1
44.66,NaN,1,1,0.6,0,1
44.67,NaN,1,1,0.6,0,1
44.68,NaN,1,1,0.6,0,1
44.69,NaN,1,1,0.6,0,1
44.7,NaN,1,1,0.6,0,1
44.71,NaN,1,1,0.6,0,1
44.72,NaN,1,1,0.6,0,1
44.73,NaN,1,1,0.6,0,1
44.74,NaN,1,1,0.6,0,1
44.75,NaN,1,1,0.6,0,1
44.76,NaN,1,1,0.6,0,1
44.77,NaN,1,1,0.6,0,1
44.78,NaN,1,1,0.6,0,1
44.79,NaN,1,1,0.6,0,1
44.8,NaN,1,1,0.6,0,1
44.81,NaN,1,1,0.6,0,1
44.82,NaN,1,1,0.6,0,1
44.83,NaN,1,1,0.6,0,1
44.84,NaN,1,1,0.6,0,1
44.85,NaN,1,1,0.6,0,1
44.86,NaN,1,1,0.6,0,1
44.87,NaN,1,1,0.6,0,1
44.88,NaN,1,1,0.6,0,1
44.89,NaN,1,1,0.6,0,1
44.9,NaN,1,1,0.6,0,1
44.91,NaN,1,1,0.6,0,1
44.92,NaN,1,1,0.6,0,1
44.93,NaN,1,1,0.6,0,1
44.94,NaN,1,1,0.6,0,1
44.95,NaN,1,1,0.6,0,1
44.96,NaN,1,1,0.6,0,1
44.97,NaN,1,1,0.6,0,1
44.98,NaN,1,1,0.6,0,1
44.99,NaN,1,1,0.6,0,1
45,NaN,1,1,0.6,0,1
45.01,NaN,1,1,0.6,0,1
45.02,NaN,1,1,0.6,0,1
45.03,NaN,1,1,0.6,0,1
45.04,NaN,1,1,0.6,0,1
45.05,NaN,1,1,0.6,0,1
45.06,NaN,1,1,0.6,0,1
45.07,NaN,1,1,0.6,0,1
45.08,NaN,1,1,0.6,0,1
45.09,NaN,1,1,0.6,0,1
45.1,NaN,1,1,0.6,0,1
45.11,NaN,1,1,0.6,0,1
45.12,NaN,1,1,0.6,0,1
45.13,NaN,1,1,0.6,0,1
45.14,NaN,1,1,0.6,0,1
45.15,NaN,1,1,0.6,0,1
45.16,NaN,1,1,0.6,0,1
45.17,NaN,1,1,0.6,0,1
45.18,NaN,1,1,0.6,0,1
45.19,NaN,1,1,0.6,0,1
45.2,NaN,1,1,0.6,0,1
45.21,NaN,1,1,0.6,0,1
45.22,NaN,1,1,0.6,0,1
45.23,NaN,1,1,0.6,0,1
45.24,NaN,1,1,0.6,0,1
45.25,NaN,1,1,0.6,0,1
45.26,NaN,1,1,0.6,0,1
45.27,NaN,1,1,0.6,0,1
45.28,NaN,1,1,0.6,0,1
45.29,NaN,1,1,0.6,0,1
45.3,NaN,1,1,0.6,0,1
45.31,NaN,1,1,0.6,0,1
45.32,NaN,1,1,0.6,0,1
45.33,NaN,1,1,0.6,0,1
45.34,NaN,1,1,0.6,0,1
45.35,NaN,1,1,0.6,0,1
45.36,NaN,1,1,0.6,0,1
45.37,NaN,1,1,0.6,0,1
45.38,NaN,1,1,0.6,0,1
45.39,NaN,1,1,0.6,0,1
45.4,NaN,1,1,0.6,0,1
45.41,NaN,1,1,0.6,0,1
45.42,NaN,1,1,0.6,0,1
45.43,NaN,1,1,0.6,0,1
45.44,NaN,1,1,0.6,0,1
45.45,NaN,1,1,0.6,0,1
45.46,NaN,1,1,0.6,0,1
45.47,NaN,1,1,0.6,0,1
45.48,NaN,1,1,0.6,0,1
45.49,NaN,1,1,0.6,0,1
45.5,NaN,1,1,0.6,0,1
45.51,NaN,1,1,0.6,0,1
45.52,NaN,1,1,0.6,0,1
45.53,NaN,1,1,0.6,0,1
45.54,NaN,1,1,0.6,0,1
45.55,NaN,1,1,0.6,0,1
45.56,NaN,1,1,0.6,0,1
45.57,NaN,1,1,0.6,0,1
45.58,NaN,1,1,0.6,0,1
45.59,NaN,1,1,0.6,0,1
45.6,NaN,1,1,0.6,0,1
45.61,NaN,1,1,0.6,0,1
45.62,NaN,1,1,0.6,0,1
45.63,NaN,1,1,0.6,0,1
45.64,NaN,1,1,0.6,0,1
45.65,NaN,1,1,0.6,0,1
45.66,NaN,1,1,0.6,0,1
45.67,NaN,1,1,0.6,0,1
45.68,NaN,1,1,0.6,0,1
45.69,NaN,1,1,0.6,0,1
45.7,NaN,1,1,0.6,0,1
45.71,NaN,1,1,0.6,0,1
45.72,NaN,1,1,0.6,0,1
45.73,NaN,1,1,0.6,0,1
45.74,NaN,1,1,0.6,0,1
45.75,NaN,1,1,0.6,0,1
45.76,NaN,1,1,0.6,0,1
45.77,NaN,1,1,0.6,0,1
45.78,NaN,1,1,0.6,0,1
45.79,NaN,1,1,0.6,0,1
45.8,NaN,1,1,0.6,0,1
45.81,NaN,1,1,0.6,0,1
45.82,NaN,1,1,0.6,0,1
45.83,NaN,1,1,0.6,0,1
45.84,NaN,1,1,0.6,0,1
45.85,NaN,1,1,0.6,0,1
45.86,NaN,1,1,0.6,0,1
45.87,NaN,1,1,0.6,0,1
45.88,NaN,1,1,0.6,0,1
45.89,NaN,1,1,0.6,0,1
45.9,NaN,1,1,0.6,0,1
45.91,NaN,1,1,0.6,0,1
45.92,NaN,1,1,0.6,0,1
45.93,NaN,1,1,0.6,0,1
45.94,NaN,1,1,0.6,0,1
45.95,NaN,1,1,0.6,0,1
45.96,NaN,1,1,0.6,0,1
45.97,NaN,1,1,0.6,0,1
45.98,NaN,1,1,0.6,0,1
45.99,NaN,1,1,0.6,0,1
46,NaN,1,1,0.6,0,1
46.01,NaN,1,1,0.6,0,1
46.02,NaN,1,1,0.6,0,1
46.03,NaN,1,1,0.6,0,1
46.04,NaN,1,1,0.6,0,1
46.05,NaN,1,1,0.6,0,1
46.06,NaN,1,1,0.6,0,1
46.07,NaN,1,1,0.6,0,1
46.08,NaN,1,1,0.6,0,1
46.09,NaN,1,1,0.6,0,1
46.1,NaN,1,1,0.6,0,1
46.11,NaN,1,1,0.6,0,1
46.12,NaN,1,1,0.6,0,1
46.13,NaN,1,1,0.6,0,1
46.14,NaN,1,1,0.6,0,1
46.15,NaN,1,1,0.6,0,1
46.16,NaN,1,1,0.6,0,1
46.17,NaN,1,1,0.6,0,1
46.18,NaN,1,1,0.6,0,1
46.19,NaN,1,1,0.6,0,1
46.2,NaN,1,1,0.6,0,1
46.21,NaN,1,1,0.6,0,1
46.22,NaN,1,1,0.6,0,1
46.23,NaN,1,1,0.6,0,1
46.24,NaN,1,1,0.6,0,1
46.25,NaN,1,1,0.6,0,1
46.26,NaN,1,1,0.6,0,1
46.27,NaN,1,1,0.6,0,1
46.28,NaN,1,1,0.6,0,1
46.29,NaN,1,1,0.6,0,1
46.3,NaN,1,1,0.6,0,1
46.31,NaN,1,1,0.6,0,1
46.32,NaN,1,1,0.6,0,1
46.33,NaN,1,1,0.6,0,1
46.34,NaN,1,1,0.6,0,1
46.35,NaN,1,1,0.6,0,1
46.36,NaN,1,1,0.6,0,1
46.37,NaN,1,1,0.6,0,1
46.38,NaN,1,1,0.6,0,1
46.39,NaN,1,1,0.6,0,1
46.4,NaN,1,1,0.6,0,1
46.41,NaN,1,1,0.6,0,1
46.42,NaN,1,1,0.6,0,1
46.43,NaN,1,1,0.6,0,1
46.44,NaN,1,1,0.6,0,1
46.45,NaN,1,1,0.6,0,1
46.46,NaN,1,1,0.6,0,1
46.47,NaN,1,1,0.6,0,1
46.48,NaN,1,1,0.6,0,1
46.49,NaN,1,1,0.6,0,1
46.5,NaN,1,1,0.6,0,1
46.51,NaN,1,1,0.6,0,1
46.52,NaN,1,1,0.6,0,1
46.53,NaN,1,1,0.6,0,1
46.54,NaN,1,1,0.6,0,1
46.55,NaN,1,1,0.6,0,1
46.56,NaN,1,1,0.6,0,1
46.57,NaN,1,1,0.6,0,1
46.58,NaN,1,1,0.6,0,1
46.59,NaN,1,1,0.6,0,1
46.6,NaN,1,1,0.6,0,1
46.61,NaN,1,1,0.6,0,1
46.62,NaN,1,1,0.6,0,1
46.63,NaN,1,1,0.6,0,1
46.64,NaN,1,1,0.6,0,1
46.65,NaN,1,1,0.6,0,1
46.66,NaN,1,1,0.6,0,1
46.67,NaN,1,1,0.6,0,1
46.68,NaN,1,1,0.6,0,1
46.69,NaN,1,1,0.6,0,1
46.7,NaN,1,1,0.6,0,1
46.71,NaN,1,1,0.6,0,1
46.72,NaN,1,1,0.6,0,1
46.73,NaN,1,1,0.6,0,1
46.74,NaN,1,1,0.6,0,1
46.75,NaN,1,1,0.6,0,1
46.76,NaN,1,1,0.6,0,1
46.77,NaN,1,1,0.6,0,1
46.78,NaN,1,1,0.6,0,1
46.79,NaN,1,1,0.6,0,1
46.8,NaN,1,1,0.6,0,1
46.81,NaN,1,1,0.6,0,1
46.82,NaN,1,1,0.6,0,1
46.83,NaN,1,1,0.6,0,1
46.84,NaN,1,1,0.6,0,1
46.85,NaN,1,1,0.6,0,1
46.86,NaN,1,1,0.6,0,1
46.87,NaN,1,1,0.6,0,1
46.88,NaN,1,1,0.6,0,1
46.89,NaN,1,1,0.6,0,1
46.9,NaN,1,1,0.6,0,1
46.91,NaN,1,1,0.6,0,1
46.92,NaN,1,1,0.6,0,1
46.93,NaN,1,1,0.6,0,1
46.94,NaN,1,1,0.6,0,1
46.95,NaN,1,1,0.6,0,1
46.96,NaN,1,1,0.6,0,1
46.97,NaN,1,1,0.6,0,1
46.98,NaN,1,1,0.6,0,1
46.99,NaN,1,1,0.6,0,1
47,NaN,1,1,0.6,0,1
47.01,NaN,1,1,0.6,0,1
47.02,NaN,1,1,0.6,0,1
47.03,NaN,1,1,0.6,0,1
47.04,NaN,1,1,0.6,0,1
47.05,NaN,1,1,0.6,0,1
47.06,NaN,1,1,0.6,0,1
47.07,NaN,1,1,0.6,0,1
47.08,NaN,1,1,0.6,0,1
47.09,NaN,1,1,0.6,0,1
47.1,NaN,1,1,0.6,0,1
47.11,NaN,1,1,0.6,0,1
47.12,NaN,1,1,0.6,0,1
47.13,NaN,1,1,0.6,0,1
47.14,NaN,1,1,0.6,0,1
47.15,NaN,1,1,0.6,0,1
47.16,NaN,1,1,0.6,0,1
47.17,NaN,1,1,0.6,0,1
47.18,NaN,1,1,0.6,0,1
47.19,NaN,1,1,0.6,0,1
47.2,NaN,1,1,0.6,0,1
47.21,NaN,1,1,0.6,0,1
47.22,NaN,1,1,0.6,0,1
47.23,NaN,1,1,0.6,0,1
47.24,NaN,1,1,0.6,0,1
47.25,NaN,1,1,0.6,0,1
47.26,NaN,1,1,0.6,0,1
47.27,NaN,1,1,0.6,0,1
47.28,NaN,1,1,0.6,0,1
47.29,NaN,1,1,0.6,0,1
47.3,NaN,1,1,0.6,0,1
47.31,NaN,1,1,0.6,0,1
47.32,NaN,1,1,0.6,0,1
47.33,NaN,1,1,0.6,0,1
47.34,NaN,1,1,0.6,0,1
47.35,NaN,1,1,0.6,0,1
47.36,NaN,1,1,0.6,0,1
47.37,NaN,1,1,0.6,0,1
47.38,NaN,1,1,0.6,0,1
47.39,NaN,1,1,0.6,0,1
47.4,NaN,1,1,0.6,0,1
47.41,NaN,1,1,0.6,0,1
47.42,NaN,1,1,0.6,0,1
47.43,NaN,1,1,0.6,0,1
47.44,NaN,1,1,0.6,0,1
47.45,NaN,1,1,0.6,0,1
47.46,NaN,1,1,0.6,0,1
47.47,NaN,1,1,0.6,0,1
47.48,NaN,1,1,0.6,0,1
47.49,NaN,1,1,0.6,0,1
47.5,NaN,1,1,0.6,0,1
47.51,NaN,1,1,0.6,0,1
47.52,NaN,1,1,0.6,0,1
47.53,NaN,1,1,0.6,0,1
47.54,NaN,1,1,0.6,0,1
47.55,NaN,1,1,0.6,0,1
47.56,NaN,1,1,0.6,0,1
47.57,NaN,1,1,0.6,0,1
47.58,NaN,1,1,0.6,0,1
47.59,NaN,1,1,0.6,0,1
47.6,NaN,1,1,0.6,0,1
47.61,NaN,1,1,0.6,0,1
47.62,NaN,1,1,0.6,0,1
47.63,NaN,1,1,0.6,0,1
47.64,NaN,1,1,0.6,0,1
47.65,NaN,1,1,0.6,0,1
47.66,NaN,1,1,0.6,0,1
47.67,NaN,1,1,0.6,0,1
47.68,NaN,1,1,0.6,0,1
47.69,NaN,1,1,0.6,0,1
47.7,NaN,1,1,0.6,0,1
47.71,NaN,1,1,0.6,0,1
47.72,NaN,1,1,0.6,0,1
47.73,NaN,1,1,0.6,0,1
47.74,NaN,1,1,0.6,0,1
47.75,NaN,1,1,0.6,0,1
47.76,NaN,1,1,0.6,0,1
47.77,NaN,1,1,0.6,0,1
47.78,NaN,1,1,0.6,0,1
47.79,NaN,1,1,0.6,0,1
47.8,NaN,1,1,0.6,0,1
47.81,NaN,1,1,0.6,0,1
47.82,NaN,1,1,0.6,0,1
47.83,NaN,1,1,0.6,0,1
47.84,NaN,1,1,0.6,0,1
47.85,NaN,1,1,0.6,0,1
47.86,NaN,1,1,0.6,0,1
47.87,NaN,1,1,0.6,0,1
47.88,NaN,1,1,0.6,0,1
47.89,NaN,1,1,0.6,0,1
47.9,NaN,1,1,0.6,0,1
47.91,NaN,1,1,0.6,0,1
47.92,NaN,1,1,0.6,0,1
47.93,NaN,1,1,0.6,0,1
47.94,NaN,1,1,0.6,0,1
47.95,NaN,1,1,0.6,0,1
47.96,NaN,1,1,0.6,0,1
47.97,NaN,1,1,0.6,0,1
47.98,NaN,1,1,0.6,0,1
47.99,NaN,1,1,0.6,0,1
48,NaN,1,1,0.6,0,1
48.01,NaN,1,1,0.6,0,1
48.02,NaN,1,1,0.6,0,1
48.03,NaN,1,1,0.6,0,1
48.04,NaN,1,1,0.6,0,1
48.05,NaN,1,1,0.6,0,1
48.06,NaN,1,1,0.6,0,1
48.07,NaN,1,1,0.6,0,1
48.08,NaN,1,1,0.6,0,1
48.09,NaN,1,1,0.6,0,1
48.1,NaN,1,1,0.6,0,1
48.11,NaN,1,1,0.6,0,1
48.12,NaN,1,1,0.6,0,1
48.13,NaN,1,1,0.6,0,1
48.14,NaN,1,1,0.6,0,1
48.15,NaN,1,1,0.6,0,1
48.16,NaN,1,1,0.6,0,1
48.17,NaN,1,1,0.6,0,1
48.18,NaN,1,1,0.6,0,1
48.19,NaN,1,1,0.6,0,1
48.2,NaN,1,1,0.6,0,1
48.21,NaN,1,1,0.6,0,1
48.22,NaN,1,1,0.6,0,1
48.23,NaN,1,1,0.6,0,1
48.24,NaN,1,1,0.6,0,1
48.25,NaN,1,1,0.6,0,1
48.26,NaN,1,1,0.6,0,1
48.27,NaN,1,1,0.6,0,1
48.28,NaN,1,1,0.6,0,1
48.29,NaN,1,1,0.6,0,1
48.3,NaN,1,1,0.6,0,1
48.31,NaN,1,1,0.6,0,1
48.32,NaN,1,1,0.6,0,1
48.33,NaN,1,1,0.6,0,1
48.34,NaN,1,1,0.6,0,1
48.35,NaN,1,1,0.6,0,1
48.36,NaN,1,1,0.6,0,1
48.37,NaN,1,1,0.6,0,1
48.38,NaN,1,1,0.6,0,1
48.39,NaN,1,1,0.6,0,1
48.4,NaN,1,1,0.6,0,1
48.41,NaN,1,1,0.6,0,1
48.42,NaN,1,1,0.6,0,1
48.43,NaN,1,1,0.6,0,1
48.44,NaN,1,1,0.6,0,1
48.45,NaN,1,1,0.6,0,1
48.46,NaN,1,1,0.6,0,1
48.47,NaN,1,1,0.6,0,1
48.48,NaN,1,1,0.6,0,1
48.49,NaN,1,1,0.6,0,1
48.5,NaN,1,1,0.6,0,1
48.51,NaN,1,1,0.6,0,1
48.52,NaN,1,1,0.6,0,1
48.53,NaN,1,1,0.6,0,1
48.54,NaN,1,1,0.6,0,1
48.55,NaN,1,1,0.6,0,1
48.56,NaN,1,1,0.6,0,1
48.57,NaN,1,1,0.6,0,1
48.58,NaN,1,1,0.6,0,1
48.59,NaN,1,1,0.6,0,1
48.6,NaN,1,1,0.6,0,1
48.61,NaN,1,1,0.6,0,1
48.62,NaN,1,1,0.6,0,1
48.63,NaN,1,1,0.6,0,1
48.64,NaN,1,1,0.6,0,1
48.65,NaN,1,1,0.6,0,1
48.66,NaN,1,1,0.6,0,1
48.67,NaN,1,1,0.6,0,1
48.68,NaN,1,1,0.6,0,1
48.69,NaN,1,1,0.6,0,1
48.7,NaN,1,1,0.6,0,1
48.71,NaN,1,1,0.6,0,1
48.72,NaN,1,1,0.6,0,1
48.73,NaN,1,1,0.6,0,1
48.74,NaN,1,1,0.6,0,1
48.75,NaN,1,1,0.6,0,1
48.76,NaN,1,1,0.6,0,1
48.77,NaN,1,1,0.6,0,1
48.78,NaN,1,1,0.6,0,1
48.79,NaN,1,1,0.6,0,1
48.8,NaN,1,1,0.6,0,1
48.81,NaN,1,1,0.6,0,1
48.82,NaN,1,1,0.6,0,1
48.83,NaN,1,1,0.6,0,1
48.84,NaN,1,1,0.6,0,1
48.85,NaN,1,1,0.6,0,1
48.86,NaN,1,1,0.6,0,1
48.87,NaN,1,1,0.6,0,1
48.88,NaN,1,1,0.6,0,1
48.89,NaN,1,1,0.6,0,1
48.9,NaN,1,1,0.6,0,1
48.91,NaN,1,1,0.6,0,1
48.92,NaN,1,1,0.6,0,1
48.93,NaN,1,1,0.6,0,1
48.94,NaN,1,1,0.6,0,1
48.95,NaN,1,1,0.6,0,1
48.96,NaN,1,1,0.6,0,1
48.97,NaN,1,1,0.6,0,1
48.98,NaN,1,1,0.6,0,1
48.99,NaN,1,1,0.6,0,1
49,NaN,1,1,0.6,0,1
49.01,NaN,1,1,0.6,0,1
49.02,NaN,1,1,0.6,0,1
49.03,NaN,1,1,0.6,0,1
49.04,NaN,1,1,0.6,0,1
49.05,NaN,1,1,0.6,0,1
49.06,NaN,1,1,0.6,0,1
49.07,NaN,1,1,0.6,0,1
49.08,NaN,1,1,0.6,0,1
49.09,NaN,1,1,0.6,0,1
49.1,NaN,1,1,0.6,0,1
49.11,NaN,1,1,0.6,0,1
49.12,NaN,1,1,0.6,0,1
49.13,NaN,1,1,0.6,0,1
49.14,NaN,1,1,0.6,0,1
49.15,NaN,1,1,0.6,0,1
49.16,NaN,1,1,0.6,0,1
49.17,NaN,1,1,0.6,0,1
49.18,NaN,1,1,0.6,0,1
49.19,NaN,1,1,0.6,0,1
49.2,NaN,1,1,0.6,0,1
49.21,NaN,1,1,0.6,0,1
49.22,NaN,1,1,0.6,0,1
49.23,NaN,1,1,0.6,0,1
49.24,NaN,1,1,0.6,0,1
49.25,NaN,1,1,0.6,0,1
49.26,NaN,1,1,0.6,0,1
49.27,NaN,1,1,0.6,0,1
49.28,NaN,1,1,0.6,0,1
49.29,NaN,1,1,0.6,0,1
49.3,NaN,1,1,0.6,0,1
49.31,NaN,1,1,0.6,0,1
49.32,NaN,1,1,0.6,0,1
49.33,NaN,1,1,0.6,0,1
49.34,NaN,1,1,0.6,0,1
49.35,NaN,1,1,0.6,0,1
49.36,NaN,1,1,0.6,0,1
49.37,NaN,1,1,0.6,0,1
49.38,NaN,1,1,0.6,0,1
49.39,NaN,1,1,0.6,0,1
49.4,NaN,1,1,0.6,0,1
49.41,NaN,1,1,0.6,0,1
49.42,NaN,1,1,0.6,0,1
49.43,NaN,1,1,0.6,0,1
49.44,NaN,1,1,0.6,0,1
49.45,NaN,1,1,0.6,0,1
49.46,NaN,1,1,0.6,0,1
49.47,NaN,1,1,0.6,0,1
49.48,NaN,1,1,0.6,0,1
49.49,NaN,1,1,0.6,0,1
49.5,NaN,1,1,0.6,0,1
49.51,NaN,1,1,0.6,0,1
49.52,NaN,1,1,0.6,0,1
49.53,NaN,1,1,0.6,0,1
49.54,NaN,1,1,0.6,0,1
49.55,NaN,1,1,0.6,0,1
49.56,NaN,1,1,0.6,0,1
49.57,NaN,1,1,0.6,0,1
49.58,NaN,1,1,0.6,0,1
49.59,NaN,1,1,0.6,0,1
49.6,NaN,1,1,0.6,0,1
49.61,NaN,1,1,0.6,0,1
49.62,NaN,1,1,0.6,0,1
49.63,NaN,1,1,0.6,0,1
49.64,NaN,1,1,0.6,0,1
49.65,NaN,1,1,0.6,0,1
49.66,NaN,1,1,0.6,0,1
49.67,NaN,1,1,0.6,0,1
49.68,NaN,1,1,0.6,0,1
49.69,NaN,1,1,0.6,0,1
49.7,NaN,1,1,0.6,0,1
49.71,NaN,1,1,0.6,0,1
49.72,NaN,1,1,0.6,0,1
49.73,NaN,1,1,0.6,0,1
49.74,NaN,1,1,0.6,0,1
49.75,NaN,1,1,0.6,0,1
49.76,NaN,1,1,0.6,0,1
49.77,NaN,1,1,0.6,0,1
49.78,NaN,1,1,0.6,0,1
49.79,NaN,1,1,0.6,0,1
49.8,NaN,1,1,0.6,0,1
49.81,NaN,1,1,0.6,0,1
49.82,NaN,1,1,0.6,0,1
49.83,NaN,1,1,0.6,0,1
49.84,NaN,1,1,0.6,0,1
49.85,NaN,1,1,0.6,0,1
49.86,NaN,1,1,0.6,0,1
49.87,NaN,1,1,0.6,0,1
49.88,NaN,1,1,0.6,0,1
49.89,NaN,1,1,0.6,0,1
49.9,NaN,1,1,0.6,0,1
49.91,NaN,1,1,0.6,0,1
49.92,NaN,1,1,0.6,0,1
49.93,NaN,1,1,0.6,0,1
49.94,NaN,1,1,0.6,0,1
49.95,NaN,1,1,0.6,0,1
49.96,NaN,1,1,0.6,0,1
49.97,NaN,1,1,0.6,0,1
49.98,NaN,1,1,0.6,0,1
49.99,NaN,1,1,0.6,0,1
50,NaN,1,1,0.6,0,1
50.01,NaN,1,1,0.6,0,1
50.02,NaN,1,1,0.6,0,1
50.03,NaN,1,1,0.6,0,1
50.04,NaN,1,1,0.6,0,1
50.05,NaN,1,1,0.6,0,1
50.06,NaN,1,1,0.6,0,1
50.07,NaN,1,1,0.6,0,1
50.08,NaN,1,1,0.6,0,1
50.09,NaN,1,1,0.6,0,1
50.1,NaN,1,1,0.6,0,1
50.11,NaN,1,1,0.6,0,1
50.12,NaN,1,1,0.6,0,1
50.13,NaN,1,1,0.6,0,1
50.14,NaN,1,1,0.6,0,1
50.15,NaN,1,1,0.6,0,1
50.16,NaN,1,1,0.6,0,1
50.17,NaN,1,1,0.6,0,1
50.18,NaN,1,1,0.6,0,1
50.19,NaN,1,1,0.6,0,1
50.2,NaN,1,1,0.6,0,1
50.21,NaN,1,1,0.6,0,1
50.22,NaN,1,1,0.6,0,1
50.23,NaN,1,1,0.6,0,1
50.24,NaN,1,1,0.6,0,1
50.25,NaN,1,1,0.6,0,1
50.26,NaN,1,1,0.6,0,1
50.27,NaN,1,1,0.6,0,1
50.28,NaN,1,1,0.6,0,1
50.29,NaN,1,1,0.6,0,1
50.3,NaN,1,1,0.6,0,1
50.31,NaN,1,1,0.6,0,1
50.32,NaN,1,1,0.6,0,1
50.33,NaN,1,1,0.6,0,1
50.34,NaN,1,1,0.6,0,1
50.35,NaN,1,1,0.6,0,1
50.36,NaN,1,1,0.6,0,1
50.37,NaN,1,1,0.6,0,1
50.38,NaN,1,1,0.6,0,1
50.39,NaN,1,1,0.6,0,1
50.4,NaN,1,1,0.6,0,1
50.41,NaN,1,1,0.6,0,1
50.42,NaN,1,1,0.6,0,1
50.43,NaN,1,1,0.6,0,1
50.44,NaN,1,1,0.6,0,1
50.45,NaN,1,1,0.6,0,1
50.46,NaN,1,1,0.6,0,1
50.47,NaN,1,1,0.6,0,1
50.48,NaN,1,1,0.6,0,1
50.49,NaN,1,1,0.6,0,1
50.5,NaN,1,1,0.6,0,1
50.51,NaN,1,1,0.6,0,1
50.52,NaN,1,1,0.6,0,1
50.53,NaN,1,1,0.6,0,1
50.54,NaN,1,1,0.6,0,1
50.55,NaN,1,1,0.6,0,1
50.56,NaN,1,1,0.6,0,1
50.57,NaN,1,1,0.6,0,1
50.58,NaN,1,1,0.6,0,1
50.59,NaN,1,1,0.6,0,1
50.6,NaN,1,1,0.6,0,1
50.61,NaN,1,1,0.6,0,1
50.62,NaN,1,1,0.6,0,1
50.63,NaN,1,1,0.6,0,1
50.64,NaN,1,1,0.6,0,1
50.65,NaN,1,1,0.6,0,1
50.66,NaN,1,1,0.6,0,1
50.67,NaN,1,1,0.6,0,1
50.68,NaN,1,1,0.6,0,1
50.69,NaN,1,1,0.6,0,1
50.7,NaN,1,1,0.6,0,1
50.71,NaN,1,1,0.6,0,1
50.72,NaN,1,1,0.6,0,1
50.73,NaN,1,1,0.6,0,1
50.74,NaN,1,1,0.6,0,1
50.75,NaN,1,1,0.6,0,1
50.76,NaN,1,1,0.6,0,1
50.77,NaN,1,1,0.6,0,1
50.78,NaN,1,1,0.6,0,1
50.79,NaN,1,1,0.6,0,1
50.8,NaN,1,1,0.6,0,1
50.81,NaN,1,1,0.6,0,1
50.82,NaN,1,1,0.6,0,1
50.83,NaN,1,1,0.6,0,1
50.84,NaN,1,1,0.6,0,1
50.85,NaN,1,1,0.6,0,1
50.86,NaN,1,1,0.6,0,1
50.87,NaN,1,1,0.6,0,1
50.88,NaN,1,1,0.6,0,1
50.89,NaN,1,1,0.6,0,1
50.9,NaN,1,1,0.6,0,1
50.91,NaN,1,1,0.6,0,1
50.92,NaN,1,1,0.6,0,1
50.93,NaN,1,1,0.6,0,1
50.94,NaN,1,1,0.6,0,1
50.95,NaN,1,1,0.6,0,1
50.96,NaN,1,1,0.6,0,1
50.97,NaN,1,1,0.6,0,1
50.98,NaN,1,1,0.6,0,1
50.99,NaN,1,1,0.6,0,1
51,NaN,1,1,0.6,0,1
51.01,NaN,1,1,0.6,0,1
51.02,NaN,1,1,0.6,0,1
51.03,NaN,1,1,0.6,0,1
51.04,NaN,1,1,0.6,0,1
51.05,NaN,1,1,0.6,0,1
51.06,NaN,1,1,0.6,0,1
51.07,NaN,1,1,0.6,0,1
51.08,NaN,1,1,0.6,0,1
51.09,NaN,1,1,0.6,0,1
51.1,NaN,1,1,0.6,0,1
51.11,NaN,1,1,0.6,0,1
51.12,NaN,1,1,0.6,0,1
51.13,NaN,1,1,0.6,0,1
51.14,NaN,1,1,0.6,0,1
51.15,NaN,1,1,0.6,0,1
51.16,NaN,1,1,0.6,0,1
51.17,NaN,1,1,0.6,0,1
51.18,NaN,1,1,0.6,0,1
51.19,NaN,1,1,0.6,0,1
51.2,NaN,1,1,0.6,0,1
51.21,NaN,1,1,0.6,0,1
51.22,NaN,1,1,0.6,0,1
51.23,NaN,1,1,0.6,0,1
51.24,NaN,1,1,0.6,0,1
51.25,NaN,1,1,0.6,0,1
51.26,NaN,1,1,0.6,0,1
51.27,NaN,1,1,0.6,0,1
51.28,NaN,1,1,0.6,0,1
51.29,NaN,1,1,0.6,0,1
51.3,NaN,1,1,0.6,0,1
51.31,NaN,1,1,0.6,0,1
51.32,NaN,1,1,0.6,0,1
51.33,NaN,1,1,0.6,0,1
51.34,NaN,1,1,0.6,0,1
51.35,NaN,1,1,0.6,0,1
51.36,NaN,1,1,0.6,0,1
51.37,NaN,1,1,0.6,0,1
51.38,NaN,1,1,0.6,0,1
51.39,NaN,1,1,0.6,0,1
51.4,NaN,1,1,0.6,0,1
51.41,NaN,1,1,0.6,0,1
51.42,NaN,1,1,0.6,0,1
51.43,NaN,1,1,0.6,0,1
51.44,NaN,1,1,0.6,0,1
51.45,NaN,1,1,0.6,0,1
51.46,NaN,1,1,0.6,0,1
51.47,NaN,1,1,0.6,0,1
51.48,NaN,1,1,0.6,0,1
51.49,NaN,1,1,0.6,0,1
51.5,NaN,1,1,0.6,0,1
51.51,NaN,1,1,0.6,0,1
51.52,NaN,1,1,0.6,0,1
51.53,NaN,1,1,0.6,0,1
51.54,NaN,1,1,0.6,0,1
51.55,NaN,1,1,0.6,0,1
51.56,NaN,1,1,0.6,0,1
51.57,NaN,1,1,0.6,0,1
51.58,NaN,1,1,0.6,0,1
51.59,NaN,1,1,0.6,0,1
51.6,NaN,1,1,0.6,0,1
51.61,NaN,1,1,0.6,0,1
51.62,NaN,1,1,0.6,0,1
51.63,NaN,1,1,0.6,0,1
51.64,NaN,1,1,0.6,0,1
51.65,NaN,1,1,0.6,0,1
51.66,NaN,1,1,0.6,0,1
51.67,NaN,1,1,0.6,0,1
51.68,NaN,1,1,0.6,0,1
51.69,NaN,1,1,0.6,0,1
51.7,NaN,1,1,0.6,0,1
51.71,NaN,1,1,0.6,0,1
51.72,NaN,1,1,0.6,0,1
51.73,NaN,1,1,0.6,0,1
51.74,NaN,1,1,0.6,0,1
51.75,NaN,1,1,0.6,0,1
51.76,NaN,1,1,0.6,0,1
51.77,NaN,1,1,0.6,0,1
51.78,NaN,1,1,0.6,0,1
51.79,NaN,1,1,0.6,0,1
51.8,NaN,1,1,0.6,0,1
51.81,NaN,1,1,0.6,0,1
51.82,NaN,1,1,0.6,0,1
51.83,NaN,1,1,0.6,0,1
51.84,NaN,1,1,0.6,0,1
51.85,NaN,1,1,0.6,0,1
51.86,NaN,1,1,0.6,0,1
51.87,NaN,1,1,0.6,0,1
51.88,NaN,1,1,0.6,0,1
51.89,NaN,1,1,0.6,0,1
51.9,NaN,1,1,0.6,0,1
51.91,NaN,1,1,0.6,0,1
51.92,NaN,1,1,0.6,0,1
51.93,NaN,1,1,0.6,0,1
51.94,NaN,1,1,0.6,0,1
51.95,NaN,1,1,0.6,0,1
51.96,NaN,1,1,0.6,0,1
51.97,NaN,1,1,0.6,0,1
51.98,NaN,1,1,0.6,0,1
51.99,NaN,1,1,0.6,0,1
52,NaN,1,1,0.6,0,1
52.01,NaN,1,1,0.6,0,1
52.02,NaN,1,1,0.6,0,1
52.03,NaN,1,1,0.6,0,1
52.04,NaN,1,1,0.6,0,1
52.05,NaN,1,1,0.6,0,1
52.06,NaN,1,1,0.6,0,1
52.07,NaN,1,1,0.6,0,1
52.08,NaN,1,1,0.6,0,1
52.09,NaN,1,1,0.6,0,1
52.1,NaN,1,1,0.6,0,1
52.11,NaN,1,1,0.6,0,1
52.12,NaN,1,1,0.6,0,1
52.13,NaN,1,1,0.6,0,1
52.14,NaN,1,1,0.6,0,1
52.15,NaN,1,1,0.6,0,1
52.16,NaN,1,1,0.6,0,1
52.17,NaN,1,1,0.6,0,1
52.18,NaN,1,1,0.6,0,1
52.19,NaN,1,1,0.6,0,1
52.2,NaN,1,1,0.6,0,1
52.21,NaN,1,1,0.6,0,1
52.22,NaN,1,1,0.6,0,1
52.23,NaN,1,1,0.6,0,1
52.24,NaN,1,1,0.6,0,1
52.25,NaN,1,1,0.6,0,1
52.26,NaN,1,1,0.6,0,1
52.27,NaN,1,1,0.6,0,1
52.28,NaN,1,1,0.6,0,1
52.29,NaN,1,1,0.6,0,1
52.3,NaN,1,1,0.6,0,1
52.31,NaN,1,1,0.6,0,1
52.32,NaN,1,1,0.6,0,1
52.33,NaN,1,1,0.6,0,1
52.34,NaN,1,1,0.6,0,1
52.35,NaN,1,1,0.6,0,1
52.36,NaN,1,1,0.6,0,1
52.37,NaN,1,1,0.6,0,1
52.38,NaN,1,1,0.6,0,1
52.39,NaN,1,1,0.6,0,1
52.4,NaN,1,1,0.6,0,1
52.41,NaN,1,1,0.6,0,1
52.42,NaN,1,1,0.6,0,1
52.43,NaN,1,1,0.6,0,1
52.44,NaN,1,1,0.6,0,1
52.45,NaN,1,1,0.6,0,1
52.46,NaN,1,1,0.6,0,1
52.47,NaN,1,1,0.6,0,1
52.48,NaN,1,1,0.6,0,1
52.49,NaN,1,1,0.6,0,1
52.5,NaN,1,1,0.6,0,1
52.51,NaN,1,1,0.6,0,1
52.52,NaN,1,1,0.6,0,1
52.53,NaN,1,1,0.6,0,1
52.54,NaN,1,1,0.6,0,1
52.55,NaN,1,1,0.6,0,1
52.56,NaN,1,1,0.6,0,1
52.57,NaN,1,1,0.6,0,1
52.58,NaN,1,1,0.6,0,1
52.59,NaN,1,1,0.6,0,1
52.6,NaN,1,1,0.6,0,1
52.61,NaN,1,1,0.6,0,1
52.62,NaN,1,1,0.6,0,1
52.63,NaN,1,1,0.6,0,1
52.64,NaN,1,1,0.6,0,1
52.65,NaN,1,1,0.6,0,1
52.66,NaN,1,1,0.6,0,1
52.67,NaN,1,1,0.6,0,1
52.68,NaN,1,1,0.6,0,1
52.69,NaN,1,1,0.6,0,1
52.7,NaN,1,1,0.6,0,1
52.71,NaN,1,1,0.6,0,1
52.72,NaN,1,1,0.6,0,1
52.73,NaN,1,1,0.6,0,1
52.74,NaN,1,1,0.6,0,1
52.75,NaN,1,1,0.6,0,1
52.76,NaN,1,1,0.6,0,1
52.77,NaN,1,1,0.6,0,1
52.78,NaN,1,1,0.6,0,1
52.79,NaN,1,1,0.6,0,1
52.8,NaN,1,1,0.6,0,1
52.81,NaN,1,1,0.6,0,1
52.82,NaN,1,1,0.6,0,1
52.83,NaN,1,1,0.6,0,1
52.84,NaN,1,1,0.6,0,1
52.85,NaN,1,1,0.6,0,1
52.86,NaN,1,1,0.6,0,1
52.87,NaN,1,1,0.6,0,1
52.88,NaN,1,1,0.6,0,1
52.89,NaN,1,1,0.6,0,1
52.9,NaN,1,1,0.6,0,1
52.91,NaN,1,1,0.6,0,1
52.92,NaN,1,1,0.6,0,1
52.93,NaN,1,1,0.6,0,1
52.94,NaN,1,1,0.6,0,1
52.95,NaN,1,1,0.6,0,1
52.96,NaN,1,1,0.6,0,1
52.97,NaN,1,1,0.6,0,1
52.98,NaN,1,1,0.6,0,1
52.99,NaN,1,1,0.6,0,1
53,NaN,1,1,0.6,0,1
53.01,NaN,1,1,0.6,0,1
53.02,NaN,1,1,0.6,0,1
53.03,NaN,1,1,0.6,0,1
53.04,NaN,1,1,0.6,0,1
53.05,NaN,1,1,0.6,0,1
53.06,NaN,1,1,0.6,0,1
53.07,NaN,1,1,0.6,0,1
53.08,NaN,1,1,0.6,0,1
53.09,NaN,1,1,0.6,0,1
53.1,NaN,1,1,0.6,0,1
53.11,NaN,1,1,0.6,0,1
53.12,NaN,1,1,0.6,0,1
53.13,NaN,1,1,0.6,0,1
53.14,NaN,1,1,0.6,0,1
53.15,NaN,1,1,0.6,0,1
53.16,NaN,1,1,0.6,0,1
53.17,NaN,1,1,0.6,0,1
53.18,NaN,1,1,0.6,0,1
53.19,NaN,1,1,0.6,0,1
53.2,NaN,1,1,0.6,0,1
53.21,NaN,1,1,0.6,0,1
53.22,NaN,1,1,0.6,0,1
53.23,NaN,1,1,0.6,0,1
53.24,NaN,1,1,0.6,0,1
53.25,NaN,1,1,0.6,0,1
53.26,NaN,1,1,0.6,0,1
53.27,NaN,1,1,0.6,0,1
53.28,NaN,1,1,0.6,0,1
53.29,NaN,1,1,0.6,0,1
53.3,NaN,1,1,0.6,0,1
53.31,NaN,1,1,0.6,0,1
53.32,NaN,1,1,0.6,0,1
53.33,NaN,1,1,0.6,0,1
53.34,NaN,1,1,0.6,0,1
53.35,NaN,1,1,0.6,0,1
53.36,NaN,1,1,0.6,0,1
53.37,NaN,1,1,0.6,0,1
53.38,NaN,1,1,0.6,0,1
53.39,NaN,1,1,0.6,0,1
53.4,NaN,1,1,0.6,0,1
53.41,NaN,1,1,0.6,0,1
53.42,NaN,1,1,0.6,0,1
53.43,NaN,1,1,0.6,0,1
53.44,NaN,1,1,0.6,0,1
53.45,NaN,1,1,0.6,0,1
53.46,NaN,1,1,0.6,0,1
53.47,NaN,1,1,0.6,0,1
53.48,NaN,1,1,0.6,0,1
53.49,NaN,1,1,0.6,0,1
53.5,NaN,1,1,0.6,0,1
53.51,NaN,1,1,0.6,0,1
53.52,NaN,1,1,0.6,0,1
53.53,NaN,1,1,0.6,0,1
53.54,NaN,1,1,0.6,0,1
53.55,NaN,1,1,0.6,0,1
53.56,NaN,1,1,0.6,0,1
53.57,NaN,1,1,0.6,0,1
53.58,NaN,1,1,0.6,0,1
53.59,NaN,1,1,0.6,0,1
53.6,NaN,1,1,0.6,0,1
53.61,NaN,1,1,0.6,0,1
53.62,NaN,1,1,0.6,0,1
53.63,NaN,1,1,0.6,0,1
53.64,NaN,1,1,0.6,0,1
53.65,NaN,1,1,0.6,0,1
53.66,NaN,1,1,0.6,0,1
53.67,NaN,1,1,0.6,0,1
53.68,NaN,1,1,0.6,0,1
53.69,NaN,1,1,0.6,0,1
53.7,NaN,1,1,0.6,0,1
53.71,NaN,1,1,0.6,0,1
53.72,NaN,1,1,0.6,0,1
53.73,NaN,1,1,0.6,0,1
53.74,NaN,1,1,0.6,0,1
53.75,NaN,1,1,0.6,0,1
53.76,NaN,1,1,0.6,0,1
53.77,NaN,1,1,0.6,0,1
53.78,NaN,1,1,0.6,0,1
53.79,NaN,1,1,0.6,0,1
53.8,NaN,1,1,0.6,0,1
53.81,NaN,1,1,0.6,0,1
53.82,NaN,1,1,0.6,0,1
53.83,NaN,1,1,0.6,0,1
53.84,NaN,1,1,0.6,0,1
53.85,NaN,1,1,0.6,0,1
53.86,NaN,1,1,0.6,0,1
53.87,NaN,1,1,0.6,0,1
53.88,NaN,1,1,0.6,0,1
53.89,NaN,1,1,0.6,0,1
53.9,NaN,1,1,0.6,0,1
53.91,NaN,1,1,0.6,0,1
53.92,NaN,1,1,0.6,0,1
53.93,NaN,1,1,0.6,0,1
53.94,NaN,1,1,0.6,0,1
53.95,NaN,1,1,0.6,0,1
53.96,NaN,1,1,0.6,0,1
53.97,NaN,1,1,0.6,0,1
53.98,NaN,1,1,0.6,0,1
53.99,NaN,1,1,0.6,0,1
54,NaN,1,1,0.6,0,1
54.01,NaN,1,1,0.6,0,1
54.02,NaN,1,1,0.6,0,1
54.03,NaN,1,1,0.6,0,1
54.04,NaN,1,1,0.6,0,1
54.05,NaN,1,1,0.6,0,1
54.06,NaN,1,1,0.6,0,1
54.07,NaN,1,1,0.6,0,1
54.08,NaN,1,1,0.6,0,1
54.09,NaN,1,1,0.6,0,1
54.1,NaN,1,1,0.6,0,1
54.11,NaN,1,1,0.6,0,1
54.12,NaN,1,1,0.6,0,1
54.13,NaN,1,1,0.6,0,1
54.14,NaN,1,1,0.6,0,1
54.15,NaN,1,1,0.6,0,1
54.16,NaN,1,1,0.6,0,1
54.17,NaN,1,1,0.6,0,1
54.18,NaN,1,1,0.6,0,1
54.19,NaN,1,1,0.6,0,1
54.2,NaN,1,1,0.6,0,1
54.21,NaN,1,1,0.6,0,1
54.22,NaN,1,1,0.6,0,1
54.23,NaN,1,1,0.6,0,1
54.24,NaN,1,1,0.6,0,1
54.25,NaN,1,1,0.6,0,1
54.26,NaN,1,1,0.6,0,1
54.27,NaN,1,1,0.6,0,1
54.28,NaN,1,1,0.6,0,1
54.29,NaN,1,1,0.6,0,1
54.3,NaN,1,1,0.6,0,1
54.31,NaN,1,1,0.6,0,1
54.32,NaN,1,1,0.6,0,1
54.33,NaN,1,1,0.6,0,1
54.34,NaN,1,1,0.6,0,1
54.35,NaN,1,1,0.6,0,1
54.36,NaN,1,1,0.6,0,1
54.37,NaN,1,1,0.6,0,1
54.38,NaN,1,1,0.6,0,1
54.39,NaN,1,1,0.6,0,1
54.4,NaN,1,1,0.6,0,1
54.41,NaN,1,1,0.6,0,1
54.42,NaN,1,1,0.6,0,1
54.43,NaN,1,1,0.6,0,1
54.44,NaN,1,1,0.6,0,1
54.45,NaN,1,1,0.6,0,1
54.46,NaN,1,1,0.6,0,1
54.47,NaN,1,1,0.6,0,1
54.48,NaN,1,1,0.6,0,1
54.49,NaN,1,1,0.6,0,1
54.5,NaN,1,1,0.6,0,1
54.51,NaN,1,1,0.6,0,1
54.52,NaN,1,1,0.6,0,1
54.53,NaN,1,1,0.6,0,1
54.54,NaN,1,1,0.6,0,1
54.55,NaN,1,1,0.6,0,1
54.56,NaN,1,1,0.6,0,1
54.57,NaN,1,1,0.6,0,1
54.58,NaN,1,1,0.6,0,1
54.59,NaN,1,1,0.6,0,1
54.6,NaN,1,1,0.6,0,1
54.61,NaN,1,1,0.6,0,1
54.62,NaN,1,1,0.6,0,1
54.63,NaN,1,1,0.6,0,1
54.64,NaN,1,1,0.6,0,1
54.65,NaN,1,1,0.6,0,1
54.66,NaN,1,1,0.6,0,1
54.67,NaN,1,1,0.6,0,1
54.68,NaN,1,1,0.6,0,1
54.69,NaN,1,1,0.6,0,1
54.7,NaN,1,1,0.6,0,1
54.71,NaN,1,1,0.6,0,1
54.72,NaN,1,1,0.6,0,1
54.73,NaN,1,1,0.6,0,1
54.74,NaN,1,1,0.6,0,1
54.75,NaN,1,1,0.6,0,1
54.76,NaN,1,1,0.6,0,1
54.77,NaN,1,1,0.6,0,1
54.78,NaN,1,1,0.6,0,1
54.79,NaN,1,1,0.6,0,1
54.8,NaN,1,1,0.6,0,1
54.81,NaN,1,1,0.6,0,1
54.82,NaN,1,1,0.6,0,1
54.83,NaN,1,1,0.6,0,1
54.84,NaN,1,1,0.6,0,1
54.85,NaN,1,1,0.6,0,1
54.86,NaN,1,1,0.6,0,1
54.87,NaN,1,1,0.6,0,1
54.88,NaN,1,1,0.6,0,1
54.89,NaN,1,1,0.6,0,1
54.9,NaN,1,1,0.6,0,1
54.91,NaN,1,1,0.6,0,1
54.92,NaN,1,1,0.6,0,1
54.93,NaN,1,1,0.6,0,1
54.94,NaN,1,1,0.6,0,1
54.95,NaN,1,1,0.6,0,1
54.96,NaN,1,1,0.6,0,1
54.97,NaN,1,1,0.6,0,1
54.98,NaN,1,1,0.6,0,1
54.99,NaN,1,1,0.6,0,1
55,NaN,1,1,0.6,0,1
55.01,NaN,1,1,0.6,0,1
55.02,NaN,1,1,0.6,0,1
55.03,NaN,1,1,0.6,0,1
55.04,NaN,1,1,0.6,0,1
55.05,NaN,1,1,0.6,0,1
55.06,NaN,1,1,0.6,0,1
55.07,NaN,1,1,0.6,0,1
55.08,NaN,1,1,0.6,0,1
55.09,NaN,1,1,0.6,0,1
55.1,NaN,1,1,0.6,0,1
55.11,NaN,1,1,0.6,0,1
55.12,NaN,1,1,0.6,0,1
55.13,NaN,1,1,0.6,0,1
55.14,NaN,1,1,0.6,0,1
55.15,NaN,1,1,0.6,0,1
55.16,NaN,1,1,0.6,0,1
55.17,NaN,1,1,0.6,0,1
55.18,NaN,1,1,0.6,0,1
55.19,NaN,1,1,0.6,0,1
55.2,NaN,1,1,0.6,0,1
55.21,NaN,1,1,0.6,0,1
55.22,NaN,1,1,0.6,0,1
55.23,NaN,1,1,0.6,0,1
55.24,NaN,1,1,0.6,0,1
55.25,NaN,1,1,0.6,0,1
55.26,NaN,1,1,0.6,0,1
55.27,NaN,1,1,0.6,0,1
55.28,NaN,1,1,0.6,0,1
55.29,NaN,1,1,0.6,0,1
55.3,NaN,1,1,0.6,0,1
55.31,NaN,1,1,0.6,0,1
55.32,NaN,1,1,0.6,0,1
55.33,NaN,1,1,0.6,0,1
55.34,NaN,1,1,0.6,0,1
55.35,NaN,1,1,0.6,0,1
55.36,NaN,1,1,0.6,0,1
55.37,NaN,1,1,0.6,0,1
55.38,NaN,1,1,0.6,0,1
55.39,NaN,1,1,0.6,0,1
55.4,NaN,1,1,0.6,0,1
55.41,NaN,1,1,0.6,0,1
55.42,NaN,1,1,0.6,0,1
55.43,NaN,1,1,0.6,0,1
55.44,NaN,1,1,0.6,0,1
55.45,NaN,1,1,0.6,0,1
55.46,NaN,1,1,0.6,0,1
55.47,NaN,1,1,0.6,0,1
55.48,NaN,1,1,0.6,0,1
55.49,NaN,1,1,0.6,0,1
55.5,NaN,1,1,0.6,0,1
55.51,NaN,1,1,0.6,0,1
55.52,NaN,1,1,0.6,0,1
55.53,NaN,1,1,0.6,0,1
55.54,NaN,1,1,0.6,0,1
55.55,NaN,1,1,0.6,0,1
55.56,NaN,1,1,0.6,0,1
55.57,NaN,1,1,0.6,0,1
55.58,NaN,1,1,0.6,0,1
55.59,NaN,1,1,0.6,0,1
55.6,NaN,1,1,0.6,0,1
55.61,NaN,1,1,0.6,0,1
55.62,NaN,1,1,0.6,0,1
55.63,NaN,1,1,0.6,0,1
55.64,NaN,1,1,0.6,0,1
55.65,NaN,1,1,0.6,0,1
55.66,NaN,1,1,0.6,0,1
55.67,NaN,1,1,0.6,0,1
55.68,NaN,1,1,0.6,0,1
55.69,NaN,1,1,0.6,0,1
55.7,NaN,1,1,0.6,0,1
55.71,NaN,1,1,0.6,0,1
55.72,NaN,1,1,0.6,0,1
55.73,NaN,1,1,0.6,0,1
55.74,NaN,1,1,0.6,0,1
55.75,NaN,1,1,0.6,0,1
55.76,NaN,1,1,0.6,0,1
55.77,NaN,1,1,0.6,0,1
55.78,NaN,1,1,0.6,0,1
55.79,NaN,1,1,0.6,0,1
55.8,NaN,1,1,0.6,0,1
55.81,NaN,1,1,0.6,0,1
55.82,NaN,1,1,0.6,0,1
55.83,NaN,1,1,0.6,0,1
55.84,NaN,1,1,0.6,0,1
55.85,NaN,1,1,0.6,0,1
55.86,NaN,1,1,0.6,0,1
55.87,NaN,1,1,0.6,0,1
55.88,NaN,1,1,0.6,0,1
55.89,NaN,1,1,0.6,0,1
55.9,NaN,1,1,0.6,0,1
55.91,NaN,1,1,0.6,0,1
55.92,NaN,1,1,0.6,0,1
55.93,NaN,1,1,0.6,0,1
55.94,NaN,1,1,0.6,0,1
55.95,NaN,1,1,0.6,0,1
55.96,NaN,1,1,0.6,0,1
55.97,NaN,1,1,0.6,0,1
55.98,NaN,1,1,0.6,0,1
55.99,NaN,1,1,0.6,0,1
56,NaN,1,1,0.6,0,1
56.01,NaN,1,1,0.6,0,1
56.02,NaN,1,1,0.6,0,1
56.03,NaN,1,1,0.6,0,1
56.04,NaN,1,1,0.6,0,1
56.05,NaN,1,1,0.6,0,1
56.06,NaN,1,1,0.6,0,1
56.07,NaN,1,1,0.6,0,1
56.08,NaN,1,1,0.6,0,1
56.09,NaN,1,1,0.6,0,1
56.1,NaN,1,1,0.6,0,1
56.11,NaN,1,1,0.6,0,1
56.12,NaN,1,1,0.6,0,1
56.13,NaN,1,1,0.6,0,1
56.14,NaN,1,1,0.6,0,1
56.15,NaN,1,1,0.6,0,1
56.16,NaN,1,1,0.6,0,1
56.17,NaN,1,1,0.6,0,1
56.18,NaN,1,1,0.6,0,1
56.19,NaN,1,1,0.6,0,1
56.2,NaN,1,1,0.6,0,1
56.21,NaN,1,1,0.6,0,1
56.22,NaN,1,1,0.6,0,1
56.23,NaN,1,1,0.6,0,1
56.24,NaN,1,1,0.6,0,1
56.25,NaN,1,1,0.6,0,1
56.26,NaN,1,1,0.6,0,1
56.27,NaN,1,1,0.6,0,1
56.28,NaN,1,1,0.6,0,1
56.29,NaN,1,1,0.6,0,1
56.3,NaN,1,1,0.6,0,1
56.31,NaN,1,1,0.6,0,1
56.32,NaN,1,1,0.6,0,1
56.33,NaN,1,1,0.6,0,1
56.34,NaN,1,1,0.6,0,1
56.35,NaN,1,1,0.6,0,1
56.36,NaN,1,1,0.6,0,1
56.37,NaN,1,1,0.6,0,1
56.38,NaN,1,1,0.6,0,1
56.39,NaN,1,1,0.6,0,1
56.4,NaN,1,1,0.6,0,1
56.41,NaN,1,1,0.6,0,1
56.42,NaN,1,1,0.6,0,1
56.43,NaN,1,1,0.6,0,1
56.44,NaN,1,1,0.6,0,1
56.45,NaN,1,1,0.6,0,1
56.46,NaN,1,1,0.6,0,1
56.47,NaN,1,1,0.6,0,1
56.48,NaN,1,1,0.6,0,1
56.49,NaN,1,1,0.6,0,1
56.5,NaN,1,1,0.6,0,1
56.51,NaN,1,1,0.6,0,1
56.52,NaN,1,1,0.6,0,1
56.53,NaN,1,1,0.6,0,1
56.54,NaN,1,1,0.6,0,1
56.55,NaN,1,1,0.6,0,1
56.56,NaN,1,1,0.6,0,1
56.57,NaN,1,1,0.6,0,1
56.58,NaN,1,1,0.6,0,1
56.59,NaN,1,1,0.6,0,1
56.6,NaN,1,1,0.6,0,1
56.61,NaN,1,1,0.6,0,1
56.62,NaN,1,1,0.6,0,1
56.63,NaN,1,1,0.6,0,1
56.64,NaN,1,1,0.6,0,1
56.65,NaN,1,1,0.6,0,1
56.66,NaN,1,1,0.6,0,1
56.67,NaN,1,1,0.6,0,1
56.68,NaN,1,1,0.6,0,1
56.69,NaN,1,1,0.6,0,1
56.7,NaN,1,1,0.6,0,1
56.71,NaN,1,1,0.6,0,1
56.72,NaN,1,1,0.6,0,1
56.73,NaN,1,1,0.6,0,1
56.74,NaN,1,1,0.6,0,1
56.75,NaN,1,1,0.6,0,1
56.76,NaN,1,1,0.6,0,1
56.77,NaN,1,1,0.6,0,1
56.78,NaN,1,1,0.6,0,1
56.79,NaN,1,1,0.6,0,1
56.8,NaN,1,1,0.6,0,1
56.81,NaN,1,1,0.6,0,1
56.82,NaN,1,1,0.6,0,1
56.83,NaN,1,1,0.6,0,1
56.84,NaN,1,1,0.6,0,1
56.85,NaN,1,1,0.6,0,1
56.86,NaN,1,1,0.6,0,1
56.87,NaN,1,1,0.6,0,1
56.88,NaN,1,1,0.6,0,1
56.89,NaN,1,1,0.6,0,1
56.9,NaN,1,1,0.6,0,1
56.91,NaN,1,1,0.6,0,1
56.92,NaN,1,1,0.6,0,1
56.93,NaN,1,1,0.6,0,1
56.94,NaN,1,1,0.6,0,1
56.95,NaN,1,1,0.6,0,1
56.96,NaN,1,1,0.6,0,1
56.97,NaN,1,1,0.6,0,1
56.98,NaN,1,1,0.6,0,1
56.99,NaN,1,1,0.6,0,1
57,NaN,1,1,0.6,0,1
57.01,NaN,1,1,0.6,0,1
57.02,NaN,1,1,0.6,0,1
57.03,NaN,1,1,0.6,0,1
57.04,NaN,1,1,0.6,0,1
57.05,NaN,1,1,0.6,0,1
57.06,NaN,1,1,0.6,0,1
57.07,NaN,1,1,0.6,0,1
57.08,NaN,1,1,0.6,0,1
57.09,NaN,1,1,0.6,0,1
57.1,NaN,1,1,0.6,0,1
57.11,NaN,1,1,0.6,0,1
57.12,NaN,1,1,0.6,0,1
57.13,NaN,1,1,0.6,0,1
57.14,NaN,1,1,0.6,0,1
57.15,NaN,1,1,0.6,0,1
57.16,NaN,1,1,0.6,0,1
57.17,NaN,1,1,0.6,0,1
57.18,NaN,1,1,0.6,0,1
57.19,NaN,1,1,0.6,0,1
57.2,NaN,1,1,0.6,0,1
57.21,NaN,1,1,0.6,0,1
57.22,NaN,1,1,0.6,0,1
57.23,NaN,1,1,0.6,0,1
57.24,NaN,1,1,0.6,0,1
57.25,NaN,1,1,0.6,0,1
57.26,NaN,1,1,0.6,0,1
57.27,NaN,1,1,0.6,0,1
57.28,NaN,1,1,0.6,0,1
57.29,NaN,1,1,0.6,0,1
57.3,NaN,1,1,0.6,0,1
57.31,NaN,1,1,0.6,0,1
57.32,NaN,1,1,0.6,0,1
57.33,NaN,1,1,0.6,0,1
57.34,NaN,1,1,0.6,0,1
57.35,NaN,1,1,0.6,0,1
57.36,NaN,1,1,0.6,0,1
57.37,NaN,1,1,0.6,0,1
57.38,NaN,1,1,0.6,0,1
57.39,NaN,1,1,0.6,0,1
57.4,NaN,1,1,0.6,0,1
57.41,NaN,1,1,0.6,0,1
57.42,NaN,1,1,0.6,0,1
57.43,NaN,1,1,0.6,0,1
57.44,NaN,1,1,0.6,0,1
57.45,NaN,1,1,0.6,0,1
57.46,NaN,1,1,0.6,0,1
57.47,NaN,1,1,0.6,0,1
57.48,NaN,1,1,0.6,0,1
57.49,NaN,1,1,0.6,0,1
57.5,NaN,1,1,0.6,0,1
57.51,NaN,1,1,0.6,0,1
57.52,NaN,1,1,0.6,0,1
57.53,NaN,1,1,0.6,0,1
57.54,NaN,1,1,0.6,0,1
57.55,NaN,1,1,0.6,0,1
57.56,NaN,1,1,0.6,0,1
57.57,NaN,1,1,0.6,0,1
57.58,NaN,1,1,0.6,0,1
57.59,NaN,1,1,0.6,0,1
57.6,NaN,1,1,0.6,0,1
57.61,NaN,1,1,0.6,0,1
57.62,NaN,1,1,0.6,0,1
57.63,NaN,1,1,0.6,0,1
57.64,NaN,1,1,0.6,0,1
57.65,NaN,1,1,0.6,0,1
57.66,NaN,1,1,0.6,0,1
57.67,NaN,1,1,0.6,0,1
57.68,NaN,1,1,0.6,0,1
57.69,NaN,1,1,0.6,0,1
57.7,NaN,1,1,0.6,0,1
57.71,NaN,1,1,0.6,0,1
57.72,NaN,1,1,0.6,0,1
57.73,NaN,1,1,0.6,0,1
57.74,NaN,1,1,0.6,0,1
57.75,NaN,1,1,0.6,0,1
57.76,NaN,1,1,0.6,0,1
57.77,NaN,1,1,0.6,0,1
57.78,NaN,1,1,0.6,0,1
57.79,NaN,1,1,0.6,0,1
57.8,NaN,1,1,0.6,0,1
57.81,NaN,1,1,0.6,0,1
57.82,NaN,1,1,0.6,0,1
57.83,NaN,1,1,0.6,0,1
57.84,NaN,1,1,0.6,0,1
57.85,NaN,1,1,0.6,0,1
57.86,NaN,1,1,0.6,0,1
57.87,NaN,1,1,0.6,0,1
57.88,NaN,1,1,0.6,0,1
57.89,NaN,1,1,0.6,0,1
57.9,NaN,1,1,0.6,0,1
57.91,NaN,1,1,0.6,0,1
57.92,NaN,1,1,0.6,0,1
57.93,NaN,1,1,0.6,0,1
57.94,NaN,1,1,0.6,0,1
57.95,NaN,1,1,0.6,0,1
57.96,NaN,1,1,0.6,0,1
57.97,NaN,1,1,0.6,0,1
57.98,NaN,1,1,0.6,0,1
57.99,NaN,1,1,0.6,0,1
58,NaN,1,1,0.6,0,1
58.01,NaN,1,1,0.6,0,1
58.02,NaN,1,1,0.6,0,1
58.03,NaN,1,1,0.6,0,1
58.04,NaN,1,1,0.6,0,1
58.05,NaN,1,1,0.6,0,1
58.06,NaN,1,1,0.6,0,1
58.07,NaN,1,1,0.6,0,1
58.08,NaN,1,1,0.6,0,1
58.09,NaN,1,1,0.6,0,1
58.1,NaN,1,1,0.6,0,1
58.11,NaN,1,1,0.6,0,1
58.12,NaN,1,1,0.6,0,1
58.13,NaN,1,1,0.6,0,1
58.14,NaN,1,1,0.6,0,1
58.15,NaN,1,1,0.6,0,1
58.16,NaN,1,1,0.6,0,1
58.17,NaN,1,1,0.6,0,1
58.18,NaN,1,1,0.6,0,1
58.19,NaN,1,1,0.6,0,1
58.2,NaN,1,1,0.6,0,1
58.21,NaN,1,1,0.6,0,1
58.22,NaN,1,1,0.6,0,1
58.23,NaN,1,1,0.6,0,1
58.24,NaN,1,1,0.6,0,1
58.25,NaN,1,1,0.6,0,1
58.26,NaN,1,1,0.6,0,1
58.27,NaN,1,1,0.6,0,1
58.28,NaN,1,1,0.6,0,1
58.29,NaN,1,1,0.6,0,1
58.3,NaN,1,1,0.6,0,1
58.31,NaN,1,1,0.6,0,1
58.32,NaN,1,1,0.6,0,1
58.33,NaN,1,1,0.6,0,1
58.34,NaN,1,1,0.6,0,1
58.35,NaN,1,1,0.6,0,1
58.36,NaN,1,1,0.6,0,1
58.37,NaN,1,1,0.6,0,1
58.38,NaN,1,1,0.6,0,1
58.39,NaN,1,1,0.6,0,1
58.4,NaN,1,1,0.6,0,1
58.41,NaN,1,1,0.6,0,1
58.42,NaN,1,1,0.6,0,1
58.43,NaN,1,1,0.6,0,1
58.44,NaN,1,1,0.6,0,1
58.45,NaN,1,1,0.6,0,1
58.46,NaN,1,1,0.6,0,1
58.47,NaN,1,1,0.6,0,1
58.48,NaN,1,1,0.6,0,1
58.49,NaN,1,1,0.6,0,1
58.5,NaN,1,1,0.6,0,1
58.51,NaN,1,1,0.6,0,1
58.52,NaN,1,1,0.6,0,1
58.53,NaN,1,1,0.6,0,1
58.54,NaN,1,1,0.6,0,1
58.55,NaN,1,1,0.6,0,1
58.56,NaN,1,1,0.6,0,1
58.57,NaN,1,1,0.6,0,1
58.58,NaN,1,1,0.6,0,1
58.59,NaN,1,1,0.6,0,1
58.6,NaN,1,1,0.6,0,1
58.61,NaN,1,1,0.6,0,1
58.62,NaN,1,1,0.6,0,1
58.63,NaN,1,1,0.6,0,1
58.64,NaN,1,1,0.6,0,1
58.65,NaN,1,1,0.6,0,1
58.66,NaN,1,1,0.6,0,1
58.67,NaN,1,1,0.6,0,1
58.68,NaN,1,1,0.6,0,1
58.69,NaN,1,1,0.6,0,1
58.7,NaN,1,1,0.6,0,1
58.71,NaN,1,1,0.6,0,1
58.72,NaN,1,1,0.6,0,1
58.73,NaN,1,1,0.6,0,1
58.74,NaN,1,1,0.6,0,1
58.75,NaN,1,1,0.6,0,1
58.76,NaN,1,1,0.6,0,1
58.77,NaN,1,1,0.6,0,1
58.78,NaN,1,1,0.6,0,1
58.79,NaN,1,1,0.6,0,1
58.8,NaN,1,1,0.6,0,1
58.81,NaN,1,1,0.6,0,1
58.82,NaN,1,1,0.6,0,1
58.83,NaN,1,1,0.6,0,1
58.84,NaN,1,1,0.6,0,1
58.85,NaN,1,1,0.6,0,1
58.86,NaN,1,1,0.6,0,1
58.87,NaN,1,1,0.6,0,1
58.88,NaN,1,1,0.6,0,1
58.89,NaN,1,1,0.6,0,1
58.9,NaN,1,1,0.6,0,1
58.91,NaN,1,1,0.6,0,1
58.92,NaN,1,1,0.6,0,1
58.93,NaN,1,1,0.6,0,1
58.94,NaN,1,1,0.6,0,1
58.95,NaN,1,1,0.6,0,1
58.96,NaN,1,1,0.6,0,1
58.97,NaN,1,1,0.6,0,1
58.98,NaN,1,1,0.6,0,1
58.99,NaN,1,1,0.6,0,1
59,NaN,1,1,0.6,0,1
59.01,NaN,1,1,0.6,0,1
59.02,NaN,1,1,0.6,0,1
59.03,NaN,1,1,0.6,0,1
59.04,NaN,1,1,0.6,0,1
59.05,NaN,1,1,0.6,0,1
59.06,NaN,1,1,0.6,0,1
59.07,NaN,1,1,0.6,0,1
59.08,NaN,1,1,0.6,0,1
59.09,NaN,1,1,0.6,0,1
59.1,NaN,1,1,0.6,0,1
59.11,NaN,1,1,0.6,0,1
59.12,NaN,1,1,0.6,0,1
59.13,NaN,1,1,0.6,0,1
59.14,NaN,1,1,0.6,0,1
59.15,NaN,1,1,0.6,0,1
59.16,NaN,1,1,0.6,0,1
59.17,NaN,1,1,0.6,0,1
59.18,NaN,1,1,0.6,0,1
59.19,NaN,1,1,0.6,0,1
59.2,NaN,1,1,0.6,0,1
59.21,NaN,1,1,0.6,0,1
59.22,NaN,1,1,0.6,0,1
59.23,NaN,1,1,0.6,0,1
59.24,NaN,1,1,0.6,0,1
59.25,NaN,1,1,0.6,0,1
59.26,NaN,1,1,0.6,0,1
59.27,NaN,1,1,0.6,0,1
59.28,NaN,1,1,0.6,0,1
59.29,NaN,1,1,0.6,0,1
59.3,NaN,1,1,0.6,0,1
59.31,NaN,1,1,0.6,0,1
59.32,NaN,1,1,0.6,0,1
59.33,NaN,1,1,0.6,0,1
59.34,NaN,1,1,0.6,0,1
59.35,NaN,1,1,0.6,0,1
59.36,NaN,1,1,0.6,0,1
59.37,NaN,1,1,0.6,0,1
59.38,NaN,1,1,0.6,0,1
59.39,NaN,1,1,0.6,0,1
59.4,NaN,1,1,0.6,0,1
59.41,NaN,1,1,0.6,0,1
59.42,NaN,1,1,0.6,0,1
59.43,NaN,1,1,0.6,0,1
59.44,NaN,1,1,0.6,0,1
59.45,NaN,1,1,0.6,0,1
59.46,NaN,1,1,0.6,0,1
59.47,NaN,1,1,0.6,0,1
59.48,NaN,1,1,0.6,0,1
59.49,NaN,1,1,0.6,0,1
59.5,NaN,1,1,0.6,0,1
59.51,NaN,1,1,0.6,0,1
59.52,NaN,1,1,0.6,0,1
59.53,NaN,1,1,0.6,0,1
59.54,NaN,1,1,0.6,0,1
59.55,NaN,1,1,0.6,0,1
59.56,NaN,1,1,0.6,0,1
59.57,NaN,1,1,0.6,0,1
59.58,NaN,1,1,0.6,0,1
59.59,NaN,1,1,0.6,0,1
59.6,NaN,1,1,0.6,0,1
59.61,NaN,1,1,0.6,0,1
59.62,NaN,1,1,0.6,0,1
59.63,NaN,1,1,0.6,0,1
59.64,NaN,1,1,0.6,0,1
59.65,NaN,1,1,0.6,0,1
59.66,NaN,1,1,0.6,0,1
59.67,NaN,1,1,0.6,0,1
59.68,NaN,1,1,0.6,0,1
59.69,NaN,1,1,0.6,0,1
59.7,NaN,1,1,0.6,0,1
59.71,NaN,1,1,0.6,0,1
59.72,NaN,1,1,0.6,0,1
59.73,NaN,1,1,0.6,0,1
59.74,NaN,1,1,0.6,0,1
59.75,NaN,1,1,0.6,0,1
59.76,NaN,1,1,0.6,0,1
59.77,NaN,1,1,0.6,0,1
59.78,NaN,1,1,0.6,0,1
59.79,NaN,1,1,0.6,0,1
59.8,NaN,1,1,0.6,0,1
59.81,NaN,1,1,0.6,0,1
59.82,NaN,1,1,0.6,0,1
59.83,NaN,1,1,0.6,0,1
59.84,NaN,1,1,0.6,0,1
59.85,NaN,1,1,0.6,0,1
59.86,NaN,1,1,0.6,0,1
59.87,NaN,1,1,0.6,0,1
59.88,NaN,1,1,0.6,0,1
59.89,NaN,1,1,0.6,0,1
59.9,NaN,1,1,0.6,0,1
59.91,NaN,1,1,0.6,0,1
59.92,NaN,1,1,0.6,0,1
59.93,NaN,1,1,0.6,0,1
59.94,NaN,1,1,0.6,0,1
59.95,NaN,1,1,0.6,0,1
59.96,NaN,1,1,0.6,0,1
59.97,NaN,1,1,0.6,0,1
59.98,NaN,1,1,0.6,0,1
59.99,NaN,1,1,0.6,0,1
60,NaN,1,1,0.6,0,1
60.01,NaN,1,1,0.6,0,1
60.02,NaN,1,1,0.6,0,1
60.03,NaN,1,1,0.6,0,1
60.04,NaN,1,1,0.6,0,1
60.05,NaN,1,1,0.6,0,1
60.06,NaN,1,1,0.6,0,1
60.07,NaN,1,1,0.6,0,1
60.08,NaN,1,1,0.6,0,1
60.09,NaN,1,1,0.6,0,1
60.1,NaN,1,1,0.6,0,1
60.11,NaN,1,1,0.6,0,1
60.12,NaN,1,1,0.6,0,1
60.13,NaN,1,1,0.6,0,1
60.14,NaN,1,1,0.6,0,1
60.15,NaN,1,1,0.6,0,1
60.16,NaN,1,1,0.6,0,1
60.17,NaN,1,1,0.6,0,1
60.18,NaN,1,1,0.6,0,1
60.19,NaN,1,1,0.6,0,1
60.2,NaN,1,1,0.6,0,1
60.21,NaN,1,1,0.6,0,1
60.22,NaN,1,1,0.6,0,1
60.23,NaN,1,1,0.6,0,1
60.24,NaN,1,1,0.6,0,1
60.25,NaN,1,1,0.6,0,1
60.26,NaN,1,1,0.6,0,1
60.27,NaN,1,1,0.6,0,1
60.28,NaN,1,1,0.6,0,1
60.29,NaN,1,1,0.6,0,1
60.3,NaN,1,1,0.6,0,1
60.31,NaN,1,1,0.6,0,1
60.32,NaN,1,1,0.6,0,1
60.33,NaN,1,1,0.6,0,1
60.34,NaN,1,1,0.6,0,1
60.35,NaN,1,1,0.6,0,1
60.36,NaN,1,1,0.6,0,1
60.37,NaN,1,1,0.6,0,1
60.38,NaN,1,1,0.6,0,1
60.39,NaN,1,1,0.6,0,1
60.4,NaN,1,1,0.6,0,1
60.41,NaN,1,1,0.6,0,1
60.42,NaN,1,1,0.6,0,1
60.43,NaN,1,1,0.6,0,1
60.44,NaN,1,1,0.6,0,1
60.45,NaN,1,1,0.6,0,1
60.46,NaN,1,1,0.6,0,1
60.47,NaN,1,1,0.6,0,1
60.48,NaN,1,1,0.6,0,1
60.49,NaN,1,1,0.6,0,1
60.5,NaN,1,1,0.6,0,1
60.51,NaN,1,1,0.6,0,1
60.52,NaN,1,1,0.6,0,1
60.53,NaN,1,1,0.6,0,1
60.54,NaN,1,1,0.6,0,1
60.55,NaN,1,1,0.6,0,1
60.56,NaN,1,1,0.6,0,1
60.57,NaN,1,1,0.6,0,1
60.58,NaN,1,1,0.6,0,1
60.59,NaN,1,1,0.6,0,1
60.6,NaN,1,1,0.6,0,1
60.61,NaN,1,1,0.6,0,1
60.62,NaN,1,1,0.6,0,1
60.63,NaN,1,1,0.6,0,1
60.64,NaN,1,1,0.6,0,1
60.65,NaN,1,1,0.6,0,1
60.66,NaN,1,1,0.6,0,1
60.67,NaN,1,1,0.6,0,1
60.68,NaN,1,1,0.6,0,1
60.69,NaN,1,1,0.6,0,1
60.7,NaN,1,1,0.6,0,1
60.71,NaN,1,1,0.6,0,1
60.72,NaN,1,1,0.6,0,1
60.73,NaN,1,1,0.6,0,1
60.74,NaN,1,1,0.6,0,1
60.75,NaN,1,1,0.6,0,1
60.76,NaN,1,1,0.6,0,1
60.77,NaN,1,1,0.6,0,1
60.78,NaN,1,1,0.6,0,1
60.79,NaN,1,1,0.6,0,1
60.8,NaN,1,1,0.6,0,1
60.81,NaN,1,1,0.6,0,1
60.82,NaN,1,1,0.6,0,1
60.83,NaN,1,1,0.6,0,1
60.84,NaN,1,1,0.6,0,1
60.85,NaN,1,1,0.6,0,1
60.86,NaN,1,1,0.6,0,1
60.87,NaN,1,1,0.6,0,1
60.88,NaN,1,1,0.6,0,1
60.89,NaN,1,1,0.6,0,1
60.9,NaN,1,1,0.6,0,1
60.91,NaN,1,1,0.6,0,1
60.92,NaN,1,1,0.6,0,1
60.93,NaN,1,1,0.6,0,1
60.94,NaN,1,1,0.6,0,1
60.95,NaN,1,1,0.6,0,1
60.96,NaN,1,1,0.6,0,1
60.97,NaN,1,1,0.6,0,1
60.98,NaN,1,1,0.6,0,1
60.99,NaN,1,1,0.6,0,1
61,NaN,1,1,0.6,0,1
61.01,NaN,1,1,0.6,0,1
61.02,NaN,1,1,0.6,0,1
61.03,NaN,1,1,0.6,0,1
61.04,NaN,1,1,0.6,0,1
61.05,NaN,1,1,0.6,0,1
61.06,NaN,1,1,0.6,0,1
61.07,NaN,1,1,0.6,0,1
61.08,NaN,1,1,0.6,0,1
61.09,NaN,1,1,0.6,0,1
61.1,NaN,1,1,0.6,0,1
61.11,NaN,1,1,0.6,0,1
61.12,NaN,1,1,0.6,0,1
61.13,NaN,1,1,0.6,0,1
61.14,NaN,1,1,0.6,0,1
61.15,NaN,1,1,0.6,0,1
61.16,NaN,1,1,0.6,0,1
61.17,NaN,1,1,0.6,0,1
61.18,NaN,1,1,0.6,0,1
61.19,NaN,1,1,0.6,0,1
61.2,NaN,1,1,0.6,0,1
61.21,NaN,1,1,0.6,0,1
61.22,NaN,1,1,0.6,0,1
61.23,NaN,1,1,0.6,0,1
61.24,NaN,1,1,0.6,0,1
61.25,NaN,1,1,0.6,0,1
61.26,NaN,1,1,0.6,0,1
61.27,NaN,1,1,0.6,0,1
61.28,NaN,1,1,0.6,0,1
61.29,NaN,1,1,0.6,0,1
61.3,NaN,1,1,0.6,0,1
61.31,NaN,1,1,0.6,0,1
61.32,NaN,1,1,0.6,0,1
61.33,NaN,1,1,0.6,0,1
61.34,NaN,1,1,0.6,0,1
61.35,NaN,1,1,0.6,0,1
61.36,NaN,1,1,0.6,0,1
61.37,NaN,1,1,0.6,0,1
61.38,NaN,1,1,0.6,0,1
61.39,NaN,1,1,0.6,0,1
61.4,NaN,1,1,0.6,0,1
61.41,NaN,1,1,0.6,0,1
61.42,NaN,1,1,0.6,0,1
61.43,NaN,1,1,0.6,0,1
61.44,NaN,1,1,0.6,0,1
61.45,NaN,1,1,0.6,0,1
61.46,NaN,1,1,0.6,0,1
61.47,NaN,1,1,0.6,0,1
61.48,NaN,1,1,0.6,0,1
61.49,NaN,1,1,0.6,0,1
61.5,NaN,1,1,0.6,0,1
61.51,NaN,1,1,0.6,0,1
61.52,NaN,1,1,0.6,0,1
61.53,NaN,1,1,0.6,0,1
61.54,NaN,1,1,0.6,0,1
61.55,NaN,1,1,0.6,0,1
61.56,NaN,1,1,0.6,0,1
61.57,NaN,1,1,0.6,0,1
61.58,NaN,1,1,0.6,0,1
61.59,NaN,1,1,0.6,0,1
61.6,NaN,1,1,0.6,0,1
61.61,NaN,1,1,0.6,0,1
61.62,NaN,1,1,0.6,0,1
61.63,NaN,1,1,0.6,0,1
61.64,NaN,1,1,0.6,0,1
61.65,NaN,1,1,0.6,0,1
61.66,NaN,1,1,0.6,0,1
61.67,NaN,1,1,0.6,0,1
61.68,NaN,1,1,0.6,0,1
61.69,NaN,1,1,0.6,0,1
61.7,NaN,1,1,0.6,0,1
61.71,NaN,1,1,0.6,0,1
61.72,NaN,1,1,0.6,0,1
61.73,NaN,1,1,0.6,0,1
61.74,NaN,1,1,0.6,0,1
61.75,NaN,1,1,0.6,0,1
61.76,NaN,1,1,0.6,0,1
61.77,NaN,1,1,0.6,0,1
61.78,NaN,1,1,0.6,0,1
61.79,NaN,1,1,0.6,0,1
61.8,NaN,1,1,0.6,0,1
61.81,NaN,1,1,0.6,0,1
61.82,NaN,1,1,0.6,0,1
61.83,NaN,1,1,0.6,0,1
61.84,NaN,1,1,0.6,0,1
61.85,NaN,1,1,0.6,0,1
61.86,NaN,1,1,0.6,0,1
61.87,NaN,1,1,0.6,0,1
61.88,NaN,1,1,0.6,0,1
61.89,NaN,1,1,0.6,0,1
61.9,NaN,1,1,0.6,0,1
61.91,NaN,1,1,0.6,0,1
61.92,NaN,1,1,0.6,0,1
61.93,NaN,1,1,0.6,0,1
61.94,NaN,1,1,0.6,0,1
61.95,NaN,1,1,0.6,0,1
61.96,NaN,1,1,0.6,0,1
61.97,NaN,1,1,0.6,0,1
61.98,NaN,1,1,0.6,0,1
61.99,NaN,1,1,0.6,0,1
62,NaN,1,1,0.6,0,1
62.01,NaN,1,1,0.6,0,1
62.02,NaN,1,1,0.6,0,1
62.03,NaN,1,1,0.6,0,1
62.04,NaN,1,1,0.6,0,1
62.05,NaN,1,1,0.6,0,1
62.06,NaN,1,1,0.6,0,1
62.07,NaN,1,1,0.6,0,1
62.08,NaN,1,1,0.6,0,1
62.09,NaN,1,1,0.6,0,1
62.1,NaN,1,1,0.6,0,1
62.11,NaN,1,1,0.6,0,1
62.12,NaN,1,1,0.6,0,1
62.13,NaN,1,1,0.6,0,1
62.14,NaN,1,1,0.6,0,1
62.15,NaN,1,1,0.6,0,1
62.16,NaN,1,1,0.6,0,1
62.17,NaN,1,1,0.6,0,1
62.18,NaN,1,1,0.6,0,1
62.19,NaN,1,1,0.6,0,1
62.2,NaN,1,1,0.6,0,1
62.21,NaN,1,1,0.6,0,1
62.22,NaN,1,1,0.6,0,1
62.23,NaN,1,1,0.6,0,1
62.24,NaN,1,1,0.6,0,1
62.25,NaN,1,1,0.6,0,1
62.26,NaN,1,1,0.6,0,1
62.27,NaN,1,1,0.6,0,1
62.28,NaN,1,1,0.6,0,1
62.29,NaN,1,1,0.6,0,1
62.3,NaN,1,1,0.6,0,1
62.31,NaN,1,1,0.6,0,1
62.32,NaN,1,1,0.6,0,1
62.33,NaN,1,1,0.6,0,1
62.34,NaN,1,1,0.6,0,1
62.35,NaN,1,1,0.6,0,1
62.36,NaN,1,1,0.6,0,1
62.37,NaN,1,1,0.6,0,1
62.38,NaN,1,1,0.6,0,1
62.39,NaN,1,1,0.6,0,1
62.4,NaN,1,1,0.6,0,1
62.41,NaN,1,1,0.6,0,1
62.42,NaN,1,1,0.6,0,1
62.43,NaN,1,1,0.6,0,1
62.44,NaN,1,1,0.6,0,1
62.45,NaN,1,1,0.6,0,1
62.46,NaN,1,1,0.6,0,1
62.47,NaN,1,1,0.6,0,1
62.48,NaN,1,1,0.6,0,1
62.49,NaN,1,1,0.6,0,1
62.5,NaN,1,1,0.6,0,1
62.51,NaN,1,1,0.6,0,1
62.52,NaN,1,1,0.6,0,1
62.53,NaN,1,1,0.6,0,1
62.54,NaN,1,1,0.6,0,1
62.55,NaN,1,1,0.6,0,1
62.56,NaN,1,1,0.6,0,1
62.57,NaN,1,1,0.6,0,1
62.58,NaN,1,1,0.6,0,1
62.59,NaN,1,1,0.6,0,1
62.6,NaN,1,1,0.6,0,1
62.61,NaN,1,1,0.6,0,1
62.62,NaN,1,1,0.6,0,1
62.63,NaN,1,1,0.6,0,1
62.64,NaN,1,1,0.6,0,1
62.65,NaN,1,1,0.6,0,1
62.66,NaN,1,1,0.6,0,1
62.67,NaN,1,1,0.6,0,1
62.68,NaN,1,1,0.6,0,1
62.69,NaN,1,1,0.6,0,1
62.7,NaN,1,1,0.6,0,1
62.71,NaN,1,1,0.6,0,1
62.72,NaN,1,1,0.6,0,1
62.73,NaN,1,1,0.6,0,1
62.74,NaN,1,1,0.6,0,1
62.75,NaN,1,1,0.6,0,1
62.76,NaN,1,1,0.6,0,1
62.77,NaN,1,1,0.6,0,1
62.78,NaN,1,1,0.6,0,1
62.79,NaN,1,1,0.6,0,1
62.8,NaN,1,1,0.6,0,1
62.81,NaN,1,1,0.6,0,1
62.82,NaN,1,1,0.6,0,1
62.83,NaN,1,1,0.6,0,1
62.84,NaN,1,1,0.6,0,1
62.85,NaN,1,1,0.6,0,1
62.86,NaN,1,1,0.6,0,1
62.87,NaN,1,1,0.6,0,1
62.88,NaN,1,1,0.6,0,1
62.89,NaN,1,1,0.6,0,1
62.9,NaN,1,1,0.6,0,1
62.91,NaN,1,1,0.6,0,1
62.92,NaN,1,1,0.6,0,1
62.93,NaN,1,1,0.6,0,1
62.94,NaN,1,1,0.6,0,1
62.95,NaN,1,1,0.6,0,1
62.96,NaN,1,1,0.6,0,1
62.97,NaN,1,1,0.6,0,1
62.98,NaN,1,1,0.6,0,1
62.99,NaN,1,1,0.6,0,1
63,NaN,1,1,0.6,0,1
63.01,NaN,1,1,0.6,0,1
63.02,NaN,1,1,0.6,0,1
63.03,NaN,1,1,0.6,0,1
63.04,NaN,1,1,0.6,0,1
63.05,NaN,1,1,0.6,0,1
63.06,NaN,1,1,0.6,0,1
63.07,NaN,1,1,0.6,0,1
63.08,NaN,1,1,0.6,0,1
63.09,NaN,1,1,0.6,0,1
63.1,NaN,1,1,0.6,0,1
63.11,NaN,1,1,0.6,0,1
63.12,NaN,1,1,0.6,0,1
63.13,NaN,1,1,0.6,0,1
63.14,NaN,1,1,0.6,0,1
63.15,NaN,1,1,0.6,0,1
63.16,NaN,1,1,0.6,0,1
63.17,NaN,1,1,0.6,0,1
63.18,NaN,1,1,0.6,0,1
63.19,NaN,1,1,0.6,0,1
63.2,NaN,1,1,0.6,0,1
63.21,NaN,1,1,0.6,0,1
63.22,NaN,1,1,0.6,0,1
63.23,NaN,1,1,0.6,0,1
63.24,NaN,1,1,0.6,0,1
63.25,NaN,1,1,0.6,0,1
63.26,NaN,1,1,0.6,0,1
63.27,NaN,1,1,0.6,0,1
63.28,NaN,1,1,0.6,0,1
63.29,NaN,1,1,0.6,0,1
63.3,NaN,1,1,0.6,0,1
63.31,NaN,1,1,0.6,0,1
63.32,NaN,1,1,0.6,0,1
63.33,NaN,1,1,0.6,0,1
63.34,NaN,1,1,0.6,0,1
63.35,NaN,1,1,0.6,0,1
63.36,NaN,1,1,0.6,0,1
63.37,NaN,1,1,0.6,0,1
63.38,NaN,1,1,0.6,0,1
63.39,NaN,1,1,0.6,0,1
63.4,NaN,1,1,0.6,0,1
63.41,NaN,1,1,0.6,0,1
63.42,NaN,1,1,0.6,0,1
63.43,NaN,1,1,0.6,0,1
63.44,NaN,1,1,0.6,0,1
63.45,NaN,1,1,0.6,0,1
63.46,NaN,1,1,0.6,0,1
63.47,NaN,1,1,0.6,0,1
63.48,NaN,1,1,0.6,0,1
63.49,NaN,1,1,0.6,0,1
63.5,NaN,1,1,0.6,0,1
63.51,NaN,1,1,0.6,0,1
63.52,NaN,1,1,0.6,0,1
63.53,NaN,1,1,0.6,0,1
63.54,NaN,1,1,0.6,0,1
63.55,NaN,1,1,0.6,0,1
63.56,NaN,1,1,0.6,0,1
63.57,NaN,1,1,0.6,0,1
63.58,NaN,1,1,0.6,0,1
63.59,NaN,1,1,0.6,0,1
63.6,NaN,1,1,0.6,0,1
63.61,NaN,1,1,0.6,0,1
63.62,NaN,1,1,0.6,0,1
63.63,NaN,1,1,0.6,0,1
63.64,NaN,1,1,0.6,0,1
63.65,NaN,1,1,0.6,0,1
63.66,NaN,1,1,0.6,0,1
63.67,NaN,1,1,0.6,0,1
63.68,NaN,1,1,0.6,0,1
63.69,NaN,1,1,0.6,0,1
63.7,NaN,1,1,0.6,0,1
63.71,NaN,1,1,0.6,0,1
63.72,NaN,1,1,0.6,0,1
63.73,NaN,1,1,0.6,0,1
63.74,NaN,1,1,0.6,0,1
63.75,NaN,1,1,0.6,0,1
63.76,NaN,1,1,0.6,0,1
63.77,NaN,1,1,0.6,0,1
63.78,NaN,1,1,0.6,0,1
63.79,NaN,1,1,0.6,0,1
63.8,NaN,1,1,0.6,0,1
63.81,NaN,1,1,0.6,0,1
63.82,NaN,1,1,0.6,0,1
63.83,NaN,1,1,0.6,0,1
63.84,NaN,1,1,0.6,0,1
63.85,NaN,1,1,0.6,0,1
63.86,NaN,1,1,0.6,0,1
63.87,NaN,1,1,0.6,0,1
63.88,NaN,1,1,0.6,0,1
63.89,NaN,1,1,0.6,0,1
63.9,NaN,1,1,0.6,0,1
63.91,NaN,1,1,0.6,0,1
63.92,NaN,1,1,0.6,0,1
63.93,NaN,1,1,0.6,0,1
63.94,NaN,1,1,0.6,0,1
63.95,NaN,1,1,0.6,0,1
63.96,NaN,1,1,0.6,0,1
63.97,NaN,1,1,0.6,0,1
63.98,NaN,1,1,0.6,0,1
63.99,NaN,1,1,0.6,0,1
64,NaN,1,1,0.6,0,1
64.01,NaN,1,1,0.6,0,1
64.02,NaN,1,1,0.6,0,1
64.03,NaN,1,1,0.6,0,1
64.04,NaN,1,1,0.6,0,1
64.05,NaN,1,1,0.6,0,1
64.06,NaN,1,1,0.6,0,1
64.07,NaN,1,1,0.6,0,1
64.08,NaN,1,1,0.6,0,1
64.09,NaN,1,1,0.6,0,1
64.1,NaN,1,1,0.6,0,1
64.11,NaN,1,1,0.6,0,1
64.12,NaN,1,1,0.6,0,1
64.13,NaN,1,1,0.6,0,1
64.14,NaN,1,1,0.6,0,1
64.15,NaN,1,1,0.6,0,1
64.16,NaN,1,1,0.6,0,1
64.17,NaN,1,1,0.6,0,1
64.18,NaN,1,1,0.6,0,1
64.19,NaN,1,1,0.6,0,1
64.2,NaN,1,1,0.6,0,1
64.21,NaN,1,1,0.6,0,1
64.22,NaN,1,1,0.6,0,1
64.23,NaN,1,1,0.6,0,1
64.24,NaN,1,1,0.6,0,1
64.25,NaN,1,1,0.6,0,1
64.26,NaN,1,1,0.6,0,1
64.27,NaN,1,1,0.6,0,1
64.28,NaN,1,1,0.6,0,1
64.29,NaN,1,1,0.6,0,1
64.3,NaN,1,1,0.6,0,1
64.31,NaN,1,1,0.6,0,1
64.32,NaN,1,1,0.6,0,1
64.33,NaN,1,1,0.6,0,1
64.34,NaN,1,1,0.6,0,1
64.35,NaN,1,1,0.6,0,1
64.36,NaN,1,1,0.6,0,1
64.37,NaN,1,1,0.6,0,1
64.38,NaN,1,1,0.6,0,1
64.39,NaN,1,1,0.6,0,1
64.4,NaN,1,1,0.6,0,1
64.41,NaN,1,1,0.6,0,1
64.42,NaN,1,1,0.6,0,1
64.43,NaN,1,1,0.6,0,1
64.44,NaN,1,1,0.6,0,1
64.45,NaN,1,1,0.6,0,1
64.46,NaN,1,1,0.6,0,1
64.47,NaN,1,1,0.6,0,1
64.48,NaN,1,1,0.6,0,1
64.49,NaN,1,1,0.6,0,1
64.5,NaN,1,1,0.6,0,1
64.51,NaN,1,1,0.6,0,1
64.52,NaN,1,1,0.6,0,1
64.53,NaN,1,1,0.6,0,1
64.54,NaN,1,1,0.6,0,1
64.55,NaN,1,1,0.6,0,1
64.56,NaN,1,1,0.6,0,1
64.57,NaN,1,1,0.6,0,1
64.58,NaN,1,1,0.6,0,1
64.59,NaN,1,1,0.6,0,1
64.6,NaN,1,1,0.6,0,1
64.61,NaN,1,1,0.6,0,1
64.62,NaN,1,1,0.6,0,1
64.63,NaN,1,1,0.6,0,1
64.64,NaN,1,1,0.6,0,1
64.65,NaN,1,1,0.6,0,1
64.66,NaN,1,1,0.6,0,1
64.67,NaN,1,1,0.6,0,1
64.68,NaN,1,1,0.6,0,1
64.69,NaN,1,1,0.6,0,1
64.7,NaN,1,1,0.6,0,1
64.71,NaN,1,1,0.6,0,1
64.72,NaN,1,1,0.6,0,1
64.73,NaN,1,1,0.6,0,1
64.74,NaN,1,1,0.6,0,1
64.75,NaN,1,1,0.6,0,1
64.76,NaN,1,1,0.6,0,1
64.77,NaN,1,1,0.6,0,1
64.78,NaN,1,1,0.6,0,1
64.79,NaN,1,1,0.6,0,1
64.8,NaN,1,1,0.6,0,1
64.81,NaN,1,1,0.6,0,1
64.82,NaN,1,1,0.6,0,1
64.83,NaN,1,1,0.6,0,1
64.84,NaN,1,1,0.6,0,1
64.85,NaN,1,1,0.6,0,1
64.86,NaN,1,1,0.6,0,1
64.87,NaN,1,1,0.6,0,1
64.88,NaN,1,1,0.6,0,1
64.89,NaN,1,1,0.6,0,1
64.9,NaN,1,1,0.6,0,1
64.91,NaN,1,1,0.6,0,1
64.92,NaN,1,1,0.6,0,1
64.93,NaN,1,1,0.6,0,1
64.94,NaN,1,1,0.6,0,1
64.95,NaN,1,1,0.6,0,1
64.96,NaN,1,1,0.6,0,1
64.97,NaN,1,1,0.6,0,1
64.98,NaN,1,1,0.6,0,1
64.99,NaN,1,1,0.6,0,1
65,0.021008351841332,1,1,0.6,0,0
65.01,0.0210990544422911,1,1,0.6,0,0
65.02,0.0211896726470602,1,1,0.6,0,0
65.03,0.0212802060931672,1,1,0.6,0,0
65.04,0.021370654418478,1,1,0.6,0,0
65.05,0.0214610172611998,1,1,0.6,0,0
65.06,0.0215512942598812,1,1,0.6,0,0
65.07,0.0216414850534141,1,1,0.6,0,0
65.08,0.0217315892810358,1,1,0.6,0,0
65.09,0.0218216065823294,1,1,0.6,0,0
65.1,0.0219115365972256,1,1,0.6,0,0
65.11,0.0220013789660047,1,1,0.6,0,0
65.12,0.0220911333292973,1,1,0.6,0,0
65.13,0.022180799328086,1,1,0.6,0,0
65.14,0.022270376603707,1,1,0.6,0,0
65.15,0.0223598647978513,1,1,0.6,0,0
65.16,0.0224492635525661,1,1,0.6,0,0
65.17,0.0225385725102567,1,1,0.6,0,0
65.18,0.0226277913136874,1,1,0.6,0,0
65.19,0.0227169196059828,1,1,0.6,0,0
65.2,0.0228059570306303,1,1,0.6,0,0
65.21,0.0228949032314799,1,1,0.6,0,0
65.22,0.0229837578527472,1,1,0.6,0,0
65.23,0.0230725205390137,1,1,0.6,0,0
65.24,0.0231611909352288,1,1,0.6,0,0
65.25,0.0232497686867111,1,1,0.6,0,0
65.26,0.0233382534391496,1,1,0.6,0,0
65.27,0.0234266448386054,1,1,0.6,0,0
65.28,0.0235149425315132,1,1,0.6,0,0
65.29,0.0236031461646821,1,1,0.6,0,0
65.3,0.0236912553852979,1,1,0.6,0,0
65.31,0.0237792698409238,1,1,0.6,0,0
65.32,0.0238671891795019,1,1,0.6,0,0
65.33,0.0239550130493553,1,1,0.6,0,0
65.34,0.0240427410991883,1,1,0.6,0,0
65.35,0.024130372978089,1,1,0.6,0,0
65.36,0.0242179083355299,1,1,0.6,0,0
65.37,0.0243053468213699,1,1,0.6,0,0
65.38,0.0243926880858548,1,1,0.6,0,0
65.39,0.02447993177962,1,1,0.6,0,0
65.4,0.0245670775536908,1,1,0.6,0,0
65.41,0.024654125059484,1,1,0.6,0,0
65.42,0.0247410739488099,1,1,0.6,0,0
65.43,0.0248279238738731,1,1,0.6,0,0
65.44,0.0249146744872737,1,1,0.6,0,0
65.45,0.0250013254420097,1,1,0.6,0,0
65.46,0.0250878763914771,1,1,0.6,0,0
65.47,0.0251743269894726,1,1,0.6,0,0
65.48,0.0252606768901937,1,1,0.6,0,0
65.49,0.0253469257482407,1,1,0.6,0,0
65.5,0.0254330732186188,1,1,0.6,0,0
65.51,0.0255191189567378,1,1,0.6,0,0
65.52,0.0256050626184148,1,1,0.6,0,0
65.53,0.0256909038598758,1,1,0.6,0,0
65.54,0.0257766423377553,1,1,0.6,0,0
65.55,0.0258622777091,1,1,0.6,0,0
65.56,0.0259478096313685,1,1,0.6,0,0
65.57,0.0260332377624328,1,1,0.6,0,0
65.58,0.0261185617605809,1,1,0.6,0,0
65.59,0.0262037812845168,1,1,0.6,0,0
65.6,0.0262888959933623,1,1,0.6,0,0
65.61,0.0263739055466591,1,1,0.6,0,0
65.62,0.0264588096043689,1,1,0.6,0,0
65.63,0.0265436078268753,1,1,0.6,0,0
65.64,0.026628299874986,1,1,0.6,0,0
65.65,0.0267128854099328,1,1,0.6,0,0
65.66,0.0267973640933733,1,1,0.6,0,0
65.67,0.0268817355873933,1,1,0.6,0,0
65.68,0.0269659995545069,1,1,0.6,0,0
65.69,0.027050155657658,1,1,0.6,0,0
65.7,0.0271342035602226,1,1,0.6,0,0
65.71,0.0272181429260092,1,1,0.6,0,0
65.72,0.0273019734192604,1,1,0.6,0,0
65.73,0.0273856947046543,1,1,0.6,0,0
65.74,0.0274693064473059,1,1,0.6,0,0
65.75,0.0275528083127683,1,1,0.6,0,0
65.76,0.0276361999670343,1,1,0.6,0,0
65.77,0.0277194810765371,1,1,0.6,0,0
65.78,0.0278026513081527,1,1,0.6,0,0
65.79,0.0278857103292001,1,1,0.6,0,0
65.8,0.0279686578074433,1,1,0.6,0,0
65.81,0.0280514934110927,1,1,0.6,0,0
65.82,0.0281342168088057,1,1,0.6,0,0
65.83,0.0282168276696891,1,1,0.6,0,0
65.84,0.0282993256632994,1,1,0.6,0,0
65.85,0.0283817104596447,1,1,0.6,0,0
65.86,0.0284639817291861,1,1,0.6,0,0
65.87,0.0285461391428386,1,1,0.6,0,0
65.88,0.0286281823719724,1,1,0.6,0,0
65.89,0.0287101110884151,1,1,0.6,0,0
65.9,0.0287919249644516,1,1,0.6,0,0
65.91,0.0288736236728266,1,1,0.6,0,0
65.92,0.0289552068867455,1,1,0.6,0,0
65.93,0.0290366742798754,1,1,0.6,0,0
65.94,0.0291180255263469,1,1,0.6,0,0
65.95,0.0291992603007551,1,1,0.6,0,0
65.96,0.029280378278161,1,1,0.6,0,0
65.97,0.029361379134093,1,1,0.6,0,0
65.98,0.0294422625445475,1,1,0.6,0,0
65.99,0.029523028185991,1,1,0.6,0,0
66,0.0296036757353612,1,1,0.6,0,0
66.01,0.029684204870068,1,1,0.6,0,0
66.02,0.0297646152679947,1,1,0.6,0,0
66.03,0.0298449066075002,1,1,0.6,0,0
66.04,0.0299250785674189,1,1,0.6,0,0
66.05,0.0300051308270634,1,1,0.6,0,0
66.06,0.0300850630662246,1,1,0.6,0,0
66.07,0.0301648749651734,1,1,0.6,0,0
66.08,0.0302445662046629,1,1,0.6,0,0
66.09,0.0303241364659277,1,1,0.6,0,0
66.1,0.030403585430687,1,1,0.6,0,0
66.11,0.0304829127811454,1,1,0.6,0,0
66.12,0.0305621181999931,1,1,0.6,0,0
66.13,0.0306412013704087,1,1,0.6,0,0
66.14,0.0307201619760599,1,1,0.6,0,0
66.15,0.030798999701104,1,1,0.6,0,0
66.16,0.0308777142301903,1,1,0.6,0,0
66.17,0.030956305248461,1,1,0.6,0,0
66.18,0.031034772441552,1,1,0.6,0,0
66.19,0.0311131154955944,1,1,0.6,0,0
66.2,0.0311913340972165,1,1,0.6,0,0
66.21,0.0312694279335437,1,1,0.6,0,0
66.22,0.0313473966922009,1,1,0.6,0,0
66.23,0.0314252400613132,1,1,0.6,0,0
66.24,0.0315029577295069,1,1,0.6,0,0
66.25,0.0315805493859119,1,1,0.6,0,0
66.26,0.0316580147201615,1,1,0.6,0,0
66.27,0.0317353534223943,1,1,0.6,0,0
66.28,0.0318125651832558,1,1,0.6,0,0
66.29,0.0318896496938989,1,1,0.6,0,0
66.3,0.0319666066459858,1,1,0.6,0,0
66.31,0.0320434357316888,1,1,0.6,0,0
66.32,0.0321201366436915,1,1,0.6,0,0
66.33,0.0321967090751905,1,1,0.6,0,0
66.34,0.0322731527198962,1,1,0.6,0,0
66.35,0.0323494672720339,1,1,0.6,0,0
66.36,0.0324256524263457,1,1,0.6,0,0
66.37,0.0325017078780911,1,1,0.6,0,0
66.38,0.0325776333230482,1,1,0.6,0,0
66.39,0.0326534284575156,1,1,0.6,0,0
66.4,0.0327290929783126,1,1,0.6,0,0
66.41,0.0328046265827813,1,1,0.6,0,0
66.42,0.0328800289687875,1,1,0.6,0,0
66.43,0.0329552998347217,1,1,0.6,0,0
66.44,0.0330304388795003,1,1,0.6,0,0
66.45,0.0331054458025676,1,1,0.6,0,0
66.46,0.0331803203038957,1,1,0.6,0,0
66.47,0.033255062083987,1,1,0.6,0,0
66.48,0.0333296708438742,1,1,0.6,0,0
66.49,0.0334041462851224,1,1,0.6,0,0
66.5,0.0334784881098301,1,1,0.6,0,0
66.51,0.03355269602063,1,1,0.6,0,0
66.52,0.0336267697206905,1,1,0.6,0,0
66.53,0.033700708913717,1,1,0.6,0,0
66.54,0.0337745133039527,1,1,0.6,0,0
66.55,0.0338481825961803,1,1,0.6,0,0
66.56,0.0339217164957226,1,1,0.6,0,0
66.57,0.0339951147084441,1,1,0.6,0,0
66.58,0.0340683769407522,1,1,0.6,0,0
66.59,0.034141502899598,1,1,0.6,0,0
66.6,0.0342144922924776,1,1,0.6,0,0
66.61,0.0342873448274337,1,1,0.6,0,0
66.62,0.0343600602130562,1,1,0.6,0,0
66.63,0.0344326381584836,1,1,0.6,0,0
66.64,0.0345050783734044,1,1,0.6,0,0
66.65,0.0345773805680576,1,1,0.6,0,0
66.66,0.0346495444532347,1,1,0.6,0,0
66.67,0.0347215697402802,1,1,0.6,0,0
66.68,0.034793456141093,1,1,0.6,0,0
66.69,0.0348652033681276,1,1,0.6,0,0
66.7,0.0349368111343952,1,1,0.6,0,0
66.71,0.0350082791534648,1,1,0.6,0,0
66.72,0.0350796071394646,1,1,0.6,0,0
66.73,0.0351507948070826,1,1,0.6,0,0
66.74,0.0352218418715681,1,1,0.6,0,0
66.75,0.0352927480487333,1,1,0.6,0,0
66.76,0.0353635130549532,1,1,0.6,0,0
66.77,0.035434136607168,1,1,0.6,0,0
66.78,0.0355046184228838,1,1,0.6,0,0
66.79,0.035574958220173,1,1,0.6,0,0
66.8,0.0356451557176769,1,1,0.6,0,0
66.81,0.0357152106346056,1,1,0.6,0,0
66.82,0.0357851226907391,1,1,0.6,0,0
66.83,0.0358548916064297,1,1,0.6,0,0
66.84,0.0359245171026017,1,1,0.6,0,0
66.85,0.0359939989007531,1,1,0.6,0,0
66.86,0.0360633367229569,1,1,0.6,0,0
66.87,0.0361325302918621,1,1,0.6,0,0
66.88,0.036201579330694,1,1,0.6,0,0
66.89,0.036270483563257,1,1,0.6,0,0
66.9,0.0363392427139342,1,1,0.6,0,0
66.91,0.0364078565076888,1,1,0.6,0,0
66.92,0.036476324670066,1,1,0.6,0,0
66.93,0.0365446469271932,1,1,0.6,0,0
66.94,0.0366128230057813,1,1,0.6,0,0
66.95,0.0366808526331263,1,1,0.6,0,0
66.96,0.0367487355371096,1,1,0.6,0,0
66.97,0.0368164714461998,1,1,0.6,0,0
66.98,0.0368840600894533,1,1,0.6,0,0
66.99,0.0369515011965156,1,1,0.6,0,0
67,0.0370187944976224,1,1,0.6,0,0
67.01,0.0370859397236006,1,1,0.6,0,0
67.02,0.0371529366058693,1,1,0.6,0,0
67.03,0.0372197848764412,1,1,0.6,0,0
67.04,0.0372864842679231,1,1,0.6,0,0
67.05,0.0373530345135177,1,1,0.6,0,0
67.06,0.0374194353470241,1,1,0.6,0,0
67.07,0.0374856865028389,1,1,0.6,0,0
67.08,0.0375517877159577,1,1,0.6,0,0
67.09,0.0376177387219758,1,1,0.6,0,0
67.1,0.037683539257089,1,1,0.6,0,0
67.11,0.0377491890580956,1,1,0.6,0,0
67.12,0.0378146878623962,1,1,0.6,0,0
67.13,0.0378800354079958,1,1,0.6,0,0
67.14,0.0379452314335042,1,1,0.6,0,0
67.15,0.0380102756781376,1,1,0.6,0,0
67.16,0.0380751678817188,1,1,0.6,0,0
67.17,0.0381399077846794,1,1,0.6,0,0
67.18,0.0382044951280596,1,1,0.6,0,0
67.19,0.0382689296535103,1,1,0.6,0,0
67.2,0.0383332111032934,1,1,0.6,0,0
67.21,0.0383973392202831,1,1,0.6,0,0
67.22,0.0384613137479672,1,1,0.6,0,0
67.23,0.0385251344304476,1,1,0.6,0,0
67.24,0.0385888010124416,1,1,0.6,0,0
67.25,0.0386523132392831,1,1,0.6,0,0
67.26,0.0387156708569231,1,1,0.6,0,0
67.27,0.0387788736119313,1,1,0.6,0,0
67.28,0.0388419212514967,1,1,0.6,0,0
67.29,0.038904813523429,1,1,0.6,0,0
67.3,0.038967550176159,1,1,0.6,0,0
67.31,0.0390301309587403,1,1,0.6,0,0
67.32,0.0390925556208497,1,1,0.6,0,0
67.33,0.0391548239127889,1,1,0.6,0,0
67.34,0.0392169355854846,1,1,0.6,0,0
67.35,0.0392788903904901,1,1,0.6,0,0
67.36,0.0393406880799866,1,1,0.6,0,0
67.37,0.0394023284067832,1,1,0.6,0,0
67.38,0.0394638111243186,1,1,0.6,0,0
67.39,0.0395251359866622,1,1,0.6,0,0
67.4,0.0395863027485146,1,1,0.6,0,0
67.41,0.0396473111652087,1,1,0.6,0,0
67.42,0.0397081609927111,1,1,0.6,0,0
67.43,0.0397688519876224,1,1,0.6,0,0
67.44,0.0398293839071787,1,1,0.6,0,0
67.45,0.0398897565092526,1,1,0.6,0,0
67.46,0.0399499695523536,1,1,0.6,0,0
67.47,0.0400100227956297,1,1,0.6,0,0
67.48,0.040069915998868,1,1,0.6,0,0
67.49,0.0401296489224955,1,1,0.6,0,0
67.5,0.040189221327581,1,1,0.6,0,0
67.51,0.0402486329758349,1,1,0.6,0,0
67.52,0.0403078836296103,1,1,0.6,0,0
67.53,0.0403669730519051,1,1,0.6,0,0
67.54,0.0404259010063615,1,1,0.6,0,0
67.55,0.0404846672572677,1,1,0.6,0,0
67.56,0.0405432715695589,1,1,0.6,0,0
67.57,0.0406017137088178,1,1,0.6,0,0
67.58,0.0406599934412761,1,1,0.6,0,0
67.59,0.0407181105338148,1,1,0.6,0,0
67.6,0.0407760647539656,1,1,0.6,0,0
67.61,0.0408338558699119,1,1,0.6,0,0
67.62,0.0408914836504891,1,1,0.6,0,0
67.63,0.0409489478651862,1,1,0.6,0,0
67.64,0.0410062482841464,1,1,0.6,0,0
67.65,0.0410633846781682,1,1,0.6,0,0
67.66,0.041120356818706,1,1,0.6,0,0
67.67,0.0411771644778714,1,1,0.6,0,0
67.68,0.0412338074284338,1,1,0.6,0,0
67.69,0.0412902854438214,1,1,0.6,0,0
67.7,0.0413465982981223,1,1,0.6,0,0
67.71,0.0414027457660851,1,1,0.6,0,0
67.72,0.0414587276231201,1,1,0.6,0,0
67.73,0.0415145436452999,1,1,0.6,0,0
67.74,0.0415701936093604,1,1,0.6,0,0
67.75,0.041625677292702,1,1,0.6,0,0
67.76,0.0416809944733899,1,1,0.6,0,0
67.77,0.0417361449301554,1,1,0.6,0,0
67.78,0.0417911284423969,1,1,0.6,0,0
67.79,0.0418459447901803,1,1,0.6,0,0
67.8,0.0419005937542403,1,1,0.6,0,0
67.81,0.0419550751159813,1,1,0.6,0,0
67.82,0.0420093886574776,1,1,0.6,0,0
67.83,0.0420635341614754,1,1,0.6,0,0
67.84,0.0421175114113926,1,1,0.6,0,0
67.85,0.0421713201913203,1,1,0.6,0,0
67.86,0.0422249602860235,1,1,0.6,0,0
67.87,0.0422784314809418,1,1,0.6,0,0
67.88,0.0423317335621906,1,1,0.6,0,0
67.89,0.0423848663165616,1,1,0.6,0,0
67.9,0.0424378295315238,1,1,0.6,0,0
67.91,0.0424906229952245,1,1,0.6,0,0
67.92,0.0425432464964898,1,1,0.6,0,0
67.93,0.0425956998248259,1,1,0.6,0,0
67.94,0.0426479827704195,1,1,0.6,0,0
67.95,0.0427000951241389,1,1,0.6,0,0
67.96,0.0427520366775346,1,1,0.6,0,0
67.97,0.0428038072228408,1,1,0.6,0,0
67.98,0.0428554065529751,1,1,0.6,0,0
67.99,0.0429068344615402,1,1,0.6,0,0
68,0.0429580907428248,1,1,0.6,0,0
68.01,0.0430091751918037,1,1,0.6,0,0
68.02,0.0430600876041391,1,1,0.6,0,0
68.03,0.0431108277761816,1,1,0.6,0,0
68.04,0.0431613955049705,1,1,0.6,0,0
68.05,0.0432117905882348,1,1,0.6,0,0
68.06,0.0432620128243944,1,1,0.6,0,0
68.07,0.0433120620125604,1,1,0.6,0,0
68.08,0.0433619379525361,1,1,0.6,0,0
68.09,0.0434116404448179,1,1,0.6,0,0
68.1,0.0434611692905956,1,1,0.6,0,0
68.11,0.0435105242917542,1,1,0.6,0,0
68.12,0.0435597052508737,1,1,0.6,0,0
68.13,0.0436087119712302,1,1,0.6,0,0
68.14,0.043657544256797,1,1,0.6,0,0
68.15,0.043706201912245,1,1,0.6,0,0
68.16,0.0437546847429435,1,1,0.6,0,0
68.17,0.0438029925549615,1,1,0.6,0,0
68.18,0.0438511251550677,1,1,0.6,0,0
68.19,0.0438990823507316,1,1,0.6,0,0
68.2,0.0439468639501247,1,1,0.6,0,0
68.21,0.0439944697621206,1,1,0.6,0,0
68.22,0.0440418995962961,1,1,0.6,0,0
68.23,0.044089153262932,1,1,0.6,0,0
68.24,0.0441362305730136,1,1,0.6,0,0
68.25,0.0441831313382318,1,1,0.6,0,0
68.26,0.0442298553709835,1,1,0.6,0,0
68.27,0.0442764024843727,1,1,0.6,0,0
68.28,0.044322772492211,1,1,0.6,0,0
68.29,0.0443689652090184,1,1,0.6,0,0
68.3,0.0444149804500241,1,1,0.6,0,0
68.31,0.0444608180311673,1,1,0.6,0,0
68.32,0.0445064777690976,1,1,0.6,0,0
68.33,0.0445519594811762,1,1,0.6,0,0
68.34,0.0445972629854763,1,1,0.6,0,0
68.35,0.0446423881007839,1,1,0.6,0,0
68.36,0.0446873346465986,1,1,0.6,0,0
68.37,0.0447321024431343,1,1,0.6,0,0
68.38,0.0447766913113199,1,1,0.6,0,0
68.39,0.0448211010727999,1,1,0.6,0,0
68.4,0.0448653315499354,1,1,0.6,0,0
68.41,0.0449093825658045,1,1,0.6,0,0
68.42,0.0449532539442033,1,1,0.6,0,0
68.43,0.0449969455096462,1,1,0.6,0,0
68.44,0.045040457087367,1,1,0.6,0,0
68.45,0.0450837885033196,1,1,0.6,0,0
68.46,0.0451269395841782,1,1,0.6,0,0
68.47,0.0451699101573387,1,1,0.6,0,0
68.48,0.0452127000509188,1,1,0.6,0,0
68.49,0.045255309093759,1,1,0.6,0,0
68.5,0.0452977371154231,1,1,0.6,0,0
68.51,0.0453399839461992,1,1,0.6,0,0
68.52,0.0453820494170999,1,1,0.6,0,0
68.53,0.0454239333598635,1,1,0.6,0,0
68.54,0.0454656356069542,1,1,0.6,0,0
68.55,0.0455071559915631,1,1,0.6,0,0
68.56,0.0455484943476087,1,1,0.6,0,0
68.57,0.0455896505097376,1,1,0.6,0,0
68.58,0.0456306243133254,1,1,0.6,0,0
68.59,0.0456714155944767,1,1,0.6,0,0
68.6,0.0457120241900264,1,1,0.6,0,0
68.61,0.0457524499375405,1,1,0.6,0,0
68.62,0.0457926926753157,1,1,0.6,0,0
68.63,0.0458327522423813,1,1,0.6,0,0
68.64,0.045872628478499,1,1,0.6,0,0
68.65,0.045912321224164,1,1,0.6,0,0
68.66,0.0459518303206053,1,1,0.6,0,0
68.67,0.0459911556097866,1,1,0.6,0,0
68.68,0.0460302969344068,1,1,0.6,0,0
68.69,0.0460692541379006,1,1,0.6,0,0
68.7,0.0461080270644393,1,1,0.6,0,0
68.71,0.0461466155589312,1,1,0.6,0,0
68.72,0.0461850194670224,1,1,0.6,0,0
68.73,0.0462232386350974,1,1,0.6,0,0
68.74,0.0462612729102793,1,1,0.6,0,0
68.75,0.0462991221404314,1,1,0.6,0,0
68.76,0.0463367861741566,1,1,0.6,0,0
68.77,0.0463742648607989,1,1,0.6,0,0
68.78,0.0464115580504436,1,1,0.6,0,0
68.79,0.046448665593918,1,1,0.6,0,0
68.8,0.0464855873427919,1,1,0.6,0,0
68.81,0.0465223231493784,1,1,0.6,0,0
68.82,0.0465588728667344,1,1,0.6,0,0
68.83,0.0465952363486609,1,1,0.6,0,0
68.84,0.0466314134497043,1,1,0.6,0,0
68.85,0.0466674040251559,1,1,0.6,0,0
68.86,0.0467032079310538,1,1,0.6,0,0
68.87,0.0467388250241821,1,1,0.6,0,0
68.88,0.0467742551620727,1,1,0.6,0,0
68.89,0.046809498203005,1,1,0.6,0,0
68.9,0.0468445540060069,1,1,0.6,0,0
68.91,0.0468794224308552,1,1,0.6,0,0
68.92,0.0469141033380763,1,1,0.6,0,0
68.93,0.0469485965889467,1,1,0.6,0,0
68.94,0.0469829020454932,1,1,0.6,0,0
68.95,0.0470170195704942,1,1,0.6,0,0
68.96,0.0470509490274796,1,1,0.6,0,0
68.97,0.0470846902807317,1,1,0.6,0,0
68.98,0.0471182431952854,1,1,0.6,0,0
68.99,0.0471516076369292,1,1,0.6,0,0
69,0.0471847834722052,1,1,0.6,0,0
69.01,0.0472177705684104,1,1,0.6,0,0
69.02,0.0472505687935961,1,1,0.6,0,0
69.03,0.0472831780165697,1,1,0.6,0,0
69.04,0.0473155981068943,1,1,0.6,0,0
69.05,0.0473478289348895,1,1,0.6,0,0
69.06,0.0473798703716322,1,1,0.6,0,0
69.07,0.0474117222889565,1,1,0.6,0,0
69.08,0.0474433845594549,1,1,0.6,0,0
69.09,0.0474748570564783,1,1,0.6,0,0
69.1,0.0475061396541368,1,1,0.6,0,0
69.11,0.0475372322273,1,1,0.6,0,0
69.12,0.0475681346515976,1,1,0.6,0,0
69.13,0.0475988468034201,1,1,0.6,0,0
69.14,0.0476293685599189,1,1,0.6,0,0
69.15,0.0476596997990069,1,1,0.6,0,0
69.16,0.0476898403993592,1,1,0.6,0,0
69.17,0.0477197902404136,1,1,0.6,0,0
69.18,0.0477495492023706,1,1,0.6,0,0
69.19,0.0477791171661945,1,1,0.6,0,0
69.2,0.0478084940136134,1,1,0.6,0,0
69.21,0.04783767962712,1,1,0.6,0,0
69.22,0.0478666738899719,1,1,0.6,0,0
69.23,0.047895476686192,1,1,0.6,0,0
69.24,0.0479240879005692,1,1,0.6,0,0
69.25,0.0479525074186588,1,1,0.6,0,0
69.26,0.0479807351267826,1,1,0.6,0,0
69.27,0.0480087709120299,1,1,0.6,0,0
69.28,0.0480366146622575,1,1,0.6,0,0
69.29,0.0480642662660906,1,1,0.6,0,0
69.3,0.0480917256129226,1,1,0.6,0,0
69.31,0.0481189925929164,1,1,0.6,0,0
69.32,0.0481460670970039,1,1,0.6,0,0
69.33,0.0481729490168872,1,1,0.6,0,0
69.34,0.0481996382450387,1,1,0.6,0,0
69.35,0.0482261346747015,1,1,0.6,0,0
69.36,0.0482524381998899,1,1,0.6,0,0
69.37,0.0482785487153898,1,1,0.6,0,0
69.38,0.0483044661167592,1,1,0.6,0,0
69.39,0.0483301903003286,1,1,0.6,0,0
69.4,0.0483557211632012,1,1,0.6,0,0
69.41,0.0483810586032536,1,1,0.6,0,0
69.42,0.0484062025191361,1,1,0.6,0,0
69.43,0.0484311528102731,1,1,0.6,0,0
69.44,0.0484559093768634,1,1,0.6,0,0
69.45,0.0484804721198809,1,1,0.6,0,0
69.46,0.0485048409410744,1,1,0.6,0,0
69.47,0.0485290157429689,1,1,0.6,0,0
69.48,0.0485529964288652,1,1,0.6,0,0
69.49,0.0485767829028404,1,1,0.6,0,0
69.5,0.0486003750697488,1,1,0.6,0,0
69.51,0.0486237728352217,1,1,0.6,0,0
69.52,0.0486469761056681,1,1,0.6,0,0
69.53,0.048669984788275,1,1,0.6,0,0
69.54,0.0486927987910076,1,1,0.6,0,0
69.55,0.04871541802261,1,1,0.6,0,0
69.56,0.0487378423926052,1,1,0.6,0,0
69.57,0.0487600718112958,1,1,0.6,0,0
69.58,0.0487821061897642,1,1,0.6,0,0
69.59,0.0488039454398729,1,1,0.6,0,0
69.6,0.0488255894742649,1,1,0.6,0,0
69.61,0.0488470382063641,1,1,0.6,0,0
69.62,0.0488682915503756,1,1,0.6,0,0
69.63,0.048889349421286,1,1,0.6,0,0
69.64,0.048910211734864,1,1,0.6,0,0
69.65,0.0489308784076603,1,1,0.6,0,0
69.66,0.0489513493570081,1,1,0.6,0,0
69.67,0.0489716245010238,1,1,0.6,0,0
69.68,0.0489917037586068,1,1,0.6,0,0
69.69,0.04901158704944,1,1,0.6,0,0
69.7,0.0490312742939904,1,1,0.6,0,0
69.71,0.0490507654135091,1,1,0.6,0,0
69.72,0.0490700603300314,1,1,0.6,0,0
69.73,0.0490891589663779,1,1,0.6,0,0
69.74,0.0491080612461539,1,1,0.6,0,0
69.75,0.0491267670937505,1,1,0.6,0,0
69.76,0.0491452764343442,1,1,0.6,0,0
69.77,0.0491635891938976,1,1,0.6,0,0
69.78,0.0491817052991599,1,1,0.6,0,0
69.79,0.0491996246776665,1,1,0.6,0,0
69.8,0.04921734725774,1,1,0.6,0,0
69.81,0.0492348729684901,1,1,0.6,0,0
69.82,0.049252201739814,1,1,0.6,0,0
69.83,0.0492693335023966,1,1,0.6,0,0
69.84,0.0492862681877108,1,1,0.6,0,0
69.85,0.049303005728018,1,1,0.6,0,0
69.86,0.0493195460563681,1,1,0.6,0,0
69.87,0.0493358891065997,1,1,0.6,0,0
69.88,0.0493520348133406,1,1,0.6,0,0
69.89,0.0493679831120082,1,1,0.6,0,0
69.9,0.049383733938809,1,1,0.6,0,0
69.91,0.04939928723074,1,1,0.6,0,0
69.92,0.0494146429255879,1,1,0.6,0,0
69.93,0.04942980096193,1,1,0.6,0,0
69.94,0.0494447612791341,1,1,0.6,0,0
69.95,0.0494595238173591,1,1,0.6,0,0
69.96,0.0494740885175547,1,1,0.6,0,0
69.97,0.0494884553214622,1,1,0.6,0,0
69.98,0.0495026241716145,1,1,0.6,0,0
69.99,0.049516595011336,1,1,0.6,0,0
70,0.0495303677847435,1,1,0.6,0,0
70.01,0.049543942436746,1,1,0.6,0,0
70.02,0.0495573189130447,1,1,0.6,0,0
70.03,0.0495704971601338,1,1,0.6,0,0
70.04,0.0495834771253005,1,1,0.6,0,0
70.05,0.0495962587566247,1,1,0.6,0,0
70.06,0.04960884200298,1,1,0.6,0,0
70.07,0.0496212268140334,1,1,0.6,0,0
70.08,0.0496334131402458,1,1,0.6,0,0
70.09,0.0496454009328718,1,1,0.6,0,0
70.1,0.0496571901439602,1,1,0.6,0,0
70.11,0.0496687807263543,1,1,0.6,0,0
70.12,0.0496801726336917,1,1,0.6,0,0
70.13,0.0496913658204048,1,1,0.6,0,0
70.14,0.0497023602417209,1,1,0.6,0,0
70.15,0.0497131558536622,1,1,0.6,0,0
70.16,0.0497237526130465,1,1,0.6,0,0
70.17,0.0497341504774866,1,1,0.6,0,0
70.18,0.0497443494053911,1,1,0.6,0,0
70.19,0.0497543493559643,1,1,0.6,0,0
70.2,0.0497641502892064,1,1,0.6,0,0
70.21,0.0497737521659137,1,1,0.6,0,0
70.22,0.0497831549476787,1,1,0.6,0,0
70.23,0.0497923585968903,1,1,0.6,0,0
70.24,0.0498013630767339,1,1,0.6,0,0
70.25,0.0498101683511916,1,1,0.6,0,0
70.26,0.0498187743850423,1,1,0.6,0,0
70.27,0.0498271811438619,1,1,0.6,0,0
70.28,0.0498353885940233,1,1,0.6,0,0
70.29,0.0498433967026969,1,1,0.6,0,0
70.3,0.04985120543785,1,1,0.6,0,0
70.31,0.0498588147682479,1,1,0.6,0,0
70.32,0.0498662246634532,1,1,0.6,0,0
70.33,0.0498734350938263,1,1,0.6,0,0
70.34,0.0498804460305256,1,1,0.6,0,0
70.35,0.0498872574455072,1,1,0.6,0,0
70.36,0.0498938693115255,1,1,0.6,0,0
70.37,0.0499002816021332,1,1,0.6,0,0
70.38,0.049906494291681,1,1,0.6,0,0
70.39,0.0499125073553181,1,1,0.6,0,0
70.4,0.0499183207689924,1,1,0.6,0,0
70.41,0.0499239345094501,1,1,0.6,0,0
70.42,0.0499293485542364,1,1,0.6,0,0
70.43,0.0499345628816951,1,1,0.6,0,0
70.44,0.0499395774709687,1,1,0.6,0,0
70.45,0.0499443923019991,1,1,0.6,0,0
70.46,0.0499490073555269,1,1,0.6,0,0
70.47,0.0499534226130919,1,1,0.6,0,0
70.48,0.049957638057033,1,1,0.6,0,0
70.49,0.0499616536704885,1,1,0.6,0,0
70.5,0.0499654694373959,1,1,0.6,0,0
70.51,0.0499690853424922,1,1,0.6,0,0
70.52,0.0499725013713137,1,1,0.6,0,0
70.53,0.0499757175101964,1,1,0.6,0,0
70.54,0.0499787337462757,1,1,0.6,0,0
70.55,0.0499815500674866,1,1,0.6,0,0
70.56,0.049984166462564,1,1,0.6,0,0
70.57,0.0499865829210421,1,1,0.6,0,0
70.58,0.0499887994332551,1,1,0.6,0,0
70.59,0.0499908159903371,1,1,0.6,0,0
70.6,0.0499926325842218,1,1,0.6,0,0
70.61,0.0499942492076428,1,1,0.6,0,0
70.62,0.0499956658541336,1,1,0.6,0,0
70.63,0.0499968825180277,1,1,0.6,0,0
70.64,0.0499978991944584,1,1,0.6,0,0
70.65,0.0499987158793589,1,1,0.6,0,0
70.66,0.0499993325694627,1,1,0.6,0,0
70.67,0.0499997492623027,1,1,0.6,0,0
70.68,0.0499999659562124,1,1,0.6,0,0
70.69,0.049999982650325,1,1,0.6,0,0
70.7,0.0499997993445736,1,1,0.6,0,0
70.71,0.0499994160396915,1,1,0.6,0,0
70.72,0.0499988327372119,1,1,0.6,0,0
70.73,0.049998049439468,1,1,0.6,0,0
70.74,0.0499970661495931,1,1,0.6,0,0
70.75,0.0499958828715202,1,1,0.6,0,0
70.76,0.0499944996099824,1,1,0.6,0,0
70.77,0.0499929163705129,1,1,0.6,0,0
70.78,0.0499911331594446,1,1,0.6,0,0
70.79,0.0499891499839103,1,1,0.6,0,0
70.8,0.0499869668518427,1,1,0.6,0,0
70.81,0.0499845837719743,1,1,0.6,0,0
70.82,0.0499820007538375,1,1,0.6,0,0
70.83,0.0499792178077643,1,1,0.6,0,0
70.84,0.0499762349448866,1,1,0.6,0,0
70.85,0.0499730521771356,1,1,0.6,0,0
70.86,0.0499696695172427,1,1,0.6,0,0
70.87,0.0499660869787382,1,1,0.6,0,0
70.88,0.0499623045759525,1,1,0.6,0,0
70.89,0.0499583223240151,1,1,0.6,0,0
70.9,0.049954140238855,1,1,0.6,0,0
70.91,0.0499497583372005,1,1,0.6,0,0
70.92,0.0499451766365793,1,1,0.6,0,0
70.93,0.0499403951553182,1,1,0.6,0,0
70.94,0.049935413912543,1,1,0.6,0,0
70.95,0.0499302329281787,1,1,0.6,0,0
70.96,0.0499248522229494,1,1,0.6,0,0
70.97,0.0499192718183776,1,1,0.6,0,0
70.98,0.0499134917367852,1,1,0.6,0,0
70.99,0.0499075120012924,1,1,0.6,0,0
71,0.0499013326358181,1,1,0.6,0,0
71.01,0.0498949536650798,1,1,0.6,0,0
71.02,0.0498883751145934,1,1,0.6,0,0
71.03,0.049881597010673,1,1,0.6,0,0
71.04,0.0498746193804311,1,1,0.6,0,0
71.05,0.0498674422517781,1,1,0.6,0,0
71.06,0.0498600656534227,1,1,0.6,0,0
71.07,0.0498524896148711,1,1,0.6,0,0
71.08,0.0498447141664276,1,1,0.6,0,0
71.09,0.0498367393391938,1,1,0.6,0,0
71.1,0.0498285651650691,1,1,0.6,0,0
71.11,0.0498201916767502,1,1,0.6,0,0
71.12,0.049811618907731,1,1,0.6,0,0
71.13,0.0498028468923026,1,1,0.6,0,0
71.14,0.049793875665553,1,1,0.6,0,0
71.15,0.0497847052633672,1,1,0.6,0,0
71.16,0.0497753357224267,1,1,0.6,0,0
71.17,0.0497657670802097,1,1,0.6,0,0
71.18,0.0497559993749906,1,1,0.6,0,0
71.19,0.0497460326458405,1,1,0.6,0,0
71.2,0.0497358669326261,1,1,0.6,0,0
71.21,0.0497255022760103,1,1,0.6,0,0
71.22,0.0497149387174516,1,1,0.6,0,0
71.23,0.0497041762992044,1,1,0.6,0,0
71.24,0.0496932150643183,1,1,0.6,0,0
71.25,0.0496820550566381,1,1,0.6,0,0
71.26,0.049670696320804,1,1,0.6,0,0
71.27,0.0496591389022508,1,1,0.6,0,0
71.28,0.0496473828472082,1,1,0.6,0,0
71.29,0.0496354282027005,1,1,0.6,0,0
71.3,0.0496232750165461,1,1,0.6,0,0
71.31,0.0496109233373578,1,1,0.6,0,0
71.32,0.0495983732145423,1,1,0.6,0,0
71.33,0.0495856246983001,1,1,0.6,0,0
71.34,0.0495726778396251,1,1,0.6,0,0
71.35,0.049559532690305,1,1,0.6,0,0
71.36,0.0495461893029201,1,1,0.6,0,0
71.37,0.0495326477308441,1,1,0.6,0,0
71.38,0.0495189080282432,1,1,0.6,0,0
71.39,0.0495049702500763,1,1,0.6,0,0
71.4,0.0494908344520943,1,1,0.6,0,0
71.41,0.0494765006908405,1,1,0.6,0,0
71.42,0.0494619690236499,1,1,0.6,0,0
71.43,0.0494472395086492,1,1,0.6,0,0
71.44,0.0494323122047564,1,1,0.6,0,0
71.45,0.0494171871716806,1,1,0.6,0,0
71.46,0.0494018644699221,1,1,0.6,0,0
71.47,0.0493863441607716,1,1,0.6,0,0
71.48,0.0493706263063102,1,1,0.6,0,0
71.49,0.0493547109694095,1,1,0.6,0,0
71.5,0.0493385982137307,1,1,0.6,0,0
71.51,0.0493222881037248,1,1,0.6,0,0
71.52,0.0493057807046323,1,1,0.6,0,0
71.53,0.0492890760824826,1,1,0.6,0,0
71.54,0.0492721743040944,1,1,0.6,0,0
71.55,0.0492550754370747,1,1,0.6,0,0
71.56,0.0492377795498189,1,1,0.6,0,0
71.57,0.0492202867115105,1,1,0.6,0,0
71.58,0.0492025969921209,1,1,0.6,0,0
71.59,0.049184710462409,1,1,0.6,0,0
71.6,0.0491666271939208,1,1,0.6,0,0
71.61,0.0491483472589893,1,1,0.6,0,0
71.62,0.0491298707307344,1,1,0.6,0,0
71.63,0.049111197683062,1,1,0.6,0,0
71.64,0.0490923281906644,1,1,0.6,0,0
71.65,0.0490732623290195,1,1,0.6,0,0
71.66,0.0490540001743907,1,1,0.6,0,0
71.67,0.0490345418038266,1,1,0.6,0,0
71.68,0.0490148872951607,1,1,0.6,0,0
71.69,0.0489950367270109,1,1,0.6,0,0
71.7,0.0489749901787796,1,1,0.6,0,0
71.71,0.0489547477306528,1,1,0.6,0,0
71.72,0.0489343094636004,1,1,0.6,0,0
71.73,0.0489136754593754,1,1,0.6,0,0
71.74,0.0488928458005138,1,1,0.6,0,0
71.75,0.0488718205703341,1,1,0.6,0,0
71.76,0.0488505998529373,1,1,0.6,0,0
71.77,0.0488291837332063,1,1,0.6,0,0
71.78,0.0488075722968054,1,1,0.6,0,0
71.79,0.0487857656301805,1,1,0.6,0,0
71.8,0.048763763820558,1,1,0.6,0,0
71.81,0.0487415669559453,1,1,0.6,0,0
71.82,0.0487191751251298,1,1,0.6,0,0
71.83,0.0486965884176787,1,1,0.6,0,0
71.84,0.0486738069239388,1,1,0.6,0,0
71.85,0.0486508307350362,1,1,0.6,0,0
71.86,0.0486276599428755,1,1,0.6,0,0
71.87,0.0486042946401399,1,1,0.6,0,0
71.88,0.0485807349202905,1,1,0.6,0,0
71.89,0.0485569808775662,1,1,0.6,0,0
71.9,0.0485330326069831,1,1,0.6,0,0
71.91,0.0485088902043343,1,1,0.6,0,0
71.92,0.0484845537661894,1,1,0.6,0,0
71.93,0.048460023389894,1,1,0.6,0,0
71.94,0.0484352991735698,1,1,0.6,0,0
71.95,0.0484103812161134,1,1,0.6,0,0
71.96,0.0483852696171967,1,1,0.6,0,0
71.97,0.048359964477266,1,1,0.6,0,0
71.98,0.0483344658975419,1,1,0.6,0,0
71.99,0.0483087739800186,1,1,0.6,0,0
72,0.0482828888274639,1,1,0.6,0,0
72.01,0.0482568105434182,1,1,0.6,0,0
72.02,0.0482305392321947,1,1,0.6,0,0
72.03,0.0482040749988785,1,1,0.6,0,0
72.04,0.0481774179493267,1,1,0.6,0,0
72.05,0.0481505681901672,1,1,0.6,0,0
72.06,0.0481235258287993,1,1,0.6,0,0
72.07,0.0480962909733921,1,1,0.6,0,0
72.08,0.0480688637328852,1,1,0.6,0,0
72.09,0.0480412442169875,1,1,0.6,0,0
72.1,0.0480134325361769,1,1,0.6,0,0
72.11,0.0479854288017002,1,1,0.6,0,0
72.12,0.0479572331255723,1,1,0.6,0,0
72.13,0.0479288456205759,1,1,0.6,0,0
72.14,0.0479002664002608,1,1,0.6,0,0
72.15,0.047871495578944,1,1,0.6,0,0
72.16,0.0478425332717088,1,1,0.6,0,0
72.17,0.0478133795944042,1,1,0.6,0,0
72.18,0.047784034663645,1,1,0.6,0,0
72.19,0.0477544985968109,1,1,0.6,0,0
72.2,0.0477247715120461,1,1,0.6,0,0
72.21,0.0476948535282588,1,1,0.6,0,0
72.22,0.047664744765121,1,1,0.6,0,0
72.23,0.0476344453430677,1,1,0.6,0,0
72.24,0.0476039553832966,1,1,0.6,0,0
72.25,0.0475732750077674,1,1,0.6,0,0
72.26,0.0475424043392016,1,1,0.6,0,0
72.27,0.0475113435010818,1,1,0.6,0,0
72.28,0.0474800926176513,1,1,0.6,0,0
72.29,0.0474486518139138,1,1,0.6,0,0
72.3,0.0474170212156322,1,1,0.6,0,0
72.31,0.0473852009493289,1,1,0.6,0,0
72.32,0.0473531911422851,1,1,0.6,0,0
72.33,0.0473209919225398,1,1,0.6,0,0
72.34,0.04728860341889,1,1,0.6,0,0
72.35,0.0472560257608895,1,1,0.6,0,0
72.36,0.0472232590788489,1,1,0.6,0,0
72.37,0.047190303503835,1,1,0.6,0,0
72.38,0.0471571591676701,1,1,0.6,0,0
72.39,0.0471238262029313,1,1,0.6,0,0
72.4,0.0470903047429505,1,1,0.6,0,0
72.41,0.0470565949218137,1,1,0.6,0,0
72.42,0.0470226968743597,1,1,0.6,0,0
72.43,0.046988610736181,1,1,0.6,0,0
72.44,0.0469543366436221,1,1,0.6,0,0
72.45,0.0469198747337791,1,1,0.6,0,0
72.46,0.0468852251444999,1,1,0.6,0,0
72.47,0.0468503880143825,1,1,0.6,0,0
72.48,0.0468153634827755,1,1,0.6,0,0
72.49,0.046780151689777,1,1,0.6,0,0
72.5,0.0467447527762342,1,1,0.6,0,0
72.51,0.0467091668837425,1,1,0.6,0,0
72.52,0.0466733941546456,1,1,0.6,0,0
72.53,0.0466374347320343,1,1,0.6,0,0
72.54,0.0466012887597462,1,1,0.6,0,0
72.55,0.0465649563823653,1,1,0.6,0,0
72.56,0.0465284377452209,1,1,0.6,0,0
72.57,0.0464917329943876,1,1,0.6,0,0
72.58,0.0464548422766843,1,1,0.6,0,0
72.59,0.0464177657396738,1,1,0.6,0,0
72.6,0.0463805035316623,1,1,0.6,0,0
72.61,0.0463430558016985,1,1,0.6,0,0
72.62,0.0463054226995732,1,1,0.6,0,0
72.63,0.0462676043758189,1,1,0.6,0,0
72.64,0.0462296009817088,1,1,0.6,0,0
72.65,0.0461914126692563,1,1,0.6,0,0
72.66,0.0461530395912149,1,1,0.6,0,0
72.67,0.0461144819010765,1,1,0.6,0,0
72.68,0.0460757397530721,1,1,0.6,0,0
72.69,0.0460368133021701,1,1,0.6,0,0
72.7,0.0459977027040762,1,1,0.6,0,0
72.71,0.0459584081152329,1,1,0.6,0,0
72.72,0.0459189296928184,1,1,0.6,0,0
72.73,0.0458792675947463,1,1,0.6,0,0
72.74,0.045839421979665,1,1,0.6,0,0
72.75,0.045799393006957,1,1,0.6,0,0
72.76,0.0457591808367379,1,1,0.6,0,0
72.77,0.0457187856298566,1,1,0.6,0,0
72.78,0.0456782075478936,1,1,0.6,0,0
72.79,0.0456374467531614,1,1,0.6,0,0
72.8,0.0455965034087031,1,1,0.6,0,0
72.81,0.0455553776782918,1,1,0.6,0,0
72.82,0.0455140697264307,1,1,0.6,0,0
72.83,0.0454725797183512,1,1,0.6,0,0
72.84,0.0454309078200136,1,1,0.6,0,0
72.85,0.0453890541981052,1,1,0.6,0,0
72.86,0.0453470190200406,1,1,0.6,0,0
72.87,0.0453048024539603,1,1,0.6,0,0
72.88,0.0452624046687307,1,1,0.6,0,0
72.89,0.0452198258339427,1,1,0.6,0,0
72.9,0.0451770661199117,1,1,0.6,0,0
72.91,0.0451341256976764,1,1,0.6,0,0
72.92,0.0450910047389985,1,1,0.6,0,0
72.93,0.0450477034163618,1,1,0.6,0,0
72.94,0.0450042219029715,1,1,0.6,0,0
72.95,0.0449605603727535,1,1,0.6,0,0
72.96,0.0449167190003541,1,1,0.6,0,0
72.97,0.0448726979611385,1,1,0.6,0,0
72.98,0.0448284974311909,1,1,0.6,0,0
72.99,0.0447841175873134,1,1,0.6,0,0
73,0.0447395586070252,1,1,0.6,0,0
73.01,0.0446948206685622,1,1,0.6,0,0
73.02,0.0446499039508762,1,1,0.6,0,0
73.03,0.0446048086336338,1,1,0.6,0,0
73.04,0.0445595348972165,1,1,0.6,0,0
73.05,0.044514082922719,1,1,0.6,0,0
73.06,0.044468452891949,1,1,0.6,0,0
73.07,0.0444226449874269,1,1,0.6,0,0
73.08,0.044376659392384,1,1,0.6,0,0
73.09,0.0443304962907627,1,1,0.6,0,0
73.1,0.0442841558672154,1,1,0.6,0,0
73.11,0.0442376383071036,1,1,0.6,0,0
73.12,0.0441909437964976,1,1,0.6,0,0
73.13,0.0441440725221754,1,1,0.6,0,0
73.14,0.0440970246716218,1,1,0.6,0,0
73.15,0.0440498004330284,1,1,0.6,0,0
73.16,0.0440023999952921,1,1,0.6,0,0
73.17,0.0439548235480143,1,1,0.6,0,0
73.18,0.043907071281501,1,1,0.6,0,0
73.19,0.0438591433867612,1,1,0.6,0,0
73.2,0.0438110400555062,1,1,0.6,0,0
73.21,0.0437627614801495,1,1,0.6,0,0
73.22,0.0437143078538052,1,1,0.6,0,0
73.23,0.0436656793702877,1,1,0.6,0,0
73.24,0.043616876224111,1,1,0.6,0,0
73.25,0.0435678986104876,1,1,0.6,0,0
73.26,0.0435187467253277,1,1,0.6,0,0
73.27,0.0434694207652391,1,1,0.6,0,0
73.28,0.0434199209275253,1,1,0.6,0,0
73.29,0.0433702474101857,1,1,0.6,0,0
73.3,0.0433204004119143,1,1,0.6,0,0
73.31,0.043270380132099,1,1,0.6,0,0
73.32,0.0432201867708209,1,1,0.6,0,0
73.33,0.0431698205288533,1,1,0.6,0,0
73.34,0.0431192816076611,1,1,0.6,0,0
73.35,0.0430685702094001,1,1,0.6,0,0
73.36,0.0430176865369156,1,1,0.6,0,0
73.37,0.0429666307937423,1,1,0.6,0,0
73.38,0.0429154031841031,1,1,0.6,0,0
73.39,0.0428640039129084,1,1,0.6,0,0
73.4,0.0428124331857552,1,1,0.6,0,0
73.41,0.0427606912089264,1,1,0.6,0,0
73.42,0.0427087781893897,1,1,0.6,0,0
73.43,0.0426566943347972,1,1,0.6,0,0
73.44,0.0426044398534843,1,1,0.6,0,0
73.45,0.0425520149544687,1,1,0.6,0,0
73.46,0.0424994198474501,1,1,0.6,0,0
73.47,0.0424466547428087,1,1,0.6,0,0
73.48,0.042393719851605,1,1,0.6,0,0
73.49,0.0423406153855784,1,1,0.6,0,0
73.5,0.0422873415571467,1,1,0.6,0,0
73.51,0.0422338985794051,1,1,0.6,0,0
73.52,0.0421802866661256,1,1,0.6,0,0
73.53,0.0421265060317556,1,1,0.6,0,0
73.54,0.0420725568914176,1,1,0.6,0,0
73.55,0.0420184394609082,1,1,0.6,0,0
73.56,0.041964153956697,1,1,0.6,0,0
73.57,0.041909700595926,1,1,0.6,0,0
73.58,0.0418550795964083,1,1,0.6,0,0
73.59,0.0418002911766281,1,1,0.6,0,0
73.6,0.041745335555739,1,1,0.6,0,0
73.61,0.0416902129535632,1,1,0.6,0,0
73.62,0.0416349235905913,1,1,0.6,0,0
73.63,0.0415794676879806,1,1,0.6,0,0
73.64,0.0415238454675544,1,1,0.6,0,0
73.65,0.0414680571518018,1,1,0.6,0,0
73.66,0.0414121029638759,1,1,0.6,0,0
73.67,0.0413559831275933,1,1,0.6,0,0
73.68,0.0412996978674333,1,1,0.6,0,0
73.69,0.0412432474085371,1,1,0.6,0,0
73.7,0.041186631976706,1,1,0.6,0,0
73.71,0.0411298517984021,1,1,0.6,0,0
73.72,0.0410729071007458,1,1,0.6,0,0
73.73,0.0410157981115157,1,1,0.6,0,0
73.74,0.0409585250591481,1,1,0.6,0,0
73.75,0.0409010881727347,1,1,0.6,0,0
73.76,0.0408434876820231,1,1,0.6,0,0
73.77,0.0407857238174154,1,1,0.6,0,0
73.78,0.0407277968099668,1,1,0.6,0,0
73.79,0.0406697068913851,1,1,0.6,0,0
73.8,0.0406114542940302,1,1,0.6,0,0
73.81,0.0405530392509122,1,1,0.6,0,0
73.82,0.0404944619956914,1,1,0.6,0,0
73.83,0.0404357227626764,1,1,0.6,0,0
73.84,0.0403768217868244,1,1,0.6,0,0
73.85,0.0403177593037391,1,1,0.6,0,0
73.86,0.0402585355496703,1,1,0.6,0,0
73.87,0.0401991507615129,1,1,0.6,0,0
73.88,0.0401396051768062,1,1,0.6,0,0
73.89,0.0400798990337322,1,1,0.6,0,0
73.9,0.0400200325711156,1,1,0.6,0,0
73.91,0.039960006028422,1,1,0.6,0,0
73.92,0.0398998196457576,1,1,0.6,0,0
73.93,0.0398394736638678,1,1,0.6,0,0
73.94,0.0397789683241365,1,1,0.6,0,0
73.95,0.0397183038685849,1,1,0.6,0,0
73.96,0.0396574805398708,1,1,0.6,0,0
73.97,0.0395964985812874,1,1,0.6,0,0
73.98,0.0395353582367625,1,1,0.6,0,0
73.99,0.0394740597508574,1,1,0.6,0,0
74,0.0394126033687658,1,1,0.6,0,0
74.01,0.0393509893363133,1,1,0.6,0,0
74.02,0.0392892178999561,1,1,0.6,0,0
74.03,0.0392272893067795,1,1,0.6,0,0
74.04,0.039165203804498,1,1,0.6,0,0
74.05,0.0391029616414536,1,1,0.6,0,0
74.06,0.0390405630666147,1,1,0.6,0,0
74.07,0.0389780083295756,1,1,0.6,0,0
74.08,0.0389152976805552,1,1,0.6,0,0
74.09,0.0388524313703959,1,1,0.6,0,0
74.1,0.0387894096505629,1,1,0.6,0,0
74.11,0.0387262327731431,1,1,0.6,0,0
74.12,0.0386629009908438,1,1,0.6,0,0
74.13,0.0385994145569921,1,1,0.6,0,0
74.14,0.0385357737255336,1,1,0.6,0,0
74.15,0.0384719787510316,1,1,0.6,0,0
74.16,0.0384080298886659,1,1,0.6,0,0
74.17,0.0383439273942318,1,1,0.6,0,0
74.18,0.0382796715241393,1,1,0.6,0,0
74.19,0.0382152625354118,1,1,0.6,0,0
74.2,0.038150700685685,1,1,0.6,0,0
74.21,0.0380859862332065,1,1,0.6,0,0
74.22,0.0380211194368336,1,1,0.6,0,0
74.23,0.0379561005560338,1,1,0.6,0,0
74.24,0.0378909298508825,1,1,0.6,0,0
74.25,0.037825607582062,1,1,0.6,0,0
74.26,0.0377601340108618,1,1,0.6,0,0
74.27,0.037694509399176,1,1,0.6,0,0
74.28,0.0376287340095027,1,1,0.6,0,0
74.29,0.0375628081049435,1,1,0.6,0,0
74.3,0.0374967319492022,1,1,0.6,0,0
74.31,0.0374305058065828,1,1,0.6,0,0
74.32,0.0373641299419903,1,1,0.6,0,0
74.33,0.0372976046209278,1,1,0.6,0,0
74.34,0.0372309301094965,1,1,0.6,0,0
74.35,0.0371641066743945,1,1,0.6,0,0
74.36,0.0370971345829152,1,1,0.6,0,0
74.37,0.0370300141029471,1,1,0.6,0,0
74.38,0.036962745502972,1,1,0.6,0,0
74.39,0.0368953290520642,1,1,0.6,0,0
74.4,0.0368277650198892,1,1,0.6,0,0
74.41,0.0367600536767035,1,1,0.6,0,0
74.42,0.0366921952933519,1,1,0.6,0,0
74.43,0.036624190141268,1,1,0.6,0,0
74.44,0.0365560384924726,1,1,0.6,0,0
74.45,0.0364877406195718,1,1,0.6,0,0
74.46,0.0364192967957573,1,1,0.6,0,0
74.47,0.0363507072948041,1,1,0.6,0,0
74.48,0.0362819723910701,1,1,0.6,0,0
74.49,0.0362130923594951,1,1,0.6,0,0
74.5,0.0361440674755988,1,1,0.6,0,0
74.51,0.0360748980154808,1,1,0.6,0,0
74.52,0.0360055842558189,1,1,0.6,0,0
74.53,0.035936126473868,1,1,0.6,0,0
74.54,0.035866524947459,1,1,0.6,0,0
74.55,0.0357967799549982,1,1,0.6,0,0
74.56,0.0357268917754652,1,1,0.6,0,0
74.57,0.0356568606884127,1,1,0.6,0,0
74.58,0.0355866869739651,1,1,0.6,0,0
74.59,0.0355163709128169,1,1,0.6,0,0
74.6,0.0354459127862326,1,1,0.6,0,0
74.61,0.0353753128760443,1,1,0.6,0,0
74.62,0.0353045714646516,1,1,0.6,0,0
74.63,0.0352336888350202,1,1,0.6,0,0
74.64,0.0351626652706805,1,1,0.6,0,0
74.65,0.0350915010557265,1,1,0.6,0,0
74.66,0.0350201964748151,1,1,0.6,0,0
74.67,0.0349487518131645,1,1,0.6,0,0
74.68,0.0348771673565532,1,1,0.6,0,0
74.69,0.034805443391319,1,1,0.6,0,0
74.7,0.0347335802043576,1,1,0.6,0,0
74.71,0.0346615780831218,1,1,0.6,0,0
74.72,0.0345894373156198,1,1,0.6,0,0
74.73,0.0345171581904147,1,1,0.6,0,0
74.74,0.0344447409966229,1,1,0.6,0,0
74.75,0.034372186023913,1,1,0.6,0,0
74.76,0.0342994935625048,1,1,0.6,0,0
74.77,0.0342266639031681,1,1,0.6,0,0
74.78,0.0341536973372214,1,1,0.6,0,0
74.79,0.0340805941565309,1,1,0.6,0,0
74.8,0.0340073546535093,1,1,0.6,0,0
74.81,0.0339339791211143,1,1,0.6,0,0
74.82,0.0338604678528482,1,1,0.6,0,0
74.83,0.0337868211427557,1,1,0.6,0,0
74.84,0.0337130392854237,1,1,0.6,0,0
74.85,0.0336391225759797,1,1,0.6,0,0
74.86,0.03356507131009,1,1,0.6,0,0
74.87,0.0334908857839599,1,1,0.6,0,0
74.88,0.0334165662943314,1,1,0.6,0,0
74.89,0.0333421131384821,1,1,0.6,0,0
74.9,0.0332675266142248,1,1,0.6,0,0
74.91,0.0331928070199055,1,1,0.6,0,0
74.92,0.0331179546544022,1,1,0.6,0,0
74.93,0.0330429698171245,1,1,0.6,0,0
74.94,0.0329678528080117,1,1,0.6,0,0
74.95,0.0328926039275315,1,1,0.6,0,0
74.96,0.0328172234766795,1,1,0.6,0,0
74.97,0.0327417117569773,1,1,0.6,0,0
74.98,0.0326660690704717,1,1,0.6,0,0
74.99,0.0325902957197336,1,1,0.6,0,0
75,0.0325143920078558,1,1,0.6,0,0
