time,e_line,u_L,u_R,v,omega
0,0,0.6,0.6,0.6,0
0.01,1.59999893333355e-05,0.599807920128053,0.600192079871947,0.6,0.00192079871946693
0.02,3.19999146667349e-05,0.599775760917812,0.600224239082187,0.6,0.00224239082187494
0.03,4.79997120005184e-05,0.599743522604581,0.600256477395419,0.6,0.00256477395418897
0.04,6.39993173355179e-05,0.599711205317312,0.600288794682688,0.6,0.00288794682687721
0.05,7.99986666733333e-05,0.599678809185275,0.600321190814725,0.6,0.00321190814724814
0.06,9.59976960165887e-05,0.599646334338054,0.600353665661946,0.6,0.00353665661945834
0.07,0.000111996341369188,0.599613780905549,0.600386219094451,0.6,0.00386219094451357
0.08,0.000127994538736571,0.599581149017972,0.600418850982028,0.6,0.00418850982027652
0.09,0.00014399222412597,0.599548438805853,0.600451561194147,0.6,0.00451561194147243
0.1,0.000159989333546665,0.599515650400031,0.600484349599969,0.6,0.00484349599969347
0.11,0.000175985803010238,0.59948278393166,0.60051721606834,0.6,0.0051721606834032
0.12,0.000191981568530834,0.599449839532206,0.600550160467794,0.6,0.00550160467794325
0.13,0.000207976566125412,0.599416817333446,0.600583182666554,0.6,0.00583182666553994
0.14,0.000223970731814003,0.59938371746747,0.60061628253253,0.6,0.00616282532530321
0.15,0.000239964001619965,0.599350540066676,0.600649459933324,0.6,0.00649459933324104
0.16,0.000255956311570241,0.599317285263774,0.600682714736226,0.6,0.00682714736225609
0.17,0.000271947597695612,0.599283953191784,0.600716046808216,0.6,0.00716046808215798
0.18,0.000287937796030954,0.599250543984034,0.600749456015966,0.6,0.00749456015966321
0.19,0.000303926842615496,0.599217057774159,0.60078294222584,0.6,0.00782942225840522
0.2,0.000319914673493073,0.599183494696107,0.600816505303893,0.6,0.00816505303893433
0.21,0.000335901224712383,0.599149854884127,0.600850145115873,0.6,0.00850145115873002
0.22,0.000351886432327242,0.59911613847278,0.60088386152722,0.6,0.00883861527219865
0.23,0.00036787023239684,0.599082345596932,0.600917654403068,0.6,0.00917654403068346
0.24,0.000383852560985999,0.599048476391753,0.600951523608247,0.6,0.0095152360824724
0.25,0.000399833354165427,0.59901453099272,0.60098546900728,0.6,0.00985469007279582
0.26,0.00041581254801197,0.598980509535616,0.601019490464384,0.6,0.0101949046438388
0.27,0.000431790078608876,0.598946412156526,0.601053587843474,0.6,0.0105358784347442
0.28,0.000447765882046044,0.598912238991838,0.601087761008162,0.6,0.0108776100816155
0.29,0.00046373989442028,0.598877990178247,0.601122009821753,0.6,0.0112200982175281
0.3,0.000479712051835557,0.598843665852747,0.601156334147253,0.6,0.0115633414725302
0.31,0.000495682290403266,0.598809266152635,0.601190733847365,0.6,0.0119073384736479
0.32,0.000511650546242474,0.598774791215511,0.601225208784489,0.6,0.012252087844894
0.33,0.00052761675548018,0.598740241179273,0.601259758820727,0.6,0.0125975882072715
0.34,0.000543580854251567,0.598705616182122,0.601294383817878,0.6,0.0129438381787805
0.35,0.000559542778700262,0.598670916362558,0.601329083637442,0.6,0.01329083637442
0.36,0.000575502464978588,0.59863614185938,0.60136385814062,0.6,0.0136385814061979
0.37,0.000591459849247822,0.598601292811686,0.601398707188314,0.6,0.0139870718831359
0.38,0.000607414867678447,0.598566369358873,0.601433630641127,0.6,0.0143363064112711
0.39,0.000623367456450412,0.598531371640633,0.601468628359367,0.6,0.0146862835936679
0.4,0.000639317551753382,0.598496299796959,0.601503700203041,0.6,0.0150370020304147
0.41,0.000655265089786997,0.598461153968136,0.601538846031864,0.6,0.0153884603186416
0.42,0.000671210006761126,0.598425934294749,0.601574065705251,0.6,0.0157406570525132
0.43,0.000687152238896124,0.598390640917675,0.601609359082324,0.6,0.0160935908232451
0.44,0.000703091722423082,0.59835527397809,0.60164472602191,0.6,0.0164472602191013
0.45,0.000719028393584088,0.598319833617459,0.601680166382541,0.6,0.0168016638254054
0.46,0.000734962188632479,0.598284319977546,0.601715680022454,0.6,0.0171568002245437
0.47,0.000750893043833095,0.598248733200403,0.601751266799597,0.6,0.0175126679959692
0.48,0.000766820895462536,0.598213073428379,0.601786926571621,0.6,0.0178692657162138
0.49,0.000782745679809419,0.598177340804111,0.601822659195889,0.6,0.0182265919588864
0.5,0.000798667333174625,0.598141535470532,0.601858464529468,0.6,0.0185846452946814
0.51,0.000814585791871564,0.598105657570861,0.601894342429139,0.6,0.0189434242913877
0.52,0.000830500992226422,0.598069707248611,0.601930292751389,0.6,0.0193029275138878
0.53,0.000846412870578418,0.598033684647583,0.601966315352417,0.6,0.0196631535241698
0.54,0.00086232136328006,0.597997589911867,0.602002410088133,0.6,0.0200241008813318
0.55,0.000878226406697399,0.597961423185842,0.602038576814158,0.6,0.0203857681415831
0.56,0.000894127937210282,0.597925184614174,0.602074815385826,0.6,0.0207481538582555
0.57,0.000910025891212608,0.597888874341819,0.602111125658181,0.6,0.0211112565818072
0.58,0.000925920205112583,0.597852492514017,0.602147507485983,0.6,0.0214750748598269
0.59,0.000941810815332972,0.597816039276296,0.602183960723704,0.6,0.021839607237043
0.6,0.000957697658311355,0.597779514774467,0.602220485225533,0.6,0.0222048522553253
0.61,0.000973580670500382,0.59774291915463,0.60225708084537,0.6,0.0225708084536957
0.62,0.000989459788368025,0.597706252563167,0.602293747436833,0.6,0.0229374743683286
0.63,0.00100533494839783,0.597669515146744,0.602330484853256,0.6,0.0233048485325615
0.64,0.00102120608708919,0.59763270705231,0.60236729294769,0.6,0.0236729294768978
0.65,0.00103707314095756,0.597595828427099,0.602404171572901,0.6,0.024041715729014
0.66,0.00105293604653475,0.597558879418623,0.602441120581377,0.6,0.0244112058137669
0.67,0.00106879474036915,0.59752186017468,0.60247813982532,0.6,0.0247813982531953
0.68,0.00108464915902602,0.597484770843347,0.602515229156653,0.6,0.0251522915665292
0.69,0.0011004992390877,0.59744761157298,0.60255238842702,0.6,0.0255238842701988
0.7,0.00111634491715389,0.597410382512217,0.602589617487783,0.6,0.0258961748778308
0.71,0.0011321861298419,0.597373083809973,0.602626916190027,0.6,0.0262691619002653
0.72,0.0011480228137869,0.597335715615445,0.602664284384555,0.6,0.0266428438455535
0.73,0.00116385490564218,0.597298278078103,0.602701721921897,0.6,0.0270172192189688
0.74,0.00117968234207938,0.597260771347699,0.602739228652301,0.6,0.0273922865230103
0.75,0.00119550505978879,0.597223195574259,0.602776804425741,0.6,0.027768044257408
0.76,0.00121132299547956,0.597185550908087,0.602814449091913,0.6,0.0281444909191331
0.77,0.00122713608587996,0.59714783749976,0.60285216250024,0.6,0.0285216250023979
0.78,0.00124294426773765,0.597110055500133,0.602889944499867,0.6,0.0288994449986679
0.79,0.00125874747781992,0.597072205060334,0.602927794939666,0.6,0.0292779493966633
0.8,0.00127454565291397,0.597034286331763,0.602965713668237,0.6,0.0296571366823672
0.81,0.0012903387298271,0.596996299466097,0.603003700533903,0.6,0.0300370053390298
0.82,0.00130612664538703,0.596958244615282,0.603041755384718,0.6,0.0304175538471774
0.83,0.00132190933644213,0.596920121931538,0.603079878068462,0.6,0.0307987806846177
0.84,0.00133768673986163,0.596881931567356,0.603118068432644,0.6,0.0311806843264428
0.85,0.00135345879253597,0.596843673675496,0.603156326324504,0.6,0.031563263245038
0.86,0.00136922543137694,0.596805348408991,0.603194651591009,0.6,0.0319465159100896
0.87,0.001384986593318,0.596766955921141,0.603233044078859,0.6,0.0323304407885872
0.88,0.00140074221531455,0.596728496365517,0.603271503634483,0.6,0.0327150363448314
0.89,0.00141649223434409,0.596689969895956,0.603310030104044,0.6,0.0331003010404396
0.9,0.00143223658740659,0.596651376666564,0.603348623333436,0.6,0.0334862333343555
0.91,0.00144797521152465,0.596612716831715,0.603387283168285,0.6,0.0338728316828485
0.92,0.0014637080437438,0.596573990546047,0.603426009453953,0.6,0.0342600945395277
0.93,0.00147943502113272,0.596535197964466,0.603464802035534,0.6,0.0346480203553401
0.94,0.00149515608078353,0.596496339242142,0.603503660757858,0.6,0.0350366075785846
0.95,0.001510871159812,0.596457414534509,0.603542585465491,0.6,0.0354258546549113
0.96,0.00152658019535786,0.596418423997267,0.603581576002733,0.6,0.0358157600273334
0.97,0.00154228312458497,0.596379367786377,0.603620632213623,0.6,0.0362063221362308
0.98,0.00155797988468163,0.596340246058065,0.603659753941935,0.6,0.0365975394193541
0.99,0.00157367041286084,0.596301058968816,0.603698941031183,0.6,0.0369894103118351
1,0.00158935464636049,0.596261806675381,0.603738193324619,0.6,0.0373819332461911
1.01,0.00160503252244368,0.596222489334767,0.603777510665233,0.6,0.0377751066523302
1.02,0.00162070397839891,0.596183107104244,0.603816892895756,0.6,0.0381689289575593
1.03,0.00163636895154039,0.596143660141341,0.603856339858659,0.6,0.0385633985865907
1.04,0.00165202737920825,0.596104148603845,0.603895851396155,0.6,0.0389585139615467
1.05,0.0016676791987688,0.596064572649804,0.603935427350196,0.6,0.0393542735019636
1.06,0.00168332434761477,0.596024932437519,0.603975067562481,0.6,0.0397506756248067
1.07,0.0016989627631656,0.595985228125553,0.604014771874447,0.6,0.0401477187444677
1.08,0.00171459438286764,0.595945459872723,0.604054540127277,0.6,0.0405454012727724
1.09,0.00173021914419443,0.595905627838101,0.604094372161899,0.6,0.0409437216189934
1.1,0.00174583698464695,0.595865732181015,0.604134267818985,0.6,0.0413426781898496
1.11,0.00176144784175387,0.595825773061049,0.604174226938951,0.6,0.0417422693895142
1.12,0.00177705165307176,0.595785750638038,0.604214249361962,0.6,0.0421424936196246
1.13,0.00179264835618542,0.595745665072072,0.604254334927928,0.6,0.0425433492792826
1.14,0.00180823788870803,0.595705516523493,0.604294483476507,0.6,0.0429448347650663
1.15,0.00182382018828151,0.595665305152896,0.604334694847104,0.6,0.0433469484710358
1.16,0.00183939519257666,0.595625031121126,0.604374968878874,0.6,0.0437496887887356
1.17,0.00185496283929349,0.595584694589279,0.604415305410721,0.6,0.0441530541072055
1.18,0.00187052306616145,0.595544295718702,0.604455704281298,0.6,0.0445570428129838
1.19,0.00188607581093963,0.595503834670988,0.604496165329012,0.6,0.0449616532901176
1.2,0.00190162101141708,0.595463311607983,0.604536688392016,0.6,0.0453668839201649
1.21,0.00191715860541302,0.59542272669178,0.60457727330822,0.6,0.0457727330822033
1.22,0.00193268853077709,0.595382080084716,0.604617919915284,0.6,0.0461791991528371
1.23,0.00194821072538962,0.59534137194938,0.60465862805062,0.6,0.0465862805062023
1.24,0.00196372512716185,0.595300602448603,0.604699397551397,0.6,0.0469939755139748
1.25,0.00197923167403618,0.595259771745463,0.604740228254537,0.6,0.0474022825453735
1.26,0.00199473030398646,0.595218880003283,0.604781119996717,0.6,0.0478111999671726
1.27,0.00201022095501818,0.59517792738563,0.60482207261437,0.6,0.0482207261437029
1.28,0.00202570356516877,0.595136914056314,0.604863085943686,0.6,0.048630859436859
1.29,0.00204117807250779,0.595095840179389,0.604904159820611,0.6,0.0490415982061088
1.3,0.00205664441513724,0.59505470591915,0.60494529408085,0.6,0.0494529408084976
1.31,0.00207210253119178,0.595013511440134,0.604986488559866,0.6,0.0498648855986561
1.32,0.00208755235883895,0.594972256907119,0.605027743092881,0.6,0.0502774309288057
1.33,0.00210299383627947,0.594930942485124,0.605069057514876,0.6,0.0506905751487641
1.34,0.00211842690174745,0.594889568339404,0.605110431660596,0.6,0.0511043166059577
1.35,0.00213385149351065,0.594848134635458,0.605151865364542,0.6,0.0515186536454182
1.36,0.00214926754987072,0.59480664153902,0.60519335846098,0.6,0.0519335846098012
1.37,0.00216467500916345,0.594765089216062,0.605234910783938,0.6,0.0523491078393801
1.38,0.00218007380975904,0.594723477832793,0.605276522167207,0.6,0.0527652216720653
1.39,0.00219546389006229,0.59468180755566,0.60531819244434,0.6,0.0531819244433995
1.4,0.00221084518851291,0.594640078551342,0.605359921448657,0.6,0.0535992144865749
1.41,0.00222621764358572,0.594598290986757,0.605401709013243,0.6,0.0540170901324299
1.42,0.00224158119379093,0.594556445029054,0.605443554970946,0.6,0.0544355497094628
1.43,0.00225693577767435,0.594514540845616,0.605485459154384,0.6,0.0548545915438359
1.44,0.00227228133381767,0.594472578604062,0.605527421395938,0.6,0.0552742139593831
1.45,0.00228761780083868,0.594430558472238,0.605569441527761,0.6,0.0556944152776151
1.46,0.00230294511739154,0.594388480618227,0.605611519381773,0.6,0.0561151938177262
1.47,0.00231826322216701,0.59434634521034,0.60565365478966,0.6,0.056536547896604
1.48,0.00233357205389267,0.594304152417117,0.605695847582883,0.6,0.0569584758288322
1.49,0.00234887155133323,0.59426190240733,0.60573809759267,0.6,0.0573809759266997
1.5,0.00236416165329072,0.594219595349979,0.605780404650021,0.6,0.0578040465002061
1.51,0.00237944229860474,0.594177231414293,0.605822768585707,0.6,0.0582276858570707
1.52,0.00239471342615275,0.594134810769726,0.605865189230274,0.6,0.0586518923027368
1.53,0.00240997497485024,0.594092333585962,0.605907666414038,0.6,0.0590766641403773
1.54,0.00242522688365104,0.594049800032909,0.605950199967091,0.6,0.0595019996709079
1.55,0.00244046909154755,0.594007210280701,0.605992789719298,0.6,0.0599278971929851
1.56,0.00245570153757094,0.593964564499698,0.606035435500302,0.6,0.0603543550030206
1.57,0.00247092416079146,0.593921862860482,0.606078137139518,0.6,0.0607813713951832
1.58,0.00248613690031863,0.593879105533859,0.606120894466141,0.6,0.0612089446614072
1.59,0.00250133969530151,0.59383629269086,0.60616370730914,0.6,0.0616370730914018
1.6,0.00251653248492894,0.593793424502735,0.606206575497265,0.6,0.0620657549726522
1.61,0.00253171520842979,0.593750501140957,0.606249498859043,0.6,0.0624949885904313
1.62,0.00254688780507319,0.593707522777219,0.606292477222781,0.6,0.062924772227807
1.63,0.00256205021416876,0.593664489583436,0.606335510416564,0.6,0.0633551041656444
1.64,0.00257720237506688,0.593621401731738,0.606378598268262,0.6,0.063785982682617
1.65,0.00259234422715895,0.593578259394479,0.606421740605521,0.6,0.0642174060552092
1.66,0.00260747570987756,0.593535062744227,0.606464937255773,0.6,0.0646493725577302
1.67,0.00262259676269681,0.593491811953769,0.606508188046231,0.6,0.0650818804623143
1.68,0.0026377073251325,0.593448507196107,0.606551492803893,0.6,0.0655149280389289
1.69,0.00265280733674241,0.593405148644461,0.606594851355539,0.6,0.0659485135553861
1.7,0.00266789673712652,0.593361736472266,0.606638263527734,0.6,0.0663826352773433
1.71,0.00268297546592723,0.593318270853168,0.606681729146831,0.6,0.0668172914683152
1.72,0.00269804346282965,0.593274751961032,0.606725248038968,0.6,0.0672524803896757
1.73,0.00271310066756182,0.593231179969933,0.606768820030067,0.6,0.0676882003006729
1.74,0.00272814701989494,0.593187555054158,0.606812444945842,0.6,0.0681244494584243
1.75,0.00274318245964361,0.593143877388206,0.606856122611794,0.6,0.0685612261179358
1.76,0.0027582069266661,0.59310014714679,0.60689985285321,0.6,0.0689985285321004
1.77,0.00277322036086457,0.593056364504829,0.606943635495171,0.6,0.0694363549517107
1.78,0.00278822270218529,0.593012529637454,0.606987470362546,0.6,0.0698747036254599
1.79,0.00280321389061892,0.592968642720005,0.607031357279995,0.6,0.0703135727999538
1.8,0.00281819386620072,0.592924703928028,0.607075296071972,0.6,0.0707529607197177
1.81,0.00283316256901082,0.59288071343728,0.60711928656272,0.6,0.0711928656271987
1.82,0.00284811993917441,0.592836671423722,0.607163328576278,0.6,0.0716332857627799
1.83,0.00286306591686205,0.592792578063522,0.607207421936478,0.6,0.0720742193647794
1.84,0.00287800044228984,0.592748433533054,0.607251566466946,0.6,0.0725156646694647
1.85,0.0028929234557197,0.592704238008894,0.607295761991105,0.6,0.0729576199110549
1.86,0.00290783489745959,0.592659991667827,0.607340008332173,0.6,0.0734000833217296
1.87,0.00292273470786377,0.592615694686837,0.607384305313163,0.6,0.0738430531316348
1.88,0.00293762282733301,0.592571347243111,0.607428652756889,0.6,0.0742865275688931
1.89,0.00295249919631486,0.592526949514039,0.607473050485961,0.6,0.0747305048596059
1.9,0.00296736375530386,0.592482501677213,0.607517498322787,0.6,0.075174983227867
1.91,0.0029822164448418,0.592438003910424,0.607561996089576,0.6,0.0756199608957608
1.92,0.00299705720551793,0.592393456391662,0.607606543608338,0.6,0.076065436083379
1.93,0.00301188597796924,0.592348859299118,0.607651140700882,0.6,0.0765114070088213
1.94,0.00302670270288065,0.59230421281118,0.60769578718882,0.6,0.0769578718882036
1.95,0.00304150732098529,0.592259517106433,0.607740482893567,0.6,0.0774048289356688
1.96,0.0030562997730647,0.592214772363661,0.607785227636339,0.6,0.0778522763633871
1.97,0.00307107999994909,0.592169978761843,0.607830021238157,0.6,0.0783002123815701
1.98,0.00308584794251758,0.592125136480152,0.607874863519848,0.6,0.0787486351984756
1.99,0.00310060354169841,0.592080245697959,0.607919754302041,0.6,0.0791975430204117
2,0.0031153467384692,0.592035306594825,0.607964693405175,0.6,0.0796469340517481
2.01,0.0031300774738572,0.591990319350508,0.608009680649492,0.6,0.0800968064949203
2.02,0.00314479568893948,0.591945284144956,0.608054715855044,0.6,0.0805471585504414
2.03,0.00315950132484319,0.59190020115831,0.60809979884169,0.6,0.080997988416901
2.04,0.00317419432274582,0.591855070570902,0.608144929429098,0.6,0.0814492942909817
2.05,0.00318887462387538,0.591809892563254,0.608190107436746,0.6,0.081901074367462
2.06,0.00320354216951071,0.591764667316078,0.608235332683922,0.6,0.0823533268392196
2.07,0.00321819690098162,0.591719395010275,0.608280604989725,0.6,0.082806049897246
2.08,0.00323283875966923,0.591674075826935,0.608325924173065,0.6,0.0832592417306499
2.09,0.0032474676870061,0.591628709947334,0.608371290052666,0.6,0.0837129005266646
2.1,0.00326208362447656,0.591583297552934,0.608416702447066,0.6,0.084167024470656
2.11,0.00327668651361687,0.591537838825387,0.608462161174613,0.6,0.0846216117461285
2.12,0.00329127629601549,0.591492333946527,0.608507666053473,0.6,0.0850766605347331
2.13,0.00330585291331332,0.591446783098372,0.608553216901628,0.6,0.0855321690162758
2.14,0.00332041630720391,0.591401186463128,0.608598813536872,0.6,0.0859881353687231
2.15,0.00333496641943369,0.591355544223179,0.608644455776821,0.6,0.0864445577682105
2.16,0.00334950319180224,0.591309856561095,0.608690143438905,0.6,0.0869014343890484
2.17,0.00336402656616248,0.591264123659627,0.608735876340373,0.6,0.0873587634037309
2.18,0.00337853648442095,0.591218345701706,0.608781654298294,0.6,0.0878165429829436
2.19,0.00339303288853799,0.591172522870443,0.608827477129557,0.6,0.0882747712955678
2.2,0.003407515720528,0.591126655349131,0.608873344650869,0.6,0.088733446508692
2.21,0.00342198492245966,0.591080743321239,0.608919256678761,0.6,0.0891925667876137
2.22,0.00343644043645621,0.591034786970414,0.608965213029586,0.6,0.0896521302958553
2.23,0.00345088220469558,0.590988786480484,0.609011213519516,0.6,0.0901121351951606
2.24,0.00346531016941074,0.590942742035449,0.609057257964551,0.6,0.0905725796455126
2.25,0.00347972427288984,0.590896653819487,0.609103346180513,0.6,0.0910334618051334
2.26,0.00349412445747649,0.59085052201695,0.60914947798305,0.6,0.0914947798304955
2.27,0.00350851066556997,0.590804346812367,0.609195653187633,0.6,0.091956531876326
2.28,0.00352288283962546,0.590758128390438,0.609241871609562,0.6,0.0924187160956191
2.29,0.0035372409221543,0.590711866936036,0.609288133063964,0.6,0.092881330639637
2.3,0.00355158485572416,0.590665562634208,0.609334437365792,0.6,0.0933443736579231
2.31,0.00356591458295933,0.590619215670169,0.609380784329831,0.6,0.0938078432983058
2.32,0.00358023004654093,0.590572826229309,0.609427173770691,0.6,0.0942717377069069
2.33,0.00359453118920711,0.590526394497185,0.609473605502815,0.6,0.0947360550281495
2.34,0.00360881795375333,0.590479920659523,0.609520079340477,0.6,0.0952007934047661
2.35,0.00362309028303255,0.59043340490222,0.60956659509778,0.6,0.0956659509778013
2.36,0.00363734811995546,0.590386847411337,0.609613152588663,0.6,0.0961315258866269
2.37,0.00365159140749075,0.590340248373106,0.609659751626894,0.6,0.0965975162689447
2.38,0.00366582008866527,0.590293607973921,0.609706392026079,0.6,0.0970639202607926
2.39,0.00368003410656433,0.590246926400344,0.609753073599655,0.6,0.0975307359965549
2.4,0.00369423340433186,0.590200203839103,0.609799796160897,0.6,0.0979979616089699
2.41,0.00370841792517071,0.590153440477086,0.609846559522914,0.6,0.0984655952291369
2.42,0.0037225876123428,0.590106636501348,0.609893363498652,0.6,0.09893363498652
2.43,0.0037367424091694,0.590059792099104,0.609940207900896,0.6,0.0994020790089611
2.44,0.00375088225903135,0.590012907457731,0.609987092542269,0.6,0.0998709254226871
2.45,0.00376500710536926,0.589965982764769,0.610034017235231,0.6,0.10034017235231
2.46,0.00377911689168378,0.589919018207916,0.610080981792084,0.6,0.100809817920844
2.47,0.00379321156153576,0.589872013975029,0.610127986024971,0.6,0.101279860249708
2.48,0.00380729105854656,0.589824970254127,0.610175029745873,0.6,0.101750297458733
2.49,0.0038213553263982,0.589777887233383,0.610222112766617,0.6,0.102221127666169
2.5,0.00383540430883362,0.58973076510113,0.61026923489887,0.6,0.102692348988699
2.51,0.00384943794965693,0.589683604045856,0.610316395954144,0.6,0.103163959541436
2.52,0.00386345619273357,0.589636404256206,0.610363595743794,0.6,0.103635957437939
2.53,0.00387745898199059,0.589589165920978,0.610410834079022,0.6,0.104108340790217
2.54,0.00389144626141685,0.589541889229126,0.610458110770874,0.6,0.104581107708737
2.55,0.00390541797506326,0.589494574369757,0.610505425630243,0.6,0.105054256302433
2.56,0.00391937406704297,0.589447221532129,0.610552778467871,0.6,0.105527784678709
2.57,0.00393331448153164,0.589399830905655,0.610600169094345,0.6,0.106001690943455
2.58,0.00394723916276763,0.589352402679896,0.610647597320104,0.6,0.106475973201045
2.59,0.00396114805505223,0.589304937044565,0.610695062955435,0.6,0.106950629554351
2.6,0.00397504110274989,0.589257434189525,0.610742565810475,0.6,0.107425658104747
2.61,0.00398891825028844,0.589209894304788,0.610790105695212,0.6,0.107901056952122
2.62,0.00400277944215931,0.589162317580512,0.610837682419488,0.6,0.108376824194879
2.63,0.00401662462291775,0.589114704207005,0.610885295792995,0.6,0.10885295792995
2.64,0.00403045373718305,0.58906705437472,0.61093294562528,0.6,0.109329456252802
2.65,0.00404426672963878,0.589019368274256,0.610980631725744,0.6,0.10980631725744
2.66,0.00405806354503298,0.588971646096358,0.611028353903642,0.6,0.110283539036424
2.67,0.00407184412817841,0.588923888031914,0.611076111968086,0.6,0.110761119680864
2.68,0.00408560842395275,0.588876094271956,0.611123905728044,0.6,0.111239057280441
2.69,0.00409935637729885,0.58882826500766,0.61117173499234,0.6,0.111717349923403
2.7,0.00411308793322491,0.588780400430342,0.611219599569658,0.6,0.112195995696581
2.71,0.00412680303680471,0.588732500731461,0.611267499268539,0.6,0.112674992685392
2.72,0.00414050163317787,0.588684566102615,0.611315433897385,0.6,0.11315433897385
2.73,0.00415418366755002,0.588636596735543,0.611363403264457,0.6,0.11363403264457
2.74,0.00416784908519304,0.588588592822122,0.611411407177878,0.6,0.114114071778776
2.75,0.00418149783144527,0.588540554554368,0.611459445445631,0.6,0.114594454456315
2.76,0.00419512985171176,0.588492482124435,0.611507517875565,0.6,0.115075178755655
2.77,0.00420874509146443,0.58844437572461,0.61155562427539,0.6,0.1155562427539
2.78,0.00422234349624234,0.58839623554732,0.611603764452679,0.6,0.116037644526795
2.79,0.0042359250116519,0.588348061785127,0.611651938214873,0.6,0.116519382148733
2.8,0.00424948958336707,0.588299854630723,0.611700145369277,0.6,0.117001453692765
2.81,0.00426303715712956,0.58825161427694,0.61174838572306,0.6,0.117483857230605
2.82,0.00427656767874911,0.588203340916736,0.611796659083264,0.6,0.117966590832639
2.83,0.00429008109410365,0.588155034743207,0.611844965256793,0.6,0.118449652567933
2.84,0.00430357734913953,0.588106695949576,0.611893304050424,0.6,0.118933040504242
2.85,0.00431705638987175,0.588058324729199,0.611941675270801,0.6,0.119416752708015
2.86,0.00433051816238417,0.58800992127556,0.61199007872444,0.6,0.119900787244402
2.87,0.00434396261282972,0.587961485782273,0.612038514217727,0.6,0.120385142177267
2.88,0.0043573896874306,0.587913018443081,0.612086981556919,0.6,0.12086981556919
2.89,0.00437079933247855,0.587864519451852,0.612135480548148,0.6,0.121354805481479
2.9,0.00438419149433499,0.587815989002583,0.612184010997417,0.6,0.121840109974174
2.91,0.0043975661194313,0.587767427289394,0.612232572710606,0.6,0.122325727106058
2.92,0.004410923154269,0.587718834506534,0.612281165493466,0.6,0.122811654934665
2.93,0.00442426254541996,0.587670210848372,0.612329789151628,0.6,0.123297891516282
2.94,0.00443758423952663,0.587621556509404,0.612378443490596,0.6,0.123784434905964
2.95,0.00445088818330227,0.587572871684246,0.612427128315754,0.6,0.124271283157537
2.96,0.00446417432353111,0.587524156567639,0.612475843432361,0.6,0.12475843432361
2.97,0.0044774426070686,0.587475411354442,0.612524588645558,0.6,0.125245886455579
2.98,0.00449069298084164,0.587426636239636,0.612573363760364,0.6,0.125733637603637
2.99,0.00450392539184874,0.587377831418322,0.612622168581678,0.6,0.126221685816778
3,0.00451713978716028,0.587328997085719,0.612671002914281,0.6,0.12671002914281
3.01,0.0045303361139187,0.587280133437164,0.612719866562836,0.6,0.127198665628362
3.02,0.0045435143193387,0.587231240668111,0.612768759331889,0.6,0.127687593318887
3.03,0.00455667435070747,0.587182318974132,0.612817681025868,0.6,0.128176810258676
3.04,0.00456981615538493,0.587133368550914,0.612866631449086,0.6,0.128666314490862
3.05,0.00458293968080385,0.587084389594257,0.612915610405743,0.6,0.129156104057427
3.06,0.00459604487447016,0.587035382300078,0.612964617699921,0.6,0.129646176999215
3.07,0.0046091316839631,0.586986346864406,0.613013653135594,0.6,0.130136531355936
3.08,0.00462220005693545,0.586937283483383,0.613062716516617,0.6,0.130627165166171
3.09,0.00463524994111374,0.586888192353261,0.613111807646739,0.6,0.131118076467386
3.1,0.00464828128429844,0.586839073670406,0.613160926329594,0.6,0.131609263295936
3.11,0.0046612940343642,0.586789927631292,0.613210072368708,0.6,0.132100723687075
3.12,0.00467428813926004,0.586740754432504,0.613259245567496,0.6,0.132592455674964
3.13,0.00468726354700956,0.586691554270733,0.613308445729267,0.6,0.133084457292671
3.14,0.00470022020571114,0.586642327342781,0.613357672657219,0.6,0.133576726572194
3.15,0.00471315806353816,0.586593073845554,0.613406926154446,0.6,0.134069261544456
3.16,0.00472607706873921,0.586543793976068,0.613456206023932,0.6,0.134562060239317
3.17,0.00473897716963829,0.586494487931442,0.613505512068558,0.6,0.135055120685583
3.18,0.004751858314635,0.586445155908899,0.613554844091101,0.6,0.135548440911014
3.19,0.0047647204522048,0.586395798105767,0.613604201894233,0.6,0.136042018942327
3.2,0.00477756353089914,0.586346414719479,0.613653585280521,0.6,0.136535852805214
3.21,0.00479038749934572,0.586297005947566,0.613702994052434,0.6,0.137029940524337
3.22,0.0048031923062487,0.586247571987665,0.613752428012335,0.6,0.137524280123348
3.23,0.00481597790038885,0.586198113037511,0.613801886962489,0.6,0.138018869624889
3.24,0.00482874423062383,0.58614862929494,0.61385137070506,0.6,0.138513707050602
3.25,0.00484149124588832,0.586099120957886,0.613900879042114,0.6,0.139008790421137
3.26,0.00485421889519428,0.586049588224384,0.613950411775616,0.6,0.139504117756163
3.27,0.00486692712763113,0.586000031292563,0.613999968707437,0.6,0.139999687074371
3.28,0.00487961589236597,0.585950450360652,0.614049549639348,0.6,0.140495496393483
3.29,0.00489228513864373,0.585900845626974,0.614099154373026,0.6,0.140991543730264
3.3,0.00490493481578747,0.585851217289947,0.614148782710053,0.6,0.141487827100526
3.31,0.00491756487319849,0.585801565548087,0.614198434451913,0.6,0.141984344519134
3.32,0.00493017526035656,0.585751890599998,0.614248109400002,0.6,0.14248109400002
3.33,0.00494276592682017,0.585702192644381,0.614297807355619,0.6,0.142978073556186
3.34,0.00495533682222667,0.585652471880028,0.614347528119972,0.6,0.143475281199715
3.35,0.00496788789629248,0.585602728505822,0.614397271494178,0.6,0.143972714941778
3.36,0.00498041909881333,0.585552962720736,0.614447037279264,0.6,0.14447037279264
3.37,0.00499293037966442,0.585503174723833,0.614496825276167,0.6,0.144968252761669
3.38,0.00500542168880066,0.585453364714265,0.614546635285735,0.6,0.145466352857349
3.39,0.00501789297625681,0.585403532891272,0.614596467108728,0.6,0.145964671087275
3.4,0.00503034419214775,0.585353679454182,0.614646320545818,0.6,0.14646320545818
3.41,0.00504277528666863,0.585303804602407,0.614696195397592,0.6,0.146961953975925
3.42,0.00505518621009508,0.585253908535448,0.614746091464552,0.6,0.147460914645516
3.43,0.00506757691278343,0.585203991452889,0.614796008547111,0.6,0.147960085471113
3.44,0.00507994734517089,0.585154053554397,0.614845946445603,0.6,0.148459464456031
3.45,0.00509229745777574,0.585104095039724,0.614895904960276,0.6,0.148959049602757
3.46,0.00510462720119755,0.585054116108705,0.614945883891295,0.6,0.149458838912948
3.47,0.00511693652611737,0.585004116961255,0.614995883038745,0.6,0.149958830387451
3.48,0.0051292253832979,0.58495409779737,0.61504590220263,0.6,0.150459022026298
3.49,0.00514149372358373,0.584904058817127,0.615095941182872,0.6,0.150959411828725
3.5,0.00515374149790153,0.584854000220683,0.615145999779317,0.6,0.151459997793172
3.51,0.00516596865726021,0.58480392220827,0.61519607779173,0.6,0.151960777917296
3.52,0.00517817515275114,0.584753824980202,0.615246175019798,0.6,0.152461750197979
3.53,0.00519036093554837,0.584703708736867,0.615296291263133,0.6,0.152962912631329
3.54,0.00520252595690878,0.58465357367873,0.61534642632127,0.6,0.153464263212701
3.55,0.00521467016817229,0.584603420006331,0.615396579993669,0.6,0.153965799936691
3.56,0.00522679352076209,0.584553247920285,0.615446752079715,0.6,0.154467520797152
3.57,0.00523889596618477,0.58450305762128,0.61549694237872,0.6,0.154969423787205
3.58,0.00525097745603058,0.584452849310077,0.615547150689923,0.6,0.155471506899234
3.59,0.00526303794197356,0.584402623187509,0.615597376812491,0.6,0.15597376812491
3.6,0.00527507737577179,0.584352379454481,0.615647620545519,0.6,0.156476205455188
3.61,0.00528709570926755,0.584302118311968,0.615697881688032,0.6,0.15697881688032
3.62,0.00529909289438752,0.584251839961014,0.615748160038986,0.6,0.15748160038986
3.63,0.00531106888314298,0.584201544602732,0.615798455397268,0.6,0.157984553972675
3.64,0.00532302362762999,0.584151232438305,0.615848767561695,0.6,0.158487675616952
3.65,0.00533495708002958,0.58410090366898,0.61589909633102,0.6,0.158990963310204
3.66,0.00534686919260797,0.584050558496072,0.615949441503928,0.6,0.159494415039281
3.67,0.00535875991771672,0.584000197120962,0.615999802879038,0.6,0.159998028790378
3.68,0.00537062920779294,0.583949819745096,0.616050180254904,0.6,0.160501802549039
3.69,0.00538247701535949,0.583899426569983,0.616100573430017,0.6,0.161005734300171
3.7,0.00539430329302516,0.583849017797195,0.616150982202805,0.6,0.161509822028048
3.71,0.00540610799348485,0.583798593628368,0.616201406371632,0.6,0.162014063716317
3.72,0.00541789106951977,0.583748154265198,0.616251845734802,0.6,0.162518457348015
3.73,0.00542965247399764,0.583697699909443,0.616302300090557,0.6,0.163023000905567
3.74,0.00544139215987285,0.58364723076292,0.61635276923708,0.6,0.1635276923708
3.75,0.00545311008018667,0.583596747027505,0.616403252972495,0.6,0.164032529724947
3.76,0.00546480618806745,0.583546248905134,0.616453751094866,0.6,0.16453751094866
3.77,0.00547648043673076,0.583495736597798,0.616504263402202,0.6,0.165042634022017
3.78,0.00548813277947963,0.583445210307548,0.616554789692452,0.6,0.165547896924524
3.79,0.00549976316970469,0.583394670236487,0.616605329763513,0.6,0.16605329763513
3.8,0.00551137156088441,0.583344116586777,0.616655883413223,0.6,0.166558834132234
3.81,0.00552295790658524,0.583293549560631,0.616706450439369,0.6,0.16706450439369
3.82,0.0055345221604618,0.583242969360318,0.616757030639682,0.6,0.167570306396818
3.83,0.0055460642762571,0.583192376188159,0.616807623811841,0.6,0.168076238118411
3.84,0.00555758420780269,0.583141770246526,0.616858229753474,0.6,0.168582297534742
3.85,0.00556908190901885,0.583091151737843,0.616908848262157,0.6,0.169088482621574
3.86,0.00558055733391481,0.583040520864583,0.616959479135417,0.6,0.169594791354167
3.87,0.00559201043658887,0.582989877829271,0.617010122170729,0.6,0.170101221707289
3.88,0.00560344117122865,0.582939222834478,0.617060777165522,0.6,0.170607771655217
3.89,0.0056148494921112,0.582888556082825,0.617111443917175,0.6,0.171114439171752
3.9,0.00562623535360328,0.582837877776977,0.617162122223023,0.6,0.171621222230226
3.91,0.00563759871016145,0.582787188119649,0.617212811880351,0.6,0.172128118803506
3.92,0.00564893951633229,0.582736487313599,0.617263512686401,0.6,0.172635126864007
3.93,0.00566025772675259,0.58268577556163,0.61731422443837,0.6,0.173142244383697
3.94,0.00567155329614954,0.582635053066589,0.617364946933411,0.6,0.173649469334107
3.95,0.00568282617934086,0.582584320031366,0.617415679968634,0.6,0.174156799686339
3.96,0.00569407633123505,0.582533576658893,0.617466423341107,0.6,0.17466423341107
3.97,0.0057053037068315,0.582482823152143,0.617517176847857,0.6,0.175171768478568
3.98,0.00571650826122073,0.582432059714131,0.617567940285869,0.6,0.175679402858692
3.99,0.00572768994958454,0.58238128654791,0.61761871345209,0.6,0.176187134520904
4,0.00573884872719618,0.582330503856572,0.617669496143428,0.6,0.176694961434281
4.01,0.00574998454942057,0.582279711843249,0.617720288156751,0.6,0.177202881567514
4.02,0.00576109737171443,0.582228910711108,0.617771089288892,0.6,0.177710892888924
4.03,0.00577218714962648,0.582178100663353,0.617821899336647,0.6,0.178218993366466
4.04,0.00578325383879763,0.582127281903226,0.617872718096774,0.6,0.178727180967738
4.05,0.00579429739496114,0.582076454634001,0.617923545365999,0.6,0.179235453659993
4.06,0.00580531777394279,0.582025619058986,0.617974380941014,0.6,0.179743809410137
4.07,0.00581631493166109,0.581974775381525,0.618025224618475,0.6,0.18025224618475
4.08,0.00582728882412742,0.581923923804991,0.618076076195009,0.6,0.180760761950086
4.09,0.00583823940744621,0.581873064532792,0.618126935467208,0.6,0.181269354672082
4.1,0.00584916663781517,0.581822197768363,0.618177802231637,0.6,0.181778022316367
4.11,0.00586007047152537,0.581771323715173,0.618228676284827,0.6,0.182286762848273
4.12,0.0058709508649615,0.581720442576716,0.618279557423284,0.6,0.182795574232836
4.13,0.00588180777460199,0.581669554556519,0.618330445443481,0.6,0.183304454434813
4.14,0.00589264115701923,0.581618659858132,0.618381340141868,0.6,0.183813401418682
4.15,0.0059034509688797,0.581567758685134,0.618432241314866,0.6,0.184322413148659
4.16,0.00591423716694417,0.581516851241131,0.618483148758869,0.6,0.184831487588695
4.17,0.00592499970806785,0.581465937729751,0.618534062270249,0.6,0.185340622702493
4.18,0.0059357385492006,0.581415018354648,0.618584981645351,0.6,0.185849816453515
4.19,0.00594645364738707,0.581364093319501,0.618635906680499,0.6,0.186359066804986
4.2,0.00595714495976688,0.581313162828009,0.61868683717199,0.6,0.186868371719905
4.21,0.00596781244357479,0.581262227083895,0.618737772916105,0.6,0.187377729161051
4.22,0.00597845605614088,0.5812112862909,0.6187887137091,0.6,0.187887137090998
4.23,0.00598907575489072,0.581160340652789,0.618839659347211,0.6,0.188396593472114
4.24,0.00599967149734553,0.581109390373343,0.618890609626657,0.6,0.188906096266575
4.25,0.00601024324112234,0.581058435656363,0.618941564343637,0.6,0.189415643436368
4.26,0.00602079094393421,0.581007476705669,0.618992523294331,0.6,0.189925232943308
4.27,0.00603131456359032,0.580956513725096,0.619043486274903,0.6,0.190434862749035
4.28,0.00604181405799623,0.580905546918497,0.619094453081503,0.6,0.190944530815031
4.29,0.00605228938515396,0.580854576489737,0.619145423510263,0.6,0.191454235102626
4.3,0.00606274050316222,0.5808036026427,0.6191963973573,0.6,0.191963973573002
4.31,0.00607316737021654,0.580752625581279,0.619247374418721,0.6,0.192473744187206
4.32,0.00608356994460949,0.580701645509384,0.619298354490616,0.6,0.192983544906158
4.33,0.00609394818473077,0.580650662630935,0.619349337369065,0.6,0.193493373690653
4.34,0.00610430204906743,0.580599677149862,0.619400322850138,0.6,0.194003228501378
4.35,0.00611463149620404,0.580548689270108,0.619451310729891,0.6,0.194513107298915
4.36,0.00612493648482282,0.580497699195625,0.619502300804375,0.6,0.195023008043748
4.37,0.00613521697370382,0.580446707130372,0.619553292869628,0.6,0.195532928696276
4.38,0.00614547292172511,0.580395713278318,0.619604286721682,0.6,0.196042867216817
4.39,0.0061557042878629,0.580344717843438,0.619655282156562,0.6,0.196552821565616
4.4,0.00616591103119176,0.580293721029714,0.619706278970286,0.6,0.197062789702859
4.41,0.0061760931108847,0.580242723041133,0.619757276958867,0.6,0.197572769588672
4.42,0.00618625048621344,0.580191724081686,0.619808275918314,0.6,0.198082759183136
4.43,0.00619638311654849,0.58014072435537,0.61985927564463,0.6,0.198592756446295
4.44,0.00620649096135932,0.580089724066184,0.619910275933816,0.6,0.199102759338159
4.45,0.00621657398021459,0.580038723418128,0.619961276581872,0.6,0.199612765818719
4.46,0.00622663213278223,0.579987722615205,0.620012277384795,0.6,0.200122773847947
4.47,0.00623666537882963,0.579936721861419,0.620063278138581,0.6,0.200632781385813
4.48,0.00624667367822384,0.579885721360771,0.620114278639229,0.6,0.201142786392289
4.49,0.00625665699093167,0.579834721317265,0.620165278682735,0.6,0.201652786827353
4.5,0.00626661527701987,0.579783721934899,0.620216278065101,0.6,0.202162780651006
4.51,0.00627654849665532,0.579732723417673,0.620267276582327,0.6,0.202672765823273
4.52,0.00628645661010515,0.579681725969579,0.620318274030421,0.6,0.203182740304213
4.53,0.00629633957773692,0.579630729794607,0.620369270205393,0.6,0.203692702053929
4.54,0.00630619736001878,0.579579735096742,0.620420264903258,0.6,0.204202649032575
4.55,0.0063160299175196,0.579528742079963,0.620471257920037,0.6,0.204712579200366
4.56,0.00632583721090918,0.579477750948242,0.620522249051758,0.6,0.205222490517577
4.57,0.00633561920095835,0.579426761905543,0.620573238094457,0.6,0.205732380944568
4.58,0.00634537584853916,0.579375775155823,0.620624224844177,0.6,0.206242248441775
4.59,0.00635510711462504,0.579324790903027,0.620675209096973,0.6,0.206752090969731
4.6,0.00636481296029093,0.579273809351094,0.620726190648906,0.6,0.207261906489065
4.61,0.00637449334671347,0.579222830703948,0.620777169296052,0.6,0.207771692960516
4.62,0.00638414823517112,0.579171855165506,0.620828144834494,0.6,0.208281448344938
4.63,0.00639377758704434,0.579120882939669,0.620879117060331,0.6,0.208791170603312
4.64,0.00640338136381574,0.579069914230325,0.620930085769675,0.6,0.209300857696748
4.65,0.00641295952707022,0.57901894924135,0.62098105075865,0.6,0.2098105075865
4.66,0.00642251203849514,0.578967988176603,0.621032011823397,0.6,0.210320118233968
4.67,0.00643203885988047,0.578917031239929,0.621082968760071,0.6,0.210829687600709
4.68,0.00644153995311894,0.578866078635155,0.621133921364845,0.6,0.211339213648448
4.69,0.00645101528020619,0.578815130566092,0.621184869433908,0.6,0.211848694339081
4.7,0.00646046480324091,0.578764187236531,0.621235812763469,0.6,0.212358127634685
4.71,0.00646988848442504,0.578713248850247,0.621286751149753,0.6,0.21286751149753
4.72,0.00647928628606386,0.578662315610992,0.621337684389008,0.6,0.213376843890077
4.73,0.00648865817056617,0.5786113877225,0.6213886122775,0.6,0.213886122775002
4.74,0.00649800410044445,0.578560465388481,0.621439534611519,0.6,0.214395346115187
4.75,0.00650732403831499,0.578509548812626,0.621490451187374,0.6,0.214904511873739
4.76,0.00651661794689806,0.5784586381986,0.6215413618014,0.6,0.215413618013998
4.77,0.00652588578901802,0.578407733750046,0.621592266249954,0.6,0.215922662499538
4.78,0.00653512752760353,0.578356835670582,0.621643164329418,0.6,0.216431643294183
4.79,0.00654434312568765,0.578305944163799,0.621694055836201,0.6,0.21694055836201
4.8,0.00655353254640799,0.578255059433264,0.621744940566736,0.6,0.217449405667359
4.81,0.00656269575300688,0.578204181682516,0.621795818317484,0.6,0.217958183174843
4.82,0.00657183270883151,0.578153311115065,0.621846688884935,0.6,0.218466888849351
4.83,0.00658094337733406,0.578102447934394,0.621897552065606,0.6,0.218975520656062
4.84,0.00659002772207188,0.578051592343955,0.621948407656045,0.6,0.219484076560448
4.85,0.0065990857067076,0.578000744547171,0.621999255452829,0.6,0.219992554528288
4.86,0.00660811729500929,0.577949904747433,0.622050095252567,0.6,0.220500952525668
4.87,0.00661712245085061,0.5778990731481,0.6221009268519,0.6,0.221009268519001
4.88,0.00662610113821096,0.577848249952498,0.622151750047502,0.6,0.22151750047502
4.89,0.00663505332117558,0.57779743536392,0.62220256463608,0.6,0.222025646360799
4.9,0.00664397896393576,0.577746629585624,0.622253370414376,0.6,0.222533704143757
4.91,0.00665287803078895,0.577695832820834,0.622304167179166,0.6,0.223041671791661
4.92,0.00666175048613889,0.577645045272736,0.622354954727264,0.6,0.22354954727264
4.93,0.00667059629449576,0.57759426714448,0.62240573285552,0.6,0.224057328555196
4.94,0.00667941542047635,0.57754349863918,0.62245650136082,0.6,0.224565013608203
4.95,0.00668820782880416,0.577492739959908,0.622507260040092,0.6,0.225072600400923
4.96,0.00669697348430958,0.577441991309699,0.622558008690301,0.6,0.225580086903007
4.97,0.00670571235192999,0.577391252891549,0.622608747108451,0.6,0.226087471084511
4.98,0.00671442439670993,0.57734052490841,0.62265947509159,0.6,0.226594750915898
4.99,0.00672310958380124,0.577289807563195,0.622710192436805,0.6,0.227101924368051
5,0.00673176787846317,0.577239101058772,0.622760898941228,0.6,0.227608989412276
5.01,0.00674039924606257,0.577188405597969,0.622811594402031,0.6,0.228115944020313
5.02,0.00674900365207397,0.577137721383565,0.622862278616435,0.6,0.228622786164345
5.03,0.00675758106207976,0.5770870486183,0.6229129513817,0.6,0.229129513817004
5.04,0.00676613144177031,0.577036387504862,0.622963612495138,0.6,0.22963612495138
5.05,0.00677465475694412,0.576985738245897,0.623014261754103,0.6,0.230142617541028
5.06,0.00678315097350793,0.576935101044002,0.623064898955998,0.6,0.230648989559981
5.07,0.0067916200574769,0.576884476101725,0.623115523898275,0.6,0.231155238982749
5.08,0.00680006197497468,0.576833863621566,0.623166136378434,0.6,0.231661363784336
5.09,0.00680847669223364,0.576783263805976,0.623216736194024,0.6,0.232167361940243
5.1,0.0068168641755949,0.576732676857352,0.623267323142648,0.6,0.232673231426479
5.11,0.00682522439150855,0.576682102978043,0.623317897021957,0.6,0.233178970219566
5.12,0.00683355730653374,0.576631542370345,0.623368457629655,0.6,0.23368457629655
5.13,0.00684186288733881,0.576580995236499,0.623419004763501,0.6,0.234190047635007
5.14,0.00685014110070145,0.576530461778695,0.623469538221305,0.6,0.234695382213053
5.15,0.00685839191350883,0.576479942199065,0.623520057800935,0.6,0.235200578009348
5.16,0.00686661529275769,0.576429436699689,0.623570563300311,0.6,0.235705633003113
5.17,0.00687481120555454,0.576378945482587,0.623621054517413,0.6,0.236210545174126
5.18,0.00688297961911573,0.576328468749726,0.623671531250274,0.6,0.23671531250274
5.19,0.00689112050076763,0.576278006703011,0.623721993296989,0.6,0.237219932969887
5.2,0.00689923381794671,0.576227559544292,0.623772440455708,0.6,0.237724404557084
5.21,0.00690731953819971,0.576177127475355,0.623822872524645,0.6,0.238228725246447
5.22,0.00691537762918378,0.576126710697931,0.623873289302069,0.6,0.238732893020692
5.23,0.00692340805866654,0.576076309413685,0.623923690586315,0.6,0.239236905863152
5.24,0.00693141079452631,0.576025923824223,0.623974076175777,0.6,0.239740761757773
5.25,0.00693938580475214,0.575975554131087,0.624024445868913,0.6,0.240244458689133
5.26,0.006947333057444,0.575925200535755,0.624074799464245,0.6,0.240747994642446
5.27,0.00695525252081289,0.575874863239643,0.624125136760357,0.6,0.241251367603568
5.28,0.00696314416318097,0.575824542444099,0.624175457555901,0.6,0.241754575559008
5.29,0.00697100795298169,0.575774238350407,0.624225761649593,0.6,0.242257616495934
5.3,0.00697884385875989,0.575723951159782,0.624276048840218,0.6,0.242760488402184
5.31,0.00698665184917196,0.575673681073373,0.624326318926627,0.6,0.243263189266272
5.32,0.00699443189298595,0.575623428292261,0.624376571707739,0.6,0.243765717077392
5.33,0.00700218395908169,0.575573193017456,0.624426806982544,0.6,0.244268069825436
5.34,0.00700990801645093,0.575522975449901,0.624477024550099,0.6,0.244770245500994
5.35,0.00701760403419745,0.575472775790464,0.624527224209536,0.6,0.245272242095362
5.36,0.0070252719815372,0.575422594239944,0.624577405760056,0.6,0.245774057600556
5.37,0.00703291182779838,0.575372430999069,0.624627569000931,0.6,0.246275690009313
5.38,0.00704052354242163,0.575322286268489,0.624677713731511,0.6,0.246777137315106
5.39,0.0070481070949601,0.575272160248785,0.624727839751215,0.6,0.247278397512146
5.4,0.00705566245507958,0.575222053140461,0.624777946859539,0.6,0.247779468595392
5.41,0.00706318959255865,0.575171965143944,0.624828034856056,0.6,0.248280348560559
5.42,0.00707068847728877,0.575121896459587,0.624878103540413,0.6,0.248781035404131
5.43,0.00707815907927441,0.575071847287664,0.624928152712336,0.6,0.249281527123359
5.44,0.00708560136863317,0.575021817828372,0.624978182171628,0.6,0.249781821716278
5.45,0.0070930153155959,0.574971808281829,0.625028191718171,0.6,0.250281917181709
5.46,0.00710040089050682,0.574921818848073,0.625078181151927,0.6,0.250781811519273
5.47,0.00710775806382366,0.574871849727061,0.625128150272939,0.6,0.251281502729391
5.48,0.00711508680611771,0.57482190111867,0.62517809888133,0.6,0.2517809888133
5.49,0.00712238708807402,0.574771973222694,0.625228026777306,0.6,0.252280267773056
5.5,0.00712965888049148,0.574722066238845,0.625277933761154,0.6,0.252779337611545
5.51,0.00713690215428293,0.574672180366751,0.625327819633249,0.6,0.253278196332486
5.52,0.00714411688047527,0.574622315805955,0.625377684194045,0.6,0.253776841940446
5.53,0.00715130303020961,0.574572472755915,0.625427527244084,0.6,0.254275272440845
5.54,0.00715846057474138,0.574522651416004,0.625477348583996,0.6,0.254773485839959
5.55,0.00716558948544038,0.574472851985506,0.625527148014493,0.6,0.255271480144935
5.56,0.007172689733791,0.57442307466362,0.62557692533638,0.6,0.255769253363798
5.57,0.00717976129139225,0.574373319649454,0.625626680350545,0.6,0.256266803505455
5.58,0.0071868041299579,0.574323587142029,0.625676412857971,0.6,0.256764128579707
5.59,0.00719381822131662,0.574273877340275,0.625726122659725,0.6,0.257261226597254
5.6,0.00720080353741204,0.57422419044303,0.62577580955697,0.6,0.257758095569703
5.61,0.00720776005030292,0.574174526649042,0.625825473350958,0.6,0.258254733509581
5.62,0.0072146877321632,0.574124886156966,0.625875113843034,0.6,0.258751138430335
5.63,0.00722158655528217,0.574075269165365,0.625924730834635,0.6,0.259247308346349
5.64,0.00722845649206456,0.574025675872706,0.625974324127294,0.6,0.259743241272939
5.65,0.00723529751503061,0.573976106477362,0.626023893522638,0.6,0.26023893522638
5.66,0.00724210959681625,0.573926561177611,0.626073438822389,0.6,0.260734388223892
5.67,0.00724889271017315,0.573877040171633,0.626122959828367,0.6,0.261229598283665
5.68,0.00725564682796889,0.573827543657514,0.626172456342486,0.6,0.261724563424861
5.69,0.00726237192318698,0.573778071833238,0.626221928166762,0.6,0.262219281667618
5.7,0.00726906796892707,0.573728624896693,0.626271375103307,0.6,0.262713751033066
5.71,0.00727573493840497,0.573679203045667,0.626320796954333,0.6,0.263207969543325
5.72,0.00728237280495282,0.573629806477847,0.626370193522153,0.6,0.263701935221525
5.73,0.00728898154201916,0.57358043539082,0.62641956460918,0.6,0.264195646091802
5.74,0.00729556112316905,0.573531089982069,0.626468910017931,0.6,0.264689100179313
5.75,0.00730211152208417,0.573481770448976,0.626518229551024,0.6,0.265182295510243
5.76,0.00730863271256294,0.573432476988819,0.626567523011181,0.6,0.265675230111811
5.77,0.00731512466852061,0.573383209798772,0.626616790201228,0.6,0.266167902012281
5.78,0.00732158736398935,0.573333969075904,0.626666030924096,0.6,0.266660309240963
5.79,0.00732802077311841,0.573284755017177,0.626715244982823,0.6,0.267152449828231
5.8,0.00733442487017413,0.573235567819448,0.626764432180552,0.6,0.267644321805521
5.81,0.00734079962954017,0.573186407679465,0.626813592320535,0.6,0.268135923205349
5.82,0.00734714502571746,0.573137274793869,0.626862725206131,0.6,0.268627252061308
5.83,0.00735346103332445,0.573088169359192,0.626911830640808,0.6,0.269118306408083
5.84,0.00735974762709712,0.573039091571854,0.626960908428146,0.6,0.269609084281458
5.85,0.00736600478188909,0.572990041628168,0.627009958371832,0.6,0.270099583718323
5.86,0.00737223247267175,0.572941019724332,0.627058980275668,0.6,0.270589802756679
5.87,0.00737843067453435,0.572892026056435,0.627107973943565,0.6,0.271079739435651
5.88,0.00738459936268409,0.572843060820451,0.627156939179549,0.6,0.271569391795494
5.89,0.00739073851244622,0.57279412421224,0.62720587578776,0.6,0.272058757877599
5.9,0.00739684809926416,0.57274521642755,0.62725478357245,0.6,0.272547835724501
5.91,0.00740292809869957,0.572696337662011,0.627303662337989,0.6,0.273036623379891
5.92,0.00740897848643245,0.572647488111138,0.627352511888862,0.6,0.273525118888618
5.93,0.00741499923826126,0.57259866797033,0.62740133202967,0.6,0.274013320296701
5.94,0.00742099033010301,0.572549877434867,0.627450122565133,0.6,0.274501225651334
5.95,0.00742695173799333,0.57250111669991,0.62749888330009,0.6,0.274988833000898
5.96,0.00743288343808661,0.572452385960504,0.627547614039496,0.6,0.275476140394962
5.97,0.00743878540665604,0.57240368541157,0.62759631458843,0.6,0.275963145884299
5.98,0.00744465762009376,0.572355015247911,0.627644984752089,0.6,0.276449847520888
5.99,0.00745050005491093,0.572306375664208,0.627693624335792,0.6,0.276936243357921
6,0.00745631268773781,0.572257766855018,0.627742233144982,0.6,0.277422331449817
6.01,0.00746209549532388,0.572209189014778,0.627790810985222,0.6,0.277908109852224
6.02,0.00746784845453793,0.572160642337797,0.627839357662203,0.6,0.278393576622029
6.03,0.00747357154236811,0.572112127018264,0.627887872981736,0.6,0.278878729817365
6.04,0.00747926473592208,0.572063643250238,0.627936356749762,0.6,0.27936356749762
6.05,0.00748492801242709,0.572015191227656,0.627984808772344,0.6,0.279848087723444
6.06,0.00749056134923002,0.571966771144324,0.628033228855676,0.6,0.280332288556757
6.07,0.00749616472379755,0.571918383193924,0.628081616806076,0.6,0.280816168060757
6.08,0.00750173811371617,0.571870027570007,0.628129972429992,0.6,0.281299724299925
6.09,0.00750728149669235,0.571821704465996,0.628178295534004,0.6,0.281782955340037
6.1,0.00751279485055254,0.571773414075183,0.628226585924817,0.6,0.282265859248172
6.11,0.00751827815324335,0.571725156590729,0.628274843409271,0.6,0.282748434092711
6.12,0.00752373138283157,0.571676932205664,0.628323067794336,0.6,0.283230677943359
6.13,0.0075291545175043,0.571628741112886,0.628371258887114,0.6,0.283712588871138
6.14,0.00753454753556899,0.571580583505159,0.628419416494841,0.6,0.284194164948407
6.15,0.00753991041545358,0.571532459575114,0.628467540424886,0.6,0.284675404248862
6.16,0.00754524313570657,0.571484369515245,0.628515630484755,0.6,0.285156304847547
6.17,0.00755054567499707,0.571436313517914,0.628563686482086,0.6,0.285636864820858
6.18,0.00755581801211494,0.571388291775344,0.628611708224656,0.6,0.286117082246559
6.19,0.00756106012597084,0.571340304479622,0.628659695520378,0.6,0.286596955203777
6.2,0.00756627199559631,0.571292351822698,0.628707648177302,0.6,0.287076481773024
6.21,0.00757145360014389,0.571244433996381,0.628755566003619,0.6,0.287555660036194
6.22,0.00757660491888717,0.571196551192343,0.628803448807657,0.6,0.288034488076573
6.23,0.00758172593122087,0.571148703602115,0.628851296397885,0.6,0.288512963978851
6.24,0.00758681661666096,0.571100891417088,0.628899108582912,0.6,0.288991085829124
6.25,0.00759187695484469,0.571053114828509,0.628946885171491,0.6,0.289468851714906
6.26,0.00759690692553073,0.571005374027487,0.628994625972513,0.6,0.289946259725133
6.27,0.00760190650859919,0.570957669204982,0.629042330795017,0.6,0.290423307950175
6.28,0.00760687568405176,0.570910000551816,0.629089999448184,0.6,0.290899994481839
6.29,0.00761181443201173,0.570862368258662,0.629137631741338,0.6,0.29137631741338
6.3,0.00761672273272413,0.570814772516049,0.629185227483951,0.6,0.291852274839506
6.31,0.00762160056655575,0.570767213514361,0.629232786485639,0.6,0.292327864856389
6.32,0.00762644791399526,0.570719691443833,0.629280308556167,0.6,0.292803085561668
6.33,0.00763126475565329,0.570672206494554,0.629327793505446,0.6,0.293277935054463
6.34,0.00763605107226247,0.570624758856462,0.629375241143537,0.6,0.293752411435375
6.35,0.00764080684467754,0.57057734871935,0.62942265128065,0.6,0.294226512806499
6.36,0.00764553205387542,0.570529976272857,0.629470023727143,0.6,0.294700237271431
6.37,0.00765022668095528,0.570482641706473,0.629517358293527,0.6,0.295173582935274
6.38,0.00765489070713861,0.570435345209535,0.629564654790465,0.6,0.295646547904646
6.39,0.00765952411376933,0.570388086971231,0.629611913028769,0.6,0.296119130287686
6.4,0.0076641268823138,0.570340867180593,0.629659132819407,0.6,0.296591328194068
6.41,0.00766869899436096,0.5702936860265,0.6297063139735,0.6,0.297063139734998
6.42,0.00767324043162237,0.570246543697677,0.629753456302323,0.6,0.297534563023232
6.43,0.00767775117593228,0.570199440382692,0.629800559617308,0.6,0.298005596173077
6.44,0.00768223120924773,0.57015237626996,0.62984762373004,0.6,0.298476237300401
6.45,0.00768668051364858,0.570105351547736,0.629894648452264,0.6,0.298946484522642
6.46,0.00769109907133763,0.570058366404119,0.629941633595881,0.6,0.299416335958809
6.47,0.00769548686464064,0.57001142102705,0.62998857897295,0.6,0.299885789729498
6.48,0.00769984387600646,0.56996451560431,0.630035484395689,0.6,0.300354843956895
6.49,0.00770417008800704,0.569917650323522,0.630082349676478,0.6,0.300823496764784
6.5,0.00770846548333754,0.569870825372145,0.630129174627855,0.6,0.301291746278552
6.51,0.00771273004481639,0.56982404093748,0.63017595906252,0.6,0.301759590625205
6.52,0.00771696375538534,0.569777297206664,0.630222702793336,0.6,0.302227027933363
6.53,0.00772116659810956,0.569730594366672,0.630269405633328,0.6,0.30269405633328
6.54,0.00772533855617768,0.569683932604316,0.630316067395684,0.6,0.303160673956842
6.55,0.00772947961290187,0.569637312106242,0.630362687893758,0.6,0.303626878937577
6.56,0.00773358975171792,0.569590733058933,0.630409266941067,0.6,0.30409266941067
6.57,0.00773766895618528,0.569544195648704,0.630455804351296,0.6,0.304558043512957
6.58,0.00774171720998712,0.569497700061706,0.630502299938294,0.6,0.305022999382942
6.59,0.00774573449693045,0.56945124648392,0.63054875351608,0.6,0.305487535160803
6.6,0.00774972080094612,0.56940483510116,0.63059516489884,0.6,0.305951648988398
6.61,0.00775367610608892,0.569358466099073,0.630641533900927,0.6,0.306415339009272
6.62,0.00775760039653763,0.569312139663134,0.630687860336866,0.6,0.306878603368664
6.63,0.0077614936565951,0.569265855978648,0.630734144021352,0.6,0.307341440213519
6.64,0.00776535587068829,0.569219615230751,0.630780384769249,0.6,0.307803847692489
6.65,0.00776918702336836,0.569173417604405,0.630826582395595,0.6,0.308265823955947
6.66,0.00777298709931068,0.569127263284401,0.630872736715599,0.6,0.308727367155985
6.67,0.00777675608331498,0.569081152455357,0.630918847544643,0.6,0.309188475446434
6.68,0.00778049396030531,0.569035085301714,0.630964914698286,0.6,0.309649146982859
6.69,0.00778420071533017,0.568989062007742,0.631010937992258,0.6,0.310109379922576
6.7,0.00778787633356256,0.568943082757535,0.631056917242465,0.6,0.310569172424654
6.71,0.00779152080029999,0.568897147735008,0.631102852264992,0.6,0.311028522649922
6.72,0.0077951341009646,0.568851257123902,0.631148742876098,0.6,0.311487428760981
6.73,0.00779871622110321,0.568805411107779,0.631194588892221,0.6,0.311945888922208
6.74,0.00780226714638733,0.568759609870024,0.631240390129976,0.6,0.312403901299761
6.75,0.00780578686261327,0.568713853593841,0.631286146406159,0.6,0.312861464061592
6.76,0.00780927535570217,0.568668142462255,0.631331857537745,0.6,0.313318575377451
6.77,0.00781273261170006,0.568622476658111,0.631377523341889,0.6,0.313775233418893
6.78,0.00781615861677791,0.568576856364071,0.631423143635929,0.6,0.314231436359286
6.79,0.00781955335723172,0.568531281762618,0.631468718237382,0.6,0.314687182373818
6.8,0.00782291681948253,0.568485753036049,0.631514246963951,0.6,0.315142469639509
6.81,0.00782624899007649,0.568440270366479,0.631559729633521,0.6,0.315597296335207
6.82,0.00782954985568493,0.568394833935839,0.631605166064161,0.6,0.316051660641608
6.83,0.00783281940310438,0.568349443925875,0.631650556074125,0.6,0.316505560741254
6.84,0.00783605761925666,0.568304100518146,0.631695899481854,0.6,0.316958994818545
6.85,0.00783926449118891,0.568258803894025,0.631741196105975,0.6,0.317411961059747
6.86,0.00784244000607365,0.568213554234701,0.631786445765299,0.6,0.317864457652993
6.87,0.00784558415120883,0.56816835172117,0.63183164827883,0.6,0.318316482788301
6.88,0.00784869691401786,0.568123196534243,0.631876803465757,0.6,0.318768034657568
6.89,0.0078517782820497,0.568078088854541,0.631921911145459,0.6,0.319219111454588
6.9,0.00785482824297888,0.568033028862495,0.631966971137505,0.6,0.319669711375055
6.91,0.00785784678460556,0.567988016738343,0.632011983261657,0.6,0.320119832616569
6.92,0.00786083389485558,0.567943052662135,0.632056947337865,0.6,0.320569473378646
6.93,0.0078637895617805,0.567898136813728,0.632101863186272,0.6,0.321018631862724
6.94,0.00786671377355766,0.567853269372783,0.632146730627217,0.6,0.321467306272168
6.95,0.00786960651849021,0.567808450518772,0.632191549481228,0.6,0.321915494812284
6.96,0.00787246778500719,0.567763680430968,0.632236319569031,0.6,0.322363195690315
6.97,0.00787529756166351,0.567718959288454,0.632281040711546,0.6,0.32281040711546
6.98,0.0078780958371401,0.567674287270112,0.632325712729887,0.6,0.323257127298875
6.99,0.00788086260024384,0.567629664554632,0.632370335445368,0.6,0.323703354453677
7,0.00788359783990768,0.567585091320504,0.632414908679496,0.6,0.32414908679496
7.01,0.00788630154519068,0.56754056774602,0.632459432253979,0.6,0.324594322539795
7.02,0.00788897370527801,0.567496094009276,0.632503905990724,0.6,0.325039059907238
7.03,0.00789161430948104,0.567451670288166,0.632548329711834,0.6,0.325483297118343
7.04,0.00789422334723735,0.567407296760384,0.632592703239616,0.6,0.325927032396159
7.05,0.0078968008081108,0.567362973603425,0.632637026396575,0.6,0.326370263965748
7.06,0.00789934668179155,0.567318700994582,0.632681299005418,0.6,0.326812990054183
7.07,0.0079018609580961,0.567274479110944,0.632725520889056,0.6,0.327255208890559
7.08,0.00790434362696736,0.5672303081294,0.6327696918706,0.6,0.327696918706003
7.09,0.00790679467847464,0.567186188226632,0.632813811773367,0.6,0.328138117733675
7.1,0.00790921410281376,0.567142119579122,0.632857880420878,0.6,0.328578804208781
7.11,0.00791160189030701,0.567098102363143,0.632901897636857,0.6,0.329018976368575
7.12,0.00791395803140325,0.567054136754763,0.632945863245237,0.6,0.329458632452369
7.13,0.00791628251667791,0.567010222929846,0.632989777070154,0.6,0.329897770701538
7.14,0.00791857533683306,0.566966361064047,0.633033638935953,0.6,0.330336389359531
7.15,0.00792083648269742,0.566922551332813,0.633077448667187,0.6,0.330774486671874
7.16,0.00792306594522642,0.566878793911382,0.633121206088618,0.6,0.331212060886179
7.17,0.00792526371550219,0.566835088974785,0.633164911025215,0.6,0.331649110252148
7.18,0.00792742978473367,0.566791436697841,0.633208563302158,0.6,0.332085633021585
7.19,0.00792956414425658,0.56674783725516,0.63325216274484,0.6,0.332521627448399
7.2,0.00793166678553349,0.566704290821139,0.633295709178861,0.6,0.332957091788613
7.21,0.00793373770015383,0.566660797569963,0.633339202430037,0.6,0.333392024300371
7.22,0.00793577687983395,0.566617357675606,0.633382642324394,0.6,0.333826423243943
7.23,0.00793778431641713,0.566573971311827,0.633426028688173,0.6,0.334260286881733
7.24,0.00793976000187363,0.566530638652171,0.633469361347829,0.6,0.334693613478289
7.25,0.00794170392830071,0.56648735986997,0.63351264013003,0.6,0.335126401300304
7.26,0.00794361608792266,0.566444135138337,0.633555864861663,0.6,0.335558648616626
7.27,0.00794549647309085,0.566400964630173,0.633599035369827,0.6,0.335990353698269
7.28,0.00794734507628375,0.566357848518159,0.633642151481841,0.6,0.336421514818411
7.29,0.00794916189010694,0.566314786974759,0.633685213025241,0.6,0.33685213025241
7.3,0.00795094690729316,0.56627178017222,0.63372821982778,0.6,0.337282198277802
7.31,0.00795270012070235,0.566228828282568,0.633771171717432,0.6,0.337711717174318
7.32,0.00795442152332167,0.566185931477612,0.633814068522388,0.6,0.338140685223883
7.33,0.0079561111082655,0.566143089928938,0.633856910071062,0.6,0.338569100710624
7.34,0.00795776886877551,0.566100303807912,0.633899696192088,0.6,0.33899696192088
7.35,0.00795939479822065,0.566057573285679,0.633942426714321,0.6,0.339424267143208
7.36,0.00796098889009721,0.566014898533161,0.633985101466839,0.6,0.339851014668385
7.37,0.00796255113802882,0.565972279721057,0.634027720278942,0.6,0.340277202789425
7.38,0.0079640815357665,0.565929717019843,0.634070282980157,0.6,0.340702829801574
7.39,0.00796558007718865,0.565887210599768,0.634112789400232,0.6,0.341127894002323
7.4,0.00796704675630112,0.565844760630858,0.634155239369142,0.6,0.341552393691419
7.41,0.00796848156723719,0.565802367282914,0.634197632717086,0.6,0.341976327170862
7.42,0.0079698845042576,0.565760030725508,0.634239969274492,0.6,0.342399692744918
7.43,0.00797125556175063,0.565717751127987,0.634282248872013,0.6,0.342822488720128
7.44,0.00797259473423204,0.565675528659469,0.63432447134053,0.6,0.343244713405305
7.45,0.00797390201634515,0.565633363488845,0.634366636511155,0.6,0.343666365111555
7.46,0.00797517740286082,0.565591255784773,0.634408744215227,0.6,0.344087442152268
7.47,0.00797642088867751,0.565549205715686,0.634450794284314,0.6,0.344507942843137
7.48,0.00797763246882128,0.565507213449784,0.634492786550216,0.6,0.344927865502161
7.49,0.00797881213844582,0.565465279155035,0.634534720844965,0.6,0.345347208449651
7.5,0.00797995989283244,0.565423402999177,0.634576597000823,0.6,0.345765970008234
7.51,0.00798107572739012,0.565381585149714,0.634618414850286,0.6,0.346184148502864
7.52,0.00798215963765554,0.565339825773917,0.634660174226083,0.6,0.346601742260828
7.53,0.00798321161929305,0.565298125038825,0.634701874961175,0.6,0.347018749611752
7.54,0.00798423166809473,0.565256483111239,0.634743516888761,0.6,0.347435168887608
7.55,0.00798521977998039,0.565214900157728,0.634785099842272,0.6,0.347850998422716
7.56,0.00798617595099757,0.565173376344624,0.634826623655376,0.6,0.348266236553763
7.57,0.00798710017732159,0.565131911838021,0.634868088161979,0.6,0.348680881619794
7.58,0.00798799245525555,0.565090506803777,0.634909493196223,0.6,0.349094931962229
7.59,0.00798885278123034,0.565049161407513,0.634950838592487,0.6,0.349508385924869
7.6,0.00798968115180466,0.56500787581461,0.63499212418539,0.6,0.3499212418539
7.61,0.00799047756366503,0.564966650190211,0.635033349809789,0.6,0.350333498097894
7.62,0.00799124201362579,0.564925484699217,0.635074515300783,0.6,0.350745153007831
7.63,0.00799197449862916,0.564884379506291,0.635115620493709,0.6,0.35115620493709
7.64,0.00799267501574519,0.564843334775854,0.635156665224146,0.6,0.351566652241464
7.65,0.00799334356217181,0.564802350672084,0.635197649327916,0.6,0.351976493279164
7.66,0.00799398013523484,0.564761427358917,0.635238572641083,0.6,0.352385726410828
7.67,0.00799458473238799,0.564720565000048,0.635279434999952,0.6,0.352794349999521
7.68,0.00799515735121286,0.564679763758925,0.635320236241075,0.6,0.353202362410753
7.69,0.007995697989419,0.564639023798753,0.635360976201247,0.6,0.353609762012471
7.7,0.00799620664484383,0.564598345282492,0.635401654717508,0.6,0.354016547175081
7.71,0.00799668331545275,0.564557728372856,0.635442271627144,0.6,0.35442271627144
7.72,0.00799712799933907,0.564517173232313,0.635482826767687,0.6,0.354828267676873
7.73,0.00799754069472405,0.564476680023082,0.635523319976918,0.6,0.355233199769176
7.74,0.00799792139995692,0.564436248907138,0.635563751092862,0.6,0.35563751092862
7.75,0.00799827011351486,0.564395880046204,0.635604119953796,0.6,0.356041199537961
7.76,0.007998586834003,0.564355573601755,0.635644426398244,0.6,0.356444263982445
7.77,0.00799887156015447,0.564315329735019,0.635684670264981,0.6,0.356846702649815
7.78,0.00799912429083037,0.564275148606968,0.635724851393032,0.6,0.357248513930316
7.79,0.00799934502501977,0.564235030378329,0.635764969621671,0.6,0.357649696216705
7.8,0.00799953376183973,0.564194975209575,0.635805024790425,0.6,0.358050247904254
7.81,0.00799969050053531,0.564154983260925,0.635845016739075,0.6,0.358450167390754
7.82,0.00799981524047956,0.564115054692347,0.635884945307653,0.6,0.35884945307653
7.83,0.00799990798117351,0.564075189663556,0.635924810336444,0.6,0.359248103364438
7.84,0.00799996872224621,0.564035388334012,0.635964611665988,0.6,0.359646116659877
7.85,0.00799999746345468,0.56399565086292,0.63600434913708,0.6,0.360043491370797
7.86,0.00799999420468396,0.56395597740923,0.63604402259077,0.6,0.360440225907699
7.87,0.00799995894594709,0.563916368131636,0.636083631868364,0.6,0.360836318683644
7.88,0.00799989168738511,0.563876823188574,0.636123176811426,0.6,0.361231768114262
7.89,0.00799979242926704,0.563837342738225,0.636162657261775,0.6,0.361626572617755
7.9,0.00799966117198992,0.563797926938509,0.636202073061491,0.6,0.362020730614907
7.91,0.00799949791607878,0.563758575947091,0.636241424052909,0.6,0.362414240529086
7.92,0.00799930266218664,0.563719289921375,0.636280710078625,0.6,0.362807100786253
7.93,0.00799907541109452,0.563680069018503,0.636319930981497,0.6,0.363199309814967
7.94,0.00799881616371142,0.563640913395361,0.636359086604639,0.6,0.363590866046393
7.95,0.00799852492107433,0.563601823208569,0.636398176791431,0.6,0.363981767914305
7.96,0.00799820168434822,0.56356279861449,0.63643720138551,0.6,0.364372013855099
7.97,0.00799784645482603,0.563523839769221,0.636476160230779,0.6,0.364761602307789
7.98,0.00799745923392869,0.563484946828598,0.636515053171402,0.6,0.365150531714024
7.99,0.00799704002320508,0.563446119948192,0.636553880051808,0.6,0.365538800518084
8,0.00799658882433204,0.56340735928331,0.63659264071669,0.6,0.365926407166897
8.01,0.00799610563911437,0.563368664988996,0.636631335011004,0.6,0.366313350110036
8.02,0.00799559046948479,0.563330037220027,0.636669962779973,0.6,0.366699627799728
8.03,0.007995043317504,0.563291476130913,0.636708523869087,0.6,0.367085238690866
8.04,0.00799446418536061,0.563252981875899,0.636747018124101,0.6,0.367470181241005
8.05,0.00799385307537112,0.563214554608962,0.636785445391038,0.6,0.367854453910376
8.06,0.00799320998998,0.563176194483811,0.636823805516189,0.6,0.368238055161888
8.07,0.00799253493175957,0.563137901653886,0.636862098346114,0.6,0.368620983461138
8.08,0.00799182790341008,0.563099676272359,0.636900323727641,0.6,0.369003237276411
8.09,0.00799108890775962,0.563061518492131,0.636938481507869,0.6,0.369384815078694
8.1,0.00799031794776419,0.563023428465832,0.636976571534168,0.6,0.369765715341676
8.11,0.00798951502650763,0.562985406345824,0.637014593654176,0.6,0.370145936541757
8.12,0.0079886801472016,0.562947452284195,0.637052547715805,0.6,0.37052547715805
8.13,0.00798781331318564,0.56290956643276,0.63709043356724,0.6,0.370904335672397
8.14,0.00798691452792708,0.562871748943064,0.637128251056936,0.6,0.371282510569362
8.15,0.00798598379502106,0.562833999966375,0.637166000033625,0.6,0.371660000336246
8.16,0.0079850211181905,0.562796319653691,0.637203680346309,0.6,0.372036803463092
8.17,0.00798402650128612,0.562758708155731,0.637241291844268,0.6,0.372412918442685
8.18,0.00798299994828638,0.562721165622943,0.637278834377057,0.6,0.372788343770569
8.19,0.00798194146329749,0.562683692205496,0.637316307794504,0.6,0.373163077945041
8.2,0.00798085105055339,0.562646288053283,0.637353711946717,0.6,0.373537119467166
8.21,0.00797972871441573,0.562608953315922,0.637391046684078,0.6,0.373910466840778
8.22,0.00797857445937385,0.562571688142751,0.637428311857249,0.6,0.374283118572486
8.23,0.00797738829004477,0.562534492682831,0.637465507317169,0.6,0.374655073171687
8.24,0.00797617021117316,0.562497367084944,0.637502632915056,0.6,0.375026329150562
8.25,0.00797492022763135,0.562460311497591,0.637539688502409,0.6,0.375396885024086
8.26,0.00797363834441926,0.562423326068996,0.637576673931004,0.6,0.375766739310037
8.27,0.00797232456666442,0.5623864109471,0.6376135890529,0.6,0.376135890528999
8.28,0.00797097889962195,0.562349566279563,0.637650433720437,0.6,0.376504337204367
8.29,0.00796960134867451,0.562312792213765,0.637687207786235,0.6,0.376872077862355
8.3,0.00796819191933229,0.5622760888968,0.6377239111032,0.6,0.377239111032001
8.31,0.00796675061723303,0.562239456475483,0.637760543524517,0.6,0.377605435245172
8.32,0.00796527744814192,0.562202895096343,0.637797104903657,0.6,0.377971049036572
8.33,0.00796377241795163,0.562166404905625,0.637833595094375,0.6,0.378335950943746
8.34,0.00796223553268229,0.562129986049291,0.637870013950709,0.6,0.378700139507089
8.35,0.00796066679848144,0.562093638673016,0.637906361326984,0.6,0.379063613269844
8.36,0.00795906622162401,0.562057362922188,0.637942637077812,0.6,0.379426370778119
8.37,0.0079574338085123,0.562021158941912,0.637978841058088,0.6,0.379788410580882
8.38,0.00795576956567597,0.561985026877002,0.638014973122998,0.6,0.380149731229977
8.39,0.00795407349977199,0.561948966871988,0.638051033128012,0.6,0.380510331280121
8.4,0.00795234561758461,0.561912979071109,0.638087020928891,0.6,0.380870209288913
8.41,0.00795058592602536,0.561877063618316,0.638122936381684,0.6,0.381229363816843
8.42,0.00794879443213301,0.561841220657271,0.638158779342729,0.6,0.381587793427292
8.43,0.00794697114307353,0.561805450331346,0.638194549668654,0.6,0.381945496686543
8.44,0.00794511606614007,0.561769752783622,0.638230247216378,0.6,0.382302472163782
8.45,0.00794322920875295,0.561734128156889,0.638265871843111,0.6,0.382658718431111
8.46,0.00794131057845958,0.561698576593646,0.638301423406354,0.6,0.383014234063542
8.47,0.00793936018293448,0.561663098236099,0.638336901763901,0.6,0.383369017639015
8.48,0.00793737802997924,0.561627693226161,0.638372306773839,0.6,0.383723067738394
8.49,0.00793536412752246,0.561592361705452,0.638407638294548,0.6,0.384076382945481
8.5,0.00793331848361975,0.561557103815299,0.638442896184701,0.6,0.384428961847014
8.51,0.00793124110645368,0.561521919696732,0.638478080303268,0.6,0.38478080303268
8.52,0.00792913200433377,0.561486809490489,0.638513190509511,0.6,0.385131905095114
8.53,0.00792699118569641,0.561451773337009,0.638548226662991,0.6,0.385482266629907
8.54,0.00792481865910487,0.561416811376439,0.638583188623561,0.6,0.385831886235614
8.55,0.00792261443324926,0.561381923748624,0.638618076251376,0.6,0.386180762513757
8.56,0.00792037851694649,0.561347110593117,0.638652889406883,0.6,0.386528894068833
8.57,0.00791811091914021,0.561312372049169,0.638687627950831,0.6,0.386876279508312
8.58,0.00791581164890081,0.561277708255734,0.638722291744266,0.6,0.387222917442658
8.59,0.00791348071542536,0.561243119351468,0.638756880648532,0.6,0.387568806485317
8.6,0.00791111812803761,0.561208605474727,0.638791394525273,0.6,0.387913945252732
8.61,0.00790872389618789,0.561174166763565,0.638825833236435,0.6,0.388258332364351
8.62,0.00790629802945314,0.561139803355738,0.638860196644262,0.6,0.388601966442624
8.63,0.00790384053753681,0.561105515388698,0.638894484611302,0.6,0.388944846113016
8.64,0.00790135143026886,0.561071302999599,0.638928697000401,0.6,0.38928697000401
8.65,0.00789883071760573,0.561037166325289,0.638962833674711,0.6,0.389628336747109
8.66,0.00789627840963026,0.561003105502315,0.638996894497685,0.6,0.389968944976847
8.67,0.00789369451655168,0.560969120666921,0.639030879333079,0.6,0.390308793330792
8.68,0.00789107904870556,0.560935211955045,0.639064788044955,0.6,0.390647880449552
8.69,0.00788843201655377,0.560901379502322,0.639098620497678,0.6,0.390986204976775
8.7,0.00788575343068443,0.560867623444083,0.639132376555917,0.6,0.391323765559168
8.71,0.00788304330181188,0.560833943915351,0.639166056084649,0.6,0.391660560846487
8.72,0.00788030164077663,0.560800341050845,0.639199658949155,0.6,0.391996589491551
8.73,0.00787752845854533,0.560766814984975,0.639233185015025,0.6,0.392331850150247
8.74,0.00787472376621069,0.560733365851847,0.639266634148153,0.6,0.392666341481531
8.75,0.0078718875749915,0.560699993785256,0.639300006214744,0.6,0.393000062147441
8.76,0.00786901989623249,0.560666698918691,0.639333301081309,0.6,0.393333010813092
8.77,0.0078661207414044,0.560633481385331,0.639366518614669,0.6,0.393665186146691
8.78,0.00786319012210382,0.560600341318046,0.639399658681954,0.6,0.393996586819537
8.79,0.00786022805005324,0.560567278849397,0.639432721150603,0.6,0.394327211506028
8.8,0.00785723453710095,0.560534294111633,0.639465705888366,0.6,0.394657058883665
8.81,0.00785420959522098,0.560501387236694,0.639498612763306,0.6,0.394986127633059
8.82,0.0078511532365131,0.560468558356206,0.639531441643794,0.6,0.395314416437936
8.83,0.00784806547320274,0.560435807601486,0.639564192398514,0.6,0.395641923985142
8.84,0.00784494631764096,0.560403135103535,0.639596864896465,0.6,0.395968648964645
8.85,0.00784179578230436,0.560370540993045,0.639629459006955,0.6,0.396294590069547
8.86,0.0078386138797951,0.560338025400392,0.639661974599608,0.6,0.396619745996084
8.87,0.00783540062284076,0.560305588455637,0.639694411544363,0.6,0.396944115443633
8.88,0.00783215602429438,0.560273230288528,0.639726769711472,0.6,0.397267697114716
8.89,0.00782888009713434,0.560240951028499,0.639759048971501,0.6,0.397590489715006
8.9,0.00782557285446436,0.560208750804666,0.639791249195333,0.6,0.397912491953335
8.91,0.00782223430951339,0.560176629745831,0.639823370254169,0.6,0.398233702541693
8.92,0.00781886447563561,0.560144587980476,0.639855412019524,0.6,0.398554120195238
8.93,0.00781546336631036,0.56011262563677,0.63988737436323,0.6,0.398873743632301
8.94,0.00781203099514206,0.560080742842561,0.639919257157439,0.6,0.399192571574387
8.95,0.00780856737586019,0.560048939725381,0.639951060274619,0.6,0.399510602746187
8.96,0.00780507252231924,0.560017216412443,0.639982783587557,0.6,0.399827835875575
8.97,0.0078015464484986,0.559985573030638,0.640014426969362,0.6,0.400144269693619
8.98,0.00779798916850257,0.559954009706542,0.640045990293458,0.6,0.400459902934583
8.99,0.00779440069656026,0.559922526566406,0.640077473433594,0.6,0.400774734335938
9,0.00779078104702556,0.559891123736164,0.640108876263836,0.6,0.401088762638355
9.01,0.00778713023437706,0.559859801341428,0.640140198658572,0.6,0.401401986585724
9.02,0.007783448273218,0.559828559507485,0.640171440492515,0.6,0.401714404925149
9.03,0.00777973517827623,0.559797398359304,0.640202601640696,0.6,0.402026016406956
9.04,0.00777599096440412,0.55976631802153,0.64023368197847,0.6,0.4023368197847
9.05,0.00777221564657852,0.559735318618483,0.640264681381517,0.6,0.402646813815167
9.06,0.0077684092399007,0.559704400274162,0.640295599725838,0.6,0.402955997258384
9.07,0.00776457175959627,0.559673563112238,0.640326436887761,0.6,0.403264368877615
9.08,0.00776070322101516,0.559642807256063,0.640357192743937,0.6,0.403571927439375
9.09,0.00775680363963151,0.559612132828657,0.640387867171343,0.6,0.40387867171343
9.1,0.00775287303104365,0.55958153995272,0.64041846004728,0.6,0.404184600472803
9.11,0.007748911410974,0.559551028750622,0.640448971249378,0.6,0.40448971249378
9.12,0.00774491879526904,0.559520599344409,0.640479400655591,0.6,0.404794006555913
9.13,0.00774089519989922,0.559490251855797,0.640509748144203,0.6,0.405097481442026
9.14,0.00773684064095892,0.559459986406178,0.640540013593822,0.6,0.405400135938221
9.15,0.00773275513466638,0.559429803116612,0.640570196883388,0.6,0.405701968833878
9.16,0.00772863869736361,0.559399702107833,0.640600297892167,0.6,0.406002978921668
9.17,0.00772449134551635,0.559369683500245,0.640630316499755,0.6,0.40630316499755
9.18,0.00772031309571401,0.559339747413922,0.640660252586078,0.6,0.406602525860781
9.19,0.00771610396466958,0.559309893968608,0.640690106031392,0.6,0.406901060313917
9.2,0.00771186396921959,0.559280123283718,0.640719876716282,0.6,0.407198767162821
9.21,0.00770759312632399,0.559250435478333,0.640749564521667,0.6,0.407495645216666
9.22,0.00770329145306617,0.559220830671206,0.640779169328794,0.6,0.40779169328794
9.23,0.00769895896665281,0.559191308980755,0.640808691019245,0.6,0.408086910192451
9.24,0.00769459568441384,0.559161870525067,0.640838129474933,0.6,0.408381294749333
9.25,0.0076902016238024,0.559132515421895,0.640867484578105,0.6,0.408674845781046
9.26,0.00768577680239471,0.559103243788661,0.640896756211339,0.6,0.408967562113388
9.27,0.00768132123789007,0.559074055742451,0.640925944257549,0.6,0.409259442575494
9.28,0.00767683494811071,0.559044951400016,0.640955048599984,0.6,0.40955048599984
9.29,0.0076723179510018,0.559015930877774,0.640984069122226,0.6,0.409840691222256
9.3,0.00766777026463131,0.558986994291808,0.641013005708192,0.6,0.410130057081921
9.31,0.00766319190718999,0.558958141757863,0.641041858242137,0.6,0.410418582421371
9.32,0.00765858289699126,0.55892937339135,0.64107062660865,0.6,0.410706266086505
9.33,0.00765394325247115,0.558900689307341,0.641099310692659,0.6,0.410993106926588
9.34,0.00764927299218824,0.558872089620574,0.641127910379426,0.6,0.411279103794259
9.35,0.00764457213482355,0.558843574445447,0.641156425554553,0.6,0.411564255545529
9.36,0.00763984069918052,0.558815143896021,0.641184856103979,0.6,0.411848561039793
9.37,0.00763507870418488,0.558786798086017,0.641213201913983,0.6,0.412132019139828
9.38,0.0076302861688846,0.55875853712882,0.64124146287118,0.6,0.412414628711804
9.39,0.00762546311244982,0.558730361137472,0.641269638862528,0.6,0.41269638862528
9.4,0.00762060955417276,0.558702270224678,0.641297729775322,0.6,0.41297729775322
9.41,0.00761572551346765,0.558674264502801,0.641325735497199,0.6,0.413257354971985
9.42,0.00761081100987063,0.558646344083865,0.641353655916135,0.6,0.413536559161348
9.43,0.00760586606303972,0.558618509079551,0.641381490920449,0.6,0.413814909204493
9.44,0.0076008906927547,0.558590759601198,0.641409240398802,0.6,0.414092403988019
9.45,0.00759588491891704,0.558563095759805,0.641436904240195,0.6,0.414369042401947
9.46,0.00759084876154984,0.558535517666027,0.641464482333973,0.6,0.414644823339727
9.47,0.00758578224079771,0.558508025430177,0.641491974569823,0.6,0.414919745698231
9.48,0.00758068537692673,0.558480619162223,0.641519380837777,0.6,0.415193808377773
9.49,0.00757555819032435,0.55845329897179,0.64154670102821,0.6,0.415467010282102
9.5,0.00757040070149932,0.558426064968159,0.641573935031841,0.6,0.41573935031841
9.51,0.00756521293108157,0.558398917260266,0.641601082739734,0.6,0.416010827397338
9.52,0.00755999489982218,0.558371855956702,0.641628144043298,0.6,0.416281440432977
9.53,0.00755474662859327,0.558344881165712,0.641655118834288,0.6,0.416551188342877
9.54,0.00754946813838792,0.558317992995195,0.641682007004804,0.6,0.416820070048045
9.55,0.00754415945032008,0.558291191552704,0.641708808447296,0.6,0.417088084472956
9.56,0.0075388205856245,0.558264476945445,0.641735523054555,0.6,0.417355230545552
9.57,0.00753345156565664,0.558237849280275,0.641762150719725,0.6,0.417621507197248
9.58,0.00752805241189255,0.558211308663706,0.641788691336294,0.6,0.417886913362939
9.59,0.00752262314592885,0.5581848552019,0.6418151447981,0.6,0.418151447981
9.6,0.0075171637894826,0.558158489000671,0.641841510999329,0.6,0.418415109993294
9.61,0.00751167436439121,0.558132210165483,0.641867789834517,0.6,0.418677898345172
9.62,0.00750615489261238,0.558106018801452,0.641893981198548,0.6,0.418939811985483
9.63,0.00750060539622399,0.558079915013343,0.641920084986657,0.6,0.41920084986657
9.64,0.00749502589742402,0.558053898905572,0.641946101094428,0.6,0.419461010944283
9.65,0.00748941641853045,0.558027970582202,0.641972029417798,0.6,0.419720294177979
9.66,0.00748377698198119,0.558002130146948,0.641997869853052,0.6,0.419978698530523
9.67,0.00747810761033398,0.55797637770317,0.64202362229683,0.6,0.420236222968301
9.68,0.0074724083262663,0.557950713353879,0.642049286646121,0.6,0.420492866461214
9.69,0.00746667915257528,0.557925137201731,0.642074862798269,0.6,0.420748627982688
9.7,0.0074609201121776,0.557899649349032,0.642100350650968,0.6,0.421003506509677
9.71,0.00745513122810943,0.557874249897733,0.642125750102267,0.6,0.421257501022669
9.72,0.00744931252352628,0.557848938949431,0.642151061050569,0.6,0.421510610505685
9.73,0.00744346402170297,0.557823716605371,0.642176283394629,0.6,0.421762833946289
9.74,0.00743758574603349,0.557798582966442,0.642201417033558,0.6,0.422014170335584
9.75,0.00743167772003095,0.557773538133177,0.642226461866823,0.6,0.422264618668228
9.76,0.00742573996732744,0.557748582205757,0.642251417794243,0.6,0.422514177942428
9.77,0.00741977251167396,0.557723715284006,0.642276284715994,0.6,0.422762847159944
9.78,0.00741377537694033,0.55769893746739,0.64230106253261,0.6,0.423010625326103
9.79,0.00740774858711507,0.557674248855021,0.642325751144979,0.6,0.423257511449792
9.8,0.00740169216630535,0.557649649545653,0.642350350454347,0.6,0.423503504543465
9.81,0.00739560613873682,0.557625139637685,0.642374860362315,0.6,0.423748603623152
9.82,0.0073894905287536,0.557600719229154,0.642399280770846,0.6,0.423992807708456
9.83,0.00738334536081812,0.557576388417744,0.642423611582256,0.6,0.424236115822562
9.84,0.00737717065951104,0.557552147300776,0.642447852699224,0.6,0.424478526992236
9.85,0.00737096644953116,0.557527995975217,0.642472004024783,0.6,0.424720040247835
9.86,0.00736473275569531,0.55750393453767,0.64249606546233,0.6,0.424960654623304
9.87,0.00735846960293826,0.557479963084381,0.642520036915619,0.6,0.42520036915619
9.88,0.0073521770163126,0.557456081711237,0.642543918288763,0.6,0.425439182887632
9.89,0.00734585502098868,0.557432290513762,0.642567709486238,0.6,0.425677094862378
9.9,0.00733950364225448,0.557408589587122,0.642591410412878,0.6,0.425914104128777
9.91,0.00733312290551549,0.55738497902612,0.642615020973879,0.6,0.426150209738795
9.92,0.00732671283629466,0.557361458925199,0.642638541074801,0.6,0.426385410748008
9.93,0.00732027346023225,0.557338029378439,0.642661970621561,0.6,0.426619706215614
9.94,0.00731380480308575,0.557314690479557,0.642685309520443,0.6,0.42685309520443
9.95,0.0073073068907298,0.55729144232191,0.64270855767809,0.6,0.427085576780902
9.96,0.00730077974915603,0.55726828499849,0.64273171500151,0.6,0.427317150015103
9.97,0.007294223404473,0.557245218601926,0.642754781398074,0.6,0.42754781398074
9.98,0.00728763788290607,0.557222243224484,0.642777756775516,0.6,0.427777567755157
9.99,0.00728102321079733,0.557199358958066,0.642800641041934,0.6,0.42800641041934
10,0.00727437941460545,0.557176565894208,0.642823434105792,0.6,0.428234341057919
10.01,0.00726770652090562,0.557153864124083,0.642846135875917,0.6,0.428461358759172
10.02,0.00726100455638939,0.557131253738497,0.642868746261503,0.6,0.428687462615028
10.03,0.00725427354786462,0.557108734827893,0.642891265172107,0.6,0.428912651721072
10.04,0.00724751352225532,0.557086307482345,0.642913692517655,0.6,0.429136925176546
10.05,0.00724072450660161,0.557063971791564,0.642936028208436,0.6,0.42936028208436
10.06,0.00723390652805952,0.557041727844892,0.642958272155108,0.6,0.429582721551084
10.07,0.00722705961390096,0.557019575731304,0.642980424268696,0.6,0.429804242686961
10.08,0.00722018379151359,0.556997515539409,0.643002484460591,0.6,0.430024844605906
10.09,0.00721327908840067,0.556975547357449,0.643024452642551,0.6,0.430244526425514
10.1,0.00720634553218102,0.556953671273294,0.643046328726706,0.6,0.430463287267057
10.11,0.00719938315058885,0.556931887374451,0.643068112625549,0.6,0.430681126255491
10.12,0.00719239197147367,0.556910195748054,0.643089804251946,0.6,0.430898042519461
10.13,0.0071853720228002,0.55688859648087,0.64311140351913,0.6,0.431114035191302
10.14,0.00717832333264822,0.556867089659296,0.643132910340704,0.6,0.431329103407043
10.15,0.00717124592921248,0.556845675369359,0.643154324630641,0.6,0.431543246306413
10.16,0.00716413984080258,0.556824353696716,0.643175646303284,0.6,0.43175646303284
10.17,0.00715700509584287,0.556803124726654,0.643196875273346,0.6,0.431968752733457
10.18,0.00714984172287233,0.556781988544089,0.643218011455911,0.6,0.432180114559105
10.19,0.00714264975054442,0.556760945233566,0.643239054766434,0.6,0.432390547664339
10.2,0.00713542920762703,0.556739994879258,0.643260005120742,0.6,0.432600051207425
10.21,0.00712818012300234,0.556719137564965,0.643280862435035,0.6,0.432808624350349
10.22,0.00712090252566665,0.556698373374118,0.643301626625882,0.6,0.43301626625882
10.23,0.00711359644473035,0.556677702389773,0.643322297610227,0.6,0.43322297610227
10.24,0.00710626190941776,0.556657124694614,0.643342875305386,0.6,0.433428753053859
10.25,0.007098898949067,0.556636640370952,0.643363359629048,0.6,0.433633596290481
10.26,0.00709150759312992,0.556616249500724,0.643383750499276,0.6,0.433837504992763
10.27,0.00708408787117192,0.556595952165493,0.643404047834507,0.6,0.43404047834507
10.28,0.00707663981287187,0.556575748446449,0.643424251553551,0.6,0.434242515535509
10.29,0.00706916344802202,0.556555638424407,0.643444361575593,0.6,0.434443615755931
10.3,0.00706165880652779,0.556535622179806,0.643464377820194,0.6,0.434643778201936
10.31,0.00705412591840776,0.556515699792713,0.643484300207287,0.6,0.434843002072874
10.32,0.00704656481379346,0.556495871342815,0.643504128657185,0.6,0.435041286571852
10.33,0.00703897552292929,0.556476136909427,0.643523863090573,0.6,0.435238630905729
10.34,0.00703135807617242,0.556456496571487,0.643543503428513,0.6,0.43543503428513
10.35,0.00702371250399263,0.556436950407556,0.643563049592444,0.6,0.435630495924441
10.36,0.00701603883697218,0.556417498495818,0.643582501504182,0.6,0.435825015041815
10.37,0.00700833710580573,0.556398140914082,0.643601859085918,0.6,0.436018590859176
10.38,0.00700060734130021,0.556378877739778,0.643621122260222,0.6,0.436211222602224
10.39,0.00699284957437466,0.556359709049957,0.643640290950043,0.6,0.436402909500428
10.4,0.00698506383606013,0.556340634921296,0.643659365078704,0.6,0.436593650787044
10.41,0.00697725015749957,0.55632165543009,0.64367834456991,0.6,0.436783445699104
10.42,0.00696940856994769,0.556302770652257,0.643697229347743,0.6,0.436972293477431
10.43,0.00696153910477082,0.556283980663337,0.643716019336663,0.6,0.437160193366634
10.44,0.00695364179344681,0.556265285538489,0.643734714461511,0.6,0.437347144615112
10.45,0.0069457166675649,0.556246685352494,0.643753314647506,0.6,0.437533146475062
10.46,0.00693776375882558,0.556228180179752,0.643771819820248,0.6,0.437718198202476
10.47,0.00692978309904047,0.556209770094285,0.643790229905715,0.6,0.437902299057147
10.48,0.00692177472013221,0.556191455169733,0.643808544830267,0.6,0.438085448302673
10.49,0.0069137386541343,0.556173235479354,0.643826764520646,0.6,0.438267645206456
10.5,0.00690567493319099,0.556155111096029,0.643844888903971,0.6,0.43844888903971
10.51,0.00689758358955715,0.556137082092254,0.643862917907746,0.6,0.438629179077459
10.52,0.00688946465559816,0.556119148540146,0.643880851459854,0.6,0.438808514598542
10.53,0.00688131816378972,0.556101310511438,0.643898689488562,0.6,0.438986894885619
10.54,0.00687314414671781,0.556083568077483,0.643916431922517,0.6,0.439164319225168
10.55,0.00686494263707847,0.556065921309251,0.643934078690749,0.6,0.439340786907494
10.56,0.00685671366767774,0.556048370277328,0.643951629722672,0.6,0.439516297226723
10.57,0.00684845727143148,0.556030915051918,0.643969084948082,0.6,0.439690849480817
10.58,0.00684017348136526,0.556013555702843,0.643986444297157,0.6,0.439864442971566
10.59,0.00683186233061424,0.55599629229954,0.64400370770046,0.6,0.440037077004596
10.6,0.00682352385242301,0.555979124911063,0.644020875088937,0.6,0.44020875088937
10.61,0.00681515808014547,0.55596205360608,0.64403794639392,0.6,0.440379463939196
10.62,0.00680676504724469,0.555945078452878,0.644054921547122,0.6,0.440549215471219
10.63,0.00679834478729279,0.555928199519357,0.644071800480643,0.6,0.440718004806434
10.64,0.00678989733397082,0.555911416873031,0.644088583126968,0.6,0.440885831269685
10.65,0.00678142272106856,0.555894730581034,0.644105269418966,0.6,0.441052694189664
10.66,0.00677292098248446,0.555878140710108,0.644121859289892,0.6,0.441218592898923
10.67,0.00676439215222546,0.555861647326614,0.644138352673386,0.6,0.441383526733864
10.68,0.00675583626440686,0.555845250496525,0.644154749503475,0.6,0.441547495034753
10.69,0.00674725335325222,0.555828950285428,0.644171049714572,0.6,0.441710497145719
10.7,0.00673864345309317,0.555812746758525,0.644187253241475,0.6,0.44187253241475
10.71,0.00673000659836928,0.555796639980629,0.644203360019371,0.6,0.442033600193709
10.72,0.00672134282362798,0.555780630016168,0.644219369983832,0.6,0.442193699838321
10.73,0.00671265216352434,0.555764716929181,0.644235283070819,0.6,0.442352830708191
10.74,0.006703934652821,0.55574890078332,0.64425109921668,0.6,0.442510992166796
10.75,0.00669519032638798,0.555733181641851,0.644266818358149,0.6,0.442668183581487
10.76,0.00668641921920259,0.55571755956765,0.64428244043235,0.6,0.442824404323502
10.77,0.00667762136634923,0.555702034623204,0.644297965376796,0.6,0.442979653767956
10.78,0.00666879680301932,0.555686606870615,0.644313393129385,0.6,0.443133931293852
10.79,0.00665994556451108,0.555671276371592,0.644328723628408,0.6,0.443287236284081
10.8,0.00665106768622946,0.555656043187458,0.644343956812542,0.6,0.443439568125423
10.81,0.00664216320368597,0.555640907379145,0.644359092620855,0.6,0.443590926208549
10.82,0.00663323215249852,0.555625869007197,0.644374130992803,0.6,0.44374130992803
10.83,0.00662427456839131,0.555610928131767,0.644389071868233,0.6,0.443890718682328
10.84,0.00661529048719465,0.555596084812619,0.644403915187381,0.6,0.444039151873811
10.85,0.00660627994484487,0.555581339109126,0.644418660890874,0.6,0.444186608908744
10.86,0.00659724297738411,0.55556669108027,0.64443330891973,0.6,0.444333089197301
10.87,0.00658817962096024,0.555552140784644,0.644447859215356,0.6,0.444478592153561
10.88,0.00657908991182667,0.555537688280449,0.644462311719551,0.6,0.444623117195511
10.89,0.00656997388634222,0.555523333625495,0.644476666374505,0.6,0.444766663745051
10.9,0.00656083158097099,0.5555090768772,0.6444909231228,0.6,0.444909231227997
10.91,0.00655166303228219,0.555494918092592,0.644505081907408,0.6,0.445050819074078
10.92,0.00654246827694999,0.555480857328306,0.644519142671694,0.6,0.445191426716941
10.93,0.0065332473517534,0.555466894640584,0.644533105359416,0.6,0.445331053594159
10.94,0.00652400029357612,0.555453030085278,0.644546969914722,0.6,0.445469699147222
10.95,0.00651472713940637,0.555439263717845,0.644560736282155,0.6,0.44560736282155
10.96,0.00650542792633674,0.555425595593351,0.644574404406649,0.6,0.445744044066487
10.97,0.00649610269156408,0.555412025766469,0.644587974233531,0.6,0.445879742335309
10.98,0.00648675147238932,0.555398554291478,0.644601445708522,0.6,0.446014457085223
10.99,0.00647737430621731,0.555385181222263,0.644614818777737,0.6,0.44614818777737
11,0.00646797123055672,0.555371906612317,0.644628093387683,0.6,0.446280933876827
11.01,0.00645854228301983,0.555358730514739,0.644641269485261,0.6,0.44641269485261
11.02,0.00644908750132242,0.555345652982232,0.644654347017768,0.6,0.446543470177676
11.03,0.0064396069232836,0.555332674067108,0.644667325932892,0.6,0.446673259328924
11.04,0.00643010058682568,0.55531979382128,0.644680206178719,0.6,0.446802061787195
11.05,0.00642056852997398,0.555307012296272,0.644692987703728,0.6,0.446929877037282
11.06,0.00641101079085672,0.555294329543208,0.644705670456792,0.6,0.447056704567924
11.07,0.00640142740770485,0.555281745612819,0.644718254387181,0.6,0.44718254387181
11.08,0.00639181841885188,0.555269260555442,0.644730739444558,0.6,0.447307394445584
11.09,0.00638218386273376,0.555256874421016,0.644743125578984,0.6,0.447431255789843
11.1,0.00637252377788869,0.555244587259086,0.644755412740914,0.6,0.447554127409142
11.11,0.00636283820295701,0.555232399118801,0.644767600881199,0.6,0.447676008811995
11.12,0.00635312717668101,0.555220310048912,0.644779689951088,0.6,0.447796899510876
11.13,0.00634339073790477,0.555208320097778,0.644791679902222,0.6,0.447916799022222
11.14,0.00633362892557403,0.555196429313356,0.644803570686644,0.6,0.448035706866438
11.15,0.00632384177873604,0.555184637743211,0.644815362256789,0.6,0.448153622567888
11.16,0.00631402933653936,0.555172945434509,0.644827054565491,0.6,0.448270545654913
11.17,0.00630419163823376,0.555161352434018,0.644838647565982,0.6,0.448386475659821
11.18,0.00629432872317001,0.555149858788111,0.644850141211889,0.6,0.448501412118889
11.19,0.00628444063079976,0.555138464542762,0.644861535457237,0.6,0.448615354572375
11.2,0.00627452740067536,0.555127169743549,0.64487283025645,0.6,0.448728302564505
11.21,0.00626458907244973,0.555115974435651,0.644884025564349,0.6,0.448840255643491
11.22,0.00625462568587616,0.555104878663848,0.644895121336152,0.6,0.44895121336152
11.23,0.00624463728080819,0.555093882472524,0.644906117527476,0.6,0.449061175274761
11.24,0.00623462389719942,0.555082985905663,0.644917014094337,0.6,0.449170140943366
11.25,0.00622458557510337,0.555072189006853,0.644927810993147,0.6,0.449278109931472
11.26,0.00621452235467332,0.555061491819279,0.644938508180721,0.6,0.449385081807205
11.27,0.00620443427616214,0.555050894385732,0.644949105614268,0.6,0.449491056142677
11.28,0.00619432137992213,0.555040396748601,0.644959603251399,0.6,0.449596032513989
11.29,0.00618418370640486,0.555029998949876,0.644970001050124,0.6,0.449700010501237
11.3,0.00617402129616101,0.555019701031149,0.644980298968851,0.6,0.449802989688511
11.31,0.0061638341898402,0.555009503033611,0.644990496966389,0.6,0.449904969663891
11.32,0.00615362242819086,0.554999404998054,0.645000595001946,0.6,0.45000595001946
11.33,0.00614338605206,0.55498940696487,0.64501059303513,0.6,0.450105930351296
11.34,0.00613312510239313,0.554979508974052,0.645020491025948,0.6,0.450204910259476
11.35,0.00612283962023403,0.554969711065192,0.645030288934808,0.6,0.450302889348082
11.36,0.00611252964672461,0.55496001327748,0.64503998672252,0.6,0.450399867225199
11.37,0.00610219522310475,0.554950415649709,0.645049584350291,0.6,0.450495843502913
11.38,0.00609183639071214,0.554940918220268,0.645059081779732,0.6,0.450590817797321
11.39,0.00608145319098208,0.554931521027147,0.645068478972852,0.6,0.450684789728525
11.4,0.00607104566544737,0.554922224107936,0.645077775892064,0.6,0.450777758920637
11.41,0.0060606138557381,0.554913027499822,0.645086972500178,0.6,0.450869725001782
11.42,0.00605015780358148,0.554903931239591,0.645096068760409,0.6,0.450960687604094
11.43,0.00603967755080172,0.554894935363628,0.645105064636372,0.6,0.451050646363724
11.44,0.0060291731393198,0.554886039907916,0.645113960092084,0.6,0.451139600920837
11.45,0.00601864461115336,0.554877244908039,0.645122755091961,0.6,0.451227550919614
11.46,0.00600809200841651,0.554868550399174,0.645131449600826,0.6,0.451314496008256
11.47,0.00599751537331963,0.554859956416102,0.645140043583898,0.6,0.451400435838982
11.48,0.00598691474816926,0.554851462993197,0.645148537006803,0.6,0.451485370068033
11.49,0.00597629017536788,0.554843070164433,0.645156929835567,0.6,0.451569298355673
11.5,0.00596564169741376,0.554834777963381,0.645165222036619,0.6,0.451652220366188
11.51,0.00595496935690081,0.554826586423211,0.645173413576789,0.6,0.451734135767891
11.52,0.00594427319651837,0.554818495576688,0.645181504423312,0.6,0.451815044233119
11.53,0.00593355325905107,0.554810505456176,0.645189494543824,0.6,0.451894945438239
11.54,0.00592280958737864,0.554802616093635,0.645197383906365,0.6,0.451973839063647
11.55,0.00591204222447577,0.554794827520623,0.645205172479377,0.6,0.452051724793768
11.56,0.00590125121341187,0.554787139768294,0.645212860231706,0.6,0.45212860231706
11.57,0.005890436597351,0.554779552867399,0.645220447132601,0.6,0.452204471326011
11.58,0.00587959841955158,0.554772066848285,0.645227933151715,0.6,0.452279331517147
11.59,0.00586873672336633,0.554764681740897,0.645235318259103,0.6,0.452353182591027
11.6,0.00585785155224201,0.554757397574775,0.645242602425225,0.6,0.452426024252246
11.61,0.00584694294971929,0.554750214379056,0.645249785620944,0.6,0.452497856209437
11.62,0.00583601095943257,0.554743132182473,0.645256867817527,0.6,0.452568678175274
11.63,0.00582505562510979,0.554736151013353,0.645263848986647,0.6,0.452638489866468
11.64,0.00581407699057228,0.554729270899623,0.645270729100377,0.6,0.452707291003773
11.65,0.00580307509973456,0.554722491868802,0.645277508131198,0.6,0.452775081311985
11.66,0.00579204999660417,0.554715813948006,0.645284186051994,0.6,0.452841860519941
11.67,0.00578100172528152,0.554709237163947,0.645290762836053,0.6,0.452907628360526
11.68,0.00576993032995969,0.554702761542933,0.645297238457067,0.6,0.452972384570668
11.69,0.00575883585492422,0.554696387110866,0.645303612889134,0.6,0.453036128891342
11.7,0.00574771834455301,0.554690113893243,0.645309886106757,0.6,0.453098861067571
11.71,0.00573657784331609,0.554683941915157,0.645316058084843,0.6,0.453160580848427
11.72,0.00572541439577544,0.554677871201297,0.645322128798703,0.6,0.45322128798703
11.73,0.00571422804658484,0.554671901775945,0.645328098224055,0.6,0.453280982240553
11.74,0.00570301884048968,0.554666033662978,0.645333966337022,0.6,0.453339663370217
11.75,0.00569178682232676,0.55466026688587,0.64533973311413,0.6,0.4533973311413
11.76,0.00568053203702413,0.554654601467687,0.645345398532313,0.6,0.453453985323128
11.77,0.00566925452960094,0.554649037431091,0.645350962568909,0.6,0.453509625689087
11.78,0.00565795434516718,0.554643574798339,0.645356425201661,0.6,0.453564252016614
11.79,0.00564663152892359,0.55463821359128,0.64536178640872,0.6,0.453617864087205
11.8,0.00563528612616141,0.554632953831359,0.645367046168641,0.6,0.453670461686411
11.81,0.00562391818226224,0.554627795539616,0.645372204460384,0.6,0.453722044603841
11.82,0.00561252774269784,0.554622738736683,0.645377261263317,0.6,0.453772612633165
11.83,0.00560111485302995,0.554617783442789,0.645382216557211,0.6,0.45382216557211
11.84,0.00558967955891012,0.554612929677754,0.645387070322246,0.6,0.453870703222464
11.85,0.0055782219060795,0.554608177460992,0.645391822539008,0.6,0.453918225390078
11.86,0.0055667419403687,0.554603526811514,0.645396473188486,0.6,0.453964731884862
11.87,0.00555523970769756,0.554598977747921,0.645401022252079,0.6,0.45401022252079
11.88,0.00554371525407499,0.55459453028841,0.64540546971159,0.6,0.4540546971159
11.89,0.00553216862559881,0.554590184450771,0.645409815549229,0.6,0.454098155492294
11.9,0.00552059986845549,0.554585940252386,0.645414059747614,0.6,0.454140597476137
11.91,0.00550900902892006,0.554581797710234,0.645418202289766,0.6,0.454182022897663
11.92,0.00549739615335586,0.554577756840883,0.645422243159117,0.6,0.45422243159117
11.93,0.00548576128821438,0.554573817660498,0.645426182339502,0.6,0.454261823395022
11.94,0.00547410448003506,0.554569980184834,0.645430019815165,0.6,0.454300198151655
11.95,0.00546242577544512,0.554566244429243,0.645433755570757,0.6,0.454337555707566
11.96,0.00545072522115936,0.554562610408667,0.645437389591333,0.6,0.454373895913326
11.97,0.00543900286397998,0.554559078137642,0.645440921862358,0.6,0.454409218623577
11.98,0.0054272587507964,0.554555647630298,0.645444352369702,0.6,0.454443523697025
11.99,0.00541549292858505,0.554552318900355,0.645447681099645,0.6,0.45447681099645
12,0.0054037054444092,0.55454909196113,0.64545090803887,0.6,0.454509080388704
12.01,0.00539189634541879,0.554545966825529,0.645454033174471,0.6,0.454540331744709
12.02,0.00538006567885019,0.554542943506054,0.645457056493946,0.6,0.45457056493946
12.03,0.00536821349202603,0.554540022014798,0.645459977985202,0.6,0.454599779852024
12.04,0.00535633983235507,0.554537202363446,0.645462797636554,0.6,0.454627976365543
12.05,0.00534444474733193,0.554534484563277,0.645465515436723,0.6,0.454655154367227
12.06,0.00533252828453692,0.554531868625163,0.645468131374837,0.6,0.454681313748367
12.07,0.00532059049163588,0.554529354559567,0.645470645440433,0.6,0.454706454404326
12.08,0.00530863141637997,0.554526942376546,0.645473057623454,0.6,0.454730576234539
12.09,0.00529665110660547,0.554524632085748,0.645475367914252,0.6,0.454753679142521
12.1,0.00528464961023361,0.554522423696414,0.645477576303586,0.6,0.454775763035858
12.11,0.00527262697527035,0.554520317217378,0.645479682782622,0.6,0.454796827826217
12.12,0.00526058324980622,0.554518312657066,0.645481687342934,0.6,0.454816873429338
12.13,0.0052485184820161,0.554516410023496,0.645483589976504,0.6,0.454835899765038
12.14,0.00523643272015906,0.554514609324279,0.645485390675721,0.6,0.454853906757212
12.15,0.00522432601257812,0.554512910566617,0.645487089433383,0.6,0.454870894333833
12.16,0.00521219840770009,0.554511313757305,0.645488686242695,0.6,0.454886862426949
12.17,0.00520004995403538,0.554509818902731,0.645490181097269,0.6,0.454901810972688
12.18,0.00518788070017779,0.554508426008874,0.645491573991126,0.6,0.454915739911257
12.19,0.00517569069480432,0.554507135081306,0.645492864918694,0.6,0.454928649186939
12.2,0.00516347998667496,0.55450594612519,0.64549405387481,0.6,0.454940538748098
12.21,0.00515124862463255,0.554504859145282,0.645495140854717,0.6,0.454951408547175
12.22,0.0051389966576025,0.554503874145931,0.645496125854069,0.6,0.454961258540691
12.23,0.00512672413459268,0.554502991131075,0.645497008868925,0.6,0.454970088689247
12.24,0.00511443110469315,0.554502210104248,0.645497789895752,0.6,0.45497789895752
12.25,0.00510211761707603,0.554501531068573,0.645498468931427,0.6,0.454984689314272
12.26,0.00508978372099524,0.554500954026766,0.645499045973234,0.6,0.45499045973234
12.27,0.00507742946578635,0.554500478981136,0.645499521018864,0.6,0.454995210188641
12.28,0.00506505490086637,0.554500105933582,0.645499894066418,0.6,0.454998940664175
12.29,0.00505266007573353,0.554499834885598,0.645500165114402,0.6,0.45500165114402
12.3,0.00504024503996714,0.554499665838267,0.645500334161733,0.6,0.455003341617334
12.31,0.0050278098432273,0.554499598792265,0.645500401207735,0.6,0.455004012077355
12.32,0.00501535453525479,0.55449963374786,0.64550036625214,0.6,0.4550036625214
12.33,0.00500287916587083,0.554499770704913,0.645500229295087,0.6,0.455002292950869
12.34,0.00499038378497688,0.554500009662876,0.645499990337124,0.6,0.45499990337124
12.35,0.00497786844255444,0.554500350620793,0.645499649379207,0.6,0.45499649379207
12.36,0.00496533318866487,0.5545007935773,0.6454992064227,0.6,0.454992064226999
12.37,0.00495277807344916,0.554501338530626,0.645498661469374,0.6,0.454986614693743
12.38,0.00494020314712776,0.55450198547859,0.64549801452141,0.6,0.454980145214102
12.39,0.00492760846000036,0.554502734418604,0.645497265581396,0.6,0.454972655813956
12.4,0.00491499406244569,0.554503585347674,0.645496414652326,0.6,0.454964146523257
12.41,0.00490236000492133,0.554504538262395,0.645495461737605,0.6,0.454954617376045
12.42,0.00488970633796348,0.554505593158956,0.645494406841044,0.6,0.454944068410439
12.43,0.0048770331121868,0.554506750033137,0.645493249966863,0.6,0.454932499668631
12.44,0.00486434037828417,0.55450800888031,0.64549199111969,0.6,0.454919911196898
12.45,0.00485162818702652,0.554509369695441,0.645490630304559,0.6,0.454906303045594
12.46,0.00483889658926258,0.554510832473085,0.645489167526915,0.6,0.45489167526915
12.47,0.00482614563591875,0.554512397207392,0.645487602792608,0.6,0.45487602792608
12.48,0.0048133753779988,0.554514063892103,0.645485936107897,0.6,0.454859361078969
12.49,0.00480058586658376,0.554515832520551,0.645484167479449,0.6,0.454841674794488
12.5,0.00478777715283165,0.554517703085662,0.645482296914338,0.6,0.454822969143381
12.51,0.00477494928797732,0.554519675579953,0.645480324420047,0.6,0.45480324420047
12.52,0.0047621023233322,0.554521749995534,0.645478250004466,0.6,0.454782500044656
12.53,0.00474923631028413,0.554523926324109,0.645476073675891,0.6,0.454760736758915
12.54,0.00473635130029716,0.55452620455697,0.64547379544303,0.6,0.454737954430299
12.55,0.0047234473449113,0.554528584685006,0.645471415314994,0.6,0.454714153149939
12.56,0.00471052449574236,0.554531066698696,0.645468933301304,0.6,0.454689333013039
12.57,0.00469758280448172,0.554533650588112,0.645466349411888,0.6,0.45466349411888
12.58,0.00468462232289612,0.554536336342918,0.645463663657082,0.6,0.454636636570818
12.59,0.00467164310282748,0.554539123952372,0.645460876047628,0.6,0.454608760476282
12.6,0.00465864519619266,0.554542013405322,0.645457986594678,0.6,0.454579865946777
12.61,0.00464562865498326,0.554545004690212,0.645454995309788,0.6,0.45454995309788
12.62,0.00463259353126543,0.554548097795076,0.645451902204924,0.6,0.454519022049245
12.63,0.00461953987717966,0.554551292707541,0.645448707292459,0.6,0.454487072924593
12.64,0.00460646774494054,0.554554589414828,0.645445410585172,0.6,0.454454105851723
12.65,0.00459337718683658,0.55455798790375,0.64544201209625,0.6,0.454420120962502
12.66,0.00458026825523,0.554561488160713,0.645438511839287,0.6,0.454385118392869
12.67,0.0045671410025565,0.554565090171716,0.645434909828284,0.6,0.454349098282836
12.68,0.00455399548132508,0.554568793922352,0.645431206077648,0.6,0.454312060776482
12.69,0.00454083174411781,0.554572599397804,0.645427400602196,0.6,0.454274006021956
12.7,0.00452764984358962,0.554576506582852,0.645423493417148,0.6,0.45423493417148
12.71,0.00451444983246809,0.554580515461866,0.645419484538134,0.6,0.454194845381339
12.72,0.00450123176355325,0.554584626018811,0.645415373981189,0.6,0.454153739811889
12.73,0.00448799568971736,0.554588838237245,0.645411161762755,0.6,0.454111617627552
12.74,0.00447474166390469,0.554593152100318,0.645406847899682,0.6,0.454068478996816
12.75,0.00446146973913133,0.554597567590776,0.645402432409224,0.6,0.454024324092236
12.76,0.00444817996848497,0.554602084690957,0.645397915309043,0.6,0.453979153090432
12.77,0.00443487240512466,0.554606703382791,0.645393296617209,0.6,0.453932966172088
12.78,0.00442154710228064,0.554611423647805,0.645388576352195,0.6,0.453885763521952
12.79,0.00440820411325412,0.554616245467117,0.645383754532883,0.6,0.453837545328832
12.8,0.00439484349141701,0.55462116882144,0.64537883117856,0.6,0.453788311785603
12.81,0.0043814652902118,0.55462619369108,0.64537380630892,0.6,0.4537380630892
12.82,0.00436806956315127,0.554631320055939,0.645368679944061,0.6,0.453686799440615
12.83,0.00435465636381831,0.55463654789551,0.64536345210449,0.6,0.453634521044903
12.84,0.00434122574586571,0.554641877188882,0.645358122811118,0.6,0.45358122811118
12.85,0.00432777776301591,0.554647307914738,0.645352692085261,0.6,0.453526920852615
12.86,0.00431431246906082,0.554652840051356,0.645347159948644,0.6,0.453471599486438
12.87,0.00430082991786161,0.554658473576606,0.645341526423393,0.6,0.453415264233935
12.88,0.00428733016334847,0.554664208467955,0.645335791532044,0.6,0.453357915320445
12.89,0.00427381325952039,0.554670044702463,0.645329955297537,0.6,0.453299552975366
12.9,0.00426027926044497,0.554675982256785,0.645324017743215,0.6,0.453240177432146
12.91,0.00424672822025818,0.554682021107171,0.645317978892829,0.6,0.453179788928287
12.92,0.00423316019316419,0.554688161229466,0.645311838770534,0.6,0.453118387705344
12.93,0.00421957523343505,0.554694402599108,0.645305597400892,0.6,0.453055974008919
12.94,0.00420597339541062,0.554700745191133,0.645299254808867,0.6,0.452992548088671
12.95,0.00419235473349821,0.55470718898017,0.64529281101983,0.6,0.4529281101983
12.96,0.00417871930217245,0.554713733940444,0.645286266059556,0.6,0.452862660595559
12.97,0.00416506715597506,0.554720380045775,0.645279619954225,0.6,0.452796199542247
12.98,0.0041513983495146,0.554727127269579,0.645272872730421,0.6,0.452728727304206
12.99,0.00413771293746627,0.554733975584867,0.645266024415133,0.6,0.452660244151326
13,0.00412401097457171,0.554740924964246,0.645259075035754,0.6,0.452590750357541
13.01,0.00411029251563875,0.554747975379918,0.645252024620082,0.6,0.452520246200823
13.02,0.00409655761554122,0.554755126803681,0.645244873196319,0.6,0.452448731963191
13.03,0.00408280632921867,0.55476237920693,0.64523762079307,0.6,0.452376207930701
13.04,0.00406903871167626,0.554769732560655,0.645230267439345,0.6,0.452302674393449
13.05,0.00405525481798442,0.554777186835443,0.645222813164557,0.6,0.45222813164557
13.06,0.00404145470327873,0.554784742001477,0.645215257998523,0.6,0.452152579985233
13.07,0.0040276384227596,0.554792398028535,0.645207601971465,0.6,0.452076019714647
13.08,0.00401380603169216,0.554800154885995,0.645199845114005,0.6,0.45199845114005
13.09,0.00399995758540594,0.554808012542828,0.645191987457172,0.6,0.451919874571718
13.1,0.00398609313929471,0.554815970967604,0.645184029032396,0.6,0.451840290323958
13.11,0.00397221274881624,0.554824030128489,0.64517596987151,0.6,0.451759698715105
13.12,0.00395831646949206,0.554832189993247,0.645167810006753,0.6,0.451678100067526
13.13,0.0039444043569073,0.554840450529238,0.645159549470762,0.6,0.451595494707616
13.14,0.00393047646671036,0.55484881170342,0.64515118829658,0.6,0.451511882965796
13.15,0.00391653285461279,0.554857273482349,0.645142726517651,0.6,0.451427265176513
13.16,0.00390257357638903,0.554865835832176,0.645134164167824,0.6,0.451341641678238
13.17,0.00388859868787617,0.554874498718654,0.645125501281346,0.6,0.451255012813464
13.18,0.00387460824497374,0.554883262107129,0.645116737892871,0.6,0.451167378928707
13.19,0.0038606023036435,0.55489212596255,0.64510787403745,0.6,0.451078740374503
13.2,0.00384658091990918,0.554901090249459,0.645098909750541,0.6,0.450989097505405
13.21,0.00383254414985632,0.554910154932001,0.645089845067999,0.6,0.450898450679986
13.22,0.00381849204963197,0.554919319973917,0.645080680026083,0.6,0.450806800260832
13.23,0.00380442467544451,0.554928585338546,0.645071414661454,0.6,0.450714146614544
13.24,0.00379034208356343,0.554937950988826,0.645062049011174,0.6,0.450620490111738
13.25,0.00377624433031906,0.554947416887296,0.645052583112704,0.6,0.450525831127038
13.26,0.00376213147210241,0.554956982996092,0.645043017003908,0.6,0.450430170039082
13.27,0.00374800356536488,0.554966649276949,0.645033350723051,0.6,0.450333507230513
13.28,0.00373386066661809,0.554976415691202,0.645023584308798,0.6,0.45023584308798
13.29,0.00371970283243361,0.554986282199786,0.645013717800214,0.6,0.450137178002145
13.3,0.00370553011944276,0.554996248763234,0.645003751236766,0.6,0.450037512367663
13.31,0.00369134258433637,0.55500631534168,0.64499368465832,0.6,0.449936846583198
13.32,0.00367714028386457,0.555016481894859,0.644983518105141,0.6,0.449835181051413
13.33,0.00366292327483654,0.555026748382103,0.644973251617897,0.6,0.449732516178971
13.34,0.00364869161412029,0.555037114762347,0.644962885237653,0.6,0.449628852376531
13.35,0.00363444535864245,0.555047580994125,0.644952419005875,0.6,0.449524190058747
13.36,0.00362018456538802,0.555058147035573,0.644941852964427,0.6,0.449418529644269
13.37,0.00360590929140015,0.555068812844426,0.644931187155574,0.6,0.449311871555738
13.38,0.00359161959377993,0.555079578378021,0.644920421621979,0.6,0.449204216219787
13.39,0.00357731552968613,0.555090443593296,0.644909556406704,0.6,0.449095564067036
13.4,0.00356299715633497,0.55510140844679,0.644898591553209,0.6,0.448985915532095
13.41,0.00354866453099994,0.555112472894644,0.644887527105356,0.6,0.448875271053557
13.42,0.00353431771101151,0.5551236368926,0.6448763631074,0.6,0.448763631074
13.43,0.00351995675375696,0.555134900396002,0.644865099603998,0.6,0.448650996039983
13.44,0.00350558171668008,0.555146263359795,0.644853736640205,0.6,0.448537366402048
13.45,0.00349119265728101,0.555157725738529,0.644842274261471,0.6,0.448422742614711
13.46,0.00347678963311596,0.555169287486353,0.644830712513647,0.6,0.448307125136469
13.47,0.00346237270179702,0.555180948557021,0.644819051442979,0.6,0.448190514429789
13.48,0.00344794192099189,0.555192708903888,0.644807291096112,0.6,0.448072910961118
13.49,0.00343349734842367,0.555204568479913,0.644795431520087,0.6,0.447954315200866
13.5,0.00341903904187064,0.555216527237658,0.644783472762342,0.6,0.447834727623417
13.51,0.003404567059166,0.555228585129288,0.644771414870712,0.6,0.447714148707122
13.52,0.00339008145819765,0.55524074210657,0.644759257893429,0.6,0.447592578934295
13.53,0.003375582296908,0.555252998120878,0.644747001879122,0.6,0.447470018791216
13.54,0.00336106963329366,0.555265353123187,0.644734646876812,0.6,0.447346468768125
13.55,0.00334654352540527,0.555277807064078,0.644722192935922,0.6,0.447221929359223
13.56,0.00333200403134724,0.555290359893733,0.644709640106267,0.6,0.447096401062665
13.57,0.00331745120927752,0.555303011561943,0.644696988438057,0.6,0.446969884380567
13.58,0.0033028851174074,0.555315762018101,0.644684237981899,0.6,0.446842379818994
13.59,0.00328830581400121,0.555328611211204,0.644671388788796,0.6,0.446713887887963
13.6,0.00327371335737614,0.555341559089856,0.644658440910144,0.6,0.446584409101443
13.61,0.00325910780590201,0.555354605602265,0.644645394397735,0.6,0.44645394397735
13.62,0.003244489218001,0.555367750696246,0.644632249303754,0.6,0.446322493037541
13.63,0.00322985765214745,0.555380994319218,0.644619005680782,0.6,0.446190056807823
13.64,0.00321521316686759,0.555394336418206,0.644605663581794,0.6,0.44605663581794
13.65,0.00320055582073935,0.555407776939843,0.644592223060157,0.6,0.445922230601573
13.66,0.0031858856723921,0.555421315830365,0.644578684169635,0.6,0.445786841696346
13.67,0.00317120278050641,0.555434953035619,0.644565046964381,0.6,0.445650469643813
13.68,0.00315650720381382,0.555448688501054,0.644551311498946,0.6,0.445513114989463
13.69,0.00314179900109663,0.555462522171729,0.644537477828271,0.6,0.445374778282713
13.7,0.00312707823118762,0.555476453992309,0.644523546007691,0.6,0.44523546007691
13.71,0.00311234495296985,0.555490483907067,0.644509516092933,0.6,0.445095160929329
13.72,0.00309759922537643,0.555504611859884,0.644495388140116,0.6,0.444953881401163
13.73,0.00308284110739023,0.555518837794247,0.644481162205753,0.6,0.444811622057532
13.74,0.00306807065804371,0.555533161653253,0.644466838346747,0.6,0.444668383467471
13.75,0.00305328793641865,0.555547583379606,0.644452416620394,0.6,0.444524166203937
13.76,0.00303849300164592,0.55556210291562,0.64443789708438,0.6,0.444378970843797
13.77,0.00302368591290523,0.555576720203217,0.644423279796783,0.6,0.444232797967833
13.78,0.00300886672942492,0.555591435183926,0.644408564816074,0.6,0.444085648160736
13.79,0.00299403551048171,0.555606247798889,0.644393752201111,0.6,0.443937522011105
13.8,0.00297919231540044,0.555621157988855,0.644378842011144,0.6,0.443788420111445
13.81,0.00296433720355389,0.555636165694184,0.644363834305816,0.6,0.443638343058163
13.82,0.00294947023436247,0.555651270854843,0.644348729145157,0.6,0.443487291451566
13.83,0.00293459146729405,0.555666473410414,0.644333526589586,0.6,0.443335265895862
13.84,0.00291970096186368,0.555681773300085,0.644318226699915,0.6,0.443182266999151
13.85,0.00290479877763335,0.555697170462657,0.644302829537343,0.6,0.443028295373432
13.86,0.00288988497421178,0.555712664836541,0.644287335163459,0.6,0.442873351634587
13.87,0.00287495961125416,0.555728256359761,0.644271743640239,0.6,0.442717436402393
13.88,0.00286002274846194,0.555743944969949,0.644256055030051,0.6,0.44256055030051
13.89,0.00284507444558253,0.555759730604352,0.644240269395648,0.6,0.442402693956484
13.9,0.00283011476240914,0.555775613199826,0.644224386800174,0.6,0.442243868001737
13.91,0.00281514375878047,0.555791592692842,0.644208407307158,0.6,0.442084073071576
13.92,0.00280016149458052,0.555807669019482,0.644192330980518,0.6,0.441923309805177
13.93,0.00278516802973833,0.55582384211544,0.64417615788456,0.6,0.441761578845596
13.94,0.00277016342422772,0.555840111916025,0.644159888083975,0.6,0.441598880839754
13.95,0.00275514773806712,0.555856478356155,0.644143521643844,0.6,0.441435216438445
13.96,0.00274012103131924,0.555872941370367,0.644127058629633,0.6,0.441270586296326
13.97,0.00272508336409088,0.555889500892808,0.644110499107192,0.6,0.441104991071916
13.98,0.0027100347965327,0.55590615685724,0.64409384314276,0.6,0.440938431427597
13.99,0.00269497538883895,0.555922909197039,0.644077090802961,0.6,0.440770908029607
14,0.00267990520124724,0.555939757845196,0.644060242154804,0.6,0.440602421548039
14.01,0.00266482429403829,0.555956702734316,0.644043297265684,0.6,0.440432972656839
14.02,0.00264973272753572,0.55597374379662,0.64402625620338,0.6,0.440262562033801
14.03,0.00263463056210578,0.555990880963943,0.644009119036057,0.6,0.44009119036057
14.04,0.0026195178581571,0.556008114167737,0.643991885832263,0.6,0.439918858322631
14.05,0.00260439467614048,0.556025443339069,0.643974556660931,0.6,0.439745566609311
14.06,0.00258926107654863,0.556042868408622,0.643957131591378,0.6,0.439571315913779
14.07,0.00257411711991592,0.556060389306696,0.643939610693304,0.6,0.439396106933035
14.08,0.00255896286681817,0.556078005963208,0.643921994036792,0.6,0.439219940367915
14.09,0.00254379837787236,0.556095718307691,0.643904281692309,0.6,0.439042816923089
14.1,0.00252862371373643,0.556113526269296,0.643886473730704,0.6,0.438864737307044
14.11,0.00251343893510902,0.55613142977679,0.64386857022321,0.6,0.438685702232103
14.12,0.00249824410272921,0.55614942875856,0.64385057124144,0.6,0.438505712414404
14.13,0.00248303927737633,0.556167523142609,0.643832476857391,0.6,0.438324768573908
14.14,0.00246782451986965,0.556185712856561,0.643814287143439,0.6,0.438142871434388
14.15,0.00245259989106818,0.556203997827657,0.643796002172343,0.6,0.437960021723433
14.16,0.00243736545187042,0.556222377982756,0.643777622017244,0.6,0.437776220172441
14.17,0.0024221212632141,0.556240853248338,0.643759146751662,0.6,0.43759146751662
14.18,0.00240686738607595,0.556259423550502,0.643740576449498,0.6,0.437405764494978
14.19,0.00239160388147147,0.556278088814967,0.643721911185033,0.6,0.43721911185033
14.2,0.00237633081045466,0.556296848967072,0.643703151032928,0.6,0.437031510329282
14.21,0.00236104823411776,0.556315703931776,0.643684296068224,0.6,0.436842960682242
14.22,0.00234575621359109,0.556334653633659,0.643665346366341,0.6,0.43665346366341
14.23,0.00233045481004268,0.556353697996923,0.643646302003077,0.6,0.436463020030772
14.24,0.00231514408467814,0.55637283694539,0.64362716305461,0.6,0.436271630546101
14.25,0.00229982409874036,0.556392070402504,0.643607929597496,0.6,0.436079295974957
14.26,0.00228449491350924,0.556411398291332,0.643588601708668,0.6,0.435886017086677
14.27,0.00226915659030151,0.556430820534562,0.643569179465438,0.6,0.435691794654377
14.28,0.00225380919047045,0.556450337054505,0.643549662945495,0.6,0.435496629454946
14.29,0.00223845277540563,0.556469947773096,0.643530052226904,0.6,0.435300522269043
14.3,0.00222308740653269,0.55648965261189,0.64351034738811,0.6,0.4351034738811
14.31,0.00220771314531309,0.556509451492069,0.643490548507931,0.6,0.434905485079308
14.32,0.00219233005324386,0.556529344334438,0.643470655665562,0.6,0.434706556655621
14.33,0.00217693819185733,0.556549331059425,0.643450668940575,0.6,0.434506689405755
14.34,0.00216153762272094,0.556569411587082,0.643430588412918,0.6,0.434305884129177
14.35,0.00214612840743694,0.556589585837089,0.643410414162911,0.6,0.434104141629108
14.36,0.00213071060764218,0.556609853728748,0.643390146271252,0.6,0.433901462712518
14.37,0.00211528428500781,0.556630215180988,0.643369784819012,0.6,0.433697848190121
14.38,0.00209984950123914,0.556650670112362,0.643349329887638,0.6,0.433493298876378
14.39,0.00208440631807526,0.556671218441052,0.643328781558948,0.6,0.433287815589484
14.4,0.00206895479728888,0.556691860084863,0.643308139915137,0.6,0.433081399151372
14.41,0.00205349500068608,0.556712594961229,0.643287405038771,0.6,0.432874050387707
14.42,0.00203802699010601,0.556733422987212,0.643266577012788,0.6,0.432665770127884
14.43,0.0020225508274207,0.556754344079498,0.643245655920502,0.6,0.432456559205024
14.44,0.00200706657453477,0.556775358154403,0.643224641845597,0.6,0.432246418455972
14.45,0.00199157429338522,0.556796465127871,0.643203534872129,0.6,0.432035348721287
14.46,0.00197607404594115,0.556817664915475,0.643182335084525,0.6,0.431823350845252
14.47,0.00196056589420354,0.556838957432415,0.643161042567585,0.6,0.431610425675855
14.48,0.00194504990020496,0.55686034259352,0.64313965740648,0.6,0.431396574064796
14.49,0.00192952612600937,0.556881820313252,0.643118179686748,0.6,0.431181796867485
14.5,0.00191399463371186,0.556903390505697,0.643096609494303,0.6,0.430966094943027
14.51,0.00189845548543836,0.556925053084577,0.643074946915423,0.6,0.430749469154231
14.52,0.00188290874334545,0.55694680796324,0.64305319203676,0.6,0.430531920367599
14.53,0.00186735446962007,0.556968655054667,0.643031344945333,0.6,0.430313449453326
14.54,0.00185179272647931,0.55699059427147,0.64300940572853,0.6,0.430094057285296
14.55,0.00183622357617011,0.557012625525892,0.642987374474108,0.6,0.429873744741077
14.56,0.00182064708096906,0.557034748729808,0.642965251270192,0.6,0.429652512701918
14.57,0.00180506330318211,0.557056963794725,0.642943036205275,0.6,0.429430362052748
14.58,0.00178947230514435,0.557079270631783,0.642920729368217,0.6,0.42920729368217
14.59,0.00177387414921976,0.557101669151754,0.642898330848246,0.6,0.428983308482456
14.6,0.00175826889780094,0.557124159265045,0.642875840734955,0.6,0.428758407349547
14.61,0.00174265661330886,0.557146740881695,0.642853259118304,0.6,0.428532591183045
14.62,0.00172703735819266,0.557169413911378,0.642830586088622,0.6,0.428305860886218
14.63,0.00171141119492933,0.557192178263401,0.642807821736599,0.6,0.428078217365986
14.64,0.0016957781860235,0.557215033846708,0.642784966153292,0.6,0.42784966153292
14.65,0.00168013839400719,0.557237980569875,0.642762019430125,0.6,0.427620194301246
14.66,0.00166449188143954,0.557261018341117,0.642738981658883,0.6,0.427389816588831
14.67,0.00164883871090659,0.557284147068281,0.642715852931719,0.6,0.427158529317188
14.68,0.001633178945021,0.557307366658854,0.642692633341146,0.6,0.426926333411461
14.69,0.00161751264642179,0.557330677019956,0.642669322980044,0.6,0.426693229800438
14.7,0.00160183987777416,0.557354078058347,0.642645921941653,0.6,0.426459219416532
14.71,0.00158616070176916,0.557377569680422,0.642622430319578,0.6,0.426224303195782
14.72,0.00157047518112346,0.557401151792214,0.642598848207785,0.6,0.425988482077855
14.73,0.00155478337857913,0.557424824299396,0.642575175700604,0.6,0.425751757006035
14.74,0.00153908535690336,0.557448587107278,0.642551412892722,0.6,0.42551412892722
14.75,0.00152338117888822,0.557472440120808,0.642527559879192,0.6,0.425275598791924
14.76,0.00150767090735039,0.557496383244573,0.642503616755427,0.6,0.425036167554267
14.77,0.00149195460513094,0.557520416382803,0.642479583617197,0.6,0.424795836171973
14.78,0.00147623233509506,0.557544539439363,0.642455460560637,0.6,0.424554605606366
14.79,0.00146050416013181,0.557568752317763,0.642431247682237,0.6,0.42431247682237
14.8,0.00144477014315386,0.55759305492115,0.64240694507885,0.6,0.4240694507885
14.81,0.00142903034709727,0.557617447152314,0.642382552847686,0.6,0.423825528476859
14.82,0.00141328483492119,0.557641928913686,0.642358071086313,0.6,0.423580710863135
14.83,0.00139753366960767,0.55766650010734,0.64233349989266,0.6,0.4233349989266
14.84,0.00138177691416132,0.55769116063499,0.64230883936501,0.6,0.4230883936501
14.85,0.00136601463160916,0.557715910397995,0.642284089602005,0.6,0.422840896020055
14.86,0.0013502468850003,0.557740749297354,0.642259250702646,0.6,0.422592507026457
14.87,0.00133447373740569,0.557765677233714,0.642234322766286,0.6,0.422343227662861
14.88,0.00131869525191792,0.557790694107362,0.642209305892638,0.6,0.422093058926384
14.89,0.0013029114916509,0.55781579981823,0.64218420018177,0.6,0.421842001817702
14.9,0.00128712251973964,0.557840994265896,0.642159005734104,0.6,0.42159005734104
14.91,0.00127132839934003,0.557866277349582,0.642133722650418,0.6,0.421337226504179
14.92,0.00125552919362851,0.557891648968156,0.642108351031844,0.6,0.42108351031844
14.93,0.00123972496580189,0.557917109020131,0.642082890979869,0.6,0.420828909798687
14.94,0.00122391577907707,0.557942657403668,0.642057342596332,0.6,0.420573425963324
14.95,0.00120810169669075,0.557968294016572,0.642031705983428,0.6,0.420317059834283
14.96,0.00119228278189926,0.557994018756297,0.642005981243703,0.6,0.420059812437031
14.97,0.00117645909797823,0.558019831519944,0.641980168480056,0.6,0.419801684800556
14.98,0.00116063070822238,0.558045732204263,0.641954267795737,0.6,0.419542677957367
14.99,0.00114479767594525,0.558071720705651,0.641928279294349,0.6,0.419282792943494
15,0.00112896006447894,0.558097796920153,0.641902203079847,0.6,0.419022030798474
15.01,0.00111311793717387,0.558123960743464,0.641876039256535,0.6,0.418760392565355
15.02,0.00109727135739854,0.558150212070931,0.641849787929069,0.6,0.418497879290692
15.03,0.00108142038853924,0.558176550797546,0.641823449202454,0.6,0.418234492024536
15.04,0.00106556509399983,0.558202976817956,0.641797023182044,0.6,0.417970231820437
15.05,0.00104970553720147,0.558229490026456,0.641770509973543,0.6,0.417705099735435
15.06,0.00103384178158236,0.558256090316994,0.641743909683006,0.6,0.417439096830057
15.07,0.0010179738905975,0.558282777583168,0.641717222416831,0.6,0.417172224168315
15.08,0.00100210192771843,0.55830955171823,0.64169044828177,0.6,0.416904482817699
15.09,0.000986225956432988,0.558336412615083,0.641663587384917,0.6,0.416635873849174
15.1,0.000970346040245038,0.558363360166282,0.641636639833718,0.6,0.416366398337177
15.11,0.000954462242674217,0.558390394264039,0.641609605735961,0.6,0.416096057359606
15.12,0.000938574627255698,0.558417514800217,0.641582485199783,0.6,0.415824851997829
15.13,0.000922683257539925,0.558444721666333,0.641555278333667,0.6,0.415552783336666
15.14,0.000906788197092349,0.558472014753561,0.641527985246439,0.6,0.415279852464387
15.15,0.000890889509493197,0.558499393952728,0.641500606047272,0.6,0.415006060472722
15.16,0.000874987258337194,0.558526859154317,0.641473140845683,0.6,0.414731408456833
15.17,0.000859081507233322,0.558554410248467,0.641445589751533,0.6,0.414455897515331
15.18,0.000843172319804569,0.558582047124974,0.641417952875026,0.6,0.414179528750258
15.19,0.000827259759687658,0.558609769673291,0.641390230326709,0.6,0.413902303267089
15.2,0.000811343890532811,0.558637577782528,0.641362422217472,0.6,0.413624222174724
15.21,0.000795424776003488,0.558665471341451,0.641334528658549,0.6,0.41334528658549
15.22,0.000779502479776117,0.558693450238487,0.641306549761513,0.6,0.413065497615127
15.23,0.00076357706553987,0.558721514361721,0.641278485638279,0.6,0.412784856382792
15.24,0.00074764859699638,0.558749663598895,0.641250336401105,0.6,0.412503364011048
15.25,0.000731717137859494,0.558777897837414,0.641222102162586,0.6,0.412221021625864
15.26,0.000715782751855036,0.558806216964339,0.641193783035661,0.6,0.411937830356609
15.27,0.000699845502720522,0.558834620866395,0.641165379133605,0.6,0.41165379133605
15.28,0.00068390545420493,0.558863109429966,0.641136890570034,0.6,0.41136890570034
15.29,0.000667962670068436,0.558891682541098,0.641108317458902,0.6,0.411083174589024
15.3,0.000652017214082149,0.558920340085498,0.641079659914502,0.6,0.410796599145022
15.31,0.000636069150027879,0.558949081948536,0.641050918051464,0.6,0.410509180514641
15.32,0.000620118541697857,0.558977908015245,0.641022091984755,0.6,0.410220919847549
15.33,0.000604165452894491,0.559006818170321,0.640993181829679,0.6,0.409931818296793
15.34,0.000588209947430123,0.559035812298122,0.640964187701878,0.6,0.409641877018777
15.35,0.000572252089126746,0.559064890282673,0.640935109717326,0.6,0.409351097173265
15.36,0.000556291941815779,0.559094052007662,0.640905947992338,0.6,0.409059479923377
15.37,0.000540329569337783,0.559123297356442,0.640876702643558,0.6,0.408767026435581
15.38,0.00052436503554223,0.559152626212031,0.640847373787969,0.6,0.408473737879691
15.39,0.000508398404287237,0.559182038457114,0.640817961542886,0.6,0.408179615428862
15.4,0.000492429739439305,0.559211533974042,0.640788466025958,0.6,0.407884660259581
15.41,0.000476459104873069,0.559241112644833,0.640758887355167,0.6,0.40758887355167
15.42,0.000460486564471051,0.559270774351172,0.640729225648828,0.6,0.407292256488275
15.43,0.000444512182123387,0.559300518974414,0.640699481025586,0.6,0.406994810255863
15.44,0.00042853602172759,0.559330346395578,0.640669653604422,0.6,0.406696536044221
15.45,0.000412558147188274,0.559360256495356,0.640639743504644,0.6,0.406397435046442
15.46,0.000396578622416919,0.559390249154107,0.640609750845893,0.6,0.406097508458931
15.47,0.000380597511331607,0.55942032425186,0.64057967574814,0.6,0.405796757481396
15.48,0.000364614877856757,0.559450481668316,0.640549518331684,0.6,0.405495183316839
15.49,0.000348630785922878,0.559480721282845,0.640519278717155,0.6,0.405192787171554
15.5,0.000332645299466324,0.559511042974487,0.640488957025513,0.6,0.404889570255128
15.51,0.000316658482429012,0.559541446621957,0.640458553378043,0.6,0.404585533780428
15.52,0.000300670398758196,0.55957193210364,0.64042806789636,0.6,0.404280678963599
15.53,0.000284681112406182,0.559602499297594,0.640397500702406,0.6,0.403975007024059
15.54,0.000268690687330099,0.55963314808155,0.64036685191845,0.6,0.403668519184497
15.55,0.000252699187491628,0.559663878332914,0.640336121667086,0.6,0.403361216670863
15.56,0.000236706676856743,0.559694689928763,0.640305310071237,0.6,0.403053100712367
15.57,0.000220713219395464,0.559725582745853,0.640274417254147,0.6,0.402744172541473
15.58,0.000204718879081605,0.559756556660611,0.640243443339389,0.6,0.402434433393891
15.59,0.000188723719892498,0.559787611549142,0.640212388450858,0.6,0.402123884508578
15.6,0.000172727805808768,0.559818747287227,0.640181252712773,0.6,0.401812527127732
15.61,0.000156731200814041,0.559849963750322,0.640150036249678,0.6,0.401500362496778
15.62,0.000140733968894719,0.559881260813562,0.640118739186438,0.6,0.401187391864377
15.63,0.000124736174039713,0.559912638351759,0.640087361648241,0.6,0.400873616482411
15.64,0.000108737880240178,0.559944096239402,0.640055903760598,0.6,0.40055903760598
15.65,9.27391514892627e-05,0.55997563435066,0.64002436564934,0.6,0.400243656493398
15.66,7.67400517818688e-05,0.560007252559381,0.639992747440619,0.6,0.399927474406191
15.67,6.07406451143665e-05,0.560038950739091,0.639961049260909,0.6,0.399610492609086
15.68,4.47409954843683e-05,0.560070728762999,0.639929271237001,0.6,0.399292712370011
15.69,2.87411668904479e-05,0.560102586503992,0.639897413496008,0.6,0.398974134960084
15.7,1.27412233318911e-05,0.560134523834638,0.639865476165362,0.6,0.398654761653616
15.71,-3.25877119153496e-06,0.56016654062719,0.63983345937281,0.6,0.398334593728101
15.72,-1.92587526798806e-05,0.560198636753579,0.639801363246421,0.6,0.398013632464208
15.73,-3.52586571332447e-05,0.560230812085422,0.639769187914578,0.6,0.397691879145783
15.74,-5.12584205520238e-05,0.560263066494016,0.639736933505984,0.6,0.397369335059837
15.75,-6.72579789371925e-05,0.560295399850345,0.639704600149655,0.6,0.397046001496548
15.76,-8.32572682905316e-05,0.560327812025075,0.639672187974925,0.6,0.39672187974925
15.77,-9.92562246149086e-05,0.560360302888557,0.639639697111443,0.6,0.396396971114428
15.78,-0.000115254783914527,0.560392872310828,0.639607127689172,0.6,0.396071276891716
15.79,-0.000131252882195155,0.560425520161611,0.639574479838389,0.6,0.395744798383892
15.8,-0.00014725045546443,0.560458246310313,0.639541753689687,0.6,0.395417536896869
15.81,-0.000163247439732084,0.560491050626031,0.639508949373969,0.6,0.395089493739692
15.82,-0.000179243771010192,0.560523932977547,0.639476067022453,0.6,0.394760670224533
15.83,-0.000195239385313459,0.560556893233331,0.639443106766669,0.6,0.394431067666686
15.84,-0.000211234218659441,0.560589931261544,0.639410068738456,0.6,0.394100687384562
15.85,-0.00022722820706883,0.560623046930032,0.639376953069968,0.6,0.39376953069968
15.86,-0.000243221286565701,0.560656240106333,0.639343759893667,0.6,0.393437598936667
15.87,-0.000259213393177744,0.560689510657675,0.639310489342325,0.6,0.39310489342325
15.88,-0.000275204462936558,0.560722858450975,0.639277141549025,0.6,0.39277141549025
15.89,-0.000291194431877892,0.560756283352842,0.639243716647158,0.6,0.392437166471576
15.9,-0.000307183236041883,0.560789785229577,0.639210214770423,0.6,0.39210214770423
15.91,-0.000323170811473343,0.560823363947172,0.639176636052828,0.6,0.39176636052828
15.92,-0.000339157094221984,0.560857019371312,0.639142980628688,0.6,0.391429806286877
15.93,-0.000355142020342701,0.560890751367376,0.639109248632624,0.6,0.391092486326239
15.94,-0.000371125525895813,0.560924559800436,0.639075440199564,0.6,0.390754401995642
15.95,-0.000387107546947317,0.560958444535257,0.639041555464743,0.6,0.390415554647425
15.96,-0.000403088019569145,0.560992405436302,0.639007594563698,0.6,0.390075945636977
15.97,-0.000419066879839436,0.561026442367727,0.638973557632273,0.6,0.389735576322734
15.98,-0.000435044063842763,0.561060555193383,0.638939444806617,0.6,0.389394448066172
15.99,-0.000451019507670418,0.56109474377682,0.63890525622318,0.6,0.389052562231802
16,-0.000466993147420641,0.561129007981283,0.638870992018717,0.6,0.38870992018717
16.01,-0.0004829649191989,0.561163347669716,0.638836652330284,0.6,0.388366523302841
16.02,-0.000498934759118122,0.56119776270476,0.63880223729524,0.6,0.388022372952405
16.03,-0.000514902603298977,0.561232252948754,0.638767747051246,0.6,0.387677470512459
16.04,-0.000530868387870101,0.561266818263738,0.638733181736262,0.6,0.387331817362616
16.05,-0.000546832048968386,0.561301458511451,0.638698541488549,0.6,0.386985414885486
16.06,-0.000562793522739196,0.561336173553332,0.638663826446668,0.6,0.38663826446668
16.07,-0.000578752745336677,0.56137096325052,0.63862903674948,0.6,0.386290367494797
16.08,-0.000594709652923945,0.561405827463857,0.638594172536143,0.6,0.385941725361426
16.09,-0.000610664181673386,0.561440766053886,0.638559233946114,0.6,0.385592339461137
16.1,-0.000626616267766926,0.561475778880853,0.638524221119147,0.6,0.385242211191468
16.11,-0.000642565847396219,0.561510865804706,0.638489134195294,0.6,0.384891341952937
16.12,-0.000658512856762987,0.561546026685098,0.638453973314902,0.6,0.384539733149015
16.13,-0.000674457232079203,0.561581261381386,0.638418738618614,0.6,0.384187386186142
16.14,-0.000690398909567392,0.56161656975263,0.63838343024737,0.6,0.383834302473703
16.15,-0.000706337825460861,0.561651951657597,0.638348048342403,0.6,0.383480483424032
16.16,-0.000722273916003973,0.561687406954759,0.638312593045241,0.6,0.383125930452406
16.17,-0.000738207117452384,0.561722935502296,0.638277064497703,0.6,0.382770644977035
16.18,-0.000754137366073306,0.561758537158094,0.638241462841906,0.6,0.382414628419062
16.19,-0.000770064598145772,0.561794211779745,0.638205788220255,0.6,0.382057882202551
16.2,-0.000785988749960869,0.561829959224551,0.638170040775449,0.6,0.381700407754488
16.21,-0.000801909757822018,0.561865779349523,0.638134220650477,0.6,0.381342206504769
16.22,-0.000817827558045198,0.56190167201138,0.63809832798862,0.6,0.3809832798862
16.23,-0.000833742086959247,0.561937637066552,0.638062362933448,0.6,0.380623629334484
16.24,-0.000849653280906056,0.561973674371177,0.638026325628823,0.6,0.380263256288227
16.25,-0.000865561076240867,0.562009783781108,0.637990216218892,0.6,0.379902162188918
16.26,-0.000881465409332538,0.562045965151907,0.637954034848093,0.6,0.379540348480932
16.27,-0.000897366216563736,0.562082218338847,0.637917781661153,0.6,0.379177816611527
16.28,-0.000913263434331272,0.562118543196917,0.637881456803083,0.6,0.378814568030826
16.29,-0.000929156999046284,0.562154939580817,0.637845060419183,0.6,0.378450604191826
16.3,-0.000945046847134542,0.562191407344962,0.637808592655038,0.6,0.378085926550379
16.31,-0.000960932915036669,0.56222794634348,0.63777205365652,0.6,0.377720536565198
16.32,-0.00097681513920842,0.562264556430216,0.637735443569784,0.6,0.37735443569784
16.33,-0.000992693456120917,0.562301237458729,0.637698762541271,0.6,0.376987625412709
16.34,-0.00100856780226091,0.562337989282295,0.637662010717705,0.6,0.376620107177047
16.35,-0.00102443811413104,0.562374811753908,0.637625188246092,0.6,0.376251882460924
16.36,-0.00104030432825008,0.562411704726276,0.637588295273724,0.6,0.375882952737241
16.37,-0.00105616638115319,0.562448668051829,0.637551331948171,0.6,0.375513319481713
16.38,-0.00107202420939218,0.562485701582712,0.637514298417288,0.6,0.375142984172876
16.39,-0.00108787774953578,0.562522805170793,0.637477194829207,0.6,0.374771948292066
16.4,-0.00110372693816981,0.562559978667657,0.637440021332343,0.6,0.374400213323434
16.41,-0.00111957171189758,0.562597221924609,0.637402778075391,0.6,0.374027780753911
16.42,-0.00113541200733999,0.562634534792677,0.637365465207323,0.6,0.373654652073231
16.43,-0.00115124776113587,0.562671917122609,0.637328082877391,0.6,0.373280828773909
16.44,-0.00116707890994225,0.562709368764877,0.637290631235123,0.6,0.372906312351234
16.45,-0.00118290539043455,0.562746889569672,0.637253110430328,0.6,0.372531104303275
16.46,-0.00119872713930686,0.562784479386914,0.637215520613086,0.6,0.372155206130862
16.47,-0.00121454409327221,0.562822138066241,0.637177861933759,0.6,0.371778619337587
16.48,-0.00123035618906281,0.56285986545702,0.63714013454298,0.6,0.371401345429797
16.49,-0.0012461633634303,0.562897661408341,0.637102338591659,0.6,0.371023385916588
16.5,-0.00126196555314599,0.56293552576902,0.63706447423098,0.6,0.370644742309796
16.51,-0.00127776269500115,0.5629734583876,0.637026541612399,0.6,0.370265416123995
16.52,-0.00129355472580724,0.563011459112351,0.636988540887649,0.6,0.369885408876491
16.53,-0.00130934158239614,0.563049527791269,0.636950472208731,0.6,0.36950472208731
16.54,-0.00132512320162046,0.56308766427208,0.63691233572792,0.6,0.369123357279203
16.55,-0.00134089952035375,0.563125868402238,0.636874131597762,0.6,0.368741315977622
16.56,-0.00135667047549073,0.563164140028926,0.636835859971074,0.6,0.368358599710739
16.57,-0.00137243600394763,0.563202478999059,0.636797521000941,0.6,0.367975210009411
16.58,-0.00138819604266235,0.56324088515928,0.63675911484072,0.6,0.367591148407203
16.59,-0.00140395052859473,0.563279358355964,0.636720641644036,0.6,0.367206416440358
16.6,-0.00141969939872688,0.56331789843522,0.63668210156478,0.6,0.366821015647802
16.61,-0.00143544259006333,0.563356505242886,0.636643494757114,0.6,0.36643494757114
16.62,-0.00145118003963133,0.563395178624536,0.636604821375464,0.6,0.366048213754643
16.63,-0.00146691168448111,0.563433918425475,0.636566081574525,0.6,0.365660815745247
16.64,-0.0014826374616861,0.563472724490746,0.636527275509254,0.6,0.365272755092541
16.65,-0.00149835730834323,0.563511596665123,0.636488403334877,0.6,0.364884033348768
16.66,-0.00151407116157312,0.563550534793119,0.636449465206881,0.6,0.364494652068814
16.67,-0.00152977895852038,0.563589538718979,0.636410461281021,0.6,0.364104612810205
16.68,-0.00154548063635384,0.56362860828669,0.63637139171331,0.6,0.363713917133098
16.69,-0.00156117613226683,0.563667743339973,0.636332256660027,0.6,0.363322566600274
16.7,-0.00157686538347736,0.563706943722286,0.636293056277713,0.6,0.362930562777135
16.71,-0.00159254832722847,0.563746209276831,0.636253790723169,0.6,0.362537907231694
16.72,-0.00160822490078838,0.563785539846542,0.636214460153458,0.6,0.362144601534575
16.73,-0.00162389504145084,0.5638249352741,0.6361750647259,0.6,0.361750647258998
16.74,-0.0016395586865353,0.563864395401922,0.636135604598078,0.6,0.361356045980782
16.75,-0.0016552157733872,0.563903920072167,0.636096079927833,0.6,0.360960799278333
16.76,-0.00167086623937821,0.563943509126737,0.636056490873263,0.6,0.360564908732631
16.77,-0.00168651002190649,0.563983162407276,0.636016837592724,0.6,0.360168375927243
16.78,-0.00170214705839694,0.56402287975517,0.63597712024483,0.6,0.359771202448298
16.79,-0.00171777728630141,0.564062661011551,0.635937338988449,0.6,0.35937338988449
16.8,-0.00173340064309904,0.564102506017293,0.635897493982707,0.6,0.358974939827068
16.81,-0.0017490170662964,0.564142414613017,0.635857585386983,0.6,0.358575853869832
16.82,-0.00176462649342783,0.564182386639087,0.635817613360912,0.6,0.358176133609125
16.83,-0.00178022886205564,0.564222421935617,0.635777578064383,0.6,0.357775780643829
16.84,-0.00179582410977038,0.564262520342465,0.635737479657535,0.6,0.357374796575353
16.85,-0.00181141217419107,0.564302681699237,0.635697318300763,0.6,0.356973183007634
16.86,-0.00182699299296547,0.564342905845287,0.635657094154713,0.6,0.356570941547126
16.87,-0.00184256650377035,0.564383192619721,0.635616807380279,0.6,0.356168073802793
16.88,-0.00185813264431166,0.564423541861389,0.635576458138611,0.6,0.355764581386108
16.89,-0.00187369135232487,0.564463953408896,0.635536046591104,0.6,0.355360465911037
16.9,-0.00188924256557518,0.564504427100596,0.635495572899404,0.6,0.354955728994043
16.91,-0.00190478622185774,0.564544962774593,0.635455037225407,0.6,0.354550372254073
16.92,-0.00192032225899795,0.564585560268745,0.635414439731255,0.6,0.354144397312554
16.93,-0.00193585061485169,0.564626219420662,0.635373780579338,0.6,0.353737805793384
16.94,-0.00195137122730555,0.564666940067707,0.635333059932293,0.6,0.35333059932293
16.95,-0.0019668840342771,0.564707722046998,0.635292277953001,0.6,0.352922779530015
16.96,-0.00198238897371513,0.564748565195408,0.635251434804592,0.6,0.35251434804592
16.97,-0.00199788598359992,0.564789469349563,0.635210530650437,0.6,0.35210530650437
16.98,-0.00201337500194343,0.564830434345847,0.635169565654153,0.6,0.351695656541529
16.99,-0.00202885596678963,0.5648714600204,0.6351285399796,0.6,0.351285399795997
17,-0.00204432881621465,0.56491254620912,0.63508745379088,0.6,0.350874537908803
17.01,-0.00205979348832715,0.564953692747661,0.635046307252339,0.6,0.35046307252339
17.02,-0.00207524992126842,0.564994899471438,0.635005100528562,0.6,0.350051005285623
17.03,-0.00209069805321279,0.565036166215623,0.634963833784377,0.6,0.349638337843766
17.04,-0.00210613782236773,0.565077492815151,0.634922507184849,0.6,0.349225071848492
17.05,-0.00212156916697419,0.565118879104714,0.634881120895286,0.6,0.348811208952862
17.06,-0.0021369920253068,0.565160324918767,0.634839675081233,0.6,0.348396750812329
17.07,-0.00215240633567417,0.565201830091528,0.634798169908472,0.6,0.347981699084722
17.08,-0.00216781203641907,0.565243394456975,0.634756605543025,0.6,0.347566055430251
17.09,-0.00218320906591871,0.565285017848851,0.634714982151149,0.6,0.347149821511488
17.1,-0.002198597362585,0.565326700100663,0.634673299899337,0.6,0.346732998993368
17.11,-0.00221397686486476,0.565368441045682,0.634631558954318,0.6,0.346315589543181
17.12,-0.00222934751124002,0.565410240516944,0.634589759483056,0.6,0.345897594830564
17.13,-0.00224470924022821,0.56545209834725,0.63454790165275,0.6,0.345479016527497
17.14,-0.00226006199038243,0.565494014369171,0.634505985630829,0.6,0.34505985630829
17.15,-0.0022754057002917,0.565535988415041,0.634464011584958,0.6,0.344640115849585
17.16,-0.00229074030858121,0.565578020316966,0.634421979683034,0.6,0.344219796830343
17.17,-0.00230606575391253,0.565620109906816,0.634379890093184,0.6,0.343798900931839
17.18,-0.00232138197498391,0.565662257016234,0.634337742983766,0.6,0.343377429837656
17.19,-0.00233668891053049,0.565704461476632,0.634295538523368,0.6,0.342955385233678
17.2,-0.00235198649932454,0.565746723119192,0.634253276880808,0.6,0.342532768808084
17.21,-0.00236727468017573,0.565789041774866,0.634210958225134,0.6,0.342109582251336
17.22,-0.00238255339193136,0.565831417274382,0.634168582725618,0.6,0.341685827256184
17.23,-0.0023978225734766,0.565873849448235,0.634126150551764,0.6,0.341261505517645
17.24,-0.00241308216373474,0.5659163381267,0.6340836618733,0.6,0.340836618733005
17.25,-0.00242833210166743,0.565958883139819,0.634041116860181,0.6,0.340411168601812
17.26,-0.00244357232627497,0.566001484317414,0.633998515682586,0.6,0.339985156825864
17.27,-0.00245880277659645,0.566044141489079,0.633955858510921,0.6,0.339558585109209
17.28,-0.00247402339171011,0.566086854484187,0.633913145515813,0.6,0.339131455158133
17.29,-0.0024892341107335,0.566129623131884,0.633870376868116,0.6,0.338703768681156
17.3,-0.00250443487282377,0.566172447261098,0.633827552738902,0.6,0.338275527389021
17.31,-0.00251962561717787,0.56621532670053,0.63378467329947,0.6,0.337846732994697
17.32,-0.00253480628303288,0.566258261278665,0.633741738721335,0.6,0.337417387213355
17.33,-0.00254997680966614,0.566301250823762,0.633698749176238,0.6,0.336987491762382
17.34,-0.00256513713639554,0.566344295163864,0.633655704836136,0.6,0.336557048361358
17.35,-0.00258028720257984,0.566387394126795,0.633612605873205,0.6,0.336126058732055
17.36,-0.00259542694761875,0.566430547540157,0.633569452459843,0.6,0.335694524598433
17.37,-0.00261055631095334,0.566473755231337,0.633526244768663,0.6,0.335262447686626
17.38,-0.00262567523206616,0.566517017027506,0.633482982972494,0.6,0.334829829724943
17.39,-0.00264078365048156,0.566560332755615,0.633439667244385,0.6,0.334396672443853
17.4,-0.00265588150576588,0.566603702242401,0.633396297757599,0.6,0.333962977575987
17.41,-0.00267096873752771,0.566647125314388,0.633352874685612,0.6,0.333528746856122
17.42,-0.00268604528541816,0.566690601797882,0.633309398202118,0.6,0.333093982021181
17.43,-0.00270111108913104,0.566734131518978,0.633265868481022,0.6,0.332658684810223
17.44,-0.00271616608840317,0.566777714303556,0.633222285696444,0.6,0.332222856964436
17.45,-0.00273121022301457,0.566821349977287,0.633178650022713,0.6,0.33178650022713
17.46,-0.00274624343278872,0.566865038365627,0.633134961634373,0.6,0.331349616343732
17.47,-0.00276126565759279,0.566908779293822,0.633091220706178,0.6,0.330912207061779
17.48,-0.00277627683733792,0.56695257258691,0.63304742741309,0.6,0.330474274130904
17.49,-0.00279127691197941,0.566996418069716,0.633003581930284,0.6,0.33003581930284
17.5,-0.00280626582151696,0.567040315566859,0.632959684433141,0.6,0.329596844331407
17.51,-0.00282124350599498,0.56708426490275,0.63291573509725,0.6,0.3291573509725
17.52,-0.00283620990550272,0.56712826590159,0.63287173409841,0.6,0.328717340984097
17.53,-0.00285116496017463,0.567172318387377,0.632827681612623,0.6,0.328276816126234
17.54,-0.0028661086101905,0.567216422183899,0.632783577816101,0.6,0.327835778161011
17.55,-0.00288104079577575,0.567260577114742,0.632739422885258,0.6,0.327394228852579
17.56,-0.00289596145720166,0.567304783003286,0.632695216996713,0.6,0.326952169967135
17.57,-0.0029108705347856,0.567349039672709,0.632650960327291,0.6,0.326509603272913
17.58,-0.00292576796889128,0.567393346945982,0.632606653054018,0.6,0.326066530540181
17.59,-0.00294065369992899,0.567437704645877,0.632562295354123,0.6,0.325622953541228
17.6,-0.00295552766835582,0.567482112594964,0.632517887405036,0.6,0.325178874050361
17.61,-0.00297038981467592,0.56752657061561,0.63247342938439,0.6,0.324734293843899
17.62,-0.00298524007944072,0.567571078529984,0.632428921470016,0.6,0.324289214700161
17.63,-0.00300007840324917,0.567615636160054,0.632384363839946,0.6,0.323843638399464
17.64,-0.00301490472674803,0.567660243327589,0.632339756672411,0.6,0.32339756672411
17.65,-0.00302971899063199,0.567704899854161,0.632295100145839,0.6,0.322951001458387
17.66,-0.00304452113564402,0.567749605561144,0.632250394438856,0.6,0.322503944388558
17.67,-0.00305931110257558,0.567794360269716,0.632205639730284,0.6,0.322056397302845
17.68,-0.0030740888322668,0.567839163800856,0.632160836199144,0.6,0.321608361991441
17.69,-0.00308885426560679,0.567884015975352,0.632115984024648,0.6,0.321159840246483
17.7,-0.00310360734353384,0.567928916613794,0.632071083386206,0.6,0.32071083386206
17.71,-0.00311834800703566,0.56797386553658,0.632026134463419,0.6,0.320261344634195
17.72,-0.0031330761971496,0.568018862563915,0.631981137436085,0.6,0.319811374360847
17.73,-0.00314779185496293,0.568063907515811,0.631936092484189,0.6,0.319360924841893
17.74,-0.00316249492161304,0.568109000212087,0.631890999787913,0.6,0.318909997879132
17.75,-0.00317718533828768,0.568154140472373,0.631845859527627,0.6,0.318458595276272
17.76,-0.00319186304622521,0.568199328116108,0.631800671883892,0.6,0.318006718838922
17.77,-0.0032065279867148,0.568244562962541,0.631755437037459,0.6,0.317554370374588
17.78,-0.00322118010109672,0.568289844830734,0.631710155169266,0.6,0.317101551692661
17.79,-0.00323581933076253,0.568335173539558,0.631664826460442,0.6,0.316648264604419
17.8,-0.00325044561715534,0.5683805489077,0.6316194510923,0.6,0.316194510923005
17.81,-0.00326505890177,0.568425970753656,0.631574029246344,0.6,0.315740292463437
17.82,-0.00327965912615342,0.568471438895741,0.631528561104259,0.6,0.315285611042586
17.83,-0.00329424623190471,0.568516953152082,0.631483046847918,0.6,0.314830468479177
17.84,-0.00330882016067545,0.568562513340622,0.631437486659378,0.6,0.314374866593783
17.85,-0.00332338085416997,0.568608119279119,0.631391880720881,0.6,0.313918807208807
17.86,-0.0033379282541455,0.568653770785151,0.631346229214849,0.6,0.313462292148488
17.87,-0.00335246230241247,0.568699467676112,0.631300532323888,0.6,0.313005323238884
17.88,-0.00336698294083469,0.568745209769213,0.631254790230787,0.6,0.312547902307873
17.89,-0.00338149011132965,0.568790996881487,0.631209003118513,0.6,0.312090031185134
17.9,-0.00339598375586866,0.568836828829785,0.631163171170215,0.6,0.311631711702154
17.91,-0.00341046381647718,0.568882705430779,0.631117294569221,0.6,0.31117294569221
17.92,-0.00342493023523499,0.568928626500964,0.631071373499036,0.6,0.310713734990363
17.93,-0.00343938295427641,0.568974591856654,0.631025408143346,0.6,0.310254081433459
17.94,-0.00345382191579061,0.569020601313989,0.630979398686011,0.6,0.309793986860107
17.95,-0.00346824706202174,0.569066654688931,0.630933345311069,0.6,0.309333453110691
17.96,-0.00348265833526926,0.569112751797266,0.630887248202734,0.6,0.308872482027338
17.97,-0.00349705567788807,0.569158892454606,0.630841107545394,0.6,0.308411075453938
17.98,-0.00351143903228884,0.569205076476389,0.630794923523611,0.6,0.307949235236112
17.99,-0.00352580834093817,0.569251303677878,0.630748696322122,0.6,0.307486963221224
18,-0.00354016354635882,0.569297573874164,0.630702426125836,0.6,0.30702426125836
18.01,-0.00355450459113001,0.569343886880167,0.630656113119832,0.6,0.306561131198325
18.02,-0.00356883141788758,0.569390242510636,0.630609757489364,0.6,0.306097574893642
18.03,-0.00358314396932424,0.569436640580147,0.630563359419853,0.6,0.305633594198534
18.04,-0.00359744218818979,0.569483080903108,0.630516919096892,0.6,0.305169190968924
18.05,-0.00361172601729139,0.569529563293758,0.630470436706242,0.6,0.304704367062423
18.06,-0.00362599539949373,0.569576087566167,0.630423912433833,0.6,0.304239124338327
18.07,-0.00364025027771931,0.569622653534239,0.63037734646576,0.6,0.303773464657605
18.08,-0.00365449059494864,0.56966926101171,0.63033073898829,0.6,0.303307389882896
18.09,-0.00366871629422046,0.56971590981215,0.63028409018785,0.6,0.302840901878501
18.1,-0.00368292731863199,0.569762599748963,0.630237400251037,0.6,0.302374002510366
18.11,-0.00369712361133915,0.569809330635391,0.630190669364609,0.6,0.301906693646093
18.12,-0.00371130511555681,0.569856102284509,0.630143897715491,0.6,0.301438977154913
18.13,-0.00372547177455894,0.56990291450923,0.630097085490769,0.6,0.300970854907695
18.14,-0.00373962353167895,0.569949767122308,0.630050232877692,0.6,0.300502328776923
18.15,-0.00375376033030982,0.56999665993633,0.63000334006367,0.6,0.300033400636703
18.16,-0.00376788211390437,0.570043592763725,0.629956407236275,0.6,0.29956407236275
18.17,-0.00378198882597549,0.570090565416763,0.629909434583237,0.6,0.299094345832371
18.18,-0.00379608041009635,0.570137577707552,0.629862422292448,0.6,0.298624222924476
18.19,-0.00381015680990063,0.570184629448045,0.629815370551955,0.6,0.298153705519553
18.2,-0.00382421796908274,0.570231720450033,0.629768279549967,0.6,0.297682795499673
18.21,-0.00383826383139809,0.570278850525153,0.629721149474847,0.6,0.297211494748474
18.22,-0.00385229434066322,0.570326019484884,0.629673980515116,0.6,0.296739805151158
18.23,-0.00386630944075613,0.570373227140551,0.629626772859448,0.6,0.296267728594485
18.24,-0.00388030907561643,0.570420473303324,0.629579526696676,0.6,0.29579526696676
18.25,-0.0038942931892456,0.570467757784217,0.629532242215783,0.6,0.295322422157827
18.26,-0.00390826172570721,0.570515080394093,0.629484919605906,0.6,0.294849196059065
18.27,-0.00392221462912712,0.570562440943662,0.629437559056338,0.6,0.29437559056338
18.28,-0.00393615184369375,0.570609839243481,0.629390160756519,0.6,0.293901607565191
18.29,-0.00395007331365825,0.570657275103957,0.629342724896043,0.6,0.293427248960432
18.3,-0.00396397898333476,0.570704748335347,0.629295251664653,0.6,0.292952516646533
18.31,-0.00397786879710062,0.570752258747757,0.629247741252243,0.6,0.292477412522426
18.32,-0.00399174269939661,0.570799806151148,0.629200193848852,0.6,0.292001938488524
18.33,-0.00400560063472711,0.570847390355327,0.629152609644672,0.6,0.291526096446725
18.34,-0.00401944254766042,0.57089501116996,0.62910498883004,0.6,0.291049888300396
18.35,-0.0040332683828289,0.570942668404563,0.629057331595437,0.6,0.290573315954368
18.36,-0.00404707808492922,0.570990361868507,0.629009638131493,0.6,0.290096381314932
18.37,-0.0040608715987226,0.571038091371018,0.628961908628982,0.6,0.289619086289822
18.38,-0.00407464886903499,0.571085856721178,0.628914143278822,0.6,0.28914143278822
18.39,-0.00408840984075735,0.571133657727926,0.628866342272074,0.6,0.288663422720739
18.4,-0.00410215445884579,0.571181494200058,0.628818505799942,0.6,0.288185057999419
18.41,-0.00411588266832187,0.571229365946228,0.628770634053772,0.6,0.287706340537718
18.42,-0.00412959441427276,0.57127727277495,0.62872272722505,0.6,0.287227272250504
18.43,-0.0041432896418515,0.571325214494595,0.628674785505405,0.6,0.286747855054054
18.44,-0.0041569682962772,0.571373190913397,0.628626809086603,0.6,0.286268090866029
18.45,-0.00417063032283525,0.571421201839451,0.628578798160549,0.6,0.285787981605491
18.46,-0.00418427566687758,0.571469247080713,0.628530752919287,0.6,0.285307529192873
18.47,-0.00419790427382281,0.571517326445001,0.628482673554999,0.6,0.284826735549987
18.48,-0.00421151608915655,0.57156543974,0.62843456026,0.6,0.284345602600004
18.49,-0.00422511105843155,0.571613586773254,0.628386413226746,0.6,0.283864132267456
18.5,-0.00423868912726795,0.571661767352177,0.628338232647823,0.6,0.283382326478225
18.51,-0.00425225024135349,0.571709981284047,0.628290018715953,0.6,0.282900187159532
18.52,-0.00426579434644373,0.571758228376007,0.628241771623993,0.6,0.282417716239934
18.53,-0.00427932138836228,0.571806508435068,0.628193491564932,0.6,0.281934915649316
18.54,-0.00429283131300097,0.571854821268112,0.628145178731888,0.6,0.281451787318876
18.55,-0.00430632406632014,0.571903166681887,0.628096833318113,0.6,0.28096833318113
18.56,-0.00431979959434879,0.571951544483011,0.628048455516989,0.6,0.280484555169892
18.57,-0.00433325784318482,0.571999954477973,0.628000045522027,0.6,0.280000455220273
18.58,-0.00434669875899525,0.572048396473133,0.627951603526867,0.6,0.279516035268674
18.59,-0.00436012228801644,0.572096870274723,0.627903129725277,0.6,0.279031297252774
18.6,-0.0043735283765543,0.572145375688848,0.627854624311152,0.6,0.278546243111523
18.61,-0.00438691697098448,0.572193912521486,0.627806087478514,0.6,0.278060874785139
18.62,-0.00440028801775262,0.572242480578491,0.627757519421509,0.6,0.277575194215091
18.63,-0.00441364146337456,0.57229107966559,0.62770892033441,0.6,0.277089203344104
18.64,-0.00442697725443653,0.572339709588386,0.627660290411614,0.6,0.276602904116139
18.65,-0.00444029533759539,0.572388370152361,0.627611629847639,0.6,0.276116298476393
18.66,-0.00445359565957882,0.572437061162871,0.627562938837129,0.6,0.275629388371289
18.67,-0.00446687816718555,0.572485782425153,0.627514217574846,0.6,0.275142175748465
18.68,-0.00448014280728556,0.572534533744323,0.627465466255677,0.6,0.274654662556773
18.69,-0.00449338952682032,0.572583314925374,0.627416685074626,0.6,0.274166850746261
18.7,-0.00450661827280296,0.572632125773182,0.627367874226818,0.6,0.273678742268181
18.71,-0.00451982899231852,0.572680966092504,0.627319033907496,0.6,0.273190339074961
18.72,-0.00453302163252413,0.572729835687978,0.627270164312022,0.6,0.272701643120218
18.73,-0.00454619614064927,0.572778734364127,0.627221265635873,0.6,0.27221265635873
18.74,-0.0045593524639959,0.572827661925355,0.627172338074645,0.6,0.271723380746448
18.75,-0.00457249054993875,0.572876618175953,0.627123381824047,0.6,0.271233818240473
18.76,-0.0045856103459255,0.572925602920095,0.627074397079905,0.6,0.270743970799051
18.77,-0.00459871179947698,0.572974615961842,0.627025384038158,0.6,0.270253840381576
18.78,-0.0046117948581874,0.573023657105144,0.626976342894856,0.6,0.269763428948564
18.79,-0.00462485946972453,0.573072726153834,0.626927273846166,0.6,0.269272738461663
18.8,-0.00463790558182994,0.573121822911636,0.626878177088363,0.6,0.268781770883635
18.81,-0.00465093314231922,0.573170947182165,0.626829052817835,0.6,0.268290528178348
18.82,-0.00466394209908213,0.573220098768923,0.626779901231077,0.6,0.267799012310772
18.83,-0.00467693240008286,0.573269277475303,0.626730722524697,0.6,0.267307225246971
18.84,-0.00468990399336022,0.573318483104591,0.626681516895409,0.6,0.266815168954092
18.85,-0.00470285682702787,0.573367715459964,0.626632284540036,0.6,0.26632284540036
18.86,-0.00471579084927447,0.573416974344493,0.626583025655507,0.6,0.265830256555069
18.87,-0.00472870600836397,0.573466259561143,0.626533740438857,0.6,0.26533740438857
18.88,-0.00474160225263573,0.573515570912772,0.626484429087228,0.6,0.264844290872277
18.89,-0.00475447953050482,0.573564908202136,0.626435091797864,0.6,0.264350917978637
18.9,-0.00476733779046212,0.573614271231885,0.626385728768115,0.6,0.263857287681147
18.91,-0.0047801769810746,0.573663659804567,0.626336340195432,0.6,0.263363401954325
18.92,-0.00479299705098555,0.573713073722629,0.626286926277371,0.6,0.262869262773711
18.93,-0.00480579794891467,0.573762512788414,0.626237487211586,0.6,0.262374872115865
18.94,-0.00481857962365842,0.573811976804165,0.626188023195835,0.6,0.261880231958346
18.95,-0.00483134202409008,0.573861465572028,0.626138534427972,0.6,0.261385344279715
18.96,-0.0048440850991601,0.573910978894048,0.626089021105952,0.6,0.260890211059521
18.97,-0.00485680879789618,0.57396051657217,0.62603948342783,0.6,0.260394834278299
18.98,-0.00486951306940354,0.574010078408245,0.625989921591755,0.6,0.259899215917553
18.99,-0.00488219786286512,0.574059664204024,0.625940335795976,0.6,0.259403357959757
19,-0.00489486312754175,0.574109273761166,0.625890726238834,0.6,0.258907262388341
19.01,-0.00490750881277241,0.574158906881231,0.625841093118769,0.6,0.258410931187688
19.02,-0.00492013486797435,0.574208563365688,0.625791436634312,0.6,0.257914366343122
19.03,-0.00493274124264338,0.57425824301591,0.62574175698409,0.6,0.2574175698409
19.04,-0.00494532788635402,0.574307945633179,0.625692054366821,0.6,0.256920543668209
19.05,-0.00495789474875971,0.574357671018685,0.625642328981315,0.6,0.256423289813151
19.06,-0.00497044177959301,0.574407418973525,0.625592581026475,0.6,0.255925810264745
19.07,-0.00498296892866582,0.57445718929871,0.62554281070129,0.6,0.255428107012904
19.08,-0.00499547614586956,0.574506981795156,0.625493018204844,0.6,0.254930182048443
19.09,-0.00500796338117538,0.574556796263694,0.625443203736306,0.6,0.25443203736306
19.1,-0.00502043058463435,0.574606632505067,0.625393367494933,0.6,0.253933674949334
19.11,-0.00503287770637767,0.574656490319929,0.625343509680071,0.6,0.253435096800713
19.12,-0.00504530469661689,0.574706369508849,0.625293630491151,0.6,0.25293630491151
19.13,-0.00505771150564404,0.574756269872311,0.625243730127689,0.6,0.25243730127689
19.14,-0.00507009808383191,0.574806191210713,0.625193808789287,0.6,0.251938087892869
19.15,-0.00508246438163421,0.57485613332437,0.62514386667563,0.6,0.251438666756298
19.16,-0.00509481034958575,0.574906096013514,0.625093903986486,0.6,0.250939039864864
19.17,-0.0051071359383027,0.574956079078293,0.625043920921707,0.6,0.25043920921707
19.18,-0.00511944109848269,0.575006082318776,0.624993917681224,0.6,0.249939176812241
19.19,-0.00513172578090513,0.57505610553495,0.62494389446505,0.6,0.249438944650503
19.2,-0.00514398993643127,0.575106148526721,0.624893851473279,0.6,0.248938514732787
19.21,-0.00515623351600454,0.575156211093919,0.624843788906081,0.6,0.24843788906081
19.22,-0.0051684564706506,0.575206293036292,0.624793706963708,0.6,0.247937069637076
19.23,-0.00518065875147769,0.575256394153514,0.624743605846486,0.6,0.247436058464859
19.24,-0.00519284030967667,0.57530651424518,0.62469348575482,0.6,0.246934857548204
19.25,-0.00520500109652134,0.575356653110808,0.624643346889192,0.6,0.246433468891918
19.26,-0.00521714106336856,0.575406810549845,0.624593189450155,0.6,0.245931894501549
19.27,-0.00522926016165849,0.57545698636166,0.62454301363834,0.6,0.245430136383398
19.28,-0.00524135834291474,0.575507180345551,0.624492819654449,0.6,0.244928196544494
19.29,-0.0052534355587446,0.57555739230074,0.62444260769926,0.6,0.244426076992598
19.3,-0.00526549176083924,0.575607622026381,0.624392377973619,0.6,0.243923779736186
19.31,-0.00527752690097385,0.575657869321555,0.624342130678445,0.6,0.243421306784447
19.32,-0.0052895409310079,0.575708133985273,0.624291866014727,0.6,0.242918660147272
19.33,-0.00530153380288528,0.575758415816475,0.624241584183525,0.6,0.242415841835248
19.34,-0.00531350546863451,0.575808714614035,0.624191285385965,0.6,0.241912853859646
19.35,-0.00532545588036896,0.575859030176758,0.624140969823242,0.6,0.241409698232418
19.36,-0.00533738499028697,0.575909362303381,0.624090637696619,0.6,0.240906376966186
19.37,-0.00534929275067216,0.575959710792577,0.624040289207423,0.6,0.240402892074232
19.38,-0.00536117911389346,0.57601007544295,0.62398992455705,0.6,0.239899245570498
19.39,-0.00537304403240546,0.576060456053043,0.623939543946957,0.6,0.239395439469569
19.4,-0.0053848874587485,0.576110852421333,0.623889147578667,0.6,0.238891475786667
19.41,-0.00539670934554887,0.576161264346235,0.623838735653765,0.6,0.238387356537648
19.42,-0.00540850964551907,0.576211691626101,0.623788308373899,0.6,0.237883083738987
19.43,-0.00542028831145789,0.576262134059223,0.623737865940777,0.6,0.237378659407774
19.44,-0.00543204529625069,0.576312591443829,0.623687408556171,0.6,0.236874085561708
19.45,-0.00544378055286955,0.576363063578092,0.623636936421908,0.6,0.236369364219081
19.46,-0.00545549403437346,0.576413550260122,0.623586449739878,0.6,0.23586449739878
19.47,-0.0054671856939085,0.576464051287973,0.623535948712027,0.6,0.23535948712027
19.48,-0.00547885548470806,0.576514566459641,0.623485433540359,0.6,0.234854335403591
19.49,-0.00549050336009299,0.576565095573065,0.623434904426935,0.6,0.234349044269352
19.5,-0.00550212927347179,0.576615638426129,0.623384361573871,0.6,0.233843615738715
19.51,-0.00551373317834084,0.576666194816661,0.623333805183339,0.6,0.233338051833392
19.52,-0.00552531502828452,0.576716764542436,0.623283235457564,0.6,0.232832354575641
19.53,-0.00553687477697547,0.576767347401175,0.623232652598825,0.6,0.232326525988247
19.54,-0.00554841237817468,0.576817943190547,0.623182056809453,0.6,0.231820568094527
19.55,-0.00555992778573178,0.576868551708169,0.623131448291831,0.6,0.23131448291831
19.56,-0.00557142095358514,0.576919172751606,0.623080827248394,0.6,0.230808272483937
19.57,-0.00558289183576213,0.576969806118375,0.623030193881625,0.6,0.230301938816247
19.58,-0.00559434038637921,0.577020451605942,0.622979548394058,0.6,0.229795483940576
19.59,-0.00560576655964221,0.577071109011726,0.622928890988274,0.6,0.229288909882743
19.6,-0.00561717030984645,0.577121778133096,0.622878221866904,0.6,0.228782218669042
19.61,-0.00562855159137693,0.577172458767376,0.622827541232624,0.6,0.228275412326239
19.62,-0.00563991035870855,0.577223150711844,0.622776849288156,0.6,0.227768492881557
19.63,-0.00565124656640626,0.577273853763733,0.622726146236267,0.6,0.227261462362675
19.64,-0.00566256016912524,0.577324567720229,0.622675432279771,0.6,0.226754322797711
19.65,-0.00567385112161109,0.577375292378477,0.622624707621523,0.6,0.226247076215226
19.66,-0.00568511937870002,0.577426027535579,0.62257397246442,0.6,0.225739724644205
19.67,-0.00569636489531902,0.577476772988595,0.622523227011405,0.6,0.225232270114052
19.68,-0.00570758762648602,0.577527528534541,0.622472471465459,0.6,0.224724714654587
19.69,-0.00571878752731014,0.577578293970397,0.622421706029603,0.6,0.224217060296028
19.7,-0.00572996455299176,0.5776290690931,0.6223709309069,0.6,0.223709309068996
19.71,-0.00574111865882282,0.577679853699551,0.622320146300449,0.6,0.22320146300449
19.72,-0.0057522498001869,0.57773064758661,0.62226935241339,0.6,0.222693524133897
19.73,-0.00576335793255944,0.577781450551103,0.622218549448897,0.6,0.222185494488971
19.74,-0.00577444301150795,0.577832262389817,0.622167737610183,0.6,0.22167737610183
19.75,-0.0057855049926921,0.577883082899505,0.622116917100495,0.6,0.221169171004948
19.76,-0.00579654383186399,0.577933911876886,0.622066088123114,0.6,0.220660881231142
19.77,-0.00580755948486829,0.577984749118643,0.622015250881357,0.6,0.220152508813573
19.78,-0.00581855190764239,0.578035594421427,0.621964405578573,0.6,0.219644055785727
19.79,-0.00582952105621662,0.578086447581858,0.621913552418142,0.6,0.21913552418142
19.8,-0.0058404668867144,0.578137308396523,0.621862691603477,0.6,0.218626916034773
19.81,-0.00585138935535241,0.578188176661978,0.621811823338022,0.6,0.218118233380222
19.82,-0.00586228841844081,0.578239052174751,0.621760947825249,0.6,0.217609478252493
19.83,-0.00587316403238335,0.578289934731339,0.621710065268661,0.6,0.217100652686609
19.84,-0.00588401615367759,0.578340824128213,0.621659175871787,0.6,0.216591758717871
19.85,-0.00589484473891507,0.578391720161815,0.621608279838185,0.6,0.216082798381851
19.86,-0.00590564974478144,0.57844262262856,0.62155737737144,0.6,0.215573773714396
19.87,-0.00591643112805672,0.57849353132484,0.62150646867516,0.6,0.215064686751597
19.88,-0.00592718884561536,0.578544446047019,0.621455553952981,0.6,0.214555539529806
19.89,-0.00593792285442653,0.578595366591439,0.621404633408561,0.6,0.214046334085609
19.9,-0.0059486331115542,0.578646292754417,0.621353707245583,0.6,0.213537072455828
19.91,-0.00595931957415735,0.578697224332249,0.621302775667751,0.6,0.213027756677509
19.92,-0.00596998219949015,0.578748161121209,0.621251838878791,0.6,0.212518388787913
19.93,-0.00598062094490212,0.578799102917549,0.621200897082451,0.6,0.212008970824513
19.94,-0.00599123576783828,0.578850049517502,0.621149950482498,0.6,0.211499504824978
19.95,-0.00600182662583935,0.578901000717283,0.621098999282717,0.6,0.210989992827173
19.96,-0.00601239347654193,0.578951956313085,0.621048043686914,0.6,0.210480436869145
19.97,-0.00602293627767861,0.579002916101088,0.620997083898912,0.6,0.209970838989116
19.98,-0.00603345498707822,0.579053879877452,0.620946120122548,0.6,0.209461201225477
19.99,-0.00604394956266592,0.579104847438322,0.620895152561678,0.6,0.208951525616781
20,-0.00816031666334055,0.604437108473857,0.595562891526143,0.6,-0.0443710847385714
20.01,-0.00822314476206598,0.584068490375626,0.615931509624374,0.6,0.159315096243736
20.02,-0.00828576728260063,0.584233108471201,0.615766891528799,0.6,0.157668915287992
20.03,-0.00834818265938479,0.584397608700561,0.615602391299439,0.6,0.156023912994389
20.04,-0.00841038933203724,0.584561986951209,0.615438013048791,0.6,0.154380130487908
20.05,-0.00847238574539445,0.584726239113698,0.615273760886302,0.6,0.152737608863018
20.06,-0.00853417034954928,0.584890361081732,0.615109638918268,0.6,0.151096389182682
20.07,-0.00859574159988987,0.58505434875227,0.61494565124773,0.6,0.1494565124773
20.08,-0.00865709795713817,0.585218198025629,0.614781801974371,0.6,0.147818019743706
20.09,-0.0087182378873884,0.585381904805586,0.614618095194414,0.6,0.146180951944138
20.1,-0.00877915986214554,0.58554546499948,0.61445453500052,0.6,0.144545350005197
20.11,-0.00883986235836336,0.585708874518314,0.614291125481686,0.6,0.142911254816855
20.12,-0.00890034385848265,0.58587212927686,0.61412787072314,0.6,0.141278707231398
20.13,-0.00896060285046902,0.586035225193756,0.613964774806244,0.6,0.13964774806244
20.14,-0.00902063782785084,0.586198158191613,0.613801841808386,0.6,0.138018418083865
20.15,-0.00908044728975679,0.586360924197115,0.613639075802885,0.6,0.136390758028846
20.16,-0.00914002974095341,0.58652351914112,0.61347648085888,0.6,0.134764808588799
20.17,-0.00919938369188258,0.586685938958763,0.613314061041237,0.6,0.133140610412367
20.18,-0.00925850765869856,0.586848179589557,0.613151820410443,0.6,0.13151820410443
20.19,-0.00931740016330531,0.587010236977495,0.612989763022505,0.6,0.129897630225053
20.2,-0.00937605973339323,0.587172107071149,0.612827892928851,0.6,0.128278929288508
20.21,-0.00943448490247618,0.587333785823778,0.612666214176222,0.6,0.126662141762223
20.22,-0.00949267420992792,0.587495269193419,0.612504730806581,0.6,0.125047308065812
20.23,-0.00955062620101885,0.587656553142998,0.612343446857002,0.6,0.123434468570024
20.24,-0.00960833942695218,0.587817633640423,0.612182366359577,0.6,0.121823663595769
20.25,-0.00966581244490024,0.587978506658691,0.612021493341309,0.6,0.12021493341309
20.26,-0.00972304381804064,0.588139168175985,0.611860831824015,0.6,0.118608318240147
20.27,-0.00978003211559197,0.588299614175775,0.611700385824225,0.6,0.117003858242247
20.28,-0.0098367759128498,0.58845984064692,0.61154015935308,0.6,0.115401593530797
20.29,-0.00989327379122213,0.588619843583766,0.611380156416234,0.6,0.11380156416234
20.3,-0.00994952433826497,0.588779618986248,0.611220381013752,0.6,0.112203810137519
20.31,-0.0100055261477175,0.588939162859989,0.611060837140011,0.6,0.110608371400109
20.32,-0.0100612778195376,0.589098471216401,0.610901528783599,0.6,0.109015287835987
20.33,-0.0101167779599361,0.589257540072783,0.610742459927217,0.6,0.107424599272166
20.34,-0.0101720251814126,0.589416365452422,0.610583634547578,0.6,0.105836345475777
20.35,-0.0102270181027893,0.589574943384693,0.610425056615307,0.6,0.104250566153075
20.36,-0.0102817553492461,0.589733269905153,0.610266730094847,0.6,0.10266730094847
20.37,-0.0103362355523547,0.58989134105565,0.61010865894435,0.6,0.101086589443501
20.38,-0.0103904573501128,0.590049152884412,0.609950847115588,0.6,0.0995084711558814
20.39,-0.0104444193869783,0.590206701446152,0.609793298553848,0.6,0.0979329855384781
20.4,-0.0104981203139032,0.590363982802164,0.609636017197836,0.6,0.0963601719783558
20.41,-0.0105515587883669,0.590520993020423,0.609479006979577,0.6,0.0947900697957715
20.42,-0.0106047334744105,0.590677728175681,0.609322271824319,0.6,0.0932227182431911
20.43,-0.0106576430426696,0.590834184349567,0.609165815650433,0.6,0.0916581565043306
20.44,-0.0107102861704077,0.590990357630686,0.609009642369314,0.6,0.0900964236931445
20.45,-0.0107626615415494,0.591146244114712,0.608853755885288,0.6,0.0885375588528792
20.46,-0.0108147678467131,0.591301839904493,0.608698160095507,0.6,0.0869816009550661
20.47,-0.0108666037832439,0.591457141110142,0.608542858889858,0.6,0.0854285888985795
20.48,-0.010918168055246,0.591612143849137,0.608387856150863,0.6,0.0838785615086335
20.49,-0.0109694593736155,0.591766844246416,0.608233155753584,0.6,0.0823315575358363
20.5,-0.0110204764560719,0.591921238434479,0.608078761565521,0.6,0.0807876156552079
20.51,-0.011071218027191,0.592075322553479,0.607924677446521,0.6,0.0792467744652081
20.52,-0.0111216828184359,0.592229092751321,0.607770907248679,0.6,0.0777090724867935
20.53,-0.0111718695681897,0.592382545183757,0.607617454816243,0.6,0.0761745481624276
20.54,-0.0112217770217861,0.592535676014485,0.607464323985515,0.6,0.0746432398551466
20.55,-0.0112714039315414,0.592688481415243,0.607311518584757,0.6,0.0731151858475676
20.56,-0.0113207490567855,0.592840957565903,0.607159042434097,0.6,0.0715904243409726
20.57,-0.0113698111638928,0.592993100654569,0.607006899345431,0.6,0.0700689934543097
20.58,-0.0114185890263132,0.593144906877672,0.606855093122328,0.6,0.0685509312232779
20.59,-0.0114670814246027,0.593296372440065,0.606703627559935,0.6,0.0670362755993548
20.6,-0.0115152871464537,0.593447493555115,0.606552506444885,0.6,0.0655250644488459
20.61,-0.0115632049867259,0.593598266444804,0.606401733555196,0.6,0.0640173355519591
20.62,-0.0116108337474756,0.593748687339817,0.606251312660183,0.6,0.0625131266018308
20.63,-0.0116581722379864,0.593898752479639,0.606101247520361,0.6,0.0610124752036134
20.64,-0.0117052192747985,0.594048458112649,0.605951541887351,0.6,0.0595154188735059
20.65,-0.0117519736817383,0.594197800496216,0.605802199503784,0.6,0.0580219950378447
20.66,-0.0117984342899481,0.594346775896785,0.605653224103215,0.6,0.0565322410321489
20.67,-0.0118445999379152,0.594495380589982,0.605504619410018,0.6,0.0550461941001834
20.68,-0.0118904694715008,0.594643610860695,0.605356389139305,0.6,0.0535638913930536
20.69,-0.0119360417439689,0.594791463003176,0.605208536996824,0.6,0.0520853699682411
20.7,-0.011981315616015,0.594938933321129,0.605061066678871,0.6,0.0506106667887118
20.71,-0.0120262899557948,0.595086018127804,0.604913981872196,0.6,0.0491398187219627
20.72,-0.012070963638952,0.595232713746087,0.604767286253913,0.6,0.0476728625391254
20.73,-0.012115335548647,0.595379016508598,0.604620983491402,0.6,0.0462098349140194
20.74,-0.0121594045755842,0.595524922757773,0.604475077242227,0.6,0.0447507724222662
20.75,-0.0122031696180404,0.595670428845965,0.604329571154035,0.6,0.0432957115403509
20.76,-0.0122466295818917,0.595815531135528,0.604184468864472,0.6,0.0418446886447166
20.77,-0.0122897833806413,0.595960225998914,0.604039774001086,0.6,0.0403977400108646
20.78,-0.0123326299354464,0.596104509818757,0.603895490181243,0.6,0.0389549018124291
20.79,-0.0123751681751455,0.59624837898797,0.60375162101203,0.6,0.0375162101202975
20.8,-0.0124173970362848,0.596391829909832,0.603608170090168,0.6,0.0360817009016812
20.81,-0.0124593154631449,0.596534858998076,0.603465141001924,0.6,0.0346514100192397
20.82,-0.0125009224077673,0.596677462676983,0.603322537323017,0.6,0.0332253732301668
20.83,-0.0125422168299807,0.596819637381469,0.603180362618531,0.6,0.0318036261853116
20.84,-0.0125831976974265,0.596961379557172,0.603038620442828,0.6,0.0303862044282766
20.85,-0.0126238639855853,0.597102685660547,0.602897314339453,0.6,0.0289731433945262
20.86,-0.0126642146778019,0.597243552158948,0.602756447841052,0.6,0.02756447841052
20.87,-0.0127042487653112,0.59738397553072,0.60261602446928,0.6,0.0261602446928033
20.88,-0.012743965247263,0.597523952265285,0.602476047734715,0.6,0.024760477347151
20.89,-0.0127833631307473,0.597663478863233,0.602336521136767,0.6,0.0233652113676674
20.9,-0.0128224414308193,0.597802551836407,0.602197448163593,0.6,0.0219744816359346
20.91,-0.0128611991705232,0.597941167707988,0.602058832292012,0.6,0.0205883229201242
20.92,-0.0128996353809178,0.598079323012587,0.601920676987413,0.6,0.0192067698741272
20.93,-0.0129377491010997,0.59821701429633,0.60178298570367,0.6,0.0178298570367019
20.94,-0.0129755393782279,0.598354238116941,0.601645761883059,0.6,0.0164576188305932
20.95,-0.0130130052675475,0.598490991043831,0.601509008956169,0.6,0.0150900895616912
20.96,-0.0130501458324131,0.598627269658185,0.601372730341815,0.6,0.0137273034181495
20.97,-0.0130869601443126,0.598763070553044,0.601236929446956,0.6,0.0123692944695564
20.98,-0.0131234472828901,0.598898390333394,0.601101609666606,0.6,0.01101609666606
20.99,-0.0131596063359691,0.599033225616246,0.600966774383754,0.6,0.0096677438375381
21,-0.013195436399575,0.599167573030726,0.600832426969274,0.6,0.00832426969274214
21.01,-0.0132309365779583,0.599301429218155,0.600698570781845,0.6,0.00698570781844987
21.02,-0.0132661059836162,0.599434790832135,0.600565209167865,0.6,0.00565209167864733
21.03,-0.0133009437373154,0.599567654538634,0.600432345461366,0.6,0.00432345461365946
21.04,-0.013335448968114,0.599700017016065,0.600299982983935,0.6,0.00299982983935076
21.05,-0.0133696208133829,0.599831874955373,0.600168125044627,0.6,0.00168125044626821
21.06,-0.0134034584188278,0.599963225060117,0.600036774939883,0.6,0.000367749398829664
21.07,-0.0134369609385104,0.600094064046551,0.599905935953449,0.6,-0.000940640465511011
21.08,-0.0134701275348693,0.600224388643707,0.599775611356293,0.6,-0.00224388643707107
21.09,-0.0135029573787414,0.600354195593477,0.599645804406523,0.6,-0.00354195593476825
21.1,-0.0135354496493824,0.600483481650694,0.599516518349306,0.6,-0.00483481650693895
21.11,-0.013567603534487,0.600612243583213,0.599387756416787,0.6,-0.00612243583212879
21.12,-0.01359941823021,0.600740478171993,0.599259521828007,0.6,-0.00740478171992742
21.13,-0.0136308929411855,0.600868182211175,0.599131817788825,0.6,-0.00868182211175017
21.14,-0.0136620268805474,0.600995352508166,0.599004647491834,0.6,-0.00995352508165848
21.15,-0.0136928192699488,0.601121985883714,0.598878014116286,0.6,-0.0112198588371404
21.16,-0.0137232693395817,0.601248079171992,0.598751920828008,0.6,-0.0124807917199177
21.17,-0.0137533763281959,0.601373629220674,0.598626370779326,0.6,-0.0137362922067374
21.18,-0.0137831394831181,0.601498632891015,0.598501367108985,0.6,-0.0149863289101493
21.19,-0.0138125580602712,0.60162308705793,0.59837691294207,0.6,-0.0162308705793046
21.2,-0.0138416313241921,0.601746988610072,0.598253011389928,0.6,-0.0174698861007205
21.21,-0.0138703585480509,0.601870334449908,0.598129665550092,0.6,-0.0187033444990814
21.22,-0.0138987390136683,0.601993121493798,0.598006878506201,0.6,-0.0199312149379849
21.23,-0.0139267720115344,0.602115346672074,0.597884653327926,0.6,-0.0211534667207369
21.24,-0.0139544568408254,0.602237006929111,0.597762993070889,0.6,-0.0223700692911077
21.25,-0.0139817928094223,0.602358099223409,0.597641900776591,0.6,-0.0235809922340913
21.26,-0.0140087792339271,0.602478620527668,0.597521379472332,0.6,-0.0247862052766845
21.27,-0.0140354154396808,0.602598567828862,0.597401432171138,0.6,-0.025985678288617
21.28,-0.0140617007607794,0.602717938128313,0.597282061871687,0.6,-0.0271793812831311
21.29,-0.0140876345400914,0.602836728441771,0.597163271558229,0.6,-0.0283672844177107
21.3,-0.0141132161292736,0.602954935799484,0.597045064200516,0.6,-0.0295493579948425
21.31,-0.0141384448887877,0.603072557246275,0.596927442753725,0.6,-0.0307255724627453
21.32,-0.0141633201879159,0.603189589841612,0.596810410158388,0.6,-0.0318958984161222
21.33,-0.0141878414047771,0.603306030659688,0.596693969340312,0.6,-0.0330603065968826
21.34,-0.0142120079263421,0.603421876789488,0.596578123210512,0.6,-0.0342187678948813
21.35,-0.0142358191484492,0.603537125334865,0.596462874665135,0.6,-0.0353712533486517
21.36,-0.014259274475819,0.603651773414611,0.596348226585389,0.6,-0.0365177341461109
21.37,-0.0142823733220695,0.60376581816253,0.59623418183747,0.6,-0.0376581816253041
21.38,-0.0143051151097309,0.60387925672751,0.59612074327249,0.6,-0.0387925672750999
21.39,-0.0143274992702596,0.603992086273592,0.596007913726408,0.6,-0.0399208627359193
21.4,-0.0143495252440528,0.604104303980043,0.595895696019957,0.6,-0.0410430398004324
21.41,-0.0143711924804623,0.604215907041427,0.595784092958573,0.6,-0.0421590704142705
21.42,-0.0143925004378082,0.604326892667673,0.595673107332327,0.6,-0.0432689266767294
21.43,-0.0144134485833928,0.604437258084146,0.595562741915854,0.6,-0.0443725808414563
21.44,-0.0144340363935135,0.604547000531716,0.595452999468284,0.6,-0.0454700053171586
21.45,-0.0144542633534762,0.604656117266828,0.595343882733172,0.6,-0.046561172668278
21.46,-0.0144741289576078,0.604764605561569,0.595235394438431,0.6,-0.047646055615691
21.47,-0.0144936327092694,0.604872462703738,0.595127537296262,0.6,-0.0487246270373776
21.48,-0.0145127741208681,0.604979685996911,0.595020314003089,0.6,-0.0497968599691101
21.49,-0.0145315527138696,0.605086272760512,0.594913727239488,0.6,-0.0508627276051199
21.5,-0.0145499680188102,0.605192220329877,0.594807779670123,0.6,-0.051922203298771
21.51,-0.0145680195753081,0.605297526056323,0.594702473943677,0.6,-0.0529752605632294
21.52,-0.0145857069320753,0.605402187307211,0.594597812692789,0.6,-0.0540218730721143
21.53,-0.014603029646929,0.605506201466017,0.594493798533983,0.6,-0.055062014660171
21.54,-0.014619987286802,0.605609565932391,0.594390434067609,0.6,-0.0560956593239104
21.55,-0.0146365794277543,0.605712278122227,0.594287721877772,0.6,-0.0571227812222752
21.56,-0.0146528056549833,0.605814335467726,0.594185664532274,0.6,-0.0581433546772647
21.57,-0.014668665562834,0.60591573541746,0.59408426458254,0.6,-0.0591573541746016
21.58,-0.0146841587548097,0.606016475436435,0.593983524563565,0.6,-0.0601647543643469
21.59,-0.0146992848435813,0.606116553006155,0.593883446993845,0.6,-0.0611655300615499
21.6,-0.0147140434509974,0.606215965624687,0.593784034375313,0.6,-0.0621596562468718
21.61,-0.0147284342080935,0.606314710806721,0.593685289193279,0.6,-0.0631471080672075
21.62,-0.0147424567551016,0.606412786083631,0.593587213916368,0.6,-0.0641278608363149
21.63,-0.0147561107414586,0.606510189003542,0.593489810996458,0.6,-0.0651018900354239
21.64,-0.0147693958258157,0.606606917131386,0.593393082868614,0.6,-0.0660691713138573
21.65,-0.0147823116760463,0.606702968048963,0.593297031951037,0.6,-0.067029680489632
21.66,-0.014794857969255,0.606798339355007,0.593201660644993,0.6,-0.0679833935500673
21.67,-0.014807034391785,0.606893028665239,0.593106971334761,0.6,-0.06893028665239
21.68,-0.0148188406392263,0.606987033612432,0.593012966387568,0.6,-0.0698703361243191
21.69,-0.0148302764164236,0.607080351846467,0.592919648153533,0.6,-0.0708035184646694
21.7,-0.0148413414374828,0.607172981034393,0.592827018965607,0.6,-0.0717298103439268
21.71,-0.014852035425779,0.607264918860485,0.592735081139515,0.6,-0.0726491886048464
21.72,-0.0148623581139632,0.607356163026302,0.592643836973698,0.6,-0.0735616302630171
21.73,-0.0148723092439686,0.607446711250745,0.592553288749255,0.6,-0.074467112507447
21.74,-0.0148818885670175,0.607536561270113,0.592463438729887,0.6,-0.075365612701126
21.75,-0.0148910958436273,0.60762571083816,0.59237428916184,0.6,-0.0762571083815955
21.76,-0.0148999308436166,0.607714157726151,0.592285842273849,0.6,-0.0771415772615114
21.77,-0.0149083933461109,0.60780189972292,0.59219810027708,0.6,-0.0780189972291956
21.78,-0.0149164831395479,0.60788893463492,0.59211106536508,0.6,-0.078889346349198
21.79,-0.0149242000216834,0.607975260286283,0.592024739713717,0.6,-0.0797526028628326
21.8,-0.0149315437995957,0.608060874518873,0.591939125481127,0.6,-0.0806087451887338
21.81,-0.0149385142896906,0.608145775192339,0.591854224807661,0.6,-0.0814577519233861
21.82,-0.0149451113177063,0.608229960184167,0.591770039815833,0.6,-0.0822996018416666
21.83,-0.0149513347187175,0.608313427389737,0.591686572610263,0.6,-0.0831342738973717
21.84,-0.0149571843371395,0.608396174722374,0.591603825277626,0.6,-0.0839617472237408
21.85,-0.014962660026732,0.608478200113399,0.591521799886601,0.6,-0.0847820011339884
21.86,-0.0149677616506032,0.608559501512181,0.591440498487819,0.6,-0.0855950151218055
21.87,-0.0149724890812126,0.608640076886188,0.591359923113811,0.6,-0.0864007688618851
21.88,-0.0149768422003749,0.608719924221043,0.591280075778957,0.6,-0.0871992422104284
21.89,-0.0149808208992622,0.608799041520564,0.591200958479436,0.6,-0.087990415205641
21.9,-0.0149844250784073,0.608877426806824,0.591122573193176,0.6,-0.0887742680682391
21.91,-0.0149876546477058,0.608955078120194,0.591044921879806,0.6,-0.0895507812019425
21.92,-0.0149905095264187,0.609031993519396,0.590968006480604,0.6,-0.0903199351939643
21.93,-0.0149929896431743,0.609108171081549,0.590891828918451,0.6,-0.0910817108154927
21.94,-0.0149950949359696,0.609183608902218,0.590816391097782,0.6,-0.0918360890221792
21.95,-0.0149968253521726,0.609258305095461,0.590741694904539,0.6,-0.0925830509546066
21.96,-0.0149981808485228,0.609332257793876,0.590667742206124,0.6,-0.0933225779387648
21.97,-0.014999161391133,0.609405465148652,0.590594534851348,0.6,-0.0940546514865193
21.98,-0.0149997669554896,0.609477925329607,0.590522074670393,0.6,-0.0947792532960678
21.99,-0.0149999975264535,0.60954963652524,0.59045036347476,0.6,-0.0954963652524043
22,-0.0149998530982606,0.609620596942777,0.590379403057223,0.6,-0.0962059694277673
22.01,-0.0149993336745214,0.609690804808209,0.590309195191791,0.6,-0.0969080480820883
22.02,-0.0149984392682215,0.609760258366344,0.590239741633656,0.6,-0.0976025836634375
22.03,-0.0149971699017212,0.609828955880846,0.590171044119154,0.6,-0.098289558808462
22.04,-0.0149955256067544,0.609896895634282,0.590103104365718,0.6,-0.0989689563428198
22.05,-0.0149935064244284,0.609964075928161,0.590035924071839,0.6,-0.0996407592816073
22.06,-0.0149911124052227,0.610030495082978,0.589969504917021,0.6,-0.100304950829785
22.07,-0.0149883436089877,0.61009615143826,0.58990384856174,0.6,-0.100961514382599
22.08,-0.0149852001049431,0.6101610433526,0.5898389566474,0.6,-0.101610433525997
22.09,-0.0149816819716764,0.610225169203703,0.589774830796297,0.6,-0.102251692037031
22.1,-0.0149777892971407,0.610288527388427,0.589711472611573,0.6,-0.102885273884274
22.11,-0.0149735221786526,0.610351116322821,0.589648883677179,0.6,-0.103511163228213
22.12,-0.01496888072289,0.610412934442164,0.589587065557836,0.6,-0.104129344421644
22.13,-0.0149638650458888,0.610473980201007,0.589526019798993,0.6,-0.104739802010072
22.14,-0.014958475273041,0.610534252073209,0.589465747926791,0.6,-0.105342520732088
22.15,-0.0149527115390903,0.610593748551976,0.589406251448024,0.6,-0.105937485519756
22.16,-0.01494657398813,0.610652468149899,0.589347531850101,0.6,-0.106524681498987
22.17,-0.0149400627735985,0.610710409398991,0.589289590601009,0.6,-0.107104093989913
22.18,-0.0149331780582757,0.610767570850725,0.589232429149275,0.6,-0.10767570850725
22.19,-0.0149259200142793,0.610823951076067,0.589176048923933,0.6,-0.108239510760666
22.2,-0.0149182888230598,0.610879548665513,0.589120451334487,0.6,-0.108795486655134
22.21,-0.0149102846753968,0.610934362229128,0.589065637770872,0.6,-0.109343622291285
22.22,-0.0149019077713935,0.610988390396576,0.589011609603424,0.6,-0.109883903965758
22.23,-0.0148931583204721,0.611041631817154,0.588958368182846,0.6,-0.110416318171538
22.24,-0.0148840365413683,0.61109408515983,0.58890591484017,0.6,-0.110940851598298
22.25,-0.0148745426621262,0.611145749113273,0.588854250886727,0.6,-0.11145749113273
22.26,-0.0148646769200922,0.611196622385887,0.588803377614113,0.6,-0.111966223858871
22.27,-0.0148544395619095,0.611246703705843,0.588753296294157,0.6,-0.112467037058432
22.28,-0.0148438308435114,0.611295991821111,0.588704008178889,0.6,-0.112959918211107
22.29,-0.0148328510301153,0.611344485499489,0.588655514500511,0.6,-0.113444854994894
22.3,-0.014821500396216,0.61139218352864,0.58860781647136,0.6,-0.113921835286398
22.31,-0.0148097792255787,0.611439084716114,0.588560915283886,0.6,-0.114390847161137
22.32,-0.0147976878112322,0.611485187889384,0.588514812110616,0.6,-0.114851878893837
22.33,-0.014785226455461,0.611530491895873,0.588469508104127,0.6,-0.115304918958731
22.34,-0.0147723954697986,0.611574995602984,0.588425004397016,0.6,-0.115749956029839
22.35,-0.0147591951750188,0.611618697898126,0.588381302101874,0.6,-0.116186978981259
22.36,-0.0147456259011283,0.611661597688744,0.588338402311256,0.6,-0.11661597688744
22.37,-0.0147316879873583,0.611703693902345,0.588296306097654,0.6,-0.117036939023455
22.38,-0.0147173817821559,0.611744985486527,0.588255014513473,0.6,-0.117449854865274
22.39,-0.0147027076431755,0.611785471409002,0.588214528590998,0.6,-0.117854714090021
22.4,-0.0146876659372698,0.611825150657624,0.588174849342376,0.6,-0.118251506576238
22.41,-0.0146722570404806,0.611864022240413,0.588135977759586,0.6,-0.118640222404135
22.42,-0.0146564813380295,0.611902085185583,0.588097914814417,0.6,-0.119020851855831
22.43,-0.0146403392243084,0.611939338541562,0.588060661458438,0.6,-0.119393385415616
22.44,-0.0146238311028692,0.611975781377017,0.588024218622983,0.6,-0.119757813770166
22.45,-0.0146069573864141,0.612011412780879,0.587988587219121,0.6,-0.120114127808794
22.46,-0.0145897184967851,0.612046231862366,0.587953768137634,0.6,-0.120462318623663
22.47,-0.0145721148649536,0.612080237751003,0.587919762248997,0.6,-0.120802377510028
22.48,-0.0145541469310094,0.612113429596643,0.587886570403357,0.6,-0.121134295966427
22.49,-0.0145358151441499,0.612145806569492,0.587854193430508,0.6,-0.12145806569492
22.5,-0.0145171199626689,0.612177367860128,0.587822632139872,0.6,-0.121773678601281
22.51,-0.014498061853945,0.61220811267952,0.58779188732048,0.6,-0.122081126795203
22.52,-0.0144786412944298,0.61223804025905,0.58776195974095,0.6,-0.122380402590497
22.53,-0.0144588587696363,0.612267149850528,0.587732850149472,0.6,-0.122671498505282
22.54,-0.0144387147741267,0.612295440726218,0.587704559273782,0.6,-0.122954407262179
22.55,-0.0144182098114997,0.612322912178848,0.587677087821152,0.6,-0.123229121788481
22.56,-0.0143973443943784,0.612349563521634,0.587650436478366,0.6,-0.123495635216341
22.57,-0.0143761190443971,0.612375394088293,0.587624605911707,0.6,-0.123753940882932
22.58,-0.0143545342921884,0.612400403233063,0.587599596766937,0.6,-0.124004032330634
22.59,-0.0143325906773701,0.612424590330717,0.587575409669283,0.6,-0.12424590330717
22.6,-0.0143102887485313,0.612447954776577,0.587552045223423,0.6,-0.124479547765775
22.61,-0.0142876290632192,0.612470495986535,0.587529504013464,0.6,-0.124704959865355
22.62,-0.0142646121879246,0.612492213397061,0.587507786602939,0.6,-0.124922133970614
22.63,-0.0142412386980682,0.612513106465222,0.587486893534778,0.6,-0.125131064652217
22.64,-0.0142175091779861,0.61253317466869,0.58746682533131,0.6,-0.125331746686902
22.65,-0.0141934242209151,0.612552417505763,0.587447582494237,0.6,-0.125524175057631
22.66,-0.0141689844289778,0.612570834495371,0.587429165504629,0.6,-0.125708344953707
22.67,-0.0141441904131677,0.612588425177089,0.587411574822911,0.6,-0.125884251770887
22.68,-0.014119042793334,0.612605189111151,0.587394810888848,0.6,-0.126051891111515
22.69,-0.0140935421981658,0.612621125878461,0.587378874121539,0.6,-0.126211258784612
22.7,-0.0140676892651767,0.6126362350806,0.5873637649194,0.6,-0.126362350805999
22.71,-0.0140414846406887,0.612650516339838,0.587349483660162,0.6,-0.126505163398377
22.72,-0.014014928979816,0.612663969299144,0.587336030700855,0.6,-0.126639692991445
22.73,-0.0139880229464487,0.612676593622197,0.587323406377803,0.6,-0.126765936221966
22.74,-0.0139607672132363,0.612688388993387,0.587311611006613,0.6,-0.126883889933868
22.75,-0.0139331624615707,0.612699355117831,0.587300644882169,0.6,-0.126993551178314
22.76,-0.0139052093815692,0.612709491721378,0.587290508278622,0.6,-0.127094917213777
22.77,-0.0138769086720574,0.612718798550611,0.587281201449389,0.6,-0.127187985506114
22.78,-0.0138482610405516,0.612727275372862,0.587272724627138,0.6,-0.12727275372862
22.79,-0.013819267203241,0.61273492197621,0.58726507802379,0.6,-0.127349219762096
22.8,-0.0137899278849701,0.612741738169489,0.587258261830511,0.6,-0.127417381694893
22.81,-0.0137602438192203,0.612747723782297,0.587252276217703,0.6,-0.127477237822969
22.82,-0.0137302157480917,0.612752878664992,0.587247121335008,0.6,-0.127528786649921
22.83,-0.0136998444222845,0.612757202688703,0.587242797311297,0.6,-0.127572026887032
22.84,-0.0136691306010803,0.61276069574533,0.58723930425467,0.6,-0.1276069574533
22.85,-0.013638075052323,0.612763357747546,0.587236642252454,0.6,-0.12763357747546
22.86,-0.0136066785523997,0.612765188628802,0.587234811371198,0.6,-0.127651886288016
22.87,-0.0135749418862213,0.612766188343324,0.587233811656676,0.6,-0.127661883433244
22.88,-0.0135428658472027,0.612766356866122,0.587233643133878,0.6,-0.127663568661222
22.89,-0.0135104512372434,0.612765694192981,0.587234305807019,0.6,-0.127656941929813
22.9,-0.0134776988667067,0.612764200340469,0.587235799659531,0.6,-0.127642003404689
22.91,-0.0134446095544004,0.612761875345931,0.587238124654069,0.6,-0.127618753459313
22.92,-0.0134111841275554,0.612758719267493,0.587241280732507,0.6,-0.127587192674928
22.93,-0.0133774234218058,0.612754732184056,0.587245267815944,0.6,-0.127547321840558
22.94,-0.0133433282811673,0.612749914195296,0.587250085804704,0.6,-0.127499141952965
22.95,-0.0133088995580168,0.612744265421665,0.587255734578335,0.6,-0.12744265421665
22.96,-0.0132741381130705,0.61273778600438,0.58726221399562,0.6,-0.127377860043798
22.97,-0.0132390448153627,0.612730476105427,0.587269523894573,0.6,-0.127304761054265
22.98,-0.0132036205422241,0.612722335907552,0.587277664092448,0.6,-0.127223359075518
22.99,-0.0131678661792596,0.61271336561426,0.58728663438574,0.6,-0.127133656142604
23,-0.0131317826203264,0.612703565449809,0.587296434550191,0.6,-0.127035654498093
23.01,-0.0130953707675117,0.612692935659202,0.587307064340798,0.6,-0.126929356592017
23.02,-0.0130586315311099,0.612681476508182,0.587318523491818,0.6,-0.126814765081824
23.03,-0.0130215658295999,0.612669188283229,0.587330811716771,0.6,-0.126691882832288
23.04,-0.0129841745896224,0.612656071291547,0.587343928708453,0.6,-0.126560712915467
23.05,-0.0129464587459564,0.612642125861059,0.58735787413894,0.6,-0.126421258610595
23.06,-0.012908419241496,0.612627352340403,0.587372647659597,0.6,-0.126273523404029
23.07,-0.0128700570272269,0.612611751098913,0.587388248901087,0.6,-0.126117510989134
23.08,-0.0128313730622025,0.612595322526622,0.587404677473378,0.6,-0.125953225266219
23.09,-0.0127923683135198,0.612578067034242,0.587421932965758,0.6,-0.125780670342417
23.1,-0.0127530437562955,0.612559985053159,0.587440014946841,0.6,-0.125599850531588
23.11,-0.0127134003736415,0.612541077035422,0.587458922964578,0.6,-0.125410770354224
23.12,-0.0126734391566404,0.612521343453731,0.587478656546269,0.6,-0.125213434537312
23.13,-0.0126331611043204,0.612500784801425,0.587499215198575,0.6,-0.125007848014246
23.14,-0.0125925672236308,0.612479401592467,0.587520598407533,0.6,-0.124794015924671
23.15,-0.0125516585294164,0.612457194361438,0.587542805638562,0.6,-0.124571943614382
23.16,-0.0125104360443926,0.612434163663518,0.587565836336482,0.6,-0.124341636635176
23.17,-0.0124689007991192,0.612410310074471,0.587589689925529,0.6,-0.12410310074471
23.18,-0.0124270538319753,0.612385634190638,0.587614365809362,0.6,-0.123856341906377
23.19,-0.0123848961891328,0.612360136628913,0.587639863371087,0.6,-0.123601366289126
23.2,-0.0123424289245306,0.612333818026734,0.587666181973266,0.6,-0.123338180267342
23.21,-0.0122996530998482,0.612306679042066,0.587693320957934,0.6,-0.123066790420656
23.22,-0.0122565697844788,0.612278720353381,0.587721279646619,0.6,-0.122787203533806
23.23,-0.0122131800555032,0.612249942659644,0.587750057340356,0.6,-0.122499426596443
23.24,-0.0121694849976624,0.612220346680298,0.587779653319702,0.6,-0.122203466802979
23.25,-0.0121254857033304,0.61218993315524,0.58781006684476,0.6,-0.121899331552396
23.26,-0.0120811832724873,0.612158702844805,0.587841297155195,0.6,-0.121587028448054
23.27,-0.0120365788126917,0.612126656529752,0.587873343470248,0.6,-0.12126656529752
23.28,-0.0119916734390527,0.612093795011235,0.587906204988765,0.6,-0.120937950112349
23.29,-0.0119464682742023,0.612060119110791,0.587939880889209,0.6,-0.12060119110791
23.3,-0.0119009644482672,0.612025629670316,0.587974370329684,0.6,-0.120256296703156
23.31,-0.0118551630988407,0.611990327552043,0.588009672447957,0.6,-0.119903275520434
23.32,-0.0118090653709542,0.611954213638525,0.588045786361475,0.6,-0.119542136385249
23.33,-0.0117626724170485,0.611917288832607,0.588082711167393,0.6,-0.119172888326066
23.34,-0.0117159853969451,0.611879554057407,0.588120445942593,0.6,-0.118795540574066
23.35,-0.0116690054778169,0.611841010256292,0.588158989743708,0.6,-0.11841010256292
23.36,-0.0116217338341595,0.611801658392856,0.588198341607144,0.6,-0.118016583928564
23.37,-0.0115741716477616,0.611761499450894,0.588238500549106,0.6,-0.117614994508936
23.38,-0.0115263201076753,0.611720534434376,0.588279465565624,0.6,-0.117205344343758
23.39,-0.0114781804101866,0.611678764367426,0.588321235632574,0.6,-0.116787643674255
23.4,-0.0114297537587855,0.611636190294293,0.588363809705707,0.6,-0.11636190294293
23.41,-0.0113810413641357,0.611592813279328,0.588407186720672,0.6,-0.115928132793276
23.42,-0.0113320444440446,0.611548634406952,0.588451365593048,0.6,-0.11548634406952
23.43,-0.0112827642234326,0.611503654781636,0.588496345218364,0.6,-0.115036547816364
23.44,-0.0112332019343026,0.611457875527868,0.588542124472132,0.6,-0.114578755278684
23.45,-0.0111833588157094,0.611411297790128,0.588588702209872,0.6,-0.114112977901277
23.46,-0.0111332361137282,0.611363922732854,0.588636077267146,0.6,-0.113639227328545
23.47,-0.0110828350814241,0.611315751540424,0.588684248459576,0.6,-0.113157515404236
23.48,-0.0110321569788201,0.611266785417112,0.588733214582888,0.6,-0.112667854171116
23.49,-0.0109812030728663,0.611217025587069,0.588782974412931,0.6,-0.112170255870694
23.5,-0.0109299746374076,0.61116647329429,0.58883352670571,0.6,-0.111664732942903
23.51,-0.0108784729531521,0.611115129802578,0.588884870197422,0.6,-0.111151298025784
23.52,-0.0108266993076395,0.611062996395519,0.588937003604481,0.6,-0.110629963955192
23.53,-0.0107746549952081,0.611010074376444,0.588989925623556,0.6,-0.110100743764442
23.54,-0.010722341316963,0.610956365068402,0.589043634931598,0.6,-0.109563650684019
23.55,-0.0106697595807433,0.610901869814121,0.589098130185879,0.6,-0.109018698141214
23.56,-0.0106169111010899,0.610846589975982,0.589153410024018,0.6,-0.108465899759823
23.57,-0.010563797199212,0.610790526935977,0.589209473064023,0.6,-0.107905269359766
23.58,-0.0105104192029542,0.610733682095678,0.589266317904322,0.6,-0.10733682095678
23.59,-0.0104567784467638,0.610676056876205,0.589323943123795,0.6,-0.106760568762047
23.6,-0.0104028762716568,0.610617652718183,0.589382347281817,0.6,-0.106176527181834
23.61,-0.0103487140251849,0.610558471081716,0.589441528918284,0.6,-0.105584710817159
23.62,-0.0102942930614013,0.610498513446339,0.589501486553661,0.6,-0.104985134463392
23.63,-0.0102396147408274,0.610437781310992,0.589562218689008,0.6,-0.104377813109919
23.64,-0.0101846804304182,0.610376276193973,0.589623723806027,0.6,-0.103762761939734
23.65,-0.0101294915035288,0.610313999632909,0.589686000367091,0.6,-0.10313999632909
23.66,-0.0100740493398793,0.61025095318471,0.58974904681529,0.6,-0.102509531847096
23.67,-0.010018355325521,0.610187138425532,0.589812861574468,0.6,-0.101871384255324
23.68,-0.00996241085280143,0.610122556950744,0.589877443049256,0.6,-0.101225569507438
23.69,-0.00990621732032935,0.610057210374877,0.589942789625123,0.6,-0.100572103748767
23.7,-0.00984977613294023,0.609991100331593,0.590008899668407,0.6,-0.0999110033159278
23.71,-0.00979308870166077,0.609924228473639,0.590075771526361,0.6,-0.0992422847363883
23.72,-0.00973615644367386,0.609856596472809,0.590143403527191,0.6,-0.0985659647280868
23.73,-0.00967898078228292,0.609788206019898,0.590211793980102,0.6,-0.0978820601989805
23.74,-0.00962156314687653,0.609719058824665,0.590280941175335,0.6,-0.0971905882466517
23.75,-0.00956390497289262,0.609649156615787,0.590350843384213,0.6,-0.0964915661578658
23.76,-0.00950600770178248,0.609578501140813,0.590421498859187,0.6,-0.0957850114081293
23.77,-0.00944787278097493,0.609507094166128,0.590492905833871,0.6,-0.0950709416612849
23.78,-0.0093895016638399,0.609434937476903,0.590565062523097,0.6,-0.0943493747690305
23.79,-0.00933089580965234,0.609362032877051,0.590637967122949,0.6,-0.0936203287705073
23.8,-0.0092720566835555,0.609288382189182,0.590711617810818,0.6,-0.0928838218918204
23.81,-0.00921298575652451,0.609213987254561,0.590786012745439,0.6,-0.0921398725456124
23.82,-0.00915368450532943,0.609138849933057,0.590861150066943,0.6,-0.091388499330568
23.83,-0.00909415441249846,0.609062972103099,0.590937027896901,0.6,-0.0906297210309859
23.84,-0.00903439696628087,0.608986355661628,0.591013644338372,0.6,-0.0898635566162842
23.85,-0.00897441366060963,0.608909002524053,0.591090997475947,0.6,-0.0890900252405258
23.86,-0.00891420599506432,0.608830914624196,0.591169085375803,0.6,-0.088309146241965
23.87,-0.00885377547483339,0.608752093914253,0.591247906085747,0.6,-0.0875209391425269
23.88,-0.00879312361067674,0.608672542364736,0.591327457635264,0.6,-0.0867254236473558
23.89,-0.00873225191888778,0.608592261964429,0.591407738035571,0.6,-0.0859226196442897
23.9,-0.00867116192125565,0.608511254720339,0.591488745279661,0.6,-0.0851125472033931
23.91,-0.00860985514502714,0.608429522657643,0.591570477342356,0.6,-0.0842952265764352
23.92,-0.00854833312286841,0.608347067819638,0.591652932180362,0.6,-0.0834706781963823
23.93,-0.00848659739282685,0.608263892267691,0.591736107732309,0.6,-0.0826389226769098
23.94,-0.00842464949829246,0.608179998081185,0.591820001918815,0.6,-0.0817999808118541
23.95,-0.00836249098795942,0.608095387357472,0.591904612642527,0.6,-0.0809538735747251
23.96,-0.0083001234157872,0.608010062211815,0.591989937788185,0.6,-0.0801006221181533
23.97,-0.00823754834096192,0.607924024777339,0.592075975222661,0.6,-0.0792402477733878
23.98,-0.00817476732785712,0.607837277204973,0.592162722795027,0.6,-0.078372772049734
23.99,-0.00811178194599489,0.607749821663405,0.592250178336595,0.6,-0.0774982166340465
24,-0.00804859377000652,0.607661660339017,0.592338339660983,0.6,-0.0766166033901661
24.01,-0.00798520437959308,0.607572795435837,0.592427204564163,0.6,-0.0757279543583689
24.02,-0.00792161535948607,0.607483229175485,0.592516770824515,0.6,-0.0748322917548461
24.03,-0.00785782829940763,0.60739296379711,0.592607036202889,0.6,-0.0739296379711052
24.04,-0.00779384479403099,0.607302001557345,0.592697998442655,0.6,-0.0730200155734539
24.05,-0.00772966644294041,0.607210344730239,0.592789655269761,0.6,-0.072103447302394
24.06,-0.00766529485059134,0.607117995607209,0.592882004392791,0.6,-0.0711799560720938
24.07,-0.00760073162627026,0.607024956496979,0.592975043503021,0.6,-0.0702495649697854
24.08,-0.00753597838405437,0.606931229725519,0.593068770274481,0.6,-0.0693122972551896
24.09,-0.0074710367427714,0.606836817635996,0.593163182364004,0.6,-0.0683681763599608
24.1,-0.00740590832595896,0.606741722588706,0.593258277411294,0.6,-0.067417225887062
24.11,-0.00734059476182412,0.606645946961022,0.593354053038978,0.6,-0.0664594696102161
24.12,-0.00727509768320252,0.606549493147327,0.593450506852673,0.6,-0.06549493147327
24.13,-0.00720941872751779,0.606452363558964,0.593547636441036,0.6,-0.0645236355896361
24.14,-0.00714355953674033,0.606354560624165,0.593645439375835,0.6,-0.0635456062416517
24.15,-0.00707752175734651,0.606256086788001,0.593743913211999,0.6,-0.0625608678800071
24.16,-0.00701130704027741,0.606156944512311,0.593843055487689,0.6,-0.0615694451231097
24.17,-0.00694491704089744,0.606057136275647,0.593942863724353,0.6,-0.0605713627564697
24.18,-0.00687835341895319,0.60595666457321,0.59404333542679,0.6,-0.0595666457321042
24.19,-0.00681161783853169,0.605855531916788,0.594144468083212,0.6,-0.0585553191678756
24.2,-0.00674471196801902,0.605753740834691,0.594246259165309,0.6,-0.057537408346906
24.21,-0.00667763748005842,0.60565129387169,0.59434870612831,0.6,-0.0565129387169028
24.22,-0.00661039605150863,0.605548193588956,0.594451806411044,0.6,-0.0554819358895642
24.23,-0.00654298936340182,0.60544444256399,0.59455555743601,0.6,-0.0544444256398968
24.24,-0.0064754191009017,0.605340043390561,0.594659956609439,0.6,-0.0534004339056082
24.25,-0.00640768695326135,0.605234998678644,0.594765001321356,0.6,-0.0523499867864408
24.26,-0.00633979461378087,0.605129311054351,0.594870688945649,0.6,-0.0512931105435077
24.27,-0.00627174377976528,0.605022983159867,0.594977016840133,0.6,-0.0502298315986727
24.28,-0.00620353615248181,0.604916017653384,0.595083982346616,0.6,-0.0491601765338401
24.29,-0.00613517343711766,0.604808417209034,0.595191582790966,0.6,-0.0480841720903447
24.3,-0.0060666573427371,0.604700184516823,0.595299815483177,0.6,-0.0470018451682286
24.31,-0.00599798958223894,0.604591322282562,0.595408677717438,0.6,-0.0459132228256187
24.32,-0.00592917187231365,0.604481833227801,0.595518166772199,0.6,-0.0448183322780138
24.33,-0.00586020593340033,0.604371720089762,0.595628279910238,0.6,-0.0437172008976161
24.34,-0.00579109348964392,0.604260985621266,0.595739014378734,0.6,-0.0426098562126609
24.35,-0.00572183626885186,0.60414963259067,0.59585036740933,0.6,-0.0414963259066969
24.36,-0.00565243600245112,0.604037663781794,0.595962336218206,0.6,-0.0403766378179371
24.37,-0.0055828944254447,0.603925081993851,0.596074918006149,0.6,-0.0392508199385111
24.38,-0.00551321327636843,0.603811890041382,0.596188109958618,0.6,-0.0381189004138216
24.39,-0.00544339429724738,0.603698090754178,0.596301909245822,0.6,-0.0369809075417837
24.4,-0.00537343923355241,0.603583686977217,0.596416313022783,0.6,-0.03583686977217
24.41,-0.00530334983415648,0.603468681570586,0.596531318429414,0.6,-0.0346868157058644
24.42,-0.0052331278512909,0.603353077409415,0.596646922590585,0.6,-0.0335307740941504
24.43,-0.00516277504050162,0.603236877383802,0.596763122616198,0.6,-0.0323687738380207
24.44,-0.00509229316060519,0.603120084398741,0.596879915601259,0.6,-0.0312008439874079
24.45,-0.005021683973645,0.603002701374051,0.596997298625949,0.6,-0.0300270137405101
24.46,-0.00495094924484699,0.602884731244301,0.597115268755699,0.6,-0.02884731244301
24.47,-0.00488009074257574,0.602766176958739,0.597233823041261,0.6,-0.0276617695873904
24.48,-0.00480911023829007,0.602647041481215,0.597352958518785,0.6,-0.0264704148121497
24.49,-0.00473800950649892,0.60252732779011,0.59747267220989,0.6,-0.0252732779011033
24.5,-0.00466679032471691,0.602407038878261,0.597592961121739,0.6,-0.0240703887826121
24.51,-0.00459545447341981,0.602286177752883,0.597713822247117,0.6,-0.0228617775288331
24.52,-0.00452400373600025,0.6021647474355,0.5978352525645,0.6,-0.0216474743549955
24.53,-0.00445243989872289,0.60204275096186,0.59795724903814,0.6,-0.0204275096186046
24.54,-0.00438076475067999,0.601920191381873,0.598079808618127,0.6,-0.019201913818726
24.55,-0.00430898008374645,0.601797071759518,0.598202928240482,0.6,-0.0179707175951793
24.56,-0.00423708769253525,0.601673395172782,0.598326604827218,0.6,-0.0167339517278153
24.57,-0.00416508937435245,0.601549164713572,0.598450835286428,0.6,-0.0154916471357158
24.58,-0.00409298692915219,0.601424383487642,0.598575616512358,0.6,-0.014243834876424
24.59,-0.0040207821594919,0.601299054614519,0.598700945385481,0.6,-0.0129905461451896
24.6,-0.00394847687048701,0.601173181227416,0.598826818772584,0.6,-0.0117318122741561
24.61,-0.00387607286976604,0.601046766473162,0.598953233526838,0.6,-0.0104676647316171
24.62,-0.00380357196742518,0.600919813512118,0.599080186487882,0.6,-0.00919813512118117
24.63,-0.00373097597598326,0.600792325518104,0.599207674481896,0.6,-0.00792325518103709
24.64,-0.00365828671033624,0.60066430567831,0.59933569432169,0.6,-0.00664305678310217
24.65,-0.00358550598771199,0.600535757193228,0.599464242806772,0.6,-0.0053575719322807
24.66,-0.00351263562762482,0.600406683276563,0.599593316723437,0.6,-0.0040668327656268
24.67,-0.00343967745182989,0.600277087155154,0.599722912844846,0.6,-0.00277087155154288
24.68,-0.00336663328427783,0.6001469720689,0.5998530279311,0.6,-0.00146972068900353
24.69,-0.00329350495106899,0.60001634127067,0.59998365872933,0.6,-0.000163412706701838
24.7,-0.00322029428040793,0.599885198026228,0.600114801973772,0.6,0.00114801973772116
24.71,-0.00314700310255756,0.599753545614147,0.600246454385853,0.6,0.00246454385853134
24.72,-0.00307363324979356,0.599621387325731,0.600378612674269,0.6,0.0037861267426853
24.73,-0.00300018655635837,0.599488726464931,0.600511273535069,0.6,0.00511273535068968
24.74,-0.00292666485841553,0.599355566348261,0.600644433651739,0.6,0.00644433651739051
24.75,-0.00285306999400369,0.599221910304717,0.600778089695283,0.6,0.00778089695282702
24.76,-0.00277940380299057,0.599087761675693,0.600912238324307,0.6,0.00912238324306869
24.77,-0.00270566812702717,0.598953123814899,0.601046876185101,0.6,0.0104687618510135
24.78,-0.00263186480950148,0.598818000088272,0.601181999911728,0.6,0.0118199991172807
24.79,-0.00255799569549265,0.5986823938739,0.6013176061261,0.6,0.0131760612609966
24.8,-0.00248406263172464,0.598546308561931,0.601453691438069,0.6,0.0145369143806884
24.81,-0.00241006746652022,0.598409747554491,0.601590252445509,0.6,0.0159025244550925
24.82,-0.00233601204975468,0.598272714265597,0.601727285734403,0.6,0.0172728573440273
24.83,-0.00226189823280954,0.598135212121075,0.601864787878925,0.6,0.0186478787892497
24.84,-0.00218772786852641,0.597997244558472,0.602002755441528,0.6,0.0200275544152839
24.85,-0.00211350281116049,0.597858815026968,0.602141184973032,0.6,0.021411849730324
24.86,-0.00203922491633439,0.597719926987295,0.602280073012705,0.6,0.0228007301270472
24.87,-0.00196489604099157,0.597580583911647,0.602419416088353,0.6,0.0241941608835261
24.88,-0.00189051804335009,0.597440789283595,0.602559210716405,0.6,0.0255921071640541
24.89,-0.00181609278285596,0.597300546597994,0.602699453402006,0.6,0.0269945340200584
24.9,-0.00174162212013685,0.597159859360907,0.602840140639093,0.6,0.0284014063909321
24.91,-0.00166710791695547,0.597018731089506,0.602981268910494,0.6,0.0298126891049388
24.92,-0.00159255203616297,0.596877165311991,0.603122834688009,0.6,0.0312283468800933
24.93,-0.00151795634165254,0.596735165567499,0.603264834432501,0.6,0.0326483443250125
24.94,-0.0014433226983126,0.596592735406015,0.603407264593985,0.6,0.0340726459398466
24.95,-0.0013686529719804,0.596449878388288,0.603550121611712,0.6,0.0355012161171175
24.96,-0.00129394902939516,0.596306598085734,0.603693401914266,0.6,0.0369340191426559
24.97,-0.0012192127381516,0.596162898080355,0.603837101919645,0.6,0.0383710191964515
24.98,-0.00114444596665307,0.596018781964641,0.603981218035359,0.6,0.0398121803535878
24.99,-0.00106965058406497,0.59587425334149,0.60412574665851,0.6,0.0412574665851018
25,-0.00099482846026801,0.595729315824109,0.604270684175891,0.6,0.0427068417589138
25.01,-0.000919981465811331,0.595583973035927,0.604416026964073,0.6,0.0441602696407295
25.02,-0.000845111471865949,0.595438228610509,0.604561771389491,0.6,0.0456177138949143
25.03,-0.00077022035017776,0.595292086191455,0.604707913808545,0.6,0.0470791380854496
25.04,-0.000695309973020958,0.59514554943232,0.60485445056768,0.6,0.0485445056767952
25.05,-0.000620382213151019,0.594998621996515,0.605001378003485,0.6,0.050013780034851
25.06,-0.000545438943758062,0.594851307557218,0.605148692442782,0.6,0.0514869244278238
25.07,-0.000470482038419946,0.594703609797282,0.605296390202718,0.6,0.052963902027181
25.08,-0.000395513371055347,0.594555532409143,0.605444467590857,0.6,0.0544446759085682
25.09,-0.000320534815877098,0.59440707909473,0.60559292090527,0.6,0.0559292090527042
25.1,-0.00024554824734512,0.594258253565365,0.605741746434635,0.6,0.0574174643463499
25.11,-0.000170555540119775,0.594109059541681,0.605890940458319,0.6,0.0589094045831873
25.12,-9.5558569014782e-05,0.59395950075352,0.60604049924648,0.6,0.0604049924648009
25.13,-2.05592089505678e-05,0.593809580939844,0.606190419060156,0.6,0.0619041906015605
25.14,5.4440665092826e-05,0.59365930384864,0.60634069615136,0.6,0.0634069615136013
25.15,0.000129439178122428,0.593508673236828,0.606491326763172,0.6,0.0649132676317199
25.16,0.000204434455179292,0.593357692870166,0.606642307129834,0.6,0.0664230712983416
25.17,0.00027942462138545,0.593206366523154,0.606793633476846,0.6,0.0679363347684636
25.18,0.000354407801990601,0.593054697978943,0.606945302021057,0.6,0.0694530202105659
25.19,0.000429382122419188,0.59290269102924,0.60709730897076,0.6,0.0709730897076022
25.2,0.00050434570831705,0.59275034947421,0.60724965052579,0.6,0.072496505257903
25.21,0.0005792966855985,0.592597677122383,0.607402322877617,0.6,0.07402322877617
25.22,0.000654233180492955,0.592444677790562,0.607555322209438,0.6,0.0755532220943844
25.23,0.000729153319591998,0.59229135530372,0.60770864469628,0.6,0.0770864469628041
25.24,0.000804055229896029,0.592137713494912,0.607862286505088,0.6,0.078622865050878
25.25,0.000878937038861163,0.591983756205177,0.608016243794823,0.6,0.0801624379482346
25.26,0.00095379687444613,0.591829487283436,0.608170512716564,0.6,0.0817051271656388
25.27,0.00102863286515889,0.591674910586407,0.608325089413593,0.6,0.0832508941359311
25.28,0.00110344314010362,0.591520029978497,0.608479970021503,0.6,0.084799700215028
25.29,0.00117822582902729,0.591364849331715,0.608635150668285,0.6,0.0863515066828469
25.3,0.00125297906236662,0.591209372525568,0.608790627474432,0.6,0.0879062747443193
25.31,0.00132770097129466,0.591053603446969,0.608946396553031,0.6,0.0894639655303142
25.32,0.00140238968776754,0.590897545990136,0.609102454009864,0.6,0.0910245400986442
25.33,0.00147704334457129,0.590741204056496,0.609258795943504,0.6,0.0925879594350354
25.34,0.00155166007536833,0.590584581554593,0.609415418445407,0.6,0.0941541844540739
25.35,0.00162623801474433,0.590427682399977,0.609572317600023,0.6,0.0957231760002264
25.36,0.00170077529825464,0.590270510515122,0.609729489484878,0.6,0.0972948948487762
25.37,0.00177527006247109,0.590113069829316,0.609886930170684,0.6,0.0988693017068443
25.38,0.00184972044502842,0.589955364278567,0.610044635721433,0.6,0.100446357214329
25.39,0.00192412458467099,0.589797397805506,0.610202602194494,0.6,0.102026021944938
25.4,0.00199848062129916,0.589639174359287,0.610360825640713,0.6,0.103608256407126
25.41,0.00207278669601586,0.589480697895489,0.610519302104511,0.6,0.105193021045114
25.42,0.00214704095117314,0.589321972376012,0.610678027623988,0.6,0.106780276239876
25.43,0.00222124153041843,0.58916300176899,0.61083699823101,0.6,0.108369982310105
25.44,0.00229538657874119,0.589003790048676,0.610996209951324,0.6,0.109962099513243
25.45,0.002369474242519,0.588844341195357,0.611155658804643,0.6,0.111556588046431
25.46,0.00244350266956419,0.588684659195245,0.611315340804755,0.6,0.113153408047549
25.47,0.00251747000916987,0.588524748040383,0.611475251959617,0.6,0.114752519596172
25.48,0.00259137441215647,0.58836461172854,0.61163538827146,0.6,0.116353882714604
25.49,0.00266521403091773,0.588204254263116,0.611795745736884,0.6,0.117957457368841
25.5,0.00273898701946701,0.58804367965304,0.61195632034696,0.6,0.119563203469601
25.51,0.00281269153348348,0.587882891912668,0.612117108087332,0.6,0.121171080873325
25.52,0.00288632573035809,0.587721895061685,0.612278104938315,0.6,0.122781049383147
25.53,0.00295988776923979,0.587560693125005,0.612439306874995,0.6,0.124393068749953
25.54,0.00303337581108139,0.587399290132667,0.612600709867333,0.6,0.12600709867333
25.55,0.00310678801868573,0.587237690119738,0.612762309880262,0.6,0.127623098802624
25.56,0.00318012255675141,0.587075897126209,0.612924102873791,0.6,0.12924102873791
25.57,0.00325337759191879,0.586913915196898,0.613086084803102,0.6,0.130860848031022
25.58,0.00332655129281583,0.586751748381343,0.613248251618657,0.6,0.132482516186572
25.59,0.00339964183010379,0.586589400733707,0.613410599266293,0.6,0.134105992662927
25.6,0.00347264737652308,0.586426876312673,0.613573123687327,0.6,0.135731236873272
25.61,0.00354556610693881,0.586264179181342,0.613735820818658,0.6,0.137358208186577
25.62,0.00361839619838655,0.586101313407135,0.613898686592865,0.6,0.138986865928653
25.63,0.00369113583011776,0.585938283061687,0.614061716938313,0.6,0.14061716938313
25.64,0.00376378318364549,0.585775092220748,0.614224907779252,0.6,0.142249077792519
25.65,0.00383633644278966,0.585611744964081,0.614388255035919,0.6,0.143882550359186
25.66,0.00390879379372255,0.58544824537536,0.61455175462464,0.6,0.145517546246401
25.67,0.0039811534250142,0.585284597542064,0.614715402457936,0.6,0.147154024579361
25.68,0.00405341352767755,0.585120805555382,0.614879194444618,0.6,0.148791944446182
25.69,0.00412557229521385,0.584956873510104,0.615043126489896,0.6,0.150431264898964
25.7,0.00419762792365762,0.584792805504523,0.615207194495477,0.6,0.152071944954768
25.71,0.00426957861162195,0.584628605640331,0.615371394359669,0.6,0.153713943596693
25.72,0.00434142256034333,0.584464278022516,0.615535721977484,0.6,0.155357219774843
25.73,0.00441315797372685,0.584299826759259,0.615700173240741,0.6,0.157001732407412
25.74,0.00448478305839087,0.584135255961834,0.615864744038166,0.6,0.158647440381664
25.75,0.004556296023712,0.583970569744502,0.616029430255498,0.6,0.160294302554982
25.76,0.00462769508186986,0.583805772224409,0.616194227775591,0.6,0.161942277755907
25.77,0.00469897844789168,0.583640867521487,0.616359132478513,0.6,0.163591324785133
25.78,0.00477014433969706,0.583475859758342,0.616524140241658,0.6,0.165241402416582
25.79,0.00484119097814237,0.583310753060161,0.616689246939839,0.6,0.166892469398388
25.8,0.0049121165870654,0.583145551554603,0.616854448445397,0.6,0.168544484453973
25.81,0.00498291939332958,0.582980259371696,0.617019740628304,0.6,0.17019740628304
25.82,0.00505359762686844,0.582814880643737,0.617185119356263,0.6,0.171851193562628
25.83,0.00512414952072986,0.582649419505185,0.617350580494815,0.6,0.173505804948149
25.84,0.00519457331112012,0.582483880092561,0.617516119907439,0.6,0.175161199074393
25.85,0.00526486723744818,0.582318266544339,0.617681733455661,0.6,0.176817334556607
25.86,0.00533502954236948,0.582152583000852,0.617847416999148,0.6,0.178474169991476
25.87,0.00540505847183012,0.581986833604179,0.618013166395821,0.6,0.180131663958214
25.88,0.00547495227511045,0.581821022498045,0.618178977501954,0.6,0.181789775019545
25.89,0.00554470920486908,0.581655153827721,0.618344846172279,0.6,0.183448461722792
25.9,0.00561432751718638,0.581489231739914,0.618510768260086,0.6,0.185107682600864
25.91,0.00568380547160813,0.581323260382668,0.618676739617332,0.6,0.186767396173324
25.92,0.00575314133118915,0.581157243905257,0.618842756094743,0.6,0.188427560947431
25.93,0.00582233336253651,0.580991186458086,0.619008813541914,0.6,0.190088135419139
25.94,0.00589137983585307,0.580825092192582,0.619174907807418,0.6,0.191749078074183
25.95,0.00596027902498056,0.580658965261093,0.619341034738907,0.6,0.193410347389074
25.96,0.00602902920744288,0.580492809816782,0.619507190183218,0.6,0.195071901832176
25.97,0.006097628664489,0.58032663001353,0.61967336998647,0.6,0.196733699864703
25.98,0.00616607568113611,0.58016043000582,0.61983956999418,0.6,0.198395699941801
25.99,0.00623436854621235,0.579994213948645,0.620005786051355,0.6,0.200057860513548
26,0.00630250555239961,0.579827985997398,0.620172014002602,0.6,0.201720140026017
26.01,0.00637048499627635,0.579661750307769,0.620338249692231,0.6,0.203382496922312
26.02,0.00643830517835994,0.579495511035641,0.620504488964359,0.6,0.205044889643589
26.03,0.00650596440314944,0.579329272336987,0.620670727663012,0.6,0.206707276630125
26.04,0.00657346097916768,0.579163038367768,0.620836961632232,0.6,0.208369616322324
26.05,0.00664079321900383,0.578996813283821,0.621003186716179,0.6,0.210031867161787
26.06,0.00670795943935538,0.578830601240767,0.621169398759233,0.6,0.211693987592326
26.07,0.0067749579610703,0.578664406393898,0.621335593606101,0.6,0.213355936061015
26.08,0.00684178710918907,0.578498232898076,0.621501767101924,0.6,0.215017671019235
26.09,0.00690844521298644,0.578332084907631,0.621667915092369,0.6,0.216679150923691
26.1,0.00697493060601332,0.578165966576252,0.621834033423748,0.6,0.218340334237481
26.11,0.0070412416261383,0.57799988205689,0.62200011794311,0.6,0.220001179431097
26.12,0.00710737661558938,0.577833835501649,0.622166164498351,0.6,0.22166164498351
26.13,0.00717333392099523,0.577667831061685,0.622332168938315,0.6,0.223321689383152
26.14,0.00723911189342668,0.577501872887099,0.622498127112901,0.6,0.224981271129013
26.15,0.00730470888843784,0.577335965126837,0.622664034873163,0.6,0.226640348731628
26.16,0.00737012326610722,0.577170111928586,0.622829888071414,0.6,0.228298880714143
26.17,0.00743535339107882,0.577004317438665,0.622995682561335,0.6,0.229956825613352
26.18,0.00750039763260289,0.576838585801929,0.623161414198071,0.6,0.231614141980709
26.19,0.0075652543645768,0.57667292116166,0.62332707883834,0.6,0.233270788383402
26.2,0.0076299219655856,0.576507327659465,0.623492672340535,0.6,0.234926723405346
26.21,0.00769439881894268,0.576341809435174,0.623658190564826,0.6,0.236581905648262
26.22,0.00775868331273001,0.576176370626733,0.623823629373267,0.6,0.238236293732671
26.23,0.00782277383983865,0.576011015370103,0.623988984629896,0.6,0.239889846298965
26.24,0.00788666879800872,0.575845747799159,0.624154252200841,0.6,0.241542522008411
26.25,0.00795036658986958,0.57568057204558,0.62431942795442,0.6,0.243194279544201
26.26,0.0080138656229798,0.575515492238751,0.624484507761249,0.6,0.24484507761249
26.27,0.00807716430986682,0.57535051250566,0.62464948749434,0.6,0.246494874943404
26.28,0.00814026106806679,0.57518563697079,0.62481436302921,0.6,0.248143630292101
26.29,0.00820315432016401,0.575020869756022,0.624979130243978,0.6,0.249791302439779
26.3,0.0082658424938305,0.574856214980527,0.625143785019473,0.6,0.251437850194727
26.31,0.00832832402186515,0.574691676760667,0.625308323239333,0.6,0.25308323239333
26.32,0.008390597342233,0.574527259209888,0.625472740790112,0.6,0.254727407901119
26.33,0.00845266089810433,0.57436296643862,0.62563703356138,0.6,0.256370335613798
26.34,0.00851451313789342,0.574198802554175,0.625801197445825,0.6,0.258011974458251
26.35,0.00857615251529755,0.57403477166064,0.62596522833936,0.6,0.259652283393603
26.36,0.00863757748933546,0.57387087785878,0.62612912214122,0.6,0.261291221412204
26.37,0.00869878652438602,0.57370712524593,0.62629287475407,0.6,0.262928747540701
26.38,0.00875977809022652,0.573543517915898,0.626456482084102,0.6,0.264564820841016
26.39,0.00882055066207102,0.573380059958859,0.626619940041141,0.6,0.26619940041141
26.4,0.00888110272060837,0.573216755461253,0.626783244538747,0.6,0.267832445387471
26.41,0.00894143275204024,0.573053608505684,0.626946391494316,0.6,0.269463914943163
26.42,0.00900153924811903,0.572890623170816,0.627109376829184,0.6,0.271093768291837
26.43,0.00906142070618542,0.572727803531277,0.627272196468723,0.6,0.272721964687235
26.44,0.00912107562920613,0.572565153657546,0.627434846342454,0.6,0.274348463424541
26.45,0.00918050252581115,0.572402677615864,0.627597322384136,0.6,0.275973223841363
26.46,0.00923969991033119,0.572240379468122,0.627759620531878,0.6,0.277596205318782
26.47,0.00929866630283469,0.572078263271766,0.627921736728234,0.6,0.279217367282339
26.48,0.00935740022916494,0.571916333079692,0.628083666920308,0.6,0.280836669203078
26.49,0.00941590022097683,0.571754592940147,0.628245407059853,0.6,0.282454070598528
26.5,0.00947416481577358,0.571593046896626,0.628406953103374,0.6,0.284069531033738
26.51,0.0095321925569434,0.571431698987771,0.628568301012229,0.6,0.28568301012229
26.52,0.00958998199379575,0.571270553247272,0.628729446752728,0.6,0.287294467527278
26.53,0.00964753168159775,0.571109613703764,0.628890386296236,0.6,0.288903862962364
26.54,0.00970484018161017,0.570948884380727,0.629051115619273,0.6,0.290511156192734
26.55,0.00976190606112353,0.570788369296385,0.629211630703615,0.6,0.292116307036151
26.56,0.00981872789349379,0.570628072463608,0.629371927536392,0.6,0.293719275363922
26.57,0.00987530425817808,0.570467997889808,0.629532002110192,0.6,0.29532002110192
26.58,0.00993163374077028,0.570308149576841,0.629691850423159,0.6,0.296918504231592
26.59,0.00998771493303621,0.570148531520906,0.629851468479094,0.6,0.298514684790937
26.6,0.010043546432949,0.569989147712447,0.630010852287553,0.6,0.30010852287553
26.61,0.0100991268447241,0.569830002136051,0.630169997863949,0.6,0.301699978639492
26.62,0.0101544547788541,0.569671098770347,0.630328901229652,0.6,0.303289012296525
26.63,0.0102095288521434,0.569512441587914,0.630487558412086,0.6,0.304875584120857
26.64,0.0102643476877433,0.569354034555171,0.630645965444829,0.6,0.306459654448288
26.65,0.0103189099151855,0.569195881632287,0.630804118367713,0.6,0.308041183677132
26.66,0.0103732141704173,0.569037986773076,0.630962013226924,0.6,0.309620132269243
26.67,0.0104272590958351,0.568880353924901,0.631119646075099,0.6,0.311196460750993
26.68,0.0104810433403185,0.568722987028575,0.631277012971425,0.6,0.312770129714246
26.69,0.0105345655592644,0.568565890018263,0.631434109981737,0.6,0.314341099817367
26.7,0.01058782441462,0.568409066821382,0.631590933178618,0.6,0.315909331786176
26.71,0.0106408185749166,0.568252521358503,0.631747478641496,0.6,0.317474786414965
26.72,0.0106935467153031,0.568096257543256,0.631903742456744,0.6,0.319037424567441
26.73,0.0107460075175786,0.567940279282226,0.632059720717774,0.6,0.320597207177741
26.74,0.0107981996702259,0.567784590474863,0.632215409525137,0.6,0.322154095251372
26.75,0.0108501218684439,0.567629195013378,0.632370804986622,0.6,0.323708049866217
26.76,0.0109017728141802,0.567474096782651,0.632525903217349,0.6,0.325259032173494
26.77,0.010953151216164,0.567319299660128,0.632680700339872,0.6,0.326807003398721
26.78,0.0110042557899379,0.56716480751573,0.63283519248427,0.6,0.328351924842704
26.79,0.0110550852578901,0.567010624211752,0.632989375788248,0.6,0.329893757882481
26.8,0.0111056383492867,0.566856753602769,0.633143246397231,0.6,0.331432463972313
26.81,0.011155913800303,0.566703199535538,0.633296800464462,0.6,0.332968004644622
26.82,0.0112059103540553,0.566549965848903,0.633450034151097,0.6,0.334500341510973
26.83,0.0112556267606324,0.566397056373697,0.633602943626303,0.6,0.336029436263027
26.84,0.0113050617771267,0.566244474932651,0.633755525067349,0.6,0.337555250673488
26.85,0.0113542141676654,0.566092225340291,0.633907774659708,0.6,0.339077746597085
26.86,0.0114030827034413,0.565940311402851,0.634059688597149,0.6,0.34059688597149
26.87,0.0114516661627434,0.56578873691817,0.63421126308183,0.6,0.342112630818304
26.88,0.011499963330988,0.565637505675602,0.634362494324398,0.6,0.343624943243981
26.89,0.0115479730007482,0.565486621455921,0.634513378544079,0.6,0.345133785440793
26.9,0.0115956939717849,0.565336088031224,0.634663911968776,0.6,0.346639119687759
26.91,0.0116431250510762,0.56518590916484,0.63481409083516,0.6,0.348140908351603
26.92,0.0116902650528477,0.565036088611231,0.634963911388769,0.6,0.34963911388769
26.93,0.0117371127986017,0.564886630115905,0.635113369884095,0.6,0.351133698840952
26.94,0.011783667117147,0.564737537415315,0.635262462584685,0.6,0.352624625846852
26.95,0.0118299268446282,0.564588814236771,0.635411185763229,0.6,0.354111857632285
26.96,0.0118758908245544,0.564440464298346,0.635559535701654,0.6,0.35559535701654
26.97,0.0119215579078285,0.564292491308779,0.635707508691221,0.6,0.357075086912205
26.98,0.0119669269527758,0.564144898967389,0.635855101032611,0.6,0.358551010326114
26.99,0.0120119968251726,0.563997690963975,0.636002309036025,0.6,0.360023090360253
27,0.0120567663982743,0.56385087097873,0.63614912902127,0.6,0.3614912902127
27.01,0.0121012345528441,0.563704442682146,0.636295557317854,0.6,0.362955573178539
27.02,0.0121454001771803,0.563558409734923,0.636441590265077,0.6,0.364415902650767
27.03,0.0121892621671447,0.563412775787877,0.636587224212123,0.6,0.365872242121227
27.04,0.0122328194261897,0.56326754448185,0.63673245551815,0.6,0.367324555181503
27.05,0.0122760708653862,0.563122719447615,0.636877280552385,0.6,0.36877280552385
27.06,0.0123190154034505,0.562978304305792,0.637021695694208,0.6,0.370216956942083
27.07,0.0123616519667712,0.562834302666751,0.637165697333249,0.6,0.371656973332488
27.08,0.0124039794894367,0.562690718130526,0.637309281869474,0.6,0.373092818694738
27.09,0.0124459969132609,0.562547554286724,0.637452445713276,0.6,0.374524457132764
27.1,0.0124877031878106,0.562404814714431,0.637595185285569,0.6,0.375951852855689
27.11,0.0125290972704309,0.562262502982131,0.637737497017869,0.6,0.377374970178687
27.12,0.0125701781262721,0.56212062264761,0.63787937735239,0.6,0.378793773523904
27.13,0.0126109447283148,0.561979177257867,0.638020822742133,0.6,0.380208227421326
27.14,0.0126513960573961,0.561838170349031,0.638161829650968,0.6,0.381618296509685
27.15,0.0126915311022349,0.561697605446268,0.638302394553732,0.6,0.383023945537322
27.16,0.0127313488594571,0.561557486063692,0.638442513936308,0.6,0.384425139363084
27.17,0.012770848333621,0.56141781570428,0.63858218429572,0.6,0.385821842957205
27.18,0.0128100285372417,0.561278597859784,0.638721402140216,0.6,0.387214021402159
27.19,0.0128488884908161,0.561139836010643,0.638860163989357,0.6,0.388601639893565
27.2,0.0128874272228474,0.561001533625897,0.638998466374103,0.6,0.389984663741028
27.21,0.0129256437698695,0.560863694163097,0.639136305836903,0.6,0.391363058369028
27.22,0.0129635371764704,0.560726321068223,0.639273678931777,0.6,0.392736789317766
27.23,0.0130011064953172,0.560589417775595,0.639410582224405,0.6,0.394105822244045
27.24,0.0130383507871787,0.560452987707789,0.639547012292211,0.6,0.39547012292211
27.25,0.0130752691209496,0.560317034275549,0.639682965724451,0.6,0.396829657244514
27.26,0.0131118605736735,0.560181560877703,0.639818439122297,0.6,0.398184391222974
27.27,0.0131481242305659,0.560046570901079,0.639953429098921,0.6,0.399534290989207
27.28,0.0131840591850374,0.559912067720421,0.640087932279579,0.6,0.400879322795794
27.29,0.0132196645387159,0.5597780546983,0.6402219453017,0.6,0.402219453017003
27.3,0.0132549394014695,0.559644535185034,0.640355464814966,0.6,0.403554648149655
27.31,0.0132898828914284,0.559511512518606,0.640488487481394,0.6,0.404884874813938
27.32,0.0133244941350072,0.559378990024575,0.640621009975425,0.6,0.406210099754252
27.33,0.0133587722669267,0.559246971015995,0.640753028984005,0.6,0.407530289840049
27.34,0.0133927164302352,0.559115458793336,0.640884541206664,0.6,0.408845412066638
27.35,0.0134263257763305,0.558984456644396,0.641015543355604,0.6,0.410155433556041
27.36,0.0134595994649806,0.558853967844222,0.641146032155778,0.6,0.411460321557779
27.37,0.0134925366643452,0.558723995655027,0.641276004344973,0.6,0.412760043449729
27.38,0.0135251365509959,0.55859454332611,0.64140545667389,0.6,0.414054566738904
27.39,0.0135573983099372,0.55846561409377,0.641534385906229,0.6,0.415343859062295
27.4,0.0135893211346269,0.558337211181234,0.641662788818766,0.6,0.416627888187657
27.41,0.0136209042269961,0.558209337798567,0.641790662201433,0.6,0.417906622014329
27.42,0.0136521467974689,0.558081997142596,0.641918002857404,0.6,0.419180028574035
27.43,0.0136830480649829,0.557955192396832,0.642044807603168,0.6,0.420448076031675
27.44,0.0137136072570079,0.557828926731387,0.642171073268613,0.6,0.42171073268613
27.45,0.0137438236095658,0.557703203302895,0.642296796697105,0.6,0.422967966971046
27.46,0.0137736963672492,0.557578025254436,0.642421974745564,0.6,0.424219747455638
27.47,0.0138032247832408,0.557453395715455,0.642546604284545,0.6,0.42546604284545
27.48,0.0138324081193318,0.557329317801683,0.642670682198317,0.6,0.42670682198317
27.49,0.0138612456459402,0.557205794615062,0.642794205384938,0.6,0.427942053849382
27.5,0.0138897366421294,0.557082829243665,0.642917170756335,0.6,0.429171707563351
27.51,0.013917880395626,0.55696042476162,0.64303957523838,0.6,0.430395752383801
27.52,0.0139456762028376,0.556838584229033,0.643161415770967,0.6,0.431614157709673
27.53,0.0139731233688704,0.55671731069191,0.64328268930809,0.6,0.432826893080901
27.54,0.0140002212075468,0.556596607182084,0.643403392817916,0.6,0.434033928179159
27.55,0.0140269690414222,0.556476476717136,0.643523523282864,0.6,0.435235232828638
27.56,0.0140533662018021,0.556356922300322,0.643643077699678,0.6,0.43643077699678
27.57,0.0140794120287589,0.556237946920496,0.643762053079504,0.6,0.437620530795043
27.58,0.0141051058711483,0.556119553552035,0.643880446447965,0.6,0.438804464479647
27.59,0.0141304470866255,0.556001745154769,0.643998254845231,0.6,0.439982548452309
27.6,0.0141554350416616,0.555884524673901,0.644115475326099,0.6,0.441154753260994
27.61,0.0141800691115588,0.555767895039936,0.644232104960064,0.6,0.442321049600638
27.62,0.0142043486804669,0.55565185916861,0.64434814083139,0.6,0.443481408313898
27.63,0.0142282731413977,0.555536419960814,0.644463580039186,0.6,0.444635800391864
27.64,0.014251841896241,0.55542158030252,0.64457841969748,0.6,0.445784196974796
27.65,0.0142750543557792,0.555307343064716,0.644692656935284,0.6,0.446926569352837
27.66,0.0142979099397021,0.555193711103326,0.644806288896674,0.6,0.448062888966736
27.67,0.0143204080766211,0.555080687259143,0.644919312740857,0.6,0.449193127408568
27.68,0.014342548204084,0.554968274357758,0.645031725642242,0.6,0.450317256422424
27.69,0.0143643297685889,0.554856475209486,0.645143524790514,0.6,0.451435247905141
27.7,0.0143857522255976,0.554745292609301,0.645254707390699,0.6,0.452547073906989
27.71,0.01440681503955,0.554634729336762,0.645365270663238,0.6,0.453652706632377
27.72,0.0144275176838768,0.554524788155946,0.645475211844054,0.6,0.454752118440541
27.73,0.0144478596410129,0.554415471815375,0.645584528184625,0.6,0.455845281846248
27.74,0.0144678404024104,0.554306783047953,0.645693216952047,0.6,0.456932169520466
27.75,0.0144874594685515,0.554198724570894,0.645801275429106,0.6,0.458012754291062
27.76,0.0145067163489604,0.554091299085653,0.645908700914347,0.6,0.459087009143472
27.77,0.0145256105622161,0.553984509277862,0.646015490722138,0.6,0.46015490722138
27.78,0.0145441416359643,0.553878357817261,0.646121642182739,0.6,0.461216421827391
27.79,0.0145623091069291,0.553772847357631,0.646227152642369,0.6,0.462271526423693
27.8,0.0145801125209246,0.553667980536727,0.646332019463273,0.6,0.463320194632729
27.81,0.0145975514328666,0.553563759976215,0.646436240023785,0.6,0.464362400237848
27.82,0.014614625406783,0.553460188281604,0.646539811718396,0.6,0.465398117183961
27.83,0.0146313340158254,0.55335726804218,0.64664273195782,0.6,0.466427319578202
27.84,0.0146476768422795,0.553255001830944,0.646744998169056,0.6,0.467449981690562
27.85,0.0146636534775754,0.553153392204546,0.646846607795454,0.6,0.468466077954544
27.86,0.0146792635222981,0.553052441703221,0.646947558296779,0.6,0.469475582967791
27.87,0.0146945065861973,0.552952152850727,0.647047847149273,0.6,0.470478471492733
27.88,0.0147093822881971,0.552852528154279,0.647147471845721,0.6,0.471474718457209
27.89,0.0147238902564059,0.55275357010449,0.64724642989551,0.6,0.472464298955096
27.9,0.0147380301281251,0.552655281175307,0.647344718824693,0.6,0.473447188246934
27.91,0.0147518015498588,0.552557663823946,0.647442336176054,0.6,0.474423361760539
27.92,0.014765204177322,0.552460720490837,0.647539279509163,0.6,0.475392795091627
27.93,0.0147782376754498,0.552364453599559,0.647635546400441,0.6,0.476355464004413
27.94,0.0147909017184054,0.552268865556777,0.647731134443223,0.6,0.477311344432229
27.95,0.0148031959895884,0.552173958752189,0.647826041247811,0.6,0.478260412478108
27.96,0.0148151201816427,0.55207973555846,0.64792026444154,0.6,0.479202644415401
27.97,0.0148266739964641,0.551986198331164,0.648013801668836,0.6,0.48013801668836
27.98,0.0148378571452077,0.551893349408728,0.648106650591272,0.6,0.481066505912724
27.99,0.0148486693482956,0.551801191112369,0.648198808887631,0.6,0.481988088876313
28,0.0148591103354231,0.55170972574604,0.64829027425396,0.6,0.482902742539599
28.01,0.0148691798455661,0.551618955596371,0.648381044403629,0.6,0.483810444036291
28.02,0.0148788776269874,0.55152888293261,0.64847111706739,0.6,0.484711170673896
28.03,0.014888203437243,0.55143951000657,0.64856048999343,0.6,0.485604899934298
28.04,0.0148971570431881,0.551350839052569,0.648649160947431,0.6,0.486491609474308
28.05,0.014905738220983,0.551262872287376,0.648737127712624,0.6,0.487371277126236
28.06,0.0149139467560987,0.551175611910156,0.648824388089844,0.6,0.488243880898437
28.07,0.0149217824433222,0.551089060102414,0.648910939897586,0.6,0.489109398975861
28.08,0.0149292450867619,0.55100321902794,0.64899678097206,0.6,0.489967809720602
28.09,0.014936334499852,0.550918090832757,0.649081909167243,0.6,0.490819091672434
28.1,0.0149430505053575,0.550833677645064,0.649166322354936,0.6,0.491663223549357
28.11,0.0149493929353786,0.550749981575189,0.649250018424811,0.6,0.492500184248114
28.12,0.014955361631355,0.550667004715527,0.649332995284473,0.6,0.493329952844732
28.13,0.0149609564440695,0.550584749140496,0.649415250859504,0.6,0.494152508595039
28.14,0.0149661772336522,0.550503216906481,0.649496783093519,0.6,0.494967830935187
28.15,0.0149710238695834,0.550422410051784,0.649577589948216,0.6,0.495775899482156
28.16,0.0149754962306977,0.550342330596572,0.649657669403428,0.6,0.496576694034276
28.17,0.0149795942051862,0.550262980542827,0.649737019457173,0.6,0.497370194571726
28.18,0.0149833176905997,0.550184361874297,0.649815638125703,0.6,0.498156381257032
28.19,0.0149866665938514,0.550106476556443,0.649893523443557,0.6,0.498935234435569
28.2,0.0149896408312188,0.550029326536395,0.649970673463605,0.6,0.499706734636048
28.21,0.0149922403283461,0.549952913742899,0.650047086257101,0.6,0.500470862571005
28.22,0.014994465020246,0.549877240086272,0.650122759913728,0.6,0.501227599137279
28.23,0.0149963148513014,0.54980230745835,0.65019769254165,0.6,0.501976925416497
28.24,0.0149977897752665,0.549728117732446,0.650271882267554,0.6,0.502718822675542
28.25,0.0149988897552685,0.549654672763298,0.650345327236702,0.6,0.503453272367018
28.26,0.0149996147638077,0.549581974387027,0.650418025612972,0.6,0.504180256129725
28.27,0.014999964782759,0.54951002442109,0.65048997557891,0.6,0.504899755789103
28.28,0.0149999398033721,0.54943882466423,0.65056117533577,0.6,0.505611753357701
28.29,0.0149995398262713,0.549368376896439,0.650631623103561,0.6,0.506316231035614
28.3,0.014998764861456,0.549298682878906,0.650701317121094,0.6,0.507013171210939
28.31,0.0149976149283005,0.549229744353979,0.650770255646021,0.6,0.507702556460208
28.32,0.0149960900555528,0.549161563045118,0.650838436954882,0.6,0.508384369548823
28.33,0.0149941902813348,0.54909414065685,0.65090585934315,0.6,0.509058593431496
28.34,0.0149919156531407,0.549027478874734,0.650972521125266,0.6,0.509725211252662
28.35,0.0149892662278361,0.548961579365309,0.651038420634691,0.6,0.510384206346912
28.36,0.0149862420716565,0.54889644377606,0.65110355622394,0.6,0.511035562239402
28.37,0.0149828432602056,0.548832073735373,0.651167926264627,0.6,0.51167926264627
28.38,0.0149790698784536,0.548768470852496,0.651231529147504,0.6,0.512315291475037
28.39,0.0149749220207348,0.548705636717498,0.651294363282502,0.6,0.512943632825017
28.4,0.0149703997907454,0.548643572901229,0.651356427098771,0.6,0.513564270987709
28.41,0.014965503301541,0.548582280955281,0.651417719044719,0.6,0.514177190447191
28.42,0.0149602326755334,0.548521762411949,0.651478237588051,0.6,0.514782375880508
28.43,0.0149545880444882,0.548462018784194,0.651537981215806,0.6,0.515379812158058
28.44,0.0149485695495207,0.548403051565604,0.651596948434396,0.6,0.515969484343961
28.45,0.0149421773410931,0.548344862230355,0.651655137769645,0.6,0.516551377696447
28.46,0.0149354115790102,0.548287452233179,0.651712547766821,0.6,0.517125477668209
28.47,0.0149282724324156,0.548230823009322,0.651769176990678,0.6,0.517691769906781
28.48,0.0149207600797878,0.548174975974512,0.651825024025488,0.6,0.518250240254884
28.49,0.0149128747089351,0.548119912524921,0.651880087475079,0.6,0.51880087475079
28.5,0.0149046165169914,0.548065634037134,0.651934365962866,0.6,0.519343659628664
28.51,0.0148959857104111,0.548012141868109,0.651987858131891,0.6,0.519878581318913
28.52,0.0148869825049638,0.547959437355148,0.652040562644852,0.6,0.520405626448524
28.53,0.0148776071257293,0.547907521815861,0.652092478184139,0.6,0.520924781841393
28.54,0.0148678598070915,0.547856396548133,0.652143603451867,0.6,0.521436034518665
28.55,0.0148577407927329,0.547806062830095,0.652193937169905,0.6,0.521939371699048
28.56,0.0148472503356283,0.547756521920086,0.652243478079914,0.6,0.522434780799139
28.57,0.0148363886980386,0.547707775056626,0.652292224943374,0.6,0.522922249433738
28.58,0.0148251561515042,0.547659823458385,0.652340176541615,0.6,0.523401765416153
28.59,0.0148135529768381,0.547612668324149,0.652387331675851,0.6,0.52387331675851
28.6,0.0148015794641192,0.547566310832795,0.652433689167205,0.6,0.524336891672048
28.61,0.0147892359126846,0.547520752143258,0.652479247856742,0.6,0.524792478567422
28.62,0.0147765226311224,0.547475993394502,0.652524006605498,0.6,0.525240066054979
28.63,0.0147634399372641,0.547432035705494,0.652567964294506,0.6,0.525679642945059
28.64,0.0147499881581762,0.547388880175174,0.652611119824826,0.6,0.526111198248261
28.65,0.0147361676301527,0.547346527882428,0.652653472117572,0.6,0.526534721175724
28.66,0.0147219786987058,0.54730497988606,0.65269502011394,0.6,0.526950201139399
28.67,0.0147074217185583,0.547264237224769,0.652735762775231,0.6,0.527357627752306
28.68,0.0146924970536339,0.54722430091712,0.65277569908288,0.6,0.527756990828804
28.69,0.0146772050770483,0.547185171961517,0.652814828038483,0.6,0.528148280384834
28.7,0.0146615461711002,0.547146851336182,0.652853148663818,0.6,0.52853148663818
28.71,0.0146455207272615,0.54710933999913,0.65289066000087,0.6,0.528906600008702
28.72,0.0146291291461674,0.547072638888141,0.652927361111859,0.6,0.529273611118589
28.73,0.0146123718376066,0.547036748920742,0.652963251079258,0.6,0.52963251079258
28.74,0.0145952492205109,0.54700167099418,0.65299832900582,0.6,0.529983290058204
28.75,0.0145777617229448,0.5469674059854,0.6530325940146,0.6,0.530325940145996
28.76,0.0145599097820949,0.546933954751028,0.653066045248972,0.6,0.530660452489721
28.77,0.0145416938442588,0.546901318127341,0.653098681872659,0.6,0.53098681872659
28.78,0.014523114364834,0.546869496930254,0.653130503069746,0.6,0.531305030697462
28.79,0.0145041718083065,0.546838491955294,0.653161508044706,0.6,0.531615080447057
28.8,0.0144848666482392,0.546808303977586,0.653191696022414,0.6,0.531916960224142
28.81,0.0144651993672601,0.546778933751825,0.653221066248175,0.6,0.532210662481746
28.82,0.0144451704570502,0.546750382012268,0.653249617987732,0.6,0.532496179877322
28.83,0.0144247804183312,0.546722649472705,0.653277350527295,0.6,0.532773505272951
28.84,0.0144040297608531,0.546695736826448,0.653304263173552,0.6,0.533042631735515
28.85,0.0143829190033811,0.546669644746314,0.653330355253686,0.6,0.533303552536863
28.86,0.0143614486736832,0.546644373884601,0.653355626115399,0.6,0.533556261153992
28.87,0.0143396193085164,0.54661992487308,0.65338007512692,0.6,0.533800751269197
28.88,0.0143174314536138,0.546596298322976,0.653403701677024,0.6,0.53403701677024
28.89,0.0142948856636705,0.546573494824951,0.653426505175049,0.6,0.534265051750493
28.9,0.0142719825023302,0.54655151494909,0.65344848505091,0.6,0.534484850509096
28.91,0.0142487225421707,0.546530359244891,0.653469640755109,0.6,0.534696407551092
28.92,0.0142251063646897,0.546510028241244,0.653489971758756,0.6,0.534899717587562
28.93,0.0142011345602904,0.546490522446423,0.653509477553577,0.6,0.53509477553577
28.94,0.0141768077282668,0.546471842348073,0.653528157651927,0.6,0.535281576519274
28.95,0.0141521264767884,0.546453988413194,0.653546011586806,0.6,0.535460115868064
28.96,0.0141270914228852,0.546436961088134,0.653563038911866,0.6,0.535630389118659
28.97,0.0141017031924321,0.546420760798576,0.653579239201424,0.6,0.535792392014242
28.98,0.0140759624201338,0.546405387949525,0.653594612050475,0.6,0.535946120504746
28.99,0.014049869749508,0.546390842925303,0.653609157074697,0.6,0.536091570746967
29,0.0140234258328702,0.546377126089534,0.653622873910466,0.6,0.536228739104659
29.01,0.0139966313313171,0.546364237785138,0.653635762214862,0.6,0.536357622148617
29.02,0.0139694869147096,0.546352178334322,0.653647821665677,0.6,0.536478216656775
29.03,0.0139419932616568,0.546340948038573,0.653659051961427,0.6,0.536590519614273
29.04,0.0139141510594987,0.546330547178645,0.653669452821355,0.6,0.536694528213546
29.05,0.0138859610042887,0.546320976014562,0.653679023985438,0.6,0.536790239854381
29.06,0.0138574238007769,0.5463122347856,0.6536877652144,0.6,0.536877652143996
29.07,0.0138285401623918,0.546304323710291,0.653695676289709,0.6,0.536956762897086
29.08,0.0137993108112229,0.546297242986412,0.653702757013588,0.6,0.537027570135884
29.09,0.0137697364780024,0.546290992790978,0.653709007209022,0.6,0.537090072090219
29.1,0.0137398179020871,0.546285573280246,0.653714426719754,0.6,0.537144267197539
29.11,0.0137095558314399,0.546280984589703,0.653719015410297,0.6,0.537190154102974
29.12,0.0136789510226109,0.546277226834065,0.653722773165935,0.6,0.53722773165935
29.13,0.0136480042407188,0.546274300107277,0.653725699892723,0.6,0.537256998927234
29.14,0.0136167162594316,0.546272204482506,0.653727795517494,0.6,0.53727795517494
29.15,0.013585087860947,0.546270940012143,0.653729059987857,0.6,0.537290599878568
29.16,0.0135531198359735,0.5462705067278,0.6537294932722,0.6,0.537294932722001
29.17,0.01352081298371,0.546270904640309,0.653729095359691,0.6,0.537290953596914
29.18,0.0134881681118261,0.546272133739721,0.653727866260279,0.6,0.537278662602789
29.19,0.0134551860364419,0.54627419399531,0.65372580600469,0.6,0.537258060046898
29.2,0.0134218675821076,0.546277085355569,0.653722914644431,0.6,0.537229146444306
29.21,0.0133882135817827,0.546280807748215,0.653719192251785,0.6,0.537191922517848
29.22,0.0133542248768157,0.546285361080188,0.653714638919812,0.6,0.537146389198124
29.23,0.0133199023169222,0.546290745237654,0.653709254762346,0.6,0.537092547623462
29.24,0.0132852467601646,0.54629696008601,0.65370303991399,0.6,0.537030399139899
29.25,0.0132502590729299,0.546304005469885,0.653695994530115,0.6,0.536959945301148
29.26,0.0132149401299085,0.546311881213146,0.653688118786854,0.6,0.536881187868542
29.27,0.0131792908140722,0.546320587118898,0.653679412881102,0.6,0.536794128811023
29.28,0.0131433120166519,0.546330122969494,0.653669877030505,0.6,0.536698770305055
29.29,0.0131070046371157,0.54634048852654,0.65365951147346,0.6,0.536595114734603
29.3,0.0130703695831463,0.546351683530896,0.653648316469104,0.6,0.536483164691043
29.31,0.013033407770618,0.546363707702687,0.653636292297312,0.6,0.536362922973125
29.32,0.0129961201235743,0.546376560741311,0.653623439258689,0.6,0.536234392586886
29.33,0.0129585075742044,0.546390242325442,0.653609757674558,0.6,0.536097576745577
29.34,0.01292057106282,0.546404752113041,0.653595247886959,0.6,0.535952478869588
29.35,0.012882311537832,0.546420089741364,0.653579910258636,0.6,0.535799102586356
29.36,0.0128437299557266,0.546436254826971,0.653563745173029,0.6,0.535637451730285
29.37,0.0128048272810411,0.546453246965737,0.653546753034263,0.6,0.535467530342633
29.38,0.0127656044863406,0.546471065732857,0.653528934267143,0.6,0.53528934267143
29.39,0.0127260625521928,0.546489710682865,0.653510289317135,0.6,0.535102893171353
29.4,0.012686202467144,0.546509181349636,0.653490818650364,0.6,0.534908186503635
29.41,0.0126460252276943,0.546529477246407,0.653470522753593,0.6,0.534705227535933
29.42,0.0126055318382725,0.54655059786578,0.65344940213422,0.6,0.534494021342204
29.43,0.0125647233112113,0.54657254267974,0.65342745732026,0.6,0.5342745732026
29.44,0.0125236006667217,0.546595311139669,0.653404688860331,0.6,0.534046888603307
29.45,0.0124821649328677,0.546618902676357,0.653381097323643,0.6,0.533810973236433
29.46,0.0124404171455405,0.546643316700016,0.653356683299984,0.6,0.533566832999843
29.47,0.0123983583484327,0.546668552600296,0.653331447399704,0.6,0.533314473997039
29.48,0.0123559895930118,0.546694609746302,0.653305390253697,0.6,0.533053902536975
29.49,0.0123133119384947,0.546721487486607,0.653278512513393,0.6,0.532785125133928
29.5,0.0122703264518204,0.546749185149268,0.653250814850732,0.6,0.532508148507321
29.51,0.0122270342076239,0.546777702041845,0.653222297958155,0.6,0.532222979581549
29.52,0.0121834362882091,0.546807037451417,0.653192962548583,0.6,0.531929625485827
29.53,0.0121395337835215,0.546837190644601,0.653162809355399,0.6,0.531628093553986
29.54,0.0120953277911217,0.546868160867568,0.653131839132432,0.6,0.531318391324316
29.55,0.0120508194161571,0.546899947346065,0.653100052653935,0.6,0.531000526539347
29.56,0.0120060097713347,0.546932549285431,0.653067450714569,0.6,0.53067450714569
29.57,0.0119608999768933,0.546965965870619,0.653034034129381,0.6,0.530340341293812
29.58,0.0119154911605755,0.547000196266216,0.652999803733784,0.6,0.529998037337837
29.59,0.0118697844575992,0.547035239616465,0.652964760383535,0.6,0.529647603835351
29.6,0.0118237810106297,0.547071095045283,0.652928904954717,0.6,0.529289049547169
29.61,0.0117774819697508,0.547107761656286,0.652892238343714,0.6,0.528922383437136
29.62,0.0117308884924361,0.547145238532812,0.652854761467188,0.6,0.528547614671878
29.63,0.01168400174352,0.54718352473794,0.65281647526206,0.6,0.528164752620601
29.64,0.0116368228951689,0.547222619314517,0.652777380685483,0.6,0.527773806854831
29.65,0.0115893531268515,0.54726252128518,0.652737478714819,0.6,0.527374787148195
29.66,0.0115415936253095,0.547303229652383,0.652696770347617,0.6,0.526967703476168
29.67,0.011493545584528,0.547344743398419,0.652655256601581,0.6,0.526552566015811
29.68,0.0114452102057055,0.547387061485445,0.652612938514555,0.6,0.52612938514555
29.69,0.011396588697224,0.547430182855512,0.652569817144487,0.6,0.525698171444875
29.7,0.0113476822746186,0.547474106430589,0.652525893569411,0.6,0.525258935694114
29.71,0.0112984921605474,0.547518831112587,0.652481168887413,0.6,0.524811688874132
29.72,0.0112490195847606,0.547564355783392,0.652435644216608,0.6,0.524356442166081
29.73,0.0111992657840701,0.54761067930489,0.65238932069511,0.6,0.523893206951099
29.74,0.0111492320023183,0.547657800518995,0.652342199481005,0.6,0.523421994810048
29.75,0.0110989194903472,0.547705718247679,0.652294281752321,0.6,0.522942817523206
29.76,0.0110483295059668,0.547754431293002,0.652245568706998,0.6,0.522455687069977
29.77,0.0109974633139242,0.54780393843714,0.65219606156286,0.6,0.521960615628602
29.78,0.0109463221858716,0.547854238442417,0.652145761557583,0.6,0.521457615575834
29.79,0.0108949074003344,0.547905330051334,0.652094669948666,0.6,0.520946699486656
29.8,0.0108432202426796,0.547957211986606,0.652042788013394,0.6,0.520427880133937
29.81,0.0107912620050836,0.548009882951186,0.651990117048814,0.6,0.519901170488138
29.82,0.0107390339864994,0.548063341628303,0.651936658371697,0.6,0.519366583716975
29.83,0.010686537492625,0.548117586681492,0.651882413318508,0.6,0.518824133185081
29.84,0.0106337738358698,0.54817261675463,0.65182738324537,0.6,0.5182738324537
29.85,0.0105807443353225,0.548228430471969,0.651771569528031,0.6,0.517715695280313
29.86,0.010527450316718,0.548285026438167,0.651714973561833,0.6,0.51714973561833
29.87,0.0104738931124038,0.54834240323833,0.65165759676167,0.6,0.516575967616703
29.88,0.0104200740613073,0.548400559438039,0.651599440561961,0.6,0.515994405619611
29.89,0.010365994508902,0.548459493583393,0.651540506416607,0.6,0.515405064166067
29.9,0.0103116558071739,0.548519204201042,0.651480795798958,0.6,0.514807957989579
29.91,0.0102570593145877,0.548579689798222,0.651420310201777,0.6,0.514203102017775
29.92,0.0102022063960528,0.548640948862799,0.651359051137201,0.6,0.513590511372014
29.93,0.0101470984228894,0.548702979863296,0.651297020136704,0.6,0.512970201367039
29.94,0.0100917367727939,0.548765781248944,0.651234218751056,0.6,0.512342187510558
29.95,0.0100361228298047,0.54882935144971,0.65117064855029,0.6,0.511706485502896
29.96,0.00998025798426746,0.548893688876344,0.651106311123656,0.6,0.511063111236559
29.97,0.00992414363280043,0.548958791920412,0.651041208079588,0.6,0.510412080795881
29.98,0.00986778117825945,0.549024658954342,0.650975341045658,0.6,0.509753410456578
29.99,0.00981117202970297,0.549091288331462,0.650908711668538,0.6,0.509087116685383
30,0.00975431760235675,0.54915867838604,0.65084132161396,0.6,0.508413216139604
30.01,0.0096972193175785,0.549226827433329,0.650773172566671,0.6,0.507731725666714
30.02,0.00963987860282239,0.549295733769605,0.650704266230395,0.6,0.507042662303947
30.03,0.00958229689160326,0.549365395672216,0.650634604327784,0.6,0.506346043277843
30.04,0.00952447562346094,0.549435811399615,0.650564188600385,0.6,0.50564188600385
30.05,0.00946641624392408,0.549506979191414,0.650493020808586,0.6,0.504930208085855
30.06,0.00940812020447417,0.549578897268422,0.650421102731577,0.6,0.504211027315775
30.07,0.00934958896250917,0.549651563832691,0.650348436167309,0.6,0.503484361673092
30.08,0.00929082398130704,0.54972497706756,0.65027502293244,0.6,0.502750229324402
30.09,0.0092318267299893,0.549799135137701,0.650200864862299,0.6,0.502008648622986
30.1,0.00917259868348411,0.549874036189169,0.650125963810831,0.6,0.501259638108311
30.11,0.0091131413224896,0.549949678349439,0.650050321650561,0.6,0.500503216505612
30.12,0.00905345613343664,0.550026059727462,0.649973940272538,0.6,0.499739402725381
30.13,0.0089935446084519,0.550103178413707,0.649896821586293,0.6,0.498968215862932
30.14,0.00893340824532035,0.550181032480212,0.649818967519788,0.6,0.498189675197884
30.15,0.00887304854744794,0.550259619980628,0.649740380019372,0.6,0.497403800193723
30.16,0.008812467023824,0.550338938950272,0.649661061049728,0.6,0.496610610497282
30.17,0.00875166518898343,0.550418987406174,0.649581012593826,0.6,0.495810125938257
30.18,0.00869064456296897,0.550499763347127,0.649500236652873,0.6,0.495002366528727
30.19,0.00862940667129306,0.550581264753737,0.649418735246263,0.6,0.494187352462628
30.2,0.00856795304489983,0.550663489588472,0.649336510411528,0.6,0.493365104115278
30.21,0.0085062852201267,0.550746435795717,0.649253564204283,0.6,0.492535642042832
30.22,0.00844440473866613,0.550830101301819,0.649169898698181,0.6,0.491698986981809
30.23,0.00838231314752688,0.550914484015147,0.649085515984853,0.6,0.490855159848532
30.24,0.00832001199899553,0.550999581826136,0.649000418173864,0.6,0.490004181738644
30.25,0.00825750285059755,0.551085392607345,0.648914607392655,0.6,0.489146073926553
30.26,0.00819478726505836,0.55117191421351,0.64882808578649,0.6,0.488280857864901
30.27,0.00813186681026438,0.551259144481594,0.648740855518406,0.6,0.487408555184056
30.28,0.00806874305922366,0.551347081230847,0.648652918769153,0.6,0.486529187691528
30.29,0.00800541759002672,0.551435722262853,0.648564277737147,0.6,0.485642777371469
30.3,0.00794189198580697,0.551525065361592,0.648474934638408,0.6,0.484749346384082
30.31,0.0078781678347012,0.55161510829349,0.64838489170651,0.6,0.483848917065101
30.32,0.00781424672980991,0.551705848807479,0.648294151192521,0.6,0.482941511925213
30.33,0.00775013026915734,0.551797284635051,0.648202715364949,0.6,0.482027153649492
30.34,0.00768582005565173,0.551889413490314,0.648110586509686,0.6,0.481105865096857
30.35,0.00762131769704499,0.551982233070054,0.648017766929946,0.6,0.480177669299463
30.36,0.0075566248058928,0.552075741053783,0.647924258946217,0.6,0.479242589462169
30.37,0.00749174299951402,0.552169935103809,0.647830064896191,0.6,0.478300648961909
30.38,0.00742667389995046,0.552264812865284,0.647735187134716,0.6,0.477351871347158
30.39,0.00736141913392619,0.55236037196627,0.64763962803373,0.6,0.476396280337297
30.4,0.00729598033280697,0.552456610017794,0.647543389982206,0.6,0.475433899822059
30.41,0.00723035913255946,0.552553524613909,0.647446475386091,0.6,0.474464753860907
30.42,0.00716455717371019,0.552651113331757,0.647348886668243,0.6,0.473488866682431
30.43,0.00709857610130475,0.552749373731623,0.647250626268377,0.6,0.472506262683772
30.44,0.00703241756486648,0.552848303357003,0.647151696642997,0.6,0.471516966429966
30.45,0.00696608321835538,0.552947899734662,0.647052100265338,0.6,0.470521002653378
30.46,0.00689957472012661,0.553048160374696,0.646951839625304,0.6,0.469518396253042
30.47,0.00683289373288922,0.553149082770592,0.646850917229408,0.6,0.468509172294077
30.48,0.00676604192366436,0.553250664399298,0.646749335600702,0.6,0.467493356007016
30.49,0.00669902096374381,0.553352902721278,0.646647097278722,0.6,0.466470972787223
30.5,0.00663183252864809,0.553455795180578,0.646544204819422,0.6,0.465442048194225
30.51,0.00656447829808454,0.553559339204893,0.646440660795107,0.6,0.464406607951074
30.52,0.00649695995590547,0.553663532205626,0.646336467794373,0.6,0.463364677943735
30.53,0.00642927919006585,0.553768371577961,0.646231628422039,0.6,0.462316284220393
30.54,0.00636143769258136,0.553873854700915,0.646126145299085,0.6,0.461261452990845
30.55,0.00629343715948586,0.553979978937419,0.646020021062581,0.6,0.460200210625807
30.56,0.00622527929078916,0.554086741634371,0.645913258365629,0.6,0.459132583656293
30.57,0.00615696579043444,0.554194140122708,0.645805859877292,0.6,0.458058598772919
30.58,0.00608849836625562,0.554302171717476,0.645697828282524,0.6,0.456978282825244
30.59,0.00601987872993477,0.554410833717888,0.645589166282112,0.6,0.455891662821122
30.6,0.00595110859695918,0.554520123407402,0.645479876592598,0.6,0.454798765925984
30.61,0.00588218968657865,0.554630038053779,0.645369961946221,0.6,0.453699619462208
30.62,0.00581312372176229,0.554740574909161,0.645259425090839,0.6,0.452594250908386
30.63,0.00574391242915568,0.554851731210131,0.645148268789869,0.6,0.451482687898687
30.64,0.00567455753903747,0.554963504177789,0.645036495822211,0.6,0.450364958222115
30.65,0.00560506078527635,0.555075891017814,0.644924108982186,0.6,0.449241089821864
30.66,0.00553542390528754,0.555188888920542,0.644811111079458,0.6,0.448111110794585
30.67,0.00546564863998938,0.555302495061031,0.644697504938968,0.6,0.446975049389685
30.68,0.00539573673375991,0.555416706599135,0.644583293400865,0.6,0.445832934008653
30.69,0.0053256899343931,0.55553152067957,0.64446847932043,0.6,0.444684793204303
30.7,0.00525550999305534,0.55564693443199,0.64435306556801,0.6,0.443530655680104
30.71,0.00518519866424145,0.555762944971057,0.644237055028943,0.6,0.442370550289426
30.72,0.00511475770573104,0.555879549396515,0.644120450603485,0.6,0.441204506034852
30.73,0.00504418887854436,0.555996744793258,0.644003255206742,0.6,0.440032552067419
30.74,0.00497349394689843,0.556114528231408,0.643885471768592,0.6,0.43885471768592
30.75,0.00490267467816289,0.556232896766384,0.643767103233616,0.6,0.437671032336157
30.76,0.00483173284281572,0.556351847438981,0.643648152561019,0.6,0.436481525610191
30.77,0.00476067021439915,0.556471377275436,0.643528622724564,0.6,0.43528622724564
30.78,0.00468948856947515,0.556591483287511,0.643408516712489,0.6,0.43408516712489
30.79,0.00461818968758118,0.556712162472561,0.643287837527439,0.6,0.432878375274394
30.8,0.00454677535118553,0.556833411813613,0.643166588186387,0.6,0.431665881863872
30.81,0.00447524734564291,0.55695522827944,0.64304477172056,0.6,0.430447717205604
30.82,0.00440360745914976,0.557077608824635,0.642922391175365,0.6,0.429223911753646
30.83,0.00433185748269946,0.557200550389694,0.642799449610306,0.6,0.42799449610306
30.84,0.00425999921003774,0.557324049901082,0.642675950098918,0.6,0.426759500989184
30.85,0.00418803443761761,0.557448104271318,0.642551895728682,0.6,0.425518957286822
30.86,0.0041159649645547,0.557572710399049,0.642427289600951,0.6,0.424272896009513
30.87,0.00404379259258202,0.557697865169129,0.642302134830871,0.6,0.423021348308712
30.88,0.00397151912600516,0.557823565452694,0.642176434547306,0.6,0.421764345473058
30.89,0.00389914637165698,0.557949808107245,0.642050191892754,0.6,0.420501918927545
30.9,0.00382667613885259,0.558076589976722,0.641923410023278,0.6,0.419234100232778
30.91,0.00375411023934406,0.558203907891584,0.641796092108416,0.6,0.417960921084161
30.92,0.00368145048727504,0.55833175866889,0.64166824133111,0.6,0.416682413311096
30.93,0.00360869869913561,0.558460139112378,0.641539860887622,0.6,0.415398608876223
30.94,0.00353585669371663,0.558589046012543,0.641410953987457,0.6,0.414109539874574
30.95,0.00346292629206449,0.558718476146718,0.641281523853282,0.6,0.412815238532819
30.96,0.00338990931743539,0.558848426279159,0.641151573720841,0.6,0.411515737208411
30.97,0.00331680759524991,0.558978893161117,0.641021106838883,0.6,0.410211068388826
30.98,0.00324362295304732,0.559109873530928,0.640890126469072,0.6,0.408901264690716
30.99,0.00317035722043981,0.55924136411409,0.64075863588591,0.6,0.407586358859097
31,0.00309701222906695,0.559373361623344,0.640626638376656,0.6,0.406266383766557
31.01,0.00302358981254963,0.559505862758761,0.640494137241239,0.6,0.404941372412393
31.02,0.00295009180644451,0.559638864207817,0.640361135792183,0.6,0.403611357921831
31.03,0.00287652004819785,0.559772362645484,0.640227637354515,0.6,0.402276373545155
31.04,0.00280287637709983,0.559906354734309,0.640093645265691,0.6,0.400936452656914
31.05,0.00272916263423834,0.560040837124495,0.639959162875505,0.6,0.399591628755048
31.06,0.00265538066245313,0.56017580645399,0.63982419354601,0.6,0.398241935460096
31.07,0.00258153230628969,0.560311259348568,0.639688740651432,0.6,0.396887406514318
31.08,0.00250761941195303,0.560447192421914,0.639552807578086,0.6,0.39552807578086
31.09,0.00243364382726169,0.560583602275707,0.639416397724293,0.6,0.39416397724293
31.1,0.0023596074016014,0.560720485499709,0.639279514500291,0.6,0.392795145002908
31.11,0.002285511985879,0.560857838671846,0.639142161328154,0.6,0.391421613281542
31.12,0.00221135943247595,0.560995658358296,0.639004341641704,0.6,0.390043416417042
31.13,0.0021371515952023,0.561133941113573,0.638866058886427,0.6,0.388660588864267
31.14,0.00206289032925005,0.561272683480617,0.638727316519383,0.6,0.387273165193825
31.15,0.00198857749114701,0.561411881990876,0.638588118009124,0.6,0.385881180091243
31.16,0.00191421493871029,0.561551533164392,0.638448466835608,0.6,0.384484668356075
31.17,0.00183980453099977,0.561691633509896,0.638308366490104,0.6,0.383083664901036
31.18,0.00176534812827183,0.561832179524885,0.638167820475115,0.6,0.381678204751148
31.19,0.0016908475919326,0.561973167695717,0.638026832304283,0.6,0.380268323042832
31.2,0.00161630478449166,0.562114594497693,0.637885405502307,0.6,0.378854055023067
31.21,0.00154172156951527,0.562256456395153,0.637743543604847,0.6,0.377435436048469
31.22,0.00146709981157993,0.562398749841555,0.637601250158445,0.6,0.376012501584447
31.23,0.00139244137622575,0.562541471279571,0.637458528720429,0.6,0.37458528720429
31.24,0.00131774812990966,0.562684617141173,0.637315382858827,0.6,0.373153828588272
31.25,0.00124302193995897,0.56282818384772,0.63717181615228,0.6,0.371718161522797
31.26,0.00116826467452451,0.562972167810054,0.637027832189946,0.6,0.370278321899455
31.27,0.00109347820253405,0.563116565428583,0.636883434571417,0.6,0.368834345714174
31.28,0.00101866439364545,0.563261373093373,0.636738626906627,0.6,0.367386269066271
31.29,0.0009438251182001,0.56340658718424,0.63659341281576,0.6,0.365934128157598
31.3,0.000868962247175922,0.563552204070841,0.636447795929159,0.6,0.364477959291591
31.31,0.000794077652140823,0.56369822011276,0.63630177988724,0.6,0.363017798872404
31.32,0.000719173205205805,0.563844631659603,0.636155368340397,0.6,0.361553683403972
31.33,0.000644250778978088,0.56399143505109,0.63600856494891,0.6,0.360085649489097
31.34,0.000569312246514477,0.564138626617144,0.635861373382856,0.6,0.358613733828561
31.35,0.000494359481274328,0.564286202677983,0.635713797322017,0.6,0.357137973220167
31.36,0.000419394357072922,0.564434159544213,0.635565840455787,0.6,0.355658404557868
31.37,0.000344418748034406,0.564582493516921,0.635417506483079,0.6,0.354175064830788
31.38,0.000269434528545154,0.564731200887764,0.635268799112236,0.6,0.352687991122357
31.39,0.000194443573206695,0.564880277939067,0.635119722060933,0.6,0.351197220609327
31.4,0.000119447756789033,0.565029720943911,0.634970279056089,0.6,0.349702790560893
31.41,4.44489541836997e-05,0.565179526166227,0.634820473833773,0.6,0.348204738337728
31.42,-3.05509596432002e-05,0.565329689860895,0.634670310139105,0.6,0.346703101391052
31.43,-0.000105550109697674,0.565480208273828,0.634519791726172,0.6,0.34519791726172
31.44,-0.000180546621004929,0.565631077642075,0.634368922357925,0.6,0.343689223579247
31.45,-0.000255538618656035,0.565782294193909,0.634217705806091,0.6,0.342177058060906
31.46,-0.000330524227855012,0.565933854148925,0.634066145851075,0.6,0.340661458510747
31.47,-0.000405501573965506,0.566085753718131,0.633914246281869,0.6,0.339142462818687
31.48,-0.000480468782557745,0.566237989104046,0.633762010895954,0.6,0.33762010895954
31.49,-0.000555423979455471,0.566390556500794,0.633609443499206,0.6,0.336094434992064
31.5,-0.000630365290782612,0.566543452094196,0.633456547905804,0.6,0.334565479058041
31.51,-0.000705290843010342,0.566696672061872,0.633303327938128,0.6,0.333033279381276
31.52,-0.000780198763003703,0.56685021257333,0.63314978742667,0.6,0.331497874266696
31.53,-0.000855087178068652,0.567004069790066,0.632995930209933,0.6,0.329959302099335
31.54,-0.000929954215998658,0.567158239865657,0.632841760134343,0.6,0.328417601343429
31.55,-0.00100479800512173,0.567312718945859,0.632687281054141,0.6,0.326872810541405
31.56,-0.001079616674347,0.567467503168704,0.632532496831296,0.6,0.325324968312962
31.57,-0.00115440835321162,0.567622588664592,0.632377411335407,0.6,0.323774113354075
31.58,-0.00122917117192755,0.567777971556397,0.632222028443603,0.6,0.322220284436028
31.59,-0.00130390326142819,0.567933647959553,0.632066352040447,0.6,0.320663520404474
31.6,-0.00137860275341522,0.568089613982158,0.631910386017842,0.6,0.319103860178422
31.61,-0.0014532677804052,0.568245865725069,0.631754134274931,0.6,0.317541342749308
31.62,-0.00152789647577638,0.568402399282002,0.631597600717998,0.6,0.315976007179976
31.63,-0.00160248697381523,0.568559210739626,0.631440789260374,0.6,0.314407892603742
31.64,-0.00167703740976321,0.568716296177662,0.631283703822338,0.6,0.312837038223379
31.65,-0.0017515459198633,0.568873651668983,0.631126348331017,0.6,0.311263483310175
31.66,-0.00182601064140659,0.569031273279708,0.630968726720292,0.6,0.309687267202918
31.67,-0.00190042971277897,0.569189157069308,0.630810842930692,0.6,0.308108429306921
31.68,-0.00197480127350749,0.569347299090694,0.630652700909306,0.6,0.306527009093063
31.69,-0.00204912346430705,0.569505695390325,0.630494304609675,0.6,0.304943046096752
31.7,-0.00212339442712671,0.569664342008301,0.630335657991699,0.6,0.303356579916993
31.71,-0.0021976123051963,0.569823234978465,0.630176765021535,0.6,0.301767650215348
31.72,-0.00227177524307273,0.569982370328502,0.630017629671498,0.6,0.300176296714982
31.73,-0.00234588138668637,0.570141744080035,0.629858255919965,0.6,0.298582559199654
31.74,-0.00241992888338755,0.570301352248729,0.629698647751271,0.6,0.296986477512706
31.75,-0.00249391588199266,0.570461190844389,0.629538809155611,0.6,0.295388091556111
31.76,-0.00256784053283064,0.570621255871058,0.629378744128942,0.6,0.293787441289424
31.77,-0.00264170098778901,0.570781543327117,0.629218456672883,0.6,0.292184566728827
31.78,-0.00271549540036031,0.570942049205391,0.629057950794609,0.6,0.290579507946092
31.79,-0.002789221925688,0.571102769493239,0.628897230506761,0.6,0.288972305067614
31.8,-0.00286287872061284,0.571263700172663,0.628736299827337,0.6,0.287362998273371
31.81,-0.00293646394371878,0.571424837220404,0.628575162779596,0.6,0.285751627795957
31.82,-0.00300997575537904,0.571586176608045,0.628413823391955,0.6,0.284138233919551
31.83,-0.00308341231780221,0.571747714302109,0.628252285697891,0.6,0.282522856978906
31.84,-0.003156771795078,0.571909446264163,0.628090553735837,0.6,0.280905537358374
31.85,-0.00323005235322336,0.572071368450915,0.627928631549085,0.6,0.279286315490849
31.86,-0.00330325216022809,0.572233476814319,0.62776652318568,0.6,0.277665231856805
31.87,-0.00337636938610089,0.572395767301676,0.627604232698324,0.6,0.276042326983238
31.88,-0.00344940220291486,0.57255823585573,0.62744176414427,0.6,0.274417641442696
31.89,-0.00352234878485344,0.572720878414778,0.627279121585222,0.6,0.272791215852221
31.9,-0.00359520730825586,0.572883690912762,0.627116309087238,0.6,0.271163090872376
31.91,-0.00366797595166279,0.57304666927938,0.62695333072062,0.6,0.269533307206202
31.92,-0.003740652895862,0.57320980944018,0.62679019055982,0.6,0.267901905598198
31.93,-0.00381323632393361,0.573373107316667,0.626626892683333,0.6,0.266268926833328
31.94,-0.00388572442129575,0.573536558826403,0.626463441173597,0.6,0.264634411735968
31.95,-0.00395811537574972,0.573700159883108,0.626299840116892,0.6,0.262998401168918
31.96,-0.00403040737752547,0.573863906396765,0.626136093603235,0.6,0.261360936032349
31.97,-0.0041025986193267,0.574027794273719,0.625972205726281,0.6,0.25972205726281
31.98,-0.0041746872963761,0.574191819416781,0.625808180583219,0.6,0.258081805832187
31.99,-0.00424667160646054,0.574355977725333,0.625644022274667,0.6,0.256440222746669
32,-0.00431854974997598,0.574520265095424,0.625479734904576,0.6,0.254797349045762
32.01,-0.00439031992997259,0.574684677419879,0.625315322580121,0.6,0.253153225801214
32.02,-0.00446198035219967,0.574849210588398,0.625150789411602,0.6,0.251507894116016
32.03,-0.00453352922515029,0.575013860487661,0.624986139512339,0.6,0.249861395123392
32.04,-0.00460496476010639,0.575178623001428,0.624821376998572,0.6,0.248213769985716
32.05,-0.00467628517118334,0.575343494010647,0.624656505989353,0.6,0.246565059893533
32.06,-0.00474748867537462,0.575508469393549,0.624491530606451,0.6,0.244915306064507
32.07,-0.00481857349259622,0.575673545025759,0.624326454974241,0.6,0.243264549742411
32.08,-0.00488953784573148,0.575838716780394,0.624161283219606,0.6,0.241612832196055
32.09,-0.00496037996067531,0.576003980528171,0.623996019471829,0.6,0.239960194718287
32.1,-0.00503109806637842,0.576169332137502,0.623830667862498,0.6,0.238306678624978
32.11,-0.00510169039489191,0.576334767474607,0.623665232525393,0.6,0.236652325253925
32.12,-0.00517215518141124,0.576500282403612,0.623499717596388,0.6,0.234997175963885
32.13,-0.00524249066432047,0.576665872786651,0.623334127213349,0.6,0.233341272133494
32.14,-0.00531269508523608,0.576831534483972,0.623168465516028,0.6,0.231684655160281
32.15,-0.00538276668905127,0.576997263354043,0.623002736645957,0.6,0.230027366459568
32.16,-0.00545270372397964,0.577163055253652,0.622836944746348,0.6,0.228369447463485
32.17,-0.00552250444159884,0.577328906038006,0.622671093961993,0.6,0.226710939619935
32.18,-0.00559216709689464,0.577494811560848,0.622505188439151,0.6,0.225051884391515
32.19,-0.00566168994830428,0.577660767674548,0.622339232325452,0.6,0.223392323254524
32.2,-0.00573107125776014,0.57782677023021,0.62217322976979,0.6,0.221732297697896
32.21,-0.00580030929073299,0.57799281507778,0.62200718492222,0.6,0.220071849222203
32.22,-0.00586940231627568,0.578158898066145,0.621841101933855,0.6,0.218411019338552
32.23,-0.00593834860706621,0.57832501504324,0.62167498495676,0.6,0.216749849567605
32.24,-0.0060071464394508,0.578491161856147,0.621508838143853,0.6,0.215088381438534
32.25,-0.00607579409348727,0.578657334351206,0.621342665648794,0.6,0.213426656487942
32.26,-0.00614428985298786,0.578823528374113,0.621176471625887,0.6,0.211764716258869
32.27,-0.00621263200556219,0.578989739770027,0.621010260229973,0.6,0.210102602299731
32.28,-0.0062808188426599,0.579155964383669,0.620844035616331,0.6,0.208440356163305
32.29,-0.00634884865961367,0.579322198059436,0.620677801940564,0.6,0.206778019405642
32.3,-0.00641671975568162,0.579488436641492,0.620511563358508,0.6,0.205115633585082
32.31,-0.00648443043408993,0.579654675973882,0.620345324026118,0.6,0.203453240261176
32.32,-0.00655197900207507,0.579820911900631,0.620179088099369,0.6,0.201790880993685
32.33,-0.0066193637709264,0.579987140265851,0.620012859734149,0.6,0.200128597341492
32.34,-0.00668658305602827,0.58015335691384,0.61984664308616,0.6,0.1984664308616
32.35,-0.00675363517690195,0.58031955768919,0.61968044231081,0.6,0.196804423108101
32.36,-0.00682051845724796,0.580485738436891,0.619514261563109,0.6,0.195142615631085
32.37,-0.00688723122498778,0.580651895002434,0.619348104997566,0.6,0.193481049975659
32.38,-0.00695377181230572,0.580818023231913,0.619181976768087,0.6,0.191819767680872
32.39,-0.00702013855569049,0.580984118972129,0.619015881027871,0.6,0.19015881027871
32.4,-0.00708632979597699,0.581150178070699,0.618849821929301,0.6,0.188498219293007
32.41,-0.00715234387838772,0.581316196376155,0.618683803623845,0.6,0.18683803623845
32.42,-0.00721817915257397,0.581482169738045,0.618517830261955,0.6,0.185178302619545
32.43,-0.00728383397265734,0.581648094007047,0.618351905992953,0.6,0.183519059929532
32.44,-0.00734930669727077,0.58181396503506,0.61818603496494,0.6,0.181860349649395
32.45,-0.00741459568959959,0.58197977867532,0.61802022132468,0.6,0.1802022132468
32.46,-0.00747969931742229,0.582145530782491,0.617854469217509,0.6,0.178544692175086
32.47,-0.00754461595315163,0.582311217212782,0.617688782787218,0.6,0.176887827872179
32.48,-0.00760934397387513,0.58247683382404,0.61752316617596,0.6,0.175231661759597
32.49,-0.00767388176139556,0.582642376475857,0.617357623524143,0.6,0.173576235241426
32.5,-0.00773822770227164,0.582807841029677,0.617192158970323,0.6,0.171921589703227
32.51,-0.00780238018785819,0.582973223348894,0.617026776651106,0.6,0.170267766511055
32.52,-0.00786633761434647,0.58313851929896,0.61686148070104,0.6,0.1686148070104
32.53,-0.00793009838280404,0.583303724747482,0.616696275252518,0.6,0.166962752525178
32.54,-0.00799366089921507,0.583468835564335,0.616531164435665,0.6,0.165311644356652
32.55,-0.00805702357451996,0.583633847621756,0.616366152378244,0.6,0.163661523782442
32.56,-0.00812018482465517,0.583798756794453,0.616201243205547,0.6,0.162012432055473
32.57,-0.00818314307059264,0.583963558959703,0.616036441040297,0.6,0.160364410402968
32.58,-0.00824589673837954,0.584128249997463,0.615871750002537,0.6,0.158717500025367
32.59,-0.00830844425917751,0.584292825790466,0.615707174209534,0.6,0.157071742095343
32.6,-0.00837078406930169,0.584457282224323,0.615542717775677,0.6,0.155427177756774
32.61,-0.00843291461026011,0.584621615187633,0.615378384812367,0.6,0.153783848123668
32.62,-0.00849483432879249,0.584785820572082,0.615214179427918,0.6,0.152141794279185
32.63,-0.00855654167690913,0.584949894272542,0.615050105727458,0.6,0.15050105727458
32.64,-0.00861803511192946,0.585113832187179,0.614886167812821,0.6,0.148861678128208
32.65,-0.00867931309652084,0.585277630217555,0.614722369782445,0.6,0.147223697824449
32.66,-0.00874037409873691,0.585441284268728,0.614558715731272,0.6,0.145587157312723
32.67,-0.00880121659205569,0.585604790249353,0.614395209750647,0.6,0.143952097506473
32.68,-0.00886183905541806,0.58576814407179,0.61423185592821,0.6,0.142318559282095
32.69,-0.0089222399732656,0.585931341652204,0.614068658347796,0.6,0.140686583477964
32.7,-0.00898241783557856,0.586094378910661,0.613905621089339,0.6,0.139056210893386
32.71,-0.00904237113791341,0.58625725177124,0.61374274822876,0.6,0.137427482287602
32.72,-0.00910209838144077,0.586419956162127,0.613580043837873,0.6,0.135800438378731
32.73,-0.00916159807298271,0.586582488015721,0.613417511984279,0.6,0.134175119842787
32.74,-0.00922086872504995,0.586744843268734,0.613255156731266,0.6,0.13255156731266
32.75,-0.00927990885587931,0.586907017862293,0.613092982137707,0.6,0.130929821377066
32.76,-0.0093387169894706,0.587069007742043,0.612930992257957,0.6,0.129309922579574
32.77,-0.00939729165562359,0.587230808858244,0.612769191141756,0.6,0.127691911417562
32.78,-0.0094556313899746,0.587392417165876,0.612607582834124,0.6,0.126075828341242
32.79,-0.00951373473403332,0.587553828624741,0.612446171375259,0.6,0.124461713752594
32.8,-0.00957160023521921,0.58771503919956,0.61228496080044,0.6,0.122849608004399
32.81,-0.00962922644689778,0.587876044860078,0.612123955139921,0.6,0.121239551399215
32.82,-0.00968661192841666,0.588036841581161,0.611963158418839,0.6,0.119631584188385
32.83,-0.00974375524514183,0.588197425342901,0.611802574657099,0.6,0.118025746570994
32.84,-0.00980065496849341,0.58835779213071,0.61164220786929,0.6,0.116422078692899
32.85,-0.00985730967598118,0.588517937935428,0.611482062064572,0.6,0.114820620645725
32.86,-0.00991371795124046,0.588677858753417,0.611322141246583,0.6,0.113221412465827
32.87,-0.00996987838406729,0.588837550586667,0.611162449413333,0.6,0.111624494133331
32.88,-0.0100257895704538,0.588997009442889,0.611002990557111,0.6,0.110029905571107
32.89,-0.0100814501126232,0.58915623133562,0.61084376866438,0.6,0.108437686643801
32.9,-0.0101368586190649,0.589315212284321,0.610684787715679,0.6,0.106847877156788
32.91,-0.0101920137045691,0.589473948314478,0.610526051685522,0.6,0.105260516855223
32.92,-0.0102469139902615,0.589632435457696,0.610367564542304,0.6,0.103675645423045
32.93,-0.0103015581036378,0.589790669751806,0.610209330248194,0.6,0.102093302481943
32.94,-0.010355944678598,0.589948647240959,0.610051352759041,0.6,0.100513527590413
32.95,-0.0104100723554807,0.590106363975726,0.609893636024274,0.6,0.0989363602427407
32.96,-0.0104639397810967,0.590263816013196,0.609736183986804,0.6,0.0973618398680398
32.97,-0.0105175456087631,0.590420999417077,0.609579000582923,0.6,0.095790005829226
32.98,-0.0105708884983372,0.590577910257793,0.609422089742207,0.6,0.0942208974220671
32.99,-0.0106239671162493,0.590734544612579,0.60926545538742,0.6,0.0926545538742052
33,-0.0106767801355368,0.590890898565586,0.609109101434414,0.6,0.0910910143441357
33.01,-0.0107293262358771,0.591046968207973,0.608953031792027,0.6,0.0895303179202678
33.02,-0.0107816041036203,0.591202749638007,0.608797250361993,0.6,0.0879725036199264
33.03,-0.0108336124318224,0.59135823896116,0.60864176103884,0.6,0.0864176103884029
33.04,-0.0108853499202779,0.591513432290207,0.608486567709793,0.6,0.0848656770979317
33.05,-0.0109368152755524,0.591668325745323,0.608331674254677,0.6,0.0833167425467707
33.06,-0.0109880072110147,0.59182291545418,0.60817708454582,0.6,0.0817708454581967
33.07,-0.011038924446869,0.591977197552043,0.608022802447957,0.6,0.0802280244795706
33.08,-0.011089565710187,0.592131168181868,0.607868831818132,0.6,0.0786883181813236
33.09,-0.0111399297349399,0.592284823494397,0.607715176505603,0.6,0.0771517650560327
33.1,-0.0111900152620296,0.592438159648254,0.607561840351746,0.6,0.0756184035174579
33.11,-0.0112398210393205,0.592591172810045,0.607408827189955,0.6,0.0740882718995473
33.12,-0.0112893458216709,0.592743859154449,0.607256140845551,0.6,0.0725614084555137
33.13,-0.0113385883709637,0.592896214864314,0.607103785135686,0.6,0.0710378513568599
33.14,-0.0113875474561378,0.593048236130755,0.606951763869245,0.6,0.0695176386924479
33.15,-0.0114362218532186,0.59319991915325,0.60680008084675,0.6,0.068000808467501
33.16,-0.0114846103453487,0.59335126013973,0.60664873986027,0.6,0.066487398602697
33.17,-0.0115327117228183,0.593502255306678,0.606497744693322,0.6,0.0649774469332154
33.18,-0.0115805247830955,0.593652900879224,0.606347099120776,0.6,0.0634709912077569
33.19,-0.0116280483308563,0.593803193091236,0.606196806908764,0.6,0.0619680690876412
33.2,-0.0116752811780145,0.593953128185416,0.606046871814584,0.6,0.0604687181458385
33.21,-0.0117222221437512,0.594102702413394,0.605897297586605,0.6,0.0589729758660551
33.22,-0.011768870054545,0.594251912035824,0.605748087964176,0.6,0.0574808796417592
33.23,-0.0118152237442003,0.594400753322472,0.605599246677528,0.6,0.0559924667752798
33.24,-0.0118612820538774,0.594549222552313,0.605450777447687,0.6,0.0545077744768707
33.25,-0.0119070438321209,0.594697316013625,0.605302683986375,0.6,0.0530268398637512
33.26,-0.0119525079348887,0.594845030004079,0.605154969995921,0.6,0.0515496999592147
33.27,-0.0119976732255808,0.594992360830832,0.605007639169168,0.6,0.0500763916916758
33.28,-0.0120425385750671,0.595139304810622,0.604860695189378,0.6,0.0486069518937771
33.29,-0.0120871028617161,0.595285858269857,0.604714141730142,0.6,0.0471414173014251
33.3,-0.0121313649714232,0.595432017544709,0.604567982455291,0.6,0.0456798245529133
33.31,-0.0121753237976379,0.595577778981202,0.604422221018798,0.6,0.0442222101879786
33.32,-0.0122189782413917,0.595723138935308,0.604276861064692,0.6,0.0427686106469172
33.33,-0.0122623272113259,0.595868093773037,0.604131906226963,0.6,0.0413190622696291
33.34,-0.0123053696237185,0.596012639870525,0.603987360129475,0.6,0.0398736012947509
33.35,-0.0123481044025114,0.596156773614126,0.603843226385874,0.6,0.0384322638587387
33.36,-0.0123905304793374,0.596300491400505,0.603699508599495,0.6,0.0369950859949464
33.37,-0.0124326467935467,0.596443789636725,0.603556210363275,0.6,0.0355621036327469
33.38,-0.0124744522922338,0.596586664740338,0.603413335259662,0.6,0.0341333525966214
33.39,-0.0125159459302632,0.596729113139472,0.603270886860528,0.6,0.0327088686052834
33.4,-0.0125571266702962,0.596871131272925,0.603128868727075,0.6,0.0312886872707463
33.41,-0.0125979934828165,0.597012715590253,0.602987284409747,0.6,0.0298728440974705
33.42,-0.0126385453461559,0.597153862551853,0.602846137448147,0.6,0.028461374481471
33.43,-0.0126787812465198,0.597294568629059,0.60270543137094,0.6,0.0270543137094048
33.44,-0.012718700178013,0.597434830304228,0.602565169695772,0.6,0.0256516969577214
33.45,-0.0127583011426642,0.597574644070824,0.602425355929176,0.6,0.0242535592917648
33.46,-0.0127975831504512,0.597714006433509,0.602285993566491,0.6,0.0228599356649106
33.47,-0.0128365452193261,0.597852913908233,0.602147086091767,0.6,0.0214708609176695
33.48,-0.012875186375239,0.597991363022316,0.602008636977684,0.6,0.0200863697768372
33.49,-0.0129135056521632,0.598129350314537,0.601870649685463,0.6,0.0187064968546291
33.5,-0.0129515020921186,0.598266872335221,0.601733127664779,0.6,0.0173312766477873
33.51,-0.0129891747451962,0.598403925646325,0.601596074353675,0.6,0.0159607435367493
33.52,-0.0130265226695818,0.598540506821523,0.601459493178477,0.6,0.0145949317847671
33.53,-0.0130635449315791,0.598676612446293,0.601323387553707,0.6,0.0132338755370731
33.54,-0.0131002406056335,0.598812239118001,0.601187760881999,0.6,0.0118776088199934
33.55,-0.013136608774355,0.598947383445987,0.601052616554013,0.6,0.0105261655401279
33.56,-0.0131726485285414,0.599082042051651,0.600917957948349,0.6,0.00917957948348702
33.57,-0.0132083589672007,0.599216211568534,0.600783788431466,0.6,0.00783788431465871
33.58,-0.0132437391975737,0.599349888642406,0.600650111357594,0.6,0.00650111357594407
33.59,-0.0132787883351565,0.599483069931346,0.600516930068654,0.6,0.00516930068654275
33.6,-0.0133135055037226,0.599615752105828,0.600384247894172,0.6,0.00384247894171574
33.61,-0.0133478898353444,0.599747931848807,0.600252068151193,0.6,0.00252068151192941
33.62,-0.0133819404704156,0.599879605855795,0.600120394144205,0.6,0.00120394144205282
33.63,-0.0134156565576721,0.600010770834948,0.599989229165052,0.6,-0.000107708349483815
33.64,-0.0134490372542133,0.600141423507149,0.59985857649285,0.6,-0.00141423507149518
33.65,-0.0134820817255236,0.600271560606089,0.599728439393911,0.6,-0.00271560606088905
33.66,-0.013514789145493,0.600401178878346,0.599598821121654,0.6,-0.00401178878345898
33.67,-0.0135471586964376,0.60053027508347,0.59946972491653,0.6,-0.005302750834697
33.68,-0.0135791895691204,0.600658845994062,0.599341154005937,0.6,-0.00658845994062518
33.69,-0.0136108809627712,0.600786888395858,0.599213111604142,0.6,-0.00786888395858276
33.7,-0.0136422320851069,0.600914399087804,0.599085600912196,0.6,-0.00914399087803663
33.71,-0.0136732421523509,0.601041374882137,0.598958625117863,0.6,-0.0104137488213729
33.72,-0.0137039103892533,0.601167812604472,0.598832187395528,0.6,-0.0116781260447174
33.73,-0.0137342360291097,0.60129370909387,0.598706290906129,0.6,-0.012937090938705
33.74,-0.0137642183137807,0.601419061202927,0.598580938797073,0.6,-0.0141906120292712
33.75,-0.0137938564937108,0.601543865797846,0.598456134202154,0.6,-0.0154386579784616
33.76,-0.0138231498279469,0.601668119758519,0.598331880241481,0.6,-0.016681197585191
33.77,-0.0138520975841573,0.601791819978603,0.598208180021397,0.6,-0.0179181997860345
33.78,-0.0138806990386496,0.6019149633656,0.5980850366344,0.6,-0.019149633655996
33.79,-0.0139089534763888,0.60203754684093,0.59796245315907,0.6,-0.0203754684092983
33.8,-0.0139368601910155,0.602159567340014,0.597840432659986,0.6,-0.0215956734001355
33.81,-0.0139644184848634,0.602281021812345,0.597718978187655,0.6,-0.022810218123448
33.82,-0.0139916276689764,0.602401907221567,0.597598092778433,0.6,-0.0240190722156741
33.83,-0.0140184870631265,0.602522220545553,0.597477779454447,0.6,-0.0252222054555329
33.84,-0.0140449959958301,0.602641958776475,0.597358041223525,0.6,-0.0264195877647533
33.85,-0.0140711538043653,0.602761118920883,0.597238881079116,0.6,-0.0276111892088349
33.86,-0.0140969598347883,0.602879697999781,0.597120302000219,0.6,-0.0287969799978105
33.87,-0.0141224134419496,0.602997693048697,0.597002306951303,0.6,-0.029976930486969
33.88,-0.0141475139895104,0.603115101117761,0.596884898882239,0.6,-0.0311510111776114
33.89,-0.0141722608499583,0.603231919271778,0.596768080728222,0.6,-0.0323191927177779
33.9,-0.0141966534046231,0.603348144590299,0.596651855409701,0.6,-0.0334814459029931
33.91,-0.0142206910436923,0.603463774167699,0.596536225832301,0.6,-0.0346377416769916
33.92,-0.0142443731662259,0.603578805113243,0.596421194886757,0.6,-0.0357880511324316
33.93,-0.0142676991801723,0.603693234551164,0.596306765448836,0.6,-0.0369323455116422
33.94,-0.0142906685023823,0.603807059620732,0.596192940379268,0.6,-0.0380705962073224
33.95,-0.0143132805586241,0.603920277476326,0.596079722523673,0.6,-0.0392027747632651
33.96,-0.0143355347835974,0.604032885287506,0.595967114712494,0.6,-0.0403288528750601
33.97,-0.0143574306209477,0.604144880239082,0.595855119760918,0.6,-0.0414488023908199
33.98,-0.0143789675232803,0.604256259531186,0.595743740468814,0.6,-0.0425625953118625
33.99,-0.0144001449521737,0.604367020379342,0.595632979620658,0.6,-0.04367020379342
34,-0.0144209623781934,0.604477160014534,0.595522839985466,0.6,-0.0447716001453424
34.01,-0.0144414192809046,0.604586675683278,0.595413324316722,0.6,-0.0458667568327764
34.02,-0.014461515148886,0.604695564647686,0.595304435352314,0.6,-0.0469556464768639
34.03,-0.0144812494797419,0.604803824185541,0.595196175814458,0.6,-0.0480382418554148
34.04,-0.014500621780115,0.604911451590361,0.595088548409639,0.6,-0.0491145159036066
34.05,-0.0145196315656988,0.605018444171464,0.594981555828536,0.6,-0.0501844417146413
34.06,-0.0145382783612497,0.605124799254043,0.594875200745957,0.6,-0.051247992540433
34.07,-0.0145565617005988,0.605230514179226,0.594769485820774,0.6,-0.0523051417922604
34.08,-0.0145744811266636,0.605335586304145,0.594664413695855,0.6,-0.0533558630414521
34.09,-0.0145920361914592,0.605440013002003,0.594559986997997,0.6,-0.0544001300200314
34.1,-0.0146092264561101,0.605543791662137,0.594456208337863,0.6,-0.0554379166213748
34.11,-0.0146260514908605,0.605646919690087,0.594353080309913,0.6,-0.0564691969008746
34.12,-0.0146425108750853,0.605749394507658,0.594250605492342,0.6,-0.0574939450765766
34.13,-0.014658604197301,0.605851213552983,0.594148786447017,0.6,-0.0585121355298301
34.14,-0.0146743310551751,0.605952374280592,0.594047625719408,0.6,-0.0595237428059248
34.15,-0.0146896910555372,0.606052874161473,0.593947125838527,0.6,-0.0605287416147338
34.16,-0.014704683814388,0.606152710683134,0.593847289316866,0.6,-0.0615271068313394
34.17,-0.0147193089569092,0.606251881349666,0.593748118650334,0.6,-0.0625188134966603
34.18,-0.0147335661174732,0.606350383681808,0.593649616318192,0.6,-0.063503836818084
34.19,-0.0147474549396516,0.606448215217008,0.593551784782992,0.6,-0.0644821521700789
34.2,-0.0147609750762247,0.606545373509481,0.593454626490519,0.6,-0.0654537350948126
34.21,-0.0147741261891896,0.606641856130276,0.593358143869724,0.6,-0.0664185613027579
34.22,-0.0147869079497692,0.606737660667331,0.593262339332668,0.6,-0.067376606673315
34.23,-0.0147993200384203,0.60683278472554,0.59316721527446,0.6,-0.0683278472553994
34.24,-0.0148113621448412,0.606927225926804,0.593072774073196,0.6,-0.0692722592680428
34.25,-0.0148230339679799,0.6070209819101,0.5929790180899,0.6,-0.0702098191009959
34.26,-0.0148343352160415,0.607114050331531,0.592885949668469,0.6,-0.0711405033153134
34.27,-0.0148452656064953,0.607206428864394,0.592793571135606,0.6,-0.072064288643936
34.28,-0.0148558248660821,0.607298115199228,0.592701884800772,0.6,-0.0729811519922785
34.29,-0.014866012730821,0.60738910704388,0.592610892956119,0.6,-0.0738910704388052
34.3,-0.0148758289460158,0.60747940212356,0.59252059787644,0.6,-0.0747940212356046
34.31,-0.0148852732662619,0.607568998180895,0.592431001819105,0.6,-0.0756899818089507
34.32,-0.0148943454554515,0.607657892975988,0.592342107024012,0.6,-0.0765789297598773
34.33,-0.0149030452867805,0.607746084286473,0.592253915713527,0.6,-0.0774608428647328
34.34,-0.0149113725427535,0.607833569907573,0.592166430092427,0.6,-0.0783356990757345
34.35,-0.0149193270151896,0.607920347652152,0.592079652347848,0.6,-0.0792034765215222
34.36,-0.0149269085052274,0.60800641535077,0.591993584649229,0.6,-0.0800641535077051
34.37,-0.0149341168233299,0.60809177085174,0.59190822914826,0.6,-0.080917708517404
34.38,-0.0149409517892897,0.608176412021179,0.591823587978821,0.6,-0.0817641202117891
34.39,-0.014947413232233,0.608260336743061,0.591739663256939,0.6,-0.0826033674306093
34.4,-0.0149535009906239,0.608343542919273,0.591656457080727,0.6,-0.0834354291927297
34.41,-0.014959214912269,0.608426028469665,0.591573971530335,0.6,-0.08426028469665
34.42,-0.0149645548543203,0.608507791332102,0.591492208667898,0.6,-0.0850779133210244
34.43,-0.0149695206832797,0.608588829462518,0.591411170537482,0.6,-0.0858882946251804
34.44,-0.0149741122750016,0.608669140834963,0.591330859165037,0.6,-0.0866914083496273
34.45,-0.0149783295146966,0.608748723441656,0.591251276558344,0.6,-0.0874872344165645
34.46,-0.0149821722969338,0.608827575293038,0.591172424706962,0.6,-0.0882757529303813
34.47,-0.014985640525644,0.608905694417816,0.591094305582184,0.6,-0.0890569441781552
34.48,-0.0149887341141215,0.608983078863015,0.591016921136985,0.6,-0.0898307886301486
34.49,-0.0149914529850268,0.609059726694029,0.590940273305971,0.6,-0.0905972669402866
34.5,-0.0149937970703883,0.609135635994665,0.590864364005335,0.6,-0.0913563599466527
34.51,-0.0149957663116039,0.609210804867196,0.590789195132804,0.6,-0.0921080486719628
34.52,-0.0149973606594428,0.609285231432404,0.590714768567596,0.6,-0.0928523143240367
34.53,-0.0149985800740463,0.609358913829627,0.590641086170373,0.6,-0.0935891382962717
34.54,-0.0149994245249291,0.609431850216811,0.590568149783189,0.6,-0.0943185021681081
34.55,-0.0149998939909801,0.609504038770548,0.590495961229451,0.6,-0.0950403877054851
34.56,-0.0149999884604625,0.60957547768613,0.59042452231387,0.6,-0.0957547768613032
34.57,-0.0149997079310146,0.609646165177587,0.590353834822413,0.6,-0.0964616517758698
34.58,-0.0149990524096497,0.609716099477735,0.590283900522265,0.6,-0.0971609947773511
34.59,-0.0149980219127558,0.609785278838221,0.590214721161779,0.6,-0.0978527883822056
34.6,-0.0149966164660952,0.609853701529563,0.590146298470437,0.6,-0.0985370152956311
34.61,-0.014994836104804,0.609921365841199,0.590078634158801,0.6,-0.0992136584119896
34.62,-0.0149926808733911,0.609988270081524,0.590011729918476,0.6,-0.0998827008152381
34.63,-0.0149901508257373,0.610054412577935,0.589945587422065,0.6,-0.100544125779353
34.64,-0.0149872460250936,0.610119791676874,0.589880208323126,0.6,-0.101197916768743
34.65,-0.0149839665440799,0.610184405743867,0.589815594256133,0.6,-0.101844057438667
34.66,-0.0149803124646829,0.610248253163564,0.589751746836436,0.6,-0.102482531635644
34.67,-0.0149762838782546,0.610311332339785,0.589688667660215,0.6,-0.10311332339785
34.68,-0.0149718808855093,0.610373641695553,0.589626358304447,0.6,-0.103736416955527
34.69,-0.0149671035965217,0.610435179673136,0.589564820326864,0.6,-0.104351796731365
34.7,-0.0149619521307237,0.61049594473409,0.58950405526591,0.6,-0.104959447340902
34.71,-0.0149564266169017,0.610555935359291,0.589444064640709,0.6,-0.105559353592908
34.72,-0.0149505271931933,0.610615150048975,0.589384849951025,0.6,-0.106151500489754
34.73,-0.0149442540070837,0.61067358732278,0.58932641267722,0.6,-0.1067358732278
34.74,-0.0149376072154022,0.610731245719776,0.589268754280224,0.6,-0.107312457197759
34.75,-0.0149305869843184,0.610788123798506,0.589211876201494,0.6,-0.10788123798506
34.76,-0.0149231934893376,0.610844220137021,0.589155779862979,0.6,-0.108442201370214
34.77,-0.0149154269152968,0.610899533332916,0.589100466667084,0.6,-0.108995333329164
34.78,-0.01490728745636,0.610954062003364,0.589045937996636,0.6,-0.109540620033642
34.79,-0.0148987753160132,0.611007804785151,0.588992195214849,0.6,-0.110078047851508
34.8,-0.0148898907070595,0.611060760334709,0.588939239665291,0.6,-0.110607603347094
34.81,-0.0148806338516136,0.611112927328154,0.588887072671846,0.6,-0.111129273281541
34.82,-0.0148710049810965,0.611164304461313,0.588835695538687,0.6,-0.111643044613128
34.83,-0.0148610043362293,0.61121489044976,0.58878510955024,0.6,-0.112148904497597
34.84,-0.0148506321670278,0.611264684028848,0.588735315971152,0.6,-0.112646840288476
34.85,-0.0148398887327955,0.61131368395374,0.58868631604626,0.6,-0.113136839537402
34.86,-0.0148287743021179,0.611361888999441,0.588638111000559,0.6,-0.113618889994413
34.87,-0.014817289152855,0.611409297960828,0.588590702039172,0.6,-0.114092979608277
34.88,-0.014805433572135,0.611455909652677,0.588544090347323,0.6,-0.114559096526774
34.89,-0.0147932078563469,0.611501722909701,0.588498277090299,0.6,-0.115017229097011
34.9,-0.0147806123111328,0.611546736586569,0.588453263413431,0.6,-0.115467365865692
34.91,-0.0147676472513808,0.611590949557942,0.588409050442057,0.6,-0.115909495579425
34.92,-0.0147543130012166,0.611634360718499,0.588365639281501,0.6,-0.116343607184989
34.93,-0.0147406098939958,0.611676968982962,0.588323031017038,0.6,-0.116769689829616
34.94,-0.0147265382722955,0.611718773286126,0.588281226713874,0.6,-0.117187732861262
34.95,-0.0147120984879053,0.611759772582887,0.588240227417113,0.6,-0.117597725828874
34.96,-0.0146972909018192,0.611799965848265,0.588200034151735,0.6,-0.117999658482649
34.97,-0.014682115884226,0.611839352077429,0.588160647922571,0.6,-0.11839352077429
34.98,-0.0146665738145005,0.611877930285726,0.588122069714274,0.6,-0.118779302857261
34.99,-0.0146506650811934,0.611915699508703,0.588084300491297,0.6,-0.119156995087033
35,-0.0146343900820224,0.611952658802132,0.588047341197868,0.6,-0.119526588021317
35.01,-0.0146177492238615,0.611988807242031,0.588011192757969,0.6,-0.119888072420308
35.02,-0.0146007429227313,0.612024143924691,0.587975856075309,0.6,-0.120241439246914
35.03,-0.0145833716037886,0.612058667966699,0.587941332033301,0.6,-0.120586679666989
35.04,-0.0145656357013153,0.612092378504953,0.587907621495046,0.6,-0.120923785049535
35.05,-0.0145475356587081,0.612125274696693,0.587874725303307,0.6,-0.121252746966934
35.06,-0.0145290719284671,0.612157355719516,0.587842644280484,0.6,-0.12157355719516
35.07,-0.0145102449721847,0.612188620771397,0.587811379228603,0.6,-0.121886207713972
35.08,-0.0144910552605336,0.612219069070712,0.587780930929288,0.6,-0.122190690707121
35.09,-0.0144715032732558,0.612248699856255,0.587751300143745,0.6,-0.122486998562549
35.1,-0.0144515894991499,0.612277512387258,0.587722487612742,0.6,-0.122775123872579
35.11,-0.0144313144360592,0.612305505943409,0.587694494056591,0.6,-0.123055059434088
35.12,-0.0144106785908592,0.61233267982487,0.587667320175129,0.6,-0.123326798248705
35.13,-0.014389682479445,0.612359033352297,0.587640966647703,0.6,-0.12359033352297
35.14,-0.0143683266267183,0.612384565866852,0.587615434133148,0.6,-0.12384565866852
35.15,-0.0143466115665743,0.612409276730224,0.587590723269776,0.6,-0.124092767302236
35.16,-0.0143245378418883,0.612433165324642,0.587566834675358,0.6,-0.124331653246416
35.17,-0.0143021060045023,0.612456231052892,0.587543768947107,0.6,-0.124562310528925
35.18,-0.0142793166152111,0.612478473338334,0.587521526661666,0.6,-0.124784733383341
35.19,-0.0142561702437483,0.61249989162491,0.587500108375089,0.6,-0.124998916249105
35.2,-0.0142326674687719,0.612520485377165,0.587479514622835,0.6,-0.125204853771654
35.21,-0.01420880887785,0.612540254080257,0.587459745919743,0.6,-0.125402540802568
35.22,-0.0141845950674462,0.612559197239967,0.587440802760033,0.6,-0.125591972399675
35.23,-0.0141600266429046,0.612577314382719,0.587422685617281,0.6,-0.125773143827194
35.24,-0.0141351042184343,0.612594605055585,0.587405394944414,0.6,-0.125946050555855
35.25,-0.0141098284170948,0.612611068826299,0.587388931173701,0.6,-0.126110688262995
35.26,-0.0140841998707798,0.612626705283268,0.587373294716732,0.6,-0.126267052832678
35.27,-0.0140582192202015,0.61264151403558,0.58735848596442,0.6,-0.1264151403558
35.28,-0.014031887114875,0.612655494713018,0.587344505286982,0.6,-0.126554947130183
35.29,-0.0140052042131013,0.612668646966066,0.587331353033934,0.6,-0.126686469660662
35.3,-0.0139781711819518,0.612680970465918,0.587319029534082,0.6,-0.126809704659179
35.31,-0.0139507886972508,0.612692464904487,0.587307535095513,0.6,-0.126924649044871
35.32,-0.013923057443559,0.612703129994413,0.587296870005587,0.6,-0.127031299944128
35.33,-0.0138949781141562,0.612712965469069,0.587287034530931,0.6,-0.127129654690687
35.34,-0.0138665514110242,0.612721971082568,0.587278028917432,0.6,-0.127219710825682
35.35,-0.0138377780448292,0.612730146609772,0.587269853390228,0.6,-0.12730146609772
35.36,-0.0138086587349039,0.612737491846292,0.587262508153708,0.6,-0.127374918462917
35.37,-0.0137791942092293,0.612744006608497,0.587255993391503,0.6,-0.127440066084969
35.38,-0.0137493852044171,0.612749690733519,0.587250309266481,0.6,-0.127496907335188
35.39,-0.013719232465691,0.612754544079255,0.587245455920745,0.6,-0.127545440792552
35.4,-0.0136887367468678,0.612758566524372,0.587241433475628,0.6,-0.127585665243721
35.41,-0.0136578988103388,0.612761757968309,0.587238242031691,0.6,-0.127617579683086
35.42,-0.0136267194270509,0.612764118331279,0.587235881668721,0.6,-0.127641183312792
35.43,-0.0135951993764871,0.612765647554274,0.587234352445726,0.6,-0.127656475542745
35.44,-0.013563339446647,0.612766345599064,0.587233654400936,0.6,-0.127663455990642
35.45,-0.0135311404340271,0.612766212448197,0.587233787551803,0.6,-0.127662124481969
35.46,-0.0134986031436011,0.612765248105002,0.587234751894998,0.6,-0.12765248105002
35.47,-0.0134657283887996,0.612763452593588,0.587236547406412,0.6,-0.127634525935876
35.48,-0.0134325169914897,0.612760825958841,0.587239174041159,0.6,-0.127608259588412
35.49,-0.0133989697819546,0.612757368266429,0.587242631733571,0.6,-0.127573682664293
35.5,-0.0133650875988728,0.612753079602793,0.587246920397207,0.6,-0.127530796027931
35.51,-0.0133308712892972,0.61274796007515,0.58725203992485,0.6,-0.127479600751497
35.52,-0.0132963217086336,0.612742009811486,0.587257990188514,0.6,-0.127420098114862
35.53,-0.0132614397206198,0.61273522896056,0.58726477103944,0.6,-0.127352289605601
35.54,-0.0132262261973037,0.612727617691891,0.587272382308109,0.6,-0.127276176918913
35.55,-0.0131906820190216,0.612719176195761,0.587280823804239,0.6,-0.127191761957611
35.56,-0.013154808074376,0.612709904683207,0.587290095316793,0.6,-0.127099046832074
35.57,-0.0131186052602137,0.612699803386017,0.587300196613983,0.6,-0.126998033860167
35.58,-0.0130820744816031,0.612688872556721,0.587311127443279,0.6,-0.126888725567212
35.59,-0.0130452166518118,0.612677112468591,0.587322887531409,0.6,-0.126771124685906
35.6,-0.0130080326922837,0.612664523415627,0.587335476584372,0.6,-0.126645234156275
35.61,-0.0129705235326158,0.612651105712557,0.587348894287443,0.6,-0.126511057125568
35.62,-0.0129326901105351,0.61263685969482,0.58736314030518,0.6,-0.126368596948204
35.63,-0.0128945333718752,0.612621785718568,0.587378214281432,0.6,-0.126217857185679
35.64,-0.0128560542705527,0.612605884160649,0.587394115839351,0.6,-0.126058841606487
35.65,-0.0128172537685429,0.6125891554186,0.5874108445814,0.6,-0.125891554186001
35.66,-0.0127781328358565,0.61257159991064,0.58742840008936,0.6,-0.125715999106398
35.67,-0.0127386924505147,0.612553218075655,0.587446781924345,0.6,-0.125532180756555
35.68,-0.0126989335985252,0.612534010373191,0.587465989626809,0.6,-0.12534010373191
35.69,-0.0126588572738571,0.612513977283438,0.587486022716561,0.6,-0.125139772834385
35.7,-0.0126184644784164,0.612493119307224,0.587506880692776,0.6,-0.124931193072236
35.71,-0.012577756222021,0.612471436965996,0.587528563034004,0.6,-0.124714369659957
35.72,-0.0125367335223751,0.612448930801811,0.587551069198189,0.6,-0.124489308018113
35.73,-0.0124953974050442,0.612425601377323,0.587574398622677,0.6,-0.124256013773232
35.74,-0.0124537489034289,0.612401449275767,0.587598550724233,0.6,-0.124014492757668
35.75,-0.0124117890587396,0.612376475100943,0.587623524899057,0.6,-0.123764751009425
35.76,-0.0123695189199704,0.612350679477204,0.587649320522796,0.6,-0.123506794772036
35.77,-0.0123269395438723,0.612324063049439,0.587675936950561,0.6,-0.12324063049439
35.78,-0.0122840519949277,0.612296626483059,0.587703373516941,0.6,-0.122966264830591
35.79,-0.0122408573453231,0.612268370463976,0.587731629536024,0.6,-0.122683704639757
35.8,-0.0121973566749223,0.612239295698587,0.587760704301412,0.6,-0.122392956985875
35.81,-0.0121535510712399,0.612209402913763,0.587790597086237,0.6,-0.122094029137633
35.82,-0.0121094416294138,0.61217869285682,0.58782130714318,0.6,-0.121786928568203
35.83,-0.0120650294521777,0.612147166295508,0.587852833704491,0.6,-0.121471662955085
35.84,-0.0120203156498335,0.61211482401799,0.58788517598201,0.6,-0.121148240179899
35.85,-0.0119753013402243,0.612081666832821,0.587918333167179,0.6,-0.12081666832821
35.86,-0.0119299876487052,0.612047695568928,0.587952304431072,0.6,-0.120476955689284
35.87,-0.0118843757081163,0.612012911075593,0.587987088924407,0.6,-0.120129110755925
35.88,-0.0118384666587536,0.611977314222423,0.588022685777577,0.6,-0.119773142224233
35.89,-0.011792261648341,0.611940905899341,0.588059094100658,0.6,-0.119409058993415
35.9,-0.0117457618320015,0.611903687016552,0.588096312983448,0.6,-0.11903687016552
35.91,-0.0116989683722278,0.611865658504525,0.588134341495475,0.6,-0.118656585045251
35.92,-0.0116518824388542,0.611826821313973,0.588173178686027,0.6,-0.118268213139727
35.93,-0.0116045052090266,0.611787176415821,0.588212823584179,0.6,-0.117871764158214
35.94,-0.011556837867173,0.611746724801192,0.588253275198808,0.6,-0.11746724801192
35.95,-0.0115088816049747,0.611705467481372,0.588294532518628,0.6,-0.117054674813722
35.96,-0.0114606376213357,0.611663405487794,0.588336594512206,0.6,-0.116634054877943
35.97,-0.0114121071223531,0.611620539872005,0.588379460127995,0.6,-0.116205398720046
35.98,-0.0113632913212868,0.611576871705641,0.588423128294359,0.6,-0.115768717056413
35.99,-0.0113141914385293,0.611532402080407,0.588467597919593,0.6,-0.115324020804073
36,-0.0112648087015751,0.61148713210804,0.58851286789196,0.6,-0.114871321080401
36.01,-0.0112151443449901,0.611441062920287,0.588558937079713,0.6,-0.114410629202867
36.02,-0.0111651996103806,0.611394195668874,0.588605804331126,0.6,-0.113941956688741
36.03,-0.0111149757463624,0.611346531525482,0.588653468474518,0.6,-0.113465315254824
36.04,-0.0110644740085294,0.611298071681711,0.588701928318288,0.6,-0.112980716817115
36.05,-0.0110136956594224,0.611248817349055,0.588751182650945,0.6,-0.112488173490549
36.06,-0.0109626419684976,0.61119876975887,0.58880123024113,0.6,-0.111987697588697
36.07,-0.0109113142120946,0.611147930162342,0.588852069837658,0.6,-0.111479301623416
36.08,-0.0108597136734045,0.611096299830459,0.588903700169541,0.6,-0.110962998304586
36.09,-0.0108078416424382,0.611043880053975,0.588956119946024,0.6,-0.110438800539755
36.1,-0.0107556994159938,0.610990672143385,0.589009327856615,0.6,-0.109906721433854
36.11,-0.0107032882976242,0.610936677428882,0.589063322571118,0.6,-0.109366774288823
36.12,-0.0106506095976046,0.610881897260331,0.589118102739669,0.6,-0.108818972603313
36.13,-0.0105976646328997,0.610826333007233,0.589173666992767,0.6,-0.108263330072335
36.14,-0.0105444547271311,0.610769986058693,0.589230013941306,0.6,-0.107699860586935
36.15,-0.0104909812105434,0.610712857823381,0.589287142176619,0.6,-0.107128578233811
36.16,-0.0104372454199718,0.610654949729499,0.589345050270501,0.6,-0.106549497294988
36.17,-0.0103832486988084,0.610596263224747,0.589403736775252,0.6,-0.105962632247475
36.18,-0.0103289923969683,0.610536799776285,0.589463200223715,0.6,-0.105367997762853
36.19,-0.0102744778708562,0.610476560870696,0.589523439129304,0.6,-0.104765608706959
36.2,-0.0102197064833325,0.610415548013948,0.589584451986052,0.6,-0.104155480139483
36.21,-0.010164679603679,0.610353762731362,0.589646237268638,0.6,-0.10353762731362
36.22,-0.0101093986075648,0.610291206567565,0.589708793432435,0.6,-0.102912065675647
36.23,-0.0100538648770119,0.610227881086457,0.589772118913543,0.6,-0.102278810864569
36.24,-0.00999807980036078,0.610163787871174,0.589836212128826,0.6,-0.10163787871174
36.25,-0.00994204477223538,0.610098928524042,0.589901071475958,0.6,-0.100989285240416
36.26,-0.00988576119350847,0.61003330466654,0.58996669533346,0.6,-0.100333046665404
36.27,-0.00982923047126658,0.609966917939263,0.590033082060737,0.6,-0.0996691793926296
36.28,-0.00977245401877488,0.609899770001875,0.590100229998125,0.6,-0.0989977000187547
36.29,-0.00971543325544169,0.609831862533071,0.590168137466929,0.6,-0.0983186253307144
36.3,-0.00965816960678309,0.609763197230534,0.590236802769466,0.6,-0.0976319723053398
36.31,-0.00960066450438739,0.609693775810893,0.590306224189106,0.6,-0.0969377581089348
36.32,-0.00954291938587911,0.609623600009681,0.590376399990319,0.6,-0.0962360000968066
36.33,-0.00948493569488322,0.609552671581287,0.590447328418713,0.6,-0.0955267158128703
36.34,-0.00942671488098891,0.609480992298919,0.590519007701081,0.6,-0.094809922989193
36.35,-0.0093682583997136,0.609408563954557,0.590591436045443,0.6,-0.0940856395455714
36.36,-0.00930956771246622,0.609335388358904,0.590664611641096,0.6,-0.0933538835890413
36.37,-0.00925064428651091,0.609261467341347,0.590738532658653,0.6,-0.0926146734134659
36.38,-0.00919148959493019,0.609186802749906,0.590813197250094,0.6,-0.091868027499058
36.39,-0.00913210511658837,0.609111396451194,0.590888603548806,0.6,-0.0911139645119408
36.4,-0.00907249233609426,0.609035250330363,0.590964749669637,0.6,-0.0903525033036345
36.41,-0.00901265274376423,0.608958366291063,0.591041633708937,0.6,-0.0895836629106306
36.42,-0.00895258783558506,0.608880746255391,0.591119253744609,0.6,-0.0888074625539115
36.43,-0.00889229911317628,0.608802392163843,0.591197607836157,0.6,-0.0880239216384338
36.44,-0.00883178808375281,0.608723305975268,0.591276694024732,0.6,-0.0872330597526838
36.45,-0.0087710562600872,0.608643489666816,0.591356510333184,0.6,-0.0864348966681605
36.46,-0.00871010516047195,0.608562945233892,0.591437054766108,0.6,-0.0856294523389156
36.47,-0.00864893630868133,0.6084816746901,0.5915183253099,0.6,-0.0848167469010019
36.48,-0.00858755123393343,0.608399680067201,0.591600319932799,0.6,-0.0839968006720104
36.49,-0.00852595147085198,0.608316963415057,0.591683036584943,0.6,-0.0831696341505705
36.5,-0.00846413855942783,0.608233526801579,0.591766473198421,0.6,-0.0823352680157885
36.51,-0.00840211404498053,0.608149372312678,0.591850627687322,0.6,-0.0814937231267765
36.52,-0.00833987947811967,0.608064502052211,0.591935497947789,0.6,-0.0806450205221088
36.53,-0.00827743641470626,0.607978918141932,0.592021081858068,0.6,-0.0797891814193219
36.54,-0.00821478641581361,0.607892622721434,0.592107377278566,0.6,-0.0789262272143354
36.55,-0.00815193104768838,0.607805617948096,0.592194382051904,0.6,-0.0780561794809553
36.56,-0.00808887188171157,0.607717905997035,0.592282094002965,0.6,-0.0771790599703481
36.57,-0.00802561049435901,0.607629489061044,0.592370510938956,0.6,-0.076294890610441
36.58,-0.0079621484671621,0.607540369350542,0.592459630649458,0.6,-0.0754036935054248
36.59,-0.00789848738666816,0.607450549093518,0.592549450906482,0.6,-0.0745054909351761
36.6,-0.00783462884440097,0.607360030535473,0.592639969464527,0.6,-0.0736003053547285
36.61,-0.00777057443682073,0.607268815939366,0.592731184060634,0.6,-0.072688159393659
36.62,-0.00770632576528428,0.607176907585557,0.592823092414443,0.6,-0.0717690758555733
36.63,-0.00764188443600503,0.607084307771751,0.592915692228249,0.6,-0.0708430777175084
36.64,-0.00757725206001294,0.606991018812938,0.593008981187062,0.6,-0.0699101881293829
36.65,-0.007512430253114,0.606897043041338,0.593102956958662,0.6,-0.0689704304133754
36.66,-0.00744742063584995,0.606802382806338,0.593197617193662,0.6,-0.068023828063376
36.67,-0.00738222483345794,0.606707040474441,0.593292959525559,0.6,-0.0670704047444126
36.68,-0.00731684447582959,0.6066110184292,0.5933889815708,0.6,-0.066110184292002
36.69,-0.00725128119747042,0.606514319071161,0.593485680928839,0.6,-0.0651431907116118
36.7,-0.00718553663745894,0.606416944817802,0.593583055182198,0.6,-0.0641694481780231
36.71,-0.00711961243940582,0.606318898103477,0.593681101896523,0.6,-0.0631889810347674
36.72,-0.00705351025141252,0.606220181379345,0.593779818620655,0.6,-0.0622018137934544
36.73,-0.00698723172603027,0.606120797113321,0.593879202886679,0.6,-0.0612079711332147
36.74,-0.00692077852021883,0.606020747790008,0.593979252209992,0.6,-0.0602074779000783
36.75,-0.00685415229530483,0.605920035910631,0.594079964089369,0.6,-0.0592003591063084
36.76,-0.00678735471694045,0.605818663992983,0.594181336007017,0.6,-0.0581866399298281
36.77,-0.0067203874550616,0.605716634571356,0.594283365428644,0.6,-0.0571663457135585
36.78,-0.00665325218384644,0.605613950196482,0.594386049803518,0.6,-0.0561395019648159
36.79,-0.00658595058167321,0.605510613435463,0.594489386564537,0.6,-0.0551061343546277
36.8,-0.0065184843310784,0.605406626871713,0.594593373128287,0.6,-0.0540662687171289
36.81,-0.00645085511871487,0.605301993104892,0.594698006895108,0.6,-0.053019931048921
36.82,-0.00638306463530936,0.605196714750838,0.594803285249162,0.6,-0.0519671475083783
36.83,-0.00631511457562041,0.605090794441504,0.594909205558496,0.6,-0.0509079444150373
36.84,-0.00624700663839594,0.604984234824891,0.595015765175109,0.6,-0.0498423482489141
36.85,-0.00617874252633092,0.604877038564988,0.595122961435012,0.6,-0.0487703856498756
36.86,-0.00611032394602455,0.604769208341691,0.595230791658309,0.6,-0.0476920834169148
36.87,-0.00604175260793778,0.604660746850754,0.595339253149246,0.6,-0.0466074685075357
36.88,-0.00597303022635043,0.604551656803705,0.595448343196295,0.6,-0.0455165680370495
36.89,-0.00590415851931857,0.604441940927793,0.595558059072207,0.6,-0.044419409277926
36.9,-0.00583513920863123,0.604331601965906,0.595668398034094,0.6,-0.0433160196590643
36.91,-0.00576597401976754,0.604220642676514,0.595779357323486,0.6,-0.0422064267651434
36.92,-0.00569666468185372,0.604109065833595,0.595890934166405,0.6,-0.0410906583359461
36.93,-0.00562721292761955,0.603996874226561,0.596003125773439,0.6,-0.0399687422656092
36.94,-0.00555762049335528,0.603884070660198,0.596115929339802,0.6,-0.0388407066019802
36.95,-0.00548788911886808,0.603770657954589,0.596229342045411,0.6,-0.0377065795458875
36.96,-0.00541802054743879,0.603656638945046,0.596343361054954,0.6,-0.0365663894504642
36.97,-0.005348016525778,0.603542016482039,0.596457983517961,0.6,-0.0354201648203878
36.98,-0.00527787880398255,0.603426793431121,0.596573206568879,0.6,-0.0342679343112129
36.99,-0.00520760913549195,0.603310972672866,0.596689027327134,0.6,-0.0331097267286595
37,-0.00513720927704419,0.603194557102784,0.596805442897216,0.6,-0.0319455710278405
37.01,-0.00506668098863206,0.603077549631259,0.596922450368741,0.6,-0.0307754963125928
37.02,-0.00499602603345906,0.602959953183472,0.597040046816528,0.6,-0.0295995318347186
37.03,-0.00492524617789549,0.602841770699328,0.597158229300672,0.6,-0.0284177069932845
37.04,-0.00485434319143398,0.602723005133383,0.597276994866617,0.6,-0.027230051333833
37.05,-0.00478331884664547,0.602603659454769,0.59739634054523,0.6,-0.0260365945476948
37.06,-0.00471217491913498,0.602483736647124,0.597516263352876,0.6,-0.0248373664712431
37.07,-0.00464091318749694,0.60236323970851,0.59763676029149,0.6,-0.0236323970851016
37.08,-0.00456953543327092,0.602242171651345,0.597757828348655,0.6,-0.0224217165134477
37.09,-0.00449804344089701,0.602120535502323,0.597879464497677,0.6,-0.0212053550232261
37.1,-0.00442643899767141,0.601998334302343,0.598001665697657,0.6,-0.0199833430234275
37.11,-0.0043547238937014,0.601875571106427,0.598124428893573,0.6,-0.0187557110642722
37.12,-0.00428289992186087,0.60175224898365,0.59824775101635,0.6,-0.0175224898365012
37.13,-0.0042109688777453,0.601628371017057,0.598371628982942,0.6,-0.0162837101705748
37.14,-0.00413893255962716,0.601503940303594,0.598496059696406,0.6,-0.0150394030359358
37.15,-0.0040667927684106,0.601378959954018,0.598621040045982,0.6,-0.0137895995401827
37.16,-0.0039945513075866,0.601253433092834,0.598746566907166,0.6,-0.0125343309283377
37.17,-0.003922209983188,0.601127362858207,0.598872637141793,0.6,-0.0112736285820658
37.18,-0.0038497706037441,0.601000752401885,0.598999247598115,0.6,-0.0100075240188457
37.19,-0.00377723498023562,0.600873604889123,0.599126395110877,0.6,-0.00873604889122914
37.2,-0.00370460492604931,0.600745923498602,0.599254076501398,0.6,-0.00745923498602252
37.21,-0.00363188225693285,0.600617711422352,0.599382288577648,0.6,-0.00617711422352452
37.22,-0.00355906879094913,0.600488971865667,0.599511028134333,0.6,-0.00488971865667209
37.23,-0.00348616634843095,0.600359708047028,0.599640291952972,0.6,-0.0035970804702834
37.24,-0.00341317675193569,0.600229923198027,0.599770076801973,0.6,-0.00229923198026616
37.25,-0.00334010182619939,0.600099620563275,0.599900379436725,0.6,-0.000996205632747271
37.26,-0.0032669433980914,0.599968803400332,0.600031196599668,0.6,0.0003119659966766
37.27,-0.00319370329656856,0.599837474979621,0.600162525020379,0.6,0.00162525020379056
37.28,-0.0031203833526297,0.599705638584346,0.600294361415654,0.6,0.00294361415653865
37.29,-0.00304698539926954,0.599573297510409,0.600426702489591,0.6,0.00426702489590758
37.3,-0.00297351127143305,0.59944045506633,0.60055954493367,0.6,0.00559544933669942
37.31,-0.00289996280596969,0.599307114573165,0.600692885426835,0.6,0.00692885426835432
37.32,-0.00282634184158722,0.599173279364416,0.600826720635584,0.6,0.00826720635583533
37.33,-0.00275265021880592,0.59903895278596,0.60096104721404,0.6,0.00961047214040445
37.34,-0.00267888977991246,0.598904138195951,0.601095861804049,0.6,0.0109586180404941
37.35,-0.00260506236891408,0.598768838964749,0.601231161035251,0.6,0.0123116103525078
37.36,-0.00253116983149216,0.598633058474827,0.601366941525173,0.6,0.0136694152517258
37.37,-0.00245721401495628,0.598496800120691,0.601503199879309,0.6,0.0150319987930914
37.38,-0.00238319676819796,0.598360067308791,0.601639932691209,0.6,0.0163993269120921
37.39,-0.00230911994164461,0.598222863457442,0.601777136542558,0.6,0.0177713654255796
37.4,-0.00223498538721298,0.598085191996732,0.601914808003268,0.6,0.0191480800326793
37.41,-0.00216079495826303,0.59794705636844,0.60205294363156,0.6,0.0205294363155972
37.42,-0.00208655050955171,0.597808460025952,0.602191539974048,0.6,0.0219153997404831
37.43,-0.00201225389718633,0.597669406434166,0.602330593565834,0.6,0.0233059356583376
37.44,-0.00193790697857833,0.597529899069417,0.602470100930583,0.6,0.0247010093058309
37.45,-0.00186351161239674,0.59738994141938,0.60261005858062,0.6,0.0261005858062013
37.46,-0.00178906965852195,0.597249536982991,0.602750463017009,0.6,0.027504630170091
37.47,-0.00171458297799888,0.597108689270352,0.602891310729648,0.6,0.028913107296481
37.48,-0.00164005343299061,0.596967401802648,0.603032598197352,0.6,0.0303259819735169
37.49,-0.00156548288673198,0.596825678112061,0.603174321887939,0.6,0.0317432188793876
37.5,-0.00149087320348272,0.596683521741674,0.603316478258326,0.6,0.0331647825832626
37.51,-0.00141622624848103,0.596540936245388,0.603459063754612,0.6,0.0345906375461158
37.52,-0.00134154388789688,0.596397925187835,0.603602074812165,0.6,0.036020748121649
37.53,-0.00126682798878536,0.596254492144282,0.603745507855718,0.6,0.0374550785571781
37.54,-0.00119208041904015,0.59611064070055,0.60388935929945,0.6,0.0388935929944989
37.55,-0.00111730304734655,0.595966374452916,0.604033625547084,0.6,0.040336255470842
37.56,-0.0010424977431349,0.595821697008028,0.604178302991972,0.6,0.041783029919723
37.57,-0.000967666376534033,0.595676611982816,0.604323388017184,0.6,0.0432338801718368
37.58,-0.000892810818324147,0.595531123004398,0.604468876995602,0.6,0.0446887699560194
37.59,-0.000817932939890304,0.59538523370999,0.60461476629001,0.6,0.0461476629000979
37.6,-0.000743034613175511,0.595238947746817,0.604761052253183,0.6,0.0476105225318302
37.61,-0.000668117710634142,0.595092268772022,0.604907731227978,0.6,0.0490773122797827
37.62,-0.000593184105184804,0.594945200452569,0.605054799547431,0.6,0.0505479954743071
37.63,-0.000518235670163679,0.59479774646516,0.60520225353484,0.6,0.0520225353484005
37.64,-0.000443274279277844,0.594649910496138,0.605350089503862,0.6,0.053500895038624
37.65,-0.000368301806558115,0.594501696241392,0.605498303758608,0.6,0.0549830375860805
37.66,-0.000293320126312403,0.594353107406272,0.605646892593728,0.6,0.0564689259372775
37.67,-0.000218331113078758,0.594204147705491,0.605795852294509,0.6,0.0579585229450896
37.68,-0.000143336641578711,0.594054820863035,0.605945179136965,0.6,0.0594517913696513
37.69,-6.83385866700893e-05,0.593905130612065,0.606094869387935,0.6,0.060948693879348
37.7,6.66117669963958e-06,0.593755080694831,0.606244919305169,0.6,0.0624491930516879
37.71,8.16607735403512e-05,0.593604674862572,0.606395325137428,0.6,0.063953251374278
37.72,0.000156658328865924,0.593453916875428,0.606546083124572,0.6,0.0654608312457183
37.73,0.000231651967741435,0.593302810502339,0.606697189497661,0.6,0.0669718949766096
37.74,0.000306639815329871,0.593151359520956,0.606848640479044,0.6,0.0684864047904377
37.75,0.00038161999693884,0.592999567717548,0.607000432282452,0.6,0.0700043228245173
37.76,0.000456590638067763,0.592847438886901,0.607152561113099,0.6,0.0715256111309948
37.77,0.000531549864454514,0.592694976832226,0.607305023167773,0.6,0.0730502316777348
37.78,0.000606495802122393,0.592542185365069,0.607457814634931,0.6,0.0745781463493111
37.79,0.000681426577426753,0.592389068305208,0.607610931694792,0.6,0.0761093169479177
37.8,0.000756340317102168,0.592235629480561,0.607764370519439,0.6,0.0776437051943868
37.81,0.000831235148309102,0.592081872727091,0.607918127272909,0.6,0.079181272729093
37.82,0.000906109198680569,0.591927801888709,0.608072198111291,0.6,0.0807219811129101
37.83,0.000980960596369261,0.591773420817178,0.608226579182822,0.6,0.0822657918282244
37.84,0.00105578747009414,0.591618733372015,0.608381266627985,0.6,0.0838126662798455
37.85,0.0011305879491873,0.5914637434204,0.6085362565796,0.6,0.0853625657959967
37.86,0.00120536016364057,0.591308454837075,0.608691545162925,0.6,0.0869154516292536
37.87,0.00128010224415252,0.591152871504243,0.608847128495757,0.6,0.0884712849575697
37.88,0.0013548123221751,0.590996997311481,0.609003002688519,0.6,0.0900300268851917
37.89,0.00142948852996013,0.590840836155636,0.609159163844364,0.6,0.0915916384436366
37.9,0.00150412900060636,0.590684391940729,0.609315608059271,0.6,0.0931560805927112
37.91,0.00157873186810592,0.590527668577856,0.609472331422144,0.6,0.094723314221441
37.92,0.00165329526739106,0.590370669985093,0.609629330014907,0.6,0.0962933001490707
37.93,0.00172781733438057,0.590213400087398,0.609786599912602,0.6,0.0978659991260167
37.94,0.0018022962060267,0.59005586281651,0.60994413718349,0.6,0.0994413718349041
37.95,0.00187673002036156,0.589898062110851,0.610101937889149,0.6,0.101019378891491
37.96,0.00195111691654371,0.589740001915431,0.610259998084569,0.6,0.10259998084569
37.97,0.00202545503490451,0.589581686181748,0.610418313818252,0.6,0.104183138182516
37.98,0.00209974251699493,0.589423118867686,0.610576881132314,0.6,0.105768811323137
37.99,0.00217397750563184,0.589264303937419,0.610735696062581,0.6,0.107356960625806
38,0.00224815814494428,0.589105245361314,0.610894754638685,0.6,0.108947546386855
38.01,0.0023222825804202,0.588945947115826,0.611054052884174,0.6,0.110540528841742
38.02,0.00239634895895255,0.588786413183402,0.611213586816598,0.6,0.11213586816598
38.03,0.00247035542888579,0.588626647552382,0.611373352447618,0.6,0.113733524476178
38.04,0.00254430014006193,0.588466654216901,0.611533345783099,0.6,0.115333457830993
38.05,0.00261818124386707,0.588306437176781,0.611693562823219,0.6,0.116935628232191
38.06,0.00269199689327754,0.58814600043744,0.61185399956256,0.6,0.118539995625596
38.07,0.00276574524290583,0.587985348009791,0.612014651990209,0.6,0.120146519902089
38.08,0.00283942444904709,0.587824483910134,0.612175516089866,0.6,0.121755160898664
38.09,0.00291303266972502,0.587663412160062,0.612336587839937,0.6,0.123365878399375
38.1,0.00298656806473797,0.587502136786363,0.612497863213637,0.6,0.124978632136374
38.11,0.00306002879570481,0.587340661820912,0.612659338179088,0.6,0.126593381790884
38.12,0.00313341302611113,0.587178991300573,0.612821008699426,0.6,0.128210086994265
38.13,0.00320671892135504,0.587017129267103,0.612982870732897,0.6,0.129828707328971
38.14,0.00327994464879289,0.586855079767044,0.613144920232956,0.6,0.13144920232956
38.15,0.00335308837778535,0.586692846851624,0.613307153148376,0.6,0.133071531483759
38.16,0.003426148279743,0.586530434576658,0.613469565423342,0.6,0.134695654233419
38.17,0.00349912252817216,0.586367847002444,0.613632152997556,0.6,0.136321529975562
38.18,0.0035720092987203,0.586205088193664,0.613794911806336,0.6,0.137949118063359
38.19,0.00364480676922202,0.586042162219279,0.613957837780721,0.6,0.139578377807212
38.2,0.00371751311974435,0.585879073152429,0.614120926847571,0.6,0.141209268475706
38.21,0.00379012653263235,0.585715825070333,0.614284174929666,0.6,0.142841749296665
38.22,0.00386264519255438,0.585552422054186,0.614447577945814,0.6,0.144475779458137
38.23,0.00393506728654778,0.585388868189053,0.614611131810947,0.6,0.14611131810947
38.24,0.00400739100406403,0.585225167563772,0.614774832436228,0.6,0.147748324362281
38.25,0.00407961453701383,0.585061324270852,0.614938675729148,0.6,0.149386757291484
38.26,0.00415173607981269,0.584897342406364,0.615102657593636,0.6,0.151026575936357
38.27,0.00422375382942579,0.584733226069848,0.615266773930152,0.6,0.152667739301515
38.28,0.00429566598541319,0.584568979364204,0.615431020635796,0.6,0.154310206357964
38.29,0.00436747074997464,0.58440460639559,0.61559539360441,0.6,0.155953936044096
38.3,0.00443916632799481,0.584240111273323,0.615759888726677,0.6,0.157598887266772
38.31,0.00451075092708805,0.58407549810977,0.61592450189023,0.6,0.159245018902296
38.32,0.00458222275764298,0.583910771020255,0.616089228979745,0.6,0.160892289797449
38.33,0.00465358003286763,0.583745934122944,0.616254065877056,0.6,0.162540658770556
38.34,0.00472482096883384,0.583580991538752,0.616419008461248,0.6,0.164190084612478
38.35,0.00479594378452196,0.583415947391234,0.616584052608766,0.6,0.165840526087657
38.36,0.0048669467018652,0.583250805806487,0.616749194193513,0.6,0.167491941935127
38.37,0.00493782794579438,0.58308557091304,0.616914429086959,0.6,0.169144290869595
38.38,0.00500858574428215,0.582920246841758,0.617079753158242,0.6,0.170797531582423
38.39,0.00507921832838712,0.582754837725734,0.617245162274266,0.6,0.172451622742662
38.4,0.00514972393229843,0.582589347700186,0.617410652299814,0.6,0.174106522998136
38.41,0.00522010079337964,0.582423780902358,0.617576219097642,0.6,0.175762190976421
38.42,0.00529034715221295,0.582258141471409,0.617741858528591,0.6,0.177418585285907
38.43,0.00536046125264295,0.582092433548319,0.617907566451681,0.6,0.179075664516808
38.44,0.00543044134182081,0.581926661275776,0.618073338724224,0.6,0.180733387242243
38.45,0.00550028567024797,0.581760828798077,0.618239171201923,0.6,0.182391712019228
38.46,0.00556999249181989,0.581594940261027,0.618405059738973,0.6,0.184050597389734
38.47,0.00563956006386957,0.58142899981183,0.61857100018817,0.6,0.185710001881697
38.48,0.00570898664721138,0.581263011598989,0.618736988401011,0.6,0.187369884010107
38.49,0.00577827050618441,0.5810969797722,0.6189030202278,0.6,0.189030202277998
38.5,0.00584740990869568,0.580930908482252,0.619069091517748,0.6,0.190690915177483
38.51,0.00591640312626378,0.580764801880916,0.619235198119084,0.6,0.192351981190841
38.52,0.00598524843406188,0.580598664120849,0.61940133587915,0.6,0.194013358791505
38.53,0.0060539441109609,0.580432499355487,0.619567500644513,0.6,0.195675006445126
38.54,0.00612248843957241,0.580266311738942,0.619733688261058,0.6,0.197336882610584
38.55,0.00619087970629181,0.580100105425892,0.619899894574108,0.6,0.198998945741076
38.56,0.00625911620134105,0.579933884571489,0.620066115428511,0.6,0.20066115428511
38.57,0.00632719621881119,0.579767653331245,0.620232346668754,0.6,0.202323466687545
38.58,0.00639511805670541,0.579601415860933,0.620398584139067,0.6,0.203985841390673
38.59,0.00646288001698129,0.579435176316479,0.620564823683521,0.6,0.205648236835205
38.6,0.0065304804055934,0.579268938853865,0.620731061146135,0.6,0.20731061146135
38.61,0.00659791753253545,0.579102707629019,0.620897292370981,0.6,0.208972923709811
38.62,0.00666518971188283,0.578936486797711,0.621063513202289,0.6,0.210635132022886
38.63,0.0067322952618346,0.578770280515455,0.621229719484545,0.6,0.212297194845453
38.64,0.00679923250475542,0.578604092937399,0.621395907062601,0.6,0.213959070626012
38.65,0.00686599976721775,0.578437928218223,0.621562071781777,0.6,0.21562071781777
38.66,0.00693259538004351,0.578271790512037,0.621728209487963,0.6,0.217282094879629
38.67,0.00699901767834588,0.578105683972274,0.621894316027726,0.6,0.218943160277256
38.68,0.00706526500157077,0.577939612751591,0.622060387248409,0.6,0.220603872484085
38.69,0.00713133569353861,0.577773581001759,0.622226418998241,0.6,0.222264189982413
38.7,0.00719722810248554,0.577607592873562,0.622392407126438,0.6,0.223924071264384
38.71,0.0072629405811048,0.577441652516694,0.622558347483306,0.6,0.225583474833059
38.72,0.00732847148658777,0.577275764079658,0.622724235920342,0.6,0.227242359203418
38.73,0.00739381918066526,0.577109931709655,0.622890068290345,0.6,0.228900682903453
38.74,0.00745898202964838,0.576944159552484,0.623055840447516,0.6,0.230558404475161
38.75,0.0075239584044692,0.576778451752443,0.623221548247557,0.6,0.232215482475571
38.76,0.00758874668072178,0.576612812452217,0.623387187547783,0.6,0.233871875477835
38.77,0.00765334523870259,0.576447245792779,0.623552754207221,0.6,0.235527542072209
38.78,0.00771775246345109,0.576281755913288,0.623718244086712,0.6,0.237182440867121
38.79,0.00778196674478992,0.576116346950983,0.623883653049017,0.6,0.23883653049017
38.8,0.00784598647736545,0.575951023041078,0.624048976958922,0.6,0.240489769589218
38.81,0.00790981006068773,0.575785788316663,0.624214211683337,0.6,0.242142116833374
38.82,0.00797343589917041,0.575620646908597,0.624379353091403,0.6,0.243793530914026
38.83,0.0080368624021709,0.575455602945407,0.624544397054593,0.6,0.245443970545925
38.84,0.00810008798402992,0.575290660553184,0.624709339446816,0.6,0.24709339446816
38.85,0.00816311106411127,0.575125823855478,0.624874176144522,0.6,0.248741761445225
38.86,0.00822593006684113,0.574961096973198,0.625038903026802,0.6,0.250389030268016
38.87,0.00828854342174775,0.574796484024509,0.625203515975491,0.6,0.252035159754912
38.88,0.00835094956350056,0.574631989124724,0.625368010875276,0.6,0.253680108752763
38.89,0.00841314693194919,0.574467616386209,0.625532383613791,0.6,0.255323836137914
38.9,0.00847513397216271,0.574303369918272,0.625696630081728,0.6,0.256966300817281
38.91,0.00853690913446833,0.574139253827067,0.625860746172933,0.6,0.258607461729328
38.92,0.00859847087449027,0.573975272215488,0.626024727784512,0.6,0.260247277845123
38.93,0.00865981765318814,0.573811429183067,0.626188570816933,0.6,0.261885708169333
38.94,0.00872094793689571,0.57364772882587,0.62635227117413,0.6,0.263522711741299
38.95,0.00878186019735907,0.573484175236399,0.626515824763601,0.6,0.265158247636014
38.96,0.00884255291177493,0.573320772503483,0.626679227496517,0.6,0.266792274965169
38.97,0.0089030245628285,0.573157524712185,0.626842475287815,0.6,0.268424752878152
38.98,0.0089632736387317,0.572994435943688,0.627005564056312,0.6,0.270055640563116
38.99,0.00902329863326082,0.572831510275205,0.627168489724795,0.6,0.271684897247952
39,0.00908309804579402,0.572668751779868,0.627331248220132,0.6,0.273312482201316
39.01,0.00914267038134915,0.572506164526632,0.627493835473368,0.6,0.274938354733678
39.02,0.00920201415062093,0.572343752580169,0.627656247419831,0.6,0.27656247419831
39.03,0.00926112787001826,0.572181520000769,0.627818479999231,0.6,0.278184799992313
39.04,0.00932001006170114,0.572019470844239,0.627980529155761,0.6,0.279805291557611
39.05,0.0093786592536179,0.571857609161799,0.628142390838201,0.6,0.281423908382015
39.06,0.00943707397954183,0.571695938999981,0.628304061000019,0.6,0.283040610000187
39.07,0.00949525277910775,0.571534464400534,0.628465535599466,0.6,0.284655355994659
39.08,0.00955319419784873,0.571373189400312,0.628626810599688,0.6,0.286268105996879
39.09,0.00961089678723233,0.571212118031183,0.628787881968817,0.6,0.287878819688173
39.1,0.00966835910469685,0.571051254319921,0.628948745680079,0.6,0.289487456800791
39.11,0.00972557971368728,0.570890602288113,0.629109397711887,0.6,0.291093977118874
39.12,0.0097825571836914,0.570730165952049,0.629269834047951,0.6,0.292698340479511
39.13,0.00983929009027548,0.57056994932263,0.62943005067737,0.6,0.294300506773703
39.14,0.00989577701511973,0.570409956405264,0.629590043594736,0.6,0.295900435947359
39.15,0.009952016546054,0.570250191199765,0.629749808800235,0.6,0.29749808800235
39.16,0.010008007277093,0.570090657700255,0.629909342299745,0.6,0.299093422997452
39.17,0.0100637478084713,0.569931359895062,0.630068640104938,0.6,0.300686401049379
39.18,0.0101192367466785,0.569772301766625,0.630227698233375,0.6,0.302276982333747
39.19,0.0101744727044941,0.569613487291388,0.630386512708612,0.6,0.303865127086121
39.2,0.010229454301022,0.569454920439704,0.630545079560296,0.6,0.305450795602962
39.21,0.0102841801617252,0.569296605175736,0.630703394824264,0.6,0.307033948242641
39.22,0.0103386489184599,0.569138545457359,0.630861454542641,0.6,0.308614545426414
39.23,0.0103928592095102,0.568980745236055,0.631019254763945,0.6,0.310192547639446
39.24,0.0104468096796216,0.568823208456824,0.631176791543176,0.6,0.311767915431764
39.25,0.010500498980035,0.568665939058076,0.631334060941924,0.6,0.313340609419241
39.26,0.0105539257685208,0.568508940971538,0.631491059028462,0.6,0.314910590284624
39.27,0.0106070887094121,0.568352218122153,0.631647781877847,0.6,0.316477818778468
39.28,0.0106599864736382,0.568195774427985,0.631804225572015,0.6,0.318042255720147
39.29,0.0107126177387576,0.568039613800119,0.63196038619988,0.6,0.319603861998805
39.3,0.0107649811889914,0.567883740142562,0.632116259857438,0.6,0.321162598574379
39.31,0.0108170755152563,0.567728157352146,0.632271842647854,0.6,0.322718426478539
39.32,0.0108688994151966,0.567572869318435,0.632427130681565,0.6,0.324271306815652
39.33,0.0109204515932176,0.56741787992362,0.63258212007638,0.6,0.325821200763804
39.34,0.0109717307605176,0.567263193042428,0.632736806957572,0.6,0.327368069575723
39.35,0.0110227356351201,0.567108812542023,0.632891187457977,0.6,0.328911874579775
39.36,0.0110734649419057,0.56695474228191,0.63304525771809,0.6,0.330452577180902
39.37,0.0111239174126445,0.566800986113837,0.633199013886163,0.6,0.33199013886163
39.38,0.0111740917860274,0.5666475478817,0.6333524521183,0.6,0.333524521182998
39.39,0.0112239868076976,0.566494431421448,0.633505568578552,0.6,0.335055685785517
39.4,0.0112736012302822,0.566341640560984,0.633658359439016,0.6,0.336583594390162
39.41,0.0113229338134232,0.56618917912007,0.633810820879929,0.6,0.338108208799295
39.42,0.0113719833238087,0.566037050910236,0.633962949089764,0.6,0.339629490897637
39.43,0.0114207485352033,0.565885259734679,0.634114740265321,0.6,0.341147402653206
39.44,0.0114692282284793,0.56573380938817,0.63426619061183,0.6,0.342661906118296
39.45,0.011517421191647,0.56558270365696,0.63441729634304,0.6,0.344172963430396
39.46,0.0115653262198848,0.565431946318684,0.634568053681316,0.6,0.345680536813157
39.47,0.0116129421155695,0.565281541142269,0.634718458857731,0.6,0.347184588577312
39.48,0.0116602676883061,0.565131491887835,0.634868508112165,0.6,0.348685081121654
39.49,0.0117073017549578,0.564981802306605,0.635018197693395,0.6,0.350181976933949
39.5,0.0117540431396753,0.564832476140813,0.635167523859187,0.6,0.351675238591869
39.51,0.0118004906739266,0.564683517123604,0.635316482876396,0.6,0.35316482876396
39.52,0.0118466431965256,0.564534928978946,0.635465071021054,0.6,0.354650710210542
39.53,0.0118924995536618,0.564386715421534,0.635613284578466,0.6,0.356132845784662
39.54,0.0119380585989284,0.564238880156701,0.635761119843299,0.6,0.357611198432994
39.55,0.0119833191933519,0.564091426880319,0.635908573119681,0.6,0.359085731196812
39.56,0.0120282802054197,0.563944359278713,0.636055640721287,0.6,0.360556407212872
39.57,0.0120729405111088,0.563797681028566,0.636202318971434,0.6,0.36202318971434
39.58,0.012117298993914,0.563651395796826,0.636348604203174,0.6,0.36348604203174
39.59,0.0121613545448754,0.563505507240616,0.636494492759384,0.6,0.364944927593839
39.6,0.0122051060626066,0.563360019007143,0.636639980992857,0.6,0.366399809928574
39.61,0.0122485524533219,0.563214934733605,0.636785065266395,0.6,0.367850652663955
39.62,0.0122916926308638,0.5630702580471,0.6369297419529,0.6,0.369297419528997
39.63,0.0123345255167301,0.562925992564539,0.637074007435461,0.6,0.370740074354606
39.64,0.012377050040101,0.562782141892552,0.637217858107447,0.6,0.372178581074475
39.65,0.0124192651378654,0.562638709627398,0.637361290372602,0.6,0.373612903726021
39.66,0.0124611697546483,0.562495699354875,0.637504300645125,0.6,0.375043006451249
39.67,0.0125027628428363,0.562353114650233,0.637646885349767,0.6,0.37646885349767
39.68,0.0125440433626044,0.562210959078083,0.637789040921917,0.6,0.377890409219171
39.69,0.0125850102819418,0.562069236192306,0.637930763807694,0.6,0.379307638076943
39.7,0.0126256625766776,0.561927949535966,0.638072050464033,0.6,0.380720504640335
39.71,0.0126659992305067,0.561787102641224,0.638212897358776,0.6,0.382128973587761
39.72,0.0127060192350146,0.561646699029244,0.638353300970756,0.6,0.383533009707558
39.73,0.0127457215897034,0.561506742210109,0.638493257789891,0.6,0.38493257789891
39.74,0.0127851053020163,0.561367235682732,0.638632764317268,0.6,0.386327643172681
39.75,0.0128241693873625,0.561228182934769,0.638771817065231,0.6,0.387718170652306
39.76,0.012862912869142,0.561089587442532,0.638910412557468,0.6,0.389104125574676
39.77,0.0129013347787697,0.560951452670901,0.639048547329099,0.6,0.39048547329099
39.78,0.0129394341556999,0.560813782073237,0.639186217926763,0.6,0.391862179267629
39.79,0.0129772100474501,0.560676579091299,0.639323420908701,0.6,0.393234209087007
39.8,0.013014661509625,0.560539847155154,0.639460152844846,0.6,0.394601528448457
39.81,0.0130517876059401,0.560403589683093,0.639596410316907,0.6,0.395964103169069
39.82,0.0130885874082447,0.560267810081547,0.639732189918453,0.6,0.397321899184534
39.83,0.0131250599965458,0.560132511744997,0.639867488255003,0.6,0.398674882550033
39.84,0.0131612044590307,0.559997698055895,0.640002301944105,0.6,0.400023019441049
39.85,0.0131970198920895,0.559863372384577,0.640136627615423,0.6,0.401366276154234
39.86,0.0132325054003384,0.559729538089177,0.640270461910823,0.6,0.40270461910823
39.87,0.0132676600966414,0.559596198515546,0.640403801484454,0.6,0.404038014844541
39.88,0.0133024831021331,0.559463356997165,0.640536643002835,0.6,0.405366430028345
39.89,0.0133369735462401,0.559331016855068,0.640668983144932,0.6,0.406689831449322
39.9,0.013371130566703,0.559199181397749,0.640800818602251,0.6,0.408008186022513
39.91,0.0134049533095982,0.559067853921088,0.640932146078912,0.6,0.40932146078912
39.92,0.0134384409293588,0.558937037708265,0.641062962291735,0.6,0.410629622917347
39.93,0.0134715925887961,0.55880673602968,0.64119326397032,0.6,0.411932639703199
39.94,0.0135044074591203,0.558676952142867,0.641323047857133,0.6,0.413230478571331
39.95,0.0135368847199614,0.558547689292416,0.641452310707584,0.6,0.414523107075839
39.96,0.0135690235593895,0.558418950709892,0.641581049290108,0.6,0.415810492901079
39.97,0.0136008231739354,0.558290739613754,0.641709260386246,0.6,0.417092603862463
39.98,0.0136322827686103,0.55816305920927,0.64183694079073,0.6,0.418369407907295
39.99,0.013663401556926,0.558035912688446,0.641964087311554,0.6,0.419640873115538
40,0.0136941787609144,0.557909303229938,0.642090696770062,0.6,0.420906967700621
40.01,0.013724613611147,0.557783233998975,0.642216766001025,0.6,0.422167660010252
40.02,0.0137547053467542,0.557657708147281,0.642342291852719,0.6,0.423422918527186
40.03,0.0137844532154441,0.557532728812997,0.642467271187003,0.6,0.424672711870032
40.04,0.0138138564735215,0.557408299120599,0.642591700879401,0.6,0.42591700879401
40.05,0.0138429143859066,0.557284422180823,0.642715577819177,0.6,0.42715577819177
40.06,0.0138716262261531,0.557161101090586,0.642838898909414,0.6,0.428388989094142
40.07,0.0138999912764663,0.557038338932909,0.642961661067091,0.6,0.42961661067091
40.08,0.0139280088277216,0.556916138776839,0.643083861223161,0.6,0.430838612231607
40.09,0.0139556781794816,0.556794503677375,0.643205496322625,0.6,0.432054963226254
40.1,0.013982998640014,0.556673436675386,0.643326563324614,0.6,0.433265633246142
40.11,0.0140099695263086,0.556552940797542,0.643447059202457,0.6,0.434470592024575
40.12,0.0140365901640948,0.556433019056234,0.643566980943766,0.6,0.435669809437657
40.13,0.014062859887858,0.556313674449499,0.643686325550501,0.6,0.436863255505012
40.14,0.0140887780408564,0.556194909960945,0.643805090039055,0.6,0.438050900390545
40.15,0.0141143439751376,0.55607672855968,0.64392327144032,0.6,0.439232714403203
40.16,0.0141395570515545,0.555959133200231,0.644040866799769,0.6,0.440408667997693
40.17,0.0141644166397815,0.555842126822476,0.644157873177524,0.6,0.44157873177524
40.18,0.0141889221183303,0.55572571235157,0.64427428764843,0.6,0.442742876484303
40.19,0.0142130728745652,0.555609892697867,0.644390107302133,0.6,0.443901073021333
40.2,0.0142368683047184,0.555494670756853,0.644505329243147,0.6,0.445053292431474
40.21,0.0142603078139055,0.55538004940907,0.64461995059093,0.6,0.446199505909303
40.22,0.01428339081614,0.555266031520046,0.644733968479953,0.6,0.447339684799535
40.23,0.0143061167343481,0.555152619940223,0.644847380059776,0.6,0.448473800597765
40.24,0.0143284850003828,0.555039817504884,0.644960182495116,0.6,0.449601824951157
40.25,0.0143504950550389,0.554927627034084,0.645072372965915,0.6,0.450723729659155
40.26,0.014372146348066,0.55481605133258,0.64518394866742,0.6,0.451839486674204
40.27,0.0143934383381829,0.554705093189756,0.645294906810244,0.6,0.452949068102436
40.28,0.014414370493091,0.554594755379562,0.645405244620438,0.6,0.454052446204376
40.29,0.0144349422894876,0.554485040660438,0.645514959339562,0.6,0.455149593395622
40.3,0.0144551532130787,0.554375951775244,0.645624048224756,0.6,0.456240482247556
40.31,0.0144750027585924,0.554267491451198,0.645732508548802,0.6,0.457325085488016
40.32,0.0144944904297911,0.554159662399803,0.645840337600197,0.6,0.458403376001971
40.33,0.0145136157394838,0.554052467316778,0.645947532683222,0.6,0.459475326832218
40.34,0.0145323782095391,0.553945908881996,0.646054091118004,0.6,0.460540911180043
40.35,0.014550777370896,0.553839989759411,0.646160010240589,0.6,0.461600102405892
40.36,0.0145688127635764,0.553734712596996,0.646265287403004,0.6,0.462652874030037
40.37,0.0145864839366966,0.553630080026675,0.646369919973324,0.6,0.463699199733245
40.38,0.0146037904484781,0.553526094664257,0.646473905335743,0.6,0.464739053357429
40.39,0.0146207318662589,0.55342275910937,0.64657724089063,0.6,0.465772408906299
40.4,0.0146373077665046,0.553320075945398,0.646679924054602,0.6,0.466799240546022
40.41,0.0146535177348185,0.553218047739414,0.646781952260586,0.6,0.46781952260586
40.42,0.0146693613659523,0.553116677042118,0.646883322957882,0.6,0.468833229578817
40.43,0.0146848382638159,0.553015966387773,0.646984033612227,0.6,0.469840336122267
40.44,0.0146999480414877,0.55291591829414,0.64708408170586,0.6,0.470840817058602
40.45,0.0147146903212242,0.552816535262415,0.647183464737585,0.6,0.471834647375851
40.46,0.014729064734469,0.552717819777169,0.647282180222831,0.6,0.472821802228307
40.47,0.0147430709218625,0.552619774306285,0.647380225693715,0.6,0.473802256937148
40.48,0.0147567085332509,0.552522401300894,0.647477598699106,0.6,0.474775986991061
40.49,0.0147699772276946,0.552425703195315,0.647574296804684,0.6,0.475742968046845
40.5,0.0147828766734768,0.552329682406998,0.647670317593002,0.6,0.476703175930019
40.51,0.0147954065481121,0.552234341336456,0.647765658663544,0.6,0.477656586635441
40.52,0.0148075665383543,0.552139682367211,0.647860317632789,0.6,0.478603176327893
40.53,0.0148193563402043,0.552045707865732,0.647954292134268,0.6,0.479542921342681
40.54,0.0148307756589176,0.551952420181377,0.648047579818622,0.6,0.480475798186225
40.55,0.0148418242090119,0.551859821646334,0.648140178353666,0.6,0.481401783536657
40.56,0.014852501714274,0.551767914575561,0.648232085424439,0.6,0.482320854244391
40.57,0.0148628079077667,0.551676701266729,0.648323298733271,0.6,0.483232987332706
40.58,0.0148727425318359,0.551586184000168,0.648413815999832,0.6,0.484138159998322
40.59,0.0148823053381164,0.551496365038803,0.648503634961197,0.6,0.48503634961197
40.6,0.0148914960875386,0.551407246628104,0.648592753371896,0.6,0.485927533718958
40.61,0.0149003145503342,0.551318830996027,0.648681169003973,0.6,0.486811690039727
40.62,0.0149087605060421,0.551231120352958,0.648768879647042,0.6,0.487688796470417
40.63,0.0149168337435138,0.551144116891659,0.648855883108341,0.6,0.488558831083412
40.64,0.0149245340609189,0.551057822787211,0.648942177212789,0.6,0.489421772127893
40.65,0.0149318612657497,0.550972240196962,0.649027759803038,0.6,0.490277598030376
40.66,0.0149388151748266,0.550887371260474,0.649112628739526,0.6,0.491126287395262
40.67,0.0149453956143022,0.550803218099464,0.649196781900536,0.6,0.491967819005358
40.68,0.0149516024196659,0.550719782817758,0.649280217182242,0.6,0.49280217182242
40.69,0.0149574354357478,0.550637067501233,0.649362932498767,0.6,0.493629324987668
40.7,0.0149628945167228,0.550555074217768,0.649444925782232,0.6,0.494449257822319
40.71,0.0149679795261142,0.550473805017191,0.649526194982809,0.6,0.495261949828093
40.72,0.0149726903367971,0.550393261931227,0.649606738068773,0.6,0.496067380687732
40.73,0.0149770268310014,0.550313446973449,0.649686553026551,0.6,0.496865530265509
40.74,0.0149809889003149,0.550234362139228,0.649765637860772,0.6,0.497656378607724
40.75,0.0149845764456862,0.550156009405679,0.649843990594321,0.6,0.498439905943209
40.76,0.0149877893774268,0.550078390731618,0.649921609268382,0.6,0.499216092683822
40.77,0.0149906276152136,0.550001508057506,0.649998491942494,0.6,0.499984919424936
40.78,0.0149930910880907,0.549925363305408,0.650074636694592,0.6,0.500746366945922
40.79,0.0149951797344716,0.549849958378937,0.650150041621063,0.6,0.501500416210631
40.8,0.01499689350214,0.549775295163213,0.650224704836787,0.6,0.502247048367871
40.81,0.0149982323482521,0.549701375524812,0.650298624475188,0.6,0.502986244751877
40.82,0.0149991962393365,0.549628201311722,0.650371798688278,0.6,0.503717986882778
40.83,0.0149997851512962,0.549555774353294,0.650444225646706,0.6,0.504442256467059
40.84,0.0149999990694083,0.549484096460198,0.650515903539802,0.6,0.505159035398018
40.85,0.014999837988325,0.549413169424378,0.650586830575622,0.6,0.50586830575622
40.86,0.0149993019120732,0.549342995019006,0.650657004980994,0.6,0.50657004980994
40.87,0.0149983908540548,0.549273574998438,0.650726425001562,0.6,0.507264250015615
40.88,0.0149971048370462,0.549204911098172,0.650795088901828,0.6,0.507950889018277
40.89,0.0149954438931978,0.549137005034801,0.650862994965199,0.6,0.508629949651986
40.9,0.0149934080640331,0.549069858505974,0.650930141494026,0.6,0.509301414940262
40.91,0.0149909974004476,0.549003473190349,0.650996526809651,0.6,0.509965268096506
40.92,0.014988211962708,0.548937850747557,0.651062149252443,0.6,0.510621492524426
40.93,0.0149850518204499,0.548872992818156,0.651127007181844,0.6,0.511270071818443
40.94,0.0149815170526768,0.548808901023589,0.651191098976411,0.6,0.511910989764111
40.95,0.0149776077477576,0.548745576966149,0.651254423033851,0.6,0.512544230338512
40.96,0.0149733240034248,0.548683022228933,0.651316977771067,0.6,0.513169777710667
40.97,0.0149686659267718,0.548621238375808,0.651378761624192,0.6,0.513787616241923
40.98,0.0149636336342503,0.548560226951365,0.651439773048635,0.6,0.514397730486349
40.99,0.0149582272516673,0.548499989480888,0.651500010519112,0.6,0.515000105191121
41,0.014952446914182,0.54844052747031,0.65155947252969,0.6,0.515594725296904
41.01,0.0149462927663026,0.548381842406178,0.651618157593822,0.6,0.516181575938224
41.02,0.0149397649618826,0.548323935755615,0.651676064244385,0.6,0.516760642443846
41.03,0.0149328636641166,0.548266808966286,0.651733191033714,0.6,0.517331910337139
41.04,0.0149255890455368,0.548210463466357,0.651789536533643,0.6,0.517895365336434
41.05,0.0149179412880082,0.548154900664461,0.651845099335539,0.6,0.518450993355386
41.06,0.0149099205827243,0.548100121949668,0.651899878050332,0.6,0.518998780503322
41.07,0.0149015271302025,0.54804612869144,0.65195387130856,0.6,0.519538713085596
41.08,0.0148927611402785,0.547992922239608,0.652007077760392,0.6,0.520070777603916
41.09,0.0148836228321017,0.54794050392433,0.65205949607567,0.6,0.520594960756701
41.1,0.0148741124341293,0.54788887505606,0.65211112494394,0.6,0.521111249439397
41.11,0.0148642301841207,0.547838036925518,0.652161963074481,0.6,0.521619630744815
41.12,0.0148539763291317,0.547787990803655,0.652212009196345,0.6,0.522120091963449
41.13,0.0148433511255081,0.547738737941621,0.652261262058379,0.6,0.522612620583793
41.14,0.0148323548388794,0.547690279570734,0.652309720429266,0.6,0.523097204292661
41.15,0.0148209877441523,0.547642616902452,0.652357383097548,0.6,0.52357383097548
41.16,0.0148092501255035,0.547595751128339,0.652404248871661,0.6,0.524042488716613
41.17,0.0147971422763729,0.547549683420036,0.652450316579964,0.6,0.524503165799636
41.18,0.0147846644994561,0.547504414929235,0.652495585070765,0.6,0.52495585070765
41.19,0.0147718171066968,0.547459946787645,0.652540053212355,0.6,0.525400532123554
41.2,0.0147586004192792,0.547416280106966,0.652583719893034,0.6,0.525837198930336
41.21,0.0147450147676199,0.547373415978865,0.652626584021135,0.6,0.526265840211348
41.22,0.0147310604913592,0.547331355474942,0.652668644525058,0.6,0.526686445250583
41.23,0.0147167379393536,0.547290099646707,0.652709900353293,0.6,0.527099003532934
41.24,0.014702047469666,0.547249649525554,0.652750350474446,0.6,0.527503504744464
41.25,0.0146869894495573,0.547210006122733,0.652789993877267,0.6,0.527899938772669
41.26,0.0146715642554774,0.547171170429329,0.652828829570671,0.6,0.528288295706715
41.27,0.0146557722730552,0.54713314341623,0.65286685658377,0.6,0.528668565837699
41.28,0.0146396138970895,0.547095926034111,0.652904073965889,0.6,0.529040739658888
41.29,0.0146230895315388,0.547059519213404,0.652940480786596,0.6,0.529404807865959
41.3,0.0146061995895115,0.547023923864278,0.652976076135722,0.6,0.529760761357221
41.31,0.0145889444932552,0.546989140876614,0.653010859123386,0.6,0.530108591233857
41.32,0.0145713246741464,0.546955171119986,0.653044828880014,0.6,0.530448288800139
41.33,0.0145533405726797,0.546922015443635,0.653077984556365,0.6,0.530779845563647
41.34,0.0145349926384566,0.546889674676453,0.653110325323547,0.6,0.531103253235474
41.35,0.0145162813301746,0.546858149626955,0.653141850373045,0.6,0.53141850373045
41.36,0.0144972071156155,0.546827441083267,0.653172558916733,0.6,0.531725589167328
41.37,0.0144777704716334,0.546797549813101,0.653202450186899,0.6,0.532024501868986
41.38,0.0144579718841437,0.546768476563738,0.653231523436262,0.6,0.532315234362623
41.39,0.0144378118481098,0.546740222062006,0.653259777937994,0.6,0.532597779379944
41.4,0.0144172908675317,0.546712787014266,0.653287212985734,0.6,0.532872129857336
41.41,0.0143964094554329,0.546686172106395,0.653313827893605,0.6,0.533138278936052
41.42,0.0143751681338474,0.546660378003762,0.653339621996238,0.6,0.533396219962375
41.43,0.0143535674338074,0.54663540535122,0.65336459464878,0.6,0.533645946487802
41.44,0.014331607895329,0.546611254773082,0.653388745226917,0.6,0.533887452269175
41.45,0.0143092900673997,0.546587926873114,0.653412073126886,0.6,0.534120731268863
41.46,0.014286614507964,0.546565422234509,0.653434577765491,0.6,0.534345777654908
41.47,0.0142635817839097,0.546543741419884,0.653456258580116,0.6,0.534562585801157
41.48,0.0142401924710537,0.546522884971258,0.653477115028742,0.6,0.53477115028742
41.49,0.0142164471541276,0.546502853410041,0.653497146589959,0.6,0.534971465899591
41.5,0.0141923464267631,0.54648364723702,0.65351635276298,0.6,0.535163527629799
41.51,0.0141678908914771,0.54646526693235,0.65353473306765,0.6,0.535347330676504
41.52,0.0141430811596567,0.546447712955536,0.653552287044464,0.6,0.535522870444642
41.53,0.0141179178515439,0.546430985745427,0.653569014254572,0.6,0.535690142545725
41.54,0.0140924015962202,0.546415085720203,0.653584914279796,0.6,0.535849142797965
41.55,0.0140665330315905,0.546400013277364,0.653599986722636,0.6,0.535999867226359
41.56,0.0140403128043677,0.54638576879372,0.65361423120628,0.6,0.536142312062803
41.57,0.014013741570056,0.546372352625381,0.653627647374619,0.6,0.53627647374619
41.58,0.013986819992935,0.546359765107752,0.653640234892248,0.6,0.536402348922479
41.59,0.0139595487460426,0.54634800655552,0.65365199344448,0.6,0.536519934444799
41.6,0.0139319285111586,0.546337077262648,0.653662922737352,0.6,0.536629227373516
41.61,0.0139039599787875,0.546326977502368,0.653673022497632,0.6,0.536730224976318
41.62,0.013875643848141,0.546317707527173,0.653682292472827,0.6,0.536822924728266
41.63,0.0138469808271211,0.546309267568813,0.653690732431187,0.6,0.536907324311869
41.64,0.0138179716323016,0.546301657838285,0.653698342161715,0.6,0.53698342161715
41.65,0.0137886169889111,0.546294878525833,0.653705121474167,0.6,0.537051214741673
41.66,0.013758917630814,0.546288929800939,0.653711070199061,0.6,0.537110701990614
41.67,0.0137288743004927,0.54628381181232,0.65371618818768,0.6,0.537161881876795
41.68,0.0136984877490289,0.546279524687927,0.653720475312073,0.6,0.537204753120727
41.69,0.0136677587360849,0.546276068534937,0.653723931465062,0.6,0.537239314650625
41.7,0.0136366880298844,0.546273443439755,0.653726556560245,0.6,0.537265565602452
41.71,0.0136052764071933,0.546271649468006,0.653728350531994,0.6,0.537283505319942
41.72,0.0135735246533007,0.54627068666454,0.65372931333546,0.6,0.537293133354597
41.73,0.0135414335619987,0.546270555053428,0.653729444946572,0.6,0.537294449465719
41.74,0.0135090039355629,0.54627125463796,0.65372874536204,0.6,0.537287453620402
41.75,0.0134762365847323,0.546272785400645,0.653727214599355,0.6,0.53727214599355
41.76,0.013443132328689,0.546275147303215,0.653724852696784,0.6,0.537248526967845
41.77,0.0134096919950377,0.546278340286623,0.653721659713376,0.6,0.537216597133765
41.78,0.0133759164197848,0.546282364271045,0.653717635728955,0.6,0.537176357289549
41.79,0.0133418064473182,0.54628721915588,0.65371278084412,0.6,0.537127808441202
41.8,0.0133073629303853,0.546292904819757,0.653707095180243,0.6,0.537070951802433
41.81,0.0132725867300721,0.546299421120535,0.653700578879465,0.6,0.537005788794654
41.82,0.0132374787157821,0.546306767895305,0.653693232104695,0.6,0.536932321046947
41.83,0.0132020397652135,0.546314944960401,0.653685055039599,0.6,0.536850550395993
41.84,0.0131662707643385,0.546323952111394,0.653676047888606,0.6,0.536760478886057
41.85,0.0131301726073801,0.546333789123108,0.653666210876892,0.6,0.536662108768918
41.86,0.0130937461967903,0.546344455749617,0.653655544250383,0.6,0.536555442503833
41.87,0.0130569924432276,0.546355951724255,0.653644048275745,0.6,0.536440482757445
41.88,0.0130199122655339,0.546368276759626,0.653631723240374,0.6,0.536317232403741
41.89,0.0129825065907117,0.546381430547602,0.653618569452398,0.6,0.536185694523983
41.9,0.0129447763539008,0.54639541275934,0.65360458724066,0.6,0.536045872406602
41.91,0.0129067224983554,0.546410223045285,0.653589776954715,0.6,0.535897769547147
41.92,0.0128683459754196,0.546425861035182,0.653574138964818,0.6,0.535741389648177
41.93,0.0128296477445048,0.546442326338081,0.653557673661919,0.6,0.535576736619191
41.94,0.0127906287730645,0.54645961854235,0.65354038145765,0.6,0.535403814576498
41.95,0.012751290036571,0.546477737215686,0.653522262784314,0.6,0.535222627843142
41.96,0.0127116325184908,0.546496681905121,0.653503318094878,0.6,0.535033180948785
41.97,0.0126716572102597,0.546516452137041,0.653483547862959,0.6,0.534835478629586
41.98,0.0126313651112584,0.54653704741719,0.65346295258281,0.6,0.534629525828095
41.99,0.0125907572287871,0.546558467230688,0.653441532769311,0.6,0.534415327693115
42,0.0125498345780408,0.54658071104204,0.65341928895796,0.6,0.5341928895796
42.01,0.0125085981820838,0.546603778295152,0.653396221704848,0.6,0.533962217048483
42.02,0.0124670490718237,0.546627668413343,0.653372331586657,0.6,0.533723315866566
42.03,0.0124251882859861,0.546652380799364,0.653347619200636,0.6,0.533476192006362
42.04,0.0123830168710885,0.546677914835403,0.653322085164597,0.6,0.533220851645968
42.05,0.0123405358814141,0.546704269883113,0.653295730116887,0.6,0.532957301168868
42.06,0.0122977463789854,0.546731445283619,0.653268554716381,0.6,0.532685547163809
42.07,0.0122546494335377,0.546759440357536,0.653240559642464,0.6,0.532405596424639
42.08,0.0122112461224925,0.54678825440499,0.65321174559501,0.6,0.532117455950101
42.09,0.0121675375309301,0.54681788670563,0.653182113294369,0.6,0.531821132943695
42.1,0.0121235247515633,0.546848336518652,0.653151663481348,0.6,0.531516634813478
42.11,0.012079208884709,0.54687960308281,0.65312039691719,0.6,0.531203969171896
42.12,0.0120345910382618,0.546911685616443,0.653088314383557,0.6,0.530883143835567
42.13,0.0119896723276654,0.54694458331749,0.65305541668251,0.6,0.530554166825102
42.14,0.0119444538758853,0.546978295363507,0.653021704636493,0.6,0.530217046364926
42.15,0.0118989368133805,0.547012820911698,0.652987179088302,0.6,0.529871790883018
42.16,0.011853122278075,0.547048159098925,0.652951840901075,0.6,0.529518409010752
42.17,0.0118070114153299,0.547084309041735,0.652915690958265,0.6,0.529156909582653
42.18,0.0117606053779143,0.54712126983638,0.65287873016362,0.6,0.528787301636198
42.19,0.0117139053259769,0.547159040558844,0.652840959441156,0.6,0.528409594411556
42.2,0.0116669124270164,0.547197620264861,0.652802379735139,0.6,0.528023797351388
42.21,0.0116196278558529,0.547237007989939,0.652762992010061,0.6,0.527629920100612
42.22,0.0115720527945982,0.547277202749387,0.652722797250613,0.6,0.527227972506127
42.23,0.0115241884326263,0.547318203538339,0.65268179646166,0.6,0.526817964616605
42.24,0.0114760359665438,0.547360009331778,0.652639990668222,0.6,0.526399906682219
42.25,0.0114275966001599,0.547402619084559,0.652597380915441,0.6,0.525973809154406
42.26,0.0113788715444561,0.547446031731443,0.652553968268557,0.6,0.525539682685573
42.27,0.0113298620175564,0.547490246187114,0.652509753812886,0.6,0.52509753812886
42.28,0.0112805692446963,0.547535261346214,0.652464738653786,0.6,0.524647386537855
42.29,0.0112309944581927,0.547581076083366,0.652418923916634,0.6,0.524189239166337
42.3,0.0111811388974126,0.547627689253205,0.652372310746795,0.6,0.523723107467954
42.31,0.0111310038087423,0.547675099690403,0.652324900309597,0.6,0.523249003095974
42.32,0.0110805904455566,0.547723306209701,0.652276693790299,0.6,0.522766937902993
42.33,0.0110299000681869,0.547772307605939,0.652227692394061,0.6,0.522276923940606
42.34,0.0109789339438899,0.547822102654086,0.652177897345914,0.6,0.521778973459137
42.35,0.0109276933468161,0.547872690109268,0.652127309890732,0.6,0.521273098907321
42.36,0.0108761795579779,0.547924068706799,0.652075931293201,0.6,0.520759312932007
42.37,0.0108243938652171,0.54797623716222,0.65202376283778,0.6,0.520237628377804
42.38,0.0107723375631735,0.54802919417132,0.65197080582868,0.6,0.519708058286801
42.39,0.0107200119532519,0.548082938410177,0.651917061589823,0.6,0.519170615898232
42.4,0.0106674183435897,0.548137468535188,0.651862531464812,0.6,0.51862531464812
42.41,0.0106145580490246,0.548192783183103,0.651807216816897,0.6,0.518072168168969
42.42,0.0105614323910611,0.548248880971059,0.651751119028941,0.6,0.517511190289409
42.43,0.0105080426978379,0.548305760496613,0.651694239503387,0.6,0.51694239503387
42.44,0.0104543903040945,0.548363420337781,0.651636579662219,0.6,0.516365796622192
42.45,0.010400476551138,0.548421859053069,0.651578140946931,0.6,0.515781409469306
42.46,0.0103463027868095,0.548481075181513,0.651518924818487,0.6,0.51518924818487
42.47,0.0102918703654501,0.548541067242712,0.651458932757288,0.6,0.514589327572875
42.48,0.0102371806478677,0.548601833736869,0.651398166263131,0.6,0.51398166263131
42.49,0.0101822350013022,0.548663373144824,0.651336626855176,0.6,0.51336626855176
42.5,0.010127034799392,0.548725683928094,0.651274316071906,0.6,0.512743160719059
42.51,0.0100715814221393,0.548788764528914,0.651211235471086,0.6,0.512112354710859
42.52,0.0100158762558756,0.548852613370272,0.651147386629728,0.6,0.51147386629728
42.53,0.00995992069322714,0.548917228855951,0.651082771144049,0.6,0.510827711440494
42.54,0.00990371613308013,0.548982609370565,0.651017390629435,0.6,0.510173906294352
42.55,0.0098472639805456,0.549048753279606,0.650951246720394,0.6,0.509512467203939
42.56,0.0097905656469244,0.549115658929481,0.650884341070519,0.6,0.508843410705193
42.57,0.00973362254967199,0.549183324647549,0.650816675352451,0.6,0.508166753524508
42.58,0.00967643611236279,0.549251748742174,0.650748251257826,0.6,0.507482512578263
42.59,0.00961900776465477,0.549320929502755,0.650679070497245,0.6,0.506790704972454
42.6,0.00956133894225358,0.549390865199777,0.650609134800223,0.6,0.506091348002226
42.61,0.00950343108687686,0.549461554084852,0.650538445915148,0.6,0.505384459151482
42.62,0.00944528564621794,0.549532994390761,0.650467005609239,0.6,0.504670056092394
42.63,0.00938690407390977,0.5496051843315,0.6503948156685,0.6,0.503948156685
42.64,0.00932828782948869,0.549678122102324,0.650321877897676,0.6,0.503218778976763
42.65,0.00926943837835772,0.549751805879793,0.650248194120207,0.6,0.502481941202072
42.66,0.00921035719175007,0.549826233821816,0.650173766178184,0.6,0.501737661781839
42.67,0.00915104574669229,0.549901404067699,0.650098595932301,0.6,0.500985959323006
42.68,0.00909150552596751,0.549977314738189,0.650022685261811,0.6,0.500226852618108
42.69,0.00903173801807809,0.550053963935524,0.649946036064476,0.6,0.49946036064476
42.7,0.00897174471720858,0.550131349743478,0.649868650256522,0.6,0.498686502565221
42.71,0.00891152712318846,0.550209470227408,0.649790529772592,0.6,0.497905297725917
42.72,0.0088510867414544,0.550288323434309,0.649711676565691,0.6,0.497116765656914
42.73,0.0087904250830128,0.550367907392852,0.649632092607148,0.6,0.496320926071478
42.74,0.00872954366440191,0.550448220113445,0.649551779886555,0.6,0.495517798865552
42.75,0.00866844400765412,0.550529259588271,0.649470740411729,0.6,0.494707404117289
42.76,0.00860712764025763,0.55061102379135,0.64938897620865,0.6,0.493889762086501
42.77,0.00854559609511841,0.55069351067858,0.64930648932142,0.6,0.493064893214201
42.78,0.00848385091052185,0.550776718187794,0.649223281812206,0.6,0.492232818122061
42.79,0.00842189363009444,0.550860644238807,0.649139355761193,0.6,0.491393557611933
42.8,0.00835972580276492,0.550945286733473,0.649054713266527,0.6,0.49054713266527
42.81,0.00829734898272569,0.551030643555735,0.648969356444265,0.6,0.48969356444265
42.82,0.00823476472939409,0.551116712571675,0.648883287428325,0.6,0.48883287428325
42.83,0.00817197460737314,0.551203491629573,0.648796508370427,0.6,0.487965083704267
42.84,0.00810898018641264,0.551290978559958,0.648709021440042,0.6,0.487090214400421
42.85,0.00804578304136977,0.55137917117566,0.64862082882434,0.6,0.486208288243396
42.86,0.00798238475216996,0.551468067271869,0.648531932728131,0.6,0.485319327281314
42.87,0.0079187869037671,0.551557664626186,0.648442335373814,0.6,0.48442335373814
42.88,0.00785499108610403,0.551647960998684,0.648352039001316,0.6,0.483520390013163
42.89,0.00779099889407297,0.551738954131955,0.648261045868045,0.6,0.482610458680447
42.9,0.00772681192747534,0.551830641751179,0.648169358248821,0.6,0.481693582488211
42.91,0.00766243179098197,0.551923021564168,0.648076978435832,0.6,0.480769784358317
42.92,0.00759786009409285,0.552016091261433,0.647983908738567,0.6,0.479839087385666
42.93,0.00753309845109715,0.552109848516235,0.647890151483765,0.6,0.478901514837649
42.94,0.00746814848103252,0.552204290984649,0.647795709015351,0.6,0.477957090153515
42.95,0.00740301180764479,0.552299416305617,0.647700583694383,0.6,0.477005836943831
42.96,0.00733769005934749,0.55239522210101,0.64760477789899,0.6,0.476047778989895
42.97,0.00727218486918087,0.552491705975691,0.647508294024309,0.6,0.475082940243091
42.98,0.00720649787477128,0.552588865517566,0.647411134482434,0.6,0.474111344824341
42.99,0.00714063071829011,0.552686698297653,0.647313301702347,0.6,0.473133017023474
43,0.00707458504641294,0.552785201870135,0.647214798129865,0.6,0.472147981298651
43.01,0.00700836251027808,0.55288437377243,0.64711562622757,0.6,0.471156262275699
43.02,0.00694196476544548,0.552984211525245,0.647015788474754,0.6,0.470157884747545
43.03,0.00687539347185526,0.553084712632643,0.646915287367357,0.6,0.469152873673572
43.04,0.00680865029378638,0.553185874582098,0.646814125417902,0.6,0.468141254179018
43.05,0.00674173689981477,0.55328769484457,0.64671230515543,0.6,0.467123051554303
43.06,0.00667465496277175,0.553390170874556,0.646609829125444,0.6,0.46609829125444
43.07,0.00660740615970235,0.55349330011016,0.64650669988984,0.6,0.465066998898399
43.08,0.00653999217182309,0.553597079973158,0.646402920026842,0.6,0.464029200268419
43.09,0.00647241468448011,0.553701507869059,0.646298492130941,0.6,0.462984921309412
43.1,0.00640467538710722,0.553806581187168,0.646193418812832,0.6,0.461934188128318
43.11,0.00633677597318314,0.553912297300662,0.646087702699338,0.6,0.460877026993376
43.12,0.00626871814018976,0.554018653566641,0.645981346433359,0.6,0.459813464333588
43.13,0.00620050358956947,0.554125647326203,0.645874352673797,0.6,0.45874352673797
43.14,0.00613213402668229,0.554233275904513,0.645766724095487,0.6,0.457667240954871
43.15,0.00606361116076387,0.554341536610858,0.645658463389142,0.6,0.456584633891418
43.16,0.00599493670488224,0.554450426738729,0.645549573261271,0.6,0.455495732612708
43.17,0.00592611237589518,0.554559943565878,0.645440056434122,0.6,0.454400564341219
43.18,0.00585713989440743,0.554670084354389,0.645329915645611,0.6,0.453299156456114
43.19,0.00578802098472737,0.554780846350748,0.645219153649252,0.6,0.452191536492519
43.2,0.0057187573748241,0.554892226785913,0.645107773214087,0.6,0.451077732140874
43.21,0.00564935079628437,0.555004222875375,0.644995777124625,0.6,0.449957771246247
43.22,0.00557980298426896,0.555116831819241,0.644883168180759,0.6,0.448831681807585
43.23,0.00551011567746951,0.555230050802293,0.644769949197706,0.6,0.447699491977065
43.24,0.00544029061806521,0.55534387699406,0.64465612300594,0.6,0.446561230059398
43.25,0.00537032955167871,0.555458307548897,0.644541692451103,0.6,0.445416924511031
43.26,0.00530023422733317,0.555573339606042,0.644426660393958,0.6,0.444266603939584
43.27,0.00523000639740799,0.555688970289701,0.644311029710299,0.6,0.443110297102988
43.28,0.00515964781759523,0.555805196709115,0.644194803290885,0.6,0.441948032908853
43.29,0.00508916024685581,0.555922015958626,0.644077984041374,0.6,0.440779840413741
43.3,0.00501854544737529,0.556039425117761,0.643960574882239,0.6,0.439605748822388
43.31,0.0049478051845199,0.556157421251298,0.643842578748702,0.6,0.438425787487021
43.32,0.00487694122679266,0.556276001409337,0.643723998590663,0.6,0.43723998590663
43.33,0.00480595534578875,0.556395162627383,0.643604837372617,0.6,0.436048373726174
43.34,0.00473484931615145,0.55651490192641,0.64348509807359,0.6,0.434850980735898
43.35,0.00466362491552796,0.556635216312941,0.643364783687059,0.6,0.433647836870585
43.36,0.00459228392452438,0.556756102779127,0.643243897220873,0.6,0.432438972208731
43.37,0.00452082812666186,0.556877558302808,0.643122441697192,0.6,0.43122441697192
43.38,0.00444925930833174,0.556999579847603,0.643000420152397,0.6,0.430004201523974
43.39,0.00437757925875054,0.557122164362982,0.642877835637018,0.6,0.42877835637018
43.4,0.00430578976991593,0.557245308784336,0.642754691215664,0.6,0.427546912156641
43.41,0.00423389263656132,0.557369010033062,0.642630989966938,0.6,0.426309899669378
43.42,0.00416188965611126,0.557493265016636,0.642506734983364,0.6,0.425067349833638
43.43,0.00408978262863662,0.557618070628688,0.642381929371312,0.6,0.423819293713118
43.44,0.00401757335680927,0.557743423749086,0.642256576250914,0.6,0.422565762509141
43.45,0.0039452636458572,0.557869321244008,0.642130678755992,0.6,0.42130678755992
43.46,0.00387285530351952,0.557995759966022,0.642004240033978,0.6,0.420042400339781
43.47,0.00380035014000095,0.558122736754168,0.641877263245832,0.6,0.418772632458322
43.48,0.00372774996792678,0.558250248434033,0.641749751565967,0.6,0.417497515659673
43.49,0.00365505660229765,0.558378291817829,0.641621708182171,0.6,0.416217081821711
43.5,0.00358227186044374,0.558506863704482,0.641493136295518,0.6,0.414931362955175
43.51,0.00350939756197994,0.558635960879699,0.641364039120301,0.6,0.413640391203011
43.52,0.00343643552875988,0.558765580116058,0.641234419883942,0.6,0.412344198839421
43.53,0.00336338758483052,0.558895718173085,0.641104281826915,0.6,0.411042818269146
43.54,0.00329025555638678,0.559026371797335,0.640973628202665,0.6,0.40973628202665
43.55,0.00321704127172549,0.559157537722474,0.640842462277526,0.6,0.408424622775257
43.56,0.00314374656119991,0.559289212669362,0.640710787330638,0.6,0.407107873306376
43.57,0.00307037325717408,0.559421393346131,0.640578606653869,0.6,0.405786066538695
43.58,0.00299692319397675,0.55955407644827,0.640445923551729,0.6,0.404459235517295
43.59,0.0029233982078556,0.559687258658712,0.640312741341288,0.6,0.403127413412884
43.6,0.00284980013693162,0.559820936647903,0.640179063352097,0.6,0.401790633520968
43.61,0.00277613082115254,0.559955107073907,0.640044892926093,0.6,0.400448929260934
43.62,0.00270239210224752,0.560089766582465,0.639910233417535,0.6,0.399102334175352
43.63,0.0026285858236808,0.560224911807097,0.639775088192903,0.6,0.397750881929031
43.64,0.00255471383060528,0.560360539369183,0.639639460630817,0.6,0.396394606308172
43.65,0.00248077796981711,0.560496645878037,0.639503354121963,0.6,0.395033541219634
43.66,0.00240678008970891,0.560633227931005,0.639366772068995,0.6,0.393667720689952
43.67,0.00233272204022376,0.560770282113543,0.639229717886457,0.6,0.392297178864566
43.68,0.00225860567280915,0.560907804999303,0.639092195000697,0.6,0.390921950006968
43.69,0.00218443284037036,0.561045793150221,0.638954206849779,0.6,0.389542068497792
43.7,0.00211020539722428,0.5611842431166,0.6388157568834,0.6,0.388157568834003
43.71,0.00203592519905323,0.561323151437196,0.638676848562804,0.6,0.386768485628037
43.72,0.00196159410285824,0.561462514639311,0.638537485360689,0.6,0.385374853606887
43.73,0.00188721396691279,0.561602329238872,0.638397670761128,0.6,0.383976707611278
43.74,0.00181278665071657,0.561742591740519,0.638257408259481,0.6,0.382574082594811
43.75,0.00173831401494839,0.5618832986377,0.6381167013623,0.6,0.381167013622999
43.76,0.00166379792142043,0.562024446412747,0.637975553587253,0.6,0.379755535872532
43.77,0.00158924023303108,0.562166031536974,0.637833968463026,0.6,0.37833968463026
43.78,0.00151464281371863,0.562308050470761,0.637691949529239,0.6,0.376919495292386
43.79,0.00144000752841478,0.562450499663641,0.637549500336359,0.6,0.37549500336359
43.8,0.00136533624299772,0.562593375554392,0.637406624445608,0.6,0.374066244456077
43.81,0.00129063082424564,0.562736674571125,0.637263325428875,0.6,0.372633254288746
43.82,0.00121589313979023,0.562880393131371,0.637119606868629,0.6,0.371196068686294
43.83,0.00114112505806965,0.563024527642173,0.636975472357827,0.6,0.369754723578269
43.84,0.001066328448282,0.563169074500178,0.636830925499822,0.6,0.368309254998224
43.85,0.000991505180338786,0.563314030091718,0.636685969908282,0.6,0.36685969908282
43.86,0.000916657124817599,0.563459390792916,0.636540609207084,0.6,0.365406092070839
43.87,0.000841786152916035,0.563605152969758,0.636394847030242,0.6,0.363948470302417
43.88,0.000766894136404596,0.563751312978198,0.636248687021802,0.6,0.362486870218021
43.89,0.000691982947579584,0.563897867164246,0.636102132835754,0.6,0.361021328357541
43.9,0.000617054459216976,0.564044811864051,0.635955188135949,0.6,0.359551881359491
43.91,0.000542110544525026,0.564192143404006,0.635807856595994,0.6,0.358078565959944
43.92,0.000467153077097644,0.564339858100829,0.635660141899171,0.6,0.356601418991708
43.93,0.00039218393086772,0.56448795226166,0.63551204773834,0.6,0.355120477383398
43.94,0.000317204980059949,0.564636422184154,0.635363577815846,0.6,0.353635778158462
43.95,0.000242218099144145,0.56478526415657,0.63521473584343,0.6,0.352147358434299
43.96,0.000167225162788531,0.564934474457865,0.635065525542135,0.6,0.350655255421346
43.97,9.22280458125574e-05,0.565084049357792,0.634915950642208,0.6,0.349159506422081
43.98,1.72286231401884e-05,0.565233985116985,0.634766014883015,0.6,0.347660148830151
43.99,-5.77712302467552e-05,0.565384277987056,0.634615722012944,0.6,0.346157220129443
44,-0.000132769639356058,0.565534924210695,0.634465075789305,0.6,0.344650757893052
44.01,-0.000207764729231239,0.56568592002175,0.63431407997825,0.6,0.3431407997825
44.02,-0.00028275462499901,0.565837261645336,0.634162738354664,0.6,0.341627383546635
44.03,-0.000357737451915936,0.565988945297921,0.634011054702079,0.6,0.340110547020785
44.04,-0.000432711335415143,0.56614096718742,0.63385903281258,0.6,0.338590328125802
44.05,-0.000507674401153502,0.566293323513294,0.633706676486706,0.6,0.337066764867062
44.06,-0.000582624775058327,0.566446010466643,0.633553989533357,0.6,0.335539895333566
44.07,-0.000657560583374067,0.566599024230301,0.633400975769699,0.6,0.334009757696991
44.08,-0.00073247995270947,0.566752360978932,0.633247639021068,0.6,0.332476390210681
44.09,-0.000807381010084259,0.566906016879126,0.633093983120874,0.6,0.330939831208743
44.1,-0.000882261882975741,0.56705998808949,0.63294001191051,0.6,0.329400119105095
44.11,-0.000957120699366205,0.567214270760758,0.632785729239242,0.6,0.327857292392419
44.12,-0.00103195558778904,0.567368861035866,0.632631138964134,0.6,0.326311389641336
44.13,-0.00110676467737581,0.567523755050066,0.632476244949934,0.6,0.324762449499337
44.14,-0.00118154609790341,0.567678948931019,0.632321051068981,0.6,0.323210510689809
44.15,-0.00125629797984004,0.567834438798882,0.632165561201118,0.6,0.32165561201118
44.16,-0.0013310184543926,0.567990220766418,0.632009779233582,0.6,0.320097792335816
44.17,-0.00140570565355319,0.568146290939088,0.631853709060912,0.6,0.318537090609124
44.18,-0.00148035771014559,0.568302645415141,0.631697354584859,0.6,0.316973545848587
44.19,-0.00155497275787235,0.568459280285728,0.631540719714272,0.6,0.315407197142724
44.2,-0.0016295489313612,0.568616191634983,0.631383808365017,0.6,0.313838083650169
44.21,-0.00170408436621158,0.56877337554013,0.63122662445987,0.6,0.312266244598697
44.22,-0.00177857719904156,0.568930828071581,0.631069171928418,0.6,0.310691719284185
44.23,-0.00185302556753426,0.569088545293032,0.630911454706968,0.6,0.309114547069684
44.24,-0.00192742761048417,0.569246523261556,0.630753476738444,0.6,0.30753476738444
44.25,-0.00200178146784431,0.569404758027718,0.630595241972282,0.6,0.305952419722821
44.26,-0.00207608528077196,0.569563245635652,0.630436754364348,0.6,0.304367543643479
44.27,-0.00215033719167572,0.569721982123179,0.630278017876821,0.6,0.302780178768209
44.28,-0.00222453534426174,0.569880963521895,0.630119036478105,0.6,0.30119036478105
44.29,-0.00229867788357997,0.570040185857271,0.629959814142729,0.6,0.299598141427286
44.3,-0.00237276295607082,0.57019964514876,0.62980035485124,0.6,0.298003548512402
44.31,-0.00244678870961141,0.570359337409886,0.629640662590114,0.6,0.296406625901137
44.32,-0.00252075329356164,0.570519258648351,0.629480741351649,0.6,0.294807413516489
44.33,-0.00259465485881082,0.570679404866133,0.629320595133867,0.6,0.29320595133867
44.34,-0.00266849155782372,0.570839772059585,0.629160227940415,0.6,0.29160227940415
44.35,-0.00274226154468656,0.571000356219533,0.628999643780466,0.6,0.289996437804665
44.36,-0.0028159629751537,0.571161153331387,0.628838846668613,0.6,0.288388466686132
44.37,-0.00288959400669314,0.571322159375222,0.628677840624778,0.6,0.286778406247781
44.38,-0.0029631527985328,0.571483370325896,0.628516629674104,0.6,0.285166296741038
44.39,-0.00303663751170693,0.571644782153148,0.628355217846852,0.6,0.283552178468524
44.4,-0.00311004630910138,0.571806390821685,0.628193609178315,0.6,0.281936091783148
44.41,-0.00318337735550008,0.571968192291303,0.628031807708697,0.6,0.280318077086973
44.42,-0.00325662881763075,0.572130182516972,0.627869817483028,0.6,0.278698174830282
44.43,-0.00332979886421054,0.572292357448944,0.627707642551056,0.6,0.277076425510563
44.44,-0.00340288566599215,0.572454713032855,0.627545286967145,0.6,0.27545286967145
44.45,-0.0034758873958094,0.572617245209825,0.627382754790175,0.6,0.27382754790175
44.46,-0.00354880222862273,0.572779949916556,0.627220050083444,0.6,0.272200500834444
44.47,-0.00362162834156518,0.57294282308544,0.62705717691456,0.6,0.270571769145604
44.48,-0.00369436391398777,0.573105860644656,0.626894139355344,0.6,0.268941393553439
44.49,-0.00376700712750483,0.573269058518272,0.626730941481728,0.6,0.267309414817277
44.5,-0.00383955616604,0.573432412626354,0.626567587373646,0.6,0.265675873736461
44.51,-0.00391200921587094,0.573595918885053,0.626404081114947,0.6,0.264040811149471
44.52,-0.00398436446567523,0.573759573206723,0.626240426793277,0.6,0.262404267932765
44.53,-0.00405662010657545,0.573923371500016,0.626076628499984,0.6,0.260766284999839
44.54,-0.00412877433218424,0.57408730966998,0.62591269033002,0.6,0.259126903300197
44.55,-0.00420082533864977,0.574251383618172,0.625748616381828,0.6,0.257486163818281
44.56,-0.00427277132470067,0.574415589242751,0.625584410757249,0.6,0.25584410757249
44.57,-0.00434461049169095,0.574579922438584,0.625420077561416,0.6,0.254200775614163
44.58,-0.00441634104364521,0.57474437909735,0.62525562090265,0.6,0.252556209026497
44.59,-0.00448796118730345,0.574908955107643,0.625091044892357,0.6,0.250910448923569
44.6,-0.00455946913216565,0.575073646355068,0.624926353644932,0.6,0.24926353644932
44.61,-0.00463086309053713,0.575238448722356,0.624761551277644,0.6,0.247615512776437
44.62,-0.00470214127757253,0.575403358089454,0.624596641910546,0.6,0.245966419105458
44.63,-0.00477330191132079,0.575568370333636,0.624431629666364,0.6,0.24431629666364
44.64,-0.00484434321276998,0.575733481329607,0.624266518670393,0.6,0.242665186703925
44.65,-0.00491526340589111,0.575898686949599,0.624101313050401,0.6,0.241013130504014
44.66,-0.0049860607176831,0.57606398306348,0.62393601693652,0.6,0.239360169365205
44.67,-0.00505673337821689,0.576229365538856,0.623770634461144,0.6,0.237706344611438
44.68,-0.00512727962067954,0.576394830241174,0.623605169758826,0.6,0.236051697588264
44.69,-0.00519769768141872,0.576560373033824,0.623439626966176,0.6,0.234396269661757
44.7,-0.00526798579998662,0.576725989778247,0.623274010221753,0.6,0.232740102217527
44.71,-0.00533814221918385,0.576891676334031,0.623108323665969,0.6,0.23108323665969
44.72,-0.00540816518510363,0.577057428559022,0.622942571440978,0.6,0.229425714409784
44.73,-0.00547805294717551,0.577223242309422,0.622776757690578,0.6,0.227767576905779
44.74,-0.00554780375820892,0.577389113439895,0.622610886560105,0.6,0.226108865601047
44.75,-0.00561741587443743,0.577555037803675,0.622444962196325,0.6,0.224449621963245
44.76,-0.0056868875555616,0.577721011252658,0.622278988747342,0.6,0.222789887473418
44.77,-0.00575621706479307,0.577887029637518,0.622112970362482,0.6,0.221129703624818
44.78,-0.00582540266889777,0.578053088807804,0.621946911192196,0.6,0.219469111921956
44.79,-0.00589444263823911,0.578219184612045,0.621780815387955,0.6,0.217808153879554
44.8,-0.00596333524682149,0.578385312897854,0.621614687102146,0.6,0.216146871021461
44.81,-0.00603207877233335,0.578551469512034,0.621448530487966,0.6,0.21448530487966
44.82,-0.00610067149619001,0.578717650300676,0.621282349699324,0.6,0.212823496993236
44.83,-0.00616911170357701,0.578883851109272,0.621116148890728,0.6,0.211161488907283
44.84,-0.00623739768349279,0.579050067782808,0.620949932217192,0.6,0.209499322171917
44.85,-0.00630552772879124,0.579216296165876,0.620783703834124,0.6,0.20783703834124
44.86,-0.00637350013622498,0.579382532102777,0.620617467897222,0.6,0.206174678972225
44.87,-0.00644131320648726,0.57954877143762,0.62045122856238,0.6,0.2045122856238
44.88,-0.00650896524425478,0.579715010014429,0.620284989985571,0.6,0.202849899855714
44.89,-0.00657645455823029,0.579881243677251,0.620118756322749,0.6,0.201187563227493
44.9,-0.00664377946118432,0.58004746827025,0.61995253172975,0.6,0.199525317297501
44.91,-0.00671093826999785,0.580213679637822,0.619786320362178,0.6,0.197863203621781
44.92,-0.00677792930570421,0.580379873624691,0.619620126375308,0.6,0.196201263753085
44.93,-0.00684475089353089,0.580546046076016,0.619453953923984,0.6,0.194539539239843
44.94,-0.00691140136294174,0.580712192837494,0.619287807162506,0.6,0.192878071625063
44.95,-0.00697787904767852,0.580878309755465,0.619121690244535,0.6,0.191216902445349
44.96,-0.0070441822858025,0.581044392677014,0.618955607322986,0.6,0.18955607322986
44.97,-0.00711030941973621,0.581210437450077,0.618789562549922,0.6,0.187895625499225
44.98,-0.00717625879630481,0.581376439923545,0.618623560076455,0.6,0.186235600764549
44.99,-0.00724202876677717,0.581542395947361,0.618457604052639,0.6,0.184576040526387
45,0.00225022036890309,0.46696645551263,0.73303354448737,0.6,1.3303354448737
45.01,0.00225691538247923,0.561797322129606,0.638202677870394,0.6,0.382026778703936
45.02,0.00226360531799672,0.561772675012568,0.638227324987432,0.6,0.382273249874319
45.03,0.0022702901604032,0.561748004808063,0.638251995191937,0.6,0.382519951919368
45.04,0.00227696989465778,0.5617233115716,0.6382766884284,0.6,0.382766884284002
45.05,0.00228364450573105,0.561698595358738,0.638301404641262,0.6,0.383014046412624
45.06,0.00229031397860515,0.561673856225088,0.638326143774912,0.6,0.383261437749119
45.07,0.00229697829827376,0.561649094226314,0.638350905773685,0.6,0.383509057736855
45.08,0.00230363744974217,0.561624309418131,0.638375690581869,0.6,0.383756905818691
45.09,0.0023102914180273,0.561599501856303,0.638400498143697,0.6,0.384004981436966
45.1,0.0023169401881577,0.561574671596649,0.638425328403351,0.6,0.384253284033509
45.11,0.00232358374517366,0.561549818695036,0.638450181304964,0.6,0.384501813049644
45.12,0.00233022207412718,0.561524943207382,0.638475056792618,0.6,0.384750567926175
45.13,0.002336855160082,0.561500045189659,0.638499954810341,0.6,0.384999548103407
45.14,0.00234348298811371,0.561475124697886,0.638524875302114,0.6,0.385248753021136
45.15,0.00235010554330968,0.561450181788135,0.638549818211865,0.6,0.385498182118647
45.16,0.00235672281076916,0.561425216516527,0.638574783483473,0.6,0.385747834834727
45.17,0.00236333477560332,0.561400228939234,0.638599771060766,0.6,0.385997710607657
45.18,0.00236994142293524,0.561375219112478,0.638624780887522,0.6,0.386247808875217
45.19,0.00237654273789994,0.561350187092531,0.638649812907469,0.6,0.386498129074686
45.2,0.0023831387056445,0.561325132935716,0.638674867064284,0.6,0.386748670642844
45.21,0.00238972931132797,0.561300056698403,0.638699943301597,0.6,0.386999433015971
45.22,0.00239631454012149,0.561274958437015,0.638725041562985,0.6,0.387250415629853
45.23,0.00240289437720832,0.561249838208022,0.638750161791978,0.6,0.38750161791978
45.24,0.0024094688077838,0.561224696067946,0.638775303932054,0.6,0.387753039320544
45.25,0.00241603781705549,0.561199532073355,0.638800467926645,0.6,0.388004679266453
45.26,0.00242260139024311,0.561174346280869,0.638825653719131,0.6,0.388256537191309
45.27,0.00242915951257861,0.561149138747156,0.638850861252844,0.6,0.388508612528438
45.28,0.00243571216930625,0.561123909528933,0.638876090471067,0.6,0.388760904710669
45.29,0.00244225934568253,0.561098658682966,0.638901341317034,0.6,0.389013413170343
45.3,0.00244880102697631,0.561073386266068,0.638926613733932,0.6,0.389266137339317
45.31,0.00245533719846882,0.561048092335104,0.638951907664896,0.6,0.389519076648963
45.32,0.00246186784545366,0.561022776946983,0.638977223053017,0.6,0.389772230530167
45.33,0.00246839295323689,0.560997440158667,0.639002559841333,0.6,0.390025598413332
45.34,0.00247491250713702,0.560972082027162,0.639027917972838,0.6,0.390279179728381
45.35,0.00248142649248505,0.560946702609525,0.639053297390475,0.6,0.390532973904755
45.36,0.00248793489462451,0.560921301962858,0.639078698037142,0.6,0.39078698037142
45.37,0.00249443769891152,0.560895880144314,0.639104119855686,0.6,0.39104119855686
45.38,0.00250093489071475,0.560870437211092,0.639129562788908,0.6,0.391295627889082
45.39,0.00250742645541554,0.560844973220437,0.639155026779562,0.6,0.391550267795625
45.4,0.00251391237840786,0.560819488229646,0.639180511770354,0.6,0.391805117703544
45.41,0.00252039264509839,0.560793982296057,0.639206017703943,0.6,0.392060177039431
45.42,0.00252686724090653,0.56076845547706,0.63923154452294,0.6,0.3923154452294
45.43,0.00253333615126444,0.56074290783009,0.63925709216991,0.6,0.392570921699099
45.44,0.00253979936161709,0.560717339412629,0.639282660587371,0.6,0.392826605873706
45.45,0.00254625685742224,0.560691750282207,0.639308249717793,0.6,0.393082497177931
45.46,0.00255270862415053,0.560666140496398,0.639333859503602,0.6,0.393338595036018
45.47,0.0025591546472855,0.560640510112825,0.639359489887175,0.6,0.39359489887175
45.48,0.00256559491232359,0.560614859189156,0.639385140810844,0.6,0.39385140810844
45.49,0.00257202940477421,0.560589187783106,0.639410812216894,0.6,0.394108122168944
45.5,0.00257845811015976,0.560563495952434,0.639436504047566,0.6,0.394365040475656
45.51,0.00258488101401564,0.560537783754949,0.639462216245051,0.6,0.394622162450508
45.52,0.00259129810189033,0.560512051248502,0.639487948751498,0.6,0.394879487514977
45.53,0.00259770935934539,0.560486298490992,0.639513701509008,0.6,0.395137015090082
45.54,0.00260411477195549,0.560460525540362,0.639539474459638,0.6,0.395394744596385
45.55,0.00261051432530844,0.5604347324546,0.6395652675454,0.6,0.395652675453996
45.56,0.00261690800500527,0.560408919291743,0.639591080708257,0.6,0.39591080708257
45.57,0.00262329579666019,0.560383086109869,0.639616913890131,0.6,0.39616913890131
45.58,0.00262967768590067,0.560357232967103,0.639642767032897,0.6,0.396427670328972
45.59,0.00263605365836748,0.560331359921614,0.639668640078386,0.6,0.396686400783858
45.6,0.00264242369971465,0.560305467031618,0.639694532968382,0.6,0.396945329683824
45.61,0.00264878779560962,0.560279554355372,0.639720445644628,0.6,0.397204456446284
45.62,0.00265514593173318,0.56025362195118,0.63974637804882,0.6,0.3974637804882
45.63,0.00266149809377949,0.560227669877391,0.639772330122609,0.6,0.397723301226092
45.64,0.00266784426745623,0.560201698192396,0.639798301807604,0.6,0.397983018076041
45.65,0.00267418443848448,0.560175706954632,0.639824293045368,0.6,0.398242930453682
45.66,0.00268051859259888,0.560149696222578,0.639850303777421,0.6,0.398503037774215
45.67,0.00268684671554758,0.56012366605476,0.63987633394524,0.6,0.398763339452396
45.68,0.0026931687930923,0.560097616509745,0.639902383490255,0.6,0.399023834902547
45.69,0.00269948481100837,0.560071547646145,0.639928452353855,0.6,0.399284523538553
45.7,0.00270579475508476,0.560045459522613,0.639954540477387,0.6,0.399545404773868
45.71,0.00271209861112408,0.56001935219785,0.63998064780215,0.6,0.399806478021504
45.72,0.00271839636494268,0.559993225730595,0.640006774269405,0.6,0.40006774269405
45.73,0.00272468800237061,0.559967080179634,0.640032919820366,0.6,0.400329198203661
45.74,0.00273097350925167,0.559940915603794,0.640059084396206,0.6,0.400590843962058
45.75,0.0027372528714435,0.559914732061946,0.640085267938054,0.6,0.400852679380542
45.76,0.00274352607481751,0.559888529613002,0.640111470386998,0.6,0.401114703869984
45.77,0.00274979310525902,0.559862308315918,0.640137691684082,0.6,0.401376916840824
45.78,0.0027560539486672,0.559836068229691,0.640163931770309,0.6,0.40163931770309
45.79,0.00276230859095516,0.559809809413363,0.640190190586637,0.6,0.401901905866374
45.8,0.00276855701804995,0.559783531926014,0.640216468073986,0.6,0.402164680739856
45.81,0.00277479921589263,0.559757235826771,0.640242764173229,0.6,0.402427641732293
45.82,0.00278103517043823,0.559730921174798,0.640269078825202,0.6,0.402690788252019
45.83,0.00278726486765587,0.559704588029304,0.640295411970696,0.6,0.402954119706959
45.84,0.00279348829352875,0.559678236449538,0.640321763550462,0.6,0.403217635504616
45.85,0.00279970543405413,0.559651866494792,0.640348133505208,0.6,0.403481335052077
45.86,0.00280591627524347,0.559625478224398,0.640374521775602,0.6,0.403745217756022
45.87,0.00281212080312238,0.559599071697729,0.640400928302271,0.6,0.404009283022713
45.88,0.00281831900373066,0.5595726469742,0.6404273530258,0.6,0.404273530258003
45.89,0.00282451086312238,0.559546204113266,0.640453795886734,0.6,0.404537958867337
45.9,0.00283069636736585,0.559519743174425,0.640480256825575,0.6,0.404802568255749
45.91,0.00283687550254368,0.559493264217213,0.640506735782787,0.6,0.40506735782787
45.92,0.00284304825475283,0.559466767301208,0.640533232698792,0.6,0.405332326987922
45.93,0.00284921461010461,0.559440252486027,0.640559747513972,0.6,0.405597475139725
45.94,0.00285537455472471,0.55941371983133,0.64058628016867,0.6,0.405862801686696
45.95,0.00286152807475328,0.559387169396815,0.640612830603185,0.6,0.406128306031851
45.96,0.00286767515634488,0.55936060124222,0.64063939875778,0.6,0.406393987577804
45.97,0.00287381578566858,0.559334015427323,0.640665984572677,0.6,0.406659845726772
45.98,0.00287994994890799,0.559307412011942,0.640692587988058,0.6,0.406925879880576
45.99,0.00288607763226122,0.559280791055936,0.640719208944064,0.6,0.407192089440636
46,0.002892198821941,0.559254152619202,0.640745847380798,0.6,0.407458473807983
46.01,0.00289831350417465,0.559227496761675,0.640772503238325,0.6,0.407725032383252
46.02,0.00290442166520413,0.559200823543331,0.640799176456669,0.6,0.407991764566685
46.03,0.0029105232912861,0.559174133024186,0.640825866975814,0.6,0.408258669758137
46.04,0.00291661836869189,0.559147425264293,0.640852574735707,0.6,0.40852574735707
46.05,0.00292270688370758,0.559120700323744,0.640879299676256,0.6,0.408792996762559
46.06,0.00292878882263401,0.559093958262671,0.640906041737329,0.6,0.409060417373294
46.07,0.00293486417178683,0.559067199141242,0.640932800858758,0.6,0.409328008587578
46.08,0.0029409329174965,0.559040423019667,0.640959576980333,0.6,0.409595769803331
46.09,0.00294699504610835,0.559013629958191,0.640986370041809,0.6,0.409863700418092
46.1,0.00295305054398258,0.558986820017099,0.641013179982901,0.6,0.410131799829014
46.11,0.00295909939749434,0.558959993256712,0.641040006743288,0.6,0.410400067432877
46.12,0.00296514159303371,0.558933149737392,0.641066850262608,0.6,0.410668502626076
46.13,0.00297117711700573,0.558906289519537,0.641093710480463,0.6,0.410937104804633
46.14,0.0029772059558305,0.558879412663581,0.641120587336419,0.6,0.411205873364194
46.15,0.00298322809594312,0.558852519229997,0.641147480770003,0.6,0.41147480770003
46.16,0.00298924352379379,0.558825609279296,0.641174390720704,0.6,0.411743907207037
46.17,0.00299525222584779,0.558798682872026,0.641201317127974,0.6,0.412013171279743
46.18,0.00300125418858555,0.55877174006877,0.64122825993123,0.6,0.412282599312301
46.19,0.00300724939850264,0.55874478093015,0.64125521906985,0.6,0.412552190698504
46.2,0.00301323784210987,0.558717805516823,0.641282194483177,0.6,0.412821944831766
46.21,0.00301921950593321,0.558690813889486,0.641309186110514,0.6,0.413091861105142
46.22,0.00302519437651394,0.558663806108868,0.641336193891132,0.6,0.413361938911321
46.23,0.0030311624404086,0.558636782235737,0.641363217764263,0.6,0.413632177642628
46.24,0.00303712368418904,0.558609742330898,0.641390257669102,0.6,0.413902576691023
46.25,0.00304307809444249,0.558582686455188,0.641417313544811,0.6,0.414173135448115
46.26,0.00304902565777149,0.558555614669486,0.641444385330514,0.6,0.41444385330514
46.27,0.00305496636079406,0.558528527034701,0.641471472965299,0.6,0.414714729652987
46.28,0.00306090019014361,0.558501423611782,0.641498576388218,0.6,0.414985763882183
46.29,0.00306682713246901,0.55847430446171,0.64152569553829,0.6,0.4152569553829
46.3,0.00307274717443467,0.558447169645504,0.641552830354496,0.6,0.41552830354496
46.31,0.00307866030272048,0.558420019224217,0.641579980775783,0.6,0.415799807757828
46.32,0.0030845665040219,0.558392853258938,0.641607146741062,0.6,0.416071467410619
46.33,0.00309046576504999,0.55836567181079,0.64163432818921,0.6,0.4163432818921
46.34,0.00309635807253142,0.558338474940931,0.641661525059069,0.6,0.416615250590688
46.35,0.00310224341320848,0.558311262710555,0.641688737289445,0.6,0.416887372894453
46.36,0.00310812177383918,0.558284035180888,0.641715964819112,0.6,0.417159648191123
46.37,0.0031139931411972,0.558256792413192,0.641743207586808,0.6,0.417432075868076
46.38,0.00311985750207196,0.558229534468765,0.641770465531235,0.6,0.417704655312349
46.39,0.00312571484326866,0.558202261408936,0.641797738591064,0.6,0.417977385910641
46.4,0.00313156515160828,0.558174973295069,0.64182502670493,0.6,0.418250267049305
46.41,0.00313740841392763,0.558147670188564,0.641852329811436,0.6,0.418523298114361
46.42,0.00314324461707937,0.558120352150851,0.641879647849149,0.6,0.41879647849149
46.43,0.00314907374793205,0.558093019243397,0.641906980756603,0.6,0.419069807566034
46.44,0.00315489579337013,0.5580656715277,0.6419343284723,0.6,0.419343284723003
46.45,0.003160710740294,0.558038309065293,0.641961690934707,0.6,0.419616909347075
46.46,0.00316651857562004,0.558010931917741,0.641989068082259,0.6,0.419890680822593
46.47,0.00317231928628062,0.557983540146643,0.642016459853357,0.6,0.420164598533572
46.48,0.00317811285922415,0.55795613381363,0.64204386618637,0.6,0.420438661863699
46.49,0.00318389928141507,0.557928712980367,0.642071287019633,0.6,0.420712870196328
46.5,0.00318967853983397,0.55790127770855,0.642098722291449,0.6,0.420987222914495
46.51,0.00319545062147749,0.55787382805991,0.64212617194009,0.6,0.421261719400903
46.52,0.00320121551335846,0.557846364096207,0.642153635903793,0.6,0.421536359037934
46.53,0.00320697320250589,0.557818885879235,0.642181114120765,0.6,0.421811141207653
46.54,0.00321272367596495,0.55779139347082,0.64220860652918,0.6,0.422086065291797
46.55,0.0032184669207971,0.557763886932821,0.642236113067179,0.6,0.422361130671788
46.56,0.00322420292408004,0.557736366327127,0.642263633672873,0.6,0.42263633672873
46.57,0.00322993167290776,0.557708831715659,0.642291168284341,0.6,0.422911682843408
46.58,0.00323565315439057,0.557681283160371,0.642318716839629,0.6,0.423187168396293
46.59,0.00324136735565516,0.557653720723245,0.642346279276754,0.6,0.423462792767545
46.6,0.00324707426384455,0.557626144466299,0.642373855533701,0.6,0.423738555337007
46.61,0.00325277386611823,0.557598554451579,0.642401445548421,0.6,0.424014455484213
46.62,0.00325846614965208,0.557570950741161,0.642429049258839,0.6,0.424290492588391
46.63,0.00326415110163847,0.557543333397155,0.642456666602845,0.6,0.424566666028454
46.64,0.00326982870928626,0.557515702481699,0.642484297518301,0.6,0.424842975183014
46.65,0.00327549895982083,0.557488058056963,0.642511941943037,0.6,0.425119419430374
46.66,0.00328116184048412,0.557460400185146,0.642539599814854,0.6,0.425395998148537
46.67,0.00328681733853466,0.55743272892848,0.64256727107152,0.6,0.425672710715199
46.68,0.00329246544124757,0.557405044349224,0.642594955650776,0.6,0.425949556507756
46.69,0.00329810613591462,0.557377346509669,0.642622653490331,0.6,0.426226534903308
46.7,0.00330373940984427,0.557349635472135,0.642650364527865,0.6,0.426503645278652
46.71,0.00330936525036163,0.557321911298971,0.642678088701029,0.6,0.42678088701029
46.72,0.00331498364480858,0.557294174052557,0.642705825947443,0.6,0.427058259474428
46.73,0.00332059458054372,0.557266423795302,0.642733576204698,0.6,0.427335762046976
46.74,0.00332619804494246,0.557238660589644,0.642761339410356,0.6,0.427613394103558
46.75,0.003331794025397,0.55721088449805,0.64278911550195,0.6,0.4278911550195
46.76,0.00333738250931639,0.557183095583016,0.642816904416984,0.6,0.428169044169837
46.77,0.00334296348412654,0.557155293907068,0.642844706092932,0.6,0.428447060929323
46.78,0.00334853693727027,0.557127479532758,0.642872520467242,0.6,0.428725204672419
46.79,0.00335410285620729,0.55709965252267,0.64290034747733,0.6,0.4290034747733
46.8,0.00335966122841431,0.557071812939414,0.642928187060586,0.6,0.42928187060586
46.81,0.00336521204138498,0.557043960845629,0.642956039154371,0.6,0.429560391543707
46.82,0.00337075528262997,0.557016096303983,0.642983903696017,0.6,0.429839036960171
46.83,0.003376290939677,0.55698821937717,0.64301178062283,0.6,0.4301178062283
46.84,0.00338181900007085,0.556960330127914,0.643039669872086,0.6,0.430396698720862
46.85,0.00338733945137336,0.556932428618965,0.643067571381035,0.6,0.430675713810347
46.86,0.00339285228116354,0.556904514913102,0.643095485086898,0.6,0.430954850868976
46.87,0.00339835747703753,0.556876589073131,0.643123410926869,0.6,0.431234109268688
46.88,0.00340385502660861,0.556848651161885,0.643151348838115,0.6,0.43151348838115
46.89,0.00340934491750733,0.556820701242224,0.643179298757776,0.6,0.431792987577763
46.9,0.00341482713738142,0.556792739377035,0.643207260622965,0.6,0.432072606229651
46.91,0.00342030167389589,0.556764765629233,0.643235234370767,0.6,0.432352343707673
46.92,0.00342576851473304,0.556736780061758,0.643263219938242,0.6,0.432632199382421
46.93,0.00343122764759248,0.556708782737578,0.643291217262422,0.6,0.432912172624217
46.94,0.00343667906019115,0.556680773719687,0.643319226280312,0.6,0.433192262803125
46.95,0.0034421227402634,0.556652753071106,0.643347246928894,0.6,0.433472469288939
46.96,0.00344755867556092,0.55662472085488,0.64337527914512,0.6,0.433752791451196
46.97,0.00345298685385288,0.556596677134083,0.643403322865917,0.6,0.434033228659172
46.98,0.00345840726292588,0.556568621971812,0.643431378028188,0.6,0.434313780281882
46.99,0.00346381989058399,0.556540555431192,0.643459444568808,0.6,0.434594445688083
47,0.00346922472464882,0.556512477575371,0.643487522424628,0.6,0.434875224246285
47.01,0.00347462175295947,0.556484388467527,0.643515611532473,0.6,0.435156115324729
47.02,0.00348001096337265,0.556456288170859,0.643543711829141,0.6,0.435437118291413
47.03,0.00348539234376263,0.556428176748592,0.643571823251408,0.6,0.435718232514081
47.04,0.0034907658820213,0.556400054263978,0.643599945736022,0.6,0.435999457360224
47.05,0.00349613156605821,0.556371920780291,0.643628079219709,0.6,0.436280792197089
47.06,0.00350148938380058,0.556343776360833,0.643656223639167,0.6,0.436562236391672
47.07,0.00350683932319331,0.556315621068928,0.643684378931072,0.6,0.436843789310722
47.08,0.00351218137219903,0.556287454967925,0.643712545032075,0.6,0.437125450320748
47.09,0.00351751551879816,0.556259278121199,0.643740721878801,0.6,0.43740721878801
47.1,0.00352284175098885,0.556231090592147,0.643768909407853,0.6,0.437689094078528
47.11,0.00352816005678709,0.556202892444191,0.643797107555809,0.6,0.437971075558089
47.12,0.00353347042422669,0.556174683740777,0.643825316259223,0.6,0.438253162592228
47.13,0.00353877284135932,0.556146464545375,0.643853535454625,0.6,0.438535354546251
47.14,0.00354406729625455,0.556118234921477,0.643881765078523,0.6,0.438817650785229
47.15,0.00354935377699987,0.556089994932601,0.643910005067399,0.6,0.439100050673993
47.16,0.00355463227170068,0.556061744642286,0.643938255357714,0.6,0.439382553577145
47.17,0.00355990276848038,0.556033484114095,0.643966515885905,0.6,0.439665158859052
47.18,0.00356516525548035,0.556005213411615,0.643994786588385,0.6,0.439947865883852
47.19,0.00357041972086,0.555976932598454,0.644023067401546,0.6,0.440230674015456
47.2,0.00357566615279679,0.555948641738245,0.644051358261755,0.6,0.440513582617545
47.21,0.00358090453948624,0.555920340894642,0.644079659105357,0.6,0.440796591053575
47.22,0.00358613486914199,0.555892030131322,0.644107969868678,0.6,0.441079698686776
47.23,0.00359135712999579,0.555863709511984,0.644136290488016,0.6,0.441362904880158
47.24,0.00359657131029757,0.555835379100349,0.644164620899651,0.6,0.441646208996506
47.25,0.00360177739831542,0.555807038960161,0.644192961039839,0.6,0.441929610398386
47.26,0.00360697538233564,0.555778689155186,0.644221310844814,0.6,0.442213108448144
47.27,0.00361216525066277,0.555750329749209,0.644249670250791,0.6,0.442496702507911
47.28,0.00361734699161961,0.55572196080604,0.64427803919396,0.6,0.4427803919396
47.29,0.00362252059354725,0.555693582389509,0.644306417610491,0.6,0.443064176104909
47.3,0.00362768604480508,0.555665194563467,0.644334805436533,0.6,0.443348054365326
47.31,0.00363284333377083,0.555636797391788,0.644363202608212,0.6,0.443632026082122
47.32,0.00363799244884062,0.555608390938364,0.644391609061636,0.6,0.443916090616363
47.33,0.00364313337842894,0.55557997526711,0.64442002473289,0.6,0.444200247328903
47.34,0.00364826611096869,0.555551550441961,0.644448449558039,0.6,0.444484495580391
47.35,0.00365339063491123,0.555523116526873,0.644476883473126,0.6,0.444768834731265
47.36,0.00365850693872638,0.555494673585823,0.644505326414177,0.6,0.445053264141767
47.37,0.00366361501090247,0.555466221682807,0.644533778317193,0.6,0.445337783171926
47.38,0.00366871483994632,0.555437760881842,0.644562239118158,0.6,0.445622391181577
47.39,0.00367380641438334,0.555409291246965,0.644590708753035,0.6,0.445907087530354
47.4,0.00367888972275747,0.555380812842232,0.644619187157768,0.6,0.446191871577685
47.41,0.00368396475363127,0.555352325731719,0.644647674268281,0.6,0.446476742682811
47.42,0.00368903149558594,0.555323829979523,0.644676170020477,0.6,0.44676170020477
47.43,0.00369408993722129,0.555295325649759,0.644704674350241,0.6,0.447046743502406
47.44,0.00369914006715585,0.555266812806562,0.644733187193438,0.6,0.447331871934376
47.45,0.00370418187402682,0.555238291514086,0.644761708485914,0.6,0.447617084859138
47.46,0.00370921534649013,0.555209761836504,0.644790238163496,0.6,0.447902381634961
47.47,0.00371424047322047,0.555181223838007,0.644818776161993,0.6,0.448187761619934
47.48,0.00371925724291133,0.555152677582805,0.644847322417195,0.6,0.448473224171947
47.49,0.00372426564427494,0.555124123135129,0.644875876864871,0.6,0.448758768648709
47.5,0.00372926566604244,0.555095560559225,0.644904439440775,0.6,0.449044394407749
47.51,0.00373425729696375,0.555066989919359,0.644933010080641,0.6,0.449330100806405
47.52,0.00373924052580773,0.555038411279816,0.644961588720184,0.6,0.449615887201842
47.53,0.0037442153413621,0.555009824704896,0.644990175295104,0.6,0.449901752951037
47.54,0.00374918173243353,0.554981230258921,0.645018769741079,0.6,0.450187697410793
47.55,0.00375413968784764,0.554952628006226,0.645047371993774,0.6,0.450473719937736
47.56,0.00375908919644905,0.554924018011168,0.645075981988832,0.6,0.450759819888316
47.57,0.00376403024710134,0.554895400338119,0.64510459966188,0.6,0.451045996618805
47.58,0.00376896282868716,0.554866775051469,0.645133224948531,0.6,0.45133224948531
47.59,0.00377388693010822,0.554838142215624,0.645161857784376,0.6,0.451618577843759
47.6,0.00377880254028527,0.554809501895009,0.645190498104991,0.6,0.451904981049913
47.61,0.0037837096481582,0.554780854154063,0.645219145845937,0.6,0.452191458459369
47.62,0.00378860824268602,0.554752199057245,0.645247800942755,0.6,0.452478009427548
47.63,0.00379349831284688,0.554723536669029,0.645276463330971,0.6,0.452764633309712
47.64,0.00379837984763815,0.554694867053904,0.645305132946096,0.6,0.453051329460959
47.65,0.00380325283607637,0.554666190276378,0.645333809723622,0.6,0.453338097236222
47.66,0.0038081172671973,0.554637506400973,0.645362493599027,0.6,0.453624935990272
47.67,0.00381297313005599,0.554608815492227,0.645391184507773,0.6,0.453911845077726
47.68,0.00381782041372675,0.554580117614697,0.645419882385303,0.6,0.454198823853034
47.69,0.00382265910730318,0.554551412832951,0.645448587167049,0.6,0.454485871670495
47.7,0.00382748919989824,0.554522701211575,0.645477298788425,0.6,0.454772987884253
47.71,0.00383231068064421,0.55449398281517,0.64550601718483,0.6,0.455060171848296
47.72,0.00383712353869277,0.554465257708354,0.645534742291646,0.6,0.45534742291646
47.73,0.00384192776321499,0.554436525955757,0.645563474044243,0.6,0.455634740442432
47.74,0.00384672334340135,0.554407787622026,0.645592212377974,0.6,0.455922123779744
47.75,0.00385151026846182,0.554379042771821,0.645620957228179,0.6,0.456209572281787
47.76,0.00385628852762581,0.55435029146982,0.64564970853018,0.6,0.4564970853018
47.77,0.00386105811014224,0.554321533780712,0.645678466219288,0.6,0.456784662192879
47.78,0.00386581900527955,0.554292769769202,0.645707230230798,0.6,0.457072302307978
47.79,0.00387057120232573,0.554263999500009,0.64573600049999,0.6,0.457360004999905
47.8,0.00387531469058833,0.554235223037867,0.645764776962133,0.6,0.457647769621329
47.81,0.00388004945939452,0.554206440447522,0.645793559552478,0.6,0.457935595524781
47.82,0.00388477549809106,0.554177651793735,0.645822348206265,0.6,0.458223482062651
47.83,0.00388949279604437,0.55414885714128,0.64585114285872,0.6,0.458511428587196
47.84,0.00389420134264053,0.554120056554946,0.645879943445054,0.6,0.458799434450536
47.85,0.00389890112728531,0.554091250099534,0.645908749900466,0.6,0.459087499004658
47.86,0.0039035921394042,0.554062437839858,0.645937562160142,0.6,0.459375621601418
47.87,0.00390827436844242,0.554033619840746,0.645966380159254,0.6,0.459663801592537
47.88,0.00391294780386496,0.554004796167039,0.645995203832961,0.6,0.459952038329613
47.89,0.0039176124351566,0.553975966883589,0.646024033116411,0.6,0.460240331164113
47.9,0.00392226825182191,0.553947132055262,0.646052867944738,0.6,0.460528679447377
47.91,0.0039269152433853,0.553918291746938,0.646081708253062,0.6,0.460817082530623
47.92,0.00393155339939106,0.553889446023506,0.646110553976494,0.6,0.461105539764944
47.93,0.00393618270940332,0.553860594949869,0.646139405050131,0.6,0.46139405050131
47.94,0.00394080316300615,0.553831738590943,0.646168261409057,0.6,0.461682614090574
47.95,0.00394541474980353,0.553802877011653,0.646197122988347,0.6,0.461971229883467
47.96,0.00395001745941938,0.55377401027694,0.64622598972306,0.6,0.462259897230602
47.97,0.00395461128149762,0.553745138451752,0.646254861548248,0.6,0.46254861548248
47.98,0.00395919620570214,0.553716261601052,0.646283738398948,0.6,0.462837383989484
47.99,0.00396377222171686,0.553687379789812,0.646312620210188,0.6,0.463126202101884
48,0.00396833931924576,0.553658493083016,0.646341506916984,0.6,0.463415069169842
48.01,0.00397289748801287,0.553629601545659,0.646370398454341,0.6,0.463703984543407
48.02,0.00397744671776231,0.553600705242748,0.646399294757252,0.6,0.463992947572516
48.03,0.0039819869982583,0.5535718042393,0.6464281957607,0.6,0.464281957607005
48.04,0.00398651831928524,0.55354289860034,0.64645710139966,0.6,0.464571013996601
48.05,0.00399104067064763,0.553513988390907,0.646486011609093,0.6,0.464860116090927
48.06,0.0039955540421702,0.553485073676049,0.64651492632395,0.6,0.465149263239505
48.07,0.00400005842369786,0.553456154520825,0.646543845479175,0.6,0.465438454791752
48.08,0.00400455380509576,0.553427230990301,0.646572769009699,0.6,0.465727690096989
48.09,0.00400904017624928,0.553398303149557,0.646601696850443,0.6,0.466016968504435
48.1,0.0040135175270641,0.553369371063679,0.646630628936321,0.6,0.466306289363213
48.11,0.00401798584746617,0.553340434797765,0.646659565202235,0.6,0.466595652022354
48.12,0.00402244512740179,0.553311494416921,0.646688505583079,0.6,0.46688505583079
48.13,0.00402689535683756,0.553282549986264,0.646717450013736,0.6,0.467174500137363
48.14,0.00403133652576048,0.553253601570918,0.646746398429082,0.6,0.467463984290825
48.15,0.00403576862417792,0.553224649236017,0.646775350763983,0.6,0.467753507639833
48.16,0.00404019164211765,0.553195693046704,0.646804306953296,0.6,0.468043069532964
48.17,0.0040446055696279,0.55316673306813,0.64683326693187,0.6,0.468332669318702
48.18,0.00404901039677732,0.553137769365455,0.646862230634545,0.6,0.468622306345446
48.19,0.00405340611365505,0.553108802003848,0.646891197996151,0.6,0.468911979961515
48.2,0.00405779271037074,0.553079831048486,0.646920168951514,0.6,0.469201689515143
48.21,0.00406217017705454,0.553050856564552,0.646949143435448,0.6,0.469491434354483
48.22,0.00406653850385716,0.553021878617239,0.646978121382761,0.6,0.46978121382761
48.23,0.00407089768094987,0.552992897271748,0.647007102728252,0.6,0.47007102728252
48.24,0.0040752476985245,0.552963912593287,0.647036087406713,0.6,0.470360874067132
48.25,0.00407958854679353,0.552934924647071,0.647065075352929,0.6,0.470650753529293
48.26,0.00408392021599005,0.552905933498323,0.647094066501677,0.6,0.470940665016771
48.27,0.00408824269636782,0.552876939212273,0.647123060787727,0.6,0.471230607877269
48.28,0.00409255597820124,0.552847941854159,0.647152058145841,0.6,0.471520581458413
48.29,0.00409686005178543,0.552818941489224,0.647181058510776,0.6,0.471810585107763
48.3,0.00410115490743624,0.552789938182719,0.647210061817281,0.6,0.472100618172813
48.31,0.00410544053549023,0.552760931999901,0.647239068000099,0.6,0.472390680000986
48.32,0.00410971692630475,0.552731923006036,0.647268076993964,0.6,0.472680769939644
48.33,0.00411398407025792,0.552702911266391,0.647297088733608,0.6,0.472970887336085
48.34,0.00411824195774868,0.552673896846245,0.647326103153755,0.6,0.473261031537546
48.35,0.00412249057919675,0.55264487981088,0.64735512018912,0.6,0.473551201891199
48.36,0.00412672992504277,0.552615860225583,0.647384139774417,0.6,0.473841397744167
48.37,0.0041309599857482,0.55258683815565,0.64741316184435,0.6,0.474131618443504
48.38,0.0041351807517954,0.552557813666379,0.647442186333621,0.6,0.474421863336214
48.39,0.00413939221368766,0.552528786823075,0.647471213176925,0.6,0.474712131769249
48.4,0.00414359436194918,0.55249975769105,0.64750024230895,0.6,0.475002423089503
48.41,0.00414778718712513,0.552470726335618,0.647529273664382,0.6,0.475292736643822
48.42,0.00415197067978166,0.5524416928221,0.6475583071779,0.6,0.475583071779
48.43,0.00415614483050592,0.552412657215822,0.647587342784178,0.6,0.475873427841783
48.44,0.00416030962990606,0.552383619582113,0.647616380417887,0.6,0.476163804178868
48.45,0.00416446506861129,0.552354579986309,0.647645420013691,0.6,0.476454200136913
48.46,0.00416861113727187,0.552325538493748,0.647674461506252,0.6,0.476744615062523
48.47,0.00417274782655914,0.552296495169773,0.647703504830227,0.6,0.477035048302267
48.48,0.00417687512716558,0.552267450079733,0.647732549920267,0.6,0.477325499202669
48.49,0.00418099302980473,0.552238403288979,0.647761596711021,0.6,0.477615967110214
48.5,0.00418510152521133,0.552209354862865,0.647790645137135,0.6,0.477906451371353
48.51,0.00418920060414127,0.552180304866751,0.647819695133249,0.6,0.478196951332491
48.52,0.00419329025737161,0.552151253365999,0.647848746634001,0.6,0.478487466340007
48.53,0.00419737047570065,0.552122200425976,0.647877799574024,0.6,0.478777995740243
48.54,0.00420144124994789,0.55209314611205,0.64790685388795,0.6,0.479068538879505
48.55,0.00420550257095408,0.552064090489593,0.647935909510407,0.6,0.479359095104072
48.56,0.00420955442958127,0.552035033623981,0.647964966376019,0.6,0.479649663760194
48.57,0.00421359681671276,0.552005975580591,0.647994024419409,0.6,0.47994024419409
48.58,0.00421762972325319,0.551976916424804,0.648023083575196,0.6,0.480230835751956
48.59,0.00422165314012853,0.551947856222004,0.648052143777996,0.6,0.480521437779959
48.6,0.00422566705828608,0.551918795037575,0.648081204962425,0.6,0.480812049624246
48.61,0.00422967146869454,0.551889732936906,0.648110267063094,0.6,0.48110267063094
48.62,0.00423366636234397,0.551860669985386,0.648139330014614,0.6,0.481393300146145
48.63,0.00423765173024588,0.551831606248406,0.648168393751594,0.6,0.481683937515941
48.64,0.00424162756343318,0.55180254179136,0.64819745820864,0.6,0.481974582086399
48.65,0.00424559385296025,0.551773476679643,0.648226523320356,0.6,0.482265233203565
48.66,0.00424955058990294,0.551744410978652,0.648255589021348,0.6,0.482555890213476
48.67,0.0042534977653586,0.551715344753785,0.648284655246215,0.6,0.482846552462154
48.68,0.00425743537044608,0.551686278070439,0.648313721929561,0.6,0.483137219295608
48.69,0.00426136339630577,0.551657210994016,0.648342789005984,0.6,0.483427890059839
48.7,0.00426528183409962,0.551628143589916,0.648371856410084,0.6,0.483718564100836
48.71,0.00426919067501114,0.551599075923542,0.648400924076458,0.6,0.484009240764585
48.72,0.00427308991024545,0.551570008060294,0.648429991939706,0.6,0.484299919397061
48.73,0.00427697953102926,0.551540940065576,0.648459059934424,0.6,0.484590599344239
48.74,0.00428085952861092,0.551511872004791,0.648488127995209,0.6,0.484881279952089
48.75,0.00428472989426046,0.551482803943342,0.648517196056658,0.6,0.485171960566579
48.76,0.00428859061926954,0.551453735946632,0.648546264053368,0.6,0.485462640533678
48.77,0.00429244169495154,0.551424668080064,0.648575331919936,0.6,0.485753319199358
48.78,0.00429628311264153,0.551395600409041,0.648604399590959,0.6,0.48604399590959
48.79,0.00430011486369633,0.551366532998965,0.648633467001035,0.6,0.486334670010351
48.8,0.00430393693949451,0.551337465915237,0.648662534084763,0.6,0.486625340847626
48.81,0.00430774933143638,0.551308399223259,0.648691600776741,0.6,0.486916007767406
48.82,0.00431155203094408,0.551279332988431,0.648720667011569,0.6,0.48720667011569
48.83,0.00431534502946153,0.551250267276151,0.648749732723849,0.6,0.487497327238486
48.84,0.00431912831845448,0.551221202151818,0.648778797848182,0.6,0.487787978481818
48.85,0.00432290188941053,0.551192137680828,0.648807862319172,0.6,0.48807862319172
48.86,0.00432666573383916,0.551163073928576,0.648836926071424,0.6,0.488369260714243
48.87,0.00433041984327172,0.551134010960455,0.648865989039545,0.6,0.48865989039545
48.88,0.00433416420926145,0.551104948841857,0.648895051158142,0.6,0.488950511581425
48.89,0.00433789882338354,0.551075887638173,0.648924112361827,0.6,0.489241123618273
48.9,0.0043416236772351,0.551046827414789,0.648953172585211,0.6,0.489531725852113
48.91,0.00434533876243523,0.551017768237091,0.648982231762909,0.6,0.489822317629093
48.92,0.00434904407062497,0.550988710170462,0.649011289829538,0.6,0.490112898295381
48.93,0.00435273959346739,0.550959653280283,0.649040346719717,0.6,0.49040346719717
48.94,0.00435642532264756,0.550930597631932,0.649069402368068,0.6,0.490694023680681
48.95,0.00436010124987259,0.550901543290784,0.649098456709216,0.6,0.490984567092162
48.96,0.00436376736687165,0.550872490322211,0.649127509677789,0.6,0.491275096777889
48.97,0.00436742366539598,0.550843438791583,0.649156561208417,0.6,0.491565612084172
48.98,0.0043710701372189,0.550814388764265,0.649185611235735,0.6,0.491856112357351
48.99,0.00437470677413585,0.55078534030562,0.64921465969438,0.6,0.4921465969438
49,0.00437833356796441,0.550756293481007,0.649243706518993,0.6,0.49243706518993
49.01,0.00438195051054429,0.550727248355781,0.649272751644219,0.6,0.492727516442186
49.02,0.00438555759373737,0.550698204995295,0.649301795004705,0.6,0.493017950047054
49.03,0.00438915480942771,0.550669163464894,0.649330836535106,0.6,0.493308365351061
49.04,0.00439274214952158,0.550640123829923,0.649359876170077,0.6,0.493598761700766
49.05,0.00439631960594747,0.550611086155722,0.649388913844278,0.6,0.493889138442783
49.06,0.0043998871706561,0.550582050507624,0.649417949492376,0.6,0.494179494923763
49.07,0.00440344483562046,0.55055301695096,0.64944698304904,0.6,0.494469830490403
49.08,0.00440699259283579,0.550523985551055,0.649476014448945,0.6,0.494760144489449
49.09,0.00441053043431964,0.55049495637323,0.64950504362677,0.6,0.495050436267696
49.1,0.00441405835211188,0.550465929482802,0.649534070517198,0.6,0.495340705171983
49.11,0.00441757633827469,0.550436904945079,0.649563095054921,0.6,0.495630950549211
49.12,0.00442108438489261,0.550407882825368,0.649592117174632,0.6,0.495921171746324
49.13,0.00442458248407251,0.550378863188967,0.649621136811033,0.6,0.496211368110325
49.14,0.0044280706279437,0.550349846101173,0.649650153898827,0.6,0.496501538988274
49.15,0.00443154880865785,0.550320831627271,0.649679168372729,0.6,0.496791683727286
49.16,0.00443501701838904,0.550291819832547,0.649708180167453,0.6,0.497081801674534
49.17,0.00443847524933381,0.550262810782275,0.649737189217725,0.6,0.497371892177254
49.18,0.00444192349371115,0.550233804541726,0.649766195458274,0.6,0.497661954582742
49.19,0.0044453617437625,0.550204801176164,0.649795198823836,0.6,0.497951988238359
49.2,0.0044487899917518,0.550175800750847,0.649824199249153,0.6,0.498241992491527
49.21,0.00445220822996549,0.550146803331026,0.649853196668974,0.6,0.498531966689739
49.22,0.00445561645071255,0.550117808981945,0.649882191018055,0.6,0.498821910180551
49.23,0.00445901464632447,0.550088817768841,0.649911182231159,0.6,0.499111822311593
49.24,0.00446240280915532,0.550059829756944,0.649940170243056,0.6,0.499401702430561
49.25,0.00446578093158173,0.550030845011478,0.649969154988522,0.6,0.499691549885224
49.26,0.00446914900600293,0.550001863597657,0.649998136402343,0.6,0.499981364023427
49.27,0.00447250702484075,0.549972885580691,0.650027114419309,0.6,0.500271144193087
49.28,0.00447585498053965,0.54994391102578,0.65005608897422,0.6,0.500560889742201
49.29,0.00447919286556673,0.549914939998116,0.650085060001884,0.6,0.50085060001884
49.3,0.00448252067241176,0.549885972562885,0.650114027437115,0.6,0.501140274371155
49.31,0.00448583839358716,0.549857008785262,0.650142991214738,0.6,0.50142991214738
49.32,0.00448914602162807,0.549828048730417,0.650171951269583,0.6,0.50171951269583
49.33,0.00449244354909233,0.54979909246351,0.65020090753649,0.6,0.502009075364904
49.34,0.0044957309685605,0.549770140049691,0.650229859950309,0.6,0.502298599503087
49.35,0.00449900827263588,0.549741191554105,0.650258808445895,0.6,0.502588084458947
49.36,0.00450227545394455,0.549712247041885,0.650287752958115,0.6,0.502877529581147
49.37,0.00450553250513534,0.549683306578157,0.650316693421843,0.6,0.503166934218432
49.38,0.0045087794188799,0.549654370228036,0.650345629771964,0.6,0.503456297719643
49.39,0.00451201618787267,0.549625438056629,0.650374561943371,0.6,0.503745619433714
49.4,0.00451524280483092,0.549596510129033,0.650403489870967,0.6,0.504034898709669
49.41,0.00451845926249477,0.549567586510337,0.650432413489663,0.6,0.50432413489663
49.42,0.00452166555362718,0.549538667265618,0.650461332734382,0.6,0.504613327343816
49.43,0.004524861671014,0.549509752459946,0.650490247540054,0.6,0.504902475400544
49.44,0.00452804760746397,0.549480842158377,0.650519157841623,0.6,0.505191578416232
49.45,0.00453122335580874,0.54945193642596,0.65054806357404,0.6,0.505480635740396
49.46,0.00453438890890286,0.549423035327734,0.650576964672266,0.6,0.50576964672266
49.47,0.00453754425962385,0.549394138928725,0.650605861071275,0.6,0.506058610712748
49.48,0.00454068940087218,0.549365247293951,0.650634752706049,0.6,0.506347527060491
49.49,0.00454382432557126,0.549336360488417,0.650663639511583,0.6,0.506636395115827
49.5,0.00454694902666754,0.549307478577119,0.65069252142288,0.6,0.506925214228805
49.51,0.00455006349713041,0.549278601625042,0.650721398374958,0.6,0.50721398374958
49.52,0.00455316772995235,0.549249729697158,0.650750270302842,0.6,0.507502703028422
49.53,0.00455626171814881,0.549220862858429,0.650779137141571,0.6,0.507791371415711
49.54,0.00455934545475832,0.549192001173806,0.650807998826194,0.6,0.508079988261945
49.55,0.00456241893284249,0.549163144708226,0.650836855291773,0.6,0.508368552917735
49.56,0.00456548214548598,0.549134293526619,0.650865706473381,0.6,0.508657064733812
49.57,0.00456853508579657,0.549105447693898,0.650894552306102,0.6,0.508945523061023
49.58,0.00457157774690514,0.549076607274966,0.650923392725034,0.6,0.509233927250339
49.59,0.00457461012196572,0.549047772334715,0.650952227665285,0.6,0.509522276652848
49.6,0.00457763220415545,0.549018942938023,0.650981057061977,0.6,0.509810570619765
49.61,0.00458064398667465,0.548990119149757,0.651009880850243,0.6,0.510098808502432
49.62,0.00458364546274681,0.548961301034769,0.651038698965231,0.6,0.510386989652308
49.63,0.00458663662561861,0.548932488657901,0.651067511342099,0.6,0.510675113420989
49.64,0.00458961746855995,0.54890368208398,0.65109631791602,0.6,0.510963179160197
49.65,0.00459258798486391,0.548874881377822,0.651125118622178,0.6,0.511251186221783
49.66,0.00459554816784685,0.548846086604227,0.651153913395773,0.6,0.51153913395773
49.67,0.00459849801084835,0.548817297827984,0.651182702172016,0.6,0.511827021720159
49.68,0.00460143750723126,0.548788515113868,0.651211484886132,0.6,0.51211484886132
49.69,0.00460436665038172,0.54875973852664,0.65124026147336,0.6,0.512402614733604
49.7,0.00460728543370916,0.548730968131046,0.651269031868954,0.6,0.512690318689536
49.71,0.00461019385064632,0.548702203991822,0.651297796008178,0.6,0.512977960081783
49.72,0.00461309189464926,0.548673446173685,0.651326553826315,0.6,0.513265538263152
49.73,0.00461597955919739,0.548644694741341,0.651355305258659,0.6,0.513553052586594
49.74,0.00461885683779345,0.54861594975948,0.65138405024052,0.6,0.513840502405197
49.75,0.00462172372396358,0.548587211292779,0.651412788707221,0.6,0.514127887072205
49.76,0.00462458021125727,0.5485584794059,0.6514415205941,0.6,0.514415205940999
49.77,0.00462742629324745,0.548529754163489,0.651470245836511,0.6,0.514702458365113
49.78,0.00463026196353041,0.548501035630177,0.651498964369823,0.6,0.514989643698228
49.79,0.00463308721572591,0.548472323870582,0.651527676129418,0.6,0.515276761294178
49.8,0.00463590204347713,0.548443618949305,0.651556381050695,0.6,0.515563810506947
49.81,0.00463870644045071,0.548414920930932,0.651585079069068,0.6,0.515850790690677
49.82,0.00464150040033676,0.548386229880034,0.651613770119966,0.6,0.516137701199662
49.83,0.00464428391684886,0.548357545861165,0.651642454138835,0.6,0.516424541388352
49.84,0.00464705698372411,0.548328868938864,0.651671131061136,0.6,0.516711310611359
49.85,0.0046498195947231,0.548300199177655,0.651699800822345,0.6,0.516998008223448
49.86,0.00465257174362997,0.548271536642045,0.651728463357955,0.6,0.517284633579554
49.87,0.00465531342425238,0.548242881396523,0.651757118603477,0.6,0.51757118603477
49.88,0.00465804463042154,0.548214233505565,0.651785766494435,0.6,0.51785766494435
49.89,0.00466076535599226,0.548185593033628,0.651814406966372,0.6,0.518144069663719
49.9,0.00466347559484289,0.548156960045153,0.651843039954846,0.6,0.518430399548465
49.91,0.0046661753408754,0.548128334604565,0.651871665395435,0.6,0.518716653954346
49.92,0.00466886458801536,0.548099716776271,0.651900283223729,0.6,0.519002832237292
49.93,0.00467154333021196,0.54807110662466,0.65192889337534,0.6,0.519288933753399
49.94,0.00467421156143805,0.548042504214106,0.651957495785894,0.6,0.51957495785894
49.95,0.00467686927569009,0.548013909608964,0.651986090391036,0.6,0.519860903910362
49.96,0.00467951646698824,0.547985322873572,0.652014677126428,0.6,0.520146771264284
49.97,0.00468215312937631,0.547956744072249,0.652043255927751,0.6,0.520432559277507
49.98,0.00468477925692181,0.547928173269299,0.652071826730701,0.6,0.520718267307007
49.99,0.00468739484371596,0.547899610529006,0.652100389470994,0.6,0.52100389470994
50,0.00468999988387369,0.547871055915635,0.652128944084365,0.6,0.521289440843646
50.01,0.00469259437153366,0.547842509493435,0.652157490506565,0.6,0.521574905065646
50.02,0.00469517830085828,0.547813971326635,0.652186028673365,0.6,0.521860286733646
50.03,0.0046977516660337,0.547785441479446,0.652214558520554,0.6,0.522145585205537
50.04,0.00470031446126985,0.54775692001606,0.65224307998394,0.6,0.522430799839396
50.05,0.00470286668080045,0.547728407000651,0.652271592999349,0.6,0.522715929993492
50.06,0.004705408318883,0.547699902497372,0.652300097502628,0.6,0.523000975026283
50.07,0.00470793936979881,0.547671406570358,0.652328593429642,0.6,0.523285934296416
50.08,0.00471045982785303,0.547642919283727,0.652357080716273,0.6,0.523570807162733
50.09,0.00471296968737463,0.547614440701573,0.652385559298427,0.6,0.523855592984271
50.1,0.00471546894271641,0.547585970887974,0.652414029112026,0.6,0.524140291120262
50.11,0.00471795758825507,0.547557509906986,0.652442490093013,0.6,0.524424900930135
50.12,0.00472043561839114,0.547529057822648,0.652470942177352,0.6,0.524709421773518
50.13,0.00472290302754906,0.547500614698976,0.652499385301024,0.6,0.524993853010238
50.14,0.00472535981017717,0.547472180599967,0.652527819400033,0.6,0.525278194000328
50.15,0.00472780596074769,0.547443755589598,0.652556244410402,0.6,0.525562444104017
50.16,0.0047302414737568,0.547415339731825,0.652584660268175,0.6,0.525846602681745
50.17,0.00473266634372458,0.547386933090584,0.652613066909416,0.6,0.526130669094156
50.18,0.00473508056519509,0.54735853572979,0.65264146427021,0.6,0.526414642702098
50.19,0.00473748413273633,0.547330147713337,0.652669852286663,0.6,0.526698522866632
50.2,0.00473987704094026,0.547301769105097,0.652698230894903,0.6,0.526982308949028
50.21,0.00474225928442285,0.547273399968923,0.652726600031077,0.6,0.527266000310767
50.22,0.00474463085782406,0.547245040368646,0.652754959631354,0.6,0.527549596313542
50.23,0.00474699175580783,0.547216690368073,0.652783309631927,0.6,0.527833096319266
50.24,0.00474934197306216,0.547188350030994,0.652811649969006,0.6,0.52811649969006
50.25,0.00475168150429905,0.547160019421173,0.652839980578827,0.6,0.52839980578827
50.26,0.00475401034425456,0.547131698602354,0.652868301397646,0.6,0.528683013976455
50.27,0.0047563284876888,0.54710338763826,0.65289661236174,0.6,0.528966123617397
50.28,0.00475863592938595,0.54707508659259,0.65292491340741,0.6,0.5292491340741
50.29,0.00476093266415427,0.547046795529021,0.652953204470979,0.6,0.529532044709791
50.3,0.0047632186868261,0.547018514511208,0.652981485488792,0.6,0.52981485488792
50.31,0.0047654939922579,0.546990243602783,0.653009756397217,0.6,0.530097563972166
50.32,0.00476775857533022,0.546961982867357,0.653038017132643,0.6,0.530380171326431
50.33,0.00477001243094776,0.546933732368515,0.653066267631485,0.6,0.530662676314851
50.34,0.00477225555403935,0.546905492169821,0.653094507830179,0.6,0.530945078301789
50.35,0.00477448793955794,0.546877262334816,0.653122737665184,0.6,0.53122737665184
50.36,0.0047767095824807,0.546849042927017,0.653150957072983,0.6,0.531509570729835
50.37,0.0047789204778089,0.546820834009916,0.653179165990084,0.6,0.531791659900835
50.38,0.00478112062056805,0.546792635646986,0.653207364353014,0.6,0.53207364353014
50.39,0.00478331000580781,0.546764447901671,0.653235552098329,0.6,0.532355520983289
50.4,0.00478548862860208,0.546736270837395,0.653263729162605,0.6,0.532637291626054
50.41,0.00478765648404896,0.546708104517555,0.653291895482445,0.6,0.532918954824454
50.42,0.00478981356727077,0.546679949005525,0.653320050994475,0.6,0.533200509944748
50.43,0.00479195987341407,0.546651804364657,0.653348195635343,0.6,0.533481956353433
50.44,0.00479409539764968,0.546623670658274,0.653376329341726,0.6,0.533763293417259
50.45,0.00479622013517266,0.546595547949678,0.653404452050321,0.6,0.534044520503215
50.46,0.00479833408120237,0.546567436302146,0.653432563697854,0.6,0.534325636978541
50.47,0.00480043723098241,0.546539335778927,0.653460664221073,0.6,0.534606642210725
50.48,0.00480252957978072,0.546511246443249,0.653488753556751,0.6,0.534887535567506
50.49,0.00480461112288949,0.546483168358313,0.653516831641687,0.6,0.535168316416873
50.5,0.00480668185562526,0.546455101587293,0.653544898412707,0.6,0.535448984127069
50.51,0.00480874177332889,0.546427046193341,0.653572953806659,0.6,0.535729538066594
50.52,0.00481079087136555,0.54639900223958,0.65360099776042,0.6,0.536009977604199
50.53,0.00481282914512479,0.54637096978911,0.65362903021089,0.6,0.536290302108897
50.54,0.00481485659002047,0.546342948905004,0.653657051094996,0.6,0.536570510949957
50.55,0.00481687320149087,0.546314939650309,0.653685060349691,0.6,0.53685060349691
50.56,0.00481887897499859,0.546286942088045,0.653713057911955,0.6,0.537130579119548
50.57,0.00482087390603065,0.546258956281208,0.653741043718792,0.6,0.537410437187924
50.58,0.00482285799009845,0.546230982292764,0.653769017707236,0.6,0.53769017707236
50.59,0.00482483122273781,0.546203020185656,0.653796979814344,0.6,0.537969798143439
50.6,0.00482679359950896,0.546175070022798,0.653824929977202,0.6,0.538249299772016
50.61,0.00482874511599654,0.546147131867079,0.653852868132921,0.6,0.538528681329211
50.62,0.00483068576780965,0.546119205781358,0.653880794218642,0.6,0.538807942186417
50.63,0.00483261555058182,0.54609129182847,0.653908708171529,0.6,0.539087081715295
50.64,0.00483453445997104,0.546063390071222,0.653936609928778,0.6,0.539366099287784
50.65,0.00483644249165977,0.546035500572391,0.653964499427609,0.6,0.539644994276091
50.66,0.00483833964135492,0.546007623394729,0.653992376605271,0.6,0.539923766052706
50.67,0.00484022590478793,0.545979758600961,0.654020241399039,0.6,0.54020241399039
50.68,0.00484210127771469,0.545951906253781,0.654048093746219,0.6,0.540480937462187
50.69,0.00484396575591563,0.545924066415858,0.654075933584142,0.6,0.540759335841418
50.7,0.00484581933519565,0.545896239149831,0.654103760850169,0.6,0.541037608501688
50.71,0.00484766201138421,0.545868424518312,0.654131575481688,0.6,0.541315754816881
50.72,0.0048494937803353,0.545840622583883,0.654159377416117,0.6,0.541593774161172
50.73,0.00485131463792742,0.545812833409098,0.654187166590901,0.6,0.541871665909015
50.74,0.00485312458006365,0.545785057056485,0.654214942943515,0.6,0.542149429435154
50.75,0.00485492360267163,0.545757293588538,0.654242706411462,0.6,0.542427064114621
50.76,0.00485671170170355,0.545729543067726,0.654270456932274,0.6,0.542704569322739
50.77,0.00485848887313619,0.545701805556488,0.654298194443512,0.6,0.54298194443512
50.78,0.00486025511297092,0.545674081117233,0.654325918882767,0.6,0.543259188827673
50.79,0.00486201041723369,0.545646369812341,0.654353630187659,0.6,0.543536301876594
50.8,0.00486375478197507,0.545618671704162,0.654381328295838,0.6,0.543813282958382
50.81,0.00486548820327024,0.545590986855017,0.654409013144983,0.6,0.544090131449828
50.82,0.00486721067721901,0.545563315327198,0.654436684672802,0.6,0.544366846728024
50.83,0.00486892219994581,0.545535657182964,0.654464342817036,0.6,0.54464342817036
50.84,0.00487062276759972,0.545508012484547,0.654491987515453,0.6,0.544919875154529
50.85,0.00487231237635445,0.545480381294148,0.654519618705852,0.6,0.545196187058523
50.86,0.00487399102240839,0.545452763673936,0.654547236326064,0.6,0.545472363260644
50.87,0.00487565870198459,0.545425159686051,0.654574840313949,0.6,0.545748403139492
50.88,0.00487731541133076,0.545397569392602,0.654602430607398,0.6,0.54602430607398
50.89,0.00487896114671932,0.545369992855667,0.654630007144333,0.6,0.546300071443325
50.9,0.00488059590444735,0.545342430137294,0.654657569862706,0.6,0.546575698627056
50.91,0.00488221968083666,0.545314881299499,0.654685118700501,0.6,0.546851187005012
50.92,0.00488383247223375,0.545287346404266,0.654712653595734,0.6,0.547126535957343
50.93,0.00488543427500983,0.545259825513548,0.654740174486451,0.6,0.547401744864515
50.94,0.00488702508556086,0.545232318689269,0.654767681310731,0.6,0.547676813107307
50.95,0.00488860490030751,0.545204825993318,0.654795174006682,0.6,0.547951740066818
50.96,0.00489017371569519,0.545177347487554,0.654822652512446,0.6,0.54822652512446
50.97,0.00489173152819407,0.545149883233803,0.654850116766197,0.6,0.548501167661968
50.98,0.00489327833429908,0.54512243329386,0.65487756670614,0.6,0.548775667061395
50.99,0.0048948141305299,0.545094997729488,0.654905002270512,0.6,0.549050022705119
51,0.004896338913431,0.545067576602416,0.654932423397584,0.6,0.54932423397584
51.01,0.0048978526795716,0.545040169974342,0.654959830025658,0.6,0.549598300256582
51.02,0.00489935542554574,0.54501277790693,0.654987222093069,0.6,0.549872220930695
51.03,0.00490084714797225,0.544985400461814,0.655014599538186,0.6,0.55014599538186
51.04,0.00490232784349473,0.544958037700592,0.655041962299408,0.6,0.550419622994083
51.05,0.00490379750878164,0.54493068968483,0.65506931031517,0.6,0.550693103151703
51.06,0.00490525614052622,0.544903356476061,0.655096643523939,0.6,0.550966435239387
51.07,0.00490670373544655,0.544876038135786,0.655123961864214,0.6,0.551239618642142
51.08,0.00490814029028555,0.54484873472547,0.65515126527453,0.6,0.551512652745303
51.09,0.00490956580181096,0.544821446306546,0.655178553693454,0.6,0.551785536934544
51.1,0.0049109802668154,0.544794172940413,0.655205827059587,0.6,0.552058270595874
51.11,0.0049123836821163,0.544766914688435,0.655233085311565,0.6,0.552330853115646
51.12,0.00491377604455599,0.544739671611945,0.655260328388055,0.6,0.552603283880546
51.13,0.00491515735100166,0.544712443772239,0.655287556227761,0.6,0.552875562277606
51.14,0.00491652759834536,0.54468523123058,0.65531476876942,0.6,0.553147687694201
51.15,0.00491788678350403,0.544658034048195,0.655341965951805,0.6,0.553419659518047
51.16,0.00491923490341952,0.544630852286279,0.655369147713721,0.6,0.553691477137209
51.17,0.00492057195505855,0.54460368600599,0.65539631399401,0.6,0.553963139940098
51.18,0.00492189793541276,0.544576535268453,0.655423464731547,0.6,0.55423464731547
51.19,0.00492321284149869,0.544549400134756,0.655450599865244,0.6,0.554505998652436
51.2,0.0049245166703578,0.544522280665955,0.655477719334045,0.6,0.554777193340454
51.21,0.00492580941905649,0.544495176923066,0.655504823076934,0.6,0.555048230769337
51.22,0.00492709108468605,0.544468088967075,0.655531911032925,0.6,0.555319110329252
51.23,0.00492836166436276,0.544441016858928,0.655558983141072,0.6,0.555589831410718
51.24,0.0049296211552278,0.544413960659539,0.655586039340461,0.6,0.555860393404614
51.25,0.00493086955444732,0.544386920429783,0.655613079570217,0.6,0.556130795702174
51.26,0.00493210685921242,0.544359896230501,0.655640103769499,0.6,0.556401037694995
51.27,0.00493333306673917,0.544332888122497,0.655667111877503,0.6,0.556671118775032
51.28,0.00493454817426861,0.54430589616654,0.65569410383346,0.6,0.556941038334602
51.29,0.00493575217906673,0.544278920423361,0.655721079576639,0.6,0.557210795766386
51.3,0.00493694507842453,0.544251960953657,0.655748039046343,0.6,0.557480390463432
51.31,0.00493812686965799,0.544225017818085,0.655774982181915,0.6,0.55774982181915
51.32,0.00493929755010807,0.544198091077268,0.655801908922732,0.6,0.55801908922732
51.33,0.00494045711714075,0.544171180791791,0.655828819208209,0.6,0.558288192082089
51.34,0.004941605568147,0.544144287022202,0.655855712977798,0.6,0.558557129777979
51.35,0.00494274290054281,0.544117409829012,0.655882590170988,0.6,0.558825901709877
51.36,0.00494386911176917,0.544090549272695,0.655909450727305,0.6,0.55909450727305
51.37,0.00494498419929212,0.544063705413687,0.655936294586313,0.6,0.559362945863132
51.38,0.00494608816060271,0.544036878312386,0.655963121687614,0.6,0.559631216876137
51.39,0.00494718099321702,0.544010068029154,0.655989931970846,0.6,0.559899319708457
51.4,0.00494826269467619,0.543983274624314,0.656016725375686,0.6,0.560167253756859
51.41,0.00494933326254638,0.543956498158151,0.656043501841849,0.6,0.560435018418493
51.42,0.00495039269441882,0.543929738690911,0.656070261309089,0.6,0.560702613090888
51.43,0.00495144098790978,0.543902996282804,0.656097003717195,0.6,0.560970037171955
51.44,0.00495247814066061,0.543876270994001,0.656123729005999,0.6,0.56123729005999
51.45,0.00495350415033771,0.543849562884632,0.656150437115368,0.6,0.561504371153677
51.46,0.00495451901463257,0.543822872014792,0.656177127985208,0.6,0.561771279852081
51.47,0.00495552273126173,0.543796198444534,0.656203801555466,0.6,0.562038015554658
51.48,0.00495651529796683,0.543769542233875,0.656230457766125,0.6,0.562304577661253
51.49,0.00495749671251461,0.54374290344279,0.65625709655721,0.6,0.562570965572101
51.5,0.00495846697269688,0.543716282131217,0.656283717868783,0.6,0.562837178687831
51.51,0.00495942607633054,0.543689678359054,0.656310321640946,0.6,0.563103216409461
51.52,0.00496037402125763,0.543663092186159,0.656336907813841,0.6,0.563369078138407
51.53,0.00496131080534527,0.543636523672352,0.656363476327648,0.6,0.563634763276482
51.54,0.00496223642648568,0.543609972877411,0.656390027122589,0.6,0.563900271225892
51.55,0.00496315088259623,0.543583439861075,0.656416560138925,0.6,0.564165601389247
51.56,0.00496405417161939,0.543556924683045,0.656443075316955,0.6,0.564430753169551
51.57,0.00496494629152275,0.543530427402978,0.656469572597022,0.6,0.564695725970216
51.58,0.00496582724029905,0.543503948080495,0.656496051919505,0.6,0.56496051919505
51.59,0.00496669701596616,0.543477486775173,0.656522513224827,0.6,0.565225132248272
51.6,0.00496755561656708,0.54345104354655,0.65654895645345,0.6,0.565489564534499
51.61,0.00496840304016995,0.543424618454124,0.656575381545876,0.6,0.565753815458762
51.62,0.00496923928486809,0.543398211557351,0.656601788442649,0.6,0.566017884426493
51.63,0.00497006434877992,0.543371822915646,0.656628177084354,0.6,0.566281770843539
51.64,0.00497087823004907,0.543345452588384,0.656654547411616,0.6,0.566545474116156
51.65,0.0049716809268443,0.543319100634899,0.656680899365101,0.6,0.56680899365101
51.66,0.00497247243735954,0.543292767114482,0.656707232885518,0.6,0.567072328855184
51.67,0.00497325275981389,0.543266452086383,0.656733547913617,0.6,0.567335479136173
51.68,0.00497402189245163,0.543240155609811,0.656759844390189,0.6,0.56759844390189
51.69,0.00497477983354222,0.543213877743934,0.656786122256066,0.6,0.567861222560663
51.7,0.00497552658138027,0.543187618547876,0.656812381452124,0.6,0.56812381452124
51.71,0.00497626213428562,0.543161378080721,0.656838621919279,0.6,0.56838621919279
51.72,0.00497698649060326,0.54313515640151,0.65686484359849,0.6,0.568648435984903
51.73,0.0049776996487034,0.543108953569241,0.656891046430759,0.6,0.56891046430759
51.74,0.00497840160698144,0.543082769642871,0.656917230357129,0.6,0.569172303571289
51.75,0.00497909236385795,0.543056604681314,0.656943395318686,0.6,0.569433953186861
51.76,0.00497977191777875,0.543030458743441,0.656969541256559,0.6,0.569695412565594
51.77,0.00498044026721483,0.54300433188808,0.65699566811192,0.6,0.569956681119205
51.78,0.00498109741066241,0.542978224174016,0.657021775825984,0.6,0.57021775825984
51.79,0.00498174334664292,0.542952135659993,0.657047864340007,0.6,0.570478643400074
51.8,0.004982378073703,0.542926066404708,0.657073933595292,0.6,0.570739335952919
51.81,0.00498300159041452,0.542900016466819,0.657099983533181,0.6,0.570999835331814
51.82,0.00498361389537456,0.542873985904936,0.657126014095064,0.6,0.571260140950636
51.83,0.00498421498720544,0.54284797477763,0.65715202522237,0.6,0.571520252223697
51.84,0.0049848048645547,0.542821983143425,0.657178016856575,0.6,0.571780168565748
51.85,0.00498538352609512,0.542796011060802,0.657203988939198,0.6,0.572039889391976
51.86,0.00498595097052471,0.542770058588199,0.657229941411801,0.6,0.572299414118012
51.87,0.00498650719656672,0.542744125784008,0.657255874215992,0.6,0.572558742159922
51.88,0.00498705220296964,0.542718212706578,0.657281787293422,0.6,0.57281787293422
51.89,0.0049875859885072,0.542692319414214,0.657307680585786,0.6,0.573076805857862
51.9,0.0049881085519784,0.542666445965175,0.657333554034825,0.6,0.573335540348248
51.91,0.00498861989220746,0.542640592417677,0.657359407582322,0.6,0.573594075823225
51.92,0.00498912000804386,0.542614758829891,0.657385241170109,0.6,0.57385241170109
51.93,0.00498960889836236,0.542588945259941,0.657411054740059,0.6,0.574110547400587
51.94,0.00499008656206293,0.542563151765909,0.657436848234091,0.6,0.57436848234091
51.95,0.00499055299807085,0.542537378405829,0.657462621594171,0.6,0.574626215941706
51.96,0.00499100820533663,0.542511625237693,0.657488374762307,0.6,0.574883747623074
51.97,0.00499145218283605,0.542485892319443,0.657514107680557,0.6,0.575141076805569
51.98,0.00499188492957016,0.54246017970898,0.65753982029102,0.6,0.575398202910199
51.99,0.00499230644456529,0.542434487464157,0.657565512535843,0.6,0.575655125358431
52,0.00499271672687302,0.542408815642781,0.657591184357219,0.6,0.57591184357219
52.01,0.00499311577557023,0.542383164302614,0.657616835697386,0.6,0.57616835697386
52.02,0.00499350358975905,0.542357533501371,0.657642466498629,0.6,0.576424664986286
52.03,0.00499388016856689,0.542331923296723,0.657668076703277,0.6,0.576680767032773
52.04,0.00499424551114647,0.54230633374629,0.65769366625371,0.6,0.576936662537095
52.05,0.00499459961667575,0.542280764907651,0.657719235092349,0.6,0.577192350923486
52.06,0.004994942484358,0.542255216838335,0.657744783161665,0.6,0.577447831616645
52.07,0.00499527411342177,0.542229689595826,0.657770310404174,0.6,0.577703104041744
52.08,0.00499559450312089,0.542204183237558,0.657795816762442,0.6,0.577958167624417
52.09,0.00499590365273449,0.542178697820923,0.657821302179077,0.6,0.578213021790773
52.1,0.00499620156156697,0.542153233403261,0.657846766596739,0.6,0.57846766596739
52.11,0.00499648822894805,0.542127790041868,0.657872209958132,0.6,0.578722099581319
52.12,0.00499676365423272,0.542102367793992,0.657897632206008,0.6,0.578976322060083
52.13,0.00499702783680128,0.542076966716832,0.657923033283168,0.6,0.579230332831683
52.14,0.00499728077605931,0.542051586867541,0.657948413132459,0.6,0.579484131324594
52.15,0.00499752247143771,0.542026228303223,0.657973771696777,0.6,0.57973771696777
52.16,0.00499775292239265,0.542000891080936,0.657999108919064,0.6,0.579991089190643
52.17,0.00499797212840563,0.541975575257687,0.658024424742313,0.6,0.580244247423126
52.18,0.00499818008898342,0.541950280890439,0.658049719109561,0.6,0.580497191095614
52.19,0.00499837680365813,0.541925008036102,0.658074991963898,0.6,0.580749919638981
52.2,0.00499856227198713,0.541899756751541,0.658100243248459,0.6,0.581002432484591
52.21,0.00499873649355313,0.541874527093571,0.658125472906429,0.6,0.581254729064288
52.22,0.00499889946796413,0.541849319118959,0.658150680881041,0.6,0.581506808810406
52.23,0.00499905119485344,0.541824132884423,0.658175867115577,0.6,0.581758671155765
52.24,0.00499919167387966,0.541798968446632,0.658201031553368,0.6,0.582010315533676
52.25,0.00499932090472673,0.541773825862206,0.658226174137794,0.6,0.582261741377939
52.26,0.00499943888710387,0.541748705187716,0.658251294812284,0.6,0.582512948122843
52.27,0.00499954562074563,0.541723606479682,0.658276393520318,0.6,0.582763935203178
52.28,0.00499964110541185,0.541698529794578,0.658301470205422,0.6,0.583014702054219
52.29,0.00499972534088769,0.541673475188826,0.658326524811174,0.6,0.583265248111742
52.3,0.00499979832698362,0.541648442718798,0.658351557281202,0.6,0.583515572812019
52.31,0.00499986006353543,0.541623432440818,0.658376567559182,0.6,0.58376567559182
52.32,0.0049999105504042,0.541598444411159,0.658401555588841,0.6,0.584015555888412
52.33,0.00499994978747634,0.541573478686043,0.658426521313957,0.6,0.584265213139565
52.34,0.00499997777466357,0.541548535321645,0.658451464678355,0.6,0.584514646783552
52.35,0.00499999451190292,0.541523614374085,0.658476385625914,0.6,0.584763856259145
52.36,0.00499999999915672,0.541498715899437,0.658501284100563,0.6,0.585012841005625
52.37,0.00499999423641264,0.541473839953722,0.658526160046278,0.6,0.585261600462775
52.38,0.00499997722368363,0.541448986592911,0.658551013407089,0.6,0.585510134070887
52.39,0.00499994896100798,0.541424155872924,0.658575844127076,0.6,0.585758441270761
52.4,0.00499990944844928,0.54139934784963,0.65860065215037,0.6,0.586006521503704
52.41,0.00499985868609642,0.541374562578846,0.658625437421154,0.6,0.586254374211536
52.42,0.00499979667406364,0.541349800116341,0.658650199883659,0.6,0.58650199883659
52.43,0.00499972341249044,0.541325060517829,0.658674939482171,0.6,0.58674939482171
52.44,0.00499963890154168,0.541300343838975,0.658699656161025,0.6,0.586996561610255
52.45,0.0049995431414075,0.54127565013539,0.65872434986461,0.6,0.587243498646099
52.46,0.00499943613230335,0.541250979462636,0.658749020537364,0.6,0.587490205373636
52.47,0.00499931787447002,0.541226331876223,0.658773668123777,0.6,0.587736681237774
52.48,0.00499918836817358,0.541201707431606,0.658798292568394,0.6,0.587982925683943
52.49,0.00499904761370543,0.541177106184191,0.658822893815809,0.6,0.588228938158093
52.5,0.00499889561138225,0.54115252818933,0.65884747181067,0.6,0.588474718106696
52.51,0.00499873236154605,0.541127973502325,0.658872026497675,0.6,0.588720264976749
52.52,0.00499855786456415,0.541103442178423,0.658896557821577,0.6,0.588965578215768
52.53,0.00499837212082916,0.54107893427282,0.65892106572718,0.6,0.589210657271801
52.54,0.00499817513075901,0.541054449840658,0.658945550159342,0.6,0.58945550159342
52.55,0.00499796689479692,0.541029988937028,0.658970011062972,0.6,0.589700110629724
52.56,0.00499774741341143,0.541005551616966,0.658994448383034,0.6,0.589944483830345
52.57,0.00499751668709637,0.540981137935456,0.659018862064544,0.6,0.590188620645441
52.58,0.00499727471637087,0.540956747947429,0.659043252052571,0.6,0.590432520525705
52.59,0.00499702150177936,0.540932381707764,0.659067618292236,0.6,0.590676182922364
52.6,0.00499675704389159,0.540908039271282,0.659091960728718,0.6,0.590919607287176
52.61,0.00499648134330257,0.540883720692756,0.659116279307244,0.6,0.591162793072437
52.62,0.00499619440063264,0.540859426026902,0.659140573973098,0.6,0.591405739730979
52.63,0.00499589621652741,0.540835155328383,0.659164844671617,0.6,0.591648446716171
52.64,0.00499558679165781,0.540810908651808,0.659189091348192,0.6,0.591890913481924
52.65,0.00499526612672003,0.540786686051731,0.659213313948269,0.6,0.592133139482687
52.66,0.00499493422243558,0.540762487582655,0.659237512417345,0.6,0.592375124173452
52.67,0.00499459107955123,0.540738313299025,0.659261686700975,0.6,0.592616867009753
52.68,0.00499423669883906,0.540714163255233,0.659285836744767,0.6,0.59285836744767
52.69,0.00499387108109642,0.540690037505618,0.659309962494382,0.6,0.593099624943825
52.7,0.00499349422714596,0.540665936104461,0.659334063895539,0.6,0.593340638955391
52.71,0.00499310613783559,0.540641859105991,0.659358140894008,0.6,0.593581408940085
52.72,0.00499270681403852,0.540617806564383,0.659382193435617,0.6,0.593821934356175
52.73,0.00499229625665323,0.540593778533752,0.659406221466248,0.6,0.594062214662479
52.74,0.00499187446660346,0.540569775068163,0.659430224931837,0.6,0.594302249318367
52.75,0.00499144144483825,0.540545796221624,0.659454203778376,0.6,0.59454203778376
52.76,0.0049909971923319,0.540521842048087,0.659478157951913,0.6,0.594781579519135
52.77,0.00499054171008396,0.540497912601448,0.659502087398552,0.6,0.595020873985522
52.78,0.00499007499911929,0.540474007935549,0.659525992064451,0.6,0.595259920644511
52.79,0.00498959706048797,0.540450128104175,0.659549871895824,0.6,0.595498718958245
52.8,0.00498910789526537,0.540426273161057,0.659573726838943,0.6,0.595737268389428
52.81,0.00498860750455211,0.540402443159868,0.659597556840132,0.6,0.595975568401325
52.82,0.00498809588947407,0.540378638154224,0.659621361845776,0.6,0.596213618457759
52.83,0.00498757305118239,0.540354858197688,0.659645141802312,0.6,0.596451418023121
52.84,0.00498703899085344,0.540331103343764,0.659668896656236,0.6,0.596688966562358
52.85,0.00498649370968887,0.540307373645901,0.659692626354099,0.6,0.596926263540988
52.86,0.00498593720891555,0.540283669157491,0.659716330842509,0.6,0.597163308425094
52.87,0.00498536948978562,0.540259989931868,0.659740010068132,0.6,0.597400100681322
52.88,0.00498479055357644,0.540236336022311,0.659763663977689,0.6,0.597636639776893
52.89,0.00498420040159062,0.540212707482041,0.659787292517959,0.6,0.597872925179591
52.9,0.00498359903515599,0.540189104364222,0.659810895635778,0.6,0.598108956357777
52.91,0.00498298645562564,0.540165526721962,0.659834473278038,0.6,0.598344732780378
52.92,0.00498236266437786,0.54014197460831,0.65985802539169,0.6,0.598580253916899
52.93,0.0049817276628162,0.540118448076258,0.659881551923742,0.6,0.598815519237418
52.94,0.00498108145236939,0.540094947178741,0.659905052821259,0.6,0.599050528212586
52.95,0.00498042403449142,0.540071471968637,0.659928528031363,0.6,0.599285280313634
52.96,0.00497975541066147,0.540048022498763,0.659951977501237,0.6,0.59951977501237
52.97,0.00497907558238395,0.540024598821882,0.659975401178118,0.6,0.599754011781182
52.98,0.00497838455118846,0.540001200990696,0.659998799009304,0.6,0.599987990093036
52.99,0.00497768231862984,0.539977829057852,0.660022170942148,0.6,0.600221709421481
53,0.0049769688862881,0.539954483075935,0.660045516924065,0.6,0.600455169240649
53.01,0.00497624425576847,0.539931163097474,0.660068836902525,0.6,0.600688369025255
53.02,0.00497550842870136,0.53990786917494,0.66009213082506,0.6,0.6009213082506
53.03,0.00497476140674238,0.539884601360743,0.660115398639257,0.6,0.601153986392572
53.04,0.00497400319157234,0.539861359707236,0.660138640292764,0.6,0.601386402927643
53.05,0.00497323378489721,0.539838144266712,0.660161855733288,0.6,0.601618557332877
53.06,0.00497245318844817,0.539814955091407,0.660185044908593,0.6,0.601850449085927
53.07,0.00497166140398155,0.539791792233496,0.660208207766504,0.6,0.602082077665036
53.08,0.00497085843327887,0.539768655745096,0.660231344254904,0.6,0.60231344254904
53.09,0.00497004427814681,0.539745545678263,0.660254454321737,0.6,0.602544543217368
53.1,0.00496921894041722,0.539722462084996,0.660277537915004,0.6,0.602775379150045
53.11,0.00496838242194712,0.539699405017231,0.660300594982769,0.6,0.603005949827687
53.12,0.00496753472461866,0.539676374526849,0.660323625473151,0.6,0.603236254731514
53.13,0.00496667585033916,0.539653370665666,0.660346629334334,0.6,0.603466293343338
53.14,0.0049658058010411,0.539630393485443,0.660369606514557,0.6,0.603696065145571
53.15,0.00496492457868208,0.539607443037877,0.660392556962123,0.6,0.60392556962123
53.16,0.00496403218524485,0.539584519374607,0.660415480625393,0.6,0.604154806253926
53.17,0.0049631286227373,0.539561622547212,0.660438377452788,0.6,0.60438377452788
53.18,0.00496221389319244,0.539538752607209,0.660461247392791,0.6,0.604612473927911
53.19,0.00496128799866842,0.539515909606055,0.660484090393945,0.6,0.604840903939449
53.2,0.00496035094124849,0.539493093595148,0.660506906404852,0.6,0.605069064048521
53.21,0.00495940272304104,0.539470304625823,0.660529695374177,0.6,0.605296953741772
53.22,0.00495844334617955,0.539447542749355,0.660552457250645,0.6,0.605524572506447
53.23,0.00495747281282262,0.539424808016959,0.660575191983041,0.6,0.605751919830406
53.24,0.00495649112515396,0.539402100479788,0.660597899520212,0.6,0.605978995202118
53.25,0.00495549828538236,0.539379420188934,0.660620579811066,0.6,0.606205798110661
53.26,0.00495449429574171,0.539356767195427,0.660643232804573,0.6,0.60643232804573
53.27,0.00495347915849098,0.539334141550237,0.660665858449763,0.6,0.606658584497631
53.28,0.00495245287591423,0.539311543304271,0.660688456695729,0.6,0.606884566957291
53.29,0.0049514154503206,0.539288972508375,0.660711027491625,0.6,0.607110274916246
53.3,0.0049503668840443,0.539266429213334,0.660733570786666,0.6,0.607335707866655
53.31,0.0049493071794446,0.539243913469871,0.660756086530129,0.6,0.607560865301293
53.32,0.00494823633890583,0.539221425328644,0.660778574671356,0.6,0.607785746713556
53.33,0.00494715436483738,0.539198964840254,0.660801035159746,0.6,0.608010351597462
53.34,0.00494606125967371,0.539176532055235,0.660823467944765,0.6,0.608234679447648
53.35,0.00494495702587428,0.539154127024062,0.660845872975938,0.6,0.608458729759379
53.36,0.00494384166592363,0.539131749797146,0.660868250202854,0.6,0.60868250202854
53.37,0.00494271518233132,0.539109400424836,0.660890599575164,0.6,0.608905995751644
53.38,0.00494157757763194,0.539087078957417,0.660912921042583,0.6,0.609129210425831
53.39,0.00494042885438509,0.539064785445113,0.660935214554887,0.6,0.609352145548866
53.4,0.0049392690151754,0.539042519938085,0.660957480061915,0.6,0.609574800619147
53.41,0.00493809806261251,0.53902028248643,0.66097971751357,0.6,0.6097971751357
53.42,0.00493691599933107,0.538998073140182,0.661001926859818,0.6,0.610019268598182
53.43,0.0049357228279907,0.538975891949312,0.661024108050688,0.6,0.610241080506883
53.44,0.00493451855127606,0.538953738963727,0.661046261036273,0.6,0.610462610362725
53.45,0.00493330317189676,0.538931614233273,0.661068385766727,0.6,0.610683857667268
53.46,0.0049320766925874,0.538909517807729,0.661090482192271,0.6,0.610904821922705
53.47,0.00493083911610757,0.538887449736813,0.661112550263187,0.6,0.611125502631866
53.48,0.00492959044524181,0.538865410070178,0.661134589929822,0.6,0.61134589929822
53.49,0.00492833068279962,0.538843398857413,0.661156601142587,0.6,0.611566011425874
53.5,0.00492705983161547,0.538821416148042,0.661178583851958,0.6,0.611785838519576
53.51,0.00492577789454879,0.538799461991528,0.661200538008472,0.6,0.612005380084716
53.52,0.00492448487448392,0.538777536437268,0.661222463562732,0.6,0.612224635627324
53.53,0.00492318077433015,0.538755639534592,0.661244360465408,0.6,0.612443604654076
53.54,0.00492186559702173,0.538733771332771,0.661266228667229,0.6,0.612662286672292
53.55,0.00492053934551778,0.538711931881006,0.661288068118994,0.6,0.612880681189937
53.56,0.00491920202280239,0.538690121228438,0.661309878771562,0.6,0.613098787715624
53.57,0.00491785363188452,0.538668339424139,0.661331660575861,0.6,0.613316605758614
53.58,0.00491649417579805,0.538646586517118,0.661353413482881,0.6,0.613534134828815
53.59,0.00491512365760175,0.538624862556321,0.661375137443679,0.6,0.613751374436786
53.6,0.00491374208037931,0.538603167590626,0.661396832409374,0.6,0.613968324093741
53.61,0.00491234944723926,0.538581501668846,0.661418498331154,0.6,0.614184983311541
53.62,0.00491094576131502,0.53855986483973,0.66144013516027,0.6,0.614401351602704
53.63,0.00490953102576489,0.53853825715196,0.66146174284804,0.6,0.614617428480401
53.64,0.00490810524377202,0.538516678654154,0.661483321345846,0.6,0.614833213458458
53.65,0.00490666841854443,0.538495129394864,0.661504870605136,0.6,0.61504870605136
53.66,0.00490522055331497,0.538473609422575,0.661526390577425,0.6,0.615263905774249
53.67,0.00490376165134133,0.538452118785707,0.661547881214293,0.6,0.615478812142927
53.68,0.00490229171590604,0.538430657532615,0.661569342467385,0.6,0.615693424673851
53.69,0.00490081075031646,0.538409225711585,0.661590774288415,0.6,0.615907742884146
53.7,0.00489931875790476,0.53838782337084,0.661612176629159,0.6,0.616121766291595
53.71,0.00489781574202792,0.538366450558535,0.661633549441465,0.6,0.616335494414646
53.72,0.00489630170606772,0.538345107322759,0.661654892677241,0.6,0.61654892677241
53.73,0.00489477665343076,0.538323793711533,0.661676206288466,0.6,0.616762062884665
53.74,0.00489324058754839,0.538302509772814,0.661697490227185,0.6,0.616974902271855
53.75,0.00489169351187676,0.538281255554491,0.661718744445509,0.6,0.61718744445509
53.76,0.00489013542989679,0.538260031104385,0.661739968895615,0.6,0.617399688956152
53.77,0.00488856634511417,0.538238836470251,0.661761163529749,0.6,0.61761163529749
53.78,0.00488698626105934,0.538217671699778,0.661782328300222,0.6,0.617823283002225
53.79,0.00488539518128748,0.538196536840585,0.661803463159415,0.6,0.618034631594149
53.8,0.00488379310937852,0.538175431940227,0.661824568059773,0.6,0.61824568059773
53.81,0.00488218004893713,0.53815435704619,0.66184564295381,0.6,0.618456429538105
53.82,0.00488055600359268,0.538133312205891,0.661866687794109,0.6,0.618666877941091
53.83,0.00487892097699929,0.538112297466682,0.661887702533318,0.6,0.618877025333178
53.84,0.00487727497283576,0.538091312875847,0.661908687124153,0.6,0.619086871241534
53.85,0.00487561799480559,0.538070358480599,0.661929641519401,0.6,0.619296415194008
53.86,0.004873950046637,0.538049434328087,0.661950565671912,0.6,0.619505656719125
53.87,0.00487227113208285,0.538028540465391,0.661971459534609,0.6,0.619714595346091
53.88,0.00487058125492072,0.53800767693952,0.66199232306048,0.6,0.619923230604796
53.89,0.00486888041895281,0.537986843797419,0.662013156202581,0.6,0.620131562025809
53.9,0.00486716862800602,0.537966041085962,0.662033958914038,0.6,0.620339589140384
53.91,0.00486544588593187,0.537945268851954,0.662054731148046,0.6,0.620547311480462
53.92,0.00486371219660652,0.537924527142133,0.662075472857867,0.6,0.620754728578666
53.93,0.00486196756393079,0.537903816003169,0.662096183996831,0.6,0.620961839968309
53.94,0.00486021199183009,0.537883135481661,0.662116864518339,0.6,0.62116864518339
53.95,0.00485844548425445,0.53786248562414,0.66213751437586,0.6,0.621375143758597
53.96,0.00485666804517853,0.537841866477069,0.662158133522931,0.6,0.621581335229308
53.97,0.00485487967860156,0.537821278086841,0.662178721913159,0.6,0.621787219131593
53.98,0.00485308038854735,0.537800720499779,0.662199279500221,0.6,0.621992795002214
53.99,0.00485127017906432,0.537780193762138,0.662219806237862,0.6,0.622198062378624
54,0.00484944905422543,0.537759697920103,0.662240302079897,0.6,0.622403020798972
54.01,0.00484761701812822,0.53773923301979,0.66226076698021,0.6,0.622607669802101
54.02,0.00484577407489476,0.537718799107245,0.662281200892755,0.6,0.622812008927552
54.03,0.00484392022867168,0.537698396228444,0.662301603771556,0.6,0.623016037715561
54.04,0.00484205548363012,0.537678024429293,0.662321975570706,0.6,0.623219755707065
54.05,0.00484017984396577,0.53765768375563,0.66234231624437,0.6,0.623423162443696
54.06,0.00483829331389881,0.537637374253221,0.662362625746779,0.6,0.623626257467792
54.07,0.00483639589767394,0.537617095967761,0.662382904032239,0.6,0.623829040322387
54.08,0.00483448759956034,0.537596848944878,0.662403151055122,0.6,0.62403151055122
54.09,0.00483256842385168,0.537576633230127,0.662423366769873,0.6,0.624233667698733
54.1,0.00483063837486611,0.537556448868993,0.662443551131007,0.6,0.624435511310073
54.11,0.00482869745694622,0.537536295906891,0.662463704093109,0.6,0.624637040931092
54.12,0.0048267456744591,0.537516174389165,0.662483825610835,0.6,0.624838256108349
54.13,0.00482478303179625,0.537496084361089,0.662503915638911,0.6,0.625039156389109
54.14,0.00482280953337361,0.537476025867865,0.662523974132134,0.6,0.625239741321345
54.15,0.00482082518363155,0.537455998954625,0.662544001045374,0.6,0.625440010453745
54.16,0.00481882998703487,0.53743600366643,0.66256399633357,0.6,0.625639963335699
54.17,0.00481682394807274,0.537416040048268,0.662583959951732,0.6,0.625839599517316
54.18,0.00481480707125877,0.537396108145058,0.662603891854942,0.6,0.626038918549415
54.19,0.00481277936113092,0.537376208001647,0.662623791998353,0.6,0.626237919983527
54.2,0.00481074082225153,0.53735633966281,0.66264366033719,0.6,0.626436603371898
54.21,0.00480869145920733,0.537336503173251,0.662663496826749,0.6,0.626634968267493
54.22,0.00480663127660937,0.537316698577601,0.662683301422399,0.6,0.626833014223989
54.23,0.00480456027909306,0.537296925920422,0.662703074079578,0.6,0.627030740795782
54.24,0.00480247847131816,0.537277185246201,0.662722814753799,0.6,0.62722814753799
54.25,0.00480038585796872,0.537257476599355,0.662742523400645,0.6,0.627425234006447
54.26,0.00479828244375312,0.537237800024229,0.662762199975771,0.6,0.627621999757707
54.27,0.00479616823340405,0.537218155565095,0.662781844434905,0.6,0.627818444349048
54.28,0.00479404323167848,0.537198543266153,0.662801456733847,0.6,0.628014567338471
54.29,0.00479190744335766,0.53717896317153,0.66282103682847,0.6,0.628210368284697
54.3,0.00478976087324712,0.537159415325282,0.662840584674718,0.6,0.628405846747176
54.31,0.00478760352617663,0.537139899771392,0.662860100228608,0.6,0.628601002286081
54.32,0.00478543540700022,0.537120416553769,0.662879583446231,0.6,0.628795834462311
54.33,0.00478325652059617,0.53710096571625,0.66289903428375,0.6,0.628990342837495
54.34,0.00478106687186697,0.537081547302601,0.662918452697399,0.6,0.629184526973989
54.35,0.00477886646573932,0.537062161356512,0.662937838643488,0.6,0.629378386434879
54.36,0.00477665530716414,0.537042807921602,0.662957192078398,0.6,0.62957192078398
54.37,0.00477443340111653,0.537023487041416,0.662976512958584,0.6,0.629765129585841
54.38,0.00477220075259579,0.537004198759426,0.662995801240574,0.6,0.629958012405742
54.39,0.00476995736662536,0.53698494311903,0.66301505688097,0.6,0.630150568809696
54.4,0.00476770324825287,0.536965720163555,0.663034279836445,0.6,0.630342798364454
54.41,0.00476543840255009,0.53694652993625,0.66305347006375,0.6,0.630534700637496
54.42,0.00476316283461291,0.536927372480296,0.663072627519704,0.6,0.630726275197043
54.43,0.00476087654956136,0.536908247838795,0.663091752161205,0.6,0.630917521612053
54.44,0.00475857955253958,0.536889156054778,0.663110843945222,0.6,0.631108439452223
54.45,0.00475627184871582,0.536870097171202,0.663129902828798,0.6,0.631299028287984
54.46,0.0047539534432824,0.536851071230949,0.663148928769051,0.6,0.631489287690514
54.47,0.00475162434145575,0.536832078276827,0.663167921723173,0.6,0.63167921723173
54.48,0.00474928454847632,0.536813118351571,0.663186881648429,0.6,0.631868816484289
54.49,0.00474693406960867,0.536794191497841,0.663205808502159,0.6,0.632058085021594
54.5,0.00474457291014137,0.536775297758221,0.663224702241779,0.6,0.632247022417789
54.51,0.00474220107538702,0.536756437175223,0.663243562824777,0.6,0.632435628247766
54.52,0.00473981857068225,0.536737609791284,0.663262390208716,0.6,0.632623902087164
54.53,0.00473742540138769,0.536718815648764,0.663281184351236,0.6,0.632811843512363
54.54,0.00473502157288798,0.53670005478995,0.66329994521005,0.6,0.632999452100498
54.55,0.00473260709059173,0.536681327257055,0.663318672742945,0.6,0.633186727429449
54.56,0.00473018195993152,0.536662633092216,0.663337366907784,0.6,0.633373669077845
54.57,0.0047277461863639,0.536643972337493,0.663356027662507,0.6,0.633560276625069
54.58,0.00472529977536935,0.536625345034875,0.663374654965125,0.6,0.633746549651254
54.59,0.0047228427324523,0.536606751226271,0.663393248773729,0.6,0.633932487737286
54.6,0.0047203750631411,0.53658819095352,0.66341180904648,0.6,0.634118090464804
54.61,0.00471789677298799,0.53656966425838,0.66343033574162,0.6,0.6343033574162
54.62,0.00471540786756914,0.536551171182537,0.663448828817463,0.6,0.634488288174627
54.63,0.00471290835248457,0.536532711767601,0.663467288232399,0.6,0.634672882323989
54.64,0.0047103982333582,0.536514286055105,0.663485713944895,0.6,0.634857139448949
54.65,0.00470787751583779,0.536495894086507,0.663504105913493,0.6,0.635041059134929
54.66,0.00470534620559496,0.536477535903189,0.663522464096811,0.6,0.635224640968109
54.67,0.00470280430832515,0.536459211546457,0.663540788453543,0.6,0.635407884535432
54.68,0.00470025182974763,0.53644092105754,0.66355907894246,0.6,0.635590789424598
54.69,0.00469768877560547,0.536422664477593,0.663577335522407,0.6,0.635773355224072
54.7,0.00469511515166555,0.536404441847692,0.663595558152308,0.6,0.63595558152308
54.71,0.00469253096371853,0.536386253208839,0.663613746791161,0.6,0.636137467911614
54.72,0.00468993621757881,0.536368098601957,0.663631901398043,0.6,0.63631901398043
54.73,0.00468733091908458,0.536349978067895,0.663650021932105,0.6,0.636500219321049
54.74,0.00468471507409776,0.536331891647424,0.663668108352576,0.6,0.636681083525759
54.75,0.004682088688504,0.536313839381239,0.663686160618761,0.6,0.636861606187614
54.76,0.00467945176821267,0.536295821309956,0.663704178690044,0.6,0.637041786900441
54.77,0.00467680431915683,0.536277837474117,0.663722162525883,0.6,0.637221625258831
54.78,0.00467414634729325,0.536259887914185,0.663740112085815,0.6,0.63740112085815
54.79,0.00467147785860236,0.536241972670547,0.663758027329453,0.6,0.637580273294531
54.8,0.00466879885908826,0.536224091783512,0.663775908216488,0.6,0.637759082164883
54.81,0.00466610935477869,0.536206245293312,0.663793754706688,0.6,0.637937547066884
54.82,0.00466340935172504,0.536188433240101,0.663811566759899,0.6,0.63811566759899
54.83,0.00466069885600232,0.536170655663957,0.663829344336043,0.6,0.638293443360427
54.84,0.00465797787370914,0.53615291260488,0.66384708739512,0.6,0.638470873951202
54.85,0.00465524641096771,0.53613520410279,0.66386479589721,0.6,0.638647958972098
54.86,0.00465250447392382,0.536117530197533,0.663882469802467,0.6,0.63882469802467
54.87,0.00464975206874682,0.536099890928874,0.663900109071126,0.6,0.639001090711256
54.88,0.00464698920162964,0.536082286336502,0.663917713663498,0.6,0.639177136634976
54.89,0.00464421587878871,0.536064716460028,0.663935283539972,0.6,0.639352835399722
54.9,0.00464143210646401,0.536047181338982,0.663952818661018,0.6,0.639528186610175
54.91,0.00463863789091903,0.536029681012821,0.663970318987179,0.6,0.639703189871793
54.92,0.00463583323844075,0.536012215520918,0.663987784479082,0.6,0.639877844790819
54.93,0.00463301815533964,0.535994784902572,0.664005215097428,0.6,0.640052150974282
54.94,0.00463019264794964,0.535977389197001,0.664022610802999,0.6,0.640226108029989
54.95,0.00462735672262813,0.535960028443346,0.664039971556654,0.6,0.64039971556654
54.96,0.00462451038575595,0.535942702680668,0.664057297319332,0.6,0.640572973193316
54.97,0.00462165364373735,0.535925411947951,0.664074588052049,0.6,0.64074588052049
54.98,0.004618786503,0.535908156284098,0.664091843715902,0.6,0.640918437159018
54.99,0.00461590896999497,0.535890935727935,0.664109064272065,0.6,0.64109064272065
55,0.0046130210511967,0.535873750318208,0.664126249681792,0.6,0.641262496817919
55.01,0.00461012275310302,0.535856600093584,0.664143399906416,0.6,0.641433999064159
55.02,0.00460721408223508,0.535839485092651,0.664160514907349,0.6,0.641605149073488
55.03,0.0046042950451374,0.535822405353918,0.664177594646082,0.6,0.641775946460816
55.04,0.00460136564837782,0.535805360915815,0.664194639084185,0.6,0.641946390841853
55.05,0.00459842589854747,0.53578835181669,0.66421164818331,0.6,0.642116481833097
55.06,0.00459547580226078,0.535771378094816,0.664228621905184,0.6,0.642286219051842
55.07,0.00459251536615548,0.535754439788382,0.664245560211618,0.6,0.642455602116183
55.08,0.00458954459689255,0.535737536935499,0.664262463064501,0.6,0.642624630645006
55.09,0.0045865635011562,0.535720669574201,0.664279330425799,0.6,0.642793304257995
55.1,0.00458357208565391,0.535703837742436,0.664296162257564,0.6,0.642961622575638
55.11,0.00458057035711637,0.535687041478078,0.664312958521922,0.6,0.643129585219216
55.12,0.00457755832229745,0.535670280818918,0.664329719181082,0.6,0.643297191810815
55.13,0.00457453598797424,0.535653555802668,0.664346444197332,0.6,0.643464441973322
55.14,0.00457150336094699,0.535636866466958,0.664363133533042,0.6,0.643631335330419
55.15,0.0045684604480391,0.53562021284934,0.66437978715066,0.6,0.643797871506601
55.16,0.00456540725609713,0.535603594987284,0.664396405012716,0.6,0.643964050127157
55.17,0.00456234379199076,0.535587012918181,0.664412987081819,0.6,0.64412987081819
55.18,0.00455927006261279,0.53557046667934,0.66442953332066,0.6,0.6442953332066
55.19,0.00455618607487909,0.53555395630799,0.66444604369201,0.6,0.644460436920099
55.2,0.00455309183572865,0.53553748184128,0.66446251815872,0.6,0.644625181587202
55.21,0.0045499873521235,0.535521043316277,0.664478956683723,0.6,0.644789566837234
55.22,0.00454687263104873,0.535504640769967,0.664495359230033,0.6,0.644953592300328
55.23,0.00454374767951246,0.535488274239257,0.664511725760743,0.6,0.645117257607428
55.24,0.00454061250454582,0.535471943760971,0.664528056239029,0.6,0.645280562390287
55.25,0.00453746711320297,0.535455649371853,0.664544350628147,0.6,0.645443506281468
55.26,0.00453431151256102,0.535439391108565,0.664560608891435,0.6,0.645606088914348
55.27,0.00453114570972008,0.535423169007688,0.664576830992312,0.6,0.645768309923116
55.28,0.00452796971180321,0.535406983105722,0.664593016894278,0.6,0.645930168942775
55.29,0.0045247835259564,0.535390833439086,0.664609166560914,0.6,0.646091665609143
55.3,0.00452158715934856,0.535374720044115,0.664625279955885,0.6,0.646252799558851
55.31,0.00451838061917152,0.535358642957065,0.664641357042935,0.6,0.646413570429348
55.32,0.00451516391264,0.53534260221411,0.66465739778589,0.6,0.646573977858902
55.33,0.00451193704699158,0.535326597851341,0.664673402148659,0.6,0.646734021486592
55.34,0.0045087000294867,0.535310629904768,0.664689370095232,0.6,0.646893700952325
55.35,0.00450545286740866,0.535294698410318,0.664705301589682,0.6,0.647053015896818
55.36,0.00450219556806357,0.535278803403839,0.664721196596161,0.6,0.647211965961614
55.37,0.00449892813878035,0.535262944921092,0.664737055078908,0.6,0.647370550789076
55.38,0.00449565058691072,0.535247122997761,0.664752877002239,0.6,0.647528770022388
55.39,0.00449236291982916,0.535231337669445,0.664768662330555,0.6,0.647686623305554
55.4,0.00448906514493293,0.535215588971659,0.664784411028341,0.6,0.64784411028341
55.41,0.00448575726964201,0.53519987693984,0.66480012306016,0.6,0.648001230601605
55.42,0.00448243930139913,0.535184201609338,0.664815798390662,0.6,0.648157983906621
55.43,0.00447911124766972,0.535168563015424,0.664831436984576,0.6,0.648314369845763
55.44,0.00447577311594188,0.535152961193284,0.664847038806716,0.6,0.648470388067161
55.45,0.00447242491372642,0.535137396178022,0.664862603821977,0.6,0.648626038219775
55.46,0.0044690666485568,0.535121868004661,0.664878131995339,0.6,0.648781319953394
55.47,0.0044656983279891,0.535106376708137,0.664893623291863,0.6,0.648936232918632
55.48,0.00446231995960204,0.535090922323306,0.664909077676693,0.6,0.649090776766935
55.49,0.00445893155099697,0.535075504884942,0.664924495115058,0.6,0.649244951150582
55.5,0.00445553310979778,0.535060124427732,0.664939875572268,0.6,0.649398755722677
55.51,0.00445212464365097,0.535044780986284,0.664955219013716,0.6,0.649552190137161
55.52,0.0044487061602256,0.535029474595119,0.664970525404881,0.6,0.649705254048808
55.53,0.00444527766721324,0.535014205288678,0.664985794711322,0.6,0.649857947113224
55.54,0.004441839172328,0.534998973101315,0.665001026898685,0.6,0.650010268986848
55.55,0.0044383906833065,0.534983778067304,0.665016221932696,0.6,0.650162219326956
55.56,0.00443493220790784,0.534968620220834,0.665031379779166,0.6,0.650313797791662
55.57,0.00443146375391357,0.534953499596009,0.665046500403991,0.6,0.650465004039913
55.58,0.00442798532912774,0.53493841622685,0.66506158377315,0.6,0.650615837731495
55.59,0.00442449694137678,0.534923370147297,0.665076629852703,0.6,0.650766298527032
55.6,0.00442099859850957,0.534908361391201,0.665091638608799,0.6,0.650916386087989
55.61,0.00441749030839737,0.534893389992333,0.665106610007667,0.6,0.651066100076666
55.62,0.00441397207893385,0.534878455984379,0.665121544015621,0.6,0.65121544015621
55.63,0.00441044391803501,0.53486355940094,0.66513644059906,0.6,0.651364405990603
55.64,0.00440690583363921,0.534848700275533,0.665151299724467,0.6,0.651512997244673
55.65,0.00440335783370715,0.534833878641591,0.665166121358409,0.6,0.65166121358409
55.66,0.00439979992622183,0.534819094532463,0.665180905467537,0.6,0.651809054675369
55.67,0.00439623211918852,0.534804347981414,0.665195652018586,0.6,0.651956520185863
55.68,0.0043926544206348,0.534789639021622,0.665210360978378,0.6,0.65210360978378
55.69,0.00438906683861049,0.534774967686183,0.665225032313817,0.6,0.652250323138166
55.7,0.00438546938118763,0.534760334008109,0.665239665991891,0.6,0.652396659918913
55.71,0.00438186205646053,0.534745738020323,0.665254261979677,0.6,0.652542619796769
55.72,0.00437824487254565,0.534731179755668,0.665268820244332,0.6,0.652688202443321
55.73,0.00437461783758164,0.534716659246899,0.665283340753101,0.6,0.652833407531007
55.74,0.00437098095972936,0.534702176526688,0.665297823473312,0.6,0.65297823473312
55.75,0.00436733424717175,0.534687731627621,0.665312268372379,0.6,0.653122683723795
55.76,0.00436367770811393,0.534673324582198,0.665326675417802,0.6,0.653266754178022
55.77,0.00436001135078311,0.534658955422835,0.665341044577164,0.6,0.653410445771645
55.78,0.00435633518342859,0.534644624181864,0.665355375818136,0.6,0.653553758181357
55.79,0.00435264921432174,0.53463033089153,0.66536966910847,0.6,0.653696691084703
55.8,0.004348953451756,0.534616075583991,0.665383924416009,0.6,0.653839244160087
55.81,0.00434524790404683,0.534601858291324,0.665398141708676,0.6,0.653981417086762
55.82,0.0043415325795317,0.534587679045516,0.665412320954484,0.6,0.654123209544841
55.83,0.0043378074865701,0.534573537878471,0.665426462121529,0.6,0.65426462121529
55.84,0.00433407263354349,0.534559434822007,0.665440565177993,0.6,0.654405651779933
55.85,0.00433032802885528,0.534545369907855,0.665454630092145,0.6,0.654546300921452
55.86,0.00432657368093084,0.534531343167661,0.665468656832339,0.6,0.654686568323387
55.87,0.00432280959821743,0.534517354632987,0.665482645367013,0.6,0.654826453670133
55.88,0.00431903578918426,0.534503404335305,0.665496595664695,0.6,0.654965956646952
55.89,0.00431525226232238,0.534489492306004,0.665510507693996,0.6,0.65510507693996
55.9,0.00431145902614473,0.534475618576386,0.665524381423614,0.6,0.655243814236138
55.91,0.00430765608918609,0.534461783177667,0.665538216822332,0.6,0.655382168223325
55.92,0.00430384346000306,0.534447986140977,0.665552013859023,0.6,0.655520138590227
55.93,0.00430002114717407,0.534434227497359,0.665565772502641,0.6,0.655657725026408
55.94,0.00429618915929931,0.53442050727777,0.66557949272223,0.6,0.655794927222302
55.95,0.00429234750500076,0.53440682551308,0.66559317448692,0.6,0.655931744869201
55.96,0.00428849619292213,0.534393182234073,0.665606817765927,0.6,0.656068177659267
55.97,0.00428463523172887,0.534379577471447,0.665620422528553,0.6,0.656204225285526
55.98,0.00428076463010815,0.534366011255813,0.665633988744187,0.6,0.65633988744187
55.99,0.00427688439676883,0.534352483617694,0.665647516382306,0.6,0.656475163823061
56,0.0042729945404414,0.534338994587527,0.665661005412473,0.6,0.656610054124726
56.01,0.00426909506987807,0.534325544195664,0.665674455804336,0.6,0.656744558043362
56.02,0.00426518599385264,0.534312132472366,0.665687867527634,0.6,0.656878675276336
56.03,0.0042612673211605,0.534298759447812,0.665701240552188,0.6,0.657012405521882
56.04,0.00425733906061871,0.534285425152089,0.665714574847911,0.6,0.65714574847911
56.05,0.00425340122106582,0.5342721296152,0.6657278703848,0.6,0.657278703847995
56.06,0.00424945381136197,0.534258872867061,0.665741127132939,0.6,0.657411271329391
56.07,0.00424549684038885,0.534245654937498,0.665754345062502,0.6,0.657543450625021
56.08,0.00424153031704962,0.534232475856252,0.665767524143748,0.6,0.657675241437479
56.09,0.00423755425026897,0.534219335652976,0.665780664347024,0.6,0.657806643470236
56.1,0.00423356864899304,0.534206234357236,0.665793765642764,0.6,0.657937656427641
56.11,0.00422957352218944,0.534193171998509,0.665806828001491,0.6,0.65806828001491
56.12,0.0042255688788472,0.534180148606186,0.665819851393814,0.6,0.658198513938143
56.13,0.00422155472797677,0.534167164209569,0.665832835790431,0.6,0.658328357904314
56.14,0.00421753107860998,0.534154218837873,0.665845781162127,0.6,0.658457811621272
56.15,0.00421349793980003,0.534141312520225,0.665858687479775,0.6,0.65858687479775
56.16,0.00420945532062151,0.534128445285665,0.665871554714335,0.6,0.658715547143351
56.17,0.00420540323017029,0.534115617163143,0.665884382836857,0.6,0.658843828368566
56.18,0.00420134167756357,0.534102828181524,0.665897171818476,0.6,0.658971718184761
56.19,0.00419727067193985,0.534090078369582,0.665909921630418,0.6,0.659099216304183
56.2,0.00419319022245889,0.534077367756004,0.665922632243996,0.6,0.659226322439962
56.21,0.0041891003383017,0.534064696369389,0.665935303630611,0.6,0.659353036306111
56.22,0.00418500102867052,0.534052064238248,0.665947935761752,0.6,0.659479357617521
56.23,0.00418089230278878,0.534039471391003,0.665960528608997,0.6,0.65960528608997
56.24,0.00417677416990114,0.534026917855988,0.665973082144012,0.6,0.659730821440122
56.25,0.00417264663927336,0.534014403661448,0.665985596338552,0.6,0.659855963385517
56.26,0.00416850972019241,0.534001928835541,0.665998071164459,0.6,0.65998071164459
56.27,0.00416436342196635,0.533989493406334,0.666010506593666,0.6,0.660105065936657
56.28,0.00416020775392434,0.533977097401808,0.666022902598192,0.6,0.660229025981918
56.29,0.00415604272541665,0.533964740849853,0.666035259150147,0.6,0.660352591501466
56.3,0.00415186834581458,0.533952423778272,0.666047576221728,0.6,0.660475762217277
56.31,0.00414768462451047,0.533940146214778,0.666059853785222,0.6,0.660598537852217
56.32,0.00414349157091772,0.533927908186996,0.666072091813004,0.6,0.660720918130043
56.33,0.00413928919447068,0.53391570972246,0.66608429027754,0.6,0.660842902775397
56.34,0.00413507750462469,0.533903550848619,0.666096449151381,0.6,0.660964491513815
56.35,0.00413085651085607,0.533891431592828,0.666108568407172,0.6,0.661085684071722
56.36,0.00412662622266204,0.533879351982357,0.666120648017643,0.6,0.661206480176433
56.37,0.00412238664956074,0.533867312044384,0.666132687955616,0.6,0.661326879556158
56.38,0.00411813780109123,0.533855311806,0.666144688194,0.6,0.661446881940001
56.39,0.0041138796868134,0.533843351294205,0.666156648705795,0.6,0.661566487057953
56.4,0.00410961231630802,0.533831430535909,0.666168569464091,0.6,0.661685694640906
56.41,0.00410533569917665,0.533819549557936,0.666180450442064,0.6,0.661804504420639
56.42,0.00410104984504169,0.533807708387017,0.666192291612983,0.6,0.661922916129832
56.43,0.00409675476354631,0.533795907049794,0.666204092950206,0.6,0.66204092950206
56.44,0.00409245046435444,0.533784145572821,0.666215854427179,0.6,0.662158544271791
56.45,0.00408813695715076,0.533772423982561,0.666227576017439,0.6,0.662275760174393
56.46,0.00408381425164064,0.533760742305387,0.666239257694613,0.6,0.66239257694613
56.47,0.00407948235755018,0.533749100567584,0.666250899432416,0.6,0.662508994324165
56.48,0.00407514128462614,0.533737498795344,0.666262501204656,0.6,0.662625012046557
56.49,0.00407079104263592,0.533725937014773,0.666274062985227,0.6,0.662740629852266
56.5,0.00406643164136758,0.533714415251884,0.666285584748116,0.6,0.662855847481155
56.51,0.00406206309062976,0.533702933532602,0.666297066467398,0.6,0.662970664673983
56.52,0.0040576854002517,0.533691491882759,0.666308508117241,0.6,0.663085081172411
56.53,0.0040532985800832,0.5336800903281,0.6663199096719,0.6,0.663199096719
56.54,0.00404890263999461,0.533668728894278,0.666331271105722,0.6,0.663312711057219
56.55,0.00404449758987678,0.533657407606857,0.666342592393143,0.6,0.663425923931433
56.56,0.00404008343964108,0.533646126491309,0.666353873508691,0.6,0.663538735086914
56.57,0.00403566019921935,0.533634885573016,0.666365114426984,0.6,0.663651144269837
56.58,0.00403122787856387,0.533623684877272,0.666376315122728,0.6,0.663763151227281
56.59,0.00402678648764737,0.533612524429277,0.666387475570723,0.6,0.663874755707231
56.6,0.00402233603646297,0.533601404254142,0.666398595745858,0.6,0.663985957458576
56.61,0.00401787653502418,0.533590324376889,0.666409675623111,0.6,0.664096756231113
56.62,0.00401340799336489,0.533579284822446,0.666420715177554,0.6,0.664207151775544
56.63,0.0040089304215393,0.533568285615652,0.666431714384348,0.6,0.664317143843481
56.64,0.00400444382962195,0.533557326781256,0.666442673218744,0.6,0.664426732187439
56.65,0.00399994822770768,0.533546408343915,0.666453591656085,0.6,0.664535916560847
56.66,0.00399544362591159,0.533535530328196,0.666464469671804,0.6,0.664644696718037
56.67,0.00399093003436901,0.533524692758574,0.666475307241426,0.6,0.664753072414257
56.68,0.00398640746323555,0.533513895659434,0.666486104340566,0.6,0.664861043405661
56.69,0.00398187592268698,0.533503139055069,0.666496860944931,0.6,0.664968609449312
56.7,0.00397733542291925,0.533492422969681,0.666507577030319,0.6,0.665075770303188
56.71,0.00397278597414852,0.533481747427382,0.666518252572618,0.6,0.66518252572618
56.72,0.00396822758661101,0.533471112452192,0.666528887547808,0.6,0.665288875478083
56.73,0.00396366027056309,0.533460518068039,0.666539481931961,0.6,0.665394819319612
56.74,0.00395908403628126,0.53344996429876,0.66655003570124,0.6,0.665500357012397
56.75,0.003954498894062,0.533439451168103,0.666560548831897,0.6,0.665605488318974
56.76,0.00394990485422191,0.53342897869972,0.66657102130028,0.6,0.665710213002799
56.77,0.00394530192709755,0.533418546917176,0.666581453082824,0.6,0.665814530828241
56.78,0.00394069012304553,0.533408155843941,0.666591844156059,0.6,0.665918441560586
56.79,0.00393606945244239,0.533397805503397,0.666602194496603,0.6,0.666021944966034
56.8,0.00393143992568465,0.53338749591883,0.66661250408117,0.6,0.666125040811703
56.81,0.00392680155318873,0.533377227113437,0.666622772886563,0.6,0.666227728865626
56.82,0.00392215434539097,0.533366999110324,0.666633000889676,0.6,0.666330008896756
56.83,0.00391749831274759,0.533356811932504,0.666643188067496,0.6,0.666431880674964
56.84,0.00391283346573465,0.533346665602896,0.666653334397104,0.6,0.666533343971037
56.85,0.00390815981484808,0.533336560144332,0.666663439855668,0.6,0.666634398556684
56.86,0.00390347737060356,0.533326495579547,0.666673504420453,0.6,0.666735044204528
56.87,0.00389878614353661,0.533316471931188,0.666683528068812,0.6,0.666835280688124
56.88,0.00389408614420249,0.533306489221807,0.666693510778193,0.6,0.666935107781934
56.89,0.00388937738317617,0.533296547473865,0.666703452526135,0.6,0.667034525261347
56.9,0.00388465987105239,0.533286646709732,0.666713353290268,0.6,0.667133532902677
56.91,0.00387993361844554,0.533276786951684,0.666723213048316,0.6,0.667232130483156
56.92,0.00387519863598968,0.533266968221906,0.666733031778094,0.6,0.667330317780938
56.93,0.00387045493433853,0.53325719054249,0.66674280945751,0.6,0.667428094575102
56.94,0.00386570252416541,0.533247453935435,0.666752546064565,0.6,0.667525460645652
56.95,0.00386094141616323,0.533237758422649,0.666762241577351,0.6,0.66762241577351
56.96,0.0038561716210445,0.533228104025947,0.666771895974053,0.6,0.667718959740532
56.97,0.00385139314954126,0.533218490767051,0.666781509232949,0.6,0.667815092329493
56.98,0.00384660601240504,0.533208918667591,0.666791081332409,0.6,0.667910813324092
56.99,0.00384181022040693,0.533199387749104,0.666800612250896,0.6,0.668006122508961
57,0.00383700578433744,0.533189898033035,0.666810101966965,0.6,0.66810101966965
57.01,0.00383219271500656,0.533180449540736,0.666819550459264,0.6,0.668195504592642
57.02,0.00382737102324368,0.533171042293465,0.666828957706535,0.6,0.668289577065347
57.03,0.00382254071989761,0.53316167631239,0.66683832368761,0.6,0.668383236876103
57.04,0.00381770181583653,0.533152351618583,0.666847648381417,0.6,0.668476483814172
57.05,0.00381285432194798,0.533143068233025,0.666856931766975,0.6,0.668569317669752
57.06,0.00380799824913882,0.533133826176604,0.666866173823396,0.6,0.668661738233963
57.07,0.0038031336083352,0.533124625470114,0.666875374529886,0.6,0.668753745298862
57.08,0.00379826041048257,0.533115466134257,0.666884533865743,0.6,0.668845338657432
57.09,0.00379337866654561,0.533106348189641,0.666893651810359,0.6,0.668936518103588
57.1,0.00378848838750826,0.533097271656782,0.666902728343218,0.6,0.669027283432176
57.11,0.00378358958437363,0.533088236556102,0.666911763443898,0.6,0.669117634438976
57.12,0.00377868226816403,0.533079242907931,0.666920757092069,0.6,0.669207570920695
57.13,0.00377376644992093,0.533070290732502,0.666929709267498,0.6,0.669297092674978
57.14,0.0037688421407049,0.53306138004996,0.66693861995004,0.6,0.6693861995004
57.15,0.00376390935159565,0.533052510880353,0.666947489119647,0.6,0.669474891196472
57.16,0.00375896809369194,0.533043683243636,0.666956316756364,0.6,0.669563167563638
57.17,0.00375401837811161,0.533034897159673,0.666965102840327,0.6,0.669651028403274
57.18,0.00374906021599152,0.533026152648231,0.666973847351769,0.6,0.669738473517695
57.19,0.00374409361848751,0.533017449728985,0.666982550271015,0.6,0.66982550271015
57.2,0.00373911859677445,0.533008788421518,0.666991211578482,0.6,0.66991211578482
57.21,0.00373413516204612,0.533000168745317,0.666999831254683,0.6,0.66999831254683
57.22,0.00372914332551525,0.532991590719777,0.667008409280223,0.6,0.670084092802234
57.23,0.00372414309841347,0.532983054364197,0.667016945635803,0.6,0.670169456358028
57.24,0.0037191344919913,0.532974559697786,0.667025440302214,0.6,0.670254403022145
57.25,0.00371411751751808,0.532966106739655,0.667033893260345,0.6,0.670338932603451
57.26,0.00370909218628202,0.532957695508824,0.667042304491176,0.6,0.670423044911761
57.27,0.0037040585095901,0.532949326024218,0.667050673975782,0.6,0.670506739757816
57.28,0.0036990164987681,0.532940998304669,0.667059001695331,0.6,0.670590016953305
57.29,0.00369396616516054,0.532932712368914,0.667067287631086,0.6,0.670672876310857
57.3,0.00368890752013066,0.532924468235597,0.667075531764403,0.6,0.670755317644034
57.31,0.00368384057506041,0.532916265923265,0.667083734076734,0.6,0.670837340767345
57.32,0.00367876534135044,0.532908105450376,0.667091894549624,0.6,0.670918945496241
57.33,0.00367368183041999,0.532899986835289,0.66710001316471,0.6,0.671000131647105
57.34,0.00366859005370697,0.532891910096273,0.667108089903727,0.6,0.671080899037273
57.35,0.00366349002266789,0.532883875251498,0.667116124748502,0.6,0.671161247485018
57.36,0.0036583817487778,0.532875882319044,0.667124117680955,0.6,0.671241176809555
57.37,0.0036532652435303,0.532867931316896,0.667132068683104,0.6,0.671320686831042
57.38,0.00364814051843757,0.532860022262942,0.667139977737058,0.6,0.671399777370584
57.39,0.0036430075850302,0.532852155174978,0.667147844825022,0.6,0.671478448250225
57.4,0.0036378664548573,0.532844330070704,0.667155669929296,0.6,0.671556699292957
57.41,0.00363271713948641,0.532836546967729,0.667163453032271,0.6,0.671634530322714
57.42,0.00362755965050349,0.532828805883562,0.667171194116438,0.6,0.671711941164378
57.43,0.00362239399951289,0.532821106835623,0.667178893164377,0.6,0.671788931643773
57.44,0.00361722019813732,0.532813449841233,0.667186550158767,0.6,0.671865501587672
57.45,0.00361203825801782,0.532805834917621,0.667194165082379,0.6,0.671941650823791
57.46,0.00360684819081378,0.53279826208192,0.667201737918079,0.6,0.672017379180795
57.47,0.00360165000820282,0.53279073135117,0.667209268648829,0.6,0.672092686488295
57.48,0.00359644372188086,0.532783242742315,0.667216757257685,0.6,0.672167572576851
57.49,0.00359122934356206,0.532775796272203,0.667224203727797,0.6,0.672242037277967
57.5,0.00358600688497873,0.53276839195759,0.66723160804241,0.6,0.672316080424097
57.51,0.00358077635788143,0.532761029815135,0.667238970184865,0.6,0.672389701848648
57.52,0.00357553777403884,0.532753709861403,0.667246290138597,0.6,0.67246290138597
57.53,0.00357029114523776,0.532746432112864,0.667253567887136,0.6,0.67253567887136
57.54,0.00356503648328311,0.532739196585893,0.667260803414107,0.6,0.672608034141075
57.55,0.00355977379999789,0.532732003296769,0.667267996703231,0.6,0.672679967032312
57.56,0.0035545031072231,0.532724852261678,0.667275147738322,0.6,0.672751477383222
57.57,0.00354922441681783,0.532717743496709,0.667282256503291,0.6,0.672822565032909
57.58,0.00354393774065912,0.532710677017858,0.667289322982142,0.6,0.672893229821424
57.59,0.00353864309064198,0.532703652841023,0.667296347158977,0.6,0.67296347158977
57.6,0.0035333404786794,0.532696670982009,0.667303329017991,0.6,0.673033290179907
57.61,0.00352802991670222,0.532689731456526,0.667310268543474,0.6,0.67310268543474
57.62,0.0035227114166592,0.532682834280187,0.667317165719813,0.6,0.673171657198129
57.63,0.00351738499051701,0.532675979468511,0.667324020531489,0.6,0.673240205314892
57.64,0.00351205065026005,0.532669167036921,0.667330832963079,0.6,0.673308329630792
57.65,0.00350670840789062,0.532662397000745,0.667337602999255,0.6,0.67337602999255
57.66,0.00350135827542875,0.532655669375216,0.667344330624784,0.6,0.67344330624784
57.67,0.00349600026491224,0.532648984175471,0.667351015824529,0.6,0.673510158245291
57.68,0.0034906343883966,0.532642341416551,0.667357658583449,0.6,0.673576585834486
57.69,0.00348526065795507,0.532635741113404,0.667364258886596,0.6,0.673642588865963
57.7,0.00347987908567852,0.532629183280878,0.667370816719121,0.6,0.673708167191215
57.71,0.0034744896836755,0.532622667933731,0.667377332066269,0.6,0.673773320662691
57.72,0.00346909246407216,0.532616195086621,0.667383804913379,0.6,0.673838049133795
57.73,0.00346368743901224,0.532609764754111,0.667390235245889,0.6,0.673902352458889
57.74,0.00345827462065704,0.532603376950671,0.667396623049329,0.6,0.67396623049329
57.75,0.0034528540211854,0.532597031690673,0.667402968309327,0.6,0.674029683093272
57.76,0.00344742565279367,0.532590728988393,0.667409271011607,0.6,0.674092710116069
57.77,0.00344198952769568,0.532584468858013,0.667415531141987,0.6,0.674155311419867
57.78,0.0034365456581227,0.532578251313618,0.667421748686381,0.6,0.674217486863815
57.79,0.00343109405632344,0.532572076369198,0.667427923630802,0.6,0.674279236308019
57.8,0.003425634734564,0.532565944038646,0.667434055961354,0.6,0.67434055961354
57.81,0.00342016770512786,0.53255985433576,0.66744014566424,0.6,0.674401456642403
57.82,0.00341469298031582,0.532553807274241,0.667446192725759,0.6,0.674461927257588
57.83,0.00340921057244601,0.532547802867696,0.667452197132304,0.6,0.674521971323038
57.84,0.00340372049385386,0.532541841129635,0.667458158870365,0.6,0.674581588703652
57.85,0.00339822275689204,0.532535922073471,0.667464077926529,0.6,0.674640779265293
57.86,0.00339271737393043,0.532530045712522,0.667469954287478,0.6,0.67469954287478
57.87,0.00338720435735617,0.53252421206001,0.66747578793999,0.6,0.674757879399898
57.88,0.00338168371957354,0.532518421129061,0.667481578870939,0.6,0.674815788709386
57.89,0.00337615547300396,0.532512672932705,0.667487327067295,0.6,0.67487327067295
57.9,0.003370619630086,0.532506967483874,0.667493032516126,0.6,0.674930325161257
57.91,0.00336507620327529,0.532501304795407,0.667498695204593,0.6,0.674986952045931
57.92,0.00335952520504453,0.532495684880044,0.667504315119956,0.6,0.675043151199564
57.93,0.00335396664788349,0.532490107750429,0.667509892249571,0.6,0.675098922495709
57.94,0.00334840054429891,0.532484573419112,0.667515426580888,0.6,0.675154265808877
57.95,0.0033428269068145,0.532479081898545,0.667520918101455,0.6,0.675209181014548
57.96,0.00333724574797098,0.532473633201084,0.667526366798916,0.6,0.675263667989164
57.97,0.00333165708032593,0.532468227338987,0.667531772661013,0.6,0.675317726610126
57.98,0.00332606091645384,0.53246286432442,0.66753713567558,0.6,0.675371356755804
57.99,0.00332045726894611,0.532457544169447,0.667542455830553,0.6,0.675424558305532
58,0.00331484615041092,0.53245226688604,0.66754773311396,0.6,0.675477331139603
58.01,0.00330922757347328,0.532447032486072,0.667552967513928,0.6,0.67552967513928
58.02,0.00330360155077501,0.532441840981321,0.667558159018679,0.6,0.675581590186789
58.03,0.00329796809497464,0.532436692383468,0.667563307616532,0.6,0.675633076165321
58.04,0.00329232721874744,0.532431586704097,0.667568413295903,0.6,0.675684132959032
58.05,0.00328667893478539,0.532426523954695,0.667573476045304,0.6,0.675734760453045
58.06,0.00328102325579713,0.532421504146655,0.667578495853345,0.6,0.675784958533447
58.07,0.00327536019450792,0.532416527291271,0.667583472708729,0.6,0.675834727087294
58.08,0.00326968976365966,0.532411593399739,0.667588406600261,0.6,0.675884066002607
58.09,0.00326401197601081,0.532406702483163,0.667593297516837,0.6,0.675932975168372
58.1,0.00325832684433639,0.532401854552546,0.667598145447454,0.6,0.675981454474543
58.11,0.00325263438142795,0.532397049618796,0.667602950381204,0.6,0.676029503812043
58.12,0.00324693460009352,0.532392287692724,0.667607712307276,0.6,0.67607712307276
58.13,0.00324122751315761,0.532387568785045,0.667612431214955,0.6,0.676124312149553
58.14,0.00323551313346116,0.532382892906376,0.667617107093624,0.6,0.676171070936242
58.15,0.00322979147386153,0.532378260067238,0.667621739932762,0.6,0.676217399327624
58.16,0.00322406254723244,0.532373670278054,0.667626329721946,0.6,0.67626329721946
58.17,0.00321832636646398,0.532369123549152,0.667630876450848,0.6,0.676308764508475
58.18,0.00321258294446255,0.532364619890763,0.667635380109237,0.6,0.676353801092374
58.19,0.00320683229415087,0.532360159313018,0.667639840686982,0.6,0.676398406869821
58.2,0.00320107442846786,0.532355741825955,0.667644258174045,0.6,0.676442581740452
58.21,0.00319530936036874,0.532351367439512,0.667648632560488,0.6,0.676486325604878
58.22,0.00318953710282492,0.532347036163533,0.667652963836467,0.6,0.676529638364672
58.23,0.00318375766882394,0.532342748007762,0.667657251992238,0.6,0.676572519922379
58.24,0.00317797107136957,0.532338502981848,0.667661497018152,0.6,0.676614970181521
58.25,0.00317217732348162,0.532334301095342,0.667665698904658,0.6,0.676656989046578
58.26,0.00316637643819604,0.532330142357699,0.667669857642301,0.6,0.676698576423012
58.27,0.0031605684285648,0.532326026778275,0.667673973221725,0.6,0.67673973221725
58.28,0.00315475330765593,0.532321954366331,0.667678045633669,0.6,0.676780456336693
58.29,0.00314893108855345,0.532317925131029,0.667682074868971,0.6,0.676820748689709
58.3,0.00314310178435735,0.532313939081436,0.667686060918564,0.6,0.676860609185643
58.31,0.00313726540818356,0.532309996226519,0.667690003773481,0.6,0.676900037734808
58.32,0.00313142197316393,0.532306096575151,0.667693903424849,0.6,0.676939034248488
58.33,0.00312557149244618,0.532302240136106,0.667697759863894,0.6,0.676977598638944
58.34,0.00311971397919389,0.53229842691806,0.66770157308194,0.6,0.677015730819405
58.35,0.00311384944658646,0.532294656929593,0.667705343070407,0.6,0.677053430704071
58.36,0.00310797790781909,0.532290930179188,0.667709069820812,0.6,0.67709069820812
58.37,0.00310209937610274,0.53228724667523,0.66771275332477,0.6,0.6771275332477
58.38,0.0030962138646641,0.532283606426007,0.667716393573993,0.6,0.677163935739932
58.39,0.00309032138674557,0.532280009439709,0.667719990560291,0.6,0.67719990560291
58.4,0.00308442195560522,0.53227645572443,0.66772354427557,0.6,0.677235442755701
58.41,0.00307851558451678,0.532272945288165,0.667727054711835,0.6,0.677270547118348
58.42,0.00307260228676957,0.532269478138813,0.667730521861187,0.6,0.677305218611867
58.43,0.00306668207566851,0.532266054284176,0.667733945715824,0.6,0.677339457158244
58.44,0.00306075496453408,0.532262673731956,0.667737326268044,0.6,0.677373262680444
58.45,0.00305482096670226,0.532259336489759,0.667740663510241,0.6,0.677406635102406
58.46,0.00304888009552456,0.532256042565096,0.667743957434904,0.6,0.677439574349038
58.47,0.00304293236436793,0.532252791965377,0.667747208034623,0.6,0.677472080346232
58.48,0.00303697778661477,0.532249584697915,0.667750415302085,0.6,0.677504153020846
58.49,0.00303101637566287,0.532246420769928,0.667753579230072,0.6,0.677535792300717
58.5,0.00302504814492539,0.532243300188534,0.667756699811466,0.6,0.677566998114656
58.51,0.00301907310783088,0.532240222960755,0.667759777039245,0.6,0.677597770392454
58.52,0.00301309127782314,0.532237189093513,0.667762810906487,0.6,0.677628109064867
58.53,0.00300710266836129,0.532234198593636,0.667765801406364,0.6,0.677658014063638
58.54,0.00300110729291972,0.532231251467852,0.667768748532148,0.6,0.67768748532148
58.55,0.00299510516498799,0.532228347722792,0.667771652277208,0.6,0.677716522772079
58.56,0.00298909629807091,0.532225487364989,0.667774512635011,0.6,0.677745126350106
58.57,0.00298308070568843,0.53222267040088,0.66777732959912,0.6,0.677773295991201
58.58,0.00297705840137561,0.532219896836802,0.667780103163198,0.6,0.677801031631979
58.59,0.00297102939868263,0.532217166678996,0.667782833321004,0.6,0.677828333210039
58.6,0.00296499371117478,0.532214479933605,0.667785520066395,0.6,0.677855200663953
58.61,0.00295895135243232,0.532211836606674,0.667788163393326,0.6,0.677881633933264
58.62,0.00295290233605056,0.53220923670415,0.66779076329585,0.6,0.677907632958501
58.63,0.00294684667563981,0.532206680231883,0.667793319768117,0.6,0.677933197681169
58.64,0.00294078438482527,0.532204167195626,0.667795832804374,0.6,0.677958328043741
58.65,0.0029347154772471,0.532201697601032,0.667798302398968,0.6,0.677983023989677
58.66,0.00292863996656035,0.532199271453659,0.667800728546341,0.6,0.678007285463411
58.67,0.00292255786643491,0.532196888758964,0.667803111241036,0.6,0.678031112410356
58.68,0.0029164691905555,0.53219454952231,0.66780545047769,0.6,0.678054504776898
58.69,0.00291037395262165,0.532192253748959,0.667807746251041,0.6,0.678077462510408
58.7,0.00290427216634763,0.532190001444077,0.667809998555923,0.6,0.678099985559227
58.71,0.00289816384546246,0.532187792612732,0.667812207387268,0.6,0.678122073872683
58.72,0.00289204900370986,0.532185627259893,0.667814372740107,0.6,0.678143727401074
58.73,0.00288592765484822,0.532183505390432,0.667816494609568,0.6,0.67816494609568
58.74,0.00287979981265058,0.532181427009124,0.667818572990876,0.6,0.678185729908759
58.75,0.00287366549090457,0.532179392120645,0.667820607879355,0.6,0.678206078793546
58.76,0.00286752470341242,0.532177400729574,0.667822599270426,0.6,0.67822599270426
58.77,0.0028613774639909,0.532175452840391,0.667824547159609,0.6,0.678245471596093
58.78,0.00285522378647129,0.532173548457479,0.667826451542521,0.6,0.678264515425214
58.79,0.00284906368469936,0.532171687585122,0.667828312414878,0.6,0.67828312414878
58.8,0.00284289717253536,0.532169870227508,0.667830129772492,0.6,0.678301297724918
58.81,0.0028367242638539,0.532168096388726,0.667831903611274,0.6,0.678319036112737
58.82,0.00283054497254405,0.532166366072767,0.667833633927233,0.6,0.678336339272327
58.83,0.00282435931250921,0.532164679283524,0.667835320716476,0.6,0.678353207164758
58.84,0.0028181672976671,0.532163036024793,0.667836963975207,0.6,0.678369639752071
58.85,0.00281196894194976,0.53216143630027,0.66783856369973,0.6,0.6783856369973
58.86,0.0028057642593035,0.532159880113555,0.667840119886445,0.6,0.678401198864447
58.87,0.00279955326368883,0.53215836746815,0.66784163253185,0.6,0.678416325318497
58.88,0.0027933359690805,0.532156898367458,0.667843101632542,0.6,0.678431016325419
58.89,0.00278711238946742,0.532155472814784,0.667844527185215,0.6,0.678445271852155
58.9,0.00278088253885264,0.532154090813337,0.667845909186663,0.6,0.678459091866632
58.91,0.00277464643125332,0.532152752366225,0.667847247633775,0.6,0.678472476337755
58.92,0.0027684040807007,0.532151457476459,0.667848542523541,0.6,0.678485425235407
58.93,0.00276215550124006,0.532150206146955,0.667849793853045,0.6,0.678497938530455
58.94,0.00275590070693071,0.532148998380526,0.667851001619474,0.6,0.678510016194743
58.95,0.00274963971184594,0.53214783417989,0.66785216582011,0.6,0.678521658201098
58.96,0.00274337253007297,0.532146713547668,0.667853286452332,0.6,0.678532864523322
58.97,0.00273709917571297,0.53214563648638,0.66785436351362,0.6,0.678543635136204
58.98,0.00273081966288097,0.532144602998449,0.667855397001551,0.6,0.67855397001551
58.99,0.00272453400570589,0.532143613086202,0.667856386913798,0.6,0.678563869137985
59,0.00271824221833044,0.532142666751864,0.667857333248136,0.6,0.678573332481356
59.01,0.00271194431491115,0.532141763997567,0.667858236002433,0.6,0.678582360024331
59.02,0.0027056403096183,0.53214090482534,0.66785909517466,0.6,0.678590951746598
59.03,0.00269933021663589,0.532140089237117,0.667859910762883,0.6,0.678599107628827
59.04,0.00269301405016163,0.532139317234734,0.667860682765266,0.6,0.678606827652665
59.05,0.00268669182440689,0.532138588819926,0.667861411180074,0.6,0.678614111800743
59.06,0.00268036355359668,0.532137903994333,0.667862096005667,0.6,0.678620960056671
59.07,0.00267402925196961,0.532137262759496,0.667862737240504,0.6,0.678627372405042
59.08,0.00266768893377785,0.532136665116857,0.667863334883143,0.6,0.678633348831427
59.09,0.00266134261328711,0.532136111067762,0.667863888932238,0.6,0.678638889322378
59.1,0.00265499030477662,0.532135600613457,0.667864399386543,0.6,0.678643993865431
59.11,0.00264863202253906,0.53213513375509,0.66786486624491,0.6,0.678648662449101
59.12,0.00264226778088057,0.532134710493712,0.667865289506288,0.6,0.678652895062882
59.13,0.00263589759412069,0.532134330830275,0.667865669169725,0.6,0.67865669169725
59.14,0.00262952147659232,0.532133994765634,0.667866005234366,0.6,0.678660052343665
59.15,0.00262313944264176,0.532133702300543,0.667866297699456,0.6,0.678662976994565
59.16,0.00261675150662854,0.532133453435663,0.667866546564337,0.6,0.678665465643368
59.17,0.00261035768292554,0.532133248171552,0.667866751828447,0.6,0.678667518284475
59.18,0.00260395798591886,0.532133086508673,0.667866913491327,0.6,0.67866913491327
59.19,0.00259755243000781,0.532132968447389,0.667867031552611,0.6,0.678670315526112
59.2,0.00259114102960488,0.532132893987965,0.667867106012035,0.6,0.678671060120346
59.21,0.00258472379913574,0.53213286313057,0.66786713686943,0.6,0.678671368694299
59.22,0.00257830075303913,0.532132875875273,0.667867124124727,0.6,0.678671241247272
59.23,0.00257187190576691,0.532132932222044,0.667867067777955,0.6,0.678670677779555
59.24,0.002565437271784,0.532133032170758,0.667866967829242,0.6,0.678669678292417
59.25,0.00255899686556831,0.53213317572119,0.66786682427881,0.6,0.678668242788103
59.26,0.00255255070161074,0.532133362873015,0.667866637126984,0.6,0.678666371269845
59.27,0.00254609879441518,0.532133593625815,0.667866406374185,0.6,0.678664063741854
59.28,0.0025396411584984,0.532133867979068,0.667866132020932,0.6,0.678661320209323
59.29,0.00253317780839009,0.532134185932158,0.667865814067842,0.6,0.678658140678422
59.3,0.00252670875863277,0.532134547484369,0.667865452515631,0.6,0.678654525156307
59.31,0.00252023402378182,0.532134952634889,0.667865047365111,0.6,0.678650473651113
59.32,0.00251375361840538,0.532135401382804,0.667864598617196,0.6,0.678645986171956
59.33,0.00250726755708435,0.532135893727107,0.667864106272893,0.6,0.678641062728931
59.34,0.00250077585441238,0.532136429666688,0.667863570333312,0.6,0.678635703333118
59.35,0.00249427852499579,0.532137009200343,0.667862990799657,0.6,0.678629907996574
59.36,0.00248777558345357,0.532137632326766,0.667862367673234,0.6,0.678623676732339
59.37,0.00248126704441734,0.532138299044557,0.667861700955443,0.6,0.678617009554434
59.38,0.00247475292253132,0.532139009352214,0.667860990647786,0.6,0.678609906477861
59.39,0.00246823323245224,0.53213976324814,0.66786023675186,0.6,0.678602367518598
59.4,0.00246170798884945,0.532140560730639,0.667859439269361,0.6,0.678594392693611
59.41,0.00245517720640472,0.532141401797916,0.667858598202084,0.6,0.678585982020844
59.42,0.0024486408998123,0.532142286448078,0.667857713551922,0.6,0.678577135519217
59.43,0.0024420990837789,0.532143214679136,0.667856785320864,0.6,0.678567853208639
59.44,0.00243555177302359,0.532144186489001,0.667855813510999,0.6,0.678558135109995
59.45,0.00242899898227781,0.532145201875485,0.667854798124515,0.6,0.678547981245146
59.46,0.00242244072628535,0.532146260836306,0.667853739163694,0.6,0.678537391636943
59.47,0.00241587701980229,0.532147363369079,0.667852636630921,0.6,0.678526366309211
59.48,0.00240930787759693,0.532148509471325,0.667851490528675,0.6,0.678514905286755
59.49,0.00240273331444988,0.532149699140463,0.667850300859537,0.6,0.678503008595366
59.5,0.00239615334515389,0.532150932373819,0.667849067626181,0.6,0.67849067626181
59.51,0.00238956798451387,0.532152209168617,0.667847790831383,0.6,0.678477908313834
59.52,0.0023829772473469,0.532153529521983,0.667846470478016,0.6,0.678464704780165
59.53,0.00237638114848213,0.532154893430949,0.667845106569051,0.6,0.678451065690514
59.54,0.00236977970276077,0.532156300892443,0.667843699107557,0.6,0.678436991075567
59.55,0.00236317292503609,0.532157751903301,0.667842248096699,0.6,0.678422480966991
59.56,0.00235656083017332,0.532159246460256,0.667840753539744,0.6,0.678407535397437
59.57,0.00234994343304967,0.532160784559947,0.667839215440053,0.6,0.678392154400529
59.58,0.0023433207485543,0.532162366198912,0.667837633801088,0.6,0.678376338010875
59.59,0.00233669279158822,0.532163991373594,0.667836008626406,0.6,0.678360086264064
59.6,0.00233005957706436,0.532165660080334,0.667834339919666,0.6,0.67834339919666
59.61,0.00232342111990742,0.532167372315379,0.667832627684621,0.6,0.678326276846211
59.62,0.00231677743505395,0.532169128074876,0.667830871925124,0.6,0.67830871925124
59.63,0.00231012853745223,0.532170927354875,0.667829072645125,0.6,0.678290726451253
59.64,0.00230347444206227,0.532172770151327,0.667827229848673,0.6,0.678272298486734
59.65,0.00229681516385578,0.532174656460086,0.667825343539914,0.6,0.678253435399144
59.66,0.00229015071781615,0.532176586276907,0.667823413723093,0.6,0.678234137230928
59.67,0.00228348111893837,0.53217855959745,0.66782144040255,0.6,0.678214404025503
59.68,0.00227680638222904,0.532180576417273,0.667819423582727,0.6,0.678194235827273
59.69,0.0022701265227063,0.532182636731839,0.667817363268161,0.6,0.678173632681613
59.7,0.00226344155539985,0.532184740536512,0.667815259463488,0.6,0.678152594634883
59.71,0.00225675149535085,0.532186887826558,0.667813112173442,0.6,0.678131121734417
59.72,0.00225005635761194,0.532189078597147,0.667810921402853,0.6,0.678109214028527
59.73,0.00224335615724718,0.532191312843349,0.667808687156651,0.6,0.678086871566509
59.74,0.00223665090933201,0.532193590560137,0.667806409439863,0.6,0.67806409439863
59.75,0.00222994062895323,0.532195911742386,0.667804088257614,0.6,0.678040882576143
59.76,0.00222322533120899,0.532198276384873,0.667801723615127,0.6,0.678017236151272
59.77,0.00221650503120868,0.532200684482278,0.667799315517722,0.6,0.67799315517722
59.78,0.00220977974407298,0.532203136029183,0.667796863970817,0.6,0.67796863970817
59.79,0.00220304948493381,0.532205631020071,0.667794368979928,0.6,0.677943689799285
59.8,0.00219631426893421,0.53220816944933,0.66779183055067,0.6,0.677918305506698
59.81,0.00218957411122843,0.532210751311247,0.667789248688753,0.6,0.677892486887526
59.82,0.00218282902698184,0.532213376600014,0.667786623399986,0.6,0.677866233999862
59.83,0.00217607903137085,0.532216045309723,0.667783954690277,0.6,0.677839546902771
59.84,0.00216932413958294,0.53221875743437,0.66778124256563,0.6,0.6778124256563
59.85,0.00216256436681666,0.532221512967852,0.667778487032148,0.6,0.677784870321477
59.86,0.00215579972828146,0.53222431190397,0.667775688096029,0.6,0.677756880960295
59.87,0.00214903023919777,0.532227154236427,0.667772845763573,0.6,0.677728457635733
59.88,0.00214225591479696,0.532230039958826,0.667769960041174,0.6,0.677699600411744
59.89,0.00213547677032124,0.532232969064674,0.667767030935326,0.6,0.677670309353255
59.9,0.00212869282102368,0.532235941547383,0.667764058452617,0.6,0.677640584526172
59.91,0.00212190408216818,0.532238957400262,0.667761042599738,0.6,0.677610425997376
59.92,0.00211511056902939,0.532242016616528,0.667757983383472,0.6,0.677579833834723
59.93,0.00210831229689271,0.532245119189296,0.667754880810704,0.6,0.677548808107045
59.94,0.00210150928105425,0.532248265111585,0.667751734888415,0.6,0.67751734888415
59.95,0.0020947015368208,0.532251454376318,0.667748545623682,0.6,0.677485456236823
59.96,0.00208788907950977,0.532254686976318,0.667745313023682,0.6,0.67745313023682
59.97,0.0020810719244492,0.532257962904312,0.667742037095688,0.6,0.677420370956876
59.98,0.00207425008697767,0.53226128215293,0.66773871784707,0.6,0.6773871784707
59.99,0.00206742358244432,0.532264644714703,0.667735355285297,0.6,0.677353552852973
60,0.00206059242620878,0.532268050582065,0.667731949417935,0.6,0.677319494179354
60.01,0.00205375663364116,0.532271499747353,0.667728500252647,0.6,0.677285002526474
60.02,0.00204691622012198,0.532274992202806,0.667725007797194,0.6,0.677250077971941
60.03,0.00204007120104215,0.532278527940567,0.667721472059433,0.6,0.677214720594332
60.04,0.00203322159180299,0.532282106952679,0.667717893047321,0.6,0.677178930473206
60.05,0.00202636740781612,0.532285729231091,0.667714270768909,0.6,0.677142707689088
60.06,0.00201950866450341,0.532289394767652,0.667710605232348,0.6,0.677106052323476
60.07,0.00201264537729708,0.532293103554115,0.667706896445885,0.6,0.67706896445885
60.08,0.0020057775616395,0.532296855582134,0.667703144417866,0.6,0.677031444178656
60.09,0.00199890523298323,0.532300650843269,0.667699349156731,0.6,0.676993491567311
60.1,0.00199202840679104,0.532304489328978,0.667695510671022,0.6,0.676955106710215
60.11,0.00198514709853579,0.532308371030627,0.667691628969373,0.6,0.676916289693731
60.12,0.00197826132370039,0.532312295939481,0.667687704060519,0.6,0.676877040605194
60.13,0.00197137109777785,0.532316264046708,0.667683735953292,0.6,0.676837359532917
60.14,0.00196447643627117,0.532320275343382,0.667679724656618,0.6,0.676797246566183
60.15,0.00195757735469334,0.532324329820475,0.667675670179525,0.6,0.676756701795246
60.16,0.00195067386856729,0.532328427468867,0.667671572531133,0.6,0.676715725311331
60.17,0.00194376599342586,0.532332568279336,0.667667431720664,0.6,0.676674317206636
60.18,0.00193685374481176,0.532336752242567,0.667663247757433,0.6,0.676632477574328
60.19,0.00192993713827755,0.532340979349145,0.667659020650855,0.6,0.676590206508546
60.2,0.00192301618938559,0.53234524958956,0.66765475041044,0.6,0.676547504104402
60.21,0.00191609091370802,0.532349562954203,0.667650437045797,0.6,0.676504370457974
60.22,0.0019091613268267,0.532353919433369,0.667646080566631,0.6,0.676460805666315
60.23,0.00190222744433321,0.532358319017256,0.667641680982744,0.6,0.676416809827444
60.24,0.00189528928182876,0.532362761695965,0.667637238304035,0.6,0.676372383040351
60.25,0.00188834685492423,0.5323672474595,0.6676327525405,0.6,0.676327525404998
60.26,0.00188140017924007,0.532371776297768,0.667628223702232,0.6,0.676282237022315
60.27,0.00187444927040631,0.53237634820058,0.66762365179942,0.6,0.676236517994199
60.28,0.00186749414406247,0.532380963157648,0.667619036842352,0.6,0.676190368423518
60.29,0.0018605348158576,0.532385621158589,0.667614378841411,0.6,0.676143788414111
60.3,0.00185357130145018,0.532390322192922,0.667609677807078,0.6,0.676096778070779
60.31,0.00184660361650812,0.53239506625007,0.66760493374993,0.6,0.676049337499299
60.32,0.00183963177670869,0.532399853319359,0.667600146680641,0.6,0.67600146680641
60.33,0.00183265579773854,0.532404683390018,0.667595316609982,0.6,0.675953166099822
60.34,0.00182567569529362,0.532409556451179,0.667590443548821,0.6,0.67590443548821
60.35,0.00181869148507916,0.532414472491878,0.667585527508122,0.6,0.675855275081221
60.36,0.00181170318280963,0.532419431501054,0.667580568498946,0.6,0.675805684989463
60.37,0.0018047108042087,0.532424433467548,0.667575566532452,0.6,0.675755665324517
60.38,0.00179771436500922,0.532429478380108,0.667570521619892,0.6,0.675705216198922
60.39,0.00179071388095316,0.532434566227381,0.667565433772619,0.6,0.675654337726191
60.4,0.00178370936779165,0.532439696997919,0.66756030300208,0.6,0.675603030020805
60.41,0.0017767008412848,0.53244487068018,0.66755512931982,0.6,0.675551293198199
60.42,0.00176968831720181,0.532450087262522,0.667549912737478,0.6,0.675499127374783
60.43,0.00176267181132086,0.532455346733206,0.667544653266794,0.6,0.675446532667936
60.44,0.00175565133942907,0.532460649080401,0.667539350919599,0.6,0.675393509195987
60.45,0.0017486269173225,0.532465994292176,0.667534005707824,0.6,0.675340057078244
60.46,0.00174159856080612,0.532471382356502,0.667528617643498,0.6,0.675286176434976
60.47,0.0017345662856937,0.532476813261259,0.667523186738741,0.6,0.675231867387408
60.48,0.00172753010780787,0.532482286994226,0.667517713005774,0.6,0.67517713005774
60.49,0.00172049004298004,0.532487803543087,0.667512196456913,0.6,0.675121964569133
60.5,0.00171344610705033,0.53249336289543,0.66750663710457,0.6,0.675066371045704
60.51,0.0017063983158676,0.532498965038746,0.667501034961254,0.6,0.67501034961254
60.52,0.00169934668528938,0.532504609960431,0.667495390039569,0.6,0.674953900395692
60.53,0.00169229123118183,0.532510297647783,0.667489702352217,0.6,0.674897023522167
60.54,0.00168523196941973,0.532516028088006,0.667483971911994,0.6,0.674839719119941
60.55,0.00167816891588641,0.532521801268205,0.667478198731795,0.6,0.674781987317946
60.56,0.00167110208647374,0.532527617175392,0.667472382824608,0.6,0.674723828246081
60.57,0.00166403149708207,0.53253347579648,0.66746652420352,0.6,0.674665242035203
60.58,0.00165695716362024,0.532539377118287,0.667460622881713,0.6,0.674606228817131
60.59,0.00164987910200549,0.532545321127536,0.667454678872464,0.6,0.674546788724644
60.6,0.00164279732816346,0.532551307810852,0.667448692189148,0.6,0.674486921891483
60.61,0.00163571185802813,0.532557337154765,0.667442662845235,0.6,0.674426628452348
60.62,0.00162862270754181,0.53256340914571,0.66743659085429,0.6,0.6743659085429
60.63,0.0016215298926551,0.532569523770024,0.667430476229976,0.6,0.674304762299759
60.64,0.00161443342932679,0.53257568101395,0.66742431898605,0.6,0.674243189860501
60.65,0.00160733333352396,0.532581880863633,0.667418119136367,0.6,0.674181191363666
60.66,0.00160022962122181,0.532588123305125,0.667411876694875,0.6,0.674118766948754
60.67,0.00159312230840368,0.532594408324379,0.667405591675621,0.6,0.674055916756212
60.68,0.00158601141106103,0.532600735907254,0.667399264092746,0.6,0.673992640927461
60.69,0.00157889694519338,0.532607106039513,0.667392893960487,0.6,0.673928939604868
60.7,0.00157177892680826,0.532613518706824,0.667386481293176,0.6,0.673864812931758
60.71,0.00156465737192122,0.532619973894758,0.667380026105242,0.6,0.673800261052422
60.72,0.00155753229655576,0.53262647158879,0.66737352841121,0.6,0.673735284112099
60.73,0.00155040371674328,0.532633011774302,0.667366988225698,0.6,0.673669882256984
60.74,0.0015432716485231,0.532639594436576,0.667360405563424,0.6,0.673604055634236
60.75,0.00153613610794236,0.532646219560804,0.667353780439196,0.6,0.673537804391964
60.76,0.00152899711105603,0.532652887132077,0.667347112867923,0.6,0.673471128679229
60.77,0.00152185467392684,0.532659597135394,0.667340402864606,0.6,0.673404028646056
60.78,0.00151470881262527,0.532666349555658,0.667333650444342,0.6,0.673336504443419
60.79,0.00150755954322952,0.532673144377675,0.667326855622325,0.6,0.673268556223247
60.8,0.00150040688182542,0.532679981586158,0.667320018413842,0.6,0.673200184138423
60.81,0.00149325084450648,0.532686861165722,0.667313138834278,0.6,0.673131388342784
60.82,0.00148609144737377,0.532693783100888,0.667306216899112,0.6,0.673062168991121
60.83,0.00147892870653593,0.532700747376082,0.667299252623918,0.6,0.672992526239178
60.84,0.00147176263810912,0.532707753975635,0.667292246024365,0.6,0.672922460243651
60.85,0.001464593258217,0.532714802883781,0.667285197116219,0.6,0.672851971162187
60.86,0.00145742058299066,0.532721894084661,0.667278105915339,0.6,0.672781059153389
60.87,0.00145024462856863,0.532729027562319,0.667270972437681,0.6,0.672709724376807
60.88,0.00144306541109679,0.532736203300705,0.667263796699294,0.6,0.672637966992945
60.89,0.00143588294672839,0.532743421283674,0.667256578716326,0.6,0.672565787163256
60.9,0.00142869725162397,0.532750681494985,0.667249318505015,0.6,0.672493185050147
60.91,0.00142150834195133,0.532757983918303,0.667242016081697,0.6,0.67242016081697
60.92,0.00141431623388552,0.532765328537197,0.667234671462803,0.6,0.672346714628032
60.93,0.00140712094360878,0.532772715335142,0.667227284664858,0.6,0.672272846648584
60.94,0.00139992248731051,0.532780144295517,0.667219855704483,0.6,0.672198557044831
60.95,0.00139272088118724,0.532787615401607,0.667212384598392,0.6,0.672123845983925
60.96,0.00138551614144257,0.532795128636604,0.667204871363396,0.6,0.672048713633964
60.97,0.00137830828428717,0.5328026839836,0.6671973160164,0.6,0.671973160163997
60.98,0.00137109732593871,0.532810281425598,0.667189718574402,0.6,0.671897185744019
60.99,0.00136388328262184,0.532817920945503,0.667182079054497,0.6,0.671820790544971
61,0.00135666617056816,0.532825602526125,0.667174397473875,0.6,0.671743974738745
61.01,0.00134944600601618,0.532833326150182,0.667166673849818,0.6,0.671666738498177
61.02,0.00134222280521125,0.532841091800296,0.667158908199704,0.6,0.671589081997044
61.03,0.00133499658440557,0.532848899458992,0.667151100541007,0.6,0.671511005410075
61.04,0.00132776735985815,0.532856749108705,0.667143250891295,0.6,0.671432508912946
61.05,0.00132053514783472,0.532864640731773,0.667135359268227,0.6,0.671353592682268
61.06,0.00131329996460775,0.532872574310439,0.667127425689561,0.6,0.671274256895605
61.07,0.00130606182645644,0.532880549826853,0.667119450173147,0.6,0.671194501731467
61.08,0.00129882074966656,0.53288856726307,0.66711143273693,0.6,0.671114327369297
61.09,0.00129157675053054,0.532896626601051,0.667103373398949,0.6,0.671033733989488
61.1,0.00128432984534738,0.532904727822662,0.667095272177338,0.6,0.670952721773379
61.11,0.00127708005042261,0.532912870909676,0.667087129090324,0.6,0.670871290903243
61.12,0.00126982738206827,0.53292105584377,0.66707894415623,0.6,0.670789441562302
61.13,0.00126257185660285,0.532929282606528,0.667070717393472,0.6,0.670707173934717
61.14,0.00125531349035128,0.532937551179441,0.667062448820559,0.6,0.670624488205588
61.15,0.00124805229964489,0.532945861543904,0.667054138456096,0.6,0.67054138456096
61.16,0.00124078830082135,0.532954213681218,0.667045786318782,0.6,0.670457863187816
61.17,0.00123352151022466,0.532962607572592,0.667037392427408,0.6,0.670373924274078
61.18,0.0012262519442051,0.532971043199139,0.667028956800861,0.6,0.67028956800861
61.19,0.00121897961911917,0.532979520541879,0.667020479458121,0.6,0.670204794581211
61.2,0.00121170455132962,0.532988039581738,0.667011960418262,0.6,0.670119604182624
61.21,0.00120442675720534,0.532996600299547,0.667003399700453,0.6,0.670033997004525
61.22,0.00119714625312136,0.533005202676047,0.666994797323953,0.6,0.669947973239532
61.23,0.00118986305545882,0.53301384669188,0.66698615330812,0.6,0.669861533081197
61.24,0.0011825771806049,0.533022532327599,0.666977467672401,0.6,0.669774676724012
61.25,0.00117528864495283,0.53303125956366,0.66696874043634,0.6,0.669687404363403
61.26,0.0011679974649018,0.533040028380427,0.666959971619573,0.6,0.669599716195731
61.27,0.00116070365685697,0.53304883875817,0.66695116124183,0.6,0.669511612418299
61.28,0.0011534072372294,0.533057690677067,0.666942309322933,0.6,0.669423093229333
61.29,0.00114610822243603,0.533066584117199,0.666933415882801,0.6,0.669334158828009
61.3,0.00113880662889965,0.533075519058557,0.666924480941443,0.6,0.669244809414425
61.31,0.00113150247304883,0.533084495481038,0.666915504518962,0.6,0.669155045189617
61.32,0.00112419577131792,0.533093513364444,0.666906486635556,0.6,0.669064866355557
61.33,0.00111688654014701,0.533102572688485,0.666897427311514,0.6,0.668974273115145
61.34,0.00110957479598184,0.533111673432779,0.666888326567221,0.6,0.668883265672214
61.35,0.00110226055527386,0.533120815576846,0.666879184423154,0.6,0.668791844231537
61.36,0.0010949438344801,0.533129999100119,0.666870000899881,0.6,0.668700008998808
61.37,0.00108762465006316,0.533139223981934,0.666860776018065,0.6,0.668607760180655
61.38,0.00108030301849123,0.533148490201536,0.666851509798464,0.6,0.668515097984641
61.39,0.00107297895623795,0.533157797738075,0.666842202261925,0.6,0.668422022619254
61.4,0.00106565247978248,0.533167146570609,0.666832853429391,0.6,0.668328534293913
61.41,0.00105832360560938,0.533176536678103,0.666823463321897,0.6,0.668234633218969
61.42,0.00105099235020861,0.53318596803943,0.66681403196057,0.6,0.668140319605698
61.43,0.0010436587300755,0.53319544063337,0.66680455936663,0.6,0.668045593666304
61.44,0.00103632276171068,0.533204954438608,0.666795045561392,0.6,0.667950455613923
61.45,0.00102898446162009,0.533214509433738,0.666785490566261,0.6,0.667854905662615
61.46,0.00102164384631489,0.533224105597263,0.666775894402737,0.6,0.667758944027367
61.47,0.00101430093231147,0.533233742907591,0.666766257092409,0.6,0.667662570924091
61.48,0.00100695573613138,0.533243421343037,0.666756578656963,0.6,0.667565786569629
61.49,0.000999608274301312,0.533253140881826,0.666746859118174,0.6,0.667468591181745
61.5,0.000992258563353046,0.533262901502087,0.666737098497913,0.6,0.667370984979128
61.51,0.00098490661982343,0.533272703181861,0.666727296818139,0.6,0.667272968181392
61.52,0.000977552460254335,0.533282545899093,0.666717454100907,0.6,0.667174541009075
61.53,0.000970196101192618,0.533292429631636,0.666707570368364,0.6,0.667075703683637
61.54,0.000962837559190081,0.533302354357254,0.666697645642746,0.6,0.666976456427464
61.55,0.000955476850803443,0.533312320053614,0.666687679946386,0.6,0.666876799463861
61.56,0.000948113992594294,0.533322326698294,0.666677673301706,0.6,0.666776733017057
61.57,0.000940749001129061,0.53333237426878,0.66666762573122,0.6,0.666676257312201
61.58,0.000933381892978973,0.533342462742464,0.666657537257536,0.6,0.666575372575362
61.59,0.000926012684720019,0.533352592096647,0.666647407903353,0.6,0.666474079033532
61.6,0.000918641392932915,0.533362762308538,0.666637237691462,0.6,0.666372376914622
61.61,0.000911268034203065,0.533372973355254,0.666627026644746,0.6,0.666270266447461
61.62,0.000903892625120531,0.53338322521382,0.66661677478618,0.6,0.666167747861798
61.63,0.000896515182279962,0.53339351786117,0.66660648213883,0.6,0.666064821388297
61.64,0.000889135722280604,0.533403851274145,0.666596148725854,0.6,0.665961487258545
61.65,0.000881754261726263,0.533414225429495,0.666585774570505,0.6,0.665857745705046
61.66,0.000874370817225196,0.533424640303879,0.666575359696121,0.6,0.665753596961213
61.67,0.00086698540539015,0.533435095873862,0.666564904126138,0.6,0.665649041261384
61.68,0.000859598042838326,0.533445592115919,0.666554407884081,0.6,0.665544078840812
61.69,0.000852208746191259,0.533456129006434,0.666543870993565,0.6,0.665438709935655
61.7,0.000844817532074864,0.5334667065217,0.6665332934783,0.6,0.665332934782998
61.71,0.000837424417119395,0.533477324637916,0.666522675362084,0.6,0.665226753620838
61.72,0.000830029417959333,0.533487983331193,0.666512016668807,0.6,0.665120166688075
61.73,0.000822632551233422,0.533498682577547,0.666501317422453,0.6,0.665013174224534
61.74,0.000815233833584635,0.533509422352905,0.666490577647095,0.6,0.66490577647095
61.75,0.000807833281660058,0.533520202633104,0.666479797366896,0.6,0.664797973668961
61.76,0.000800430912110937,0.533531023393887,0.666468976606113,0.6,0.664689766061131
61.77,0.000793026741592602,0.533541884610908,0.666458115389092,0.6,0.664581153890922
61.78,0.000785620786764433,0.533552786259729,0.666447213740271,0.6,0.664472137402714
61.79,0.000778213064289826,0.533563728315821,0.666436271684179,0.6,0.664362716841792
61.8,0.000770803590836152,0.533574710754565,0.666425289245435,0.6,0.664252892454353
61.81,0.000763392383074723,0.53358573355125,0.66641426644875,0.6,0.664142664487504
61.82,0.000755979457680755,0.533596796681075,0.666403203318925,0.6,0.664032033189255
61.83,0.000748564831333326,0.533607900119147,0.666392099880853,0.6,0.663920998808526
61.84,0.000741148520715343,0.533619043840485,0.666380956159515,0.6,0.663809561595147
61.85,0.0007337305425135,0.533630227820015,0.666369772179985,0.6,0.66369772179985
61.86,0.000726310913418246,0.533641452032573,0.666358547967427,0.6,0.663585479674275
61.87,0.000718889650123744,0.533652716452903,0.666347283547096,0.6,0.663472835470965
61.88,0.000711466769327841,0.533664021055663,0.666335978944337,0.6,0.663359789443374
61.89,0.000704042287731989,0.533675365815415,0.666324634184585,0.6,0.663246341845849
61.9,0.000696616222041296,0.533686750706635,0.666313249293365,0.6,0.663132492933652
61.91,0.000689188588964406,0.533698175703706,0.666301824296294,0.6,0.663018242962944
61.92,0.000681759405213464,0.533709640780922,0.666290359219078,0.6,0.66290359219078
61.93,0.000674328687504156,0.533721145912487,0.666278854087513,0.6,0.662788540875133
61.94,0.000666896452555595,0.533732691072514,0.666267308927486,0.6,0.662673089274864
61.95,0.00065946271709028,0.533744276235026,0.666255723764974,0.6,0.662557237649737
61.96,0.000652027497834138,0.533755901373958,0.666244098626042,0.6,0.662440986260423
61.97,0.000644590811516409,0.533767566463151,0.666232433536848,0.6,0.662324335368485
61.98,0.00063715267486961,0.533779271476361,0.666220728523639,0.6,0.662207285236386
61.99,0.000629713104629569,0.533791016387251,0.666208983612749,0.6,0.662089836127492
62,0.000622272117535317,0.533802801169394,0.666197198830606,0.6,0.661971988306063
62.01,0.000614829730329055,0.533814625796275,0.666185374203725,0.6,0.661853742037253
62.02,0.000607385959756159,0.533826490241288,0.666173509758712,0.6,0.661735097587119
62.03,0.000599940822565109,0.533838394477739,0.666161605522261,0.6,0.661616055222611
62.04,0.000592494335507462,0.533850338478843,0.666149661521157,0.6,0.661496615211574
62.05,0.00058504651533781,0.533862322217725,0.666137677782275,0.6,0.661376777822748
62.06,0.000577597378813745,0.533874345667423,0.666125654332577,0.6,0.661256543325766
62.07,0.000570146942695822,0.533886408800884,0.666113591199116,0.6,0.661135911991156
62.08,0.000562695223747518,0.533898511590966,0.666101488409034,0.6,0.66101488409034
62.09,0.000555242238735198,0.533910654010437,0.666089345989563,0.6,0.660893459895628
62.1,0.000547788004428075,0.533922836031977,0.666077163968023,0.6,0.660771639680227
62.11,0.000540332537598174,0.533935057628177,0.666064942371823,0.6,0.66064942371823
62.12,0.00053287585502029,0.533947318771537,0.666052681228463,0.6,0.660526812284626
62.13,0.000525417973471958,0.533959619434471,0.666040380565529,0.6,0.660403805655287
62.14,0.000517958909733407,0.533971959589302,0.666028040410698,0.6,0.660280404106982
62.15,0.000510498680587527,0.533984339208264,0.666015660791736,0.6,0.66015660791736
62.16,0.000503037302819832,0.533996758263503,0.666003241736497,0.6,0.660032417364966
62.17,0.000495574793218418,0.534009216727077,0.665990783272923,0.6,0.659907832729226
62.18,0.000488111168573927,0.534021714570954,0.665978285429046,0.6,0.659782854290458
62.19,0.000480646445679514,0.534034251767014,0.665965748232986,0.6,0.659657482329862
62.2,0.0004731806413308,0.534046828287048,0.665953171712952,0.6,0.659531717129523
62.21,0.000465713772325843,0.534059444102758,0.665940555897242,0.6,0.659405558972417
62.22,0.000458245855465095,0.53407209918576,0.66592790081424,0.6,0.659279008142396
62.23,0.000450776907551366,0.53408479350758,0.66591520649242,0.6,0.659152064924201
62.24,0.000443306945389784,0.534097527039655,0.665902472960345,0.6,0.659024729603453
62.25,0.000435835985787762,0.534110299753334,0.665889700246666,0.6,0.658897002466658
62.26,0.000428364045554966,0.53412311161988,0.66587688838012,0.6,0.658768883801203
62.27,0.000420891141503238,0.534135962610465,0.665864037389535,0.6,0.658640373895349
62.28,0.000413417290446611,0.534148852696175,0.665851147303825,0.6,0.658511473038249
62.29,0.000405942509201272,0.534161781848007,0.665838218151993,0.6,0.658382181519932
62.3,0.000398466814585451,0.53417475003687,0.66582524996313,0.6,0.658252499631297
62.31,0.000390990223419455,0.534187757233587,0.665812242766413,0.6,0.658122427664131
62.32,0.00038351275252564,0.53420080340889,0.66579919659111,0.6,0.657991965911098
62.33,0.000376034418728284,0.534213888533427,0.665786111466573,0.6,0.657861114665733
62.34,0.000368555238853636,0.534227012577755,0.665772987422245,0.6,0.657729874222454
62.35,0.000361075229729874,0.534240175512345,0.665759824487655,0.6,0.657598244876554
62.36,0.000353594408186988,0.534253377307581,0.665746622692419,0.6,0.657466226924193
62.37,0.000346112791056833,0.534266617933758,0.665733382066242,0.6,0.657333820662416
62.38,0.000338630395173044,0.534279897361086,0.665720102638913,0.6,0.657201026389135
62.39,0.000331147237371009,0.534293215559686,0.665706784440314,0.6,0.657067844403139
62.4,0.000323663334487829,0.534306572499591,0.665693427500408,0.6,0.656934275004085
62.41,0.000316178703362284,0.534319968150749,0.665680031849251,0.6,0.656800318492505
62.42,0.000308693360834789,0.53433340248302,0.66566659751698,0.6,0.656665975169802
62.43,0.000301207323747363,0.534346875466175,0.665653124533825,0.6,0.656531245338248
62.44,0.000293720608943585,0.534360387069902,0.665639612930098,0.6,0.656396129300985
62.45,0.000286233233268561,0.534373937263798,0.665626062736202,0.6,0.656260627362023
62.46,0.000278745213568883,0.534387526017376,0.665612473982624,0.6,0.656124739826242
62.47,0.000271256566692592,0.534401153300061,0.665598846699939,0.6,0.65598846699939
62.48,0.000263767309489141,0.534414819081192,0.665585180918808,0.6,0.655851809188079
62.49,0.000256277458809354,0.534428523330021,0.665571476669979,0.6,0.65571476669979
62.5,0.000248787031505393,0.534442266015713,0.665557733984287,0.6,0.655577339842869
62.51,0.000241296044430716,0.534456047107347,0.665543952892653,0.6,0.655439528926526
62.52,0.00023380451444005,0.534469866573916,0.665530133426083,0.6,0.655301334260835
62.53,0.000226312458389307,0.534483724384327,0.665516275615673,0.6,0.655162756156732
62.54,0.000218819893135638,0.534497620507398,0.665502379492602,0.6,0.655023794926023
62.55,0.00021132683553731,0.534511554911863,0.665488445088137,0.6,0.654884450881367
62.56,0.000203833302453673,0.534525527566371,0.665474472433629,0.6,0.654744724336286
62.57,0.000196339310745201,0.534539538439483,0.665460461560517,0.6,0.654604615605171
62.58,0.000188844877273371,0.534553587499674,0.665446412500326,0.6,0.654464125003262
62.59,0.000181350018900629,0.534567674715334,0.665432325284666,0.6,0.654323252846661
62.6,0.00017385475249043,0.534581800054766,0.665418199945234,0.6,0.654181999452336
62.61,0.000166359094907121,0.53459596348619,0.66540403651381,0.6,0.654040365138104
62.62,0.000158863063015909,0.534610164977736,0.665389835022264,0.6,0.65389835022264
62.63,0.000151366673682872,0.534624404497452,0.665375595502548,0.6,0.653755955025481
62.64,0.000143869943774883,0.534638682013298,0.665361317986702,0.6,0.653613179867015
62.65,0.000136372890159582,0.534652997493151,0.665347002506849,0.6,0.653470025068486
62.66,0.000128875529705335,0.534667350904801,0.665332649095199,0.6,0.653326490951992
62.67,0.000121377879281201,0.534681742215952,0.665318257784048,0.6,0.653182577840484
62.68,0.000113879955756889,0.534696171394223,0.665303828605777,0.6,0.653038286057768
62.69,0.000106381776002725,0.53471063840715,0.66528936159285,0.6,0.652893615928499
62.7,9.88833568896105e-05,0.534725143222181,0.665274856777819,0.6,0.652748567778186
62.71,9.13847152889842e-05,0.534739685806681,0.665260314193319,0.6,0.652603141933188
62.72,8.38858680727871e-05,0.534754266127929,0.665245733872071,0.6,0.65245733872071
62.73,7.63868321134222e-05,0.534768884153119,0.665231115846881,0.6,0.652311158468811
62.74,6.88876242837173e-05,0.53478353984936,0.66521646015064,0.6,0.652164601506398
62.75,6.13882614568868e-05,0.534798233183678,0.665201766816322,0.6,0.652017668163222
62.76,5.3888760506494e-05,0.534812964123012,0.665187035876988,0.6,0.651870358769883
62.77,4.63891383064127e-05,0.534827732634217,0.665172267365783,0.6,0.651722673657827
62.78,3.88894117307898e-05,0.534842538684065,0.665157461315935,0.6,0.651574613159347
62.79,3.13895976540069e-05,0.534857382239242,0.665142617760758,0.6,0.651426177607578
62.8,2.38897129506426e-05,0.53487226326635,0.66512773673365,0.6,0.6512773673365
62.81,1.63897744954341e-05,0.534887181731906,0.665112818268094,0.6,0.651128182680937
62.82,8.88979916324002e-06,0.534902137602345,0.665097862397655,0.6,0.650978623976552
62.83,1.38980382900153e-06,0.534917130844014,0.665082869155985,0.6,0.650828691559855
62.84,-6.11019463229498e-06,0.534932161423181,0.665067838576819,0.6,0.650678385768192
62.85,-1.36101793456562e-05,0.534947229306025,0.665052770693975,0.6,0.650527706939751
62.86,-2.11101334361195e-05,0.534962334458644,0.665037665541356,0.6,0.650376655413559
62.87,-2.86100400287827e-05,0.534977476847052,0.665022523152948,0.6,0.650225231529484
62.88,-3.61098822488768e-05,0.534992656437177,0.665007343562823,0.6,0.650073435628227
62.89,-4.36096432217599e-05,0.535007873194867,0.664992126805133,0.6,0.649921268051329
62.9,-5.11093060729464e-05,0.535023127085883,0.664976872914117,0.6,0.649768729141171
62.91,-5.86088539282247e-05,0.535038418075904,0.664961581924096,0.6,0.649615819240961
62.92,-6.61082699136152e-05,0.535053746130525,0.664946253869475,0.6,0.649462538694746
62.93,-7.36075371554086e-05,0.535069111215259,0.664930888784741,0.6,0.649308887847412
62.94,-8.11066387802833e-05,0.535084513295533,0.664915486704467,0.6,0.649154867044667
62.95,-8.86055579152639e-05,0.535099952336694,0.664900047663306,0.6,0.649000476633061
62.96,-9.61042776877587e-05,0.535115428304002,0.664884571695998,0.6,0.648845716959976
62.97,-0.000103602781225678,0.535130941162639,0.664869058837361,0.6,0.648690588373614
62.98,-0.000111101051657393,0.535146490877698,0.664853509122302,0.6,0.648535091223017
62.99,-0.00011859907211177,0.535162077414194,0.664837922585806,0.6,0.648379225858057
63,-0.000126096825718294,0.535177700737057,0.664822299262943,0.6,0.648222992629426
63.01,-0.000133594295607013,0.535193360811135,0.664806639188865,0.6,0.648066391888652
63.02,-0.000141091464908623,0.535209057601191,0.664790942398809,0.6,0.647909423988086
63.03,-0.000148588316754497,0.53522479107191,0.66477520892809,0.6,0.647752089280904
63.04,-0.000156084834276721,0.535240561187889,0.664759438812111,0.6,0.64759438812111
63.05,-0.000163581000608134,0.535256367913647,0.664743632086353,0.6,0.647436320863533
63.06,-0.000171076798882364,0.535272211213618,0.664727788786382,0.6,0.647277887863822
63.07,-0.000178572212233869,0.535288091052155,0.664711908947845,0.6,0.647119089478453
63.08,-0.000186067223797972,0.535304007393528,0.664695992606472,0.6,0.646959926064722
63.09,-0.000193561816710899,0.535319960201926,0.664680039798074,0.6,0.646800397980745
63.1,-0.000201055974109821,0.535335949441454,0.664664050558546,0.6,0.646640505585462
63.11,-0.000208549679132886,0.535351975076137,0.664648024923863,0.6,0.646480249238629
63.12,-0.000216042914919261,0.535368037069918,0.664631962930082,0.6,0.646319629300824
63.13,-0.000223535664609159,0.535384135386656,0.664615864613344,0.6,0.646158646133445
63.14,-0.000231027911343924,0.53540026999013,0.664599730009869,0.6,0.645997300098695
63.15,-0.000238519638265978,0.535416440844039,0.664583559155961,0.6,0.645835591559611
63.16,-0.000246010828518937,0.535432647911996,0.664567352088004,0.6,0.645673520880036
63.17,-0.000253501465247653,0.535448891157538,0.664551108842462,0.6,0.645511088424623
63.18,-0.00026099153159817,0.535465170544115,0.664534829455885,0.6,0.645348294558853
63.19,-0.000268481010717843,0.535481486035099,0.664518513964901,0.6,0.645185139649008
63.2,-0.000275969885755373,0.535497837593782,0.664502162406218,0.6,0.645021624062184
63.21,-0.000283458139860767,0.53551422518337,0.66448577481663,0.6,0.644857748166296
63.22,-0.000290945756185457,0.535530648766994,0.664469351233006,0.6,0.644693512330065
63.23,-0.000298432717882336,0.535547108307699,0.664452891692301,0.6,0.644528916923014
63.24,-0.000305919008105717,0.535563603768451,0.664436396231549,0.6,0.644363962315491
63.25,-0.00031340461001145,0.535580135112136,0.664419864887864,0.6,0.64419864887864
63.26,-0.000320889506756952,0.535596702301558,0.664403297698442,0.6,0.644032976984416
63.27,-0.000328373681501198,0.535613305299442,0.664386694700558,0.6,0.643866947005581
63.28,-0.0003358571174048,0.53562994406843,0.66437005593157,0.6,0.643700559315703
63.29,-0.00034333979763003,0.535646618571085,0.664353381428915,0.6,0.643533814289154
63.3,-0.000350821705340859,0.535663328769889,0.664336671230111,0.6,0.643366712301111
63.31,-0.000358302823703,0.535680074627245,0.664319925372755,0.6,0.643199253727551
63.32,-0.000365783135883938,0.535696856105474,0.664303143894526,0.6,0.643031438945258
63.33,-0.000373262625052975,0.535713673166818,0.664286326833182,0.6,0.642863268331816
63.34,-0.000380741274381263,0.535730525773439,0.664269474226561,0.6,0.642694742265606
63.35,-0.000388219067041845,0.535747413887419,0.664252586112581,0.6,0.642525861125812
63.36,-0.000395695986209689,0.535764337470758,0.664235662529242,0.6,0.642356625292418
63.37,-0.000403172015061731,0.535781296485379,0.664218703514621,0.6,0.642187035146206
63.38,-0.00041064713677691,0.535798290893125,0.664201709106875,0.6,0.642017091068749
63.39,-0.000418121334536204,0.535815320655758,0.664184679344242,0.6,0.641846793442424
63.4,-0.000425594591522671,0.53583238573496,0.66416761426504,0.6,0.641676142650401
63.41,-0.000433066890921488,0.535849486092336,0.664150513907664,0.6,0.641505139076645
63.42,-0.000440538215919982,0.535866621689409,0.664133378310591,0.6,0.641333783105911
63.43,-0.000448008549707676,0.535883792487625,0.664116207512375,0.6,0.641162075123752
63.44,-0.000455477875476323,0.535900998448349,0.664099001551651,0.6,0.640990015516509
63.45,-0.000462946176419942,0.535918239532868,0.664081760467132,0.6,0.640817604671319
63.46,-0.000470413435734859,0.53593551570239,0.66406448429761,0.6,0.640644842976105
63.47,-0.000477879636619744,0.535952826918042,0.664047173081958,0.6,0.640471730819578
63.48,-0.000485344762275649,0.535970173140875,0.664029826859124,0.6,0.640298268591245
63.49,-0.000492808795906043,0.535987554331861,0.664012445668139,0.6,0.640124456681392
63.5,-0.000500271720716854,0.53600497045189,0.66399502954811,0.6,0.639950295481099
63.51,-0.000507733519916496,0.536022421461777,0.663977578538223,0.6,0.639775785382227
63.52,-0.000515194176715941,0.536039907322258,0.663960092677742,0.6,0.639600926777423
63.53,-0.000522653674328715,0.536057427993988,0.663942572006012,0.6,0.639425720060117
63.54,-0.000530111995970924,0.536074983437547,0.663925016562453,0.6,0.639250165624531
63.55,-0.000537569124861375,0.536092573613435,0.663907426386565,0.6,0.639074263865654
63.56,-0.000545025044221531,0.536110198482073,0.663889801517927,0.6,0.63889801517927
63.57,-0.000552479737275549,0.536127858003806,0.663872141996194,0.6,0.63872141996194
63.58,-0.0005599331872504,0.5361455521389,0.6638544478611,0.6,0.638544478610997
63.59,-0.000567385377375825,0.536163280847544,0.663836719152456,0.6,0.638367191524563
63.6,-0.000574836290884373,0.536181044089846,0.663818955910153,0.6,0.638189559101535
63.61,-0.000582285911011517,0.536198841825842,0.663801158174158,0.6,0.638011581741582
63.62,-0.000589734220995608,0.536216674015484,0.663783325984516,0.6,0.637833259845155
63.63,-0.00059718120407795,0.536234540618652,0.663765459381348,0.6,0.637654593813479
63.64,-0.000604626843502834,0.536252441595145,0.663747558404855,0.6,0.637475584048552
63.65,-0.000612071122517576,0.536270376904685,0.663729623095315,0.6,0.637296230953146
63.66,-0.00061951402437255,0.536288346506919,0.66371165349308,0.6,0.637116534930805
63.67,-0.000626955532321231,0.536306350361416,0.663693649638584,0.6,0.636936496385844
63.68,-0.000634395629620229,0.536324388427665,0.663675611572335,0.6,0.636756115723351
63.69,-0.000641834299529328,0.536342460665082,0.663657539334918,0.6,0.636575393349184
63.7,-0.000649271525311523,0.536360567033004,0.663639432966996,0.6,0.636394329669964
63.71,-0.000656707290233061,0.536378707490691,0.663621292509309,0.6,0.636212925093087
63.72,-0.000664141577563473,0.536396881997329,0.663603118002671,0.6,0.636031180026714
63.73,-0.000671574370575615,0.536415090512023,0.663584909487977,0.6,0.635849094879769
63.74,-0.000679005652545706,0.536433332993805,0.663566667006194,0.6,0.635666670061945
63.75,-0.000686435406753366,0.53645160940163,0.66354839059837,0.6,0.635483905983697
63.76,-0.000693863616481651,0.536469919694376,0.663530080305624,0.6,0.635300803056245
63.77,-0.000701290265017082,0.536488263830843,0.663511736169157,0.6,0.635117361691571
63.78,-0.00070871533564973,0.536506641769759,0.663493358230241,0.6,0.634933582302414
63.79,-0.000716138811673163,0.536525053469772,0.663474946530228,0.6,0.634749465302282
63.8,-0.000723560676384564,0.536543498889456,0.663456501110544,0.6,0.634565011105439
63.81,-0.000730980913084765,0.53656197798731,0.66343802201269,0.6,0.6343802201269
63.82,-0.000738399505078212,0.536580490721755,0.663419509278245,0.6,0.634195092782452
63.83,-0.000745816435673075,0.536599037051137,0.663400962948863,0.6,0.63400962948863
63.84,-0.000753231688181289,0.536617616933728,0.663382383066272,0.6,0.633823830662722
63.85,-0.000760645245918515,0.536636230327722,0.663363769672278,0.6,0.633637696722781
63.86,-0.000768057092204249,0.536654877191239,0.66334512280876,0.6,0.633451228087605
63.87,-0.000775467210361858,0.536673557482325,0.663326442517675,0.6,0.633264425176747
63.88,-0.000782875583718572,0.536692271158948,0.663307728841052,0.6,0.633077288410516
63.89,-0.000790282195605552,0.536711018179003,0.663288981820997,0.6,0.63288981820997
63.9,-0.000797687029357925,0.536729798500309,0.663270201499691,0.6,0.632702014996914
63.91,-0.000805090068314819,0.536748612080609,0.663251387919391,0.6,0.632513879193909
63.92,-0.000812491295819399,0.536767458877574,0.663232541122426,0.6,0.632325411224258
63.93,-0.000819890695218906,0.536786338848799,0.663213661151201,0.6,0.632136611512014
63.94,-0.000827288249864695,0.536805251951802,0.663194748048198,0.6,0.631947480481977
63.95,-0.000834683943112271,0.536824198144031,0.663175801855969,0.6,0.631758018559692
63.96,-0.000842077758321326,0.536843177382855,0.663156822617145,0.6,0.631568226171446
63.97,-0.000849469678855781,0.536862189625573,0.663137810374427,0.6,0.631378103744274
63.98,-0.000856859688083817,0.536881234829405,0.663118765170595,0.6,0.631187651705951
63.99,-0.000864247769377916,0.536900312951501,0.663099687048499,0.6,0.630996870484994
64,-0.000871633906114898,0.536919423948934,0.663080576051066,0.6,0.63080576051066
64.01,-0.00087901808167596,0.536938567778705,0.663061432221295,0.6,0.630614322212947
64.02,-0.000886400279446708,0.536957744397741,0.663042255602259,0.6,0.630422556022591
64.03,-0.000893780482817202,0.536976953762893,0.663023046237107,0.6,0.630230462371066
64.04,-0.000901158675181977,0.536996195830942,0.663003804169058,0.6,0.630038041690583
64.05,-0.000908534839940132,0.537015470558591,0.662984529441409,0.6,0.629845294414085
64.06,-0.000915908960495271,0.537034777902474,0.662965222097526,0.6,0.62965222097526
64.07,-0.000923281020255626,0.537054117819148,0.662945882180852,0.6,0.629458821808517
64.08,-0.000930651002634093,0.537073490265099,0.662926509734901,0.6,0.629265097349005
64.09,-0.000938018891048187,0.537092895196739,0.662907104803261,0.6,0.629071048032609
64.1,-0.000945384668920164,0.537112332570406,0.662887667429593,0.6,0.628876674295935
64.11,-0.000952748319677053,0.537131802342368,0.662868197657632,0.6,0.628681976576322
64.12,-0.000960109826750615,0.537151304468815,0.662848695531185,0.6,0.628486955311846
64.13,-0.000967469173577463,0.53717083890587,0.66282916109413,0.6,0.628291610941302
64.14,-0.000974826343599096,0.537190405609579,0.662809594390421,0.6,0.62809594390421
64.15,-0.000982181320261859,0.537210004535917,0.662789995464083,0.6,0.627899954640829
64.16,-0.000989534087017057,0.537229635640787,0.662770364359213,0.6,0.627703643592131
64.17,-0.000996884627320993,0.537249298880019,0.662750701119981,0.6,0.627507011199812
64.18,-0.00100423292463493,0.53726899420937,0.66273100579063,0.6,0.627310057906302
64.19,-0.0010115789624252,0.537288721584526,0.662711278415474,0.6,0.627112784154741
64.2,-0.00101892272416325,0.537308480961101,0.662691519038899,0.6,0.626915190388994
64.21,-0.00102626419332559,0.537328272294635,0.662671727705365,0.6,0.626717277053653
64.22,-0.00103360335339393,0.537348095540598,0.662651904459402,0.6,0.626519044594016
64.23,-0.00104094018785517,0.537367950654389,0.662632049345611,0.6,0.626320493456108
64.24,-0.00104827468020141,0.537387837591333,0.662612162408667,0.6,0.626121624086673
64.25,-0.00105560681393006,0.537407756306684,0.662592243693316,0.6,0.625922436933162
64.26,-0.00106293657254385,0.537427706755625,0.662572293244375,0.6,0.625722932443746
64.27,-0.00107026393955077,0.537447688893268,0.662552311106732,0.6,0.625523111067317
64.28,-0.00107758889846429,0.537467702674654,0.662532297325346,0.6,0.625322973253463
64.29,-0.00108491143280324,0.53748774805475,0.66251225194525,0.6,0.625122519452501
64.3,-0.00109223152609193,0.537507824988455,0.662492175011545,0.6,0.624921750115448
64.31,-0.00109954916186015,0.537527933430596,0.662472066569404,0.6,0.624720665694039
64.32,-0.00110686432364321,0.537548073335929,0.662451926664071,0.6,0.624519266640711
64.33,-0.00111417699498202,0.537568244659139,0.662431755340861,0.6,0.62431755340861
64.34,-0.00112148715942305,0.53758844735484,0.66241155264516,0.6,0.624115526451596
64.35,-0.00112879480051844,0.537608681377577,0.662391318622423,0.6,0.623913186224226
64.36,-0.00113609990182603,0.537628946681823,0.662371053318176,0.6,0.623710533181765
64.37,-0.0011434024469093,0.537649243221981,0.662350756778018,0.6,0.623507567780185
64.38,-0.00115070241933754,0.537669570952384,0.662330429047616,0.6,0.623304290476157
64.39,-0.00115799980268585,0.537689929827295,0.662310070172705,0.6,0.62310070172705
64.4,-0.00116529458053507,0.537710319800905,0.662289680199095,0.6,0.622896801990946
64.41,-0.00117258673647197,0.537730740827338,0.662269259172662,0.6,0.622692591726617
64.42,-0.00117987625408923,0.537751192860647,0.662248807139353,0.6,0.622488071393532
64.43,-0.00118716311698541,0.537771675854813,0.662228324145187,0.6,0.622283241451868
64.44,-0.00119444730876506,0.537792189763751,0.662207810236249,0.6,0.622078102362488
64.45,-0.00120172881303879,0.537812734541305,0.662187265458695,0.6,0.621872654586954
64.46,-0.00120900761342318,0.537833310141247,0.662166689858753,0.6,0.621666898587528
64.47,-0.00121628369354096,0.537853916517284,0.662146083482716,0.6,0.621460834827158
64.48,-0.00122355703702095,0.537874553623051,0.662125446376948,0.6,0.621254463769485
64.49,-0.00123082762749811,0.537895221412115,0.662104778587885,0.6,0.621047785878851
64.5,-0.00123809544861363,0.537915919837973,0.662084080162027,0.6,0.620840801620273
64.51,-0.00124536048401492,0.537936648854053,0.662063351145947,0.6,0.620633511459469
64.52,-0.00125262271735564,0.537957408413715,0.662042591586285,0.6,0.620425915862846
64.53,-0.00125988213229577,0.537978198470251,0.662021801529749,0.6,0.620218015297486
64.54,-0.00126713871250164,0.537999018976883,0.662000981023117,0.6,0.620009810231169
64.55,-0.00127439244164594,0.538019869886764,0.661980130113236,0.6,0.619801301132358
64.56,-0.00128164330340779,0.53804075115298,0.66195924884702,0.6,0.619592488470196
64.57,-0.00128889128147274,0.538061662728549,0.661938337271451,0.6,0.619383372714513
64.58,-0.00129613635953285,0.538082604566418,0.661917395433582,0.6,0.619173954335818
64.59,-0.00130337852128671,0.53810357661947,0.66189642338053,0.6,0.618964233805303
64.6,-0.00131061775043943,0.538124578840516,0.661875421159484,0.6,0.618754211594839
64.61,-0.00131785403070278,0.538145611182302,0.661854388817698,0.6,0.618543888176976
64.62,-0.00132508734579511,0.538166673597506,0.661833326402494,0.6,0.618333264024941
64.63,-0.00133231767944147,0.538187766038736,0.661812233961264,0.6,0.618122339612638
64.64,-0.00133954501537361,0.538208888458535,0.661791111541465,0.6,0.617911115414648
64.65,-0.00134676933733004,0.538230040809378,0.661769959190622,0.6,0.617699591906224
64.66,-0.00135399062905602,0.53825122304367,0.66174877695633,0.6,0.617487769563296
64.67,-0.00136120887430366,0.538272435113754,0.661727564886246,0.6,0.617275648862463
64.68,-0.00136842405683191,0.5382936769719,0.6617063230281,0.6,0.617063230280995
64.69,-0.0013756361604066,0.538314948570316,0.661685051429684,0.6,0.616850514296836
64.7,-0.00138284516880052,0.53833624986114,0.66166375013886,0.6,0.616637501388596
64.71,-0.00139005106579338,0.538357580796444,0.661642419203555,0.6,0.616424192035555
64.72,-0.00139725383517194,0.538378941328235,0.661621058671765,0.6,0.616210586717654
64.73,-0.00140445346072996,0.538400331408449,0.661599668591551,0.6,0.615996685915512
64.74,-0.00141164992626828,0.53842175098896,0.66157824901104,0.6,0.615782490110403
64.75,-0.00141884321559487,0.538443200021574,0.661556799978426,0.6,0.615567999784263
64.76,-0.00142603331252482,0.53846467845803,0.66153532154197,0.6,0.615353215419703
64.77,-0.00143322020088041,0.538486186250002,0.661513813749998,0.6,0.615138137499983
64.78,-0.00144040386449117,0.538507723349097,0.661492276650903,0.6,0.614922766509026
64.79,-0.00144758428719382,0.538529289706858,0.661470710293142,0.6,0.614707102931423
64.8,-0.00145476145283245,0.538550885274759,0.661449114725241,0.6,0.614491147252413
64.81,-0.00146193534525843,0.538572510004211,0.661427489995789,0.6,0.614274899957894
64.82,-0.00146910594833048,0.538594163846557,0.661405836153443,0.6,0.61405836153443
64.83,-0.00147627324591478,0.538615846753078,0.661384153246922,0.6,0.613841532469224
64.84,-0.0014834372218849,0.538637558674986,0.661362441325014,0.6,0.613624413250143
64.85,-0.00149059786012189,0.538659299563429,0.661340700436571,0.6,0.613407004365712
64.86,-0.00149775514451432,0.538681069369491,0.661318930630509,0.6,0.613189306305092
64.87,-0.00150490905895833,0.538702868044189,0.661297131955811,0.6,0.612971319558108
64.88,-0.00151205958735756,0.538724695538477,0.661275304461523,0.6,0.612753044615232
64.89,-0.00151920671362338,0.538746551803242,0.661253448196758,0.6,0.612534481967577
64.9,-0.00152635042167473,0.538768436789309,0.661231563210691,0.6,0.612315632106911
64.91,-0.00153349069543827,0.538790350447435,0.661209649552565,0.6,0.612096495525651
64.92,-0.00154062751884839,0.538812292728315,0.661187707271685,0.6,0.611877072716848
64.93,-0.00154776087584726,0.53883426358258,0.66116573641742,0.6,0.611657364174204
64.94,-0.00155489075038479,0.538856262960793,0.661143737039207,0.6,0.611437370392067
64.95,-0.0015620171264188,0.538878290813458,0.661121709186542,0.6,0.611217091865418
64.96,-0.00156913998791492,0.538900347091011,0.661099652908989,0.6,0.610996529089889
64.97,-0.00157625931884675,0.538922431743826,0.661077568256174,0.6,0.610775682561739
64.98,-0.00158337510319577,0.538944544722212,0.661055455277788,0.6,0.61055455277788
64.99,-0.00159048732495147,0.538966685976415,0.661033314023585,0.6,0.61033314023585
65,-0.00159759596811137,0.538988855456617,0.661011144543383,0.6,0.610111445433826
65.01,-0.00160470101668101,0.539011053112937,0.660988946887063,0.6,0.609889468870626
65.02,-0.00161180245467403,0.539033278895431,0.660966721104569,0.6,0.609667211045694
65.03,-0.00161890026611222,0.539055532754089,0.660944467245911,0.6,0.609444672459106
65.04,-0.00162599443502549,0.539077814638842,0.660922185361158,0.6,0.609221853611583
65.05,-0.00163308494545196,0.539100124499554,0.660899875500446,0.6,0.60899875500446
65.06,-0.00164017178143801,0.539122462286029,0.660877537713971,0.6,0.60877537713971
65.07,-0.00164725492703823,0.539144827948006,0.660855172051994,0.6,0.608551720519938
65.08,-0.00165433436631556,0.539167221435164,0.660832778564836,0.6,0.608327785648363
65.09,-0.00166141008334128,0.539189642697116,0.660810357302884,0.6,0.608103573028843
65.1,-0.00166848206219499,0.539212091683414,0.660787908316586,0.6,0.60787908316586
65.11,-0.00167555028696477,0.539234568343549,0.660765431656451,0.6,0.607654316564509
65.12,-0.00168261474174712,0.539257072626948,0.660742927373052,0.6,0.607429273730518
65.13,-0.001689675410647,0.539279604482977,0.660720395517023,0.6,0.607203955170235
65.14,-0.00169673227777792,0.539302163860938,0.660697836139062,0.6,0.606978361390623
65.15,-0.00170378532726195,0.539324750710073,0.660675249289927,0.6,0.60675249289927
65.16,-0.00171083454322969,0.539347364979562,0.660652635020438,0.6,0.606526350204382
65.17,-0.00171787990982044,0.539370006618523,0.660629993381477,0.6,0.606299933814775
65.18,-0.00172492141118212,0.539392675576011,0.660607324423989,0.6,0.606073244239889
65.19,-0.00173195903147134,0.539415371801022,0.660584628198978,0.6,0.605846281989777
65.2,-0.00173899275485348,0.53943809524249,0.66056190475751,0.6,0.6056190475751
65.21,-0.00174602256550265,0.539460845849286,0.660539154150714,0.6,0.605391541507138
65.22,-0.00175304844760178,0.539483623570222,0.660516376429778,0.6,0.605163764297778
65.23,-0.00176007038534265,0.539506428354048,0.660493571645952,0.6,0.60493571645952
65.24,-0.0017670883629259,0.539529260149453,0.660470739850547,0.6,0.604707398505472
65.25,-0.00177410236456107,0.539552118905065,0.660447881094935,0.6,0.604478810949347
65.26,-0.00178111237446667,0.539575004569453,0.660424995430547,0.6,0.604249954305469
65.27,-0.00178811837687018,0.539597917091123,0.660402082908876,0.6,0.604020829088765
65.28,-0.0017951203560081,0.539620856418523,0.660379143581477,0.6,0.603791435814766
65.29,-0.00180211829612597,0.539643822500039,0.660356177499961,0.6,0.603561774999607
65.3,-0.00180911218147844,0.539666815283998,0.660333184716002,0.6,0.603331847160022
65.31,-0.00181610199632926,0.539689834718664,0.660310165281335,0.6,0.603101652813355
65.32,-0.00182308772495135,0.539712880752246,0.660287119247754,0.6,0.602871192477539
65.33,-0.00183006935162685,0.539735953332889,0.660264046667111,0.6,0.602640466671107
65.34,-0.00183704686064706,0.53975905240868,0.66024094759132,0.6,0.602409475913198
65.35,-0.00184402023631261,0.539782177927646,0.660217822072354,0.6,0.602178220723538
65.36,-0.00185098946293342,0.539805329837755,0.660194670162245,0.6,0.60194670162245
65.37,-0.00185795452482871,0.539828508086915,0.660171491913085,0.6,0.601714919130855
65.38,-0.00186491540632709,0.539851712622974,0.660148287377026,0.6,0.60148287377026
65.39,-0.00187187209176661,0.539874943393723,0.660125056606277,0.6,0.601250566062768
65.4,-0.00187882456549471,0.539898200346893,0.660101799653107,0.6,0.601017996531074
65.41,-0.00188577281186832,0.539921483430154,0.660078516569846,0.6,0.600785165698456
65.42,-0.00189271681525392,0.539944792591122,0.660055207408878,0.6,0.600552074088784
65.43,-0.00189965656002747,0.539968127777348,0.660031872222652,0.6,0.600318722226516
65.44,-0.00190659203057455,0.539991488936331,0.660008511063669,0.6,0.600085110636692
65.45,-0.00191352321129039,0.540014876015506,0.659985123984493,0.6,0.599851239844935
65.46,-0.00192045008657979,0.540038288962254,0.659961711037746,0.6,0.599617110377462
65.47,-0.00192737264085732,0.540061727723894,0.659938272276106,0.6,0.599382722761056
65.48,-0.00193429085854722,0.540085192247691,0.659914807752309,0.6,0.599148077523093
65.49,-0.0019412047240835,0.540108682480847,0.659891317519153,0.6,0.598913175191527
65.5,-0.00194811422190997,0.540132198370512,0.659867801629488,0.6,0.598678016294881
65.51,-0.00195501933648027,0.540155739863773,0.659844260136227,0.6,0.598442601362268
65.52,-0.00196192005225787,0.540179306907663,0.659820693092337,0.6,0.598206930923373
65.53,-0.00196881635371619,0.540202899449155,0.659797100550845,0.6,0.59797100550845
65.54,-0.00197570822533854,0.540226517435167,0.659773482564833,0.6,0.597734825648333
65.55,-0.00198259565161823,0.540250160812558,0.659749839187442,0.6,0.597498391874424
65.56,-0.00198947861705854,0.54027382952813,0.65972617047187,0.6,0.597261704718703
65.57,-0.00199635710617278,0.540297523528628,0.659702476471371,0.6,0.597024764713715
65.58,-0.0020032311034844,0.540321242760743,0.659678757239257,0.6,0.596787572392572
65.59,-0.00201010059352687,0.540344987171104,0.659655012828896,0.6,0.596550128288961
65.6,-0.00201696556084384,0.540368756706287,0.659631243293713,0.6,0.596312432937128
65.61,-0.00202382598998917,0.540392551312811,0.659607448687189,0.6,0.596074486871887
65.62,-0.00203068186552687,0.540416370937138,0.659583629062862,0.6,0.59583629062862
65.63,-0.00203753317203122,0.540440215525673,0.659559784474327,0.6,0.595597844743266
65.64,-0.0020443798940868,0.540464085024767,0.659535914975233,0.6,0.595359149752327
65.65,-0.00205122201628848,0.540487979380713,0.659512020619287,0.6,0.59512020619287
65.66,-0.00205805952324148,0.540511898539748,0.659488101460251,0.6,0.594881014602515
65.67,-0.00206489239956144,0.540535842448056,0.659464157551944,0.6,0.594641575519442
65.68,-0.00207172062987436,0.540559811051761,0.659440188948239,0.6,0.594401889482393
65.69,-0.00207854419881673,0.540583804296934,0.659416195703066,0.6,0.59416195703066
65.7,-0.00208536309103555,0.540607822129591,0.659392177870409,0.6,0.593921778704088
65.71,-0.00209217729118827,0.540631864495692,0.659368135504308,0.6,0.593681355043083
65.72,-0.00209898678394298,0.540655931341141,0.659344068658859,0.6,0.593440686588593
65.73,-0.00210579155397832,0.540680022611787,0.659319977388212,0.6,0.593199773882125
65.74,-0.00211259158598354,0.540704138253427,0.659295861746573,0.6,0.592958617465733
65.75,-0.00211938686465859,0.540728278211798,0.659271721788202,0.6,0.592717217882016
65.76,-0.00212617737471409,0.540752442432587,0.659247557567412,0.6,0.592475575674125
65.77,-0.00213296310087138,0.540776630861424,0.659223369138576,0.6,0.592233691385757
65.78,-0.0021397440278626,0.540800843443885,0.659199156556115,0.6,0.591991565561146
65.79,-0.00214652014043066,0.540825080125492,0.659174919874508,0.6,0.59174919874508
65.8,-0.00215329142332932,0.540849340851712,0.659150659148288,0.6,0.591506591482881
65.81,-0.00216005786132317,0.540873625567958,0.659126374432042,0.6,0.591263744320417
65.82,-0.00216681943918776,0.540897934219591,0.659102065780409,0.6,0.591020657804093
65.83,-0.00217357614170951,0.540922266751914,0.659077733248085,0.6,0.590777332480855
65.84,-0.00218032795368587,0.540946623110181,0.659053376889818,0.6,0.590533768898185
65.85,-0.00218707485992525,0.54097100323959,0.65902899676041,0.6,0.590289967604098
65.86,-0.00219381684524711,0.540995407085285,0.659004592914715,0.6,0.590045929147149
65.87,-0.002200553894482,0.541019834592357,0.658980165407642,0.6,0.589801654076425
65.88,-0.00220728599247156,0.541044285705846,0.658955714294154,0.6,0.589557142941545
65.89,-0.00221401312406856,0.541068760370734,0.658931239629266,0.6,0.589312396292656
65.9,-0.00222073527413697,0.541093258531956,0.658906741468044,0.6,0.589067414680441
65.91,-0.00222745242755195,0.541117780134389,0.658882219865611,0.6,0.588822198656106
65.92,-0.00223416456919991,0.541142325122861,0.658857674877139,0.6,0.588576748771389
65.93,-0.00224087168397853,0.541166893442145,0.658833106557855,0.6,0.588331065578551
65.94,-0.0022475737567968,0.541191485036962,0.658808514963038,0.6,0.588085149630381
65.95,-0.00225427077257508,0.541216099851981,0.658783900148019,0.6,0.587839001480187
65.96,-0.00226096271624505,0.541240737831819,0.65875926216818,0.6,0.587592621681805
65.97,-0.00226764957274988,0.541265398921042,0.658734601078958,0.6,0.587346010789584
65.98,-0.00227433132704413,0.541290083064159,0.658709916935841,0.6,0.587099169358407
65.99,-0.00228100796409384,0.541314790205634,0.658685209794366,0.6,0.586852097943661
66,-0.00228767946887661,0.541339520289874,0.658660479710126,0.6,0.586604797101257
66.01,-0.00229434582638153,0.541364273261238,0.658635726738762,0.6,0.586357267387624
66.02,-0.0023010070216093,0.54138904906403,0.65861095093597,0.6,0.586109509359702
66.03,-0.00230766303957226,0.541413847642505,0.658586152357495,0.6,0.585861523574946
66.04,-0.00231431386529434,0.541438668940867,0.658561331059133,0.6,0.585613310591327
66.05,-0.0023209594838112,0.541463512903268,0.658536487096732,0.6,0.585364870967321
66.06,-0.00232759988017022,0.541488379473808,0.658511620526192,0.6,0.585116205261917
66.07,-0.00233423503943047,0.541513268596538,0.658486731403462,0.6,0.584867314034617
66.08,-0.00234086494666287,0.541538180215458,0.658461819784542,0.6,0.584618197845421
66.09,-0.00234748958695014,0.541563114274516,0.658436885725484,0.6,0.584368857254841
66.1,-0.00235410894538681,0.54158807071761,0.65841192928239,0.6,0.584119292823898
66.11,-0.00236072300707936,0.541613049488589,0.658386950511411,0.6,0.583869505114106
66.12,-0.00236733175714614,0.541638050531251,0.658361949468749,0.6,0.583619494687488
66.13,-0.00237393518071746,0.541663073789343,0.658336926210657,0.6,0.583369262106573
66.14,-0.00238053326293562,0.541688119206562,0.658311880793438,0.6,0.583118807934379
66.15,-0.00238712598895496,0.541713186726557,0.658286813273443,0.6,0.582868132734427
66.16,-0.00239371334394181,0.541738276292926,0.658261723707074,0.6,0.582617237070741
66.17,-0.00240029531307466,0.541763387849217,0.658236612150783,0.6,0.582366121507831
66.18,-0.00240687188154407,0.541788521338929,0.658211478661071,0.6,0.582114786610709
66.19,-0.00241344303455275,0.541813676705512,0.658186323294488,0.6,0.581863232944881
66.2,-0.00242000875731563,0.541838853892366,0.658161146107634,0.6,0.581611461076338
66.21,-0.00242656903505982,0.541864052842843,0.658135947157157,0.6,0.581359471571571
66.22,-0.00243312385302472,0.541889273500245,0.658110726499755,0.6,0.58110726499755
66.23,-0.00243967319646196,0.541914515807825,0.658085484192175,0.6,0.580854841921747
66.24,-0.00244621705063554,0.541939779708789,0.658060220291211,0.6,0.580602202912111
66.25,-0.0024527554008218,0.541965065146292,0.658034934853708,0.6,0.580349348537076
66.26,-0.00245928823230944,0.541990372063443,0.658009627936557,0.6,0.580096279365571
66.27,-0.00246581553039958,0.5420157004033,0.6579842995967,0.6,0.579842995966997
66.28,-0.00247233728040583,0.542041050108876,0.657958949891124,0.6,0.57958949891124
66.29,-0.00247885346765423,0.542066421123133,0.657933578876867,0.6,0.579335788768675
66.3,-0.00248536407748339,0.542091813388986,0.657908186611014,0.6,0.579081866110143
66.31,-0.00249186909524442,0.542117226849303,0.657882773150697,0.6,0.578827731506971
66.32,-0.00249836850630103,0.542142661446903,0.657857338553097,0.6,0.578573385530967
66.33,-0.00250486229602955,0.54216811712456,0.65783188287544,0.6,0.578318828754403
66.34,-0.00251135044981898,0.542193593824997,0.657806406175003,0.6,0.578064061750033
66.35,-0.00251783295307094,0.542219091490891,0.657780908509109,0.6,0.577809085091088
66.36,-0.00252430979119982,0.542244610064874,0.657755389935126,0.6,0.577553899351257
66.37,-0.00253078094963275,0.542270149489529,0.657729850510471,0.6,0.577298505104713
66.38,-0.00253724641380959,0.542295709707391,0.657704290292609,0.6,0.577042902926094
66.39,-0.00254370616918308,0.54232129066095,0.65767870933905,0.6,0.576787093390501
66.4,-0.00255016020121877,0.542346892292649,0.657653107707351,0.6,0.576531077073505
66.41,-0.00255660849539507,0.542372514544885,0.657627485455115,0.6,0.576274854551149
66.42,-0.00256305103720334,0.542398157360007,0.657601842639993,0.6,0.576018426399927
66.43,-0.00256948781214786,0.54242382068032,0.65757617931968,0.6,0.575761793196803
66.44,-0.00257591880574588,0.542449504448079,0.657550495551921,0.6,0.575504955519206
66.45,-0.00258234400352767,0.542475208605498,0.657524791394502,0.6,0.575247913945016
66.46,-0.00258876339103655,0.542500933094742,0.657499066905258,0.6,0.574990669052579
66.47,-0.00259517695382889,0.542526677857931,0.657473322142069,0.6,0.574733221420693
66.48,-0.00260158467747418,0.542552442837138,0.657447557162862,0.6,0.574475571628619
66.49,-0.00260798654755505,0.542578227974393,0.657421772025607,0.6,0.574217720256067
66.5,-0.00261438254966728,0.54260403321168,0.65739596678832,0.6,0.573959667883203
66.51,-0.00262077266941987,0.542629858490936,0.657370141509064,0.6,0.573701415090643
66.52,-0.00262715689243507,0.542655703754054,0.657344296245946,0.6,0.573442962459457
66.53,-0.00263353520434837,0.542681568942884,0.657318431057116,0.6,0.573184310571163
66.54,-0.00263990759080856,0.542707453999227,0.657292546000773,0.6,0.57292546000773
66.55,-0.0026462740374778,0.542733358864843,0.657266641135157,0.6,0.572666411351567
66.56,-0.00265263453003156,0.542759283481446,0.657240716518554,0.6,0.572407165185537
66.57,-0.00265898905415875,0.542785227790706,0.657214772209294,0.6,0.572147722092944
66.58,-0.00266533759556169,0.542811191734247,0.657188808265753,0.6,0.57188808265753
66.59,-0.00267168013995617,0.542837175253651,0.657162824746349,0.6,0.57162824746349
66.6,-0.00267801667307145,0.542863178290455,0.657136821709545,0.6,0.57136821709545
66.61,-0.00268434718065036,0.542889200786152,0.657110799213848,0.6,0.571107992138477
66.62,-0.00269067164844924,0.542915242682192,0.657084757317808,0.6,0.570847573178079
66.63,-0.00269699006223804,0.54294130391998,0.65705869608002,0.6,0.5705869608002
66.64,-0.00270330240780035,0.542967384440879,0.657032615559121,0.6,0.570326155591212
66.65,-0.00270960867093337,0.542993484186207,0.657006515813793,0.6,0.570065158137933
66.66,-0.00271590883744802,0.543019603097239,0.656980396902761,0.6,0.569803969027606
66.67,-0.00272220289316895,0.54304574111521,0.65695425888479,0.6,0.569542588847901
66.68,-0.00272849082393451,0.543071898181307,0.656928101818693,0.6,0.56928101818693
66.69,-0.00273477261559686,0.543098074236678,0.656901925763322,0.6,0.569019257633224
66.7,-0.00274104825402199,0.543124269222426,0.656875730777574,0.6,0.568757307775742
66.71,-0.0027473177250897,0.543150483079612,0.656849516920388,0.6,0.568495169203876
66.72,-0.00275358101469368,0.543176715749257,0.656823284250743,0.6,0.568232842507433
66.73,-0.00275983810874156,0.543202967172335,0.656797032827665,0.6,0.56797032827665
66.74,-0.00276608899315484,0.543229237289781,0.656770762710219,0.6,0.567707627102186
66.75,-0.00277233365386906,0.543255526042489,0.656744473957511,0.6,0.567444739575115
66.76,-0.00277857207683373,0.543281833371307,0.656718166628693,0.6,0.567181666286934
66.77,-0.00278480424801239,0.543308159217044,0.656691840782956,0.6,0.566918407829562
66.78,-0.00279103015338267,0.543334503520468,0.656665496479532,0.6,0.566654964795325
66.79,-0.00279724977893628,0.543360866222303,0.656639133777697,0.6,0.566391337776974
66.8,-0.00280346311067908,0.543387247263234,0.656612752736766,0.6,0.566127527367664
66.81,-0.00280967013463106,0.543413646583902,0.656586353416098,0.6,0.565863534160975
66.82,-0.00281587083682641,0.543440064124911,0.656559935875089,0.6,0.565599358750889
66.83,-0.00282206520331358,0.54346649982682,0.65653350017318,0.6,0.565335001731798
66.84,-0.00282825322015523,0.543492953630149,0.656507046369851,0.6,0.56507046369851
66.85,-0.00283443487342831,0.543519425475377,0.656480574524623,0.6,0.564805745246233
66.86,-0.00284061014922415,0.543545915302942,0.656454084697058,0.6,0.56454084697058
66.87,-0.00284677903364833,0.543572423053242,0.656427576946758,0.6,0.564275769467579
66.88,-0.00285294151282089,0.543598948666635,0.656401051333365,0.6,0.564010513333649
66.89,-0.00285909757287626,0.543625492083438,0.656374507916562,0.6,0.563745079165617
66.9,-0.00286524719996329,0.543652053243929,0.656347946756071,0.6,0.563479467560712
66.91,-0.00287139038024532,0.543678632088344,0.656321367911656,0.6,0.56321367911656
66.92,-0.00287752709990023,0.543705228556882,0.656294771443118,0.6,0.562947714431179
66.93,-0.00288365734512036,0.5437318425897,0.6562681574103,0.6,0.562681574102998
66.94,-0.00288978110211268,0.543758474126917,0.656241525873083,0.6,0.562415258730827
66.95,-0.00289589835709875,0.543785123108612,0.656214876891388,0.6,0.562148768913876
66.96,-0.00290200909631472,0.543811789474825,0.656188210525175,0.6,0.56188210525175
66.97,-0.00290811330601146,0.543838473165556,0.656161526834444,0.6,0.561615268344438
66.98,-0.0029142109724545,0.543865174120768,0.656134825879232,0.6,0.561348258792325
66.99,-0.00292030208192406,0.543891892280381,0.656108107719618,0.6,0.561081077196185
67,-0.00292638662071517,0.543918627584283,0.656081372415717,0.6,0.560813724157171
67.01,-0.00293246457513764,0.543945379972317,0.656054620027683,0.6,0.56054620027683
67.02,-0.00293853593151603,0.543972149384291,0.656027850615709,0.6,0.560278506157095
67.03,-0.00294460067618982,0.543998935759973,0.656001064240027,0.6,0.560010642400269
67.04,-0.00295065879551334,0.544025739039095,0.655974260960905,0.6,0.55974260960905
67.05,-0.0029567102758558,0.544052559161349,0.655947440838651,0.6,0.559474408386514
67.06,-0.00296275510360139,0.544079396066389,0.655920603933611,0.6,0.559206039336109
67.07,-0.00296879326514925,0.544106249693833,0.655893750306167,0.6,0.558937503061667
67.08,-0.00297482474691352,0.54413311998326,0.65586688001674,0.6,0.558668800167396
67.09,-0.00298084953532336,0.544160006874213,0.655839993125787,0.6,0.558399931257875
67.1,-0.00298686761682301,0.544186910306194,0.655813089693806,0.6,0.558130896938061
67.11,-0.00299287897787177,0.544213830218672,0.655786169781328,0.6,0.55786169781328
67.12,-0.0029988836049441,0.544240766551077,0.655759233448923,0.6,0.55759233448923
67.13,-0.00300488148452958,0.544267719242802,0.655732280757198,0.6,0.557322807571978
67.14,-0.00301087260313299,0.544294688233204,0.655705311766796,0.6,0.557053117667961
67.15,-0.00301685694727432,0.544321673461602,0.655678326538398,0.6,0.556783265383979
67.16,-0.00302283450348878,0.54434867486728,0.65565132513272,0.6,0.556513251327201
67.17,-0.00302880525832689,0.544375692389484,0.655624307610516,0.6,0.556243076105158
67.18,-0.00303476919835444,0.544402725967425,0.655597274032575,0.6,0.555972740325745
67.19,-0.00304072631015258,0.544429775540278,0.655570224459722,0.6,0.555702244597216
67.2,-0.0030466765803178,0.544456841047181,0.655543158952819,0.6,0.555431589528187
67.21,-0.003052619995462,0.544483922427237,0.655516077572763,0.6,0.555160775727633
67.22,-0.00305855654221251,0.544511019619512,0.655488980380488,0.6,0.554889803804881
67.23,-0.00306448620721208,0.544538132563038,0.655461867436962,0.6,0.554618674369622
67.24,-0.00307040897711897,0.54456526119681,0.65543473880319,0.6,0.554347388031897
67.25,-0.00307632483860697,0.54459240545979,0.65540759454021,0.6,0.554075945402096
67.26,-0.00308223377836537,0.544619565290903,0.655380434709097,0.6,0.553804347090969
67.27,-0.00308813578309907,0.544646740629039,0.655353259370961,0.6,0.55353259370961
67.28,-0.00309403083952857,0.544673931413054,0.655326068586946,0.6,0.553260685869463
67.29,-0.00309991893438999,0.544701137581767,0.655298862418233,0.6,0.552988624182326
67.3,-0.0031058000544351,0.544728359073967,0.655271640926033,0.6,0.552716409260331
67.31,-0.00311167418643141,0.544755595828404,0.655244404171596,0.6,0.552444041715964
67.32,-0.0031175413171621,0.544782847783795,0.655217152216205,0.6,0.552171522162054
67.33,-0.00312340143342615,0.544810114878823,0.655189885121176,0.6,0.551898851211765
67.34,-0.0031292545220383,0.544837397052139,0.655162602947861,0.6,0.55162602947861
67.35,-0.00313510056982908,0.544864694242356,0.655135305757644,0.6,0.55135305757644
67.36,-0.0031409395636449,0.544892006388056,0.655107993611944,0.6,0.551079936119436
67.37,-0.00314677149034805,0.544919333427788,0.655080666572212,0.6,0.550806665722124
67.38,-0.00315259633681665,0.544946675300063,0.655053324699937,0.6,0.550533246999366
67.39,-0.00315841408994483,0.544974031943365,0.655025968056635,0.6,0.550259680566347
67.4,-0.00316422473664265,0.54500140329614,0.65499859670386,0.6,0.549985967038595
67.41,-0.00317002826383613,0.545028789296803,0.654971210703197,0.6,0.549712107031968
67.42,-0.00317582465846736,0.545056189883736,0.654943810116264,0.6,0.549438101162644
67.43,-0.00318161390749446,0.545083604995286,0.654916395004714,0.6,0.549163950047141
67.44,-0.00318739599789159,0.54511103456977,0.65488896543023,0.6,0.5488896543023
67.45,-0.00319317091664908,0.545138478545472,0.654861521454528,0.6,0.548615214545282
67.46,-0.00319893865077335,0.545165936860642,0.654834063139358,0.6,0.54834063139358
67.47,-0.00320469918728702,0.5451934094535,0.6548065905465,0.6,0.548065905465003
67.48,-0.00321045251322886,0.545220896262231,0.654779103737769,0.6,0.547791037377687
67.49,-0.0032161986156539,0.545248397224992,0.654751602775008,0.6,0.547516027750085
67.5,-0.00322193748163341,0.545275912279904,0.654724087720096,0.6,0.547240877200964
67.51,-0.00322766909825495,0.545303441365058,0.654696558634942,0.6,0.546965586349418
67.52,-0.00323339345262237,0.545330984418515,0.654669015581485,0.6,0.546690155814851
67.53,-0.00323911053185591,0.545358541378302,0.654641458621698,0.6,0.546414586216977
67.54,-0.0032448203230921,0.545386112182417,0.654613887817583,0.6,0.546138878175831
67.55,-0.00325052281348393,0.545413696768824,0.654586303231176,0.6,0.545863032311757
67.56,-0.00325621799020081,0.54544129507546,0.65455870492454,0.6,0.545587049245404
67.57,-0.00326190584042858,0.545468907040226,0.654531092959774,0.6,0.545310929597739
67.58,-0.00326758635136959,0.545496532600997,0.654503467399003,0.6,0.545034673990026
67.59,-0.00327325951024269,0.545524171695616,0.654475828304384,0.6,0.544758283043842
67.6,-0.00327892530428326,0.545551824261893,0.654448175738107,0.6,0.54448175738107
67.61,-0.00328458372074329,0.545579490237611,0.654420509762389,0.6,0.544205097623887
67.62,-0.00329023474689134,0.545607169560522,0.654392830439478,0.6,0.54392830439478
67.63,-0.00329587837001258,0.545634862168347,0.654365137831653,0.6,0.543651378316534
67.64,-0.00330151457740889,0.545662567998777,0.654337432001223,0.6,0.543374320012231
67.65,-0.00330714335639879,0.545690286989475,0.654309713010525,0.6,0.543097130105253
67.66,-0.00331276469431753,0.545718019078072,0.654281980921928,0.6,0.542819809219279
67.67,-0.00331837857851711,0.545745764202172,0.654254235797828,0.6,0.542542357978278
67.68,-0.00332398499636629,0.545773522299348,0.654226477700652,0.6,0.542264777006516
67.69,-0.00332958393525062,0.545801293307145,0.654198706692855,0.6,0.541987066928552
67.7,-0.00333517538257251,0.545829077163077,0.654170922836923,0.6,0.541709228369229
67.71,-0.0033407593257512,0.545856873804631,0.654143126195369,0.6,0.541431261953689
67.72,-0.00334633575222281,0.545884683169265,0.654115316830735,0.6,0.541153168307352
67.73,-0.00335190464944039,0.545912505194407,0.654087494805593,0.6,0.540874948055932
67.74,-0.00335746600487392,0.545940339817458,0.654059660182542,0.6,0.540596601825423
67.75,-0.00336301980601036,0.54596818697579,0.65403181302421,0.6,0.540318130242102
67.76,-0.00336856604035365,0.545996046606747,0.654003953393253,0.6,0.540039533932534
67.77,-0.00337410469542478,0.546023918647644,0.653976081352356,0.6,0.539760813523557
67.78,-0.00337963575876176,0.546051803035771,0.653948196964229,0.6,0.539481969642293
67.79,-0.00338515921791971,0.546079699708386,0.653920300291614,0.6,0.539203002916141
67.8,-0.00339067506047085,0.546107608602722,0.653892391397278,0.6,0.538923913972776
67.81,-0.00339618327400453,0.546135529655985,0.653864470344015,0.6,0.538644703440148
67.82,-0.00340168384612728,0.546163462805352,0.653836537194648,0.6,0.538365371946481
67.83,-0.00340717676446282,0.546191407987973,0.653808592012027,0.6,0.538085920120267
67.84,-0.00341266201665206,0.546219365140972,0.653780634859028,0.6,0.537806348590278
67.85,-0.00341813959035321,0.546247334201445,0.653752665798555,0.6,0.537526657985549
67.86,-0.00342360947324173,0.546275315106462,0.653724684893538,0.6,0.537246848935379
67.87,-0.00342907165301037,0.546303307793066,0.653696692206934,0.6,0.536966922069343
67.88,-0.00343452611736924,0.546331312198272,0.653668687801727,0.6,0.536686878017275
67.89,-0.0034399728540458,0.546359328259073,0.653640671740927,0.6,0.536406717409271
67.9,-0.00344541185078489,0.54638735591243,0.65361264408757,0.6,0.536126440875698
67.91,-0.00345084309534876,0.546415395095282,0.653584604904717,0.6,0.535846049047175
67.92,-0.00345626657551713,0.546443445744542,0.653556554255458,0.6,0.535565542554581
67.93,-0.00346168227908716,0.546471507797094,0.653528492202906,0.6,0.535284922029061
67.94,-0.00346709019387351,0.546499581189799,0.653500418810201,0.6,0.535004188102007
67.95,-0.00347249030770841,0.546527665859493,0.653472334140507,0.6,0.53472334140507
67.96,-0.00347788260844156,0.546555761742984,0.653444238257016,0.6,0.534442382570158
67.97,-0.00348326708394032,0.546583868777057,0.653416131222943,0.6,0.534161312229426
67.98,-0.00348864372208962,0.546611986898472,0.653388013101528,0.6,0.533880131015282
67.99,-0.003494012510792,0.546640116043961,0.653359883956039,0.6,0.533598839560386
68,-0.00349937343796771,0.546668256150236,0.653331743849764,0.6,0.533317438497641
68.01,-0.00350472649155467,0.54669640715398,0.65330359284602,0.6,0.533035928460199
68.02,-0.00351007165950849,0.546724568991854,0.653275431008146,0.6,0.532754310081461
68.03,-0.00351540892980256,0.546752741600494,0.653247258399506,0.6,0.532472583995064
68.04,-0.00352073829042803,0.546780924916511,0.653219075083489,0.6,0.532190750834894
68.05,-0.00352605972939382,0.546809118876492,0.653190881123508,0.6,0.531908811235077
68.06,-0.00353137323472671,0.546837323417003,0.653162676582997,0.6,0.531626765829972
68.07,-0.00353667879447131,0.546865538474581,0.653134461525419,0.6,0.531344615254186
68.08,-0.00354197639669012,0.546893763985745,0.653106236014255,0.6,0.531062360142553
68.09,-0.00354726602946353,0.546921999886985,0.653078000113015,0.6,0.530780001130152
68.1,-0.00355254768088986,0.546950246114771,0.653049753885229,0.6,0.530497538852289
68.11,-0.00355782133908543,0.54697850260555,0.65302149739445,0.6,0.530214973944501
68.12,-0.00356308699218447,0.547006769295744,0.652993230704256,0.6,0.529932307042562
68.13,-0.00356834462833928,0.547035046121753,0.652964953878247,0.6,0.529649538782473
68.14,-0.00357359423572019,0.547063333019954,0.652936666980046,0.6,0.529366669800458
68.15,-0.00357883580251558,0.547091629926702,0.652908370073298,0.6,0.529083700732977
68.16,-0.00358406931693191,0.547119936778329,0.652880063221671,0.6,0.528800632216709
68.17,-0.0035892947671938,0.547148253511144,0.652851746488856,0.6,0.528517464888556
68.18,-0.00359451214154398,0.547176580061435,0.652823419938565,0.6,0.528234199385647
68.19,-0.00359972142824334,0.547204916365467,0.652795083634533,0.6,0.527950836345328
68.2,-0.00360492261557103,0.547233262359484,0.652766737640516,0.6,0.527667376405164
68.21,-0.00361011569182434,0.547261617979706,0.652738382020294,0.6,0.527383820202945
68.22,-0.00361530064531887,0.547289983162333,0.652710016837666,0.6,0.527100168376665
68.23,-0.00362047746438848,0.547318357843545,0.652681642156455,0.6,0.526816421564547
68.24,-0.00362564613738531,0.547346741959498,0.652653258040502,0.6,0.526532580405018
68.25,-0.00363080665267986,0.547375135446328,0.652624864553672,0.6,0.526248645536721
68.26,-0.00363595899866099,0.547403538240149,0.652596461759851,0.6,0.525964617598508
68.27,-0.00364110316373589,0.547431950277055,0.652568049722945,0.6,0.525680497229446
68.28,-0.00364623913633021,0.54746037149312,0.65253962850688,0.6,0.5253962850688
68.29,-0.00365136690488803,0.547488801824395,0.652511198175605,0.6,0.525111981756051
68.3,-0.00365648645787183,0.547517241206912,0.652482758793088,0.6,0.524827587930882
68.31,-0.00366159778376265,0.547545689576682,0.652454310423318,0.6,0.524543104233176
68.32,-0.00366670087106001,0.547574146869698,0.652425853130302,0.6,0.524258531303022
68.33,-0.00367179570828195,0.547602613021929,0.652397386978071,0.6,0.523973869780711
68.34,-0.00367688228396509,0.547631087969327,0.652368912030673,0.6,0.523689120306728
68.35,-0.00368196058666465,0.547659571647824,0.652340428352176,0.6,0.523404283521763
68.36,-0.00368703060495444,0.54768806399333,0.65231193600667,0.6,0.523119360066696
68.37,-0.00369209232742693,0.547716564941739,0.652283435058261,0.6,0.522834350582606
68.38,-0.00369714574269324,0.547745074428924,0.652254925571076,0.6,0.522549255710764
68.39,-0.00370219083938318,0.547773592390737,0.652226407609263,0.6,0.522264076092631
68.4,-0.0037072276061453,0.547802118763014,0.652197881236986,0.6,0.521978812369864
68.41,-0.00371225603164687,0.547830653481569,0.652169346518431,0.6,0.521693465184305
68.42,-0.00371727610457394,0.547859196482201,0.652140803517799,0.6,0.521408035177986
68.43,-0.00372228781363133,0.547887747700688,0.652112252299312,0.6,0.521122522993124
68.44,-0.00372729114754272,0.547916307072788,0.652083692927212,0.6,0.520836929272119
68.45,-0.0037322860950506,0.547944874534244,0.652055125465756,0.6,0.52055125465756
68.46,-0.00373727264491633,0.547973450020779,0.652026549979221,0.6,0.520265499792214
68.47,-0.0037422507859202,0.548002033468097,0.651997966531903,0.6,0.519979665319027
68.48,-0.00374722050686137,0.548030624811887,0.651969375188113,0.6,0.519693751881131
68.49,-0.00375218179655798,0.548059223987817,0.651940776012183,0.6,0.519407760121827
68.5,-0.00375713464384714,0.54808783093154,0.65191216906846,0.6,0.519121690684595
68.51,-0.00376207903758493,0.54811644557869,0.65188355442131,0.6,0.518835544213098
68.52,-0.00376701496664647,0.548145067864884,0.651854932135116,0.6,0.518549321351159
68.53,-0.00377194241992593,0.548173697725722,0.651826302274278,0.6,0.518263022742782
68.54,-0.00377686138633654,0.548202335096786,0.651797664903214,0.6,0.517976649032139
68.55,-0.00378177185481061,0.548230979913643,0.651769020086357,0.6,0.51769020086357
68.56,-0.00378667381429962,0.548259632111842,0.651740367888158,0.6,0.517403678881582
68.57,-0.00379156725377413,0.548288291626915,0.651711708373085,0.6,0.517117083730853
68.58,-0.00379645216222392,0.548316958394378,0.651683041605622,0.6,0.516830416056216
68.59,-0.00380132852865796,0.548345632349732,0.651654367650268,0.6,0.516543676502679
68.6,-0.0038061963421044,0.54837431342846,0.65162568657154,0.6,0.516256865715404
68.61,-0.00381105559161068,0.548403001566029,0.651596998433971,0.6,0.515969984339714
68.62,-0.0038159062662435,0.548431696697891,0.651568303302109,0.6,0.515683033021093
68.63,-0.00382074835508881,0.548460398759482,0.651539601240518,0.6,0.515396012405182
68.64,-0.00382558184725194,0.548489107686222,0.651510892313777,0.6,0.515108923137775
68.65,-0.00383040673185754,0.548517823413518,0.651482176586482,0.6,0.514821765864824
68.66,-0.00383522299804959,0.548546545876757,0.651453454123243,0.6,0.514534541232434
68.67,-0.00384003063499152,0.548575275011314,0.651424724988686,0.6,0.514247249886858
68.68,-0.00384482963186615,0.54860401075255,0.65139598924745,0.6,0.513959892474503
68.69,-0.00384961997787572,0.548632753035808,0.651367246964192,0.6,0.513672469641924
68.7,-0.00385440166224196,0.548661501796418,0.651338498203582,0.6,0.513384982035818
68.71,-0.00385917467420609,0.548690256969696,0.651309743030304,0.6,0.513097430303038
68.72,-0.00386393900302884,0.548719018490943,0.651280981509057,0.6,0.512809815090569
68.73,-0.00386869463799046,0.548747786295445,0.651252213704555,0.6,0.51252213704555
68.74,-0.00387344156839077,0.548776560318474,0.651223439681526,0.6,0.512234396815255
68.75,-0.00387817978354919,0.54880534049529,0.65119465950471,0.6,0.511946595047098
68.76,-0.00388290927280473,0.548834126761137,0.651165873238863,0.6,0.511658732388635
68.77,-0.00388763002551604,0.548862919051244,0.651137080948756,0.6,0.511370809487556
68.78,-0.00389234203106145,0.548891717300831,0.651108282699169,0.6,0.511082826991686
68.79,-0.00389704527883892,0.548920521445101,0.651079478554899,0.6,0.510794785548988
68.8,-0.00390173975826615,0.548949331419245,0.651050668580755,0.6,0.510506685807554
68.81,-0.00390642545878059,0.548978147158439,0.651021852841561,0.6,0.510218528415606
68.82,-0.00391110236983937,0.54900696859785,0.65099303140215,0.6,0.509930314021503
68.83,-0.00391577048091949,0.549035795672628,0.650964204327372,0.6,0.509642043273723
68.84,-0.00392042978151767,0.549064628317912,0.650935371682087,0.6,0.509353716820875
68.85,-0.00392508026115049,0.54909346646883,0.65090653353117,0.6,0.509065335311697
68.86,-0.00392972190935439,0.549122310060495,0.650877689939504,0.6,0.508776899395045
68.87,-0.00393435471568565,0.54915115902801,0.65084884097199,0.6,0.508488409719898
68.88,-0.00393897866972045,0.549180013306464,0.650819986693536,0.6,0.508199866935363
68.89,-0.00394359376105491,0.549208872830935,0.650791127169065,0.6,0.507911271690654
68.9,-0.00394819997930508,0.549237737536489,0.650762262463511,0.6,0.507622624635115
68.91,-0.00395279731410695,0.54926660735818,0.65073339264182,0.6,0.507333926418202
68.92,-0.00395738575511654,0.549295482231052,0.650704517768948,0.6,0.507045177689484
68.93,-0.00396196529200985,0.549324362090136,0.650675637909864,0.6,0.506756379098644
68.94,-0.00396653591448291,0.549353246870452,0.650646753129548,0.6,0.506467531295482
68.95,-0.00397109761225185,0.54938213650701,0.65061786349299,0.6,0.506178634929905
68.96,-0.00397565037505284,0.549411030934807,0.650588969065193,0.6,0.505889690651927
68.97,-0.00398019419264215,0.549439930088832,0.650560069911168,0.6,0.505600699111676
68.98,-0.00398472905479622,0.549468833904062,0.650531166095938,0.6,0.50531166095938
68.99,-0.00398925495131159,0.549497742315462,0.650502257684538,0.6,0.505022576845376
69,-0.003993771872005,0.54952665525799,0.65047334474201,0.6,0.504733447420104
69.01,-0.00399827980671339,0.54955557266659,0.65044442733341,0.6,0.504444273334103
69.02,-0.0040027787452939,0.549584494476198,0.650415505523802,0.6,0.504155055238016
69.03,-0.00400726867762392,0.549613420621742,0.650386579378258,0.6,0.503865793782583
69.04,-0.0040117495936011,0.549642351038136,0.650357648961864,0.6,0.503576489618642
69.05,-0.0040162214831434,0.549671285660287,0.650328714339713,0.6,0.503287143397129
69.06,-0.00402068433618905,0.549700224423093,0.650299775576907,0.6,0.50299775576907
69.07,-0.00402513814269663,0.549729167261441,0.650270832738559,0.6,0.50270832738559
69.08,-0.0040295828926451,0.54975811411021,0.65024188588979,0.6,0.502418858897901
69.09,-0.00403401857603376,0.549787064904269,0.650212935095731,0.6,0.502129350957307
69.1,-0.00403844518288232,0.54981601957848,0.65018398042152,0.6,0.501839804215202
69.11,-0.00404286270323093,0.549844978067694,0.650155021932306,0.6,0.501550219323063
69.12,-0.00404727112714016,0.549873940306754,0.650126059693246,0.6,0.501260596932459
69.13,-0.00405167044469106,0.549902906230496,0.650097093769504,0.6,0.50097093769504
69.14,-0.00405606064598517,0.549931875773746,0.650068124226254,0.6,0.500681242262536
69.15,-0.00406044172114454,0.549960848871323,0.650039151128677,0.6,0.500391511286766
69.16,-0.00406481366031174,0.549989825458038,0.650010174541962,0.6,0.500101745419623
69.17,-0.00406917645364993,0.550018805468692,0.649981194531308,0.6,0.499811945313078
69.18,-0.00407353009134282,0.550047788838082,0.649952211161918,0.6,0.499522111619184
69.19,-0.00407787456359471,0.550076775500993,0.649923224499007,0.6,0.499232244990065
69.2,-0.00408220986063056,0.550105765392208,0.649894234607792,0.6,0.498942346077921
69.21,-0.00408653597269594,0.550134758446497,0.649865241553503,0.6,0.498652415535026
69.22,-0.00409085289005711,0.550163754598628,0.649836245401372,0.6,0.498362454013721
69.23,-0.00409516060300101,0.550192753783358,0.649807246216642,0.6,0.49807246216642
69.24,-0.00409945910183527,0.550221755935439,0.649778244064561,0.6,0.497782440645607
69.25,-0.00410374837688828,0.550250760989617,0.649749239010383,0.6,0.497492390103826
69.26,-0.00410802841850918,0.550279768880631,0.649720231119369,0.6,0.497202311193694
69.27,-0.00411229921706787,0.550308779543211,0.649691220456789,0.6,0.496912204567889
69.28,-0.00411656076295505,0.550337792912085,0.649662207087915,0.6,0.496622070879148
69.29,-0.00412081304658226,0.550366808921973,0.649633191078027,0.6,0.496331910780272
69.3,-0.00412505605838184,0.550395827507588,0.649604172492412,0.6,0.496041724924123
69.31,-0.00412928978880704,0.550424848603638,0.649575151396362,0.6,0.495751513963618
69.32,-0.00413351422833195,0.550453872144827,0.649546127855173,0.6,0.495461278551732
69.33,-0.0041377293674516,0.550482898065851,0.649517101934149,0.6,0.495171019341493
69.34,-0.00414193519668192,0.550511926301401,0.649488073698599,0.6,0.494880736985985
69.35,-0.00414613170655978,0.550540956786165,0.649459043213835,0.6,0.494590432138345
69.36,-0.00415031888764306,0.550569989454824,0.649430010545176,0.6,0.494300105451756
69.37,-0.00415449673051059,0.550599024242055,0.649400975757945,0.6,0.494009757579454
69.38,-0.00415866522576223,0.550628061082528,0.649371938917472,0.6,0.493719389174724
69.39,-0.00416282436401887,0.550657099910911,0.649342900089089,0.6,0.493429000890889
69.4,-0.00416697413592245,0.550686140661867,0.649313859338133,0.6,0.493138593381328
69.41,-0.00417111453213597,0.550715183270054,0.649284816729946,0.6,0.492848167299457
69.42,-0.00417524554334356,0.550744227670127,0.649255772329873,0.6,0.49255772329873
69.43,-0.00417936716025044,0.550773273796735,0.649226726203265,0.6,0.492267262032652
69.44,-0.00418347937358297,0.550802321584524,0.649197678415476,0.6,0.491976784154757
69.45,-0.00418758217408868,0.550831370968138,0.649168629031862,0.6,0.49168629031862
69.46,-0.00419167555253625,0.550860421882215,0.649139578117785,0.6,0.491395781177855
69.47,-0.00419575949971561,0.55088947426139,0.64911052573861,0.6,0.491105257386104
69.48,-0.00419983400643786,0.550918528040295,0.649081471959705,0.6,0.490814719597047
69.49,-0.00420389906353536,0.55094758315356,0.64905241684644,0.6,0.490524168464396
69.5,-0.00420795466186175,0.550976639535811,0.649023360464189,0.6,0.490233604641886
69.51,-0.00421200079229193,0.551005697121671,0.648994302878329,0.6,0.489943028783288
69.52,-0.0042160374457221,0.55103475584576,0.64896524415424,0.6,0.489652441542401
69.53,-0.00422006461306979,0.551063815642696,0.648936184357304,0.6,0.489361843573041
69.54,-0.00422408228527389,0.551092876447095,0.648907123552905,0.6,0.489071235529054
69.55,-0.00422809045329462,0.551121938193569,0.648878061806431,0.6,0.488780618064312
69.56,-0.00423208910811362,0.55115100081673,0.64884899918327,0.6,0.488489991832699
69.57,-0.00423607824073391,0.551180064251187,0.648819935748813,0.6,0.488199357488127
69.58,-0.00424005784217995,0.551209128431548,0.648790871568452,0.6,0.487908715684523
69.59,-0.00424402790349763,0.551238193292417,0.648761806707583,0.6,0.48761806707583
69.6,-0.00424798841575432,0.551267258768399,0.648732741231601,0.6,0.487327412316009
69.61,-0.00425193937003886,0.551296324794097,0.648703675205903,0.6,0.48703675205903
69.62,-0.00425588075746162,0.551325391304112,0.648674608695888,0.6,0.48674608695888
69.63,-0.00425981256915447,0.551354458233044,0.648645541766956,0.6,0.486455417669557
69.64,-0.00426373479627083,0.551383525515494,0.648616474484506,0.6,0.486164744845065
69.65,-0.0042676474299857,0.551412593086058,0.648587406913942,0.6,0.485874069139417
69.66,-0.00427155046149566,0.551441660879337,0.648558339120663,0.6,0.485583391206634
69.67,-0.00427544388201887,0.551470728829926,0.648529271170074,0.6,0.485292711700743
69.68,-0.00427932768279516,0.551499796872423,0.648500203127577,0.6,0.485002031275771
69.69,-0.00428320185508597,0.551528864941425,0.648471135058575,0.6,0.484711350585748
69.7,-0.00428706639017441,0.551557932971529,0.648442067028471,0.6,0.484420670284708
69.71,-0.00429092127936527,0.551587000897332,0.648412999102668,0.6,0.484129991026679
69.72,-0.00429476651398508,0.551616068653431,0.648383931346569,0.6,0.483839313465689
69.73,-0.00429860208538204,0.551645136174423,0.648354863825577,0.6,0.483548638255766
69.74,-0.00430242798492611,0.551674203394907,0.648325796605093,0.6,0.483257966050927
69.75,-0.00430624420400904,0.551703270249482,0.648296729750518,0.6,0.482967297505182
69.76,-0.00431005073404433,0.551732336672746,0.648267663327254,0.6,0.482676633272539
69.77,-0.00431384756646727,0.551761402599301,0.648238597400699,0.6,0.48238597400699
69.78,-0.00431763469273502,0.551790467963748,0.648209532036252,0.6,0.482095320362518
69.79,-0.00432141210432653,0.55181953270069,0.64818046729931,0.6,0.481804672993096
69.8,-0.00432517979274263,0.551848596744732,0.648151403255268,0.6,0.481514032552678
69.81,-0.00432893774950602,0.551877660030479,0.648122339969521,0.6,0.481223399695205
69.82,-0.0043326859661613,0.55190672249254,0.64809327750746,0.6,0.480932775074604
69.83,-0.00433642443427498,0.551935784065522,0.648064215934477,0.6,0.480642159344775
69.84,-0.00434015314543552,0.551964844684039,0.648035155315961,0.6,0.480351553159607
69.85,-0.0043438720912533,0.551993904282704,0.648006095717296,0.6,0.480060957172964
69.86,-0.00434758126336072,0.552022962796131,0.647977037203868,0.6,0.479770372038685
69.87,-0.00435128065341213,0.552052020158941,0.647947979841059,0.6,0.479479798410586
69.88,-0.0043549702530839,0.552081076305754,0.647918923694246,0.6,0.479189236942461
69.89,-0.00435865005407444,0.552110131171193,0.647889868828807,0.6,0.478898688288069
69.9,-0.0043623200481042,0.552139184689885,0.647860815310115,0.6,0.478608153101147
69.91,-0.00436598022691569,0.55216823679646,0.64783176320354,0.6,0.478317632035399
69.92,-0.00436963058227351,0.552197287425551,0.647802712574449,0.6,0.478027125744495
69.93,-0.00437327110596437,0.552226336511792,0.647773663488208,0.6,0.477736634882076
69.94,-0.00437690178979708,0.552255383989825,0.647744616010175,0.6,0.477446160101748
69.95,-0.00438052262560261,0.552284429794293,0.647715570205707,0.6,0.477155702057074
69.96,-0.00438413360523408,0.552313473859841,0.647686526140159,0.6,0.476865261401589
69.97,-0.00438773472056679,0.552342516121122,0.647657483878878,0.6,0.476574838788782
69.98,-0.00439132596349823,0.552371556512789,0.647628443487211,0.6,0.476284434872106
69.99,-0.0043949073259481,0.552400594969503,0.647599405030497,0.6,0.475994050304968
70,-0.00439847879985835,0.552429631425927,0.647570368574073,0.6,0.475703685740733
70.01,-0.00440204037719315,0.552458665816728,0.647541334183272,0.6,0.475413341832721
70.02,-0.00440559204993896,0.552487698076579,0.647512301923421,0.6,0.475123019234208
70.03,-0.00440913381010452,0.552516728140158,0.647483271859842,0.6,0.474832718598416
70.04,-0.00441266564972086,0.552545755942147,0.647454244057852,0.6,0.474542440578525
70.05,-0.00441618756084135,0.552574781417234,0.647425218582766,0.6,0.474252185827658
70.06,-0.00441969953554169,0.552603804500111,0.647396195499889,0.6,0.473961954998888
70.07,-0.00442320156591994,0.552632825125476,0.647367174874524,0.6,0.473671748745237
70.08,-0.00442669364409654,0.552661843228033,0.647338156771967,0.6,0.473381567719666
70.09,-0.00443017576221431,0.552690858742492,0.647309141257508,0.6,0.473091412575083
70.1,-0.00443364791243847,0.552719871603566,0.647280128396434,0.6,0.472801283964338
70.11,-0.00443711008695671,0.552748881745978,0.647251118254022,0.6,0.472511182540218
70.12,-0.00444056227797912,0.552777889104455,0.647222110895545,0.6,0.472221108955453
70.13,-0.00444400447773828,0.552806893613729,0.647193106386271,0.6,0.471931063862708
70.14,-0.00444743667848924,0.552835895208541,0.647164104791458,0.6,0.471641047914585
70.15,-0.00445085887250955,0.552864893823638,0.647135106176362,0.6,0.471351061763617
70.16,-0.00445427105209927,0.552893889393772,0.647106110606228,0.6,0.471061106062277
70.17,-0.00445767320958101,0.552922881853704,0.647077118146296,0.6,0.470771181462962
70.18,-0.00446106533729991,0.5529518711382,0.6470481288618,0.6,0.470481288618003
70.19,-0.00446444742762367,0.552980857182034,0.647019142817966,0.6,0.470191428179659
70.2,-0.00446781947294261,0.553009839919988,0.646990160080012,0.6,0.469901600800117
70.21,-0.00447118146566962,0.553038819286851,0.646961180713149,0.6,0.469611807131486
70.22,-0.00447453339824022,0.55306779521742,0.64693220478258,0.6,0.469322047825803
70.23,-0.00447787526311256,0.553096767646497,0.646903232353503,0.6,0.469032323535026
70.24,-0.00448120705276744,0.553125736508896,0.646874263491104,0.6,0.468742634911036
70.25,-0.00448452875970835,0.553154701739437,0.646845298260563,0.6,0.468452982605629
70.26,-0.00448784037646145,0.553183663272947,0.646816336727053,0.6,0.468163367270527
70.27,-0.00449114189557558,0.553212621044264,0.646787378955736,0.6,0.46787378955736
70.28,-0.00449443330962235,0.553241574988232,0.646758425011768,0.6,0.467584250117681
70.29,-0.00449771461119607,0.553270525039705,0.646729474960295,0.6,0.467294749602952
70.3,-0.00450098579291381,0.553299471133545,0.646700528866455,0.6,0.467005288664549
70.31,-0.00450424684741541,0.553328413204624,0.646671586795376,0.6,0.46671586795376
70.32,-0.0045074977673635,0.553357351187822,0.646642648812178,0.6,0.466426488121781
70.33,-0.00451073854544353,0.553386285018028,0.646613714981972,0.6,0.466137149819715
70.34,-0.00451396917436373,0.553415214630142,0.646584785369858,0.6,0.465847853698576
70.35,-0.00451718964685519,0.553444139959072,0.646555860040928,0.6,0.465558600409278
70.36,-0.00452039995567185,0.553473060939736,0.646526939060264,0.6,0.465269390602641
70.37,-0.00452360009359052,0.553501977507061,0.646498022492939,0.6,0.464980224929387
70.38,-0.00452679005341088,0.553530889595986,0.646469110404014,0.6,0.46469110404014
70.39,-0.00452996982795554,0.553559797141458,0.646440202858542,0.6,0.464402028585419
70.4,-0.00453313941006999,0.553588700078435,0.646411299921565,0.6,0.464112999215647
70.41,-0.00453629879262268,0.553617598341886,0.646382401658114,0.6,0.463824016581139
70.42,-0.00453944796850501,0.55364649186679,0.64635350813321,0.6,0.463535081332103
70.43,-0.00454258693063131,0.553675380588135,0.646324619411865,0.6,0.463246194118647
70.44,-0.00454571567193894,0.553704264440923,0.646295735559077,0.6,0.462957355590766
70.45,-0.00454883418538823,0.553733143360166,0.646266856639834,0.6,0.462668566398344
70.46,-0.00455194246396252,0.553762017280884,0.646237982719116,0.6,0.462379827191161
70.47,-0.00455504050066818,0.553790886138112,0.646209113861888,0.6,0.462091138618876
70.48,-0.00455812828853465,0.553819749866896,0.646180250133104,0.6,0.46180250133104
70.49,-0.00456120582061438,0.553848608402291,0.646151391597709,0.6,0.461513915977089
70.5,-0.00456427308998294,0.553877461679366,0.646122538320633,0.6,0.461225383206335
70.51,-0.00456733008973898,0.553906309633202,0.646093690366798,0.6,0.460936903667979
70.52,-0.00457037681300424,0.55393515219889,0.64606484780111,0.6,0.460648478011102
70.53,-0.0045734132529236,0.553963989311534,0.646036010688466,0.6,0.460360106884659
70.54,-0.00457643940266507,0.553992820906251,0.646007179093748,0.6,0.460071790937485
70.55,-0.00457945525541981,0.554021646918171,0.645978353081829,0.6,0.459783530818292
70.56,-0.00458246080440216,0.554050467282434,0.645949532717566,0.6,0.459495327175664
70.57,-0.00458545604284963,0.554079281934194,0.645920718065806,0.6,0.45920718065806
70.58,-0.00458844096402295,0.554108090808619,0.645891909191381,0.6,0.458919091913808
70.59,-0.00459141556120603,0.554136893840889,0.645863106159111,0.6,0.458631061591109
70.6,-0.00459437982770603,0.554165690966197,0.645834309033803,0.6,0.458343090338033
70.61,-0.00459733375685337,0.554194482119749,0.645805517880251,0.6,0.45805517880251
70.62,-0.00460027734200168,0.554223267236766,0.645776732763234,0.6,0.457767327632345
70.63,-0.00460321057652792,0.55425204625248,0.64574795374752,0.6,0.457479537475202
70.64,-0.0046061334538323,0.554280819102139,0.645719180897861,0.6,0.457191808978608
70.65,-0.00460904596733836,0.554309585721005,0.645690414278995,0.6,0.456904142789952
70.66,-0.00461194811049292,0.554338346044351,0.645661653955649,0.6,0.456616539556486
70.67,-0.0046148398767662,0.554367100007469,0.645632899992531,0.6,0.456328999925311
70.68,-0.00461772125965169,0.55439584754566,0.64560415245434,0.6,0.456041524543397
70.69,-0.0046205922526663,0.554424588594244,0.645575411405756,0.6,0.45575411405756
70.7,-0.00462345284935029,0.554453323088553,0.645546676911447,0.6,0.455466769114474
70.71,-0.00462630304326731,0.554482050963933,0.645517949036067,0.6,0.455179490360667
70.72,-0.00462914282800444,0.554510772155749,0.645489227844251,0.6,0.454892278442514
70.73,-0.00463197219717217,0.554539486599376,0.645460513400624,0.6,0.454605134006241
70.74,-0.0046347911444044,0.554568194230207,0.645431805769793,0.6,0.454318057697926
70.75,-0.00463759966335851,0.554596894983651,0.645403105016349,0.6,0.454031050163487
70.76,-0.00464039774771534,0.554625588795131,0.645374411204869,0.6,0.453744112048693
70.77,-0.00464318539117919,0.554654275600085,0.645345724399915,0.6,0.453457243999155
70.78,-0.00464596258747787,0.554682955333967,0.645317044666032,0.6,0.453170446660325
70.79,-0.0046487293303627,0.55471162793225,0.64528837206775,0.6,0.452883720677496
70.8,-0.00465148561360848,0.55474029333042,0.64525970666958,0.6,0.452597066695803
70.81,-0.0046542314310136,0.554768951463978,0.645231048536022,0.6,0.452310485360217
70.82,-0.00465696677639996,0.554797602268445,0.645202397731555,0.6,0.452023977315545
70.83,-0.00465969164361304,0.554826245679357,0.645173754320643,0.6,0.451737543206431
70.84,-0.00466240602652189,0.554854881632265,0.645145118367735,0.6,0.451451183677352
70.85,-0.00466510991901914,0.554883510062739,0.645116489937261,0.6,0.451164899372615
70.86,-0.00466780331502105,0.554912130906364,0.645087869093636,0.6,0.45087869093636
70.87,-0.00467048620846747,0.554940744098744,0.645059255901256,0.6,0.450592559012558
70.88,-0.00467315859332188,0.5549693495755,0.6450306504245,0.6,0.450306504245003
70.89,-0.00467582046357144,0.554997947272268,0.645002052727732,0.6,0.450020527277319
70.9,-0.00467847181322692,0.555026537124704,0.644973462875296,0.6,0.449734628752956
70.91,-0.0046811126363228,0.555055119068482,0.644944880931518,0.6,0.449448809315183
70.92,-0.00468374292691722,0.555083693039291,0.644916306960709,0.6,0.449163069607094
70.93,-0.00468636267909203,0.55511225897284,0.64488774102716,0.6,0.448877410271604
70.94,-0.00468897188695279,0.555140816804855,0.644859183195145,0.6,0.448591831951447
70.95,-0.00469157054462878,0.555169366471083,0.644830633528917,0.6,0.448306335289171
70.96,-0.00469415864627302,0.555197907907285,0.644802092092715,0.6,0.448020920927148
70.97,-0.0046967361860623,0.555226441049244,0.644773558950756,0.6,0.447735589507556
70.98,-0.00469930315819714,0.555254965832761,0.644745034167239,0.6,0.447450341672394
70.99,-0.00470185955690184,0.555283482193653,0.644716517806347,0.6,0.447165178063468
71,-0.00470440537642454,0.555311990067761,0.644688009932239,0.6,0.446880099322393
71.01,-0.00470694061103712,0.55534048939094,0.64465951060906,0.6,0.446595106090601
71.02,-0.00470946525503531,0.555368980099067,0.644631019900933,0.6,0.446310199009325
71.03,-0.00471197930273866,0.55539746212804,0.64460253787196,0.6,0.446025378719604
71.04,-0.00471448274849057,0.555425935413771,0.644574064586229,0.6,0.445740645862286
71.05,-0.00471697558665829,0.555454399892198,0.644545600107802,0.6,0.445456001078018
71.06,-0.00471945781163293,0.555482855499275,0.644517144500725,0.6,0.445171445007252
71.07,-0.00472192941782947,0.555511302170976,0.644488697829024,0.6,0.444886978290239
71.08,-0.00472439039968683,0.555539739843297,0.644460260156703,0.6,0.444602601567027
71.09,-0.00472684075166778,0.555568168452254,0.644431831547746,0.6,0.444318315477464
71.1,-0.00472928046825902,0.55559658793388,0.64440341206612,0.6,0.444034120661198
71.11,-0.00473170954397121,0.555624998224234,0.644375001775766,0.6,0.44375001775766
71.12,-0.00473412797333893,0.555653399259391,0.644346600740609,0.6,0.443466007406087
71.13,-0.0047365357509207,0.55568179097545,0.64431820902455,0.6,0.4431820902455
71.14,-0.00473893287129902,0.555710173308529,0.644289826691471,0.6,0.442898266914712
71.15,-0.00474131932908039,0.555738546194767,0.644261453805233,0.6,0.442614538052327
71.16,-0.00474369511889527,0.555766909570327,0.644233090429673,0.6,0.442330904296734
71.17,-0.00474606023539813,0.555795263371389,0.644204736628611,0.6,0.442047366286108
71.18,-0.00474841467326747,0.555823607534159,0.644176392465841,0.6,0.44176392465841
71.19,-0.00475075842720579,0.555851941994861,0.644148058005139,0.6,0.441480580051385
71.2,-0.00475309149193965,0.555880266689744,0.644119733310256,0.6,0.441197333102556
71.21,-0.00475541386221966,0.555908581555077,0.644091418444923,0.6,0.440914184449231
71.22,-0.00475772553282049,0.555936886527151,0.644063113472849,0.6,0.440631134728491
71.23,-0.00476002649854088,0.55596518154228,0.64403481845772,0.6,0.440348184577201
71.24,-0.00476231675420365,0.5559934665368,0.6440065334632,0.6,0.440065334631997
71.25,-0.00476459629465574,0.556021741447071,0.643978258552929,0.6,0.43978258552929
71.26,-0.00476686511476818,0.556050006209473,0.643949993790527,0.6,0.439499937905269
71.27,-0.00476912320943611,0.556078260760411,0.643921739239589,0.6,0.439217392395889
71.28,-0.00477137057357884,0.556106505036312,0.643893494963688,0.6,0.438934949636876
71.29,-0.00477360720213979,0.556134738973627,0.643865261026373,0.6,0.438652610263728
71.3,-0.00477583309008655,0.556162962508829,0.643837037491171,0.6,0.438370374911707
71.31,-0.00477804823241087,0.556191175578416,0.643808824421584,0.6,0.438088244215843
71.32,-0.00478025262412868,0.556219378118907,0.643780621881093,0.6,0.437806218810932
71.33,-0.0047824462602801,0.556247570066847,0.643752429933153,0.6,0.437524299331528
71.34,-0.00478462913592947,0.556275751358805,0.643724248641195,0.6,0.437242486411951
71.35,-0.00478680124616528,0.556303921931372,0.643696078068628,0.6,0.436960780686281
71.36,-0.00478896258610032,0.556332081721165,0.643667918278835,0.6,0.436679182788353
71.37,-0.00479111315087156,0.556360230664824,0.643639769335176,0.6,0.436397693351764
71.38,-0.00479325293564023,0.556388368699013,0.643611631300987,0.6,0.436116313009867
71.39,-0.00479538193559181,0.556416495760424,0.643583504239576,0.6,0.435835042395762
71.4,-0.00479750014593607,0.556444611785769,0.643555388214231,0.6,0.435553882142313
71.41,-0.00479960756190702,0.556472716711787,0.643527283288213,0.6,0.435272832882131
71.42,-0.00480170417876298,0.556500810475243,0.643499189524757,0.6,0.434991895247572
71.43,-0.00480378999178656,0.556528893012925,0.643471106987075,0.6,0.434711069870748
71.44,-0.00480586499628469,0.556556964261648,0.643443035738352,0.6,0.434430357383517
71.45,-0.00480792918758861,0.556585024158252,0.643414975841748,0.6,0.43414975841748
71.46,-0.00480998256105388,0.556613072639601,0.643386927360399,0.6,0.433869273603987
71.47,-0.00481202511206041,0.556641109642587,0.643358890357413,0.6,0.433588903574127
71.48,-0.00481405683601248,0.556669135104127,0.643330864895873,0.6,0.433308648958731
71.49,-0.0048160777283387,0.556697148961162,0.643302851038838,0.6,0.433028510388376
71.5,-0.00481808778449206,0.556725151150663,0.643274848849337,0.6,0.43274848849337
71.51,-0.00482008699994993,0.556753141609624,0.643246858390376,0.6,0.432468583903762
71.52,-0.00482207537021409,0.556781120275066,0.643218879724934,0.6,0.432188797249341
71.53,-0.0048240528908107,0.556809087084038,0.643190912915962,0.6,0.431909129159622
71.54,-0.00482601955729035,0.556837041973614,0.643162958026386,0.6,0.431629580263863
71.55,-0.00482797536522802,0.556864984880896,0.643135015119104,0.6,0.431350151191044
71.56,-0.00482992031022316,0.556892915743012,0.643107084256988,0.6,0.431070842569884
71.57,-0.00483185438789964,0.556920834497117,0.643079165502882,0.6,0.430791655028825
71.58,-0.00483377759390578,0.556948741080396,0.643051258919604,0.6,0.43051258919604
71.59,-0.00483568992391438,0.556976635430057,0.643023364569943,0.6,0.430233645699427
71.6,-0.00483759137362269,0.557004517483339,0.642995482516661,0.6,0.42995482516661
71.61,-0.00483948193875245,0.557032387177507,0.642967612822493,0.6,0.429676128224931
71.62,-0.00484136161504989,0.557060244449854,0.642939755550146,0.6,0.429397555501462
71.63,-0.00484323039828573,0.557088089237701,0.642911910762299,0.6,0.429119107622991
71.64,-0.00484508828425523,0.557115921478398,0.642884078521602,0.6,0.428840785216023
71.65,-0.00484693526877813,0.557143741109321,0.642856258890679,0.6,0.428562588906786
71.66,-0.00484877134769871,0.557171548067878,0.642828451932122,0.6,0.428284519321219
71.67,-0.00485059651688582,0.557199342291502,0.642800657708498,0.6,0.428006577084982
71.68,-0.0048524107722328,0.557227123717656,0.642772876282344,0.6,0.427728762823442
71.69,-0.00485421410965759,0.557254892283832,0.642745107716168,0.6,0.427451077161682
71.7,-0.00485600652510269,0.55728264792755,0.64271735207245,0.6,0.427173520724495
71.71,-0.00485778801453515,0.557310390586362,0.642689609413638,0.6,0.426896094136383
71.72,-0.00485955857394663,0.557338120197845,0.642661879802155,0.6,0.426618798021554
71.73,-0.00486131819935337,0.557365836699607,0.642634163300392,0.6,0.426341633003925
71.74,-0.00486306688679621,0.557393540029288,0.642606459970712,0.6,0.426064599707119
71.75,-0.00486480463234061,0.557421230124554,0.642578769875446,0.6,0.425787698754458
71.76,-0.00486653143207664,0.557448906923103,0.642551093076897,0.6,0.425510930768971
71.77,-0.00486824728211899,0.557476570362662,0.642523429637338,0.6,0.425234296373385
71.78,-0.00486995217860702,0.557504220380987,0.642495779619013,0.6,0.424957796190126
71.79,-0.0048716461177047,0.557531856915868,0.642468143084132,0.6,0.424681430841323
71.8,-0.00487332909560067,0.557559479905121,0.642440520094879,0.6,0.424405200948794
71.81,-0.00487500110850823,0.557587089286594,0.642412910713406,0.6,0.424129107134058
71.82,-0.00487666215266535,0.557614684998167,0.642385315001833,0.6,0.423853150018327
71.83,-0.00487831222433469,0.55764226697775,0.64235773302225,0.6,0.423577330222501
71.84,-0.00487995131980358,0.557669835163282,0.642330164836718,0.6,0.423301648367178
71.85,-0.00488157943538406,0.557697389492736,0.642302610507264,0.6,0.423026105072641
71.86,-0.00488319656741287,0.557724929904114,0.642275070095886,0.6,0.42275070095886
71.87,-0.00488480271225146,0.55775245633545,0.64224754366455,0.6,0.422475436645499
71.88,-0.00488639786628601,0.55777996872481,0.64222003127519,0.6,0.422200312751897
71.89,-0.00488798202592743,0.557807467010291,0.642192532989709,0.6,0.421925329897086
71.9,-0.00488955518761134,0.557834951130022,0.642165048869978,0.6,0.421650488699777
71.91,-0.00489111734779815,0.557862421022164,0.642137578977836,0.6,0.421375789778362
71.92,-0.00489266850297299,0.557889876624909,0.642110123375091,0.6,0.421101233750913
71.93,-0.00489420864964576,0.557917317876482,0.642082682123518,0.6,0.420826821235182
71.94,-0.00489573778435113,0.55794474471514,0.64205525528486,0.6,0.420552552848598
71.95,-0.00489725590364856,0.557972157079174,0.642027842920826,0.6,0.420278429208261
71.96,-0.00489876300412226,0.557999554906905,0.642000445093095,0.6,0.420004450930953
71.97,-0.00490025908238128,0.558026938136688,0.641973061863312,0.6,0.419730618633123
71.98,-0.00490174413505943,0.558054306706911,0.641945693293089,0.6,0.419456932930893
71.99,-0.00490321815881533,0.558081660555994,0.641918339444006,0.6,0.419183394440058
72,-0.00490468115033246,0.558108999622392,0.641891000377608,0.6,0.418910003776077
72.01,-0.00490613310631906,0.558136323844592,0.641863676155408,0.6,0.418636761554081
72.02,-0.00490757402350824,0.558163633161114,0.641836366838886,0.6,0.418363668388865
72.03,-0.00490900389865794,0.558190927510511,0.641809072489489,0.6,0.418090724894886
72.04,-0.00491042272855094,0.558218206831373,0.641781793168627,0.6,0.417817931686268
72.05,-0.00491183050999487,0.55824547106232,0.64175452893768,0.6,0.417545289376797
72.06,-0.00491322723982223,0.558272720142008,0.641727279857992,0.6,0.417272798579916
72.07,-0.00491461291489037,0.558299954009127,0.641700045990873,0.6,0.417000459908731
72.08,-0.00491598753208153,0.5583271726024,0.6416728273976,0.6,0.416728273976001
72.09,-0.00491735108830281,0.558354375860585,0.641645624139415,0.6,0.416456241394149
72.1,-0.00491870358048622,0.558381563722476,0.641618436277524,0.6,0.416184362775244
72.11,-0.00492004500558864,0.558408736126899,0.641591263873101,0.6,0.415912638731013
72.12,-0.00492137536059188,0.558435893012716,0.641564106987284,0.6,0.415641069872837
72.13,-0.00492269464250264,0.558463034318825,0.641536965681175,0.6,0.415369656811746
72.14,-0.00492400284835252,0.558490159984158,0.641509840015842,0.6,0.415098400158418
72.15,-0.00492529997519808,0.558517269947682,0.641482730052318,0.6,0.41482730052318
72.16,-0.00492658602012076,0.558544364148399,0.641455635851601,0.6,0.414556358516007
72.17,-0.00492786098022698,0.558571442525348,0.641428557474652,0.6,0.414285574746518
72.18,-0.00492912485264808,0.558598505017602,0.641401494982398,0.6,0.414014949823976
72.19,-0.00493037763454033,0.558625551564271,0.641374448435729,0.6,0.413744484357288
72.2,-0.00493161932308499,0.5586525821045,0.6413474178955,0.6,0.413474178955
72.21,-0.00493284991548825,0.55867959657747,0.64132040342253,0.6,0.413204034225301
72.22,-0.00493406940898128,0.558706594922399,0.641293405077601,0.6,0.412934050776013
72.23,-0.00493527780082023,0.55873357707854,0.64126642292146,0.6,0.412664229214602
72.24,-0.0049364750882862,0.558760542985183,0.641239457014817,0.6,0.412394570148166
72.25,-0.00493766126868531,0.558787492581656,0.641212507418344,0.6,0.412125074183436
72.26,-0.00493883633934864,0.558814425807322,0.641185574192678,0.6,0.411855741926779
72.27,-0.0049400002976323,0.558841342601581,0.641158657398419,0.6,0.411586573984192
72.28,-0.00494115314091737,0.55886824290387,0.64113175709613,0.6,0.411317570961303
72.29,-0.00494229486660996,0.558895126653663,0.641104873346337,0.6,0.411048733463369
72.3,-0.00494342547214118,0.558921993790473,0.641078006209527,0.6,0.410780062095274
72.31,-0.00494454495496718,0.558948844253847,0.641051155746153,0.6,0.410511557461528
72.32,-0.00494565331256911,0.558975677983373,0.641024322016627,0.6,0.410243220166268
72.33,-0.00494675054245318,0.559002494918675,0.640997505081325,0.6,0.40997505081325
72.34,-0.00494783664215061,0.559029294999414,0.640970705000586,0.6,0.409707050005857
72.35,-0.00494891160921769,0.559056078165291,0.640943921834709,0.6,0.409439218347091
72.36,-0.00494997544123573,0.559082844356043,0.640917155643957,0.6,0.409171556439571
72.37,-0.00495102813581112,0.559109593511446,0.640890406488554,0.6,0.408904064885539
72.38,-0.00495206969057529,0.559136325571315,0.640863674428685,0.6,0.408636744286849
72.39,-0.00495310010318475,0.559163040475503,0.640836959524497,0.6,0.408369595244972
72.4,-0.00495411937132107,0.559189738163901,0.640810261836099,0.6,0.408102618360993
72.41,-0.00495512749269088,0.559216418576439,0.640783581423561,0.6,0.407835814235612
72.42,-0.00495612446502593,0.559243081653086,0.640756918346914,0.6,0.407569183469136
72.43,-0.00495711028608303,0.559269727333851,0.640730272666149,0.6,0.407302726661486
72.44,-0.00495808495364407,0.559296355558781,0.640703644441219,0.6,0.407036444412188
72.45,-0.00495904846551606,0.559322966267962,0.640677033732038,0.6,0.406770337320378
72.46,-0.00496000081953109,0.55934955940152,0.64065044059848,0.6,0.406504405984797
72.47,-0.00496094201354638,0.559376134899621,0.640623865100379,0.6,0.406238651003789
72.48,-0.00496187204544422,0.55940269270247,0.64059730729753,0.6,0.405973072975303
72.49,-0.00496279091313206,0.559429232750311,0.640570767249689,0.6,0.40570767249689
72.5,-0.00496369861454243,0.55945575498343,0.64054424501657,0.6,0.405442450165702
72.51,-0.00496459514763302,0.559482259342151,0.640517740657849,0.6,0.405177406578487
72.52,-0.00496548051038662,0.559508745766841,0.640491254233159,0.6,0.404912542331595
72.53,-0.00496635470081116,0.559535214197903,0.640464785802097,0.6,0.404647858020969
72.54,-0.00496721771693973,0.559561664575785,0.640438335424215,0.6,0.404383354242148
72.55,-0.00496806955683052,0.559588096840973,0.640411903159027,0.6,0.404119031590268
72.56,-0.00496891021856691,0.559614510933995,0.640385489066005,0.6,0.403854890660053
72.57,-0.0049697397002574,0.559640906795418,0.640359093204582,0.6,0.40359093204582
72.58,-0.00497055800003567,0.559667284365852,0.640332715634148,0.6,0.403327156341475
72.59,-0.00497136511606053,0.559693643585948,0.640306356414052,0.6,0.403063564140516
72.6,-0.00497216104651598,0.559719984396398,0.640280015603602,0.6,0.402800156036022
72.61,-0.00497294578961117,0.559746306737934,0.640253693262066,0.6,0.402536932620663
72.62,-0.00497371934358043,0.559772610551331,0.640227389448669,0.6,0.402273894486692
72.63,-0.00497448170668326,0.559798895777406,0.640201104222594,0.6,0.402011042225944
72.64,-0.00497523287720436,0.559825162357016,0.640174837642984,0.6,0.401748376429836
72.65,-0.00497597285345358,0.559851410231063,0.640148589768937,0.6,0.401485897689365
72.66,-0.00497670163376598,0.559877639340489,0.640122360659511,0.6,0.401223606595112
72.67,-0.0049774192165018,0.559903849626277,0.640096150373723,0.6,0.400961503737228
72.68,-0.00497812560004649,0.559930041029455,0.640069958970545,0.6,0.400699589705446
72.69,-0.00497882078281067,0.559956213491093,0.640043786508907,0.6,0.400437865089072
72.7,-0.0049795047632302,0.559982366952301,0.640017633047699,0.6,0.400176330476986
72.71,-0.00498017753976611,0.560008501354236,0.639991498645764,0.6,0.39991498645764
72.72,-0.00498083911090465,0.560034616638094,0.639965383361906,0.6,0.39965383361906
72.73,-0.0049814894751573,0.560060712745116,0.639939287254884,0.6,0.399392872548839
72.74,-0.00498212863106073,0.560086789616586,0.639913210383414,0.6,0.39913210383414
72.75,-0.00498275657717684,0.560112847193831,0.639887152806169,0.6,0.398871528061691
72.76,-0.00498337331209276,0.560138885418221,0.639861114581779,0.6,0.398611145817788
72.77,-0.00498397883442082,0.560164904231171,0.639835095768829,0.6,0.39835095768829
72.78,-0.00498457314279861,0.560190903574138,0.639809096425862,0.6,0.398090964258622
72.79,-0.00498515623588893,0.560216883388623,0.639783116611377,0.6,0.397831166113768
72.8,-0.00498572811237983,0.560242843616173,0.639757156383827,0.6,0.397571563838274
72.81,-0.00498628877098457,0.560268784198376,0.639731215801624,0.6,0.397312158016244
72.82,-0.00498683821044168,0.560294705076866,0.639705294923134,0.6,0.397052949231343
72.83,-0.00498737642951493,0.560320606193321,0.639679393806679,0.6,0.39679393806679
72.84,-0.00498790342699331,0.560346487489464,0.639653512510536,0.6,0.396535125105358
72.85,-0.00498841920169108,0.560372348907062,0.639627651092938,0.6,0.39627651092938
72.86,-0.00498892375244776,0.560398190387927,0.639601809612073,0.6,0.396018096120733
72.87,-0.0049894170781281,0.560424011873915,0.639575988126085,0.6,0.395759881260854
72.88,-0.00498989917762211,0.560449813306928,0.639550186693072,0.6,0.395501866930724
72.89,-0.00499037004984508,0.560475594628912,0.639524405371088,0.6,0.395244053710877
72.9,-0.00499082969373755,0.560501355781861,0.639498644218139,0.6,0.394986442181392
72.91,-0.00499127810826531,0.560527096707811,0.639472903292189,0.6,0.394729032921893
72.92,-0.00499171529241943,0.560552817348845,0.639447182651155,0.6,0.394471826511554
72.93,-0.00499214124521625,0.560578517647091,0.639421482352909,0.6,0.394214823529088
72.94,-0.00499255596569737,0.560604197544725,0.639395802455275,0.6,0.39395802455275
72.95,-0.00499295945292968,0.560629856983966,0.639370143016034,0.6,0.393701430160338
72.96,-0.00499335170600532,0.560655495907081,0.639344504092919,0.6,0.393445040929191
72.97,-0.00499373272404174,0.560681114256382,0.639318885743618,0.6,0.393188857436184
72.98,-0.00499410250618163,0.560706711974227,0.639293288025773,0.6,0.392932880257729
72.99,-0.00499446105159298,0.560732289003022,0.639267710996978,0.6,0.392677109969776
73,-0.00499480835946908,0.560757845285219,0.639242154714781,0.6,0.392421547147807
73.01,-0.00499514442902848,0.560783380763316,0.639216619236684,0.6,0.392166192366837
73.02,-0.00499546925951502,0.560808895379858,0.639191104620142,0.6,0.391911046201416
73.03,-0.00499578285019783,0.560834389077438,0.639165610922562,0.6,0.391656109225623
73.04,-0.00499608520037134,0.560859861798694,0.639140138201306,0.6,0.391401382013065
73.05,-0.00499637630935526,0.560885313486312,0.639114686513688,0.6,0.391146865136878
73.06,-0.00499665617649458,0.560910744083027,0.639089255916973,0.6,0.390892559169725
73.07,-0.00499692480115962,0.56093615353162,0.63906384646838,0.6,0.390638464683796
73.08,-0.00499718218274596,0.56096154177492,0.63903845822508,0.6,0.390384582250801
73.09,-0.0049974283206745,0.560986908755802,0.639013091244198,0.6,0.390130912441977
73.1,-0.00499766321439143,0.561012254417192,0.638987745582808,0.6,0.38987745582808
73.11,-0.00499788686336823,0.561037578702061,0.638962421297939,0.6,0.389624212979388
73.12,-0.0049980992671017,0.56106288155343,0.63893711844657,0.6,0.389371184465697
73.13,-0.00499830042511393,0.561088162914368,0.638911837085632,0.6,0.389118370856321
73.14,-0.00499849033695231,0.561113422727991,0.638886577272009,0.6,0.388865772720091
73.15,-0.00499866900218953,0.561138660937465,0.638861339062535,0.6,0.388613390625352
73.16,-0.00499883642042362,0.561163877486004,0.638836122513996,0.6,0.388361225139964
73.17,-0.00499899259127786,0.56118907231687,0.63881092768313,0.6,0.388109276831298
73.18,-0.00499913751440089,0.561214245373376,0.638785754626624,0.6,0.38785754626624
73.19,-0.00499927118946661,0.561239396598882,0.638760603401118,0.6,0.387606034011182
73.2,-0.00499939361617427,0.561264525936797,0.638735474063203,0.6,0.387354740632027
73.21,-0.0049995047942484,0.561289633330582,0.638710366669418,0.6,0.387103666694184
73.22,-0.00499960472343886,0.561314718723743,0.638685281276257,0.6,0.386852812762571
73.23,-0.00499969340352079,0.561339782059839,0.638660217940161,0.6,0.386602179401608
73.24,-0.00499977083429468,0.561364823282478,0.638635176717522,0.6,0.38635176717522
73.25,-0.0049998370155863,0.561389842335316,0.638610157664684,0.6,0.386101576646836
73.26,-0.00499989194724674,0.561414839162062,0.638585160837938,0.6,0.385851608379382
73.27,-0.00499993562915241,0.561439813706471,0.638560186293529,0.6,0.385601862935289
73.28,-0.00499996806120502,0.561464765912352,0.638535234087648,0.6,0.385352340876481
73.29,-0.00499998924333161,0.561489695723561,0.638510304276439,0.6,0.385103042764386
73.3,-0.00499999917548451,0.561514603084008,0.638485396915992,0.6,0.384853969159923
73.31,-0.00499999785764137,0.561539487937649,0.638460512062351,0.6,0.384605120623507
73.32,-0.00499998528980516,0.561564350228495,0.638435649771505,0.6,0.384356497715048
73.33,-0.00499996147200416,0.561589189900605,0.638410810099395,0.6,0.384108100993947
73.34,-0.00499992640429196,0.56161400689809,0.63838599310191,0.6,0.383859931019096
73.35,-0.00499988008674745,0.561638801165112,0.638361198834888,0.6,0.38361198834888
73.36,-0.00499982251947486,0.561663572645883,0.638336427354117,0.6,0.383364273541166
73.37,-0.00499975370260372,0.561688321284669,0.638311678715331,0.6,0.383116787153315
73.38,-0.00499967363628884,0.561713047025783,0.638286952974217,0.6,0.38286952974217
73.39,-0.0049995823207104,0.561737749813594,0.638262250186406,0.6,0.382622501864061
73.4,-0.00499947975607385,0.56176242959252,0.63823757040748,0.6,0.382375704074799
73.41,-0.00499936594260995,0.561787086307032,0.638212913692968,0.6,0.382129136929681
73.42,-0.00499924088057479,0.561811719901652,0.638188280098348,0.6,0.381882800983482
73.43,-0.00499910457024976,0.561836330320954,0.638163669679046,0.6,0.381636696790456
73.44,-0.00499895701194155,0.561860917509566,0.638139082490434,0.6,0.381390824904341
73.45,-0.00499879820598218,0.561885481412165,0.638114518587835,0.6,0.381145185878347
73.46,-0.00499862815272895,0.561910021973484,0.638089978026516,0.6,0.38089978026516
73.47,-0.00499844685256449,0.561934539138305,0.638065460861694,0.6,0.380654608616945
73.48,-0.00499825430589672,0.561959032851466,0.638040967148534,0.6,0.380409671485336
73.49,-0.00499805051315886,0.561983503057856,0.638016496942144,0.6,0.380164969421443
73.5,-0.00499783547480947,0.562007949702416,0.637992050297584,0.6,0.379920502975845
73.51,-0.00499760919133236,0.562032372730141,0.637967627269859,0.6,0.379676272698591
73.52,-0.00499737166323668,0.56205677208608,0.63794322791392,0.6,0.3794322791392
73.53,-0.00499712289105686,0.562081147715334,0.637918852284666,0.6,0.379188522846657
73.54,-0.00499686287535265,0.562105499563059,0.637894500436941,0.6,0.378945004369413
73.55,-0.00499659161670908,0.562129827574461,0.637870172425539,0.6,0.378701724255386
73.56,-0.00499630911573648,0.562154131694805,0.637845868305195,0.6,0.378458683051954
73.57,-0.00499601537307048,0.562178411869404,0.637821588130596,0.6,0.378215881305961
73.58,-0.00499571038937199,0.562202668043629,0.637797331956371,0.6,0.37797331956371
73.59,-0.00499539416532723,0.562226900162903,0.637773099837097,0.6,0.377730998370965
73.6,-0.00499506670164772,0.562251108172705,0.637748891827295,0.6,0.37748891827295
73.61,-0.00499472799907022,0.562275292018566,0.637724707981434,0.6,0.377247079814343
73.62,-0.00499437805835684,0.562299451646072,0.637700548353928,0.6,0.377005483539282
73.63,-0.00499401688029494,0.562323587000864,0.637676412999136,0.6,0.376764129991358
73.64,-0.00499364446569716,0.562347698028638,0.637652301971362,0.6,0.376523019713616
73.65,-0.00499326081540144,0.562371784675144,0.637628215324855,0.6,0.376282153248555
73.66,-0.00499286593027099,0.562395846886188,0.637604153113812,0.6,0.376041531138123
73.67,-0.0049924598111943,0.562419884607628,0.637580115392372,0.6,0.37580115392372
73.68,-0.00499204245908515,0.56244389778538,0.63755610221462,0.6,0.375561022146197
73.69,-0.00499161387488257,0.562467886365415,0.637532113634585,0.6,0.375321136345846
73.7,-0.00499117405955087,0.562491850293759,0.637508149706241,0.6,0.375081497062414
73.71,-0.00499072301407965,0.562515789516491,0.637484210483509,0.6,0.374842104835087
73.72,-0.00499026073948375,0.56253970397975,0.63746029602025,0.6,0.374602960202499
73.73,-0.00498978723680329,0.562563593629728,0.637436406370272,0.6,0.374364063702723
73.74,-0.00498930250710366,0.562587458412672,0.637412541587328,0.6,0.374125415873279
73.75,-0.00498880655147549,0.562611298274888,0.637388701725112,0.6,0.373887017251122
73.76,-0.00498829937103468,0.562635113162735,0.637364886837265,0.6,0.37364886837265
73.77,-0.00498778096692239,0.56265890302263,0.63734109697737,0.6,0.373410969773698
73.78,-0.00498725134030503,0.562682667801046,0.637317332198954,0.6,0.373173321989537
73.79,-0.00498671049237426,0.562706407444513,0.637293592555487,0.6,0.372935925554875
73.8,-0.00498615842434699,0.562730121899615,0.637269878100385,0.6,0.372698781003853
73.81,-0.00498559513746536,0.562753811112995,0.637246188887005,0.6,0.372461888870048
73.82,-0.00498502063299678,0.562777475031353,0.637222524968647,0.6,0.372225249686465
73.83,-0.00498443491223388,0.562801113601446,0.637198886398554,0.6,0.371988863985544
73.84,-0.00498383797649452,0.562824726770085,0.637175273229915,0.6,0.371752732299151
73.85,-0.00498322982712183,0.562848314484142,0.637151685515858,0.6,0.371516855158583
73.86,-0.00498261046548412,0.562871876690544,0.637128123309456,0.6,0.371281233094564
73.87,-0.00498197989297497,0.562895413336276,0.637104586663724,0.6,0.371045866637243
73.88,-0.00498133811101316,0.562918924368381,0.637081075631619,0.6,0.370810756316194
73.89,-0.0049806851210427,0.562942409733958,0.637057590266042,0.6,0.370575902660416
73.9,-0.00498002092453282,0.562965869380167,0.637034130619833,0.6,0.37034130619833
73.91,-0.00497934552297797,0.562989303254222,0.637010696745777,0.6,0.370106967457775
73.92,-0.00497865891789778,0.563012711303398,0.636987288696602,0.6,0.369872886966016
73.93,-0.00497796111083713,0.563036093475027,0.636963906524973,0.6,0.369639065249734
73.94,-0.00497725210336609,0.563059449716497,0.636940550283503,0.6,0.369405502835026
73.95,-0.00497653189707991,0.563082779975259,0.636917220024741,0.6,0.36917220024741
73.96,-0.00497580049359906,0.563106084198819,0.636893915801181,0.6,0.368939158011814
73.97,-0.0049750578945692,0.563129362334742,0.636870637665258,0.6,0.368706376652583
73.98,-0.00497430410166117,0.563152614330652,0.636847385669348,0.6,0.368473856693478
73.99,-0.00497353911657101,0.563175840134233,0.636824159865766,0.6,0.368241598657665
74,-0.00497276294101995,0.563199039693227,0.636800960306773,0.6,0.368009603067726
74.01,-0.00497197557675436,0.563222212955435,0.636777787044565,0.6,0.367777870445652
74.02,-0.00497117702554582,0.563245359868716,0.636754640131284,0.6,0.36754640131284
74.03,-0.00497036728919107,0.56326848038099,0.63673151961901,0.6,0.367315196190098
74.04,-0.00496954636951202,0.563291574440237,0.636708425559763,0.6,0.367084255597633
74.05,-0.00496871426835573,0.563314641994494,0.636685358005506,0.6,0.366853580055064
74.06,-0.00496787098759443,0.563337682991859,0.636662317008141,0.6,0.366623170081412
74.07,-0.00496701652912551,0.56336069738049,0.63663930261951,0.6,0.366393026195097
74.08,-0.0049661508948715,0.563383685108606,0.636616314891394,0.6,0.366163148913943
74.09,-0.00496527408678006,0.563406646124483,0.636593353875517,0.6,0.365933538755174
74.1,-0.00496438610682403,0.563429580376459,0.636570419623541,0.6,0.365704196235414
74.11,-0.00496348695700134,0.563452487812932,0.636547512187068,0.6,0.365475121870682
74.12,-0.0049625766393351,0.56347536838236,0.63652463161764,0.6,0.365246316176396
74.13,-0.00496165515587352,0.563498222033263,0.636501777966737,0.6,0.365017779667368
74.14,-0.00496072250868992,0.563521048714219,0.636478951285781,0.6,0.364789512857807
74.15,-0.00495977869988278,0.563543848373869,0.636456151626131,0.6,0.36456151626131
74.16,-0.00495882373157565,0.563566620960913,0.636433379039087,0.6,0.364333790390873
74.17,-0.00495785760591722,0.563589366424112,0.636410633575888,0.6,0.364106335758876
74.18,-0.00495688032508127,0.563612084712291,0.636387915287709,0.6,0.363879152877093
74.19,-0.00495589189126667,0.563634775774331,0.636365224225669,0.6,0.363652242256686
74.2,-0.00495489230669741,0.56365743955918,0.63634256044082,0.6,0.363425604408203
74.21,-0.00495388157362256,0.563680076015842,0.636319923984158,0.6,0.363199239841578
74.22,-0.00495285969431625,0.563702685093387,0.636297314906613,0.6,0.362973149066134
74.23,-0.00495182667107772,0.563725266740943,0.636274733259057,0.6,0.362747332590573
74.24,-0.00495078250623127,0.563747820907702,0.636252179092298,0.6,0.362521790922982
74.25,-0.00494972720212626,0.563770347542917,0.636229652457083,0.6,0.362296524570831
74.26,-0.00494866076113714,0.563792846595903,0.636207153404097,0.6,0.362071534040969
74.27,-0.0049475831856634,0.563815318016038,0.636184681983962,0.6,0.361846819839623
74.28,-0.00494649447812958,0.56383776175276,0.63616223824724,0.6,0.361622382472401
74.29,-0.00494539464098526,0.563860177755571,0.636139822244429,0.6,0.361398222444287
74.3,-0.00494428367670509,0.563882565974036,0.636117434025964,0.6,0.36117434025964
74.31,-0.00494316158778874,0.56390492635778,0.63609507364222,0.6,0.360950736422196
74.32,-0.0049420283767609,0.563927258856494,0.636072741143506,0.6,0.360727411435063
74.33,-0.00494088404617129,0.563949563419928,0.636050436580072,0.6,0.360504365800723
74.34,-0.00493972859859466,0.563971839997897,0.636028160002103,0.6,0.360281600021028
74.35,-0.00493856203663078,0.56399408854028,0.63600591145972,0.6,0.360059114597201
74.36,-0.00493738436290439,0.564016308997017,0.635983691002983,0.6,0.359836910029834
74.37,-0.00493619558006527,0.564038501318111,0.635961498681889,0.6,0.359614986818886
74.38,-0.00493499569078817,0.564060665453631,0.635939334546369,0.6,0.359393345463686
74.39,-0.00493378469777286,0.564082801353707,0.635917198646293,0.6,0.359171986462926
74.4,-0.00493256260374405,0.564104908968534,0.635895091031466,0.6,0.358950910314663
74.41,-0.00493132941145147,0.564126988248368,0.635873011751632,0.6,0.358730117516319
74.42,-0.00493008512366979,0.564149039143532,0.635850960856468,0.6,0.35850960856468
74.43,-0.00492882974319867,0.564171061604411,0.635828938395589,0.6,0.358289383955886
74.44,-0.0049275632728627,0.564193055581455,0.635806944418545,0.6,0.358069444185447
74.45,-0.00492628571551145,0.564215021025177,0.635784978974823,0.6,0.357849789748226
74.46,-0.00492499707401941,0.564236957886156,0.635763042113844,0.6,0.357630421138443
74.47,-0.00492369735128604,0.564258866115032,0.635741133884968,0.6,0.35741133884968
74.48,-0.0049223865502357,0.564280745662513,0.635719254337487,0.6,0.357192543374872
74.49,-0.0049210646738177,0.564302596479369,0.635697403520631,0.6,0.356974035206307
74.5,-0.00491973172500626,0.564324418516437,0.635675581483563,0.6,0.35675581483563
74.51,-0.00491838770680052,0.564346211724617,0.635653788275383,0.6,0.356537882753835
74.52,-0.00491703262222451,0.564367976054873,0.635632023945127,0.6,0.35632023945127
74.53,-0.00491566647432717,0.564389711458237,0.635610288541763,0.6,0.356102885417633
74.54,-0.00491428926618234,0.564411417885803,0.635588582114197,0.6,0.35588582114197
74.55,-0.00491290100088874,0.564433095288732,0.635566904711268,0.6,0.355669047112676
74.56,-0.00491150168156996,0.564454743618251,0.635545256381749,0.6,0.35545256381749
74.57,-0.00491009131137446,0.56447636282565,0.63552363717435,0.6,0.355236371743503
74.58,-0.00490866989347559,0.564497952862286,0.635502047137714,0.6,0.355020471377144
74.59,-0.00490723743107152,0.564519513679581,0.635480486320419,0.6,0.354804863204191
74.6,-0.00490579392738531,0.564541045229024,0.635458954770976,0.6,0.35458954770976
74.61,-0.00490433938566483,0.564562547462169,0.635437452537831,0.6,0.354374525378314
74.62,-0.0049028738091828,0.564584020330635,0.635415979669365,0.6,0.35415979669365
74.63,-0.00490139720123677,0.564605463786109,0.635394536213891,0.6,0.353945362138909
74.64,-0.0048999095651491,0.564626877780343,0.635373122219657,0.6,0.353731222196568
74.65,-0.00489841090426698,0.564648262265156,0.635351737734844,0.6,0.353517377348443
74.66,-0.00489690122196239,0.564669617192432,0.635330382807568,0.6,0.353303828075684
74.67,-0.00489538052163212,0.564690942514122,0.635309057485878,0.6,0.353090574858775
74.68,-0.00489384880669774,0.564712238182246,0.635287761817754,0.6,0.352877618177539
74.69,-0.0048923060806056,0.564733504148887,0.635266495851113,0.6,0.352664958511126
74.7,-0.00489075234682686,0.564754740366198,0.635245259633802,0.6,0.352452596338022
74.71,-0.00488918760885739,0.564775946786396,0.635224053213604,0.6,0.35224053213604
74.72,-0.00488761187021787,0.564797123361767,0.635202876638233,0.6,0.352028766382326
74.73,-0.0048860251344537,0.564818270044665,0.635181729955335,0.6,0.351817299553351
74.74,-0.00488442740513504,0.564839386787508,0.635160613212492,0.6,0.351606132124916
74.75,-0.00488281868585677,0.564860473542785,0.635139526457215,0.6,0.351395264572149
74.76,-0.00488119898023853,0.56488153026305,0.63511846973695,0.6,0.3511846973695
74.77,-0.00487956829192464,0.564902556900925,0.635097443099075,0.6,0.350974430990746
74.78,-0.00487792662458415,0.564923553409101,0.635076446590899,0.6,0.350764465908987
74.79,-0.00487627398191081,0.564944519740336,0.635055480259664,0.6,0.350554802596643
74.8,-0.00487461036762307,0.564965455847454,0.635034544152546,0.6,0.350345441525456
74.81,-0.00487293578546406,0.564986361683351,0.635013638316649,0.6,0.350136383166491
74.82,-0.00487125023920159,0.565007237200987,0.634992762799013,0.6,0.349927627990125
74.83,-0.00486955373262814,0.565028082353394,0.634971917646606,0.6,0.349719176466062
74.84,-0.00486784626956084,0.565048897093668,0.634951102906331,0.6,0.349511029063315
74.85,-0.00486612785384149,0.565069681374978,0.634930318625021,0.6,0.349303186250215
74.86,-0.00486439848933652,0.565090435150559,0.634909564849441,0.6,0.349095648494409
74.87,-0.004862658179937,0.565111158373714,0.634888841626286,0.6,0.348888416262858
74.88,-0.00486090692955863,0.565131850997817,0.634868149002183,0.6,0.348681490021833
74.89,-0.00485914474214172,0.565152512976308,0.634847487023692,0.6,0.348474870236918
74.9,-0.00485737162165118,0.565173144262699,0.634826855737301,0.6,0.348268557373008
74.91,-0.00485558757207655,0.565193744810569,0.634806255189431,0.6,0.348062551894306
74.92,-0.00485379259743193,0.565214314573567,0.634785685426433,0.6,0.347856854264326
74.93,-0.00485198670175601,0.565234853505411,0.634765146494589,0.6,0.347651464945886
74.94,-0.00485016988911207,0.565255361559889,0.634744638440111,0.6,0.347446384401112
74.95,-0.00484834216358791,0.565275838690856,0.634724161309144,0.6,0.347241613091437
74.96,-0.00484650352929594,0.565296284852241,0.634703715147759,0.6,0.347037151477594
74.97,-0.00484465399037306,0.565316699998038,0.634683300001962,0.6,0.346833000019623
74.98,-0.00484279355098076,0.565337084082314,0.634662915917686,0.6,0.346629159176862
74.99,-0.00484092221530501,0.565357437059204,0.634642562940796,0.6,0.346425629407957
75,-0.00483903998755631,0.565377758882915,0.634622241117085,0.6,0.346222411170848
