t,e_line,u_L,u_R,v,omega
0.0000,0.050000,0.049751,1.000000,0.341169,4.751245
0.0100,0.050000,0.549500,0.750500,0.422500,1.005000
0.0200,0.050475,0.543548,0.756452,0.422500,1.064517
0.0300,0.051050,0.541139,0.758861,0.422500,1.088612
0.0400,0.051732,0.538455,0.761545,0.422500,1.115454
0.0500,0.052522,0.535526,0.764474,0.422500,1.144739
0.0600,0.053423,0.532345,0.767655,0.422500,1.176550
0.0700,0.054438,0.528903,0.771097,0.422500,1.210970
0.0800,0.055571,0.525191,0.774809,0.422500,1.248090
0.0900,0.056823,0.521200,0.778800,0.422500,1.288002
0.1000,0.058199,0.516919,0.783081,0.422500,1.330808
0.1100,0.059703,0.512339,0.787661,0.422500,1.376610
0.1200,0.061338,0.507448,0.792552,0.422500,1.425521
0.1300,0.063108,0.502235,0.797765,0.422500,1.477655
0.1400,0.065019,0.496687,0.803313,0.422500,1.533133
0.1500,0.067075,0.490792,0.809208,0.422500,1.592082
0.1600,0.069280,0.484537,0.815463,0.422500,1.654633
0.1700,0.071641,0.477908,0.822092,0.422500,1.720924
0.1800,0.074161,0.470891,0.829109,0.422500,1.791095
0.1900,0.076849,0.463471,0.836529,0.422500,1.865293
0.2000,0.079708,0.455633,0.844367,0.422500,1.943669
0.2100,0.082745,0.447362,0.852638,0.422500,2.026376
0.2200,0.085967,0.438643,0.861357,0.422500,2.113573
0.2300,0.089380,0.429458,0.870542,0.422500,2.205420
0.2400,0.092991,0.419792,0.880208,0.422500,2.302078
0.2500,0.096807,0.409629,0.890371,0.422500,2.403710
0.2600,0.100834,0.398952,0.901048,0.422500,2.510478
0.2700,0.105081,0.387746,0.912254,0.422500,2.622542
0.2800,0.109553,0.375994,0.924006,0.422500,2.740057
0.2900,0.114258,0.363682,0.936318,0.422500,2.863176
0.3000,0.119203,0.350796,0.949204,0.422500,2.992039
0.3100,0.124395,0.337322,0.962678,0.422500,3.126779
0.3200,0.129841,0.323249,0.976751,0.422500,3.267515
0.3300,0.135546,0.308565,0.991435,0.422500,3.414346
0.3400,0.141516,0.293265,1.000000,0.420311,3.533676
0.3500,0.147757,0.277341,1.000000,0.415136,3.613295
0.3600,0.154269,0.260823,1.000000,0.409767,3.695887
0.3700,0.161052,0.243753,1.000000,0.404220,3.781234
0.3800,0.168101,0.226145,1.000000,0.398497,3.869276
0.3900,0.175414,0.208012,1.000000,0.392604,3.959942
0.4000,0.182985,0.189371,1.000000,0.386546,4.053145
0.4100,0.190809,0.170243,1.000000,0.380329,4.148787
0.4200,0.198878,0.150649,1.000000,0.373961,4.246753
0.4300,0.207186,0.130618,1.000000,0.367451,4.346909
0.4400,0.215722,0.110178,1.000000,0.360808,4.449108
0.4500,0.224477,0.089364,1.000000,0.354043,4.553181
0.4600,0.233438,0.068212,1.000000,0.347169,4.658941
0.4700,0.242592,0.046764,1.000000,0.340198,4.766180
0.4800,0.251923,0.025066,1.000000,0.333146,4.874670
0.4900,0.261415,0.003168,1.000000,0.326030,4.984161
0.5000,0.271049,-0.018876,1.000000,0.318865,5.094380
0.5100,0.280805,-0.041007,1.000000,0.311673,5.205036
0.5200,0.290660,-0.063162,1.000000,0.304472,5.315812
0.5300,0.300590,-0.085275,1.000000,0.297286,5.426374
0.5400,0.310568,-0.107273,1.000000,0.290136,5.536365
0.5500,0.320568,-0.129082,1.000000,0.283048,5.645410
0.5600,0.330558,-0.150623,1.000000,0.276047,5.753117
0.5700,0.340507,-0.171816,1.000000,0.269160,5.859079
0.5800,0.350382,-0.192575,1.000000,0.262413,5.962875
0.5900,0.360148,-0.212815,1.000000,0.255835,6.064076
0.6000,0.369768,-0.232449,1.000000,0.249454,6.162244
0.6100,0.379206,-0.251388,1.000000,0.243299,6.256941
0.6200,0.388421,-0.269545,1.000000,0.237398,6.347726
0.6300,0.397376,-0.286834,1.000000,0.231779,6.434168
0.6400,0.406030,-0.303169,1.000000,0.226470,6.515843
0.6500,0.414345,-0.318468,1.000000,0.221498,6.592342
0.6600,0.422279,-0.332655,1.000000,0.216887,6.663277
0.6700,0.429796,-0.345656,1.000000,0.212662,6.728282
0.6800,0.436857,-0.357404,1.000000,0.208844,6.787021
0.6900,0.443426,-0.367839,1.000000,0.205452,6.839193
0.7000,0.449468,-0.376906,1.000000,0.202506,6.884530
0.7100,0.454952,-0.384562,1.000000,0.200017,6.922809
0.7200,0.459848,-0.390770,1.000000,0.198000,6.953848
0.7300,0.464128,-0.395502,1.000000,0.196462,6.977512
0.7400,0.467771,-0.398743,1.000000,0.195409,6.993715
0.7500,0.470755,-0.400483,1.000000,0.194843,7.002417
0.7600,0.473065,-0.400726,1.000000,0.194764,7.003630
0.7700,0.474688,-0.399482,1.000000,0.195168,6.997412
0.7800,0.475617,-0.396774,1.000000,0.196049,6.983868
0.7900,0.475848,-0.392630,1.000000,0.197395,6.963149
0.8000,0.475380,-0.387089,1.000000,0.199196,6.935447
0.8100,0.474219,-0.380199,1.000000,0.201435,6.900995
0.8200,0.472372,-0.372012,1.000000,0.204096,6.860059
0.8300,0.469851,-0.362588,1.000000,0.207159,6.812938
0.8400,0.466674,-0.351992,1.000000,0.210603,6.759958
0.8500,0.462858,-0.340293,1.000000,0.214405,6.701466
0.8600,0.458426,-0.327566,1.000000,0.218541,6.637829
0.8700,0.453405,-0.313886,1.000000,0.222987,6.569428
0.8800,0.447820,-0.299331,1.000000,0.227718,6.496653
0.8900,0.441703,-0.283980,1.000000,0.232706,6.419901
0.9000,0.435086,-0.267914,1.000000,0.237928,6.339568
0.9100,0.428001,-0.251210,1.000000,0.243357,6.256052
0.9200,0.420483,-0.233949,1.000000,0.248967,6.169743
0.9300,0.412568,-0.216205,1.000000,0.254733,6.081026
0.9400,0.404291,-0.198055,1.000000,0.260632,5.990275
0.9500,0.395688,-0.179570,1.000000,0.266640,5.897852
0.9600,0.386795,-0.160821,1.000000,0.272733,5.804107
0.9700,0.377649,-0.141875,1.000000,0.278891,5.709373
0.9800,0.368283,-0.122794,1.000000,0.285092,5.613969
0.9900,0.358732,-0.103639,1.000000,0.291317,5.518196
1.0000,0.349030,-0.084468,1.000000,0.297548,5.422340
1.0100,0.339210,-0.065333,1.000000,0.303767,5.326667
1.0200,0.329301,-0.046286,1.000000,0.309957,5.231429
1.0300,0.319335,-0.027372,1.000000,0.316104,5.136858
1.0400,0.309339,-0.008634,1.000000,0.322194,5.043172
1.0500,0.299342,0.009885,1.000000,0.328213,4.950573
1.0600,0.289368,0.028151,1.000000,0.334149,4.859244
1.0700,0.279441,0.046129,1.000000,0.339992,4.769357
1.0800,0.269586,0.063786,1.000000,0.345731,4.681068
1.0900,0.259822,0.081096,1.000000,0.351356,4.594520
1.1000,0.250170,0.098031,1.000000,0.356860,4.509843
1.1100,0.240648,0.114569,1.000000,0.362235,4.427156
1.1200,0.231274,0.130687,1.000000,0.367473,4.346566
1.1300,0.222063,0.146366,1.000000,0.372569,4.268171
1.1400,0.213029,0.161588,1.000000,0.377516,4.192058
1.1500,0.204187,0.176339,1.000000,0.382310,4.118306
1.1600,0.195549,0.190603,1.000000,0.386946,4.046987
1.1700,0.187125,0.204367,1.000000,0.391419,3.978165
1.1800,0.178927,0.217620,1.000000,0.395727,3.911898
1.1900,0.170962,0.230353,1.000000,0.399865,3.848236
1.2000,0.163240,0.242555,1.000000,0.403830,3.787227
1.2100,0.155768,0.254218,1.000000,0.407621,3.728911
1.2200,0.148553,0.265335,1.000000,0.411234,3.673327
1.2300,0.141602,0.275898,1.000000,0.414667,3.620509
1.2400,0.134919,0.285903,1.000000,0.417918,3.570487
1.2500,0.128510,0.295342,1.000000,0.420986,3.523289
1.2600,0.122378,0.304212,0.995788,0.422500,3.457883
1.2700,0.116529,0.312506,0.987494,0.422500,3.374936
1.2800,0.110964,0.320243,0.979757,0.422500,3.297571
1.2900,0.105682,0.327443,0.972557,0.422500,3.225573
1.3000,0.100684,0.334109,0.965891,0.422500,3.158913
1.3100,0.095967,0.340244,0.959756,0.422500,3.097564
1.3200,0.091531,0.345850,0.954150,0.422500,3.041504
1.3300,0.087374,0.350929,0.949071,0.422500,2.990714
1.3400,0.083496,0.355482,0.944518,0.422500,2.945183
1.3500,0.079896,0.359510,0.940490,0.422500,2.904903
1.3600,0.076571,0.363012,0.936988,0.422500,2.869876
1.3700,0.073523,0.365989,0.934011,0.422500,2.840107
1.3800,0.070748,0.368439,0.931561,0.422500,2.815612
1.3900,0.068248,0.370359,0.929641,0.422500,2.796410
1.4000,0.066021,0.371747,0.928253,0.422500,2.782532
1.4100,0.064068,0.372599,0.927401,0.422500,2.774013
1.4200,0.062388,0.372910,0.927090,0.422500,2.770898
1.4300,0.060982,0.372676,0.927324,0.422500,2.773240
1.4400,0.059851,0.371890,0.928110,0.422500,2.781100
1.4500,0.058996,0.370545,0.929455,0.422500,2.794546
1.4600,0.058419,0.368635,0.931365,0.422500,2.813655
1.4700,0.058120,0.366149,0.933851,0.422500,2.838511
1.4800,0.058103,0.363079,0.936921,0.422500,2.869208
1.4900,0.058370,0.359416,0.940584,0.422500,2.905844
1.5000,0.058924,0.355147,0.944853,0.422500,2.948526
1.5100,0.059767,0.350263,0.949737,0.422500,2.997368
1.5200,0.060904,0.344751,0.955249,0.422500,3.052486
1.5300,0.062338,0.338599,0.961401,0.422500,3.114006
1.5400,0.064073,0.331795,0.968205,0.422500,3.182055
1.5500,0.066114,0.324324,0.975676,0.422500,3.256761
1.5600,0.068466,0.316174,0.983826,0.422500,3.338257
1.5700,0.071132,0.307333,0.992667,0.422500,3.426674
1.5800,0.074119,0.297786,1.000000,0.421781,3.511069
1.5900,0.077432,0.287523,1.000000,0.418445,3.562387
1.6000,0.081073,0.276543,1.000000,0.414876,3.617286
1.6100,0.085044,0.264882,1.000000,0.411087,3.675590
1.6200,0.089344,0.252542,1.000000,0.407076,3.737290
1.6300,0.093973,0.239526,1.000000,0.402846,3.802372
1.6400,0.098930,0.225837,1.000000,0.398397,3.870813
1.6500,0.104213,0.211484,1.000000,0.393732,3.942582
1.6600,0.109821,0.196472,1.000000,0.388854,4.017638
1.6700,0.115751,0.180814,1.000000,0.383764,4.095932
1.6800,0.122000,0.164520,1.000000,0.378469,4.177400
1.6900,0.128563,0.147606,1.000000,0.372972,4.261968
1.7000,0.135436,0.130091,1.000000,0.367279,4.349547
1.7100,0.142611,0.111993,1.000000,0.361398,4.440033
1.7200,0.150083,0.093339,1.000000,0.355335,4.533306
1.7300,0.157843,0.074154,1.000000,0.349100,4.629229
1.7400,0.165880,0.054471,1.000000,0.342703,4.727644
1.7500,0.174184,0.034325,1.000000,0.336156,4.828375
1.7600,0.182742,0.013755,1.000000,0.329470,4.931226
1.7700,0.191540,-0.007195,1.000000,0.322661,5.035977
1.7800,0.200561,-0.028477,1.000000,0.315745,5.142387
1.7900,0.209789,-0.050038,1.000000,0.308738,5.250191
1.8000,0.219202,-0.071820,1.000000,0.301659,5.359099
1.8100,0.228779,-0.093760,1.000000,0.294528,5.468799
1.8200,0.238497,-0.115791,1.000000,0.287368,5.578955
1.8300,0.248329,-0.137841,1.000000,0.280202,5.689207
1.8400,0.258247,-0.159834,1.000000,0.273054,5.799171
1.8500,0.268222,-0.181689,1.000000,0.265951,5.908446
1.8600,0.278221,-0.203321,1.000000,0.258921,6.016606
1.8700,0.288211,-0.224642,1.000000,0.251991,6.123211
1.8800,0.298154,-0.245561,1.000000,0.245193,6.227806
1.8900,0.308014,-0.265985,1.000000,0.238555,6.329923
1.9000,0.317751,-0.285818,1.000000,0.232109,6.429088
1.9100,0.327324,-0.304964,1.000000,0.225887,6.524820
1.9200,0.336692,-0.323328,1.000000,0.219918,6.616641
1.9300,0.345811,-0.340816,1.000000,0.214235,6.704078
1.9400,0.354640,-0.357333,1.000000,0.208867,6.786667
1.9500,0.363134,-0.372792,1.000000,0.203843,6.863961
1.9600,0.371250,-0.387107,1.000000,0.199190,6.935535
1.9700,0.378947,-0.400198,1.000000,0.194936,7.000989
1.9800,0.386183,-0.411991,1.000000,0.191103,7.059954
1.9900,0.392918,-0.422420,1.000000,0.187713,7.112101
2.0000,0.399115,-0.431428,1.000000,0.184786,7.157140
2.0100,0.404739,-0.438965,1.000000,0.182336,7.194827
2.0200,0.409757,-0.444993,1.000000,0.180377,7.224965
2.0300,0.414140,-0.449482,1.000000,0.178918,7.247411
2.0400,0.417863,-0.452415,1.000000,0.177965,7.262073
2.0500,0.420904,-0.453783,1.000000,0.177521,7.268915
2.0600,0.423246,-0.453591,1.000000,0.177583,7.267954
2.0700,0.424875,-0.451852,1.000000,0.178148,7.259260
2.0800,0.425784,-0.448591,1.000000,0.179208,7.242956
2.0900,0.425968,-0.443843,1.000000,0.180751,7.219213
2.1000,0.425429,-0.437650,1.000000,0.182764,7.188249
2.1100,0.424170,-0.430065,1.000000,0.185229,7.150325
2.1200,0.422202,-0.421148,1.000000,0.188127,7.105739
2.1300,0.419539,-0.410965,1.000000,0.191437,7.054823
2.1400,0.416198,-0.398986,1.000000,0.195330,6.994929
2.1500,0.412201,-0.384431,1.000000,0.200060,6.922155
2.1600,0.407573,-0.368866,1.000000,0.205118,6.844331
2.1700,0.402343,-0.352386,1.000000,0.210475,6.761929
2.1800,0.396542,-0.335078,1.000000,0.216100,6.675389
2.1900,0.390204,-0.317031,1.000000,0.221965,6.585155
2.2000,0.383365,-0.298333,1.000000,0.228042,6.491666
2.2100,0.376060,-0.279071,1.000000,0.234302,6.395356
2.2200,0.368327,-0.259330,1.000000,0.240718,6.296650
2.2300,0.360205,-0.239192,1.000000,0.247263,6.195958
2.2400,0.351733,-0.218736,1.000000,0.253911,6.093679
2.2500,0.342947,-0.198039,1.000000,0.260637,5.990193
2.2600,0.333887,-0.177173,1.000000,0.267419,5.885863
2.2700,0.324590,-0.156207,1.000000,0.274233,5.781033
2.2800,0.315092,-0.135206,1.000000,0.281058,5.676029
2.2900,0.305429,-0.114231,1.000000,0.287875,5.571155
2.3000,0.295636,-0.093339,1.000000,0.294665,5.466696
2.3100,0.285745,-0.072583,1.000000,0.301410,5.362917
2.3200,0.275789,-0.052013,1.000000,0.308096,5.260063
2.3300,0.265797,-0.031672,1.000000,0.314707,5.158360
2.3400,0.255797,-0.011603,1.000000,0.321229,5.058016
2.3500,0.245818,0.008156,1.000000,0.327651,4.959221
2.3600,0.235884,0.027570,1.000000,0.333960,4.862150
2.3700,0.226020,0.046608,1.000000,0.340148,4.766959
2.3800,0.216246,0.065242,1.000000,0.346204,4.673791
2.3900,0.206585,0.083445,1.000000,0.352120,4.582775
2.4000,0.197054,0.101195,1.000000,0.357888,4.494026
2.4100,0.187673,0.118470,1.000000,0.363503,4.407648
2.4200,0.178456,0.135254,1.000000,0.368957,4.323732
2.4300,0.169420,0.151528,1.000000,0.374247,4.242361
2.4400,0.160576,0.167279,1.000000,0.379366,4.163607
2.4500,0.151939,0.182493,1.000000,0.384310,4.087534
2.4600,0.143519,0.197160,1.000000,0.389077,4.014198
2.4700,0.135327,0.211270,1.000000,0.393663,3.943648
2.4800,0.127371,0.224814,1.000000,0.398065,3.875928
2.4900,0.119661,0.237785,1.000000,0.402280,3.811075
2.5000,0.112203,0.250176,1.000000,0.406307,3.749120
2.5100,0.105004,0.261981,1.000000,0.410144,3.690093
2.5200,0.098070,0.273196,1.000000,0.413789,3.634018
2.5300,0.091407,0.283817,1.000000,0.417240,3.580915
2.5400,0.085019,0.293839,1.000000,0.420498,3.530804
2.5500,0.078911,0.303260,0.996740,0.422500,3.467399
2.5600,0.073086,0.312077,0.987923,0.422500,3.379231
2.5700,0.067546,0.320303,0.979697,0.422500,3.296968
2.5800,0.062291,0.327969,0.972031,0.422500,3.220309
2.5900,0.057319,0.335080,0.964920,0.422500,3.149202
2.6000,0.052629,0.341640,0.958360,0.422500,3.083597
2.6100,0.048220,0.347655,0.952345,0.422500,3.023449
2.6200,0.044089,0.353128,0.946872,0.422500,2.968717
2.6300,0.040236,0.358063,0.941937,0.422500,2.919366
2.6400,0.036658,0.362463,0.937537,0.422500,2.875368
2.6500,0.033354,0.366330,0.933670,0.422500,2.836702
2.6600,0.030323,0.369665,0.930335,0.422500,2.803352
2.6700,0.027563,0.372469,0.927531,0.422500,2.775311
2.6800,0.025074,0.374742,0.925258,0.422500,2.752580
2.6900,0.022855,0.376484,0.923516,0.422500,2.735165
2.7000,0.020905,0.377692,0.922308,0.422500,2.723082
2.7100,0.019224,0.378365,0.921635,0.422500,2.716354
2.7200,0.017811,0.378499,0.921501,0.422500,2.715013
2.7300,0.016669,0.378090,0.921910,0.422500,2.719097
2.7400,0.015796,0.377134,0.922866,0.422500,2.728655
2.7500,0.015195,0.375626,0.924374,0.422500,2.743742
2.7600,0.014866,0.373558,0.926442,0.422500,2.764419
2.7700,0.014811,0.370924,0.929076,0.422500,2.790758
2.7800,0.015033,0.367716,0.932284,0.422500,2.822836
2.7900,0.015533,0.363926,0.936074,0.422500,2.860739
2.8000,0.016316,0.359544,0.940456,0.422500,2.904556
2.8100,0.017383,0.354562,0.945438,0.422500,2.954384
2.8200,0.018739,0.348968,0.951032,0.422500,3.010325
2.8300,0.020386,0.342752,0.957248,0.422500,3.072485
2.8400,0.022330,0.335903,0.964097,0.422500,3.140972
2.8500,0.024574,0.328410,0.971590,0.422500,3.215897
2.8600,0.027123,0.320263,0.979737,0.422500,3.297372
2.8700,0.029982,0.311450,0.988550,0.422500,3.385505
2.8800,0.033155,0.301960,0.998040,0.422500,3.480402
2.8900,0.036647,0.291784,1.000000,0.419830,3.541082
2.9000,0.040463,0.280912,1.000000,0.416296,3.595441
2.9100,0.044604,0.269381,1.000000,0.412549,3.653094
2.9200,0.049070,0.257205,1.000000,0.408592,3.713975
2.9300,0.053859,0.244388,1.000000,0.404426,3.778059
2.9400,0.058971,0.230938,1.000000,0.400055,3.845312
2.9500,0.064404,0.216862,1.000000,0.395480,3.915691
2.9600,0.070156,0.202171,1.000000,0.390706,3.989145
2.9700,0.076223,0.186878,1.000000,0.385735,4.065611
2.9800,0.082603,0.170996,1.000000,0.380574,4.145018
2.9900,0.089291,0.154544,1.000000,0.375227,4.227278
3.0000,0.096280,0.137541,1.000000,0.369701,4.312293
3.0100,0.103566,0.120010,1.000000,0.364003,4.399950
3.0200,0.111140,0.101976,1.000000,0.358142,4.490118
3.0300,0.118995,0.083470,1.000000,0.352128,4.582652
3.0400,0.127119,0.064522,1.000000,0.345970,4.677388
3.0500,0.135501,0.045171,1.000000,0.339681,4.774144
3.0600,0.144130,0.025456,1.000000,0.333273,4.872718
3.0700,0.152989,0.005423,1.000000,0.326762,4.972886
3.0800,0.162065,-0.014881,1.000000,0.320164,5.074405
3.0900,0.171337,-0.035402,1.000000,0.313494,5.177010
3.1000,0.180788,-0.056083,1.000000,0.306773,5.280415
3.1100,0.190395,-0.076862,1.000000,0.300020,5.384311
3.1200,0.200136,-0.097674,1.000000,0.293256,5.488368
3.1300,0.209984,-0.118447,1.000000,0.286505,5.592236
3.1400,0.219912,-0.139109,1.000000,0.279790,5.695543
3.1500,0.229892,-0.159580,1.000000,0.273136,5.797900
3.1600,0.239891,-0.179781,1.000000,0.266571,5.898903
3.1700,0.249878,-0.199626,1.000000,0.260122,5.998129
3.1800,0.259818,-0.219029,1.000000,0.253815,6.095147
3.1900,0.269673,-0.237903,1.000000,0.247682,6.189514
3.2000,0.279408,-0.256157,1.000000,0.241749,6.280784
3.2100,0.288981,-0.273701,1.000000,0.236047,6.368507
3.2200,0.298355,-0.290447,1.000000,0.230605,6.452236
3.2300,0.307488,-0.306306,1.000000,0.225450,6.531532
3.2400,0.316339,-0.321193,1.000000,0.220612,6.605965
3.2500,0.324868,-0.335025,1.000000,0.216117,6.675124
3.2600,0.333034,-0.347723,1.000000,0.211990,6.738617
3.2700,0.340796,-0.359216,1.000000,0.208255,6.796079
3.2800,0.348116,-0.369435,1.000000,0.204934,6.847175
3.2900,0.354957,-0.378321,1.000000,0.202046,6.891604
3.3000,0.361283,-0.385821,1.000000,0.199608,6.929105
3.3100,0.367060,-0.391892,1.000000,0.197635,6.959460
3.3200,0.372258,-0.396498,1.000000,0.196138,6.982492
3.3300,0.376850,-0.399615,1.000000,0.195125,6.998077
3.3400,0.380810,-0.401227,1.000000,0.194601,7.006134
3.3500,0.384119,-0.401327,1.000000,0.194569,7.006635
3.3600,0.386759,-0.399920,1.000000,0.195026,6.999601
3.3700,0.388718,-0.397020,1.000000,0.195969,6.985098
3.3800,0.389986,-0.392649,1.000000,0.197389,6.963244
3.3900,0.390558,-0.386840,1.000000,0.199277,6.934198
3.4000,0.390434,-0.379632,1.000000,0.201620,6.898161
3.4100,0.389618,-0.371075,1.000000,0.204401,6.855374
3.4200,0.388117,-0.361222,1.000000,0.207603,6.806111
3.4300,0.385942,-0.350135,1.000000,0.211206,6.750676
3.4400,0.383108,-0.337880,1.000000,0.215189,6.689401
3.4500,0.379634,-0.324527,1.000000,0.219529,6.622637
3.4600,0.375541,-0.310151,1.000000,0.224201,6.550754
3.4700,0.370853,-0.294827,1.000000,0.229181,6.474133
3.4800,0.365597,-0.278633,1.000000,0.234444,6.393163
3.4900,0.359801,-0.261648,1.000000,0.239964,6.308239
3.5000,0.353497,-0.243951,1.000000,0.245716,6.219756
3.5100,0.346716,-0.225621,1.000000,0.251673,6.128104
3.5200,0.339491,-0.206734,1.000000,0.257811,6.033670
3.5300,0.331856,-0.187366,1.000000,0.264106,5.936829
3.5400,0.323846,-0.167590,1.000000,0.270533,5.837949
3.5500,0.315495,-0.147476,1.000000,0.277070,5.737382
3.5600,0.306837,-0.127093,1.000000,0.283695,5.635466
3.5700,0.297906,-0.106505,1.000000,0.290386,5.532525
3.5800,0.288736,-0.085773,1.000000,0.297124,5.428863
3.5900,0.279360,-0.064954,1.000000,0.303890,5.324771
3.6000,0.269808,-0.044104,1.000000,0.310666,5.220519
3.6100,0.260113,-0.023272,1.000000,0.317437,5.116360
3.6200,0.250303,-0.002506,1.000000,0.324186,5.012530
3.6300,0.240407,0.018151,1.000000,0.330899,4.909247
3.6400,0.230451,0.038658,1.000000,0.337564,4.806712
3.6500,0.220461,0.058978,1.000000,0.344168,4.705111
3.6600,0.210461,0.079078,1.000000,0.350700,4.604610
3.6700,0.200473,0.098927,1.000000,0.357151,4.505365
3.6800,0.190520,0.118497,1.000000,0.363512,4.407514
3.6900,0.180619,0.137764,1.000000,0.369773,4.311182
3.7000,0.170791,0.156704,1.000000,0.375929,4.216480
3.7100,0.161051,0.175298,1.000000,0.381972,4.123510
3.7200,0.151415,0.193528,1.000000,0.387897,4.032360
3.7300,0.141898,0.211379,1.000000,0.393698,3.943107
3.7400,0.132512,0.228836,1.000000,0.399372,3.855821
3.7500,0.123269,0.245888,1.000000,0.404914,3.770560
3.7600,0.114181,0.262525,1.000000,0.410321,3.687375
3.7700,0.105256,0.278738,1.000000,0.415590,3.606311
3.7800,0.096503,0.294519,1.000000,0.420719,3.527403
3.7900,0.087931,0.309864,0.990136,0.422500,3.401364
3.8000,0.079545,0.324765,0.975235,0.422500,3.252345
3.8100,0.071350,0.339255,0.960745,0.422500,3.107449
3.8200,0.063345,0.353358,0.946642,0.422500,2.966421
3.8300,0.055530,0.367086,0.932914,0.422500,2.829135
3.8400,0.047904,0.380454,0.919546,0.422500,2.695462
3.8500,0.040464,0.393474,0.906526,0.422500,2.565262
3.8600,0.033206,0.406161,0.893839,0.422500,2.438393
3.8700,0.026128,0.418529,0.881471,0.422500,2.314707
3.8800,0.019224,0.430594,0.869406,0.422500,2.194056
3.8900,0.012489,0.442371,0.857629,0.422500,2.076286
3.9000,0.005918,0.453876,0.846124,0.422500,1.961243
3.9100,-0.000495,0.465125,0.834875,0.422500,1.848746
3.9200,-0.006757,0.476165,0.823835,0.422500,1.738348
3.9300,-0.012873,0.487010,0.812990,0.422500,1.629900
3.9400,-0.018851,0.497676,0.802324,0.422500,1.523245
3.9500,-0.024697,0.508177,0.791823,0.422500,1.418227
3.9600,-0.030420,0.518531,0.781469,0.422500,1.314689
3.9700,-0.036025,0.528753,0.771247,0.422500,1.212470
3.9800,-0.041521,0.538859,0.761141,0.422500,1.111412
3.9900,-0.046915,0.548865,0.751135,0.422500,1.011352
4.0000,-0.052215,0.558787,0.741213,0.422500,0.912127
4.0100,-0.057430,0.568643,0.731357,0.422500,0.813573
4.0200,-0.062566,0.578447,0.721553,0.422500,0.715525
4.0300,-0.067632,0.588218,0.711782,0.422500,0.617816
4.0400,-0.072636,0.597972,0.702028,0.422500,0.520278
4.0500,-0.077587,0.607726,0.692274,0.422500,0.422740
4.0600,-0.082493,0.617497,0.682503,0.422500,0.325031
4.0700,-0.087362,0.627302,0.672698,0.422500,0.226978
4.0800,-0.092202,0.637160,0.662840,0.422500,0.128404
4.0900,-0.097022,0.647087,0.652913,0.422500,0.029132
4.1000,-0.101831,0.657102,0.642898,0.422500,-0.071017
4.1100,-0.106638,0.667222,0.632778,0.422500,-0.172225
4.1200,-0.111451,0.677468,0.622532,0.422500,-0.274676
4.1300,-0.116279,0.687856,0.612144,0.422500,-0.378557
4.1400,-0.121131,0.698406,0.601594,0.422500,-0.484056
4.1500,-0.126016,0.709136,0.590864,0.422500,-0.591363
4.1600,-0.130943,0.720067,0.579933,0.422500,-0.700672
4.1700,-0.135921,0.731218,0.568782,0.422500,-0.812176
4.1800,-0.140960,0.742607,0.557393,0.422500,-0.926073
4.1900,-0.146070,0.754256,0.545744,0.422500,-1.042558
4.2000,-0.151258,0.766183,0.533817,0.422500,-1.161832
4.2100,-0.156536,0.778409,0.521591,0.422500,-1.284091
4.2200,-0.161911,0.790953,0.509047,0.422500,-1.409534
4.2300,-0.167395,0.803836,0.496164,0.422500,-1.538358
4.2400,-0.172996,0.817076,0.482924,0.422500,-1.670758
4.2500,-0.178724,0.830693,0.469307,0.422500,-1.806925
4.2600,-0.184587,0.844705,0.455295,0.422500,-1.947046
4.2700,-0.190597,0.859130,0.440870,0.422500,-2.091300
4.2800,-0.196760,0.873986,0.426014,0.422500,-2.239860
4.2900,-0.203087,0.889289,0.410711,0.422500,-2.392887
4.3000,-0.209586,0.905053,0.394947,0.422500,-2.550529
4.3100,-0.216265,0.921292,0.378708,0.422500,-2.712918
4.3200,-0.223132,0.938017,0.361983,0.422500,-2.880168
4.3300,-0.230193,0.955237,0.344763,0.422500,-3.052369
4.3400,-0.237455,0.972958,0.327042,0.422500,-3.229583
4.3500,-0.244923,0.991184,0.308816,0.422500,-3.411844
4.3600,-0.252603,1.000000,0.290085,0.419278,-3.549573
4.3700,-0.260496,1.000000,0.270856,0.413028,-3.645721
4.3800,-0.268603,1.000000,0.251171,0.406631,-3.744144
4.3900,-0.276917,1.000000,0.231077,0.400100,-3.844613
4.4000,-0.285434,1.000000,0.210596,0.393444,-3.947022
4.4100,-0.294145,1.000000,0.189750,0.386669,-4.051251
4.4200,-0.303044,1.000000,0.168568,0.379785,-4.157161
4.4300,-0.312120,1.000000,0.147080,0.372801,-4.264599
4.4400,-0.321363,1.000000,0.125322,0.365729,-4.373392
4.4500,-0.330760,1.000000,0.103330,0.358582,-4.483349
4.4600,-0.340297,1.000000,0.081148,0.351373,-4.594259
4.4700,-0.349960,1.000000,0.058822,0.344117,-4.705892
4.4800,-0.359731,1.000000,0.036401,0.336830,-4.817997
4.4900,-0.369591,1.000000,0.013939,0.329530,-4.930304
4.5000,-0.379520,1.000000,-0.008505,0.322236,-5.042523
4.5100,-0.389496,1.000000,-0.030869,0.314968,-5.154344
4.5200,-0.399494,1.000000,-0.053088,0.307746,-5.265440
4.5300,-0.409489,1.000000,-0.075093,0.300595,-5.375466
4.5400,-0.419453,1.000000,-0.096812,0.293536,-5.484059
4.5500,-0.429357,1.000000,-0.118169,0.286595,-5.590845
4.5600,-0.439171,1.000000,-0.139087,0.279797,-5.695437
4.5700,-0.448862,1.000000,-0.159488,0.273167,-5.797438
4.5800,-0.458397,1.000000,-0.179289,0.266731,-5.896445
4.5900,-0.467742,1.000000,-0.198410,0.260517,-5.992052
4.6000,-0.476860,1.000000,-0.216771,0.254550,-6.083853
4.6100,-0.485716,1.000000,-0.234289,0.248856,-6.171446
4.6200,-0.494274,1.000000,-0.250888,0.243461,-6.254439
4.6300,-0.502496,1.000000,-0.266490,0.238391,-6.332452
4.6400,-0.510346,1.000000,-0.281024,0.233667,-6.405120
4.6500,-0.517788,1.000000,-0.294420,0.229313,-6.472101
4.6600,-0.524788,1.000000,-0.306616,0.225350,-6.533079
4.6700,-0.531311,1.000000,-0.317553,0.221795,-6.587765
4.6800,-0.537325,1.000000,-0.327181,0.218666,-6.635904
4.6900,-0.542801,1.000000,-0.335456,0.215977,-6.677279
4.7000,-0.547709,1.000000,-0.342342,0.213739,-6.711710
4.7100,-0.552025,1.000000,-0.347812,0.211961,-6.739059
4.7200,-0.555727,1.000000,-0.351846,0.210650,-6.759232
4.7300,-0.558794,1.000000,-0.354436,0.209808,-6.772179
4.7400,-0.561212,1.000000,-0.355579,0.209437,-6.777893
4.7500,-0.562968,1.000000,-0.355283,0.209533,-6.776414
4.7600,-0.564052,1.000000,-0.353565,0.210091,-6.767823
4.7700,-0.564461,1.000000,-0.350449,0.211104,-6.752245
4.7800,-0.564194,1.000000,-0.345969,0.212560,-6.729843
4.7900,-0.563252,1.000000,-0.340163,0.214447,-6.700817
4.8000,-0.561644,1.000000,-0.333080,0.216749,-6.665402
4.8100,-0.559378,1.000000,-0.324773,0.219449,-6.623864
4.8200,-0.556468,1.000000,-0.315299,0.222528,-6.576495
4.8300,-0.552931,1.000000,-0.304722,0.225965,-6.523608
4.8400,-0.548788,1.000000,-0.293108,0.229740,-6.465538
4.8500,-0.544060,1.000000,-0.280527,0.233829,-6.402634
4.8600,-0.538772,1.000000,-0.267051,0.238208,-6.335256
4.8700,-0.532952,1.000000,-0.252754,0.242855,-6.263770
4.8800,-0.526629,1.000000,-0.237710,0.247744,-6.188548
4.8900,-0.519834,1.000000,-0.221992,0.252853,-6.109961
4.9000,-0.512598,1.000000,-0.205676,0.258155,-6.028378
4.9100,-0.504953,1.000000,-0.188833,0.263629,-5.944163
4.9200,-0.496935,1.000000,-0.171534,0.269251,-5.857672
4.9300,-0.488575,1.000000,-0.153850,0.274999,-5.769252
4.9400,-0.479909,1.000000,-0.135847,0.280850,-5.679237
4.9500,-0.470969,1.000000,-0.117590,0.286783,-5.587951
4.9600,-0.461789,1.000000,-0.099140,0.292779,-5.495702
4.9700,-0.452402,1.000000,-0.080557,0.298819,-5.402783
4.9800,-0.442840,1.000000,-0.061894,0.304884,-5.309472
4.9900,-0.433134,1.000000,-0.043207,0.310958,-5.216034
5.0000,-0.423314,1.000000,-0.024543,0.317024,-5.122714
5.0100,-0.413409,1.000000,-0.005949,0.323067,-5.029743
5.0200,-0.403446,1.000000,0.012533,0.329073,-4.937337
5.0300,-0.393453,1.000000,0.030861,0.335030,-4.845697
5.0400,-0.383454,1.000000,0.048999,0.340925,-4.755007
5.0500,-0.373473,1.000000,0.066912,0.346746,-4.665438
5.0600,-0.363532,1.000000,0.084570,0.352485,-4.577149
5.0700,-0.353653,1.000000,0.101943,0.358132,-4.490283
5.0800,-0.343856,1.000000,0.119006,0.363677,-4.404971
5.0900,-0.334158,1.000000,0.135733,0.369113,-4.321335
5.1000,-0.324577,1.000000,0.152103,0.374434,-4.239483
5.1100,-0.315129,1.000000,0.168097,0.379632,-4.159514
5.1200,-0.305828,1.000000,0.183697,0.384701,-4.081517
5.1300,-0.296688,1.000000,0.198886,0.389638,-4.005572
5.1400,-0.287721,1.000000,0.213649,0.394436,-3.931753
5.1500,-0.278938,1.000000,0.227975,0.399092,-3.860124
5.1600,-0.270351,1.000000,0.241851,0.403602,-3.790743
5.1700,-0.261967,1.000000,0.255268,0.407962,-3.723662
5.1800,-0.253796,1.000000,0.268214,0.412170,-3.658928
5.1900,-0.245845,1.000000,0.280684,0.416222,-3.596580
5.2000,-0.238122,1.000000,0.292668,0.420117,-3.536658
5.2100,-0.230631,0.995838,0.304162,0.422500,-3.458383
5.2200,-0.223380,0.984842,0.315158,0.422500,-3.348424
5.2300,-0.216371,0.974331,0.325669,0.422500,-3.243312
5.2400,-0.209605,0.964274,0.335726,0.422500,-3.142744
5.2500,-0.203082,0.954666,0.345334,0.422500,-3.046658
5.2600,-0.196799,0.945499,0.354501,0.422500,-2.954989
5.2700,-0.190757,0.936767,0.363233,0.422500,-2.867670
5.2800,-0.184953,0.928464,0.371536,0.422500,-2.784637
5.2900,-0.179384,0.920582,0.379418,0.422500,-2.705824
5.3000,-0.174049,0.913117,0.386883,0.422500,-2.631168
5.3100,-0.168945,0.906061,0.393939,0.422500,-2.560608
5.3200,-0.164069,0.899409,0.400591,0.422500,-2.494086
5.3300,-0.159418,0.893155,0.406845,0.422500,-2.431547
5.3400,-0.154989,0.887294,0.412706,0.422500,-2.372939
5.3500,-0.150779,0.881822,0.418178,0.422500,-2.318215
5.3600,-0.146786,0.876733,0.423267,0.422500,-2.267331
5.3700,-0.143006,0.872025,0.427975,0.422500,-2.220248
5.3800,-0.139437,0.867693,0.432307,0.422500,-2.176931
5.3900,-0.136077,0.863735,0.436265,0.422500,-2.137352
5.4000,-0.132922,0.860149,0.439851,0.422500,-2.101486
5.4100,-0.129971,0.856931,0.443069,0.422500,-2.069314
5.4200,-0.127221,0.854082,0.445918,0.422500,-2.040823
5.4300,-0.124671,0.851601,0.448399,0.422500,-2.016005
5.4400,-0.122319,0.849486,0.450514,0.422500,-1.994859
5.4500,-0.120163,0.847739,0.452261,0.422500,-1.977389
5.4600,-0.118202,0.846361,0.453639,0.422500,-1.963606
5.4700,-0.116436,0.845353,0.454647,0.422500,-1.953526
5.4800,-0.114863,0.844717,0.455283,0.422500,-1.947172
5.4900,-0.113483,0.844457,0.455543,0.422500,-1.944574
5.5000,-0.112297,0.844577,0.455423,0.422500,-1.945768
5.5100,-0.111303,0.845080,0.454920,0.422500,-1.950798
5.5200,-0.110504,0.845971,0.454029,0.422500,-1.959713
5.5300,-0.109899,0.847257,0.452743,0.422500,-1.972570
5.5400,-0.109490,0.848943,0.451057,0.422500,-1.989433
5.5500,-0.109278,0.851037,0.448963,0.422500,-2.010373
5.5600,-0.109265,0.853547,0.446453,0.422500,-2.035468
5.5700,-0.109453,0.856480,0.443520,0.422500,-2.064803
5.5800,-0.109844,0.859847,0.440153,0.422500,-2.098469
5.5900,-0.110442,0.863657,0.436343,0.422500,-2.136567
5.6000,-0.111249,0.867920,0.432080,0.422500,-2.179201
5.6100,-0.112269,0.872649,0.427351,0.422500,-2.226485
5.6200,-0.113505,0.877854,0.422146,0.422500,-2.278538
5.6300,-0.114962,0.883549,0.416451,0.422500,-2.335485
5.6400,-0.116644,0.889746,0.410254,0.422500,-2.397458
5.6500,-0.118555,0.896459,0.403541,0.422500,-2.464592
5.6600,-0.120702,0.903703,0.396297,0.422500,-2.537031
5.6700,-0.123088,0.911492,0.388508,0.422500,-2.614917
5.6800,-0.125720,0.919840,0.380160,0.422500,-2.698402
5.6900,-0.128603,0.928763,0.371237,0.422500,-2.787633
5.7000,-0.131744,0.938276,0.361724,0.422500,-2.882763
5.7100,-0.135148,0.948394,0.351606,0.422500,-2.983942
5.7200,-0.138822,0.959132,0.340868,0.422500,-3.091317
5.7300,-0.142771,0.970503,0.329497,0.422500,-3.205031
5.7400,-0.147003,0.982522,0.317478,0.422500,-3.325220
5.7500,-0.151523,0.995201,0.304799,0.422500,-3.452008
5.7600,-0.156336,1.000000,0.291449,0.419721,-3.542754
5.7700,-0.161450,1.000000,0.277419,0.415161,-3.612907
5.7800,-0.166865,1.000000,0.262743,0.410392,-3.686284
5.7900,-0.172579,1.000000,0.247449,0.405421,-3.762754
5.8000,-0.178593,1.000000,0.231544,0.400252,-3.842280
5.8100,-0.184902,1.000000,0.215037,0.394887,-3.924815
5.8200,-0.191505,1.000000,0.197940,0.389330,-4.010301
5.8300,-0.198398,1.000000,0.180267,0.383587,-4.098666
5.8400,-0.205576,1.000000,0.162034,0.377661,-4.189828
5.8500,-0.213032,1.000000,0.143263,0.371560,-4.283686
5.8600,-0.220762,1.000000,0.123975,0.365292,-4.380126
5.8700,-0.228756,1.000000,0.104197,0.358864,-4.479016
5.8800,-0.237005,1.000000,0.083959,0.352287,-4.580205
5.8900,-0.245499,1.000000,0.063295,0.345571,-4.683525
5.9000,-0.254226,1.000000,0.042243,0.338729,-4.788785
5.9100,-0.263172,1.000000,0.020845,0.331775,-4.895775
5.9200,-0.272322,1.000000,-0.000853,0.324723,-5.004263
5.9300,-0.281658,1.000000,-0.022798,0.317591,-5.113992
5.9400,-0.291162,1.000000,-0.044937,0.310396,-5.224684
5.9500,-0.300812,1.000000,-0.067208,0.303158,-5.336038
5.9600,-0.310586,1.000000,-0.089546,0.295898,-5.447729
5.9700,-0.320459,1.000000,-0.111882,0.288638,-5.559411
5.9800,-0.330403,1.000000,-0.134143,0.281404,-5.670714
5.9900,-0.340391,1.000000,-0.156250,0.274219,-5.781249
6.0000,-0.350391,1.000000,-0.178122,0.267110,-5.890608
6.0100,-0.360370,1.000000,-0.199673,0.260106,-5.998365
6.0200,-0.370293,1.000000,-0.220816,0.253235,-6.104080
6.0300,-0.380125,1.000000,-0.241460,0.246525,-6.207302
6.0400,-0.389826,1.000000,-0.261515,0.240008,-6.307573
6.0500,-0.399359,1.000000,-0.280886,0.233712,-6.404429
6.0600,-0.408682,1.000000,-0.299481,0.227669,-6.497407
6.0700,-0.417755,1.000000,-0.317210,0.221907,-6.586048
6.0800,-0.426535,1.000000,-0.333981,0.216456,-6.669904
6.0900,-0.434981,1.000000,-0.349708,0.211345,-6.748542
6.1000,-0.443052,1.000000,-0.364309,0.206599,-6.821547
6.1100,-0.450706,1.000000,-0.377706,0.202246,-6.888530
6.1200,-0.457904,1.000000,-0.389827,0.198306,-6.949134
6.1300,-0.464607,1.000000,-0.400607,0.194803,-7.003033
6.1400,-0.470779,1.000000,-0.409989,0.191754,-7.049944
6.1500,-0.476384,1.000000,-0.417925,0.189174,-7.089626
6.1600,-0.481393,1.000000,-0.424377,0.187078,-7.121883
6.1700,-0.485776,1.000000,-0.429314,0.185473,-7.146570
6.1800,-0.489508,1.000000,-0.432719,0.184366,-7.163593
6.1900,-0.492568,1.000000,-0.434582,0.183761,-7.172909
6.2000,-0.494939,1.000000,-0.434906,0.183656,-7.174528
6.2100,-0.496607,1.000000,-0.433702,0.184047,-7.168511
6.2200,-0.497565,1.000000,-0.430994,0.184927,-7.154970
6.2300,-0.497807,1.000000,-0.426813,0.186286,-7.134065
6.2400,-0.497333,1.000000,-0.421200,0.188110,-7.106001
6.2500,-0.496149,1.000000,-0.414205,0.190383,-7.071024
6.2600,-0.494263,1.000000,-0.405884,0.193088,-7.029418
6.2700,-0.491688,1.000000,-0.396300,0.196202,-6.981502
6.2800,-0.488440,1.000000,-0.385524,0.199705,-6.927622
6.2900,-0.484541,1.000000,-0.373630,0.203570,-6.868149
6.3000,-0.480013,1.000000,-0.360694,0.207774,-6.803471
6.3100,-0.474885,1.000000,-0.346799,0.212290,-6.733995
6.3200,-0.469184,1.000000,-0.332027,0.217091,-6.660133
6.3300,-0.462944,1.000000,-0.316461,0.222150,-6.582306
6.3400,-0.456197,1.000000,-0.300187,0.227439,-6.500935
6.3500,-0.448980,1.000000,-0.283288,0.232931,-6.416440
6.3600,-0.441328,1.000000,-0.265847,0.238600,-6.329234
6.3700,-0.433279,1.000000,-0.247945,0.244418,-6.239724
6.3800,-0.424871,1.000000,-0.229661,0.250360,-6.148303
6.3900,-0.416142,1.000000,-0.211071,0.256402,-6.055353
6.4000,-0.407129,1.000000,-0.192249,0.262519,-5.961243
6.4100,-0.397871,1.000000,-0.173264,0.268689,-5.866322
6.4200,-0.388404,1.000000,-0.154185,0.274890,-5.770926
6.4300,-0.378764,1.000000,-0.135074,0.281101,-5.675371
6.4400,-0.368987,1.000000,-0.115991,0.287303,-5.579956
6.4500,-0.359107,1.000000,-0.096992,0.293478,-5.484960
6.4600,-0.349156,1.000000,-0.078130,0.299608,-5.390648
6.4700,-0.339165,1.000000,-0.059453,0.305678,-5.297263
6.4800,-0.329166,1.000000,-0.041006,0.311673,-5.205032
6.4900,-0.319186,1.000000,-0.022833,0.317579,-5.114167
6.5000,-0.309251,1.000000,-0.004972,0.323384,-5.024861
6.5100,-0.299389,1.000000,0.012541,0.329076,-4.937295
6.5200,-0.289621,1.000000,0.029674,0.334644,-4.851631
6.5300,-0.279972,1.000000,0.046396,0.340079,-4.768022
6.5400,-0.270461,1.000000,0.062679,0.345371,-4.686604
6.5500,-0.261108,1.000000,0.078499,0.350512,-4.607504
6.5600,-0.251931,1.000000,0.093833,0.355496,-4.530836
6.5700,-0.242947,1.000000,0.108659,0.360314,-4.456704
6.5800,-0.234171,1.000000,0.122959,0.364962,-4.385204
6.5900,-0.225617,1.000000,0.136716,0.369433,-4.316421
6.6000,-0.217298,1.000000,0.149913,0.373722,-4.250435
6.6100,-0.209227,1.000000,0.162537,0.377825,-4.187315
6.6200,-0.201414,1.000000,0.174574,0.381737,-4.127128
6.6300,-0.193869,1.000000,0.186014,0.385454,-4.069931
6.6400,-0.186602,1.000000,0.196844,0.388974,-4.015780
6.6500,-0.179619,1.000000,0.207055,0.392293,-3.964723
6.6600,-0.172930,1.000000,0.216639,0.395408,-3.916806
6.6700,-0.166541,1.000000,0.225586,0.398315,-3.872071
6.6800,-0.160458,1.000000,0.233889,0.401014,-3.830557
6.6900,-0.154686,1.000000,0.241540,0.403500,-3.792301
6.7000,-0.149232,1.000000,0.248533,0.405773,-3.757337
6.7100,-0.144099,1.000000,0.254861,0.407830,-3.725697
6.7200,-0.139293,1.000000,0.260517,0.409668,-3.697413
6.7300,-0.134816,1.000000,0.265497,0.411287,-3.672515
6.7400,-0.130673,1.000000,0.269794,0.412683,-3.651031
6.7500,-0.126867,1.000000,0.273402,0.413856,-3.632990
6.7600,-0.123401,1.000000,0.276316,0.414803,-3.618419
6.7700,-0.120277,1.000000,0.278531,0.415523,-3.607344
6.7800,-0.117500,1.000000,0.280041,0.416013,-3.599794
6.7900,-0.115071,1.000000,0.280841,0.416273,-3.595794
6.8000,-0.112993,1.000000,0.280926,0.416301,-3.595370
6.8100,-0.111267,1.000000,0.280291,0.416094,-3.598547
6.8200,-0.109897,1.000000,0.278930,0.415652,-3.605352
6.8300,-0.108884,1.000000,0.276838,0.414972,-3.615808
6.8400,-0.108231,1.000000,0.274012,0.414054,-3.629941
6.8500,-0.107938,1.000000,0.270446,0.412895,-3.647772
6.8600,-0.108008,1.000000,0.266135,0.411494,-3.669324
6.8700,-0.108444,1.000000,0.261076,0.409850,-3.694618
6.8800,-0.109245,1.000000,0.255266,0.407961,-3.723672
6.8900,-0.110414,1.000000,0.248699,0.405827,-3.756504
6.9000,-0.111952,1.000000,0.241374,0.403447,-3.793128
6.9100,-0.113859,1.000000,0.233289,0.400819,-3.833553
6.9200,-0.116138,1.000000,0.224442,0.397944,-3.877788
6.9300,-0.118788,1.000000,0.214833,0.394821,-3.925836
6.9400,-0.121811,1.000000,0.204461,0.391450,-3.977693
6.9500,-0.125204,1.000000,0.193330,0.387832,-4.033352
6.9600,-0.128970,1.000000,0.181440,0.383968,-4.092798
6.9700,-0.133105,1.000000,0.168799,0.379860,-4.156007
6.9800,-0.137610,1.000000,0.155410,0.375508,-4.222949
6.9900,-0.142482,1.000000,0.141284,0.370917,-4.293582
7.0000,-0.147718,1.000000,0.126429,0.366089,-4.367854
7.0100,-0.153315,1.000000,0.110860,0.361029,-4.445700
7.0200,-0.159269,1.000000,0.094591,0.355742,-4.527043
7.0300,-0.165574,1.000000,0.077642,0.350234,-4.611789
7.0400,-0.172223,1.000000,0.060034,0.344511,-4.699831
7.0500,-0.179210,1.000000,0.041791,0.338582,-4.791043
7.0600,-0.186525,1.000000,0.022944,0.332457,-4.885278
7.0700,-0.194159,1.000000,0.003525,0.326146,-4.982373
7.0800,-0.202098,1.000000,-0.016428,0.319661,-5.082140
7.0900,-0.210331,1.000000,-0.036874,0.313016,-5.184372
7.1000,-0.218841,1.000000,-0.057767,0.306226,-5.288833
7.1100,-0.227612,1.000000,-0.079054,0.299308,-5.395268
7.1200,-0.236625,1.000000,-0.100679,0.292279,-5.503393
7.1300,-0.245858,1.000000,-0.122580,0.285162,-5.612898
7.1400,-0.255289,1.000000,-0.144690,0.277976,-5.723448
7.1500,-0.264891,1.000000,-0.166936,0.270746,-5.834681
7.1600,-0.274637,1.000000,-0.189242,0.263496,-5.946210
7.1700,-0.284498,1.000000,-0.211524,0.256255,-6.057621
7.1800,-0.294439,1.000000,-0.233696,0.249049,-6.168480
7.1900,-0.304428,1.000000,-0.255666,0.241909,-6.278328
7.2000,-0.314427,1.000000,-0.277338,0.234865,-6.386688
7.2100,-0.324397,1.000000,-0.298613,0.227951,-6.493067
7.2200,-0.334298,1.000000,-0.319392,0.221198,-6.596958
7.2300,-0.344087,1.000000,-0.339569,0.214640,-6.697846
7.2400,-0.353720,1.000000,-0.359043,0.208311,-6.795213
7.2500,-0.363151,1.000000,-0.377708,0.202245,-6.888540
7.2600,-0.372335,1.000000,-0.395463,0.196475,-6.977314
7.2700,-0.381225,1.000000,-0.412207,0.191033,-7.061037
7.2800,-0.389774,1.000000,-0.427845,0.185950,-7.139225
7.2900,-0.397935,1.000000,-0.442285,0.181258,-7.211423
7.3000,-0.405664,1.000000,-0.455441,0.176982,-7.277203
7.3100,-0.412915,1.000000,-0.467235,0.173149,-7.336173
7.3200,-0.419647,1.000000,-0.477597,0.169781,-7.387985
7.3300,-0.425818,1.000000,-0.486467,0.166898,-7.432337
7.3400,-0.431392,1.000000,-0.493795,0.164517,-7.468976
7.3500,-0.436333,1.000000,-0.499541,0.162649,-7.497707
7.3600,-0.440613,1.000000,-0.503678,0.161305,-7.518390
7.3700,-0.444203,1.000000,-0.506189,0.160489,-7.530945
7.3800,-0.447082,1.000000,-0.507071,0.160202,-7.535353
7.3900,-0.449232,1.000000,-0.506331,0.160443,-7.531653
7.4000,-0.450641,1.000000,-0.503989,0.161204,-7.519943
7.4100,-0.451301,1.000000,-0.500076,0.162475,-7.500380
7.4200,-0.451210,1.000000,-0.494634,0.164244,-7.473170
7.4300,-0.450370,1.000000,-0.487714,0.166493,-7.438572
7.4400,-0.448787,1.000000,-0.479378,0.169202,-7.396889
7.4500,-0.446476,1.000000,-0.469693,0.172350,-7.348464
7.4600,-0.443452,1.000000,-0.456661,0.176585,-7.283305
7.4700,-0.439736,1.000000,-0.442313,0.181248,-7.211564
7.4800,-0.435354,1.000000,-0.426892,0.186260,-7.134461
7.4900,-0.430336,1.000000,-0.410494,0.191590,-7.052468
7.5000,-0.424715,1.000000,-0.393212,0.197206,-6.966059
7.5100,-0.418524,1.000000,-0.375143,0.203079,-6.875714
7.5200,-0.411802,1.000000,-0.356382,0.209176,-6.781911
7.5300,-0.404587,1.000000,-0.337025,0.215467,-6.685124
7.5400,-0.396919,1.000000,-0.317163,0.221922,-6.585816
7.5500,-0.388840,1.000000,-0.296888,0.228512,-6.484438
7.5600,-0.380391,1.000000,-0.276286,0.235207,-6.381428
7.5700,-0.371612,1.000000,-0.255441,0.241982,-6.277204
7.5800,-0.362546,1.000000,-0.234433,0.248809,-6.172166
7.5900,-0.353233,1.000000,-0.213339,0.255665,-6.066694
7.6000,-0.343714,1.000000,-0.192229,0.262525,-5.961147
7.6100,-0.334026,1.000000,-0.171173,0.269369,-5.855863
7.6200,-0.324207,1.000000,-0.150231,0.276175,-5.751156
7.6300,-0.314295,1.000000,-0.129464,0.282924,-5.647319
7.6400,-0.304323,1.000000,-0.108925,0.289599,-5.544627
7.6500,-0.294324,1.000000,-0.088666,0.296184,-5.443329
7.6600,-0.284331,1.000000,-0.068732,0.302662,-5.343658
7.6700,-0.274373,1.000000,-0.049165,0.309021,-5.245826
7.6800,-0.264478,1.000000,-0.030005,0.315248,-5.150027
7.6900,-0.254672,1.000000,-0.011287,0.321332,-5.056437
7.7000,-0.244981,1.000000,0.006956,0.327261,-4.965219
7.7100,-0.235426,1.000000,0.024697,0.333026,-4.876516
7.7200,-0.226029,1.000000,0.041908,0.338620,-4.790460
7.7300,-0.216810,1.000000,0.058566,0.344034,-4.707169
7.7400,-0.207788,1.000000,0.074650,0.349261,-4.626750
7.7500,-0.198978,1.000000,0.090140,0.354296,-4.549298
7.7600,-0.190397,1.000000,0.105020,0.359132,-4.474898
7.7700,-0.182058,1.000000,0.119275,0.363764,-4.403626
7.7800,-0.173974,1.000000,0.132890,0.368189,-4.335550
7.7900,-0.166157,1.000000,0.145854,0.372403,-4.270731
7.8000,-0.158618,1.000000,0.158156,0.376401,-4.209222
7.8100,-0.151366,1.000000,0.169786,0.380180,-4.151072
7.8200,-0.144411,1.000000,0.180735,0.383739,-4.096324
7.8300,-0.137759,1.000000,0.190997,0.387074,-4.045017
7.8400,-0.131419,1.000000,0.200563,0.390183,-3.997184
7.8500,-0.125397,1.000000,0.209428,0.393064,-3.952858
7.8600,-0.119698,1.000000,0.217587,0.395716,-3.912066
7.8700,-0.114329,1.000000,0.225033,0.398136,-3.874834
7.8800,-0.109294,1.000000,0.231763,0.400323,-3.841186
7.8900,-0.104597,1.000000,0.237771,0.402276,-3.811143
7.9000,-0.100243,1.000000,0.243055,0.403993,-3.784727
7.9100,-0.096235,1.000000,0.247609,0.405473,-3.761956
7.9200,-0.092577,1.000000,0.251430,0.406715,-3.742848
7.9300,-0.089271,1.000000,0.254516,0.407718,-3.727421
7.9400,-0.086321,1.000000,0.256862,0.408480,-3.715691
7.9500,-0.083729,1.000000,0.258465,0.409001,-3.707675
7.9600,-0.081497,1.000000,0.259323,0.409280,-3.703387
7.9700,-0.079628,1.000000,0.259431,0.409315,-3.702843
7.9800,-0.078124,1.000000,0.258789,0.409106,-3.706056
7.9900,-0.076988,1.000000,0.257392,0.408652,-3.713039
8.0000,-0.076220,1.000000,0.255239,0.407953,-3.723806
8.0100,-0.075823,1.000000,0.252327,0.407006,-3.738366
8.0200,-0.075798,1.000000,0.248654,0.405812,-3.756731
8.0300,-0.076147,1.000000,0.244218,0.404371,-3.778908
8.0400,-0.076870,1.000000,0.239019,0.402681,-3.804903
8.0500,-0.077971,1.000000,0.233056,0.400743,-3.834720
8.0600,-0.079448,1.000000,0.226328,0.398557,-3.868360
8.0700,-0.081304,1.000000,0.218836,0.396122,-3.905821
8.0800,-0.083538,1.000000,0.210581,0.393439,-3.947095
8.0900,-0.086151,1.000000,0.201566,0.390509,-3.992172
8.1000,-0.089143,1.000000,0.191793,0.387333,-4.041035
8.1100,-0.092514,1.000000,0.181268,0.383912,-4.093662
8.1200,-0.096262,1.000000,0.169995,0.380248,-4.150023
8.1300,-0.100386,1.000000,0.157984,0.376345,-4.210081
8.1400,-0.104885,1.000000,0.145242,0.372204,-4.273788
8.1500,-0.109756,1.000000,0.131782,0.367829,-4.341090
8.1600,-0.114995,1.000000,0.117616,0.363225,-4.411918
8.1700,-0.120599,1.000000,0.102761,0.358397,-4.486194
8.1800,-0.126563,1.000000,0.087235,0.353351,-4.563824
8.1900,-0.132881,1.000000,0.071060,0.348094,-4.644702
8.2000,-0.139546,1.000000,0.054259,0.342634,-4.728705
8.2100,-0.146550,1.000000,0.036862,0.336980,-4.815691
8.2200,-0.153883,1.000000,0.018899,0.331142,-4.905504
8.2300,-0.161535,1.000000,0.000407,0.325132,-4.997965
8.2400,-0.169494,1.000000,-0.018575,0.318963,-5.092875
8.2500,-0.177745,1.000000,-0.038003,0.312649,-5.190015
8.2600,-0.186273,1.000000,-0.057828,0.306206,-5.289141
8.2700,-0.195061,1.000000,-0.077998,0.299651,-5.389988
8.2800,-0.204089,1.000000,-0.098453,0.293003,-5.492265
8.2900,-0.213335,1.000000,-0.119132,0.286282,-5.595659
8.3000,-0.222776,1.000000,-0.139966,0.279511,-5.699830
8.3100,-0.232387,1.000000,-0.160883,0.272713,-5.804415
8.3200,-0.242140,1.000000,-0.181806,0.265913,-5.909030
8.3300,-0.252004,1.000000,-0.202653,0.259138,-6.013264
8.3400,-0.261948,1.000000,-0.223338,0.252415,-6.116690
8.3500,-0.271938,1.000000,-0.243772,0.245774,-6.218859
8.3600,-0.281937,1.000000,-0.263861,0.239245,-6.319306
8.3700,-0.291906,1.000000,-0.283511,0.232859,-6.417555
8.3800,-0.301807,1.000000,-0.302623,0.226647,-6.513116
8.3900,-0.311598,1.000000,-0.321099,0.220643,-6.605496
8.4000,-0.321235,1.000000,-0.338840,0.214877,-6.694201
8.4100,-0.330675,1.000000,-0.355747,0.209382,-6.778737
8.4200,-0.339873,1.000000,-0.371724,0.204190,-6.858622
8.4300,-0.348784,1.000000,-0.386677,0.199330,-6.933386
8.4400,-0.357363,1.000000,-0.400516,0.194832,-7.002579
8.4500,-0.365565,1.000000,-0.413155,0.190725,-7.065776
8.4600,-0.373347,1.000000,-0.424516,0.187032,-7.122581
8.4700,-0.380667,1.000000,-0.434527,0.183779,-7.172636
8.4800,-0.387483,1.000000,-0.443125,0.180985,-7.215623
8.4900,-0.393757,1.000000,-0.450253,0.178668,-7.251267
8.5000,-0.399453,1.000000,-0.455869,0.176843,-7.279344
8.5100,-0.404539,1.000000,-0.459936,0.175521,-7.299681
8.5200,-0.408985,1.000000,-0.462432,0.174710,-7.312160
8.5300,-0.412766,1.000000,-0.463343,0.174414,-7.316715
8.5400,-0.415861,1.000000,-0.462668,0.174633,-7.313340
8.5500,-0.418252,1.000000,-0.460416,0.175365,-7.302082
8.5600,-0.419927,1.000000,-0.456608,0.176602,-7.283042
8.5700,-0.420879,1.000000,-0.451274,0.178336,-7.256372
8.5800,-0.421104,1.000000,-0.444455,0.180552,-7.222276
8.5900,-0.420603,1.000000,-0.436200,0.183235,-7.180999
8.6000,-0.419383,1.000000,-0.426566,0.186366,-7.132830
8.6100,-0.417454,1.000000,-0.415618,0.189924,-7.078091
8.6200,-0.414831,1.000000,-0.403427,0.193886,-7.017137
8.6300,-0.411531,1.000000,-0.390070,0.198227,-6.950351
8.6400,-0.407578,1.000000,-0.375626,0.202921,-6.878132
8.6500,-0.402997,1.000000,-0.360180,0.207942,-6.800900
8.6600,-0.397816,1.000000,-0.343816,0.213260,-6.719082
8.6700,-0.392065,1.000000,-0.326622,0.218848,-6.633112
8.6800,-0.385778,1.000000,-0.308685,0.224677,-6.543427
8.6900,-0.378989,1.000000,-0.290092,0.230720,-6.450460
8.7000,-0.371735,1.000000,-0.270928,0.236949,-6.354638
8.7100,-0.364052,1.000000,-0.251276,0.243335,-6.256380
8.7200,-0.355978,1.000000,-0.231219,0.249854,-6.156093
8.7300,-0.347551,1.000000,-0.210834,0.256479,-6.054168
8.7400,-0.338809,1.000000,-0.190197,0.263186,-5.950983
8.7500,-0.329789,1.000000,-0.169379,0.269952,-5.846896
8.7600,-0.320529,1.000000,-0.148450,0.276754,-5.742248
8.7700,-0.311063,1.000000,-0.127472,0.283572,-5.637359
8.7800,-0.301428,1.000000,-0.106507,0.290385,-5.532533
8.7900,-0.291658,1.000000,-0.085610,0.297177,-5.428051
8.8000,-0.281784,1.000000,-0.064835,0.303929,-5.324176
8.8100,-0.271839,1.000000,-0.044230,0.310625,-5.221151
8.8200,-0.261853,1.000000,-0.023840,0.317252,-5.119199
8.8300,-0.251853,1.000000,-0.003706,0.323796,-5.018528
8.8400,-0.241866,1.000000,0.016135,0.330244,-4.919327
8.8500,-0.231918,1.000000,0.035647,0.336585,-4.821767
8.8600,-0.222032,1.000000,0.054799,0.342810,-4.726004
8.8700,-0.212229,1.000000,0.073564,0.348908,-4.632180
8.8800,-0.202532,1.000000,0.091915,0.354872,-4.540423
8.8900,-0.192957,1.000000,0.109831,0.360695,-4.450847
8.9000,-0.183523,1.000000,0.127289,0.366369,-4.363554
8.9100,-0.174247,1.000000,0.144273,0.371889,-4.278636
8.9200,-0.165142,1.000000,0.160766,0.377249,-4.196172
8.9300,-0.156222,1.000000,0.176753,0.382445,-4.116236
8.9400,-0.147500,1.000000,0.192222,0.387472,-4.038888
8.9500,-0.138986,1.000000,0.207163,0.392328,-3.964186
8.9600,-0.130692,1.000000,0.221565,0.397009,-3.892176
8.9700,-0.122625,1.000000,0.235420,0.401511,-3.822900
8.9800,-0.114794,1.000000,0.248721,0.405834,-3.756395
8.9900,-0.107206,1.000000,0.261462,0.409975,-3.692691
9.0000,-0.099869,1.000000,0.273637,0.413932,-3.631816
9.0100,-0.092787,1.000000,0.285242,0.417704,-3.573791
9.0200,-0.085967,1.000000,0.296273,0.421289,-3.518637
9.0300,-0.079412,0.993274,0.306726,0.422500,-3.432741
9.0400,-0.073127,0.983401,0.316599,0.422500,-3.334010
9.0500,-0.067112,0.974078,0.325922,0.422500,-3.240784
9.0600,-0.061367,0.965285,0.334715,0.422500,-3.152850
9.0700,-0.055890,0.957014,0.342986,0.422500,-3.070140
9.0800,-0.050680,0.949258,0.350742,0.422500,-2.992583
9.0900,-0.045734,0.942012,0.357988,0.422500,-2.920115
9.1000,-0.041051,0.935267,0.364733,0.422500,-2.852673
9.1100,-0.036627,0.929020,0.370980,0.422500,-2.790199
9.1200,-0.032462,0.923264,0.376736,0.422500,-2.732642
9.1300,-0.028551,0.917995,0.382005,0.422500,-2.679953
9.1400,-0.024893,0.913209,0.386791,0.422500,-2.632092
9.1500,-0.021486,0.908902,0.391098,0.422500,-2.589022
9.1600,-0.018328,0.905072,0.394928,0.422500,-2.550716
9.1700,-0.015416,0.901715,0.398285,0.422500,-2.517149
9.1800,-0.012749,0.898831,0.401169,0.422500,-2.488308
9.1900,-0.010326,0.896418,0.403582,0.422500,-2.464182
9.2000,-0.008145,0.894477,0.405523,0.422500,-2.444772
9.2100,-0.006205,0.893008,0.406992,0.422500,-2.430082
9.2200,-0.004505,0.892013,0.407987,0.422500,-2.420127
9.2300,-0.003045,0.891493,0.408507,0.422500,-2.414927
9.2400,-0.001825,0.891451,0.408549,0.422500,-2.414510
9.2500,-0.000845,0.891891,0.408109,0.422500,-2.418914
9.2600,-0.000106,0.892818,0.407182,0.422500,-2.428182
9.2700,0.000392,0.894235,0.405765,0.422500,-2.442346
9.2800,0.000647,0.896147,0.403853,0.422500,-2.461471
9.2900,0.000658,0.898564,0.401436,0.422500,-2.485637
9.3000,0.000423,0.901493,0.398507,0.422500,-2.514929
9.3100,-0.000060,0.904944,0.395056,0.422500,-2.549440
9.3200,-0.000794,0.908927,0.391073,0.422500,-2.589271
9.3300,-0.001783,0.913450,0.386550,0.422500,-2.634502
9.3400,-0.003029,0.918515,0.381485,0.422500,-2.685147
9.3500,-0.004535,0.924137,0.375863,0.422500,-2.741374
9.3600,-0.006307,0.930329,0.369671,0.422500,-2.803292
9.3700,-0.008348,0.937101,0.362899,0.422500,-2.871015
9.3800,-0.010662,0.944466,0.355534,0.422500,-2.944659
9.3900,-0.013254,0.952434,0.347566,0.422500,-3.024342
9.4000,-0.016130,0.961018,0.338982,0.422500,-3.110181
9.4100,-0.019294,0.970229,0.329771,0.422500,-3.202292
9.4200,-0.022752,0.980079,0.319921,0.422500,-3.300789
9.4300,-0.026508,0.990578,0.309422,0.422500,-3.405779
9.4400,-0.030568,1.000000,0.298264,0.421936,-3.508680
9.4500,-0.034937,1.000000,0.286438,0.418092,-3.567810
9.4600,-0.039618,1.000000,0.273946,0.414032,-3.630270
9.4700,-0.044612,1.000000,0.260836,0.409772,-3.695820
9.4800,-0.049917,1.000000,0.247114,0.405312,-3.764429
9.4900,-0.055532,1.000000,0.232789,0.400656,-3.836055
9.5000,-0.061454,1.000000,0.217870,0.395808,-3.910649
9.5100,-0.067681,1.000000,0.202370,0.390770,-3.988150
9.5200,-0.074209,1.000000,0.186302,0.385548,-4.068488
9.5300,-0.081034,1.000000,0.169684,0.380147,-4.151578
9.5400,-0.088150,1.000000,0.152535,0.374574,-4.237324
9.5500,-0.095552,1.000000,0.134877,0.368835,-4.325616
9.5600,-0.103232,1.000000,0.116735,0.362939,-4.416326
9.5700,-0.111182,1.000000,0.098138,0.356895,-4.509312
9.5800,-0.119392,1.000000,0.079117,0.350713,-4.604415
9.5900,-0.127851,1.000000,0.059709,0.344405,-4.701455
9.6000,-0.136546,1.000000,0.039953,0.337985,-4.800236
9.6100,-0.145464,1.000000,0.019892,0.331465,-4.900540
9.6200,-0.154589,1.000000,-0.000426,0.324862,-5.002129
9.6300,-0.163903,1.000000,-0.020949,0.318192,-5.104744
9.6400,-0.173388,1.000000,-0.041621,0.311473,-5.208106
9.6500,-0.183022,1.000000,-0.062382,0.304726,-5.311912
9.6600,-0.192782,1.000000,-0.083168,0.297970,-5.415842
9.6700,-0.202644,1.000000,-0.103910,0.291229,-5.519551
9.6800,-0.212582,1.000000,-0.124536,0.284526,-5.622679
9.6900,-0.222565,1.000000,-0.144969,0.277885,-5.724846
9.7000,-0.232565,1.000000,-0.165131,0.271332,-5.825654
9.7100,-0.242549,1.000000,-0.184939,0.264895,-5.924693
9.7200,-0.252483,1.000000,-0.204308,0.258600,-6.021540
9.7300,-0.262332,1.000000,-0.223153,0.252475,-6.115764
9.7400,-0.272059,1.000000,-0.241385,0.246550,-6.206926
9.7500,-0.281626,1.000000,-0.258917,0.240852,-6.294587
9.7600,-0.290993,1.000000,-0.275662,0.235410,-6.378310
9.7700,-0.300122,1.000000,-0.291533,0.230252,-6.457664
9.7800,-0.308972,1.000000,-0.306445,0.225405,-6.532227
9.7900,-0.317503,1.000000,-0.320319,0.220896,-6.601595
9.8000,-0.325676,1.000000,-0.333076,0.216750,-6.665382
9.8100,-0.333450,1.000000,-0.344646,0.212990,-6.723229
9.8200,-0.340789,1.000000,-0.354961,0.209638,-6.774804
9.8300,-0.347654,1.000000,-0.363962,0.206712,-6.819809
9.8400,-0.354011,1.000000,-0.371597,0.204231,-6.857985
9.8500,-0.359828,1.000000,-0.377822,0.202208,-6.889112
9.8600,-0.365074,1.000000,-0.382603,0.200654,-6.913013
9.8700,-0.369721,1.000000,-0.385912,0.199579,-6.929558
9.8800,-0.373745,1.000000,-0.387733,0.198987,-6.938664
9.8900,-0.377126,1.000000,-0.388059,0.198881,-6.940296
9.9000,-0.379846,1.000000,-0.386893,0.199260,-6.934466
9.9100,-0.381892,1.000000,-0.384247,0.200120,-6.921235
9.9200,-0.383255,1.000000,-0.380142,0.201454,-6.900709
9.9300,-0.383930,1.000000,-0.374608,0.203253,-6.873038
9.9400,-0.383915,1.000000,-0.367682,0.205503,-6.838412
9.9500,-0.383214,1.000000,-0.359412,0.208191,-6.797060
9.9600,-0.381832,1.000000,-0.349849,0.211299,-6.749245
9.9700,-0.379781,1.000000,-0.339052,0.214808,-6.695261
9.9800,-0.377075,1.000000,-0.327085,0.218697,-6.635427
9.9900,-0.373730,1.000000,-0.314017,0.222945,-6.570083
10.0000,-0.369768,1.000000,-0.299918,0.227527,-6.499588
10.0100,-0.365212,1.000000,-0.284863,0.232420,-6.424314
10.0200,-0.360088,1.000000,-0.268928,0.237598,-6.344639
10.0300,-0.354422,1.000000,-0.252190,0.243038,-6.260949
10.0400,-0.348246,1.000000,-0.234726,0.248714,-6.173631
10.0500,-0.341589,1.000000,-0.216613,0.254601,-6.083067
10.0600,-0.334485,1.000000,-0.197928,0.260674,-5.989638
10.0700,-0.326966,1.000000,-0.178743,0.266909,-5.893713
10.0800,-0.319066,1.000000,-0.159131,0.273282,-5.795654
10.0900,-0.310818,1.000000,-0.139162,0.279772,-5.695808
10.1000,-0.302257,1.000000,-0.118902,0.286357,-5.594510
10.1100,-0.293416,1.000000,-0.098416,0.293015,-5.492080
10.1200,-0.284327,1.000000,-0.077764,0.299727,-5.388821
10.1300,-0.275023,1.000000,-0.057004,0.306474,-5.285018
10.1400,-0.265534,1.000000,-0.036189,0.313239,-5.180943
10.1500,-0.255893,1.000000,-0.015369,0.320005,-5.076846
10.1600,-0.246127,1.000000,0.005408,0.326757,-4.972962
10.1700,-0.236264,1.000000,0.026098,0.333482,-4.869509
10.1800,-0.226332,1.000000,0.046662,0.340165,-4.766688
10.1900,-0.216354,1.000000,0.067064,0.346796,-4.664682
10.2000,-0.206356,1.000000,0.087268,0.353362,-4.563661
10.2100,-0.196360,1.000000,0.107244,0.359854,-4.463778
10.2200,-0.186386,1.000000,0.126966,0.366264,-4.365172
10.2300,-0.176455,1.000000,0.146406,0.372582,-4.267968
10.2400,-0.166583,1.000000,0.165544,0.378802,-4.172279
10.2500,-0.156790,1.000000,0.184359,0.384917,-4.078204
10.2600,-0.147089,1.000000,0.202834,0.390921,-3.985832
10.2700,-0.137494,1.000000,0.220952,0.396809,-3.895242
10.2800,-0.128020,1.000000,0.238700,0.402577,-3.806502
10.2900,-0.118678,1.000000,0.256066,0.408221,-3.719671
10.3000,-0.109478,1.000000,0.273040,0.413738,-3.634799
10.3100,-0.100431,1.000000,0.289614,0.419125,-3.551930
10.3200,-0.091544,0.994220,0.305780,0.422500,-3.442199
10.3300,-0.082826,0.978467,0.321533,0.422500,-3.284674
10.3400,-0.074281,0.963115,0.336885,0.422500,-3.131153
10.3500,-0.065912,0.948129,0.351871,0.422500,-2.981286
10.3600,-0.057718,0.933495,0.366505,0.422500,-2.834950
10.3700,-0.049698,0.919201,0.380799,0.422500,-2.692011
10.3800,-0.041851,0.905233,0.394767,0.422500,-2.552328
10.3900,-0.034174,0.891575,0.408425,0.422500,-2.415752
10.4000,-0.026663,0.878213,0.421787,0.422500,-2.282131
10.4100,-0.019313,0.865131,0.434869,0.422500,-2.151305
10.4200,-0.012120,0.852311,0.447689,0.422500,-2.023113
10.4300,-0.005078,0.839739,0.460261,0.422500,-1.897387
10.4400,0.001818,0.827387,0.472613,0.422500,-1.773870
10.4500,0.008576,0.815214,0.484786,0.422500,-1.652142
10.4600,0.015203,0.803204,0.496796,0.422500,-1.532036
10.4700,0.021704,0.791338,0.508662,0.422500,-1.413381
10.4800,0.028089,0.779600,0.520400,0.422500,-1.296003
10.4900,0.034364,0.767972,0.532028,0.422500,-1.179725
10.5000,0.040538,0.756437,0.543563,0.422500,-1.064368
10.5100,0.046618,0.744975,0.555025,0.422500,-0.949753
10.5200,0.052614,0.733569,0.566431,0.422500,-0.835695
10.5300,0.058533,0.722201,0.577799,0.422500,-0.722011
10.5400,0.064385,0.710851,0.589149,0.422500,-0.608513
10.5500,0.070178,0.699501,0.600499,0.422500,-0.495014
10.5600,0.075921,0.688132,0.611868,0.422500,-0.381322
10.5700,0.081624,0.676725,0.623275,0.422500,-0.267246
10.5800,0.087295,0.665259,0.634741,0.422500,-0.152590
10.5900,0.092944,0.653716,0.646284,0.422500,-0.037160
10.6000,0.098581,0.642076,0.657924,0.422500,0.079244
10.6100,0.104215,0.630318,0.669682,0.422500,0.196821
10.6200,0.109855,0.618423,0.681577,0.422500,0.315773
10.6300,0.115511,0.606370,0.693630,0.422500,0.436302
10.6400,0.121194,0.594139,0.705861,0.422500,0.558612
10.6500,0.126912,0.581709,0.718291,0.422500,0.682908
10.6600,0.132676,0.569060,0.730940,0.422500,0.809397
10.6700,0.138496,0.556172,0.743828,0.422500,0.938283
10.6800,0.144381,0.543023,0.756977,0.422500,1.069772
10.6900,0.150342,0.529593,0.770407,0.422500,1.204067
10.7000,0.156389,0.515863,0.784137,0.422500,1.341372
10.7100,0.162531,0.501812,0.798188,0.422500,1.481884
10.7200,0.168778,0.487420,0.812580,0.422500,1.625798
10.7300,0.175140,0.472670,0.827330,0.422500,1.773302
10.7400,0.181627,0.457542,0.842458,0.422500,1.924579
10.7500,0.188248,0.442020,0.857980,0.422500,2.079801
10.7600,0.195012,0.426087,0.873913,0.422500,2.239127
10.7700,0.201927,0.409730,0.890270,0.422500,2.402705
10.7800,0.209003,0.392934,0.907066,0.422500,2.570664
10.7900,0.216246,0.375689,0.924311,0.422500,2.743114
10.8000,0.223664,0.357986,0.942014,0.422500,2.920141
10.8100,0.231263,0.339820,0.960180,0.422500,3.101802
10.8200,0.239049,0.321188,0.978812,0.422500,3.288124
10.8300,0.247026,0.302090,0.997910,0.422500,3.479096
10.8400,0.255196,0.282534,1.000000,0.416823,3.587332
10.8500,0.263562,0.262527,1.000000,0.410321,3.687363
10.8600,0.272120,0.242141,1.000000,0.403696,3.789293
10.8700,0.280862,0.221403,1.000000,0.396956,3.892983
10.8800,0.289782,0.200338,1.000000,0.390110,3.998309
10.8900,0.298871,0.178974,1.000000,0.383166,4.105131
10.9000,0.308119,0.157342,1.000000,0.376136,4.213290
10.9100,0.317516,0.135478,1.000000,0.369030,4.322610
10.9200,0.327048,0.113420,1.000000,0.361862,4.432899
10.9300,0.336703,0.091212,1.000000,0.354644,4.543942
10.9400,0.346463,0.068898,1.000000,0.347392,4.655508
10.9500,0.356312,0.046531,1.000000,0.340123,4.767346
10.9600,0.366231,0.024163,1.000000,0.332853,4.879185
10.9700,0.376199,0.001853,1.000000,0.325602,4.990737
10.9800,0.386194,-0.020339,1.000000,0.318390,5.101694
10.9900,0.396192,-0.042346,1.000000,0.311238,5.211731
11.0000,0.406168,-0.064101,1.000000,0.304167,5.320507
11.0100,0.416094,-0.085533,1.000000,0.297202,5.427667
11.0200,0.425940,-0.106569,1.000000,0.290365,5.532843
11.0300,0.435678,-0.127131,1.000000,0.283682,5.635656
11.0400,0.445275,-0.147144,1.000000,0.277178,5.735720
11.0500,0.454698,-0.166529,1.000000,0.270878,5.832645
11.0600,0.463914,-0.185207,1.000000,0.264808,5.926036
11.0700,0.472888,-0.203101,1.000000,0.258992,6.015503
11.0800,0.481586,-0.220132,1.000000,0.253457,6.100660
11.0900,0.489970,-0.236227,1.000000,0.248226,6.181133
11.1000,0.498007,-0.251312,1.000000,0.243324,6.256558
11.1100,0.505661,-0.265318,1.000000,0.238772,6.326591
11.1200,0.512897,-0.278182,1.000000,0.234591,6.390909
11.1300,0.519683,-0.289843,1.000000,0.230801,6.449216
11.1400,0.525985,-0.300249,1.000000,0.227419,6.501243
11.1500,0.531775,-0.309351,1.000000,0.224461,6.546756
11.1600,0.537022,-0.317111,1.000000,0.221939,6.585556
11.1700,0.541701,-0.323496,1.000000,0.219864,6.617482
11.1800,0.545788,-0.328483,1.000000,0.218243,6.642413
11.1900,0.549263,-0.332054,1.000000,0.217082,6.660271
11.2000,0.552108,-0.334204,1.000000,0.216384,6.671019
11.2100,0.554308,-0.334933,1.000000,0.216147,6.674665
11.2200,0.555854,-0.334251,1.000000,0.216368,6.671256
11.2300,0.556737,-0.332177,1.000000,0.217043,6.660884
11.2400,0.556954,-0.328735,1.000000,0.218161,6.643677
11.2500,0.556505,-0.323961,1.000000,0.219713,6.619804
11.2600,0.555393,-0.317893,1.000000,0.221685,6.589466
11.2700,0.553627,-0.310579,1.000000,0.224062,6.552896
11.2800,0.551217,-0.302072,1.000000,0.226827,6.510358
11.2900,0.548176,-0.292427,1.000000,0.229961,6.462137
11.3000,0.544522,-0.281709,1.000000,0.233445,6.408543
11.3100,0.540274,-0.269980,1.000000,0.237257,6.349900
11.3200,0.535456,-0.257309,1.000000,0.241374,6.286547
11.3300,0.530091,-0.243767,1.000000,0.245776,6.218833
11.3400,0.524206,-0.229423,1.000000,0.250438,6.147114
11.3500,0.517830,-0.214349,1.000000,0.255336,6.071747
11.3600,0.510993,-0.198618,1.000000,0.260449,5.993092
11.3700,0.503726,-0.182300,1.000000,0.265752,5.911502
11.3800,0.496061,-0.165466,1.000000,0.271224,5.827329
11.3900,0.488029,-0.148183,1.000000,0.276841,5.740913
11.4000,0.479664,-0.130518,1.000000,0.282582,5.652589
11.4100,0.470999,-0.112535,1.000000,0.288426,5.562677
11.4200,0.462065,-0.094297,1.000000,0.294353,5.471486
11.4300,0.452896,-0.075862,1.000000,0.300345,5.379311
11.4400,0.443521,-0.057287,1.000000,0.306382,5.286435
11.4500,0.433974,-0.038625,1.000000,0.312447,5.193123
11.4600,0.424282,-0.019925,1.000000,0.318524,5.099626
11.4700,0.414476,-0.001236,1.000000,0.324598,5.006181
11.4800,0.404582,0.017398,1.000000,0.330655,4.913008
11.4900,0.394628,0.035938,1.000000,0.336680,4.820311
11.5000,0.384639,0.054343,1.000000,0.342662,4.728284
11.5100,0.374639,0.072580,1.000000,0.348588,4.637100
11.5200,0.364651,0.090615,1.000000,0.354450,4.546924
11.5300,0.354696,0.108419,1.000000,0.360236,4.457905
11.5400,0.344795,0.125964,1.000000,0.365938,4.370178
11.5500,0.334965,0.143226,1.000000,0.371548,4.283869
11.5600,0.325226,0.160182,1.000000,0.377059,4.199091
11.5700,0.315592,0.176811,1.000000,0.382463,4.115947
11.5800,0.306080,0.193094,1.000000,0.387756,4.034528
11.5900,0.296702,0.209016,1.000000,0.392930,3.954919
11.6000,0.287472,0.224561,1.000000,0.397982,3.877194
11.6100,0.278402,0.239716,1.000000,0.402908,3.801419
11.6200,0.269501,0.254469,1.000000,0.407703,3.727653
11.6300,0.260781,0.268810,1.000000,0.412363,3.655950
11.6400,0.252248,0.282729,1.000000,0.416887,3.586355
11.6500,0.243913,0.296218,1.000000,0.421271,3.518910
11.6600,0.235780,0.309270,0.990730,0.422500,3.407301
11.6700,0.227857,0.321879,0.978121,0.422500,3.281215
11.6800,0.220147,0.334074,0.965926,0.422500,3.159262
11.6900,0.212650,0.345874,0.954126,0.422500,3.041256
11.7000,0.205365,0.357289,0.942711,0.422500,2.927112
11.7100,0.198292,0.368326,0.931674,0.422500,2.816740
11.7200,0.191430,0.378995,0.921005,0.422500,2.710048
11.7300,0.184774,0.389306,0.910694,0.422500,2.606937
11.7400,0.178324,0.399269,0.900731,0.422500,2.507310
11.7500,0.172075,0.408893,0.891107,0.422500,2.411067
11.7600,0.166023,0.418189,0.881811,0.422500,2.318106
11.7700,0.160165,0.427167,0.872833,0.422500,2.228326
11.7800,0.154497,0.435837,0.864163,0.422500,2.141626
11.7900,0.149013,0.444210,0.855790,0.422500,2.057905
11.8000,0.143710,0.452294,0.847706,0.422500,1.977062
11.8100,0.138583,0.460100,0.839900,0.422500,1.898998
11.8200,0.133626,0.467638,0.832362,0.422500,1.823616
11.8300,0.128835,0.474918,0.825082,0.422500,1.750820
11.8400,0.124205,0.481949,0.818051,0.422500,1.680513
11.8500,0.119730,0.488740,0.811260,0.422500,1.612603
11.8600,0.115407,0.495300,0.804700,0.422500,1.546999
11.8700,0.111230,0.501639,0.798361,0.422500,1.483610
11.8800,0.107193,0.507765,0.792235,0.422500,1.422348
11.8900,0.103293,0.513687,0.786313,0.422500,1.363128
11.9000,0.099525,0.519414,0.780586,0.422500,1.305865
11.9100,0.095882,0.524952,0.775048,0.422500,1.250477
11.9200,0.092362,0.530312,0.769688,0.422500,1.196882
11.9300,0.088959,0.535500,0.764500,0.422500,1.145003
11.9400,0.085669,0.540524,0.759476,0.422500,1.094763
11.9500,0.082487,0.545392,0.754608,0.422500,1.046085
11.9600,0.079409,0.550110,0.749890,0.422500,0.998897
11.9700,0.076431,0.554687,0.745313,0.422500,0.953125
11.9800,0.073549,0.559130,0.740870,0.422500,0.908701
11.9900,0.070758,0.563445,0.736555,0.422500,0.865554
12.0000,0.068054,0.567638,0.732362,0.422500,0.823617
12.0100,0.065433,0.571718,0.728282,0.422500,0.782823
12.0200,0.062892,0.575689,0.724311,0.422500,0.743108
12.0300,0.060427,0.579559,0.720441,0.422500,0.704407
12.0400,0.058034,0.583334,0.716666,0.422500,0.666658
12.0500,0.055710,0.587020,0.712980,0.422500,0.629798
12.0600,0.053450,0.590623,0.709377,0.422500,0.593767
12.0700,0.051252,0.594150,0.705850,0.422500,0.558504
12.0800,0.049112,0.597605,0.702395,0.422500,0.523951
12.0900,0.047026,0.600995,0.699005,0.422500,0.490047
12.1000,0.044992,0.604326,0.695674,0.422500,0.456736
12.1100,0.043005,0.607604,0.692396,0.422500,0.423958
12.1200,0.041064,0.610834,0.689166,0.422500,0.391657
12.1300,0.039164,0.614022,0.685978,0.422500,0.359776
12.1400,0.037302,0.617174,0.682826,0.422500,0.328257
12.1500,0.035476,0.620296,0.679704,0.422500,0.297043
12.1600,0.033682,0.623392,0.676608,0.422500,0.266077
12.1700,0.031917,0.626470,0.673530,0.422500,0.235302
12.1800,0.030179,0.629534,0.670466,0.422500,0.204661
12.1900,0.028463,0.632590,0.667410,0.422500,0.174096
12.2000,0.026768,0.635645,0.664355,0.422500,0.143548
12.2100,0.025090,0.638704,0.661296,0.422500,0.112959
12.2200,0.023426,0.641773,0.658227,0.422500,0.082269
12.2300,0.021774,0.644858,0.655142,0.422500,0.051418
12.2400,0.020129,0.647966,0.652034,0.422500,0.020345
12.2500,0.018490,0.651101,0.648899,0.422500,-0.011013
12.2600,0.016852,0.654272,0.645728,0.422500,-0.042720
12.2700,0.015214,0.657484,0.642516,0.422500,-0.074840
12.2800,0.013571,0.660744,0.639256,0.422500,-0.107438
12.2900,0.011921,0.664058,0.635942,0.422500,-0.140584
12.3000,0.010260,0.667435,0.632565,0.422500,-0.174346
12.3100,0.008585,0.670880,0.629120,0.422500,-0.208795
12.3200,0.006893,0.674401,0.625599,0.422500,-0.244006
12.3300,0.005181,0.678005,0.621995,0.422500,-0.280052
12.3400,0.003445,0.681701,0.618299,0.422500,-0.317012
12.3500,0.001681,0.685496,0.614504,0.422500,-0.354965
12.3600,-0.000115,0.689399,0.610601,0.422500,-0.393994
12.3700,-0.001945,0.693418,0.606582,0.422500,-0.434184
12.3800,-0.003813,0.697562,0.602438,0.422500,-0.475623
12.3900,-0.005725,0.701840,0.598160,0.422500,-0.518402
12.4000,-0.007683,0.706262,0.593738,0.422500,-0.562615
12.4100,-0.009692,0.710836,0.589164,0.422500,-0.608359
12.4200,-0.011756,0.715574,0.584426,0.422500,-0.655736
12.4300,-0.013879,0.720485,0.579515,0.422500,-0.704849
12.4400,-0.016067,0.725581,0.574419,0.422500,-0.755806
12.4500,-0.018323,0.730872,0.569128,0.422500,-0.808719
12.4600,-0.020653,0.736371,0.563629,0.422500,-0.863705
12.4700,-0.023061,0.742088,0.557912,0.422500,-0.920883
12.4800,-0.025554,0.748038,0.551962,0.422500,-0.980377
12.4900,-0.028135,0.754232,0.545768,0.422500,-1.042315
12.5000,-0.030811,0.760683,0.539317,0.422500,-1.106831
12.5100,-0.033587,0.767406,0.532594,0.422500,-1.174060
12.5200,-0.036469,0.774414,0.525586,0.422500,-1.244144
12.5300,-0.039463,0.781723,0.518277,0.422500,-1.317229
12.5400,-0.042576,0.789346,0.510654,0.422500,-1.393464
12.5500,-0.045814,0.797300,0.502700,0.422500,-1.473002
12.5600,-0.049184,0.805600,0.494400,0.422500,-1.556000
12.5700,-0.052691,0.814262,0.485738,0.422500,-1.642620
12.5800,-0.056344,0.823302,0.476698,0.422500,-1.733024
12.5900,-0.060150,0.832738,0.467262,0.422500,-1.827380
12.6000,-0.064115,0.842586,0.457414,0.422500,-1.925856
12.6100,-0.068247,0.852862,0.447138,0.422500,-2.028620
12.6200,-0.072553,0.863584,0.436416,0.422500,-2.135842
12.6300,-0.077042,0.874769,0.425231,0.422500,-2.247691
12.6400,-0.081721,0.886433,0.413567,0.422500,-2.364334
12.6500,-0.086597,0.898593,0.401407,0.422500,-2.485932
12.6600,-0.091679,0.911264,0.388736,0.422500,-2.612645
12.6700,-0.096972,0.924462,0.375538,0.422500,-2.744620
12.6800,-0.102486,0.938200,0.361800,0.422500,-2.881998
12.6900,-0.108226,0.952491,0.347509,0.422500,-3.024905
12.7000,-0.114200,0.967345,0.332655,0.422500,-3.173452
12.7100,-0.120414,0.982773,0.317227,0.422500,-3.327730
12.7200,-0.126873,0.998781,0.301219,0.422500,-3.487807
12.7300,-0.133583,1.000000,0.284628,0.417504,-3.576861
12.7400,-0.140547,1.000000,0.267452,0.411922,-3.662741
12.7500,-0.147764,1.000000,0.249759,0.406172,-3.751207
12.7600,-0.155229,1.000000,0.231566,0.400259,-3.842172
12.7700,-0.162938,1.000000,0.212889,0.394189,-3.935553
12.7800,-0.170886,1.000000,0.193749,0.387968,-4.031256
12.7900,-0.179067,1.000000,0.174166,0.381604,-4.129172
12.8000,-0.187473,1.000000,0.154165,0.375104,-4.229175
12.8100,-0.196096,1.000000,0.133775,0.368477,-4.331123
12.8200,-0.204925,1.000000,0.113029,0.361734,-4.434857
12.8300,-0.213948,1.000000,0.091961,0.354887,-4.540197
12.8400,-0.223155,1.000000,0.070611,0.347949,-4.646945
12.8500,-0.232528,1.000000,0.049023,0.340933,-4.754883
12.8600,-0.242054,1.000000,0.027245,0.333855,-4.863774
12.8700,-0.251713,1.000000,0.005329,0.326732,-4.973356
12.8800,-0.261487,1.000000,-0.016670,0.319582,-5.083350
12.8900,-0.271354,1.000000,-0.038691,0.312425,-5.193455
12.9000,-0.281291,1.000000,-0.060670,0.305282,-5.303350
12.9100,-0.291272,1.000000,-0.082539,0.298175,-5.412693
12.9200,-0.301272,1.000000,-0.104225,0.291127,-5.521125
12.9300,-0.311261,1.000000,-0.125654,0.284162,-5.628271
12.9400,-0.321209,1.000000,-0.146748,0.277307,-5.733739
12.9500,-0.331085,1.000000,-0.167425,0.270587,-5.837124
12.9600,-0.340854,1.000000,-0.187603,0.264029,-5.938013
12.9700,-0.350481,1.000000,-0.207197,0.257661,-6.035985
12.9800,-0.359932,1.000000,-0.226123,0.251510,-6.130615
12.9900,-0.369167,1.000000,-0.244296,0.245604,-6.221478
13.0000,-0.378151,1.000000,-0.261631,0.239970,-6.308153
13.0100,-0.386844,1.000000,-0.278046,0.234635,-6.390228
13.0200,-0.395208,1.000000,-0.293461,0.229625,-6.467304
13.0300,-0.403205,1.000000,-0.307800,0.224965,-6.538999
13.0400,-0.410797,1.000000,-0.320991,0.220678,-6.604954
13.0500,-0.417948,1.000000,-0.332967,0.216786,-6.664834
13.0600,-0.424621,1.000000,-0.343668,0.213308,-6.718338
13.0700,-0.430784,1.000000,-0.353040,0.210262,-6.765198
13.0800,-0.436405,1.000000,-0.361036,0.207663,-6.805182
13.0900,-0.441453,1.000000,-0.367621,0.205523,-6.838103
13.1000,-0.445903,1.000000,-0.372763,0.203852,-6.863814
13.1100,-0.449730,1.000000,-0.376443,0.202656,-6.882216
13.1200,-0.452915,1.000000,-0.378651,0.201938,-6.893255
13.1300,-0.455440,1.000000,-0.379385,0.201700,-6.896924
13.1400,-0.457293,1.000000,-0.378653,0.201938,-6.893263
13.1500,-0.458464,1.000000,-0.376471,0.202647,-6.882356
13.1600,-0.458949,1.000000,-0.372867,0.203818,-6.864333
13.1700,-0.458745,1.000000,-0.367873,0.205441,-6.839365
13.1800,-0.457856,1.000000,-0.361532,0.207502,-6.807659
13.1900,-0.456289,1.000000,-0.353892,0.209985,-6.769461
13.2000,-0.454053,1.000000,-0.345009,0.212872,-6.725045
13.2100,-0.451163,1.000000,-0.334943,0.216143,-6.674717
13.2200,-0.447637,1.000000,-0.323760,0.219778,-6.618801
13.2300,-0.443494,1.000000,-0.311529,0.223753,-6.557646
13.2400,-0.438758,1.000000,-0.298322,0.228045,-6.491612
13.2500,-0.433455,1.000000,-0.284214,0.232630,-6.421072
13.2600,-0.427614,1.000000,-0.269281,0.237484,-6.346406
13.2700,-0.421263,1.000000,-0.253599,0.242580,-6.267995
13.2800,-0.414436,1.000000,-0.237245,0.247895,-6.186225
13.2900,-0.407164,1.000000,-0.220295,0.253404,-6.101473
13.3000,-0.399482,1.000000,-0.202823,0.259083,-6.014114
13.3100,-0.391424,1.000000,-0.184903,0.264907,-5.924513
13.3200,-0.383024,1.000000,-0.166605,0.270853,-5.833025
13.3300,-0.374318,1.000000,-0.147999,0.276900,-5.739993
13.3400,-0.365340,1.000000,-0.129149,0.283027,-5.645745
13.3500,-0.356123,1.000000,-0.110119,0.289211,-5.550595
13.3600,-0.346703,1.000000,-0.090969,0.295435,-5.454843
13.3700,-0.337111,1.000000,-0.071754,0.301680,-5.358769
13.3800,-0.327379,1.000000,-0.052528,0.307928,-5.262641
13.3900,-0.317538,1.000000,-0.033341,0.314164,-5.166707
13.4000,-0.307617,1.000000,-0.014240,0.320372,-5.071200
13.4100,-0.297645,1.000000,0.004733,0.326538,-4.976336
13.4200,-0.287648,1.000000,0.023537,0.332649,-4.882317
13.4300,-0.277651,1.000000,0.042135,0.338694,-4.789327
13.4400,-0.267679,1.000000,0.060493,0.344660,-4.697537
13.4500,-0.257755,1.000000,0.078579,0.350538,-4.607104
13.4600,-0.247899,1.000000,0.096366,0.356319,-4.518170
13.4700,-0.238131,1.000000,0.113827,0.361994,-4.430865
13.4800,-0.228470,1.000000,0.130938,0.367555,-4.345308
13.4900,-0.218934,1.000000,0.147679,0.372996,-4.261606
13.5000,-0.209536,1.000000,0.164029,0.378309,-4.179855
13.5100,-0.200293,1.000000,0.179972,0.383491,-4.100142
13.5200,-0.191218,1.000000,0.195491,0.388535,-4.022546
13.5300,-0.182322,1.000000,0.210573,0.393436,-3.947134
13.5400,-0.173617,1.000000,0.225206,0.398192,-3.873971
13.5500,-0.165113,1.000000,0.239378,0.402798,-3.803111
13.5600,-0.156820,1.000000,0.253079,0.407251,-3.734603
13.5700,-0.148744,1.000000,0.266302,0.411548,-3.668491
13.5800,-0.140895,1.000000,0.279038,0.415687,-3.604812
13.5900,-0.133278,1.000000,0.291280,0.419666,-3.543602
13.6000,-0.125900,0.996978,0.303022,0.422500,-3.469778
13.6100,-0.118765,0.985740,0.314260,0.422500,-3.357401
13.6200,-0.111878,0.974999,0.325001,0.422500,-3.249987
13.6300,-0.105238,0.964717,0.335283,0.422500,-3.147174
13.6400,-0.098844,0.954889,0.345111,0.422500,-3.048894
13.6500,-0.092696,0.945507,0.354493,0.422500,-2.955072
13.6600,-0.086791,0.936564,0.363436,0.422500,-2.865637
13.6700,-0.081127,0.928051,0.371949,0.422500,-2.780514
13.6800,-0.075701,0.919963,0.380037,0.422500,-2.699631
13.6900,-0.070511,0.912292,0.387708,0.422500,-2.622920
13.7000,-0.065554,0.905031,0.394969,0.422500,-2.550312
13.7100,-0.060826,0.898174,0.401826,0.422500,-2.481742
13.7200,-0.056324,0.891715,0.408285,0.422500,-2.417149
13.7300,-0.052045,0.885647,0.414353,0.422500,-2.356474
13.7400,-0.047986,0.879966,0.420034,0.422500,-2.299663
13.7500,-0.044144,0.874667,0.425333,0.422500,-2.246667
13.7600,-0.040515,0.869744,0.430256,0.422500,-2.197439
13.7700,-0.037096,0.865194,0.434806,0.422500,-2.151938
13.7800,-0.033884,0.861013,0.438987,0.422500,-2.110130
13.7900,-0.030877,0.857198,0.442802,0.422500,-2.071983
13.8000,-0.028072,0.853747,0.446253,0.422500,-2.037472
13.8100,-0.025466,0.850658,0.449342,0.422500,-2.006576
13.8200,-0.023057,0.847928,0.452072,0.422500,-1.979282
13.8300,-0.020844,0.845558,0.454442,0.422500,-1.955579
13.8400,-0.018824,0.843547,0.456453,0.422500,-1.935467
13.8500,-0.016996,0.841895,0.458105,0.422500,-1.918947
13.8600,-0.015359,0.840603,0.459397,0.422500,-1.906029
13.8700,-0.013911,0.839673,0.460327,0.422500,-1.896729
13.8800,-0.012652,0.839107,0.460893,0.422500,-1.891068
13.8900,-0.011582,0.838907,0.461093,0.422500,-1.889074
13.9000,-0.010699,0.839078,0.460922,0.422500,-1.890782
13.9100,-0.010005,0.839623,0.460377,0.422500,-1.896233
13.9200,-0.009500,0.840548,0.459452,0.422500,-1.905475
13.9300,-0.009184,0.841856,0.458144,0.422500,-1.918564
13.9400,-0.009059,0.843556,0.456444,0.422500,-1.935560
13.9500,-0.009125,0.845653,0.454347,0.422500,-1.956532
13.9600,-0.009385,0.848155,0.451845,0.422500,-1.981555
13.9700,-0.009841,0.851071,0.448929,0.422500,-2.010710
13.9800,-0.010494,0.854409,0.445591,0.422500,-2.044088
13.9900,-0.011348,0.858178,0.441822,0.422500,-2.081783
14.0000,-0.012405,0.862390,0.437610,0.422500,-2.123898
14.0100,-0.013670,0.867054,0.432946,0.422500,-2.170541
14.0200,-0.015144,0.872183,0.427817,0.422500,-2.221828
14.0300,-0.016833,0.877788,0.422212,0.422500,-2.277878
14.0400,-0.018740,0.883882,0.416118,0.422500,-2.338819
14.0500,-0.020871,0.890478,0.409522,0.422500,-2.404781
14.0600,-0.023229,0.897590,0.402410,0.422500,-2.475902
14.0700,-0.025821,0.905232,0.394768,0.422500,-2.552320
14.0800,-0.028650,0.913418,0.386582,0.422500,-2.634178
14.0900,-0.031724,0.922162,0.377838,0.422500,-2.721621
14.1000,-0.035047,0.931479,0.368521,0.422500,-2.814793
14.1100,-0.038626,0.941384,0.358616,0.422500,-2.913839
14.1200,-0.042466,0.951890,0.348110,0.422500,-3.018900
14.1300,-0.046573,0.963011,0.336989,0.422500,-3.130112
14.1400,-0.050954,0.974761,0.325239,0.422500,-3.247607
14.1500,-0.055613,0.987150,0.312850,0.422500,-3.371504
14.1600,-0.060558,1.000000,0.299809,0.422438,-3.500955
14.1700,-0.065793,1.000000,0.286109,0.417985,-3.569457
14.1800,-0.071323,1.000000,0.271742,0.413316,-3.641291
14.1900,-0.077147,1.000000,0.256771,0.408450,-3.716147
14.2000,-0.083262,1.000000,0.241202,0.403391,-3.793991
14.2100,-0.089668,1.000000,0.225045,0.398140,-3.874774
14.2200,-0.096360,1.000000,0.208312,0.392702,-3.958438
14.2300,-0.103335,1.000000,0.191017,0.387081,-4.044913
14.2400,-0.110588,1.000000,0.173177,0.381283,-4.134115
14.2500,-0.118114,1.000000,0.154811,0.375313,-4.225946
14.2600,-0.125905,1.000000,0.135941,0.369181,-4.320294
14.2700,-0.133954,1.000000,0.116594,0.362893,-4.417028
14.2800,-0.142252,1.000000,0.096799,0.356460,-4.516003
14.2900,-0.150789,1.000000,0.076590,0.349892,-4.617052
14.3000,-0.159551,1.000000,0.056002,0.343201,-4.719990
14.3100,-0.168527,1.000000,0.035077,0.336400,-4.824613
14.3200,-0.177701,1.000000,0.013861,0.329505,-4.930694
14.3300,-0.187056,1.000000,-0.007597,0.322531,-5.037985
14.3400,-0.196574,1.000000,-0.029243,0.315496,-5.146216
14.3500,-0.206234,1.000000,-0.051019,0.308419,-5.255094
14.3600,-0.216014,1.000000,-0.072861,0.301320,-5.364307
14.3700,-0.225891,1.000000,-0.094703,0.294221,-5.473516
14.3800,-0.235837,1.000000,-0.116473,0.287146,-5.582367
14.3900,-0.245825,1.000000,-0.138096,0.280119,-5.690481
14.4000,-0.255825,1.000000,-0.159493,0.273165,-5.797463
14.4100,-0.265805,1.000000,-0.180581,0.266311,-5.902903
14.4200,-0.275731,1.000000,-0.201275,0.259586,-6.006374
14.4300,-0.285568,1.000000,-0.221488,0.253016,-6.107441
14.4400,-0.295279,1.000000,-0.241131,0.246632,-6.205657
14.4500,-0.304827,1.000000,-0.260115,0.240463,-6.300575
14.4600,-0.314172,1.000000,-0.278349,0.234537,-6.391743
14.4700,-0.323275,1.000000,-0.295744,0.228883,-6.478718
14.4800,-0.332094,1.000000,-0.312212,0.223531,-6.561062
14.4900,-0.340590,1.000000,-0.327670,0.218507,-6.638352
14.5000,-0.348722,1.000000,-0.342036,0.213838,-6.710182
14.5100,-0.356450,1.000000,-0.355234,0.209549,-6.776170
14.5200,-0.363734,1.000000,-0.367193,0.205662,-6.835963
14.5300,-0.370539,1.000000,-0.377848,0.202199,-6.889239
14.5400,-0.376826,1.000000,-0.387143,0.199179,-6.935714
14.5500,-0.382564,1.000000,-0.395029,0.196616,-6.975144
14.5600,-0.387720,1.000000,-0.401466,0.194524,-7.007328
14.5700,-0.392266,1.000000,-0.406423,0.192913,-7.032114
14.5800,-0.396178,1.000000,-0.409879,0.191789,-7.049396
14.5900,-0.399433,1.000000,-0.411824,0.191157,-7.059120
14.6000,-0.402014,1.000000,-0.412256,0.191017,-7.061279
14.6100,-0.403908,1.000000,-0.411184,0.191365,-7.055918
14.6200,-0.405104,1.000000,-0.408626,0.192197,-7.043130
14.6300,-0.405597,1.000000,-0.404611,0.193502,-7.023053
14.6400,-0.405386,1.000000,-0.399174,0.195268,-6.995872
14.6500,-0.404474,1.000000,-0.392362,0.197482,-6.961810
14.6600,-0.402867,1.000000,-0.384225,0.200127,-6.921127
14.6700,-0.400579,1.000000,-0.374824,0.203182,-6.874120
14.6800,-0.397622,1.000000,-0.364222,0.206628,-6.821109
14.6900,-0.394017,1.000000,-0.351977,0.210608,-6.759884
14.7000,-0.389784,1.000000,-0.337237,0.215398,-6.686187
14.7100,-0.384948,1.000000,-0.321544,0.220498,-6.607719
14.7200,-0.379539,1.000000,-0.304985,0.225880,-6.524925
14.7300,-0.373586,1.000000,-0.287644,0.231516,-6.438219
14.7400,-0.367122,1.000000,-0.269603,0.237379,-6.348015
14.7500,-0.360180,1.000000,-0.250945,0.243443,-6.254724
14.7600,-0.352796,1.000000,-0.231750,0.249681,-6.158749
14.7700,-0.345005,1.000000,-0.212097,0.256069,-6.060483
14.7800,-0.336843,1.000000,-0.192061,0.262580,-5.960306
14.7900,-0.328345,1.000000,-0.171717,0.269192,-5.858587
14.8000,-0.319549,1.000000,-0.151135,0.275881,-5.755676
14.8100,-0.310489,1.000000,-0.130382,0.282626,-5.651908
14.8200,-0.301201,1.000000,-0.109520,0.289406,-5.547600
14.8300,-0.291718,1.000000,-0.088610,0.296202,-5.443049
14.8400,-0.282074,1.000000,-0.067707,0.302995,-5.338536
14.8500,-0.272301,1.000000,-0.046864,0.309769,-5.234321
14.8600,-0.262428,1.000000,-0.026129,0.316508,-5.130647
14.8700,-0.252486,1.000000,-0.005548,0.323197,-5.027738
14.8800,-0.242501,1.000000,0.014840,0.329823,-4.925800
14.8900,-0.232501,1.000000,0.034995,0.336373,-4.825023
14.9000,-0.222511,1.000000,0.054884,0.342837,-4.725580
14.9100,-0.212553,1.000000,0.074474,0.349204,-4.627628
14.9200,-0.202649,1.000000,0.093738,0.355465,-4.531309
14.9300,-0.192820,1.000000,0.112650,0.361611,-4.436752
14.9400,-0.183085,1.000000,0.131185,0.367635,-4.344073
14.9500,-0.173460,1.000000,0.149325,0.373531,-4.253373
14.9600,-0.163963,1.000000,0.167051,0.379292,-4.164744
14.9700,-0.154607,1.000000,0.184346,0.384913,-4.078268
14.9800,-0.145406,1.000000,0.201197,0.390389,-3.994016
14.9900,-0.136372,1.000000,0.217590,0.395717,-3.912049
15.0000,-0.127517,1.000000,0.233516,0.400893,-3.832422
15.0100,-0.118851,1.000000,0.248964,0.405913,-3.755182
15.0200,-0.110382,1.000000,0.263926,0.410776,-3.680368
15.0300,-0.102118,1.000000,0.278397,0.415479,-3.608015
15.0400,-0.094068,1.000000,0.292370,0.420020,-3.538150
15.0500,-0.086236,0.994160,0.305840,0.422500,-3.441595
15.0600,-0.078630,0.981195,0.318805,0.422500,-3.311954
15.0700,-0.071251,0.968717,0.331283,0.422500,-3.187170
15.0800,-0.064100,0.956690,0.343310,0.422500,-3.066904
15.0900,-0.057176,0.945105,0.354895,0.422500,-2.951049
15.1000,-0.050476,0.933949,0.366051,0.422500,-2.839494
15.1100,-0.043997,0.923212,0.376788,0.422500,-2.732125
15.1200,-0.037738,0.912883,0.387117,0.422500,-2.628827
15.1300,-0.031694,0.902949,0.397051,0.422500,-2.529487
15.1400,-0.025862,0.893399,0.406601,0.422500,-2.433988
15.1500,-0.020236,0.884222,0.415778,0.422500,-2.342216
15.1600,-0.014814,0.875406,0.424594,0.422500,-2.254060
15.1700,-0.009590,0.866941,0.433059,0.422500,-2.169407
15.1800,-0.004560,0.858815,0.441185,0.422500,-2.088149
15.1900,0.000282,0.851017,0.448983,0.422500,-2.010166
15.2000,0.004940,0.843513,0.456487,0.422500,-1.935132
15.2100,0.009419,0.836296,0.463704,0.422500,-1.862957
15.2200,0.013725,0.829355,0.470645,0.422500,-1.793547
15.2300,0.017861,0.822681,0.477319,0.422500,-1.726812
15.2400,0.021834,0.816266,0.483734,0.422500,-1.662663
15.2500,0.025647,0.810102,0.489898,0.422500,-1.601016
15.2600,0.029307,0.804179,0.495821,0.422500,-1.541787
15.2700,0.032816,0.798490,0.501510,0.422500,-1.484895
15.2800,0.036182,0.793026,0.506974,0.422500,-1.430263
15.2900,0.039406,0.787782,0.512218,0.422500,-1.377816
15.3000,0.042496,0.782748,0.517252,0.422500,-1.327479
15.3100,0.045453,0.777918,0.522082,0.422500,-1.279183
15.3200,0.048284,0.773286,0.526714,0.422500,-1.232860
15.3300,0.050992,0.768845,0.531155,0.422500,-1.188445
15.3400,0.053581,0.764588,0.535412,0.422500,-1.145875
15.3500,0.056055,0.760509,0.539491,0.422500,-1.105090
15.3600,0.058418,0.756603,0.543397,0.422500,-1.066032
15.3700,0.060673,0.752864,0.547136,0.422500,-1.028645
15.3800,0.062824,0.749288,0.550712,0.422500,-0.992876
15.3900,0.064875,0.745867,0.554133,0.422500,-0.958675
15.4000,0.066828,0.742599,0.557401,0.422500,-0.925992
15.4100,0.068688,0.739478,0.560522,0.422500,-0.894782
15.4200,0.070456,0.736500,0.563500,0.422500,-0.865000
15.4300,0.072136,0.733660,0.566340,0.422500,-0.836604
15.4400,0.073731,0.730955,0.569045,0.422500,-0.809555
15.4500,0.075243,0.728381,0.571619,0.422500,-0.783814
15.4600,0.076675,0.725935,0.574065,0.422500,-0.759345
15.4700,0.078030,0.723612,0.576388,0.422500,-0.736116
15.4800,0.079309,0.721409,0.578591,0.422500,-0.714094
15.4900,0.080515,0.719325,0.580675,0.422500,-0.693249
15.5000,0.081650,0.717355,0.582645,0.422500,-0.673554
15.5100,0.082717,0.715498,0.584502,0.422500,-0.654982
15.5200,0.083716,0.713751,0.586249,0.422500,-0.637508
15.5300,0.084650,0.712111,0.587889,0.422500,-0.621112
15.5400,0.085521,0.710577,0.589423,0.422500,-0.605772
15.5500,0.086330,0.709147,0.590853,0.422500,-0.591469
15.5600,0.087078,0.707819,0.592181,0.422500,-0.578187
15.5700,0.087767,0.706591,0.593409,0.422500,-0.565911
15.5800,0.088399,0.705463,0.594537,0.422500,-0.554626
15.5900,0.088974,0.704432,0.595568,0.422500,-0.544322
15.6000,0.089494,0.703499,0.596501,0.422500,-0.534989
15.6100,0.089959,0.702662,0.597338,0.422500,-0.526619
15.6200,0.090371,0.701920,0.598080,0.422500,-0.519205
15.6300,0.090731,0.701274,0.598726,0.422500,-0.512743
15.6400,0.091038,0.700723,0.599277,0.422500,-0.507230
15.6500,0.091295,0.700267,0.599733,0.422500,-0.502666
15.6600,0.091500,0.699905,0.600095,0.422500,-0.499051
15.6700,0.091655,0.699639,0.600361,0.422500,-0.496389
15.6800,0.091761,0.699468,0.600532,0.422500,-0.494683
15.6900,0.091816,0.699394,0.600606,0.422500,-0.493942
15.7000,0.091823,0.699417,0.600583,0.422500,-0.494172
15.7100,0.091780,0.699539,0.600461,0.422500,-0.495385
15.7200,0.091687,0.699759,0.600241,0.422500,-0.497593
15.7300,0.091545,0.700081,0.599919,0.422500,-0.500811
15.7400,0.091353,0.700506,0.599494,0.422500,-0.505055
15.7500,0.091111,0.701034,0.598966,0.422500,-0.510345
15.7600,0.090819,0.701670,0.598330,0.422500,-0.516700
15.7700,0.090475,0.702415,0.597585,0.422500,-0.524145
15.7800,0.090080,0.703271,0.596729,0.422500,-0.532705
15.7900,0.089633,0.704241,0.595759,0.422500,-0.542408
15.8000,0.089132,0.705329,0.594671,0.422500,-0.553285
15.8100,0.088578,0.706537,0.593463,0.422500,-0.565368
15.8200,0.087968,0.707869,0.592131,0.422500,-0.578694
15.8300,0.087301,0.709330,0.590670,0.422500,-0.593299
15.8400,0.086577,0.710923,0.589077,0.422500,-0.609227
15.8500,0.085794,0.712652,0.587348,0.422500,-0.626519
15.8600,0.084950,0.714522,0.585478,0.422500,-0.645225
15.8700,0.084043,0.716539,0.583461,0.422500,-0.665393
15.8800,0.083073,0.718708,0.581292,0.422500,-0.687077
15.8900,0.082036,0.721033,0.578967,0.422500,-0.710333
15.9000,0.080930,0.723522,0.576478,0.422500,-0.735222
15.9100,0.079755,0.726181,0.573819,0.422500,-0.761807
15.9200,0.078506,0.729015,0.570985,0.422500,-0.790155
15.9300,0.077182,0.732034,0.567966,0.422500,-0.820336
15.9400,0.075779,0.735243,0.564757,0.422500,-0.852427
15.9500,0.074295,0.738650,0.561350,0.422500,-0.886505
15.9600,0.072727,0.742265,0.557735,0.422500,-0.922653
15.9700,0.071072,0.746096,0.553904,0.422500,-0.960958
15.9800,0.069325,0.750151,0.549849,0.422500,-1.001512
15.9900,0.067484,0.754441,0.545559,0.422500,-1.044410
16.0000,0.065545,0.758975,0.541025,0.422500,-1.089754
16.0100,0.063503,0.763765,0.536235,0.422500,-1.137646
16.0200,0.061355,0.768820,0.531180,0.422500,-1.188198
16.0300,0.059096,0.774152,0.525848,0.422500,-1.241524
16.0400,0.056721,0.779774,0.520226,0.422500,-1.297741
16.0500,0.054226,0.785697,0.514303,0.422500,-1.356975
16.0600,0.051606,0.791935,0.508065,0.422500,-1.419353
16.0700,0.048854,0.798501,0.501499,0.422500,-1.485007
16.0800,0.045967,0.805408,0.494592,0.422500,-1.554077
16.0900,0.042937,0.812670,0.487330,0.422500,-1.626702
16.1000,0.039760,0.820303,0.479697,0.422500,-1.703030
16.1100,0.036429,0.828321,0.471679,0.422500,-1.783208
16.1200,0.032938,0.836739,0.463261,0.422500,-1.867390
16.1300,0.029281,0.845573,0.454427,0.422500,-1.955730
16.1400,0.025450,0.854839,0.445161,0.422500,-2.048387
16.1500,0.021440,0.864552,0.435448,0.422500,-2.145518
16.1600,0.017242,0.874728,0.425272,0.422500,-2.247282
16.1700,0.012851,0.885384,0.414616,0.422500,-2.353838
16.1800,0.008259,0.896534,0.403466,0.422500,-2.465341
16.1900,0.003459,0.908194,0.391806,0.422500,-2.581943
16.2000,-0.001555,0.920379,0.379621,0.422500,-2.703792
16.2100,-0.006791,0.933102,0.366898,0.422500,-2.831025
16.2200,-0.012256,0.946377,0.353623,0.422500,-2.963771
16.2300,-0.017956,0.960215,0.339785,0.422500,-3.102146
16.2400,-0.023896,0.974625,0.325375,0.422500,-3.246249
16.2500,-0.030083,0.989616,0.310384,0.422500,-3.396161
16.2600,-0.036522,1.000000,0.294806,0.420812,-3.525968
16.2700,-0.043217,1.000000,0.278640,0.415558,-3.606802
16.2800,-0.050170,1.000000,0.261906,0.410120,-3.690468
16.2900,-0.057377,1.000000,0.244658,0.404514,-3.776709
16.3000,-0.064835,1.000000,0.226909,0.398745,-3.865454
16.3100,-0.072539,1.000000,0.208676,0.392820,-3.956622
16.3200,-0.080484,1.000000,0.189977,0.386743,-4.050115
16.3300,-0.088663,1.000000,0.170836,0.380522,-4.145821
16.3400,-0.097069,1.000000,0.151277,0.374165,-4.243613
16.3500,-0.105691,1.000000,0.131331,0.367682,-4.343347
16.3600,-0.114521,1.000000,0.111028,0.361084,-4.444861
16.3700,-0.123546,1.000000,0.090405,0.354382,-4.547977
16.3800,-0.132754,1.000000,0.069501,0.347588,-4.652494
16.3900,-0.142129,1.000000,0.048361,0.340717,-4.758194
16.4000,-0.151656,1.000000,0.027032,0.333786,-4.864838
16.4100,-0.161317,1.000000,0.005567,0.326809,-4.972167
16.4200,-0.171092,1.000000,-0.015980,0.319806,-5.079902
16.4300,-0.180960,1.000000,-0.037548,0.312797,-5.187741
16.4400,-0.190897,1.000000,-0.059073,0.305801,-5.295366
16.4500,-0.200879,1.000000,-0.080487,0.298842,-5.402437
16.4600,-0.210879,1.000000,-0.101719,0.291941,-5.508597
16.4700,-0.220868,1.000000,-0.122695,0.285124,-5.613473
16.4800,-0.230816,1.000000,-0.143336,0.278416,-5.716678
16.4900,-0.240691,1.000000,-0.163562,0.271842,-5.817811
16.5000,-0.250461,1.000000,-0.183292,0.265430,-5.916462
16.5100,-0.260089,1.000000,-0.202443,0.259206,-6.012215
16.5200,-0.269541,1.000000,-0.220930,0.253198,-6.104648
16.5300,-0.278780,1.000000,-0.238669,0.247433,-6.193344
16.5400,-0.287768,1.000000,-0.255577,0.241937,-6.277886
16.5500,-0.296468,1.000000,-0.271573,0.236739,-6.357867
16.5600,-0.304841,1.000000,-0.286579,0.231862,-6.432894
16.5700,-0.312850,1.000000,-0.300518,0.227332,-6.502589
16.5800,-0.320457,1.000000,-0.313319,0.223171,-6.566597
16.5900,-0.327626,1.000000,-0.324918,0.219402,-6.624590
16.6000,-0.334323,1.000000,-0.335254,0.216043,-6.676269
16.6100,-0.340513,1.000000,-0.342929,0.213548,-6.714644
16.6200,-0.346166,1.000000,-0.348856,0.211622,-6.744282
16.6300,-0.351252,1.000000,-0.353367,0.210156,-6.766833
16.6400,-0.355746,1.000000,-0.356438,0.209158,-6.782188
16.6500,-0.359627,1.000000,-0.358055,0.208632,-6.790275
16.6600,-0.362873,1.000000,-0.358213,0.208581,-6.791065
16.6700,-0.365471,1.000000,-0.356915,0.209002,-6.784577
16.6800,-0.367407,1.000000,-0.354175,0.209893,-6.770875
16.6900,-0.368673,1.000000,-0.350012,0.211246,-6.750062
16.7000,-0.369266,1.000000,-0.344457,0.213051,-6.722286
16.7100,-0.369184,1.000000,-0.337546,0.215297,-6.687732
16.7200,-0.368430,1.000000,-0.329324,0.217970,-6.646620
16.7300,-0.367012,1.000000,-0.319841,0.221052,-6.599203
16.7400,-0.364939,1.000000,-0.309152,0.224526,-6.545760
16.7500,-0.362226,1.000000,-0.297319,0.228371,-6.486597
16.7600,-0.358889,1.000000,-0.284408,0.232567,-6.422039
16.7700,-0.354948,1.000000,-0.270485,0.237092,-6.352427
16.7800,-0.350425,1.000000,-0.255623,0.241923,-6.278114
16.7900,-0.345345,1.000000,-0.239893,0.247035,-6.199463
16.8000,-0.339735,1.000000,-0.223368,0.252405,-6.116841
16.8100,-0.333623,1.000000,-0.206123,0.258010,-6.030613
16.8200,-0.327038,1.000000,-0.188229,0.263825,-5.941147
16.8300,-0.320012,1.000000,-0.169761,0.269828,-5.848803
16.8400,-0.312575,1.000000,-0.150787,0.275994,-5.753934
16.8500,-0.304761,1.000000,-0.131377,0.282303,-5.656884
16.8600,-0.296601,1.000000,-0.111597,0.288731,-5.557985
16.8700,-0.288126,1.000000,-0.091511,0.295259,-5.457556
16.8800,-0.279370,1.000000,-0.071181,0.301866,-5.355904
16.8900,-0.270364,1.000000,-0.050663,0.308534,-5.253317
16.9000,-0.261138,1.000000,-0.030014,0.315246,-5.150069
16.9100,-0.251722,1.000000,-0.009284,0.321983,-5.046419
16.9200,-0.242145,1.000000,0.011479,0.328731,-4.942607
16.9300,-0.232435,1.000000,0.032228,0.335474,-4.838859
16.9400,-0.222619,1.000000,0.052923,0.342200,-4.735383
16.9500,-0.212722,1.000000,0.073526,0.348896,-4.632372
16.9600,-0.202768,1.000000,0.094000,0.355550,-4.530001
16.9700,-0.192781,1.000000,0.114313,0.362152,-4.428433
16.9800,-0.182781,1.000000,0.134437,0.368692,-4.327815
16.9900,-0.172789,1.000000,0.154344,0.375162,-4.228280
17.0000,-0.162823,1.000000,0.174011,0.381553,-4.129947
17.0100,-0.152901,1.000000,0.193415,0.387860,-4.032924
17.0200,-0.143040,1.000000,0.212539,0.394075,-3.937306
17.0300,-0.133253,1.000000,0.231365,0.400194,-3.843177
17.0400,-0.123554,1.000000,0.249878,0.406210,-3.750611
17.0500,-0.113956,1.000000,0.268065,0.412121,-3.659673
17.0600,-0.104470,1.000000,0.285917,0.417923,-3.570416
17.0700,-0.095107,0.996578,0.303422,0.422500,-3.465778
17.0800,-0.085875,0.979426,0.320574,0.422500,-3.294260
17.0900,-0.076781,0.962626,0.337374,0.422500,-3.126256
17.1000,-0.067829,0.946142,0.353858,0.422500,-2.961418
17.1100,-0.059021,0.929963,0.370037,0.422500,-2.799628
17.1200,-0.050357,0.914076,0.385924,0.422500,-2.640756
17.1300,-0.041837,0.898466,0.401534,0.422500,-2.484660
17.1400,-0.033457,0.883119,0.416881,0.422500,-2.331187
17.1500,-0.025216,0.868018,0.431982,0.422500,-2.180176
17.1600,-0.017109,0.853146,0.446854,0.422500,-2.031460
17.1700,-0.009131,0.838486,0.461514,0.422500,-1.884864
17.1800,-0.001278,0.824021,0.475979,0.422500,-1.740209
17.1900,0.006458,0.809699,0.490301,0.422500,-1.596986
17.2000,0.014082,0.795495,0.504505,0.422500,-1.454949
17.2100,0.021601,0.781391,0.518609,0.422500,-1.313908
17.2200,0.029024,0.767367,0.532633,0.422500,-1.173669
17.2300,0.036358,0.753404,0.546596,0.422500,-1.034035
17.2400,0.043612,0.739480,0.560520,0.422500,-0.894805
17.2500,0.050795,0.725577,0.574423,0.422500,-0.755774
17.2600,0.057914,0.711674,0.588326,0.422500,-0.616737
17.2700,0.064981,0.697748,0.602252,0.422500,-0.477484
17.2800,0.072004,0.683781,0.616219,0.422500,-0.337806
17.2900,0.078992,0.669749,0.630251,0.422500,-0.197490
17.3000,0.085957,0.655632,0.644368,0.422500,-0.056322
17.3100,0.092907,0.641409,0.658591,0.422500,0.085911
17.3200,0.099854,0.627058,0.672942,0.422500,0.229424
17.3300,0.106806,0.612557,0.687443,0.422500,0.374431
17.3400,0.113775,0.597886,0.702114,0.422500,0.521145
17.3500,0.120771,0.583022,0.716978,0.422500,0.669778
17.3600,0.127803,0.567946,0.732054,0.422500,0.820540
17.3700,0.134884,0.552636,0.747364,0.422500,0.973636
17.3800,0.142022,0.537073,0.762927,0.422500,1.129268
17.3900,0.149228,0.521237,0.778763,0.422500,1.287632
17.4000,0.156511,0.505108,0.794892,0.422500,1.448915
17.4100,0.163883,0.488670,0.811330,0.422500,1.613298
17.4200,0.171351,0.471905,0.828095,0.422500,1.780948
17.4300,0.178926,0.454798,0.845202,0.422500,1.952021
17.4400,0.186616,0.437335,0.862665,0.422500,2.126654
17.4500,0.194429,0.419503,0.880497,0.422500,2.304970
17.4600,0.202373,0.401293,0.898707,0.422500,2.487066
17.4700,0.210455,0.382698,0.917302,0.422500,2.673016
17.4800,0.218681,0.363714,0.936286,0.422500,2.862864
17.4900,0.227056,0.344338,0.955662,0.422500,3.056620
17.5000,0.235584,0.324574,0.975426,0.422500,3.254257
17.5100,0.244267,0.304430,0.995570,0.422500,3.455704
17.5200,0.253108,0.283916,1.000000,0.417273,3.580422
17.5300,0.262104,0.263050,1.000000,0.410491,3.684751
17.5400,0.271251,0.241894,1.000000,0.403616,3.790529
17.5500,0.280541,0.220485,1.000000,0.396658,3.897573
17.5600,0.289964,0.198853,1.000000,0.389627,4.005735
17.5700,0.299511,0.177030,1.000000,0.382535,4.114852
17.5800,0.309169,0.155052,1.000000,0.375392,4.224740
17.5900,0.318926,0.132959,1.000000,0.368212,4.335203
17.6000,0.328766,0.110795,1.000000,0.361009,4.446023
17.6100,0.338675,0.088607,1.000000,0.353797,4.556966
17.6200,0.348633,0.066444,1.000000,0.346594,4.667779
17.6300,0.358623,0.044361,1.000000,0.339417,4.778195
17.6400,0.368623,0.022415,1.000000,0.332285,4.887926
17.6500,0.378611,0.000666,1.000000,0.325216,4.996672
17.6600,0.388563,-0.020823,1.000000,0.318233,5.104114
17.6700,0.398454,-0.041984,1.000000,0.311355,5.209922
17.6800,0.408257,-0.062751,1.000000,0.304606,5.313755
17.6900,0.417944,-0.083052,1.000000,0.298008,5.415260
17.7000,0.427485,-0.102816,1.000000,0.291585,5.514078
17.7100,0.436850,-0.121969,1.000000,0.285360,5.609845
17.7200,0.446007,-0.140439,1.000000,0.279357,5.702195
17.7300,0.454925,-0.158153,1.000000,0.273600,5.790764
17.7400,0.463570,-0.175038,1.000000,0.268113,5.875190
17.7500,0.471910,-0.191024,1.000000,0.262917,5.955121
17.7600,0.479912,-0.206044,1.000000,0.258036,6.030218
17.7700,0.487543,-0.220031,1.000000,0.253490,6.100156
17.7800,0.494770,-0.232926,1.000000,0.249299,6.164628
17.7900,0.501562,-0.244670,1.000000,0.245482,6.223352
17.8000,0.507890,-0.255214,1.000000,0.242055,6.276071
17.8100,0.513723,-0.264511,1.000000,0.239034,6.322557
17.8200,0.519036,-0.272523,1.000000,0.236430,6.362614
17.8300,0.523803,-0.279216,1.000000,0.234255,6.396081
17.8400,0.528001,-0.284567,1.000000,0.232516,6.422833
17.8500,0.531610,-0.288556,1.000000,0.231219,6.442782
17.8600,0.534614,-0.291176,1.000000,0.230368,6.455881
17.8700,0.536997,-0.292424,1.000000,0.229962,6.462119
17.8800,0.538748,-0.292306,1.000000,0.230001,6.461528
17.8900,0.539861,-0.290835,1.000000,0.230479,6.454174
17.9000,0.540329,-0.288032,1.000000,0.231389,6.440162
17.9100,0.540151,-0.283927,1.000000,0.232724,6.419633
17.9200,0.539331,-0.278552,1.000000,0.234471,6.392759
17.9300,0.537873,-0.271949,1.000000,0.236617,6.359743
17.9400,0.535786,-0.264163,1.000000,0.239147,6.320816
17.9500,0.533082,-0.255247,1.000000,0.242045,6.276234
17.9600,0.529775,-0.245254,1.000000,0.245292,6.226272
17.9700,0.525883,-0.234245,1.000000,0.248870,6.171224
17.9800,0.521425,-0.222280,1.000000,0.252759,6.111399
17.9900,0.516423,-0.209423,1.000000,0.256938,6.047115
18.0000,0.510902,-0.195740,1.000000,0.261385,5.978700
18.0100,0.504887,-0.181297,1.000000,0.266079,5.906483
18.0200,0.498406,-0.166160,1.000000,0.270998,5.830798
18.0300,0.491486,-0.150395,1.000000,0.276121,5.751977
18.0400,0.484157,-0.134069,1.000000,0.281427,5.670347
18.0500,0.476449,-0.117246,1.000000,0.286895,5.586231
18.0600,0.468393,-0.099989,1.000000,0.292504,5.499943
18.0700,0.460018,-0.082358,1.000000,0.298234,5.411788
18.0800,0.451356,-0.064412,1.000000,0.304066,5.322060
18.0900,0.442436,-0.046209,1.000000,0.309982,5.231043
18.1000,0.433288,-0.027801,1.000000,0.315965,5.139006
18.1100,0.423942,-0.009241,1.000000,0.321997,5.046204
18.1200,0.414425,0.009424,1.000000,0.328063,4.952882
18.1300,0.404766,0.028147,1.000000,0.334148,4.859266
18.1400,0.394990,0.046886,1.000000,0.340238,4.765571
18.1500,0.385123,0.065601,1.000000,0.346320,4.671996
18.1600,0.375190,0.084254,1.000000,0.352383,4.578729
18.1700,0.365214,0.102812,1.000000,0.358414,4.485940
18.1800,0.355217,0.121242,1.000000,0.364404,4.393788
18.1900,0.345219,0.139516,1.000000,0.370343,4.302420
18.2000,0.335241,0.157606,1.000000,0.376222,4.211969
18.2100,0.325300,0.175489,1.000000,0.382034,4.122555
18.2200,0.315413,0.193142,1.000000,0.387771,4.034291
18.2300,0.305596,0.210545,1.000000,0.393427,3.947274
18.2400,0.295864,0.227681,1.000000,0.398996,3.861596
18.2500,0.286231,0.244533,1.000000,0.404473,3.777334
18.2600,0.276708,0.261088,1.000000,0.409853,3.694562
18.2700,0.267307,0.277332,1.000000,0.415133,3.613342
18.2800,0.258039,0.293254,1.000000,0.420308,3.533728
18.2900,0.248912,0.308846,0.991154,0.422500,3.411540
18.3000,0.239936,0.324098,0.975902,0.422500,3.259017
18.3100,0.231115,0.339029,0.960971,0.422500,3.109708
18.3200,0.222452,0.353661,0.946339,0.422500,2.963393
18.3300,0.213949,0.368002,0.931998,0.422500,2.819977
18.3400,0.205605,0.382065,0.917935,0.422500,2.679351
18.3500,0.197420,0.395860,0.904140,0.422500,2.541399
18.3600,0.189392,0.409401,0.890599,0.422500,2.405994
18.3700,0.181519,0.422700,0.877300,0.422500,2.273003
18.3800,0.173795,0.435772,0.864228,0.422500,2.142285
18.3900,0.166218,0.448631,0.851369,0.422500,2.013693
18.4000,0.158783,0.461292,0.838708,0.422500,1.887078
18.4100,0.151484,0.473772,0.826228,0.422500,1.762282
18.4200,0.144315,0.486085,0.813915,0.422500,1.639146
18.4300,0.137270,0.498249,0.801751,0.422500,1.517507
18.4400,0.130342,0.510280,0.789720,0.422500,1.397196
18.4500,0.123524,0.522195,0.777805,0.422500,1.278045
18.4600,0.116810,0.534012,0.765988,0.422500,1.159881
18.4700,0.110190,0.545747,0.754253,0.422500,1.042528
18.4800,0.103658,0.557419,0.742581,0.422500,0.925810
18.4900,0.097206,0.569045,0.730955,0.422500,0.809545
18.5000,0.090824,0.580645,0.719355,0.422500,0.693553
18.5100,0.084505,0.592235,0.707765,0.422500,0.577649
18.5200,0.078240,0.603835,0.696165,0.422500,0.461646
18.5300,0.072019,0.615464,0.684536,0.422500,0.345357
18.5400,0.065836,0.627141,0.672859,0.422500,0.228592
18.5500,0.059679,0.638884,0.661116,0.422500,0.111159
18.5600,0.053540,0.650714,0.649286,0.422500,-0.007136
18.5700,0.047410,0.662649,0.637351,0.422500,-0.126486
18.5800,0.041280,0.674709,0.625291,0.422500,-0.247088
18.5900,0.035139,0.686914,0.613086,0.422500,-0.369140
18.6000,0.028979,0.699284,0.600716,0.422500,-0.492838
18.6100,0.022790,0.711838,0.588162,0.422500,-0.618382
18.6200,0.016563,0.724597,0.575403,0.422500,-0.745971
18.6300,0.010287,0.737580,0.562420,0.422500,-0.875801
18.6400,0.003953,0.750807,0.549193,0.422500,-1.008069
18.6500,-0.002448,0.764297,0.535703,0.422500,-1.142971
18.6600,-0.008927,0.778070,0.521930,0.422500,-1.280699
18.6700,-0.015492,0.792144,0.507856,0.422500,-1.421440
18.6800,-0.022153,0.806538,0.493462,0.422500,-1.565377
18.6900,-0.028920,0.821269,0.478731,0.422500,-1.712687
18.7000,-0.035801,0.836354,0.463646,0.422500,-1.863538
18.7100,-0.042805,0.851809,0.448191,0.422500,-2.018088
18.7200,-0.049941,0.867648,0.432352,0.422500,-2.176483
18.7300,-0.057217,0.883885,0.416115,0.422500,-2.338853
18.7400,-0.064640,0.900531,0.399469,0.422500,-2.505312
18.7500,-0.072218,0.917595,0.382405,0.422500,-2.675951
18.7600,-0.079957,0.935084,0.364916,0.422500,-2.850840
18.7700,-0.087863,0.953002,0.346998,0.422500,-3.030018
18.7800,-0.095940,0.971349,0.328651,0.422500,-3.213493
18.7900,-0.104193,0.990123,0.309877,0.422500,-3.401235
18.8000,-0.112622,1.000000,0.290683,0.419472,-3.546587
18.8100,-0.121229,1.000000,0.271081,0.413101,-3.644596
18.8200,-0.130012,1.000000,0.251115,0.406612,-3.744425
18.8300,-0.138963,1.000000,0.230834,0.400021,-3.845829
18.8400,-0.148074,1.000000,0.210264,0.393336,-3.948679
18.8500,-0.157337,1.000000,0.189434,0.386566,-4.052829
18.8600,-0.166742,1.000000,0.168376,0.379722,-4.158120
18.8700,-0.176277,1.000000,0.147125,0.372816,-4.264374
18.8800,-0.185929,1.000000,0.125721,0.365859,-4.371394
18.8900,-0.195683,1.000000,0.104206,0.358867,-4.478968
18.9000,-0.205525,1.000000,0.082627,0.351854,-4.586867
18.9100,-0.215436,1.000000,0.061032,0.344835,-4.694840
18.9200,-0.225397,1.000000,0.039476,0.337830,-4.802621
18.9300,-0.235389,1.000000,0.018014,0.330855,-4.909929
18.9400,-0.245389,1.000000,-0.003292,0.323930,-5.016461
18.9500,-0.255373,1.000000,-0.024381,0.317076,-5.121904
18.9600,-0.265316,1.000000,-0.045186,0.310315,-5.225928
18.9700,-0.275192,1.000000,-0.065638,0.303668,-5.328189
18.9800,-0.284972,1.000000,-0.085667,0.297158,-5.428337
18.9900,-0.294627,1.000000,-0.105202,0.290809,-5.526008
19.0000,-0.304127,1.000000,-0.124167,0.284646,-5.620836
19.0100,-0.313440,1.000000,-0.142490,0.278691,-5.712449
19.0200,-0.322533,1.000000,-0.160096,0.272969,-5.800478
19.0300,-0.331374,1.000000,-0.176911,0.267504,-5.884554
19.0400,-0.339929,1.000000,-0.192863,0.262319,-5.964316
19.0500,-0.348165,1.000000,-0.207883,0.257438,-6.039414
19.0600,-0.356049,1.000000,-0.221902,0.252882,-6.109511
19.0700,-0.363546,1.000000,-0.234858,0.248671,-6.174288
19.0800,-0.370626,1.000000,-0.246689,0.244826,-6.233447
19.0900,-0.377256,1.000000,-0.257343,0.241363,-6.286716
19.1000,-0.383407,1.000000,-0.266770,0.238300,-6.333850
19.1100,-0.389050,1.000000,-0.274927,0.235649,-6.374636
19.1200,-0.394160,1.000000,-0.281779,0.233422,-6.408894
19.1300,-0.398711,1.000000,-0.287296,0.231629,-6.436479
19.1400,-0.402683,1.000000,-0.291457,0.230276,-6.457286
19.1500,-0.406057,1.000000,-0.294249,0.229369,-6.471247
19.1600,-0.408816,1.000000,-0.295667,0.228908,-6.478334
19.1700,-0.410948,1.000000,-0.295711,0.228894,-6.478557
19.1800,-0.412442,1.000000,-0.294393,0.229322,-6.471967
19.1900,-0.413294,1.000000,-0.291730,0.230188,-6.458651
19.2000,-0.413499,1.000000,-0.287746,0.231482,-6.438732
19.2100,-0.413059,1.000000,-0.282474,0.233196,-6.412369
19.2200,-0.411976,1.000000,-0.275950,0.235316,-6.379750
19.2300,-0.410259,1.000000,-0.268219,0.237829,-6.341095
19.2400,-0.407918,1.000000,-0.259329,0.240718,-6.296647
19.2500,-0.404965,1.000000,-0.249334,0.243966,-6.246672
19.2600,-0.401416,1.000000,-0.238291,0.247555,-6.191457
19.2700,-0.397291,1.000000,-0.226260,0.251465,-6.131302
19.2800,-0.392610,1.000000,-0.213304,0.255676,-6.066521
19.2900,-0.387397,1.000000,-0.199487,0.260167,-5.997437
19.3000,-0.381675,1.000000,-0.184875,0.264916,-5.924377
19.3100,-0.375473,1.000000,-0.169534,0.269901,-5.847672
19.3200,-0.368816,1.000000,-0.153531,0.275103,-5.767653
19.3300,-0.361735,1.000000,-0.136930,0.280498,-5.684648
19.3400,-0.354259,1.000000,-0.119796,0.286066,-5.598979
19.3500,-0.346418,1.000000,-0.102192,0.291787,-5.510962
19.3600,-0.338241,1.000000,-0.084181,0.297641,-5.420904
19.3700,-0.329760,1.000000,-0.065820,0.303608,-5.329101
19.3800,-0.321004,1.000000,-0.047168,0.309671,-5.235838
19.3900,-0.312004,1.000000,-0.028278,0.315810,-5.141388
19.4000,-0.302787,1.000000,-0.009202,0.322009,-5.046008
19.4100,-0.293384,1.000000,0.010011,0.328254,-4.949944
19.4200,-0.283821,1.000000,0.029315,0.334527,-4.853427
19.4300,-0.274124,1.000000,0.048666,0.340816,-4.756672
19.4400,-0.264321,1.000000,0.068023,0.347108,-4.659883
19.4500,-0.254435,1.000000,0.087351,0.353389,-4.563246
19.4600,-0.244489,1.000000,0.106613,0.359649,-4.466935
19.4700,-0.234507,1.000000,0.125778,0.365878,-4.371110
19.4800,-0.224508,1.000000,0.144816,0.372065,-4.275918
19.4900,-0.214512,1.000000,0.163701,0.378203,-4.181493
19.5000,-0.204538,1.000000,0.182409,0.384283,-4.087957
19.5100,-0.194603,1.000000,0.200916,0.390298,-3.995419
19.5200,-0.184723,1.000000,0.219204,0.396241,-3.903979
19.5300,-0.174913,1.000000,0.237255,0.402108,-3.813724
19.5400,-0.165185,1.000000,0.255053,0.407892,-3.724734
19.5500,-0.155553,1.000000,0.272584,0.413590,-3.637078
19.5600,-0.146028,1.000000,0.289837,0.419197,-3.550816
19.5700,-0.136620,0.993200,0.306800,0.422500,-3.432002
19.5800,-0.127338,0.976536,0.323464,0.422500,-3.265357
19.5900,-0.118189,0.960161,0.339839,0.422500,-3.101606
19.6000,-0.109177,0.944049,0.355951,0.422500,-2.940493
19.6100,-0.100304,0.928191,0.371809,0.422500,-2.781915
19.6200,-0.091570,0.912576,0.387424,0.422500,-2.625756
19.6300,-0.082975,0.897189,0.402811,0.422500,-2.471888
19.6400,-0.074517,0.882017,0.417983,0.422500,-2.320172
19.6500,-0.066194,0.867046,0.432954,0.422500,-2.170457
19.6600,-0.058001,0.852259,0.447741,0.422500,-2.022587
19.6700,-0.049935,0.837640,0.462360,0.422500,-1.876397
19.6800,-0.041990,0.823171,0.476829,0.422500,-1.731714
19.6900,-0.034160,0.808836,0.491164,0.422500,-1.588361
19.7000,-0.026439,0.794616,0.505384,0.422500,-1.446155
19.7100,-0.018820,0.780491,0.519509,0.422500,-1.304909
19.7200,-0.011296,0.766443,0.533557,0.422500,-1.164431
19.7300,-0.003858,0.752453,0.547547,0.422500,-1.024525
19.7400,0.003502,0.738499,0.561501,0.422500,-0.884993
19.7500,0.010792,0.724563,0.575437,0.422500,-0.745632
19.7600,0.018020,0.710624,0.589376,0.422500,-0.606239
19.7700,0.025198,0.696661,0.603339,0.422500,-0.466607
19.7800,0.032333,0.682653,0.617347,0.422500,-0.326528
19.7900,0.039435,0.668579,0.631421,0.422500,-0.185792
19.8000,0.046514,0.654419,0.645581,0.422500,-0.044187
19.8100,0.053580,0.640150,0.659850,0.422500,0.098497
19.8200,0.060642,0.625753,0.674247,0.422500,0.242472
19.8300,0.067712,0.611205,0.688795,0.422500,0.387950
19.8400,0.074799,0.596486,0.703514,0.422500,0.535141
19.8500,0.081913,0.581575,0.718425,0.422500,0.684252
19.8600,0.089065,0.566451,0.733549,0.422500,0.835491
19.8700,0.096264,0.551094,0.748906,0.422500,0.989057
19.8800,0.103522,0.535485,0.764515,0.422500,1.145149
19.8900,0.110846,0.519604,0.780396,0.422500,1.303956
19.9000,0.118249,0.503434,0.796566,0.422500,1.465662
19.9100,0.125738,0.486956,0.813044,0.422500,1.630440
19.9200,0.133324,0.470155,0.829845,0.422500,1.798450
19.9300,0.141014,0.453016,0.846984,0.422500,1.969841
19.9400,0.148819,0.435526,0.864474,0.422500,2.144742
19.9500,0.156745,0.417673,0.882327,0.422500,2.323267
19.9600,0.164800,0.399450,0.900550,0.422500,2.505503
19.9700,0.172991,0.380849,0.919151,0.422500,2.691514
19.9800,0.181323,0.361867,0.938133,0.422500,2.881331
19.9900,0.189800,0.342505,0.957495,0.422500,3.074953
20.0000,0.198427,0.322766,0.977234,0.422500,3.272340
20.0100,0.207205,0.302659,0.997341,0.422500,3.473406
20.0200,0.216136,0.282198,1.000000,0.416714,3.589010
20.0300,0.225217,0.261401,1.000000,0.409955,3.692996
20.0400,0.234442,0.240333,1.000000,0.403108,3.798333
20.0500,0.243804,0.219029,1.000000,0.396184,3.904854
20.0600,0.253293,0.197518,1.000000,0.389193,4.012408
20.0700,0.262897,0.175835,1.000000,0.382146,4.120827
20.0800,0.272606,0.154015,1.000000,0.375055,4.229925
20.0900,0.282405,0.132100,1.000000,0.367932,4.339500
20.1000,0.292279,0.110133,1.000000,0.360793,4.449333
20.1100,0.302213,0.088163,1.000000,0.353653,4.559186
20.1200,0.312188,0.066239,1.000000,0.346528,4.668805
20.1300,0.322185,0.044416,1.000000,0.339435,4.777919
20.1400,0.332182,0.022752,1.000000,0.332394,4.886240
20.1500,0.342158,0.001307,1.000000,0.325425,4.993467
20.1600,0.352089,-0.019856,1.000000,0.318547,5.099281
20.1700,0.361947,-0.040671,1.000000,0.311782,5.203356
20.1800,0.371708,-0.061070,1.000000,0.305152,5.305349
20.1900,0.381343,-0.080982,1.000000,0.298681,5.404912
20.2000,0.390821,-0.100338,1.000000,0.292390,5.501689
20.2100,0.400114,-0.119064,1.000000,0.286304,5.595322
20.2200,0.409190,-0.137090,1.000000,0.280446,5.685450
20.2300,0.418017,-0.154343,1.000000,0.274839,5.771715
20.2400,0.426562,-0.170753,1.000000,0.269505,5.853766
20.2500,0.434793,-0.186252,1.000000,0.264468,5.931258
20.2600,0.442679,-0.200772,1.000000,0.259749,6.003861
20.2700,0.450185,-0.214252,1.000000,0.255368,6.071262
20.2800,0.457282,-0.226633,1.000000,0.251344,6.133164
20.2900,0.463938,-0.237859,1.000000,0.247696,6.189297
20.3000,0.470125,-0.247883,1.000000,0.244438,6.239417
20.3100,0.475813,-0.256661,1.000000,0.241585,6.283306
20.3200,0.480978,-0.264156,1.000000,0.239149,6.320781
20.3300,0.485594,-0.270339,1.000000,0.237140,6.351694
20.3400,0.489642,-0.275186,1.000000,0.235565,6.375930
20.3500,0.493100,-0.278683,1.000000,0.234428,6.393414
20.3600,0.495954,-0.280821,1.000000,0.233733,6.404106
20.3700,0.498189,-0.281602,1.000000,0.233480,6.408008
20.3800,0.499797,-0.281031,1.000000,0.233665,6.405156
20.3900,0.500768,-0.279125,1.000000,0.234284,6.395627
20.4000,0.501101,-0.275906,1.000000,0.235331,6.379531
20.4100,0.500794,-0.271402,1.000000,0.236794,6.357011
20.4200,0.499851,-0.265649,1.000000,0.238664,6.328245
20.4300,0.498277,-0.258687,1.000000,0.240927,6.293437
20.4400,0.496082,-0.250564,1.000000,0.243567,6.252819
20.4500,0.493278,-0.241329,1.000000,0.246568,6.206645
20.4600,0.489879,-0.231038,1.000000,0.249913,6.155189
20.4700,0.485904,-0.219748,1.000000,0.253582,6.098742
20.4800,0.481371,-0.207521,1.000000,0.257556,6.037607
20.4900,0.476304,-0.194420,1.000000,0.261814,5.972098
20.5000,0.470726,-0.180507,1.000000,0.266335,5.902536
20.5100,0.464662,-0.165849,1.000000,0.271099,5.829244
20.5200,0.458140,-0.150510,1.000000,0.276084,5.752549
20.5300,0.451187,-0.134555,1.000000,0.281270,5.672774
20.5400,0.443833,-0.118048,1.000000,0.286634,5.590239
20.5500,0.436106,-0.101051,1.000000,0.292158,5.505256
20.5600,0.428036,-0.083627,1.000000,0.297821,5.418133
20.5700,0.419654,-0.065833,1.000000,0.303604,5.329164
20.5800,0.410989,-0.047727,1.000000,0.309489,5.238635
20.5900,0.402070,-0.029364,1.000000,0.315457,5.146820
20.6000,0.392927,-0.010796,1.000000,0.321491,5.053980
20.6100,0.383587,0.007927,1.000000,0.327576,4.960363
20.6200,0.374079,0.026760,1.000000,0.333697,4.866202
20.6300,0.364429,0.045656,1.000000,0.339838,4.771718
20.6400,0.354663,0.064577,1.000000,0.345987,4.677116
20.6500,0.344805,0.083482,1.000000,0.352132,4.582588
20.6600,0.334880,0.102337,1.000000,0.358260,4.488314
20.6700,0.324909,0.121108,1.000000,0.364360,4.394458
20.6800,0.314914,0.139766,1.000000,0.370424,4.301171
20.6900,0.304914,0.158281,1.000000,0.376441,4.208594
20.7000,0.294930,0.176630,1.000000,0.382405,4.116852
20.7100,0.284977,0.194788,1.000000,0.388306,4.026061
20.7200,0.275074,0.212735,1.000000,0.394139,3.936325
20.7300,0.265233,0.230452,1.000000,0.399897,3.847739
20.7400,0.255471,0.247923,1.000000,0.405575,3.760386
20.7500,0.245799,0.265132,1.000000,0.411168,3.674339
20.7600,0.236229,0.282067,1.000000,0.416672,3.589666
20.7700,0.226773,0.298715,1.000000,0.422082,3.506424
20.7800,0.217439,0.315067,0.984933,0.422500,3.349326
20.7900,0.208237,0.331115,0.968885,0.422500,3.188850
20.8000,0.199171,0.346889,0.953111,0.422500,3.031113
20.8100,0.190244,0.362399,0.937601,0.422500,2.876006
20.8200,0.181458,0.377657,0.922343,0.422500,2.723426
20.8300,0.172813,0.392674,0.907326,0.422500,2.573260
20.8400,0.164308,0.407462,0.892538,0.422500,2.425381
20.8500,0.155941,0.422035,0.877965,0.422500,2.279655
20.8600,0.147709,0.436406,0.863594,0.422500,2.135936
20.8700,0.139609,0.450593,0.849407,0.422500,1.994072
20.8800,0.131636,0.464610,0.835390,0.422500,1.853904
20.8900,0.123785,0.478473,0.821527,0.422500,1.715266
20.9000,0.116050,0.492201,0.807799,0.422500,1.577988
20.9100,0.108425,0.505811,0.794189,0.422500,1.441894
20.9200,0.100903,0.519320,0.780680,0.422500,1.306803
20.9300,0.093477,0.532747,0.767253,0.422500,1.172533
20.9400,0.086139,0.546111,0.753889,0.422500,1.038894
20.9500,0.078881,0.559430,0.740570,0.422500,0.905696
20.9600,0.071695,0.572725,0.727275,0.422500,0.772747
20.9700,0.064573,0.586015,0.713985,0.422500,0.639848
20.9800,0.057504,0.599320,0.700680,0.422500,0.506803
20.9900,0.050481,0.612659,0.687341,0.422500,0.373410
21.0000,0.043495,0.626053,0.673947,0.422500,0.239467
21.0100,0.036535,0.639523,0.660477,0.422500,0.104771
21.0200,0.029592,0.653088,0.646912,0.422500,-0.030882
21.0300,0.022657,0.666770,0.633230,0.422500,-0.167699
21.0400,0.015719,0.680588,0.619412,0.422500,-0.305884
21.0500,0.008770,0.694564,0.605436,0.422500,-0.445642
21.0600,0.001799,0.708718,0.591282,0.422500,-0.587177
21.0700,-0.005205,0.723069,0.576931,0.422500,-0.730691
21.0800,-0.012250,0.737639,0.562361,0.422500,-0.876386
21.0900,-0.019347,0.752446,0.547554,0.422500,-1.024455
21.1000,-0.026505,0.767509,0.532491,0.422500,-1.175093
21.1100,-0.033734,0.782848,0.517152,0.422500,-1.328484
21.1200,-0.041044,0.798481,0.501519,0.422500,-1.484807
21.1300,-0.048445,0.814423,0.485577,0.422500,-1.644231
21.1400,-0.055944,0.830692,0.469308,0.422500,-1.806917
21.1500,-0.063551,0.847301,0.452699,0.422500,-1.973007
21.1600,-0.071274,0.864263,0.435737,0.422500,-2.142634
21.1700,-0.079120,0.881591,0.418409,0.422500,-2.315908
21.1800,-0.087098,0.899292,0.400708,0.422500,-2.492920
21.1900,-0.095213,0.917373,0.382627,0.422500,-2.673735
21.2000,-0.103472,0.935839,0.364161,0.422500,-2.858389
21.2100,-0.111878,0.954689,0.345311,0.422500,-3.046888
21.2200,-0.120436,0.973920,0.326080,0.422500,-3.239197
21.2300,-0.129147,0.993524,0.306476,0.422500,-3.435243
21.2400,-0.138013,1.000000,0.286510,0.418116,-3.567452
21.2500,-0.147032,1.000000,0.266199,0.411515,-3.669004
21.2600,-0.156199,1.000000,0.245600,0.404820,-3.772000
21.2700,-0.165507,1.000000,0.224753,0.398045,-3.876235
21.2800,-0.174947,1.000000,0.203688,0.391198,-3.981562
21.2900,-0.184507,1.000000,0.182436,0.384292,-4.087818
21.3000,-0.194176,1.000000,0.161035,0.377336,-4.194825
21.3100,-0.203941,1.000000,0.139523,0.370345,-4.302385
21.3200,-0.213788,1.000000,0.117943,0.363331,-4.410287
21.3300,-0.223701,1.000000,0.096340,0.356311,-4.518299
21.3400,-0.233663,1.000000,0.074765,0.349299,-4.626174
21.3500,-0.243654,1.000000,0.053270,0.342313,-4.733650
21.3600,-0.253654,1.000000,0.031911,0.335371,-4.840445
21.3700,-0.263641,1.000000,0.010747,0.328493,-4.946264
21.3800,-0.273591,1.000000,-0.010160,0.321698,-5.050798
21.3900,-0.283481,1.000000,-0.030745,0.315008,-5.153724
21.4000,-0.293283,1.000000,-0.050942,0.308444,-5.254708
21.4100,-0.302971,1.000000,-0.070682,0.302028,-5.353408
21.4200,-0.312514,1.000000,-0.089894,0.295784,-5.449472
21.4300,-0.321884,1.000000,-0.108509,0.289734,-5.542547
21.4400,-0.331050,1.000000,-0.126455,0.283902,-5.632274
21.4500,-0.339981,1.000000,-0.143660,0.278310,-5.718300
21.4600,-0.348644,1.000000,-0.160054,0.272982,-5.800272
21.4700,-0.357007,1.000000,-0.175570,0.267940,-5.877848
21.4800,-0.365038,1.000000,-0.190139,0.263205,-5.950694
21.4900,-0.372706,1.000000,-0.203699,0.258798,-6.018494
21.5000,-0.379978,1.000000,-0.216190,0.254738,-6.080948
21.5100,-0.386824,1.000000,-0.227556,0.251044,-6.137779
21.5200,-0.393215,1.000000,-0.237747,0.247732,-6.188734
21.5300,-0.399122,1.000000,-0.246717,0.244817,-6.233587
21.5400,-0.404518,1.000000,-0.254429,0.242311,-6.272145
21.5500,-0.409379,1.000000,-0.260849,0.240224,-6.304247
21.5600,-0.413683,1.000000,-0.265953,0.238565,-6.329764
21.5700,-0.417410,1.000000,-0.269721,0.237341,-6.348607
21.5800,-0.420543,1.000000,-0.272145,0.236553,-6.360723
21.5900,-0.423066,1.000000,-0.273219,0.236204,-6.366095
21.6000,-0.424970,1.000000,-0.272949,0.236292,-6.364745
21.6100,-0.426245,1.000000,-0.271346,0.236812,-6.356732
21.6200,-0.426886,1.000000,-0.268430,0.237760,-6.342148
21.6300,-0.426893,1.000000,-0.264224,0.239127,-6.321122
21.6400,-0.426265,1.000000,-0.258763,0.240902,-6.293815
21.6500,-0.425009,1.000000,-0.252083,0.243073,-6.260414
21.6600,-0.423131,1.000000,-0.244227,0.245626,-6.221136
21.6700,-0.420642,1.000000,-0.235244,0.248546,-6.176222
21.6800,-0.417555,1.000000,-0.225186,0.251814,-6.125932
21.6900,-0.413888,1.000000,-0.214109,0.255415,-6.070543
21.7000,-0.409658,1.000000,-0.202070,0.259327,-6.010350
21.7100,-0.404886,1.000000,-0.189131,0.263532,-5.945654
21.7200,-0.399594,1.000000,-0.175354,0.268010,-5.876768
21.7300,-0.393808,1.000000,-0.160802,0.272739,-5.804008
21.7400,-0.387553,1.000000,-0.145538,0.277700,-5.727692
21.7500,-0.380856,1.000000,-0.129628,0.282871,-5.648139
21.7600,-0.373744,1.000000,-0.113132,0.288232,-5.565662
21.7700,-0.366247,1.000000,-0.096114,0.293763,-5.480571
21.7800,-0.358394,1.000000,-0.078634,0.299444,-5.393170
21.7900,-0.350213,1.000000,-0.060750,0.305256,-5.303752
21.8000,-0.341734,1.000000,-0.042520,0.311181,-5.212600
21.8100,-0.332986,1.000000,-0.023997,0.317201,-5.119987
21.8200,-0.323997,1.000000,-0.005235,0.323299,-5.026174
21.8300,-0.314796,1.000000,0.013718,0.329458,-4.931408
21.8400,-0.305410,1.000000,0.032815,0.335665,-4.835923
21.8500,-0.295865,1.000000,0.052012,0.341904,-4.739940
21.8600,-0.286187,1.000000,0.071267,0.348162,-4.643665
21.8700,-0.276401,1.000000,0.090542,0.354426,-4.547291
21.8800,-0.266530,1.000000,0.109801,0.360685,-4.450997
21.8900,-0.256596,1.000000,0.129010,0.366928,-4.354949
21.9000,-0.246621,1.000000,0.148140,0.373146,-4.259299
21.9100,-0.236625,1.000000,0.167163,0.379328,-4.164187
21.9200,-0.226626,1.000000,0.186052,0.385467,-4.069740
21.9300,-0.216642,1.000000,0.204785,0.391555,-3.976074
21.9400,-0.206690,1.000000,0.223341,0.397586,-3.883294
21.9500,-0.196784,1.000000,0.241702,0.403553,-3.791492
21.9600,-0.186940,1.000000,0.259850,0.409451,-3.700752
21.9700,-0.177168,1.000000,0.277770,0.415275,-3.611149
21.9800,-0.167483,1.000000,0.295451,0.421022,-3.522746
21.9900,-0.157893,0.987120,0.312880,0.422500,-3.371201
22.0000,-0.148409,0.969952,0.330048,0.422500,-3.199521
22.0100,-0.139037,0.953027,0.346973,0.422500,-3.030265
22.0200,-0.129782,0.936329,0.363671,0.422500,-2.863288
22.0300,-0.120645,0.919849,0.380151,0.422500,-2.698492
22.0400,-0.111629,0.903576,0.396424,0.422500,-2.535763
22.0500,-0.102733,0.887497,0.412503,0.422500,-2.374974
22.0600,-0.093956,0.871599,0.428401,0.422500,-2.215986
22.0700,-0.085294,0.855865,0.444135,0.422500,-2.058650
22.0800,-0.076746,0.840281,0.459719,0.422500,-1.902806
22.0900,-0.068306,0.824829,0.475171,0.422500,-1.748288
22.1000,-0.059970,0.809492,0.490508,0.422500,-1.594921
22.1100,-0.051731,0.794252,0.505748,0.422500,-1.442523
22.1200,-0.043584,0.779091,0.520909,0.422500,-1.290908
22.1300,-0.035522,0.763988,0.536012,0.422500,-1.139885
22.1400,-0.027537,0.748926,0.551074,0.422500,-0.989257
22.1500,-0.019620,0.733883,0.566117,0.422500,-0.838826
22.1600,-0.011765,0.718839,0.581161,0.422500,-0.688389
22.1700,-0.003962,0.703774,0.596226,0.422500,-0.537740
22.1800,0.003798,0.688667,0.611333,0.422500,-0.386673
22.1900,0.011524,0.673498,0.626502,0.422500,-0.234980
22.2000,0.019226,0.658245,0.641755,0.422500,-0.082451
22.2100,0.026912,0.642888,0.657112,0.422500,0.071121
22.2200,0.034593,0.627406,0.672594,0.422500,0.225945
22.2300,0.042279,0.611777,0.688223,0.422500,0.382227
22.2400,0.049979,0.595983,0.704017,0.422500,0.540172
22.2500,0.057703,0.580002,0.719998,0.422500,0.699978
22.2600,0.065462,0.563816,0.736184,0.422500,0.861843
22.2700,0.073265,0.547405,0.752595,0.422500,1.025955
22.2800,0.081121,0.530750,0.769250,0.422500,1.192496
22.2900,0.089040,0.513836,0.786164,0.422500,1.361640
22.3000,0.097032,0.496645,0.803355,0.422500,1.533547
22.3100,0.105104,0.479163,0.820837,0.422500,1.708365
22.3200,0.113266,0.461377,0.838623,0.422500,1.886228
22.3300,0.121526,0.443275,0.856725,0.422500,2.067248
22.3400,0.129891,0.424848,0.875152,0.422500,2.251519
22.3500,0.138367,0.406089,0.893911,0.422500,2.439107
22.3600,0.146960,0.386995,0.913005,0.422500,2.630054
22.3700,0.155676,0.367564,0.932436,0.422500,2.824365
22.3800,0.164517,0.347799,0.952201,0.422500,3.022012
22.3900,0.173487,0.327708,0.972292,0.422500,3.222925
22.4000,0.182586,0.307301,0.992699,0.422500,3.426988
22.4100,0.191814,0.286596,1.000000,0.418144,3.567018
22.4200,0.201169,0.265615,1.000000,0.411325,3.671924
22.4300,0.210644,0.244411,1.000000,0.404434,3.777943
22.4400,0.220230,0.223028,1.000000,0.397484,3.884858
22.4500,0.229917,0.201498,1.000000,0.390487,3.992509
22.4600,0.239692,0.179857,1.000000,0.383453,4.100717
22.4700,0.249544,0.158142,1.000000,0.376396,4.209289
22.4800,0.259459,0.136397,1.000000,0.369329,4.318014
22.4900,0.269419,0.114667,1.000000,0.362267,4.426667
22.5000,0.279408,0.092999,1.000000,0.355225,4.535003
22.5100,0.289408,0.071447,1.000000,0.348220,4.642766
22.5200,0.299399,0.050064,1.000000,0.341271,4.749679
22.5300,0.309358,0.028909,1.000000,0.334395,4.855457
22.5400,0.319264,0.008041,1.000000,0.327613,4.959796
22.5500,0.329091,-0.012477,1.000000,0.320945,5.062383
22.5600,0.338814,-0.032579,1.000000,0.314412,5.162896
22.5700,0.348407,-0.052200,1.000000,0.308035,5.261001
22.5800,0.357841,-0.071272,1.000000,0.301836,5.356362
22.5900,0.367088,-0.089727,1.000000,0.295839,5.448636
22.6000,0.376118,-0.107496,1.000000,0.290064,5.537480
22.6100,0.384900,-0.124511,1.000000,0.284534,5.622555
22.6200,0.393404,-0.140705,1.000000,0.279271,5.703523
22.6300,0.401599,-0.156012,1.000000,0.274296,5.780059
22.6400,0.409454,-0.170369,1.000000,0.269630,5.851845
22.6500,0.416939,-0.183716,1.000000,0.265292,5.918581
22.6600,0.424022,-0.195997,1.000000,0.261301,5.979984
22.6700,0.430676,-0.207159,1.000000,0.257673,6.035793
22.6800,0.436872,-0.217154,1.000000,0.254425,6.085771
22.6900,0.442583,-0.225941,1.000000,0.251569,6.129707
22.7000,0.447784,-0.233484,1.000000,0.249118,6.167421
22.7100,0.452452,-0.239753,1.000000,0.247080,6.198766
22.7200,0.456566,-0.244725,1.000000,0.245464,6.223625
22.7300,0.460108,-0.248384,1.000000,0.244275,6.241918
22.7400,0.463061,-0.250720,1.000000,0.243516,6.253602
22.7500,0.465413,-0.251733,1.000000,0.243187,6.258666
22.7600,0.467152,-0.251428,1.000000,0.243286,6.257138
22.7700,0.468272,-0.249816,1.000000,0.243810,6.249080
22.7800,0.468769,-0.246917,1.000000,0.244752,6.234587
22.7900,0.468641,-0.242757,1.000000,0.246104,6.213786
22.8000,0.467890,-0.237367,1.000000,0.247856,6.186837
22.8100,0.466521,-0.230785,1.000000,0.249995,6.153925
22.8200,0.464543,-0.223052,1.000000,0.252508,6.115260
22.8300,0.461965,-0.214216,1.000000,0.255380,6.071078
22.8400,0.458802,-0.204326,1.000000,0.258594,6.021632
22.8500,0.455069,-0.193438,1.000000,0.262133,5.967190
22.8600,0.450784,-0.181608,1.000000,0.265978,5.908038
22.8700,0.445968,-0.168894,1.000000,0.270110,5.844468
22.8800,0.440644,-0.155356,1.000000,0.274509,5.776781
22.8900,0.434833,-0.141057,1.000000,0.279157,5.705284
22.9000,0.428563,-0.126057,1.000000,0.284032,5.630283
22.9100,0.421859,-0.110417,1.000000,0.289114,5.552086
22.9200,0.414747,-0.094199,1.000000,0.294385,5.470996
22.9300,0.407257,-0.077463,1.000000,0.299825,5.387314
22.9400,0.399415,-0.060266,1.000000,0.305414,5.301330
22.9500,0.391251,-0.042666,1.000000,0.311134,5.213329
22.9600,0.382792,-0.024717,1.000000,0.316967,5.123585
22.9700,0.374067,-0.006472,1.000000,0.322897,5.032361
22.9800,0.365103,0.012018,1.000000,0.328906,4.939910
22.9900,0.355927,0.030706,1.000000,0.334979,4.846471
23.0000,0.346566,0.049546,1.000000,0.341102,4.752271
23.0100,0.337046,0.068495,1.000000,0.347261,4.657523
23.0200,0.327391,0.087514,1.000000,0.353442,4.562428
23.0300,0.317625,0.106566,1.000000,0.359634,4.467172
23.0400,0.307772,0.125614,1.000000,0.365825,4.371930
23.0500,0.297852,0.144627,1.000000,0.372004,4.276863
23.0600,0.287886,0.163576,1.000000,0.378162,4.182118
23.0700,0.277894,0.182434,1.000000,0.384291,4.087831
23.0800,0.267894,0.201175,1.000000,0.390382,3.994126
23.0900,0.257903,0.219777,1.000000,0.396427,3.901117
23.1000,0.247937,0.238219,1.000000,0.402421,3.808903
23.1100,0.238011,0.256485,1.000000,0.408357,3.717577
23.1200,0.228138,0.274556,1.000000,0.414231,3.627219
23.1300,0.218331,0.292420,1.000000,0.420036,3.537902
23.1400,0.208601,0.310062,0.989938,0.422500,3.399377
23.1500,0.198960,0.327474,0.972526,0.422500,3.225265
23.1600,0.189413,0.344662,0.955338,0.422500,3.053383
23.1700,0.179968,0.361642,0.938358,0.422500,2.883579
23.1800,0.170628,0.378423,0.921577,0.422500,2.715769
23.1900,0.161394,0.395015,0.904985,0.422500,2.549852
23.2000,0.152268,0.411429,0.888571,0.422500,2.385712
23.2100,0.143249,0.427678,0.872322,0.422500,2.223220
23.2200,0.134336,0.443776,0.856224,0.422500,2.062236
23.2300,0.125526,0.459739,0.840261,0.422500,1.902609
23.2400,0.116815,0.475582,0.824418,0.422500,1.744178
23.2500,0.108200,0.491322,0.808678,0.422500,1.586776
23.2600,0.099674,0.506977,0.793023,0.422500,1.430227
23.2700,0.091232,0.522565,0.777435,0.422500,1.274351
23.2800,0.082868,0.538104,0.761896,0.422500,1.118961
23.2900,0.074574,0.553613,0.746387,0.422500,0.963865
23.3000,0.066343,0.569113,0.730887,0.422500,0.808870
23.3100,0.058167,0.584622,0.715378,0.422500,0.653778
23.3200,0.050039,0.600161,0.699839,0.422500,0.498388
23.3300,0.041948,0.615750,0.684250,0.422500,0.342499
23.3400,0.033887,0.631409,0.668591,0.422500,0.185909
23.3500,0.025846,0.647158,0.652842,0.422500,0.028416
23.3600,0.017816,0.663018,0.636982,0.422500,-0.130182
23.3700,0.009788,0.679009,0.620991,0.422500,-0.290085
23.3800,0.001752,0.695149,0.604851,0.422500,-0.451490
23.3900,-0.006301,0.711459,0.588541,0.422500,-0.614590
23.4000,-0.014380,0.727957,0.572043,0.422500,-0.779573
23.4100,-0.022496,0.744662,0.555338,0.422500,-0.946620
23.4200,-0.030657,0.761590,0.538410,0.422500,-1.115905
23.4300,-0.038873,0.778759,0.521241,0.422500,-1.287592
23.4400,-0.047151,0.796183,0.503817,0.422500,-1.461832
23.4500,-0.055502,0.813876,0.486124,0.422500,-1.638763
23.4600,-0.063931,0.831851,0.468149,0.422500,-1.818506
23.4700,-0.072448,0.850116,0.449884,0.422500,-2.001164
23.4800,-0.081058,0.868682,0.431318,0.422500,-2.186818
23.4900,-0.089769,0.887552,0.412448,0.422500,-2.375521
23.5000,-0.098585,0.906730,0.393270,0.422500,-2.567301
23.5100,-0.107510,0.926215,0.373785,0.422500,-2.762150
23.5200,-0.116549,0.946003,0.353997,0.422500,-2.960026
23.5300,-0.125702,0.966085,0.333915,0.422500,-3.160845
23.5400,-0.134970,0.986448,0.313552,0.422500,-3.364478
23.5500,-0.144353,1.000000,0.292925,0.420201,-3.535373
23.5600,-0.153846,1.000000,0.272059,0.413419,-3.639707
23.5700,-0.163444,1.000000,0.250993,0.406573,-3.745036
23.5800,-0.173139,1.000000,0.229782,0.399679,-3.851092
23.5900,-0.182918,1.000000,0.208457,0.392749,-3.957713
23.6000,-0.192771,1.000000,0.187057,0.385793,-4.064716
23.6100,-0.202683,1.000000,0.165618,0.378826,-4.171908
23.6200,-0.212641,1.000000,0.144185,0.371860,-4.279076
23.6300,-0.222628,1.000000,0.122801,0.364910,-4.385994
23.6400,-0.232628,1.000000,0.101516,0.357993,-4.492419
23.6500,-0.242622,1.000000,0.080381,0.351124,-4.598095
23.6600,-0.252588,1.000000,0.059450,0.344321,-4.702751
23.6700,-0.262507,1.000000,0.038780,0.337603,-4.806102
23.6800,-0.272355,1.000000,0.018429,0.330990,-4.907853
23.6900,-0.282108,1.000000,-0.001539,0.324500,-5.007697
23.7000,-0.291741,1.000000,-0.021064,0.318154,-5.105319
23.7100,-0.301228,1.000000,-0.040079,0.311974,-5.200396
23.7200,-0.310541,1.000000,-0.058520,0.305981,-5.292602
23.7300,-0.319652,1.000000,-0.076321,0.300196,-5.381607
23.7400,-0.328532,1.000000,-0.093416,0.294640,-5.467082
23.7500,-0.337152,1.000000,-0.109740,0.289334,-5.548702
23.7600,-0.345483,1.000000,-0.125230,0.284300,-5.626148
23.7700,-0.353493,1.000000,-0.139822,0.279558,-5.699108
23.7800,-0.361154,1.000000,-0.153457,0.275126,-5.767286
23.7900,-0.368437,1.000000,-0.166080,0.271024,-5.830399
23.8000,-0.375313,1.000000,-0.177636,0.267268,-5.888182
23.8100,-0.381754,1.000000,-0.188079,0.263874,-5.940394
23.8200,-0.387733,1.000000,-0.197363,0.260857,-5.986817
23.8300,-0.393226,1.000000,-0.205452,0.258228,-6.027258
23.8400,-0.398210,1.000000,-0.212311,0.255999,-6.061556
23.8500,-0.402662,1.000000,-0.217916,0.254177,-6.089578
23.8600,-0.406563,1.000000,-0.222245,0.252770,-6.111225
23.8700,-0.409897,1.000000,-0.225286,0.251782,-6.126431
23.8800,-0.412649,1.000000,-0.227033,0.251214,-6.135164
23.8900,-0.414807,1.000000,-0.227485,0.251067,-6.137425
23.9000,-0.416362,1.000000,-0.226650,0.251339,-6.133249
23.9100,-0.417308,1.000000,-0.224541,0.252024,-6.122705
23.9200,-0.417643,1.000000,-0.221178,0.253117,-6.105892
23.9300,-0.417365,1.000000,-0.216588,0.254609,-6.082940
23.9400,-0.416478,1.000000,-0.210802,0.256490,-6.054008
23.9500,-0.414987,1.000000,-0.203856,0.258747,-6.019278
23.9600,-0.412900,1.000000,-0.195791,0.261368,-5.978957
23.9700,-0.410229,1.000000,-0.186655,0.264337,-5.933275
23.9800,-0.406987,1.000000,-0.176495,0.267639,-5.882475
23.9900,-0.403189,1.000000,-0.165364,0.271257,-5.826818
24.0000,-0.398855,1.000000,-0.153315,0.275172,-5.766577
24.0100,-0.394002,1.000000,-0.140407,0.279368,-5.702033
24.0200,-0.388654,1.000000,-0.126695,0.283824,-5.633475
24.0300,-0.382833,1.000000,-0.112239,0.288522,-5.561194
24.0400,-0.376564,1.000000,-0.097097,0.293444,-5.485483
24.0500,-0.369871,1.000000,-0.081327,0.298569,-5.406635
24.0600,-0.362781,1.000000,-0.064988,0.303879,-5.324938
24.0700,-0.355320,1.000000,-0.048135,0.309356,-5.240676
24.0800,-0.347515,1.000000,-0.030825,0.314982,-5.154126
24.0900,-0.339394,1.000000,-0.013111,0.320739,-5.065557
24.1000,-0.330983,1.000000,0.004954,0.326610,-4.975229
24.1100,-0.322308,1.000000,0.023322,0.332580,-4.883391
24.1200,-0.313397,1.000000,0.041944,0.338632,-4.790280
24.1300,-0.304275,1.000000,0.060775,0.344752,-4.696123
24.1400,-0.294968,1.000000,0.079773,0.350926,-4.601133
24.1500,-0.285499,1.000000,0.098898,0.357142,-4.505511
24.1600,-0.275892,1.000000,0.118111,0.363386,-4.409446
24.1700,-0.266170,1.000000,0.137377,0.369648,-4.313114
24.1800,-0.256354,1.000000,0.156665,0.375916,-4.216677
24.1900,-0.246465,1.000000,0.175943,0.382181,-4.120286
24.2000,-0.236522,1.000000,0.195184,0.388435,-4.024080
24.2100,-0.226543,1.000000,0.214363,0.394668,-3.928184
24.2200,-0.216546,1.000000,0.233457,0.400874,-3.832714
24.2300,-0.206547,1.000000,0.252445,0.407045,-3.737774
24.2400,-0.196561,1.000000,0.271309,0.413175,-3.643456
24.2500,-0.186601,1.000000,0.290031,0.419260,-3.549846
24.2600,-0.176680,0.991403,0.308597,0.422500,-3.414030
24.2700,-0.166810,0.973006,0.326994,0.422500,-3.230057
24.2800,-0.157001,0.954779,0.345221,0.422500,-3.047786
24.2900,-0.147260,0.936711,0.363289,0.422500,-2.867112
24.3000,-0.137592,0.918797,0.381203,0.422500,-2.687970
24.3100,-0.128001,0.901028,0.398972,0.422500,-2.510279
24.3200,-0.118490,0.883394,0.416606,0.422500,-2.333937
24.3300,-0.109059,0.865883,0.434117,0.422500,-2.158828
24.3400,-0.099709,0.848482,0.451518,0.422500,-1.984823
24.3500,-0.090437,0.831178,0.468822,0.422500,-1.811781
24.3600,-0.081241,0.813955,0.486045,0.422500,-1.639549
24.3700,-0.072119,0.796797,0.503203,0.422500,-1.467967
24.3800,-0.063064,0.779687,0.520313,0.422500,-1.296868
24.3900,-0.054073,0.762607,0.537393,0.422500,-1.126075
24.4000,-0.045139,0.745541,0.554459,0.422500,-0.955410
24.4100,-0.036257,0.728469,0.571531,0.422500,-0.784688
24.4200,-0.027418,0.711372,0.588628,0.422500,-0.613723
24.4300,-0.018617,0.694233,0.605767,0.422500,-0.442326
24.4400,-0.009845,0.677031,0.622969,0.422500,-0.270309
24.4500,-0.001094,0.659748,0.640252,0.422500,-0.097483
24.4600,0.007643,0.642366,0.657634,0.422500,0.076338
24.4700,0.016376,0.624866,0.675134,0.422500,0.251338
24.4800,0.025112,0.607230,0.692770,0.422500,0.427695
24.4900,0.033861,0.589442,0.710558,0.422500,0.605583
24.5000,0.042630,0.571484,0.728516,0.422500,0.785165
24.5100,0.051429,0.553340,0.746660,0.422500,0.966596
24.5200,0.060264,0.534998,0.765002,0.422500,1.150021
24.5300,0.069144,0.516443,0.783557,0.422500,1.335567
24.5400,0.078077,0.497665,0.802335,0.422500,1.523350
24.5500,0.087068,0.478654,0.821346,0.422500,1.713462
24.5600,0.096126,0.459402,0.840598,0.422500,1.905977
24.5700,0.105254,0.439906,0.860094,0.422500,2.100941
24.5800,0.114459,0.420162,0.879838,0.422500,2.298375
24.5900,0.123744,0.400173,0.899827,0.422500,2.498266
24.6000,0.133112,0.379943,0.920057,0.422500,2.700566
24.6100,0.142564,0.359481,0.940519,0.422500,2.905188
24.6200,0.152101,0.338800,0.961200,0.422500,3.112001
24.6300,0.161721,0.317917,0.982083,0.422500,3.320827
24.6400,0.171422,0.296856,1.000000,0.421478,3.515718
24.6500,0.181198,0.275646,1.000000,0.414585,3.621771
24.6600,0.191041,0.254323,1.000000,0.407655,3.728384
24.6700,0.200942,0.232943,1.000000,0.400707,3.835283
24.6800,0.210889,0.211542,1.000000,0.393751,3.942291
24.6900,0.220868,0.190157,1.000000,0.386801,4.049215
24.7000,0.230865,0.168830,1.000000,0.379870,4.155848
24.7100,0.240863,0.147606,1.000000,0.372972,4.261969
24.7200,0.250848,0.126531,1.000000,0.366123,4.367343
24.7300,0.260799,0.105656,1.000000,0.359338,4.471720
24.7400,0.270697,0.085032,1.000000,0.352635,4.574841
24.7500,0.280522,0.064714,1.000000,0.346032,4.676431
24.7600,0.290252,0.044758,1.000000,0.339546,4.776210
24.7700,0.299862,0.025223,1.000000,0.333198,4.873884
24.7800,0.309330,0.006169,1.000000,0.327005,4.969155
24.7900,0.318631,-0.012344,1.000000,0.320988,5.061720
24.8000,0.327736,-0.030254,1.000000,0.315167,5.151271
24.8100,0.336622,-0.047500,1.000000,0.309563,5.237500
24.8200,0.345259,-0.064020,1.000000,0.304193,5.320101
24.8300,0.353620,-0.079754,1.000000,0.299080,5.398772
24.8400,0.361678,-0.094644,1.000000,0.294241,5.473219
24.8500,0.369405,-0.108631,1.000000,0.289695,5.543156
24.8600,0.376773,-0.121662,1.000000,0.285460,5.608312
24.8700,0.383755,-0.133686,1.000000,0.281552,5.668429
24.8800,0.390324,-0.144654,1.000000,0.277987,5.723270
24.8900,0.396456,-0.154524,1.000000,0.274780,5.772618
24.9000,0.402127,-0.163255,1.000000,0.271942,5.816277
24.9100,0.407312,-0.170816,1.000000,0.269485,5.854080
24.9200,0.411992,-0.177177,1.000000,0.267417,5.885886
24.9300,0.416146,-0.182316,1.000000,0.265747,5.911581
24.9400,0.419758,-0.186217,1.000000,0.264480,5.931084
24.9500,0.422813,-0.188869,1.000000,0.263618,5.944343
24.9600,0.425299,-0.190268,1.000000,0.263163,5.951338
24.9700,0.427204,-0.190416,1.000000,0.263115,5.952080
24.9800,0.428522,-0.189322,1.000000,0.263470,5.946611
24.9900,0.429248,-0.187001,1.000000,0.264225,5.935004
25.0000,0.429380,-0.183472,1.000000,0.265372,5.917358
25.0100,0.428919,-0.178760,1.000000,0.266903,5.893802
25.0200,0.427868,-0.172898,1.000000,0.268808,5.864490
25.0300,0.426233,-0.165919,1.000000,0.271076,5.829597
25.0400,0.424022,-0.157864,1.000000,0.273694,5.789321
25.0500,0.421247,-0.148776,1.000000,0.276648,5.743879
25.0600,0.417921,-0.138701,1.000000,0.279922,5.693503
25.0700,0.414059,-0.127688,1.000000,0.283502,5.638438
25.0800,0.409678,-0.115788,1.000000,0.287369,5.578941
25.0900,0.404798,-0.103055,1.000000,0.291507,5.515275
25.1000,0.399438,-0.089542,1.000000,0.295899,5.447712
25.1100,0.393622,-0.075305,1.000000,0.300526,5.376523
25.1200,0.387370,-0.060397,1.000000,0.305371,5.301983
25.1300,0.380709,-0.044873,1.000000,0.310416,5.224365
25.1400,0.373662,-0.028788,1.000000,0.315644,5.143939
25.1500,0.366254,-0.012194,1.000000,0.321037,5.060969
25.1600,0.358510,0.004857,1.000000,0.326578,4.975716
25.1700,0.350456,0.022314,1.000000,0.332252,4.888430
25.1800,0.342117,0.040129,1.000000,0.338042,4.799353
25.1900,0.333518,0.058256,1.000000,0.343933,4.708718
25.2000,0.324685,0.076650,1.000000,0.349911,4.616748
25.2100,0.315641,0.095269,1.000000,0.355963,4.523654
25.2200,0.306409,0.114073,1.000000,0.362074,4.429635
25.2300,0.297013,0.133024,1.000000,0.368233,4.334881
25.2400,0.287475,0.152087,1.000000,0.374428,4.239567
25.2500,0.277815,0.171229,1.000000,0.380649,4.143857
25.2600,0.268054,0.190419,1.000000,0.386886,4.047905
25.2700,0.258212,0.209630,1.000000,0.393130,3.951851
25.2800,0.248306,0.228835,1.000000,0.399371,3.855824
25.2900,0.238354,0.248011,1.000000,0.405604,3.759943
25.3000,0.228372,0.267137,1.000000,0.411820,3.664315
25.3100,0.218374,0.286193,1.000000,0.418013,3.569036
25.3200,0.208375,0.305161,0.994839,0.422500,3.448390
25.3300,0.198388,0.324026,0.975974,0.422500,3.259736
25.3400,0.188424,0.342778,0.957222,0.422500,3.072220
25.3500,0.178494,0.361417,0.938583,0.422500,2.885829
25.3600,0.168603,0.379946,0.920054,0.422500,2.700535
25.3700,0.158760,0.398371,0.901629,0.422500,2.516288
25.3800,0.148968,0.416698,0.883302,0.422500,2.333017
25.3900,0.139230,0.434936,0.865064,0.422500,2.150636
25.4000,0.129548,0.453096,0.846904,0.422500,1.969041
25.4100,0.119922,0.471188,0.828812,0.422500,1.788117
25.4200,0.110351,0.489226,0.810774,0.422500,1.607736
25.4300,0.100834,0.507224,0.792776,0.422500,1.427760
25.4400,0.091366,0.525196,0.774804,0.422500,1.248043
25.4500,0.081946,0.543157,0.756843,0.422500,1.068434
25.4600,0.072569,0.561123,0.738877,0.422500,0.888775
25.4700,0.063229,0.579110,0.720890,0.422500,0.708904
25.4800,0.053921,0.597134,0.702866,0.422500,0.528659
25.4900,0.044640,0.615212,0.684788,0.422500,0.347875
25.5000,0.035378,0.633361,0.666639,0.422500,0.166390
25.5100,0.026130,0.651596,0.648404,0.422500,-0.015958
25.5200,0.016887,0.669932,0.630068,0.422500,-0.199324
25.5300,0.007644,0.688386,0.611614,0.422500,-0.383859
25.5400,-0.001606,0.706971,0.593029,0.422500,-0.569707
25.5500,-0.010871,0.725700,0.574300,0.422500,-0.757001
25.5600,-0.020157,0.744586,0.555414,0.422500,-0.945862
25.5700,-0.029471,0.763640,0.536360,0.422500,-1.136398
25.5800,-0.038819,0.782870,0.517130,0.422500,-1.328702
25.5900,-0.048207,0.802284,0.497716,0.422500,-1.522844
25.6000,-0.057640,0.821888,0.478112,0.422500,-1.718876
25.6100,-0.067122,0.841682,0.458318,0.422500,-1.916823
25.6200,-0.076657,0.861668,0.438332,0.422500,-2.116683
25.6300,-0.086249,0.881842,0.418158,0.422500,-2.318422
25.6400,-0.095898,0.902197,0.397803,0.422500,-2.521973
25.6500,-0.105605,0.922723,0.377277,0.422500,-2.727230
25.6600,-0.115370,0.943404,0.356596,0.422500,-2.934042
25.6700,-0.125190,0.964222,0.335778,0.422500,-3.142218
25.6800,-0.135062,0.985151,0.314849,0.422500,-3.351513
25.6900,-0.144978,1.000000,0.293837,0.420497,-3.530816
25.7000,-0.154932,1.000000,0.272777,0.413653,-3.636113
25.7100,-0.164914,1.000000,0.251714,0.406807,-3.741430
25.7200,-0.174911,1.000000,0.230692,0.399975,-3.846541
25.7300,-0.184910,1.000000,0.209749,0.393168,-3.951255
25.7400,-0.194897,1.000000,0.188927,0.386401,-4.055367
25.7500,-0.204855,1.000000,0.168268,0.379687,-4.158659
25.7600,-0.214768,1.000000,0.147820,0.373041,-4.260901
25.7700,-0.224618,1.000000,0.127629,0.366480,-4.361853
25.7800,-0.234386,1.000000,0.107747,0.360018,-4.461264
25.7900,-0.244050,1.000000,0.088225,0.353673,-4.558873
25.8000,-0.253591,1.000000,0.069118,0.347463,-4.654411
25.8100,-0.262985,1.000000,0.050479,0.341406,-4.747603
25.8200,-0.272209,1.000000,0.032366,0.335519,-4.838168
25.8300,-0.281240,1.000000,0.014835,0.329821,-4.925824
25.8400,-0.290053,1.000000,-0.002057,0.324331,-5.010286
25.8500,-0.298622,1.000000,-0.018254,0.319067,-5.091271
25.8600,-0.306922,1.000000,-0.033700,0.314048,-5.168500
25.8700,-0.314927,1.000000,-0.048340,0.309290,-5.241698
25.8800,-0.322612,1.000000,-0.062120,0.304811,-5.310602
25.8900,-0.329952,1.000000,-0.074991,0.300628,-5.374957
25.9000,-0.336921,1.000000,-0.086904,0.296756,-5.434522
25.9100,-0.343494,1.000000,-0.097815,0.293210,-5.489073
25.9200,-0.349648,1.000000,-0.107681,0.290004,-5.538403
25.9300,-0.355360,1.000000,-0.116465,0.287149,-5.582327
25.9400,-0.360610,1.000000,-0.124136,0.284656,-5.620680
25.9500,-0.365376,1.000000,-0.130665,0.282534,-5.653324
25.9600,-0.369641,1.000000,-0.136029,0.280791,-5.680145
25.9700,-0.373388,1.000000,-0.140211,0.279431,-5.701056
25.9800,-0.376603,1.000000,-0.143200,0.278460,-5.715998
25.9900,-0.379272,1.000000,-0.144988,0.277879,-5.724939
26.0000,-0.381387,1.000000,-0.145576,0.277688,-5.727878
26.0100,-0.382940,1.000000,-0.144968,0.277885,-5.724839
26.0200,-0.383924,1.000000,-0.143175,0.278468,-5.715875
26.0300,-0.384337,1.000000,-0.140213,0.279431,-5.701064
26.0400,-0.384179,1.000000,-0.136103,0.280767,-5.680513
26.0500,-0.383451,1.000000,-0.130870,0.282467,-5.654348
26.0600,-0.382158,1.000000,-0.124544,0.284523,-5.622720
26.0700,-0.380307,1.000000,-0.117160,0.286923,-5.585800
26.0800,-0.377906,1.000000,-0.108755,0.289655,-5.543775
26.0900,-0.374968,1.000000,-0.099370,0.292705,-5.496851
26.1000,-0.371504,1.000000,-0.089049,0.296059,-5.445245
26.1100,-0.367530,1.000000,-0.077837,0.299703,-5.389185
26.1200,-0.363062,1.000000,-0.065782,0.303621,-5.328909
26.1300,-0.358119,1.000000,-0.052932,0.307797,-5.264661
26.1400,-0.352720,1.000000,-0.039338,0.312215,-5.196689
26.1500,-0.346886,1.000000,-0.025049,0.316859,-5.125244
26.1600,-0.340637,1.000000,-0.010115,0.321713,-5.050576
26.1700,-0.333997,1.000000,0.005413,0.326759,-4.972936
26.1800,-0.326988,1.000000,0.021486,0.331983,-4.892568
26.1900,-0.319633,1.000000,0.038057,0.337369,-4.809714
26.2000,-0.311955,1.000000,0.055078,0.342900,-4.724609
26.2100,-0.303979,1.000000,0.072504,0.348564,-4.637482
26.2200,-0.295726,1.000000,0.090290,0.354344,-4.548551
26.2300,-0.287220,1.000000,0.108394,0.360228,-4.458029
26.2400,-0.278484,1.000000,0.126777,0.366202,-4.366116
26.2500,-0.269540,1.000000,0.145399,0.372255,-4.273003
26.2600,-0.260409,1.000000,0.164226,0.378373,-4.178870
26.2700,-0.251113,1.000000,0.183222,0.384547,-4.083888
26.2800,-0.241670,1.000000,0.202357,0.390766,-3.988216
26.2900,-0.232101,1.000000,0.221600,0.397020,-3.892001
26.3000,-0.222424,1.000000,0.240924,0.403300,-3.795380
26.3100,-0.212656,1.000000,0.260304,0.409599,-3.698481
26.3200,-0.202814,1.000000,0.279717,0.415908,-3.601417
26.3300,-0.192913,1.000000,0.299141,0.422221,-3.504296
26.3400,-0.182968,0.981443,0.318557,0.422500,-3.314425
26.3500,-0.172992,0.962050,0.337950,0.422500,-3.120505
26.3600,-0.162999,0.942702,0.357298,0.422500,-2.927024
26.3700,-0.152999,0.923402,0.376598,0.422500,-2.734019
26.3800,-0.143002,0.904149,0.395851,0.422500,-2.541493
26.3900,-0.133015,0.884943,0.415057,0.422500,-2.349428
26.4000,-0.123044,0.865779,0.434221,0.422500,-2.157786
26.4100,-0.113094,0.846651,0.453349,0.422500,-1.966511
26.4200,-0.103168,0.827553,0.472447,0.422500,-1.775532
26.4300,-0.093268,0.808476,0.491524,0.422500,-1.584765
26.4400,-0.083394,0.789411,0.510589,0.422500,-1.394113
26.4500,-0.073546,0.770347,0.529653,0.422500,-1.203474
26.4600,-0.063724,0.751273,0.548727,0.422500,-1.012735
26.4700,-0.053925,0.732178,0.567822,0.422500,-0.821781
26.4800,-0.044147,0.713049,0.586951,0.422500,-0.630493
26.4900,-0.034386,0.693875,0.606125,0.422500,-0.438751
26.5000,-0.024639,0.674644,0.625356,0.422500,-0.246436
26.5100,-0.014902,0.655343,0.644657,0.422500,-0.053432
26.5200,-0.005171,0.635963,0.664037,0.422500,0.140371
26.5300,0.004559,0.616492,0.683508,0.422500,0.335077
26.5400,0.014293,0.596922,0.703078,0.422500,0.530781
26.5500,0.024034,0.577244,0.722756,0.422500,0.727564
26.5600,0.033786,0.557450,0.742550,0.422500,0.925496
26.5700,0.043555,0.537537,0.762463,0.422500,1.124628
26.5800,0.053343,0.517501,0.782499,0.422500,1.324993
26.5900,0.063153,0.497340,0.802660,0.422500,1.526600
26.6000,0.072989,0.477056,0.822944,0.422500,1.729436
26.6100,0.082850,0.456654,0.843346,0.422500,1.933457
26.6200,0.092739,0.436141,0.863859,0.422500,2.138590
26.6300,0.102655,0.415527,0.884473,0.422500,2.344728
26.6400,0.112596,0.394828,0.905172,0.422500,2.551725
26.6500,0.122560,0.374060,0.925940,0.422500,2.759395
26.6600,0.132542,0.353249,0.946751,0.422500,2.967511
26.6700,0.142537,0.332420,0.967580,0.422500,3.175798
26.6800,0.152537,0.311607,0.988393,0.422500,3.383932
26.6900,0.162533,0.290846,1.000000,0.419525,3.545770
26.7000,0.172513,0.270181,1.000000,0.412809,3.649097
26.7100,0.182464,0.249653,1.000000,0.406137,3.751736
26.7200,0.192373,0.229300,1.000000,0.399522,3.853501
26.7300,0.202224,0.209162,1.000000,0.392978,3.954190
26.7400,0.212001,0.189283,1.000000,0.386517,4.053587
26.7500,0.221688,0.169706,1.000000,0.380154,4.151471
26.7600,0.231267,0.150478,1.000000,0.373905,4.247609
26.7700,0.240718,0.131648,1.000000,0.367786,4.341761
26.7800,0.250021,0.113263,1.000000,0.361811,4.433683
26.7900,0.259157,0.095375,1.000000,0.355997,4.523124
26.8000,0.268103,0.078034,1.000000,0.350361,4.609830
26.8100,0.276839,0.061291,1.000000,0.344919,4.693546
26.8200,0.285340,0.045196,1.000000,0.339689,4.774018
26.8300,0.293586,0.029802,1.000000,0.334686,4.850991
26.8400,0.301552,0.015156,1.000000,0.329926,4.924219
26.8500,0.309215,0.001308,1.000000,0.325425,4.993458
26.8600,0.316553,-0.011695,1.000000,0.321199,5.058476
26.8700,0.323543,-0.023810,1.000000,0.317262,5.119049
26.8800,0.330162,-0.034993,1.000000,0.313627,5.174967
26.8900,0.336389,-0.045207,1.000000,0.310308,5.226035
26.9000,0.342203,-0.054415,1.000000,0.307315,5.272074
26.9100,0.347583,-0.062585,1.000000,0.304660,5.312925
26.9200,0.352513,-0.069690,1.000000,0.302351,5.348448
26.9300,0.356973,-0.075705,1.000000,0.300396,5.378525
26.9400,0.360948,-0.080612,1.000000,0.298801,5.403060
26.9500,0.364425,-0.084396,1.000000,0.297571,5.421982
26.9600,0.367390,-0.087049,1.000000,0.296709,5.435245
26.9700,0.369833,-0.088565,1.000000,0.296216,5.442824
26.9800,0.371745,-0.088945,1.000000,0.296093,5.444724
26.9900,0.373121,-0.088194,1.000000,0.296337,5.440969
27.0000,0.373956,-0.086322,1.000000,0.296945,5.431612
27.0100,0.374247,-0.083345,1.000000,0.297913,5.416726
27.0200,0.373996,-0.079281,1.000000,0.299234,5.396405
27.0300,0.373203,-0.074154,1.000000,0.300900,5.370768
27.0400,0.371874,-0.067990,1.000000,0.302903,5.339949
27.0500,0.370015,-0.060820,1.000000,0.305233,5.304102
27.0600,0.367634,-0.052679,1.000000,0.307879,5.263395
27.0700,0.364742,-0.043602,1.000000,0.310829,5.218010
27.0800,0.361350,-0.033629,1.000000,0.314071,5.168144
27.0900,0.357472,-0.022800,1.000000,0.317590,5.113999
27.1000,0.353123,-0.011157,1.000000,0.321374,5.055787
27.1100,0.348319,0.001254,1.000000,0.325408,4.993728
27.1200,0.343078,0.014392,1.000000,0.329677,4.928042
27.1300,0.337419,0.028209,1.000000,0.334168,4.858955
27.1400,0.331361,0.042662,1.000000,0.338865,4.786690
27.1500,0.324923,0.057706,1.000000,0.343754,4.711471
27.1600,0.318126,0.073296,1.000000,0.348821,4.633520
27.1700,0.310991,0.089390,1.000000,0.354052,4.553052
27.1800,0.303540,0.105944,1.000000,0.359432,4.470282
27.1900,0.295793,0.122917,1.000000,0.364948,4.385413
27.2000,0.287771,0.140271,1.000000,0.370588,4.298645
27.2100,0.279495,0.157966,1.000000,0.376339,4.210170
27.2200,0.270985,0.175966,1.000000,0.382189,4.120169
27.2300,0.262262,0.194236,1.000000,0.388127,4.028818
27.2400,0.253344,0.212744,1.000000,0.394142,3.936280
27.2500,0.244252,0.231458,1.000000,0.400224,3.842711
27.2600,0.235003,0.250349,1.000000,0.406363,3.748257
27.2700,0.225615,0.269390,1.000000,0.412552,3.653052
27.2800,0.216104,0.288555,1.000000,0.418780,3.557225
27.2900,0.206487,0.307822,0.992178,0.422500,3.421779
27.3000,0.196778,0.327169,0.972831,0.422500,3.228309
27.3100,0.186993,0.346567,0.953433,0.422500,3.034330
27.3200,0.177147,0.365989,0.934011,0.422500,2.840111
27.3300,0.167252,0.385427,0.914573,0.422500,2.645733
27.3400,0.157320,0.404875,0.895125,0.422500,2.451252
27.3500,0.147361,0.424330,0.875670,0.422500,2.256701
27.3600,0.137383,0.443791,0.856209,0.422500,2.062092
27.3700,0.127392,0.463258,0.836742,0.422500,1.867419
27.3800,0.117395,0.482734,0.817266,0.422500,1.672661
27.3900,0.107395,0.502222,0.797778,0.422500,1.477785
27.4000,0.097395,0.521725,0.778275,0.422500,1.282745
27.4100,0.087399,0.541251,0.758749,0.422500,1.087489
27.4200,0.077407,0.560804,0.739196,0.422500,0.891959
27.4300,0.067421,0.580391,0.719609,0.422500,0.696091
27.4400,0.057439,0.600018,0.699982,0.422500,0.499822
27.4500,0.047461,0.619691,0.680309,0.422500,0.303089
27.4600,0.037487,0.639417,0.660583,0.422500,0.105832
27.4700,0.027515,0.659200,0.640800,0.422500,-0.092004
27.4800,0.017545,0.679047,0.620953,0.422500,-0.290465
27.4900,0.007573,0.698959,0.601041,0.422500,-0.489589
27.5000,-0.002401,0.718940,0.581060,0.422500,-0.689399
27.5100,-0.012378,0.738990,0.561010,0.422500,-0.889905
27.5200,-0.022360,0.759110,0.540890,0.422500,-1.091097
27.5300,-0.032346,0.779295,0.520705,0.422500,-1.292946
27.5400,-0.042338,0.799540,0.500460,0.422500,-1.495401
27.5500,-0.052334,0.819838,0.480162,0.422500,-1.698384
27.5600,-0.062333,0.840179,0.459821,0.422500,-1.901789
27.5700,-0.072333,0.860548,0.439452,0.422500,-2.105480
27.5800,-0.082331,0.880929,0.419071,0.422500,-2.309286
27.5900,-0.092321,0.901300,0.398700,0.422500,-2.513000
27.6000,-0.102298,0.921638,0.378362,0.422500,-2.716379
27.6100,-0.112256,0.941914,0.358086,0.422500,-2.919137
27.6200,-0.122184,0.962095,0.337905,0.422500,-3.120948
27.6300,-0.132074,0.982144,0.317856,0.422500,-3.321442
27.6400,-0.141913,1.000000,0.297979,0.421843,-3.510103
27.6500,-0.151686,1.000000,0.278322,0.415455,-3.608390
27.6600,-0.161380,1.000000,0.258930,0.409152,-3.705348
27.6700,-0.170978,1.000000,0.239828,0.402944,-3.800861
27.6800,-0.180467,1.000000,0.221054,0.396843,-3.894729
27.6900,-0.189828,1.000000,0.202651,0.390862,-3.986743
27.7000,-0.199045,1.000000,0.184662,0.385015,-4.076689
27.7100,-0.208100,1.000000,0.167130,0.379317,-4.164348
27.7200,-0.216975,1.000000,0.150100,0.373783,-4.249499
27.7300,-0.225650,1.000000,0.133617,0.368426,-4.331915
27.7400,-0.234106,1.000000,0.117726,0.363261,-4.411372
27.7500,-0.242323,1.000000,0.102471,0.358303,-4.487646
27.7600,-0.250281,1.000000,0.087897,0.353567,-4.560514
27.7700,-0.257959,1.000000,0.074048,0.349066,-4.629758
27.7800,-0.265337,1.000000,0.060966,0.344814,-4.695168
27.7900,-0.272395,1.000000,0.048692,0.340825,-4.756538
27.8000,-0.279112,1.000000,0.037265,0.337111,-4.813676
27.8100,-0.285470,1.000000,0.026721,0.333684,-4.866396
27.8200,-0.291448,1.000000,0.017094,0.330556,-4.914531
27.8300,-0.297030,1.000000,0.008415,0.327735,-4.957923
27.8400,-0.302197,1.000000,0.000713,0.325232,-4.996435
27.8500,-0.306934,1.000000,-0.005989,0.323054,-5.029943
27.8600,-0.311225,1.000000,-0.011669,0.321208,-5.058346
27.8700,-0.315057,1.000000,-0.016312,0.319699,-5.081558
27.8800,-0.318416,1.000000,-0.019903,0.318531,-5.099516
27.8900,-0.321293,1.000000,-0.022436,0.317708,-5.112178
27.9000,-0.323678,1.000000,-0.023904,0.317231,-5.119522
27.9100,-0.325563,1.000000,-0.024309,0.317099,-5.121547
27.9200,-0.326943,1.000000,-0.023655,0.317312,-5.118273
27.9300,-0.327815,1.000000,-0.021948,0.317867,-5.109742
27.9400,-0.328176,1.000000,-0.019203,0.318759,-5.096015
27.9500,-0.328026,1.000000,-0.015434,0.319984,-5.077169
27.9600,-0.327366,1.000000,-0.010661,0.321535,-5.053305
27.9700,-0.326202,1.000000,-0.004907,0.323405,-5.024535
27.9800,-0.324537,1.000000,0.001802,0.325586,-4.990989
27.9900,-0.322379,1.000000,0.009438,0.328067,-4.952810
28.0000,-0.319736,1.000000,0.017969,0.330840,-4.910156
28.0100,-0.316619,1.000000,0.027362,0.333893,-4.863191
28.0200,-0.313040,1.000000,0.037581,0.337214,-4.812093
28.0300,-0.309011,1.000000,0.048592,0.340792,-4.757042
28.0400,-0.304546,1.000000,0.060354,0.344615,-4.698230
28.0500,-0.299661,1.000000,0.072830,0.348670,-4.635848
28.0600,-0.294371,1.000000,0.085982,0.352944,-4.570091
28.0700,-0.288694,1.000000,0.099769,0.357425,-4.501157
28.0800,-0.282647,1.000000,0.114152,0.362099,-4.429242
28.0900,-0.276247,1.000000,0.129092,0.366955,-4.354541
28.1000,-0.269514,1.000000,0.144551,0.371979,-4.277246
28.1100,-0.262465,1.000000,0.160491,0.377160,-4.197545
28.1200,-0.255119,1.000000,0.176876,0.382485,-4.115622
28.1300,-0.247495,1.000000,0.193669,0.387942,-4.031656
28.1400,-0.239611,1.000000,0.210836,0.393522,-3.945818
28.1500,-0.231486,1.000000,0.228345,0.399212,-3.858274
28.1600,-0.223137,1.000000,0.246164,0.405003,-3.769181
28.1700,-0.214582,1.000000,0.264262,0.410885,-3.678690
28.1800,-0.205837,1.000000,0.282612,0.416849,-3.586942
28.1900,-0.196921,0.998814,0.301186,0.422500,-3.488145
28.2000,-0.187847,0.980041,0.319959,0.422500,-3.300411
28.2100,-0.178633,0.961094,0.338906,0.422500,-3.110944
28.2200,-0.169295,0.942034,0.357966,0.422500,-2.920339
28.2300,-0.159851,0.922876,0.377124,0.422500,-2.728763
28.2400,-0.150315,0.903636,0.396364,0.422500,-2.536358
28.2500,-0.140700,0.884324,0.415676,0.422500,-2.343238
28.2600,-0.131018,0.864950,0.435050,0.422500,-2.149498
28.2700,-0.121281,0.845521,0.454479,0.422500,-1.955211
28.2800,-0.111497,0.826043,0.473957,0.422500,-1.760435
28.2900,-0.101674,0.806521,0.493479,0.422500,-1.565212
28.3000,-0.091820,0.786957,0.513043,0.422500,-1.369571
28.3100,-0.081940,0.767353,0.532647,0.422500,-1.173533
28.3200,-0.072040,0.747711,0.552289,0.422500,-0.977112
28.3300,-0.062124,0.728031,0.571969,0.422500,-0.780315
28.3400,-0.052197,0.708315,0.591685,0.422500,-0.583147
28.3500,-0.042260,0.688562,0.611438,0.422500,-0.385616
28.3600,-0.032316,0.668773,0.631227,0.422500,-0.187728
28.3700,-0.022369,0.648950,0.651050,0.422500,0.010504
28.3800,-0.012420,0.629094,0.670906,0.422500,0.209059
28.3900,-0.002470,0.609209,0.690791,0.422500,0.407909
28.4000,0.007477,0.589299,0.710701,0.422500,0.607011
28.4100,0.017419,0.569369,0.730631,0.422500,0.806310
28.4200,0.027356,0.549427,0.750573,0.422500,1.005733
28.4300,0.037282,0.529481,0.770519,0.422500,1.205189
28.4400,0.047196,0.509544,0.790456,0.422500,1.404564
28.4500,0.057094,0.489628,0.810372,0.422500,1.603720
28.4600,0.066970,0.469750,0.830250,0.422500,1.802496
28.4700,0.076820,0.449930,0.850070,0.422500,2.000700
28.4800,0.086638,0.430189,0.869811,0.422500,2.198111
28.4900,0.096415,0.410552,0.889448,0.422500,2.394479
28.5000,0.106144,0.391048,0.908952,0.422500,2.589517
28.5100,0.115815,0.371709,0.928291,0.422500,2.782907
28.5200,0.125417,0.352570,0.947430,0.422500,2.974298
28.5300,0.134937,0.333670,0.966330,0.422500,3.163301
28.5400,0.144362,0.315050,0.984950,0.422500,3.349495
28.5500,0.153676,0.296757,1.000000,0.421446,3.516214
28.5600,0.162864,0.278839,1.000000,0.415623,3.605806
28.5700,0.171907,0.261338,1.000000,0.409935,3.693309
28.5800,0.180790,0.244266,1.000000,0.404386,3.778671
28.5900,0.189497,0.227659,1.000000,0.398989,3.861703
28.6000,0.198013,0.211558,1.000000,0.393756,3.942210
28.6100,0.206320,0.196000,1.000000,0.388700,4.019999
28.6200,0.214401,0.181025,1.000000,0.383833,4.094874
28.6300,0.222238,0.166671,1.000000,0.379168,4.166644
28.6400,0.229815,0.152977,1.000000,0.374717,4.235117
28.6500,0.237114,0.139978,1.000000,0.370493,4.300108
28.6600,0.244116,0.127713,1.000000,0.366507,4.361437
28.6700,0.250805,0.116214,1.000000,0.362770,4.418930
28.6800,0.257164,0.105515,1.000000,0.359293,4.472423
28.6900,0.263175,0.095648,1.000000,0.356086,4.521760
28.7000,0.268824,0.086641,1.000000,0.353158,4.566797
28.7100,0.274093,0.078519,1.000000,0.350519,4.607404
28.7200,0.278969,0.071307,1.000000,0.348175,4.643463
28.7300,0.283438,0.065026,1.000000,0.346133,4.674871
28.7400,0.287486,0.059692,1.000000,0.344400,4.701540
28.7500,0.291103,0.055320,1.000000,0.342979,4.723399
28.7600,0.294278,0.051921,1.000000,0.341874,4.740394
28.7700,0.297001,0.049502,1.000000,0.341088,4.752489
28.7800,0.299265,0.048067,1.000000,0.340622,4.759664
28.7900,0.301065,0.047617,1.000000,0.340475,4.761917
28.8000,0.302394,0.048147,1.000000,0.340648,4.759264
28.8100,0.303249,0.049652,1.000000,0.341137,4.751738
28.8200,0.303630,0.052122,1.000000,0.341940,4.739388
28.8300,0.303536,0.055544,1.000000,0.343052,4.722279
28.8400,0.302968,0.059902,1.000000,0.344468,4.700492
28.8500,0.301929,0.065176,1.000000,0.346182,4.674121
28.8600,0.300424,0.071345,1.000000,0.348187,4.643274
28.8700,0.298459,0.078386,1.000000,0.350475,4.608071
28.8800,0.296041,0.086272,1.000000,0.353038,4.568642
28.8900,0.293179,0.094975,1.000000,0.355867,4.525126
28.9000,0.289882,0.104466,1.000000,0.358951,4.477672
28.9100,0.286161,0.114713,1.000000,0.362282,4.426434
28.9200,0.282028,0.125686,1.000000,0.365848,4.371572
28.9300,0.277497,0.137350,1.000000,0.369639,4.313250
28.9400,0.272580,0.149673,1.000000,0.373644,4.251635
28.9500,0.267293,0.162621,1.000000,0.377852,4.186897
28.9600,0.261649,0.176159,1.000000,0.382252,4.119204
28.9700,0.255665,0.190255,1.000000,0.386833,4.048724
28.9800,0.249356,0.204875,1.000000,0.391584,3.975625
28.9900,0.242738,0.219986,1.000000,0.396495,3.900071
29.0000,0.235827,0.235555,1.000000,0.401555,3.822224
29.0100,0.228640,0.251552,1.000000,0.406754,3.742240
29.0200,0.221193,0.267946,1.000000,0.412082,3.660271
29.0300,0.213501,0.284707,1.000000,0.417530,3.576465
29.0400,0.205580,0.301808,0.998192,0.422500,3.481924
29.0500,0.197446,0.319220,0.980780,0.422500,3.307797
29.0600,0.189114,0.336914,0.963086,0.422500,3.130864
29.0700,0.180604,0.354814,0.945186,0.422500,2.951862
29.0800,0.171934,0.372897,0.927103,0.422500,2.771033
29.0900,0.163121,0.391141,0.908859,0.422500,2.588592
29.1000,0.154180,0.409527,0.890473,0.422500,2.404730
29.1100,0.145126,0.428038,0.871962,0.422500,2.219616
29.1200,0.135973,0.446660,0.853340,0.422500,2.033400
29.1300,0.126732,0.465378,0.834622,0.422500,1.846215
29.1400,0.117416,0.484182,0.815818,0.422500,1.658179
29.1500,0.108034,0.503061,0.796939,0.422500,1.469395
29.1600,0.098596,0.522004,0.777996,0.422500,1.279956
29.1700,0.089111,0.541005,0.758995,0.422500,1.089948
29.1800,0.079586,0.560055,0.739945,0.422500,0.899448
29.1900,0.070028,0.579147,0.720853,0.422500,0.708531
29.2000,0.060444,0.598273,0.701727,0.422500,0.517270
29.2100,0.050840,0.617426,0.682574,0.422500,0.325736
29.2200,0.041222,0.636599,0.663401,0.422500,0.134005
29.2300,0.031595,0.655784,0.644216,0.422500,-0.057842
29.2400,0.021964,0.674972,0.625028,0.422500,-0.249718
29.2500,0.012335,0.694153,0.605847,0.422500,-0.441526
29.2600,0.002713,0.713316,0.586684,0.422500,-0.633160
29.2700,-0.006897,0.732450,0.567550,0.422500,-0.824497
29.2800,-0.016490,0.751540,0.548460,0.422500,-1.015401
29.2900,-0.026059,0.770572,0.529428,0.422500,-1.205719
29.3000,-0.035597,0.789528,0.510472,0.422500,-1.395278
29.3100,-0.045099,0.808388,0.491612,0.422500,-1.583885
29.3200,-0.054557,0.827132,0.472868,0.422500,-1.771324
29.3300,-0.063962,0.845736,0.454264,0.422500,-1.957357
29.3400,-0.073305,0.864172,0.435828,0.422500,-2.141722
29.3500,-0.082577,0.882413,0.417587,0.422500,-2.324130
29.3600,-0.091766,0.900427,0.399573,0.422500,-2.504271
29.3700,-0.100862,0.918180,0.381820,0.422500,-2.681805
29.3800,-0.109850,0.935637,0.364363,0.422500,-2.856371
29.3900,-0.118718,0.952758,0.347242,0.422500,-3.027582
29.4000,-0.127449,0.969503,0.330497,0.422500,-3.195029
29.4100,-0.136030,0.985828,0.314172,0.422500,-3.358285
29.4200,-0.144442,1.000000,0.298310,0.421951,-3.508451
29.4300,-0.152667,1.000000,0.282958,0.416961,-3.585209
29.4400,-0.160689,1.000000,0.268158,0.412151,-3.659210
29.4500,-0.168490,1.000000,0.253904,0.407519,-3.730481
29.4600,-0.176058,1.000000,0.240229,0.403074,-3.798857
29.4700,-0.183377,1.000000,0.227165,0.398829,-3.864176
29.4800,-0.190432,1.000000,0.214744,0.394792,-3.926279
29.4900,-0.197207,1.000000,0.202998,0.390974,-3.985012
29.5000,-0.203689,1.000000,0.191955,0.387385,-4.040226
29.5100,-0.209862,1.000000,0.181644,0.384034,-4.091778
29.5200,-0.215713,1.000000,0.172093,0.380930,-4.139535
29.5300,-0.221226,1.000000,0.163326,0.378081,-4.183370
29.5400,-0.226390,1.000000,0.155366,0.375494,-4.223169
29.5500,-0.231191,1.000000,0.148235,0.373176,-4.258826
29.5600,-0.235618,1.000000,0.141950,0.371134,-4.290250
29.5700,-0.239658,1.000000,0.136528,0.369372,-4.317359
29.5800,-0.243303,1.000000,0.131983,0.367894,-4.340086
29.5900,-0.246542,1.000000,0.128325,0.366705,-4.358377
29.6000,-0.249368,1.000000,0.125561,0.365807,-4.372193
29.6100,-0.251773,1.000000,0.123698,0.365202,-4.381508
29.6200,-0.253752,1.000000,0.122738,0.364890,-4.386310
29.6300,-0.255299,1.000000,0.122679,0.364871,-4.386604
29.6400,-0.256412,1.000000,0.123519,0.365144,-4.382406
29.6500,-0.257088,1.000000,0.125250,0.365706,-4.373748
29.6600,-0.257326,1.000000,0.127865,0.366556,-4.360674
29.6700,-0.257126,1.000000,0.131351,0.367689,-4.343243
29.6800,-0.256492,1.000000,0.135695,0.369101,-4.321523
29.6900,-0.255424,1.000000,0.140881,0.370786,-4.295597
29.7000,-0.253928,1.000000,0.146889,0.372739,-4.265555
29.7100,-0.252008,1.000000,0.153700,0.374952,-4.231501
29.7200,-0.249672,1.000000,0.161291,0.377420,-4.193543
29.7300,-0.246927,1.000000,0.169640,0.380133,-4.151801
29.7400,-0.243781,1.000000,0.178720,0.383084,-4.106399
29.7500,-0.240243,1.000000,0.188506,0.386265,-4.057468
29.7600,-0.236325,1.000000,0.198971,0.389666,-4.005143
29.7700,-0.232037,1.000000,0.210088,0.393279,-3.949561
29.7800,-0.227390,1.000000,0.221827,0.397094,-3.890866
29.7900,-0.222397,1.000000,0.234160,0.401102,-3.829199
29.8000,-0.217071,1.000000,0.247059,0.405294,-3.764703
29.8100,-0.211425,1.000000,0.260495,0.409661,-3.697523
29.8200,-0.205473,1.000000,0.274440,0.414193,-3.627801
29.8300,-0.199227,1.000000,0.288865,0.418881,-3.555677
29.8400,-0.192702,0.996258,0.303742,0.422500,-3.462578
29.8500,-0.185912,0.980955,0.319045,0.422500,-3.309546
29.8600,-0.178872,0.965268,0.334732,0.422500,-3.152679
29.8700,-0.171601,0.949272,0.350728,0.422500,-2.992719
29.8800,-0.164117,0.932997,0.367003,0.422500,-2.829966
29.8900,-0.156438,0.916469,0.383531,0.422500,-2.664693
29.9000,-0.148580,0.899716,0.400284,0.422500,-2.497158
29.9100,-0.140561,0.882760,0.417240,0.422500,-2.327597
29.9200,-0.132395,0.865623,0.434377,0.422500,-2.156229
29.9300,-0.124097,0.848326,0.451674,0.422500,-1.983259
29.9400,-0.115680,0.830887,0.469113,0.422500,-1.808873
29.9500,-0.107158,0.813325,0.486675,0.422500,-1.633248
29.9600,-0.098543,0.795655,0.504345,0.422500,-1.456546
29.9700,-0.089846,0.777892,0.522108,0.422500,-1.278922
29.9800,-0.081078,0.760052,0.539948,0.422500,-1.100520
29.9900,-0.072249,0.742148,0.557852,0.422500,-0.921479
30.0000,-0.063369,0.724194,0.575806,0.422500,-0.741936
30.0100,-0.054448,0.706202,0.593798,0.422500,-0.562021
30.0200,-0.045492,0.688187,0.611813,0.422500,-0.381866
30.0300,-0.036512,0.670160,0.629840,0.422500,-0.201604
30.0400,-0.027516,0.652137,0.647863,0.422500,-0.021371
30.0500,-0.018510,0.634131,0.665869,0.422500,0.158692
30.0600,-0.009504,0.616156,0.683844,0.422500,0.338439
30.0700,-0.000504,0.598229,0.701771,0.422500,0.517715
30.0800,0.008481,0.580365,0.719635,0.422500,0.696353
30.0900,0.017443,0.562582,0.737418,0.422500,0.874178
30.1000,0.026373,0.544900,0.755100,0.422500,1.051001
30.1100,0.035264,0.527338,0.772662,0.422500,1.226620
30.1200,0.044107,0.509918,0.790082,0.422500,1.400817
30.1300,0.052892,0.492664,0.807336,0.422500,1.573358
30.1400,0.061608,0.475601,0.824399,0.422500,1.743995
30.1500,0.070247,0.458754,0.841246,0.422500,1.912461
30.1600,0.078796,0.442153,0.857847,0.422500,2.078473
30.1700,0.087245,0.425827,0.874173,0.422500,2.241733
30.1800,0.095581,0.409808,0.890192,0.422500,2.401925
30.1900,0.103791,0.394128,0.905872,0.422500,2.558717
30.2000,0.111861,0.378823,0.921177,0.422500,2.711766
30.2100,0.119777,0.363929,0.936071,0.422500,2.860713
30.2200,0.127525,0.349481,0.950519,0.422500,3.005191
30.2300,0.135089,0.335518,0.964482,0.422500,3.144825
30.2400,0.142453,0.322077,0.977923,0.422500,3.279231
30.2500,0.149601,0.309197,0.990803,0.422500,3.408027
30.2600,0.156515,0.296917,1.000000,0.421498,3.515414
30.2700,0.163180,0.285274,1.000000,0.417714,3.573628
30.2800,0.169578,0.274292,1.000000,0.414145,3.628541
30.2900,0.175697,0.263961,1.000000,0.410787,3.680195
30.3000,0.181526,0.254306,1.000000,0.407649,3.728472
30.3100,0.187051,0.245348,1.000000,0.404738,3.773258
30.3200,0.192263,0.237110,1.000000,0.402061,3.814449
30.3300,0.197148,0.229610,1.000000,0.399623,3.851948
30.3400,0.201697,0.222867,1.000000,0.397432,3.885667
30.3500,0.205900,0.216895,1.000000,0.395491,3.915526
30.3600,0.209747,0.211708,1.000000,0.393805,3.941458
30.3700,0.213230,0.207319,1.000000,0.392379,3.963403
30.3800,0.216341,0.203737,1.000000,0.391214,3.981316
30.3900,0.219072,0.200968,1.000000,0.390315,3.995159
30.4000,0.221419,0.199018,1.000000,0.389681,4.004909
30.4100,0.223376,0.197889,1.000000,0.389314,4.010553
30.4200,0.224938,0.197582,1.000000,0.389214,4.012089
30.4300,0.226103,0.198094,1.000000,0.389381,4.009529
30.4400,0.226869,0.199421,1.000000,0.389812,4.002893
30.4500,0.227234,0.201557,1.000000,0.390506,3.992215
30.4600,0.227200,0.204493,1.000000,0.391460,3.977537
30.4700,0.226766,0.208217,1.000000,0.392671,3.958914
30.4800,0.225935,0.212718,1.000000,0.394133,3.936408
30.4900,0.224711,0.217981,1.000000,0.395844,3.910093
30.5000,0.223097,0.223991,1.000000,0.397797,3.880047
30.5100,0.221098,0.230728,1.000000,0.399987,3.846361
30.5200,0.218721,0.238175,1.000000,0.402407,3.809127
30.5300,0.215972,0.246310,1.000000,0.405051,3.768448
30.5400,0.212858,0.255114,1.000000,0.407912,3.724430
30.5500,0.209389,0.264563,1.000000,0.410983,3.677184
30.5600,0.205574,0.274635,1.000000,0.414256,3.626824
30.5700,0.201421,0.285307,1.000000,0.417725,3.573467
30.5800,0.196940,0.296554,1.000000,0.421380,3.517232
30.5900,0.192144,0.308352,0.991648,0.422500,3.416482
30.6000,0.187041,0.320677,0.979323,0.422500,3.293229
30.6100,0.181648,0.333463,0.966537,0.422500,3.165370
30.6200,0.175981,0.346662,0.953338,0.422500,3.033385
30.6300,0.170055,0.360241,0.939759,0.422500,2.897589
30.6400,0.163888,0.374171,0.925829,0.422500,2.758285
30.6500,0.157496,0.388424,0.911576,0.422500,2.615763
30.6600,0.150894,0.402970,0.897030,0.422500,2.470301
30.6700,0.144098,0.417784,0.882216,0.422500,2.322162
30.6800,0.137122,0.432840,0.867160,0.422500,2.171598
30.6900,0.129982,0.448115,0.851885,0.422500,2.018849
30.7000,0.122692,0.463586,0.836414,0.422500,1.864144
30.7100,0.115265,0.479230,0.820770,0.422500,1.707699
30.7200,0.107715,0.495028,0.804972,0.422500,1.549722
30.7300,0.100053,0.510959,0.789041,0.422500,1.390412
30.7400,0.092293,0.527004,0.772996,0.422500,1.229959
30.7500,0.084446,0.543145,0.756855,0.422500,1.068548
30.7600,0.076524,0.559364,0.740636,0.422500,0.906357
30.7700,0.068536,0.575644,0.724356,0.422500,0.743562
30.7800,0.060495,0.591966,0.708034,0.422500,0.580336
30.7900,0.052409,0.608315,0.691685,0.422500,0.416848
30.8000,0.044290,0.624673,0.675327,0.422500,0.253270
30.8100,0.036146,0.641022,0.658978,0.422500,0.089776
30.8200,0.027988,0.657346,0.642654,0.422500,-0.073462
30.8300,0.019824,0.673626,0.626374,0.422500,-0.236263
30.8400,0.011664,0.689844,0.610156,0.422500,-0.398443
30.8500,0.003519,0.705981,0.594019,0.422500,-0.559814
30.8600,-0.004604,0.722018,0.577982,0.422500,-0.720177
30.8700,-0.012694,0.737933,0.562067,0.422500,-0.879330
30.8800,-0.020741,0.753706,0.546294,0.422500,-1.037057
30.8900,-0.028736,0.769314,0.530686,0.422500,-1.193137
30.9000,-0.036668,0.784734,0.515266,0.422500,-1.347338
30.9100,-0.044526,0.799942,0.500058,0.422500,-1.499417
30.9200,-0.052301,0.814912,0.485088,0.422500,-1.649125
30.9300,-0.059981,0.829620,0.470380,0.422500,-1.796198
30.9400,-0.067554,0.844037,0.455963,0.422500,-1.940367
30.9500,-0.075008,0.858135,0.441865,0.422500,-2.081354
30.9600,-0.082332,0.871887,0.428113,0.422500,-2.218870
30.9700,-0.089512,0.885262,0.414738,0.422500,-2.352623
30.9800,-0.096536,0.898231,0.401769,0.422500,-2.482314
30.9900,-0.103391,0.910764,0.389236,0.422500,-2.607641
31.0000,-0.110063,0.922830,0.377170,0.422500,-2.728301
31.0100,-0.116538,0.934399,0.365601,0.422500,-2.843989
31.0200,-0.122804,0.945440,0.354560,0.422500,-2.954404
31.0300,-0.128845,0.955925,0.344075,0.422500,-3.059250
31.0400,-0.134648,0.965824,0.334176,0.422500,-3.158238
31.0500,-0.140199,0.975109,0.324891,0.422500,-3.251089
31.0600,-0.145484,0.983754,0.316246,0.422500,-3.337536
31.0700,-0.150491,0.991733,0.308267,0.422500,-3.417328
31.0800,-0.155207,0.999023,0.300977,0.422500,-3.490232
31.0900,-0.159618,1.000000,0.294397,0.420679,-3.528017
31.1000,-0.163714,1.000000,0.288546,0.418777,-3.557272
31.1100,-0.167485,1.000000,0.283409,0.417108,-3.582954
31.1200,-0.170924,1.000000,0.278994,0.415673,-3.605031
31.1300,-0.174025,1.000000,0.275308,0.414475,-3.623461
31.1400,-0.176781,1.000000,0.272358,0.413516,-3.638208
31.1500,-0.179187,1.000000,0.270151,0.412799,-3.649246
31.1600,-0.181239,1.000000,0.268688,0.412324,-3.656559
31.1700,-0.182931,1.000000,0.267972,0.412091,-3.660139
31.1800,-0.184263,1.000000,0.268002,0.412101,-3.659990
31.1900,-0.185231,1.000000,0.268776,0.412352,-3.656122
31.2000,-0.185834,1.000000,0.270289,0.412844,-3.648557
31.2100,-0.186072,1.000000,0.272535,0.413574,-3.637324
31.2200,-0.185945,1.000000,0.275508,0.414540,-3.622461
31.2300,-0.185454,1.000000,0.279197,0.415739,-3.604015
31.2400,-0.184603,1.000000,0.283592,0.417167,-3.582041
31.2500,-0.183392,1.000000,0.288680,0.418821,-3.556599
31.2600,-0.181827,1.000000,0.294448,0.420696,-3.527758
31.2700,-0.179912,0.999118,0.300882,0.422500,-3.491183
31.2800,-0.177651,0.992036,0.307964,0.422500,-3.420362
31.2900,-0.175053,0.984327,0.315673,0.422500,-3.343272
31.3000,-0.172125,0.976046,0.323954,0.422500,-3.260456
31.3100,-0.168879,0.967219,0.332781,0.422500,-3.172189
31.3200,-0.165327,0.957875,0.342125,0.422500,-3.078750
31.3300,-0.161480,0.948042,0.351958,0.422500,-2.980416
31.3400,-0.157351,0.937747,0.362253,0.422500,-2.877467
31.3500,-0.152952,0.927018,0.372982,0.422500,-2.770181
31.3600,-0.148297,0.915883,0.384117,0.422500,-2.658833
31.3700,-0.143398,0.904369,0.395631,0.422500,-2.543694
31.3800,-0.138269,0.892503,0.407497,0.422500,-2.425028
31.3900,-0.132924,0.880310,0.419690,0.422500,-2.303098
31.4000,-0.127375,0.867815,0.432185,0.422500,-2.178155
31.4100,-0.121636,0.855045,0.444955,0.422500,-2.050447
31.4200,-0.115720,0.842021,0.457979,0.422500,-1.920215
31.4300,-0.109640,0.828769,0.471231,0.422500,-1.787691
31.4400,-0.103409,0.815310,0.484690,0.422500,-1.653104
31.4500,-0.097039,0.801667,0.498333,0.422500,-1.516672
31.4600,-0.090542,0.787861,0.512139,0.422500,-1.378611
31.4700,-0.083931,0.773913,0.526087,0.422500,-1.239128
31.4800,-0.077217,0.759843,0.540157,0.422500,-1.098428
31.4900,-0.070412,0.745671,0.554329,0.422500,-0.956711
31.5000,-0.063526,0.731417,0.568583,0.422500,-0.814172
31.5100,-0.056572,0.717101,0.582899,0.422500,-0.671005
31.5200,-0.049559,0.702740,0.597260,0.422500,-0.527401
31.5300,-0.042499,0.688355,0.611645,0.422500,-0.383550
31.5400,-0.035401,0.673964,0.626036,0.422500,-0.239642
31.5500,-0.028276,0.659587,0.640413,0.422500,-0.095866
31.5600,-0.021135,0.645242,0.654758,0.422500,0.047585
31.5700,-0.013987,0.630948,0.669052,0.422500,0.190519
31.5800,-0.006842,0.616726,0.683274,0.422500,0.332740
31.5900,0.000289,0.602595,0.697405,0.422500,0.474050
31.6000,0.007398,0.588576,0.711424,0.422500,0.614245
31.6100,0.014472,0.574688,0.725312,0.422500,0.753120
31.6200,0.021503,0.560954,0.739046,0.422500,0.890463
31.6300,0.028481,0.547394,0.752606,0.422500,1.026059
31.6400,0.035394,0.534031,0.765969,0.422500,1.159689
31.6500,0.042233,0.520887,0.779113,0.422500,1.291127
31.6600,0.048987,0.507986,0.792014,0.422500,1.420144
31.6700,0.055645,0.495349,0.804651,0.422500,1.546508
31.6800,0.062196,0.483002,0.816998,0.422500,1.669981
31.6900,0.068630,0.470967,0.829033,0.422500,1.790325
31.7000,0.074935,0.459270,0.840730,0.422500,1.907298
31.7100,0.081100,0.447934,0.852066,0.422500,2.020657
31.7200,0.087113,0.436984,0.863016,0.422500,2.130158
31.7300,0.092964,0.426444,0.873556,0.422500,2.235562
31.7400,0.098641,0.416337,0.883663,0.422500,2.336628
31.7500,0.104133,0.406688,0.893312,0.422500,2.433122
31.7600,0.109428,0.397519,0.902481,0.422500,2.524814
31.7700,0.114515,0.388852,0.911148,0.422500,2.611481
31.7800,0.119383,0.380709,0.919291,0.422500,2.692910
31.7900,0.124021,0.373110,0.926890,0.422500,2.768899
31.8000,0.128419,0.366074,0.933926,0.422500,2.839255
31.8100,0.132566,0.359620,0.940380,0.422500,2.903802
31.8200,0.136454,0.353762,0.946238,0.422500,2.962377
31.8300,0.140072,0.348516,0.951484,0.422500,3.014836
31.8400,0.143413,0.343895,0.956105,0.422500,3.061050
31.8500,0.146468,0.339909,0.960091,0.422500,3.100912
31.8600,0.149230,0.336567,0.963433,0.422500,3.134332
31.8700,0.151693,0.333875,0.966125,0.422500,3.161245
31.8800,0.153851,0.331840,0.968160,0.422500,3.181604
31.8900,0.155699,0.330462,0.969538,0.422500,3.195384
31.9000,0.157234,0.329742,0.970258,0.422500,3.202584
31.9100,0.158452,0.329678,0.970322,0.422500,3.203224
31.9200,0.159352,0.330266,0.969734,0.422500,3.197343
31.9300,0.159933,0.331500,0.968500,0.422500,3.185004
31.9400,0.160194,0.333371,0.966629,0.422500,3.166289
31.9500,0.160136,0.335870,0.964130,0.422500,3.141298
31.9600,0.159762,0.338985,0.961015,0.422500,3.110150
31.9700,0.159074,0.342702,0.957298,0.422500,3.072982
31.9800,0.158077,0.347006,0.952994,0.422500,3.029943
31.9900,0.156774,0.351880,0.948120,0.422500,2.981199
32.0000,0.155171,0.357307,0.942693,0.422500,2.926928
32.0100,0.153275,0.363268,0.936732,0.422500,2.867317
32.0200,0.151092,0.369744,0.930256,0.422500,2.802565
32.0300,0.148631,0.376712,0.923288,0.422500,2.732877
32.0400,0.145898,0.384154,0.915846,0.422500,2.658464
32.0500,0.142904,0.392046,0.907954,0.422500,2.579545
32.0600,0.139658,0.400366,0.899634,0.422500,2.496339
32.0700,0.136168,0.409093,0.890907,0.422500,2.409070
32.0800,0.132446,0.418204,0.881796,0.422500,2.317963
32.0900,0.128501,0.427676,0.872324,0.422500,2.223243
32.1000,0.124344,0.437487,0.862513,0.422500,2.125133
32.1100,0.119986,0.447614,0.852386,0.422500,2.023858
32.1200,0.115438,0.458036,0.841964,0.422500,1.919640
32.1300,0.110711,0.468730,0.831270,0.422500,1.812696
32.1400,0.105815,0.479676,0.820324,0.422500,1.703244
32.1500,0.100762,0.490850,0.809150,0.422500,1.591498
32.1600,0.095563,0.502233,0.797767,0.422500,1.477667
32.1700,0.090228,0.513804,0.786196,0.422500,1.361960
32.1800,0.084769,0.525542,0.774458,0.422500,1.244580
32.1900,0.079197,0.537427,0.762573,0.422500,1.125730
32.2000,0.073521,0.549439,0.750561,0.422500,1.005606
32.2100,0.067754,0.561559,0.738441,0.422500,0.884407
32.2200,0.061904,0.573768,0.726232,0.422500,0.762324
32.2300,0.055983,0.586045,0.713955,0.422500,0.639551
32.2400,0.050001,0.598372,0.701628,0.422500,0.516278
32.2500,0.043967,0.610731,0.689269,0.422500,0.392694
32.2600,0.037893,0.623101,0.676899,0.422500,0.268988
32.2700,0.031787,0.635465,0.664535,0.422500,0.145348
32.2800,0.025660,0.647804,0.652196,0.422500,0.021963
32.2900,0.019521,0.660098,0.639902,0.422500,-0.100979
32.3000,0.013381,0.672329,0.627671,0.422500,-0.223288
32.3100,0.007249,0.684477,0.615523,0.422500,-0.344773
32.3200,0.001134,0.696524,0.603476,0.422500,-0.465243
32.3300,-0.004953,0.708450,0.591550,0.422500,-0.584505
32.3400,-0.011003,0.720236,0.579764,0.422500,-0.702363
32.3500,-0.017007,0.731862,0.568138,0.422500,-0.818623
32.3600,-0.022954,0.743309,0.556691,0.422500,-0.933085
32.3700,-0.028836,0.754555,0.545445,0.422500,-1.045553
32.3800,-0.034641,0.765583,0.534417,0.422500,-1.155825
32.3900,-0.040361,0.776370,0.523630,0.422500,-1.263702
32.4000,-0.045986,0.786898,0.513102,0.422500,-1.368983
32.4100,-0.051506,0.797147,0.502853,0.422500,-1.471466
32.4200,-0.056912,0.807095,0.492905,0.422500,-1.570953
32.4300,-0.062193,0.816725,0.483275,0.422500,-1.667245
32.4400,-0.067340,0.826015,0.473985,0.422500,-1.760146
32.4500,-0.072343,0.834946,0.465054,0.422500,-1.849464
32.4600,-0.077193,0.843501,0.456499,0.422500,-1.935010
32.4700,-0.081881,0.851660,0.448340,0.422500,-2.016600
32.4800,-0.086397,0.859406,0.440594,0.422500,-2.094057
32.4900,-0.090732,0.866721,0.433279,0.422500,-2.167209
32.5000,-0.094877,0.873590,0.426410,0.422500,-2.235895
32.5100,-0.098824,0.879996,0.420004,0.422500,-2.299961
32.5200,-0.102565,0.885926,0.414074,0.422500,-2.359263
32.5300,-0.106091,0.891367,0.408633,0.422500,-2.413670
32.5400,-0.109396,0.896306,0.403694,0.422500,-2.463062
32.5500,-0.112472,0.900733,0.399267,0.422500,-2.507330
32.5600,-0.115313,0.904638,0.395362,0.422500,-2.546383
32.5700,-0.117912,0.908014,0.391986,0.422500,-2.580140
32.5800,-0.120265,0.910854,0.389146,0.422500,-2.608538
32.5900,-0.122366,0.913153,0.386847,0.422500,-2.631528
32.6000,-0.124212,0.914908,0.385092,0.422500,-2.649077
32.6100,-0.125798,0.916117,0.383883,0.422500,-2.661168
32.6200,-0.127122,0.916780,0.383220,0.422500,-2.667799
32.6300,-0.128182,0.916899,0.383101,0.422500,-2.668986
32.6400,-0.128976,0.916476,0.383524,0.422500,-2.664760
32.6500,-0.129504,0.915517,0.384483,0.422500,-2.655165
32.6600,-0.129766,0.914026,0.385974,0.422500,-2.640263
32.6700,-0.129762,0.912013,0.387987,0.422500,-2.620128
32.6800,-0.129495,0.909485,0.390515,0.422500,-2.594849
32.6900,-0.128965,0.906453,0.393547,0.422500,-2.564528
32.7000,-0.128177,0.902928,0.397072,0.422500,-2.529277
32.7100,-0.127133,0.898922,0.401078,0.422500,-2.489221
32.7200,-0.125838,0.894450,0.405550,0.422500,-2.444495
32.7300,-0.124297,0.889524,0.410476,0.422500,-2.395243
32.7400,-0.122514,0.884162,0.415838,0.422500,-2.341616
32.7500,-0.120497,0.878377,0.421623,0.422500,-2.283774
32.7600,-0.118250,0.872188,0.427812,0.422500,-2.221882
32.7700,-0.115782,0.865611,0.434389,0.422500,-2.156112
32.7800,-0.113099,0.858664,0.441336,0.422500,-2.086639
32.7900,-0.110209,0.851364,0.448636,0.422500,-2.013642
32.8000,-0.107120,0.843730,0.456270,0.422500,-1.937304
32.8100,-0.103840,0.835781,0.464219,0.422500,-1.857808
32.8200,-0.100377,0.827534,0.472466,0.422500,-1.775340
32.8300,-0.096741,0.819009,0.480991,0.422500,-1.690087
32.8400,-0.092941,0.810224,0.489776,0.422500,-1.602236
32.8500,-0.088984,0.801197,0.498803,0.422500,-1.511975
32.8600,-0.084881,0.791949,0.508051,0.422500,-1.419489
32.8700,-0.080640,0.782497,0.517503,0.422500,-1.324966
32.8800,-0.076271,0.772859,0.527141,0.422500,-1.228591
32.8900,-0.071783,0.763055,0.536945,0.422500,-1.130548
32.9000,-0.067186,0.753102,0.546898,0.422500,-1.031021
32.9100,-0.062489,0.743019,0.556981,0.422500,-0.930191
32.9200,-0.057701,0.732824,0.567176,0.422500,-0.828241
32.9300,-0.052832,0.722535,0.577465,0.422500,-0.725348
32.9400,-0.047890,0.712169,0.587831,0.422500,-0.621694
32.9500,-0.042886,0.701746,0.598254,0.422500,-0.517455
32.9600,-0.037827,0.691281,0.608719,0.422500,-0.412809
32.9700,-0.032725,0.680793,0.619207,0.422500,-0.307932
32.9800,-0.027586,0.670300,0.629700,0.422500,-0.203001
32.9900,-0.022422,0.659819,0.640181,0.422500,-0.098189
33.0000,-0.017240,0.649367,0.650633,0.422500,0.006327
33.0100,-0.012049,0.638963,0.661037,0.422500,0.110372
33.0200,-0.006859,0.628623,0.671377,0.422500,0.213773
33.0300,-0.001679,0.618365,0.681635,0.422500,0.316354
33.0400,0.003483,0.608206,0.691794,0.422500,0.417941
33.0500,0.008618,0.598164,0.701836,0.422500,0.518361
33.0600,0.013717,0.588256,0.711744,0.422500,0.617438
33.0700,0.018772,0.578500,0.721500,0.422500,0.715000
33.0800,0.023773,0.568913,0.731087,0.422500,0.810873
33.0900,0.028712,0.559511,0.740489,0.422500,0.904885
33.1000,0.033580,0.550313,0.749687,0.422500,0.996865
33.1100,0.038369,0.541336,0.758664,0.422500,1.086643
33.1200,0.043071,0.532595,0.767405,0.422500,1.174049
33.1300,0.047676,0.524108,0.775892,0.422500,1.258919
33.1400,0.052177,0.515891,0.784109,0.422500,1.341088
33.1500,0.056565,0.507960,0.792040,0.422500,1.420397
33.1600,0.060832,0.500331,0.799669,0.422500,1.496689
33.1700,0.064970,0.493019,0.806981,0.422500,1.569811
33.1800,0.068971,0.486038,0.813962,0.422500,1.639617
33.1900,0.072828,0.479404,0.820596,0.422500,1.705964
33.2000,0.076533,0.473128,0.826872,0.422500,1.768717
33.2100,0.080080,0.467225,0.832775,0.422500,1.827749
33.2200,0.083460,0.461706,0.838294,0.422500,1.882937
33.2300,0.086668,0.456583,0.843417,0.422500,1.934169
33.2400,0.089697,0.451866,0.848134,0.422500,1.981341
33.2500,0.092541,0.447564,0.852436,0.422500,2.024360
33.2600,0.095194,0.443686,0.856314,0.422500,2.063140
33.2700,0.097652,0.440239,0.859761,0.422500,2.097607
33.2800,0.099909,0.437230,0.862770,0.422500,2.127699
33.2900,0.101962,0.434664,0.865336,0.422500,2.153364
33.3000,0.103806,0.432544,0.867456,0.422500,2.174561
33.3100,0.105437,0.430874,0.869126,0.422500,2.191262
33.3200,0.106854,0.429655,0.870345,0.422500,2.203450
33.3300,0.108054,0.428888,0.871112,0.422500,2.211120
33.3400,0.109034,0.428572,0.871428,0.422500,2.214280
33.3500,0.109795,0.428705,0.871295,0.422500,2.212949
33.3600,0.110334,0.429284,0.870716,0.422500,2.207157
33.3700,0.110652,0.430305,0.869695,0.422500,2.196945
33.3800,0.110750,0.431763,0.868237,0.422500,2.182368
33.3900,0.110628,0.433651,0.866349,0.422500,2.163488
33.4000,0.110287,0.435962,0.864038,0.422500,2.140379
33.4100,0.109731,0.438688,0.861312,0.422500,2.113125
33.4200,0.108961,0.441818,0.858182,0.422500,2.081817
33.4300,0.107981,0.445344,0.854656,0.422500,2.046557
33.4400,0.106793,0.449255,0.850745,0.422500,2.007453
33.4500,0.105403,0.453538,0.846462,0.422500,1.964621
33.4600,0.103814,0.458182,0.841818,0.422500,1.918184
33.4700,0.102031,0.463173,0.836827,0.422500,1.868271
33.4800,0.100060,0.468499,0.831501,0.422500,1.815015
33.4900,0.097907,0.474145,0.825855,0.422500,1.758554
33.5000,0.095576,0.480097,0.819903,0.422500,1.699033
33.5100,0.093075,0.486340,0.813660,0.422500,1.636598
33.5200,0.090409,0.492860,0.807140,0.422500,1.571397
33.5300,0.087587,0.499642,0.800358,0.422500,1.503583
33.5400,0.084613,0.506669,0.793331,0.422500,1.433311
33.5500,0.081497,0.513926,0.786074,0.422500,1.360737
33.5600,0.078245,0.521398,0.778602,0.422500,1.286018
33.5700,0.074864,0.529069,0.770931,0.422500,1.209311
33.5800,0.071363,0.536922,0.763078,0.422500,1.130777
33.5900,0.067748,0.544942,0.755058,0.422500,1.050576
33.6000,0.064029,0.553113,0.746887,0.422500,0.968865
33.6100,0.060212,0.561419,0.738581,0.422500,0.885807
33.6200,0.056306,0.569844,0.730156,0.422500,0.801560
33.6300,0.052318,0.578372,0.721628,0.422500,0.716284
33.6400,0.048257,0.586986,0.713014,0.422500,0.630138
33.6500,0.044131,0.595672,0.704328,0.422500,0.543282
33.6600,0.039947,0.604413,0.695587,0.422500,0.455874
33.6700,0.035714,0.613193,0.686807,0.422500,0.368071
33.6800,0.031440,0.621997,0.678003,0.422500,0.280033
33.6900,0.027132,0.630808,0.669192,0.422500,0.191915
33.7000,0.022800,0.639613,0.660387,0.422500,0.103875
33.7100,0.018450,0.648393,0.651607,0.422500,0.016068
33.7200,0.014090,0.657135,0.642865,0.422500,-0.071350
33.7300,0.009729,0.665823,0.634177,0.422500,-0.158225
33.7400,0.005375,0.674440,0.625560,0.422500,-0.244402
33.7500,0.001035,0.682973,0.617027,0.422500,-0.329729
33.7600,-0.003283,0.691405,0.608595,0.422500,-0.414052
33.7700,-0.007572,0.699722,0.600278,0.422500,-0.497222
33.7800,-0.011823,0.707909,0.592091,0.422500,-0.579087
33.7900,-0.016029,0.715950,0.584050,0.422500,-0.659500
33.8000,-0.020182,0.723831,0.576169,0.422500,-0.738313
33.8100,-0.024275,0.731538,0.568462,0.422500,-0.815382
33.8200,-0.028301,0.739056,0.560944,0.422500,-0.890564
33.8300,-0.032252,0.746372,0.553628,0.422500,-0.963717
33.8400,-0.036121,0.753471,0.546529,0.422500,-1.034706
33.8500,-0.039900,0.760339,0.539661,0.422500,-1.103395
33.8600,-0.043584,0.766965,0.533035,0.422500,-1.169653
33.8700,-0.047165,0.773335,0.526665,0.422500,-1.233353
33.8800,-0.050637,0.779437,0.520563,0.422500,-1.294373
33.8900,-0.053993,0.785260,0.514740,0.422500,-1.352595
33.9000,-0.057226,0.790791,0.509209,0.422500,-1.407906
33.9100,-0.060332,0.796020,0.503980,0.422500,-1.460199
33.9200,-0.063303,0.800937,0.499063,0.422500,-1.509373
33.9300,-0.066134,0.805533,0.494467,0.422500,-1.555334
33.9400,-0.068820,0.809799,0.490201,0.422500,-1.597993
33.9500,-0.071357,0.813727,0.486273,0.422500,-1.637270
33.9600,-0.073738,0.817309,0.482691,0.422500,-1.673093
33.9700,-0.075960,0.820540,0.479460,0.422500,-1.705397
33.9800,-0.078018,0.823413,0.476587,0.422500,-1.734125
33.9900,-0.079910,0.825923,0.474077,0.422500,-1.759229
34.0000,-0.081630,0.828067,0.471933,0.422500,-1.780671
34.0100,-0.083178,0.829842,0.470158,0.422500,-1.798418
34.0200,-0.084549,0.831245,0.468755,0.422500,-1.812451
34.0300,-0.085741,0.832276,0.467724,0.422500,-1.822756
34.0400,-0.086754,0.832933,0.467067,0.422500,-1.829332
34.0500,-0.087585,0.833218,0.466782,0.422500,-1.832183
34.0600,-0.088234,0.833132,0.466868,0.422500,-1.831324
34.0700,-0.088699,0.832678,0.467322,0.422500,-1.826780
34.0800,-0.088982,0.831858,0.468142,0.422500,-1.818583
34.0900,-0.089082,0.830677,0.469323,0.422500,-1.806774
34.1000,-0.089000,0.829140,0.470860,0.422500,-1.791403
34.1100,-0.088738,0.827253,0.472747,0.422500,-1.772526
34.1200,-0.088296,0.825021,0.474979,0.422500,-1.750209
34.1300,-0.087678,0.822452,0.477548,0.422500,-1.724523
34.1400,-0.086885,0.819555,0.480445,0.422500,-1.695548
34.1500,-0.085920,0.816337,0.483663,0.422500,-1.663369
34.1600,-0.084787,0.812808,0.487192,0.422500,-1.628078
34.1700,-0.083488,0.808977,0.491023,0.422500,-1.589771
34.1800,-0.082028,0.804855,0.495145,0.422500,-1.548552
34.1900,-0.080411,0.800453,0.499547,0.422500,-1.504526
34.2000,-0.078642,0.795781,0.504219,0.422500,-1.457807
34.2100,-0.076724,0.790851,0.509149,0.422500,-1.408508
34.2200,-0.074664,0.785675,0.514325,0.422500,-1.356750
34.2300,-0.072466,0.780265,0.519735,0.422500,-1.302654
34.2400,-0.070136,0.774635,0.525365,0.422500,-1.246345
34.2500,-0.067680,0.768795,0.531205,0.422500,-1.187951
34.2600,-0.065103,0.762760,0.537240,0.422500,-1.127602
34.2700,-0.062411,0.756543,0.543457,0.422500,-1.065429
34.2800,-0.059611,0.750156,0.549844,0.422500,-1.001564
34.2900,-0.056709,0.743614,0.556386,0.422500,-0.936142
34.3000,-0.053711,0.736930,0.563070,0.422500,-0.869299
34.3100,-0.050624,0.730117,0.569883,0.422500,-0.801170
34.3200,-0.047454,0.723189,0.576811,0.422500,-0.731892
34.3300,-0.044208,0.716160,0.583840,0.422500,-0.661603
34.3400,-0.040894,0.709044,0.590956,0.422500,-0.590439
34.3500,-0.037517,0.701854,0.598146,0.422500,-0.518539
34.3600,-0.034084,0.694604,0.605396,0.422500,-0.446040
34.3700,-0.030603,0.687308,0.612692,0.422500,-0.373079
34.3800,-0.027080,0.679980,0.620020,0.422500,-0.299795
34.3900,-0.023522,0.672632,0.627368,0.422500,-0.226324
34.4000,-0.019936,0.665280,0.634720,0.422500,-0.152802
34.4100,-0.016329,0.657937,0.642063,0.422500,-0.079366
34.4200,-0.012708,0.650615,0.649385,0.422500,-0.006151
34.4300,-0.009079,0.643329,0.656671,0.422500,0.066708
34.4400,-0.005450,0.636092,0.663908,0.422500,0.139078
34.4500,-0.001827,0.628917,0.671083,0.422500,0.210825
34.4600,0.001783,0.621818,0.678182,0.422500,0.281819
34.4700,0.005374,0.614807,0.685193,0.422500,0.351929
34.4800,0.008938,0.607897,0.692103,0.422500,0.421025
34.4900,0.012469,0.601102,0.698898,0.422500,0.488982
34.5000,0.015961,0.594433,0.705567,0.422500,0.555673
34.5100,0.019407,0.587903,0.712097,0.422500,0.620975
34.5200,0.022800,0.581523,0.718477,0.422500,0.684767
34.5300,0.026136,0.575307,0.724693,0.422500,0.746930
34.5400,0.029406,0.569265,0.730735,0.422500,0.807348
34.5500,0.032606,0.563409,0.736591,0.422500,0.865908
34.5600,0.035729,0.557750,0.742250,0.422500,0.922501
34.5700,0.038770,0.552298,0.747702,0.422500,0.977021
34.5800,0.041723,0.547064,0.752936,0.422500,1.029364
34.5900,0.044583,0.542057,0.757943,0.422500,1.079433
34.6000,0.047343,0.537287,0.762713,0.422500,1.127134
34.6100,0.050000,0.532762,0.767238,0.422500,1.172378
34.6200,0.052548,0.528492,0.771508,0.422500,1.215081
34.6300,0.054982,0.524484,0.775516,0.422500,1.255163
34.6400,0.057299,0.520745,0.779255,0.422500,1.292551
34.6500,0.059493,0.517282,0.782718,0.422500,1.327179
34.6600,0.061560,0.514102,0.785898,0.422500,1.358983
34.6700,0.063498,0.511209,0.788791,0.422500,1.387910
34.6800,0.065302,0.508609,0.791391,0.422500,1.413910
34.6900,0.066970,0.506306,0.793694,0.422500,1.436942
34.7000,0.068498,0.504303,0.795697,0.422500,1.456969
34.7100,0.069884,0.502604,0.797396,0.422500,1.473963
34.7200,0.071125,0.501210,0.798790,0.422500,1.487904
34.7300,0.072220,0.500122,0.799878,0.422500,1.498777
34.7400,0.073167,0.499343,0.800657,0.422500,1.506574
34.7500,0.073965,0.498871,0.801129,0.422500,1.511295
34.7600,0.074612,0.498705,0.801295,0.422500,1.512948
34.7700,0.075109,0.498845,0.801155,0.422500,1.511546
34.7800,0.075454,0.499289,0.800711,0.422500,1.507111
34.7900,0.075648,0.500033,0.799967,0.422500,1.499669
34.8000,0.075692,0.501074,0.798926,0.422500,1.489255
34.8100,0.075586,0.502409,0.797591,0.422500,1.475910
34.8200,0.075330,0.504032,0.795968,0.422500,1.459681
34.8300,0.074928,0.505938,0.794062,0.422500,1.440621
34.8400,0.074379,0.508121,0.791879,0.422500,1.418788
34.8500,0.073687,0.510575,0.789425,0.422500,1.394247
34.8600,0.072853,0.513293,0.786707,0.422500,1.367066
34.8700,0.071880,0.516268,0.783732,0.422500,1.337321
34.8800,0.070771,0.519491,0.780509,0.422500,1.305090
34.8900,0.069530,0.522954,0.777046,0.422500,1.270457
34.9000,0.068159,0.526649,0.773351,0.422500,1.233509
34.9100,0.066662,0.530566,0.769434,0.422500,1.194337
34.9200,0.065044,0.534696,0.765304,0.422500,1.153036
34.9300,0.063308,0.539030,0.760970,0.422500,1.109704
34.9400,0.061458,0.543556,0.756444,0.422500,1.064442
34.9500,0.059500,0.548265,0.751735,0.422500,1.017352
34.9600,0.057437,0.553146,0.746854,0.422500,0.968541
34.9700,0.055275,0.558188,0.741812,0.422500,0.918116
34.9800,0.053018,0.563381,0.736619,0.422500,0.866186
34.9900,0.050672,0.568714,0.731286,0.422500,0.812864
35.0000,0.048242,0.574174,0.725826,0.422500,0.758262
35.0100,0.045733,0.579751,0.720249,0.422500,0.702493
35.0200,0.043151,0.585433,0.714567,0.422500,0.645672
35.0300,0.040501,0.591208,0.708792,0.422500,0.587916
35.0400,0.037788,0.597066,0.702934,0.422500,0.529339
35.0500,0.035019,0.602994,0.697006,0.422500,0.470060
35.0600,0.032200,0.608981,0.691019,0.422500,0.410195
35.0700,0.029335,0.615014,0.684986,0.422500,0.349861
35.0800,0.026431,0.621082,0.678918,0.422500,0.289175
35.0900,0.023494,0.627175,0.672825,0.422500,0.228255
35.1000,0.020529,0.633278,0.666722,0.422500,0.167217
35.1100,0.017542,0.639382,0.660618,0.422500,0.106178
35.1200,0.014539,0.645475,0.654525,0.422500,0.045253
35.1300,0.011526,0.651544,0.648456,0.422500,-0.015442
35.1400,0.008509,0.657579,0.642421,0.422500,-0.075793
35.1500,0.005493,0.663569,0.636431,0.422500,-0.135687
35.1600,0.002484,0.669501,0.630499,0.422500,-0.195011
35.1700,-0.000511,0.675365,0.624635,0.422500,-0.253655
35.1800,-0.003488,0.681151,0.618849,0.422500,-0.311508
35.1900,-0.006441,0.686846,0.613154,0.422500,-0.368463
35.2000,-0.009364,0.692441,0.607559,0.422500,-0.424414
35.2100,-0.012252,0.697926,0.602074,0.422500,-0.479256
35.2200,-0.015099,0.703289,0.596711,0.422500,-0.532886
35.2300,-0.017900,0.708521,0.591479,0.422500,-0.585206
35.2400,-0.020650,0.713612,0.586388,0.422500,-0.636117
35.2500,-0.023343,0.718553,0.581447,0.422500,-0.685526
35.2600,-0.025976,0.723334,0.576666,0.422500,-0.733339
35.2700,-0.028542,0.727947,0.572053,0.422500,-0.779468
35.2800,-0.031037,0.732383,0.567617,0.422500,-0.823828
35.2900,-0.033457,0.736634,0.563366,0.422500,-0.866337
35.3000,-0.035796,0.740692,0.559308,0.422500,-0.906917
35.3100,-0.038051,0.744549,0.555451,0.422500,-0.945493
35.3200,-0.040218,0.748200,0.551800,0.422500,-0.981995
35.3300,-0.042293,0.751636,0.548364,0.422500,-1.016358
35.3400,-0.044271,0.754852,0.545148,0.422500,-1.048521
35.3500,-0.046149,0.757843,0.542157,0.422500,-1.078426
35.3600,-0.047925,0.760602,0.539398,0.422500,-1.106022
35.3700,-0.049594,0.763126,0.536874,0.422500,-1.131263
35.3800,-0.051154,0.765411,0.534589,0.422500,-1.154107
35.3900,-0.052602,0.767452,0.532548,0.422500,-1.174517
35.4000,-0.053936,0.769246,0.530754,0.422500,-1.192464
35.4100,-0.055154,0.770792,0.529208,0.422500,-1.207921
35.4200,-0.056253,0.772087,0.527913,0.422500,-1.220869
35.4300,-0.057232,0.773129,0.526871,0.422500,-1.231294
35.4400,-0.058089,0.773919,0.526081,0.422500,-1.239187
35.4500,-0.058823,0.774455,0.525545,0.422500,-1.244546
35.4600,-0.059434,0.774737,0.525263,0.422500,-1.247372
35.4700,-0.059921,0.774767,0.525233,0.422500,-1.247674
35.4800,-0.060283,0.774547,0.525453,0.422500,-1.245466
35.4900,-0.060520,0.774077,0.525923,0.422500,-1.240768
35.5000,-0.060633,0.773360,0.526640,0.422500,-1.233602
35.5100,-0.060622,0.772400,0.527600,0.422500,-1.224000
35.5200,-0.060487,0.771200,0.528800,0.422500,-1.211996
35.5300,-0.060230,0.769763,0.530237,0.422500,-1.197629
35.5400,-0.059852,0.768094,0.531906,0.422500,-1.180945
35.5500,-0.059354,0.766199,0.533801,0.422500,-1.161992
35.5600,-0.058738,0.764082,0.535918,0.422500,-1.140823
35.5700,-0.058007,0.761750,0.538250,0.422500,-1.117497
35.5800,-0.057161,0.759207,0.540793,0.422500,-1.092075
35.5900,-0.056205,0.756462,0.543538,0.422500,-1.064622
35.6000,-0.055139,0.753521,0.546479,0.422500,-1.035208
35.6100,-0.053968,0.750390,0.549610,0.422500,-1.003905
35.6200,-0.052694,0.747079,0.552921,0.422500,-0.970788
35.6300,-0.051321,0.743594,0.556406,0.422500,-0.935936
35.6400,-0.049852,0.739943,0.560057,0.422500,-0.899430
35.6500,-0.048290,0.736135,0.563865,0.422500,-0.861354
35.6600,-0.046639,0.732179,0.567821,0.422500,-0.821793
35.6700,-0.044903,0.728084,0.571916,0.422500,-0.780837
35.6800,-0.043087,0.723857,0.576143,0.422500,-0.738574
35.6900,-0.041193,0.719510,0.580490,0.422500,-0.695096
35.7000,-0.039228,0.715050,0.584950,0.422500,-0.650496
35.7100,-0.037194,0.710487,0.589513,0.422500,-0.604869
35.7200,-0.035096,0.705831,0.594169,0.422500,-0.558310
35.7300,-0.032940,0.701092,0.598908,0.422500,-0.510915
35.7400,-0.030729,0.696278,0.603722,0.422500,-0.462783
35.7500,-0.028468,0.691401,0.608599,0.422500,-0.414009
35.7600,-0.026162,0.686469,0.613531,0.422500,-0.364694
35.7700,-0.023816,0.681493,0.618507,0.422500,-0.314935
35.7800,-0.021434,0.676483,0.623517,0.422500,-0.264831
35.7900,-0.019022,0.671448,0.628552,0.422500,-0.214481
35.8000,-0.016584,0.666398,0.633602,0.422500,-0.163984
35.8100,-0.014126,0.661344,0.638656,0.422500,-0.113437
35.8200,-0.011651,0.656294,0.643706,0.422500,-0.062939
35.8300,-0.009166,0.651259,0.648741,0.422500,-0.012588
35.8400,-0.006674,0.646248,0.653752,0.422500,0.037521
35.8500,-0.004181,0.641271,0.658729,0.422500,0.087291
35.8600,-0.001692,0.636337,0.663663,0.422500,0.136627
35.8700,0.000789,0.631456,0.668544,0.422500,0.185437
35.8800,0.003256,0.626637,0.673363,0.422500,0.233626
35.8900,0.005706,0.621889,0.678111,0.422500,0.281105
35.9000,0.008133,0.617222,0.682778,0.422500,0.327784
35.9100,0.010533,0.612642,0.687358,0.422500,0.373575
35.9200,0.012900,0.608161,0.691839,0.422500,0.418393
35.9300,0.015232,0.603785,0.696215,0.422500,0.462153
35.9400,0.017523,0.599523,0.700477,0.422500,0.504774
35.9500,0.019768,0.595382,0.704618,0.422500,0.546176
35.9600,0.021965,0.591372,0.708628,0.422500,0.586284
35.9700,0.024108,0.587498,0.712502,0.422500,0.625022
35.9800,0.026194,0.583768,0.716232,0.422500,0.662320
35.9900,0.028219,0.580189,0.719811,0.422500,0.698109
36.0000,0.030179,0.576768,0.723232,0.422500,0.732325
36.0100,0.032070,0.573510,0.726490,0.422500,0.764905
36.0200,0.033889,0.570421,0.729579,0.422500,0.795791
36.0300,0.035633,0.567507,0.732493,0.422500,0.824928
36.0400,0.037299,0.564773,0.735227,0.422500,0.852266
36.0500,0.038883,0.562224,0.737776,0.422500,0.877757
36.0600,0.040384,0.559864,0.740136,0.422500,0.901357
36.0700,0.041797,0.557697,0.742303,0.422500,0.923028
36.0800,0.043121,0.555726,0.744274,0.422500,0.942735
36.0900,0.044353,0.553955,0.746045,0.422500,0.960447
36.1000,0.045492,0.552386,0.747614,0.422500,0.976137
36.1100,0.046535,0.551022,0.748978,0.422500,0.989784
36.1200,0.047482,0.549863,0.750137,0.422500,1.001370
36.1300,0.048329,0.548912,0.751088,0.422500,1.010881
36.1400,0.049077,0.548169,0.751831,0.422500,1.018310
36.1500,0.049724,0.547635,0.752365,0.422500,1.023652
36.1600,0.050269,0.547309,0.752691,0.422500,1.026907
36.1700,0.050713,0.547192,0.752808,0.422500,1.028080
36.1800,0.051053,0.547282,0.752718,0.422500,1.027182
36.1900,0.051291,0.547578,0.752422,0.422500,1.024224
36.2000,0.051426,0.548077,0.751923,0.422500,1.019226
36.2100,0.051458,0.548779,0.751221,0.422500,1.012209
36.2200,0.051389,0.549680,0.750320,0.422500,1.003200
36.2300,0.051219,0.550777,0.749223,0.422500,0.992229
36.2400,0.050948,0.552067,0.747933,0.422500,0.979330
36.2500,0.050578,0.553546,0.746454,0.422500,0.964542
36.2600,0.050110,0.555209,0.744791,0.422500,0.947906
36.2700,0.049546,0.557053,0.742947,0.422500,0.929467
36.2800,0.048887,0.559073,0.740927,0.422500,0.909274
36.2900,0.048135,0.561262,0.738738,0.422500,0.887380
36.3000,0.047293,0.563616,0.736384,0.422500,0.863838
36.3100,0.046363,0.566129,0.733871,0.422500,0.838707
36.3200,0.045346,0.568795,0.731205,0.422500,0.812047
36.3300,0.044246,0.571608,0.728392,0.422500,0.783921
36.3400,0.043066,0.574560,0.725440,0.422500,0.754395
36.3500,0.041807,0.577646,0.722354,0.422500,0.723537
36.3600,0.040474,0.580858,0.719142,0.422500,0.691417
36.3700,0.039069,0.584189,0.715811,0.422500,0.658106
36.3800,0.037596,0.587632,0.712368,0.422500,0.623678
36.3900,0.036058,0.591179,0.708821,0.422500,0.588208
36.4000,0.034458,0.594823,0.705177,0.422500,0.551773
36.4100,0.032800,0.598555,0.701445,0.422500,0.514450
36.4200,0.031087,0.602368,0.697632,0.422500,0.476319
36.4300,0.029324,0.606254,0.693746,0.422500,0.437458
36.4400,0.027515,0.610205,0.689795,0.422500,0.397950
36.4500,0.025662,0.614213,0.685787,0.422500,0.357875
36.4600,0.023770,0.618269,0.681731,0.422500,0.317314
36.4700,0.021843,0.622365,0.677635,0.422500,0.276351
36.4800,0.019884,0.626493,0.673507,0.422500,0.235068
36.4900,0.017899,0.630645,0.669355,0.422500,0.193547
36.5000,0.015891,0.634813,0.665187,0.422500,0.151871
36.5100,0.013863,0.638988,0.661012,0.422500,0.110122
36.5200,0.011821,0.643162,0.656838,0.422500,0.068383
36.5300,0.009768,0.647327,0.652673,0.422500,0.026734
36.5400,0.007709,0.651474,0.648526,0.422500,-0.014743
36.5500,0.005646,0.655597,0.644403,0.422500,-0.055968
36.5600,0.003585,0.659686,0.640314,0.422500,-0.096861
36.5700,0.001530,0.663734,0.636266,0.422500,-0.137344
36.5800,-0.000516,0.667734,0.632266,0.422500,-0.177339
36.5900,-0.002548,0.671677,0.628323,0.422500,-0.216771
36.6000,-0.004563,0.675556,0.624444,0.422500,-0.255563
36.6100,-0.006557,0.679364,0.620636,0.422500,-0.293644
36.6200,-0.008526,0.683094,0.616906,0.422500,-0.330941
36.6300,-0.010466,0.686738,0.613262,0.422500,-0.367384
36.6400,-0.012373,0.690291,0.609709,0.422500,-0.402905
36.6500,-0.014245,0.693744,0.606256,0.422500,-0.437438
36.6600,-0.016077,0.697092,0.602908,0.422500,-0.470919
36.6700,-0.017865,0.700329,0.599671,0.422500,-0.503287
36.6800,-0.019608,0.703448,0.596552,0.422500,-0.534481
36.6900,-0.021301,0.706445,0.593555,0.422500,-0.564446
36.7000,-0.022941,0.709313,0.590687,0.422500,-0.593126
36.7100,-0.024525,0.712047,0.587953,0.422500,-0.620471
36.7200,-0.026051,0.714643,0.585357,0.422500,-0.646432
36.7300,-0.027516,0.717096,0.582904,0.422500,-0.670964
36.7400,-0.028916,0.719402,0.580598,0.422500,-0.694023
36.7500,-0.030250,0.721557,0.578443,0.422500,-0.715571
36.7600,-0.031516,0.723557,0.576443,0.422500,-0.735571
36.7700,-0.032710,0.725399,0.574601,0.422500,-0.753990
36.7800,-0.033831,0.727080,0.572920,0.422500,-0.770799
36.7900,-0.034877,0.728597,0.571403,0.422500,-0.785973
36.8000,-0.035847,0.729949,0.570051,0.422500,-0.799487
36.8100,-0.036738,0.731132,0.568868,0.422500,-0.811325
36.8200,-0.037550,0.732147,0.567853,0.422500,-0.821469
36.8300,-0.038281,0.732991,0.567009,0.422500,-0.829909
36.8400,-0.038930,0.733664,0.566336,0.422500,-0.836637
36.8500,-0.039495,0.734165,0.565835,0.422500,-0.841647
36.8600,-0.039978,0.734494,0.565506,0.422500,-0.844939
36.8700,-0.040376,0.734652,0.565348,0.422500,-0.846517
36.8800,-0.040690,0.734638,0.565362,0.422500,-0.846385
36.8900,-0.040919,0.734455,0.565545,0.422500,-0.844554
36.9000,-0.041064,0.734104,0.565896,0.422500,-0.841038
36.9100,-0.041124,0.733585,0.566415,0.422500,-0.835853
36.9200,-0.041100,0.732902,0.567098,0.422500,-0.829020
36.9300,-0.040993,0.732056,0.567944,0.422500,-0.820561
36.9400,-0.040802,0.731050,0.568950,0.422500,-0.810505
36.9500,-0.040530,0.729888,0.570112,0.422500,-0.798879
36.9600,-0.040177,0.728572,0.571428,0.422500,-0.785719
36.9700,-0.039743,0.727106,0.572894,0.422500,-0.771058
36.9800,-0.039232,0.725494,0.574506,0.422500,-0.754937
36.9900,-0.038643,0.723740,0.576260,0.422500,-0.737395
37.0000,-0.037979,0.721848,0.578152,0.422500,-0.718478
37.0100,-0.037241,0.719823,0.580177,0.422500,-0.698232
37.0200,-0.036432,0.717671,0.582329,0.422500,-0.676705
37.0300,-0.035553,0.715395,0.584605,0.422500,-0.653949
37.0400,-0.034607,0.713002,0.586998,0.422500,-0.630016
37.0500,-0.033596,0.710496,0.589504,0.422500,-0.604962
37.0600,-0.032522,0.707884,0.592116,0.422500,-0.578843
37.0700,-0.031388,0.705172,0.594828,0.422500,-0.551718
37.0800,-0.030196,0.702365,0.597635,0.422500,-0.523647
37.0900,-0.028950,0.699469,0.600531,0.422500,-0.494691
37.1000,-0.027651,0.696491,0.603509,0.422500,-0.464915
37.1100,-0.026304,0.693438,0.606562,0.422500,-0.434380
37.1200,-0.024911,0.690315,0.609685,0.422500,-0.403153
37.1300,-0.023474,0.687130,0.612870,0.422500,-0.371299
37.1400,-0.021998,0.683889,0.616111,0.422500,-0.338886
37.1500,-0.020485,0.680598,0.619402,0.422500,-0.305979
37.1600,-0.018939,0.677265,0.622735,0.422500,-0.272648
37.1700,-0.017362,0.673896,0.626104,0.422500,-0.238960
37.1800,-0.015758,0.670498,0.629502,0.422500,-0.204985
37.1900,-0.014131,0.667079,0.632921,0.422500,-0.170790
37.2000,-0.012484,0.663644,0.636356,0.422500,-0.136444
37.2100,-0.010820,0.660202,0.639798,0.422500,-0.102015
37.2200,-0.009142,0.656757,0.643243,0.422500,-0.067573
37.2300,-0.007454,0.653319,0.646681,0.422500,-0.033185
37.2400,-0.005760,0.649892,0.650108,0.422500,0.001081
37.2500,-0.004062,0.646484,0.653516,0.422500,0.035158
37.2600,-0.002364,0.643102,0.656898,0.422500,0.068981
37.2700,-0.000670,0.639752,0.660248,0.422500,0.102483
37.2800,0.001017,0.636440,0.663560,0.422500,0.135600
37.2900,0.002694,0.633173,0.666827,0.422500,0.168269
37.3000,0.004358,0.629957,0.670043,0.422500,0.200427
37.3100,0.006005,0.626799,0.673201,0.422500,0.232012
37.3200,0.007633,0.623703,0.676297,0.422500,0.262966
37.3300,0.009237,0.620677,0.679323,0.422500,0.293230
37.3400,0.010816,0.617725,0.682275,0.422500,0.322747
37.3500,0.012366,0.614854,0.685146,0.422500,0.351462
37.3600,0.013883,0.612068,0.687932,0.422500,0.379322
37.3700,0.015366,0.609372,0.690628,0.422500,0.406276
37.3800,0.016812,0.606773,0.693227,0.422500,0.432274
37.3900,0.018217,0.604273,0.695727,0.422500,0.457269
37.4000,0.019580,0.601878,0.698122,0.422500,0.481216
37.4100,0.020897,0.599593,0.700407,0.422500,0.504073
37.4200,0.022166,0.597420,0.702580,0.422500,0.525798
37.4300,0.023386,0.595365,0.704635,0.422500,0.546354
37.4400,0.024553,0.593429,0.706571,0.422500,0.565705
37.4500,0.025666,0.591618,0.708382,0.422500,0.583819
37.4600,0.026722,0.589933,0.710067,0.422500,0.600666
37.4700,0.027721,0.588378,0.711622,0.422500,0.616217
37.4800,0.028660,0.586955,0.713045,0.422500,0.630448
37.4900,0.029537,0.585666,0.714334,0.422500,0.643338
37.5000,0.030352,0.584513,0.715487,0.422500,0.654867
37.5100,0.031103,0.583498,0.716502,0.422500,0.665019
37.5200,0.031788,0.582622,0.717378,0.422500,0.673780
37.5300,0.032407,0.581886,0.718114,0.422500,0.681141
37.5400,0.032958,0.581291,0.718709,0.422500,0.687095
37.5500,0.033442,0.580836,0.719164,0.422500,0.691636
37.5600,0.033857,0.580524,0.719476,0.422500,0.694763
37.5700,0.034202,0.580352,0.719648,0.422500,0.696477
37.5800,0.034479,0.580322,0.719678,0.422500,0.696784
37.5900,0.034686,0.580431,0.719569,0.422500,0.695691
37.6000,0.034823,0.580679,0.719321,0.422500,0.693206
37.6100,0.034890,0.581066,0.718934,0.422500,0.689344
37.6200,0.034888,0.581588,0.718412,0.422500,0.684120
37.6300,0.034817,0.582245,0.717755,0.422500,0.677552
37.6400,0.034678,0.583034,0.716966,0.422500,0.669662
37.6500,0.034471,0.583953,0.716047,0.422500,0.660473
37.6600,0.034198,0.584999,0.715001,0.422500,0.650011
37.6700,0.033858,0.586169,0.713831,0.422500,0.638305
37.6800,0.033453,0.587461,0.712539,0.422500,0.625386
37.6900,0.032984,0.588871,0.711129,0.422500,0.611286
37.7000,0.032453,0.590396,0.709604,0.422500,0.596041
37.7100,0.031861,0.592031,0.707969,0.422500,0.579690
37.7200,0.031210,0.593773,0.706227,0.422500,0.562270
37.7300,0.030500,0.595618,0.704382,0.422500,0.543823
37.7400,0.029735,0.597561,0.702439,0.422500,0.524393
37.7500,0.028915,0.599598,0.700402,0.422500,0.504023
37.7600,0.028043,0.601724,0.698276,0.422500,0.482761
37.7700,0.027121,0.603935,0.696065,0.422500,0.460654
37.7800,0.026151,0.606225,0.693775,0.422500,0.437752
37.7900,0.025135,0.608590,0.691410,0.422500,0.414104
37.8000,0.024075,0.611024,0.688976,0.422500,0.389762
37.8100,0.022974,0.613522,0.686478,0.422500,0.364779
37.8200,0.021835,0.616079,0.683921,0.422500,0.339208
37.8300,0.020659,0.618690,0.681310,0.422500,0.313103
37.8400,0.019450,0.621348,0.678652,0.422500,0.286520
37.8500,0.018209,0.624049,0.675951,0.422500,0.259514
37.8600,0.016940,0.626786,0.673214,0.422500,0.232140
37.8700,0.015646,0.629554,0.670446,0.422500,0.204456
37.8800,0.014328,0.632348,0.667652,0.422500,0.176518
37.8900,0.012990,0.635162,0.664838,0.422500,0.148383
37.9000,0.011635,0.637989,0.662011,0.422500,0.120108
37.9100,0.010265,0.640825,0.659175,0.422500,0.091749
37.9200,0.008883,0.643664,0.656336,0.422500,0.063363
37.9300,0.007492,0.646499,0.653501,0.422500,0.035008
37.9400,0.006094,0.649326,0.650674,0.422500,0.006738
37.9500,0.004693,0.652139,0.647861,0.422500,-0.021391
37.9600,0.003292,0.654932,0.645068,0.422500,-0.049323
37.9700,0.001892,0.657700,0.642300,0.422500,-0.077004
37.9800,0.000498,0.660438,0.639562,0.422500,-0.104380
37.9900,-0.000889,0.663140,0.636860,0.422500,-0.131399
38.0000,-0.002265,0.665801,0.634199,0.422500,-0.158009
38.0100,-0.003629,0.668416,0.631584,0.422500,-0.184160
38.0200,-0.004977,0.670980,0.629020,0.422500,-0.209800
38.0300,-0.006306,0.673488,0.626512,0.422500,-0.234882
38.0400,-0.007615,0.675936,0.624064,0.422500,-0.259360
38.0500,-0.008901,0.678319,0.621681,0.422500,-0.283186
38.0600,-0.010160,0.680632,0.619368,0.422500,-0.306318
38.0700,-0.011392,0.682871,0.617129,0.422500,-0.328711
38.0800,-0.012593,0.685033,0.614967,0.422500,-0.350326
38.0900,-0.013762,0.687112,0.612888,0.422500,-0.371124
38.1000,-0.014896,0.689107,0.610893,0.422500,-0.391066
38.1100,-0.015993,0.691012,0.608988,0.422500,-0.410117
38.1200,-0.017051,0.692824,0.607176,0.422500,-0.428243
38.1300,-0.018068,0.694541,0.605459,0.422500,-0.445414
38.1400,-0.019043,0.696160,0.603840,0.422500,-0.461598
38.1500,-0.019973,0.697677,0.602323,0.422500,-0.476770
38.1600,-0.020858,0.699090,0.600910,0.422500,-0.490904
38.1700,-0.021695,0.700398,0.599602,0.422500,-0.503976
38.1800,-0.022483,0.701597,0.598403,0.422500,-0.515967
38.1900,-0.023220,0.702686,0.597314,0.422500,-0.526857
38.2000,-0.023907,0.703663,0.596337,0.422500,-0.536630
38.2100,-0.024540,0.704527,0.595473,0.422500,-0.545274
38.2200,-0.025120,0.705278,0.594722,0.422500,-0.552775
38.2300,-0.025646,0.705913,0.594087,0.422500,-0.559126
38.2400,-0.026116,0.706432,0.593568,0.422500,-0.564320
38.2500,-0.026531,0.706835,0.593165,0.422500,-0.568353
38.2600,-0.026889,0.707122,0.592878,0.422500,-0.571223
38.2700,-0.027191,0.707293,0.592707,0.422500,-0.572930
38.2800,-0.027435,0.707348,0.592652,0.422500,-0.573477
38.2900,-0.027622,0.707287,0.592713,0.422500,-0.572871
38.3000,-0.027752,0.707112,0.592888,0.422500,-0.571118
38.3100,-0.027824,0.706823,0.593177,0.422500,-0.568229
38.3200,-0.027839,0.706422,0.593578,0.422500,-0.564215
38.3300,-0.027798,0.705909,0.594091,0.422500,-0.559092
38.3400,-0.027700,0.705288,0.594712,0.422500,-0.552876
38.3500,-0.027546,0.704559,0.595441,0.422500,-0.545585
38.3600,-0.027337,0.703724,0.596276,0.422500,-0.537241
38.3700,-0.027073,0.702787,0.597213,0.422500,-0.527867
38.3800,-0.026756,0.701749,0.598251,0.422500,-0.517487
38.3900,-0.026386,0.700613,0.599387,0.422500,-0.506128
38.4000,-0.025964,0.699382,0.600618,0.422500,-0.493818
38.4100,-0.025491,0.698059,0.601941,0.422500,-0.480588
38.4200,-0.024970,0.696647,0.603353,0.422500,-0.466470
38.4300,-0.024400,0.695150,0.604850,0.422500,-0.451497
38.4400,-0.023784,0.693570,0.606430,0.422500,-0.435704
38.4500,-0.023122,0.691913,0.608087,0.422500,-0.419127
38.4600,-0.022417,0.690181,0.609819,0.422500,-0.401805
38.4700,-0.021671,0.688378,0.611622,0.422500,-0.383776
38.4800,-0.020884,0.686508,0.613492,0.422500,-0.365081
38.4900,-0.020059,0.684576,0.615424,0.422500,-0.345760
38.5000,-0.019198,0.682586,0.617414,0.422500,-0.325856
38.5100,-0.018302,0.680541,0.619459,0.422500,-0.305412
38.5200,-0.017374,0.678447,0.621553,0.422500,-0.284471
38.5300,-0.016415,0.676308,0.623692,0.422500,-0.263080
38.5400,-0.015428,0.674128,0.625872,0.422500,-0.241282
38.5500,-0.014415,0.671912,0.628088,0.422500,-0.219123
38.5600,-0.013378,0.669665,0.630335,0.422500,-0.196650
38.5700,-0.012319,0.667391,0.632609,0.422500,-0.173909
38.5800,-0.011241,0.665095,0.634905,0.422500,-0.150947
38.5900,-0.010145,0.662781,0.637219,0.422500,-0.127811
38.6000,-0.009034,0.660455,0.639545,0.422500,-0.104548
38.6100,-0.007911,0.658120,0.641880,0.422500,-0.081205
38.6200,-0.006777,0.655783,0.644217,0.422500,-0.057829
38.6300,-0.005635,0.653447,0.646553,0.422500,-0.034466
38.6400,-0.004488,0.651116,0.648884,0.422500,-0.011163
38.6500,-0.003337,0.648797,0.651203,0.422500,0.012033
38.6600,-0.002185,0.646492,0.653508,0.422500,0.035078
38.6700,-0.001034,0.644207,0.655793,0.422500,0.057926
38.6800,0.000114,0.641947,0.658053,0.422500,0.080533
38.6900,0.001256,0.639714,0.660286,0.422500,0.102855
38.7000,0.002389,0.637515,0.662485,0.422500,0.124849
38.7100,0.003513,0.635353,0.664647,0.422500,0.146473
38.7200,0.004624,0.633231,0.666769,0.422500,0.167685
38.7300,0.005721,0.631155,0.668845,0.422500,0.188447
38.7400,0.006800,0.629128,0.670872,0.422500,0.208717
38.7500,0.007862,0.627154,0.672846,0.422500,0.228459
38.7600,0.008902,0.625236,0.674764,0.422500,0.247636
38.7700,0.009920,0.623379,0.676621,0.422500,0.266213
38.7800,0.010913,0.621584,0.678416,0.422500,0.284155
38.7900,0.011879,0.619857,0.680143,0.422500,0.301430
38.8000,0.012817,0.618199,0.681801,0.422500,0.318007
38.8100,0.013726,0.616614,0.683386,0.422500,0.333857
38.8200,0.014602,0.615105,0.684895,0.422500,0.348950
38.8300,0.015445,0.613674,0.686326,0.422500,0.363262
38.8400,0.016254,0.612323,0.687677,0.422500,0.376768
38.8500,0.017026,0.611056,0.688944,0.422500,0.389444
38.8600,0.017761,0.609873,0.690127,0.422500,0.401269
38.8700,0.018457,0.608777,0.691223,0.422500,0.412225
38.8800,0.019113,0.607771,0.692229,0.422500,0.422294
38.8900,0.019727,0.606854,0.693146,0.422500,0.431461
38.9000,0.020300,0.606029,0.693971,0.422500,0.439712
38.9100,0.020829,0.605297,0.694703,0.422500,0.447035
38.9200,0.021315,0.604658,0.695342,0.422500,0.453420
38.9300,0.021756,0.604114,0.695886,0.422500,0.458861
38.9400,0.022152,0.603665,0.696335,0.422500,0.463350
38.9500,0.022501,0.603312,0.696688,0.422500,0.466885
38.9600,0.022805,0.603054,0.696946,0.422500,0.469463
38.9700,0.023061,0.602892,0.697108,0.422500,0.471084
38.9800,0.023271,0.602825,0.697175,0.422500,0.471751
38.9900,0.023434,0.602853,0.697147,0.422500,0.471467
39.0000,0.023550,0.602976,0.697024,0.422500,0.470239
39.0100,0.023618,0.603193,0.696807,0.422500,0.468074
39.0200,0.023639,0.603502,0.696498,0.422500,0.464982
39.0300,0.023614,0.603903,0.696097,0.422500,0.460973
39.0400,0.023542,0.604394,0.695606,0.422500,0.456062
39.0500,0.023424,0.604974,0.695026,0.422500,0.450264
39.0600,0.023260,0.605641,0.694359,0.422500,0.443595
39.0700,0.023052,0.606393,0.693607,0.422500,0.436073
39.0800,0.022799,0.607228,0.692772,0.422500,0.427719
39.0900,0.022502,0.608145,0.691855,0.422500,0.418554
39.1000,0.022163,0.609140,0.690860,0.422500,0.408601
39.1100,0.021782,0.610212,0.689788,0.422500,0.397884
39.1200,0.021360,0.611357,0.688643,0.422500,0.386430
39.1300,0.020898,0.612573,0.687427,0.422500,0.374266
39.1400,0.020398,0.613858,0.686142,0.422500,0.361419
39.1500,0.019860,0.615208,0.684792,0.422500,0.347921
39.1600,0.019286,0.616620,0.683380,0.422500,0.333801
39.1700,0.018678,0.618091,0.681909,0.422500,0.319092
39.1800,0.018036,0.619617,0.680383,0.422500,0.303825
39.1900,0.017362,0.621196,0.678804,0.422500,0.288036
39.2000,0.016658,0.622824,0.677176,0.422500,0.271759
39.2100,0.015926,0.624497,0.675503,0.422500,0.255028
39.2200,0.015166,0.626212,0.673788,0.422500,0.237880
39.2300,0.014381,0.627965,0.672035,0.422500,0.220352
39.2400,0.013572,0.629752,0.670248,0.422500,0.202481
39.2500,0.012741,0.631570,0.668430,0.422500,0.184303
39.2600,0.011890,0.633414,0.666586,0.422500,0.165859
39.2700,0.011020,0.635282,0.664718,0.422500,0.147185
39.2800,0.010134,0.637168,0.662832,0.422500,0.128320
39.2900,0.009234,0.639070,0.660930,0.422500,0.109303
39.3000,0.008320,0.640983,0.659017,0.422500,0.090173
39.3100,0.007396,0.642903,0.657097,0.422500,0.070969
39.3200,0.006463,0.644827,0.655173,0.422500,0.051729
39.3300,0.005522,0.646751,0.653249,0.422500,0.032492
39.3400,0.004577,0.648670,0.651330,0.422500,0.013296
39.3500,0.003628,0.650582,0.649418,0.422500,-0.005820
39.3600,0.002678,0.652482,0.647518,0.422500,-0.024819
39.3700,0.001729,0.654366,0.645634,0.422500,-0.043664
39.3800,0.000782,0.656232,0.643768,0.422500,-0.062318
39.3900,-0.000161,0.658074,0.641926,0.422500,-0.080744
39.4000,-0.001097,0.659891,0.640109,0.422500,-0.098907
39.4100,-0.002026,0.661677,0.638323,0.422500,-0.116772
39.4200,-0.002944,0.663431,0.636569,0.422500,-0.134306
39.4300,-0.003851,0.665147,0.634853,0.422500,-0.151474
39.4400,-0.004745,0.666824,0.633176,0.422500,-0.168244
39.4500,-0.005623,0.668459,0.631541,0.422500,-0.184586
39.4600,-0.006485,0.670047,0.629953,0.422500,-0.200468
39.4700,-0.007328,0.671586,0.628414,0.422500,-0.215861
39.4800,-0.008151,0.673074,0.626926,0.422500,-0.230738
39.4900,-0.008953,0.674507,0.625493,0.422500,-0.245070
39.5000,-0.009732,0.675883,0.624117,0.422500,-0.258833
39.5100,-0.010486,0.677200,0.622800,0.422500,-0.272001
39.5200,-0.011215,0.678455,0.621545,0.422500,-0.284552
39.5300,-0.011916,0.679646,0.620354,0.422500,-0.296464
39.5400,-0.012590,0.680772,0.619228,0.422500,-0.307715
39.5500,-0.013233,0.681829,0.618171,0.422500,-0.318288
39.5600,-0.013846,0.682816,0.617184,0.422500,-0.328164
39.5700,-0.014427,0.683733,0.616267,0.422500,-0.337328
39.5800,-0.014975,0.684576,0.615424,0.422500,-0.345765
39.5900,-0.015489,0.685346,0.614654,0.422500,-0.353461
39.6000,-0.015969,0.686041,0.613959,0.422500,-0.360406
39.6100,-0.016414,0.686659,0.613341,0.422500,-0.366590
39.6200,-0.016823,0.687200,0.612800,0.422500,-0.372004
39.6300,-0.017195,0.687664,0.612336,0.422500,-0.376642
39.6400,-0.017530,0.688050,0.611950,0.422500,-0.380498
39.6500,-0.017827,0.688357,0.611643,0.422500,-0.383569
39.6600,-0.018086,0.688585,0.611415,0.422500,-0.385854
39.6700,-0.018307,0.688735,0.611265,0.422500,-0.387352
39.6800,-0.018489,0.688806,0.611194,0.422500,-0.388064
39.6900,-0.018633,0.688799,0.611201,0.422500,-0.387993
39.7000,-0.018738,0.688714,0.611286,0.422500,-0.387145
39.7100,-0.018804,0.688552,0.611448,0.422500,-0.385524
39.7200,-0.018831,0.688314,0.611686,0.422500,-0.383138
39.7300,-0.018819,0.688000,0.612000,0.422500,-0.379998
39.7400,-0.018770,0.687611,0.612389,0.422500,-0.376112
39.7500,-0.018682,0.687149,0.612851,0.422500,-0.371493
39.7600,-0.018557,0.686616,0.613384,0.422500,-0.366155
39.7700,-0.018395,0.686011,0.613989,0.422500,-0.360113
39.7800,-0.018196,0.685338,0.614662,0.422500,-0.353381
39.7900,-0.017960,0.684598,0.615402,0.422500,-0.345979
39.8000,-0.017690,0.683792,0.616208,0.422500,-0.337924
39.8100,-0.017385,0.682924,0.617076,0.422500,-0.329237
39.8200,-0.017047,0.681994,0.618006,0.422500,-0.319938
39.8300,-0.016675,0.681005,0.618995,0.422500,-0.310049
39.8400,-0.016271,0.679959,0.620041,0.422500,-0.299595
39.8500,-0.015837,0.678860,0.621140,0.422500,-0.288598
39.8600,-0.015372,0.677708,0.622292,0.422500,-0.277084
39.8700,-0.014879,0.676508,0.623492,0.422500,-0.265079
39.8800,-0.014358,0.675261,0.624739,0.422500,-0.252611
39.8900,-0.013811,0.673971,0.626029,0.422500,-0.239705
39.9000,-0.013238,0.672639,0.627361,0.422500,-0.226392
39.9100,-0.012641,0.671270,0.628730,0.422500,-0.212699
39.9200,-0.012022,0.669866,0.630134,0.422500,-0.198657
39.9300,-0.011382,0.668429,0.631571,0.422500,-0.184295
39.9400,-0.010722,0.666964,0.633036,0.422500,-0.169644
39.9500,-0.010043,0.665473,0.634527,0.422500,-0.154734
39.9600,-0.009347,0.663960,0.636040,0.422500,-0.139598
39.9700,-0.008636,0.662427,0.637573,0.422500,-0.124267
39.9800,-0.007911,0.660877,0.639123,0.422500,-0.108772
39.9900,-0.007174,0.659315,0.640685,0.422500,-0.093145
40.0000,-0.006426,0.657742,0.642258,0.422500,-0.077419
40.0100,-0.005669,0.656162,0.643838,0.422500,-0.061624
40.0200,-0.004903,0.654579,0.645421,0.422500,-0.045794
40.0300,-0.004132,0.652996,0.647004,0.422500,-0.029961
40.0400,-0.003356,0.651415,0.648585,0.422500,-0.014154
40.0500,-0.002577,0.649841,0.650159,0.422500,0.001593
40.0600,-0.001797,0.648275,0.651725,0.422500,0.017249
40.0700,-0.001017,0.646722,0.653278,0.422500,0.032785
40.0800,-0.000239,0.645183,0.654817,0.422500,0.048169
40.0900,0.000536,0.643663,0.656337,0.422500,0.063371
40.1000,0.001307,0.642164,0.657836,0.422500,0.078362
40.1100,0.002071,0.640689,0.659311,0.422500,0.093114
40.1200,0.002827,0.639240,0.660760,0.422500,0.107598
40.1300,0.003574,0.637821,0.662179,0.422500,0.121786
40.1400,0.004310,0.636435,0.663565,0.422500,0.135652
40.1500,0.005034,0.635083,0.664917,0.422500,0.149170
40.1600,0.005745,0.633769,0.666231,0.422500,0.162314
40.1700,0.006440,0.632494,0.667506,0.422500,0.175060
40.1800,0.007120,0.631261,0.668739,0.422500,0.187385
40.1900,0.007782,0.630073,0.669927,0.422500,0.199267
40.2000,0.008425,0.628932,0.671068,0.422500,0.210683
40.2100,0.009048,0.627839,0.672161,0.422500,0.221614
40.2200,0.009651,0.626796,0.673204,0.422500,0.232041
40.2300,0.010231,0.625806,0.674194,0.422500,0.241944
40.2400,0.010788,0.624869,0.675131,0.422500,0.251308
40.2500,0.011321,0.623988,0.676012,0.422500,0.260116
40.2600,0.011829,0.623165,0.676835,0.422500,0.268354
40.2700,0.012310,0.622399,0.677601,0.422500,0.276008
40.2800,0.012765,0.621693,0.678307,0.422500,0.283066
40.2900,0.013193,0.621048,0.678952,0.422500,0.289517
40.3000,0.013592,0.620465,0.679535,0.422500,0.295351
40.3100,0.013962,0.619944,0.680056,0.422500,0.300561
40.3200,0.014303,0.619486,0.680514,0.422500,0.305138
40.3300,0.014614,0.619092,0.680908,0.422500,0.309078
40.3400,0.014894,0.618762,0.681238,0.422500,0.312376
40.3500,0.015143,0.618497,0.681503,0.422500,0.315029
40.3600,0.015361,0.618296,0.681704,0.422500,0.317035
40.3700,0.015548,0.618161,0.681839,0.422500,0.318394
40.3800,0.015702,0.618089,0.681911,0.422500,0.319106
40.3900,0.015825,0.618083,0.681917,0.422500,0.319174
40.4000,0.015917,0.618140,0.681860,0.422500,0.318601
40.4100,0.015976,0.618261,0.681739,0.422500,0.317392
40.4200,0.016003,0.618445,0.681555,0.422500,0.315552
40.4300,0.015999,0.618691,0.681309,0.422500,0.313090
40.4400,0.015963,0.618999,0.681001,0.422500,0.310013
40.4500,0.015895,0.619367,0.680633,0.422500,0.306332
40.4600,0.015797,0.619794,0.680206,0.422500,0.302056
40.4700,0.015668,0.620280,0.679720,0.422500,0.297198
40.4800,0.015509,0.620823,0.679177,0.422500,0.291771
40.4900,0.015320,0.621421,0.678579,0.422500,0.285789
40.5000,0.015102,0.622073,0.677927,0.422500,0.279267
40.5100,0.014856,0.622778,0.677222,0.422500,0.272221
40.5200,0.014581,0.623533,0.676467,0.422500,0.264669
40.5300,0.014279,0.624337,0.675663,0.422500,0.256628
40.5400,0.013951,0.625188,0.674812,0.422500,0.248117
40.5500,0.013598,0.626084,0.673916,0.422500,0.239156
40.5600,0.013219,0.627023,0.672977,0.422500,0.229766
40.5700,0.012816,0.628003,0.671997,0.422500,0.219967
40.5800,0.012391,0.629022,0.670978,0.422500,0.209782
40.5900,0.011944,0.630077,0.669923,0.422500,0.199233
40.6000,0.011475,0.631166,0.668834,0.422500,0.188343
40.6100,0.010987,0.632286,0.667714,0.422500,0.177137
40.6200,0.010480,0.633436,0.666564,0.422500,0.165638
40.6300,0.009955,0.634613,0.665387,0.422500,0.153871
40.6400,0.009414,0.635814,0.664186,0.422500,0.141862
40.6500,0.008857,0.637037,0.662963,0.422500,0.129634
40.6600,0.008286,0.638278,0.661722,0.422500,0.117215
40.6700,0.007702,0.639537,0.660463,0.422500,0.104630
40.6800,0.007107,0.640809,0.659191,0.422500,0.091906
40.6900,0.006501,0.642093,0.657907,0.422500,0.079068
40.7000,0.005886,0.643386,0.656614,0.422500,0.066142
40.7100,0.005263,0.644684,0.655316,0.422500,0.053156
40.7200,0.004633,0.645986,0.654014,0.422500,0.040136
40.7300,0.003998,0.647289,0.652711,0.422500,0.027107
40.7400,0.003359,0.648590,0.651410,0.422500,0.014096
40.7500,0.002718,0.649887,0.650113,0.422500,0.001129
40.7600,0.002075,0.651177,0.648823,0.422500,-0.011768
40.7700,0.001432,0.652457,0.647543,0.422500,-0.024571
40.7800,0.000790,0.653725,0.646275,0.422500,-0.037253
40.7900,0.000150,0.654979,0.645021,0.422500,-0.049790
40.8000,-0.000486,0.656216,0.643784,0.422500,-0.062159
40.8100,-0.001116,0.657433,0.642567,0.422500,-0.074334
40.8200,-0.001741,0.658629,0.641371,0.422500,-0.086293
40.8300,-0.002358,0.659801,0.640199,0.422500,-0.098013
40.8400,-0.002967,0.660947,0.639053,0.422500,-0.109472
40.8500,-0.003566,0.662065,0.637935,0.422500,-0.120648
40.8600,-0.004154,0.663152,0.636848,0.422500,-0.131521
40.8700,-0.004729,0.664207,0.635793,0.422500,-0.142069
40.8800,-0.005292,0.665227,0.634773,0.422500,-0.152275
40.8900,-0.005841,0.666212,0.633788,0.422500,-0.162119
40.9000,-0.006374,0.667158,0.632842,0.422500,-0.171583
40.9100,-0.006891,0.668065,0.631935,0.422500,-0.180651
40.9200,-0.007391,0.668931,0.631069,0.422500,-0.189307
40.9300,-0.007873,0.669754,0.630246,0.422500,-0.197535
40.9400,-0.008336,0.670532,0.629468,0.422500,-0.205322
40.9500,-0.008779,0.671265,0.628735,0.422500,-0.212653
40.9600,-0.009202,0.671952,0.628048,0.422500,-0.219518
40.9700,-0.009604,0.672590,0.627410,0.422500,-0.225904
40.9800,-0.009983,0.673180,0.626820,0.422500,-0.231802
40.9900,-0.010340,0.673720,0.626280,0.422500,-0.237202
41.0000,-0.010674,0.674210,0.625790,0.422500,-0.242096
41.0100,-0.010984,0.674648,0.625352,0.422500,-0.246478
41.0200,-0.011270,0.675034,0.624966,0.422500,-0.250341
41.0300,-0.011532,0.675368,0.624632,0.422500,-0.253680
41.0400,-0.011768,0.675649,0.624351,0.422500,-0.256491
41.0500,-0.011979,0.675877,0.624123,0.422500,-0.258773
41.0600,-0.012164,0.676052,0.623948,0.422500,-0.260522
41.0700,-0.012323,0.676174,0.623826,0.422500,-0.261739
41.0800,-0.012457,0.676242,0.623758,0.422500,-0.262425
41.0900,-0.012564,0.676258,0.623742,0.422500,-0.262579
41.1000,-0.012645,0.676221,0.623779,0.422500,-0.262206
41.1100,-0.012700,0.676131,0.623869,0.422500,-0.261310
41.1200,-0.012728,0.675989,0.624011,0.422500,-0.259893
41.1300,-0.012730,0.675796,0.624204,0.422500,-0.257964
41.1400,-0.012707,0.675553,0.624447,0.422500,-0.255527
41.1500,-0.012657,0.675259,0.624741,0.422500,-0.252591
41.1600,-0.012582,0.674917,0.625083,0.422500,-0.249165
41.1700,-0.012482,0.674526,0.625474,0.422500,-0.245259
41.1800,-0.012357,0.674088,0.625912,0.422500,-0.240882
41.1900,-0.012207,0.673605,0.626395,0.422500,-0.236046
41.2000,-0.012034,0.673076,0.626924,0.422500,-0.230763
41.2100,-0.011836,0.672505,0.627495,0.422500,-0.225048
41.2200,-0.011616,0.671891,0.628109,0.422500,-0.218912
41.2300,-0.011373,0.671237,0.628763,0.422500,-0.212372
41.2400,-0.011108,0.670544,0.629456,0.422500,-0.205442
41.2500,-0.010822,0.669814,0.630186,0.422500,-0.198139
41.2600,-0.010515,0.669048,0.630952,0.422500,-0.190480
41.2700,-0.010189,0.668248,0.631752,0.422500,-0.182481
41.2800,-0.009843,0.667416,0.632584,0.422500,-0.174160
41.2900,-0.009480,0.666554,0.633446,0.422500,-0.165537
41.3000,-0.009099,0.665663,0.634337,0.422500,-0.156630
41.3100,-0.008701,0.664746,0.635254,0.422500,-0.147459
41.3200,-0.008288,0.663804,0.636196,0.422500,-0.138043
41.3300,-0.007860,0.662840,0.637160,0.422500,-0.128402
41.3400,-0.007418,0.661856,0.638144,0.422500,-0.118558
41.3500,-0.006963,0.660853,0.639147,0.422500,-0.108531
41.3600,-0.006497,0.659834,0.640166,0.422500,-0.098342
41.3700,-0.006020,0.658801,0.641199,0.422500,-0.088013
41.3800,-0.005532,0.657756,0.642244,0.422500,-0.077565
41.3900,-0.005037,0.656702,0.643298,0.422500,-0.067019
41.4000,-0.004533,0.655640,0.644360,0.422500,-0.056398
41.4100,-0.004022,0.654572,0.645428,0.422500,-0.045723
41.4200,-0.003507,0.653501,0.646499,0.422500,-0.035015
41.4300,-0.002986,0.652430,0.647570,0.422500,-0.024296
41.4400,-0.002462,0.651359,0.648641,0.422500,-0.013589
41.4500,-0.001935,0.650291,0.649709,0.422500,-0.002913
41.4600,-0.001408,0.649229,0.650771,0.422500,0.007709
41.4700,-0.000879,0.648174,0.651826,0.422500,0.018257
41.4800,-0.000352,0.647129,0.652871,0.422500,0.028709
41.4900,0.000173,0.646095,0.653905,0.422500,0.039046
41.5000,0.000696,0.645075,0.654925,0.422500,0.049248
41.5100,0.001215,0.644071,0.655929,0.422500,0.059294
41.5200,0.001729,0.643083,0.656917,0.422500,0.069166
41.5300,0.002237,0.642116,0.657884,0.422500,0.078844
41.5400,0.002738,0.641169,0.658831,0.422500,0.088310
41.5500,0.003231,0.640245,0.659755,0.422500,0.097547
41.5600,0.003715,0.639346,0.660654,0.422500,0.106538
41.5700,0.004190,0.638474,0.661526,0.422500,0.115264
41.5800,0.004654,0.637629,0.662371,0.422500,0.123712
41.5900,0.005106,0.636814,0.663186,0.422500,0.131864
41.6000,0.005546,0.636029,0.663971,0.422500,0.139707
41.6100,0.005973,0.635277,0.664723,0.422500,0.147226
41.6200,0.006386,0.634559,0.665441,0.422500,0.154408
41.6300,0.006784,0.633876,0.666124,0.422500,0.161241
41.6400,0.007167,0.633229,0.666771,0.422500,0.167712
41.6500,0.007534,0.632619,0.667381,0.422500,0.173811
41.6600,0.007884,0.632047,0.667953,0.422500,0.179528
41.6700,0.008216,0.631515,0.668485,0.422500,0.184853
41.6800,0.008531,0.631022,0.668978,0.422500,0.189777
41.6900,0.008827,0.630571,0.669429,0.422500,0.194293
41.7000,0.009104,0.630161,0.669839,0.422500,0.198395
41.7100,0.009362,0.629792,0.670208,0.422500,0.202075
41.7200,0.009600,0.629467,0.670533,0.422500,0.205330
41.7300,0.009817,0.629185,0.670815,0.422500,0.208155
41.7400,0.010015,0.628945,0.671055,0.422500,0.210546
41.7500,0.010191,0.628750,0.671250,0.422500,0.212502
41.7600,0.010346,0.628598,0.671402,0.422500,0.214020
41.7700,0.010480,0.628490,0.671510,0.422500,0.215101
41.7800,0.010593,0.628426,0.671574,0.422500,0.215744
41.7900,0.010684,0.628405,0.671595,0.422500,0.215950
41.8000,0.010754,0.628428,0.671572,0.422500,0.215722
41.8100,0.010802,0.628494,0.671506,0.422500,0.215062
41.8200,0.010828,0.628603,0.671397,0.422500,0.213975
41.8300,0.010833,0.628754,0.671246,0.422500,0.212464
41.8400,0.010817,0.628946,0.671054,0.422500,0.210535
41.8500,0.010779,0.629181,0.670819,0.422500,0.208195
41.8600,0.010720,0.629455,0.670545,0.422500,0.205450
41.8700,0.010640,0.629769,0.670231,0.422500,0.202308
41.8800,0.010540,0.630122,0.669878,0.422500,0.198777
41.8900,0.010420,0.630513,0.669487,0.422500,0.194868
41.9000,0.010280,0.630941,0.669059,0.422500,0.190589
41.9100,0.010120,0.631405,0.668595,0.422500,0.185952
41.9200,0.009941,0.631903,0.668097,0.422500,0.180967
41.9300,0.009744,0.632435,0.667565,0.422500,0.175647
41.9400,0.009528,0.633000,0.667000,0.422500,0.170005
41.9500,0.009295,0.633595,0.666405,0.422500,0.164053
41.9600,0.009045,0.634220,0.665780,0.422500,0.157804
41.9700,0.008779,0.634873,0.665127,0.422500,0.151275
41.9800,0.008496,0.635552,0.664448,0.422500,0.144478
41.9900,0.008199,0.636257,0.663743,0.422500,0.137429
42.0000,0.007887,0.636986,0.663014,0.422500,0.130144
42.0100,0.007562,0.637736,0.662264,0.422500,0.122638
42.0200,0.007223,0.638507,0.661493,0.422500,0.114928
42.0300,0.006873,0.639297,0.660703,0.422500,0.107030
42.0400,0.006510,0.640104,0.659896,0.422500,0.098962
42.0500,0.006137,0.640926,0.659074,0.422500,0.090740
42.0600,0.005755,0.641762,0.658238,0.422500,0.082382
42.0700,0.005363,0.642609,0.657391,0.422500,0.073905
42.0800,0.004962,0.643467,0.656533,0.422500,0.065327
42.0900,0.004555,0.644333,0.655667,0.422500,0.056666
42.1000,0.004141,0.645206,0.654794,0.422500,0.047939
42.1100,0.003721,0.646084,0.653916,0.422500,0.039165
42.1200,0.003297,0.646964,0.653036,0.422500,0.030361
42.1300,0.002868,0.647846,0.652154,0.422500,0.021544
42.1400,0.002437,0.648727,0.651273,0.422500,0.012734
42.1500,0.002003,0.649605,0.650395,0.422500,0.003947
42.1600,0.001568,0.650480,0.649520,0.422500,-0.004800
42.1700,0.001133,0.651349,0.648651,0.422500,-0.013488
42.1800,0.000698,0.652210,0.647790,0.422500,-0.022101
42.1900,0.000265,0.653062,0.646938,0.422500,-0.030622
42.2000,-0.000166,0.653903,0.646097,0.422500,-0.039034
42.2100,-0.000595,0.654732,0.645268,0.422500,-0.047322
42.2200,-0.001019,0.655547,0.644453,0.422500,-0.055468
42.2300,-0.001438,0.656346,0.643654,0.422500,-0.063458
42.2400,-0.001852,0.657128,0.642872,0.422500,-0.071277
42.2500,-0.002260,0.657891,0.642109,0.422500,-0.078909
42.2600,-0.002661,0.658634,0.641366,0.422500,-0.086341
42.2700,-0.003053,0.659356,0.640644,0.422500,-0.093558
42.2800,-0.003437,0.660055,0.639945,0.422500,-0.100548
42.2900,-0.003812,0.660730,0.639270,0.422500,-0.107298
42.3000,-0.004177,0.661379,0.638621,0.422500,-0.113794
42.3100,-0.004531,0.662003,0.637997,0.422500,-0.120027
42.3200,-0.004873,0.662598,0.637402,0.422500,-0.125984
42.3300,-0.005204,0.663166,0.636834,0.422500,-0.131656
42.3400,-0.005522,0.663703,0.636297,0.422500,-0.137032
42.3500,-0.005826,0.664210,0.635790,0.422500,-0.142103
42.3600,-0.006118,0.664686,0.635314,0.422500,-0.146861
42.3700,-0.006394,0.665130,0.634870,0.422500,-0.151298
42.3800,-0.006657,0.665541,0.634459,0.422500,-0.155407
42.3900,-0.006904,0.665918,0.634082,0.422500,-0.159182
42.4000,-0.007135,0.666262,0.633738,0.422500,-0.162616
42.4100,-0.007351,0.666570,0.633430,0.422500,-0.165705
42.4200,-0.007550,0.666844,0.633156,0.422500,-0.168444
42.4300,-0.007733,0.667083,0.632917,0.422500,-0.170830
42.4400,-0.007899,0.667286,0.632714,0.422500,-0.172860
42.4500,-0.008048,0.667453,0.632547,0.422500,-0.174532
42.4600,-0.008180,0.667584,0.632416,0.422500,-0.175845
42.4700,-0.008294,0.667680,0.632320,0.422500,-0.176798
42.4800,-0.008390,0.667739,0.632261,0.422500,-0.177390
42.4900,-0.008469,0.667762,0.632238,0.422500,-0.177623
42.5000,-0.008530,0.667750,0.632250,0.422500,-0.177499
42.5100,-0.008574,0.667702,0.632298,0.422500,-0.177019
42.5200,-0.008599,0.667619,0.632381,0.422500,-0.176187
42.5300,-0.008607,0.667501,0.632499,0.422500,-0.175006
42.5400,-0.008598,0.667348,0.632652,0.422500,-0.173480
42.5500,-0.008570,0.667162,0.632838,0.422500,-0.171615
42.5600,-0.008526,0.666942,0.633058,0.422500,-0.169416
42.5700,-0.008464,0.666689,0.633311,0.422500,-0.166889
42.5800,-0.008386,0.666404,0.633596,0.422500,-0.164042
42.5900,-0.008290,0.666088,0.633912,0.422500,-0.160881
42.6000,-0.008179,0.665742,0.634258,0.422500,-0.157415
42.6100,-0.008051,0.665365,0.634635,0.422500,-0.153653
42.6200,-0.007907,0.664960,0.635040,0.422500,-0.149603
42.6300,-0.007748,0.664528,0.635472,0.422500,-0.145276
42.6400,-0.007574,0.664068,0.635932,0.422500,-0.140682
42.6500,-0.007386,0.663583,0.636417,0.422500,-0.135830
42.6600,-0.007184,0.663073,0.636927,0.422500,-0.130734
42.6700,-0.006968,0.662540,0.637460,0.422500,-0.125403
42.6800,-0.006738,0.661985,0.638015,0.422500,-0.119851
42.6900,-0.006497,0.661409,0.638591,0.422500,-0.114089
42.7000,-0.006243,0.660813,0.639187,0.422500,-0.108130
42.7100,-0.005978,0.660199,0.639801,0.422500,-0.101988
42.7200,-0.005702,0.659568,0.640432,0.422500,-0.095675
42.7300,-0.005416,0.658921,0.641079,0.422500,-0.089206
42.7400,-0.005121,0.658259,0.641741,0.422500,-0.082593
42.7500,-0.004816,0.657585,0.642415,0.422500,-0.075852
42.7600,-0.004503,0.656900,0.643100,0.422500,-0.068996
42.7700,-0.004183,0.656204,0.643796,0.422500,-0.062040
42.7800,-0.003856,0.655500,0.644500,0.422500,-0.054998
42.7900,-0.003522,0.654789,0.645211,0.422500,-0.047885
42.8000,-0.003183,0.654072,0.645928,0.422500,-0.040716
42.8100,-0.002840,0.653350,0.646650,0.422500,-0.033504
42.8200,-0.002492,0.652627,0.647373,0.422500,-0.026266
42.8300,-0.002141,0.651901,0.648099,0.422500,-0.019015
42.8400,-0.001787,0.651177,0.648823,0.422500,-0.011766
42.8500,-0.001431,0.650453,0.649547,0.422500,-0.004534
42.8600,-0.001074,0.649733,0.650267,0.422500,0.002667
42.8700,-0.000717,0.649018,0.650982,0.422500,0.009822
42.8800,-0.000360,0.648308,0.651692,0.422500,0.016919
42.8900,-0.000004,0.647606,0.652394,0.422500,0.023941
42.9000,0.000351,0.646912,0.653088,0.422500,0.030877
42.9100,0.000702,0.646229,0.653771,0.422500,0.037713
42.9200,0.001051,0.645557,0.654443,0.422500,0.044435
42.9300,0.001397,0.644897,0.655103,0.422500,0.051030
42.9400,0.001737,0.644251,0.655749,0.422500,0.057486
42.9500,0.002073,0.643621,0.656379,0.422500,0.063792
42.9600,0.002403,0.643007,0.656993,0.422500,0.069934
42.9700,0.002726,0.642410,0.657590,0.422500,0.075902
42.9800,0.003043,0.641832,0.658168,0.422500,0.081684
42.9900,0.003351,0.641273,0.658727,0.422500,0.087271
43.0000,0.003652,0.640735,0.659265,0.422500,0.092651
43.0100,0.003944,0.640218,0.659782,0.422500,0.097816
43.0200,0.004227,0.639724,0.660276,0.422500,0.102756
43.0300,0.004500,0.639254,0.660746,0.422500,0.107462
43.0400,0.004763,0.638807,0.661193,0.422500,0.111927
43.0500,0.005014,0.638386,0.661614,0.422500,0.116142
43.0600,0.005255,0.637990,0.662010,0.422500,0.120101
43.0700,0.005484,0.637620,0.662380,0.422500,0.123797
43.0800,0.005701,0.637278,0.662722,0.422500,0.127224
43.0900,0.005906,0.636962,0.663038,0.422500,0.130377
43.1000,0.006098,0.636675,0.663325,0.422500,0.133251
43.1100,0.006277,0.636416,0.663584,0.422500,0.135841
43.1200,0.006443,0.636186,0.663814,0.422500,0.138145
43.1300,0.006595,0.635984,0.664016,0.422500,0.140158
43.1400,0.006733,0.635812,0.664188,0.422500,0.141879
43.1500,0.006858,0.635669,0.664331,0.422500,0.143306
43.1600,0.006968,0.635556,0.664444,0.422500,0.144437
43.1700,0.007063,0.635473,0.664527,0.422500,0.145272
43.1800,0.007145,0.635419,0.664581,0.422500,0.145811
43.1900,0.007212,0.635394,0.664606,0.422500,0.146055
43.2000,0.007264,0.635400,0.664600,0.422500,0.146004
43.2100,0.007301,0.635434,0.664566,0.422500,0.145661
43.2200,0.007324,0.635497,0.664503,0.422500,0.145027
43.2300,0.007333,0.635589,0.664411,0.422500,0.144105
43.2400,0.007327,0.635710,0.664290,0.422500,0.142900
43.2500,0.007306,0.635859,0.664141,0.422500,0.141415
43.2600,0.007271,0.636035,0.663965,0.422500,0.139654
43.2700,0.007223,0.636238,0.663762,0.422500,0.137622
43.2800,0.007160,0.636467,0.663533,0.422500,0.135326
43.2900,0.007083,0.636723,0.663277,0.422500,0.132771
43.3000,0.006993,0.637004,0.662996,0.422500,0.129964
43.3100,0.006889,0.637309,0.662691,0.422500,0.126912
43.3200,0.006773,0.637638,0.662362,0.422500,0.123622
43.3300,0.006644,0.637990,0.662010,0.422500,0.120103
43.3400,0.006502,0.638364,0.661636,0.422500,0.116362
43.3500,0.006349,0.638759,0.661241,0.422500,0.112408
43.3600,0.006184,0.639175,0.660825,0.422500,0.108251
43.3700,0.006007,0.639610,0.660390,0.422500,0.103900
43.3800,0.005820,0.640064,0.659936,0.422500,0.099364
43.3900,0.005622,0.640535,0.659465,0.422500,0.094655
43.4000,0.005415,0.641022,0.658978,0.422500,0.089782
43.4100,0.005198,0.641524,0.658476,0.422500,0.084756
43.4200,0.004972,0.642041,0.657959,0.422500,0.079587
43.4300,0.004738,0.642571,0.657429,0.422500,0.074288
43.4400,0.004495,0.643113,0.656887,0.422500,0.068869
43.4500,0.004245,0.643666,0.656334,0.422500,0.063342
43.4600,0.003989,0.644228,0.655772,0.422500,0.057719
43.4700,0.003726,0.644799,0.655201,0.422500,0.052012
43.4800,0.003457,0.645377,0.654623,0.422500,0.046231
43.4900,0.003183,0.645961,0.654039,0.422500,0.040390
43.5000,0.002904,0.646550,0.653450,0.422500,0.034501
43.5100,0.002621,0.647143,0.652857,0.422500,0.028575
43.5200,0.002335,0.647738,0.652262,0.422500,0.022624
43.5300,0.002046,0.648334,0.651666,0.422500,0.016662
43.5400,0.001755,0.648930,0.651070,0.422500,0.010699
43.5500,0.001462,0.649525,0.650475,0.422500,0.004747
43.5600,0.001168,0.650118,0.649882,0.422500,-0.001181
43.5700,0.000874,0.650707,0.649293,0.422500,-0.007073
43.5800,0.000580,0.651292,0.648708,0.422500,-0.012919
43.5900,0.000286,0.651871,0.648129,0.422500,-0.018706
43.6000,-0.000006,0.652442,0.647558,0.422500,-0.024424
43.6100,-0.000297,0.653006,0.646994,0.422500,-0.030061
43.6200,-0.000585,0.653561,0.646439,0.422500,-0.035606
43.6300,-0.000870,0.654105,0.645895,0.422500,-0.041050
43.6400,-0.001151,0.654638,0.645362,0.422500,-0.046380
43.6500,-0.001429,0.655159,0.644841,0.422500,-0.051588
43.6600,-0.001701,0.655666,0.644334,0.422500,-0.056664
43.6700,-0.001969,0.656160,0.643840,0.422500,-0.061598
43.6800,-0.002231,0.656638,0.643362,0.422500,-0.066381
43.6900,-0.002487,0.657100,0.642900,0.422500,-0.071004
43.7000,-0.002736,0.657546,0.642454,0.422500,-0.075459
43.7100,-0.002978,0.657974,0.642026,0.422500,-0.079738
43.7200,-0.003212,0.658383,0.641617,0.422500,-0.083833
43.7300,-0.003439,0.658774,0.641226,0.422500,-0.087738
43.7400,-0.003657,0.659144,0.640856,0.422500,-0.091444
43.7500,-0.003866,0.659495,0.640505,0.422500,-0.094947
43.7600,-0.004066,0.659824,0.640176,0.422500,-0.098240
43.7700,-0.004257,0.660132,0.639868,0.422500,-0.101317
43.7800,-0.004438,0.660417,0.639583,0.422500,-0.104174
43.7900,-0.004609,0.660681,0.639319,0.422500,-0.106807
43.8000,-0.004769,0.660921,0.639079,0.422500,-0.109210
43.8100,-0.004919,0.661138,0.638862,0.422500,-0.111381
43.8200,-0.005057,0.661332,0.638668,0.422500,-0.113316
43.8300,-0.005185,0.661501,0.638499,0.422500,-0.115014
43.8400,-0.005301,0.661647,0.638353,0.422500,-0.116471
43.8500,-0.005406,0.661769,0.638231,0.422500,-0.117686
43.8600,-0.005499,0.661866,0.638134,0.422500,-0.118659
43.8700,-0.005580,0.661939,0.638061,0.422500,-0.119388
43.8800,-0.005650,0.661987,0.638013,0.422500,-0.119873
43.8900,-0.005707,0.662012,0.637988,0.422500,-0.120116
43.9000,-0.005753,0.662012,0.637988,0.422500,-0.120115
43.9100,-0.005786,0.661987,0.638013,0.422500,-0.119874
43.9200,-0.005808,0.661939,0.638061,0.422500,-0.119394
43.9300,-0.005817,0.661868,0.638132,0.422500,-0.118677
43.9400,-0.005815,0.661773,0.638227,0.422500,-0.117726
43.9500,-0.005801,0.661654,0.638346,0.422500,-0.116544
43.9600,-0.005775,0.661513,0.638487,0.422500,-0.115135
43.9700,-0.005737,0.661350,0.638650,0.422500,-0.113502
43.9800,-0.005688,0.661165,0.638835,0.422500,-0.111651
43.9900,-0.005627,0.660959,0.639041,0.422500,-0.109586
44.0000,-0.005556,0.660731,0.639269,0.422500,-0.107313
44.0100,-0.005473,0.660484,0.639516,0.422500,-0.104838
44.0200,-0.005379,0.660217,0.639783,0.422500,-0.102165
44.0300,-0.005276,0.659930,0.640070,0.422500,-0.099303
44.0400,-0.005161,0.659626,0.640374,0.422500,-0.096257
44.0500,-0.005037,0.659304,0.640696,0.422500,-0.093035
44.0600,-0.004904,0.658964,0.641036,0.422500,-0.089645
44.0700,-0.004761,0.658609,0.641391,0.422500,-0.086093
44.0800,-0.004609,0.658239,0.641761,0.422500,-0.082389
44.0900,-0.004448,0.657854,0.642146,0.422500,-0.078539
44.1000,-0.004280,0.657455,0.642545,0.422500,-0.074554
44.1100,-0.004103,0.657044,0.642956,0.422500,-0.070441
44.1200,-0.003919,0.656621,0.643379,0.422500,-0.066210
44.1300,-0.003728,0.656187,0.643813,0.422500,-0.061870
44.1400,-0.003530,0.655743,0.644257,0.422500,-0.057429
44.1500,-0.003326,0.655290,0.644710,0.422500,-0.052898
44.1600,-0.003116,0.654829,0.645171,0.422500,-0.048287
44.1700,-0.002901,0.654360,0.645640,0.422500,-0.043604
44.1800,-0.002682,0.653886,0.646114,0.422500,-0.038859
44.1900,-0.002457,0.653406,0.646594,0.422500,-0.034063
44.2000,-0.002229,0.652923,0.647077,0.422500,-0.029225
44.2100,-0.001998,0.652436,0.647564,0.422500,-0.024356
44.2200,-0.001764,0.651946,0.648054,0.422500,-0.019465
44.2300,-0.001527,0.651456,0.648544,0.422500,-0.014562
44.2400,-0.001288,0.650966,0.649034,0.422500,-0.009657
44.2500,-0.001048,0.650476,0.649524,0.422500,-0.004760
44.2600,-0.000807,0.649988,0.650012,0.422500,0.000120
44.2700,-0.000565,0.649503,0.650497,0.422500,0.004972
44.2800,-0.000323,0.649021,0.650979,0.422500,0.009787
44.2900,-0.000082,0.648544,0.651456,0.422500,0.014556
44.3000,0.000158,0.648073,0.651927,0.422500,0.019269
44.3100,0.000396,0.647608,0.652392,0.422500,0.023917
44.3200,0.000633,0.647151,0.652849,0.422500,0.028492
44.3300,0.000868,0.646702,0.653298,0.422500,0.032983
44.3400,0.001099,0.646262,0.653738,0.422500,0.037384
44.3500,0.001327,0.645831,0.654169,0.422500,0.041685
44.3600,0.001552,0.645412,0.654588,0.422500,0.045879
44.3700,0.001772,0.645004,0.654996,0.422500,0.049958
44.3800,0.001988,0.644609,0.655391,0.422500,0.053913
44.3900,0.002199,0.644226,0.655774,0.422500,0.057739
44.4000,0.002404,0.643857,0.656143,0.422500,0.061427
44.4100,0.002604,0.643503,0.656497,0.422500,0.064971
44.4200,0.002797,0.643163,0.656837,0.422500,0.068366
44.4300,0.002984,0.642840,0.657160,0.422500,0.071605
44.4400,0.003164,0.642532,0.657468,0.422500,0.074681
44.4500,0.003337,0.642241,0.657759,0.422500,0.077591
44.4600,0.003503,0.641967,0.658033,0.422500,0.080329
44.4700,0.003660,0.641711,0.658289,0.422500,0.082891
44.4800,0.003810,0.641473,0.658527,0.422500,0.085272
44.4900,0.003951,0.641253,0.658747,0.422500,0.087469
44.5000,0.004084,0.641052,0.658948,0.422500,0.089478
44.5100,0.004208,0.640870,0.659130,0.422500,0.091297
44.5200,0.004324,0.640708,0.659292,0.422500,0.092922
44.5300,0.004430,0.640565,0.659435,0.422500,0.094352
44.5400,0.004526,0.640442,0.659558,0.422500,0.095584
44.5500,0.004614,0.640338,0.659662,0.422500,0.096618
44.5600,0.004692,0.640255,0.659745,0.422500,0.097452
44.5700,0.004760,0.640191,0.659809,0.422500,0.098086
44.5800,0.004818,0.640148,0.659852,0.422500,0.098520
44.5900,0.004867,0.640125,0.659875,0.422500,0.098754
44.6000,0.004905,0.640121,0.659879,0.422500,0.098788
44.6100,0.004934,0.640138,0.659862,0.422500,0.098624
44.6200,0.004953,0.640174,0.659826,0.422500,0.098262
44.6300,0.004962,0.640229,0.659771,0.422500,0.097706
44.6400,0.004961,0.640304,0.659696,0.422500,0.096957
44.6500,0.004951,0.640398,0.659602,0.422500,0.096017
44.6600,0.004931,0.640511,0.659489,0.422500,0.094890
44.6700,0.004901,0.640642,0.659358,0.422500,0.093579
44.6800,0.004862,0.640791,0.659209,0.422500,0.092087
44.6900,0.004813,0.640958,0.659042,0.422500,0.090419
44.7000,0.004755,0.641142,0.658858,0.422500,0.088579
44.7100,0.004688,0.641343,0.658657,0.422500,0.086571
44.7200,0.004612,0.641560,0.658440,0.422500,0.084400
44.7300,0.004528,0.641793,0.658207,0.422500,0.082073
44.7400,0.004435,0.642041,0.657959,0.422500,0.079593
44.7500,0.004334,0.642303,0.657697,0.422500,0.076968
44.7600,0.004225,0.642580,0.657420,0.422500,0.074203
44.7700,0.004108,0.642870,0.657130,0.422500,0.071305
44.7800,0.003984,0.643172,0.656828,0.422500,0.068279
44.7900,0.003853,0.643487,0.656513,0.422500,0.065133
44.8000,0.003715,0.643813,0.656187,0.422500,0.061874
44.8100,0.003570,0.644149,0.655851,0.422500,0.058509
44.8200,0.003419,0.644495,0.655505,0.422500,0.055046
44.8300,0.003263,0.644851,0.655149,0.422500,0.051491
44.8400,0.003101,0.645215,0.654785,0.422500,0.047853
44.8500,0.002933,0.645586,0.654414,0.422500,0.044139
44.8600,0.002761,0.645964,0.654036,0.422500,0.040357
44.8700,0.002585,0.646349,0.653651,0.422500,0.036515
44.8800,0.002404,0.646738,0.653262,0.422500,0.032621
44.8900,0.002220,0.647132,0.652868,0.422500,0.028683
44.9000,0.002033,0.647529,0.652471,0.422500,0.024710
44.9100,0.001842,0.647929,0.652071,0.422500,0.020709
44.9200,0.001650,0.648331,0.651669,0.422500,0.016689
44.9300,0.001455,0.648734,0.651266,0.422500,0.012657
44.9400,0.001258,0.649138,0.650862,0.422500,0.008623
44.9500,0.001060,0.649541,0.650459,0.422500,0.004594
44.9600,0.000862,0.649942,0.650058,0.422500,0.000578
44.9700,0.000663,0.650342,0.649658,0.422500,-0.003417
44.9800,0.000463,0.650738,0.649262,0.422500,-0.007383
44.9900,0.000265,0.651131,0.648869,0.422500,-0.011312
45.0000,0.000067,0.651520,0.648480,0.422500,-0.015197
45.0100,-0.000130,0.651903,0.648097,0.422500,-0.019029
45.0200,-0.000326,0.652280,0.647720,0.422500,-0.022802
45.0300,-0.000519,0.652651,0.647349,0.422500,-0.026509
45.0400,-0.000711,0.653014,0.646986,0.422500,-0.030141
45.0500,-0.000899,0.653369,0.646631,0.422500,-0.033693
45.0600,-0.001085,0.653716,0.646284,0.422500,-0.037158
45.0700,-0.001267,0.654053,0.645947,0.422500,-0.040529
45.0800,-0.001446,0.654380,0.645620,0.422500,-0.043800
45.0900,-0.001620,0.654696,0.645304,0.422500,-0.046964
45.1000,-0.001790,0.655002,0.644998,0.422500,-0.050017
45.1100,-0.001955,0.655295,0.644705,0.422500,-0.052953
45.1200,-0.002116,0.655577,0.644423,0.422500,-0.055766
45.1300,-0.002271,0.655845,0.644155,0.422500,-0.058452
45.1400,-0.002420,0.656101,0.643899,0.422500,-0.061006
45.1500,-0.002564,0.656342,0.643658,0.422500,-0.063423
45.1600,-0.002702,0.656570,0.643430,0.422500,-0.065699
45.1700,-0.002833,0.656783,0.643217,0.422500,-0.067831
45.1800,-0.002957,0.656981,0.643019,0.422500,-0.069815
45.1900,-0.003075,0.657165,0.642835,0.422500,-0.071647
45.2000,-0.003186,0.657333,0.642667,0.422500,-0.073326
45.2100,-0.003290,0.657485,0.642515,0.422500,-0.074849
45.2200,-0.003386,0.657621,0.642379,0.422500,-0.076213
45.2300,-0.003475,0.657742,0.642258,0.422500,-0.077416
45.2400,-0.003557,0.657846,0.642154,0.422500,-0.078458
45.2500,-0.003630,0.657934,0.642066,0.422500,-0.079336
45.2600,-0.003696,0.658005,0.641995,0.422500,-0.080050
45.2700,-0.003754,0.658060,0.641940,0.422500,-0.080599
45.2800,-0.003803,0.658098,0.641902,0.422500,-0.080984
45.2900,-0.003845,0.658120,0.641880,0.422500,-0.081205
45.3000,-0.003879,0.658126,0.641874,0.422500,-0.081261
45.3100,-0.003904,0.658115,0.641885,0.422500,-0.081153
45.3200,-0.003921,0.658088,0.641912,0.422500,-0.080884
45.3300,-0.003931,0.658045,0.641955,0.422500,-0.080454
45.3400,-0.003932,0.657986,0.642014,0.422500,-0.079864
45.3500,-0.003925,0.657912,0.642088,0.422500,-0.079118
45.3600,-0.003910,0.657822,0.642178,0.422500,-0.078217
45.3700,-0.003887,0.657716,0.642284,0.422500,-0.077165
45.3800,-0.003857,0.657596,0.642404,0.422500,-0.075963
45.3900,-0.003818,0.657462,0.642538,0.422500,-0.074616
45.4000,-0.003772,0.657313,0.642687,0.422500,-0.073126
45.4100,-0.003719,0.657150,0.642850,0.422500,-0.071498
45.4200,-0.003658,0.656974,0.643026,0.422500,-0.069736
45.4300,-0.003590,0.656784,0.643216,0.422500,-0.067843
45.4400,-0.003516,0.656583,0.643417,0.422500,-0.065825
45.4500,-0.003434,0.656369,0.643631,0.422500,-0.063686
45.4600,-0.003346,0.656143,0.643857,0.422500,-0.061432
45.4700,-0.003251,0.655907,0.644093,0.422500,-0.059066
45.4800,-0.003151,0.655660,0.644340,0.422500,-0.056595
45.4900,-0.003044,0.655402,0.644598,0.422500,-0.054025
45.5000,-0.002932,0.655136,0.644864,0.422500,-0.051360
45.5100,-0.002814,0.654861,0.645139,0.422500,-0.048607
45.5200,-0.002691,0.654577,0.645423,0.422500,-0.045772
45.5300,-0.002564,0.654286,0.645714,0.422500,-0.042861
45.5400,-0.002431,0.653988,0.646012,0.422500,-0.039880
45.5500,-0.002295,0.653684,0.646316,0.422500,-0.036835
45.5600,-0.002154,0.653373,0.646627,0.422500,-0.033734
45.5700,-0.002010,0.653058,0.646942,0.422500,-0.030582
45.5800,-0.001862,0.652739,0.647261,0.422500,-0.027387
45.5900,-0.001712,0.652415,0.647585,0.422500,-0.024154
45.6000,-0.001558,0.652089,0.647911,0.422500,-0.020890
45.6100,-0.001403,0.651760,0.648240,0.422500,-0.017603
45.6200,-0.001245,0.651430,0.648570,0.422500,-0.014299
45.6300,-0.001085,0.651098,0.648902,0.422500,-0.010985
45.6400,-0.000924,0.650767,0.649233,0.422500,-0.007667
45.6500,-0.000762,0.650435,0.649565,0.422500,-0.004352
45.6600,-0.000599,0.650105,0.649895,0.422500,-0.001047
45.6700,-0.000436,0.649776,0.650224,0.422500,0.002242
45.6800,-0.000272,0.649449,0.650551,0.422500,0.005509
45.6900,-0.000109,0.649125,0.650875,0.422500,0.008746
45.7000,0.000054,0.648805,0.651195,0.422500,0.011947
45.7100,0.000216,0.648489,0.651511,0.422500,0.015107
45.7200,0.000376,0.648178,0.651822,0.422500,0.018219
45.7300,0.000535,0.647872,0.652128,0.422500,0.021276
45.7400,0.000693,0.647573,0.652427,0.422500,0.024275
45.7500,0.000848,0.647279,0.652721,0.422500,0.027208
45.7600,0.001000,0.646993,0.653007,0.422500,0.030070
45.7700,0.001151,0.646714,0.653286,0.422500,0.032856
45.7800,0.001298,0.646444,0.653556,0.422500,0.035560
45.7900,0.001441,0.646182,0.653818,0.422500,0.038178
45.8000,0.001581,0.645930,0.654070,0.422500,0.040705
45.8100,0.001718,0.645686,0.654314,0.422500,0.043136
45.8200,0.001850,0.645453,0.654547,0.422500,0.045467
45.8300,0.001978,0.645231,0.654769,0.422500,0.047694
45.8400,0.002101,0.645019,0.654981,0.422500,0.049813
45.8500,0.002220,0.644818,0.655182,0.422500,0.051820
45.8600,0.002334,0.644629,0.655371,0.422500,0.053712
45.8700,0.002442,0.644451,0.655549,0.422500,0.055486
45.8800,0.002545,0.644286,0.655714,0.422500,0.057138
45.8900,0.002643,0.644133,0.655867,0.422500,0.058667
45.9000,0.002735,0.643993,0.656007,0.422500,0.060070
45.9100,0.002821,0.643866,0.656134,0.422500,0.061344
45.9200,0.002901,0.643751,0.656249,0.422500,0.062488
45.9300,0.002975,0.643650,0.656350,0.422500,0.063500
45.9400,0.003042,0.643562,0.656438,0.422500,0.064380
45.9500,0.003103,0.643488,0.656512,0.422500,0.065125
45.9600,0.003158,0.643426,0.656574,0.422500,0.065735
45.9700,0.003207,0.643379,0.656621,0.422500,0.066210
45.9800,0.003248,0.643345,0.656655,0.422500,0.066550
45.9900,0.003283,0.643325,0.656675,0.422500,0.066754
46.0000,0.003312,0.643318,0.656682,0.422500,0.066823
46.0100,0.003334,0.643324,0.656676,0.422500,0.066758
46.0200,0.003349,0.643344,0.656656,0.422500,0.066559
46.0300,0.003357,0.643377,0.656623,0.422500,0.066228
46.0400,0.003359,0.643423,0.656577,0.422500,0.065765
46.0500,0.003354,0.643483,0.656517,0.422500,0.065173
46.0600,0.003343,0.643555,0.656445,0.422500,0.064454
46.0700,0.003325,0.643639,0.656361,0.422500,0.063610
46.0800,0.003300,0.643736,0.656264,0.422500,0.062642
46.0900,0.003270,0.643845,0.656155,0.422500,0.061554
46.1000,0.003232,0.643965,0.656035,0.422500,0.060349
46.1100,0.003189,0.644097,0.655903,0.422500,0.059029
46.1200,0.003140,0.644240,0.655760,0.422500,0.057598
46.1300,0.003085,0.644394,0.655606,0.422500,0.056060
46.1400,0.003024,0.644558,0.655442,0.422500,0.054418
46.1500,0.002958,0.644732,0.655268,0.422500,0.052675
46.1600,0.002886,0.644916,0.655084,0.422500,0.050837
46.1700,0.002808,0.645109,0.654891,0.422500,0.048907
46.1800,0.002726,0.645311,0.654689,0.422500,0.046889
46.1900,0.002639,0.645521,0.654479,0.422500,0.044789
46.2000,0.002547,0.645739,0.654261,0.422500,0.042610
46.2100,0.002451,0.645964,0.654036,0.422500,0.040358
46.2200,0.002350,0.646196,0.653804,0.422500,0.038038
46.2300,0.002246,0.646435,0.653565,0.422500,0.035654
46.2400,0.002137,0.646679,0.653321,0.422500,0.033212
46.2500,0.002025,0.646928,0.653072,0.422500,0.030716
46.2600,0.001910,0.647183,0.652817,0.422500,0.028173
46.2700,0.001791,0.647441,0.652559,0.422500,0.025588
46.2800,0.001670,0.647703,0.652297,0.422500,0.022966
46.2900,0.001547,0.647969,0.652031,0.422500,0.020312
46.3000,0.001420,0.648237,0.651763,0.422500,0.017632
46.3100,0.001292,0.648507,0.651493,0.422500,0.014931
46.3200,0.001162,0.648778,0.651222,0.422500,0.012216
46.3300,0.001031,0.649051,0.650949,0.422500,0.009491
46.3400,0.000899,0.649324,0.650676,0.422500,0.006763
46.3500,0.000765,0.649596,0.650404,0.422500,0.004036
46.3600,0.000631,0.649868,0.650132,0.422500,0.001316
46.3700,0.000496,0.650139,0.649861,0.422500,-0.001392
46.3800,0.000362,0.650408,0.649592,0.422500,-0.004082
46.3900,0.000227,0.650675,0.649325,0.422500,-0.006748
46.4000,0.000093,0.650939,0.649061,0.422500,-0.009387
46.4100,-0.000041,0.651199,0.648801,0.422500,-0.011991
46.4200,-0.000173,0.651456,0.648544,0.422500,-0.014558
46.4300,-0.000305,0.651708,0.648292,0.422500,-0.017080
46.4400,-0.000435,0.651955,0.648045,0.422500,-0.019555
46.4500,-0.000563,0.652198,0.647802,0.422500,-0.021976
46.4600,-0.000689,0.652434,0.647566,0.422500,-0.024340
46.4700,-0.000813,0.652664,0.647336,0.422500,-0.026642
46.4800,-0.000935,0.652888,0.647112,0.422500,-0.028878
46.4900,-0.001054,0.653104,0.646896,0.422500,-0.031044
46.5000,-0.001170,0.653313,0.646687,0.422500,-0.033135
46.5100,-0.001283,0.653515,0.646485,0.422500,-0.035148
46.5200,-0.001392,0.653708,0.646292,0.422500,-0.037079
46.5300,-0.001499,0.653893,0.646107,0.422500,-0.038926
46.5400,-0.001601,0.654068,0.645932,0.422500,-0.040683
46.5500,-0.001700,0.654235,0.645765,0.422500,-0.042350
46.5600,-0.001794,0.654392,0.645608,0.422500,-0.043922
46.5700,-0.001884,0.654540,0.645460,0.422500,-0.045398
46.5800,-0.001970,0.654677,0.645323,0.422500,-0.046774
46.5900,-0.002051,0.654805,0.645195,0.422500,-0.048049
46.6000,-0.002128,0.654922,0.645078,0.422500,-0.049220
46.6100,-0.002200,0.655029,0.644971,0.422500,-0.050286
46.6200,-0.002267,0.655124,0.644876,0.422500,-0.051245
46.6300,-0.002329,0.655210,0.644790,0.422500,-0.052096
46.6400,-0.002385,0.655284,0.644716,0.422500,-0.052838
46.6500,-0.002437,0.655347,0.644653,0.422500,-0.053469
46.6600,-0.002483,0.655399,0.644601,0.422500,-0.053990
46.6700,-0.002524,0.655440,0.644560,0.422500,-0.054400
46.6800,-0.002560,0.655470,0.644530,0.422500,-0.054698
46.6900,-0.002590,0.655489,0.644511,0.422500,-0.054885
46.7000,-0.002614,0.655496,0.644504,0.422500,-0.054961
46.7100,-0.002633,0.655493,0.644507,0.422500,-0.054926
46.7200,-0.002647,0.655478,0.644522,0.422500,-0.054781
46.7300,-0.002655,0.655453,0.644547,0.422500,-0.054527
46.7400,-0.002658,0.655416,0.644584,0.422500,-0.054165
46.7500,-0.002655,0.655370,0.644630,0.422500,-0.053696
46.7600,-0.002647,0.655312,0.644688,0.422500,-0.053122
46.7700,-0.002633,0.655244,0.644756,0.422500,-0.052445
46.7800,-0.002614,0.655167,0.644833,0.422500,-0.051666
46.7900,-0.002590,0.655079,0.644921,0.422500,-0.050788
46.8000,-0.002561,0.654981,0.645019,0.422500,-0.049813
46.8100,-0.002526,0.654874,0.645126,0.422500,-0.048744
46.8200,-0.002487,0.654758,0.645242,0.422500,-0.047582
46.8300,-0.002443,0.654633,0.645367,0.422500,-0.046332
46.8400,-0.002394,0.654500,0.645500,0.422500,-0.044996
46.8500,-0.002340,0.654358,0.645642,0.422500,-0.043577
46.8600,-0.002282,0.654208,0.645792,0.422500,-0.042078
46.8700,-0.002219,0.654050,0.645950,0.422500,-0.040503
46.8800,-0.002153,0.653886,0.646114,0.422500,-0.038856
46.8900,-0.002082,0.653714,0.646286,0.422500,-0.037140
46.9000,-0.002007,0.653536,0.646464,0.422500,-0.035358
46.9100,-0.001929,0.653352,0.646648,0.422500,-0.033516
46.9200,-0.001847,0.653162,0.646838,0.422500,-0.031617
46.9300,-0.001762,0.652967,0.647033,0.422500,-0.029665
46.9400,-0.001673,0.652766,0.647234,0.422500,-0.027665
46.9500,-0.001582,0.652562,0.647438,0.422500,-0.025620
46.9600,-0.001488,0.652353,0.647647,0.422500,-0.023535
46.9700,-0.001391,0.652141,0.647859,0.422500,-0.021414
46.9800,-0.001292,0.651926,0.648074,0.422500,-0.019262
46.9900,-0.001191,0.651708,0.648292,0.422500,-0.017084
47.0000,-0.001088,0.651488,0.648512,0.422500,-0.014883
47.0100,-0.000983,0.651266,0.648734,0.422500,-0.012665
47.0200,-0.000877,0.651043,0.648957,0.422500,-0.010433
47.0300,-0.000769,0.650819,0.649181,0.422500,-0.008193
47.0400,-0.000660,0.650595,0.649405,0.422500,-0.005949
47.0500,-0.000551,0.650371,0.649629,0.422500,-0.003706
47.0600,-0.000441,0.650147,0.649853,0.422500,-0.001468
47.0700,-0.000331,0.649924,0.650076,0.422500,0.000761
47.0800,-0.000220,0.649702,0.650298,0.422500,0.002976
47.0900,-0.000109,0.649483,0.650517,0.422500,0.005173
47.1000,0.000001,0.649265,0.650735,0.422500,0.007347
47.1100,0.000110,0.649051,0.650949,0.422500,0.009494
47.1200,0.000219,0.648839,0.651161,0.422500,0.011610
47.1300,0.000327,0.648631,0.651369,0.422500,0.013691
47.1400,0.000434,0.648427,0.651573,0.422500,0.015733
47.1500,0.000540,0.648227,0.651773,0.422500,0.017732
47.1600,0.000643,0.648032,0.651968,0.422500,0.019685
47.1700,0.000746,0.647841,0.652159,0.422500,0.021587
47.1800,0.000846,0.647656,0.652344,0.422500,0.023435
47.1900,0.000944,0.647477,0.652523,0.422500,0.025226
47.2000,0.001039,0.647304,0.652696,0.422500,0.026957
47.2100,0.001132,0.647138,0.652862,0.422500,0.028623
47.2200,0.001223,0.646978,0.653022,0.422500,0.030223
47.2300,0.001310,0.646825,0.653175,0.422500,0.031754
47.2400,0.001395,0.646679,0.653321,0.422500,0.033212
47.2500,0.001476,0.646540,0.653460,0.422500,0.034596
47.2600,0.001554,0.646410,0.653590,0.422500,0.035902
47.2700,0.001629,0.646287,0.653713,0.422500,0.037129
47.2800,0.001700,0.646173,0.653827,0.422500,0.038275
47.2900,0.001767,0.646066,0.653934,0.422500,0.039338
47.3000,0.001831,0.645968,0.654032,0.422500,0.040315
47.3100,0.001890,0.645879,0.654121,0.422500,0.041207
47.3200,0.001946,0.645799,0.654201,0.422500,0.042011
47.3300,0.001997,0.645727,0.654273,0.422500,0.042726
47.3400,0.002044,0.645665,0.654335,0.422500,0.043351
47.3500,0.002087,0.645611,0.654389,0.422500,0.043886
47.3600,0.002126,0.645567,0.654433,0.422500,0.044330
47.3700,0.002160,0.645532,0.654468,0.422500,0.044682
47.3800,0.002190,0.645506,0.654494,0.422500,0.044943
47.3900,0.002215,0.645489,0.654511,0.422500,0.045112
47.4000,0.002236,0.645481,0.654519,0.422500,0.045190
47.4100,0.002252,0.645482,0.654518,0.422500,0.045177
47.4200,0.002264,0.645493,0.654507,0.422500,0.045073
47.4300,0.002271,0.645512,0.654488,0.422500,0.044879
47.4400,0.002274,0.645540,0.654460,0.422500,0.044597
47.4500,0.002272,0.645577,0.654423,0.422500,0.044226
47.4600,0.002266,0.645623,0.654377,0.422500,0.043769
47.4700,0.002255,0.645677,0.654323,0.422500,0.043226
47.4800,0.002240,0.645740,0.654260,0.422500,0.042600
47.4900,0.002220,0.645811,0.654189,0.422500,0.041891
47.5000,0.002197,0.645890,0.654110,0.422500,0.041103
47.5100,0.002169,0.645976,0.654024,0.422500,0.040237
47.5200,0.002137,0.646071,0.653929,0.422500,0.039294
47.5300,0.002101,0.646172,0.653828,0.422500,0.038278
47.5400,0.002061,0.646281,0.653719,0.422500,0.037191
47.5500,0.002018,0.646396,0.653604,0.422500,0.036035
47.5600,0.001970,0.646519,0.653481,0.422500,0.034813
47.5700,0.001919,0.646647,0.653353,0.422500,0.033529
47.5800,0.001865,0.646782,0.653218,0.422500,0.032184
47.5900,0.001807,0.646922,0.653078,0.422500,0.030782
47.6000,0.001746,0.647067,0.652933,0.422500,0.029326
47.6100,0.001682,0.647218,0.652782,0.422500,0.027819
47.6200,0.001615,0.647373,0.652627,0.422500,0.026265
47.6300,0.001545,0.647533,0.652467,0.422500,0.024667
47.6400,0.001472,0.647697,0.652303,0.422500,0.023028
47.6500,0.001397,0.647865,0.652135,0.422500,0.021352
47.6600,0.001320,0.648036,0.651964,0.422500,0.019643
47.6700,0.001241,0.648210,0.651790,0.422500,0.017904
47.6800,0.001159,0.648386,0.651614,0.422500,0.016138
47.6900,0.001076,0.648565,0.651435,0.422500,0.014350
47.7000,0.000991,0.648746,0.651254,0.422500,0.012543
47.7100,0.000905,0.648928,0.651072,0.422500,0.010721
47.7200,0.000818,0.649111,0.650889,0.422500,0.008887
47.7300,0.000729,0.649295,0.650705,0.422500,0.007046
47.7400,0.000640,0.649480,0.650520,0.422500,0.005201
47.7500,0.000550,0.649664,0.650336,0.422500,0.003356
47.7600,0.000459,0.649849,0.650151,0.422500,0.001514
47.7700,0.000368,0.650032,0.649968,0.422500,-0.000321
47.7800,0.000277,0.650214,0.649786,0.422500,-0.002144
47.7900,0.000186,0.650395,0.649605,0.422500,-0.003954
47.8000,0.000095,0.650574,0.649426,0.422500,-0.005745
47.8100,0.000005,0.650751,0.649249,0.422500,-0.007515
47.8200,-0.000085,0.650926,0.649074,0.422500,-0.009260
47.8300,-0.000175,0.651098,0.648902,0.422500,-0.010976
47.8400,-0.000263,0.651266,0.648734,0.422500,-0.012661
47.8500,-0.000350,0.651431,0.648569,0.422500,-0.014312
47.8600,-0.000436,0.651592,0.648408,0.422500,-0.015924
47.8700,-0.000520,0.651750,0.648250,0.422500,-0.017496
47.8800,-0.000603,0.651902,0.648098,0.422500,-0.019024
47.8900,-0.000684,0.652050,0.647950,0.422500,-0.020505
47.9000,-0.000763,0.652194,0.647806,0.422500,-0.021936
47.9100,-0.000840,0.652332,0.647668,0.422500,-0.023316
47.9200,-0.000915,0.652464,0.647536,0.422500,-0.024641
47.9300,-0.000988,0.652591,0.647409,0.422500,-0.025910
47.9400,-0.001058,0.652712,0.647288,0.422500,-0.027119
47.9500,-0.001126,0.652827,0.647173,0.422500,-0.028268
47.9600,-0.001191,0.652935,0.647065,0.422500,-0.029353
47.9700,-0.001253,0.653037,0.646963,0.422500,-0.030373
47.9800,-0.001312,0.653133,0.646867,0.422500,-0.031327
47.9900,-0.001368,0.653221,0.646779,0.422500,-0.032213
48.0000,-0.001421,0.653303,0.646697,0.422500,-0.033029
48.0100,-0.001470,0.653377,0.646623,0.422500,-0.033774
48.0200,-0.001517,0.653445,0.646555,0.422500,-0.034447
48.0300,-0.001560,0.653505,0.646495,0.422500,-0.035048
48.0400,-0.001599,0.653557,0.646443,0.422500,-0.035575
48.0500,-0.001635,0.653603,0.646397,0.422500,-0.036027
48.0600,-0.001668,0.653641,0.646359,0.422500,-0.036405
48.0700,-0.001697,0.653671,0.646329,0.422500,-0.036708
48.0800,-0.001722,0.653694,0.646306,0.422500,-0.036935
48.0900,-0.001744,0.653709,0.646291,0.422500,-0.037087
48.1000,-0.001762,0.653716,0.646284,0.422500,-0.037164
48.1100,-0.001776,0.653717,0.646283,0.422500,-0.037166
48.1200,-0.001786,0.653709,0.646291,0.422500,-0.037093
48.1300,-0.001793,0.653695,0.646305,0.422500,-0.036946
48.1400,-0.001796,0.653673,0.646327,0.422500,-0.036726
48.1500,-0.001795,0.653643,0.646357,0.422500,-0.036433
48.1600,-0.001791,0.653607,0.646393,0.422500,-0.036069
48.1700,-0.001783,0.653563,0.646437,0.422500,-0.035635
48.1800,-0.001772,0.653513,0.646487,0.422500,-0.035131
48.1900,-0.001756,0.653456,0.646544,0.422500,-0.034560
48.2000,-0.001738,0.653392,0.646608,0.422500,-0.033923
48.2100,-0.001716,0.653322,0.646678,0.422500,-0.033221
48.2200,-0.001690,0.653246,0.646754,0.422500,-0.032456
48.2300,-0.001661,0.653163,0.646837,0.422500,-0.031631
48.2400,-0.001629,0.653075,0.646925,0.422500,-0.030746
48.2500,-0.001594,0.652981,0.647019,0.422500,-0.029805
48.2600,-0.001556,0.652881,0.647119,0.422500,-0.028810
48.2700,-0.001514,0.652776,0.647224,0.422500,-0.027762
48.2800,-0.001470,0.652666,0.647334,0.422500,-0.026664
48.2900,-0.001423,0.652552,0.647448,0.422500,-0.025519
48.3000,-0.001374,0.652433,0.647567,0.422500,-0.024329
48.3100,-0.001322,0.652310,0.647690,0.422500,-0.023096
48.3200,-0.001267,0.652182,0.647818,0.422500,-0.021825
48.3300,-0.001210,0.652052,0.647948,0.422500,-0.020516
48.3400,-0.001151,0.651917,0.648083,0.422500,-0.019174
48.3500,-0.001090,0.651780,0.648220,0.422500,-0.017801
48.3600,-0.001027,0.651640,0.648360,0.422500,-0.016399
48.3700,-0.000962,0.651497,0.648503,0.422500,-0.014973
48.3800,-0.000896,0.651352,0.648648,0.422500,-0.013524
48.3900,-0.000828,0.651206,0.648794,0.422500,-0.012057
48.4000,-0.000758,0.651057,0.648943,0.422500,-0.010573
48.4100,-0.000688,0.650908,0.649092,0.422500,-0.009076
48.4200,-0.000616,0.650757,0.649243,0.422500,-0.007570
48.4300,-0.000544,0.650606,0.649394,0.422500,-0.006056
48.4400,-0.000470,0.650454,0.649546,0.422500,-0.004539
48.4500,-0.000397,0.650302,0.649698,0.422500,-0.003021
48.4600,-0.000322,0.650151,0.649849,0.422500,-0.001506
48.4700,-0.000248,0.650000,0.650000,0.422500,0.000004
48.4800,-0.000173,0.649849,0.650151,0.422500,0.001505
48.4900,-0.000098,0.649700,0.650300,0.422500,0.002996
48.5000,-0.000024,0.649553,0.650447,0.422500,0.004472
48.5100,0.000051,0.649407,0.650593,0.422500,0.005930
48.5200,0.000125,0.649263,0.650737,0.422500,0.007369
48.5300,0.000198,0.649121,0.650879,0.422500,0.008785
48.5400,0.000270,0.648982,0.651018,0.422500,0.010175
48.5500,0.000342,0.648846,0.651154,0.422500,0.011538
48.5600,0.000413,0.648713,0.651287,0.422500,0.012869
48.5700,0.000482,0.648583,0.651417,0.422500,0.014168
48.5800,0.000550,0.648457,0.651543,0.422500,0.015430
48.5900,0.000617,0.648334,0.651666,0.422500,0.016655
48.6000,0.000682,0.648216,0.651784,0.422500,0.017840
48.6100,0.000746,0.648102,0.651898,0.422500,0.018982
48.6200,0.000808,0.647992,0.652008,0.422500,0.020079
48.6300,0.000868,0.647887,0.652113,0.422500,0.021131
48.6400,0.000926,0.647787,0.652213,0.422500,0.022134
48.6500,0.000981,0.647691,0.652309,0.422500,0.023087
48.6600,0.001035,0.647601,0.652399,0.422500,0.023988
48.6700,0.001086,0.647516,0.652484,0.422500,0.024837
48.6800,0.001135,0.647437,0.652563,0.422500,0.025630
48.6900,0.001181,0.647363,0.652637,0.422500,0.026368
48.7000,0.001225,0.647295,0.652705,0.422500,0.027049
48.7100,0.001266,0.647233,0.652767,0.422500,0.027672
48.7200,0.001305,0.647176,0.652824,0.422500,0.028236
48.7300,0.001340,0.647126,0.652874,0.422500,0.028740
48.7400,0.001373,0.647082,0.652918,0.422500,0.029184
48.7500,0.001403,0.647043,0.652957,0.422500,0.029566
48.7600,0.001430,0.647011,0.652989,0.422500,0.029887
48.7700,0.001454,0.646985,0.653015,0.422500,0.030147
48.7800,0.001476,0.646966,0.653034,0.422500,0.030344
48.7900,0.001494,0.646952,0.653048,0.422500,0.030480
48.8000,0.001509,0.646945,0.653055,0.422500,0.030553
48.8100,0.001521,0.646943,0.653057,0.422500,0.030565
48.8200,0.001530,0.646948,0.653052,0.422500,0.030516
48.8300,0.001536,0.646959,0.653041,0.422500,0.030405
48.8400,0.001539,0.646977,0.653023,0.422500,0.030234
48.8500,0.001538,0.647000,0.653000,0.422500,0.030004
48.8600,0.001535,0.647029,0.652971,0.422500,0.029714
48.8700,0.001529,0.647063,0.652937,0.422500,0.029367
48.8800,0.001520,0.647104,0.652896,0.422500,0.028962
48.8900,0.001508,0.647150,0.652850,0.422500,0.028502
48.9000,0.001493,0.647201,0.652799,0.422500,0.027987
48.9100,0.001475,0.647258,0.652742,0.422500,0.027419
48.9200,0.001454,0.647320,0.652680,0.422500,0.026798
48.9300,0.001431,0.647387,0.652613,0.422500,0.026128
48.9400,0.001405,0.647459,0.652541,0.422500,0.025409
48.9500,0.001376,0.647536,0.652464,0.422500,0.024643
48.9600,0.001345,0.647617,0.652383,0.422500,0.023831
48.9700,0.001311,0.647702,0.652298,0.422500,0.022977
48.9800,0.001275,0.647792,0.652208,0.422500,0.022081
48.9900,0.001237,0.647885,0.652115,0.422500,0.021145
49.0000,0.001196,0.647983,0.652017,0.422500,0.020173
49.0100,0.001153,0.648083,0.651917,0.422500,0.019165
49.0200,0.001109,0.648188,0.651812,0.422500,0.018125
49.0300,0.001062,0.648295,0.651705,0.422500,0.017053
49.0400,0.001014,0.648405,0.651595,0.422500,0.015954
49.0500,0.000964,0.648517,0.651483,0.422500,0.014829
49.0600,0.000912,0.648632,0.651368,0.422500,0.013680
49.0700,0.000859,0.648749,0.651251,0.422500,0.012510
49.0800,0.000804,0.648868,0.651132,0.422500,0.011322
49.0900,0.000748,0.648988,0.651012,0.422500,0.010117
49.1000,0.000691,0.649110,0.650890,0.422500,0.008899
49.1100,0.000633,0.649233,0.650767,0.422500,0.007670
49.1200,0.000574,0.649357,0.650643,0.422500,0.006432
49.1300,0.000515,0.649481,0.650519,0.422500,0.005188
49.1400,0.000454,0.649606,0.650394,0.422500,0.003941
49.1500,0.000394,0.649731,0.650269,0.422500,0.002693
49.1600,0.000332,0.649855,0.650145,0.422500,0.001446
49.1700,0.000271,0.649980,0.650020,0.422500,0.000203
49.1800,0.000209,0.650103,0.649897,0.422500,-0.001033
49.1900,0.000148,0.650226,0.649774,0.422500,-0.002260
49.2000,0.000086,0.650348,0.649652,0.422500,-0.003476
49.2100,0.000025,0.650468,0.649532,0.422500,-0.004678
49.2200,-0.000036,0.650586,0.649414,0.422500,-0.005865
49.2300,-0.000097,0.650703,0.649297,0.422500,-0.007032
49.2400,-0.000157,0.650818,0.649182,0.422500,-0.008180
49.2500,-0.000216,0.650930,0.649070,0.422500,-0.009304
49.2600,-0.000274,0.651040,0.648960,0.422500,-0.010404
49.2700,-0.000332,0.651148,0.648852,0.422500,-0.011476
49.2800,-0.000388,0.651252,0.648748,0.422500,-0.012520
49.2900,-0.000443,0.651353,0.648647,0.422500,-0.013532
49.3000,-0.000497,0.651451,0.648549,0.422500,-0.014512
49.3100,-0.000550,0.651546,0.648454,0.422500,-0.015457
49.3200,-0.000601,0.651637,0.648363,0.422500,-0.016366
49.3300,-0.000651,0.651724,0.648276,0.422500,-0.017238
49.3400,-0.000699,0.651807,0.648193,0.422500,-0.018069
49.3500,-0.000745,0.651886,0.648114,0.422500,-0.018860
49.3600,-0.000790,0.651961,0.648039,0.422500,-0.019609
49.3700,-0.000832,0.652031,0.647969,0.422500,-0.020314
49.3800,-0.000873,0.652097,0.647903,0.422500,-0.020975
49.3900,-0.000911,0.652159,0.647841,0.422500,-0.021589
49.4000,-0.000948,0.652216,0.647784,0.422500,-0.022157
49.4100,-0.000982,0.652268,0.647732,0.422500,-0.022678
49.4200,-0.001014,0.652315,0.647685,0.422500,-0.023150
49.4300,-0.001044,0.652357,0.647643,0.422500,-0.023573
49.4400,-0.001072,0.652395,0.647605,0.422500,-0.023946
49.4500,-0.001097,0.652427,0.647573,0.422500,-0.024269
49.4600,-0.001120,0.652454,0.647546,0.422500,-0.024542
49.4700,-0.001140,0.652476,0.647524,0.422500,-0.024764
49.4800,-0.001158,0.652493,0.647507,0.422500,-0.024935
49.4900,-0.001174,0.652505,0.647495,0.422500,-0.025055
49.5000,-0.001187,0.652512,0.647488,0.422500,-0.025124
49.5100,-0.001197,0.652514,0.647486,0.422500,-0.025142
49.5200,-0.001205,0.652511,0.647489,0.422500,-0.025110
49.5300,-0.001210,0.652503,0.647497,0.422500,-0.025028
49.5400,-0.001213,0.652490,0.647510,0.422500,-0.024895
49.5500,-0.001214,0.652471,0.647529,0.422500,-0.024714
49.5600,-0.001212,0.652448,0.647552,0.422500,-0.024484
49.5700,-0.001207,0.652421,0.647579,0.422500,-0.024206
49.5800,-0.001200,0.652388,0.647612,0.422500,-0.023882
49.5900,-0.001191,0.652351,0.647649,0.422500,-0.023511
49.6000,-0.001179,0.652309,0.647691,0.422500,-0.023095
49.6100,-0.001165,0.652263,0.647737,0.422500,-0.022635
49.6200,-0.001148,0.652213,0.647787,0.422500,-0.022132
49.6300,-0.001130,0.652159,0.647841,0.422500,-0.021587
49.6400,-0.001109,0.652100,0.647900,0.422500,-0.021002
49.6500,-0.001086,0.652038,0.647962,0.422500,-0.020379
49.6600,-0.001060,0.651972,0.648028,0.422500,-0.019718
49.6700,-0.001033,0.651902,0.648098,0.422500,-0.019021
49.6800,-0.001004,0.651829,0.648171,0.422500,-0.018290
49.6900,-0.000973,0.651753,0.648247,0.422500,-0.017526
49.7000,-0.000940,0.651673,0.648327,0.422500,-0.016731
49.7100,-0.000905,0.651591,0.648409,0.422500,-0.015907
49.7200,-0.000869,0.651506,0.648494,0.422500,-0.015056
49.7300,-0.000831,0.651418,0.648582,0.422500,-0.014179
49.7400,-0.000791,0.651328,0.648672,0.422500,-0.013279
49.7500,-0.000750,0.651236,0.648764,0.422500,-0.012357
49.7600,-0.000708,0.651142,0.648858,0.422500,-0.011415
49.7700,-0.000665,0.651046,0.648954,0.422500,-0.010456
49.7800,-0.000620,0.650948,0.649052,0.422500,-0.009481
49.7900,-0.000575,0.650849,0.649151,0.422500,-0.008492
49.8000,-0.000528,0.650749,0.649251,0.422500,-0.007492
49.8100,-0.000481,0.650648,0.649352,0.422500,-0.006483
49.8200,-0.000432,0.650547,0.649453,0.422500,-0.005466
49.8300,-0.000384,0.650444,0.649556,0.422500,-0.004444
49.8400,-0.000334,0.650342,0.649658,0.422500,-0.003418
49.8500,-0.000284,0.650239,0.649761,0.422500,-0.002392
49.8600,-0.000234,0.650137,0.649863,0.422500,-0.001366
49.8700,-0.000184,0.650034,0.649966,0.422500,-0.000343
49.8800,-0.000133,0.649933,0.650067,0.422500,0.000675
49.8900,-0.000083,0.649831,0.650169,0.422500,0.001685
49.9000,-0.000032,0.649731,0.650269,0.422500,0.002687
49.9100,0.000018,0.649632,0.650368,0.422500,0.003678
49.9200,0.000068,0.649534,0.650466,0.422500,0.004656
49.9300,0.000118,0.649438,0.650562,0.422500,0.005619
49.9400,0.000167,0.649343,0.650657,0.422500,0.006565
49.9500,0.000216,0.649251,0.650749,0.422500,0.007493
49.9600,0.000264,0.649160,0.650840,0.422500,0.008401
49.9700,0.000311,0.649071,0.650929,0.422500,0.009287
49.9800,0.000358,0.648985,0.651015,0.422500,0.010150
49.9900,0.000403,0.648901,0.651099,0.422500,0.010987
50.0000,0.000448,0.648820,0.651180,0.422500,0.011797
50.0100,0.000491,0.648742,0.651258,0.422500,0.012580
50.0200,0.000533,0.648667,0.651333,0.422500,0.013332
50.0300,0.000574,0.648595,0.651405,0.422500,0.014054
50.0400,0.000614,0.648526,0.651474,0.422500,0.014744
50.0500,0.000652,0.648460,0.651540,0.422500,0.015400
50.0600,0.000689,0.648398,0.651602,0.422500,0.016022
50.0700,0.000724,0.648339,0.651661,0.422500,0.016608
50.0800,0.000757,0.648284,0.651716,0.422500,0.017157
50.0900,0.000789,0.648233,0.651767,0.422500,0.017669
50.1000,0.000820,0.648186,0.651814,0.422500,0.018143
50.1100,0.000848,0.648142,0.651858,0.422500,0.018578
50.1200,0.000875,0.648103,0.651897,0.422500,0.018973
50.1300,0.000899,0.648067,0.651933,0.422500,0.019327
50.1400,0.000922,0.648036,0.651964,0.422500,0.019641
50.1500,0.000943,0.648009,0.651991,0.422500,0.019914
50.1600,0.000962,0.647985,0.652015,0.422500,0.020145
50.1700,0.000979,0.647967,0.652033,0.422500,0.020335
50.1800,0.000994,0.647952,0.652048,0.422500,0.020483
50.1900,0.001007,0.647941,0.652059,0.422500,0.020589
50.2000,0.001018,0.647935,0.652065,0.422500,0.020652
50.2100,0.001027,0.647933,0.652067,0.422500,0.020675
50.2200,0.001034,0.647934,0.652066,0.422500,0.020655
50.2300,0.001038,0.647941,0.652059,0.422500,0.020594
50.2400,0.001041,0.647951,0.652049,0.422500,0.020493
50.2500,0.001042,0.647965,0.652035,0.422500,0.020350
50.2600,0.001040,0.647983,0.652017,0.422500,0.020168
50.2700,0.001037,0.648005,0.651995,0.422500,0.019946
50.2800,0.001031,0.648031,0.651969,0.422500,0.019686
50.2900,0.001024,0.648061,0.651939,0.422500,0.019387
50.3000,0.001014,0.648095,0.651905,0.422500,0.019051
50.3100,0.001003,0.648132,0.651868,0.422500,0.018679
50.3200,0.000989,0.648173,0.651827,0.422500,0.018271
50.3300,0.000974,0.648217,0.651783,0.422500,0.017829
50.3400,0.000957,0.648265,0.651735,0.422500,0.017354
50.3500,0.000938,0.648315,0.651685,0.422500,0.016846
50.3600,0.000918,0.648369,0.651631,0.422500,0.016308
50.3700,0.000895,0.648426,0.651574,0.422500,0.015739
50.3800,0.000872,0.648486,0.651514,0.422500,0.015143
50.3900,0.000846,0.648548,0.651452,0.422500,0.014519
50.4000,0.000819,0.648613,0.651387,0.422500,0.013869
50.4100,0.000791,0.648680,0.651320,0.422500,0.013196
50.4200,0.000761,0.648750,0.651250,0.422500,0.012499
50.4300,0.000730,0.648822,0.651178,0.422500,0.011782
50.4400,0.000698,0.648896,0.651104,0.422500,0.011045
50.4500,0.000664,0.648971,0.651029,0.422500,0.010289
50.4600,0.000629,0.649048,0.650952,0.422500,0.009518
50.4700,0.000594,0.649127,0.650873,0.422500,0.008731
50.4800,0.000557,0.649207,0.650793,0.422500,0.007931
50.4900,0.000520,0.649288,0.650712,0.422500,0.007120
50.5000,0.000481,0.649370,0.650630,0.422500,0.006299
50.5100,0.000442,0.649453,0.650547,0.422500,0.005470
50.5200,0.000403,0.649537,0.650463,0.422500,0.004635
50.5300,0.000363,0.649621,0.650379,0.422500,0.003795
50.5400,0.000322,0.649705,0.650295,0.422500,0.002952
50.5500,0.000281,0.649789,0.650211,0.422500,0.002107
50.5600,0.000240,0.649874,0.650126,0.422500,0.001264
50.5700,0.000198,0.649958,0.650042,0.422500,0.000422
50.5800,0.000156,0.650042,0.649958,0.422500,-0.000416
50.5900,0.000115,0.650125,0.649875,0.422500,-0.001248
50.6000,0.000073,0.650207,0.649793,0.422500,-0.002073
50.6100,0.000032,0.650289,0.649711,0.422500,-0.002890
50.6200,-0.000010,0.650370,0.649630,0.422500,-0.003696
50.6300,-0.000051,0.650449,0.649551,0.422500,-0.004490
50.6400,-0.000091,0.650527,0.649473,0.422500,-0.005271
50.6500,-0.000132,0.650604,0.649396,0.422500,-0.006037
50.6600,-0.000171,0.650679,0.649321,0.422500,-0.006786
50.6700,-0.000210,0.650752,0.649248,0.422500,-0.007518
50.6800,-0.000249,0.650823,0.649177,0.422500,-0.008231
50.6900,-0.000286,0.650892,0.649108,0.422500,-0.008923
50.7000,-0.000323,0.650959,0.649041,0.422500,-0.009593
50.7100,-0.000359,0.651024,0.648976,0.422500,-0.010241
50.7200,-0.000394,0.651086,0.648914,0.422500,-0.010864
50.7300,-0.000428,0.651146,0.648854,0.422500,-0.011462
50.7400,-0.000461,0.651203,0.648797,0.422500,-0.012034
50.7500,-0.000493,0.651258,0.648742,0.422500,-0.012578
50.7600,-0.000523,0.651309,0.648691,0.422500,-0.013094
50.7700,-0.000553,0.651358,0.648642,0.422500,-0.013581
50.7800,-0.000580,0.651404,0.648596,0.422500,-0.014038
50.7900,-0.000607,0.651446,0.648554,0.422500,-0.014464
50.8000,-0.000632,0.651486,0.648514,0.422500,-0.014859
50.8100,-0.000656,0.651522,0.648478,0.422500,-0.015222
50.8200,-0.000678,0.651555,0.648445,0.422500,-0.015553
50.8300,-0.000699,0.651585,0.648415,0.422500,-0.015850
50.8400,-0.000718,0.651611,0.648389,0.422500,-0.016114
50.8500,-0.000736,0.651634,0.648366,0.422500,-0.016344
50.8600,-0.000752,0.651654,0.648346,0.422500,-0.016540
50.8700,-0.000766,0.651670,0.648330,0.422500,-0.016702
50.8800,-0.000779,0.651683,0.648317,0.422500,-0.016829
50.8900,-0.000790,0.651692,0.648308,0.422500,-0.016922
50.9000,-0.000799,0.651698,0.648302,0.422500,-0.016981
50.9100,-0.000807,0.651700,0.648300,0.422500,-0.017005
50.9200,-0.000813,0.651699,0.648301,0.422500,-0.016994
50.9300,-0.000817,0.651695,0.648305,0.422500,-0.016950
50.9400,-0.000819,0.651687,0.648313,0.422500,-0.016872
50.9500,-0.000820,0.651676,0.648324,0.422500,-0.016761
50.9600,-0.000820,0.651662,0.648338,0.422500,-0.016616
50.9700,-0.000817,0.651644,0.648356,0.422500,-0.016439
50.9800,-0.000813,0.651623,0.648377,0.422500,-0.016230
50.9900,-0.000807,0.651599,0.648401,0.422500,-0.015990
51.0000,-0.000800,0.651572,0.648428,0.422500,-0.015719
51.0100,-0.000791,0.651542,0.648458,0.422500,-0.015418
51.0200,-0.000780,0.651509,0.648491,0.422500,-0.015087
51.0300,-0.000768,0.651473,0.648527,0.422500,-0.014728
51.0400,-0.000754,0.651434,0.648566,0.422500,-0.014342
51.0500,-0.000739,0.651393,0.648607,0.422500,-0.013929
51.0600,-0.000722,0.651349,0.648651,0.422500,-0.013490
51.0700,-0.000704,0.651303,0.648697,0.422500,-0.013027
51.0800,-0.000685,0.651254,0.648746,0.422500,-0.012540
51.0900,-0.000665,0.651203,0.648797,0.422500,-0.012031
51.1000,-0.000643,0.651150,0.648850,0.422500,-0.011500
51.1100,-0.000620,0.651095,0.648905,0.422500,-0.010950
51.1200,-0.000595,0.651038,0.648962,0.422500,-0.010380
51.1300,-0.000570,0.650979,0.649021,0.422500,-0.009793
51.1400,-0.000544,0.650919,0.649081,0.422500,-0.009189
51.1500,-0.000516,0.650857,0.649143,0.422500,-0.008570
51.1600,-0.000488,0.650794,0.649206,0.422500,-0.007938
51.1700,-0.000459,0.650729,0.649271,0.422500,-0.007293
51.1800,-0.000429,0.650664,0.649336,0.422500,-0.006637
51.1900,-0.000398,0.650597,0.649403,0.422500,-0.005971
51.2000,-0.000367,0.650530,0.649470,0.422500,-0.005297
51.2100,-0.000335,0.650462,0.649538,0.422500,-0.004617
51.2200,-0.000303,0.650393,0.649607,0.422500,-0.003930
51.2300,-0.000270,0.650324,0.649676,0.422500,-0.003240
51.2400,-0.000237,0.650255,0.649745,0.422500,-0.002547
51.2500,-0.000203,0.650185,0.649815,0.422500,-0.001853
51.2600,-0.000169,0.650116,0.649884,0.422500,-0.001159
51.2700,-0.000135,0.650047,0.649953,0.422500,-0.000466
51.2800,-0.000101,0.649978,0.650022,0.422500,0.000223
51.2900,-0.000067,0.649909,0.650091,0.422500,0.000909
51.3000,-0.000033,0.649841,0.650159,0.422500,0.001589
51.3100,0.000001,0.649774,0.650226,0.422500,0.002261
51.3200,0.000035,0.649707,0.650293,0.422500,0.002926
51.3300,0.000069,0.649642,0.650358,0.422500,0.003581
51.3400,0.000102,0.649578,0.650422,0.422500,0.004225
51.3500,0.000136,0.649514,0.650486,0.422500,0.004857
51.3600,0.000168,0.649452,0.650548,0.422500,0.005476
51.3700,0.000200,0.649392,0.650608,0.422500,0.006080
51.3800,0.000232,0.649333,0.650667,0.422500,0.006669
51.3900,0.000263,0.649276,0.650724,0.422500,0.007241
51.4000,0.000293,0.649220,0.650780,0.422500,0.007795
51.4100,0.000323,0.649167,0.650833,0.422500,0.008331
51.4200,0.000352,0.649115,0.650885,0.422500,0.008847
51.4300,0.000380,0.649066,0.650934,0.422500,0.009342
51.4400,0.000407,0.649018,0.650982,0.422500,0.009816
51.4500,0.000433,0.648973,0.651027,0.422500,0.010268
51.4600,0.000458,0.648930,0.651070,0.422500,0.010696
51.4700,0.000482,0.648890,0.651110,0.422500,0.011101
51.4800,0.000505,0.648852,0.651148,0.422500,0.011481
51.4900,0.000527,0.648816,0.651184,0.422500,0.011836
51.5000,0.000548,0.648783,0.651217,0.422500,0.012165
51.5100,0.000568,0.648753,0.651247,0.422500,0.012468
51.5200,0.000586,0.648726,0.651274,0.422500,0.012745
51.5300,0.000603,0.648701,0.651299,0.422500,0.012994
51.5400,0.000619,0.648678,0.651322,0.422500,0.013215
51.5500,0.000634,0.648659,0.651341,0.422500,0.013409
51.5600,0.000647,0.648642,0.651358,0.422500,0.013575
51.5700,0.000659,0.648629,0.651371,0.422500,0.013713
51.5800,0.000670,0.648618,0.651382,0.422500,0.013823
51.5900,0.000679,0.648610,0.651390,0.422500,0.013904
51.6000,0.000687,0.648604,0.651396,0.422500,0.013957
51.6100,0.000693,0.648602,0.651398,0.422500,0.013981
51.6200,0.000698,0.648602,0.651398,0.422500,0.013978
51.6300,0.000702,0.648605,0.651395,0.422500,0.013946
51.6400,0.000704,0.648611,0.651389,0.422500,0.013887
51.6500,0.000705,0.648620,0.651380,0.422500,0.013800
51.6600,0.000705,0.648631,0.651369,0.422500,0.013685
51.6700,0.000703,0.648646,0.651354,0.422500,0.013544
51.6800,0.000699,0.648662,0.651338,0.422500,0.013377
51.6900,0.000695,0.648682,0.651318,0.422500,0.013183
51.7000,0.000689,0.648704,0.651296,0.422500,0.012965
51.7100,0.000681,0.648728,0.651272,0.422500,0.012721
51.7200,0.000673,0.648755,0.651245,0.422500,0.012454
51.7300,0.000663,0.648784,0.651216,0.422500,0.012162
51.7400,0.000652,0.648815,0.651185,0.422500,0.011848
51.7500,0.000640,0.648849,0.651151,0.422500,0.011512
51.7600,0.000626,0.648884,0.651116,0.422500,0.011155
51.7700,0.000611,0.648922,0.651078,0.422500,0.010778
51.7800,0.000596,0.648962,0.651038,0.422500,0.010380
51.7900,0.000579,0.649004,0.650996,0.422500,0.009965
51.8000,0.000561,0.649047,0.650953,0.422500,0.009531
51.8100,0.000542,0.649092,0.650908,0.422500,0.009081
51.8200,0.000522,0.649138,0.650862,0.422500,0.008615
51.8300,0.000501,0.649187,0.650813,0.422500,0.008135
51.8400,0.000480,0.649236,0.650764,0.422500,0.007640
51.8500,0.000457,0.649287,0.650713,0.422500,0.007133
51.8600,0.000434,0.649338,0.650662,0.422500,0.006615
51.8700,0.000410,0.649391,0.650609,0.422500,0.006086
51.8800,0.000386,0.649445,0.650555,0.422500,0.005548
51.8900,0.000361,0.649500,0.650500,0.422500,0.005002
51.9000,0.000335,0.649555,0.650445,0.422500,0.004449
51.9100,0.000309,0.649611,0.650389,0.422500,0.003890
51.9200,0.000282,0.649667,0.650333,0.422500,0.003326
51.9300,0.000255,0.649724,0.650276,0.422500,0.002759
51.9400,0.000228,0.649781,0.650219,0.422500,0.002190
51.9500,0.000200,0.649838,0.650162,0.422500,0.001619
51.9600,0.000172,0.649895,0.650105,0.422500,0.001048
51.9700,0.000144,0.649952,0.650048,0.422500,0.000478
51.9800,0.000116,0.650009,0.649991,0.422500,-0.000090
51.9900,0.000088,0.650065,0.649935,0.422500,-0.000654
52.0000,0.000059,0.650121,0.649879,0.422500,-0.001214
52.0100,0.000031,0.650177,0.649823,0.422500,-0.001768
52.0200,0.000003,0.650232,0.649768,0.422500,-0.002316
52.0300,-0.000024,0.650286,0.649714,0.422500,-0.002856
52.0400,-0.000052,0.650339,0.649661,0.422500,-0.003387
52.0500,-0.000079,0.650391,0.649609,0.422500,-0.003909
52.0600,-0.000106,0.650442,0.649558,0.422500,-0.004420
52.0700,-0.000133,0.650492,0.649508,0.422500,-0.004919
52.0800,-0.000159,0.650541,0.649459,0.422500,-0.005405
52.0900,-0.000185,0.650588,0.649412,0.422500,-0.005878
52.1000,-0.000210,0.650634,0.649366,0.422500,-0.006336
52.1100,-0.000234,0.650678,0.649322,0.422500,-0.006780
52.1200,-0.000258,0.650721,0.649279,0.422500,-0.007207
52.1300,-0.000281,0.650762,0.649238,0.422500,-0.007617
52.1400,-0.000304,0.650801,0.649199,0.422500,-0.008010
52.1500,-0.000326,0.650838,0.649162,0.422500,-0.008385
52.1600,-0.000347,0.650874,0.649126,0.422500,-0.008740
52.1700,-0.000367,0.650908,0.649092,0.422500,-0.009076
52.1800,-0.000386,0.650939,0.649061,0.422500,-0.009392
52.1900,-0.000404,0.650969,0.649031,0.422500,-0.009688
52.2000,-0.000421,0.650996,0.649004,0.422500,-0.009962
52.2100,-0.000438,0.651021,0.648979,0.422500,-0.010215
52.2200,-0.000453,0.651045,0.648955,0.422500,-0.010446
52.2300,-0.000468,0.651065,0.648935,0.422500,-0.010655
52.2400,-0.000481,0.651084,0.648916,0.422500,-0.010841
52.2500,-0.000493,0.651100,0.648900,0.422500,-0.011004
52.2600,-0.000504,0.651114,0.648886,0.422500,-0.011145
52.2700,-0.000514,0.651126,0.648874,0.422500,-0.011262
52.2800,-0.000523,0.651136,0.648864,0.422500,-0.011356
52.2900,-0.000531,0.651143,0.648857,0.422500,-0.011427
52.3000,-0.000538,0.651147,0.648853,0.422500,-0.011474
52.3100,-0.000544,0.651150,0.648850,0.422500,-0.011498
52.3200,-0.000548,0.651150,0.648850,0.422500,-0.011499
52.3300,-0.000551,0.651148,0.648852,0.422500,-0.011477
52.3400,-0.000553,0.651143,0.648857,0.422500,-0.011432
52.3500,-0.000554,0.651136,0.648864,0.422500,-0.011364
52.3600,-0.000554,0.651127,0.648873,0.422500,-0.011274
52.3700,-0.000553,0.651116,0.648884,0.422500,-0.011162
52.3800,-0.000550,0.651103,0.648897,0.422500,-0.011028
52.3900,-0.000547,0.651087,0.648913,0.422500,-0.010872
52.4000,-0.000542,0.651070,0.648930,0.422500,-0.010696
52.4100,-0.000536,0.651050,0.648950,0.422500,-0.010499
52.4200,-0.000530,0.651028,0.648972,0.422500,-0.010282
52.4300,-0.000522,0.651005,0.648995,0.422500,-0.010046
52.4400,-0.000513,0.650979,0.649021,0.422500,-0.009791
52.4500,-0.000503,0.650952,0.649048,0.422500,-0.009517
52.4600,-0.000492,0.650923,0.649077,0.422500,-0.009227
52.4700,-0.000480,0.650892,0.649108,0.422500,-0.008919
52.4800,-0.000467,0.650859,0.649141,0.422500,-0.008595
52.4900,-0.000454,0.650826,0.649174,0.422500,-0.008255
52.5000,-0.000439,0.650790,0.649210,0.422500,-0.007901
52.5100,-0.000424,0.650753,0.649247,0.422500,-0.007533
52.5200,-0.000408,0.650715,0.649285,0.422500,-0.007152
52.5300,-0.000391,0.650676,0.649324,0.422500,-0.006759
52.5400,-0.000373,0.650635,0.649365,0.422500,-0.006355
52.5500,-0.000355,0.650594,0.649406,0.422500,-0.005939
52.5600,-0.000336,0.650551,0.649449,0.422500,-0.005515
52.5700,-0.000317,0.650508,0.649492,0.422500,-0.005081
52.5800,-0.000297,0.650464,0.649536,0.422500,-0.004640
52.5900,-0.000276,0.650419,0.649581,0.422500,-0.004192
52.6000,-0.000255,0.650374,0.649626,0.422500,-0.003738
52.6100,-0.000234,0.650328,0.649672,0.422500,-0.003279
52.6200,-0.000212,0.650282,0.649718,0.422500,-0.002816
52.6300,-0.000190,0.650235,0.649765,0.422500,-0.002350
52.6400,-0.000167,0.650188,0.649812,0.422500,-0.001882
52.6500,-0.000145,0.650141,0.649859,0.422500,-0.001412
52.6600,-0.000122,0.650094,0.649906,0.422500,-0.000943
52.6700,-0.000099,0.650047,0.649953,0.422500,-0.000474
52.6800,-0.000076,0.650001,0.649999,0.422500,-0.000007
52.6900,-0.000053,0.649954,0.650046,0.422500,0.000458
52.7000,-0.000030,0.649908,0.650092,0.422500,0.000919
52.7100,-0.000006,0.649862,0.650138,0.422500,0.001376
52.7200,0.000017,0.649817,0.650183,0.422500,0.001827
52.7300,0.000039,0.649773,0.650227,0.422500,0.002273
52.7400,0.000062,0.649729,0.650271,0.422500,0.002711
52.7500,0.000085,0.649686,0.650314,0.422500,0.003141
52.7600,0.000107,0.649644,0.650356,0.422500,0.003563
52.7700,0.000129,0.649603,0.650397,0.422500,0.003975
52.7800,0.000150,0.649562,0.650438,0.422500,0.004377
52.7900,0.000171,0.649523,0.650477,0.422500,0.004768
52.8000,0.000192,0.649485,0.650515,0.422500,0.005147
52.8100,0.000212,0.649449,0.650551,0.422500,0.005513
52.8200,0.000232,0.649413,0.650587,0.422500,0.005867
52.8300,0.000251,0.649379,0.650621,0.422500,0.006207
52.8400,0.000269,0.649347,0.650653,0.422500,0.006532
52.8500,0.000287,0.649316,0.650684,0.422500,0.006843
52.8600,0.000305,0.649286,0.650714,0.422500,0.007138
52.8700,0.000321,0.649258,0.650742,0.422500,0.007417
52.8800,0.000337,0.649232,0.650768,0.422500,0.007680
52.8900,0.000352,0.649207,0.650793,0.422500,0.007926
52.9000,0.000366,0.649185,0.650815,0.422500,0.008154
52.9100,0.000380,0.649163,0.650837,0.422500,0.008365
52.9200,0.000393,0.649144,0.650856,0.422500,0.008558
52.9300,0.000405,0.649127,0.650873,0.422500,0.008733
52.9400,0.000416,0.649111,0.650889,0.422500,0.008889
52.9500,0.000426,0.649097,0.650903,0.422500,0.009027
52.9600,0.000435,0.649085,0.650915,0.422500,0.009146
52.9700,0.000444,0.649075,0.650925,0.422500,0.009245
52.9800,0.000451,0.649067,0.650933,0.422500,0.009326
52.9900,0.000458,0.649061,0.650939,0.422500,0.009387
53.0000,0.000463,0.649057,0.650943,0.422500,0.009430
53.0100,0.000468,0.649055,0.650945,0.422500,0.009453
53.0200,0.000472,0.649054,0.650946,0.422500,0.009457
53.0300,0.000474,0.649056,0.650944,0.422500,0.009442
53.0400,0.000476,0.649059,0.650941,0.422500,0.009408
53.0500,0.000477,0.649064,0.650936,0.422500,0.009355
53.0600,0.000477,0.649072,0.650928,0.422500,0.009284
53.0700,0.000476,0.649081,0.650919,0.422500,0.009195
53.0800,0.000474,0.649091,0.650909,0.422500,0.009088
53.0900,0.000471,0.649104,0.650896,0.422500,0.008963
53.1000,0.000468,0.649118,0.650882,0.422500,0.008821
53.1100,0.000463,0.649134,0.650866,0.422500,0.008662
53.1200,0.000458,0.649151,0.650849,0.422500,0.008486
53.1300,0.000451,0.649171,0.650829,0.422500,0.008294
53.1400,0.000444,0.649191,0.650809,0.422500,0.008087
53.1500,0.000436,0.649214,0.650786,0.422500,0.007865
53.1600,0.000427,0.649237,0.650763,0.422500,0.007628
53.1700,0.000417,0.649262,0.650738,0.422500,0.007377
53.1800,0.000407,0.649289,0.650711,0.422500,0.007113
53.1900,0.000396,0.649316,0.650684,0.422500,0.006836
53.2000,0.000384,0.649345,0.650655,0.422500,0.006547
53.2100,0.000371,0.649375,0.650625,0.422500,0.006246
53.2200,0.000358,0.649407,0.650593,0.422500,0.005935
53.2300,0.000344,0.649439,0.650561,0.422500,0.005613
53.2400,0.000330,0.649472,0.650528,0.422500,0.005282
53.2500,0.000315,0.649506,0.650494,0.422500,0.004942
53.2600,0.000299,0.649541,0.650459,0.422500,0.004594
53.2700,0.000283,0.649576,0.650424,0.422500,0.004238
53.2800,0.000267,0.649612,0.650388,0.422500,0.003877
53.2900,0.000250,0.649649,0.650351,0.422500,0.003509
53.3000,0.000233,0.649686,0.650314,0.422500,0.003136
53.3100,0.000215,0.649724,0.650276,0.422500,0.002760
53.3200,0.000197,0.649762,0.650238,0.422500,0.002379
53.3300,0.000179,0.649800,0.650200,0.422500,0.001996
53.3400,0.000161,0.649839,0.650161,0.422500,0.001612
53.3500,0.000142,0.649877,0.650123,0.422500,0.001226
53.3600,0.000123,0.649916,0.650084,0.422500,0.000839
53.3700,0.000104,0.649955,0.650045,0.422500,0.000454
53.3800,0.000085,0.649993,0.650007,0.422500,0.000069
53.3900,0.000066,0.650031,0.649969,0.422500,-0.000313
53.4000,0.000047,0.650069,0.649931,0.422500,-0.000693
53.4100,0.000028,0.650107,0.649893,0.422500,-0.001069
53.4200,0.000009,0.650144,0.649856,0.422500,-0.001441
53.4300,-0.000010,0.650181,0.649819,0.422500,-0.001809
53.4400,-0.000029,0.650217,0.649783,0.422500,-0.002170
53.4500,-0.000047,0.650252,0.649748,0.422500,-0.002525
53.4600,-0.000065,0.650287,0.649713,0.422500,-0.002873
53.4700,-0.000083,0.650321,0.649679,0.422500,-0.003213
53.4800,-0.000101,0.650355,0.649645,0.422500,-0.003545
53.4900,-0.000119,0.650387,0.649613,0.422500,-0.003868
53.5000,-0.000136,0.650418,0.649582,0.422500,-0.004182
53.5100,-0.000153,0.650449,0.649551,0.422500,-0.004485
53.5200,-0.000169,0.650478,0.649522,0.422500,-0.004778
53.5300,-0.000185,0.650506,0.649494,0.422500,-0.005059
53.5400,-0.000200,0.650533,0.649467,0.422500,-0.005329
53.5500,-0.000215,0.650559,0.649441,0.422500,-0.005586
53.5600,-0.000229,0.650583,0.649417,0.422500,-0.005831
53.5700,-0.000243,0.650606,0.649394,0.422500,-0.006063
53.5800,-0.000256,0.650628,0.649372,0.422500,-0.006282
53.5900,-0.000269,0.650649,0.649351,0.422500,-0.006486
53.6000,-0.000281,0.650668,0.649332,0.422500,-0.006677
53.6100,-0.000292,0.650685,0.649315,0.422500,-0.006853
53.6200,-0.000303,0.650701,0.649299,0.422500,-0.007014
53.6300,-0.000313,0.650716,0.649284,0.422500,-0.007160
53.6400,-0.000322,0.650729,0.649271,0.422500,-0.007291
53.6500,-0.000331,0.650741,0.649259,0.422500,-0.007407
53.6600,-0.000338,0.650751,0.649249,0.422500,-0.007507
53.6700,-0.000345,0.650759,0.649241,0.422500,-0.007592
53.6800,-0.000352,0.650766,0.649234,0.422500,-0.007661
53.6900,-0.000357,0.650771,0.649229,0.422500,-0.007714
53.7000,-0.000362,0.650775,0.649225,0.422500,-0.007751
53.7100,-0.000366,0.650777,0.649223,0.422500,-0.007773
53.7200,-0.000369,0.650778,0.649222,0.422500,-0.007779
53.7300,-0.000372,0.650777,0.649223,0.422500,-0.007769
53.7400,-0.000374,0.650774,0.649226,0.422500,-0.007744
53.7500,-0.000374,0.650770,0.649230,0.422500,-0.007703
53.7600,-0.000375,0.650765,0.649235,0.422500,-0.007647
53.7700,-0.000374,0.650758,0.649242,0.422500,-0.007577
53.7800,-0.000373,0.650749,0.649251,0.422500,-0.007491
53.7900,-0.000370,0.650739,0.649261,0.422500,-0.007391
53.8000,-0.000368,0.650728,0.649272,0.422500,-0.007276
53.8100,-0.000364,0.650715,0.649285,0.422500,-0.007148
53.8200,-0.000360,0.650701,0.649299,0.422500,-0.007005
53.8300,-0.000354,0.650685,0.649315,0.422500,-0.006850
53.8400,-0.000349,0.650668,0.649332,0.422500,-0.006682
53.8500,-0.000342,0.650650,0.649350,0.422500,-0.006501
53.8600,-0.000335,0.650631,0.649369,0.422500,-0.006308
53.8700,-0.000327,0.650610,0.649390,0.422500,-0.006104
53.8800,-0.000319,0.650589,0.649411,0.422500,-0.005889
53.8900,-0.000310,0.650566,0.649434,0.422500,-0.005662
53.9000,-0.000300,0.650543,0.649457,0.422500,-0.005426
53.9100,-0.000290,0.650518,0.649482,0.422500,-0.005181
53.9200,-0.000279,0.650493,0.649507,0.422500,-0.004926
53.9300,-0.000268,0.650466,0.649534,0.422500,-0.004663
53.9400,-0.000256,0.650439,0.649561,0.422500,-0.004391
53.9500,-0.000244,0.650411,0.649589,0.422500,-0.004113
53.9600,-0.000231,0.650383,0.649617,0.422500,-0.003828
53.9700,-0.000218,0.650354,0.649646,0.422500,-0.003537
53.9800,-0.000205,0.650324,0.649676,0.422500,-0.003240
53.9900,-0.000191,0.650294,0.649706,0.422500,-0.002938
54.0000,-0.000177,0.650263,0.649737,0.422500,-0.002633
54.0100,-0.000163,0.650232,0.649768,0.422500,-0.002323
54.0200,-0.000148,0.650201,0.649799,0.422500,-0.002011
54.0300,-0.000133,0.650170,0.649830,0.422500,-0.001696
54.0400,-0.000118,0.650138,0.649862,0.422500,-0.001380
54.0500,-0.000103,0.650106,0.649894,0.422500,-0.001063
54.0600,-0.000087,0.650075,0.649925,0.422500,-0.000745
54.0700,-0.000072,0.650043,0.649957,0.422500,-0.000428
54.0800,-0.000056,0.650011,0.649989,0.422500,-0.000111
54.0900,-0.000041,0.649980,0.650020,0.422500,0.000204
54.1000,-0.000025,0.649948,0.650052,0.422500,0.000516
54.1100,-0.000009,0.649917,0.650083,0.422500,0.000826
54.1200,0.000006,0.649887,0.650113,0.422500,0.001133
54.1300,0.000022,0.649856,0.650144,0.422500,0.001435
54.1400,0.000037,0.649827,0.650173,0.422500,0.001734
54.1500,0.000052,0.649797,0.650203,0.422500,0.002026
54.1600,0.000067,0.649769,0.650231,0.422500,0.002314
54.1700,0.000082,0.649741,0.650259,0.422500,0.002595
54.1800,0.000097,0.649713,0.650287,0.422500,0.002869
54.1900,0.000111,0.649686,0.650314,0.422500,0.003136
54.2000,0.000125,0.649661,0.650339,0.422500,0.003395
54.2100,0.000139,0.649635,0.650365,0.422500,0.003646
54.2200,0.000153,0.649611,0.650389,0.422500,0.003888
54.2300,0.000166,0.649588,0.650412,0.422500,0.004121
54.2400,0.000178,0.649566,0.650434,0.422500,0.004345
54.2500,0.000191,0.649544,0.650456,0.422500,0.004558
54.2600,0.000202,0.649524,0.650476,0.422500,0.004761
54.2700,0.000214,0.649505,0.650495,0.422500,0.004954
54.2800,0.000225,0.649486,0.650514,0.422500,0.005135
54.2900,0.000235,0.649469,0.650531,0.422500,0.005306
54.3000,0.000245,0.649454,0.650546,0.422500,0.005464
54.3100,0.000254,0.649439,0.650561,0.422500,0.005611
54.3200,0.000263,0.649425,0.650575,0.422500,0.005746
54.3300,0.000271,0.649413,0.650587,0.422500,0.005868
54.3400,0.000279,0.649402,0.650598,0.422500,0.005978
54.3500,0.000286,0.649392,0.650608,0.422500,0.006075
54.3600,0.000293,0.649384,0.650616,0.422500,0.006160
54.3700,0.000298,0.649377,0.650623,0.422500,0.006232
54.3800,0.000304,0.649371,0.650629,0.422500,0.006291
54.3900,0.000308,0.649366,0.650634,0.422500,0.006336
54.4000,0.000312,0.649363,0.650637,0.422500,0.006369
54.4100,0.000316,0.649361,0.650639,0.422500,0.006389
54.4200,0.000318,0.649360,0.650640,0.422500,0.006397
54.4300,0.000321,0.649361,0.650639,0.422500,0.006391
54.4400,0.000322,0.649363,0.650637,0.422500,0.006372
54.4500,0.000323,0.649366,0.650634,0.422500,0.006341
54.4600,0.000323,0.649370,0.650630,0.422500,0.006297
54.4700,0.000323,0.649376,0.650624,0.422500,0.006241
54.4800,0.000322,0.649383,0.650617,0.422500,0.006172
54.4900,0.000320,0.649391,0.650609,0.422500,0.006092
54.5000,0.000318,0.649400,0.650600,0.422500,0.006000
54.5100,0.000315,0.649410,0.650590,0.422500,0.005896
54.5200,0.000311,0.649422,0.650578,0.422500,0.005781
54.5300,0.000307,0.649435,0.650565,0.422500,0.005655
54.5400,0.000302,0.649448,0.650552,0.422500,0.005518
54.5500,0.000297,0.649463,0.650537,0.422500,0.005371
54.5600,0.000291,0.649479,0.650521,0.422500,0.005215
54.5700,0.000285,0.649495,0.650505,0.422500,0.005048
54.5800,0.000278,0.649513,0.650487,0.422500,0.004872
54.5900,0.000271,0.649531,0.650469,0.422500,0.004688
54.6000,0.000263,0.649550,0.650450,0.422500,0.004495
54.6100,0.000254,0.649571,0.650429,0.422500,0.004294
54.6200,0.000246,0.649591,0.650409,0.422500,0.004086
54.6300,0.000236,0.649613,0.650387,0.422500,0.003871
54.6400,0.000227,0.649635,0.650365,0.422500,0.003649
54.6500,0.000217,0.649658,0.650342,0.422500,0.003421
54.6600,0.000206,0.649681,0.650319,0.422500,0.003187
54.6700,0.000196,0.649705,0.650295,0.422500,0.002949
54.6800,0.000185,0.649729,0.650271,0.422500,0.002705
54.6900,0.000173,0.649754,0.650246,0.422500,0.002458
54.7000,0.000162,0.649779,0.650221,0.422500,0.002207
54.7100,0.000150,0.649805,0.650195,0.422500,0.001953
54.7200,0.000138,0.649830,0.650170,0.422500,0.001697
54.7300,0.000126,0.649856,0.650144,0.422500,0.001438
54.7400,0.000113,0.649882,0.650118,0.422500,0.001178
54.7500,0.000101,0.649908,0.650092,0.422500,0.000917
54.7600,0.000088,0.649934,0.650066,0.422500,0.000656
54.7700,0.000075,0.649960,0.650040,0.422500,0.000395
54.7800,0.000062,0.649987,0.650013,0.422500,0.000135
54.7900,0.000049,0.650012,0.649988,0.422500,-0.000125
54.8000,0.000036,0.650038,0.649962,0.422500,-0.000382
54.8100,0.000024,0.650064,0.649936,0.422500,-0.000637
54.8200,0.000011,0.650089,0.649911,0.422500,-0.000890
54.8300,-0.000002,0.650114,0.649886,0.422500,-0.001140
54.8400,-0.000015,0.650139,0.649861,0.422500,-0.001385
54.8500,-0.000027,0.650163,0.649837,0.422500,-0.001627
54.8600,-0.000040,0.650186,0.649814,0.422500,-0.001864
54.8700,-0.000052,0.650210,0.649790,0.422500,-0.002096
54.8800,-0.000064,0.650232,0.649768,0.422500,-0.002322
54.8900,-0.000076,0.650254,0.649746,0.422500,-0.002543
54.9000,-0.000088,0.650276,0.649724,0.422500,-0.002757
54.9100,-0.000099,0.650296,0.649704,0.422500,-0.002965
54.9200,-0.000110,0.650317,0.649683,0.422500,-0.003165
54.9300,-0.000121,0.650336,0.649664,0.422500,-0.003358
54.9400,-0.000132,0.650354,0.649646,0.422500,-0.003543
54.9500,-0.000142,0.650372,0.649628,0.422500,-0.003720
54.9600,-0.000152,0.650389,0.649611,0.422500,-0.003889
54.9700,-0.000161,0.650405,0.649595,0.422500,-0.004049
54.9800,-0.000170,0.650420,0.649580,0.422500,-0.004200
54.9900,-0.000179,0.650434,0.649566,0.422500,-0.004341
55.0000,-0.000187,0.650447,0.649553,0.422500,-0.004473
55.0100,-0.000195,0.650460,0.649540,0.422500,-0.004596
55.0200,-0.000202,0.650471,0.649529,0.422500,-0.004708
55.0300,-0.000209,0.650481,0.649519,0.422500,-0.004810
55.0400,-0.000215,0.650490,0.649510,0.422500,-0.004903
55.0500,-0.000221,0.650498,0.649502,0.422500,-0.004984
55.0600,-0.000227,0.650506,0.649494,0.422500,-0.005056
55.0700,-0.000232,0.650512,0.649488,0.422500,-0.005117
55.0800,-0.000236,0.650517,0.649483,0.422500,-0.005167
55.0900,-0.000240,0.650521,0.649479,0.422500,-0.005206
55.1000,-0.000244,0.650524,0.649476,0.422500,-0.005235
55.1100,-0.000247,0.650525,0.649475,0.422500,-0.005253
55.1200,-0.000249,0.650526,0.649474,0.422500,-0.005261
55.1300,-0.000251,0.650526,0.649474,0.422500,-0.005258
55.1400,-0.000252,0.650524,0.649476,0.422500,-0.005245
55.1500,-0.000253,0.650522,0.649478,0.422500,-0.005221
55.1600,-0.000253,0.650519,0.649481,0.422500,-0.005186
55.1700,-0.000253,0.650514,0.649486,0.422500,-0.005142
55.1800,-0.000252,0.650509,0.649491,0.422500,-0.005087
55.1900,-0.000251,0.650502,0.649498,0.422500,-0.005023
55.2000,-0.000249,0.650495,0.649505,0.422500,-0.004948
55.2100,-0.000247,0.650486,0.649514,0.422500,-0.004865
55.2200,-0.000244,0.650477,0.649523,0.422500,-0.004772
55.2300,-0.000241,0.650467,0.649533,0.422500,-0.004670
55.2400,-0.000237,0.650456,0.649544,0.422500,-0.004559
55.2500,-0.000233,0.650444,0.649556,0.422500,-0.004439
55.2600,-0.000228,0.650431,0.649569,0.422500,-0.004312
55.2700,-0.000223,0.650418,0.649582,0.422500,-0.004176
55.2800,-0.000217,0.650403,0.649597,0.422500,-0.004033
55.2900,-0.000211,0.650388,0.649612,0.422500,-0.003882
55.3000,-0.000205,0.650372,0.649628,0.422500,-0.003725
55.3100,-0.000198,0.650356,0.649644,0.422500,-0.003561
55.3200,-0.000191,0.650339,0.649661,0.422500,-0.003391
55.3300,-0.000184,0.650321,0.649679,0.422500,-0.003214
55.3400,-0.000176,0.650303,0.649697,0.422500,-0.003033
55.3500,-0.000168,0.650285,0.649715,0.422500,-0.002846
55.3600,-0.000159,0.650265,0.649735,0.422500,-0.002655
55.3700,-0.000151,0.650246,0.649754,0.422500,-0.002459
55.3800,-0.000142,0.650226,0.649774,0.422500,-0.002260
55.3900,-0.000132,0.650206,0.649794,0.422500,-0.002057
55.4000,-0.000123,0.650185,0.649815,0.422500,-0.001851
55.4100,-0.000113,0.650164,0.649836,0.422500,-0.001642
55.4200,-0.000103,0.650143,0.649857,0.422500,-0.001432
55.4300,-0.000093,0.650122,0.649878,0.422500,-0.001220
55.4400,-0.000083,0.650101,0.649899,0.422500,-0.001006
55.4500,-0.000073,0.650079,0.649921,0.422500,-0.000792
55.4600,-0.000062,0.650058,0.649942,0.422500,-0.000577
55.4700,-0.000052,0.650036,0.649964,0.422500,-0.000362
55.4800,-0.000041,0.650015,0.649985,0.422500,-0.000148
55.4900,-0.000031,0.649993,0.650007,0.422500,0.000066
55.5000,-0.000020,0.649972,0.650028,0.422500,0.000278
55.5100,-0.000010,0.649951,0.650049,0.422500,0.000488
55.5200,0.000001,0.649930,0.650070,0.422500,0.000696
55.5300,0.000011,0.649910,0.650090,0.422500,0.000902
55.5400,0.000022,0.649890,0.650110,0.422500,0.001105
55.5500,0.000032,0.649870,0.650130,0.422500,0.001304
55.5600,0.000042,0.649850,0.650150,0.422500,0.001499
55.5700,0.000052,0.649831,0.650169,0.422500,0.001691
55.5800,0.000062,0.649812,0.650188,0.422500,0.001878
55.5900,0.000072,0.649794,0.650206,0.422500,0.002060
55.6000,0.000082,0.649776,0.650224,0.422500,0.002237
55.6100,0.000091,0.649759,0.650241,0.422500,0.002409
55.6200,0.000100,0.649743,0.650257,0.422500,0.002575
55.6300,0.000109,0.649727,0.650273,0.422500,0.002735
55.6400,0.000118,0.649711,0.650289,0.422500,0.002888
55.6500,0.000126,0.649697,0.650303,0.422500,0.003035
55.6600,0.000134,0.649683,0.650317,0.422500,0.003175
55.6700,0.000142,0.649669,0.650331,0.422500,0.003307
55.6800,0.000150,0.649657,0.650343,0.422500,0.003433
55.6900,0.000157,0.649645,0.650355,0.422500,0.003550
55.7000,0.000164,0.649634,0.650366,0.422500,0.003660
55.7100,0.000170,0.649624,0.650376,0.422500,0.003762
55.7200,0.000176,0.649614,0.650386,0.422500,0.003856
55.7300,0.000182,0.649606,0.650394,0.422500,0.003942
55.7400,0.000187,0.649598,0.650402,0.422500,0.004019
55.7500,0.000192,0.649591,0.650409,0.422500,0.004088
55.7600,0.000197,0.649585,0.650415,0.422500,0.004148
55.7700,0.000201,0.649580,0.650420,0.422500,0.004199
55.7800,0.000204,0.649576,0.650424,0.422500,0.004242
55.7900,0.000208,0.649572,0.650428,0.422500,0.004276
55.8000,0.000211,0.649570,0.650430,0.422500,0.004301
55.8100,0.000213,0.649568,0.650432,0.422500,0.004318
55.8200,0.000215,0.649567,0.650433,0.422500,0.004326
55.8300,0.000217,0.649568,0.650432,0.422500,0.004325
55.8400,0.000218,0.649569,0.650431,0.422500,0.004315
55.8500,0.000218,0.649570,0.650430,0.422500,0.004297
55.8600,0.000219,0.649573,0.650427,0.422500,0.004270
55.8700,0.000219,0.649577,0.650423,0.422500,0.004235
55.8800,0.000218,0.649581,0.650419,0.422500,0.004191
55.8900,0.000217,0.649586,0.650414,0.422500,0.004140
55.9000,0.000216,0.649592,0.650408,0.422500,0.004080
55.9100,0.000214,0.649599,0.650401,0.422500,0.004012
55.9200,0.000211,0.649606,0.650394,0.422500,0.003937
55.9300,0.000209,0.649615,0.650385,0.422500,0.003854
55.9400,0.000206,0.649624,0.650376,0.422500,0.003764
55.9500,0.000202,0.649633,0.650367,0.422500,0.003667
55.9600,0.000198,0.649644,0.650356,0.422500,0.003564
55.9700,0.000194,0.649655,0.650345,0.422500,0.003453
55.9800,0.000190,0.649666,0.650334,0.422500,0.003336
55.9900,0.000185,0.649679,0.650321,0.422500,0.003214
56.0000,0.000180,0.649691,0.650309,0.422500,0.003085
56.0100,0.000174,0.649705,0.650295,0.422500,0.002951
56.0200,0.000168,0.649719,0.650281,0.422500,0.002812
56.0300,0.000162,0.649733,0.650267,0.422500,0.002668
56.0400,0.000156,0.649748,0.650252,0.422500,0.002519
56.0500,0.000149,0.649763,0.650237,0.422500,0.002366
56.0600,0.000142,0.649779,0.650221,0.422500,0.002210
56.0700,0.000135,0.649795,0.650205,0.422500,0.002049
56.0800,0.000128,0.649811,0.650189,0.422500,0.001886
56.0900,0.000120,0.649828,0.650172,0.422500,0.001719
56.1000,0.000112,0.649845,0.650155,0.422500,0.001550
56.1100,0.000104,0.649862,0.650138,0.422500,0.001379
56.1200,0.000096,0.649879,0.650121,0.422500,0.001206
56.1300,0.000088,0.649897,0.650103,0.422500,0.001032
56.1400,0.000080,0.649914,0.650086,0.422500,0.000856
56.1500,0.000071,0.649932,0.650068,0.422500,0.000680
56.1600,0.000063,0.649950,0.650050,0.422500,0.000504
56.1700,0.000054,0.649967,0.650033,0.422500,0.000327
56.1800,0.000045,0.649985,0.650015,0.422500,0.000151
56.1900,0.000037,0.650002,0.649998,0.422500,-0.000025
56.2000,0.000028,0.650020,0.649980,0.422500,-0.000200
56.2100,0.000019,0.650037,0.649963,0.422500,-0.000373
56.2200,0.000010,0.650054,0.649946,0.422500,-0.000544
56.2300,0.000002,0.650071,0.649929,0.422500,-0.000714
56.2400,-0.000007,0.650088,0.649912,0.422500,-0.000881
56.2500,-0.000015,0.650105,0.649895,0.422500,-0.001045
56.2600,-0.000024,0.650121,0.649879,0.422500,-0.001207
56.2700,-0.000032,0.650136,0.649864,0.422500,-0.001365
56.2800,-0.000040,0.650152,0.649848,0.422500,-0.001519
56.2900,-0.000049,0.650167,0.649833,0.422500,-0.001670
56.3000,-0.000057,0.650182,0.649818,0.422500,-0.001816
56.3100,-0.000064,0.650196,0.649804,0.422500,-0.001958
56.3200,-0.000072,0.650210,0.649790,0.422500,-0.002095
56.3300,-0.000079,0.650223,0.649777,0.422500,-0.002228
56.3400,-0.000086,0.650235,0.649765,0.422500,-0.002355
56.3500,-0.000093,0.650248,0.649752,0.422500,-0.002476
56.3600,-0.000100,0.650259,0.649741,0.422500,-0.002592
56.3700,-0.000107,0.650270,0.649730,0.422500,-0.002702
56.3800,-0.000113,0.650281,0.649719,0.422500,-0.002807
56.3900,-0.000119,0.650290,0.649710,0.422500,-0.002904
56.4000,-0.000124,0.650300,0.649700,0.422500,-0.002996
56.4100,-0.000130,0.650308,0.649692,0.422500,-0.003081
56.4200,-0.000135,0.650316,0.649684,0.422500,-0.003159
56.4300,-0.000140,0.650323,0.649677,0.422500,-0.003231
56.4400,-0.000144,0.650330,0.649670,0.422500,-0.003295
56.4500,-0.000148,0.650335,0.649665,0.422500,-0.003353
56.4600,-0.000152,0.650340,0.649660,0.422500,-0.003404
56.4700,-0.000156,0.650345,0.649655,0.422500,-0.003447
56.4800,-0.000159,0.650348,0.649652,0.422500,-0.003484
56.4900,-0.000161,0.650351,0.649649,0.422500,-0.003513
56.5000,-0.000164,0.650354,0.649646,0.422500,-0.003535
56.5100,-0.000166,0.650355,0.649645,0.422500,-0.003550
56.5200,-0.000168,0.650356,0.649644,0.422500,-0.003557
56.5300,-0.000169,0.650356,0.649644,0.422500,-0.003558
56.5400,-0.000170,0.650355,0.649645,0.422500,-0.003551
56.5500,-0.000171,0.650354,0.649646,0.422500,-0.003537
56.5600,-0.000171,0.650352,0.649648,0.422500,-0.003516
56.5700,-0.000171,0.650349,0.649651,0.422500,-0.003489
56.5800,-0.000171,0.650345,0.649655,0.422500,-0.003454
56.5900,-0.000170,0.650341,0.649659,0.422500,-0.003413
56.6000,-0.000169,0.650336,0.649664,0.422500,-0.003365
56.6100,-0.000167,0.650331,0.649669,0.422500,-0.003310
56.6200,-0.000166,0.650325,0.649675,0.422500,-0.003249
56.6300,-0.000163,0.650318,0.649682,0.422500,-0.003182
56.6400,-0.000161,0.650311,0.649689,0.422500,-0.003109
56.6500,-0.000158,0.650303,0.649697,0.422500,-0.003031
56.6600,-0.000155,0.650295,0.649705,0.422500,-0.002946
56.6700,-0.000152,0.650286,0.649714,0.422500,-0.002856
56.6800,-0.000148,0.650276,0.649724,0.422500,-0.002761
56.6900,-0.000144,0.650266,0.649734,0.422500,-0.002661
56.7000,-0.000140,0.650256,0.649744,0.422500,-0.002556
56.7100,-0.000136,0.650245,0.649755,0.422500,-0.002446
56.7200,-0.000131,0.650233,0.649767,0.422500,-0.002333
56.7300,-0.000126,0.650221,0.649779,0.422500,-0.002215
56.7400,-0.000121,0.650209,0.649791,0.422500,-0.002093
56.7500,-0.000115,0.650197,0.649803,0.422500,-0.001968
56.7600,-0.000110,0.650184,0.649816,0.422500,-0.001840
56.7700,-0.000104,0.650171,0.649829,0.422500,-0.001708
56.7800,-0.000098,0.650157,0.649843,0.422500,-0.001574
56.7900,-0.000091,0.650144,0.649856,0.422500,-0.001438
56.8000,-0.000085,0.650130,0.649870,0.422500,-0.001299
56.8100,-0.000079,0.650116,0.649884,0.422500,-0.001159
56.8200,-0.000072,0.650102,0.649898,0.422500,-0.001017
56.8300,-0.000065,0.650087,0.649913,0.422500,-0.000874
56.8400,-0.000058,0.650073,0.649927,0.422500,-0.000729
56.8500,-0.000051,0.650058,0.649942,0.422500,-0.000585
56.8600,-0.000044,0.650044,0.649956,0.422500,-0.000439
56.8700,-0.000037,0.650029,0.649971,0.422500,-0.000294
56.8800,-0.000030,0.650015,0.649985,0.422500,-0.000149
56.8900,-0.000023,0.650000,0.650000,0.422500,-0.000004
56.9000,-0.000016,0.649986,0.650014,0.422500,0.000139
56.9100,-0.000009,0.649972,0.650028,0.422500,0.000282
56.9200,-0.000002,0.649958,0.650042,0.422500,0.000423
56.9300,0.000005,0.649944,0.650056,0.422500,0.000563
56.9400,0.000013,0.649930,0.650070,0.422500,0.000701
56.9500,0.000020,0.649916,0.650084,0.422500,0.000836
56.9600,0.000026,0.649903,0.650097,0.422500,0.000970
56.9700,0.000033,0.649890,0.650110,0.422500,0.001100
56.9800,0.000040,0.649877,0.650123,0.422500,0.001228
56.9900,0.000047,0.649865,0.650135,0.422500,0.001352
57.0000,0.000053,0.649853,0.650147,0.422500,0.001473
57.0100,0.000060,0.649841,0.650159,0.422500,0.001590
57.0200,0.000066,0.649830,0.650170,0.422500,0.001704
57.0300,0.000072,0.649819,0.650181,0.422500,0.001813
57.0400,0.000078,0.649808,0.650192,0.422500,0.001919
57.0500,0.000084,0.649798,0.650202,0.422500,0.002019
57.0600,0.000089,0.649788,0.650212,0.422500,0.002116
57.0700,0.000095,0.649779,0.650221,0.422500,0.002207
57.0800,0.000100,0.649771,0.650229,0.422500,0.002293
57.0900,0.000105,0.649763,0.650237,0.422500,0.002375
57.1000,0.000109,0.649755,0.650245,0.422500,0.002451
57.1100,0.000114,0.649748,0.650252,0.422500,0.002522
57.1200,0.000118,0.649741,0.650259,0.422500,0.002587
57.1300,0.000122,0.649735,0.650265,0.422500,0.002647
57.1400,0.000126,0.649730,0.650270,0.422500,0.002701
57.1500,0.000129,0.649725,0.650275,0.422500,0.002750
57.1600,0.000132,0.649721,0.650279,0.422500,0.002792
57.1700,0.000135,0.649717,0.650283,0.422500,0.002829
57.1800,0.000138,0.649714,0.650286,0.422500,0.002860
57.1900,0.000140,0.649712,0.650288,0.422500,0.002885
57.2000,0.000142,0.649710,0.650290,0.422500,0.002904
57.2100,0.000144,0.649708,0.650292,0.422500,0.002917
57.2200,0.000145,0.649708,0.650292,0.422500,0.002924
57.2300,0.000146,0.649707,0.650293,0.422500,0.002926
57.2400,0.000147,0.649708,0.650292,0.422500,0.002921
57.2500,0.000148,0.649709,0.650291,0.422500,0.002911
57.2600,0.000148,0.649711,0.650289,0.422500,0.002895
57.2700,0.000148,0.649713,0.650287,0.422500,0.002873
57.2800,0.000148,0.649715,0.650285,0.422500,0.002845
57.2900,0.000147,0.649719,0.650281,0.422500,0.002812
57.3000,0.000146,0.649723,0.650277,0.422500,0.002774
57.3100,0.000145,0.649727,0.650273,0.422500,0.002730
57.3200,0.000144,0.649732,0.650268,0.422500,0.002681
57.3300,0.000142,0.649737,0.650263,0.422500,0.002626
57.3400,0.000140,0.649743,0.650257,0.422500,0.002567
57.3500,0.000138,0.649750,0.650250,0.422500,0.002503
57.3600,0.000135,0.649757,0.650243,0.422500,0.002434
57.3700,0.000133,0.649764,0.650236,0.422500,0.002361
57.3800,0.000130,0.649772,0.650228,0.422500,0.002284
57.3900,0.000126,0.649780,0.650220,0.422500,0.002202
57.4000,0.000123,0.649788,0.650212,0.422500,0.002116
57.4100,0.000119,0.649797,0.650203,0.422500,0.002027
57.4200,0.000115,0.649807,0.650193,0.422500,0.001934
57.4300,0.000111,0.649816,0.650184,0.422500,0.001838
57.4400,0.000107,0.649826,0.650174,0.422500,0.001738
57.4500,0.000103,0.649836,0.650164,0.422500,0.001636
57.4600,0.000098,0.649847,0.650153,0.422500,0.001531
57.4700,0.000093,0.649858,0.650142,0.422500,0.001423
57.4800,0.000088,0.649869,0.650131,0.422500,0.001313
57.4900,0.000083,0.649880,0.650120,0.422500,0.001201
57.5000,0.000078,0.649891,0.650109,0.422500,0.001087
57.5100,0.000072,0.649903,0.650097,0.422500,0.000972
57.5200,0.000067,0.649914,0.650086,0.422500,0.000856
57.5300,0.000061,0.649926,0.650074,0.422500,0.000738
57.5400,0.000056,0.649938,0.650062,0.422500,0.000620
57.5500,0.000050,0.649950,0.650050,0.422500,0.000501
57.5600,0.000044,0.649962,0.650038,0.422500,0.000381
57.5700,0.000039,0.649974,0.650026,0.422500,0.000262
57.5800,0.000033,0.649986,0.650014,0.422500,0.000142
57.5900,0.000027,0.649998,0.650002,0.422500,0.000023
57.6000,0.000021,0.650010,0.649990,0.422500,-0.000095
57.6100,0.000015,0.650021,0.649979,0.422500,-0.000213
57.6200,0.000009,0.650033,0.649967,0.422500,-0.000329
57.6300,0.000003,0.650044,0.649956,0.422500,-0.000444
57.6400,-0.000003,0.650056,0.649944,0.422500,-0.000558
57.6500,-0.000008,0.650067,0.649933,0.422500,-0.000670
57.6600,-0.000014,0.650078,0.649922,0.422500,-0.000779
57.6700,-0.000020,0.650089,0.649911,0.422500,-0.000887
57.6800,-0.000025,0.650099,0.649901,0.422500,-0.000993
57.6900,-0.000031,0.650110,0.649890,0.422500,-0.001095
57.7000,-0.000036,0.650120,0.649880,0.422500,-0.001195
57.7100,-0.000042,0.650129,0.649871,0.422500,-0.001292
57.7200,-0.000047,0.650139,0.649861,0.422500,-0.001386
57.7300,-0.000052,0.650148,0.649852,0.422500,-0.001477
57.7400,-0.000057,0.650156,0.649844,0.422500,-0.001564
57.7500,-0.000061,0.650165,0.649835,0.422500,-0.001647
57.7600,-0.000066,0.650173,0.649827,0.422500,-0.001727
57.7700,-0.000071,0.650180,0.649820,0.422500,-0.001803
57.7800,-0.000075,0.650187,0.649813,0.422500,-0.001875
57.7900,-0.000079,0.650194,0.649806,0.422500,-0.001942
57.8000,-0.000083,0.650201,0.649799,0.422500,-0.002006
57.8100,-0.000086,0.650206,0.649794,0.422500,-0.002065
57.8200,-0.000090,0.650212,0.649788,0.422500,-0.002119
57.8300,-0.000093,0.650217,0.649783,0.422500,-0.002169
57.8400,-0.000096,0.650221,0.649779,0.422500,-0.002215
57.8500,-0.000099,0.650226,0.649774,0.422500,-0.002255
57.8600,-0.000102,0.650229,0.649771,0.422500,-0.002291
57.8700,-0.000104,0.650232,0.649768,0.422500,-0.002322
57.8800,-0.000106,0.650235,0.649765,0.422500,-0.002348
57.8900,-0.000108,0.650237,0.649763,0.422500,-0.002370
57.9000,-0.000110,0.650239,0.649761,0.422500,-0.002386
57.9100,-0.000112,0.650240,0.649760,0.422500,-0.002398
57.9200,-0.000113,0.650240,0.649760,0.422500,-0.002405
57.9300,-0.000114,0.650241,0.649759,0.422500,-0.002407
57.9400,-0.000115,0.650240,0.649760,0.422500,-0.002404
57.9500,-0.000115,0.650240,0.649760,0.422500,-0.002396
57.9600,-0.000116,0.650238,0.649762,0.422500,-0.002384
57.9700,-0.000116,0.650237,0.649763,0.422500,-0.002366
57.9800,-0.000115,0.650234,0.649766,0.422500,-0.002345
57.9900,-0.000115,0.650232,0.649768,0.422500,-0.002318
58.0000,-0.000114,0.650229,0.649771,0.422500,-0.002287
58.0100,-0.000113,0.650225,0.649775,0.422500,-0.002252
58.0200,-0.000112,0.650221,0.649779,0.422500,-0.002212
58.0300,-0.000111,0.650217,0.649783,0.422500,-0.002168
58.0400,-0.000109,0.650212,0.649788,0.422500,-0.002120
58.0500,-0.000108,0.650207,0.649793,0.422500,-0.002068
58.0600,-0.000106,0.650201,0.649799,0.422500,-0.002012
58.0700,-0.000103,0.650195,0.649805,0.422500,-0.001953
58.0800,-0.000101,0.650189,0.649811,0.422500,-0.001890
58.0900,-0.000098,0.650182,0.649818,0.422500,-0.001823
58.1000,-0.000096,0.650175,0.649825,0.422500,-0.001753
58.1100,-0.000093,0.650168,0.649832,0.422500,-0.001680
58.1200,-0.000089,0.650160,0.649840,0.422500,-0.001604
58.1300,-0.000086,0.650153,0.649847,0.422500,-0.001525
58.1400,-0.000083,0.650144,0.649856,0.422500,-0.001444
58.1500,-0.000079,0.650136,0.649864,0.422500,-0.001360
58.1600,-0.000075,0.650127,0.649873,0.422500,-0.001274
58.1700,-0.000071,0.650119,0.649881,0.422500,-0.001186
58.1800,-0.000067,0.650110,0.649890,0.422500,-0.001096
58.1900,-0.000063,0.650100,0.649900,0.422500,-0.001004
58.2000,-0.000059,0.650091,0.649909,0.422500,-0.000911
58.2100,-0.000055,0.650082,0.649918,0.422500,-0.000816
58.2200,-0.000050,0.650072,0.649928,0.422500,-0.000720
58.2300,-0.000046,0.650062,0.649938,0.422500,-0.000624
58.2400,-0.000041,0.650053,0.649947,0.422500,-0.000526
58.2500,-0.000036,0.650043,0.649957,0.422500,-0.000429
58.2600,-0.000032,0.650033,0.649967,0.422500,-0.000330
58.2700,-0.000027,0.650023,0.649977,0.422500,-0.000232
58.2800,-0.000022,0.650013,0.649987,0.422500,-0.000134
58.2900,-0.000017,0.650004,0.649996,0.422500,-0.000036
58.3000,-0.000012,0.649994,0.650006,0.422500,0.000061
58.3100,-0.000007,0.649984,0.650016,0.422500,0.000158
58.3200,-0.000003,0.649975,0.650025,0.422500,0.000254
58.3300,0.000002,0.649965,0.650035,0.422500,0.000349
58.3400,0.000007,0.649956,0.650044,0.422500,0.000443
58.3500,0.000012,0.649947,0.650053,0.422500,0.000535
58.3600,0.000016,0.649937,0.650063,0.422500,0.000626
58.3700,0.000021,0.649929,0.650071,0.422500,0.000714
58.3800,0.000026,0.649920,0.650080,0.422500,0.000801
58.3900,0.000030,0.649911,0.650089,0.422500,0.000886
58.4000,0.000035,0.649903,0.650097,0.422500,0.000969
58.4100,0.000039,0.649895,0.650105,0.422500,0.001049
58.4200,0.000043,0.649887,0.650113,0.422500,0.001127
58.4300,0.000047,0.649880,0.650120,0.422500,0.001202
58.4400,0.000051,0.649873,0.650127,0.422500,0.001274
58.4500,0.000055,0.649866,0.650134,0.422500,0.001343
58.4600,0.000059,0.649859,0.650141,0.422500,0.001409
58.4700,0.000063,0.649853,0.650147,0.422500,0.001472
58.4800,0.000066,0.649847,0.650153,0.422500,0.001532
58.4900,0.000070,0.649841,0.650159,0.422500,0.001588
58.5000,0.000073,0.649836,0.650164,0.422500,0.001641
58.5100,0.000076,0.649831,0.650169,0.422500,0.001690
58.5200,0.000079,0.649826,0.650174,0.422500,0.001735
58.5300,0.000082,0.649822,0.650178,0.422500,0.001777
58.5400,0.000084,0.649819,0.650181,0.422500,0.001815
58.5500,0.000087,0.649815,0.650185,0.422500,0.001849
58.5600,0.000089,0.649812,0.650188,0.422500,0.001879
58.5700,0.000091,0.649809,0.650191,0.422500,0.001905
58.5800,0.000093,0.649807,0.650193,0.422500,0.001928
58.5900,0.000094,0.649805,0.650195,0.422500,0.001946
58.6000,0.000096,0.649804,0.650196,0.422500,0.001960
58.6100,0.000097,0.649803,0.650197,0.422500,0.001970
58.6200,0.000098,0.649802,0.650198,0.422500,0.001977
58.6300,0.000099,0.649802,0.650198,0.422500,0.001979
58.6400,0.000099,0.649802,0.650198,0.422500,0.001977
58.6500,0.000100,0.649803,0.650197,0.422500,0.001972
58.6600,0.000100,0.649804,0.650196,0.422500,0.001962
58.6700,0.000100,0.649805,0.650195,0.422500,0.001948
58.6800,0.000100,0.649807,0.650193,0.422500,0.001931
58.6900,0.000100,0.649809,0.650191,0.422500,0.001910
58.7000,0.000099,0.649811,0.650189,0.422500,0.001885
58.7100,0.000099,0.649814,0.650186,0.422500,0.001857
58.7200,0.000098,0.649818,0.650182,0.422500,0.001825
58.7300,0.000097,0.649821,0.650179,0.422500,0.001789
58.7400,0.000095,0.649825,0.650175,0.422500,0.001750
58.7500,0.000094,0.649829,0.650171,0.422500,0.001708
58.7600,0.000092,0.649834,0.650166,0.422500,0.001663
58.7700,0.000090,0.649839,0.650161,0.422500,0.001614
58.7800,0.000088,0.649844,0.650156,0.422500,0.001563
58.7900,0.000086,0.649849,0.650151,0.422500,0.001508
58.8000,0.000084,0.649855,0.650145,0.422500,0.001451
58.8100,0.000082,0.649861,0.650139,0.422500,0.001392
58.8200,0.000079,0.649867,0.650133,0.422500,0.001330
58.8300,0.000076,0.649873,0.650127,0.422500,0.001265
58.8400,0.000073,0.649880,0.650120,0.422500,0.001199
58.8500,0.000070,0.649887,0.650113,0.422500,0.001130
58.8600,0.000067,0.649894,0.650106,0.422500,0.001060
58.8700,0.000064,0.649901,0.650099,0.422500,0.000987
58.8800,0.000061,0.649909,0.650091,0.422500,0.000913
58.8900,0.000057,0.649916,0.650084,0.422500,0.000838
58.9000,0.000054,0.649924,0.650076,0.422500,0.000762
58.9100,0.000050,0.649932,0.650068,0.422500,0.000684
58.9200,0.000047,0.649939,0.650061,0.422500,0.000606
58.9300,0.000043,0.649947,0.650053,0.422500,0.000526
58.9400,0.000039,0.649955,0.650045,0.422500,0.000446
58.9500,0.000035,0.649963,0.650037,0.422500,0.000366
58.9600,0.000031,0.649971,0.650029,0.422500,0.000285
58.9700,0.000028,0.649980,0.650020,0.422500,0.000204
58.9800,0.000024,0.649988,0.650012,0.422500,0.000124
58.9900,0.000020,0.649996,0.650004,0.422500,0.000043
59.0000,0.000016,0.650004,0.649996,0.422500,-0.000037
59.0100,0.000012,0.650012,0.649988,0.422500,-0.000117
59.0200,0.000008,0.650020,0.649980,0.422500,-0.000196
59.0300,0.000004,0.650027,0.649973,0.422500,-0.000274
59.0400,-0.000000,0.650035,0.649965,0.422500,-0.000351
59.0500,-0.000004,0.650043,0.649957,0.422500,-0.000427
59.0600,-0.000008,0.650050,0.649950,0.422500,-0.000502
59.0700,-0.000012,0.650058,0.649942,0.422500,-0.000576
59.0800,-0.000016,0.650065,0.649935,0.422500,-0.000647
59.0900,-0.000020,0.650072,0.649928,0.422500,-0.000717
59.1000,-0.000023,0.650079,0.649921,0.422500,-0.000786
59.1100,-0.000027,0.650085,0.649915,0.422500,-0.000852
59.1200,-0.000030,0.650092,0.649908,0.422500,-0.000916
59.1300,-0.000034,0.650098,0.649902,0.422500,-0.000978
59.1400,-0.000037,0.650104,0.649896,0.422500,-0.001038
59.1500,-0.000040,0.650110,0.649890,0.422500,-0.001095
59.1600,-0.000044,0.650115,0.649885,0.422500,-0.001150
59.1700,-0.000047,0.650120,0.649880,0.422500,-0.001202
59.1800,-0.000050,0.650125,0.649875,0.422500,-0.001252
59.1900,-0.000052,0.650130,0.649870,0.422500,-0.001299
59.2000,-0.000055,0.650134,0.649866,0.422500,-0.001342
59.2100,-0.000058,0.650138,0.649862,0.422500,-0.001383
59.2200,-0.000060,0.650142,0.649858,0.422500,-0.001421
59.2300,-0.000062,0.650146,0.649854,0.422500,-0.001456
59.2400,-0.000064,0.650149,0.649851,0.422500,-0.001488
59.2500,-0.000066,0.650152,0.649848,0.422500,-0.001516
59.2600,-0.000068,0.650154,0.649846,0.422500,-0.001542
59.2700,-0.000070,0.650156,0.649844,0.422500,-0.001564
59.2800,-0.000071,0.650158,0.649842,0.422500,-0.001583
59.2900,-0.000073,0.650160,0.649840,0.422500,-0.001598
59.3000,-0.000074,0.650161,0.649839,0.422500,-0.001611
59.3100,-0.000075,0.650162,0.649838,0.422500,-0.001620
59.3200,-0.000076,0.650163,0.649837,0.422500,-0.001625
59.3300,-0.000077,0.650163,0.649837,0.422500,-0.001628
59.3400,-0.000077,0.650163,0.649837,0.422500,-0.001627
59.3500,-0.000078,0.650162,0.649838,0.422500,-0.001623
59.3600,-0.000078,0.650162,0.649838,0.422500,-0.001615
59.3700,-0.000078,0.650160,0.649840,0.422500,-0.001605
59.3800,-0.000078,0.650159,0.649841,0.422500,-0.001591
59.3900,-0.000078,0.650157,0.649843,0.422500,-0.001574
59.4000,-0.000077,0.650155,0.649845,0.422500,-0.001554
59.4100,-0.000077,0.650153,0.649847,0.422500,-0.001531
59.4200,-0.000076,0.650151,0.649849,0.422500,-0.001506
59.4300,-0.000075,0.650148,0.649852,0.422500,-0.001477
59.4400,-0.000074,0.650145,0.649855,0.422500,-0.001445
59.4500,-0.000073,0.650141,0.649859,0.422500,-0.001411
59.4600,-0.000072,0.650137,0.649863,0.422500,-0.001374
59.4700,-0.000070,0.650133,0.649867,0.422500,-0.001335
59.4800,-0.000069,0.650129,0.649871,0.422500,-0.001293
59.4900,-0.000067,0.650125,0.649875,0.422500,-0.001248
59.5000,-0.000065,0.650120,0.649880,0.422500,-0.001202
59.5100,-0.000063,0.650115,0.649885,0.422500,-0.001153
59.5200,-0.000061,0.650110,0.649890,0.422500,-0.001103
59.5300,-0.000059,0.650105,0.649895,0.422500,-0.001050
59.5400,-0.000057,0.650100,0.649900,0.422500,-0.000995
59.5500,-0.000054,0.650094,0.649906,0.422500,-0.000939
59.5600,-0.000052,0.650088,0.649912,0.422500,-0.000882
59.5700,-0.000049,0.650082,0.649918,0.422500,-0.000822
59.5800,-0.000046,0.650076,0.649924,0.422500,-0.000762
59.5900,-0.000044,0.650070,0.649930,0.422500,-0.000700
59.6000,-0.000041,0.650064,0.649936,0.422500,-0.000637
59.6100,-0.000038,0.650057,0.649943,0.422500,-0.000574
59.6200,-0.000035,0.650051,0.649949,0.422500,-0.000509
59.6300,-0.000032,0.650044,0.649956,0.422500,-0.000444
59.6400,-0.000029,0.650038,0.649962,0.422500,-0.000378
59.6500,-0.000026,0.650031,0.649969,0.422500,-0.000312
59.6600,-0.000022,0.650025,0.649975,0.422500,-0.000246
59.6700,-0.000019,0.650018,0.649982,0.422500,-0.000180
59.6800,-0.000016,0.650011,0.649989,0.422500,-0.000113
59.6900,-0.000013,0.650005,0.649995,0.422500,-0.000047
59.7000,-0.000009,0.649998,0.650002,0.422500,0.000019
59.7100,-0.000006,0.649992,0.650008,0.422500,0.000085
59.7200,-0.000003,0.649985,0.650015,0.422500,0.000150
59.7300,0.000000,0.649979,0.650021,0.422500,0.000214
59.7400,0.000004,0.649972,0.650028,0.422500,0.000278
59.7500,0.000007,0.649966,0.650034,0.422500,0.000341
59.7600,0.000010,0.649960,0.650040,0.422500,0.000402
59.7700,0.000013,0.649954,0.650046,0.422500,0.000463
59.7800,0.000016,0.649948,0.650052,0.422500,0.000522
59.7900,0.000019,0.649942,0.650058,0.422500,0.000580
59.8000,0.000022,0.649936,0.650064,0.422500,0.000637
59.8100,0.000025,0.649931,0.650069,0.422500,0.000691
59.8200,0.000028,0.649926,0.650074,0.422500,0.000744
59.8300,0.000031,0.649920,0.650080,0.422500,0.000796
59.8400,0.000034,0.649915,0.650085,0.422500,0.000845
59.8500,0.000037,0.649911,0.650089,0.422500,0.000893
59.8600,0.000039,0.649906,0.650094,0.422500,0.000938
59.8700,0.000042,0.649902,0.650098,0.422500,0.000981
59.8800,0.000044,0.649898,0.650102,0.422500,0.001023
59.8900,0.000046,0.649894,0.650106,0.422500,0.001061
59.9000,0.000049,0.649890,0.650110,0.422500,0.001098
59.9100,0.000051,0.649887,0.650113,0.422500,0.001132
59.9200,0.000053,0.649884,0.650116,0.422500,0.001163
59.9300,0.000055,0.649881,0.650119,0.422500,0.001193
59.9400,0.000056,0.649878,0.650122,0.422500,0.001219
59.9500,0.000058,0.649876,0.650124,0.422500,0.001243
59.9600,0.000060,0.649874,0.650126,0.422500,0.001264
59.9700,0.000061,0.649872,0.650128,0.422500,0.001283
59.9800,0.000062,0.649870,0.650130,0.422500,0.001299
59.9900,0.000063,0.649869,0.650131,0.422500,0.001312
60.0000,0.000064,0.649868,0.650132,0.422500,0.001323
60.0100,0.000065,0.649867,0.650133,0.422500,0.001331
60.0200,0.000066,0.649866,0.650134,0.422500,0.001336
60.0300,0.000067,0.649866,0.650134,0.422500,0.001338
60.0400,0.000067,0.649866,0.650134,0.422500,0.001338
60.0500,0.000068,0.649866,0.650134,0.422500,0.001335
60.0600,0.000068,0.649867,0.650133,0.422500,0.001329
60.0700,0.000068,0.649868,0.650132,0.422500,0.001321
60.0800,0.000068,0.649869,0.650131,0.422500,0.001310
60.0900,0.000068,0.649870,0.650130,0.422500,0.001297
60.1000,0.000067,0.649872,0.650128,0.422500,0.001281
60.1100,0.000067,0.649874,0.650126,0.422500,0.001263
60.1200,0.000066,0.649876,0.650124,0.422500,0.001242
60.1300,0.000066,0.649878,0.650122,0.422500,0.001218
60.1400,0.000065,0.649881,0.650119,0.422500,0.001193
60.1500,0.000064,0.649883,0.650117,0.422500,0.001165
60.1600,0.000063,0.649886,0.650114,0.422500,0.001135
60.1700,0.000062,0.649890,0.650110,0.422500,0.001103
60.1800,0.000060,0.649893,0.650107,0.422500,0.001069
60.1900,0.000059,0.649897,0.650103,0.422500,0.001033
60.2000,0.000057,0.649901,0.650099,0.422500,0.000995
60.2100,0.000056,0.649904,0.650096,0.422500,0.000955
60.2200,0.000054,0.649909,0.650091,0.422500,0.000914
60.2300,0.000052,0.649913,0.650087,0.422500,0.000871
60.2400,0.000050,0.649917,0.650083,0.422500,0.000826
60.2500,0.000048,0.649922,0.650078,0.422500,0.000780
60.2600,0.000046,0.649927,0.650073,0.422500,0.000733
60.2700,0.000044,0.649932,0.650068,0.422500,0.000684
60.2800,0.000042,0.649937,0.650063,0.422500,0.000635
60.2900,0.000040,0.649942,0.650058,0.422500,0.000584
60.3000,0.000037,0.649947,0.650053,0.422500,0.000533
60.3100,0.000035,0.649952,0.650048,0.422500,0.000481
60.3200,0.000032,0.649957,0.650043,0.422500,0.000428
60.3300,0.000030,0.649963,0.650037,0.422500,0.000374
60.3400,0.000027,0.649968,0.650032,0.422500,0.000320
60.3500,0.000025,0.649973,0.650027,0.422500,0.000266
60.3600,0.000022,0.649979,0.650021,0.422500,0.000211
60.3700,0.000020,0.649984,0.650016,0.422500,0.000157
60.3800,0.000017,0.649990,0.650010,0.422500,0.000102
60.3900,0.000014,0.649995,0.650005,0.422500,0.000047
60.4000,0.000012,0.650001,0.649999,0.422500,-0.000007
60.4100,0.000009,0.650006,0.649994,0.422500,-0.000061
60.4200,0.000006,0.650011,0.649989,0.422500,-0.000114
60.4300,0.000003,0.650017,0.649983,0.422500,-0.000168
60.4400,0.000001,0.650022,0.649978,0.422500,-0.000220
60.4500,-0.000002,0.650027,0.649973,0.422500,-0.000272
60.4600,-0.000005,0.650032,0.649968,0.422500,-0.000323
60.4700,-0.000007,0.650037,0.649963,0.422500,-0.000373
60.4800,-0.000010,0.650042,0.649958,0.422500,-0.000422
60.4900,-0.000012,0.650047,0.649953,0.422500,-0.000469
60.5000,-0.000015,0.650052,0.649948,0.422500,-0.000516
60.5100,-0.000017,0.650056,0.649944,0.422500,-0.000561
60.5200,-0.000020,0.650061,0.649939,0.422500,-0.000605
60.5300,-0.000022,0.650065,0.649935,0.422500,-0.000648
60.5400,-0.000024,0.650069,0.649931,0.422500,-0.000689
60.5500,-0.000027,0.650073,0.649927,0.422500,-0.000728
60.5600,-0.000029,0.650077,0.649923,0.422500,-0.000766
60.5700,-0.000031,0.650080,0.649920,0.422500,-0.000801
60.5800,-0.000033,0.650084,0.649916,0.422500,-0.000836
60.5900,-0.000035,0.650087,0.649913,0.422500,-0.000868
60.6000,-0.000037,0.650090,0.649910,0.422500,-0.000898
60.6100,-0.000038,0.650093,0.649907,0.422500,-0.000926
60.6200,-0.000040,0.650095,0.649905,0.422500,-0.000953
60.6300,-0.000042,0.650098,0.649902,0.422500,-0.000977
60.6400,-0.000043,0.650100,0.649900,0.422500,-0.000999
60.6500,-0.000044,0.650102,0.649898,0.422500,-0.001019
60.6600,-0.000046,0.650104,0.649896,0.422500,-0.001037
60.6700,-0.000047,0.650105,0.649895,0.422500,-0.001053
60.6800,-0.000048,0.650107,0.649893,0.422500,-0.001066
60.6900,-0.000049,0.650108,0.649892,0.422500,-0.001078
60.7000,-0.000050,0.650109,0.649891,0.422500,-0.001087
60.7100,-0.000051,0.650109,0.649891,0.422500,-0.001094
60.7200,-0.000051,0.650110,0.649890,0.422500,-0.001098
60.7300,-0.000052,0.650110,0.649890,0.422500,-0.001101
60.7400,-0.000052,0.650110,0.649890,0.422500,-0.001101
60.7500,-0.000052,0.650110,0.649890,0.422500,-0.001099
60.7600,-0.000053,0.650109,0.649891,0.422500,-0.001094
60.7700,-0.000053,0.650109,0.649891,0.422500,-0.001088
60.7800,-0.000053,0.650108,0.649892,0.422500,-0.001080
60.7900,-0.000053,0.650107,0.649893,0.422500,-0.001069
60.8000,-0.000052,0.650106,0.649894,0.422500,-0.001056
60.8100,-0.000052,0.650104,0.649896,0.422500,-0.001041
60.8200,-0.000052,0.650102,0.649898,0.422500,-0.001024
60.8300,-0.000051,0.650101,0.649899,0.422500,-0.001006
60.8400,-0.000050,0.650098,0.649902,0.422500,-0.000985
60.8500,-0.000050,0.650096,0.649904,0.422500,-0.000962
60.8600,-0.000049,0.650094,0.649906,0.422500,-0.000938
60.8700,-0.000048,0.650091,0.649909,0.422500,-0.000912
60.8800,-0.000047,0.650088,0.649912,0.422500,-0.000884
60.8900,-0.000046,0.650085,0.649915,0.422500,-0.000855
60.9000,-0.000044,0.650082,0.649918,0.422500,-0.000824
60.9100,-0.000043,0.650079,0.649921,0.422500,-0.000791
60.9200,-0.000042,0.650076,0.649924,0.422500,-0.000757
60.9300,-0.000040,0.650072,0.649928,0.422500,-0.000722
60.9400,-0.000039,0.650069,0.649931,0.422500,-0.000686
60.9500,-0.000037,0.650065,0.649935,0.422500,-0.000648
60.9600,-0.000036,0.650061,0.649939,0.422500,-0.000610
60.9700,-0.000034,0.650057,0.649943,0.422500,-0.000570
60.9800,-0.000032,0.650053,0.649947,0.422500,-0.000529
60.9900,-0.000030,0.650049,0.649951,0.422500,-0.000488
61.0000,-0.000028,0.650045,0.649955,0.422500,-0.000446
61.0100,-0.000026,0.650040,0.649960,0.422500,-0.000403
61.0200,-0.000024,0.650036,0.649964,0.422500,-0.000359
61.0300,-0.000022,0.650032,0.649968,0.422500,-0.000315
61.0400,-0.000020,0.650027,0.649973,0.422500,-0.000271
61.0500,-0.000018,0.650023,0.649977,0.422500,-0.000226
61.0600,-0.000016,0.650018,0.649982,0.422500,-0.000182
61.0700,-0.000014,0.650014,0.649986,0.422500,-0.000137
61.0800,-0.000011,0.650009,0.649991,0.422500,-0.000092
61.0900,-0.000009,0.650005,0.649995,0.422500,-0.000047
61.1000,-0.000007,0.650000,0.650000,0.422500,-0.000002
61.1100,-0.000005,0.649996,0.650004,0.422500,0.000042
61.1200,-0.000003,0.649991,0.650009,0.422500,0.000087
61.1300,-0.000000,0.649987,0.650013,0.422500,0.000130
61.1400,0.000002,0.649983,0.650017,0.422500,0.000174
61.1500,0.000004,0.649978,0.650022,0.422500,0.000216
61.1600,0.000006,0.649974,0.650026,0.422500,0.000258
61.1700,0.000008,0.649970,0.650030,0.422500,0.000299
61.1800,0.000010,0.649966,0.650034,0.422500,0.000340
61.1900,0.000013,0.649962,0.650038,0.422500,0.000379
61.2000,0.000015,0.649958,0.650042,0.422500,0.000418
61.2100,0.000017,0.649954,0.650046,0.422500,0.000455
61.2200,0.000019,0.649951,0.650049,0.422500,0.000491
61.2300,0.000021,0.649947,0.650053,0.422500,0.000527
61.2400,0.000022,0.649944,0.650056,0.422500,0.000561
61.2500,0.000024,0.649941,0.650059,0.422500,0.000593
61.2600,0.000026,0.649938,0.650062,0.422500,0.000624
61.2700,0.000028,0.649935,0.650065,0.422500,0.000654
61.2800,0.000029,0.649932,0.650068,0.422500,0.000682
61.2900,0.000031,0.649929,0.650071,0.422500,0.000709
61.3000,0.000032,0.649927,0.650073,0.422500,0.000734
61.3100,0.000034,0.649924,0.650076,0.422500,0.000758
61.3200,0.000035,0.649922,0.650078,0.422500,0.000780
61.3300,0.000037,0.649920,0.650080,0.422500,0.000800
61.3400,0.000038,0.649918,0.650082,0.422500,0.000819
61.3500,0.000039,0.649916,0.650084,0.422500,0.000835
61.3600,0.000040,0.649915,0.650085,0.422500,0.000850
61.3700,0.000041,0.649914,0.650086,0.422500,0.000864
61.3800,0.000042,0.649912,0.650088,0.422500,0.000875
61.3900,0.000043,0.649912,0.650088,0.422500,0.000885
61.4000,0.000043,0.649911,0.650089,0.422500,0.000892
61.4100,0.000044,0.649910,0.650090,0.422500,0.000898
61.4200,0.000045,0.649910,0.650090,0.422500,0.000903
61.4300,0.000045,0.649910,0.650090,0.422500,0.000905
61.4400,0.000045,0.649909,0.650091,0.422500,0.000905
61.4500,0.000046,0.649910,0.650090,0.422500,0.000904
61.4600,0.000046,0.649910,0.650090,0.422500,0.000901
61.4700,0.000046,0.649910,0.650090,0.422500,0.000896
61.4800,0.000046,0.649911,0.650089,0.422500,0.000889
61.4900,0.000046,0.649912,0.650088,0.422500,0.000880
61.5000,0.000046,0.649913,0.650087,0.422500,0.000870
61.5100,0.000045,0.649914,0.650086,0.422500,0.000858
61.5200,0.000045,0.649916,0.650084,0.422500,0.000845
61.5300,0.000045,0.649917,0.650083,0.422500,0.000830
61.5400,0.000044,0.649919,0.650081,0.422500,0.000813
61.5500,0.000043,0.649921,0.650079,0.422500,0.000795
61.5600,0.000043,0.649923,0.650077,0.422500,0.000775
61.5700,0.000042,0.649925,0.650075,0.422500,0.000754
61.5800,0.000041,0.649927,0.650073,0.422500,0.000731
61.5900,0.000040,0.649929,0.650071,0.422500,0.000707
61.6000,0.000039,0.649932,0.650068,0.422500,0.000682
61.6100,0.000038,0.649934,0.650066,0.422500,0.000655
61.6200,0.000037,0.649937,0.650063,0.422500,0.000628
61.6300,0.000036,0.649940,0.650060,0.422500,0.000599
61.6400,0.000035,0.649943,0.650057,0.422500,0.000569
61.6500,0.000033,0.649946,0.650054,0.422500,0.000538
61.6600,0.000032,0.649949,0.650051,0.422500,0.000507
61.6700,0.000030,0.649953,0.650047,0.422500,0.000474
61.6800,0.000029,0.649956,0.650044,0.422500,0.000441
61.6900,0.000027,0.649959,0.650041,0.422500,0.000407
61.7000,0.000026,0.649963,0.650037,0.422500,0.000372
61.7100,0.000024,0.649966,0.650034,0.422500,0.000337
61.7200,0.000023,0.649970,0.650030,0.422500,0.000301
61.7300,0.000021,0.649973,0.650027,0.422500,0.000265
61.7400,0.000019,0.649977,0.650023,0.422500,0.000229
61.7500,0.000017,0.649981,0.650019,0.422500,0.000192
61.7600,0.000016,0.649984,0.650016,0.422500,0.000155
61.7700,0.000014,0.649988,0.650012,0.422500,0.000119
61.7800,0.000012,0.649992,0.650008,0.422500,0.000082
61.7900,0.000010,0.649996,0.650004,0.422500,0.000045
61.8000,0.000008,0.649999,0.650001,0.422500,0.000008
61.8100,0.000007,0.650003,0.649997,0.422500,-0.000029
61.8200,0.000005,0.650007,0.649993,0.422500,-0.000065
61.8300,0.000003,0.650010,0.649990,0.422500,-0.000101
61.8400,0.000001,0.650014,0.649986,0.422500,-0.000137
61.8500,-0.000001,0.650017,0.649983,0.422500,-0.000172
61.8600,-0.000002,0.650021,0.649979,0.422500,-0.000207
61.8700,-0.000004,0.650024,0.649976,0.422500,-0.000241
61.8800,-0.000006,0.650027,0.649973,0.422500,-0.000274
61.8900,-0.000008,0.650031,0.649969,0.422500,-0.000307
61.9000,-0.000009,0.650034,0.649966,0.422500,-0.000338
61.9100,-0.000011,0.650037,0.649963,0.422500,-0.000369
61.9200,-0.000013,0.650040,0.649960,0.422500,-0.000399
61.9300,-0.000014,0.650043,0.649957,0.422500,-0.000428
61.9400,-0.000016,0.650046,0.649954,0.422500,-0.000456
61.9500,-0.000017,0.650048,0.649952,0.422500,-0.000483
61.9600,-0.000019,0.650051,0.649949,0.422500,-0.000509
61.9700,-0.000020,0.650053,0.649947,0.422500,-0.000534
61.9800,-0.000022,0.650056,0.649944,0.422500,-0.000557
61.9900,-0.000023,0.650058,0.649942,0.422500,-0.000580
62.0000,-0.000024,0.650060,0.649940,0.422500,-0.000601
62.0100,-0.000025,0.650062,0.649938,0.422500,-0.000620
62.0200,-0.000027,0.650064,0.649936,0.422500,-0.000639
62.0300,-0.000028,0.650066,0.649934,0.422500,-0.000655
62.0400,-0.000029,0.650067,0.649933,0.422500,-0.000671
62.0500,-0.000030,0.650068,0.649932,0.422500,-0.000685
62.0600,-0.000031,0.650070,0.649930,0.422500,-0.000698
62.0700,-0.000031,0.650071,0.649929,0.422500,-0.000709
62.0800,-0.000032,0.650072,0.649928,0.422500,-0.000718
62.0900,-0.000033,0.650073,0.649927,0.422500,-0.000726
62.1000,-0.000033,0.650073,0.649927,0.422500,-0.000733
62.1100,-0.000034,0.650074,0.649926,0.422500,-0.000738
62.1200,-0.000034,0.650074,0.649926,0.422500,-0.000742
62.1300,-0.000035,0.650074,0.649926,0.422500,-0.000744
62.1400,-0.000035,0.650074,0.649926,0.422500,-0.000745
62.1500,-0.000035,0.650074,0.649926,0.422500,-0.000744
62.1600,-0.000036,0.650074,0.649926,0.422500,-0.000741
62.1700,-0.000036,0.650074,0.649926,0.422500,-0.000738
62.1800,-0.000036,0.650073,0.649927,0.422500,-0.000732
62.1900,-0.000036,0.650073,0.649927,0.422500,-0.000726
62.2000,-0.000035,0.650072,0.649928,0.422500,-0.000717
62.2100,-0.000035,0.650071,0.649929,0.422500,-0.000708
62.2200,-0.000035,0.650070,0.649930,0.422500,-0.000697
62.2300,-0.000035,0.650068,0.649932,0.422500,-0.000685
62.2400,-0.000034,0.650067,0.649933,0.422500,-0.000671
62.2500,-0.000034,0.650066,0.649934,0.422500,-0.000656
62.2600,-0.000033,0.650064,0.649936,0.422500,-0.000640
62.2700,-0.000033,0.650062,0.649938,0.422500,-0.000623
62.2800,-0.000032,0.650060,0.649940,0.422500,-0.000604
62.2900,-0.000031,0.650058,0.649942,0.422500,-0.000585
62.3000,-0.000030,0.650056,0.649944,0.422500,-0.000564
62.3100,-0.000029,0.650054,0.649946,0.422500,-0.000543
62.3200,-0.000029,0.650052,0.649948,0.422500,-0.000520
62.3300,-0.000028,0.650050,0.649950,0.422500,-0.000497
62.3400,-0.000027,0.650047,0.649953,0.422500,-0.000472
62.3500,-0.000025,0.650045,0.649955,0.422500,-0.000447
62.3600,-0.000024,0.650042,0.649958,0.422500,-0.000421
62.3700,-0.000023,0.650039,0.649961,0.422500,-0.000395
62.3800,-0.000022,0.650037,0.649963,0.422500,-0.000367
62.3900,-0.000021,0.650034,0.649966,0.422500,-0.000339
62.4000,-0.000019,0.650031,0.649969,0.422500,-0.000311
62.4100,-0.000018,0.650028,0.649972,0.422500,-0.000282
62.4200,-0.000017,0.650025,0.649975,0.422500,-0.000253
62.4300,-0.000015,0.650022,0.649978,0.422500,-0.000223
62.4400,-0.000014,0.650019,0.649981,0.422500,-0.000193
62.4500,-0.000013,0.650016,0.649984,0.422500,-0.000163
62.4600,-0.000011,0.650013,0.649987,0.422500,-0.000133
62.4700,-0.000010,0.650010,0.649990,0.422500,-0.000103
62.4800,-0.000008,0.650007,0.649993,0.422500,-0.000072
62.4900,-0.000007,0.650004,0.649996,0.422500,-0.000042
62.5000,-0.000005,0.650001,0.649999,0.422500,-0.000012
62.5100,-0.000004,0.649998,0.650002,0.422500,0.000019
62.5200,-0.000002,0.649995,0.650005,0.422500,0.000048
62.5300,-0.000001,0.649992,0.650008,0.422500,0.000078
62.5400,0.000001,0.649989,0.650011,0.422500,0.000107
62.5500,0.000002,0.649986,0.650014,0.422500,0.000136
62.5600,0.000004,0.649983,0.650017,0.422500,0.000165
62.5700,0.000005,0.649981,0.650019,0.422500,0.000193
62.5800,0.000007,0.649978,0.650022,0.422500,0.000221
62.5900,0.000008,0.649975,0.650025,0.422500,0.000248
62.6000,0.000009,0.649973,0.650027,0.422500,0.000274
62.6100,0.000011,0.649970,0.650030,0.422500,0.000299
62.6200,0.000012,0.649968,0.650032,0.422500,0.000324
62.6300,0.000013,0.649965,0.650035,0.422500,0.000348
62.6400,0.000015,0.649963,0.650037,0.422500,0.000371
62.6500,0.000016,0.649961,0.650039,0.422500,0.000394
62.6600,0.000017,0.649958,0.650042,0.422500,0.000415
62.6700,0.000018,0.649956,0.650044,0.422500,0.000436
62.6800,0.000020,0.649954,0.650046,0.422500,0.000455
62.6900,0.000021,0.649953,0.650047,0.422500,0.000474
62.7000,0.000022,0.649951,0.650049,0.422500,0.000491
62.7100,0.000023,0.649949,0.650051,0.422500,0.000507
62.7200,0.000024,0.649948,0.650052,0.422500,0.000523
62.7300,0.000024,0.649946,0.650054,0.422500,0.000537
62.7400,0.000025,0.649945,0.650055,0.422500,0.000550
62.7500,0.000026,0.649944,0.650056,0.422500,0.000561
62.7600,0.000027,0.649943,0.650057,0.422500,0.000572
62.7700,0.000028,0.649942,0.650058,0.422500,0.000581
62.7800,0.000028,0.649941,0.650059,0.422500,0.000589
62.7900,0.000029,0.649940,0.650060,0.422500,0.000596
62.8000,0.000029,0.649940,0.650060,0.422500,0.000602
62.8100,0.000030,0.649939,0.650061,0.422500,0.000606
62.8200,0.000030,0.649939,0.650061,0.422500,0.000610
62.8300,0.000030,0.649939,0.650061,0.422500,0.000612
62.8400,0.000031,0.649939,0.650061,0.422500,0.000612
62.8500,0.000031,0.649939,0.650061,0.422500,0.000612
62.8600,0.000031,0.649939,0.650061,0.422500,0.000610
62.8700,0.000031,0.649939,0.650061,0.422500,0.000607
62.8800,0.000031,0.649940,0.650060,0.422500,0.000603
62.8900,0.000031,0.649940,0.650060,0.422500,0.000598
62.9000,0.000031,0.649941,0.650059,0.422500,0.000591
62.9100,0.000031,0.649942,0.650058,0.422500,0.000583
62.9200,0.000031,0.649943,0.650057,0.422500,0.000575
62.9300,0.000030,0.649944,0.650056,0.422500,0.000565
62.9400,0.000030,0.649945,0.650055,0.422500,0.000554
62.9500,0.000030,0.649946,0.650054,0.422500,0.000542
62.9600,0.000029,0.649947,0.650053,0.422500,0.000529
62.9700,0.000029,0.649949,0.650051,0.422500,0.000515
62.9800,0.000028,0.649950,0.650050,0.422500,0.000500
62.9900,0.000027,0.649952,0.650048,0.422500,0.000484
63.0000,0.000027,0.649953,0.650047,0.422500,0.000467
63.0100,0.000026,0.649955,0.650045,0.422500,0.000449
63.0200,0.000025,0.649957,0.650043,0.422500,0.000431
63.0300,0.000025,0.649959,0.650041,0.422500,0.000412
63.0400,0.000024,0.649961,0.650039,0.422500,0.000392
63.0500,0.000023,0.649963,0.650037,0.422500,0.000371
63.0600,0.000022,0.649965,0.650035,0.422500,0.000350
63.0700,0.000021,0.649967,0.650033,0.422500,0.000328
63.0800,0.000020,0.649969,0.650031,0.422500,0.000306
63.0900,0.000019,0.649972,0.650028,0.422500,0.000283
63.1000,0.000018,0.649974,0.650026,0.422500,0.000260
63.1100,0.000017,0.649976,0.650024,0.422500,0.000236
63.1200,0.000016,0.649979,0.650021,0.422500,0.000212
63.1300,0.000015,0.649981,0.650019,0.422500,0.000188
63.1400,0.000013,0.649984,0.650016,0.422500,0.000163
63.1500,0.000012,0.649986,0.650014,0.422500,0.000138
63.1600,0.000011,0.649989,0.650011,0.422500,0.000114
63.1700,0.000010,0.649991,0.650009,0.422500,0.000089
63.1800,0.000009,0.649994,0.650006,0.422500,0.000064
63.1900,0.000007,0.649996,0.650004,0.422500,0.000039
63.2000,0.000006,0.649999,0.650001,0.422500,0.000014
63.2100,0.000005,0.650001,0.649999,0.422500,-0.000011
63.2200,0.000004,0.650004,0.649996,0.422500,-0.000036
63.2300,0.000002,0.650006,0.649994,0.422500,-0.000060
63.2400,0.000001,0.650008,0.649992,0.422500,-0.000084
63.2500,0.000000,0.650011,0.649989,0.422500,-0.000108
63.2600,-0.000001,0.650013,0.649987,0.422500,-0.000132
63.2700,-0.000002,0.650016,0.649984,0.422500,-0.000155
63.2800,-0.000004,0.650018,0.649982,0.422500,-0.000178
63.2900,-0.000005,0.650020,0.649980,0.422500,-0.000200
63.3000,-0.000006,0.650022,0.649978,0.422500,-0.000222
63.3100,-0.000007,0.650024,0.649976,0.422500,-0.000243
63.3200,-0.000008,0.650026,0.649974,0.422500,-0.000263
63.3300,-0.000009,0.650028,0.649972,0.422500,-0.000283
63.3400,-0.000010,0.650030,0.649970,0.422500,-0.000302
63.3500,-0.000011,0.650032,0.649968,0.422500,-0.000321
63.3600,-0.000012,0.650034,0.649966,0.422500,-0.000339
63.3700,-0.000013,0.650036,0.649964,0.422500,-0.000356
63.3800,-0.000014,0.650037,0.649963,0.422500,-0.000372
63.3900,-0.000015,0.650039,0.649961,0.422500,-0.000387
63.4000,-0.000016,0.650040,0.649960,0.422500,-0.000402
63.4100,-0.000017,0.650042,0.649958,0.422500,-0.000415
63.4200,-0.000018,0.650043,0.649957,0.422500,-0.000428
63.4300,-0.000018,0.650044,0.649956,0.422500,-0.000440
63.4400,-0.000019,0.650045,0.649955,0.422500,-0.000450
63.4500,-0.000020,0.650046,0.649954,0.422500,-0.000460
63.4600,-0.000020,0.650047,0.649953,0.422500,-0.000469
63.4700,-0.000021,0.650048,0.649952,0.422500,-0.000477
63.4800,-0.000022,0.650048,0.649952,0.422500,-0.000484
63.4900,-0.000022,0.650049,0.649951,0.422500,-0.000490
63.5000,-0.000022,0.650049,0.649951,0.422500,-0.000494
63.5100,-0.000023,0.650050,0.649950,0.422500,-0.000498
63.5200,-0.000023,0.650050,0.649950,0.422500,-0.000501
63.5300,-0.000023,0.650050,0.649950,0.422500,-0.000503
63.5400,-0.000024,0.650050,0.649950,0.422500,-0.000504
63.5500,-0.000024,0.650050,0.649950,0.422500,-0.000503
63.5600,-0.000024,0.650050,0.649950,0.422500,-0.000502
63.5700,-0.000024,0.650050,0.649950,0.422500,-0.000500
63.5800,-0.000024,0.650050,0.649950,0.422500,-0.000497
63.5900,-0.000024,0.650049,0.649951,0.422500,-0.000492
63.6000,-0.000024,0.650049,0.649951,0.422500,-0.000487
63.6100,-0.000024,0.650048,0.649952,0.422500,-0.000481
63.6200,-0.000024,0.650047,0.649953,0.422500,-0.000474
63.6300,-0.000023,0.650047,0.649953,0.422500,-0.000466
63.6400,-0.000023,0.650046,0.649954,0.422500,-0.000457
63.6500,-0.000023,0.650045,0.649955,0.422500,-0.000447
63.6600,-0.000023,0.650044,0.649956,0.422500,-0.000437
63.6700,-0.000022,0.650043,0.649957,0.422500,-0.000425
63.6800,-0.000022,0.650041,0.649959,0.422500,-0.000413
63.6900,-0.000021,0.650040,0.649960,0.422500,-0.000400
63.7000,-0.000021,0.650039,0.649961,0.422500,-0.000387
63.7100,-0.000020,0.650037,0.649963,0.422500,-0.000372
63.7200,-0.000020,0.650036,0.649964,0.422500,-0.000357
63.7300,-0.000019,0.650034,0.649966,0.422500,-0.000341
63.7400,-0.000018,0.650033,0.649967,0.422500,-0.000325
63.7500,-0.000017,0.650031,0.649969,0.422500,-0.000308
63.7600,-0.000017,0.650029,0.649971,0.422500,-0.000291
63.7700,-0.000016,0.650027,0.649973,0.422500,-0.000273
63.7800,-0.000015,0.650025,0.649975,0.422500,-0.000255
63.7900,-0.000014,0.650024,0.649976,0.422500,-0.000236
63.8000,-0.000013,0.650022,0.649978,0.422500,-0.000217
63.8100,-0.000013,0.650020,0.649980,0.422500,-0.000198
63.8200,-0.000012,0.650018,0.649982,0.422500,-0.000178
63.8300,-0.000011,0.650016,0.649984,0.422500,-0.000158
63.8400,-0.000010,0.650014,0.649986,0.422500,-0.000138
63.8500,-0.000009,0.650012,0.649988,0.422500,-0.000117
63.8600,-0.000008,0.650010,0.649990,0.422500,-0.000097
63.8700,-0.000007,0.650008,0.649992,0.422500,-0.000076
63.8800,-0.000006,0.650006,0.649994,0.422500,-0.000056
63.8900,-0.000005,0.650004,0.649996,0.422500,-0.000035
63.9000,-0.000004,0.650001,0.649999,0.422500,-0.000015
63.9100,-0.000003,0.649999,0.650001,0.422500,0.000006
63.9200,-0.000002,0.649997,0.650003,0.422500,0.000026
63.9300,-0.000001,0.649995,0.650005,0.422500,0.000046
63.9400,0.000000,0.649993,0.650007,0.422500,0.000066
63.9500,0.000001,0.649991,0.650009,0.422500,0.000086
63.9600,0.000002,0.649989,0.650011,0.422500,0.000105
63.9700,0.000003,0.649988,0.650012,0.422500,0.000124
63.9800,0.000004,0.649986,0.650014,0.422500,0.000143
63.9900,0.000005,0.649984,0.650016,0.422500,0.000161
64.0000,0.000006,0.649982,0.650018,0.422500,0.000179
64.0100,0.000007,0.649980,0.650020,0.422500,0.000197
64.0200,0.000008,0.649979,0.650021,0.422500,0.000214
64.0300,0.000009,0.649977,0.650023,0.422500,0.000230
64.0400,0.000010,0.649975,0.650025,0.422500,0.000246
64.0500,0.000011,0.649974,0.650026,0.422500,0.000261
64.0600,0.000011,0.649972,0.650028,0.422500,0.000276
64.0700,0.000012,0.649971,0.650029,0.422500,0.000290
64.0800,0.000013,0.649970,0.650030,0.422500,0.000303
64.0900,0.000014,0.649968,0.650032,0.422500,0.000316
64.1000,0.000014,0.649967,0.650033,0.422500,0.000328
64.1100,0.000015,0.649966,0.650034,0.422500,0.000339
64.1200,0.000016,0.649965,0.650035,0.422500,0.000350
64.1300,0.000016,0.649964,0.650036,0.422500,0.000360
64.1400,0.000017,0.649963,0.650037,0.422500,0.000369
64.1500,0.000018,0.649962,0.650038,0.422500,0.000377
64.1600,0.000018,0.649962,0.650038,0.422500,0.000384
64.1700,0.000019,0.649961,0.650039,0.422500,0.000391
64.1800,0.000019,0.649960,0.650040,0.422500,0.000397
64.1900,0.000019,0.649960,0.650040,0.422500,0.000402
64.2000,0.000020,0.649959,0.650041,0.422500,0.000406
64.2100,0.000020,0.649959,0.650041,0.422500,0.000409
64.2200,0.000020,0.649959,0.650041,0.422500,0.000412
64.2300,0.000021,0.649959,0.650041,0.422500,0.000413
64.2400,0.000021,0.649959,0.650041,0.422500,0.000414
64.2500,0.000021,0.649959,0.650041,0.422500,0.000414
64.2600,0.000021,0.649959,0.650041,0.422500,0.000413
64.2700,0.000021,0.649959,0.650041,0.422500,0.000411
64.2800,0.000021,0.649959,0.650041,0.422500,0.000409
64.2900,0.000021,0.649959,0.650041,0.422500,0.000405
64.3000,0.000021,0.649960,0.650040,0.422500,0.000401
64.3100,0.000021,0.649960,0.650040,0.422500,0.000396
64.3200,0.000021,0.649961,0.650039,0.422500,0.000391
64.3300,0.000021,0.649962,0.650038,0.422500,0.000384
64.3400,0.000020,0.649962,0.650038,0.422500,0.000377
64.3500,0.000020,0.649963,0.650037,0.422500,0.000369
64.3600,0.000020,0.649964,0.650036,0.422500,0.000361
64.3700,0.000020,0.649965,0.650035,0.422500,0.000351
64.3800,0.000019,0.649966,0.650034,0.422500,0.000341
64.3900,0.000019,0.649967,0.650033,0.422500,0.000331
64.4000,0.000018,0.649968,0.650032,0.422500,0.000320
64.4100,0.000018,0.649969,0.650031,0.422500,0.000308
64.4200,0.000017,0.649970,0.650030,0.422500,0.000296
64.4300,0.000017,0.649972,0.650028,0.422500,0.000283
64.4400,0.000016,0.649973,0.650027,0.422500,0.000270
64.4500,0.000016,0.649974,0.650026,0.422500,0.000256
64.4600,0.000015,0.649976,0.650024,0.422500,0.000242
64.4700,0.000014,0.649977,0.650023,0.422500,0.000227
64.4800,0.000014,0.649979,0.650021,0.422500,0.000212
64.4900,0.000013,0.649980,0.650020,0.422500,0.000197
64.5000,0.000012,0.649982,0.650018,0.422500,0.000181
64.5100,0.000012,0.649983,0.650017,0.422500,0.000165
64.5200,0.000011,0.649985,0.650015,0.422500,0.000149
64.5300,0.000010,0.649987,0.650013,0.422500,0.000133
64.5400,0.000009,0.649988,0.650012,0.422500,0.000116
64.5500,0.000009,0.649990,0.650010,0.422500,0.000099
64.5600,0.000008,0.649992,0.650008,0.422500,0.000083
64.5700,0.000007,0.649993,0.650007,0.422500,0.000066
64.5800,0.000006,0.649995,0.650005,0.422500,0.000049
64.5900,0.000005,0.649997,0.650003,0.422500,0.000032
64.6000,0.000004,0.649999,0.650001,0.422500,0.000015
64.6100,0.000004,0.650000,0.650000,0.422500,-0.000002
64.6200,0.000003,0.650002,0.649998,0.422500,-0.000019
64.6300,0.000002,0.650004,0.649996,0.422500,-0.000035
64.6400,0.000001,0.650005,0.649995,0.422500,-0.000052
64.6500,0.000000,0.650007,0.649993,0.422500,-0.000068
64.6600,-0.000001,0.650008,0.649992,0.422500,-0.000084
64.6700,-0.000001,0.650010,0.649990,0.422500,-0.000100
64.6800,-0.000002,0.650012,0.649988,0.422500,-0.000115
64.6900,-0.000003,0.650013,0.649987,0.422500,-0.000130
64.7000,-0.000004,0.650014,0.649986,0.422500,-0.000145
64.7100,-0.000005,0.650016,0.649984,0.422500,-0.000159
64.7200,-0.000005,0.650017,0.649983,0.422500,-0.000173
64.7300,-0.000006,0.650019,0.649981,0.422500,-0.000187
64.7400,-0.000007,0.650020,0.649980,0.422500,-0.000200
64.7500,-0.000007,0.650021,0.649979,0.422500,-0.000213
64.7600,-0.000008,0.650023,0.649977,0.422500,-0.000225
64.7700,-0.000009,0.650024,0.649976,0.422500,-0.000237
64.7800,-0.000009,0.650025,0.649975,0.422500,-0.000248
64.7900,-0.000010,0.650026,0.649974,0.422500,-0.000258
64.8000,-0.000011,0.650027,0.649973,0.422500,-0.000268
64.8100,-0.000011,0.650028,0.649972,0.422500,-0.000278
64.8200,-0.000012,0.650029,0.649971,0.422500,-0.000287
64.8300,-0.000012,0.650029,0.649971,0.422500,-0.000295
64.8400,-0.000013,0.650030,0.649970,0.422500,-0.000302
64.8500,-0.000013,0.650031,0.649969,0.422500,-0.000309
64.8600,-0.000014,0.650032,0.649968,0.422500,-0.000315
64.8700,-0.000014,0.650032,0.649968,0.422500,-0.000321
64.8800,-0.000014,0.650033,0.649967,0.422500,-0.000326
64.8900,-0.000015,0.650033,0.649967,0.422500,-0.000330
64.9000,-0.000015,0.650033,0.649967,0.422500,-0.000333
64.9100,-0.000015,0.650034,0.649966,0.422500,-0.000336
64.9200,-0.000016,0.650034,0.649966,0.422500,-0.000338
64.9300,-0.000016,0.650034,0.649966,0.422500,-0.000340
64.9400,-0.000016,0.650034,0.649966,0.422500,-0.000341
64.9500,-0.000016,0.650034,0.649966,0.422500,-0.000341
64.9600,-0.000016,0.650034,0.649966,0.422500,-0.000340
64.9700,-0.000016,0.650034,0.649966,0.422500,-0.000339
64.9800,-0.000016,0.650034,0.649966,0.422500,-0.000337
64.9900,-0.000016,0.650033,0.649967,0.422500,-0.000334
65.0000,-0.000016,0.650033,0.649967,0.422500,-0.000331
65.0100,-0.000016,0.650033,0.649967,0.422500,-0.000327
65.0200,-0.000016,0.650032,0.649968,0.422500,-0.000322
65.0300,-0.000016,0.650032,0.649968,0.422500,-0.000317
65.0400,-0.000016,0.650031,0.649969,0.422500,-0.000311
65.0500,-0.000016,0.650030,0.649970,0.422500,-0.000305
65.0600,-0.000015,0.650030,0.649970,0.422500,-0.000298
65.0700,-0.000015,0.650029,0.649971,0.422500,-0.000290
65.0800,-0.000015,0.650028,0.649972,0.422500,-0.000282
65.0900,-0.000014,0.650027,0.649973,0.422500,-0.000274
65.1000,-0.000014,0.650026,0.649974,0.422500,-0.000265
65.1100,-0.000014,0.650026,0.649974,0.422500,-0.000255
65.1200,-0.000013,0.650024,0.649976,0.422500,-0.000245
65.1300,-0.000013,0.650023,0.649977,0.422500,-0.000235
65.1400,-0.000012,0.650022,0.649978,0.422500,-0.000224
65.1500,-0.000012,0.650021,0.649979,0.422500,-0.000212
65.1600,-0.000011,0.650020,0.649980,0.422500,-0.000201
65.1700,-0.000011,0.650019,0.649981,0.422500,-0.000189
65.1800,-0.000010,0.650018,0.649982,0.422500,-0.000177
65.1900,-0.000010,0.650016,0.649984,0.422500,-0.000164
65.2000,-0.000009,0.650015,0.649985,0.422500,-0.000151
65.2100,-0.000009,0.650014,0.649986,0.422500,-0.000138
65.2200,-0.000008,0.650012,0.649988,0.422500,-0.000125
65.2300,-0.000007,0.650011,0.649989,0.422500,-0.000111
65.2400,-0.000007,0.650010,0.649990,0.422500,-0.000098
65.2500,-0.000006,0.650008,0.649992,0.422500,-0.000084
65.2600,-0.000006,0.650007,0.649993,0.422500,-0.000070
65.2700,-0.000005,0.650006,0.649994,0.422500,-0.000056
65.2800,-0.000004,0.650004,0.649996,0.422500,-0.000043
65.2900,-0.000004,0.650003,0.649997,0.422500,-0.000029
65.3000,-0.000003,0.650001,0.649999,0.422500,-0.000015
65.3100,-0.000002,0.650000,0.650000,0.422500,-0.000001
65.3200,-0.000001,0.649999,0.650001,0.422500,0.000013
65.3300,-0.000001,0.649997,0.650003,0.422500,0.000027
65.3400,-0.000000,0.649996,0.650004,0.422500,0.000040
65.3500,0.000001,0.649995,0.650005,0.422500,0.000053
65.3600,0.000001,0.649993,0.650007,0.422500,0.000067
65.3700,0.000002,0.649992,0.650008,0.422500,0.000080
65.3800,0.000003,0.649991,0.650009,0.422500,0.000092
65.3900,0.000003,0.649990,0.650010,0.422500,0.000105
65.4000,0.000004,0.649988,0.650012,0.422500,0.000117
65.4100,0.000005,0.649987,0.650013,0.422500,0.000129
65.4200,0.000005,0.649986,0.650014,0.422500,0.000141
65.4300,0.000006,0.649985,0.650015,0.422500,0.000152
65.4400,0.000006,0.649984,0.650016,0.422500,0.000163
65.4500,0.000007,0.649983,0.650017,0.422500,0.000173
65.4600,0.000008,0.649982,0.650018,0.422500,0.000183
65.4700,0.000008,0.649981,0.650019,0.422500,0.000193
65.4800,0.000009,0.649980,0.650020,0.422500,0.000202
65.4900,0.000009,0.649979,0.650021,0.422500,0.000211
65.5000,0.000010,0.649978,0.650022,0.422500,0.000219
65.5100,0.000010,0.649977,0.650023,0.422500,0.000227
65.5200,0.000011,0.649977,0.650023,0.422500,0.000234
65.5300,0.000011,0.649976,0.650024,0.422500,0.000241
65.5400,0.000011,0.649975,0.650025,0.422500,0.000247
65.5500,0.000012,0.649975,0.650025,0.422500,0.000253
65.5600,0.000012,0.649974,0.650026,0.422500,0.000258
65.5700,0.000012,0.649974,0.650026,0.422500,0.000263
65.5800,0.000013,0.649973,0.650027,0.422500,0.000267
65.5900,0.000013,0.649973,0.650027,0.422500,0.000271
65.6000,0.000013,0.649973,0.650027,0.422500,0.000274
65.6100,0.000013,0.649972,0.650028,0.422500,0.000276
65.6200,0.000014,0.649972,0.650028,0.422500,0.000278
65.6300,0.000014,0.649972,0.650028,0.422500,0.000279
65.6400,0.000014,0.649972,0.650028,0.422500,0.000280
65.6500,0.000014,0.649972,0.650028,0.422500,0.000280
65.6600,0.000014,0.649972,0.650028,0.422500,0.000280
65.6700,0.000014,0.649972,0.650028,0.422500,0.000279
65.6800,0.000014,0.649972,0.650028,0.422500,0.000277
65.6900,0.000014,0.649972,0.650028,0.422500,0.000275
65.7000,0.000014,0.649973,0.650027,0.422500,0.000272
65.7100,0.000014,0.649973,0.650027,0.422500,0.000269
65.7200,0.000014,0.649973,0.650027,0.422500,0.000266
65.7300,0.000014,0.649974,0.650026,0.422500,0.000261
65.7400,0.000014,0.649974,0.650026,0.422500,0.000257
65.7500,0.000014,0.649975,0.650025,0.422500,0.000252
65.7600,0.000013,0.649975,0.650025,0.422500,0.000246
65.7700,0.000013,0.649976,0.650024,0.422500,0.000240
65.7800,0.000013,0.649977,0.650023,0.422500,0.000233
65.7900,0.000013,0.649977,0.650023,0.422500,0.000226
65.8000,0.000012,0.649978,0.650022,0.422500,0.000219
65.8100,0.000012,0.649979,0.650021,0.422500,0.000211
65.8200,0.000012,0.649980,0.650020,0.422500,0.000203
65.8300,0.000012,0.649981,0.650019,0.422500,0.000194
65.8400,0.000011,0.649981,0.650019,0.422500,0.000185
65.8500,0.000011,0.649982,0.650018,0.422500,0.000176
65.8600,0.000010,0.649983,0.650017,0.422500,0.000167
65.8700,0.000010,0.649984,0.650016,0.422500,0.000157
65.8800,0.000009,0.649985,0.650015,0.422500,0.000147
65.8900,0.000009,0.649986,0.650014,0.422500,0.000137
65.9000,0.000009,0.649987,0.650013,0.422500,0.000126
65.9100,0.000008,0.649988,0.650012,0.422500,0.000115
65.9200,0.000008,0.649990,0.650010,0.422500,0.000104
65.9300,0.000007,0.649991,0.650009,0.422500,0.000093
65.9400,0.000007,0.649992,0.650008,0.422500,0.000082
65.9500,0.000006,0.649993,0.650007,0.422500,0.000071
65.9600,0.000005,0.649994,0.650006,0.422500,0.000060
65.9700,0.000005,0.649995,0.650005,0.422500,0.000048
65.9800,0.000004,0.649996,0.650004,0.422500,0.000037
65.9900,0.000004,0.649997,0.650003,0.422500,0.000025
66.0000,0.000003,0.649999,0.650001,0.422500,0.000014
66.0100,0.000003,0.650000,0.650000,0.422500,0.000003
66.0200,0.000002,0.650001,0.649999,0.422500,-0.000009
66.0300,0.000002,0.650002,0.649998,0.422500,-0.000020
66.0400,0.000001,0.650003,0.649997,0.422500,-0.000031
66.0500,0.000000,0.650004,0.649996,0.422500,-0.000042
66.0600,-0.000000,0.650005,0.649995,0.422500,-0.000053
66.0700,-0.000001,0.650006,0.649994,0.422500,-0.000064
66.0800,-0.000001,0.650007,0.649993,0.422500,-0.000074
66.0900,-0.000002,0.650008,0.649992,0.422500,-0.000085
66.1000,-0.000002,0.650009,0.649991,0.422500,-0.000095
66.1100,-0.000003,0.650010,0.649990,0.422500,-0.000105
66.1200,-0.000003,0.650011,0.649989,0.422500,-0.000114
66.1300,-0.000004,0.650012,0.649988,0.422500,-0.000123
66.1400,-0.000004,0.650013,0.649987,0.422500,-0.000132
66.1500,-0.000005,0.650014,0.649986,0.422500,-0.000141
66.1600,-0.000005,0.650015,0.649985,0.422500,-0.000149
66.1700,-0.000006,0.650016,0.649984,0.422500,-0.000157
66.1800,-0.000006,0.650017,0.649983,0.422500,-0.000165
66.1900,-0.000007,0.650017,0.649983,0.422500,-0.000172
66.2000,-0.000007,0.650018,0.649982,0.422500,-0.000179
66.2100,-0.000007,0.650019,0.649981,0.422500,-0.000186
66.2200,-0.000008,0.650019,0.649981,0.422500,-0.000192
66.2300,-0.000008,0.650020,0.649980,0.422500,-0.000197
66.2400,-0.000009,0.650020,0.649980,0.422500,-0.000203
66.2500,-0.000009,0.650021,0.649979,0.422500,-0.000208
66.2600,-0.000009,0.650021,0.649979,0.422500,-0.000212
66.2700,-0.000009,0.650022,0.649978,0.422500,-0.000216
66.2800,-0.000010,0.650022,0.649978,0.422500,-0.000219
66.2900,-0.000010,0.650022,0.649978,0.422500,-0.000222
66.3000,-0.000010,0.650022,0.649978,0.422500,-0.000225
66.3100,-0.000010,0.650023,0.649977,0.422500,-0.000227
66.3200,-0.000010,0.650023,0.649977,0.422500,-0.000228
66.3300,-0.000011,0.650023,0.649977,0.422500,-0.000230
66.3400,-0.000011,0.650023,0.649977,0.422500,-0.000230
66.3500,-0.000011,0.650023,0.649977,0.422500,-0.000230
66.3600,-0.000011,0.650023,0.649977,0.422500,-0.000230
66.3700,-0.000011,0.650023,0.649977,0.422500,-0.000229
66.3800,-0.000011,0.650023,0.649977,0.422500,-0.000228
66.3900,-0.000011,0.650023,0.649977,0.422500,-0.000227
66.4000,-0.000011,0.650022,0.649978,0.422500,-0.000225
66.4100,-0.000011,0.650022,0.649978,0.422500,-0.000222
66.4200,-0.000011,0.650022,0.649978,0.422500,-0.000219
66.4300,-0.000011,0.650022,0.649978,0.422500,-0.000216
66.4400,-0.000011,0.650021,0.649979,0.422500,-0.000212
66.4500,-0.000011,0.650021,0.649979,0.422500,-0.000208
66.4600,-0.000010,0.650020,0.649980,0.422500,-0.000203
66.4700,-0.000010,0.650020,0.649980,0.422500,-0.000198
66.4800,-0.000010,0.650019,0.649981,0.422500,-0.000193
66.4900,-0.000010,0.650019,0.649981,0.422500,-0.000187
66.5000,-0.000010,0.650018,0.649982,0.422500,-0.000181
66.5100,-0.000009,0.650017,0.649983,0.422500,-0.000175
66.5200,-0.000009,0.650017,0.649983,0.422500,-0.000168
66.5300,-0.000009,0.650016,0.649984,0.422500,-0.000161
66.5400,-0.000009,0.650015,0.649985,0.422500,-0.000154
66.5500,-0.000008,0.650015,0.649985,0.422500,-0.000146
66.5600,-0.000008,0.650014,0.649986,0.422500,-0.000138
66.5700,-0.000008,0.650013,0.649987,0.422500,-0.000130
66.5800,-0.000007,0.650012,0.649988,0.422500,-0.000122
66.5900,-0.000007,0.650011,0.649989,0.422500,-0.000114
66.6000,-0.000006,0.650011,0.649989,0.422500,-0.000105
66.6100,-0.000006,0.650010,0.649990,0.422500,-0.000096
66.6200,-0.000006,0.650009,0.649991,0.422500,-0.000087
66.6300,-0.000005,0.650008,0.649992,0.422500,-0.000078
66.6400,-0.000005,0.650007,0.649993,0.422500,-0.000069
66.6500,-0.000004,0.650006,0.649994,0.422500,-0.000060
66.6600,-0.000004,0.650005,0.649995,0.422500,-0.000051
66.6700,-0.000003,0.650004,0.649996,0.422500,-0.000041
66.6800,-0.000003,0.650003,0.649997,0.422500,-0.000032
66.6900,-0.000003,0.650002,0.649998,0.422500,-0.000023
66.7000,-0.000002,0.650001,0.649999,0.422500,-0.000013
66.7100,-0.000002,0.650000,0.650000,0.422500,-0.000004
66.7200,-0.000001,0.649999,0.650001,0.422500,0.000006
66.7300,-0.000001,0.649999,0.650001,0.422500,0.000015
66.7400,-0.000000,0.649998,0.650002,0.422500,0.000024
66.7500,0.000000,0.649997,0.650003,0.422500,0.000033
66.7600,0.000001,0.649996,0.650004,0.422500,0.000042
66.7700,0.000001,0.649995,0.650005,0.422500,0.000051
66.7800,0.000002,0.649994,0.650006,0.422500,0.000060
66.7900,0.000002,0.649993,0.650007,0.422500,0.000068
66.8000,0.000003,0.649992,0.650008,0.422500,0.000076
66.8100,0.000003,0.649992,0.650008,0.422500,0.000085
66.8200,0.000003,0.649991,0.650009,0.422500,0.000092
66.8300,0.000004,0.649990,0.650010,0.422500,0.000100
66.8400,0.000004,0.649989,0.650011,0.422500,0.000108
66.8500,0.000005,0.649989,0.650011,0.422500,0.000115
66.8600,0.000005,0.649988,0.650012,0.422500,0.000122
66.8700,0.000005,0.649987,0.650013,0.422500,0.000128
66.8800,0.000006,0.649987,0.650013,0.422500,0.000135
66.8900,0.000006,0.649986,0.650014,0.422500,0.000141
66.9000,0.000006,0.649985,0.650015,0.422500,0.000146
66.9100,0.000007,0.649985,0.650015,0.422500,0.000152
66.9200,0.000007,0.649984,0.650016,0.422500,0.000157
66.9300,0.000007,0.649984,0.650016,0.422500,0.000162
66.9400,0.000008,0.649983,0.650017,0.422500,0.000166
66.9500,0.000008,0.649983,0.650017,0.422500,0.000170
66.9600,0.000008,0.649983,0.650017,0.422500,0.000174
66.9700,0.000008,0.649982,0.650018,0.422500,0.000177
66.9800,0.000009,0.649982,0.650018,0.422500,0.000180
66.9900,0.000009,0.649982,0.650018,0.422500,0.000182
67.0000,0.000009,0.649982,0.650018,0.422500,0.000184
67.0100,0.000009,0.649981,0.650019,0.422500,0.000186
67.0200,0.000009,0.649981,0.650019,0.422500,0.000188
67.0300,0.000009,0.649981,0.650019,0.422500,0.000189
67.0400,0.000009,0.649981,0.650019,0.422500,0.000189
67.0500,0.000010,0.649981,0.650019,0.422500,0.000189
67.0600,0.000010,0.649981,0.650019,0.422500,0.000189
67.0700,0.000010,0.649981,0.650019,0.422500,0.000189
67.0800,0.000010,0.649981,0.650019,0.422500,0.000188
67.0900,0.000010,0.649981,0.650019,0.422500,0.000187
67.1000,0.000010,0.649982,0.650018,0.422500,0.000185
67.1100,0.000010,0.649982,0.650018,0.422500,0.000183
67.1200,0.000010,0.649982,0.650018,0.422500,0.000181
67.1300,0.000009,0.649982,0.650018,0.422500,0.000178
67.1400,0.000009,0.649983,0.650017,0.422500,0.000175
67.1500,0.000009,0.649983,0.650017,0.422500,0.000171
67.1600,0.000009,0.649983,0.650017,0.422500,0.000168
67.1700,0.000009,0.649984,0.650016,0.422500,0.000164
67.1800,0.000009,0.649984,0.650016,0.422500,0.000159
67.1900,0.000009,0.649985,0.650015,0.422500,0.000155
67.2000,0.000009,0.649985,0.650015,0.422500,0.000150
67.2100,0.000008,0.649986,0.650014,0.422500,0.000145
67.2200,0.000008,0.649986,0.650014,0.422500,0.000139
67.2300,0.000008,0.649987,0.650013,0.422500,0.000133
67.2400,0.000008,0.649987,0.650013,0.422500,0.000127
67.2500,0.000007,0.649988,0.650012,0.422500,0.000121
67.2600,0.000007,0.649989,0.650011,0.422500,0.000115
67.2700,0.000007,0.649989,0.650011,0.422500,0.000108
67.2800,0.000007,0.649990,0.650010,0.422500,0.000102
67.2900,0.000006,0.649991,0.650009,0.422500,0.000095
67.3000,0.000006,0.649991,0.650009,0.422500,0.000088
67.3100,0.000006,0.649992,0.650008,0.422500,0.000080
67.3200,0.000005,0.649993,0.650007,0.422500,0.000073
67.3300,0.000005,0.649993,0.650007,0.422500,0.000066
67.3400,0.000005,0.649994,0.650006,0.422500,0.000058
67.3500,0.000004,0.649995,0.650005,0.422500,0.000051
67.3600,0.000004,0.649996,0.650004,0.422500,0.000043
67.3700,0.000003,0.649996,0.650004,0.422500,0.000035
67.3800,0.000003,0.649997,0.650003,0.422500,0.000028
67.3900,0.000003,0.649998,0.650002,0.422500,0.000020
67.4000,0.000002,0.649999,0.650001,0.422500,0.000012
67.4100,0.000002,0.650000,0.650000,0.422500,0.000004
67.4200,0.000002,0.650000,0.650000,0.422500,-0.000003
67.4300,0.000001,0.650001,0.649999,0.422500,-0.000011
67.4400,0.000001,0.650002,0.649998,0.422500,-0.000019
67.4500,0.000000,0.650003,0.649997,0.422500,-0.000026
67.4600,0.000000,0.650003,0.649997,0.422500,-0.000033
67.4700,-0.000000,0.650004,0.649996,0.422500,-0.000041
67.4800,-0.000001,0.650005,0.649995,0.422500,-0.000048
67.4900,-0.000001,0.650005,0.649995,0.422500,-0.000055
67.5000,-0.000001,0.650006,0.649994,0.422500,-0.000062
67.5100,-0.000002,0.650007,0.649993,0.422500,-0.000068
67.5200,-0.000002,0.650008,0.649992,0.422500,-0.000075
67.5300,-0.000003,0.650008,0.649992,0.422500,-0.000081
67.5400,-0.000003,0.650009,0.649991,0.422500,-0.000088
67.5500,-0.000003,0.650009,0.649991,0.422500,-0.000093
67.5600,-0.000003,0.650010,0.649990,0.422500,-0.000099
67.5700,-0.000004,0.650010,0.649990,0.422500,-0.000105
67.5800,-0.000004,0.650011,0.649989,0.422500,-0.000110
67.5900,-0.000004,0.650011,0.649989,0.422500,-0.000115
67.6000,-0.000005,0.650012,0.649988,0.422500,-0.000120
67.6100,-0.000005,0.650012,0.649988,0.422500,-0.000124
67.6200,-0.000005,0.650013,0.649987,0.422500,-0.000128
67.6300,-0.000005,0.650013,0.649987,0.422500,-0.000132
67.6400,-0.000006,0.650014,0.649986,0.422500,-0.000136
67.6500,-0.000006,0.650014,0.649986,0.422500,-0.000139
67.6600,-0.000006,0.650014,0.649986,0.422500,-0.000142
67.6700,-0.000006,0.650015,0.649985,0.422500,-0.000145
67.6800,-0.000006,0.650015,0.649985,0.422500,-0.000148
67.6900,-0.000007,0.650015,0.649985,0.422500,-0.000150
67.7000,-0.000007,0.650015,0.649985,0.422500,-0.000151
67.7100,-0.000007,0.650015,0.649985,0.422500,-0.000153
67.7200,-0.000007,0.650015,0.649985,0.422500,-0.000154
67.7300,-0.000007,0.650016,0.649984,0.422500,-0.000155
67.7400,-0.000007,0.650016,0.649984,0.422500,-0.000156
67.7500,-0.000007,0.650016,0.649984,0.422500,-0.000156
67.7600,-0.000007,0.650016,0.649984,0.422500,-0.000156
67.7700,-0.000007,0.650016,0.649984,0.422500,-0.000155
67.7800,-0.000007,0.650015,0.649985,0.422500,-0.000155
67.7900,-0.000007,0.650015,0.649985,0.422500,-0.000154
67.8000,-0.000007,0.650015,0.649985,0.422500,-0.000152
67.8100,-0.000007,0.650015,0.649985,0.422500,-0.000151
67.8200,-0.000007,0.650015,0.649985,0.422500,-0.000149
67.8300,-0.000007,0.650015,0.649985,0.422500,-0.000147
67.8400,-0.000007,0.650014,0.649986,0.422500,-0.000144
67.8500,-0.000007,0.650014,0.649986,0.422500,-0.000141
67.8600,-0.000007,0.650014,0.649986,0.422500,-0.000138
67.8700,-0.000007,0.650014,0.649986,0.422500,-0.000135
67.8800,-0.000007,0.650013,0.649987,0.422500,-0.000132
67.8900,-0.000007,0.650013,0.649987,0.422500,-0.000128
67.9000,-0.000007,0.650012,0.649988,0.422500,-0.000124
67.9100,-0.000006,0.650012,0.649988,0.422500,-0.000120
67.9200,-0.000006,0.650012,0.649988,0.422500,-0.000115
67.9300,-0.000006,0.650011,0.649989,0.422500,-0.000111
67.9400,-0.000006,0.650011,0.649989,0.422500,-0.000106
67.9500,-0.000006,0.650010,0.649990,0.422500,-0.000101
67.9600,-0.000005,0.650010,0.649990,0.422500,-0.000095
67.9700,-0.000005,0.650009,0.649991,0.422500,-0.000090
67.9800,-0.000005,0.650008,0.649992,0.422500,-0.000085
67.9900,-0.000005,0.650008,0.649992,0.422500,-0.000079
68.0000,-0.000004,0.650007,0.649993,0.422500,-0.000073
68.0100,-0.000004,0.650007,0.649993,0.422500,-0.000067
68.0200,-0.000004,0.650006,0.649994,0.422500,-0.000061
68.0300,-0.000004,0.650006,0.649994,0.422500,-0.000055
68.0400,-0.000003,0.650005,0.649995,0.422500,-0.000049
68.0500,-0.000003,0.650004,0.649996,0.422500,-0.000043
68.0600,-0.000003,0.650004,0.649996,0.422500,-0.000036
68.0700,-0.000002,0.650003,0.649997,0.422500,-0.000030
68.0800,-0.000002,0.650002,0.649998,0.422500,-0.000024
68.0900,-0.000002,0.650002,0.649998,0.422500,-0.000017
68.1000,-0.000001,0.650001,0.649999,0.422500,-0.000011
68.1100,-0.000001,0.650000,0.650000,0.422500,-0.000005
68.1200,-0.000001,0.650000,0.650000,0.422500,0.000002
68.1300,-0.000001,0.649999,0.650001,0.422500,0.000008
68.1400,-0.000000,0.649999,0.650001,0.422500,0.000014
68.1500,0.000000,0.649998,0.650002,0.422500,0.000020
68.1600,0.000000,0.649997,0.650003,0.422500,0.000026
68.1700,0.000001,0.649997,0.650003,0.422500,0.000032
68.1800,0.000001,0.649996,0.650004,0.422500,0.000038
68.1900,0.000001,0.649996,0.650004,0.422500,0.000044
68.2000,0.000002,0.649995,0.650005,0.422500,0.000050
68.2100,0.000002,0.649994,0.650006,0.422500,0.000055
68.2200,0.000002,0.649994,0.650006,0.422500,0.000061
68.2300,0.000002,0.649993,0.650007,0.422500,0.000066
68.2400,0.000003,0.649993,0.650007,0.422500,0.000071
68.2500,0.000003,0.649992,0.650008,0.422500,0.000076
68.2600,0.000003,0.649992,0.650008,0.422500,0.000081
68.2700,0.000004,0.649991,0.650009,0.422500,0.000085
68.2800,0.000004,0.649991,0.650009,0.422500,0.000090
68.2900,0.000004,0.649991,0.650009,0.422500,0.000094
68.3000,0.000004,0.649990,0.650010,0.422500,0.000098
68.3100,0.000004,0.649990,0.650010,0.422500,0.000101
68.3200,0.000005,0.649990,0.650010,0.422500,0.000105
68.3300,0.000005,0.649989,0.650011,0.422500,0.000108
68.3400,0.000005,0.649989,0.650011,0.422500,0.000111
68.3500,0.000005,0.649989,0.650011,0.422500,0.000114
68.3600,0.000005,0.649988,0.650012,0.422500,0.000117
68.3700,0.000006,0.649988,0.650012,0.422500,0.000119
68.3800,0.000006,0.649988,0.650012,0.422500,0.000121
68.3900,0.000006,0.649988,0.650012,0.422500,0.000123
68.4000,0.000006,0.649988,0.650012,0.422500,0.000124
68.4100,0.000006,0.649987,0.650013,0.422500,0.000126
68.4200,0.000006,0.649987,0.650013,0.422500,0.000127
68.4300,0.000006,0.649987,0.650013,0.422500,0.000127
68.4400,0.000006,0.649987,0.650013,0.422500,0.000128
68.4500,0.000006,0.649987,0.650013,0.422500,0.000128
68.4600,0.000006,0.649987,0.650013,0.422500,0.000128
68.4700,0.000007,0.649987,0.650013,0.422500,0.000128
68.4800,0.000007,0.649987,0.650013,0.422500,0.000127
68.4900,0.000007,0.649987,0.650013,0.422500,0.000126
68.5000,0.000007,0.649987,0.650013,0.422500,0.000125
68.5100,0.000007,0.649988,0.650012,0.422500,0.000124
68.5200,0.000006,0.649988,0.650012,0.422500,0.000123
68.5300,0.000006,0.649988,0.650012,0.422500,0.000121
68.5400,0.000006,0.649988,0.650012,0.422500,0.000119
68.5500,0.000006,0.649988,0.650012,0.422500,0.000117
68.5600,0.000006,0.649989,0.650011,0.422500,0.000114
68.5700,0.000006,0.649989,0.650011,0.422500,0.000112
68.5800,0.000006,0.649989,0.650011,0.422500,0.000109
68.5900,0.000006,0.649989,0.650011,0.422500,0.000106
68.6000,0.000006,0.649990,0.650010,0.422500,0.000102
68.6100,0.000006,0.649990,0.650010,0.422500,0.000099
68.6200,0.000006,0.649990,0.650010,0.422500,0.000095
68.6300,0.000005,0.649991,0.650009,0.422500,0.000092
68.6400,0.000005,0.649991,0.650009,0.422500,0.000088
68.6500,0.000005,0.649992,0.650008,0.422500,0.000083
68.6600,0.000005,0.649992,0.650008,0.422500,0.000079
68.6700,0.000005,0.649993,0.650007,0.422500,0.000075
68.6800,0.000004,0.649993,0.650007,0.422500,0.000070
68.6900,0.000004,0.649993,0.650007,0.422500,0.000066
68.7000,0.000004,0.649994,0.650006,0.422500,0.000061
68.7100,0.000004,0.649994,0.650006,0.422500,0.000056
68.7200,0.000004,0.649995,0.650005,0.422500,0.000051
68.7300,0.000003,0.649995,0.650005,0.422500,0.000046
68.7400,0.000003,0.649996,0.650004,0.422500,0.000041
68.7500,0.000003,0.649996,0.650004,0.422500,0.000036
68.7600,0.000003,0.649997,0.650003,0.422500,0.000031
68.7700,0.000002,0.649997,0.650003,0.422500,0.000026
68.7800,0.000002,0.649998,0.650002,0.422500,0.000020
68.7900,0.000002,0.649998,0.650002,0.422500,0.000015
68.8000,0.000002,0.649999,0.650001,0.422500,0.000010
68.8100,0.000001,0.650000,0.650000,0.422500,0.000005
68.8200,0.000001,0.650000,0.650000,0.422500,-0.000000
68.8300,0.000001,0.650001,0.649999,0.422500,-0.000006
68.8400,0.000001,0.650001,0.649999,0.422500,-0.000011
68.8500,0.000000,0.650002,0.649998,0.422500,-0.000016
68.8600,0.000000,0.650002,0.649998,0.422500,-0.000021
68.8700,-0.000000,0.650003,0.649997,0.422500,-0.000026
68.8800,-0.000000,0.650003,0.649997,0.422500,-0.000031
68.8900,-0.000001,0.650004,0.649996,0.422500,-0.000036
68.9000,-0.000001,0.650004,0.649996,0.422500,-0.000040
68.9100,-0.000001,0.650004,0.649996,0.422500,-0.000045
68.9200,-0.000001,0.650005,0.649995,0.422500,-0.000049
68.9300,-0.000002,0.650005,0.649995,0.422500,-0.000054
68.9400,-0.000002,0.650006,0.649994,0.422500,-0.000058
68.9500,-0.000002,0.650006,0.649994,0.422500,-0.000062
68.9600,-0.000002,0.650007,0.649993,0.422500,-0.000066
68.9700,-0.000002,0.650007,0.649993,0.422500,-0.000070
68.9800,-0.000003,0.650007,0.649993,0.422500,-0.000073
68.9900,-0.000003,0.650008,0.649992,0.422500,-0.000077
69.0000,-0.000003,0.650008,0.649992,0.422500,-0.000080
69.0100,-0.000003,0.650008,0.649992,0.422500,-0.000083
69.0200,-0.000003,0.650009,0.649991,0.422500,-0.000086
69.0300,-0.000004,0.650009,0.649991,0.422500,-0.000089
69.0400,-0.000004,0.650009,0.649991,0.422500,-0.000091
69.0500,-0.000004,0.650009,0.649991,0.422500,-0.000093
69.0600,-0.000004,0.650010,0.649990,0.422500,-0.000096
69.0700,-0.000004,0.650010,0.649990,0.422500,-0.000098
69.0800,-0.000004,0.650010,0.649990,0.422500,-0.000099
69.0900,-0.000004,0.650010,0.649990,0.422500,-0.000101
69.1000,-0.000005,0.650010,0.649990,0.422500,-0.000102
69.1100,-0.000005,0.650010,0.649990,0.422500,-0.000103
69.1200,-0.000005,0.650010,0.649990,0.422500,-0.000104
69.1300,-0.000005,0.650010,0.649990,0.422500,-0.000105
69.1400,-0.000005,0.650011,0.649989,0.422500,-0.000105
69.1500,-0.000005,0.650011,0.649989,0.422500,-0.000105
69.1600,-0.000005,0.650011,0.649989,0.422500,-0.000105
69.1700,-0.000005,0.650011,0.649989,0.422500,-0.000105
69.1800,-0.000005,0.650010,0.649990,0.422500,-0.000105
69.1900,-0.000005,0.650010,0.649990,0.422500,-0.000104
69.2000,-0.000005,0.650010,0.649990,0.422500,-0.000103
69.2100,-0.000005,0.650010,0.649990,0.422500,-0.000102
69.2200,-0.000005,0.650010,0.649990,0.422500,-0.000101
69.2300,-0.000005,0.650010,0.649990,0.422500,-0.000100
69.2400,-0.000005,0.650010,0.649990,0.422500,-0.000098
69.2500,-0.000005,0.650010,0.649990,0.422500,-0.000096
69.2600,-0.000005,0.650009,0.649991,0.422500,-0.000094
69.2700,-0.000005,0.650009,0.649991,0.422500,-0.000092
69.2800,-0.000005,0.650009,0.649991,0.422500,-0.000090
69.2900,-0.000005,0.650009,0.649991,0.422500,-0.000087
69.3000,-0.000004,0.650008,0.649992,0.422500,-0.000085
69.3100,-0.000004,0.650008,0.649992,0.422500,-0.000082
69.3200,-0.000004,0.650008,0.649992,0.422500,-0.000079
69.3300,-0.000004,0.650008,0.649992,0.422500,-0.000076
69.3400,-0.000004,0.650007,0.649993,0.422500,-0.000073
69.3500,-0.000004,0.650007,0.649993,0.422500,-0.000069
69.3600,-0.000004,0.650007,0.649993,0.422500,-0.000066
69.3700,-0.000004,0.650006,0.649994,0.422500,-0.000062
69.3800,-0.000003,0.650006,0.649994,0.422500,-0.000058
69.3900,-0.000003,0.650005,0.649995,0.422500,-0.000055
69.4000,-0.000003,0.650005,0.649995,0.422500,-0.000051
69.4100,-0.000003,0.650005,0.649995,0.422500,-0.000047
69.4200,-0.000003,0.650004,0.649996,0.422500,-0.000043
69.4300,-0.000002,0.650004,0.649996,0.422500,-0.000039
69.4400,-0.000002,0.650003,0.649997,0.422500,-0.000035
69.4500,-0.000002,0.650003,0.649997,0.422500,-0.000030
69.4600,-0.000002,0.650003,0.649997,0.422500,-0.000026
69.4700,-0.000002,0.650002,0.649998,0.422500,-0.000022
69.4800,-0.000001,0.650002,0.649998,0.422500,-0.000018
69.4900,-0.000001,0.650001,0.649999,0.422500,-0.000013
69.5000,-0.000001,0.650001,0.649999,0.422500,-0.000009
69.5100,-0.000001,0.650000,0.650000,0.422500,-0.000005
69.5200,-0.000001,0.650000,0.650000,0.422500,-0.000000
69.5300,-0.000000,0.650000,0.650000,0.422500,0.000004
69.5400,-0.000000,0.649999,0.650001,0.422500,0.000008
69.5500,-0.000000,0.649999,0.650001,0.422500,0.000012
69.5600,0.000000,0.649998,0.650002,0.422500,0.000016
69.5700,0.000000,0.649998,0.650002,0.422500,0.000021
69.5800,0.000001,0.649998,0.650002,0.422500,0.000025
69.5900,0.000001,0.649997,0.650003,0.422500,0.000029
69.6000,0.000001,0.649997,0.650003,0.422500,0.000032
69.6100,0.000001,0.649996,0.650004,0.422500,0.000036
69.6200,0.000001,0.649996,0.650004,0.422500,0.000040
69.6300,0.000002,0.649996,0.650004,0.422500,0.000043
69.6400,0.000002,0.649995,0.650005,0.422500,0.000047
69.6500,0.000002,0.649995,0.650005,0.422500,0.000050
69.6600,0.000002,0.649995,0.650005,0.422500,0.000054
69.6700,0.000002,0.649994,0.650006,0.422500,0.000057
69.6800,0.000003,0.649994,0.650006,0.422500,0.000060
69.6900,0.000003,0.649994,0.650006,0.422500,0.000063
69.7000,0.000003,0.649993,0.650007,0.422500,0.000065
69.7100,0.000003,0.649993,0.650007,0.422500,0.000068
69.7200,0.000003,0.649993,0.650007,0.422500,0.000070
69.7300,0.000003,0.649993,0.650007,0.422500,0.000072
69.7400,0.000003,0.649993,0.650007,0.422500,0.000075
69.7500,0.000004,0.649992,0.650008,0.422500,0.000077
69.7600,0.000004,0.649992,0.650008,0.422500,0.000078
69.7700,0.000004,0.649992,0.650008,0.422500,0.000080
69.7800,0.000004,0.649992,0.650008,0.422500,0.000081
69.7900,0.000004,0.649992,0.650008,0.422500,0.000083
69.8000,0.000004,0.649992,0.650008,0.422500,0.000084
69.8100,0.000004,0.649992,0.650008,0.422500,0.000085
69.8200,0.000004,0.649991,0.650009,0.422500,0.000085
69.8300,0.000004,0.649991,0.650009,0.422500,0.000086
69.8400,0.000004,0.649991,0.650009,0.422500,0.000086
69.8500,0.000004,0.649991,0.650009,0.422500,0.000087
69.8600,0.000004,0.649991,0.650009,0.422500,0.000087
69.8700,0.000004,0.649991,0.650009,0.422500,0.000087
69.8800,0.000004,0.649991,0.650009,0.422500,0.000086
69.8900,0.000004,0.649991,0.650009,0.422500,0.000086
69.9000,0.000004,0.649991,0.650009,0.422500,0.000085
69.9100,0.000004,0.649992,0.650008,0.422500,0.000084
69.9200,0.000004,0.649992,0.650008,0.422500,0.000083
69.9300,0.000004,0.649992,0.650008,0.422500,0.000082
69.9400,0.000004,0.649992,0.650008,0.422500,0.000081
69.9500,0.000004,0.649992,0.650008,0.422500,0.000079
69.9600,0.000004,0.649992,0.650008,0.422500,0.000078
69.9700,0.000004,0.649992,0.650008,0.422500,0.000076
69.9800,0.000004,0.649993,0.650007,0.422500,0.000074
69.9900,0.000004,0.649993,0.650007,0.422500,0.000072
70.0000,0.000004,0.649993,0.650007,0.422500,0.000070
70.0100,0.000004,0.649993,0.650007,0.422500,0.000068
70.0200,0.000004,0.649993,0.650007,0.422500,0.000065
70.0300,0.000004,0.649994,0.650006,0.422500,0.000063
70.0400,0.000004,0.649994,0.650006,0.422500,0.000060
70.0500,0.000003,0.649994,0.650006,0.422500,0.000057
70.0600,0.000003,0.649995,0.650005,0.422500,0.000055
70.0700,0.000003,0.649995,0.650005,0.422500,0.000052
70.0800,0.000003,0.649995,0.650005,0.422500,0.000049
70.0900,0.000003,0.649995,0.650005,0.422500,0.000045
70.1000,0.000003,0.649996,0.650004,0.422500,0.000042
70.1100,0.000003,0.649996,0.650004,0.422500,0.000039
70.1200,0.000003,0.649996,0.650004,0.422500,0.000036
70.1300,0.000002,0.649997,0.650003,0.422500,0.000032
70.1400,0.000002,0.649997,0.650003,0.422500,0.000029
70.1500,0.000002,0.649997,0.650003,0.422500,0.000026
70.1600,0.000002,0.649998,0.650002,0.422500,0.000022
70.1700,0.000002,0.649998,0.650002,0.422500,0.000019
70.1800,0.000002,0.649999,0.650001,0.422500,0.000015
70.1900,0.000001,0.649999,0.650001,0.422500,0.000011
70.2000,0.000001,0.649999,0.650001,0.422500,0.000008
70.2100,0.000001,0.650000,0.650000,0.422500,0.000004
70.2200,0.000001,0.650000,0.650000,0.422500,0.000001
70.2300,0.000001,0.650000,0.650000,0.422500,-0.000003
70.2400,0.000000,0.650001,0.649999,0.422500,-0.000006
70.2500,0.000000,0.650001,0.649999,0.422500,-0.000010
70.2600,0.000000,0.650001,0.649999,0.422500,-0.000013
70.2700,-0.000000,0.650002,0.649998,0.422500,-0.000016
70.2800,-0.000000,0.650002,0.649998,0.422500,-0.000020
70.2900,-0.000000,0.650002,0.649998,0.422500,-0.000023
70.3000,-0.000001,0.650003,0.649997,0.422500,-0.000026
70.3100,-0.000001,0.650003,0.649997,0.422500,-0.000029
70.3200,-0.000001,0.650003,0.649997,0.422500,-0.000032
70.3300,-0.000001,0.650004,0.649996,0.422500,-0.000035
70.3400,-0.000001,0.650004,0.649996,0.422500,-0.000038
70.3500,-0.000001,0.650004,0.649996,0.422500,-0.000041
70.3600,-0.000001,0.650004,0.649996,0.422500,-0.000044
70.3700,-0.000002,0.650005,0.649995,0.422500,-0.000046
70.3800,-0.000002,0.650005,0.649995,0.422500,-0.000049
70.3900,-0.000002,0.650005,0.649995,0.422500,-0.000051
70.4000,-0.000002,0.650005,0.649995,0.422500,-0.000053
70.4100,-0.000002,0.650006,0.649994,0.422500,-0.000055
70.4200,-0.000002,0.650006,0.649994,0.422500,-0.000057
70.4300,-0.000002,0.650006,0.649994,0.422500,-0.000059
70.4400,-0.000003,0.650006,0.649994,0.422500,-0.000061
70.4500,-0.000003,0.650006,0.649994,0.422500,-0.000063
70.4600,-0.000003,0.650006,0.649994,0.422500,-0.000064
70.4700,-0.000003,0.650007,0.649993,0.422500,-0.000066
70.4800,-0.000003,0.650007,0.649993,0.422500,-0.000067
70.4900,-0.000003,0.650007,0.649993,0.422500,-0.000068
70.5000,-0.000003,0.650007,0.649993,0.422500,-0.000069
70.5100,-0.000003,0.650007,0.649993,0.422500,-0.000070
70.5200,-0.000003,0.650007,0.649993,0.422500,-0.000070
70.5300,-0.000003,0.650007,0.649993,0.422500,-0.000071
70.5400,-0.000003,0.650007,0.649993,0.422500,-0.000071
70.5500,-0.000003,0.650007,0.649993,0.422500,-0.000071
70.5600,-0.000003,0.650007,0.649993,0.422500,-0.000071
70.5700,-0.000003,0.650007,0.649993,0.422500,-0.000071
70.5800,-0.000003,0.650007,0.649993,0.422500,-0.000071
70.5900,-0.000003,0.650007,0.649993,0.422500,-0.000071
70.6000,-0.000003,0.650007,0.649993,0.422500,-0.000070
70.6100,-0.000003,0.650007,0.649993,0.422500,-0.000069
70.6200,-0.000003,0.650007,0.649993,0.422500,-0.000069
70.6300,-0.000003,0.650007,0.649993,0.422500,-0.000068
70.6400,-0.000003,0.650007,0.649993,0.422500,-0.000067
70.6500,-0.000003,0.650007,0.649993,0.422500,-0.000066
70.6600,-0.000003,0.650006,0.649994,0.422500,-0.000064
70.6700,-0.000003,0.650006,0.649994,0.422500,-0.000063
70.6800,-0.000003,0.650006,0.649994,0.422500,-0.000061
70.6900,-0.000003,0.650006,0.649994,0.422500,-0.000060
70.7000,-0.000003,0.650006,0.649994,0.422500,-0.000058
70.7100,-0.000003,0.650006,0.649994,0.422500,-0.000056
70.7200,-0.000003,0.650005,0.649995,0.422500,-0.000054
70.7300,-0.000003,0.650005,0.649995,0.422500,-0.000052
70.7400,-0.000003,0.650005,0.649995,0.422500,-0.000050
70.7500,-0.000003,0.650005,0.649995,0.422500,-0.000048
70.7600,-0.000003,0.650005,0.649995,0.422500,-0.000045
70.7700,-0.000002,0.650004,0.649996,0.422500,-0.000043
70.7800,-0.000002,0.650004,0.649996,0.422500,-0.000040
70.7900,-0.000002,0.650004,0.649996,0.422500,-0.000038
70.8000,-0.000002,0.650004,0.649996,0.422500,-0.000035
70.8100,-0.000002,0.650003,0.649997,0.422500,-0.000033
70.8200,-0.000002,0.650003,0.649997,0.422500,-0.000030
70.8300,-0.000002,0.650003,0.649997,0.422500,-0.000027
70.8400,-0.000002,0.650002,0.649998,0.422500,-0.000024
70.8500,-0.000001,0.650002,0.649998,0.422500,-0.000021
70.8600,-0.000001,0.650002,0.649998,0.422500,-0.000019
70.8700,-0.000001,0.650002,0.649998,0.422500,-0.000016
70.8800,-0.000001,0.650001,0.649999,0.422500,-0.000013
70.8900,-0.000001,0.650001,0.649999,0.422500,-0.000010
70.9000,-0.000001,0.650001,0.649999,0.422500,-0.000007
70.9100,-0.000001,0.650000,0.650000,0.422500,-0.000004
70.9200,-0.000000,0.650000,0.650000,0.422500,-0.000001
70.9300,-0.000000,0.650000,0.650000,0.422500,0.000002
70.9400,-0.000000,0.650000,0.650000,0.422500,0.000005
70.9500,-0.000000,0.649999,0.650001,0.422500,0.000007
70.9600,0.000000,0.649999,0.650001,0.422500,0.000010
70.9700,0.000000,0.649999,0.650001,0.422500,0.000013
70.9800,0.000000,0.649998,0.650002,0.422500,0.000016
70.9900,0.000001,0.649998,0.650002,0.422500,0.000018
71.0000,0.000001,0.649998,0.650002,0.422500,0.000021
71.0100,0.000001,0.649998,0.650002,0.422500,0.000024
71.0200,0.000001,0.649997,0.650003,0.422500,0.000026
71.0300,0.000001,0.649997,0.650003,0.422500,0.000029
71.0400,0.000001,0.649997,0.650003,0.422500,0.000031
71.0500,0.000001,0.649997,0.650003,0.422500,0.000033
71.0600,0.000001,0.649996,0.650004,0.422500,0.000035
71.0700,0.000002,0.649996,0.650004,0.422500,0.000038
71.0800,0.000002,0.649996,0.650004,0.422500,0.000040
71.0900,0.000002,0.649996,0.650004,0.422500,0.000042
71.1000,0.000002,0.649996,0.650004,0.422500,0.000044
71.1100,0.000002,0.649995,0.650005,0.422500,0.000045
71.1200,0.000002,0.649995,0.650005,0.422500,0.000047
71.1300,0.000002,0.649995,0.650005,0.422500,0.000049
71.1400,0.000002,0.649995,0.650005,0.422500,0.000050
71.1500,0.000002,0.649995,0.650005,0.422500,0.000051
71.1600,0.000002,0.649995,0.650005,0.422500,0.000053
71.1700,0.000003,0.649995,0.650005,0.422500,0.000054
71.1800,0.000003,0.649995,0.650005,0.422500,0.000055
71.1900,0.000003,0.649994,0.650006,0.422500,0.000056
71.2000,0.000003,0.649994,0.650006,0.422500,0.000056
71.2100,0.000003,0.649994,0.650006,0.422500,0.000057
71.2200,0.000003,0.649994,0.650006,0.422500,0.000058
71.2300,0.000003,0.649994,0.650006,0.422500,0.000058
71.2400,0.000003,0.649994,0.650006,0.422500,0.000058
71.2500,0.000003,0.649994,0.650006,0.422500,0.000059
71.2600,0.000003,0.649994,0.650006,0.422500,0.000059
71.2700,0.000003,0.649994,0.650006,0.422500,0.000059
71.2800,0.000003,0.649994,0.650006,0.422500,0.000058
71.2900,0.000003,0.649994,0.650006,0.422500,0.000058
71.3000,0.000003,0.649994,0.650006,0.422500,0.000058
71.3100,0.000003,0.649994,0.650006,0.422500,0.000057
71.3200,0.000003,0.649994,0.650006,0.422500,0.000057
71.3300,0.000003,0.649994,0.650006,0.422500,0.000056
71.3400,0.000003,0.649994,0.650006,0.422500,0.000055
71.3500,0.000003,0.649995,0.650005,0.422500,0.000054
71.3600,0.000003,0.649995,0.650005,0.422500,0.000053
71.3700,0.000003,0.649995,0.650005,0.422500,0.000052
71.3800,0.000003,0.649995,0.650005,0.422500,0.000051
71.3900,0.000003,0.649995,0.650005,0.422500,0.000049
71.4000,0.000003,0.649995,0.650005,0.422500,0.000048
71.4100,0.000003,0.649995,0.650005,0.422500,0.000046
71.4200,0.000003,0.649996,0.650004,0.422500,0.000045
71.4300,0.000003,0.649996,0.650004,0.422500,0.000043
71.4400,0.000002,0.649996,0.650004,0.422500,0.000041
71.4500,0.000002,0.649996,0.650004,0.422500,0.000039
71.4600,0.000002,0.649996,0.650004,0.422500,0.000038
71.4700,0.000002,0.649996,0.650004,0.422500,0.000036
71.4800,0.000002,0.649997,0.650003,0.422500,0.000034
71.4900,0.000002,0.649997,0.650003,0.422500,0.000031
71.5000,0.000002,0.649997,0.650003,0.422500,0.000029
71.5100,0.000002,0.649997,0.650003,0.422500,0.000027
71.5200,0.000002,0.649998,0.650002,0.422500,0.000025
71.5300,0.000002,0.649998,0.650002,0.422500,0.000023
71.5400,0.000002,0.649998,0.650002,0.422500,0.000020
71.5500,0.000001,0.649998,0.650002,0.422500,0.000018
71.5600,0.000001,0.649998,0.650002,0.422500,0.000016
71.5700,0.000001,0.649999,0.650001,0.422500,0.000013
71.5800,0.000001,0.649999,0.650001,0.422500,0.000011
71.5900,0.000001,0.649999,0.650001,0.422500,0.000009
71.6000,0.000001,0.649999,0.650001,0.422500,0.000006
71.6100,0.000001,0.650000,0.650000,0.422500,0.000004
71.6200,0.000001,0.650000,0.650000,0.422500,0.000001
71.6300,0.000000,0.650000,0.650000,0.422500,-0.000001
71.6400,0.000000,0.650000,0.650000,0.422500,-0.000003
71.6500,0.000000,0.650001,0.649999,0.422500,-0.000006
71.6600,0.000000,0.650001,0.649999,0.422500,-0.000008
71.6700,0.000000,0.650001,0.649999,0.422500,-0.000010
71.6800,-0.000000,0.650001,0.649999,0.422500,-0.000013
71.6900,-0.000000,0.650001,0.649999,0.422500,-0.000015
71.7000,-0.000000,0.650002,0.649998,0.422500,-0.000017
71.7100,-0.000000,0.650002,0.649998,0.422500,-0.000019
71.7200,-0.000001,0.650002,0.649998,0.422500,-0.000021
71.7300,-0.000001,0.650002,0.649998,0.422500,-0.000023
71.7400,-0.000001,0.650003,0.649997,0.422500,-0.000025
71.7500,-0.000001,0.650003,0.649997,0.422500,-0.000027
71.7600,-0.000001,0.650003,0.649997,0.422500,-0.000029
71.7700,-0.000001,0.650003,0.649997,0.422500,-0.000031
71.7800,-0.000001,0.650003,0.649997,0.422500,-0.000032
71.7900,-0.000001,0.650003,0.649997,0.422500,-0.000034
71.8000,-0.000001,0.650004,0.649996,0.422500,-0.000036
71.8100,-0.000001,0.650004,0.649996,0.422500,-0.000037
71.8200,-0.000002,0.650004,0.649996,0.422500,-0.000038
71.8300,-0.000002,0.650004,0.649996,0.422500,-0.000040
71.8400,-0.000002,0.650004,0.649996,0.422500,-0.000041
71.8500,-0.000002,0.650004,0.649996,0.422500,-0.000042
71.8600,-0.000002,0.650004,0.649996,0.422500,-0.000043
71.8700,-0.000002,0.650004,0.649996,0.422500,-0.000044
71.8800,-0.000002,0.650004,0.649996,0.422500,-0.000045
71.8900,-0.000002,0.650005,0.649995,0.422500,-0.000046
71.9000,-0.000002,0.650005,0.649995,0.422500,-0.000046
71.9100,-0.000002,0.650005,0.649995,0.422500,-0.000047
71.9200,-0.000002,0.650005,0.649995,0.422500,-0.000047
71.9300,-0.000002,0.650005,0.649995,0.422500,-0.000048
71.9400,-0.000002,0.650005,0.649995,0.422500,-0.000048
71.9500,-0.000002,0.650005,0.649995,0.422500,-0.000048
71.9600,-0.000002,0.650005,0.649995,0.422500,-0.000048
71.9700,-0.000002,0.650005,0.649995,0.422500,-0.000048
71.9800,-0.000002,0.650005,0.649995,0.422500,-0.000048
71.9900,-0.000002,0.650005,0.649995,0.422500,-0.000048
72.0000,-0.000002,0.650005,0.649995,0.422500,-0.000048
72.0100,-0.000002,0.650005,0.649995,0.422500,-0.000047
72.0200,-0.000002,0.650005,0.649995,0.422500,-0.000047
72.0300,-0.000002,0.650005,0.649995,0.422500,-0.000046
72.0400,-0.000002,0.650005,0.649995,0.422500,-0.000045
72.0500,-0.000002,0.650004,0.649996,0.422500,-0.000045
72.0600,-0.000002,0.650004,0.649996,0.422500,-0.000044
72.0700,-0.000002,0.650004,0.649996,0.422500,-0.000043
72.0800,-0.000002,0.650004,0.649996,0.422500,-0.000042
72.0900,-0.000002,0.650004,0.649996,0.422500,-0.000041
72.1000,-0.000002,0.650004,0.649996,0.422500,-0.000040
72.1100,-0.000002,0.650004,0.649996,0.422500,-0.000038
72.1200,-0.000002,0.650004,0.649996,0.422500,-0.000037
72.1300,-0.000002,0.650004,0.649996,0.422500,-0.000036
72.1400,-0.000002,0.650003,0.649997,0.422500,-0.000034
72.1500,-0.000002,0.650003,0.649997,0.422500,-0.000033
72.1600,-0.000002,0.650003,0.649997,0.422500,-0.000031
72.1700,-0.000002,0.650003,0.649997,0.422500,-0.000030
72.1800,-0.000002,0.650003,0.649997,0.422500,-0.000028
72.1900,-0.000002,0.650003,0.649997,0.422500,-0.000026
72.2000,-0.000001,0.650002,0.649998,0.422500,-0.000024
72.2100,-0.000001,0.650002,0.649998,0.422500,-0.000023
72.2200,-0.000001,0.650002,0.649998,0.422500,-0.000021
72.2300,-0.000001,0.650002,0.649998,0.422500,-0.000019
72.2400,-0.000001,0.650002,0.649998,0.422500,-0.000017
72.2500,-0.000001,0.650002,0.649998,0.422500,-0.000015
72.2600,-0.000001,0.650001,0.649999,0.422500,-0.000013
72.2700,-0.000001,0.650001,0.649999,0.422500,-0.000011
72.2800,-0.000001,0.650001,0.649999,0.422500,-0.000009
72.2900,-0.000001,0.650001,0.649999,0.422500,-0.000007
72.3000,-0.000001,0.650001,0.649999,0.422500,-0.000005
72.3100,-0.000000,0.650000,0.650000,0.422500,-0.000003
72.3200,-0.000000,0.650000,0.650000,0.422500,-0.000001
72.3300,-0.000000,0.650000,0.650000,0.422500,0.000000
72.3400,-0.000000,0.650000,0.650000,0.422500,0.000002
72.3500,-0.000000,0.650000,0.650000,0.422500,0.000004
72.3600,0.000000,0.649999,0.650001,0.422500,0.000006
72.3700,0.000000,0.649999,0.650001,0.422500,0.000008
72.3800,0.000000,0.649999,0.650001,0.422500,0.000010
72.3900,0.000000,0.649999,0.650001,0.422500,0.000012
72.4000,0.000000,0.649999,0.650001,0.422500,0.000014
72.4100,0.000001,0.649998,0.650002,0.422500,0.000015
72.4200,0.000001,0.649998,0.650002,0.422500,0.000017
72.4300,0.000001,0.649998,0.650002,0.422500,0.000019
72.4400,0.000001,0.649998,0.650002,0.422500,0.000020
72.4500,0.000001,0.649998,0.650002,0.422500,0.000022
72.4600,0.000001,0.649998,0.650002,0.422500,0.000023
72.4700,0.000001,0.649998,0.650002,0.422500,0.000025
72.4800,0.000001,0.649997,0.650003,0.422500,0.000026
72.4900,0.000001,0.649997,0.650003,0.422500,0.000028
72.5000,0.000001,0.649997,0.650003,0.422500,0.000029
72.5100,0.000001,0.649997,0.650003,0.422500,0.000030
72.5200,0.000001,0.649997,0.650003,0.422500,0.000031
72.5300,0.000001,0.649997,0.650003,0.422500,0.000032
72.5400,0.000002,0.649997,0.650003,0.422500,0.000033
72.5500,0.000002,0.649997,0.650003,0.422500,0.000034
72.5600,0.000002,0.649996,0.650004,0.422500,0.000035
72.5700,0.000002,0.649996,0.650004,0.422500,0.000036
72.5800,0.000002,0.649996,0.650004,0.422500,0.000037
72.5900,0.000002,0.649996,0.650004,0.422500,0.000037
72.6000,0.000002,0.649996,0.650004,0.422500,0.000038
72.6100,0.000002,0.649996,0.650004,0.422500,0.000038
72.6200,0.000002,0.649996,0.650004,0.422500,0.000039
72.6300,0.000002,0.649996,0.650004,0.422500,0.000039
72.6400,0.000002,0.649996,0.650004,0.422500,0.000039
72.6500,0.000002,0.649996,0.650004,0.422500,0.000040
72.6600,0.000002,0.649996,0.650004,0.422500,0.000040
72.6700,0.000002,0.649996,0.650004,0.422500,0.000040
72.6800,0.000002,0.649996,0.650004,0.422500,0.000040
72.6900,0.000002,0.649996,0.650004,0.422500,0.000039
72.7000,0.000002,0.649996,0.650004,0.422500,0.000039
72.7100,0.000002,0.649996,0.650004,0.422500,0.000039
72.7200,0.000002,0.649996,0.650004,0.422500,0.000038
72.7300,0.000002,0.649996,0.650004,0.422500,0.000038
72.7400,0.000002,0.649996,0.650004,0.422500,0.000037
72.7500,0.000002,0.649996,0.650004,0.422500,0.000037
72.7600,0.000002,0.649996,0.650004,0.422500,0.000036
72.7700,0.000002,0.649996,0.650004,0.422500,0.000035
72.7800,0.000002,0.649997,0.650003,0.422500,0.000035
72.7900,0.000002,0.649997,0.650003,0.422500,0.000034
72.8000,0.000002,0.649997,0.650003,0.422500,0.000033
72.8100,0.000002,0.649997,0.650003,0.422500,0.000032
72.8200,0.000002,0.649997,0.650003,0.422500,0.000031
72.8300,0.000002,0.649997,0.650003,0.422500,0.000030
72.8400,0.000002,0.649997,0.650003,0.422500,0.000028
72.8500,0.000002,0.649997,0.650003,0.422500,0.000027
72.8600,0.000002,0.649997,0.650003,0.422500,0.000026
72.8700,0.000002,0.649998,0.650002,0.422500,0.000025
72.8800,0.000001,0.649998,0.650002,0.422500,0.000023
72.8900,0.000001,0.649998,0.650002,0.422500,0.000022
72.9000,0.000001,0.649998,0.650002,0.422500,0.000020
72.9100,0.000001,0.649998,0.650002,0.422500,0.000019
72.9200,0.000001,0.649998,0.650002,0.422500,0.000017
72.9300,0.000001,0.649998,0.650002,0.422500,0.000016
72.9400,0.000001,0.649999,0.650001,0.422500,0.000014
72.9500,0.000001,0.649999,0.650001,0.422500,0.000013
72.9600,0.000001,0.649999,0.650001,0.422500,0.000011
72.9700,0.000001,0.649999,0.650001,0.422500,0.000010
72.9800,0.000001,0.649999,0.650001,0.422500,0.000008
72.9900,0.000001,0.649999,0.650001,0.422500,0.000006
73.0000,0.000001,0.650000,0.650000,0.422500,0.000005
73.0100,0.000001,0.650000,0.650000,0.422500,0.000003
73.0200,0.000000,0.650000,0.650000,0.422500,0.000001
73.0300,0.000000,0.650000,0.650000,0.422500,-0.000000
73.0400,0.000000,0.650000,0.650000,0.422500,-0.000002
73.0500,0.000000,0.650000,0.650000,0.422500,-0.000003
73.0600,0.000000,0.650000,0.650000,0.422500,-0.000005
73.0700,0.000000,0.650001,0.649999,0.422500,-0.000006
73.0800,-0.000000,0.650001,0.649999,0.422500,-0.000008
73.0900,-0.000000,0.650001,0.649999,0.422500,-0.000009
73.1000,-0.000000,0.650001,0.649999,0.422500,-0.000011
73.1100,-0.000000,0.650001,0.649999,0.422500,-0.000012
73.1200,-0.000000,0.650001,0.649999,0.422500,-0.000014
73.1300,-0.000000,0.650002,0.649998,0.422500,-0.000015
73.1400,-0.000000,0.650002,0.649998,0.422500,-0.000017
73.1500,-0.000001,0.650002,0.649998,0.422500,-0.000018
73.1600,-0.000001,0.650002,0.649998,0.422500,-0.000019
73.1700,-0.000001,0.650002,0.649998,0.422500,-0.000020
73.1800,-0.000001,0.650002,0.649998,0.422500,-0.000022
73.1900,-0.000001,0.650002,0.649998,0.422500,-0.000023
73.2000,-0.000001,0.650002,0.649998,0.422500,-0.000024
73.2100,-0.000001,0.650002,0.649998,0.422500,-0.000025
73.2200,-0.000001,0.650003,0.649997,0.422500,-0.000026
73.2300,-0.000001,0.650003,0.649997,0.422500,-0.000027
73.2400,-0.000001,0.650003,0.649997,0.422500,-0.000027
73.2500,-0.000001,0.650003,0.649997,0.422500,-0.000028
73.2600,-0.000001,0.650003,0.649997,0.422500,-0.000029
73.2700,-0.000001,0.650003,0.649997,0.422500,-0.000030
73.2800,-0.000001,0.650003,0.649997,0.422500,-0.000030
73.2900,-0.000001,0.650003,0.649997,0.422500,-0.000031
73.3000,-0.000001,0.650003,0.649997,0.422500,-0.000031
73.3100,-0.000001,0.650003,0.649997,0.422500,-0.000032
73.3200,-0.000001,0.650003,0.649997,0.422500,-0.000032
73.3300,-0.000001,0.650003,0.649997,0.422500,-0.000032
73.3400,-0.000001,0.650003,0.649997,0.422500,-0.000032
73.3500,-0.000001,0.650003,0.649997,0.422500,-0.000033
73.3600,-0.000002,0.650003,0.649997,0.422500,-0.000033
73.3700,-0.000002,0.650003,0.649997,0.422500,-0.000033
73.3800,-0.000002,0.650003,0.649997,0.422500,-0.000033
73.3900,-0.000002,0.650003,0.649997,0.422500,-0.000032
73.4000,-0.000002,0.650003,0.649997,0.422500,-0.000032
73.4100,-0.000002,0.650003,0.649997,0.422500,-0.000032
73.4200,-0.000002,0.650003,0.649997,0.422500,-0.000032
73.4300,-0.000002,0.650003,0.649997,0.422500,-0.000031
73.4400,-0.000002,0.650003,0.649997,0.422500,-0.000031
73.4500,-0.000002,0.650003,0.649997,0.422500,-0.000030
73.4600,-0.000001,0.650003,0.649997,0.422500,-0.000030
73.4700,-0.000001,0.650003,0.649997,0.422500,-0.000029
73.4800,-0.000001,0.650003,0.649997,0.422500,-0.000029
73.4900,-0.000001,0.650003,0.649997,0.422500,-0.000028
73.5000,-0.000001,0.650003,0.649997,0.422500,-0.000027
73.5100,-0.000001,0.650003,0.649997,0.422500,-0.000026
73.5200,-0.000001,0.650003,0.649997,0.422500,-0.000025
73.5300,-0.000001,0.650002,0.649998,0.422500,-0.000024
73.5400,-0.000001,0.650002,0.649998,0.422500,-0.000023
73.5500,-0.000001,0.650002,0.649998,0.422500,-0.000022
73.5600,-0.000001,0.650002,0.649998,0.422500,-0.000021
73.5700,-0.000001,0.650002,0.649998,0.422500,-0.000020
73.5800,-0.000001,0.650002,0.649998,0.422500,-0.000019
73.5900,-0.000001,0.650002,0.649998,0.422500,-0.000018
73.6000,-0.000001,0.650002,0.649998,0.422500,-0.000017
73.6100,-0.000001,0.650002,0.649998,0.422500,-0.000016
73.6200,-0.000001,0.650001,0.649999,0.422500,-0.000015
73.6300,-0.000001,0.650001,0.649999,0.422500,-0.000013
73.6400,-0.000001,0.650001,0.649999,0.422500,-0.000012
73.6500,-0.000001,0.650001,0.649999,0.422500,-0.000011
73.6600,-0.000001,0.650001,0.649999,0.422500,-0.000009
73.6700,-0.000001,0.650001,0.649999,0.422500,-0.000008
73.6800,-0.000001,0.650001,0.649999,0.422500,-0.000007
73.6900,-0.000000,0.650001,0.649999,0.422500,-0.000005
73.7000,-0.000000,0.650000,0.650000,0.422500,-0.000004
73.7100,-0.000000,0.650000,0.650000,0.422500,-0.000003
73.7200,-0.000000,0.650000,0.650000,0.422500,-0.000001
73.7300,-0.000000,0.650000,0.650000,0.422500,-0.000000
73.7400,-0.000000,0.650000,0.650000,0.422500,0.000001
73.7500,-0.000000,0.650000,0.650000,0.422500,0.000002
73.7600,0.000000,0.650000,0.650000,0.422500,0.000004
73.7700,0.000000,0.649999,0.650001,0.422500,0.000005
73.7800,0.000000,0.649999,0.650001,0.422500,0.000006
73.7900,0.000000,0.649999,0.650001,0.422500,0.000008
73.8000,0.000000,0.649999,0.650001,0.422500,0.000009
73.8100,0.000000,0.649999,0.650001,0.422500,0.000010
73.8200,0.000000,0.649999,0.650001,0.422500,0.000011
73.8300,0.000000,0.649999,0.650001,0.422500,0.000012
73.8400,0.000001,0.649999,0.650001,0.422500,0.000013
73.8500,0.000001,0.649999,0.650001,0.422500,0.000015
73.8600,0.000001,0.649998,0.650002,0.422500,0.000016
73.8700,0.000001,0.649998,0.650002,0.422500,0.000017
73.8800,0.000001,0.649998,0.650002,0.422500,0.000018
73.8900,0.000001,0.649998,0.650002,0.422500,0.000018
73.9000,0.000001,0.649998,0.650002,0.422500,0.000019
73.9100,0.000001,0.649998,0.650002,0.422500,0.000020
73.9200,0.000001,0.649998,0.650002,0.422500,0.000021
73.9300,0.000001,0.649998,0.650002,0.422500,0.000022
73.9400,0.000001,0.649998,0.650002,0.422500,0.000022
73.9500,0.000001,0.649998,0.650002,0.422500,0.000023
73.9600,0.000001,0.649998,0.650002,0.422500,0.000024
73.9700,0.000001,0.649998,0.650002,0.422500,0.000024
73.9800,0.000001,0.649998,0.650002,0.422500,0.000025
73.9900,0.000001,0.649997,0.650003,0.422500,0.000025
74.0000,0.000001,0.649997,0.650003,0.422500,0.000026
74.0100,0.000001,0.649997,0.650003,0.422500,0.000026
74.0200,0.000001,0.649997,0.650003,0.422500,0.000026
74.0300,0.000001,0.649997,0.650003,0.422500,0.000026
74.0400,0.000001,0.649997,0.650003,0.422500,0.000027
74.0500,0.000001,0.649997,0.650003,0.422500,0.000027
74.0600,0.000001,0.649997,0.650003,0.422500,0.000027
74.0700,0.000001,0.649997,0.650003,0.422500,0.000027
74.0800,0.000001,0.649997,0.650003,0.422500,0.000027
74.0900,0.000001,0.649997,0.650003,0.422500,0.000027
74.1000,0.000001,0.649997,0.650003,0.422500,0.000027
74.1100,0.000001,0.649997,0.650003,0.422500,0.000026
74.1200,0.000001,0.649997,0.650003,0.422500,0.000026
74.1300,0.000001,0.649997,0.650003,0.422500,0.000026
74.1400,0.000001,0.649997,0.650003,0.422500,0.000025
74.1500,0.000001,0.649997,0.650003,0.422500,0.000025
74.1600,0.000001,0.649998,0.650002,0.422500,0.000025
74.1700,0.000001,0.649998,0.650002,0.422500,0.000024
74.1800,0.000001,0.649998,0.650002,0.422500,0.000024
74.1900,0.000001,0.649998,0.650002,0.422500,0.000023
74.2000,0.000001,0.649998,0.650002,0.422500,0.000022
74.2100,0.000001,0.649998,0.650002,0.422500,0.000022
74.2200,0.000001,0.649998,0.650002,0.422500,0.000021
74.2300,0.000001,0.649998,0.650002,0.422500,0.000020
74.2400,0.000001,0.649998,0.650002,0.422500,0.000019
74.2500,0.000001,0.649998,0.650002,0.422500,0.000019
74.2600,0.000001,0.649998,0.650002,0.422500,0.000018
74.2700,0.000001,0.649998,0.650002,0.422500,0.000017
74.2800,0.000001,0.649998,0.650002,0.422500,0.000016
74.2900,0.000001,0.649998,0.650002,0.422500,0.000015
74.3000,0.000001,0.649999,0.650001,0.422500,0.000014
74.3100,0.000001,0.649999,0.650001,0.422500,0.000013
74.3200,0.000001,0.649999,0.650001,0.422500,0.000012
74.3300,0.000001,0.649999,0.650001,0.422500,0.000011
74.3400,0.000001,0.649999,0.650001,0.422500,0.000010
74.3500,0.000001,0.649999,0.650001,0.422500,0.000009
74.3600,0.000001,0.649999,0.650001,0.422500,0.000008
74.3700,0.000001,0.649999,0.650001,0.422500,0.000007
74.3800,0.000001,0.649999,0.650001,0.422500,0.000006
74.3900,0.000000,0.650000,0.650000,0.422500,0.000005
74.4000,0.000000,0.650000,0.650000,0.422500,0.000004
74.4100,0.000000,0.650000,0.650000,0.422500,0.000002
74.4200,0.000000,0.650000,0.650000,0.422500,0.000001
74.4300,0.000000,0.650000,0.650000,0.422500,0.000000
74.4400,0.000000,0.650000,0.650000,0.422500,-0.000001
74.4500,0.000000,0.650000,0.650000,0.422500,-0.000002
74.4600,0.000000,0.650000,0.650000,0.422500,-0.000003
74.4700,0.000000,0.650000,0.650000,0.422500,-0.000004
74.4800,-0.000000,0.650001,0.649999,0.422500,-0.000005
74.4900,-0.000000,0.650001,0.649999,0.422500,-0.000006
74.5000,-0.000000,0.650001,0.649999,0.422500,-0.000007
74.5100,-0.000000,0.650001,0.649999,0.422500,-0.000008
74.5200,-0.000000,0.650001,0.649999,0.422500,-0.000009
74.5300,-0.000000,0.650001,0.649999,0.422500,-0.000010
74.5400,-0.000000,0.650001,0.649999,0.422500,-0.000011
74.5500,-0.000000,0.650001,0.649999,0.422500,-0.000012
74.5600,-0.000000,0.650001,0.649999,0.422500,-0.000013
74.5700,-0.000000,0.650001,0.649999,0.422500,-0.000013
74.5800,-0.000000,0.650001,0.649999,0.422500,-0.000014
74.5900,-0.000001,0.650002,0.649998,0.422500,-0.000015
74.6000,-0.000001,0.650002,0.649998,0.422500,-0.000016
74.6100,-0.000001,0.650002,0.649998,0.422500,-0.000016
74.6200,-0.000001,0.650002,0.649998,0.422500,-0.000017
74.6300,-0.000001,0.650002,0.649998,0.422500,-0.000018
74.6400,-0.000001,0.650002,0.649998,0.422500,-0.000018
74.6500,-0.000001,0.650002,0.649998,0.422500,-0.000019
74.6600,-0.000001,0.650002,0.649998,0.422500,-0.000019
74.6700,-0.000001,0.650002,0.649998,0.422500,-0.000020
74.6800,-0.000001,0.650002,0.649998,0.422500,-0.000020
74.6900,-0.000001,0.650002,0.649998,0.422500,-0.000021
74.7000,-0.000001,0.650002,0.649998,0.422500,-0.000021
74.7100,-0.000001,0.650002,0.649998,0.422500,-0.000021
74.7200,-0.000001,0.650002,0.649998,0.422500,-0.000022
74.7300,-0.000001,0.650002,0.649998,0.422500,-0.000022
74.7400,-0.000001,0.650002,0.649998,0.422500,-0.000022
74.7500,-0.000001,0.650002,0.649998,0.422500,-0.000022
74.7600,-0.000001,0.650002,0.649998,0.422500,-0.000022
74.7700,-0.000001,0.650002,0.649998,0.422500,-0.000022
74.7800,-0.000001,0.650002,0.649998,0.422500,-0.000022
74.7900,-0.000001,0.650002,0.649998,0.422500,-0.000022
74.8000,-0.000001,0.650002,0.649998,0.422500,-0.000022
74.8100,-0.000001,0.650002,0.649998,0.422500,-0.000022
74.8200,-0.000001,0.650002,0.649998,0.422500,-0.000021
74.8300,-0.000001,0.650002,0.649998,0.422500,-0.000021
74.8400,-0.000001,0.650002,0.649998,0.422500,-0.000021
74.8500,-0.000001,0.650002,0.649998,0.422500,-0.000021
74.8600,-0.000001,0.650002,0.649998,0.422500,-0.000020
74.8700,-0.000001,0.650002,0.649998,0.422500,-0.000020
74.8800,-0.000001,0.650002,0.649998,0.422500,-0.000019
74.8900,-0.000001,0.650002,0.649998,0.422500,-0.000019
74.9000,-0.000001,0.650002,0.649998,0.422500,-0.000018
74.9100,-0.000001,0.650002,0.649998,0.422500,-0.000018
74.9200,-0.000001,0.650002,0.649998,0.422500,-0.000017
74.9300,-0.000001,0.650002,0.649998,0.422500,-0.000017
74.9400,-0.000001,0.650002,0.649998,0.422500,-0.000016
74.9500,-0.000001,0.650002,0.649998,0.422500,-0.000015
74.9600,-0.000001,0.650001,0.649999,0.422500,-0.000015
74.9700,-0.000001,0.650001,0.649999,0.422500,-0.000014
74.9800,-0.000001,0.650001,0.649999,0.422500,-0.000013
74.9900,-0.000001,0.650001,0.649999,0.422500,-0.000013
75.0000,-0.000001,0.650001,0.649999,0.422500,-0.000012
75.0100,-0.000001,0.650001,0.649999,0.422500,-0.000011
75.0200,-0.000001,0.650001,0.649999,0.422500,-0.000010
75.0300,-0.000001,0.650001,0.649999,0.422500,-0.000009
75.0400,-0.000001,0.650001,0.649999,0.422500,-0.000008
75.0500,-0.000000,0.650001,0.649999,0.422500,-0.000008
75.0600,-0.000000,0.650001,0.649999,0.422500,-0.000007
75.0700,-0.000000,0.650001,0.649999,0.422500,-0.000006
75.0800,-0.000000,0.650000,0.650000,0.422500,-0.000005
75.0900,-0.000000,0.650000,0.650000,0.422500,-0.000004
75.1000,-0.000000,0.650000,0.650000,0.422500,-0.000003
75.1100,-0.000000,0.650000,0.650000,0.422500,-0.000002
75.1200,-0.000000,0.650000,0.650000,0.422500,-0.000001
75.1300,-0.000000,0.650000,0.650000,0.422500,-0.000000
75.1400,-0.000000,0.650000,0.650000,0.422500,0.000001
75.1500,-0.000000,0.650000,0.650000,0.422500,0.000001
75.1600,-0.000000,0.650000,0.650000,0.422500,0.000002
75.1700,0.000000,0.650000,0.650000,0.422500,0.000003
75.1800,0.000000,0.650000,0.650000,0.422500,0.000004
75.1900,0.000000,0.650000,0.650000,0.422500,0.000005
75.2000,0.000000,0.649999,0.650001,0.422500,0.000006
75.2100,0.000000,0.649999,0.650001,0.422500,0.000006
75.2200,0.000000,0.649999,0.650001,0.422500,0.000007
75.2300,0.000000,0.649999,0.650001,0.422500,0.000008
75.2400,0.000000,0.649999,0.650001,0.422500,0.000009
75.2500,0.000000,0.649999,0.650001,0.422500,0.000010
75.2600,0.000000,0.649999,0.650001,0.422500,0.000010
75.2700,0.000000,0.649999,0.650001,0.422500,0.000011
75.2800,0.000000,0.649999,0.650001,0.422500,0.000012
75.2900,0.000001,0.649999,0.650001,0.422500,0.000012
75.3000,0.000001,0.649999,0.650001,0.422500,0.000013
75.3100,0.000001,0.649999,0.650001,0.422500,0.000013
75.3200,0.000001,0.649999,0.650001,0.422500,0.000014
75.3300,0.000001,0.649999,0.650001,0.422500,0.000015
75.3400,0.000001,0.649998,0.650002,0.422500,0.000015
75.3500,0.000001,0.649998,0.650002,0.422500,0.000015
75.3600,0.000001,0.649998,0.650002,0.422500,0.000016
75.3700,0.000001,0.649998,0.650002,0.422500,0.000016
75.3800,0.000001,0.649998,0.650002,0.422500,0.000017
75.3900,0.000001,0.649998,0.650002,0.422500,0.000017
75.4000,0.000001,0.649998,0.650002,0.422500,0.000017
75.4100,0.000001,0.649998,0.650002,0.422500,0.000017
75.4200,0.000001,0.649998,0.650002,0.422500,0.000018
75.4300,0.000001,0.649998,0.650002,0.422500,0.000018
75.4400,0.000001,0.649998,0.650002,0.422500,0.000018
75.4500,0.000001,0.649998,0.650002,0.422500,0.000018
75.4600,0.000001,0.649998,0.650002,0.422500,0.000018
75.4700,0.000001,0.649998,0.650002,0.422500,0.000018
75.4800,0.000001,0.649998,0.650002,0.422500,0.000018
75.4900,0.000001,0.649998,0.650002,0.422500,0.000018
75.5000,0.000001,0.649998,0.650002,0.422500,0.000018
75.5100,0.000001,0.649998,0.650002,0.422500,0.000018
75.5200,0.000001,0.649998,0.650002,0.422500,0.000018
75.5300,0.000001,0.649998,0.650002,0.422500,0.000018
75.5400,0.000001,0.649998,0.650002,0.422500,0.000017
75.5500,0.000001,0.649998,0.650002,0.422500,0.000017
75.5600,0.000001,0.649998,0.650002,0.422500,0.000017
75.5700,0.000001,0.649998,0.650002,0.422500,0.000016
75.5800,0.000001,0.649998,0.650002,0.422500,0.000016
75.5900,0.000001,0.649998,0.650002,0.422500,0.000016
75.6000,0.000001,0.649998,0.650002,0.422500,0.000015
75.6100,0.000001,0.649999,0.650001,0.422500,0.000015
75.6200,0.000001,0.649999,0.650001,0.422500,0.000014
75.6300,0.000001,0.649999,0.650001,0.422500,0.000014
75.6400,0.000001,0.649999,0.650001,0.422500,0.000013
75.6500,0.000001,0.649999,0.650001,0.422500,0.000013
75.6600,0.000001,0.649999,0.650001,0.422500,0.000012
75.6700,0.000001,0.649999,0.650001,0.422500,0.000012
75.6800,0.000001,0.649999,0.650001,0.422500,0.000011
75.6900,0.000001,0.649999,0.650001,0.422500,0.000010
75.7000,0.000001,0.649999,0.650001,0.422500,0.000010
75.7100,0.000001,0.649999,0.650001,0.422500,0.000009
75.7200,0.000001,0.649999,0.650001,0.422500,0.000008
75.7300,0.000001,0.649999,0.650001,0.422500,0.000008
75.7400,0.000001,0.649999,0.650001,0.422500,0.000007
75.7500,0.000000,0.649999,0.650001,0.422500,0.000006
75.7600,0.000000,0.649999,0.650001,0.422500,0.000006
75.7700,0.000000,0.650000,0.650000,0.422500,0.000005
75.7800,0.000000,0.650000,0.650000,0.422500,0.000004
75.7900,0.000000,0.650000,0.650000,0.422500,0.000003
75.8000,0.000000,0.650000,0.650000,0.422500,0.000003
75.8100,0.000000,0.650000,0.650000,0.422500,0.000002
75.8200,0.000000,0.650000,0.650000,0.422500,0.000001
75.8300,0.000000,0.650000,0.650000,0.422500,0.000000
75.8400,0.000000,0.650000,0.650000,0.422500,-0.000000
75.8500,0.000000,0.650000,0.650000,0.422500,-0.000001
75.8600,0.000000,0.650000,0.650000,0.422500,-0.000002
75.8700,0.000000,0.650000,0.650000,0.422500,-0.000002
75.8800,0.000000,0.650000,0.650000,0.422500,-0.000003
75.8900,-0.000000,0.650000,0.650000,0.422500,-0.000004
75.9000,-0.000000,0.650000,0.650000,0.422500,-0.000005
75.9100,-0.000000,0.650001,0.649999,0.422500,-0.000005
75.9200,-0.000000,0.650001,0.649999,0.422500,-0.000006
75.9300,-0.000000,0.650001,0.649999,0.422500,-0.000007
75.9400,-0.000000,0.650001,0.649999,0.422500,-0.000007
75.9500,-0.000000,0.650001,0.649999,0.422500,-0.000008
75.9600,-0.000000,0.650001,0.649999,0.422500,-0.000008
75.9700,-0.000000,0.650001,0.649999,0.422500,-0.000009
75.9800,-0.000000,0.650001,0.649999,0.422500,-0.000009
75.9900,-0.000000,0.650001,0.649999,0.422500,-0.000010
76.0000,-0.000000,0.650001,0.649999,0.422500,-0.000011
76.0100,-0.000000,0.650001,0.649999,0.422500,-0.000011
76.0200,-0.000000,0.650001,0.649999,0.422500,-0.000011
76.0300,-0.000000,0.650001,0.649999,0.422500,-0.000012
76.0400,-0.000000,0.650001,0.649999,0.422500,-0.000012
76.0500,-0.000001,0.650001,0.649999,0.422500,-0.000013
76.0600,-0.000001,0.650001,0.649999,0.422500,-0.000013
76.0700,-0.000001,0.650001,0.649999,0.422500,-0.000013
76.0800,-0.000001,0.650001,0.649999,0.422500,-0.000014
76.0900,-0.000001,0.650001,0.649999,0.422500,-0.000014
76.1000,-0.000001,0.650001,0.649999,0.422500,-0.000014
76.1100,-0.000001,0.650001,0.649999,0.422500,-0.000014
76.1200,-0.000001,0.650001,0.649999,0.422500,-0.000014
76.1300,-0.000001,0.650001,0.649999,0.422500,-0.000015
76.1400,-0.000001,0.650001,0.649999,0.422500,-0.000015
76.1500,-0.000001,0.650001,0.649999,0.422500,-0.000015
76.1600,-0.000001,0.650001,0.649999,0.422500,-0.000015
76.1700,-0.000001,0.650001,0.649999,0.422500,-0.000015
76.1800,-0.000001,0.650001,0.649999,0.422500,-0.000015
76.1900,-0.000001,0.650001,0.649999,0.422500,-0.000015
76.2000,-0.000001,0.650001,0.649999,0.422500,-0.000015
76.2100,-0.000001,0.650001,0.649999,0.422500,-0.000015
76.2200,-0.000001,0.650001,0.649999,0.422500,-0.000015
76.2300,-0.000001,0.650001,0.649999,0.422500,-0.000014
76.2400,-0.000001,0.650001,0.649999,0.422500,-0.000014
76.2500,-0.000001,0.650001,0.649999,0.422500,-0.000014
76.2600,-0.000001,0.650001,0.649999,0.422500,-0.000014
76.2700,-0.000001,0.650001,0.649999,0.422500,-0.000014
76.2800,-0.000001,0.650001,0.649999,0.422500,-0.000013
76.2900,-0.000001,0.650001,0.649999,0.422500,-0.000013
76.3000,-0.000001,0.650001,0.649999,0.422500,-0.000013
76.3100,-0.000001,0.650001,0.649999,0.422500,-0.000012
76.3200,-0.000001,0.650001,0.649999,0.422500,-0.000012
76.3300,-0.000001,0.650001,0.649999,0.422500,-0.000011
76.3400,-0.000001,0.650001,0.649999,0.422500,-0.000011
76.3500,-0.000001,0.650001,0.649999,0.422500,-0.000011
76.3600,-0.000001,0.650001,0.649999,0.422500,-0.000010
76.3700,-0.000001,0.650001,0.649999,0.422500,-0.000010
76.3800,-0.000001,0.650001,0.649999,0.422500,-0.000009
76.3900,-0.000000,0.650001,0.649999,0.422500,-0.000009
76.4000,-0.000000,0.650001,0.649999,0.422500,-0.000008
76.4100,-0.000000,0.650001,0.649999,0.422500,-0.000008
76.4200,-0.000000,0.650001,0.649999,0.422500,-0.000007
76.4300,-0.000000,0.650001,0.649999,0.422500,-0.000006
76.4400,-0.000000,0.650001,0.649999,0.422500,-0.000006
76.4500,-0.000000,0.650001,0.649999,0.422500,-0.000005
76.4600,-0.000000,0.650000,0.650000,0.422500,-0.000005
76.4700,-0.000000,0.650000,0.650000,0.422500,-0.000004
76.4800,-0.000000,0.650000,0.650000,0.422500,-0.000004
76.4900,-0.000000,0.650000,0.650000,0.422500,-0.000003
76.5000,-0.000000,0.650000,0.650000,0.422500,-0.000002
76.5100,-0.000000,0.650000,0.650000,0.422500,-0.000002
76.5200,-0.000000,0.650000,0.650000,0.422500,-0.000001
76.5300,-0.000000,0.650000,0.650000,0.422500,-0.000000
76.5400,-0.000000,0.650000,0.650000,0.422500,0.000000
76.5500,-0.000000,0.650000,0.650000,0.422500,0.000001
76.5600,-0.000000,0.650000,0.650000,0.422500,0.000001
76.5700,0.000000,0.650000,0.650000,0.422500,0.000002
76.5800,0.000000,0.650000,0.650000,0.422500,0.000003
76.5900,0.000000,0.650000,0.650000,0.422500,0.000003
76.6000,0.000000,0.650000,0.650000,0.422500,0.000004
76.6100,0.000000,0.650000,0.650000,0.422500,0.000004
76.6200,0.000000,0.650000,0.650000,0.422500,0.000005
76.6300,0.000000,0.649999,0.650001,0.422500,0.000005
76.6400,0.000000,0.649999,0.650001,0.422500,0.000006
76.6500,0.000000,0.649999,0.650001,0.422500,0.000006
76.6600,0.000000,0.649999,0.650001,0.422500,0.000007
76.6700,0.000000,0.649999,0.650001,0.422500,0.000007
76.6800,0.000000,0.649999,0.650001,0.422500,0.000008
76.6900,0.000000,0.649999,0.650001,0.422500,0.000008
76.7000,0.000000,0.649999,0.650001,0.422500,0.000009
76.7100,0.000000,0.649999,0.650001,0.422500,0.000009
76.7200,0.000000,0.649999,0.650001,0.422500,0.000009
76.7300,0.000000,0.649999,0.650001,0.422500,0.000010
76.7400,0.000000,0.649999,0.650001,0.422500,0.000010
76.7500,0.000000,0.649999,0.650001,0.422500,0.000010
76.7600,0.000000,0.649999,0.650001,0.422500,0.000011
76.7700,0.000001,0.649999,0.650001,0.422500,0.000011
76.7800,0.000001,0.649999,0.650001,0.422500,0.000011
76.7900,0.000001,0.649999,0.650001,0.422500,0.000011
76.8000,0.000001,0.649999,0.650001,0.422500,0.000012
76.8100,0.000001,0.649999,0.650001,0.422500,0.000012
76.8200,0.000001,0.649999,0.650001,0.422500,0.000012
76.8300,0.000001,0.649999,0.650001,0.422500,0.000012
76.8400,0.000001,0.649999,0.650001,0.422500,0.000012
76.8500,0.000001,0.649999,0.650001,0.422500,0.000012
76.8600,0.000001,0.649999,0.650001,0.422500,0.000012
76.8700,0.000001,0.649999,0.650001,0.422500,0.000012
76.8800,0.000001,0.649999,0.650001,0.422500,0.000012
76.8900,0.000001,0.649999,0.650001,0.422500,0.000012
76.9000,0.000001,0.649999,0.650001,0.422500,0.000012
76.9100,0.000001,0.649999,0.650001,0.422500,0.000012
76.9200,0.000001,0.649999,0.650001,0.422500,0.000012
76.9300,0.000001,0.649999,0.650001,0.422500,0.000012
76.9400,0.000001,0.649999,0.650001,0.422500,0.000012
76.9500,0.000001,0.649999,0.650001,0.422500,0.000012
76.9600,0.000001,0.649999,0.650001,0.422500,0.000011
76.9700,0.000001,0.649999,0.650001,0.422500,0.000011
76.9800,0.000001,0.649999,0.650001,0.422500,0.000011
76.9900,0.000001,0.649999,0.650001,0.422500,0.000011
77.0000,0.000001,0.649999,0.650001,0.422500,0.000010
77.0100,0.000001,0.649999,0.650001,0.422500,0.000010
77.0200,0.000001,0.649999,0.650001,0.422500,0.000010
77.0300,0.000001,0.649999,0.650001,0.422500,0.000009
77.0400,0.000001,0.649999,0.650001,0.422500,0.000009
77.0500,0.000001,0.649999,0.650001,0.422500,0.000009
77.0600,0.000001,0.649999,0.650001,0.422500,0.000008
77.0700,0.000000,0.649999,0.650001,0.422500,0.000008
77.0800,0.000000,0.649999,0.650001,0.422500,0.000008
77.0900,0.000000,0.649999,0.650001,0.422500,0.000007
77.1000,0.000000,0.649999,0.650001,0.422500,0.000007
77.1100,0.000000,0.649999,0.650001,0.422500,0.000006
77.1200,0.000000,0.649999,0.650001,0.422500,0.000006
77.1300,0.000000,0.649999,0.650001,0.422500,0.000005
77.1400,0.000000,0.650000,0.650000,0.422500,0.000005
77.1500,0.000000,0.650000,0.650000,0.422500,0.000004
77.1600,0.000000,0.650000,0.650000,0.422500,0.000004
77.1700,0.000000,0.650000,0.650000,0.422500,0.000003
77.1800,0.000000,0.650000,0.650000,0.422500,0.000003
77.1900,0.000000,0.650000,0.650000,0.422500,0.000002
77.2000,0.000000,0.650000,0.650000,0.422500,0.000002
77.2100,0.000000,0.650000,0.650000,0.422500,0.000001
77.2200,0.000000,0.650000,0.650000,0.422500,0.000001
77.2300,0.000000,0.650000,0.650000,0.422500,0.000000
77.2400,0.000000,0.650000,0.650000,0.422500,-0.000000
77.2500,0.000000,0.650000,0.650000,0.422500,-0.000001
77.2600,0.000000,0.650000,0.650000,0.422500,-0.000001
77.2700,0.000000,0.650000,0.650000,0.422500,-0.000002
77.2800,0.000000,0.650000,0.650000,0.422500,-0.000002
77.2900,-0.000000,0.650000,0.650000,0.422500,-0.000002
77.3000,-0.000000,0.650000,0.650000,0.422500,-0.000003
77.3100,-0.000000,0.650000,0.650000,0.422500,-0.000003
77.3200,-0.000000,0.650000,0.650000,0.422500,-0.000004
77.3300,-0.000000,0.650000,0.650000,0.422500,-0.000004
77.3400,-0.000000,0.650000,0.650000,0.422500,-0.000005
77.3500,-0.000000,0.650001,0.649999,0.422500,-0.000005
77.3600,-0.000000,0.650001,0.649999,0.422500,-0.000006
77.3700,-0.000000,0.650001,0.649999,0.422500,-0.000006
77.3800,-0.000000,0.650001,0.649999,0.422500,-0.000006
77.3900,-0.000000,0.650001,0.649999,0.422500,-0.000007
77.4000,-0.000000,0.650001,0.649999,0.422500,-0.000007
77.4100,-0.000000,0.650001,0.649999,0.422500,-0.000007
77.4200,-0.000000,0.650001,0.649999,0.422500,-0.000008
77.4300,-0.000000,0.650001,0.649999,0.422500,-0.000008
77.4400,-0.000000,0.650001,0.649999,0.422500,-0.000008
77.4500,-0.000000,0.650001,0.649999,0.422500,-0.000008
77.4600,-0.000000,0.650001,0.649999,0.422500,-0.000009
77.4700,-0.000000,0.650001,0.649999,0.422500,-0.000009
77.4800,-0.000000,0.650001,0.649999,0.422500,-0.000009
77.4900,-0.000000,0.650001,0.649999,0.422500,-0.000009
77.5000,-0.000000,0.650001,0.649999,0.422500,-0.000009
77.5100,-0.000000,0.650001,0.649999,0.422500,-0.000010
77.5200,-0.000000,0.650001,0.649999,0.422500,-0.000010
77.5300,-0.000000,0.650001,0.649999,0.422500,-0.000010
77.5400,-0.000000,0.650001,0.649999,0.422500,-0.000010
77.5500,-0.000000,0.650001,0.649999,0.422500,-0.000010
77.5600,-0.000000,0.650001,0.649999,0.422500,-0.000010
77.5700,-0.000000,0.650001,0.649999,0.422500,-0.000010
77.5800,-0.000000,0.650001,0.649999,0.422500,-0.000010
77.5900,-0.000000,0.650001,0.649999,0.422500,-0.000010
77.6000,-0.000000,0.650001,0.649999,0.422500,-0.000010
77.6100,-0.000000,0.650001,0.649999,0.422500,-0.000010
77.6200,-0.000000,0.650001,0.649999,0.422500,-0.000010
77.6300,-0.000000,0.650001,0.649999,0.422500,-0.000010
77.6400,-0.000000,0.650001,0.649999,0.422500,-0.000010
77.6500,-0.000000,0.650001,0.649999,0.422500,-0.000010
77.6600,-0.000000,0.650001,0.649999,0.422500,-0.000009
77.6700,-0.000000,0.650001,0.649999,0.422500,-0.000009
77.6800,-0.000000,0.650001,0.649999,0.422500,-0.000009
77.6900,-0.000000,0.650001,0.649999,0.422500,-0.000009
77.7000,-0.000000,0.650001,0.649999,0.422500,-0.000009
77.7100,-0.000000,0.650001,0.649999,0.422500,-0.000008
77.7200,-0.000000,0.650001,0.649999,0.422500,-0.000008
77.7300,-0.000000,0.650001,0.649999,0.422500,-0.000008
77.7400,-0.000000,0.650001,0.649999,0.422500,-0.000008
77.7500,-0.000000,0.650001,0.649999,0.422500,-0.000007
77.7600,-0.000000,0.650001,0.649999,0.422500,-0.000007
77.7700,-0.000000,0.650001,0.649999,0.422500,-0.000007
77.7800,-0.000000,0.650001,0.649999,0.422500,-0.000006
77.7900,-0.000000,0.650001,0.649999,0.422500,-0.000006
77.8000,-0.000000,0.650001,0.649999,0.422500,-0.000006
77.8100,-0.000000,0.650001,0.649999,0.422500,-0.000005
77.8200,-0.000000,0.650000,0.650000,0.422500,-0.000005
77.8300,-0.000000,0.650000,0.650000,0.422500,-0.000004
77.8400,-0.000000,0.650000,0.650000,0.422500,-0.000004
77.8500,-0.000000,0.650000,0.650000,0.422500,-0.000004
77.8600,-0.000000,0.650000,0.650000,0.422500,-0.000003
77.8700,-0.000000,0.650000,0.650000,0.422500,-0.000003
77.8800,-0.000000,0.650000,0.650000,0.422500,-0.000003
77.8900,-0.000000,0.650000,0.650000,0.422500,-0.000002
77.9000,-0.000000,0.650000,0.650000,0.422500,-0.000002
77.9100,-0.000000,0.650000,0.650000,0.422500,-0.000001
77.9200,-0.000000,0.650000,0.650000,0.422500,-0.000001
77.9300,-0.000000,0.650000,0.650000,0.422500,-0.000000
77.9400,-0.000000,0.650000,0.650000,0.422500,-0.000000
77.9500,-0.000000,0.650000,0.650000,0.422500,0.000000
77.9600,-0.000000,0.650000,0.650000,0.422500,0.000001
77.9700,0.000000,0.650000,0.650000,0.422500,0.000001
77.9800,0.000000,0.650000,0.650000,0.422500,0.000002
77.9900,0.000000,0.650000,0.650000,0.422500,0.000002
78.0000,0.000000,0.650000,0.650000,0.422500,0.000002
78.0100,0.000000,0.650000,0.650000,0.422500,0.000003
78.0200,0.000000,0.650000,0.650000,0.422500,0.000003
78.0300,0.000000,0.650000,0.650000,0.422500,0.000003
78.0400,0.000000,0.650000,0.650000,0.422500,0.000004
78.0500,0.000000,0.650000,0.650000,0.422500,0.000004
78.0600,0.000000,0.650000,0.650000,0.422500,0.000004
78.0700,0.000000,0.650000,0.650000,0.422500,0.000005
78.0800,0.000000,0.649999,0.650001,0.422500,0.000005
78.0900,0.000000,0.649999,0.650001,0.422500,0.000005
78.1000,0.000000,0.649999,0.650001,0.422500,0.000006
78.1100,0.000000,0.649999,0.650001,0.422500,0.000006
78.1200,0.000000,0.649999,0.650001,0.422500,0.000006
78.1300,0.000000,0.649999,0.650001,0.422500,0.000006
78.1400,0.000000,0.649999,0.650001,0.422500,0.000007
78.1500,0.000000,0.649999,0.650001,0.422500,0.000007
78.1600,0.000000,0.649999,0.650001,0.422500,0.000007
78.1700,0.000000,0.649999,0.650001,0.422500,0.000007
78.1800,0.000000,0.649999,0.650001,0.422500,0.000007
78.1900,0.000000,0.649999,0.650001,0.422500,0.000008
78.2000,0.000000,0.649999,0.650001,0.422500,0.000008
78.2100,0.000000,0.649999,0.650001,0.422500,0.000008
78.2200,0.000000,0.649999,0.650001,0.422500,0.000008
78.2300,0.000000,0.649999,0.650001,0.422500,0.000008
78.2400,0.000000,0.649999,0.650001,0.422500,0.000008
78.2500,0.000000,0.649999,0.650001,0.422500,0.000008
78.2600,0.000000,0.649999,0.650001,0.422500,0.000008
78.2700,0.000000,0.649999,0.650001,0.422500,0.000008
78.2800,0.000000,0.649999,0.650001,0.422500,0.000008
78.2900,0.000000,0.649999,0.650001,0.422500,0.000008
78.3000,0.000000,0.649999,0.650001,0.422500,0.000008
78.3100,0.000000,0.649999,0.650001,0.422500,0.000008
78.3200,0.000000,0.649999,0.650001,0.422500,0.000008
78.3300,0.000000,0.649999,0.650001,0.422500,0.000008
78.3400,0.000000,0.649999,0.650001,0.422500,0.000008
78.3500,0.000000,0.649999,0.650001,0.422500,0.000008
78.3600,0.000000,0.649999,0.650001,0.422500,0.000008
78.3700,0.000000,0.649999,0.650001,0.422500,0.000008
78.3800,0.000000,0.649999,0.650001,0.422500,0.000007
78.3900,0.000000,0.649999,0.650001,0.422500,0.000007
78.4000,0.000000,0.649999,0.650001,0.422500,0.000007
78.4100,0.000000,0.649999,0.650001,0.422500,0.000007
78.4200,0.000000,0.649999,0.650001,0.422500,0.000007
78.4300,0.000000,0.649999,0.650001,0.422500,0.000006
78.4400,0.000000,0.649999,0.650001,0.422500,0.000006
78.4500,0.000000,0.649999,0.650001,0.422500,0.000006
78.4600,0.000000,0.649999,0.650001,0.422500,0.000006
78.4700,0.000000,0.649999,0.650001,0.422500,0.000006
78.4800,0.000000,0.649999,0.650001,0.422500,0.000005
78.4900,0.000000,0.650000,0.650000,0.422500,0.000005
78.5000,0.000000,0.650000,0.650000,0.422500,0.000005
78.5100,0.000000,0.650000,0.650000,0.422500,0.000004
78.5200,0.000000,0.650000,0.650000,0.422500,0.000004
78.5300,0.000000,0.650000,0.650000,0.422500,0.000004
78.5400,0.000000,0.650000,0.650000,0.422500,0.000003
78.5500,0.000000,0.650000,0.650000,0.422500,0.000003
78.5600,0.000000,0.650000,0.650000,0.422500,0.000003
78.5700,0.000000,0.650000,0.650000,0.422500,0.000002
78.5800,0.000000,0.650000,0.650000,0.422500,0.000002
78.5900,0.000000,0.650000,0.650000,0.422500,0.000002
78.6000,0.000000,0.650000,0.650000,0.422500,0.000001
78.6100,0.000000,0.650000,0.650000,0.422500,0.000001
78.6200,0.000000,0.650000,0.650000,0.422500,0.000001
78.6300,0.000000,0.650000,0.650000,0.422500,0.000000
78.6400,0.000000,0.650000,0.650000,0.422500,0.000000
78.6500,0.000000,0.650000,0.650000,0.422500,-0.000000
78.6600,0.000000,0.650000,0.650000,0.422500,-0.000001
78.6700,0.000000,0.650000,0.650000,0.422500,-0.000001
78.6800,0.000000,0.650000,0.650000,0.422500,-0.000001
78.6900,0.000000,0.650000,0.650000,0.422500,-0.000002
78.7000,-0.000000,0.650000,0.650000,0.422500,-0.000002
78.7100,-0.000000,0.650000,0.650000,0.422500,-0.000002
78.7200,-0.000000,0.650000,0.650000,0.422500,-0.000002
78.7300,-0.000000,0.650000,0.650000,0.422500,-0.000003
78.7400,-0.000000,0.650000,0.650000,0.422500,-0.000003
78.7500,-0.000000,0.650000,0.650000,0.422500,-0.000003
78.7600,-0.000000,0.650000,0.650000,0.422500,-0.000004
78.7700,-0.000000,0.650000,0.650000,0.422500,-0.000004
78.7800,-0.000000,0.650000,0.650000,0.422500,-0.000004
78.7900,-0.000000,0.650000,0.650000,0.422500,-0.000004
78.8000,-0.000000,0.650000,0.650000,0.422500,-0.000005
78.8100,-0.000000,0.650000,0.650000,0.422500,-0.000005
78.8200,-0.000000,0.650001,0.649999,0.422500,-0.000005
78.8300,-0.000000,0.650001,0.649999,0.422500,-0.000005
78.8400,-0.000000,0.650001,0.649999,0.422500,-0.000005
78.8500,-0.000000,0.650001,0.649999,0.422500,-0.000006
78.8600,-0.000000,0.650001,0.649999,0.422500,-0.000006
78.8700,-0.000000,0.650001,0.649999,0.422500,-0.000006
78.8800,-0.000000,0.650001,0.649999,0.422500,-0.000006
78.8900,-0.000000,0.650001,0.649999,0.422500,-0.000006
78.9000,-0.000000,0.650001,0.649999,0.422500,-0.000006
78.9100,-0.000000,0.650001,0.649999,0.422500,-0.000006
78.9200,-0.000000,0.650001,0.649999,0.422500,-0.000007
78.9300,-0.000000,0.650001,0.649999,0.422500,-0.000007
78.9400,-0.000000,0.650001,0.649999,0.422500,-0.000007
78.9500,-0.000000,0.650001,0.649999,0.422500,-0.000007
78.9600,-0.000000,0.650001,0.649999,0.422500,-0.000007
78.9700,-0.000000,0.650001,0.649999,0.422500,-0.000007
78.9800,-0.000000,0.650001,0.649999,0.422500,-0.000007
78.9900,-0.000000,0.650001,0.649999,0.422500,-0.000007
79.0000,-0.000000,0.650001,0.649999,0.422500,-0.000007
79.0100,-0.000000,0.650001,0.649999,0.422500,-0.000007
79.0200,-0.000000,0.650001,0.649999,0.422500,-0.000007
79.0300,-0.000000,0.650001,0.649999,0.422500,-0.000007
79.0400,-0.000000,0.650001,0.649999,0.422500,-0.000007
79.0500,-0.000000,0.650001,0.649999,0.422500,-0.000006
79.0600,-0.000000,0.650001,0.649999,0.422500,-0.000006
79.0700,-0.000000,0.650001,0.649999,0.422500,-0.000006
79.0800,-0.000000,0.650001,0.649999,0.422500,-0.000006
79.0900,-0.000000,0.650001,0.649999,0.422500,-0.000006
79.1000,-0.000000,0.650001,0.649999,0.422500,-0.000006
79.1100,-0.000000,0.650001,0.649999,0.422500,-0.000006
79.1200,-0.000000,0.650001,0.649999,0.422500,-0.000006
79.1300,-0.000000,0.650001,0.649999,0.422500,-0.000005
79.1400,-0.000000,0.650001,0.649999,0.422500,-0.000005
79.1500,-0.000000,0.650000,0.650000,0.422500,-0.000005
79.1600,-0.000000,0.650000,0.650000,0.422500,-0.000005
79.1700,-0.000000,0.650000,0.650000,0.422500,-0.000005
79.1800,-0.000000,0.650000,0.650000,0.422500,-0.000004
79.1900,-0.000000,0.650000,0.650000,0.422500,-0.000004
79.2000,-0.000000,0.650000,0.650000,0.422500,-0.000004
79.2100,-0.000000,0.650000,0.650000,0.422500,-0.000004
79.2200,-0.000000,0.650000,0.650000,0.422500,-0.000003
79.2300,-0.000000,0.650000,0.650000,0.422500,-0.000003
79.2400,-0.000000,0.650000,0.650000,0.422500,-0.000003
79.2500,-0.000000,0.650000,0.650000,0.422500,-0.000003
79.2600,-0.000000,0.650000,0.650000,0.422500,-0.000002
79.2700,-0.000000,0.650000,0.650000,0.422500,-0.000002
79.2800,-0.000000,0.650000,0.650000,0.422500,-0.000002
79.2900,-0.000000,0.650000,0.650000,0.422500,-0.000002
79.3000,-0.000000,0.650000,0.650000,0.422500,-0.000001
79.3100,-0.000000,0.650000,0.650000,0.422500,-0.000001
79.3200,-0.000000,0.650000,0.650000,0.422500,-0.000001
79.3300,-0.000000,0.650000,0.650000,0.422500,-0.000000
79.3400,-0.000000,0.650000,0.650000,0.422500,-0.000000
79.3500,-0.000000,0.650000,0.650000,0.422500,0.000000
79.3600,-0.000000,0.650000,0.650000,0.422500,0.000000
79.3700,-0.000000,0.650000,0.650000,0.422500,0.000001
79.3800,0.000000,0.650000,0.650000,0.422500,0.000001
79.3900,0.000000,0.650000,0.650000,0.422500,0.000001
79.4000,0.000000,0.650000,0.650000,0.422500,0.000001
79.4100,0.000000,0.650000,0.650000,0.422500,0.000002
79.4200,0.000000,0.650000,0.650000,0.422500,0.000002
79.4300,0.000000,0.650000,0.650000,0.422500,0.000002
79.4400,0.000000,0.650000,0.650000,0.422500,0.000002
79.4500,0.000000,0.650000,0.650000,0.422500,0.000003
79.4600,0.000000,0.650000,0.650000,0.422500,0.000003
79.4700,0.000000,0.650000,0.650000,0.422500,0.000003
79.4800,0.000000,0.650000,0.650000,0.422500,0.000003
79.4900,0.000000,0.650000,0.650000,0.422500,0.000004
79.5000,0.000000,0.650000,0.650000,0.422500,0.000004
79.5100,0.000000,0.650000,0.650000,0.422500,0.000004
79.5200,0.000000,0.650000,0.650000,0.422500,0.000004
79.5300,0.000000,0.650000,0.650000,0.422500,0.000004
79.5400,0.000000,0.650000,0.650000,0.422500,0.000004
79.5500,0.000000,0.650000,0.650000,0.422500,0.000005
79.5600,0.000000,0.650000,0.650000,0.422500,0.000005
79.5700,0.000000,0.650000,0.650000,0.422500,0.000005
79.5800,0.000000,0.649999,0.650001,0.422500,0.000005
79.5900,0.000000,0.649999,0.650001,0.422500,0.000005
79.6000,0.000000,0.649999,0.650001,0.422500,0.000005
79.6100,0.000000,0.649999,0.650001,0.422500,0.000005
79.6200,0.000000,0.649999,0.650001,0.422500,0.000005
79.6300,0.000000,0.649999,0.650001,0.422500,0.000005
79.6400,0.000000,0.649999,0.650001,0.422500,0.000006
79.6500,0.000000,0.649999,0.650001,0.422500,0.000006
79.6600,0.000000,0.649999,0.650001,0.422500,0.000006
79.6700,0.000000,0.649999,0.650001,0.422500,0.000006
79.6800,0.000000,0.649999,0.650001,0.422500,0.000006
79.6900,0.000000,0.649999,0.650001,0.422500,0.000006
79.7000,0.000000,0.649999,0.650001,0.422500,0.000006
79.7100,0.000000,0.649999,0.650001,0.422500,0.000006
79.7200,0.000000,0.649999,0.650001,0.422500,0.000006
79.7300,0.000000,0.649999,0.650001,0.422500,0.000005
79.7400,0.000000,0.649999,0.650001,0.422500,0.000005
79.7500,0.000000,0.649999,0.650001,0.422500,0.000005
79.7600,0.000000,0.649999,0.650001,0.422500,0.000005
79.7700,0.000000,0.649999,0.650001,0.422500,0.000005
79.7800,0.000000,0.649999,0.650001,0.422500,0.000005
79.7900,0.000000,0.650000,0.650000,0.422500,0.000005
79.8000,0.000000,0.650000,0.650000,0.422500,0.000005
79.8100,0.000000,0.650000,0.650000,0.422500,0.000005
79.8200,0.000000,0.650000,0.650000,0.422500,0.000005
79.8300,0.000000,0.650000,0.650000,0.422500,0.000004
79.8400,0.000000,0.650000,0.650000,0.422500,0.000004
79.8500,0.000000,0.650000,0.650000,0.422500,0.000004
79.8600,0.000000,0.650000,0.650000,0.422500,0.000004
79.8700,0.000000,0.650000,0.650000,0.422500,0.000004
79.8800,0.000000,0.650000,0.650000,0.422500,0.000004
79.8900,0.000000,0.650000,0.650000,0.422500,0.000003
79.9000,0.000000,0.650000,0.650000,0.422500,0.000003
79.9100,0.000000,0.650000,0.650000,0.422500,0.000003
79.9200,0.000000,0.650000,0.650000,0.422500,0.000003
79.9300,0.000000,0.650000,0.650000,0.422500,0.000003
79.9400,0.000000,0.650000,0.650000,0.422500,0.000002
79.9500,0.000000,0.650000,0.650000,0.422500,0.000002
79.9600,0.000000,0.650000,0.650000,0.422500,0.000002
79.9700,0.000000,0.650000,0.650000,0.422500,0.000002
79.9800,0.000000,0.650000,0.650000,0.422500,0.000002
79.9900,0.000000,0.650000,0.650000,0.422500,0.000001
80.0000,0.000000,0.650000,0.650000,0.422500,0.000001
80.0100,0.000000,0.650000,0.650000,0.422500,0.000001
80.0200,0.000000,0.650000,0.650000,0.422500,0.000001
80.0300,0.000000,0.650000,0.650000,0.422500,0.000000
80.0400,0.000000,0.650000,0.650000,0.422500,0.000000
80.0500,0.000000,0.650000,0.650000,0.422500,-0.000000
80.0600,0.000000,0.650000,0.650000,0.422500,-0.000000
80.0700,0.000000,0.650000,0.650000,0.422500,-0.000001
80.0800,0.000000,0.650000,0.650000,0.422500,-0.000001
80.0900,0.000000,0.650000,0.650000,0.422500,-0.000001
80.1000,-0.000000,0.650000,0.650000,0.422500,-0.000001
80.1100,-0.000000,0.650000,0.650000,0.422500,-0.000001
80.1200,-0.000000,0.650000,0.650000,0.422500,-0.000002
80.1300,-0.000000,0.650000,0.650000,0.422500,-0.000002
80.1400,-0.000000,0.650000,0.650000,0.422500,-0.000002
80.1500,-0.000000,0.650000,0.650000,0.422500,-0.000002
80.1600,-0.000000,0.650000,0.650000,0.422500,-0.000002
80.1700,-0.000000,0.650000,0.650000,0.422500,-0.000003
80.1800,-0.000000,0.650000,0.650000,0.422500,-0.000003
80.1900,-0.000000,0.650000,0.650000,0.422500,-0.000003
80.2000,-0.000000,0.650000,0.650000,0.422500,-0.000003
80.2100,-0.000000,0.650000,0.650000,0.422500,-0.000003
80.2200,-0.000000,0.650000,0.650000,0.422500,-0.000003
80.2300,-0.000000,0.650000,0.650000,0.422500,-0.000004
80.2400,-0.000000,0.650000,0.650000,0.422500,-0.000004
80.2500,-0.000000,0.650000,0.650000,0.422500,-0.000004
80.2600,-0.000000,0.650000,0.650000,0.422500,-0.000004
80.2700,-0.000000,0.650000,0.650000,0.422500,-0.000004
80.2800,-0.000000,0.650000,0.650000,0.422500,-0.000004
80.2900,-0.000000,0.650000,0.650000,0.422500,-0.000004
80.3000,-0.000000,0.650000,0.650000,0.422500,-0.000004
80.3100,-0.000000,0.650000,0.650000,0.422500,-0.000004
80.3200,-0.000000,0.650000,0.650000,0.422500,-0.000004
80.3300,-0.000000,0.650000,0.650000,0.422500,-0.000004
80.3400,-0.000000,0.650000,0.650000,0.422500,-0.000005
80.3500,-0.000000,0.650000,0.650000,0.422500,-0.000005
80.3600,-0.000000,0.650000,0.650000,0.422500,-0.000005
80.3700,-0.000000,0.650000,0.650000,0.422500,-0.000005
80.3800,-0.000000,0.650000,0.650000,0.422500,-0.000005
80.3900,-0.000000,0.650000,0.650000,0.422500,-0.000005
80.4000,-0.000000,0.650000,0.650000,0.422500,-0.000005
80.4100,-0.000000,0.650000,0.650000,0.422500,-0.000005
80.4200,-0.000000,0.650000,0.650000,0.422500,-0.000005
80.4300,-0.000000,0.650000,0.650000,0.422500,-0.000005
80.4400,-0.000000,0.650000,0.650000,0.422500,-0.000004
80.4500,-0.000000,0.650000,0.650000,0.422500,-0.000004
80.4600,-0.000000,0.650000,0.650000,0.422500,-0.000004
80.4700,-0.000000,0.650000,0.650000,0.422500,-0.000004
80.4800,-0.000000,0.650000,0.650000,0.422500,-0.000004
80.4900,-0.000000,0.650000,0.650000,0.422500,-0.000004
80.5000,-0.000000,0.650000,0.650000,0.422500,-0.000004
80.5100,-0.000000,0.650000,0.650000,0.422500,-0.000004
80.5200,-0.000000,0.650000,0.650000,0.422500,-0.000004
80.5300,-0.000000,0.650000,0.650000,0.422500,-0.000004
80.5400,-0.000000,0.650000,0.650000,0.422500,-0.000004
80.5500,-0.000000,0.650000,0.650000,0.422500,-0.000003
80.5600,-0.000000,0.650000,0.650000,0.422500,-0.000003
80.5700,-0.000000,0.650000,0.650000,0.422500,-0.000003
80.5800,-0.000000,0.650000,0.650000,0.422500,-0.000003
80.5900,-0.000000,0.650000,0.650000,0.422500,-0.000003
80.6000,-0.000000,0.650000,0.650000,0.422500,-0.000003
80.6100,-0.000000,0.650000,0.650000,0.422500,-0.000003
80.6200,-0.000000,0.650000,0.650000,0.422500,-0.000002
80.6300,-0.000000,0.650000,0.650000,0.422500,-0.000002
80.6400,-0.000000,0.650000,0.650000,0.422500,-0.000002
80.6500,-0.000000,0.650000,0.650000,0.422500,-0.000002
80.6600,-0.000000,0.650000,0.650000,0.422500,-0.000002
80.6700,-0.000000,0.650000,0.650000,0.422500,-0.000001
80.6800,-0.000000,0.650000,0.650000,0.422500,-0.000001
80.6900,-0.000000,0.650000,0.650000,0.422500,-0.000001
80.7000,-0.000000,0.650000,0.650000,0.422500,-0.000001
80.7100,-0.000000,0.650000,0.650000,0.422500,-0.000001
80.7200,-0.000000,0.650000,0.650000,0.422500,-0.000001
80.7300,-0.000000,0.650000,0.650000,0.422500,-0.000000
80.7400,-0.000000,0.650000,0.650000,0.422500,-0.000000
80.7500,-0.000000,0.650000,0.650000,0.422500,0.000000
80.7600,-0.000000,0.650000,0.650000,0.422500,0.000000
80.7700,-0.000000,0.650000,0.650000,0.422500,0.000000
80.7800,0.000000,0.650000,0.650000,0.422500,0.000001
80.7900,0.000000,0.650000,0.650000,0.422500,0.000001
80.8000,0.000000,0.650000,0.650000,0.422500,0.000001
80.8100,0.000000,0.650000,0.650000,0.422500,0.000001
80.8200,0.000000,0.650000,0.650000,0.422500,0.000001
80.8300,0.000000,0.650000,0.650000,0.422500,0.000001
80.8400,0.000000,0.650000,0.650000,0.422500,0.000002
80.8500,0.000000,0.650000,0.650000,0.422500,0.000002
80.8600,0.000000,0.650000,0.650000,0.422500,0.000002
80.8700,0.000000,0.650000,0.650000,0.422500,0.000002
80.8800,0.000000,0.650000,0.650000,0.422500,0.000002
80.8900,0.000000,0.650000,0.650000,0.422500,0.000002
80.9000,0.000000,0.650000,0.650000,0.422500,0.000003
80.9100,0.000000,0.650000,0.650000,0.422500,0.000003
80.9200,0.000000,0.650000,0.650000,0.422500,0.000003
80.9300,0.000000,0.650000,0.650000,0.422500,0.000003
80.9400,0.000000,0.650000,0.650000,0.422500,0.000003
80.9500,0.000000,0.650000,0.650000,0.422500,0.000003
80.9600,0.000000,0.650000,0.650000,0.422500,0.000003
80.9700,0.000000,0.650000,0.650000,0.422500,0.000003
80.9800,0.000000,0.650000,0.650000,0.422500,0.000003
80.9900,0.000000,0.650000,0.650000,0.422500,0.000003
81.0000,0.000000,0.650000,0.650000,0.422500,0.000004
81.0100,0.000000,0.650000,0.650000,0.422500,0.000004
81.0200,0.000000,0.650000,0.650000,0.422500,0.000004
81.0300,0.000000,0.650000,0.650000,0.422500,0.000004
81.0400,0.000000,0.650000,0.650000,0.422500,0.000004
81.0500,0.000000,0.650000,0.650000,0.422500,0.000004
81.0600,0.000000,0.650000,0.650000,0.422500,0.000004
81.0700,0.000000,0.650000,0.650000,0.422500,0.000004
81.0800,0.000000,0.650000,0.650000,0.422500,0.000004
81.0900,0.000000,0.650000,0.650000,0.422500,0.000004
81.1000,0.000000,0.650000,0.650000,0.422500,0.000004
81.1100,0.000000,0.650000,0.650000,0.422500,0.000004
81.1200,0.000000,0.650000,0.650000,0.422500,0.000004
81.1300,0.000000,0.650000,0.650000,0.422500,0.000004
81.1400,0.000000,0.650000,0.650000,0.422500,0.000004
81.1500,0.000000,0.650000,0.650000,0.422500,0.000004
81.1600,0.000000,0.650000,0.650000,0.422500,0.000004
81.1700,0.000000,0.650000,0.650000,0.422500,0.000004
81.1800,0.000000,0.650000,0.650000,0.422500,0.000003
81.1900,0.000000,0.650000,0.650000,0.422500,0.000003
81.2000,0.000000,0.650000,0.650000,0.422500,0.000003
81.2100,0.000000,0.650000,0.650000,0.422500,0.000003
81.2200,0.000000,0.650000,0.650000,0.422500,0.000003
81.2300,0.000000,0.650000,0.650000,0.422500,0.000003
81.2400,0.000000,0.650000,0.650000,0.422500,0.000003
81.2500,0.000000,0.650000,0.650000,0.422500,0.000003
81.2600,0.000000,0.650000,0.650000,0.422500,0.000003
81.2700,0.000000,0.650000,0.650000,0.422500,0.000003
81.2800,0.000000,0.650000,0.650000,0.422500,0.000002
81.2900,0.000000,0.650000,0.650000,0.422500,0.000002
81.3000,0.000000,0.650000,0.650000,0.422500,0.000002
81.3100,0.000000,0.650000,0.650000,0.422500,0.000002
81.3200,0.000000,0.650000,0.650000,0.422500,0.000002
81.3300,0.000000,0.650000,0.650000,0.422500,0.000002
81.3400,0.000000,0.650000,0.650000,0.422500,0.000002
81.3500,0.000000,0.650000,0.650000,0.422500,0.000002
81.3600,0.000000,0.650000,0.650000,0.422500,0.000001
81.3700,0.000000,0.650000,0.650000,0.422500,0.000001
81.3800,0.000000,0.650000,0.650000,0.422500,0.000001
81.3900,0.000000,0.650000,0.650000,0.422500,0.000001
81.4000,0.000000,0.650000,0.650000,0.422500,0.000001
81.4100,0.000000,0.650000,0.650000,0.422500,0.000001
81.4200,0.000000,0.650000,0.650000,0.422500,0.000000
81.4300,0.000000,0.650000,0.650000,0.422500,0.000000
81.4400,0.000000,0.650000,0.650000,0.422500,0.000000
81.4500,0.000000,0.650000,0.650000,0.422500,-0.000000
81.4600,0.000000,0.650000,0.650000,0.422500,-0.000000
81.4700,0.000000,0.650000,0.650000,0.422500,-0.000000
81.4800,0.000000,0.650000,0.650000,0.422500,-0.000000
81.4900,0.000000,0.650000,0.650000,0.422500,-0.000001
81.5000,-0.000000,0.650000,0.650000,0.422500,-0.000001
81.5100,-0.000000,0.650000,0.650000,0.422500,-0.000001
81.5200,-0.000000,0.650000,0.650000,0.422500,-0.000001
81.5300,-0.000000,0.650000,0.650000,0.422500,-0.000001
81.5400,-0.000000,0.650000,0.650000,0.422500,-0.000001
81.5500,-0.000000,0.650000,0.650000,0.422500,-0.000001
81.5600,-0.000000,0.650000,0.650000,0.422500,-0.000002
81.5700,-0.000000,0.650000,0.650000,0.422500,-0.000002
81.5800,-0.000000,0.650000,0.650000,0.422500,-0.000002
81.5900,-0.000000,0.650000,0.650000,0.422500,-0.000002
81.6000,-0.000000,0.650000,0.650000,0.422500,-0.000002
81.6100,-0.000000,0.650000,0.650000,0.422500,-0.000002
81.6200,-0.000000,0.650000,0.650000,0.422500,-0.000002
81.6300,-0.000000,0.650000,0.650000,0.422500,-0.000002
81.6400,-0.000000,0.650000,0.650000,0.422500,-0.000002
81.6500,-0.000000,0.650000,0.650000,0.422500,-0.000003
81.6600,-0.000000,0.650000,0.650000,0.422500,-0.000003
81.6700,-0.000000,0.650000,0.650000,0.422500,-0.000003
81.6800,-0.000000,0.650000,0.650000,0.422500,-0.000003
81.6900,-0.000000,0.650000,0.650000,0.422500,-0.000003
81.7000,-0.000000,0.650000,0.650000,0.422500,-0.000003
81.7100,-0.000000,0.650000,0.650000,0.422500,-0.000003
81.7200,-0.000000,0.650000,0.650000,0.422500,-0.000003
81.7300,-0.000000,0.650000,0.650000,0.422500,-0.000003
81.7400,-0.000000,0.650000,0.650000,0.422500,-0.000003
81.7500,-0.000000,0.650000,0.650000,0.422500,-0.000003
81.7600,-0.000000,0.650000,0.650000,0.422500,-0.000003
81.7700,-0.000000,0.650000,0.650000,0.422500,-0.000003
81.7800,-0.000000,0.650000,0.650000,0.422500,-0.000003
81.7900,-0.000000,0.650000,0.650000,0.422500,-0.000003
81.8000,-0.000000,0.650000,0.650000,0.422500,-0.000003
81.8100,-0.000000,0.650000,0.650000,0.422500,-0.000003
81.8200,-0.000000,0.650000,0.650000,0.422500,-0.000003
81.8300,-0.000000,0.650000,0.650000,0.422500,-0.000003
81.8400,-0.000000,0.650000,0.650000,0.422500,-0.000003
81.8500,-0.000000,0.650000,0.650000,0.422500,-0.000003
81.8600,-0.000000,0.650000,0.650000,0.422500,-0.000003
81.8700,-0.000000,0.650000,0.650000,0.422500,-0.000003
81.8800,-0.000000,0.650000,0.650000,0.422500,-0.000003
81.8900,-0.000000,0.650000,0.650000,0.422500,-0.000003
81.9000,-0.000000,0.650000,0.650000,0.422500,-0.000003
81.9100,-0.000000,0.650000,0.650000,0.422500,-0.000003
81.9200,-0.000000,0.650000,0.650000,0.422500,-0.000003
81.9300,-0.000000,0.650000,0.650000,0.422500,-0.000003
81.9400,-0.000000,0.650000,0.650000,0.422500,-0.000002
81.9500,-0.000000,0.650000,0.650000,0.422500,-0.000002
81.9600,-0.000000,0.650000,0.650000,0.422500,-0.000002
81.9700,-0.000000,0.650000,0.650000,0.422500,-0.000002
81.9800,-0.000000,0.650000,0.650000,0.422500,-0.000002
81.9900,-0.000000,0.650000,0.650000,0.422500,-0.000002
82.0000,-0.000000,0.650000,0.650000,0.422500,-0.000002
82.0100,-0.000000,0.650000,0.650000,0.422500,-0.000002
82.0200,-0.000000,0.650000,0.650000,0.422500,-0.000002
82.0300,-0.000000,0.650000,0.650000,0.422500,-0.000002
82.0400,-0.000000,0.650000,0.650000,0.422500,-0.000001
82.0500,-0.000000,0.650000,0.650000,0.422500,-0.000001
82.0600,-0.000000,0.650000,0.650000,0.422500,-0.000001
82.0700,-0.000000,0.650000,0.650000,0.422500,-0.000001
82.0800,-0.000000,0.650000,0.650000,0.422500,-0.000001
82.0900,-0.000000,0.650000,0.650000,0.422500,-0.000001
82.1000,-0.000000,0.650000,0.650000,0.422500,-0.000001
82.1100,-0.000000,0.650000,0.650000,0.422500,-0.000001
82.1200,-0.000000,0.650000,0.650000,0.422500,-0.000000
82.1300,-0.000000,0.650000,0.650000,0.422500,-0.000000
82.1400,-0.000000,0.650000,0.650000,0.422500,-0.000000
82.1500,-0.000000,0.650000,0.650000,0.422500,-0.000000
82.1600,-0.000000,0.650000,0.650000,0.422500,0.000000
82.1700,-0.000000,0.650000,0.650000,0.422500,0.000000
82.1800,0.000000,0.650000,0.650000,0.422500,0.000000
82.1900,0.000000,0.650000,0.650000,0.422500,0.000000
82.2000,0.000000,0.650000,0.650000,0.422500,0.000001
82.2100,0.000000,0.650000,0.650000,0.422500,0.000001
82.2200,0.000000,0.650000,0.650000,0.422500,0.000001
82.2300,0.000000,0.650000,0.650000,0.422500,0.000001
82.2400,0.000000,0.650000,0.650000,0.422500,0.000001
82.2500,0.000000,0.650000,0.650000,0.422500,0.000001
82.2600,0.000000,0.650000,0.650000,0.422500,0.000001
82.2700,0.000000,0.650000,0.650000,0.422500,0.000001
82.2800,0.000000,0.650000,0.650000,0.422500,0.000001
82.2900,0.000000,0.650000,0.650000,0.422500,0.000002
82.3000,0.000000,0.650000,0.650000,0.422500,0.000002
82.3100,0.000000,0.650000,0.650000,0.422500,0.000002
82.3200,0.000000,0.650000,0.650000,0.422500,0.000002
82.3300,0.000000,0.650000,0.650000,0.422500,0.000002
82.3400,0.000000,0.650000,0.650000,0.422500,0.000002
82.3500,0.000000,0.650000,0.650000,0.422500,0.000002
82.3600,0.000000,0.650000,0.650000,0.422500,0.000002
82.3700,0.000000,0.650000,0.650000,0.422500,0.000002
82.3800,0.000000,0.650000,0.650000,0.422500,0.000002
82.3900,0.000000,0.650000,0.650000,0.422500,0.000002
82.4000,0.000000,0.650000,0.650000,0.422500,0.000002
82.4100,0.000000,0.650000,0.650000,0.422500,0.000002
82.4200,0.000000,0.650000,0.650000,0.422500,0.000002
82.4300,0.000000,0.650000,0.650000,0.422500,0.000002
82.4400,0.000000,0.650000,0.650000,0.422500,0.000003
82.4500,0.000000,0.650000,0.650000,0.422500,0.000003
82.4600,0.000000,0.650000,0.650000,0.422500,0.000003
82.4700,0.000000,0.650000,0.650000,0.422500,0.000003
82.4800,0.000000,0.650000,0.650000,0.422500,0.000003
82.4900,0.000000,0.650000,0.650000,0.422500,0.000003
82.5000,0.000000,0.650000,0.650000,0.422500,0.000003
82.5100,0.000000,0.650000,0.650000,0.422500,0.000003
82.5200,0.000000,0.650000,0.650000,0.422500,0.000003
82.5300,0.000000,0.650000,0.650000,0.422500,0.000003
82.5400,0.000000,0.650000,0.650000,0.422500,0.000002
82.5500,0.000000,0.650000,0.650000,0.422500,0.000002
82.5600,0.000000,0.650000,0.650000,0.422500,0.000002
82.5700,0.000000,0.650000,0.650000,0.422500,0.000002
82.5800,0.000000,0.650000,0.650000,0.422500,0.000002
82.5900,0.000000,0.650000,0.650000,0.422500,0.000002
82.6000,0.000000,0.650000,0.650000,0.422500,0.000002
82.6100,0.000000,0.650000,0.650000,0.422500,0.000002
82.6200,0.000000,0.650000,0.650000,0.422500,0.000002
82.6300,0.000000,0.650000,0.650000,0.422500,0.000002
82.6400,0.000000,0.650000,0.650000,0.422500,0.000002
82.6500,0.000000,0.650000,0.650000,0.422500,0.000002
82.6600,0.000000,0.650000,0.650000,0.422500,0.000002
82.6700,0.000000,0.650000,0.650000,0.422500,0.000002
82.6800,0.000000,0.650000,0.650000,0.422500,0.000002
82.6900,0.000000,0.650000,0.650000,0.422500,0.000002
82.7000,0.000000,0.650000,0.650000,0.422500,0.000002
82.7100,0.000000,0.650000,0.650000,0.422500,0.000001
82.7200,0.000000,0.650000,0.650000,0.422500,0.000001
82.7300,0.000000,0.650000,0.650000,0.422500,0.000001
82.7400,0.000000,0.650000,0.650000,0.422500,0.000001
82.7500,0.000000,0.650000,0.650000,0.422500,0.000001
82.7600,0.000000,0.650000,0.650000,0.422500,0.000001
82.7700,0.000000,0.650000,0.650000,0.422500,0.000001
82.7800,0.000000,0.650000,0.650000,0.422500,0.000001
82.7900,0.000000,0.650000,0.650000,0.422500,0.000001
82.8000,0.000000,0.650000,0.650000,0.422500,0.000001
82.8100,0.000000,0.650000,0.650000,0.422500,0.000000
82.8200,0.000000,0.650000,0.650000,0.422500,0.000000
82.8300,0.000000,0.650000,0.650000,0.422500,0.000000
82.8400,0.000000,0.650000,0.650000,0.422500,0.000000
82.8500,0.000000,0.650000,0.650000,0.422500,0.000000
82.8600,0.000000,0.650000,0.650000,0.422500,-0.000000
82.8700,0.000000,0.650000,0.650000,0.422500,-0.000000
82.8800,0.000000,0.650000,0.650000,0.422500,-0.000000
82.8900,0.000000,0.650000,0.650000,0.422500,-0.000000
82.9000,0.000000,0.650000,0.650000,0.422500,-0.000000
82.9100,-0.000000,0.650000,0.650000,0.422500,-0.000001
82.9200,-0.000000,0.650000,0.650000,0.422500,-0.000001
82.9300,-0.000000,0.650000,0.650000,0.422500,-0.000001
82.9400,-0.000000,0.650000,0.650000,0.422500,-0.000001
82.9500,-0.000000,0.650000,0.650000,0.422500,-0.000001
82.9600,-0.000000,0.650000,0.650000,0.422500,-0.000001
82.9700,-0.000000,0.650000,0.650000,0.422500,-0.000001
82.9800,-0.000000,0.650000,0.650000,0.422500,-0.000001
82.9900,-0.000000,0.650000,0.650000,0.422500,-0.000001
83.0000,-0.000000,0.650000,0.650000,0.422500,-0.000001
83.0100,-0.000000,0.650000,0.650000,0.422500,-0.000001
83.0200,-0.000000,0.650000,0.650000,0.422500,-0.000002
83.0300,-0.000000,0.650000,0.650000,0.422500,-0.000002
83.0400,-0.000000,0.650000,0.650000,0.422500,-0.000002
83.0500,-0.000000,0.650000,0.650000,0.422500,-0.000002
83.0600,-0.000000,0.650000,0.650000,0.422500,-0.000002
83.0700,-0.000000,0.650000,0.650000,0.422500,-0.000002
83.0800,-0.000000,0.650000,0.650000,0.422500,-0.000002
83.0900,-0.000000,0.650000,0.650000,0.422500,-0.000002
83.1000,-0.000000,0.650000,0.650000,0.422500,-0.000002
83.1100,-0.000000,0.650000,0.650000,0.422500,-0.000002
83.1200,-0.000000,0.650000,0.650000,0.422500,-0.000002
83.1300,-0.000000,0.650000,0.650000,0.422500,-0.000002
83.1400,-0.000000,0.650000,0.650000,0.422500,-0.000002
83.1500,-0.000000,0.650000,0.650000,0.422500,-0.000002
83.1600,-0.000000,0.650000,0.650000,0.422500,-0.000002
83.1700,-0.000000,0.650000,0.650000,0.422500,-0.000002
83.1800,-0.000000,0.650000,0.650000,0.422500,-0.000002
83.1900,-0.000000,0.650000,0.650000,0.422500,-0.000002
83.2000,-0.000000,0.650000,0.650000,0.422500,-0.000002
83.2100,-0.000000,0.650000,0.650000,0.422500,-0.000002
83.2200,-0.000000,0.650000,0.650000,0.422500,-0.000002
83.2300,-0.000000,0.650000,0.650000,0.422500,-0.000002
83.2400,-0.000000,0.650000,0.650000,0.422500,-0.000002
83.2500,-0.000000,0.650000,0.650000,0.422500,-0.000002
83.2600,-0.000000,0.650000,0.650000,0.422500,-0.000002
83.2700,-0.000000,0.650000,0.650000,0.422500,-0.000002
83.2800,-0.000000,0.650000,0.650000,0.422500,-0.000002
83.2900,-0.000000,0.650000,0.650000,0.422500,-0.000002
83.3000,-0.000000,0.650000,0.650000,0.422500,-0.000002
83.3100,-0.000000,0.650000,0.650000,0.422500,-0.000002
83.3200,-0.000000,0.650000,0.650000,0.422500,-0.000002
83.3300,-0.000000,0.650000,0.650000,0.422500,-0.000002
83.3400,-0.000000,0.650000,0.650000,0.422500,-0.000002
83.3500,-0.000000,0.650000,0.650000,0.422500,-0.000002
83.3600,-0.000000,0.650000,0.650000,0.422500,-0.000002
83.3700,-0.000000,0.650000,0.650000,0.422500,-0.000001
83.3800,-0.000000,0.650000,0.650000,0.422500,-0.000001
83.3900,-0.000000,0.650000,0.650000,0.422500,-0.000001
83.4000,-0.000000,0.650000,0.650000,0.422500,-0.000001
83.4100,-0.000000,0.650000,0.650000,0.422500,-0.000001
83.4200,-0.000000,0.650000,0.650000,0.422500,-0.000001
83.4300,-0.000000,0.650000,0.650000,0.422500,-0.000001
83.4400,-0.000000,0.650000,0.650000,0.422500,-0.000001
83.4500,-0.000000,0.650000,0.650000,0.422500,-0.000001
83.4600,-0.000000,0.650000,0.650000,0.422500,-0.000001
83.4700,-0.000000,0.650000,0.650000,0.422500,-0.000001
83.4800,-0.000000,0.650000,0.650000,0.422500,-0.000001
83.4900,-0.000000,0.650000,0.650000,0.422500,-0.000001
83.5000,-0.000000,0.650000,0.650000,0.422500,-0.000000
83.5100,-0.000000,0.650000,0.650000,0.422500,-0.000000
83.5200,-0.000000,0.650000,0.650000,0.422500,-0.000000
83.5300,-0.000000,0.650000,0.650000,0.422500,-0.000000
83.5400,-0.000000,0.650000,0.650000,0.422500,-0.000000
83.5500,-0.000000,0.650000,0.650000,0.422500,-0.000000
83.5600,-0.000000,0.650000,0.650000,0.422500,0.000000
83.5700,-0.000000,0.650000,0.650000,0.422500,0.000000
83.5800,-0.000000,0.650000,0.650000,0.422500,0.000000
83.5900,0.000000,0.650000,0.650000,0.422500,0.000000
83.6000,0.000000,0.650000,0.650000,0.422500,0.000000
83.6100,0.000000,0.650000,0.650000,0.422500,0.000000
83.6200,0.000000,0.650000,0.650000,0.422500,0.000001
83.6300,0.000000,0.650000,0.650000,0.422500,0.000001
83.6400,0.000000,0.650000,0.650000,0.422500,0.000001
83.6500,0.000000,0.650000,0.650000,0.422500,0.000001
83.6600,0.000000,0.650000,0.650000,0.422500,0.000001
83.6700,0.000000,0.650000,0.650000,0.422500,0.000001
83.6800,0.000000,0.650000,0.650000,0.422500,0.000001
83.6900,0.000000,0.650000,0.650000,0.422500,0.000001
83.7000,0.000000,0.650000,0.650000,0.422500,0.000001
83.7100,0.000000,0.650000,0.650000,0.422500,0.000001
83.7200,0.000000,0.650000,0.650000,0.422500,0.000001
83.7300,0.000000,0.650000,0.650000,0.422500,0.000001
83.7400,0.000000,0.650000,0.650000,0.422500,0.000001
83.7500,0.000000,0.650000,0.650000,0.422500,0.000001
83.7600,0.000000,0.650000,0.650000,0.422500,0.000001
83.7700,0.000000,0.650000,0.650000,0.422500,0.000001
83.7800,0.000000,0.650000,0.650000,0.422500,0.000002
83.7900,0.000000,0.650000,0.650000,0.422500,0.000002
83.8000,0.000000,0.650000,0.650000,0.422500,0.000002
83.8100,0.000000,0.650000,0.650000,0.422500,0.000002
83.8200,0.000000,0.650000,0.650000,0.422500,0.000002
83.8300,0.000000,0.650000,0.650000,0.422500,0.000002
83.8400,0.000000,0.650000,0.650000,0.422500,0.000002
83.8500,0.000000,0.650000,0.650000,0.422500,0.000002
83.8600,0.000000,0.650000,0.650000,0.422500,0.000002
83.8700,0.000000,0.650000,0.650000,0.422500,0.000002
83.8800,0.000000,0.650000,0.650000,0.422500,0.000002
83.8900,0.000000,0.650000,0.650000,0.422500,0.000002
83.9000,0.000000,0.650000,0.650000,0.422500,0.000002
83.9100,0.000000,0.650000,0.650000,0.422500,0.000002
83.9200,0.000000,0.650000,0.650000,0.422500,0.000002
83.9300,0.000000,0.650000,0.650000,0.422500,0.000002
83.9400,0.000000,0.650000,0.650000,0.422500,0.000002
83.9500,0.000000,0.650000,0.650000,0.422500,0.000002
83.9600,0.000000,0.650000,0.650000,0.422500,0.000002
83.9700,0.000000,0.650000,0.650000,0.422500,0.000002
83.9800,0.000000,0.650000,0.650000,0.422500,0.000002
83.9900,0.000000,0.650000,0.650000,0.422500,0.000002
84.0000,0.000000,0.650000,0.650000,0.422500,0.000002
84.0100,0.000000,0.650000,0.650000,0.422500,0.000002
84.0200,0.000000,0.650000,0.650000,0.422500,0.000001
84.0300,0.000000,0.650000,0.650000,0.422500,0.000001
84.0400,0.000000,0.650000,0.650000,0.422500,0.000001
84.0500,0.000000,0.650000,0.650000,0.422500,0.000001
84.0600,0.000000,0.650000,0.650000,0.422500,0.000001
84.0700,0.000000,0.650000,0.650000,0.422500,0.000001
84.0800,0.000000,0.650000,0.650000,0.422500,0.000001
84.0900,0.000000,0.650000,0.650000,0.422500,0.000001
84.1000,0.000000,0.650000,0.650000,0.422500,0.000001
84.1100,0.000000,0.650000,0.650000,0.422500,0.000001
84.1200,0.000000,0.650000,0.650000,0.422500,0.000001
84.1300,0.000000,0.650000,0.650000,0.422500,0.000001
84.1400,0.000000,0.650000,0.650000,0.422500,0.000001
84.1500,0.000000,0.650000,0.650000,0.422500,0.000001
84.1600,0.000000,0.650000,0.650000,0.422500,0.000001
84.1700,0.000000,0.650000,0.650000,0.422500,0.000001
84.1800,0.000000,0.650000,0.650000,0.422500,0.000001
84.1900,0.000000,0.650000,0.650000,0.422500,0.000000
84.2000,0.000000,0.650000,0.650000,0.422500,0.000000
84.2100,0.000000,0.650000,0.650000,0.422500,0.000000
84.2200,0.000000,0.650000,0.650000,0.422500,0.000000
84.2300,0.000000,0.650000,0.650000,0.422500,0.000000
84.2400,0.000000,0.650000,0.650000,0.422500,0.000000
84.2500,0.000000,0.650000,0.650000,0.422500,0.000000
84.2600,0.000000,0.650000,0.650000,0.422500,-0.000000
84.2700,0.000000,0.650000,0.650000,0.422500,-0.000000
84.2800,0.000000,0.650000,0.650000,0.422500,-0.000000
84.2900,0.000000,0.650000,0.650000,0.422500,-0.000000
84.3000,0.000000,0.650000,0.650000,0.422500,-0.000000
84.3100,-0.000000,0.650000,0.650000,0.422500,-0.000000
84.3200,-0.000000,0.650000,0.650000,0.422500,-0.000000
84.3300,-0.000000,0.650000,0.650000,0.422500,-0.000000
84.3400,-0.000000,0.650000,0.650000,0.422500,-0.000001
84.3500,-0.000000,0.650000,0.650000,0.422500,-0.000001
84.3600,-0.000000,0.650000,0.650000,0.422500,-0.000001
84.3700,-0.000000,0.650000,0.650000,0.422500,-0.000001
84.3800,-0.000000,0.650000,0.650000,0.422500,-0.000001
84.3900,-0.000000,0.650000,0.650000,0.422500,-0.000001
84.4000,-0.000000,0.650000,0.650000,0.422500,-0.000001
84.4100,-0.000000,0.650000,0.650000,0.422500,-0.000001
84.4200,-0.000000,0.650000,0.650000,0.422500,-0.000001
84.4300,-0.000000,0.650000,0.650000,0.422500,-0.000001
84.4400,-0.000000,0.650000,0.650000,0.422500,-0.000001
84.4500,-0.000000,0.650000,0.650000,0.422500,-0.000001
84.4600,-0.000000,0.650000,0.650000,0.422500,-0.000001
84.4700,-0.000000,0.650000,0.650000,0.422500,-0.000001
84.4800,-0.000000,0.650000,0.650000,0.422500,-0.000001
84.4900,-0.000000,0.650000,0.650000,0.422500,-0.000001
84.5000,-0.000000,0.650000,0.650000,0.422500,-0.000001
84.5100,-0.000000,0.650000,0.650000,0.422500,-0.000001
84.5200,-0.000000,0.650000,0.650000,0.422500,-0.000001
84.5300,-0.000000,0.650000,0.650000,0.422500,-0.000001
84.5400,-0.000000,0.650000,0.650000,0.422500,-0.000001
84.5500,-0.000000,0.650000,0.650000,0.422500,-0.000001
84.5600,-0.000000,0.650000,0.650000,0.422500,-0.000001
84.5700,-0.000000,0.650000,0.650000,0.422500,-0.000001
84.5800,-0.000000,0.650000,0.650000,0.422500,-0.000001
84.5900,-0.000000,0.650000,0.650000,0.422500,-0.000001
84.6000,-0.000000,0.650000,0.650000,0.422500,-0.000001
84.6100,-0.000000,0.650000,0.650000,0.422500,-0.000001
84.6200,-0.000000,0.650000,0.650000,0.422500,-0.000001
84.6300,-0.000000,0.650000,0.650000,0.422500,-0.000001
84.6400,-0.000000,0.650000,0.650000,0.422500,-0.000001
84.6500,-0.000000,0.650000,0.650000,0.422500,-0.000001
84.6600,-0.000000,0.650000,0.650000,0.422500,-0.000001
84.6700,-0.000000,0.650000,0.650000,0.422500,-0.000001
84.6800,-0.000000,0.650000,0.650000,0.422500,-0.000001
84.6900,-0.000000,0.650000,0.650000,0.422500,-0.000001
84.7000,-0.000000,0.650000,0.650000,0.422500,-0.000001
84.7100,-0.000000,0.650000,0.650000,0.422500,-0.000001
84.7200,-0.000000,0.650000,0.650000,0.422500,-0.000001
84.7300,-0.000000,0.650000,0.650000,0.422500,-0.000001
84.7400,-0.000000,0.650000,0.650000,0.422500,-0.000001
84.7500,-0.000000,0.650000,0.650000,0.422500,-0.000001
84.7600,-0.000000,0.650000,0.650000,0.422500,-0.000001
84.7700,-0.000000,0.650000,0.650000,0.422500,-0.000001
84.7800,-0.000000,0.650000,0.650000,0.422500,-0.000001
84.7900,-0.000000,0.650000,0.650000,0.422500,-0.000001
84.8000,-0.000000,0.650000,0.650000,0.422500,-0.000001
84.8100,-0.000000,0.650000,0.650000,0.422500,-0.000001
84.8200,-0.000000,0.650000,0.650000,0.422500,-0.000001
84.8300,-0.000000,0.650000,0.650000,0.422500,-0.000001
84.8400,-0.000000,0.650000,0.650000,0.422500,-0.000001
84.8500,-0.000000,0.650000,0.650000,0.422500,-0.000001
84.8600,-0.000000,0.650000,0.650000,0.422500,-0.000001
84.8700,-0.000000,0.650000,0.650000,0.422500,-0.000001
84.8800,-0.000000,0.650000,0.650000,0.422500,-0.000000
84.8900,-0.000000,0.650000,0.650000,0.422500,-0.000000
84.9000,-0.000000,0.650000,0.650000,0.422500,-0.000000
84.9100,-0.000000,0.650000,0.650000,0.422500,-0.000000
84.9200,-0.000000,0.650000,0.650000,0.422500,-0.000000
84.9300,-0.000000,0.650000,0.650000,0.422500,-0.000000
84.9400,-0.000000,0.650000,0.650000,0.422500,-0.000000
84.9500,-0.000000,0.650000,0.650000,0.422500,-0.000000
84.9600,-0.000000,0.650000,0.650000,0.422500,0.000000
84.9700,-0.000000,0.650000,0.650000,0.422500,0.000000
84.9800,-0.000000,0.650000,0.650000,0.422500,0.000000
84.9900,0.000000,0.650000,0.650000,0.422500,0.000000
85.0000,0.000000,0.650000,0.650000,0.422500,0.000000
85.0100,0.000000,0.650000,0.650000,0.422500,0.000000
85.0200,0.000000,0.650000,0.650000,0.422500,0.000000
85.0300,0.000000,0.650000,0.650000,0.422500,0.000000
85.0400,0.000000,0.650000,0.650000,0.422500,0.000000
85.0500,0.000000,0.650000,0.650000,0.422500,0.000001
85.0600,0.000000,0.650000,0.650000,0.422500,0.000001
85.0700,0.000000,0.650000,0.650000,0.422500,0.000001
85.0800,0.000000,0.650000,0.650000,0.422500,0.000001
85.0900,0.000000,0.650000,0.650000,0.422500,0.000001
85.1000,0.000000,0.650000,0.650000,0.422500,0.000001
85.1100,0.000000,0.650000,0.650000,0.422500,0.000001
85.1200,0.000000,0.650000,0.650000,0.422500,0.000001
85.1300,0.000000,0.650000,0.650000,0.422500,0.000001
85.1400,0.000000,0.650000,0.650000,0.422500,0.000001
85.1500,0.000000,0.650000,0.650000,0.422500,0.000001
85.1600,0.000000,0.650000,0.650000,0.422500,0.000001
85.1700,0.000000,0.650000,0.650000,0.422500,0.000001
85.1800,0.000000,0.650000,0.650000,0.422500,0.000001
85.1900,0.000000,0.650000,0.650000,0.422500,0.000001
85.2000,0.000000,0.650000,0.650000,0.422500,0.000001
85.2100,0.000000,0.650000,0.650000,0.422500,0.000001
85.2200,0.000000,0.650000,0.650000,0.422500,0.000001
85.2300,0.000000,0.650000,0.650000,0.422500,0.000001
85.2400,0.000000,0.650000,0.650000,0.422500,0.000001
85.2500,0.000000,0.650000,0.650000,0.422500,0.000001
85.2600,0.000000,0.650000,0.650000,0.422500,0.000001
85.2700,0.000000,0.650000,0.650000,0.422500,0.000001
85.2800,0.000000,0.650000,0.650000,0.422500,0.000001
85.2900,0.000000,0.650000,0.650000,0.422500,0.000001
85.3000,0.000000,0.650000,0.650000,0.422500,0.000001
85.3100,0.000000,0.650000,0.650000,0.422500,0.000001
85.3200,0.000000,0.650000,0.650000,0.422500,0.000001
85.3300,0.000000,0.650000,0.650000,0.422500,0.000001
85.3400,0.000000,0.650000,0.650000,0.422500,0.000001
85.3500,0.000000,0.650000,0.650000,0.422500,0.000001
85.3600,0.000000,0.650000,0.650000,0.422500,0.000001
85.3700,0.000000,0.650000,0.650000,0.422500,0.000001
85.3800,0.000000,0.650000,0.650000,0.422500,0.000001
85.3900,0.000000,0.650000,0.650000,0.422500,0.000001
85.4000,0.000000,0.650000,0.650000,0.422500,0.000001
85.4100,0.000000,0.650000,0.650000,0.422500,0.000001
85.4200,0.000000,0.650000,0.650000,0.422500,0.000001
85.4300,0.000000,0.650000,0.650000,0.422500,0.000001
85.4400,0.000000,0.650000,0.650000,0.422500,0.000001
85.4500,0.000000,0.650000,0.650000,0.422500,0.000001
85.4600,0.000000,0.650000,0.650000,0.422500,0.000001
85.4700,0.000000,0.650000,0.650000,0.422500,0.000001
85.4800,0.000000,0.650000,0.650000,0.422500,0.000001
85.4900,0.000000,0.650000,0.650000,0.422500,0.000001
85.5000,0.000000,0.650000,0.650000,0.422500,0.000001
85.5100,0.000000,0.650000,0.650000,0.422500,0.000001
85.5200,0.000000,0.650000,0.650000,0.422500,0.000001
85.5300,0.000000,0.650000,0.650000,0.422500,0.000001
85.5400,0.000000,0.650000,0.650000,0.422500,0.000001
85.5500,0.000000,0.650000,0.650000,0.422500,0.000001
85.5600,0.000000,0.650000,0.650000,0.422500,0.000000
85.5700,0.000000,0.650000,0.650000,0.422500,0.000000
85.5800,0.000000,0.650000,0.650000,0.422500,0.000000
85.5900,0.000000,0.650000,0.650000,0.422500,0.000000
85.6000,0.000000,0.650000,0.650000,0.422500,0.000000
85.6100,0.000000,0.650000,0.650000,0.422500,0.000000
85.6200,0.000000,0.650000,0.650000,0.422500,0.000000
85.6300,0.000000,0.650000,0.650000,0.422500,0.000000
85.6400,0.000000,0.650000,0.650000,0.422500,0.000000
85.6500,0.000000,0.650000,0.650000,0.422500,0.000000
85.6600,0.000000,0.650000,0.650000,0.422500,-0.000000
85.6700,0.000000,0.650000,0.650000,0.422500,-0.000000
85.6800,0.000000,0.650000,0.650000,0.422500,-0.000000
85.6900,0.000000,0.650000,0.650000,0.422500,-0.000000
85.7000,0.000000,0.650000,0.650000,0.422500,-0.000000
85.7100,-0.000000,0.650000,0.650000,0.422500,-0.000000
85.7200,-0.000000,0.650000,0.650000,0.422500,-0.000000
85.7300,-0.000000,0.650000,0.650000,0.422500,-0.000000
85.7400,-0.000000,0.650000,0.650000,0.422500,-0.000000
85.7500,-0.000000,0.650000,0.650000,0.422500,-0.000000
85.7600,-0.000000,0.650000,0.650000,0.422500,-0.000000
85.7700,-0.000000,0.650000,0.650000,0.422500,-0.000000
85.7800,-0.000000,0.650000,0.650000,0.422500,-0.000001
85.7900,-0.000000,0.650000,0.650000,0.422500,-0.000001
85.8000,-0.000000,0.650000,0.650000,0.422500,-0.000001
85.8100,-0.000000,0.650000,0.650000,0.422500,-0.000001
85.8200,-0.000000,0.650000,0.650000,0.422500,-0.000001
85.8300,-0.000000,0.650000,0.650000,0.422500,-0.000001
85.8400,-0.000000,0.650000,0.650000,0.422500,-0.000001
85.8500,-0.000000,0.650000,0.650000,0.422500,-0.000001
85.8600,-0.000000,0.650000,0.650000,0.422500,-0.000001
85.8700,-0.000000,0.650000,0.650000,0.422500,-0.000001
85.8800,-0.000000,0.650000,0.650000,0.422500,-0.000001
85.8900,-0.000000,0.650000,0.650000,0.422500,-0.000001
85.9000,-0.000000,0.650000,0.650000,0.422500,-0.000001
85.9100,-0.000000,0.650000,0.650000,0.422500,-0.000001
85.9200,-0.000000,0.650000,0.650000,0.422500,-0.000001
85.9300,-0.000000,0.650000,0.650000,0.422500,-0.000001
85.9400,-0.000000,0.650000,0.650000,0.422500,-0.000001
85.9500,-0.000000,0.650000,0.650000,0.422500,-0.000001
85.9600,-0.000000,0.650000,0.650000,0.422500,-0.000001
85.9700,-0.000000,0.650000,0.650000,0.422500,-0.000001
85.9800,-0.000000,0.650000,0.650000,0.422500,-0.000001
85.9900,-0.000000,0.650000,0.650000,0.422500,-0.000001
86.0000,-0.000000,0.650000,0.650000,0.422500,-0.000001
86.0100,-0.000000,0.650000,0.650000,0.422500,-0.000001
86.0200,-0.000000,0.650000,0.650000,0.422500,-0.000001
86.0300,-0.000000,0.650000,0.650000,0.422500,-0.000001
86.0400,-0.000000,0.650000,0.650000,0.422500,-0.000001
86.0500,-0.000000,0.650000,0.650000,0.422500,-0.000001
86.0600,-0.000000,0.650000,0.650000,0.422500,-0.000001
86.0700,-0.000000,0.650000,0.650000,0.422500,-0.000001
86.0800,-0.000000,0.650000,0.650000,0.422500,-0.000001
86.0900,-0.000000,0.650000,0.650000,0.422500,-0.000001
86.1000,-0.000000,0.650000,0.650000,0.422500,-0.000001
86.1100,-0.000000,0.650000,0.650000,0.422500,-0.000001
86.1200,-0.000000,0.650000,0.650000,0.422500,-0.000001
86.1300,-0.000000,0.650000,0.650000,0.422500,-0.000001
86.1400,-0.000000,0.650000,0.650000,0.422500,-0.000001
86.1500,-0.000000,0.650000,0.650000,0.422500,-0.000001
86.1600,-0.000000,0.650000,0.650000,0.422500,-0.000001
86.1700,-0.000000,0.650000,0.650000,0.422500,-0.000001
86.1800,-0.000000,0.650000,0.650000,0.422500,-0.000001
86.1900,-0.000000,0.650000,0.650000,0.422500,-0.000001
86.2000,-0.000000,0.650000,0.650000,0.422500,-0.000001
86.2100,-0.000000,0.650000,0.650000,0.422500,-0.000001
86.2200,-0.000000,0.650000,0.650000,0.422500,-0.000001
86.2300,-0.000000,0.650000,0.650000,0.422500,-0.000001
86.2400,-0.000000,0.650000,0.650000,0.422500,-0.000000
86.2500,-0.000000,0.650000,0.650000,0.422500,-0.000000
86.2600,-0.000000,0.650000,0.650000,0.422500,-0.000000
86.2700,-0.000000,0.650000,0.650000,0.422500,-0.000000
86.2800,-0.000000,0.650000,0.650000,0.422500,-0.000000
86.2900,-0.000000,0.650000,0.650000,0.422500,-0.000000
86.3000,-0.000000,0.650000,0.650000,0.422500,-0.000000
86.3100,-0.000000,0.650000,0.650000,0.422500,-0.000000
86.3200,-0.000000,0.650000,0.650000,0.422500,-0.000000
86.3300,-0.000000,0.650000,0.650000,0.422500,-0.000000
86.3400,-0.000000,0.650000,0.650000,0.422500,-0.000000
86.3500,-0.000000,0.650000,0.650000,0.422500,-0.000000
86.3600,-0.000000,0.650000,0.650000,0.422500,-0.000000
86.3700,-0.000000,0.650000,0.650000,0.422500,0.000000
86.3800,-0.000000,0.650000,0.650000,0.422500,0.000000
86.3900,0.000000,0.650000,0.650000,0.422500,0.000000
86.4000,0.000000,0.650000,0.650000,0.422500,0.000000
86.4100,0.000000,0.650000,0.650000,0.422500,0.000000
86.4200,0.000000,0.650000,0.650000,0.422500,0.000000
86.4300,0.000000,0.650000,0.650000,0.422500,0.000000
86.4400,0.000000,0.650000,0.650000,0.422500,0.000000
86.4500,0.000000,0.650000,0.650000,0.422500,0.000000
86.4600,0.000000,0.650000,0.650000,0.422500,0.000000
86.4700,0.000000,0.650000,0.650000,0.422500,0.000000
86.4800,0.000000,0.650000,0.650000,0.422500,0.000000
86.4900,0.000000,0.650000,0.650000,0.422500,0.000000
86.5000,0.000000,0.650000,0.650000,0.422500,0.000000
86.5100,0.000000,0.650000,0.650000,0.422500,0.000001
86.5200,0.000000,0.650000,0.650000,0.422500,0.000001
86.5300,0.000000,0.650000,0.650000,0.422500,0.000001
86.5400,0.000000,0.650000,0.650000,0.422500,0.000001
86.5500,0.000000,0.650000,0.650000,0.422500,0.000001
86.5600,0.000000,0.650000,0.650000,0.422500,0.000001
86.5700,0.000000,0.650000,0.650000,0.422500,0.000001
86.5800,0.000000,0.650000,0.650000,0.422500,0.000001
86.5900,0.000000,0.650000,0.650000,0.422500,0.000001
86.6000,0.000000,0.650000,0.650000,0.422500,0.000001
86.6100,0.000000,0.650000,0.650000,0.422500,0.000001
86.6200,0.000000,0.650000,0.650000,0.422500,0.000001
86.6300,0.000000,0.650000,0.650000,0.422500,0.000001
86.6400,0.000000,0.650000,0.650000,0.422500,0.000001
86.6500,0.000000,0.650000,0.650000,0.422500,0.000001
86.6600,0.000000,0.650000,0.650000,0.422500,0.000001
86.6700,0.000000,0.650000,0.650000,0.422500,0.000001
86.6800,0.000000,0.650000,0.650000,0.422500,0.000001
86.6900,0.000000,0.650000,0.650000,0.422500,0.000001
86.7000,0.000000,0.650000,0.650000,0.422500,0.000001
86.7100,0.000000,0.650000,0.650000,0.422500,0.000001
86.7200,0.000000,0.650000,0.650000,0.422500,0.000001
86.7300,0.000000,0.650000,0.650000,0.422500,0.000001
86.7400,0.000000,0.650000,0.650000,0.422500,0.000001
86.7500,0.000000,0.650000,0.650000,0.422500,0.000001
86.7600,0.000000,0.650000,0.650000,0.422500,0.000001
86.7700,0.000000,0.650000,0.650000,0.422500,0.000001
86.7800,0.000000,0.650000,0.650000,0.422500,0.000001
86.7900,0.000000,0.650000,0.650000,0.422500,0.000001
86.8000,0.000000,0.650000,0.650000,0.422500,0.000001
86.8100,0.000000,0.650000,0.650000,0.422500,0.000001
86.8200,0.000000,0.650000,0.650000,0.422500,0.000001
86.8300,0.000000,0.650000,0.650000,0.422500,0.000001
86.8400,0.000000,0.650000,0.650000,0.422500,0.000001
86.8500,0.000000,0.650000,0.650000,0.422500,0.000001
86.8600,0.000000,0.650000,0.650000,0.422500,0.000001
86.8700,0.000000,0.650000,0.650000,0.422500,0.000001
86.8800,0.000000,0.650000,0.650000,0.422500,0.000001
86.8900,0.000000,0.650000,0.650000,0.422500,0.000001
86.9000,0.000000,0.650000,0.650000,0.422500,0.000001
86.9100,0.000000,0.650000,0.650000,0.422500,0.000000
86.9200,0.000000,0.650000,0.650000,0.422500,0.000000
86.9300,0.000000,0.650000,0.650000,0.422500,0.000000
86.9400,0.000000,0.650000,0.650000,0.422500,0.000000
86.9500,0.000000,0.650000,0.650000,0.422500,0.000000
86.9600,0.000000,0.650000,0.650000,0.422500,0.000000
86.9700,0.000000,0.650000,0.650000,0.422500,0.000000
86.9800,0.000000,0.650000,0.650000,0.422500,0.000000
86.9900,0.000000,0.650000,0.650000,0.422500,0.000000
87.0000,0.000000,0.650000,0.650000,0.422500,0.000000
87.0100,0.000000,0.650000,0.650000,0.422500,0.000000
87.0200,0.000000,0.650000,0.650000,0.422500,0.000000
87.0300,0.000000,0.650000,0.650000,0.422500,0.000000
87.0400,0.000000,0.650000,0.650000,0.422500,0.000000
87.0500,0.000000,0.650000,0.650000,0.422500,0.000000
87.0600,0.000000,0.650000,0.650000,0.422500,0.000000
87.0700,0.000000,0.650000,0.650000,0.422500,-0.000000
87.0800,0.000000,0.650000,0.650000,0.422500,-0.000000
87.0900,0.000000,0.650000,0.650000,0.422500,-0.000000
87.1000,0.000000,0.650000,0.650000,0.422500,-0.000000
87.1100,0.000000,0.650000,0.650000,0.422500,-0.000000
87.1200,-0.000000,0.650000,0.650000,0.422500,-0.000000
87.1300,-0.000000,0.650000,0.650000,0.422500,-0.000000
87.1400,-0.000000,0.650000,0.650000,0.422500,-0.000000
87.1500,-0.000000,0.650000,0.650000,0.422500,-0.000000
87.1600,-0.000000,0.650000,0.650000,0.422500,-0.000000
87.1700,-0.000000,0.650000,0.650000,0.422500,-0.000000
87.1800,-0.000000,0.650000,0.650000,0.422500,-0.000000
87.1900,-0.000000,0.650000,0.650000,0.422500,-0.000000
87.2000,-0.000000,0.650000,0.650000,0.422500,-0.000000
87.2100,-0.000000,0.650000,0.650000,0.422500,-0.000000
87.2200,-0.000000,0.650000,0.650000,0.422500,-0.000000
87.2300,-0.000000,0.650000,0.650000,0.422500,-0.000000
87.2400,-0.000000,0.650000,0.650000,0.422500,-0.000000
87.2500,-0.000000,0.650000,0.650000,0.422500,-0.000001
87.2600,-0.000000,0.650000,0.650000,0.422500,-0.000001
87.2700,-0.000000,0.650000,0.650000,0.422500,-0.000001
87.2800,-0.000000,0.650000,0.650000,0.422500,-0.000001
87.2900,-0.000000,0.650000,0.650000,0.422500,-0.000001
87.3000,-0.000000,0.650000,0.650000,0.422500,-0.000001
87.3100,-0.000000,0.650000,0.650000,0.422500,-0.000001
87.3200,-0.000000,0.650000,0.650000,0.422500,-0.000001
87.3300,-0.000000,0.650000,0.650000,0.422500,-0.000001
87.3400,-0.000000,0.650000,0.650000,0.422500,-0.000001
87.3500,-0.000000,0.650000,0.650000,0.422500,-0.000001
87.3600,-0.000000,0.650000,0.650000,0.422500,-0.000001
87.3700,-0.000000,0.650000,0.650000,0.422500,-0.000001
87.3800,-0.000000,0.650000,0.650000,0.422500,-0.000001
87.3900,-0.000000,0.650000,0.650000,0.422500,-0.000001
87.4000,-0.000000,0.650000,0.650000,0.422500,-0.000001
87.4100,-0.000000,0.650000,0.650000,0.422500,-0.000001
87.4200,-0.000000,0.650000,0.650000,0.422500,-0.000001
87.4300,-0.000000,0.650000,0.650000,0.422500,-0.000001
87.4400,-0.000000,0.650000,0.650000,0.422500,-0.000001
87.4500,-0.000000,0.650000,0.650000,0.422500,-0.000001
87.4600,-0.000000,0.650000,0.650000,0.422500,-0.000001
87.4700,-0.000000,0.650000,0.650000,0.422500,-0.000001
87.4800,-0.000000,0.650000,0.650000,0.422500,-0.000001
87.4900,-0.000000,0.650000,0.650000,0.422500,-0.000001
87.5000,-0.000000,0.650000,0.650000,0.422500,-0.000001
87.5100,-0.000000,0.650000,0.650000,0.422500,-0.000001
87.5200,-0.000000,0.650000,0.650000,0.422500,-0.000001
87.5300,-0.000000,0.650000,0.650000,0.422500,-0.000001
87.5400,-0.000000,0.650000,0.650000,0.422500,-0.000001
87.5500,-0.000000,0.650000,0.650000,0.422500,-0.000001
87.5600,-0.000000,0.650000,0.650000,0.422500,-0.000000
87.5700,-0.000000,0.650000,0.650000,0.422500,-0.000000
87.5800,-0.000000,0.650000,0.650000,0.422500,-0.000000
87.5900,-0.000000,0.650000,0.650000,0.422500,-0.000000
87.6000,-0.000000,0.650000,0.650000,0.422500,-0.000000
87.6100,-0.000000,0.650000,0.650000,0.422500,-0.000000
87.6200,-0.000000,0.650000,0.650000,0.422500,-0.000000
87.6300,-0.000000,0.650000,0.650000,0.422500,-0.000000
87.6400,-0.000000,0.650000,0.650000,0.422500,-0.000000
87.6500,-0.000000,0.650000,0.650000,0.422500,-0.000000
87.6600,-0.000000,0.650000,0.650000,0.422500,-0.000000
87.6700,-0.000000,0.650000,0.650000,0.422500,-0.000000
87.6800,-0.000000,0.650000,0.650000,0.422500,-0.000000
87.6900,-0.000000,0.650000,0.650000,0.422500,-0.000000
87.7000,-0.000000,0.650000,0.650000,0.422500,-0.000000
87.7100,-0.000000,0.650000,0.650000,0.422500,-0.000000
87.7200,-0.000000,0.650000,0.650000,0.422500,-0.000000
87.7300,-0.000000,0.650000,0.650000,0.422500,-0.000000
87.7400,-0.000000,0.650000,0.650000,0.422500,-0.000000
87.7500,-0.000000,0.650000,0.650000,0.422500,-0.000000
87.7600,-0.000000,0.650000,0.650000,0.422500,-0.000000
87.7700,-0.000000,0.650000,0.650000,0.422500,0.000000
87.7800,-0.000000,0.650000,0.650000,0.422500,0.000000
87.7900,0.000000,0.650000,0.650000,0.422500,0.000000
87.8000,0.000000,0.650000,0.650000,0.422500,0.000000
87.8100,0.000000,0.650000,0.650000,0.422500,0.000000
87.8200,0.000000,0.650000,0.650000,0.422500,0.000000
87.8300,0.000000,0.650000,0.650000,0.422500,0.000000
87.8400,0.000000,0.650000,0.650000,0.422500,0.000000
87.8500,0.000000,0.650000,0.650000,0.422500,0.000000
87.8600,0.000000,0.650000,0.650000,0.422500,0.000000
87.8700,0.000000,0.650000,0.650000,0.422500,0.000000
87.8800,0.000000,0.650000,0.650000,0.422500,0.000000
87.8900,0.000000,0.650000,0.650000,0.422500,0.000000
87.9000,0.000000,0.650000,0.650000,0.422500,0.000000
87.9100,0.000000,0.650000,0.650000,0.422500,0.000000
87.9200,0.000000,0.650000,0.650000,0.422500,0.000000
87.9300,0.000000,0.650000,0.650000,0.422500,0.000000
87.9400,0.000000,0.650000,0.650000,0.422500,0.000000
87.9500,0.000000,0.650000,0.650000,0.422500,0.000000
87.9600,0.000000,0.650000,0.650000,0.422500,0.000000
87.9700,0.000000,0.650000,0.650000,0.422500,0.000000
87.9800,0.000000,0.650000,0.650000,0.422500,0.000000
87.9900,0.000000,0.650000,0.650000,0.422500,0.000000
88.0000,0.000000,0.650000,0.650000,0.422500,0.000000
88.0100,0.000000,0.650000,0.650000,0.422500,0.000000
88.0200,0.000000,0.650000,0.650000,0.422500,0.000001
88.0300,0.000000,0.650000,0.650000,0.422500,0.000001
88.0400,0.000000,0.650000,0.650000,0.422500,0.000001
88.0500,0.000000,0.650000,0.650000,0.422500,0.000001
88.0600,0.000000,0.650000,0.650000,0.422500,0.000001
88.0700,0.000000,0.650000,0.650000,0.422500,0.000001
88.0800,0.000000,0.650000,0.650000,0.422500,0.000001
88.0900,0.000000,0.650000,0.650000,0.422500,0.000001
88.1000,0.000000,0.650000,0.650000,0.422500,0.000001
88.1100,0.000000,0.650000,0.650000,0.422500,0.000001
88.1200,0.000000,0.650000,0.650000,0.422500,0.000001
88.1300,0.000000,0.650000,0.650000,0.422500,0.000001
88.1400,0.000000,0.650000,0.650000,0.422500,0.000001
88.1500,0.000000,0.650000,0.650000,0.422500,0.000001
88.1600,0.000000,0.650000,0.650000,0.422500,0.000001
88.1700,0.000000,0.650000,0.650000,0.422500,0.000001
88.1800,0.000000,0.650000,0.650000,0.422500,0.000001
88.1900,0.000000,0.650000,0.650000,0.422500,0.000000
88.2000,0.000000,0.650000,0.650000,0.422500,0.000000
88.2100,0.000000,0.650000,0.650000,0.422500,0.000000
88.2200,0.000000,0.650000,0.650000,0.422500,0.000000
88.2300,0.000000,0.650000,0.650000,0.422500,0.000000
88.2400,0.000000,0.650000,0.650000,0.422500,0.000000
88.2500,0.000000,0.650000,0.650000,0.422500,0.000000
88.2600,0.000000,0.650000,0.650000,0.422500,0.000000
88.2700,0.000000,0.650000,0.650000,0.422500,0.000000
88.2800,0.000000,0.650000,0.650000,0.422500,0.000000
88.2900,0.000000,0.650000,0.650000,0.422500,0.000000
88.3000,0.000000,0.650000,0.650000,0.422500,0.000000
88.3100,0.000000,0.650000,0.650000,0.422500,0.000000
88.3200,0.000000,0.650000,0.650000,0.422500,0.000000
88.3300,0.000000,0.650000,0.650000,0.422500,0.000000
88.3400,0.000000,0.650000,0.650000,0.422500,0.000000
88.3500,0.000000,0.650000,0.650000,0.422500,0.000000
88.3600,0.000000,0.650000,0.650000,0.422500,0.000000
88.3700,0.000000,0.650000,0.650000,0.422500,0.000000
88.3800,0.000000,0.650000,0.650000,0.422500,0.000000
88.3900,0.000000,0.650000,0.650000,0.422500,0.000000
88.4000,0.000000,0.650000,0.650000,0.422500,0.000000
88.4100,0.000000,0.650000,0.650000,0.422500,0.000000
88.4200,0.000000,0.650000,0.650000,0.422500,0.000000
88.4300,0.000000,0.650000,0.650000,0.422500,0.000000
88.4400,0.000000,0.650000,0.650000,0.422500,0.000000
88.4500,0.000000,0.650000,0.650000,0.422500,0.000000
88.4600,0.000000,0.650000,0.650000,0.422500,0.000000
88.4700,0.000000,0.650000,0.650000,0.422500,-0.000000
88.4800,0.000000,0.650000,0.650000,0.422500,-0.000000
88.4900,0.000000,0.650000,0.650000,0.422500,-0.000000
88.5000,0.000000,0.650000,0.650000,0.422500,-0.000000
88.5100,0.000000,0.650000,0.650000,0.422500,-0.000000
88.5200,-0.000000,0.650000,0.650000,0.422500,-0.000000
88.5300,-0.000000,0.650000,0.650000,0.422500,-0.000000
88.5400,-0.000000,0.650000,0.650000,0.422500,-0.000000
88.5500,-0.000000,0.650000,0.650000,0.422500,-0.000000
88.5600,-0.000000,0.650000,0.650000,0.422500,-0.000000
88.5700,-0.000000,0.650000,0.650000,0.422500,-0.000000
88.5800,-0.000000,0.650000,0.650000,0.422500,-0.000000
88.5900,-0.000000,0.650000,0.650000,0.422500,-0.000000
88.6000,-0.000000,0.650000,0.650000,0.422500,-0.000000
88.6100,-0.000000,0.650000,0.650000,0.422500,-0.000000
88.6200,-0.000000,0.650000,0.650000,0.422500,-0.000000
88.6300,-0.000000,0.650000,0.650000,0.422500,-0.000000
88.6400,-0.000000,0.650000,0.650000,0.422500,-0.000000
88.6500,-0.000000,0.650000,0.650000,0.422500,-0.000000
88.6600,-0.000000,0.650000,0.650000,0.422500,-0.000000
88.6700,-0.000000,0.650000,0.650000,0.422500,-0.000000
88.6800,-0.000000,0.650000,0.650000,0.422500,-0.000000
88.6900,-0.000000,0.650000,0.650000,0.422500,-0.000000
88.7000,-0.000000,0.650000,0.650000,0.422500,-0.000000
88.7100,-0.000000,0.650000,0.650000,0.422500,-0.000000
88.7200,-0.000000,0.650000,0.650000,0.422500,-0.000000
88.7300,-0.000000,0.650000,0.650000,0.422500,-0.000000
88.7400,-0.000000,0.650000,0.650000,0.422500,-0.000000
88.7500,-0.000000,0.650000,0.650000,0.422500,-0.000000
88.7600,-0.000000,0.650000,0.650000,0.422500,-0.000000
88.7700,-0.000000,0.650000,0.650000,0.422500,-0.000000
88.7800,-0.000000,0.650000,0.650000,0.422500,-0.000000
88.7900,-0.000000,0.650000,0.650000,0.422500,-0.000000
88.8000,-0.000000,0.650000,0.650000,0.422500,-0.000000
88.8100,-0.000000,0.650000,0.650000,0.422500,-0.000000
88.8200,-0.000000,0.650000,0.650000,0.422500,-0.000000
88.8300,-0.000000,0.650000,0.650000,0.422500,-0.000000
88.8400,-0.000000,0.650000,0.650000,0.422500,-0.000000
88.8500,-0.000000,0.650000,0.650000,0.422500,-0.000000
88.8600,-0.000000,0.650000,0.650000,0.422500,-0.000000
88.8700,-0.000000,0.650000,0.650000,0.422500,-0.000000
88.8800,-0.000000,0.650000,0.650000,0.422500,-0.000000
88.8900,-0.000000,0.650000,0.650000,0.422500,-0.000000
88.9000,-0.000000,0.650000,0.650000,0.422500,-0.000000
88.9100,-0.000000,0.650000,0.650000,0.422500,-0.000000
88.9200,-0.000000,0.650000,0.650000,0.422500,-0.000000
88.9300,-0.000000,0.650000,0.650000,0.422500,-0.000000
88.9400,-0.000000,0.650000,0.650000,0.422500,-0.000000
88.9500,-0.000000,0.650000,0.650000,0.422500,-0.000000
88.9600,-0.000000,0.650000,0.650000,0.422500,-0.000000
88.9700,-0.000000,0.650000,0.650000,0.422500,-0.000000
88.9800,-0.000000,0.650000,0.650000,0.422500,-0.000000
88.9900,-0.000000,0.650000,0.650000,0.422500,-0.000000
89.0000,-0.000000,0.650000,0.650000,0.422500,-0.000000
89.0100,-0.000000,0.650000,0.650000,0.422500,-0.000000
89.0200,-0.000000,0.650000,0.650000,0.422500,-0.000000
89.0300,-0.000000,0.650000,0.650000,0.422500,-0.000000
89.0400,-0.000000,0.650000,0.650000,0.422500,-0.000000
89.0500,-0.000000,0.650000,0.650000,0.422500,-0.000000
89.0600,-0.000000,0.650000,0.650000,0.422500,-0.000000
89.0700,-0.000000,0.650000,0.650000,0.422500,-0.000000
89.0800,-0.000000,0.650000,0.650000,0.422500,-0.000000
89.0900,-0.000000,0.650000,0.650000,0.422500,-0.000000
89.1000,-0.000000,0.650000,0.650000,0.422500,-0.000000
89.1100,-0.000000,0.650000,0.650000,0.422500,-0.000000
89.1200,-0.000000,0.650000,0.650000,0.422500,-0.000000
89.1300,-0.000000,0.650000,0.650000,0.422500,-0.000000
89.1400,-0.000000,0.650000,0.650000,0.422500,-0.000000
89.1500,-0.000000,0.650000,0.650000,0.422500,-0.000000
89.1600,-0.000000,0.650000,0.650000,0.422500,-0.000000
89.1700,-0.000000,0.650000,0.650000,0.422500,0.000000
89.1800,-0.000000,0.650000,0.650000,0.422500,0.000000
89.1900,-0.000000,0.650000,0.650000,0.422500,0.000000
89.2000,0.000000,0.650000,0.650000,0.422500,0.000000
89.2100,0.000000,0.650000,0.650000,0.422500,0.000000
89.2200,0.000000,0.650000,0.650000,0.422500,0.000000
89.2300,0.000000,0.650000,0.650000,0.422500,0.000000
89.2400,0.000000,0.650000,0.650000,0.422500,0.000000
89.2500,0.000000,0.650000,0.650000,0.422500,0.000000
89.2600,0.000000,0.650000,0.650000,0.422500,0.000000
89.2700,0.000000,0.650000,0.650000,0.422500,0.000000
89.2800,0.000000,0.650000,0.650000,0.422500,0.000000
89.2900,0.000000,0.650000,0.650000,0.422500,0.000000
89.3000,0.000000,0.650000,0.650000,0.422500,0.000000
89.3100,0.000000,0.650000,0.650000,0.422500,0.000000
89.3200,0.000000,0.650000,0.650000,0.422500,0.000000
89.3300,0.000000,0.650000,0.650000,0.422500,0.000000
89.3400,0.000000,0.650000,0.650000,0.422500,0.000000
89.3500,0.000000,0.650000,0.650000,0.422500,0.000000
89.3600,0.000000,0.650000,0.650000,0.422500,0.000000
89.3700,0.000000,0.650000,0.650000,0.422500,0.000000
89.3800,0.000000,0.650000,0.650000,0.422500,0.000000
89.3900,0.000000,0.650000,0.650000,0.422500,0.000000
89.4000,0.000000,0.650000,0.650000,0.422500,0.000000
89.4100,0.000000,0.650000,0.650000,0.422500,0.000000
89.4200,0.000000,0.650000,0.650000,0.422500,0.000000
89.4300,0.000000,0.650000,0.650000,0.422500,0.000000
89.4400,0.000000,0.650000,0.650000,0.422500,0.000000
89.4500,0.000000,0.650000,0.650000,0.422500,0.000000
89.4600,0.000000,0.650000,0.650000,0.422500,0.000000
89.4700,0.000000,0.650000,0.650000,0.422500,0.000000
89.4800,0.000000,0.650000,0.650000,0.422500,0.000000
89.4900,0.000000,0.650000,0.650000,0.422500,0.000000
89.5000,0.000000,0.650000,0.650000,0.422500,0.000000
89.5100,0.000000,0.650000,0.650000,0.422500,0.000000
89.5200,0.000000,0.650000,0.650000,0.422500,0.000000
89.5300,0.000000,0.650000,0.650000,0.422500,0.000000
89.5400,0.000000,0.650000,0.650000,0.422500,0.000000
89.5500,0.000000,0.650000,0.650000,0.422500,0.000000
89.5600,0.000000,0.650000,0.650000,0.422500,0.000000
89.5700,0.000000,0.650000,0.650000,0.422500,0.000000
89.5800,0.000000,0.650000,0.650000,0.422500,0.000000
89.5900,0.000000,0.650000,0.650000,0.422500,0.000000
89.6000,0.000000,0.650000,0.650000,0.422500,0.000000
89.6100,0.000000,0.650000,0.650000,0.422500,0.000000
89.6200,0.000000,0.650000,0.650000,0.422500,0.000000
89.6300,0.000000,0.650000,0.650000,0.422500,0.000000
89.6400,0.000000,0.650000,0.650000,0.422500,0.000000
89.6500,0.000000,0.650000,0.650000,0.422500,0.000000
89.6600,0.000000,0.650000,0.650000,0.422500,0.000000
89.6700,0.000000,0.650000,0.650000,0.422500,0.000000
89.6800,0.000000,0.650000,0.650000,0.422500,0.000000
89.6900,0.000000,0.650000,0.650000,0.422500,0.000000
89.7000,0.000000,0.650000,0.650000,0.422500,0.000000
89.7100,0.000000,0.650000,0.650000,0.422500,0.000000
89.7200,0.000000,0.650000,0.650000,0.422500,0.000000
89.7300,0.000000,0.650000,0.650000,0.422500,0.000000
89.7400,0.000000,0.650000,0.650000,0.422500,0.000000
89.7500,0.000000,0.650000,0.650000,0.422500,0.000000
89.7600,0.000000,0.650000,0.650000,0.422500,0.000000
89.7700,0.000000,0.650000,0.650000,0.422500,0.000000
89.7800,0.000000,0.650000,0.650000,0.422500,0.000000
89.7900,0.000000,0.650000,0.650000,0.422500,0.000000
89.8000,0.000000,0.650000,0.650000,0.422500,0.000000
89.8100,0.000000,0.650000,0.650000,0.422500,0.000000
89.8200,0.000000,0.650000,0.650000,0.422500,0.000000
89.8300,0.000000,0.650000,0.650000,0.422500,0.000000
89.8400,0.000000,0.650000,0.650000,0.422500,0.000000
89.8500,0.000000,0.650000,0.650000,0.422500,0.000000
89.8600,0.000000,0.650000,0.650000,0.422500,0.000000
89.8700,0.000000,0.650000,0.650000,0.422500,-0.000000
89.8800,0.000000,0.650000,0.650000,0.422500,-0.000000
89.8900,0.000000,0.650000,0.650000,0.422500,-0.000000
89.9000,0.000000,0.650000,0.650000,0.422500,-0.000000
89.9100,0.000000,0.650000,0.650000,0.422500,-0.000000
89.9200,0.000000,0.650000,0.650000,0.422500,-0.000000
89.9300,-0.000000,0.650000,0.650000,0.422500,-0.000000
89.9400,-0.000000,0.650000,0.650000,0.422500,-0.000000
89.9500,-0.000000,0.650000,0.650000,0.422500,-0.000000
89.9600,-0.000000,0.650000,0.650000,0.422500,-0.000000
89.9700,-0.000000,0.650000,0.650000,0.422500,-0.000000
89.9800,-0.000000,0.650000,0.650000,0.422500,-0.000000
89.9900,-0.000000,0.650000,0.650000,0.422500,-0.000000
90.0000,-0.000000,0.650000,0.650000,0.422500,-0.000000
90.0100,-0.000000,0.650000,0.650000,0.422500,-0.000000
90.0200,-0.000000,0.650000,0.650000,0.422500,-0.000000
90.0300,-0.000000,0.650000,0.650000,0.422500,-0.000000
90.0400,-0.000000,0.650000,0.650000,0.422500,-0.000000
90.0500,-0.000000,0.650000,0.650000,0.422500,-0.000000
90.0600,-0.000000,0.650000,0.650000,0.422500,-0.000000
90.0700,-0.000000,0.650000,0.650000,0.422500,-0.000000
90.0800,-0.000000,0.650000,0.650000,0.422500,-0.000000
90.0900,-0.000000,0.650000,0.650000,0.422500,-0.000000
90.1000,-0.000000,0.650000,0.650000,0.422500,-0.000000
90.1100,-0.000000,0.650000,0.650000,0.422500,-0.000000
90.1200,-0.000000,0.650000,0.650000,0.422500,-0.000000
90.1300,-0.000000,0.650000,0.650000,0.422500,-0.000000
90.1400,-0.000000,0.650000,0.650000,0.422500,-0.000000
90.1500,-0.000000,0.650000,0.650000,0.422500,-0.000000
90.1600,-0.000000,0.650000,0.650000,0.422500,-0.000000
90.1700,-0.000000,0.650000,0.650000,0.422500,-0.000000
90.1800,-0.000000,0.650000,0.650000,0.422500,-0.000000
90.1900,-0.000000,0.650000,0.650000,0.422500,-0.000000
90.2000,-0.000000,0.650000,0.650000,0.422500,-0.000000
90.2100,-0.000000,0.650000,0.650000,0.422500,-0.000000
90.2200,-0.000000,0.650000,0.650000,0.422500,-0.000000
90.2300,-0.000000,0.650000,0.650000,0.422500,-0.000000
90.2400,-0.000000,0.650000,0.650000,0.422500,-0.000000
90.2500,-0.000000,0.650000,0.650000,0.422500,-0.000000
90.2600,-0.000000,0.650000,0.650000,0.422500,-0.000000
90.2700,-0.000000,0.650000,0.650000,0.422500,-0.000000
90.2800,-0.000000,0.650000,0.650000,0.422500,-0.000000
90.2900,-0.000000,0.650000,0.650000,0.422500,-0.000000
90.3000,-0.000000,0.650000,0.650000,0.422500,-0.000000
90.3100,-0.000000,0.650000,0.650000,0.422500,-0.000000
90.3200,-0.000000,0.650000,0.650000,0.422500,-0.000000
90.3300,-0.000000,0.650000,0.650000,0.422500,-0.000000
90.3400,-0.000000,0.650000,0.650000,0.422500,-0.000000
90.3500,-0.000000,0.650000,0.650000,0.422500,-0.000000
90.3600,-0.000000,0.650000,0.650000,0.422500,-0.000000
90.3700,-0.000000,0.650000,0.650000,0.422500,-0.000000
90.3800,-0.000000,0.650000,0.650000,0.422500,-0.000000
90.3900,-0.000000,0.650000,0.650000,0.422500,-0.000000
90.4000,-0.000000,0.650000,0.650000,0.422500,-0.000000
90.4100,-0.000000,0.650000,0.650000,0.422500,-0.000000
90.4200,-0.000000,0.650000,0.650000,0.422500,-0.000000
90.4300,-0.000000,0.650000,0.650000,0.422500,-0.000000
90.4400,-0.000000,0.650000,0.650000,0.422500,-0.000000
90.4500,-0.000000,0.650000,0.650000,0.422500,-0.000000
90.4600,-0.000000,0.650000,0.650000,0.422500,-0.000000
90.4700,-0.000000,0.650000,0.650000,0.422500,-0.000000
90.4800,-0.000000,0.650000,0.650000,0.422500,-0.000000
90.4900,-0.000000,0.650000,0.650000,0.422500,-0.000000
90.5000,-0.000000,0.650000,0.650000,0.422500,-0.000000
90.5100,-0.000000,0.650000,0.650000,0.422500,-0.000000
90.5200,-0.000000,0.650000,0.650000,0.422500,-0.000000
90.5300,-0.000000,0.650000,0.650000,0.422500,-0.000000
90.5400,-0.000000,0.650000,0.650000,0.422500,-0.000000
90.5500,-0.000000,0.650000,0.650000,0.422500,-0.000000
90.5600,-0.000000,0.650000,0.650000,0.422500,-0.000000
90.5700,-0.000000,0.650000,0.650000,0.422500,-0.000000
90.5800,-0.000000,0.650000,0.650000,0.422500,0.000000
90.5900,-0.000000,0.650000,0.650000,0.422500,0.000000
90.6000,0.000000,0.650000,0.650000,0.422500,0.000000
90.6100,0.000000,0.650000,0.650000,0.422500,0.000000
90.6200,0.000000,0.650000,0.650000,0.422500,0.000000
90.6300,0.000000,0.650000,0.650000,0.422500,0.000000
90.6400,0.000000,0.650000,0.650000,0.422500,0.000000
90.6500,0.000000,0.650000,0.650000,0.422500,0.000000
90.6600,0.000000,0.650000,0.650000,0.422500,0.000000
90.6700,0.000000,0.650000,0.650000,0.422500,0.000000
90.6800,0.000000,0.650000,0.650000,0.422500,0.000000
90.6900,0.000000,0.650000,0.650000,0.422500,0.000000
90.7000,0.000000,0.650000,0.650000,0.422500,0.000000
90.7100,0.000000,0.650000,0.650000,0.422500,0.000000
90.7200,0.000000,0.650000,0.650000,0.422500,0.000000
90.7300,0.000000,0.650000,0.650000,0.422500,0.000000
90.7400,0.000000,0.650000,0.650000,0.422500,0.000000
90.7500,0.000000,0.650000,0.650000,0.422500,0.000000
90.7600,0.000000,0.650000,0.650000,0.422500,0.000000
90.7700,0.000000,0.650000,0.650000,0.422500,0.000000
90.7800,0.000000,0.650000,0.650000,0.422500,0.000000
90.7900,0.000000,0.650000,0.650000,0.422500,0.000000
90.8000,0.000000,0.650000,0.650000,0.422500,0.000000
90.8100,0.000000,0.650000,0.650000,0.422500,0.000000
90.8200,0.000000,0.650000,0.650000,0.422500,0.000000
90.8300,0.000000,0.650000,0.650000,0.422500,0.000000
90.8400,0.000000,0.650000,0.650000,0.422500,0.000000
90.8500,0.000000,0.650000,0.650000,0.422500,0.000000
90.8600,0.000000,0.650000,0.650000,0.422500,0.000000
90.8700,0.000000,0.650000,0.650000,0.422500,0.000000
90.8800,0.000000,0.650000,0.650000,0.422500,0.000000
90.8900,0.000000,0.650000,0.650000,0.422500,0.000000
90.9000,0.000000,0.650000,0.650000,0.422500,0.000000
90.9100,0.000000,0.650000,0.650000,0.422500,0.000000
90.9200,0.000000,0.650000,0.650000,0.422500,0.000000
90.9300,0.000000,0.650000,0.650000,0.422500,0.000000
90.9400,0.000000,0.650000,0.650000,0.422500,0.000000
90.9500,0.000000,0.650000,0.650000,0.422500,0.000000
90.9600,0.000000,0.650000,0.650000,0.422500,0.000000
90.9700,0.000000,0.650000,0.650000,0.422500,0.000000
90.9800,0.000000,0.650000,0.650000,0.422500,0.000000
90.9900,0.000000,0.650000,0.650000,0.422500,0.000000
91.0000,0.000000,0.650000,0.650000,0.422500,0.000000
91.0100,0.000000,0.650000,0.650000,0.422500,0.000000
91.0200,0.000000,0.650000,0.650000,0.422500,0.000000
91.0300,0.000000,0.650000,0.650000,0.422500,0.000000
91.0400,0.000000,0.650000,0.650000,0.422500,0.000000
91.0500,0.000000,0.650000,0.650000,0.422500,0.000000
91.0600,0.000000,0.650000,0.650000,0.422500,0.000000
91.0700,0.000000,0.650000,0.650000,0.422500,0.000000
91.0800,0.000000,0.650000,0.650000,0.422500,0.000000
91.0900,0.000000,0.650000,0.650000,0.422500,0.000000
91.1000,0.000000,0.650000,0.650000,0.422500,0.000000
91.1100,0.000000,0.650000,0.650000,0.422500,0.000000
91.1200,0.000000,0.650000,0.650000,0.422500,0.000000
91.1300,0.000000,0.650000,0.650000,0.422500,0.000000
91.1400,0.000000,0.650000,0.650000,0.422500,0.000000
91.1500,0.000000,0.650000,0.650000,0.422500,0.000000
91.1600,0.000000,0.650000,0.650000,0.422500,0.000000
91.1700,0.000000,0.650000,0.650000,0.422500,0.000000
91.1800,0.000000,0.650000,0.650000,0.422500,0.000000
91.1900,0.000000,0.650000,0.650000,0.422500,0.000000
91.2000,0.000000,0.650000,0.650000,0.422500,0.000000
91.2100,0.000000,0.650000,0.650000,0.422500,0.000000
91.2200,0.000000,0.650000,0.650000,0.422500,0.000000
91.2300,0.000000,0.650000,0.650000,0.422500,0.000000
91.2400,0.000000,0.650000,0.650000,0.422500,0.000000
91.2500,0.000000,0.650000,0.650000,0.422500,0.000000
91.2600,0.000000,0.650000,0.650000,0.422500,0.000000
91.2700,0.000000,0.650000,0.650000,0.422500,0.000000
91.2800,0.000000,0.650000,0.650000,0.422500,-0.000000
91.2900,0.000000,0.650000,0.650000,0.422500,-0.000000
91.3000,0.000000,0.650000,0.650000,0.422500,-0.000000
91.3100,0.000000,0.650000,0.650000,0.422500,-0.000000
91.3200,0.000000,0.650000,0.650000,0.422500,-0.000000
91.3300,-0.000000,0.650000,0.650000,0.422500,-0.000000
91.3400,-0.000000,0.650000,0.650000,0.422500,-0.000000
91.3500,-0.000000,0.650000,0.650000,0.422500,-0.000000
91.3600,-0.000000,0.650000,0.650000,0.422500,-0.000000
91.3700,-0.000000,0.650000,0.650000,0.422500,-0.000000
91.3800,-0.000000,0.650000,0.650000,0.422500,-0.000000
91.3900,-0.000000,0.650000,0.650000,0.422500,-0.000000
91.4000,-0.000000,0.650000,0.650000,0.422500,-0.000000
91.4100,-0.000000,0.650000,0.650000,0.422500,-0.000000
91.4200,-0.000000,0.650000,0.650000,0.422500,-0.000000
91.4300,-0.000000,0.650000,0.650000,0.422500,-0.000000
91.4400,-0.000000,0.650000,0.650000,0.422500,-0.000000
91.4500,-0.000000,0.650000,0.650000,0.422500,-0.000000
91.4600,-0.000000,0.650000,0.650000,0.422500,-0.000000
91.4700,-0.000000,0.650000,0.650000,0.422500,-0.000000
91.4800,-0.000000,0.650000,0.650000,0.422500,-0.000000
91.4900,-0.000000,0.650000,0.650000,0.422500,-0.000000
91.5000,-0.000000,0.650000,0.650000,0.422500,-0.000000
91.5100,-0.000000,0.650000,0.650000,0.422500,-0.000000
91.5200,-0.000000,0.650000,0.650000,0.422500,-0.000000
91.5300,-0.000000,0.650000,0.650000,0.422500,-0.000000
91.5400,-0.000000,0.650000,0.650000,0.422500,-0.000000
91.5500,-0.000000,0.650000,0.650000,0.422500,-0.000000
91.5600,-0.000000,0.650000,0.650000,0.422500,-0.000000
91.5700,-0.000000,0.650000,0.650000,0.422500,-0.000000
91.5800,-0.000000,0.650000,0.650000,0.422500,-0.000000
91.5900,-0.000000,0.650000,0.650000,0.422500,-0.000000
91.6000,-0.000000,0.650000,0.650000,0.422500,-0.000000
91.6100,-0.000000,0.650000,0.650000,0.422500,-0.000000
91.6200,-0.000000,0.650000,0.650000,0.422500,-0.000000
91.6300,-0.000000,0.650000,0.650000,0.422500,-0.000000
91.6400,-0.000000,0.650000,0.650000,0.422500,-0.000000
91.6500,-0.000000,0.650000,0.650000,0.422500,-0.000000
91.6600,-0.000000,0.650000,0.650000,0.422500,-0.000000
91.6700,-0.000000,0.650000,0.650000,0.422500,-0.000000
91.6800,-0.000000,0.650000,0.650000,0.422500,-0.000000
91.6900,-0.000000,0.650000,0.650000,0.422500,-0.000000
91.7000,-0.000000,0.650000,0.650000,0.422500,-0.000000
91.7100,-0.000000,0.650000,0.650000,0.422500,-0.000000
91.7200,-0.000000,0.650000,0.650000,0.422500,-0.000000
91.7300,-0.000000,0.650000,0.650000,0.422500,-0.000000
91.7400,-0.000000,0.650000,0.650000,0.422500,-0.000000
91.7500,-0.000000,0.650000,0.650000,0.422500,-0.000000
91.7600,-0.000000,0.650000,0.650000,0.422500,-0.000000
91.7700,-0.000000,0.650000,0.650000,0.422500,-0.000000
91.7800,-0.000000,0.650000,0.650000,0.422500,-0.000000
91.7900,-0.000000,0.650000,0.650000,0.422500,-0.000000
91.8000,-0.000000,0.650000,0.650000,0.422500,-0.000000
91.8100,-0.000000,0.650000,0.650000,0.422500,-0.000000
91.8200,-0.000000,0.650000,0.650000,0.422500,-0.000000
91.8300,-0.000000,0.650000,0.650000,0.422500,-0.000000
91.8400,-0.000000,0.650000,0.650000,0.422500,-0.000000
91.8500,-0.000000,0.650000,0.650000,0.422500,-0.000000
91.8600,-0.000000,0.650000,0.650000,0.422500,-0.000000
91.8700,-0.000000,0.650000,0.650000,0.422500,-0.000000
91.8800,-0.000000,0.650000,0.650000,0.422500,-0.000000
91.8900,-0.000000,0.650000,0.650000,0.422500,-0.000000
91.9000,-0.000000,0.650000,0.650000,0.422500,-0.000000
91.9100,-0.000000,0.650000,0.650000,0.422500,-0.000000
91.9200,-0.000000,0.650000,0.650000,0.422500,-0.000000
91.9300,-0.000000,0.650000,0.650000,0.422500,-0.000000
91.9400,-0.000000,0.650000,0.650000,0.422500,-0.000000
91.9500,-0.000000,0.650000,0.650000,0.422500,-0.000000
91.9600,-0.000000,0.650000,0.650000,0.422500,-0.000000
91.9700,-0.000000,0.650000,0.650000,0.422500,-0.000000
91.9800,-0.000000,0.650000,0.650000,0.422500,0.000000
91.9900,-0.000000,0.650000,0.650000,0.422500,0.000000
92.0000,0.000000,0.650000,0.650000,0.422500,0.000000
92.0100,0.000000,0.650000,0.650000,0.422500,0.000000
92.0200,0.000000,0.650000,0.650000,0.422500,0.000000
92.0300,0.000000,0.650000,0.650000,0.422500,0.000000
92.0400,0.000000,0.650000,0.650000,0.422500,0.000000
92.0500,0.000000,0.650000,0.650000,0.422500,0.000000
92.0600,0.000000,0.650000,0.650000,0.422500,0.000000
92.0700,0.000000,0.650000,0.650000,0.422500,0.000000
92.0800,0.000000,0.650000,0.650000,0.422500,0.000000
92.0900,0.000000,0.650000,0.650000,0.422500,0.000000
92.1000,0.000000,0.650000,0.650000,0.422500,0.000000
92.1100,0.000000,0.650000,0.650000,0.422500,0.000000
92.1200,0.000000,0.650000,0.650000,0.422500,0.000000
92.1300,0.000000,0.650000,0.650000,0.422500,0.000000
92.1400,0.000000,0.650000,0.650000,0.422500,0.000000
92.1500,0.000000,0.650000,0.650000,0.422500,0.000000
92.1600,0.000000,0.650000,0.650000,0.422500,0.000000
92.1700,0.000000,0.650000,0.650000,0.422500,0.000000
92.1800,0.000000,0.650000,0.650000,0.422500,0.000000
92.1900,0.000000,0.650000,0.650000,0.422500,0.000000
92.2000,0.000000,0.650000,0.650000,0.422500,0.000000
92.2100,0.000000,0.650000,0.650000,0.422500,0.000000
92.2200,0.000000,0.650000,0.650000,0.422500,0.000000
92.2300,0.000000,0.650000,0.650000,0.422500,0.000000
92.2400,0.000000,0.650000,0.650000,0.422500,0.000000
92.2500,0.000000,0.650000,0.650000,0.422500,0.000000
92.2600,0.000000,0.650000,0.650000,0.422500,0.000000
92.2700,0.000000,0.650000,0.650000,0.422500,0.000000
92.2800,0.000000,0.650000,0.650000,0.422500,0.000000
92.2900,0.000000,0.650000,0.650000,0.422500,0.000000
92.3000,0.000000,0.650000,0.650000,0.422500,0.000000
92.3100,0.000000,0.650000,0.650000,0.422500,0.000000
92.3200,0.000000,0.650000,0.650000,0.422500,0.000000
92.3300,0.000000,0.650000,0.650000,0.422500,0.000000
92.3400,0.000000,0.650000,0.650000,0.422500,0.000000
92.3500,0.000000,0.650000,0.650000,0.422500,0.000000
92.3600,0.000000,0.650000,0.650000,0.422500,0.000000
92.3700,0.000000,0.650000,0.650000,0.422500,0.000000
92.3800,0.000000,0.650000,0.650000,0.422500,0.000000
92.3900,0.000000,0.650000,0.650000,0.422500,0.000000
92.4000,0.000000,0.650000,0.650000,0.422500,0.000000
92.4100,0.000000,0.650000,0.650000,0.422500,0.000000
92.4200,0.000000,0.650000,0.650000,0.422500,0.000000
92.4300,0.000000,0.650000,0.650000,0.422500,0.000000
92.4400,0.000000,0.650000,0.650000,0.422500,0.000000
92.4500,0.000000,0.650000,0.650000,0.422500,0.000000
92.4600,0.000000,0.650000,0.650000,0.422500,0.000000
92.4700,0.000000,0.650000,0.650000,0.422500,0.000000
92.4800,0.000000,0.650000,0.650000,0.422500,0.000000
92.4900,0.000000,0.650000,0.650000,0.422500,0.000000
92.5000,0.000000,0.650000,0.650000,0.422500,0.000000
92.5100,0.000000,0.650000,0.650000,0.422500,0.000000
92.5200,0.000000,0.650000,0.650000,0.422500,0.000000
92.5300,0.000000,0.650000,0.650000,0.422500,0.000000
92.5400,0.000000,0.650000,0.650000,0.422500,0.000000
92.5500,0.000000,0.650000,0.650000,0.422500,0.000000
92.5600,0.000000,0.650000,0.650000,0.422500,0.000000
92.5700,0.000000,0.650000,0.650000,0.422500,0.000000
92.5800,0.000000,0.650000,0.650000,0.422500,0.000000
92.5900,0.000000,0.650000,0.650000,0.422500,0.000000
92.6000,0.000000,0.650000,0.650000,0.422500,0.000000
92.6100,0.000000,0.650000,0.650000,0.422500,0.000000
92.6200,0.000000,0.650000,0.650000,0.422500,0.000000
92.6300,0.000000,0.650000,0.650000,0.422500,0.000000
92.6400,0.000000,0.650000,0.650000,0.422500,0.000000
92.6500,0.000000,0.650000,0.650000,0.422500,0.000000
92.6600,0.000000,0.650000,0.650000,0.422500,0.000000
92.6700,0.000000,0.650000,0.650000,0.422500,0.000000
92.6800,0.000000,0.650000,0.650000,0.422500,-0.000000
92.6900,0.000000,0.650000,0.650000,0.422500,-0.000000
92.7000,0.000000,0.650000,0.650000,0.422500,-0.000000
92.7100,0.000000,0.650000,0.650000,0.422500,-0.000000
92.7200,0.000000,0.650000,0.650000,0.422500,-0.000000
92.7300,-0.000000,0.650000,0.650000,0.422500,-0.000000
92.7400,-0.000000,0.650000,0.650000,0.422500,-0.000000
92.7500,-0.000000,0.650000,0.650000,0.422500,-0.000000
92.7600,-0.000000,0.650000,0.650000,0.422500,-0.000000
92.7700,-0.000000,0.650000,0.650000,0.422500,-0.000000
92.7800,-0.000000,0.650000,0.650000,0.422500,-0.000000
92.7900,-0.000000,0.650000,0.650000,0.422500,-0.000000
92.8000,-0.000000,0.650000,0.650000,0.422500,-0.000000
92.8100,-0.000000,0.650000,0.650000,0.422500,-0.000000
92.8200,-0.000000,0.650000,0.650000,0.422500,-0.000000
92.8300,-0.000000,0.650000,0.650000,0.422500,-0.000000
92.8400,-0.000000,0.650000,0.650000,0.422500,-0.000000
92.8500,-0.000000,0.650000,0.650000,0.422500,-0.000000
92.8600,-0.000000,0.650000,0.650000,0.422500,-0.000000
92.8700,-0.000000,0.650000,0.650000,0.422500,-0.000000
92.8800,-0.000000,0.650000,0.650000,0.422500,-0.000000
92.8900,-0.000000,0.650000,0.650000,0.422500,-0.000000
92.9000,-0.000000,0.650000,0.650000,0.422500,-0.000000
92.9100,-0.000000,0.650000,0.650000,0.422500,-0.000000
92.9200,-0.000000,0.650000,0.650000,0.422500,-0.000000
92.9300,-0.000000,0.650000,0.650000,0.422500,-0.000000
92.9400,-0.000000,0.650000,0.650000,0.422500,-0.000000
92.9500,-0.000000,0.650000,0.650000,0.422500,-0.000000
92.9600,-0.000000,0.650000,0.650000,0.422500,-0.000000
92.9700,-0.000000,0.650000,0.650000,0.422500,-0.000000
92.9800,-0.000000,0.650000,0.650000,0.422500,-0.000000
92.9900,-0.000000,0.650000,0.650000,0.422500,-0.000000
93.0000,-0.000000,0.650000,0.650000,0.422500,-0.000000
93.0100,-0.000000,0.650000,0.650000,0.422500,-0.000000
93.0200,-0.000000,0.650000,0.650000,0.422500,-0.000000
93.0300,-0.000000,0.650000,0.650000,0.422500,-0.000000
93.0400,-0.000000,0.650000,0.650000,0.422500,-0.000000
93.0500,-0.000000,0.650000,0.650000,0.422500,-0.000000
93.0600,-0.000000,0.650000,0.650000,0.422500,-0.000000
93.0700,-0.000000,0.650000,0.650000,0.422500,-0.000000
93.0800,-0.000000,0.650000,0.650000,0.422500,-0.000000
93.0900,-0.000000,0.650000,0.650000,0.422500,-0.000000
93.1000,-0.000000,0.650000,0.650000,0.422500,-0.000000
93.1100,-0.000000,0.650000,0.650000,0.422500,-0.000000
93.1200,-0.000000,0.650000,0.650000,0.422500,-0.000000
93.1300,-0.000000,0.650000,0.650000,0.422500,-0.000000
93.1400,-0.000000,0.650000,0.650000,0.422500,-0.000000
93.1500,-0.000000,0.650000,0.650000,0.422500,-0.000000
93.1600,-0.000000,0.650000,0.650000,0.422500,-0.000000
93.1700,-0.000000,0.650000,0.650000,0.422500,-0.000000
93.1800,-0.000000,0.650000,0.650000,0.422500,-0.000000
93.1900,-0.000000,0.650000,0.650000,0.422500,-0.000000
93.2000,-0.000000,0.650000,0.650000,0.422500,-0.000000
93.2100,-0.000000,0.650000,0.650000,0.422500,-0.000000
93.2200,-0.000000,0.650000,0.650000,0.422500,-0.000000
93.2300,-0.000000,0.650000,0.650000,0.422500,-0.000000
93.2400,-0.000000,0.650000,0.650000,0.422500,-0.000000
93.2500,-0.000000,0.650000,0.650000,0.422500,-0.000000
93.2600,-0.000000,0.650000,0.650000,0.422500,-0.000000
93.2700,-0.000000,0.650000,0.650000,0.422500,-0.000000
93.2800,-0.000000,0.650000,0.650000,0.422500,-0.000000
93.2900,-0.000000,0.650000,0.650000,0.422500,-0.000000
93.3000,-0.000000,0.650000,0.650000,0.422500,-0.000000
93.3100,-0.000000,0.650000,0.650000,0.422500,-0.000000
93.3200,-0.000000,0.650000,0.650000,0.422500,-0.000000
93.3300,-0.000000,0.650000,0.650000,0.422500,-0.000000
93.3400,-0.000000,0.650000,0.650000,0.422500,-0.000000
93.3500,-0.000000,0.650000,0.650000,0.422500,-0.000000
93.3600,-0.000000,0.650000,0.650000,0.422500,-0.000000
93.3700,-0.000000,0.650000,0.650000,0.422500,-0.000000
93.3800,-0.000000,0.650000,0.650000,0.422500,0.000000
93.3900,-0.000000,0.650000,0.650000,0.422500,0.000000
93.4000,-0.000000,0.650000,0.650000,0.422500,0.000000
93.4100,0.000000,0.650000,0.650000,0.422500,0.000000
93.4200,0.000000,0.650000,0.650000,0.422500,0.000000
93.4300,0.000000,0.650000,0.650000,0.422500,0.000000
93.4400,0.000000,0.650000,0.650000,0.422500,0.000000
93.4500,0.000000,0.650000,0.650000,0.422500,0.000000
93.4600,0.000000,0.650000,0.650000,0.422500,0.000000
93.4700,0.000000,0.650000,0.650000,0.422500,0.000000
93.4800,0.000000,0.650000,0.650000,0.422500,0.000000
93.4900,0.000000,0.650000,0.650000,0.422500,0.000000
93.5000,0.000000,0.650000,0.650000,0.422500,0.000000
93.5100,0.000000,0.650000,0.650000,0.422500,0.000000
93.5200,0.000000,0.650000,0.650000,0.422500,0.000000
93.5300,0.000000,0.650000,0.650000,0.422500,0.000000
93.5400,0.000000,0.650000,0.650000,0.422500,0.000000
93.5500,0.000000,0.650000,0.650000,0.422500,0.000000
93.5600,0.000000,0.650000,0.650000,0.422500,0.000000
93.5700,0.000000,0.650000,0.650000,0.422500,0.000000
93.5800,0.000000,0.650000,0.650000,0.422500,0.000000
93.5900,0.000000,0.650000,0.650000,0.422500,0.000000
93.6000,0.000000,0.650000,0.650000,0.422500,0.000000
93.6100,0.000000,0.650000,0.650000,0.422500,0.000000
93.6200,0.000000,0.650000,0.650000,0.422500,0.000000
93.6300,0.000000,0.650000,0.650000,0.422500,0.000000
93.6400,0.000000,0.650000,0.650000,0.422500,0.000000
93.6500,0.000000,0.650000,0.650000,0.422500,0.000000
93.6600,0.000000,0.650000,0.650000,0.422500,0.000000
93.6700,0.000000,0.650000,0.650000,0.422500,0.000000
93.6800,0.000000,0.650000,0.650000,0.422500,0.000000
93.6900,0.000000,0.650000,0.650000,0.422500,0.000000
93.7000,0.000000,0.650000,0.650000,0.422500,0.000000
93.7100,0.000000,0.650000,0.650000,0.422500,0.000000
93.7200,0.000000,0.650000,0.650000,0.422500,0.000000
93.7300,0.000000,0.650000,0.650000,0.422500,0.000000
93.7400,0.000000,0.650000,0.650000,0.422500,0.000000
93.7500,0.000000,0.650000,0.650000,0.422500,0.000000
93.7600,0.000000,0.650000,0.650000,0.422500,0.000000
93.7700,0.000000,0.650000,0.650000,0.422500,0.000000
93.7800,0.000000,0.650000,0.650000,0.422500,0.000000
93.7900,0.000000,0.650000,0.650000,0.422500,0.000000
93.8000,0.000000,0.650000,0.650000,0.422500,0.000000
93.8100,0.000000,0.650000,0.650000,0.422500,0.000000
93.8200,0.000000,0.650000,0.650000,0.422500,0.000000
93.8300,0.000000,0.650000,0.650000,0.422500,0.000000
93.8400,0.000000,0.650000,0.650000,0.422500,0.000000
93.8500,0.000000,0.650000,0.650000,0.422500,0.000000
93.8600,0.000000,0.650000,0.650000,0.422500,0.000000
93.8700,0.000000,0.650000,0.650000,0.422500,0.000000
93.8800,0.000000,0.650000,0.650000,0.422500,0.000000
93.8900,0.000000,0.650000,0.650000,0.422500,0.000000
93.9000,0.000000,0.650000,0.650000,0.422500,0.000000
93.9100,0.000000,0.650000,0.650000,0.422500,0.000000
93.9200,0.000000,0.650000,0.650000,0.422500,0.000000
93.9300,0.000000,0.650000,0.650000,0.422500,0.000000
93.9400,0.000000,0.650000,0.650000,0.422500,0.000000
93.9500,0.000000,0.650000,0.650000,0.422500,0.000000
93.9600,0.000000,0.650000,0.650000,0.422500,0.000000
93.9700,0.000000,0.650000,0.650000,0.422500,0.000000
93.9800,0.000000,0.650000,0.650000,0.422500,0.000000
93.9900,0.000000,0.650000,0.650000,0.422500,0.000000
94.0000,0.000000,0.650000,0.650000,0.422500,0.000000
94.0100,0.000000,0.650000,0.650000,0.422500,0.000000
94.0200,0.000000,0.650000,0.650000,0.422500,0.000000
94.0300,0.000000,0.650000,0.650000,0.422500,0.000000
94.0400,0.000000,0.650000,0.650000,0.422500,0.000000
94.0500,0.000000,0.650000,0.650000,0.422500,0.000000
94.0600,0.000000,0.650000,0.650000,0.422500,0.000000
94.0700,0.000000,0.650000,0.650000,0.422500,0.000000
94.0800,0.000000,0.650000,0.650000,0.422500,-0.000000
94.0900,0.000000,0.650000,0.650000,0.422500,-0.000000
94.1000,0.000000,0.650000,0.650000,0.422500,-0.000000
94.1100,0.000000,0.650000,0.650000,0.422500,-0.000000
94.1200,0.000000,0.650000,0.650000,0.422500,-0.000000
94.1300,0.000000,0.650000,0.650000,0.422500,-0.000000
94.1400,-0.000000,0.650000,0.650000,0.422500,-0.000000
94.1500,-0.000000,0.650000,0.650000,0.422500,-0.000000
94.1600,-0.000000,0.650000,0.650000,0.422500,-0.000000
94.1700,-0.000000,0.650000,0.650000,0.422500,-0.000000
94.1800,-0.000000,0.650000,0.650000,0.422500,-0.000000
94.1900,-0.000000,0.650000,0.650000,0.422500,-0.000000
94.2000,-0.000000,0.650000,0.650000,0.422500,-0.000000
94.2100,-0.000000,0.650000,0.650000,0.422500,-0.000000
94.2200,-0.000000,0.650000,0.650000,0.422500,-0.000000
94.2300,-0.000000,0.650000,0.650000,0.422500,-0.000000
94.2400,-0.000000,0.650000,0.650000,0.422500,-0.000000
94.2500,-0.000000,0.650000,0.650000,0.422500,-0.000000
94.2600,-0.000000,0.650000,0.650000,0.422500,-0.000000
94.2700,-0.000000,0.650000,0.650000,0.422500,-0.000000
94.2800,-0.000000,0.650000,0.650000,0.422500,-0.000000
94.2900,-0.000000,0.650000,0.650000,0.422500,-0.000000
94.3000,-0.000000,0.650000,0.650000,0.422500,-0.000000
94.3100,-0.000000,0.650000,0.650000,0.422500,-0.000000
94.3200,-0.000000,0.650000,0.650000,0.422500,-0.000000
94.3300,-0.000000,0.650000,0.650000,0.422500,-0.000000
94.3400,-0.000000,0.650000,0.650000,0.422500,-0.000000
94.3500,-0.000000,0.650000,0.650000,0.422500,-0.000000
94.3600,-0.000000,0.650000,0.650000,0.422500,-0.000000
94.3700,-0.000000,0.650000,0.650000,0.422500,-0.000000
94.3800,-0.000000,0.650000,0.650000,0.422500,-0.000000
94.3900,-0.000000,0.650000,0.650000,0.422500,-0.000000
94.4000,-0.000000,0.650000,0.650000,0.422500,-0.000000
94.4100,-0.000000,0.650000,0.650000,0.422500,-0.000000
94.4200,-0.000000,0.650000,0.650000,0.422500,-0.000000
94.4300,-0.000000,0.650000,0.650000,0.422500,-0.000000
94.4400,-0.000000,0.650000,0.650000,0.422500,-0.000000
94.4500,-0.000000,0.650000,0.650000,0.422500,-0.000000
94.4600,-0.000000,0.650000,0.650000,0.422500,-0.000000
94.4700,-0.000000,0.650000,0.650000,0.422500,-0.000000
94.4800,-0.000000,0.650000,0.650000,0.422500,-0.000000
94.4900,-0.000000,0.650000,0.650000,0.422500,-0.000000
94.5000,-0.000000,0.650000,0.650000,0.422500,-0.000000
94.5100,-0.000000,0.650000,0.650000,0.422500,-0.000000
94.5200,-0.000000,0.650000,0.650000,0.422500,-0.000000
94.5300,-0.000000,0.650000,0.650000,0.422500,-0.000000
94.5400,-0.000000,0.650000,0.650000,0.422500,-0.000000
94.5500,-0.000000,0.650000,0.650000,0.422500,-0.000000
94.5600,-0.000000,0.650000,0.650000,0.422500,-0.000000
94.5700,-0.000000,0.650000,0.650000,0.422500,-0.000000
94.5800,-0.000000,0.650000,0.650000,0.422500,-0.000000
94.5900,-0.000000,0.650000,0.650000,0.422500,-0.000000
94.6000,-0.000000,0.650000,0.650000,0.422500,-0.000000
94.6100,-0.000000,0.650000,0.650000,0.422500,-0.000000
94.6200,-0.000000,0.650000,0.650000,0.422500,-0.000000
94.6300,-0.000000,0.650000,0.650000,0.422500,-0.000000
94.6400,-0.000000,0.650000,0.650000,0.422500,-0.000000
94.6500,-0.000000,0.650000,0.650000,0.422500,-0.000000
94.6600,-0.000000,0.650000,0.650000,0.422500,-0.000000
94.6700,-0.000000,0.650000,0.650000,0.422500,-0.000000
94.6800,-0.000000,0.650000,0.650000,0.422500,-0.000000
94.6900,-0.000000,0.650000,0.650000,0.422500,-0.000000
94.7000,-0.000000,0.650000,0.650000,0.422500,-0.000000
94.7100,-0.000000,0.650000,0.650000,0.422500,-0.000000
94.7200,-0.000000,0.650000,0.650000,0.422500,-0.000000
94.7300,-0.000000,0.650000,0.650000,0.422500,-0.000000
94.7400,-0.000000,0.650000,0.650000,0.422500,-0.000000
94.7500,-0.000000,0.650000,0.650000,0.422500,-0.000000
94.7600,-0.000000,0.650000,0.650000,0.422500,-0.000000
94.7700,-0.000000,0.650000,0.650000,0.422500,-0.000000
94.7800,-0.000000,0.650000,0.650000,0.422500,-0.000000
94.7900,-0.000000,0.650000,0.650000,0.422500,0.000000
94.8000,-0.000000,0.650000,0.650000,0.422500,0.000000
94.8100,0.000000,0.650000,0.650000,0.422500,0.000000
94.8200,0.000000,0.650000,0.650000,0.422500,0.000000
94.8300,0.000000,0.650000,0.650000,0.422500,0.000000
94.8400,0.000000,0.650000,0.650000,0.422500,0.000000
94.8500,0.000000,0.650000,0.650000,0.422500,0.000000
94.8600,0.000000,0.650000,0.650000,0.422500,0.000000
94.8700,0.000000,0.650000,0.650000,0.422500,0.000000
94.8800,0.000000,0.650000,0.650000,0.422500,0.000000
94.8900,0.000000,0.650000,0.650000,0.422500,0.000000
94.9000,0.000000,0.650000,0.650000,0.422500,0.000000
94.9100,0.000000,0.650000,0.650000,0.422500,0.000000
94.9200,0.000000,0.650000,0.650000,0.422500,0.000000
94.9300,0.000000,0.650000,0.650000,0.422500,0.000000
94.9400,0.000000,0.650000,0.650000,0.422500,0.000000
94.9500,0.000000,0.650000,0.650000,0.422500,0.000000
94.9600,0.000000,0.650000,0.650000,0.422500,0.000000
94.9700,0.000000,0.650000,0.650000,0.422500,0.000000
94.9800,0.000000,0.650000,0.650000,0.422500,0.000000
94.9900,0.000000,0.650000,0.650000,0.422500,0.000000
95.0000,0.000000,0.650000,0.650000,0.422500,0.000000
95.0100,0.000000,0.650000,0.650000,0.422500,0.000000
95.0200,0.000000,0.650000,0.650000,0.422500,0.000000
95.0300,0.000000,0.650000,0.650000,0.422500,0.000000
95.0400,0.000000,0.650000,0.650000,0.422500,0.000000
95.0500,0.000000,0.650000,0.650000,0.422500,0.000000
95.0600,0.000000,0.650000,0.650000,0.422500,0.000000
95.0700,0.000000,0.650000,0.650000,0.422500,0.000000
95.0800,0.000000,0.650000,0.650000,0.422500,0.000000
95.0900,0.000000,0.650000,0.650000,0.422500,0.000000
95.1000,0.000000,0.650000,0.650000,0.422500,0.000000
95.1100,0.000000,0.650000,0.650000,0.422500,0.000000
95.1200,0.000000,0.650000,0.650000,0.422500,0.000000
95.1300,0.000000,0.650000,0.650000,0.422500,0.000000
95.1400,0.000000,0.650000,0.650000,0.422500,0.000000
95.1500,0.000000,0.650000,0.650000,0.422500,0.000000
95.1600,0.000000,0.650000,0.650000,0.422500,0.000000
95.1700,0.000000,0.650000,0.650000,0.422500,0.000000
95.1800,0.000000,0.650000,0.650000,0.422500,0.000000
95.1900,0.000000,0.650000,0.650000,0.422500,0.000000
95.2000,0.000000,0.650000,0.650000,0.422500,0.000000
95.2100,0.000000,0.650000,0.650000,0.422500,0.000000
95.2200,0.000000,0.650000,0.650000,0.422500,0.000000
95.2300,0.000000,0.650000,0.650000,0.422500,0.000000
95.2400,0.000000,0.650000,0.650000,0.422500,0.000000
95.2500,0.000000,0.650000,0.650000,0.422500,0.000000
95.2600,0.000000,0.650000,0.650000,0.422500,0.000000
95.2700,0.000000,0.650000,0.650000,0.422500,0.000000
95.2800,0.000000,0.650000,0.650000,0.422500,0.000000
95.2900,0.000000,0.650000,0.650000,0.422500,0.000000
95.3000,0.000000,0.650000,0.650000,0.422500,0.000000
95.3100,0.000000,0.650000,0.650000,0.422500,0.000000
95.3200,0.000000,0.650000,0.650000,0.422500,0.000000
95.3300,0.000000,0.650000,0.650000,0.422500,0.000000
95.3400,0.000000,0.650000,0.650000,0.422500,0.000000
95.3500,0.000000,0.650000,0.650000,0.422500,0.000000
95.3600,0.000000,0.650000,0.650000,0.422500,0.000000
95.3700,0.000000,0.650000,0.650000,0.422500,0.000000
95.3800,0.000000,0.650000,0.650000,0.422500,0.000000
95.3900,0.000000,0.650000,0.650000,0.422500,0.000000
95.4000,0.000000,0.650000,0.650000,0.422500,0.000000
95.4100,0.000000,0.650000,0.650000,0.422500,0.000000
95.4200,0.000000,0.650000,0.650000,0.422500,0.000000
95.4300,0.000000,0.650000,0.650000,0.422500,0.000000
95.4400,0.000000,0.650000,0.650000,0.422500,0.000000
95.4500,0.000000,0.650000,0.650000,0.422500,0.000000
95.4600,0.000000,0.650000,0.650000,0.422500,0.000000
95.4700,0.000000,0.650000,0.650000,0.422500,0.000000
95.4800,0.000000,0.650000,0.650000,0.422500,0.000000
95.4900,0.000000,0.650000,0.650000,0.422500,-0.000000
95.5000,0.000000,0.650000,0.650000,0.422500,-0.000000
95.5100,0.000000,0.650000,0.650000,0.422500,-0.000000
95.5200,0.000000,0.650000,0.650000,0.422500,-0.000000
95.5300,0.000000,0.650000,0.650000,0.422500,-0.000000
95.5400,-0.000000,0.650000,0.650000,0.422500,-0.000000
95.5500,-0.000000,0.650000,0.650000,0.422500,-0.000000
95.5600,-0.000000,0.650000,0.650000,0.422500,-0.000000
95.5700,-0.000000,0.650000,0.650000,0.422500,-0.000000
95.5800,-0.000000,0.650000,0.650000,0.422500,-0.000000
95.5900,-0.000000,0.650000,0.650000,0.422500,-0.000000
95.6000,-0.000000,0.650000,0.650000,0.422500,-0.000000
95.6100,-0.000000,0.650000,0.650000,0.422500,-0.000000
95.6200,-0.000000,0.650000,0.650000,0.422500,-0.000000
95.6300,-0.000000,0.650000,0.650000,0.422500,-0.000000
95.6400,-0.000000,0.650000,0.650000,0.422500,-0.000000
95.6500,-0.000000,0.650000,0.650000,0.422500,-0.000000
95.6600,-0.000000,0.650000,0.650000,0.422500,-0.000000
95.6700,-0.000000,0.650000,0.650000,0.422500,-0.000000
95.6800,-0.000000,0.650000,0.650000,0.422500,-0.000000
95.6900,-0.000000,0.650000,0.650000,0.422500,-0.000000
95.7000,-0.000000,0.650000,0.650000,0.422500,-0.000000
95.7100,-0.000000,0.650000,0.650000,0.422500,-0.000000
95.7200,-0.000000,0.650000,0.650000,0.422500,-0.000000
95.7300,-0.000000,0.650000,0.650000,0.422500,-0.000000
95.7400,-0.000000,0.650000,0.650000,0.422500,-0.000000
95.7500,-0.000000,0.650000,0.650000,0.422500,-0.000000
95.7600,-0.000000,0.650000,0.650000,0.422500,-0.000000
95.7700,-0.000000,0.650000,0.650000,0.422500,-0.000000
95.7800,-0.000000,0.650000,0.650000,0.422500,-0.000000
95.7900,-0.000000,0.650000,0.650000,0.422500,-0.000000
95.8000,-0.000000,0.650000,0.650000,0.422500,-0.000000
95.8100,-0.000000,0.650000,0.650000,0.422500,-0.000000
95.8200,-0.000000,0.650000,0.650000,0.422500,-0.000000
95.8300,-0.000000,0.650000,0.650000,0.422500,-0.000000
95.8400,-0.000000,0.650000,0.650000,0.422500,-0.000000
95.8500,-0.000000,0.650000,0.650000,0.422500,-0.000000
95.8600,-0.000000,0.650000,0.650000,0.422500,-0.000000
95.8700,-0.000000,0.650000,0.650000,0.422500,-0.000000
95.8800,-0.000000,0.650000,0.650000,0.422500,-0.000000
95.8900,-0.000000,0.650000,0.650000,0.422500,-0.000000
95.9000,-0.000000,0.650000,0.650000,0.422500,-0.000000
95.9100,-0.000000,0.650000,0.650000,0.422500,-0.000000
95.9200,-0.000000,0.650000,0.650000,0.422500,-0.000000
95.9300,-0.000000,0.650000,0.650000,0.422500,-0.000000
95.9400,-0.000000,0.650000,0.650000,0.422500,-0.000000
95.9500,-0.000000,0.650000,0.650000,0.422500,-0.000000
95.9600,-0.000000,0.650000,0.650000,0.422500,-0.000000
95.9700,-0.000000,0.650000,0.650000,0.422500,-0.000000
95.9800,-0.000000,0.650000,0.650000,0.422500,-0.000000
95.9900,-0.000000,0.650000,0.650000,0.422500,-0.000000
96.0000,-0.000000,0.650000,0.650000,0.422500,-0.000000
96.0100,-0.000000,0.650000,0.650000,0.422500,-0.000000
96.0200,-0.000000,0.650000,0.650000,0.422500,-0.000000
96.0300,-0.000000,0.650000,0.650000,0.422500,-0.000000
96.0400,-0.000000,0.650000,0.650000,0.422500,-0.000000
96.0500,-0.000000,0.650000,0.650000,0.422500,-0.000000
96.0600,-0.000000,0.650000,0.650000,0.422500,-0.000000
96.0700,-0.000000,0.650000,0.650000,0.422500,-0.000000
96.0800,-0.000000,0.650000,0.650000,0.422500,-0.000000
96.0900,-0.000000,0.650000,0.650000,0.422500,-0.000000
96.1000,-0.000000,0.650000,0.650000,0.422500,-0.000000
96.1100,-0.000000,0.650000,0.650000,0.422500,-0.000000
96.1200,-0.000000,0.650000,0.650000,0.422500,-0.000000
96.1300,-0.000000,0.650000,0.650000,0.422500,-0.000000
96.1400,-0.000000,0.650000,0.650000,0.422500,-0.000000
96.1500,-0.000000,0.650000,0.650000,0.422500,-0.000000
96.1600,-0.000000,0.650000,0.650000,0.422500,-0.000000
96.1700,-0.000000,0.650000,0.650000,0.422500,-0.000000
96.1800,-0.000000,0.650000,0.650000,0.422500,-0.000000
96.1900,-0.000000,0.650000,0.650000,0.422500,0.000000
96.2000,-0.000000,0.650000,0.650000,0.422500,0.000000
96.2100,0.000000,0.650000,0.650000,0.422500,0.000000
96.2200,0.000000,0.650000,0.650000,0.422500,0.000000
96.2300,0.000000,0.650000,0.650000,0.422500,0.000000
96.2400,0.000000,0.650000,0.650000,0.422500,0.000000
96.2500,0.000000,0.650000,0.650000,0.422500,0.000000
96.2600,0.000000,0.650000,0.650000,0.422500,0.000000
96.2700,0.000000,0.650000,0.650000,0.422500,0.000000
96.2800,0.000000,0.650000,0.650000,0.422500,0.000000
96.2900,0.000000,0.650000,0.650000,0.422500,0.000000
96.3000,0.000000,0.650000,0.650000,0.422500,0.000000
96.3100,0.000000,0.650000,0.650000,0.422500,0.000000
96.3200,0.000000,0.650000,0.650000,0.422500,0.000000
96.3300,0.000000,0.650000,0.650000,0.422500,0.000000
96.3400,0.000000,0.650000,0.650000,0.422500,0.000000
96.3500,0.000000,0.650000,0.650000,0.422500,0.000000
96.3600,0.000000,0.650000,0.650000,0.422500,0.000000
96.3700,0.000000,0.650000,0.650000,0.422500,0.000000
96.3800,0.000000,0.650000,0.650000,0.422500,0.000000
96.3900,0.000000,0.650000,0.650000,0.422500,0.000000
96.4000,0.000000,0.650000,0.650000,0.422500,0.000000
96.4100,0.000000,0.650000,0.650000,0.422500,0.000000
96.4200,0.000000,0.650000,0.650000,0.422500,0.000000
96.4300,0.000000,0.650000,0.650000,0.422500,0.000000
96.4400,0.000000,0.650000,0.650000,0.422500,0.000000
96.4500,0.000000,0.650000,0.650000,0.422500,0.000000
96.4600,0.000000,0.650000,0.650000,0.422500,0.000000
96.4700,0.000000,0.650000,0.650000,0.422500,0.000000
96.4800,0.000000,0.650000,0.650000,0.422500,0.000000
96.4900,0.000000,0.650000,0.650000,0.422500,0.000000
96.5000,0.000000,0.650000,0.650000,0.422500,0.000000
96.5100,0.000000,0.650000,0.650000,0.422500,0.000000
96.5200,0.000000,0.650000,0.650000,0.422500,0.000000
96.5300,0.000000,0.650000,0.650000,0.422500,0.000000
96.5400,0.000000,0.650000,0.650000,0.422500,0.000000
96.5500,0.000000,0.650000,0.650000,0.422500,0.000000
96.5600,0.000000,0.650000,0.650000,0.422500,0.000000
96.5700,0.000000,0.650000,0.650000,0.422500,0.000000
96.5800,0.000000,0.650000,0.650000,0.422500,0.000000
96.5900,0.000000,0.650000,0.650000,0.422500,0.000000
96.6000,0.000000,0.650000,0.650000,0.422500,0.000000
96.6100,0.000000,0.650000,0.650000,0.422500,0.000000
96.6200,0.000000,0.650000,0.650000,0.422500,0.000000
96.6300,0.000000,0.650000,0.650000,0.422500,0.000000
96.6400,0.000000,0.650000,0.650000,0.422500,0.000000
96.6500,0.000000,0.650000,0.650000,0.422500,0.000000
96.6600,0.000000,0.650000,0.650000,0.422500,0.000000
96.6700,0.000000,0.650000,0.650000,0.422500,0.000000
96.6800,0.000000,0.650000,0.650000,0.422500,0.000000
96.6900,0.000000,0.650000,0.650000,0.422500,0.000000
96.7000,0.000000,0.650000,0.650000,0.422500,0.000000
96.7100,0.000000,0.650000,0.650000,0.422500,0.000000
96.7200,0.000000,0.650000,0.650000,0.422500,0.000000
96.7300,0.000000,0.650000,0.650000,0.422500,0.000000
96.7400,0.000000,0.650000,0.650000,0.422500,0.000000
96.7500,0.000000,0.650000,0.650000,0.422500,0.000000
96.7600,0.000000,0.650000,0.650000,0.422500,0.000000
96.7700,0.000000,0.650000,0.650000,0.422500,0.000000
96.7800,0.000000,0.650000,0.650000,0.422500,0.000000
96.7900,0.000000,0.650000,0.650000,0.422500,0.000000
96.8000,0.000000,0.650000,0.650000,0.422500,0.000000
96.8100,0.000000,0.650000,0.650000,0.422500,0.000000
96.8200,0.000000,0.650000,0.650000,0.422500,0.000000
96.8300,0.000000,0.650000,0.650000,0.422500,0.000000
96.8400,0.000000,0.650000,0.650000,0.422500,0.000000
96.8500,0.000000,0.650000,0.650000,0.422500,0.000000
96.8600,0.000000,0.650000,0.650000,0.422500,0.000000
96.8700,0.000000,0.650000,0.650000,0.422500,0.000000
96.8800,0.000000,0.650000,0.650000,0.422500,0.000000
96.8900,0.000000,0.650000,0.650000,0.422500,-0.000000
96.9000,0.000000,0.650000,0.650000,0.422500,-0.000000
96.9100,0.000000,0.650000,0.650000,0.422500,-0.000000
96.9200,0.000000,0.650000,0.650000,0.422500,-0.000000
96.9300,0.000000,0.650000,0.650000,0.422500,-0.000000
96.9400,0.000000,0.650000,0.650000,0.422500,-0.000000
96.9500,-0.000000,0.650000,0.650000,0.422500,-0.000000
96.9600,-0.000000,0.650000,0.650000,0.422500,-0.000000
96.9700,-0.000000,0.650000,0.650000,0.422500,-0.000000
96.9800,-0.000000,0.650000,0.650000,0.422500,-0.000000
96.9900,-0.000000,0.650000,0.650000,0.422500,-0.000000
97.0000,-0.000000,0.650000,0.650000,0.422500,-0.000000
97.0100,-0.000000,0.650000,0.650000,0.422500,-0.000000
97.0200,-0.000000,0.650000,0.650000,0.422500,-0.000000
97.0300,-0.000000,0.650000,0.650000,0.422500,-0.000000
97.0400,-0.000000,0.650000,0.650000,0.422500,-0.000000
97.0500,-0.000000,0.650000,0.650000,0.422500,-0.000000
97.0600,-0.000000,0.650000,0.650000,0.422500,-0.000000
97.0700,-0.000000,0.650000,0.650000,0.422500,-0.000000
97.0800,-0.000000,0.650000,0.650000,0.422500,-0.000000
97.0900,-0.000000,0.650000,0.650000,0.422500,-0.000000
97.1000,-0.000000,0.650000,0.650000,0.422500,-0.000000
97.1100,-0.000000,0.650000,0.650000,0.422500,-0.000000
97.1200,-0.000000,0.650000,0.650000,0.422500,-0.000000
97.1300,-0.000000,0.650000,0.650000,0.422500,-0.000000
97.1400,-0.000000,0.650000,0.650000,0.422500,-0.000000
97.1500,-0.000000,0.650000,0.650000,0.422500,-0.000000
97.1600,-0.000000,0.650000,0.650000,0.422500,-0.000000
97.1700,-0.000000,0.650000,0.650000,0.422500,-0.000000
97.1800,-0.000000,0.650000,0.650000,0.422500,-0.000000
97.1900,-0.000000,0.650000,0.650000,0.422500,-0.000000
97.2000,-0.000000,0.650000,0.650000,0.422500,-0.000000
97.2100,-0.000000,0.650000,0.650000,0.422500,-0.000000
97.2200,-0.000000,0.650000,0.650000,0.422500,-0.000000
97.2300,-0.000000,0.650000,0.650000,0.422500,-0.000000
97.2400,-0.000000,0.650000,0.650000,0.422500,-0.000000
97.2500,-0.000000,0.650000,0.650000,0.422500,-0.000000
97.2600,-0.000000,0.650000,0.650000,0.422500,-0.000000
97.2700,-0.000000,0.650000,0.650000,0.422500,-0.000000
97.2800,-0.000000,0.650000,0.650000,0.422500,-0.000000
97.2900,-0.000000,0.650000,0.650000,0.422500,-0.000000
97.3000,-0.000000,0.650000,0.650000,0.422500,-0.000000
97.3100,-0.000000,0.650000,0.650000,0.422500,-0.000000
97.3200,-0.000000,0.650000,0.650000,0.422500,-0.000000
97.3300,-0.000000,0.650000,0.650000,0.422500,-0.000000
97.3400,-0.000000,0.650000,0.650000,0.422500,-0.000000
97.3500,-0.000000,0.650000,0.650000,0.422500,-0.000000
97.3600,-0.000000,0.650000,0.650000,0.422500,-0.000000
97.3700,-0.000000,0.650000,0.650000,0.422500,-0.000000
97.3800,-0.000000,0.650000,0.650000,0.422500,-0.000000
97.3900,-0.000000,0.650000,0.650000,0.422500,-0.000000
97.4000,-0.000000,0.650000,0.650000,0.422500,-0.000000
97.4100,-0.000000,0.650000,0.650000,0.422500,-0.000000
97.4200,-0.000000,0.650000,0.650000,0.422500,-0.000000
97.4300,-0.000000,0.650000,0.650000,0.422500,-0.000000
97.4400,-0.000000,0.650000,0.650000,0.422500,-0.000000
97.4500,-0.000000,0.650000,0.650000,0.422500,-0.000000
97.4600,-0.000000,0.650000,0.650000,0.422500,-0.000000
97.4700,-0.000000,0.650000,0.650000,0.422500,-0.000000
97.4800,-0.000000,0.650000,0.650000,0.422500,-0.000000
97.4900,-0.000000,0.650000,0.650000,0.422500,-0.000000
97.5000,-0.000000,0.650000,0.650000,0.422500,-0.000000
97.5100,-0.000000,0.650000,0.650000,0.422500,-0.000000
97.5200,-0.000000,0.650000,0.650000,0.422500,-0.000000
97.5300,-0.000000,0.650000,0.650000,0.422500,-0.000000
97.5400,-0.000000,0.650000,0.650000,0.422500,-0.000000
97.5500,-0.000000,0.650000,0.650000,0.422500,-0.000000
97.5600,-0.000000,0.650000,0.650000,0.422500,-0.000000
97.5700,-0.000000,0.650000,0.650000,0.422500,-0.000000
97.5800,-0.000000,0.650000,0.650000,0.422500,-0.000000
97.5900,-0.000000,0.650000,0.650000,0.422500,0.000000
97.6000,-0.000000,0.650000,0.650000,0.422500,0.000000
97.6100,0.000000,0.650000,0.650000,0.422500,0.000000
97.6200,0.000000,0.650000,0.650000,0.422500,0.000000
97.6300,0.000000,0.650000,0.650000,0.422500,0.000000
97.6400,0.000000,0.650000,0.650000,0.422500,0.000000
97.6500,0.000000,0.650000,0.650000,0.422500,0.000000
97.6600,0.000000,0.650000,0.650000,0.422500,0.000000
97.6700,0.000000,0.650000,0.650000,0.422500,0.000000
97.6800,0.000000,0.650000,0.650000,0.422500,0.000000
97.6900,0.000000,0.650000,0.650000,0.422500,0.000000
97.7000,0.000000,0.650000,0.650000,0.422500,0.000000
97.7100,0.000000,0.650000,0.650000,0.422500,0.000000
97.7200,0.000000,0.650000,0.650000,0.422500,0.000000
97.7300,0.000000,0.650000,0.650000,0.422500,0.000000
97.7400,0.000000,0.650000,0.650000,0.422500,0.000000
97.7500,0.000000,0.650000,0.650000,0.422500,0.000000
97.7600,0.000000,0.650000,0.650000,0.422500,0.000000
97.7700,0.000000,0.650000,0.650000,0.422500,0.000000
97.7800,0.000000,0.650000,0.650000,0.422500,0.000000
97.7900,0.000000,0.650000,0.650000,0.422500,0.000000
97.8000,0.000000,0.650000,0.650000,0.422500,0.000000
97.8100,0.000000,0.650000,0.650000,0.422500,0.000000
97.8200,0.000000,0.650000,0.650000,0.422500,0.000000
97.8300,0.000000,0.650000,0.650000,0.422500,0.000000
97.8400,0.000000,0.650000,0.650000,0.422500,0.000000
97.8500,0.000000,0.650000,0.650000,0.422500,0.000000
97.8600,0.000000,0.650000,0.650000,0.422500,0.000000
97.8700,0.000000,0.650000,0.650000,0.422500,0.000000
97.8800,0.000000,0.650000,0.650000,0.422500,0.000000
97.8900,0.000000,0.650000,0.650000,0.422500,0.000000
97.9000,0.000000,0.650000,0.650000,0.422500,0.000000
97.9100,0.000000,0.650000,0.650000,0.422500,0.000000
97.9200,0.000000,0.650000,0.650000,0.422500,0.000000
97.9300,0.000000,0.650000,0.650000,0.422500,0.000000
97.9400,0.000000,0.650000,0.650000,0.422500,0.000000
97.9500,0.000000,0.650000,0.650000,0.422500,0.000000
97.9600,0.000000,0.650000,0.650000,0.422500,0.000000
97.9700,0.000000,0.650000,0.650000,0.422500,0.000000
97.9800,0.000000,0.650000,0.650000,0.422500,0.000000
97.9900,0.000000,0.650000,0.650000,0.422500,0.000000
98.0000,0.000000,0.650000,0.650000,0.422500,0.000000
98.0100,0.000000,0.650000,0.650000,0.422500,0.000000
98.0200,0.000000,0.650000,0.650000,0.422500,0.000000
98.0300,0.000000,0.650000,0.650000,0.422500,0.000000
98.0400,0.000000,0.650000,0.650000,0.422500,0.000000
98.0500,0.000000,0.650000,0.650000,0.422500,0.000000
98.0600,0.000000,0.650000,0.650000,0.422500,0.000000
98.0700,0.000000,0.650000,0.650000,0.422500,0.000000
98.0800,0.000000,0.650000,0.650000,0.422500,0.000000
98.0900,0.000000,0.650000,0.650000,0.422500,0.000000
98.1000,0.000000,0.650000,0.650000,0.422500,0.000000
98.1100,0.000000,0.650000,0.650000,0.422500,0.000000
98.1200,0.000000,0.650000,0.650000,0.422500,0.000000
98.1300,0.000000,0.650000,0.650000,0.422500,0.000000
98.1400,0.000000,0.650000,0.650000,0.422500,0.000000
98.1500,0.000000,0.650000,0.650000,0.422500,0.000000
98.1600,0.000000,0.650000,0.650000,0.422500,0.000000
98.1700,0.000000,0.650000,0.650000,0.422500,0.000000
98.1800,0.000000,0.650000,0.650000,0.422500,0.000000
98.1900,0.000000,0.650000,0.650000,0.422500,0.000000
98.2000,0.000000,0.650000,0.650000,0.422500,0.000000
98.2100,0.000000,0.650000,0.650000,0.422500,0.000000
98.2200,0.000000,0.650000,0.650000,0.422500,0.000000
98.2300,0.000000,0.650000,0.650000,0.422500,0.000000
98.2400,0.000000,0.650000,0.650000,0.422500,0.000000
98.2500,0.000000,0.650000,0.650000,0.422500,0.000000
98.2600,0.000000,0.650000,0.650000,0.422500,0.000000
98.2700,0.000000,0.650000,0.650000,0.422500,0.000000
98.2800,0.000000,0.650000,0.650000,0.422500,0.000000
98.2900,0.000000,0.650000,0.650000,0.422500,0.000000
98.3000,0.000000,0.650000,0.650000,0.422500,-0.000000
98.3100,0.000000,0.650000,0.650000,0.422500,-0.000000
98.3200,0.000000,0.650000,0.650000,0.422500,-0.000000
98.3300,0.000000,0.650000,0.650000,0.422500,-0.000000
98.3400,0.000000,0.650000,0.650000,0.422500,-0.000000
98.3500,-0.000000,0.650000,0.650000,0.422500,-0.000000
98.3600,-0.000000,0.650000,0.650000,0.422500,-0.000000
98.3700,-0.000000,0.650000,0.650000,0.422500,-0.000000
98.3800,-0.000000,0.650000,0.650000,0.422500,-0.000000
98.3900,-0.000000,0.650000,0.650000,0.422500,-0.000000
98.4000,-0.000000,0.650000,0.650000,0.422500,-0.000000
98.4100,-0.000000,0.650000,0.650000,0.422500,-0.000000
98.4200,-0.000000,0.650000,0.650000,0.422500,-0.000000
98.4300,-0.000000,0.650000,0.650000,0.422500,-0.000000
98.4400,-0.000000,0.650000,0.650000,0.422500,-0.000000
98.4500,-0.000000,0.650000,0.650000,0.422500,-0.000000
98.4600,-0.000000,0.650000,0.650000,0.422500,-0.000000
98.4700,-0.000000,0.650000,0.650000,0.422500,-0.000000
98.4800,-0.000000,0.650000,0.650000,0.422500,-0.000000
98.4900,-0.000000,0.650000,0.650000,0.422500,-0.000000
98.5000,-0.000000,0.650000,0.650000,0.422500,-0.000000
98.5100,-0.000000,0.650000,0.650000,0.422500,-0.000000
98.5200,-0.000000,0.650000,0.650000,0.422500,-0.000000
98.5300,-0.000000,0.650000,0.650000,0.422500,-0.000000
98.5400,-0.000000,0.650000,0.650000,0.422500,-0.000000
98.5500,-0.000000,0.650000,0.650000,0.422500,-0.000000
98.5600,-0.000000,0.650000,0.650000,0.422500,-0.000000
98.5700,-0.000000,0.650000,0.650000,0.422500,-0.000000
98.5800,-0.000000,0.650000,0.650000,0.422500,-0.000000
98.5900,-0.000000,0.650000,0.650000,0.422500,-0.000000
98.6000,-0.000000,0.650000,0.650000,0.422500,-0.000000
98.6100,-0.000000,0.650000,0.650000,0.422500,-0.000000
98.6200,-0.000000,0.650000,0.650000,0.422500,-0.000000
98.6300,-0.000000,0.650000,0.650000,0.422500,-0.000000
98.6400,-0.000000,0.650000,0.650000,0.422500,-0.000000
98.6500,-0.000000,0.650000,0.650000,0.422500,-0.000000
98.6600,-0.000000,0.650000,0.650000,0.422500,-0.000000
98.6700,-0.000000,0.650000,0.650000,0.422500,-0.000000
98.6800,-0.000000,0.650000,0.650000,0.422500,-0.000000
98.6900,-0.000000,0.650000,0.650000,0.422500,-0.000000
98.7000,-0.000000,0.650000,0.650000,0.422500,-0.000000
98.7100,-0.000000,0.650000,0.650000,0.422500,-0.000000
98.7200,-0.000000,0.650000,0.650000,0.422500,-0.000000
98.7300,-0.000000,0.650000,0.650000,0.422500,-0.000000
98.7400,-0.000000,0.650000,0.650000,0.422500,-0.000000
98.7500,-0.000000,0.650000,0.650000,0.422500,-0.000000
98.7600,-0.000000,0.650000,0.650000,0.422500,-0.000000
98.7700,-0.000000,0.650000,0.650000,0.422500,-0.000000
98.7800,-0.000000,0.650000,0.650000,0.422500,-0.000000
98.7900,-0.000000,0.650000,0.650000,0.422500,-0.000000
98.8000,-0.000000,0.650000,0.650000,0.422500,-0.000000
98.8100,-0.000000,0.650000,0.650000,0.422500,-0.000000
98.8200,-0.000000,0.650000,0.650000,0.422500,-0.000000
98.8300,-0.000000,0.650000,0.650000,0.422500,-0.000000
98.8400,-0.000000,0.650000,0.650000,0.422500,-0.000000
98.8500,-0.000000,0.650000,0.650000,0.422500,-0.000000
98.8600,-0.000000,0.650000,0.650000,0.422500,-0.000000
98.8700,-0.000000,0.650000,0.650000,0.422500,-0.000000
98.8800,-0.000000,0.650000,0.650000,0.422500,-0.000000
98.8900,-0.000000,0.650000,0.650000,0.422500,-0.000000
98.9000,-0.000000,0.650000,0.650000,0.422500,-0.000000
98.9100,-0.000000,0.650000,0.650000,0.422500,-0.000000
98.9200,-0.000000,0.650000,0.650000,0.422500,-0.000000
98.9300,-0.000000,0.650000,0.650000,0.422500,-0.000000
98.9400,-0.000000,0.650000,0.650000,0.422500,-0.000000
98.9500,-0.000000,0.650000,0.650000,0.422500,-0.000000
98.9600,-0.000000,0.650000,0.650000,0.422500,-0.000000
98.9700,-0.000000,0.650000,0.650000,0.422500,-0.000000
98.9800,-0.000000,0.650000,0.650000,0.422500,-0.000000
98.9900,-0.000000,0.650000,0.650000,0.422500,-0.000000
99.0000,-0.000000,0.650000,0.650000,0.422500,0.000000
99.0100,-0.000000,0.650000,0.650000,0.422500,0.000000
99.0200,0.000000,0.650000,0.650000,0.422500,0.000000
99.0300,0.000000,0.650000,0.650000,0.422500,0.000000
99.0400,0.000000,0.650000,0.650000,0.422500,0.000000
99.0500,0.000000,0.650000,0.650000,0.422500,0.000000
99.0600,0.000000,0.650000,0.650000,0.422500,0.000000
99.0700,0.000000,0.650000,0.650000,0.422500,0.000000
99.0800,0.000000,0.650000,0.650000,0.422500,0.000000
99.0900,0.000000,0.650000,0.650000,0.422500,0.000000
99.1000,0.000000,0.650000,0.650000,0.422500,0.000000
99.1100,0.000000,0.650000,0.650000,0.422500,0.000000
99.1200,0.000000,0.650000,0.650000,0.422500,0.000000
99.1300,0.000000,0.650000,0.650000,0.422500,0.000000
99.1400,0.000000,0.650000,0.650000,0.422500,0.000000
99.1500,0.000000,0.650000,0.650000,0.422500,0.000000
99.1600,0.000000,0.650000,0.650000,0.422500,0.000000
99.1700,0.000000,0.650000,0.650000,0.422500,0.000000
99.1800,0.000000,0.650000,0.650000,0.422500,0.000000
99.1900,0.000000,0.650000,0.650000,0.422500,0.000000
99.2000,0.000000,0.650000,0.650000,0.422500,0.000000
99.2100,0.000000,0.650000,0.650000,0.422500,0.000000
99.2200,0.000000,0.650000,0.650000,0.422500,0.000000
99.2300,0.000000,0.650000,0.650000,0.422500,0.000000
99.2400,0.000000,0.650000,0.650000,0.422500,0.000000
99.2500,0.000000,0.650000,0.650000,0.422500,0.000000
99.2600,0.000000,0.650000,0.650000,0.422500,0.000000
99.2700,0.000000,0.650000,0.650000,0.422500,0.000000
99.2800,0.000000,0.650000,0.650000,0.422500,0.000000
99.2900,0.000000,0.650000,0.650000,0.422500,0.000000
99.3000,0.000000,0.650000,0.650000,0.422500,0.000000
99.3100,0.000000,0.650000,0.650000,0.422500,0.000000
99.3200,0.000000,0.650000,0.650000,0.422500,0.000000
99.3300,0.000000,0.650000,0.650000,0.422500,0.000000
99.3400,0.000000,0.650000,0.650000,0.422500,0.000000
99.3500,0.000000,0.650000,0.650000,0.422500,0.000000
99.3600,0.000000,0.650000,0.650000,0.422500,0.000000
99.3700,0.000000,0.650000,0.650000,0.422500,0.000000
99.3800,0.000000,0.650000,0.650000,0.422500,0.000000
99.3900,0.000000,0.650000,0.650000,0.422500,0.000000
99.4000,0.000000,0.650000,0.650000,0.422500,0.000000
99.4100,0.000000,0.650000,0.650000,0.422500,0.000000
99.4200,0.000000,0.650000,0.650000,0.422500,0.000000
99.4300,0.000000,0.650000,0.650000,0.422500,0.000000
99.4400,0.000000,0.650000,0.650000,0.422500,0.000000
99.4500,0.000000,0.650000,0.650000,0.422500,0.000000
99.4600,0.000000,0.650000,0.650000,0.422500,0.000000
99.4700,0.000000,0.650000,0.650000,0.422500,0.000000
99.4800,0.000000,0.650000,0.650000,0.422500,0.000000
99.4900,0.000000,0.650000,0.650000,0.422500,0.000000
99.5000,0.000000,0.650000,0.650000,0.422500,0.000000
99.5100,0.000000,0.650000,0.650000,0.422500,0.000000
99.5200,0.000000,0.650000,0.650000,0.422500,0.000000
99.5300,0.000000,0.650000,0.650000,0.422500,0.000000
99.5400,0.000000,0.650000,0.650000,0.422500,0.000000
99.5500,0.000000,0.650000,0.650000,0.422500,0.000000
99.5600,0.000000,0.650000,0.650000,0.422500,0.000000
99.5700,0.000000,0.650000,0.650000,0.422500,0.000000
99.5800,0.000000,0.650000,0.650000,0.422500,0.000000
99.5900,0.000000,0.650000,0.650000,0.422500,0.000000
99.6000,0.000000,0.650000,0.650000,0.422500,0.000000
99.6100,0.000000,0.650000,0.650000,0.422500,0.000000
99.6200,0.000000,0.650000,0.650000,0.422500,0.000000
99.6300,0.000000,0.650000,0.650000,0.422500,0.000000
99.6400,0.000000,0.650000,0.650000,0.422500,0.000000
99.6500,0.000000,0.650000,0.650000,0.422500,0.000000
99.6600,0.000000,0.650000,0.650000,0.422500,0.000000
99.6700,0.000000,0.650000,0.650000,0.422500,0.000000
99.6800,0.000000,0.650000,0.650000,0.422500,0.000000
99.6900,0.000000,0.650000,0.650000,0.422500,0.000000
99.7000,0.000000,0.650000,0.650000,0.422500,-0.000000
99.7100,0.000000,0.650000,0.650000,0.422500,-0.000000
99.7200,0.000000,0.650000,0.650000,0.422500,-0.000000
99.7300,0.000000,0.650000,0.650000,0.422500,-0.000000
99.7400,0.000000,0.650000,0.650000,0.422500,-0.000000
99.7500,-0.000000,0.650000,0.650000,0.422500,-0.000000
99.7600,-0.000000,0.650000,0.650000,0.422500,-0.000000
99.7700,-0.000000,0.650000,0.650000,0.422500,-0.000000
99.7800,-0.000000,0.650000,0.650000,0.422500,-0.000000
99.7900,-0.000000,0.650000,0.650000,0.422500,-0.000000
99.8000,-0.000000,0.650000,0.650000,0.422500,-0.000000
99.8100,-0.000000,0.650000,0.650000,0.422500,-0.000000
99.8200,-0.000000,0.650000,0.650000,0.422500,-0.000000
99.8300,-0.000000,0.650000,0.650000,0.422500,-0.000000
99.8400,-0.000000,0.650000,0.650000,0.422500,-0.000000
99.8500,-0.000000,0.650000,0.650000,0.422500,-0.000000
99.8600,-0.000000,0.650000,0.650000,0.422500,-0.000000
99.8700,-0.000000,0.650000,0.650000,0.422500,-0.000000
99.8800,-0.000000,0.650000,0.650000,0.422500,-0.000000
99.8900,-0.000000,0.650000,0.650000,0.422500,-0.000000
99.9000,-0.000000,0.650000,0.650000,0.422500,-0.000000
99.9100,-0.000000,0.650000,0.650000,0.422500,-0.000000
99.9200,-0.000000,0.650000,0.650000,0.422500,-0.000000
99.9300,-0.000000,0.650000,0.650000,0.422500,-0.000000
99.9400,-0.000000,0.650000,0.650000,0.422500,-0.000000
99.9500,-0.000000,0.650000,0.650000,0.422500,-0.000000
99.9600,-0.000000,0.650000,0.650000,0.422500,-0.000000
99.9700,-0.000000,0.650000,0.650000,0.422500,-0.000000
99.9800,-0.000000,0.650000,0.650000,0.422500,-0.000000
99.9900,-0.000000,0.650000,0.650000,0.422500,-0.000000
100.0000,-0.000000,0.650000,0.650000,0.422500,-0.000000
100.0100,-0.000000,0.650000,0.650000,0.422500,-0.000000
100.0200,-0.000000,0.650000,0.650000,0.422500,-0.000000
100.0300,-0.000000,0.650000,0.650000,0.422500,-0.000000
100.0400,-0.000000,0.650000,0.650000,0.422500,-0.000000
100.0500,-0.000000,0.650000,0.650000,0.422500,-0.000000
100.0600,-0.000000,0.650000,0.650000,0.422500,-0.000000
100.0700,-0.000000,0.650000,0.650000,0.422500,-0.000000
100.0800,-0.000000,0.650000,0.650000,0.422500,-0.000000
100.0900,-0.000000,0.650000,0.650000,0.422500,-0.000000
100.1000,-0.000000,0.650000,0.650000,0.422500,-0.000000
100.1100,-0.000000,0.650000,0.650000,0.422500,-0.000000
100.1200,-0.000000,0.650000,0.650000,0.422500,-0.000000
100.1300,-0.000000,0.650000,0.650000,0.422500,-0.000000
100.1400,-0.000000,0.650000,0.650000,0.422500,-0.000000
100.1500,-0.000000,0.650000,0.650000,0.422500,-0.000000
100.1600,-0.000000,0.650000,0.650000,0.422500,-0.000000
100.1700,-0.000000,0.650000,0.650000,0.422500,-0.000000
100.1800,-0.000000,0.650000,0.650000,0.422500,-0.000000
100.1900,-0.000000,0.650000,0.650000,0.422500,-0.000000
100.2000,-0.000000,0.650000,0.650000,0.422500,-0.000000
100.2100,-0.000000,0.650000,0.650000,0.422500,-0.000000
100.2200,-0.000000,0.650000,0.650000,0.422500,-0.000000
100.2300,-0.000000,0.650000,0.650000,0.422500,-0.000000
100.2400,-0.000000,0.650000,0.650000,0.422500,-0.000000
100.2500,-0.000000,0.650000,0.650000,0.422500,-0.000000
100.2600,-0.000000,0.650000,0.650000,0.422500,-0.000000
100.2700,-0.000000,0.650000,0.650000,0.422500,-0.000000
100.2800,-0.000000,0.650000,0.650000,0.422500,-0.000000
100.2900,-0.000000,0.650000,0.650000,0.422500,-0.000000
100.3000,-0.000000,0.650000,0.650000,0.422500,-0.000000
100.3100,-0.000000,0.650000,0.650000,0.422500,-0.000000
100.3200,-0.000000,0.650000,0.650000,0.422500,-0.000000
100.3300,-0.000000,0.650000,0.650000,0.422500,-0.000000
100.3400,-0.000000,0.650000,0.650000,0.422500,-0.000000
100.3500,-0.000000,0.650000,0.650000,0.422500,-0.000000
100.3600,-0.000000,0.650000,0.650000,0.422500,-0.000000
100.3700,-0.000000,0.650000,0.650000,0.422500,-0.000000
100.3800,-0.000000,0.650000,0.650000,0.422500,-0.000000
100.3900,-0.000000,0.650000,0.650000,0.422500,-0.000000
100.4000,-0.000000,0.650000,0.650000,0.422500,0.000000
100.4100,-0.000000,0.650000,0.650000,0.422500,0.000000
100.4200,0.000000,0.650000,0.650000,0.422500,0.000000
100.4300,0.000000,0.650000,0.650000,0.422500,0.000000
100.4400,0.000000,0.650000,0.650000,0.422500,0.000000
100.4500,0.000000,0.650000,0.650000,0.422500,0.000000
100.4600,0.000000,0.650000,0.650000,0.422500,0.000000
100.4700,0.000000,0.650000,0.650000,0.422500,0.000000
100.4800,0.000000,0.650000,0.650000,0.422500,0.000000
100.4900,0.000000,0.650000,0.650000,0.422500,0.000000
100.5000,0.000000,0.650000,0.650000,0.422500,0.000000
100.5100,0.000000,0.650000,0.650000,0.422500,0.000000
100.5200,0.000000,0.650000,0.650000,0.422500,0.000000
100.5300,0.000000,0.650000,0.650000,0.422500,0.000000
100.5400,0.000000,0.650000,0.650000,0.422500,0.000000
100.5500,0.000000,0.650000,0.650000,0.422500,0.000000
100.5600,0.000000,0.650000,0.650000,0.422500,0.000000
100.5700,0.000000,0.650000,0.650000,0.422500,0.000000
100.5800,0.000000,0.650000,0.650000,0.422500,0.000000
100.5900,0.000000,0.650000,0.650000,0.422500,0.000000
100.6000,0.000000,0.650000,0.650000,0.422500,0.000000
100.6100,0.000000,0.650000,0.650000,0.422500,0.000000
100.6200,0.000000,0.650000,0.650000,0.422500,0.000000
100.6300,0.000000,0.650000,0.650000,0.422500,0.000000
100.6400,0.000000,0.650000,0.650000,0.422500,0.000000
100.6500,0.000000,0.650000,0.650000,0.422500,0.000000
100.6600,0.000000,0.650000,0.650000,0.422500,0.000000
100.6700,0.000000,0.650000,0.650000,0.422500,0.000000
100.6800,0.000000,0.650000,0.650000,0.422500,0.000000
100.6900,0.000000,0.650000,0.650000,0.422500,0.000000
100.7000,0.000000,0.650000,0.650000,0.422500,0.000000
100.7100,0.000000,0.650000,0.650000,0.422500,0.000000
100.7200,0.000000,0.650000,0.650000,0.422500,0.000000
100.7300,0.000000,0.650000,0.650000,0.422500,0.000000
100.7400,0.000000,0.650000,0.650000,0.422500,0.000000
100.7500,0.000000,0.650000,0.650000,0.422500,0.000000
100.7600,0.000000,0.650000,0.650000,0.422500,0.000000
100.7700,0.000000,0.650000,0.650000,0.422500,0.000000
100.7800,0.000000,0.650000,0.650000,0.422500,0.000000
100.7900,0.000000,0.650000,0.650000,0.422500,0.000000
100.8000,0.000000,0.650000,0.650000,0.422500,0.000000
100.8100,0.000000,0.650000,0.650000,0.422500,0.000000
100.8200,0.000000,0.650000,0.650000,0.422500,0.000000
100.8300,0.000000,0.650000,0.650000,0.422500,0.000000
100.8400,0.000000,0.650000,0.650000,0.422500,0.000000
100.8500,0.000000,0.650000,0.650000,0.422500,0.000000
100.8600,0.000000,0.650000,0.650000,0.422500,0.000000
100.8700,0.000000,0.650000,0.650000,0.422500,0.000000
100.8800,0.000000,0.650000,0.650000,0.422500,0.000000
100.8900,0.000000,0.650000,0.650000,0.422500,0.000000
100.9000,0.000000,0.650000,0.650000,0.422500,0.000000
100.9100,0.000000,0.650000,0.650000,0.422500,0.000000
100.9200,0.000000,0.650000,0.650000,0.422500,0.000000
100.9300,0.000000,0.650000,0.650000,0.422500,0.000000
100.9400,0.000000,0.650000,0.650000,0.422500,0.000000
100.9500,0.000000,0.650000,0.650000,0.422500,0.000000
100.9600,0.000000,0.650000,0.650000,0.422500,0.000000
100.9700,0.000000,0.650000,0.650000,0.422500,0.000000
100.9800,0.000000,0.650000,0.650000,0.422500,0.000000
100.9900,0.000000,0.650000,0.650000,0.422500,0.000000
101.0000,0.000000,0.650000,0.650000,0.422500,0.000000
101.0100,0.000000,0.650000,0.650000,0.422500,0.000000
101.0200,0.000000,0.650000,0.650000,0.422500,0.000000
101.0300,0.000000,0.650000,0.650000,0.422500,0.000000
101.0400,0.000000,0.650000,0.650000,0.422500,0.000000
101.0500,0.000000,0.650000,0.650000,0.422500,0.000000
101.0600,0.000000,0.650000,0.650000,0.422500,0.000000
101.0700,0.000000,0.650000,0.650000,0.422500,0.000000
101.0800,0.000000,0.650000,0.650000,0.422500,0.000000
101.0900,0.000000,0.650000,0.650000,0.422500,0.000000
101.1000,0.000000,0.650000,0.650000,0.422500,-0.000000
101.1100,0.000000,0.650000,0.650000,0.422500,-0.000000
101.1200,0.000000,0.650000,0.650000,0.422500,-0.000000
101.1300,0.000000,0.650000,0.650000,0.422500,-0.000000
101.1400,0.000000,0.650000,0.650000,0.422500,-0.000000
101.1500,0.000000,0.650000,0.650000,0.422500,-0.000000
101.1600,-0.000000,0.650000,0.650000,0.422500,-0.000000
101.1700,-0.000000,0.650000,0.650000,0.422500,-0.000000
101.1800,-0.000000,0.650000,0.650000,0.422500,-0.000000
101.1900,-0.000000,0.650000,0.650000,0.422500,-0.000000
101.2000,-0.000000,0.650000,0.650000,0.422500,-0.000000
101.2100,-0.000000,0.650000,0.650000,0.422500,-0.000000
101.2200,-0.000000,0.650000,0.650000,0.422500,-0.000000
101.2300,-0.000000,0.650000,0.650000,0.422500,-0.000000
101.2400,-0.000000,0.650000,0.650000,0.422500,-0.000000
101.2500,-0.000000,0.650000,0.650000,0.422500,-0.000000
101.2600,-0.000000,0.650000,0.650000,0.422500,-0.000000
101.2700,-0.000000,0.650000,0.650000,0.422500,-0.000000
101.2800,-0.000000,0.650000,0.650000,0.422500,-0.000000
101.2900,-0.000000,0.650000,0.650000,0.422500,-0.000000
101.3000,-0.000000,0.650000,0.650000,0.422500,-0.000000
101.3100,-0.000000,0.650000,0.650000,0.422500,-0.000000
101.3200,-0.000000,0.650000,0.650000,0.422500,-0.000000
101.3300,-0.000000,0.650000,0.650000,0.422500,-0.000000
101.3400,-0.000000,0.650000,0.650000,0.422500,-0.000000
101.3500,-0.000000,0.650000,0.650000,0.422500,-0.000000
101.3600,-0.000000,0.650000,0.650000,0.422500,-0.000000
101.3700,-0.000000,0.650000,0.650000,0.422500,-0.000000
101.3800,-0.000000,0.650000,0.650000,0.422500,-0.000000
101.3900,-0.000000,0.650000,0.650000,0.422500,-0.000000
101.4000,-0.000000,0.650000,0.650000,0.422500,-0.000000
101.4100,-0.000000,0.650000,0.650000,0.422500,-0.000000
101.4200,-0.000000,0.650000,0.650000,0.422500,-0.000000
101.4300,-0.000000,0.650000,0.650000,0.422500,-0.000000
101.4400,-0.000000,0.650000,0.650000,0.422500,-0.000000
101.4500,-0.000000,0.650000,0.650000,0.422500,-0.000000
101.4600,-0.000000,0.650000,0.650000,0.422500,-0.000000
101.4700,-0.000000,0.650000,0.650000,0.422500,-0.000000
101.4800,-0.000000,0.650000,0.650000,0.422500,-0.000000
101.4900,-0.000000,0.650000,0.650000,0.422500,-0.000000
101.5000,-0.000000,0.650000,0.650000,0.422500,-0.000000
101.5100,-0.000000,0.650000,0.650000,0.422500,-0.000000
101.5200,-0.000000,0.650000,0.650000,0.422500,-0.000000
101.5300,-0.000000,0.650000,0.650000,0.422500,-0.000000
101.5400,-0.000000,0.650000,0.650000,0.422500,-0.000000
101.5500,-0.000000,0.650000,0.650000,0.422500,-0.000000
101.5600,-0.000000,0.650000,0.650000,0.422500,-0.000000
101.5700,-0.000000,0.650000,0.650000,0.422500,-0.000000
101.5800,-0.000000,0.650000,0.650000,0.422500,-0.000000
101.5900,-0.000000,0.650000,0.650000,0.422500,-0.000000
101.6000,-0.000000,0.650000,0.650000,0.422500,-0.000000
101.6100,-0.000000,0.650000,0.650000,0.422500,-0.000000
101.6200,-0.000000,0.650000,0.650000,0.422500,-0.000000
101.6300,-0.000000,0.650000,0.650000,0.422500,-0.000000
101.6400,-0.000000,0.650000,0.650000,0.422500,-0.000000
101.6500,-0.000000,0.650000,0.650000,0.422500,-0.000000
101.6600,-0.000000,0.650000,0.650000,0.422500,-0.000000
101.6700,-0.000000,0.650000,0.650000,0.422500,-0.000000
101.6800,-0.000000,0.650000,0.650000,0.422500,-0.000000
101.6900,-0.000000,0.650000,0.650000,0.422500,-0.000000
101.7000,-0.000000,0.650000,0.650000,0.422500,-0.000000
101.7100,-0.000000,0.650000,0.650000,0.422500,-0.000000
101.7200,-0.000000,0.650000,0.650000,0.422500,-0.000000
101.7300,-0.000000,0.650000,0.650000,0.422500,-0.000000
101.7400,-0.000000,0.650000,0.650000,0.422500,-0.000000
101.7500,-0.000000,0.650000,0.650000,0.422500,-0.000000
101.7600,-0.000000,0.650000,0.650000,0.422500,-0.000000
101.7700,-0.000000,0.650000,0.650000,0.422500,-0.000000
101.7800,-0.000000,0.650000,0.650000,0.422500,-0.000000
101.7900,-0.000000,0.650000,0.650000,0.422500,-0.000000
101.8000,-0.000000,0.650000,0.650000,0.422500,0.000000
101.8100,-0.000000,0.650000,0.650000,0.422500,0.000000
101.8200,0.000000,0.650000,0.650000,0.422500,0.000000
101.8300,0.000000,0.650000,0.650000,0.422500,0.000000
101.8400,0.000000,0.650000,0.650000,0.422500,0.000000
101.8500,0.000000,0.650000,0.650000,0.422500,0.000000
101.8600,0.000000,0.650000,0.650000,0.422500,0.000000
101.8700,0.000000,0.650000,0.650000,0.422500,0.000000
101.8800,0.000000,0.650000,0.650000,0.422500,0.000000
101.8900,0.000000,0.650000,0.650000,0.422500,0.000000
101.9000,0.000000,0.650000,0.650000,0.422500,0.000000
101.9100,0.000000,0.650000,0.650000,0.422500,0.000000
101.9200,0.000000,0.650000,0.650000,0.422500,0.000000
101.9300,0.000000,0.650000,0.650000,0.422500,0.000000
101.9400,0.000000,0.650000,0.650000,0.422500,0.000000
101.9500,0.000000,0.650000,0.650000,0.422500,0.000000
101.9600,0.000000,0.650000,0.650000,0.422500,0.000000
101.9700,0.000000,0.650000,0.650000,0.422500,0.000000
101.9800,0.000000,0.650000,0.650000,0.422500,0.000000
101.9900,0.000000,0.650000,0.650000,0.422500,0.000000
102.0000,0.000000,0.650000,0.650000,0.422500,0.000000
102.0100,0.000000,0.650000,0.650000,0.422500,0.000000
102.0200,0.000000,0.650000,0.650000,0.422500,0.000000
102.0300,0.000000,0.650000,0.650000,0.422500,0.000000
102.0400,0.000000,0.650000,0.650000,0.422500,0.000000
102.0500,0.000000,0.650000,0.650000,0.422500,0.000000
102.0600,0.000000,0.650000,0.650000,0.422500,0.000000
102.0700,0.000000,0.650000,0.650000,0.422500,0.000000
102.0800,0.000000,0.650000,0.650000,0.422500,0.000000
102.0900,0.000000,0.650000,0.650000,0.422500,0.000000
102.1000,0.000000,0.650000,0.650000,0.422500,0.000000
102.1100,0.000000,0.650000,0.650000,0.422500,0.000000
102.1200,0.000000,0.650000,0.650000,0.422500,0.000000
102.1300,0.000000,0.650000,0.650000,0.422500,0.000000
102.1400,0.000000,0.650000,0.650000,0.422500,0.000000
102.1500,0.000000,0.650000,0.650000,0.422500,0.000000
102.1600,0.000000,0.650000,0.650000,0.422500,0.000000
102.1700,0.000000,0.650000,0.650000,0.422500,0.000000
102.1800,0.000000,0.650000,0.650000,0.422500,0.000000
102.1900,0.000000,0.650000,0.650000,0.422500,0.000000
102.2000,0.000000,0.650000,0.650000,0.422500,0.000000
102.2100,0.000000,0.650000,0.650000,0.422500,0.000000
102.2200,0.000000,0.650000,0.650000,0.422500,0.000000
102.2300,0.000000,0.650000,0.650000,0.422500,0.000000
102.2400,0.000000,0.650000,0.650000,0.422500,0.000000
102.2500,0.000000,0.650000,0.650000,0.422500,0.000000
102.2600,0.000000,0.650000,0.650000,0.422500,0.000000
102.2700,0.000000,0.650000,0.650000,0.422500,0.000000
102.2800,0.000000,0.650000,0.650000,0.422500,0.000000
102.2900,0.000000,0.650000,0.650000,0.422500,0.000000
102.3000,0.000000,0.650000,0.650000,0.422500,0.000000
102.3100,0.000000,0.650000,0.650000,0.422500,0.000000
102.3200,0.000000,0.650000,0.650000,0.422500,0.000000
102.3300,0.000000,0.650000,0.650000,0.422500,0.000000
102.3400,0.000000,0.650000,0.650000,0.422500,0.000000
102.3500,0.000000,0.650000,0.650000,0.422500,0.000000
102.3600,0.000000,0.650000,0.650000,0.422500,0.000000
102.3700,0.000000,0.650000,0.650000,0.422500,0.000000
102.3800,0.000000,0.650000,0.650000,0.422500,0.000000
102.3900,0.000000,0.650000,0.650000,0.422500,0.000000
102.4000,0.000000,0.650000,0.650000,0.422500,0.000000
102.4100,0.000000,0.650000,0.650000,0.422500,0.000000
102.4200,0.000000,0.650000,0.650000,0.422500,0.000000
102.4300,0.000000,0.650000,0.650000,0.422500,0.000000
102.4400,0.000000,0.650000,0.650000,0.422500,0.000000
102.4500,0.000000,0.650000,0.650000,0.422500,0.000000
102.4600,0.000000,0.650000,0.650000,0.422500,0.000000
102.4700,0.000000,0.650000,0.650000,0.422500,0.000000
102.4800,0.000000,0.650000,0.650000,0.422500,0.000000
102.4900,0.000000,0.650000,0.650000,0.422500,0.000000
102.5000,0.000000,0.650000,0.650000,0.422500,0.000000
102.5100,0.000000,0.650000,0.650000,0.422500,-0.000000
102.5200,0.000000,0.650000,0.650000,0.422500,-0.000000
102.5300,0.000000,0.650000,0.650000,0.422500,-0.000000
102.5400,0.000000,0.650000,0.650000,0.422500,-0.000000
102.5500,0.000000,0.650000,0.650000,0.422500,-0.000000
102.5600,-0.000000,0.650000,0.650000,0.422500,-0.000000
102.5700,-0.000000,0.650000,0.650000,0.422500,-0.000000
102.5800,-0.000000,0.650000,0.650000,0.422500,-0.000000
102.5900,-0.000000,0.650000,0.650000,0.422500,-0.000000
102.6000,-0.000000,0.650000,0.650000,0.422500,-0.000000
102.6100,-0.000000,0.650000,0.650000,0.422500,-0.000000
102.6200,-0.000000,0.650000,0.650000,0.422500,-0.000000
102.6300,-0.000000,0.650000,0.650000,0.422500,-0.000000
102.6400,-0.000000,0.650000,0.650000,0.422500,-0.000000
102.6500,-0.000000,0.650000,0.650000,0.422500,-0.000000
102.6600,-0.000000,0.650000,0.650000,0.422500,-0.000000
102.6700,-0.000000,0.650000,0.650000,0.422500,-0.000000
102.6800,-0.000000,0.650000,0.650000,0.422500,-0.000000
102.6900,-0.000000,0.650000,0.650000,0.422500,-0.000000
102.7000,-0.000000,0.650000,0.650000,0.422500,-0.000000
102.7100,-0.000000,0.650000,0.650000,0.422500,-0.000000
102.7200,-0.000000,0.650000,0.650000,0.422500,-0.000000
102.7300,-0.000000,0.650000,0.650000,0.422500,-0.000000
102.7400,-0.000000,0.650000,0.650000,0.422500,-0.000000
102.7500,-0.000000,0.650000,0.650000,0.422500,-0.000000
102.7600,-0.000000,0.650000,0.650000,0.422500,-0.000000
102.7700,-0.000000,0.650000,0.650000,0.422500,-0.000000
102.7800,-0.000000,0.650000,0.650000,0.422500,-0.000000
102.7900,-0.000000,0.650000,0.650000,0.422500,-0.000000
102.8000,-0.000000,0.650000,0.650000,0.422500,-0.000000
102.8100,-0.000000,0.650000,0.650000,0.422500,-0.000000
102.8200,-0.000000,0.650000,0.650000,0.422500,-0.000000
102.8300,-0.000000,0.650000,0.650000,0.422500,-0.000000
102.8400,-0.000000,0.650000,0.650000,0.422500,-0.000000
102.8500,-0.000000,0.650000,0.650000,0.422500,-0.000000
102.8600,-0.000000,0.650000,0.650000,0.422500,-0.000000
102.8700,-0.000000,0.650000,0.650000,0.422500,-0.000000
102.8800,-0.000000,0.650000,0.650000,0.422500,-0.000000
102.8900,-0.000000,0.650000,0.650000,0.422500,-0.000000
102.9000,-0.000000,0.650000,0.650000,0.422500,-0.000000
102.9100,-0.000000,0.650000,0.650000,0.422500,-0.000000
102.9200,-0.000000,0.650000,0.650000,0.422500,-0.000000
102.9300,-0.000000,0.650000,0.650000,0.422500,-0.000000
102.9400,-0.000000,0.650000,0.650000,0.422500,-0.000000
102.9500,-0.000000,0.650000,0.650000,0.422500,-0.000000
102.9600,-0.000000,0.650000,0.650000,0.422500,-0.000000
102.9700,-0.000000,0.650000,0.650000,0.422500,-0.000000
102.9800,-0.000000,0.650000,0.650000,0.422500,-0.000000
102.9900,-0.000000,0.650000,0.650000,0.422500,-0.000000
103.0000,-0.000000,0.650000,0.650000,0.422500,-0.000000
103.0100,-0.000000,0.650000,0.650000,0.422500,-0.000000
103.0200,-0.000000,0.650000,0.650000,0.422500,-0.000000
103.0300,-0.000000,0.650000,0.650000,0.422500,-0.000000
103.0400,-0.000000,0.650000,0.650000,0.422500,-0.000000
103.0500,-0.000000,0.650000,0.650000,0.422500,-0.000000
103.0600,-0.000000,0.650000,0.650000,0.422500,-0.000000
103.0700,-0.000000,0.650000,0.650000,0.422500,-0.000000
103.0800,-0.000000,0.650000,0.650000,0.422500,-0.000000
103.0900,-0.000000,0.650000,0.650000,0.422500,-0.000000
103.1000,-0.000000,0.650000,0.650000,0.422500,-0.000000
103.1100,-0.000000,0.650000,0.650000,0.422500,-0.000000
103.1200,-0.000000,0.650000,0.650000,0.422500,-0.000000
103.1300,-0.000000,0.650000,0.650000,0.422500,-0.000000
103.1400,-0.000000,0.650000,0.650000,0.422500,-0.000000
103.1500,-0.000000,0.650000,0.650000,0.422500,-0.000000
103.1600,-0.000000,0.650000,0.650000,0.422500,-0.000000
103.1700,-0.000000,0.650000,0.650000,0.422500,-0.000000
103.1800,-0.000000,0.650000,0.650000,0.422500,-0.000000
103.1900,-0.000000,0.650000,0.650000,0.422500,-0.000000
103.2000,-0.000000,0.650000,0.650000,0.422500,-0.000000
103.2100,-0.000000,0.650000,0.650000,0.422500,0.000000
103.2200,-0.000000,0.650000,0.650000,0.422500,0.000000
103.2300,0.000000,0.650000,0.650000,0.422500,0.000000
103.2400,0.000000,0.650000,0.650000,0.422500,0.000000
103.2500,0.000000,0.650000,0.650000,0.422500,0.000000
103.2600,0.000000,0.650000,0.650000,0.422500,0.000000
103.2700,0.000000,0.650000,0.650000,0.422500,0.000000
103.2800,0.000000,0.650000,0.650000,0.422500,0.000000
103.2900,0.000000,0.650000,0.650000,0.422500,0.000000
103.3000,0.000000,0.650000,0.650000,0.422500,0.000000
103.3100,0.000000,0.650000,0.650000,0.422500,0.000000
103.3200,0.000000,0.650000,0.650000,0.422500,0.000000
103.3300,0.000000,0.650000,0.650000,0.422500,0.000000
103.3400,0.000000,0.650000,0.650000,0.422500,0.000000
103.3500,0.000000,0.650000,0.650000,0.422500,0.000000
103.3600,0.000000,0.650000,0.650000,0.422500,0.000000
103.3700,0.000000,0.650000,0.650000,0.422500,0.000000
103.3800,0.000000,0.650000,0.650000,0.422500,0.000000
103.3900,0.000000,0.650000,0.650000,0.422500,0.000000
103.4000,0.000000,0.650000,0.650000,0.422500,0.000000
103.4100,0.000000,0.650000,0.650000,0.422500,0.000000
103.4200,0.000000,0.650000,0.650000,0.422500,0.000000
103.4300,0.000000,0.650000,0.650000,0.422500,0.000000
103.4400,0.000000,0.650000,0.650000,0.422500,0.000000
103.4500,0.000000,0.650000,0.650000,0.422500,0.000000
103.4600,0.000000,0.650000,0.650000,0.422500,0.000000
103.4700,0.000000,0.650000,0.650000,0.422500,0.000000
103.4800,0.000000,0.650000,0.650000,0.422500,0.000000
103.4900,0.000000,0.650000,0.650000,0.422500,0.000000
103.5000,0.000000,0.650000,0.650000,0.422500,0.000000
103.5100,0.000000,0.650000,0.650000,0.422500,0.000000
103.5200,0.000000,0.650000,0.650000,0.422500,0.000000
103.5300,0.000000,0.650000,0.650000,0.422500,0.000000
103.5400,0.000000,0.650000,0.650000,0.422500,0.000000
103.5500,0.000000,0.650000,0.650000,0.422500,0.000000
103.5600,0.000000,0.650000,0.650000,0.422500,0.000000
103.5700,0.000000,0.650000,0.650000,0.422500,0.000000
103.5800,0.000000,0.650000,0.650000,0.422500,0.000000
103.5900,0.000000,0.650000,0.650000,0.422500,0.000000
103.6000,0.000000,0.650000,0.650000,0.422500,0.000000
103.6100,0.000000,0.650000,0.650000,0.422500,0.000000
103.6200,0.000000,0.650000,0.650000,0.422500,0.000000
103.6300,0.000000,0.650000,0.650000,0.422500,0.000000
103.6400,0.000000,0.650000,0.650000,0.422500,0.000000
103.6500,0.000000,0.650000,0.650000,0.422500,0.000000
103.6600,0.000000,0.650000,0.650000,0.422500,0.000000
103.6700,0.000000,0.650000,0.650000,0.422500,0.000000
103.6800,0.000000,0.650000,0.650000,0.422500,0.000000
103.6900,0.000000,0.650000,0.650000,0.422500,0.000000
103.7000,0.000000,0.650000,0.650000,0.422500,0.000000
103.7100,0.000000,0.650000,0.650000,0.422500,0.000000
103.7200,0.000000,0.650000,0.650000,0.422500,0.000000
103.7300,0.000000,0.650000,0.650000,0.422500,0.000000
103.7400,0.000000,0.650000,0.650000,0.422500,0.000000
103.7500,0.000000,0.650000,0.650000,0.422500,0.000000
103.7600,0.000000,0.650000,0.650000,0.422500,0.000000
103.7700,0.000000,0.650000,0.650000,0.422500,0.000000
103.7800,0.000000,0.650000,0.650000,0.422500,0.000000
103.7900,0.000000,0.650000,0.650000,0.422500,0.000000
103.8000,0.000000,0.650000,0.650000,0.422500,0.000000
103.8100,0.000000,0.650000,0.650000,0.422500,0.000000
103.8200,0.000000,0.650000,0.650000,0.422500,0.000000
103.8300,0.000000,0.650000,0.650000,0.422500,0.000000
103.8400,0.000000,0.650000,0.650000,0.422500,0.000000
103.8500,0.000000,0.650000,0.650000,0.422500,0.000000
103.8600,0.000000,0.650000,0.650000,0.422500,0.000000
103.8700,0.000000,0.650000,0.650000,0.422500,0.000000
103.8800,0.000000,0.650000,0.650000,0.422500,0.000000
103.8900,0.000000,0.650000,0.650000,0.422500,0.000000
103.9000,0.000000,0.650000,0.650000,0.422500,0.000000
103.9100,0.000000,0.650000,0.650000,0.422500,-0.000000
103.9200,0.000000,0.650000,0.650000,0.422500,-0.000000
103.9300,0.000000,0.650000,0.650000,0.422500,-0.000000
103.9400,0.000000,0.650000,0.650000,0.422500,-0.000000
103.9500,0.000000,0.650000,0.650000,0.422500,-0.000000
103.9600,0.000000,0.650000,0.650000,0.422500,-0.000000
103.9700,-0.000000,0.650000,0.650000,0.422500,-0.000000
103.9800,-0.000000,0.650000,0.650000,0.422500,-0.000000
103.9900,-0.000000,0.650000,0.650000,0.422500,-0.000000
104.0000,-0.000000,0.650000,0.650000,0.422500,-0.000000
104.0100,-0.000000,0.650000,0.650000,0.422500,-0.000000
104.0200,-0.000000,0.650000,0.650000,0.422500,-0.000000
104.0300,-0.000000,0.650000,0.650000,0.422500,-0.000000
104.0400,-0.000000,0.650000,0.650000,0.422500,-0.000000
104.0500,-0.000000,0.650000,0.650000,0.422500,-0.000000
104.0600,-0.000000,0.650000,0.650000,0.422500,-0.000000
104.0700,-0.000000,0.650000,0.650000,0.422500,-0.000000
104.0800,-0.000000,0.650000,0.650000,0.422500,-0.000000
104.0900,-0.000000,0.650000,0.650000,0.422500,-0.000000
104.1000,-0.000000,0.650000,0.650000,0.422500,-0.000000
104.1100,-0.000000,0.650000,0.650000,0.422500,-0.000000
104.1200,-0.000000,0.650000,0.650000,0.422500,-0.000000
104.1300,-0.000000,0.650000,0.650000,0.422500,-0.000000
104.1400,-0.000000,0.650000,0.650000,0.422500,-0.000000
104.1500,-0.000000,0.650000,0.650000,0.422500,-0.000000
104.1600,-0.000000,0.650000,0.650000,0.422500,-0.000000
104.1700,-0.000000,0.650000,0.650000,0.422500,-0.000000
104.1800,-0.000000,0.650000,0.650000,0.422500,-0.000000
104.1900,-0.000000,0.650000,0.650000,0.422500,-0.000000
104.2000,-0.000000,0.650000,0.650000,0.422500,-0.000000
104.2100,-0.000000,0.650000,0.650000,0.422500,-0.000000
104.2200,-0.000000,0.650000,0.650000,0.422500,-0.000000
104.2300,-0.000000,0.650000,0.650000,0.422500,-0.000000
104.2400,-0.000000,0.650000,0.650000,0.422500,-0.000000
104.2500,-0.000000,0.650000,0.650000,0.422500,-0.000000
104.2600,-0.000000,0.650000,0.650000,0.422500,-0.000000
104.2700,-0.000000,0.650000,0.650000,0.422500,-0.000000
104.2800,-0.000000,0.650000,0.650000,0.422500,-0.000000
104.2900,-0.000000,0.650000,0.650000,0.422500,-0.000000
104.3000,-0.000000,0.650000,0.650000,0.422500,-0.000000
104.3100,-0.000000,0.650000,0.650000,0.422500,-0.000000
104.3200,-0.000000,0.650000,0.650000,0.422500,-0.000000
104.3300,-0.000000,0.650000,0.650000,0.422500,-0.000000
104.3400,-0.000000,0.650000,0.650000,0.422500,-0.000000
104.3500,-0.000000,0.650000,0.650000,0.422500,-0.000000
104.3600,-0.000000,0.650000,0.650000,0.422500,-0.000000
104.3700,-0.000000,0.650000,0.650000,0.422500,-0.000000
104.3800,-0.000000,0.650000,0.650000,0.422500,-0.000000
104.3900,-0.000000,0.650000,0.650000,0.422500,-0.000000
104.4000,-0.000000,0.650000,0.650000,0.422500,-0.000000
104.4100,-0.000000,0.650000,0.650000,0.422500,-0.000000
104.4200,-0.000000,0.650000,0.650000,0.422500,-0.000000
104.4300,-0.000000,0.650000,0.650000,0.422500,-0.000000
104.4400,-0.000000,0.650000,0.650000,0.422500,-0.000000
104.4500,-0.000000,0.650000,0.650000,0.422500,-0.000000
104.4600,-0.000000,0.650000,0.650000,0.422500,-0.000000
104.4700,-0.000000,0.650000,0.650000,0.422500,-0.000000
104.4800,-0.000000,0.650000,0.650000,0.422500,-0.000000
104.4900,-0.000000,0.650000,0.650000,0.422500,-0.000000
104.5000,-0.000000,0.650000,0.650000,0.422500,-0.000000
104.5100,-0.000000,0.650000,0.650000,0.422500,-0.000000
104.5200,-0.000000,0.650000,0.650000,0.422500,-0.000000
104.5300,-0.000000,0.650000,0.650000,0.422500,-0.000000
104.5400,-0.000000,0.650000,0.650000,0.422500,-0.000000
104.5500,-0.000000,0.650000,0.650000,0.422500,-0.000000
104.5600,-0.000000,0.650000,0.650000,0.422500,-0.000000
104.5700,-0.000000,0.650000,0.650000,0.422500,-0.000000
104.5800,-0.000000,0.650000,0.650000,0.422500,-0.000000
104.5900,-0.000000,0.650000,0.650000,0.422500,-0.000000
104.6000,-0.000000,0.650000,0.650000,0.422500,-0.000000
104.6100,-0.000000,0.650000,0.650000,0.422500,0.000000
104.6200,-0.000000,0.650000,0.650000,0.422500,0.000000
104.6300,0.000000,0.650000,0.650000,0.422500,0.000000
104.6400,0.000000,0.650000,0.650000,0.422500,0.000000
104.6500,0.000000,0.650000,0.650000,0.422500,0.000000
104.6600,0.000000,0.650000,0.650000,0.422500,0.000000
104.6700,0.000000,0.650000,0.650000,0.422500,0.000000
104.6800,0.000000,0.650000,0.650000,0.422500,0.000000
104.6900,0.000000,0.650000,0.650000,0.422500,0.000000
104.7000,0.000000,0.650000,0.650000,0.422500,0.000000
104.7100,0.000000,0.650000,0.650000,0.422500,0.000000
104.7200,0.000000,0.650000,0.650000,0.422500,0.000000
104.7300,0.000000,0.650000,0.650000,0.422500,0.000000
104.7400,0.000000,0.650000,0.650000,0.422500,0.000000
104.7500,0.000000,0.650000,0.650000,0.422500,0.000000
104.7600,0.000000,0.650000,0.650000,0.422500,0.000000
104.7700,0.000000,0.650000,0.650000,0.422500,0.000000
104.7800,0.000000,0.650000,0.650000,0.422500,0.000000
104.7900,0.000000,0.650000,0.650000,0.422500,0.000000
104.8000,0.000000,0.650000,0.650000,0.422500,0.000000
104.8100,0.000000,0.650000,0.650000,0.422500,0.000000
104.8200,0.000000,0.650000,0.650000,0.422500,0.000000
104.8300,0.000000,0.650000,0.650000,0.422500,0.000000
104.8400,0.000000,0.650000,0.650000,0.422500,0.000000
104.8500,0.000000,0.650000,0.650000,0.422500,0.000000
104.8600,0.000000,0.650000,0.650000,0.422500,0.000000
104.8700,0.000000,0.650000,0.650000,0.422500,0.000000
104.8800,0.000000,0.650000,0.650000,0.422500,0.000000
104.8900,0.000000,0.650000,0.650000,0.422500,0.000000
104.9000,0.000000,0.650000,0.650000,0.422500,0.000000
104.9100,0.000000,0.650000,0.650000,0.422500,0.000000
104.9200,0.000000,0.650000,0.650000,0.422500,0.000000
104.9300,0.000000,0.650000,0.650000,0.422500,0.000000
104.9400,0.000000,0.650000,0.650000,0.422500,0.000000
104.9500,0.000000,0.650000,0.650000,0.422500,0.000000
104.9600,0.000000,0.650000,0.650000,0.422500,0.000000
104.9700,0.000000,0.650000,0.650000,0.422500,0.000000
104.9800,0.000000,0.650000,0.650000,0.422500,0.000000
104.9900,0.000000,0.650000,0.650000,0.422500,0.000000
105.0000,0.000000,0.650000,0.650000,0.422500,0.000000
105.0100,0.000000,0.650000,0.650000,0.422500,0.000000
105.0200,0.000000,0.650000,0.650000,0.422500,0.000000
105.0300,0.000000,0.650000,0.650000,0.422500,0.000000
105.0400,0.000000,0.650000,0.650000,0.422500,0.000000
105.0500,0.000000,0.650000,0.650000,0.422500,0.000000
105.0600,0.000000,0.650000,0.650000,0.422500,0.000000
105.0700,0.000000,0.650000,0.650000,0.422500,0.000000
105.0800,0.000000,0.650000,0.650000,0.422500,0.000000
105.0900,0.000000,0.650000,0.650000,0.422500,0.000000
105.1000,0.000000,0.650000,0.650000,0.422500,0.000000
105.1100,0.000000,0.650000,0.650000,0.422500,0.000000
105.1200,0.000000,0.650000,0.650000,0.422500,0.000000
105.1300,0.000000,0.650000,0.650000,0.422500,0.000000
105.1400,0.000000,0.650000,0.650000,0.422500,0.000000
105.1500,0.000000,0.650000,0.650000,0.422500,0.000000
105.1600,0.000000,0.650000,0.650000,0.422500,0.000000
105.1700,0.000000,0.650000,0.650000,0.422500,0.000000
105.1800,0.000000,0.650000,0.650000,0.422500,0.000000
105.1900,0.000000,0.650000,0.650000,0.422500,0.000000
105.2000,0.000000,0.650000,0.650000,0.422500,0.000000
105.2100,0.000000,0.650000,0.650000,0.422500,0.000000
105.2200,0.000000,0.650000,0.650000,0.422500,0.000000
105.2300,0.000000,0.650000,0.650000,0.422500,0.000000
105.2400,0.000000,0.650000,0.650000,0.422500,0.000000
105.2500,0.000000,0.650000,0.650000,0.422500,0.000000
105.2600,0.000000,0.650000,0.650000,0.422500,0.000000
105.2700,0.000000,0.650000,0.650000,0.422500,0.000000
105.2800,0.000000,0.650000,0.650000,0.422500,0.000000
105.2900,0.000000,0.650000,0.650000,0.422500,0.000000
105.3000,0.000000,0.650000,0.650000,0.422500,0.000000
105.3100,0.000000,0.650000,0.650000,0.422500,-0.000000
105.3200,0.000000,0.650000,0.650000,0.422500,-0.000000
105.3300,0.000000,0.650000,0.650000,0.422500,-0.000000
105.3400,0.000000,0.650000,0.650000,0.422500,-0.000000
105.3500,0.000000,0.650000,0.650000,0.422500,-0.000000
105.3600,0.000000,0.650000,0.650000,0.422500,-0.000000
105.3700,-0.000000,0.650000,0.650000,0.422500,-0.000000
105.3800,-0.000000,0.650000,0.650000,0.422500,-0.000000
105.3900,-0.000000,0.650000,0.650000,0.422500,-0.000000
105.4000,-0.000000,0.650000,0.650000,0.422500,-0.000000
105.4100,-0.000000,0.650000,0.650000,0.422500,-0.000000
105.4200,-0.000000,0.650000,0.650000,0.422500,-0.000000
105.4300,-0.000000,0.650000,0.650000,0.422500,-0.000000
105.4400,-0.000000,0.650000,0.650000,0.422500,-0.000000
105.4500,-0.000000,0.650000,0.650000,0.422500,-0.000000
105.4600,-0.000000,0.650000,0.650000,0.422500,-0.000000
105.4700,-0.000000,0.650000,0.650000,0.422500,-0.000000
105.4800,-0.000000,0.650000,0.650000,0.422500,-0.000000
105.4900,-0.000000,0.650000,0.650000,0.422500,-0.000000
105.5000,-0.000000,0.650000,0.650000,0.422500,-0.000000
105.5100,-0.000000,0.650000,0.650000,0.422500,-0.000000
105.5200,-0.000000,0.650000,0.650000,0.422500,-0.000000
105.5300,-0.000000,0.650000,0.650000,0.422500,-0.000000
105.5400,-0.000000,0.650000,0.650000,0.422500,-0.000000
105.5500,-0.000000,0.650000,0.650000,0.422500,-0.000000
105.5600,-0.000000,0.650000,0.650000,0.422500,-0.000000
105.5700,-0.000000,0.650000,0.650000,0.422500,-0.000000
105.5800,-0.000000,0.650000,0.650000,0.422500,-0.000000
105.5900,-0.000000,0.650000,0.650000,0.422500,-0.000000
105.6000,-0.000000,0.650000,0.650000,0.422500,-0.000000
105.6100,-0.000000,0.650000,0.650000,0.422500,-0.000000
105.6200,-0.000000,0.650000,0.650000,0.422500,-0.000000
105.6300,-0.000000,0.650000,0.650000,0.422500,-0.000000
105.6400,-0.000000,0.650000,0.650000,0.422500,-0.000000
105.6500,-0.000000,0.650000,0.650000,0.422500,-0.000000
105.6600,-0.000000,0.650000,0.650000,0.422500,-0.000000
105.6700,-0.000000,0.650000,0.650000,0.422500,-0.000000
105.6800,-0.000000,0.650000,0.650000,0.422500,-0.000000
105.6900,-0.000000,0.650000,0.650000,0.422500,-0.000000
105.7000,-0.000000,0.650000,0.650000,0.422500,-0.000000
105.7100,-0.000000,0.650000,0.650000,0.422500,-0.000000
105.7200,-0.000000,0.650000,0.650000,0.422500,-0.000000
105.7300,-0.000000,0.650000,0.650000,0.422500,-0.000000
105.7400,-0.000000,0.650000,0.650000,0.422500,-0.000000
105.7500,-0.000000,0.650000,0.650000,0.422500,-0.000000
105.7600,-0.000000,0.650000,0.650000,0.422500,-0.000000
105.7700,-0.000000,0.650000,0.650000,0.422500,-0.000000
105.7800,-0.000000,0.650000,0.650000,0.422500,-0.000000
105.7900,-0.000000,0.650000,0.650000,0.422500,-0.000000
105.8000,-0.000000,0.650000,0.650000,0.422500,-0.000000
105.8100,-0.000000,0.650000,0.650000,0.422500,-0.000000
105.8200,-0.000000,0.650000,0.650000,0.422500,-0.000000
105.8300,-0.000000,0.650000,0.650000,0.422500,-0.000000
105.8400,-0.000000,0.650000,0.650000,0.422500,-0.000000
105.8500,-0.000000,0.650000,0.650000,0.422500,-0.000000
105.8600,-0.000000,0.650000,0.650000,0.422500,-0.000000
105.8700,-0.000000,0.650000,0.650000,0.422500,-0.000000
105.8800,-0.000000,0.650000,0.650000,0.422500,-0.000000
105.8900,-0.000000,0.650000,0.650000,0.422500,-0.000000
105.9000,-0.000000,0.650000,0.650000,0.422500,-0.000000
105.9100,-0.000000,0.650000,0.650000,0.422500,-0.000000
105.9200,-0.000000,0.650000,0.650000,0.422500,-0.000000
105.9300,-0.000000,0.650000,0.650000,0.422500,-0.000000
105.9400,-0.000000,0.650000,0.650000,0.422500,-0.000000
105.9500,-0.000000,0.650000,0.650000,0.422500,-0.000000
105.9600,-0.000000,0.650000,0.650000,0.422500,-0.000000
105.9700,-0.000000,0.650000,0.650000,0.422500,-0.000000
105.9800,-0.000000,0.650000,0.650000,0.422500,-0.000000
105.9900,-0.000000,0.650000,0.650000,0.422500,-0.000000
106.0000,-0.000000,0.650000,0.650000,0.422500,-0.000000
106.0100,-0.000000,0.650000,0.650000,0.422500,0.000000
106.0200,-0.000000,0.650000,0.650000,0.422500,0.000000
106.0300,0.000000,0.650000,0.650000,0.422500,0.000000
106.0400,0.000000,0.650000,0.650000,0.422500,0.000000
106.0500,0.000000,0.650000,0.650000,0.422500,0.000000
106.0600,0.000000,0.650000,0.650000,0.422500,0.000000
106.0700,0.000000,0.650000,0.650000,0.422500,0.000000
106.0800,0.000000,0.650000,0.650000,0.422500,0.000000
106.0900,0.000000,0.650000,0.650000,0.422500,0.000000
106.1000,0.000000,0.650000,0.650000,0.422500,0.000000
106.1100,0.000000,0.650000,0.650000,0.422500,0.000000
106.1200,0.000000,0.650000,0.650000,0.422500,0.000000
106.1300,0.000000,0.650000,0.650000,0.422500,0.000000
106.1400,0.000000,0.650000,0.650000,0.422500,0.000000
106.1500,0.000000,0.650000,0.650000,0.422500,0.000000
106.1600,0.000000,0.650000,0.650000,0.422500,0.000000
106.1700,0.000000,0.650000,0.650000,0.422500,0.000000
106.1800,0.000000,0.650000,0.650000,0.422500,0.000000
106.1900,0.000000,0.650000,0.650000,0.422500,0.000000
106.2000,0.000000,0.650000,0.650000,0.422500,0.000000
106.2100,0.000000,0.650000,0.650000,0.422500,0.000000
106.2200,0.000000,0.650000,0.650000,0.422500,0.000000
106.2300,0.000000,0.650000,0.650000,0.422500,0.000000
106.2400,0.000000,0.650000,0.650000,0.422500,0.000000
106.2500,0.000000,0.650000,0.650000,0.422500,0.000000
106.2600,0.000000,0.650000,0.650000,0.422500,0.000000
106.2700,0.000000,0.650000,0.650000,0.422500,0.000000
106.2800,0.000000,0.650000,0.650000,0.422500,0.000000
106.2900,0.000000,0.650000,0.650000,0.422500,0.000000
106.3000,0.000000,0.650000,0.650000,0.422500,0.000000
106.3100,0.000000,0.650000,0.650000,0.422500,0.000000
106.3200,0.000000,0.650000,0.650000,0.422500,0.000000
106.3300,0.000000,0.650000,0.650000,0.422500,0.000000
106.3400,0.000000,0.650000,0.650000,0.422500,0.000000
106.3500,0.000000,0.650000,0.650000,0.422500,0.000000
106.3600,0.000000,0.650000,0.650000,0.422500,0.000000
106.3700,0.000000,0.650000,0.650000,0.422500,0.000000
106.3800,0.000000,0.650000,0.650000,0.422500,0.000000
106.3900,0.000000,0.650000,0.650000,0.422500,0.000000
106.4000,0.000000,0.650000,0.650000,0.422500,0.000000
106.4100,0.000000,0.650000,0.650000,0.422500,0.000000
106.4200,0.000000,0.650000,0.650000,0.422500,0.000000
106.4300,0.000000,0.650000,0.650000,0.422500,0.000000
106.4400,0.000000,0.650000,0.650000,0.422500,0.000000
106.4500,0.000000,0.650000,0.650000,0.422500,0.000000
106.4600,0.000000,0.650000,0.650000,0.422500,0.000000
106.4700,0.000000,0.650000,0.650000,0.422500,0.000000
106.4800,0.000000,0.650000,0.650000,0.422500,0.000000
106.4900,0.000000,0.650000,0.650000,0.422500,0.000000
106.5000,0.000000,0.650000,0.650000,0.422500,0.000000
106.5100,0.000000,0.650000,0.650000,0.422500,0.000000
106.5200,0.000000,0.650000,0.650000,0.422500,0.000000
106.5300,0.000000,0.650000,0.650000,0.422500,0.000000
106.5400,0.000000,0.650000,0.650000,0.422500,0.000000
106.5500,0.000000,0.650000,0.650000,0.422500,0.000000
106.5600,0.000000,0.650000,0.650000,0.422500,0.000000
106.5700,0.000000,0.650000,0.650000,0.422500,0.000000
106.5800,0.000000,0.650000,0.650000,0.422500,0.000000
106.5900,0.000000,0.650000,0.650000,0.422500,0.000000
106.6000,0.000000,0.650000,0.650000,0.422500,0.000000
106.6100,0.000000,0.650000,0.650000,0.422500,0.000000
106.6200,0.000000,0.650000,0.650000,0.422500,0.000000
106.6300,0.000000,0.650000,0.650000,0.422500,0.000000
106.6400,0.000000,0.650000,0.650000,0.422500,0.000000
106.6500,0.000000,0.650000,0.650000,0.422500,0.000000
106.6600,0.000000,0.650000,0.650000,0.422500,0.000000
106.6700,0.000000,0.650000,0.650000,0.422500,0.000000
106.6800,0.000000,0.650000,0.650000,0.422500,0.000000
106.6900,0.000000,0.650000,0.650000,0.422500,0.000000
106.7000,0.000000,0.650000,0.650000,0.422500,0.000000
106.7100,0.000000,0.650000,0.650000,0.422500,0.000000
106.7200,0.000000,0.650000,0.650000,0.422500,-0.000000
106.7300,0.000000,0.650000,0.650000,0.422500,-0.000000
106.7400,0.000000,0.650000,0.650000,0.422500,-0.000000
106.7500,0.000000,0.650000,0.650000,0.422500,-0.000000
106.7600,0.000000,0.650000,0.650000,0.422500,-0.000000
106.7700,-0.000000,0.650000,0.650000,0.422500,-0.000000
106.7800,-0.000000,0.650000,0.650000,0.422500,-0.000000
106.7900,-0.000000,0.650000,0.650000,0.422500,-0.000000
106.8000,-0.000000,0.650000,0.650000,0.422500,-0.000000
106.8100,-0.000000,0.650000,0.650000,0.422500,-0.000000
106.8200,-0.000000,0.650000,0.650000,0.422500,-0.000000
106.8300,-0.000000,0.650000,0.650000,0.422500,-0.000000
106.8400,-0.000000,0.650000,0.650000,0.422500,-0.000000
106.8500,-0.000000,0.650000,0.650000,0.422500,-0.000000
106.8600,-0.000000,0.650000,0.650000,0.422500,-0.000000
106.8700,-0.000000,0.650000,0.650000,0.422500,-0.000000
106.8800,-0.000000,0.650000,0.650000,0.422500,-0.000000
106.8900,-0.000000,0.650000,0.650000,0.422500,-0.000000
106.9000,-0.000000,0.650000,0.650000,0.422500,-0.000000
106.9100,-0.000000,0.650000,0.650000,0.422500,-0.000000
106.9200,-0.000000,0.650000,0.650000,0.422500,-0.000000
106.9300,-0.000000,0.650000,0.650000,0.422500,-0.000000
106.9400,-0.000000,0.650000,0.650000,0.422500,-0.000000
106.9500,-0.000000,0.650000,0.650000,0.422500,-0.000000
106.9600,-0.000000,0.650000,0.650000,0.422500,-0.000000
106.9700,-0.000000,0.650000,0.650000,0.422500,-0.000000
106.9800,-0.000000,0.650000,0.650000,0.422500,-0.000000
106.9900,-0.000000,0.650000,0.650000,0.422500,-0.000000
107.0000,-0.000000,0.650000,0.650000,0.422500,-0.000000
107.0100,-0.000000,0.650000,0.650000,0.422500,-0.000000
107.0200,-0.000000,0.650000,0.650000,0.422500,-0.000000
107.0300,-0.000000,0.650000,0.650000,0.422500,-0.000000
107.0400,-0.000000,0.650000,0.650000,0.422500,-0.000000
107.0500,-0.000000,0.650000,0.650000,0.422500,-0.000000
107.0600,-0.000000,0.650000,0.650000,0.422500,-0.000000
107.0700,-0.000000,0.650000,0.650000,0.422500,-0.000000
107.0800,-0.000000,0.650000,0.650000,0.422500,-0.000000
107.0900,-0.000000,0.650000,0.650000,0.422500,-0.000000
107.1000,-0.000000,0.650000,0.650000,0.422500,-0.000000
107.1100,-0.000000,0.650000,0.650000,0.422500,-0.000000
107.1200,-0.000000,0.650000,0.650000,0.422500,-0.000000
107.1300,-0.000000,0.650000,0.650000,0.422500,-0.000000
107.1400,-0.000000,0.650000,0.650000,0.422500,-0.000000
107.1500,-0.000000,0.650000,0.650000,0.422500,-0.000000
107.1600,-0.000000,0.650000,0.650000,0.422500,-0.000000
107.1700,-0.000000,0.650000,0.650000,0.422500,-0.000000
107.1800,-0.000000,0.650000,0.650000,0.422500,-0.000000
107.1900,-0.000000,0.650000,0.650000,0.422500,-0.000000
107.2000,-0.000000,0.650000,0.650000,0.422500,-0.000000
107.2100,-0.000000,0.650000,0.650000,0.422500,-0.000000
107.2200,-0.000000,0.650000,0.650000,0.422500,-0.000000
107.2300,-0.000000,0.650000,0.650000,0.422500,-0.000000
107.2400,-0.000000,0.650000,0.650000,0.422500,-0.000000
107.2500,-0.000000,0.650000,0.650000,0.422500,-0.000000
107.2600,-0.000000,0.650000,0.650000,0.422500,-0.000000
107.2700,-0.000000,0.650000,0.650000,0.422500,-0.000000
107.2800,-0.000000,0.650000,0.650000,0.422500,-0.000000
107.2900,-0.000000,0.650000,0.650000,0.422500,-0.000000
107.3000,-0.000000,0.650000,0.650000,0.422500,-0.000000
107.3100,-0.000000,0.650000,0.650000,0.422500,-0.000000
107.3200,-0.000000,0.650000,0.650000,0.422500,-0.000000
107.3300,-0.000000,0.650000,0.650000,0.422500,-0.000000
107.3400,-0.000000,0.650000,0.650000,0.422500,-0.000000
107.3500,-0.000000,0.650000,0.650000,0.422500,-0.000000
107.3600,-0.000000,0.650000,0.650000,0.422500,-0.000000
107.3700,-0.000000,0.650000,0.650000,0.422500,-0.000000
107.3800,-0.000000,0.650000,0.650000,0.422500,-0.000000
107.3900,-0.000000,0.650000,0.650000,0.422500,-0.000000
107.4000,-0.000000,0.650000,0.650000,0.422500,-0.000000
107.4100,-0.000000,0.650000,0.650000,0.422500,-0.000000
107.4200,-0.000000,0.650000,0.650000,0.422500,0.000000
107.4300,0.000000,0.650000,0.650000,0.422500,0.000000
107.4400,0.000000,0.650000,0.650000,0.422500,0.000000
107.4500,0.000000,0.650000,0.650000,0.422500,0.000000
107.4600,0.000000,0.650000,0.650000,0.422500,0.000000
107.4700,0.000000,0.650000,0.650000,0.422500,0.000000
107.4800,0.000000,0.650000,0.650000,0.422500,0.000000
107.4900,0.000000,0.650000,0.650000,0.422500,0.000000
107.5000,0.000000,0.650000,0.650000,0.422500,0.000000
107.5100,0.000000,0.650000,0.650000,0.422500,0.000000
107.5200,0.000000,0.650000,0.650000,0.422500,0.000000
107.5300,0.000000,0.650000,0.650000,0.422500,0.000000
107.5400,0.000000,0.650000,0.650000,0.422500,0.000000
107.5500,0.000000,0.650000,0.650000,0.422500,0.000000
107.5600,0.000000,0.650000,0.650000,0.422500,0.000000
107.5700,0.000000,0.650000,0.650000,0.422500,0.000000
107.5800,0.000000,0.650000,0.650000,0.422500,0.000000
107.5900,0.000000,0.650000,0.650000,0.422500,0.000000
107.6000,0.000000,0.650000,0.650000,0.422500,0.000000
107.6100,0.000000,0.650000,0.650000,0.422500,0.000000
107.6200,0.000000,0.650000,0.650000,0.422500,0.000000
107.6300,0.000000,0.650000,0.650000,0.422500,0.000000
107.6400,0.000000,0.650000,0.650000,0.422500,0.000000
107.6500,0.000000,0.650000,0.650000,0.422500,0.000000
107.6600,0.000000,0.650000,0.650000,0.422500,0.000000
107.6700,0.000000,0.650000,0.650000,0.422500,0.000000
107.6800,0.000000,0.650000,0.650000,0.422500,0.000000
107.6900,0.000000,0.650000,0.650000,0.422500,0.000000
107.7000,0.000000,0.650000,0.650000,0.422500,0.000000
107.7100,0.000000,0.650000,0.650000,0.422500,0.000000
107.7200,0.000000,0.650000,0.650000,0.422500,0.000000
107.7300,0.000000,0.650000,0.650000,0.422500,0.000000
107.7400,0.000000,0.650000,0.650000,0.422500,0.000000
107.7500,0.000000,0.650000,0.650000,0.422500,0.000000
107.7600,0.000000,0.650000,0.650000,0.422500,0.000000
107.7700,0.000000,0.650000,0.650000,0.422500,0.000000
107.7800,0.000000,0.650000,0.650000,0.422500,0.000000
107.7900,0.000000,0.650000,0.650000,0.422500,0.000000
107.8000,0.000000,0.650000,0.650000,0.422500,0.000000
107.8100,0.000000,0.650000,0.650000,0.422500,0.000000
107.8200,0.000000,0.650000,0.650000,0.422500,0.000000
107.8300,0.000000,0.650000,0.650000,0.422500,0.000000
107.8400,0.000000,0.650000,0.650000,0.422500,0.000000
107.8500,0.000000,0.650000,0.650000,0.422500,0.000000
107.8600,0.000000,0.650000,0.650000,0.422500,0.000000
107.8700,0.000000,0.650000,0.650000,0.422500,0.000000
107.8800,0.000000,0.650000,0.650000,0.422500,0.000000
107.8900,0.000000,0.650000,0.650000,0.422500,0.000000
107.9000,0.000000,0.650000,0.650000,0.422500,0.000000
107.9100,0.000000,0.650000,0.650000,0.422500,0.000000
107.9200,0.000000,0.650000,0.650000,0.422500,0.000000
107.9300,0.000000,0.650000,0.650000,0.422500,0.000000
107.9400,0.000000,0.650000,0.650000,0.422500,0.000000
107.9500,0.000000,0.650000,0.650000,0.422500,0.000000
107.9600,0.000000,0.650000,0.650000,0.422500,0.000000
107.9700,0.000000,0.650000,0.650000,0.422500,0.000000
107.9800,0.000000,0.650000,0.650000,0.422500,0.000000
107.9900,0.000000,0.650000,0.650000,0.422500,0.000000
108.0000,0.000000,0.650000,0.650000,0.422500,0.000000
108.0100,0.000000,0.650000,0.650000,0.422500,0.000000
108.0200,0.000000,0.650000,0.650000,0.422500,0.000000
108.0300,0.000000,0.650000,0.650000,0.422500,0.000000
108.0400,0.000000,0.650000,0.650000,0.422500,0.000000
108.0500,0.000000,0.650000,0.650000,0.422500,0.000000
108.0600,0.000000,0.650000,0.650000,0.422500,0.000000
108.0700,0.000000,0.650000,0.650000,0.422500,0.000000
108.0800,0.000000,0.650000,0.650000,0.422500,0.000000
108.0900,0.000000,0.650000,0.650000,0.422500,0.000000
108.1000,0.000000,0.650000,0.650000,0.422500,0.000000
108.1100,0.000000,0.650000,0.650000,0.422500,0.000000
108.1200,0.000000,0.650000,0.650000,0.422500,-0.000000
108.1300,0.000000,0.650000,0.650000,0.422500,-0.000000
108.1400,0.000000,0.650000,0.650000,0.422500,-0.000000
108.1500,0.000000,0.650000,0.650000,0.422500,-0.000000
108.1600,0.000000,0.650000,0.650000,0.422500,-0.000000
108.1700,0.000000,0.650000,0.650000,0.422500,-0.000000
108.1800,-0.000000,0.650000,0.650000,0.422500,-0.000000
108.1900,-0.000000,0.650000,0.650000,0.422500,-0.000000
108.2000,-0.000000,0.650000,0.650000,0.422500,-0.000000
108.2100,-0.000000,0.650000,0.650000,0.422500,-0.000000
108.2200,-0.000000,0.650000,0.650000,0.422500,-0.000000
108.2300,-0.000000,0.650000,0.650000,0.422500,-0.000000
108.2400,-0.000000,0.650000,0.650000,0.422500,-0.000000
108.2500,-0.000000,0.650000,0.650000,0.422500,-0.000000
108.2600,-0.000000,0.650000,0.650000,0.422500,-0.000000
108.2700,-0.000000,0.650000,0.650000,0.422500,-0.000000
108.2800,-0.000000,0.650000,0.650000,0.422500,-0.000000
108.2900,-0.000000,0.650000,0.650000,0.422500,-0.000000
108.3000,-0.000000,0.650000,0.650000,0.422500,-0.000000
108.3100,-0.000000,0.650000,0.650000,0.422500,-0.000000
108.3200,-0.000000,0.650000,0.650000,0.422500,-0.000000
108.3300,-0.000000,0.650000,0.650000,0.422500,-0.000000
108.3400,-0.000000,0.650000,0.650000,0.422500,-0.000000
108.3500,-0.000000,0.650000,0.650000,0.422500,-0.000000
108.3600,-0.000000,0.650000,0.650000,0.422500,-0.000000
108.3700,-0.000000,0.650000,0.650000,0.422500,-0.000000
108.3800,-0.000000,0.650000,0.650000,0.422500,-0.000000
108.3900,-0.000000,0.650000,0.650000,0.422500,-0.000000
108.4000,-0.000000,0.650000,0.650000,0.422500,-0.000000
108.4100,-0.000000,0.650000,0.650000,0.422500,-0.000000
108.4200,-0.000000,0.650000,0.650000,0.422500,-0.000000
108.4300,-0.000000,0.650000,0.650000,0.422500,-0.000000
108.4400,-0.000000,0.650000,0.650000,0.422500,-0.000000
108.4500,-0.000000,0.650000,0.650000,0.422500,-0.000000
108.4600,-0.000000,0.650000,0.650000,0.422500,-0.000000
108.4700,-0.000000,0.650000,0.650000,0.422500,-0.000000
108.4800,-0.000000,0.650000,0.650000,0.422500,-0.000000
108.4900,-0.000000,0.650000,0.650000,0.422500,-0.000000
108.5000,-0.000000,0.650000,0.650000,0.422500,-0.000000
108.5100,-0.000000,0.650000,0.650000,0.422500,-0.000000
108.5200,-0.000000,0.650000,0.650000,0.422500,-0.000000
108.5300,-0.000000,0.650000,0.650000,0.422500,-0.000000
108.5400,-0.000000,0.650000,0.650000,0.422500,-0.000000
108.5500,-0.000000,0.650000,0.650000,0.422500,-0.000000
108.5600,-0.000000,0.650000,0.650000,0.422500,-0.000000
108.5700,-0.000000,0.650000,0.650000,0.422500,-0.000000
108.5800,-0.000000,0.650000,0.650000,0.422500,-0.000000
108.5900,-0.000000,0.650000,0.650000,0.422500,-0.000000
108.6000,-0.000000,0.650000,0.650000,0.422500,-0.000000
108.6100,-0.000000,0.650000,0.650000,0.422500,-0.000000
108.6200,-0.000000,0.650000,0.650000,0.422500,-0.000000
108.6300,-0.000000,0.650000,0.650000,0.422500,-0.000000
108.6400,-0.000000,0.650000,0.650000,0.422500,-0.000000
108.6500,-0.000000,0.650000,0.650000,0.422500,-0.000000
108.6600,-0.000000,0.650000,0.650000,0.422500,-0.000000
108.6700,-0.000000,0.650000,0.650000,0.422500,-0.000000
108.6800,-0.000000,0.650000,0.650000,0.422500,-0.000000
108.6900,-0.000000,0.650000,0.650000,0.422500,-0.000000
108.7000,-0.000000,0.650000,0.650000,0.422500,-0.000000
108.7100,-0.000000,0.650000,0.650000,0.422500,-0.000000
108.7200,-0.000000,0.650000,0.650000,0.422500,-0.000000
108.7300,-0.000000,0.650000,0.650000,0.422500,-0.000000
108.7400,-0.000000,0.650000,0.650000,0.422500,-0.000000
108.7500,-0.000000,0.650000,0.650000,0.422500,-0.000000
108.7600,-0.000000,0.650000,0.650000,0.422500,-0.000000
108.7700,-0.000000,0.650000,0.650000,0.422500,-0.000000
108.7800,-0.000000,0.650000,0.650000,0.422500,-0.000000
108.7900,-0.000000,0.650000,0.650000,0.422500,-0.000000
108.8000,-0.000000,0.650000,0.650000,0.422500,-0.000000
108.8100,-0.000000,0.650000,0.650000,0.422500,-0.000000
108.8200,-0.000000,0.650000,0.650000,0.422500,0.000000
108.8300,-0.000000,0.650000,0.650000,0.422500,0.000000
108.8400,0.000000,0.650000,0.650000,0.422500,0.000000
108.8500,0.000000,0.650000,0.650000,0.422500,0.000000
108.8600,0.000000,0.650000,0.650000,0.422500,0.000000
108.8700,0.000000,0.650000,0.650000,0.422500,0.000000
108.8800,0.000000,0.650000,0.650000,0.422500,0.000000
108.8900,0.000000,0.650000,0.650000,0.422500,0.000000
108.9000,0.000000,0.650000,0.650000,0.422500,0.000000
108.9100,0.000000,0.650000,0.650000,0.422500,0.000000
108.9200,0.000000,0.650000,0.650000,0.422500,0.000000
108.9300,0.000000,0.650000,0.650000,0.422500,0.000000
108.9400,0.000000,0.650000,0.650000,0.422500,0.000000
108.9500,0.000000,0.650000,0.650000,0.422500,0.000000
108.9600,0.000000,0.650000,0.650000,0.422500,0.000000
108.9700,0.000000,0.650000,0.650000,0.422500,0.000000
108.9800,0.000000,0.650000,0.650000,0.422500,0.000000
108.9900,0.000000,0.650000,0.650000,0.422500,0.000000
109.0000,0.000000,0.650000,0.650000,0.422500,0.000000
109.0100,0.000000,0.650000,0.650000,0.422500,0.000000
109.0200,0.000000,0.650000,0.650000,0.422500,0.000000
109.0300,0.000000,0.650000,0.650000,0.422500,0.000000
109.0400,0.000000,0.650000,0.650000,0.422500,0.000000
109.0500,0.000000,0.650000,0.650000,0.422500,0.000000
109.0600,0.000000,0.650000,0.650000,0.422500,0.000000
109.0700,0.000000,0.650000,0.650000,0.422500,0.000000
109.0800,0.000000,0.650000,0.650000,0.422500,0.000000
109.0900,0.000000,0.650000,0.650000,0.422500,0.000000
109.1000,0.000000,0.650000,0.650000,0.422500,0.000000
109.1100,0.000000,0.650000,0.650000,0.422500,0.000000
109.1200,0.000000,0.650000,0.650000,0.422500,0.000000
109.1300,0.000000,0.650000,0.650000,0.422500,0.000000
109.1400,0.000000,0.650000,0.650000,0.422500,0.000000
109.1500,0.000000,0.650000,0.650000,0.422500,0.000000
109.1600,0.000000,0.650000,0.650000,0.422500,0.000000
109.1700,0.000000,0.650000,0.650000,0.422500,0.000000
109.1800,0.000000,0.650000,0.650000,0.422500,0.000000
109.1900,0.000000,0.650000,0.650000,0.422500,0.000000
109.2000,0.000000,0.650000,0.650000,0.422500,0.000000
109.2100,0.000000,0.650000,0.650000,0.422500,0.000000
109.2200,0.000000,0.650000,0.650000,0.422500,0.000000
109.2300,0.000000,0.650000,0.650000,0.422500,0.000000
109.2400,0.000000,0.650000,0.650000,0.422500,0.000000
109.2500,0.000000,0.650000,0.650000,0.422500,0.000000
109.2600,0.000000,0.650000,0.650000,0.422500,0.000000
109.2700,0.000000,0.650000,0.650000,0.422500,0.000000
109.2800,0.000000,0.650000,0.650000,0.422500,0.000000
109.2900,0.000000,0.650000,0.650000,0.422500,0.000000
109.3000,0.000000,0.650000,0.650000,0.422500,0.000000
109.3100,0.000000,0.650000,0.650000,0.422500,0.000000
109.3200,0.000000,0.650000,0.650000,0.422500,0.000000
109.3300,0.000000,0.650000,0.650000,0.422500,0.000000
109.3400,0.000000,0.650000,0.650000,0.422500,0.000000
109.3500,0.000000,0.650000,0.650000,0.422500,0.000000
109.3600,0.000000,0.650000,0.650000,0.422500,0.000000
109.3700,0.000000,0.650000,0.650000,0.422500,0.000000
109.3800,0.000000,0.650000,0.650000,0.422500,0.000000
109.3900,0.000000,0.650000,0.650000,0.422500,0.000000
109.4000,0.000000,0.650000,0.650000,0.422500,0.000000
109.4100,0.000000,0.650000,0.650000,0.422500,0.000000
109.4200,0.000000,0.650000,0.650000,0.422500,0.000000
109.4300,0.000000,0.650000,0.650000,0.422500,0.000000
109.4400,0.000000,0.650000,0.650000,0.422500,0.000000
109.4500,0.000000,0.650000,0.650000,0.422500,0.000000
109.4600,0.000000,0.650000,0.650000,0.422500,0.000000
109.4700,0.000000,0.650000,0.650000,0.422500,0.000000
109.4800,0.000000,0.650000,0.650000,0.422500,0.000000
109.4900,0.000000,0.650000,0.650000,0.422500,0.000000
109.5000,0.000000,0.650000,0.650000,0.422500,0.000000
109.5100,0.000000,0.650000,0.650000,0.422500,0.000000
109.5200,0.000000,0.650000,0.650000,0.422500,-0.000000
109.5300,0.000000,0.650000,0.650000,0.422500,-0.000000
109.5400,0.000000,0.650000,0.650000,0.422500,-0.000000
109.5500,0.000000,0.650000,0.650000,0.422500,-0.000000
109.5600,0.000000,0.650000,0.650000,0.422500,-0.000000
109.5700,0.000000,0.650000,0.650000,0.422500,-0.000000
109.5800,-0.000000,0.650000,0.650000,0.422500,-0.000000
109.5900,-0.000000,0.650000,0.650000,0.422500,-0.000000
109.6000,-0.000000,0.650000,0.650000,0.422500,-0.000000
109.6100,-0.000000,0.650000,0.650000,0.422500,-0.000000
109.6200,-0.000000,0.650000,0.650000,0.422500,-0.000000
109.6300,-0.000000,0.650000,0.650000,0.422500,-0.000000
109.6400,-0.000000,0.650000,0.650000,0.422500,-0.000000
109.6500,-0.000000,0.650000,0.650000,0.422500,-0.000000
109.6600,-0.000000,0.650000,0.650000,0.422500,-0.000000
109.6700,-0.000000,0.650000,0.650000,0.422500,-0.000000
109.6800,-0.000000,0.650000,0.650000,0.422500,-0.000000
109.6900,-0.000000,0.650000,0.650000,0.422500,-0.000000
109.7000,-0.000000,0.650000,0.650000,0.422500,-0.000000
109.7100,-0.000000,0.650000,0.650000,0.422500,-0.000000
109.7200,-0.000000,0.650000,0.650000,0.422500,-0.000000
109.7300,-0.000000,0.650000,0.650000,0.422500,-0.000000
109.7400,-0.000000,0.650000,0.650000,0.422500,-0.000000
109.7500,-0.000000,0.650000,0.650000,0.422500,-0.000000
109.7600,-0.000000,0.650000,0.650000,0.422500,-0.000000
109.7700,-0.000000,0.650000,0.650000,0.422500,-0.000000
109.7800,-0.000000,0.650000,0.650000,0.422500,-0.000000
109.7900,-0.000000,0.650000,0.650000,0.422500,-0.000000
109.8000,-0.000000,0.650000,0.650000,0.422500,-0.000000
109.8100,-0.000000,0.650000,0.650000,0.422500,-0.000000
109.8200,-0.000000,0.650000,0.650000,0.422500,-0.000000
109.8300,-0.000000,0.650000,0.650000,0.422500,-0.000000
109.8400,-0.000000,0.650000,0.650000,0.422500,-0.000000
109.8500,-0.000000,0.650000,0.650000,0.422500,-0.000000
109.8600,-0.000000,0.650000,0.650000,0.422500,-0.000000
109.8700,-0.000000,0.650000,0.650000,0.422500,-0.000000
109.8800,-0.000000,0.650000,0.650000,0.422500,-0.000000
109.8900,-0.000000,0.650000,0.650000,0.422500,-0.000000
109.9000,-0.000000,0.650000,0.650000,0.422500,-0.000000
109.9100,-0.000000,0.650000,0.650000,0.422500,-0.000000
109.9200,-0.000000,0.650000,0.650000,0.422500,-0.000000
109.9300,-0.000000,0.650000,0.650000,0.422500,-0.000000
109.9400,-0.000000,0.650000,0.650000,0.422500,-0.000000
109.9500,-0.000000,0.650000,0.650000,0.422500,-0.000000
109.9600,-0.000000,0.650000,0.650000,0.422500,-0.000000
109.9700,-0.000000,0.650000,0.650000,0.422500,-0.000000
109.9800,-0.000000,0.650000,0.650000,0.422500,-0.000000
109.9900,-0.000000,0.650000,0.650000,0.422500,-0.000000
110.0000,-0.000000,0.650000,0.650000,0.422500,-0.000000
110.0100,-0.000000,0.650000,0.650000,0.422500,-0.000000
110.0200,-0.000000,0.650000,0.650000,0.422500,-0.000000
110.0300,-0.000000,0.650000,0.650000,0.422500,-0.000000
110.0400,-0.000000,0.650000,0.650000,0.422500,-0.000000
110.0500,-0.000000,0.650000,0.650000,0.422500,-0.000000
110.0600,-0.000000,0.650000,0.650000,0.422500,-0.000000
110.0700,-0.000000,0.650000,0.650000,0.422500,-0.000000
110.0800,-0.000000,0.650000,0.650000,0.422500,-0.000000
110.0900,-0.000000,0.650000,0.650000,0.422500,-0.000000
110.1000,-0.000000,0.650000,0.650000,0.422500,-0.000000
110.1100,-0.000000,0.650000,0.650000,0.422500,-0.000000
110.1200,-0.000000,0.650000,0.650000,0.422500,-0.000000
110.1300,-0.000000,0.650000,0.650000,0.422500,-0.000000
110.1400,-0.000000,0.650000,0.650000,0.422500,-0.000000
110.1500,-0.000000,0.650000,0.650000,0.422500,-0.000000
110.1600,-0.000000,0.650000,0.650000,0.422500,-0.000000
110.1700,-0.000000,0.650000,0.650000,0.422500,-0.000000
110.1800,-0.000000,0.650000,0.650000,0.422500,-0.000000
110.1900,-0.000000,0.650000,0.650000,0.422500,-0.000000
110.2000,-0.000000,0.650000,0.650000,0.422500,-0.000000
110.2100,-0.000000,0.650000,0.650000,0.422500,-0.000000
110.2200,-0.000000,0.650000,0.650000,0.422500,0.000000
110.2300,-0.000000,0.650000,0.650000,0.422500,0.000000
110.2400,0.000000,0.650000,0.650000,0.422500,0.000000
110.2500,0.000000,0.650000,0.650000,0.422500,0.000000
110.2600,0.000000,0.650000,0.650000,0.422500,0.000000
110.2700,0.000000,0.650000,0.650000,0.422500,0.000000
110.2800,0.000000,0.650000,0.650000,0.422500,0.000000
110.2900,0.000000,0.650000,0.650000,0.422500,0.000000
110.3000,0.000000,0.650000,0.650000,0.422500,0.000000
110.3100,0.000000,0.650000,0.650000,0.422500,0.000000
110.3200,0.000000,0.650000,0.650000,0.422500,0.000000
110.3300,0.000000,0.650000,0.650000,0.422500,0.000000
110.3400,0.000000,0.650000,0.650000,0.422500,0.000000
110.3500,0.000000,0.650000,0.650000,0.422500,0.000000
110.3600,0.000000,0.650000,0.650000,0.422500,0.000000
110.3700,0.000000,0.650000,0.650000,0.422500,0.000000
110.3800,0.000000,0.650000,0.650000,0.422500,0.000000
110.3900,0.000000,0.650000,0.650000,0.422500,0.000000
110.4000,0.000000,0.650000,0.650000,0.422500,0.000000
110.4100,0.000000,0.650000,0.650000,0.422500,0.000000
110.4200,0.000000,0.650000,0.650000,0.422500,0.000000
110.4300,0.000000,0.650000,0.650000,0.422500,0.000000
110.4400,0.000000,0.650000,0.650000,0.422500,0.000000
110.4500,0.000000,0.650000,0.650000,0.422500,0.000000
110.4600,0.000000,0.650000,0.650000,0.422500,0.000000
110.4700,0.000000,0.650000,0.650000,0.422500,0.000000
110.4800,0.000000,0.650000,0.650000,0.422500,0.000000
110.4900,0.000000,0.650000,0.650000,0.422500,0.000000
110.5000,0.000000,0.650000,0.650000,0.422500,0.000000
110.5100,0.000000,0.650000,0.650000,0.422500,0.000000
110.5200,0.000000,0.650000,0.650000,0.422500,0.000000
110.5300,0.000000,0.650000,0.650000,0.422500,0.000000
110.5400,0.000000,0.650000,0.650000,0.422500,0.000000
110.5500,0.000000,0.650000,0.650000,0.422500,0.000000
110.5600,0.000000,0.650000,0.650000,0.422500,0.000000
110.5700,0.000000,0.650000,0.650000,0.422500,0.000000
110.5800,0.000000,0.650000,0.650000,0.422500,0.000000
110.5900,0.000000,0.650000,0.650000,0.422500,0.000000
110.6000,0.000000,0.650000,0.650000,0.422500,0.000000
110.6100,0.000000,0.650000,0.650000,0.422500,0.000000
110.6200,0.000000,0.650000,0.650000,0.422500,0.000000
110.6300,0.000000,0.650000,0.650000,0.422500,0.000000
110.6400,0.000000,0.650000,0.650000,0.422500,0.000000
110.6500,0.000000,0.650000,0.650000,0.422500,0.000000
110.6600,0.000000,0.650000,0.650000,0.422500,0.000000
110.6700,0.000000,0.650000,0.650000,0.422500,0.000000
110.6800,0.000000,0.650000,0.650000,0.422500,0.000000
110.6900,0.000000,0.650000,0.650000,0.422500,0.000000
110.7000,0.000000,0.650000,0.650000,0.422500,0.000000
110.7100,0.000000,0.650000,0.650000,0.422500,0.000000
110.7200,0.000000,0.650000,0.650000,0.422500,0.000000
110.7300,0.000000,0.650000,0.650000,0.422500,0.000000
110.7400,0.000000,0.650000,0.650000,0.422500,0.000000
110.7500,0.000000,0.650000,0.650000,0.422500,0.000000
110.7600,0.000000,0.650000,0.650000,0.422500,0.000000
110.7700,0.000000,0.650000,0.650000,0.422500,0.000000
110.7800,0.000000,0.650000,0.650000,0.422500,0.000000
110.7900,0.000000,0.650000,0.650000,0.422500,0.000000
110.8000,0.000000,0.650000,0.650000,0.422500,0.000000
110.8100,0.000000,0.650000,0.650000,0.422500,0.000000
110.8200,0.000000,0.650000,0.650000,0.422500,0.000000
110.8300,0.000000,0.650000,0.650000,0.422500,0.000000
110.8400,0.000000,0.650000,0.650000,0.422500,0.000000
110.8500,0.000000,0.650000,0.650000,0.422500,0.000000
110.8600,0.000000,0.650000,0.650000,0.422500,0.000000
110.8700,0.000000,0.650000,0.650000,0.422500,0.000000
110.8800,0.000000,0.650000,0.650000,0.422500,0.000000
110.8900,0.000000,0.650000,0.650000,0.422500,0.000000
110.9000,0.000000,0.650000,0.650000,0.422500,0.000000
110.9100,0.000000,0.650000,0.650000,0.422500,0.000000
110.9200,0.000000,0.650000,0.650000,0.422500,0.000000
110.9300,0.000000,0.650000,0.650000,0.422500,-0.000000
110.9400,0.000000,0.650000,0.650000,0.422500,-0.000000
110.9500,0.000000,0.650000,0.650000,0.422500,-0.000000
110.9600,0.000000,0.650000,0.650000,0.422500,-0.000000
110.9700,0.000000,0.650000,0.650000,0.422500,-0.000000
110.9800,0.000000,0.650000,0.650000,0.422500,-0.000000
110.9900,-0.000000,0.650000,0.650000,0.422500,-0.000000
111.0000,-0.000000,0.650000,0.650000,0.422500,-0.000000
111.0100,-0.000000,0.650000,0.650000,0.422500,-0.000000
111.0200,-0.000000,0.650000,0.650000,0.422500,-0.000000
111.0300,-0.000000,0.650000,0.650000,0.422500,-0.000000
111.0400,-0.000000,0.650000,0.650000,0.422500,-0.000000
111.0500,-0.000000,0.650000,0.650000,0.422500,-0.000000
111.0600,-0.000000,0.650000,0.650000,0.422500,-0.000000
111.0700,-0.000000,0.650000,0.650000,0.422500,-0.000000
111.0800,-0.000000,0.650000,0.650000,0.422500,-0.000000
111.0900,-0.000000,0.650000,0.650000,0.422500,-0.000000
111.1000,-0.000000,0.650000,0.650000,0.422500,-0.000000
111.1100,-0.000000,0.650000,0.650000,0.422500,-0.000000
111.1200,-0.000000,0.650000,0.650000,0.422500,-0.000000
111.1300,-0.000000,0.650000,0.650000,0.422500,-0.000000
111.1400,-0.000000,0.650000,0.650000,0.422500,-0.000000
111.1500,-0.000000,0.650000,0.650000,0.422500,-0.000000
111.1600,-0.000000,0.650000,0.650000,0.422500,-0.000000
111.1700,-0.000000,0.650000,0.650000,0.422500,-0.000000
111.1800,-0.000000,0.650000,0.650000,0.422500,-0.000000
111.1900,-0.000000,0.650000,0.650000,0.422500,-0.000000
111.2000,-0.000000,0.650000,0.650000,0.422500,-0.000000
111.2100,-0.000000,0.650000,0.650000,0.422500,-0.000000
111.2200,-0.000000,0.650000,0.650000,0.422500,-0.000000
111.2300,-0.000000,0.650000,0.650000,0.422500,-0.000000
111.2400,-0.000000,0.650000,0.650000,0.422500,-0.000000
111.2500,-0.000000,0.650000,0.650000,0.422500,-0.000000
111.2600,-0.000000,0.650000,0.650000,0.422500,-0.000000
111.2700,-0.000000,0.650000,0.650000,0.422500,-0.000000
111.2800,-0.000000,0.650000,0.650000,0.422500,-0.000000
111.2900,-0.000000,0.650000,0.650000,0.422500,-0.000000
111.3000,-0.000000,0.650000,0.650000,0.422500,-0.000000
111.3100,-0.000000,0.650000,0.650000,0.422500,-0.000000
111.3200,-0.000000,0.650000,0.650000,0.422500,-0.000000
111.3300,-0.000000,0.650000,0.650000,0.422500,-0.000000
111.3400,-0.000000,0.650000,0.650000,0.422500,-0.000000
111.3500,-0.000000,0.650000,0.650000,0.422500,-0.000000
111.3600,-0.000000,0.650000,0.650000,0.422500,-0.000000
111.3700,-0.000000,0.650000,0.650000,0.422500,-0.000000
111.3800,-0.000000,0.650000,0.650000,0.422500,-0.000000
111.3900,-0.000000,0.650000,0.650000,0.422500,-0.000000
111.4000,-0.000000,0.650000,0.650000,0.422500,-0.000000
111.4100,-0.000000,0.650000,0.650000,0.422500,-0.000000
111.4200,-0.000000,0.650000,0.650000,0.422500,-0.000000
111.4300,-0.000000,0.650000,0.650000,0.422500,-0.000000
111.4400,-0.000000,0.650000,0.650000,0.422500,-0.000000
111.4500,-0.000000,0.650000,0.650000,0.422500,-0.000000
111.4600,-0.000000,0.650000,0.650000,0.422500,-0.000000
111.4700,-0.000000,0.650000,0.650000,0.422500,-0.000000
111.4800,-0.000000,0.650000,0.650000,0.422500,-0.000000
111.4900,-0.000000,0.650000,0.650000,0.422500,-0.000000
111.5000,-0.000000,0.650000,0.650000,0.422500,-0.000000
111.5100,-0.000000,0.650000,0.650000,0.422500,-0.000000
111.5200,-0.000000,0.650000,0.650000,0.422500,-0.000000
111.5300,-0.000000,0.650000,0.650000,0.422500,-0.000000
111.5400,-0.000000,0.650000,0.650000,0.422500,-0.000000
111.5500,-0.000000,0.650000,0.650000,0.422500,-0.000000
111.5600,-0.000000,0.650000,0.650000,0.422500,-0.000000
111.5700,-0.000000,0.650000,0.650000,0.422500,-0.000000
111.5800,-0.000000,0.650000,0.650000,0.422500,-0.000000
111.5900,-0.000000,0.650000,0.650000,0.422500,-0.000000
111.6000,-0.000000,0.650000,0.650000,0.422500,-0.000000
111.6100,-0.000000,0.650000,0.650000,0.422500,-0.000000
111.6200,-0.000000,0.650000,0.650000,0.422500,-0.000000
111.6300,-0.000000,0.650000,0.650000,0.422500,0.000000
111.6400,0.000000,0.650000,0.650000,0.422500,0.000000
111.6500,0.000000,0.650000,0.650000,0.422500,0.000000
111.6600,0.000000,0.650000,0.650000,0.422500,0.000000
111.6700,0.000000,0.650000,0.650000,0.422500,0.000000
111.6800,0.000000,0.650000,0.650000,0.422500,0.000000
111.6900,0.000000,0.650000,0.650000,0.422500,0.000000
111.7000,0.000000,0.650000,0.650000,0.422500,0.000000
111.7100,0.000000,0.650000,0.650000,0.422500,0.000000
111.7200,0.000000,0.650000,0.650000,0.422500,0.000000
111.7300,0.000000,0.650000,0.650000,0.422500,0.000000
111.7400,0.000000,0.650000,0.650000,0.422500,0.000000
111.7500,0.000000,0.650000,0.650000,0.422500,0.000000
111.7600,0.000000,0.650000,0.650000,0.422500,0.000000
111.7700,0.000000,0.650000,0.650000,0.422500,0.000000
111.7800,0.000000,0.650000,0.650000,0.422500,0.000000
111.7900,0.000000,0.650000,0.650000,0.422500,0.000000
111.8000,0.000000,0.650000,0.650000,0.422500,0.000000
111.8100,0.000000,0.650000,0.650000,0.422500,0.000000
111.8200,0.000000,0.650000,0.650000,0.422500,0.000000
111.8300,0.000000,0.650000,0.650000,0.422500,0.000000
111.8400,0.000000,0.650000,0.650000,0.422500,0.000000
111.8500,0.000000,0.650000,0.650000,0.422500,0.000000
111.8600,0.000000,0.650000,0.650000,0.422500,0.000000
111.8700,0.000000,0.650000,0.650000,0.422500,0.000000
111.8800,0.000000,0.650000,0.650000,0.422500,0.000000
111.8900,0.000000,0.650000,0.650000,0.422500,0.000000
111.9000,0.000000,0.650000,0.650000,0.422500,0.000000
111.9100,0.000000,0.650000,0.650000,0.422500,0.000000
111.9200,0.000000,0.650000,0.650000,0.422500,0.000000
111.9300,0.000000,0.650000,0.650000,0.422500,0.000000
111.9400,0.000000,0.650000,0.650000,0.422500,0.000000
111.9500,0.000000,0.650000,0.650000,0.422500,0.000000
111.9600,0.000000,0.650000,0.650000,0.422500,0.000000
111.9700,0.000000,0.650000,0.650000,0.422500,0.000000
111.9800,0.000000,0.650000,0.650000,0.422500,0.000000
111.9900,0.000000,0.650000,0.650000,0.422500,0.000000
112.0000,0.000000,0.650000,0.650000,0.422500,0.000000
112.0100,0.000000,0.650000,0.650000,0.422500,0.000000
112.0200,0.000000,0.650000,0.650000,0.422500,0.000000
112.0300,0.000000,0.650000,0.650000,0.422500,0.000000
112.0400,0.000000,0.650000,0.650000,0.422500,0.000000
112.0500,0.000000,0.650000,0.650000,0.422500,0.000000
112.0600,0.000000,0.650000,0.650000,0.422500,0.000000
112.0700,0.000000,0.650000,0.650000,0.422500,0.000000
112.0800,0.000000,0.650000,0.650000,0.422500,0.000000
112.0900,0.000000,0.650000,0.650000,0.422500,0.000000
112.1000,0.000000,0.650000,0.650000,0.422500,0.000000
112.1100,0.000000,0.650000,0.650000,0.422500,0.000000
112.1200,0.000000,0.650000,0.650000,0.422500,0.000000
112.1300,0.000000,0.650000,0.650000,0.422500,0.000000
112.1400,0.000000,0.650000,0.650000,0.422500,0.000000
112.1500,0.000000,0.650000,0.650000,0.422500,0.000000
112.1600,0.000000,0.650000,0.650000,0.422500,0.000000
112.1700,0.000000,0.650000,0.650000,0.422500,0.000000
112.1800,0.000000,0.650000,0.650000,0.422500,0.000000
112.1900,0.000000,0.650000,0.650000,0.422500,0.000000
112.2000,0.000000,0.650000,0.650000,0.422500,0.000000
112.2100,0.000000,0.650000,0.650000,0.422500,0.000000
112.2200,0.000000,0.650000,0.650000,0.422500,0.000000
112.2300,0.000000,0.650000,0.650000,0.422500,0.000000
112.2400,0.000000,0.650000,0.650000,0.422500,0.000000
112.2500,0.000000,0.650000,0.650000,0.422500,0.000000
112.2600,0.000000,0.650000,0.650000,0.422500,0.000000
112.2700,0.000000,0.650000,0.650000,0.422500,0.000000
112.2800,0.000000,0.650000,0.650000,0.422500,0.000000
112.2900,0.000000,0.650000,0.650000,0.422500,0.000000
112.3000,0.000000,0.650000,0.650000,0.422500,0.000000
112.3100,0.000000,0.650000,0.650000,0.422500,0.000000
112.3200,0.000000,0.650000,0.650000,0.422500,0.000000
112.3300,0.000000,0.650000,0.650000,0.422500,-0.000000
112.3400,0.000000,0.650000,0.650000,0.422500,-0.000000
112.3500,0.000000,0.650000,0.650000,0.422500,-0.000000
112.3600,0.000000,0.650000,0.650000,0.422500,-0.000000
112.3700,0.000000,0.650000,0.650000,0.422500,-0.000000
112.3800,0.000000,0.650000,0.650000,0.422500,-0.000000
112.3900,-0.000000,0.650000,0.650000,0.422500,-0.000000
112.4000,-0.000000,0.650000,0.650000,0.422500,-0.000000
112.4100,-0.000000,0.650000,0.650000,0.422500,-0.000000
112.4200,-0.000000,0.650000,0.650000,0.422500,-0.000000
112.4300,-0.000000,0.650000,0.650000,0.422500,-0.000000
112.4400,-0.000000,0.650000,0.650000,0.422500,-0.000000
112.4500,-0.000000,0.650000,0.650000,0.422500,-0.000000
112.4600,-0.000000,0.650000,0.650000,0.422500,-0.000000
112.4700,-0.000000,0.650000,0.650000,0.422500,-0.000000
112.4800,-0.000000,0.650000,0.650000,0.422500,-0.000000
112.4900,-0.000000,0.650000,0.650000,0.422500,-0.000000
112.5000,-0.000000,0.650000,0.650000,0.422500,-0.000000
112.5100,-0.000000,0.650000,0.650000,0.422500,-0.000000
112.5200,-0.000000,0.650000,0.650000,0.422500,-0.000000
112.5300,-0.000000,0.650000,0.650000,0.422500,-0.000000
112.5400,-0.000000,0.650000,0.650000,0.422500,-0.000000
112.5500,-0.000000,0.650000,0.650000,0.422500,-0.000000
112.5600,-0.000000,0.650000,0.650000,0.422500,-0.000000
112.5700,-0.000000,0.650000,0.650000,0.422500,-0.000000
112.5800,-0.000000,0.650000,0.650000,0.422500,-0.000000
112.5900,-0.000000,0.650000,0.650000,0.422500,-0.000000
112.6000,-0.000000,0.650000,0.650000,0.422500,-0.000000
112.6100,-0.000000,0.650000,0.650000,0.422500,-0.000000
112.6200,-0.000000,0.650000,0.650000,0.422500,-0.000000
112.6300,-0.000000,0.650000,0.650000,0.422500,-0.000000
112.6400,-0.000000,0.650000,0.650000,0.422500,-0.000000
112.6500,-0.000000,0.650000,0.650000,0.422500,-0.000000
112.6600,-0.000000,0.650000,0.650000,0.422500,-0.000000
112.6700,-0.000000,0.650000,0.650000,0.422500,-0.000000
112.6800,-0.000000,0.650000,0.650000,0.422500,-0.000000
112.6900,-0.000000,0.650000,0.650000,0.422500,-0.000000
112.7000,-0.000000,0.650000,0.650000,0.422500,-0.000000
112.7100,-0.000000,0.650000,0.650000,0.422500,-0.000000
112.7200,-0.000000,0.650000,0.650000,0.422500,-0.000000
112.7300,-0.000000,0.650000,0.650000,0.422500,-0.000000
112.7400,-0.000000,0.650000,0.650000,0.422500,-0.000000
112.7500,-0.000000,0.650000,0.650000,0.422500,-0.000000
112.7600,-0.000000,0.650000,0.650000,0.422500,-0.000000
112.7700,-0.000000,0.650000,0.650000,0.422500,-0.000000
112.7800,-0.000000,0.650000,0.650000,0.422500,-0.000000
112.7900,-0.000000,0.650000,0.650000,0.422500,-0.000000
112.8000,-0.000000,0.650000,0.650000,0.422500,-0.000000
112.8100,-0.000000,0.650000,0.650000,0.422500,-0.000000
112.8200,-0.000000,0.650000,0.650000,0.422500,-0.000000
112.8300,-0.000000,0.650000,0.650000,0.422500,-0.000000
112.8400,-0.000000,0.650000,0.650000,0.422500,-0.000000
112.8500,-0.000000,0.650000,0.650000,0.422500,-0.000000
112.8600,-0.000000,0.650000,0.650000,0.422500,-0.000000
112.8700,-0.000000,0.650000,0.650000,0.422500,-0.000000
112.8800,-0.000000,0.650000,0.650000,0.422500,-0.000000
112.8900,-0.000000,0.650000,0.650000,0.422500,-0.000000
112.9000,-0.000000,0.650000,0.650000,0.422500,-0.000000
112.9100,-0.000000,0.650000,0.650000,0.422500,-0.000000
112.9200,-0.000000,0.650000,0.650000,0.422500,-0.000000
112.9300,-0.000000,0.650000,0.650000,0.422500,-0.000000
112.9400,-0.000000,0.650000,0.650000,0.422500,-0.000000
112.9500,-0.000000,0.650000,0.650000,0.422500,-0.000000
112.9600,-0.000000,0.650000,0.650000,0.422500,-0.000000
112.9700,-0.000000,0.650000,0.650000,0.422500,-0.000000
112.9800,-0.000000,0.650000,0.650000,0.422500,-0.000000
112.9900,-0.000000,0.650000,0.650000,0.422500,-0.000000
113.0000,-0.000000,0.650000,0.650000,0.422500,-0.000000
113.0100,-0.000000,0.650000,0.650000,0.422500,-0.000000
113.0200,-0.000000,0.650000,0.650000,0.422500,-0.000000
113.0300,-0.000000,0.650000,0.650000,0.422500,0.000000
113.0400,0.000000,0.650000,0.650000,0.422500,0.000000
113.0500,0.000000,0.650000,0.650000,0.422500,0.000000
113.0600,0.000000,0.650000,0.650000,0.422500,0.000000
113.0700,0.000000,0.650000,0.650000,0.422500,0.000000
113.0800,0.000000,0.650000,0.650000,0.422500,0.000000
113.0900,0.000000,0.650000,0.650000,0.422500,0.000000
113.1000,0.000000,0.650000,0.650000,0.422500,0.000000
113.1100,0.000000,0.650000,0.650000,0.422500,0.000000
113.1200,0.000000,0.650000,0.650000,0.422500,0.000000
113.1300,0.000000,0.650000,0.650000,0.422500,0.000000
113.1400,0.000000,0.650000,0.650000,0.422500,0.000000
113.1500,0.000000,0.650000,0.650000,0.422500,0.000000
113.1600,0.000000,0.650000,0.650000,0.422500,0.000000
113.1700,0.000000,0.650000,0.650000,0.422500,0.000000
113.1800,0.000000,0.650000,0.650000,0.422500,0.000000
113.1900,0.000000,0.650000,0.650000,0.422500,0.000000
113.2000,0.000000,0.650000,0.650000,0.422500,0.000000
113.2100,0.000000,0.650000,0.650000,0.422500,0.000000
113.2200,0.000000,0.650000,0.650000,0.422500,0.000000
113.2300,0.000000,0.650000,0.650000,0.422500,0.000000
113.2400,0.000000,0.650000,0.650000,0.422500,0.000000
113.2500,0.000000,0.650000,0.650000,0.422500,0.000000
113.2600,0.000000,0.650000,0.650000,0.422500,0.000000
113.2700,0.000000,0.650000,0.650000,0.422500,0.000000
113.2800,0.000000,0.650000,0.650000,0.422500,0.000000
113.2900,0.000000,0.650000,0.650000,0.422500,0.000000
113.3000,0.000000,0.650000,0.650000,0.422500,0.000000
113.3100,0.000000,0.650000,0.650000,0.422500,0.000000
113.3200,0.000000,0.650000,0.650000,0.422500,0.000000
113.3300,0.000000,0.650000,0.650000,0.422500,0.000000
113.3400,0.000000,0.650000,0.650000,0.422500,0.000000
113.3500,0.000000,0.650000,0.650000,0.422500,0.000000
113.3600,0.000000,0.650000,0.650000,0.422500,0.000000
113.3700,0.000000,0.650000,0.650000,0.422500,0.000000
113.3800,0.000000,0.650000,0.650000,0.422500,0.000000
113.3900,0.000000,0.650000,0.650000,0.422500,0.000000
113.4000,0.000000,0.650000,0.650000,0.422500,0.000000
113.4100,0.000000,0.650000,0.650000,0.422500,0.000000
113.4200,0.000000,0.650000,0.650000,0.422500,0.000000
113.4300,0.000000,0.650000,0.650000,0.422500,0.000000
113.4400,0.000000,0.650000,0.650000,0.422500,0.000000
113.4500,0.000000,0.650000,0.650000,0.422500,0.000000
113.4600,0.000000,0.650000,0.650000,0.422500,0.000000
113.4700,0.000000,0.650000,0.650000,0.422500,0.000000
113.4800,0.000000,0.650000,0.650000,0.422500,0.000000
113.4900,0.000000,0.650000,0.650000,0.422500,0.000000
113.5000,0.000000,0.650000,0.650000,0.422500,0.000000
113.5100,0.000000,0.650000,0.650000,0.422500,0.000000
113.5200,0.000000,0.650000,0.650000,0.422500,0.000000
113.5300,0.000000,0.650000,0.650000,0.422500,0.000000
113.5400,0.000000,0.650000,0.650000,0.422500,0.000000
113.5500,0.000000,0.650000,0.650000,0.422500,0.000000
113.5600,0.000000,0.650000,0.650000,0.422500,0.000000
113.5700,0.000000,0.650000,0.650000,0.422500,0.000000
113.5800,0.000000,0.650000,0.650000,0.422500,0.000000
113.5900,0.000000,0.650000,0.650000,0.422500,0.000000
113.6000,0.000000,0.650000,0.650000,0.422500,0.000000
113.6100,0.000000,0.650000,0.650000,0.422500,0.000000
113.6200,0.000000,0.650000,0.650000,0.422500,0.000000
113.6300,0.000000,0.650000,0.650000,0.422500,0.000000
113.6400,0.000000,0.650000,0.650000,0.422500,0.000000
113.6500,0.000000,0.650000,0.650000,0.422500,0.000000
113.6600,0.000000,0.650000,0.650000,0.422500,0.000000
113.6700,0.000000,0.650000,0.650000,0.422500,0.000000
113.6800,0.000000,0.650000,0.650000,0.422500,0.000000
113.6900,0.000000,0.650000,0.650000,0.422500,0.000000
113.7000,0.000000,0.650000,0.650000,0.422500,0.000000
113.7100,0.000000,0.650000,0.650000,0.422500,0.000000
113.7200,0.000000,0.650000,0.650000,0.422500,0.000000
113.7300,0.000000,0.650000,0.650000,0.422500,-0.000000
113.7400,0.000000,0.650000,0.650000,0.422500,-0.000000
113.7500,0.000000,0.650000,0.650000,0.422500,-0.000000
113.7600,0.000000,0.650000,0.650000,0.422500,-0.000000
113.7700,0.000000,0.650000,0.650000,0.422500,-0.000000
113.7800,0.000000,0.650000,0.650000,0.422500,-0.000000
113.7900,0.000000,0.650000,0.650000,0.422500,-0.000000
113.8000,-0.000000,0.650000,0.650000,0.422500,-0.000000
113.8100,-0.000000,0.650000,0.650000,0.422500,-0.000000
113.8200,-0.000000,0.650000,0.650000,0.422500,-0.000000
113.8300,-0.000000,0.650000,0.650000,0.422500,-0.000000
113.8400,-0.000000,0.650000,0.650000,0.422500,-0.000000
113.8500,-0.000000,0.650000,0.650000,0.422500,-0.000000
113.8600,-0.000000,0.650000,0.650000,0.422500,-0.000000
113.8700,-0.000000,0.650000,0.650000,0.422500,-0.000000
113.8800,-0.000000,0.650000,0.650000,0.422500,-0.000000
113.8900,-0.000000,0.650000,0.650000,0.422500,-0.000000
113.9000,-0.000000,0.650000,0.650000,0.422500,-0.000000
113.9100,-0.000000,0.650000,0.650000,0.422500,-0.000000
113.9200,-0.000000,0.650000,0.650000,0.422500,-0.000000
113.9300,-0.000000,0.650000,0.650000,0.422500,-0.000000
113.9400,-0.000000,0.650000,0.650000,0.422500,-0.000000
113.9500,-0.000000,0.650000,0.650000,0.422500,-0.000000
113.9600,-0.000000,0.650000,0.650000,0.422500,-0.000000
113.9700,-0.000000,0.650000,0.650000,0.422500,-0.000000
113.9800,-0.000000,0.650000,0.650000,0.422500,-0.000000
113.9900,-0.000000,0.650000,0.650000,0.422500,-0.000000
114.0000,-0.000000,0.650000,0.650000,0.422500,-0.000000
114.0100,-0.000000,0.650000,0.650000,0.422500,-0.000000
114.0200,-0.000000,0.650000,0.650000,0.422500,-0.000000
114.0300,-0.000000,0.650000,0.650000,0.422500,-0.000000
114.0400,-0.000000,0.650000,0.650000,0.422500,-0.000000
114.0500,-0.000000,0.650000,0.650000,0.422500,-0.000000
114.0600,-0.000000,0.650000,0.650000,0.422500,-0.000000
114.0700,-0.000000,0.650000,0.650000,0.422500,-0.000000
114.0800,-0.000000,0.650000,0.650000,0.422500,-0.000000
114.0900,-0.000000,0.650000,0.650000,0.422500,-0.000000
114.1000,-0.000000,0.650000,0.650000,0.422500,-0.000000
114.1100,-0.000000,0.650000,0.650000,0.422500,-0.000000
114.1200,-0.000000,0.650000,0.650000,0.422500,-0.000000
114.1300,-0.000000,0.650000,0.650000,0.422500,-0.000000
114.1400,-0.000000,0.650000,0.650000,0.422500,-0.000000
114.1500,-0.000000,0.650000,0.650000,0.422500,-0.000000
114.1600,-0.000000,0.650000,0.650000,0.422500,-0.000000
114.1700,-0.000000,0.650000,0.650000,0.422500,-0.000000
114.1800,-0.000000,0.650000,0.650000,0.422500,-0.000000
114.1900,-0.000000,0.650000,0.650000,0.422500,-0.000000
114.2000,-0.000000,0.650000,0.650000,0.422500,-0.000000
114.2100,-0.000000,0.650000,0.650000,0.422500,-0.000000
114.2200,-0.000000,0.650000,0.650000,0.422500,-0.000000
114.2300,-0.000000,0.650000,0.650000,0.422500,-0.000000
114.2400,-0.000000,0.650000,0.650000,0.422500,-0.000000
114.2500,-0.000000,0.650000,0.650000,0.422500,-0.000000
114.2600,-0.000000,0.650000,0.650000,0.422500,-0.000000
114.2700,-0.000000,0.650000,0.650000,0.422500,-0.000000
114.2800,-0.000000,0.650000,0.650000,0.422500,-0.000000
114.2900,-0.000000,0.650000,0.650000,0.422500,-0.000000
114.3000,-0.000000,0.650000,0.650000,0.422500,-0.000000
114.3100,-0.000000,0.650000,0.650000,0.422500,-0.000000
114.3200,-0.000000,0.650000,0.650000,0.422500,-0.000000
114.3300,-0.000000,0.650000,0.650000,0.422500,-0.000000
114.3400,-0.000000,0.650000,0.650000,0.422500,-0.000000
114.3500,-0.000000,0.650000,0.650000,0.422500,-0.000000
114.3600,-0.000000,0.650000,0.650000,0.422500,-0.000000
114.3700,-0.000000,0.650000,0.650000,0.422500,-0.000000
114.3800,-0.000000,0.650000,0.650000,0.422500,-0.000000
114.3900,-0.000000,0.650000,0.650000,0.422500,-0.000000
114.4000,-0.000000,0.650000,0.650000,0.422500,-0.000000
114.4100,-0.000000,0.650000,0.650000,0.422500,-0.000000
114.4200,-0.000000,0.650000,0.650000,0.422500,-0.000000
114.4300,-0.000000,0.650000,0.650000,0.422500,0.000000
114.4400,-0.000000,0.650000,0.650000,0.422500,0.000000
114.4500,0.000000,0.650000,0.650000,0.422500,0.000000
114.4600,0.000000,0.650000,0.650000,0.422500,0.000000
114.4700,0.000000,0.650000,0.650000,0.422500,0.000000
114.4800,0.000000,0.650000,0.650000,0.422500,0.000000
114.4900,0.000000,0.650000,0.650000,0.422500,0.000000
114.5000,0.000000,0.650000,0.650000,0.422500,0.000000
114.5100,0.000000,0.650000,0.650000,0.422500,0.000000
114.5200,0.000000,0.650000,0.650000,0.422500,0.000000
114.5300,0.000000,0.650000,0.650000,0.422500,0.000000
114.5400,0.000000,0.650000,0.650000,0.422500,0.000000
114.5500,0.000000,0.650000,0.650000,0.422500,0.000000
114.5600,0.000000,0.650000,0.650000,0.422500,0.000000
114.5700,0.000000,0.650000,0.650000,0.422500,0.000000
114.5800,0.000000,0.650000,0.650000,0.422500,0.000000
114.5900,0.000000,0.650000,0.650000,0.422500,0.000000
114.6000,0.000000,0.650000,0.650000,0.422500,0.000000
114.6100,0.000000,0.650000,0.650000,0.422500,0.000000
114.6200,0.000000,0.650000,0.650000,0.422500,0.000000
114.6300,0.000000,0.650000,0.650000,0.422500,0.000000
114.6400,0.000000,0.650000,0.650000,0.422500,0.000000
114.6500,0.000000,0.650000,0.650000,0.422500,0.000000
114.6600,0.000000,0.650000,0.650000,0.422500,0.000000
114.6700,0.000000,0.650000,0.650000,0.422500,0.000000
114.6800,0.000000,0.650000,0.650000,0.422500,0.000000
114.6900,0.000000,0.650000,0.650000,0.422500,0.000000
114.7000,0.000000,0.650000,0.650000,0.422500,0.000000
114.7100,0.000000,0.650000,0.650000,0.422500,0.000000
114.7200,0.000000,0.650000,0.650000,0.422500,0.000000
114.7300,0.000000,0.650000,0.650000,0.422500,0.000000
114.7400,0.000000,0.650000,0.650000,0.422500,0.000000
114.7500,0.000000,0.650000,0.650000,0.422500,0.000000
114.7600,0.000000,0.650000,0.650000,0.422500,0.000000
114.7700,0.000000,0.650000,0.650000,0.422500,0.000000
114.7800,0.000000,0.650000,0.650000,0.422500,0.000000
114.7900,0.000000,0.650000,0.650000,0.422500,0.000000
114.8000,0.000000,0.650000,0.650000,0.422500,0.000000
114.8100,0.000000,0.650000,0.650000,0.422500,0.000000
114.8200,0.000000,0.650000,0.650000,0.422500,0.000000
114.8300,0.000000,0.650000,0.650000,0.422500,0.000000
114.8400,0.000000,0.650000,0.650000,0.422500,0.000000
114.8500,0.000000,0.650000,0.650000,0.422500,0.000000
114.8600,0.000000,0.650000,0.650000,0.422500,0.000000
114.8700,0.000000,0.650000,0.650000,0.422500,0.000000
114.8800,0.000000,0.650000,0.650000,0.422500,0.000000
114.8900,0.000000,0.650000,0.650000,0.422500,0.000000
114.9000,0.000000,0.650000,0.650000,0.422500,0.000000
114.9100,0.000000,0.650000,0.650000,0.422500,0.000000
114.9200,0.000000,0.650000,0.650000,0.422500,0.000000
114.9300,0.000000,0.650000,0.650000,0.422500,0.000000
114.9400,0.000000,0.650000,0.650000,0.422500,0.000000
114.9500,0.000000,0.650000,0.650000,0.422500,0.000000
114.9600,0.000000,0.650000,0.650000,0.422500,0.000000
114.9700,0.000000,0.650000,0.650000,0.422500,0.000000
114.9800,0.000000,0.650000,0.650000,0.422500,0.000000
114.9900,0.000000,0.650000,0.650000,0.422500,0.000000
115.0000,0.000000,0.650000,0.650000,0.422500,0.000000
115.0100,0.000000,0.650000,0.650000,0.422500,0.000000
115.0200,0.000000,0.650000,0.650000,0.422500,0.000000
115.0300,0.000000,0.650000,0.650000,0.422500,0.000000
115.0400,0.000000,0.650000,0.650000,0.422500,0.000000
115.0500,0.000000,0.650000,0.650000,0.422500,0.000000
115.0600,0.000000,0.650000,0.650000,0.422500,0.000000
115.0700,0.000000,0.650000,0.650000,0.422500,0.000000
115.0800,0.000000,0.650000,0.650000,0.422500,0.000000
115.0900,0.000000,0.650000,0.650000,0.422500,0.000000
115.1000,0.000000,0.650000,0.650000,0.422500,0.000000
115.1100,0.000000,0.650000,0.650000,0.422500,0.000000
115.1200,0.000000,0.650000,0.650000,0.422500,0.000000
115.1300,0.000000,0.650000,0.650000,0.422500,0.000000
115.1400,0.000000,0.650000,0.650000,0.422500,-0.000000
115.1500,0.000000,0.650000,0.650000,0.422500,-0.000000
115.1600,0.000000,0.650000,0.650000,0.422500,-0.000000
115.1700,0.000000,0.650000,0.650000,0.422500,-0.000000
115.1800,0.000000,0.650000,0.650000,0.422500,-0.000000
115.1900,0.000000,0.650000,0.650000,0.422500,-0.000000
115.2000,-0.000000,0.650000,0.650000,0.422500,-0.000000
115.2100,-0.000000,0.650000,0.650000,0.422500,-0.000000
115.2200,-0.000000,0.650000,0.650000,0.422500,-0.000000
115.2300,-0.000000,0.650000,0.650000,0.422500,-0.000000
115.2400,-0.000000,0.650000,0.650000,0.422500,-0.000000
115.2500,-0.000000,0.650000,0.650000,0.422500,-0.000000
115.2600,-0.000000,0.650000,0.650000,0.422500,-0.000000
115.2700,-0.000000,0.650000,0.650000,0.422500,-0.000000
115.2800,-0.000000,0.650000,0.650000,0.422500,-0.000000
115.2900,-0.000000,0.650000,0.650000,0.422500,-0.000000
115.3000,-0.000000,0.650000,0.650000,0.422500,-0.000000
115.3100,-0.000000,0.650000,0.650000,0.422500,-0.000000
115.3200,-0.000000,0.650000,0.650000,0.422500,-0.000000
115.3300,-0.000000,0.650000,0.650000,0.422500,-0.000000
115.3400,-0.000000,0.650000,0.650000,0.422500,-0.000000
115.3500,-0.000000,0.650000,0.650000,0.422500,-0.000000
115.3600,-0.000000,0.650000,0.650000,0.422500,-0.000000
115.3700,-0.000000,0.650000,0.650000,0.422500,-0.000000
115.3800,-0.000000,0.650000,0.650000,0.422500,-0.000000
115.3900,-0.000000,0.650000,0.650000,0.422500,-0.000000
115.4000,-0.000000,0.650000,0.650000,0.422500,-0.000000
115.4100,-0.000000,0.650000,0.650000,0.422500,-0.000000
115.4200,-0.000000,0.650000,0.650000,0.422500,-0.000000
115.4300,-0.000000,0.650000,0.650000,0.422500,-0.000000
115.4400,-0.000000,0.650000,0.650000,0.422500,-0.000000
115.4500,-0.000000,0.650000,0.650000,0.422500,-0.000000
115.4600,-0.000000,0.650000,0.650000,0.422500,-0.000000
115.4700,-0.000000,0.650000,0.650000,0.422500,-0.000000
115.4800,-0.000000,0.650000,0.650000,0.422500,-0.000000
115.4900,-0.000000,0.650000,0.650000,0.422500,-0.000000
115.5000,-0.000000,0.650000,0.650000,0.422500,-0.000000
115.5100,-0.000000,0.650000,0.650000,0.422500,-0.000000
115.5200,-0.000000,0.650000,0.650000,0.422500,-0.000000
115.5300,-0.000000,0.650000,0.650000,0.422500,-0.000000
115.5400,-0.000000,0.650000,0.650000,0.422500,-0.000000
115.5500,-0.000000,0.650000,0.650000,0.422500,-0.000000
115.5600,-0.000000,0.650000,0.650000,0.422500,-0.000000
115.5700,-0.000000,0.650000,0.650000,0.422500,-0.000000
115.5800,-0.000000,0.650000,0.650000,0.422500,-0.000000
115.5900,-0.000000,0.650000,0.650000,0.422500,-0.000000
115.6000,-0.000000,0.650000,0.650000,0.422500,-0.000000
115.6100,-0.000000,0.650000,0.650000,0.422500,-0.000000
115.6200,-0.000000,0.650000,0.650000,0.422500,-0.000000
115.6300,-0.000000,0.650000,0.650000,0.422500,-0.000000
115.6400,-0.000000,0.650000,0.650000,0.422500,-0.000000
115.6500,-0.000000,0.650000,0.650000,0.422500,-0.000000
115.6600,-0.000000,0.650000,0.650000,0.422500,-0.000000
115.6700,-0.000000,0.650000,0.650000,0.422500,-0.000000
115.6800,-0.000000,0.650000,0.650000,0.422500,-0.000000
115.6900,-0.000000,0.650000,0.650000,0.422500,-0.000000
115.7000,-0.000000,0.650000,0.650000,0.422500,-0.000000
115.7100,-0.000000,0.650000,0.650000,0.422500,-0.000000
115.7200,-0.000000,0.650000,0.650000,0.422500,-0.000000
115.7300,-0.000000,0.650000,0.650000,0.422500,-0.000000
115.7400,-0.000000,0.650000,0.650000,0.422500,-0.000000
115.7500,-0.000000,0.650000,0.650000,0.422500,-0.000000
115.7600,-0.000000,0.650000,0.650000,0.422500,-0.000000
115.7700,-0.000000,0.650000,0.650000,0.422500,-0.000000
115.7800,-0.000000,0.650000,0.650000,0.422500,-0.000000
115.7900,-0.000000,0.650000,0.650000,0.422500,-0.000000
115.8000,-0.000000,0.650000,0.650000,0.422500,-0.000000
115.8100,-0.000000,0.650000,0.650000,0.422500,-0.000000
115.8200,-0.000000,0.650000,0.650000,0.422500,-0.000000
115.8300,-0.000000,0.650000,0.650000,0.422500,-0.000000
115.8400,-0.000000,0.650000,0.650000,0.422500,0.000000
115.8500,0.000000,0.650000,0.650000,0.422500,0.000000
115.8600,0.000000,0.650000,0.650000,0.422500,0.000000
115.8700,0.000000,0.650000,0.650000,0.422500,0.000000
115.8800,0.000000,0.650000,0.650000,0.422500,0.000000
115.8900,0.000000,0.650000,0.650000,0.422500,0.000000
115.9000,0.000000,0.650000,0.650000,0.422500,0.000000
115.9100,0.000000,0.650000,0.650000,0.422500,0.000000
115.9200,0.000000,0.650000,0.650000,0.422500,0.000000
115.9300,0.000000,0.650000,0.650000,0.422500,0.000000
115.9400,0.000000,0.650000,0.650000,0.422500,0.000000
115.9500,0.000000,0.650000,0.650000,0.422500,0.000000
115.9600,0.000000,0.650000,0.650000,0.422500,0.000000
115.9700,0.000000,0.650000,0.650000,0.422500,0.000000
115.9800,0.000000,0.650000,0.650000,0.422500,0.000000
115.9900,0.000000,0.650000,0.650000,0.422500,0.000000
116.0000,0.000000,0.650000,0.650000,0.422500,0.000000
116.0100,0.000000,0.650000,0.650000,0.422500,0.000000
116.0200,0.000000,0.650000,0.650000,0.422500,0.000000
116.0300,0.000000,0.650000,0.650000,0.422500,0.000000
116.0400,0.000000,0.650000,0.650000,0.422500,0.000000
116.0500,0.000000,0.650000,0.650000,0.422500,0.000000
116.0600,0.000000,0.650000,0.650000,0.422500,0.000000
116.0700,0.000000,0.650000,0.650000,0.422500,0.000000
116.0800,0.000000,0.650000,0.650000,0.422500,0.000000
116.0900,0.000000,0.650000,0.650000,0.422500,0.000000
116.1000,0.000000,0.650000,0.650000,0.422500,0.000000
116.1100,0.000000,0.650000,0.650000,0.422500,0.000000
116.1200,0.000000,0.650000,0.650000,0.422500,0.000000
116.1300,0.000000,0.650000,0.650000,0.422500,0.000000
116.1400,0.000000,0.650000,0.650000,0.422500,0.000000
116.1500,0.000000,0.650000,0.650000,0.422500,0.000000
116.1600,0.000000,0.650000,0.650000,0.422500,0.000000
116.1700,0.000000,0.650000,0.650000,0.422500,0.000000
116.1800,0.000000,0.650000,0.650000,0.422500,0.000000
116.1900,0.000000,0.650000,0.650000,0.422500,0.000000
116.2000,0.000000,0.650000,0.650000,0.422500,0.000000
116.2100,0.000000,0.650000,0.650000,0.422500,0.000000
116.2200,0.000000,0.650000,0.650000,0.422500,0.000000
116.2300,0.000000,0.650000,0.650000,0.422500,0.000000
116.2400,0.000000,0.650000,0.650000,0.422500,0.000000
116.2500,0.000000,0.650000,0.650000,0.422500,0.000000
116.2600,0.000000,0.650000,0.650000,0.422500,0.000000
116.2700,0.000000,0.650000,0.650000,0.422500,0.000000
116.2800,0.000000,0.650000,0.650000,0.422500,0.000000
116.2900,0.000000,0.650000,0.650000,0.422500,0.000000
116.3000,0.000000,0.650000,0.650000,0.422500,0.000000
116.3100,0.000000,0.650000,0.650000,0.422500,0.000000
116.3200,0.000000,0.650000,0.650000,0.422500,0.000000
116.3300,0.000000,0.650000,0.650000,0.422500,0.000000
116.3400,0.000000,0.650000,0.650000,0.422500,0.000000
116.3500,0.000000,0.650000,0.650000,0.422500,0.000000
116.3600,0.000000,0.650000,0.650000,0.422500,0.000000
116.3700,0.000000,0.650000,0.650000,0.422500,0.000000
116.3800,0.000000,0.650000,0.650000,0.422500,0.000000
116.3900,0.000000,0.650000,0.650000,0.422500,0.000000
116.4000,0.000000,0.650000,0.650000,0.422500,0.000000
116.4100,0.000000,0.650000,0.650000,0.422500,0.000000
116.4200,0.000000,0.650000,0.650000,0.422500,0.000000
116.4300,0.000000,0.650000,0.650000,0.422500,0.000000
116.4400,0.000000,0.650000,0.650000,0.422500,0.000000
116.4500,0.000000,0.650000,0.650000,0.422500,0.000000
116.4600,0.000000,0.650000,0.650000,0.422500,0.000000
116.4700,0.000000,0.650000,0.650000,0.422500,0.000000
116.4800,0.000000,0.650000,0.650000,0.422500,0.000000
116.4900,0.000000,0.650000,0.650000,0.422500,0.000000
116.5000,0.000000,0.650000,0.650000,0.422500,0.000000
116.5100,0.000000,0.650000,0.650000,0.422500,0.000000
116.5200,0.000000,0.650000,0.650000,0.422500,0.000000
116.5300,0.000000,0.650000,0.650000,0.422500,0.000000
116.5400,0.000000,0.650000,0.650000,0.422500,-0.000000
116.5500,0.000000,0.650000,0.650000,0.422500,-0.000000
116.5600,0.000000,0.650000,0.650000,0.422500,-0.000000
116.5700,0.000000,0.650000,0.650000,0.422500,-0.000000
116.5800,0.000000,0.650000,0.650000,0.422500,-0.000000
116.5900,0.000000,0.650000,0.650000,0.422500,-0.000000
116.6000,-0.000000,0.650000,0.650000,0.422500,-0.000000
116.6100,-0.000000,0.650000,0.650000,0.422500,-0.000000
116.6200,-0.000000,0.650000,0.650000,0.422500,-0.000000
116.6300,-0.000000,0.650000,0.650000,0.422500,-0.000000
116.6400,-0.000000,0.650000,0.650000,0.422500,-0.000000
116.6500,-0.000000,0.650000,0.650000,0.422500,-0.000000
116.6600,-0.000000,0.650000,0.650000,0.422500,-0.000000
116.6700,-0.000000,0.650000,0.650000,0.422500,-0.000000
116.6800,-0.000000,0.650000,0.650000,0.422500,-0.000000
116.6900,-0.000000,0.650000,0.650000,0.422500,-0.000000
116.7000,-0.000000,0.650000,0.650000,0.422500,-0.000000
116.7100,-0.000000,0.650000,0.650000,0.422500,-0.000000
116.7200,-0.000000,0.650000,0.650000,0.422500,-0.000000
116.7300,-0.000000,0.650000,0.650000,0.422500,-0.000000
116.7400,-0.000000,0.650000,0.650000,0.422500,-0.000000
116.7500,-0.000000,0.650000,0.650000,0.422500,-0.000000
116.7600,-0.000000,0.650000,0.650000,0.422500,-0.000000
116.7700,-0.000000,0.650000,0.650000,0.422500,-0.000000
116.7800,-0.000000,0.650000,0.650000,0.422500,-0.000000
116.7900,-0.000000,0.650000,0.650000,0.422500,-0.000000
116.8000,-0.000000,0.650000,0.650000,0.422500,-0.000000
116.8100,-0.000000,0.650000,0.650000,0.422500,-0.000000
116.8200,-0.000000,0.650000,0.650000,0.422500,-0.000000
116.8300,-0.000000,0.650000,0.650000,0.422500,-0.000000
116.8400,-0.000000,0.650000,0.650000,0.422500,-0.000000
116.8500,-0.000000,0.650000,0.650000,0.422500,-0.000000
116.8600,-0.000000,0.650000,0.650000,0.422500,-0.000000
116.8700,-0.000000,0.650000,0.650000,0.422500,-0.000000
116.8800,-0.000000,0.650000,0.650000,0.422500,-0.000000
116.8900,-0.000000,0.650000,0.650000,0.422500,-0.000000
116.9000,-0.000000,0.650000,0.650000,0.422500,-0.000000
116.9100,-0.000000,0.650000,0.650000,0.422500,-0.000000
116.9200,-0.000000,0.650000,0.650000,0.422500,-0.000000
116.9300,-0.000000,0.650000,0.650000,0.422500,-0.000000
116.9400,-0.000000,0.650000,0.650000,0.422500,-0.000000
116.9500,-0.000000,0.650000,0.650000,0.422500,-0.000000
116.9600,-0.000000,0.650000,0.650000,0.422500,-0.000000
116.9700,-0.000000,0.650000,0.650000,0.422500,-0.000000
116.9800,-0.000000,0.650000,0.650000,0.422500,-0.000000
116.9900,-0.000000,0.650000,0.650000,0.422500,-0.000000
117.0000,-0.000000,0.650000,0.650000,0.422500,-0.000000
117.0100,-0.000000,0.650000,0.650000,0.422500,-0.000000
117.0200,-0.000000,0.650000,0.650000,0.422500,-0.000000
117.0300,-0.000000,0.650000,0.650000,0.422500,-0.000000
117.0400,-0.000000,0.650000,0.650000,0.422500,-0.000000
117.0500,-0.000000,0.650000,0.650000,0.422500,-0.000000
117.0600,-0.000000,0.650000,0.650000,0.422500,-0.000000
117.0700,-0.000000,0.650000,0.650000,0.422500,-0.000000
117.0800,-0.000000,0.650000,0.650000,0.422500,-0.000000
117.0900,-0.000000,0.650000,0.650000,0.422500,-0.000000
117.1000,-0.000000,0.650000,0.650000,0.422500,-0.000000
117.1100,-0.000000,0.650000,0.650000,0.422500,-0.000000
117.1200,-0.000000,0.650000,0.650000,0.422500,-0.000000
117.1300,-0.000000,0.650000,0.650000,0.422500,-0.000000
117.1400,-0.000000,0.650000,0.650000,0.422500,-0.000000
117.1500,-0.000000,0.650000,0.650000,0.422500,-0.000000
117.1600,-0.000000,0.650000,0.650000,0.422500,-0.000000
117.1700,-0.000000,0.650000,0.650000,0.422500,-0.000000
117.1800,-0.000000,0.650000,0.650000,0.422500,-0.000000
117.1900,-0.000000,0.650000,0.650000,0.422500,-0.000000
117.2000,-0.000000,0.650000,0.650000,0.422500,-0.000000
117.2100,-0.000000,0.650000,0.650000,0.422500,-0.000000
117.2200,-0.000000,0.650000,0.650000,0.422500,-0.000000
117.2300,-0.000000,0.650000,0.650000,0.422500,-0.000000
117.2400,-0.000000,0.650000,0.650000,0.422500,0.000000
117.2500,0.000000,0.650000,0.650000,0.422500,0.000000
117.2600,0.000000,0.650000,0.650000,0.422500,0.000000
117.2700,0.000000,0.650000,0.650000,0.422500,0.000000
117.2800,0.000000,0.650000,0.650000,0.422500,0.000000
117.2900,0.000000,0.650000,0.650000,0.422500,0.000000
117.3000,0.000000,0.650000,0.650000,0.422500,0.000000
117.3100,0.000000,0.650000,0.650000,0.422500,0.000000
117.3200,0.000000,0.650000,0.650000,0.422500,0.000000
117.3300,0.000000,0.650000,0.650000,0.422500,0.000000
117.3400,0.000000,0.650000,0.650000,0.422500,0.000000
117.3500,0.000000,0.650000,0.650000,0.422500,0.000000
117.3600,0.000000,0.650000,0.650000,0.422500,0.000000
117.3700,0.000000,0.650000,0.650000,0.422500,0.000000
117.3800,0.000000,0.650000,0.650000,0.422500,0.000000
117.3900,0.000000,0.650000,0.650000,0.422500,0.000000
117.4000,0.000000,0.650000,0.650000,0.422500,0.000000
117.4100,0.000000,0.650000,0.650000,0.422500,0.000000
117.4200,0.000000,0.650000,0.650000,0.422500,0.000000
117.4300,0.000000,0.650000,0.650000,0.422500,0.000000
117.4400,0.000000,0.650000,0.650000,0.422500,0.000000
117.4500,0.000000,0.650000,0.650000,0.422500,0.000000
117.4600,0.000000,0.650000,0.650000,0.422500,0.000000
117.4700,0.000000,0.650000,0.650000,0.422500,0.000000
117.4800,0.000000,0.650000,0.650000,0.422500,0.000000
117.4900,0.000000,0.650000,0.650000,0.422500,0.000000
117.5000,0.000000,0.650000,0.650000,0.422500,0.000000
117.5100,0.000000,0.650000,0.650000,0.422500,0.000000
117.5200,0.000000,0.650000,0.650000,0.422500,0.000000
117.5300,0.000000,0.650000,0.650000,0.422500,0.000000
117.5400,0.000000,0.650000,0.650000,0.422500,0.000000
117.5500,0.000000,0.650000,0.650000,0.422500,0.000000
117.5600,0.000000,0.650000,0.650000,0.422500,0.000000
117.5700,0.000000,0.650000,0.650000,0.422500,0.000000
117.5800,0.000000,0.650000,0.650000,0.422500,0.000000
117.5900,0.000000,0.650000,0.650000,0.422500,0.000000
117.6000,0.000000,0.650000,0.650000,0.422500,0.000000
117.6100,0.000000,0.650000,0.650000,0.422500,0.000000
117.6200,0.000000,0.650000,0.650000,0.422500,0.000000
117.6300,0.000000,0.650000,0.650000,0.422500,0.000000
117.6400,0.000000,0.650000,0.650000,0.422500,0.000000
117.6500,0.000000,0.650000,0.650000,0.422500,0.000000
117.6600,0.000000,0.650000,0.650000,0.422500,0.000000
117.6700,0.000000,0.650000,0.650000,0.422500,0.000000
117.6800,0.000000,0.650000,0.650000,0.422500,0.000000
117.6900,0.000000,0.650000,0.650000,0.422500,0.000000
117.7000,0.000000,0.650000,0.650000,0.422500,0.000000
117.7100,0.000000,0.650000,0.650000,0.422500,0.000000
117.7200,0.000000,0.650000,0.650000,0.422500,0.000000
117.7300,0.000000,0.650000,0.650000,0.422500,0.000000
117.7400,0.000000,0.650000,0.650000,0.422500,0.000000
117.7500,0.000000,0.650000,0.650000,0.422500,0.000000
117.7600,0.000000,0.650000,0.650000,0.422500,0.000000
117.7700,0.000000,0.650000,0.650000,0.422500,0.000000
117.7800,0.000000,0.650000,0.650000,0.422500,0.000000
117.7900,0.000000,0.650000,0.650000,0.422500,0.000000
117.8000,0.000000,0.650000,0.650000,0.422500,0.000000
117.8100,0.000000,0.650000,0.650000,0.422500,0.000000
117.8200,0.000000,0.650000,0.650000,0.422500,0.000000
117.8300,0.000000,0.650000,0.650000,0.422500,0.000000
117.8400,0.000000,0.650000,0.650000,0.422500,0.000000
117.8500,0.000000,0.650000,0.650000,0.422500,0.000000
117.8600,0.000000,0.650000,0.650000,0.422500,0.000000
117.8700,0.000000,0.650000,0.650000,0.422500,0.000000
117.8800,0.000000,0.650000,0.650000,0.422500,0.000000
117.8900,0.000000,0.650000,0.650000,0.422500,0.000000
117.9000,0.000000,0.650000,0.650000,0.422500,0.000000
117.9100,0.000000,0.650000,0.650000,0.422500,0.000000
117.9200,0.000000,0.650000,0.650000,0.422500,0.000000
117.9300,0.000000,0.650000,0.650000,0.422500,0.000000
117.9400,0.000000,0.650000,0.650000,0.422500,-0.000000
117.9500,0.000000,0.650000,0.650000,0.422500,-0.000000
117.9600,0.000000,0.650000,0.650000,0.422500,-0.000000
117.9700,0.000000,0.650000,0.650000,0.422500,-0.000000
117.9800,0.000000,0.650000,0.650000,0.422500,-0.000000
117.9900,0.000000,0.650000,0.650000,0.422500,-0.000000
118.0000,0.000000,0.650000,0.650000,0.422500,-0.000000
118.0100,-0.000000,0.650000,0.650000,0.422500,-0.000000
118.0200,-0.000000,0.650000,0.650000,0.422500,-0.000000
118.0300,-0.000000,0.650000,0.650000,0.422500,-0.000000
118.0400,-0.000000,0.650000,0.650000,0.422500,-0.000000
118.0500,-0.000000,0.650000,0.650000,0.422500,-0.000000
118.0600,-0.000000,0.650000,0.650000,0.422500,-0.000000
118.0700,-0.000000,0.650000,0.650000,0.422500,-0.000000
118.0800,-0.000000,0.650000,0.650000,0.422500,-0.000000
118.0900,-0.000000,0.650000,0.650000,0.422500,-0.000000
118.1000,-0.000000,0.650000,0.650000,0.422500,-0.000000
118.1100,-0.000000,0.650000,0.650000,0.422500,-0.000000
118.1200,-0.000000,0.650000,0.650000,0.422500,-0.000000
118.1300,-0.000000,0.650000,0.650000,0.422500,-0.000000
118.1400,-0.000000,0.650000,0.650000,0.422500,-0.000000
118.1500,-0.000000,0.650000,0.650000,0.422500,-0.000000
118.1600,-0.000000,0.650000,0.650000,0.422500,-0.000000
118.1700,-0.000000,0.650000,0.650000,0.422500,-0.000000
118.1800,-0.000000,0.650000,0.650000,0.422500,-0.000000
118.1900,-0.000000,0.650000,0.650000,0.422500,-0.000000
118.2000,-0.000000,0.650000,0.650000,0.422500,-0.000000
118.2100,-0.000000,0.650000,0.650000,0.422500,-0.000000
118.2200,-0.000000,0.650000,0.650000,0.422500,-0.000000
118.2300,-0.000000,0.650000,0.650000,0.422500,-0.000000
118.2400,-0.000000,0.650000,0.650000,0.422500,-0.000000
118.2500,-0.000000,0.650000,0.650000,0.422500,-0.000000
118.2600,-0.000000,0.650000,0.650000,0.422500,-0.000000
118.2700,-0.000000,0.650000,0.650000,0.422500,-0.000000
118.2800,-0.000000,0.650000,0.650000,0.422500,-0.000000
118.2900,-0.000000,0.650000,0.650000,0.422500,-0.000000
118.3000,-0.000000,0.650000,0.650000,0.422500,-0.000000
118.3100,-0.000000,0.650000,0.650000,0.422500,-0.000000
118.3200,-0.000000,0.650000,0.650000,0.422500,-0.000000
118.3300,-0.000000,0.650000,0.650000,0.422500,-0.000000
118.3400,-0.000000,0.650000,0.650000,0.422500,-0.000000
118.3500,-0.000000,0.650000,0.650000,0.422500,-0.000000
118.3600,-0.000000,0.650000,0.650000,0.422500,-0.000000
118.3700,-0.000000,0.650000,0.650000,0.422500,-0.000000
118.3800,-0.000000,0.650000,0.650000,0.422500,-0.000000
118.3900,-0.000000,0.650000,0.650000,0.422500,-0.000000
118.4000,-0.000000,0.650000,0.650000,0.422500,-0.000000
118.4100,-0.000000,0.650000,0.650000,0.422500,-0.000000
118.4200,-0.000000,0.650000,0.650000,0.422500,-0.000000
118.4300,-0.000000,0.650000,0.650000,0.422500,-0.000000
118.4400,-0.000000,0.650000,0.650000,0.422500,-0.000000
118.4500,-0.000000,0.650000,0.650000,0.422500,-0.000000
118.4600,-0.000000,0.650000,0.650000,0.422500,-0.000000
118.4700,-0.000000,0.650000,0.650000,0.422500,-0.000000
118.4800,-0.000000,0.650000,0.650000,0.422500,-0.000000
118.4900,-0.000000,0.650000,0.650000,0.422500,-0.000000
118.5000,-0.000000,0.650000,0.650000,0.422500,-0.000000
118.5100,-0.000000,0.650000,0.650000,0.422500,-0.000000
118.5200,-0.000000,0.650000,0.650000,0.422500,-0.000000
118.5300,-0.000000,0.650000,0.650000,0.422500,-0.000000
118.5400,-0.000000,0.650000,0.650000,0.422500,-0.000000
118.5500,-0.000000,0.650000,0.650000,0.422500,-0.000000
118.5600,-0.000000,0.650000,0.650000,0.422500,-0.000000
118.5700,-0.000000,0.650000,0.650000,0.422500,-0.000000
118.5800,-0.000000,0.650000,0.650000,0.422500,-0.000000
118.5900,-0.000000,0.650000,0.650000,0.422500,-0.000000
118.6000,-0.000000,0.650000,0.650000,0.422500,-0.000000
118.6100,-0.000000,0.650000,0.650000,0.422500,-0.000000
118.6200,-0.000000,0.650000,0.650000,0.422500,-0.000000
118.6300,-0.000000,0.650000,0.650000,0.422500,-0.000000
118.6400,-0.000000,0.650000,0.650000,0.422500,0.000000
118.6500,0.000000,0.650000,0.650000,0.422500,0.000000
118.6600,0.000000,0.650000,0.650000,0.422500,0.000000
118.6700,0.000000,0.650000,0.650000,0.422500,0.000000
118.6800,0.000000,0.650000,0.650000,0.422500,0.000000
118.6900,0.000000,0.650000,0.650000,0.422500,0.000000
118.7000,0.000000,0.650000,0.650000,0.422500,0.000000
118.7100,0.000000,0.650000,0.650000,0.422500,0.000000
118.7200,0.000000,0.650000,0.650000,0.422500,0.000000
118.7300,0.000000,0.650000,0.650000,0.422500,0.000000
118.7400,0.000000,0.650000,0.650000,0.422500,0.000000
118.7500,0.000000,0.650000,0.650000,0.422500,0.000000
118.7600,0.000000,0.650000,0.650000,0.422500,0.000000
118.7700,0.000000,0.650000,0.650000,0.422500,0.000000
118.7800,0.000000,0.650000,0.650000,0.422500,0.000000
118.7900,0.000000,0.650000,0.650000,0.422500,0.000000
118.8000,0.000000,0.650000,0.650000,0.422500,0.000000
118.8100,0.000000,0.650000,0.650000,0.422500,0.000000
118.8200,0.000000,0.650000,0.650000,0.422500,0.000000
118.8300,0.000000,0.650000,0.650000,0.422500,0.000000
118.8400,0.000000,0.650000,0.650000,0.422500,0.000000
118.8500,0.000000,0.650000,0.650000,0.422500,0.000000
118.8600,0.000000,0.650000,0.650000,0.422500,0.000000
118.8700,0.000000,0.650000,0.650000,0.422500,0.000000
118.8800,0.000000,0.650000,0.650000,0.422500,0.000000
118.8900,0.000000,0.650000,0.650000,0.422500,0.000000
118.9000,0.000000,0.650000,0.650000,0.422500,0.000000
118.9100,0.000000,0.650000,0.650000,0.422500,0.000000
118.9200,0.000000,0.650000,0.650000,0.422500,0.000000
118.9300,0.000000,0.650000,0.650000,0.422500,0.000000
118.9400,0.000000,0.650000,0.650000,0.422500,0.000000
118.9500,0.000000,0.650000,0.650000,0.422500,0.000000
118.9600,0.000000,0.650000,0.650000,0.422500,0.000000
118.9700,0.000000,0.650000,0.650000,0.422500,0.000000
118.9800,0.000000,0.650000,0.650000,0.422500,0.000000
118.9900,0.000000,0.650000,0.650000,0.422500,0.000000
119.0000,0.000000,0.650000,0.650000,0.422500,0.000000
119.0100,0.000000,0.650000,0.650000,0.422500,0.000000
119.0200,0.000000,0.650000,0.650000,0.422500,0.000000
119.0300,0.000000,0.650000,0.650000,0.422500,0.000000
119.0400,0.000000,0.650000,0.650000,0.422500,0.000000
119.0500,0.000000,0.650000,0.650000,0.422500,0.000000
119.0600,0.000000,0.650000,0.650000,0.422500,0.000000
119.0700,0.000000,0.650000,0.650000,0.422500,0.000000
119.0800,0.000000,0.650000,0.650000,0.422500,0.000000
119.0900,0.000000,0.650000,0.650000,0.422500,0.000000
119.1000,0.000000,0.650000,0.650000,0.422500,0.000000
119.1100,0.000000,0.650000,0.650000,0.422500,0.000000
119.1200,0.000000,0.650000,0.650000,0.422500,0.000000
119.1300,0.000000,0.650000,0.650000,0.422500,0.000000
119.1400,0.000000,0.650000,0.650000,0.422500,0.000000
119.1500,0.000000,0.650000,0.650000,0.422500,0.000000
119.1600,0.000000,0.650000,0.650000,0.422500,0.000000
119.1700,0.000000,0.650000,0.650000,0.422500,0.000000
119.1800,0.000000,0.650000,0.650000,0.422500,0.000000
119.1900,0.000000,0.650000,0.650000,0.422500,0.000000
119.2000,0.000000,0.650000,0.650000,0.422500,0.000000
119.2100,0.000000,0.650000,0.650000,0.422500,0.000000
119.2200,0.000000,0.650000,0.650000,0.422500,0.000000
119.2300,0.000000,0.650000,0.650000,0.422500,0.000000
119.2400,0.000000,0.650000,0.650000,0.422500,0.000000
119.2500,0.000000,0.650000,0.650000,0.422500,0.000000
119.2600,0.000000,0.650000,0.650000,0.422500,0.000000
119.2700,0.000000,0.650000,0.650000,0.422500,0.000000
119.2800,0.000000,0.650000,0.650000,0.422500,0.000000
119.2900,0.000000,0.650000,0.650000,0.422500,0.000000
119.3000,0.000000,0.650000,0.650000,0.422500,0.000000
119.3100,0.000000,0.650000,0.650000,0.422500,0.000000
119.3200,0.000000,0.650000,0.650000,0.422500,0.000000
119.3300,0.000000,0.650000,0.650000,0.422500,0.000000
119.3400,0.000000,0.650000,0.650000,0.422500,0.000000
119.3500,0.000000,0.650000,0.650000,0.422500,-0.000000
119.3600,0.000000,0.650000,0.650000,0.422500,-0.000000
119.3700,0.000000,0.650000,0.650000,0.422500,-0.000000
119.3800,0.000000,0.650000,0.650000,0.422500,-0.000000
119.3900,0.000000,0.650000,0.650000,0.422500,-0.000000
119.4000,0.000000,0.650000,0.650000,0.422500,-0.000000
119.4100,-0.000000,0.650000,0.650000,0.422500,-0.000000
119.4200,-0.000000,0.650000,0.650000,0.422500,-0.000000
119.4300,-0.000000,0.650000,0.650000,0.422500,-0.000000
119.4400,-0.000000,0.650000,0.650000,0.422500,-0.000000
119.4500,-0.000000,0.650000,0.650000,0.422500,-0.000000
119.4600,-0.000000,0.650000,0.650000,0.422500,-0.000000
119.4700,-0.000000,0.650000,0.650000,0.422500,-0.000000
119.4800,-0.000000,0.650000,0.650000,0.422500,-0.000000
119.4900,-0.000000,0.650000,0.650000,0.422500,-0.000000
119.5000,-0.000000,0.650000,0.650000,0.422500,-0.000000
119.5100,-0.000000,0.650000,0.650000,0.422500,-0.000000
119.5200,-0.000000,0.650000,0.650000,0.422500,-0.000000
119.5300,-0.000000,0.650000,0.650000,0.422500,-0.000000
119.5400,-0.000000,0.650000,0.650000,0.422500,-0.000000
119.5500,-0.000000,0.650000,0.650000,0.422500,-0.000000
119.5600,-0.000000,0.650000,0.650000,0.422500,-0.000000
119.5700,-0.000000,0.650000,0.650000,0.422500,-0.000000
119.5800,-0.000000,0.650000,0.650000,0.422500,-0.000000
119.5900,-0.000000,0.650000,0.650000,0.422500,-0.000000
119.6000,-0.000000,0.650000,0.650000,0.422500,-0.000000
119.6100,-0.000000,0.650000,0.650000,0.422500,-0.000000
119.6200,-0.000000,0.650000,0.650000,0.422500,-0.000000
119.6300,-0.000000,0.650000,0.650000,0.422500,-0.000000
119.6400,-0.000000,0.650000,0.650000,0.422500,-0.000000
119.6500,-0.000000,0.650000,0.650000,0.422500,-0.000000
119.6600,-0.000000,0.650000,0.650000,0.422500,-0.000000
119.6700,-0.000000,0.650000,0.650000,0.422500,-0.000000
119.6800,-0.000000,0.650000,0.650000,0.422500,-0.000000
119.6900,-0.000000,0.650000,0.650000,0.422500,-0.000000
119.7000,-0.000000,0.650000,0.650000,0.422500,-0.000000
119.7100,-0.000000,0.650000,0.650000,0.422500,-0.000000
119.7200,-0.000000,0.650000,0.650000,0.422500,-0.000000
119.7300,-0.000000,0.650000,0.650000,0.422500,-0.000000
119.7400,-0.000000,0.650000,0.650000,0.422500,-0.000000
119.7500,-0.000000,0.650000,0.650000,0.422500,-0.000000
119.7600,-0.000000,0.650000,0.650000,0.422500,-0.000000
119.7700,-0.000000,0.650000,0.650000,0.422500,-0.000000
119.7800,-0.000000,0.650000,0.650000,0.422500,-0.000000
119.7900,-0.000000,0.650000,0.650000,0.422500,-0.000000
119.8000,-0.000000,0.650000,0.650000,0.422500,-0.000000
119.8100,-0.000000,0.650000,0.650000,0.422500,-0.000000
119.8200,-0.000000,0.650000,0.650000,0.422500,-0.000000
119.8300,-0.000000,0.650000,0.650000,0.422500,-0.000000
119.8400,-0.000000,0.650000,0.650000,0.422500,-0.000000
119.8500,-0.000000,0.650000,0.650000,0.422500,-0.000000
119.8600,-0.000000,0.650000,0.650000,0.422500,-0.000000
119.8700,-0.000000,0.650000,0.650000,0.422500,-0.000000
119.8800,-0.000000,0.650000,0.650000,0.422500,-0.000000
119.8900,-0.000000,0.650000,0.650000,0.422500,-0.000000
119.9000,-0.000000,0.650000,0.650000,0.422500,-0.000000
119.9100,-0.000000,0.650000,0.650000,0.422500,-0.000000
119.9200,-0.000000,0.650000,0.650000,0.422500,-0.000000
119.9300,-0.000000,0.650000,0.650000,0.422500,-0.000000
119.9400,-0.000000,0.650000,0.650000,0.422500,-0.000000
119.9500,-0.000000,0.650000,0.650000,0.422500,-0.000000
119.9600,-0.000000,0.650000,0.650000,0.422500,-0.000000
119.9700,-0.000000,0.650000,0.650000,0.422500,-0.000000
119.9800,-0.000000,0.650000,0.650000,0.422500,-0.000000
119.9900,-0.000000,0.650000,0.650000,0.422500,-0.000000
120.0000,-0.000000,0.650000,0.650000,0.422500,-0.000000
