t,e_line,u_L,u_R,v,omega
0.0000,0.050000,0.049750,1.000000,0.341169,4.751250
0.0100,0.050000,0.549500,0.750500,0.422500,1.005000
0.0200,0.050475,0.543548,0.756452,0.422500,1.064517
0.0300,0.051050,0.541139,0.758861,0.422500,1.088612
0.0400,0.051732,0.538455,0.761545,0.422500,1.115454
0.0500,0.052522,0.535526,0.764474,0.422500,1.144739
0.0600,0.053423,0.532345,0.767655,0.422500,1.176549
0.0700,0.054438,0.528903,0.771097,0.422500,1.210970
0.0800,0.055571,0.525191,0.774809,0.422500,1.248090
0.0900,0.056823,0.521200,0.778800,0.422500,1.288002
0.1000,0.058199,0.516919,0.783081,0.422500,1.330808
0.1100,0.059703,0.512339,0.787661,0.422500,1.376610
0.1200,0.061338,0.507448,0.792552,0.422500,1.425521
0.1300,0.063108,0.502235,0.797765,0.422500,1.477655
0.1400,0.065019,0.496687,0.803313,0.422500,1.533133
0.1500,0.067075,0.490792,0.809208,0.422500,1.592082
0.1600,0.069280,0.484537,0.815463,0.422500,1.654633
0.1700,0.071641,0.477908,0.822092,0.422500,1.720924
0.1800,0.074161,0.470891,0.829109,0.422500,1.791095
0.1900,0.076849,0.463471,0.836529,0.422500,1.865293
0.2000,0.079708,0.455633,0.844367,0.422500,1.943669
0.2100,0.082745,0.447362,0.852638,0.422500,2.026376
0.2200,0.085967,0.438643,0.861357,0.422500,2.113573
0.2300,0.089380,0.429458,0.870542,0.422500,2.205420
0.2400,0.092991,0.419792,0.880208,0.422500,2.302078
0.2500,0.096807,0.409629,0.890371,0.422500,2.403710
0.2600,0.100834,0.398952,0.901048,0.422500,2.510478
0.2700,0.105081,0.387746,0.912254,0.422500,2.622542
0.2800,0.109553,0.375994,0.924006,0.422500,2.740058
0.2900,0.114258,0.363682,0.936318,0.422500,2.863176
0.3000,0.119203,0.350796,0.949204,0.422500,2.992039
0.3100,0.124395,0.337322,0.962678,0.422500,3.126780
0.3200,0.129841,0.323249,0.976751,0.422500,3.267515
0.3300,0.135546,0.308565,0.991435,0.422500,3.414346
0.3400,0.141516,0.293265,1.000000,0.420311,3.533677
0.3500,0.147757,0.277341,1.000000,0.415136,3.613295
0.3600,0.154269,0.260823,1.000000,0.409767,3.695887
0.3700,0.161052,0.243753,1.000000,0.404220,3.781234
0.3800,0.168101,0.226145,1.000000,0.398497,3.869276
0.3900,0.175414,0.208012,1.000000,0.392604,3.959942
0.4000,0.182985,0.189371,1.000000,0.386546,4.053145
0.4100,0.190809,0.170242,1.000000,0.380329,4.148788
0.4200,0.198878,0.150649,1.000000,0.373961,4.246753
0.4300,0.207186,0.130618,1.000000,0.367451,4.346910
0.4400,0.215723,0.110178,1.000000,0.360808,4.449109
0.4500,0.224477,0.089364,1.000000,0.354043,4.553182
0.4600,0.233438,0.068212,1.000000,0.347169,4.658941
0.4700,0.242592,0.046764,1.000000,0.340198,4.766181
0.4800,0.251923,0.025066,1.000000,0.333146,4.874670
0.4900,0.261415,0.003168,1.000000,0.326030,4.984161
0.5000,0.271049,-0.018876,1.000000,0.318865,5.094381
0.5100,0.280805,-0.041007,1.000000,0.311673,5.205036
0.5200,0.290660,-0.063162,1.000000,0.304472,5.315812
0.5300,0.300590,-0.085275,1.000000,0.297286,5.426374
0.5400,0.310568,-0.107273,1.000000,0.290136,5.536365
0.5500,0.320568,-0.129082,1.000000,0.283048,5.645410
0.5600,0.330558,-0.150623,1.000000,0.276047,5.753117
0.5700,0.340507,-0.171816,1.000000,0.269160,5.859079
0.5800,0.350382,-0.192575,1.000000,0.262413,5.962875
0.5900,0.360148,-0.212815,1.000000,0.255835,6.064076
0.6000,0.369768,-0.232449,1.000000,0.249454,6.162244
0.6100,0.379206,-0.251388,1.000000,0.243299,6.256941
0.6200,0.388421,-0.269545,1.000000,0.237398,6.347727
0.6300,0.397376,-0.286834,1.000000,0.231779,6.434168
0.6400,0.406030,-0.303169,1.000000,0.226470,6.515843
0.6500,0.414345,-0.318469,1.000000,0.221498,6.592343
0.6600,0.422279,-0.332655,1.000000,0.216887,6.663277
0.6700,0.429796,-0.345656,1.000000,0.212662,6.728282
0.6800,0.436857,-0.357404,1.000000,0.208844,6.787022
0.6900,0.443426,-0.367839,1.000000,0.205452,6.839193
0.7000,0.449468,-0.376906,1.000000,0.202506,6.884530
0.7100,0.454952,-0.384562,1.000000,0.200017,6.922809
0.7200,0.459848,-0.390770,1.000000,0.198000,6.953848
0.7300,0.464128,-0.395502,1.000000,0.196462,6.977512
0.7400,0.467771,-0.398743,1.000000,0.195409,6.993715
0.7500,0.470755,-0.400483,1.000000,0.194843,7.002417
0.7600,0.473065,-0.400726,1.000000,0.194764,7.003630
0.7700,0.474688,-0.399482,1.000000,0.195168,6.997412
0.7800,0.475617,-0.396774,1.000000,0.196049,6.983868
0.7900,0.475848,-0.392630,1.000000,0.197395,6.963149
0.8000,0.475380,-0.387089,1.000000,0.199196,6.935447
0.8100,0.474219,-0.380199,1.000000,0.201435,6.900995
0.8200,0.472372,-0.372012,1.000000,0.204096,6.860059
0.8300,0.469851,-0.362588,1.000000,0.207159,6.812938
0.8400,0.466674,-0.351991,1.000000,0.210603,6.759957
0.8500,0.462858,-0.340293,1.000000,0.214405,6.701465
0.8600,0.458426,-0.327566,1.000000,0.218541,6.637829
0.8700,0.453405,-0.313886,1.000000,0.222987,6.569428
0.8800,0.447820,-0.299331,1.000000,0.227718,6.496653
0.8900,0.441703,-0.283980,1.000000,0.232706,6.419901
0.9000,0.435086,-0.267914,1.000000,0.237928,6.339568
0.9100,0.428001,-0.251210,1.000000,0.243357,6.256052
0.9200,0.420483,-0.233949,1.000000,0.248967,6.169743
0.9300,0.412568,-0.216205,1.000000,0.254733,6.081026
0.9400,0.404291,-0.198055,1.000000,0.260632,5.990275
0.9500,0.395688,-0.179570,1.000000,0.266640,5.897852
0.9600,0.386795,-0.160821,1.000000,0.272733,5.804107
0.9700,0.377649,-0.141875,1.000000,0.278891,5.709373
0.9800,0.368283,-0.122794,1.000000,0.285092,5.613969
0.9900,0.358732,-0.103639,1.000000,0.291317,5.518196
1.0000,0.349030,-0.084468,1.000000,0.297548,5.422340
1.0100,0.339210,-0.065333,1.000000,0.303767,5.326667
1.0200,0.329301,-0.046286,1.000000,0.309957,5.231428
1.0300,0.319335,-0.027372,1.000000,0.316104,5.136858
1.0400,0.309339,-0.008634,1.000000,0.322194,5.043172
1.0500,0.299342,0.009886,1.000000,0.328213,4.950572
1.0600,0.289368,0.028151,1.000000,0.334149,4.859244
1.0700,0.279441,0.046129,1.000000,0.339992,4.769357
1.0800,0.269586,0.063786,1.000000,0.345731,4.681068
1.0900,0.259822,0.081096,1.000000,0.351356,4.594520
1.1000,0.250170,0.098031,1.000000,0.356860,4.509843
1.1100,0.240648,0.114569,1.000000,0.362235,4.427156
1.1200,0.231274,0.130687,1.000000,0.367473,4.346566
1.1300,0.222062,0.146366,1.000000,0.372569,4.268171
1.1400,0.213029,0.161589,1.000000,0.377516,4.192057
1.1500,0.204187,0.176339,1.000000,0.382310,4.118306
1.1600,0.195549,0.190603,1.000000,0.386946,4.046987
1.1700,0.187125,0.204367,1.000000,0.391419,3.978165
1.1800,0.178927,0.217620,1.000000,0.395727,3.911898
1.1900,0.170962,0.230353,1.000000,0.399865,3.848236
1.2000,0.163240,0.242555,1.000000,0.403830,3.787226
1.2100,0.155768,0.254218,1.000000,0.407621,3.728911
1.2200,0.148553,0.265335,1.000000,0.411234,3.673327
1.2300,0.141602,0.275898,1.000000,0.414667,3.620509
1.2400,0.134919,0.285903,1.000000,0.417918,3.570487
1.2500,0.128510,0.295342,1.000000,0.420986,3.523289
1.2600,0.122378,0.304212,0.995788,0.422500,3.457883
1.2700,0.116529,0.312506,0.987494,0.422500,3.374936
1.2800,0.110964,0.320243,0.979757,0.422500,3.297571
1.2900,0.105682,0.327443,0.972557,0.422500,3.225573
1.3000,0.100684,0.334109,0.965891,0.422500,3.158913
1.3100,0.095967,0.340244,0.959756,0.422500,3.097564
1.3200,0.091531,0.345850,0.954150,0.422500,3.041504
1.3300,0.087374,0.350929,0.949071,0.422500,2.990714
1.3400,0.083496,0.355482,0.944518,0.422500,2.945183
1.3500,0.079896,0.359510,0.940490,0.422500,2.904903
1.3600,0.076571,0.363012,0.936988,0.422500,2.869876
1.3700,0.073523,0.365989,0.934011,0.422500,2.840107
1.3800,0.070748,0.368439,0.931561,0.422500,2.815612
1.3900,0.068248,0.370359,0.929641,0.422500,2.796410
1.4000,0.066021,0.371747,0.928253,0.422500,2.782531
1.4100,0.064068,0.372599,0.927401,0.422500,2.774013
1.4200,0.062388,0.372910,0.927090,0.422500,2.770898
1.4300,0.060982,0.372676,0.927324,0.422500,2.773240
1.4400,0.059851,0.371890,0.928110,0.422500,2.781100
1.4500,0.058996,0.370545,0.929455,0.422500,2.794546
1.4600,0.058419,0.368635,0.931365,0.422500,2.813655
1.4700,0.058120,0.366149,0.933851,0.422500,2.838511
1.4800,0.058103,0.363079,0.936921,0.422500,2.869208
1.4900,0.058370,0.359416,0.940584,0.422500,2.905844
1.5000,0.058924,0.355147,0.944853,0.422500,2.948526
1.5100,0.059767,0.350263,0.949737,0.422500,2.997368
1.5200,0.060904,0.344751,0.955249,0.422500,3.052486
1.5300,0.062338,0.338599,0.961401,0.422500,3.114006
1.5400,0.064073,0.331795,0.968205,0.422500,3.182055
1.5500,0.066114,0.324324,0.975676,0.422500,3.256761
1.5600,0.068466,0.316174,0.983826,0.422500,3.338257
1.5700,0.071132,0.307333,0.992667,0.422500,3.426674
1.5800,0.074119,0.297786,1.000000,0.421781,3.511069
1.5900,0.077432,0.287523,1.000000,0.418445,3.562387
1.6000,0.081073,0.276543,1.000000,0.414876,3.617286
1.6100,0.085044,0.264882,1.000000,0.411087,3.675590
1.6200,0.089344,0.252542,1.000000,0.407076,3.737290
1.6300,0.093973,0.239526,1.000000,0.402846,3.802372
1.6400,0.098930,0.225837,1.000000,0.398397,3.870813
1.6500,0.104213,0.211484,1.000000,0.393732,3.942582
1.6600,0.109821,0.196472,1.000000,0.388854,4.017638
1.6700,0.115751,0.180814,1.000000,0.383764,4.095932
1.6800,0.122000,0.164520,1.000000,0.378469,4.177400
1.6900,0.128563,0.147606,1.000000,0.372972,4.261968
1.7000,0.135436,0.130091,1.000000,0.367279,4.349547
1.7100,0.142611,0.111993,1.000000,0.361398,4.440033
1.7200,0.150083,0.093339,1.000000,0.355335,4.533306
1.7300,0.157843,0.074154,1.000000,0.349100,4.629229
1.7400,0.165880,0.054471,1.000000,0.342703,4.727644
1.7500,0.174184,0.034325,1.000000,0.336156,4.828375
1.7600,0.182742,0.013755,1.000000,0.329470,4.931226
1.7700,0.191540,-0.007195,1.000000,0.322661,5.035977
1.7800,0.200561,-0.028477,1.000000,0.315745,5.142387
1.7900,0.209789,-0.050038,1.000000,0.308738,5.250191
1.8000,0.219202,-0.071820,1.000000,0.301659,5.359099
1.8100,0.228779,-0.093760,1.000000,0.294528,5.468800
1.8200,0.238497,-0.115791,1.000000,0.287368,5.578955
1.8300,0.248329,-0.137841,1.000000,0.280202,5.689207
1.8400,0.258247,-0.159834,1.000000,0.273054,5.799172
1.8500,0.268222,-0.181689,1.000000,0.265951,5.908446
1.8600,0.278221,-0.203321,1.000000,0.258921,6.016606
1.8700,0.288211,-0.224642,1.000000,0.251991,6.123211
1.8800,0.298154,-0.245561,1.000000,0.245193,6.227806
1.8900,0.308014,-0.265985,1.000000,0.238555,6.329923
1.9000,0.317751,-0.285818,1.000000,0.232109,6.429088
1.9100,0.327324,-0.304964,1.000000,0.225887,6.524820
1.9200,0.336692,-0.323328,1.000000,0.219918,6.616641
1.9300,0.345811,-0.340816,1.000000,0.214235,6.704078
1.9400,0.354640,-0.357333,1.000000,0.208867,6.786667
1.9500,0.363134,-0.372792,1.000000,0.203843,6.863961
1.9600,0.371250,-0.387107,1.000000,0.199190,6.935535
1.9700,0.378947,-0.400198,1.000000,0.194936,7.000989
1.9800,0.386183,-0.411991,1.000000,0.191103,7.059954
1.9900,0.392918,-0.422420,1.000000,0.187713,7.112102
2.0000,0.399115,-0.431428,1.000000,0.184786,7.157140
2.0100,0.404739,-0.438965,1.000000,0.182336,7.194827
2.0200,0.409757,-0.444993,1.000000,0.180377,7.224965
2.0300,0.414140,-0.449482,1.000000,0.178918,7.247411
2.0400,0.417863,-0.452415,1.000000,0.177965,7.262073
2.0500,0.420904,-0.453783,1.000000,0.177521,7.268915
2.0600,0.423246,-0.453591,1.000000,0.177583,7.267954
2.0700,0.424875,-0.451852,1.000000,0.178148,7.259260
2.0800,0.425784,-0.448591,1.000000,0.179208,7.242956
2.0900,0.425968,-0.443843,1.000000,0.180751,7.219213
2.1000,0.425429,-0.437650,1.000000,0.182764,7.188249
2.1100,0.424170,-0.430065,1.000000,0.185229,7.150325
2.1200,0.422202,-0.421148,1.000000,0.188127,7.105739
2.1300,0.419539,-0.410965,1.000000,0.191437,7.054823
2.1400,0.416198,-0.398986,1.000000,0.195330,6.994929
2.1500,0.412201,-0.384431,1.000000,0.200060,6.922155
2.1600,0.407573,-0.368866,1.000000,0.205118,6.844331
2.1700,0.402343,-0.352386,1.000000,0.210475,6.761929
2.1800,0.396542,-0.335078,1.000000,0.216100,6.675389
2.1900,0.390204,-0.317031,1.000000,0.221965,6.585155
2.2000,0.383365,-0.298333,1.000000,0.228042,6.491666
2.2100,0.376060,-0.279071,1.000000,0.234302,6.395356
2.2200,0.368327,-0.259330,1.000000,0.240718,6.296650
2.2300,0.360205,-0.239192,1.000000,0.247263,6.195958
2.2400,0.351733,-0.218736,1.000000,0.253911,6.093679
2.2500,0.342947,-0.198038,1.000000,0.260637,5.990192
2.2600,0.333887,-0.177173,1.000000,0.267419,5.885863
2.2700,0.324590,-0.156207,1.000000,0.274233,5.781033
2.2800,0.315092,-0.135206,1.000000,0.281058,5.676029
2.2900,0.305429,-0.114231,1.000000,0.287875,5.571155
2.3000,0.295636,-0.093339,1.000000,0.294665,5.466696
2.3100,0.285745,-0.072583,1.000000,0.301410,5.362917
2.3200,0.275789,-0.052013,1.000000,0.308096,5.260063
2.3300,0.265797,-0.031672,1.000000,0.314707,5.158359
2.3400,0.255797,-0.011603,1.000000,0.321229,5.058016
2.3500,0.245818,0.008156,1.000000,0.327651,4.959221
2.3600,0.235884,0.027570,1.000000,0.333960,4.862150
2.3700,0.226020,0.046608,1.000000,0.340148,4.766959
2.3800,0.216246,0.065242,1.000000,0.346204,4.673791
2.3900,0.206585,0.083445,1.000000,0.352120,4.582775
2.4000,0.197054,0.101195,1.000000,0.357888,4.494026
2.4100,0.187673,0.118470,1.000000,0.363503,4.407648
2.4200,0.178456,0.135254,1.000000,0.368957,4.323732
2.4300,0.169420,0.151528,1.000000,0.374247,4.242361
2.4400,0.160576,0.167279,1.000000,0.379366,4.163607
2.4500,0.151939,0.182493,1.000000,0.384310,4.087534
2.4600,0.143519,0.197160,1.000000,0.389077,4.014198
2.4700,0.135327,0.211270,1.000000,0.393663,3.943648
2.4800,0.127371,0.224814,1.000000,0.398065,3.875928
2.4900,0.119661,0.237785,1.000000,0.402280,3.811075
2.5000,0.112203,0.250176,1.000000,0.406307,3.749120
2.5100,0.105004,0.261981,1.000000,0.410144,3.690093
2.5200,0.098070,0.273196,1.000000,0.413789,3.634018
2.5300,0.091407,0.283817,1.000000,0.417240,3.580915
2.5400,0.085019,0.293839,1.000000,0.420498,3.530804
2.5500,0.078911,0.303260,0.996740,0.422500,3.467399
2.5600,0.073086,0.312077,0.987923,0.422500,3.379231
2.5700,0.067546,0.320303,0.979697,0.422500,3.296968
2.5800,0.062291,0.327969,0.972031,0.422500,3.220309
2.5900,0.057319,0.335080,0.964920,0.422500,3.149202
2.6000,0.052629,0.341640,0.958360,0.422500,3.083598
2.6100,0.048220,0.347655,0.952345,0.422500,3.023449
2.6200,0.044089,0.353128,0.946872,0.422500,2.968717
2.6300,0.040236,0.358063,0.941937,0.422500,2.919366
2.6400,0.036658,0.362463,0.937537,0.422500,2.875368
2.6500,0.033354,0.366330,0.933670,0.422500,2.836702
2.6600,0.030323,0.369665,0.930335,0.422500,2.803352
2.6700,0.027563,0.372469,0.927531,0.422500,2.775312
2.6800,0.025074,0.374742,0.925258,0.422500,2.752580
2.6900,0.022855,0.376484,0.923516,0.422500,2.735165
2.7000,0.020905,0.377692,0.922308,0.422500,2.723082
2.7100,0.019224,0.378365,0.921635,0.422500,2.716354
2.7200,0.017812,0.378499,0.921501,0.422500,2.715013
2.7300,0.016669,0.378090,0.921910,0.422500,2.719098
2.7400,0.015796,0.377134,0.922866,0.422500,2.728656
2.7500,0.015195,0.375626,0.924374,0.422500,2.743742
2.7600,0.014866,0.373558,0.926442,0.422500,2.764419
2.7700,0.014811,0.370924,0.929076,0.422500,2.790758
2.7800,0.015033,0.367716,0.932284,0.422500,2.822837
2.7900,0.015534,0.363926,0.936074,0.422500,2.860739
2.8000,0.016316,0.359544,0.940456,0.422500,2.904556
2.8100,0.017383,0.354562,0.945438,0.422500,2.954384
2.8200,0.018739,0.348967,0.951033,0.422500,3.010325
2.8300,0.020386,0.342751,0.957249,0.422500,3.072485
2.8400,0.022330,0.335903,0.964097,0.422500,3.140972
2.8500,0.024574,0.328410,0.971590,0.422500,3.215898
2.8600,0.027123,0.320263,0.979737,0.422500,3.297372
2.8700,0.029982,0.311449,0.988551,0.422500,3.385505
2.8800,0.033155,0.301960,0.998040,0.422500,3.480403
2.8900,0.036647,0.291784,1.000000,0.419830,3.541082
2.9000,0.040463,0.280912,1.000000,0.416296,3.595441
2.9100,0.044604,0.269381,1.000000,0.412549,3.653094
2.9200,0.049070,0.257205,1.000000,0.408592,3.713975
2.9300,0.053859,0.244388,1.000000,0.404426,3.778059
2.9400,0.058971,0.230938,1.000000,0.400055,3.845312
2.9500,0.064404,0.216862,1.000000,0.395480,3.915691
2.9600,0.070156,0.202171,1.000000,0.390706,3.989145
2.9700,0.076223,0.186878,1.000000,0.385735,4.065612
2.9800,0.082603,0.170996,1.000000,0.380574,4.145018
2.9900,0.089291,0.154544,1.000000,0.375227,4.227278
3.0000,0.096280,0.137541,1.000000,0.369701,4.312294
3.0100,0.103566,0.120010,1.000000,0.364003,4.399950
3.0200,0.111140,0.101976,1.000000,0.358142,4.490118
3.0300,0.118995,0.083469,1.000000,0.352128,4.582653
3.0400,0.127119,0.064522,1.000000,0.345970,4.677389
3.0500,0.135501,0.045171,1.000000,0.339681,4.774145
3.0600,0.144130,0.025456,1.000000,0.333273,4.872718
3.0700,0.152990,0.005423,1.000000,0.326762,4.972886
3.0800,0.162065,-0.014881,1.000000,0.320164,5.074405
3.0900,0.171337,-0.035402,1.000000,0.313494,5.177011
3.1000,0.180788,-0.056083,1.000000,0.306773,5.280416
3.1100,0.190395,-0.076862,1.000000,0.300020,5.384312
3.1200,0.200136,-0.097674,1.000000,0.293256,5.488369
3.1300,0.209984,-0.118447,1.000000,0.286505,5.592236
3.1400,0.219912,-0.139109,1.000000,0.279790,5.695543
3.1500,0.229892,-0.159580,1.000000,0.273136,5.797901
3.1600,0.239891,-0.179781,1.000000,0.266571,5.898903
3.1700,0.249878,-0.199626,1.000000,0.260122,5.998130
3.1800,0.259818,-0.219029,1.000000,0.253815,6.095147
3.1900,0.269673,-0.237903,1.000000,0.247682,6.189515
3.2000,0.279408,-0.256157,1.000000,0.241749,6.280784
3.2100,0.288981,-0.273701,1.000000,0.236047,6.368507
3.2200,0.298355,-0.290447,1.000000,0.230605,6.452236
3.2300,0.307488,-0.306306,1.000000,0.225450,6.531532
3.2400,0.316340,-0.321193,1.000000,0.220612,6.605966
3.2500,0.324868,-0.335025,1.000000,0.216117,6.675124
3.2600,0.333034,-0.347723,1.000000,0.211990,6.738617
3.2700,0.340796,-0.359216,1.000000,0.208255,6.796079
3.2800,0.348116,-0.369435,1.000000,0.204934,6.847175
3.2900,0.354957,-0.378321,1.000000,0.202046,6.891604
3.3000,0.361283,-0.385821,1.000000,0.199608,6.929106
3.3100,0.367060,-0.391892,1.000000,0.197635,6.959460
3.3200,0.372258,-0.396499,1.000000,0.196138,6.982493
3.3300,0.376850,-0.399615,1.000000,0.195125,6.998077
3.3400,0.380810,-0.401227,1.000000,0.194601,7.006134
3.3500,0.384119,-0.401327,1.000000,0.194569,7.006635
3.3600,0.386759,-0.399920,1.000000,0.195026,6.999601
3.3700,0.388718,-0.397020,1.000000,0.195969,6.985098
3.3800,0.389986,-0.392649,1.000000,0.197389,6.963244
3.3900,0.390558,-0.386840,1.000000,0.199277,6.934198
3.4000,0.390434,-0.379632,1.000000,0.201620,6.898161
3.4100,0.389618,-0.371075,1.000000,0.204401,6.855374
3.4200,0.388117,-0.361222,1.000000,0.207603,6.806110
3.4300,0.385942,-0.350135,1.000000,0.211206,6.750676
3.4400,0.383108,-0.337880,1.000000,0.215189,6.689401
3.4500,0.379634,-0.324527,1.000000,0.219529,6.622637
3.4600,0.375541,-0.310151,1.000000,0.224201,6.550754
3.4700,0.370853,-0.294826,1.000000,0.229181,6.474132
3.4800,0.365597,-0.278633,1.000000,0.234444,6.393163
3.4900,0.359801,-0.261648,1.000000,0.239964,6.308239
3.5000,0.353497,-0.243951,1.000000,0.245716,6.219755
3.5100,0.346716,-0.225621,1.000000,0.251673,6.128103
3.5200,0.339491,-0.206734,1.000000,0.257812,6.033669
3.5300,0.331856,-0.187366,1.000000,0.264106,5.936829
3.5400,0.323846,-0.167590,1.000000,0.270533,5.837949
3.5500,0.315495,-0.147476,1.000000,0.277070,5.737382
3.5600,0.306837,-0.127093,1.000000,0.283695,5.635466
3.5700,0.297906,-0.106505,1.000000,0.290386,5.532524
3.5800,0.288736,-0.085773,1.000000,0.297124,5.428863
3.5900,0.279360,-0.064954,1.000000,0.303890,5.324771
3.6000,0.269808,-0.044104,1.000000,0.310666,5.220518
3.6100,0.260113,-0.023272,1.000000,0.317437,5.116359
3.6200,0.250303,-0.002506,1.000000,0.324186,5.012529
3.6300,0.240407,0.018151,1.000000,0.330899,4.909246
3.6400,0.230451,0.038658,1.000000,0.337564,4.806712
3.6500,0.220461,0.058978,1.000000,0.344168,4.705110
3.6600,0.210461,0.079078,1.000000,0.350700,4.604610
3.6700,0.200473,0.098927,1.000000,0.357151,4.505365
3.6800,0.190520,0.118497,1.000000,0.363512,4.407514
3.6900,0.180619,0.137764,1.000000,0.369773,4.311181
3.7000,0.170791,0.156704,1.000000,0.375929,4.216480
3.7100,0.161051,0.175298,1.000000,0.381972,4.123510
3.7200,0.151415,0.193528,1.000000,0.387897,4.032359
3.7300,0.141898,0.211379,1.000000,0.393698,3.943107
3.7400,0.132512,0.228836,1.000000,0.399372,3.855820
3.7500,0.123269,0.245888,1.000000,0.404914,3.770559
3.7600,0.114180,0.262525,1.000000,0.410321,3.687375
3.7700,0.105256,0.278738,1.000000,0.415590,3.606310
3.7800,0.096503,0.294519,1.000000,0.420719,3.527403
3.7900,0.087931,0.309864,0.990136,0.422500,3.401363
3.8000,0.079545,0.324766,0.975234,0.422500,3.252345
3.8100,0.071350,0.339255,0.960745,0.422500,3.107449
3.8200,0.063345,0.353358,0.946642,0.422500,2.966420
3.8300,0.055530,0.367087,0.932913,0.422500,2.829135
3.8400,0.047904,0.380454,0.919546,0.422500,2.695461
3.8500,0.040464,0.393474,0.906526,0.422500,2.565261
3.8600,0.033206,0.406161,0.893839,0.422500,2.438392
3.8700,0.026128,0.418529,0.881471,0.422500,2.314707
3.8800,0.019224,0.430594,0.869406,0.422500,2.194056
3.8900,0.012489,0.442371,0.857629,0.422500,2.076286
3.9000,0.005918,0.453876,0.846124,0.422500,1.961243
3.9100,-0.000495,0.465125,0.834875,0.422500,1.848745
3.9200,-0.006757,0.476165,0.823835,0.422500,1.738348
3.9300,-0.012873,0.487010,0.812990,0.422500,1.629899
3.9400,-0.018851,0.497676,0.802324,0.422500,1.523245
3.9500,-0.024698,0.508177,0.791823,0.422500,1.418227
3.9600,-0.030420,0.518531,0.781469,0.422500,1.314688
3.9700,-0.036025,0.528753,0.771247,0.422500,1.212470
3.9800,-0.041521,0.538859,0.761141,0.422500,1.111412
3.9900,-0.046915,0.548865,0.751135,0.422500,1.011351
4.0000,-0.052215,0.558787,0.741213,0.422500,0.912126
4.0100,-0.057430,0.568643,0.731357,0.422500,0.813573
4.0200,-0.062566,0.578448,0.721552,0.422500,0.715525
4.0300,-0.067632,0.588218,0.711782,0.422500,0.617816
4.0400,-0.072636,0.597972,0.702028,0.422500,0.520278
4.0500,-0.077587,0.607726,0.692274,0.422500,0.422740
4.0600,-0.082493,0.617497,0.682503,0.422500,0.325031
4.0700,-0.087362,0.627302,0.672698,0.422500,0.226978
4.0800,-0.092202,0.637160,0.662840,0.422500,0.128404
4.0900,-0.097022,0.647087,0.652913,0.422500,0.029132
4.1000,-0.101831,0.657102,0.642898,0.422500,-0.071017
4.1100,-0.106638,0.667222,0.632778,0.422500,-0.172225
4.1200,-0.111451,0.677468,0.622532,0.422500,-0.274676
4.1300,-0.116279,0.687856,0.612144,0.422500,-0.378557
4.1400,-0.121131,0.698406,0.601594,0.422500,-0.484056
4.1500,-0.126016,0.709136,0.590864,0.422500,-0.591363
4.1600,-0.130943,0.720067,0.579933,0.422500,-0.700672
4.1700,-0.135921,0.731218,0.568782,0.422500,-0.812176
4.1800,-0.140960,0.742607,0.557393,0.422500,-0.926073
4.1900,-0.146070,0.754256,0.545744,0.422500,-1.042558
4.2000,-0.151258,0.766183,0.533817,0.422500,-1.161831
4.2100,-0.156536,0.778409,0.521591,0.422500,-1.284091
4.2200,-0.161911,0.790953,0.509047,0.422500,-1.409534
4.2300,-0.167395,0.803836,0.496164,0.422500,-1.538358
4.2400,-0.172996,0.817076,0.482924,0.422500,-1.670758
4.2500,-0.178724,0.830692,0.469308,0.422500,-1.806925
4.2600,-0.184587,0.844705,0.455295,0.422500,-1.947045
4.2700,-0.190597,0.859130,0.440870,0.422500,-2.091300
4.2800,-0.196760,0.873986,0.426014,0.422500,-2.239860
4.2900,-0.203087,0.889289,0.410711,0.422500,-2.392887
4.3000,-0.209586,0.905053,0.394947,0.422500,-2.550529
4.3100,-0.216265,0.921292,0.378708,0.422500,-2.712918
4.3200,-0.223131,0.938017,0.361983,0.422500,-2.880168
4.3300,-0.230193,0.955237,0.344763,0.422500,-3.052368
4.3400,-0.237455,0.972958,0.327042,0.422500,-3.229583
4.3500,-0.244923,0.991184,0.308816,0.422500,-3.411843
4.3600,-0.252603,1.000000,0.290086,0.419278,-3.549572
4.3700,-0.260496,1.000000,0.270856,0.413028,-3.645720
4.3800,-0.268603,1.000000,0.251171,0.406631,-3.744144
4.3900,-0.276917,1.000000,0.231077,0.400100,-3.844613
4.4000,-0.285434,1.000000,0.210596,0.393444,-3.947022
4.4100,-0.294145,1.000000,0.189750,0.386669,-4.051250
4.4200,-0.303044,1.000000,0.168568,0.379785,-4.157161
4.4300,-0.312120,1.000000,0.147080,0.372801,-4.264599
4.4400,-0.321363,1.000000,0.125322,0.365730,-4.373392
4.4500,-0.330760,1.000000,0.103330,0.358582,-4.483349
4.4600,-0.340297,1.000000,0.081148,0.351373,-4.594259
4.4700,-0.349960,1.000000,0.058822,0.344117,-4.705891
4.4800,-0.359731,1.000000,0.036401,0.336830,-4.817996
4.4900,-0.369591,1.000000,0.013939,0.329530,-4.930303
4.5000,-0.379520,1.000000,-0.008504,0.322236,-5.042522
4.5100,-0.389496,1.000000,-0.030869,0.314968,-5.154344
4.5200,-0.399494,1.000000,-0.053088,0.307746,-5.265440
4.5300,-0.409489,1.000000,-0.075093,0.300595,-5.375465
4.5400,-0.419453,1.000000,-0.096812,0.293536,-5.484059
4.5500,-0.429357,1.000000,-0.118169,0.286595,-5.590845
4.5600,-0.439171,1.000000,-0.139087,0.279797,-5.695437
4.5700,-0.448862,1.000000,-0.159488,0.273167,-5.797438
4.5800,-0.458397,1.000000,-0.179289,0.266731,-5.896445
4.5900,-0.467742,1.000000,-0.198410,0.260517,-5.992052
4.6000,-0.476860,1.000000,-0.216770,0.254550,-6.083852
4.6100,-0.485716,1.000000,-0.234289,0.248856,-6.171446
4.6200,-0.494274,1.000000,-0.250888,0.243461,-6.254439
4.6300,-0.502496,1.000000,-0.266490,0.238391,-6.332452
4.6400,-0.510346,1.000000,-0.281024,0.233667,-6.405120
4.6500,-0.517788,1.000000,-0.294420,0.229313,-6.472101
4.6600,-0.524788,1.000000,-0.306616,0.225350,-6.533079
4.6700,-0.531311,1.000000,-0.317553,0.221795,-6.587764
4.6800,-0.537325,1.000000,-0.327181,0.218666,-6.635904
4.6900,-0.542801,1.000000,-0.335456,0.215977,-6.677279
4.7000,-0.547709,1.000000,-0.342342,0.213739,-6.711710
4.7100,-0.552025,1.000000,-0.347812,0.211961,-6.739059
4.7200,-0.555727,1.000000,-0.351846,0.210650,-6.759232
4.7300,-0.558794,1.000000,-0.354436,0.209808,-6.772179
4.7400,-0.561212,1.000000,-0.355579,0.209437,-6.777893
4.7500,-0.562968,1.000000,-0.355283,0.209533,-6.776414
4.7600,-0.564052,1.000000,-0.353565,0.210091,-6.767824
4.7700,-0.564461,1.000000,-0.350449,0.211104,-6.752245
4.7800,-0.564194,1.000000,-0.345969,0.212560,-6.729843
4.7900,-0.563252,1.000000,-0.340163,0.214447,-6.700817
4.8000,-0.561644,1.000000,-0.333081,0.216749,-6.665403
4.8100,-0.559378,1.000000,-0.324773,0.219449,-6.623865
4.8200,-0.556468,1.000000,-0.315299,0.222528,-6.576495
4.8300,-0.552931,1.000000,-0.304722,0.225965,-6.523608
4.8400,-0.548788,1.000000,-0.293108,0.229740,-6.465539
4.8500,-0.544060,1.000000,-0.280527,0.233829,-6.402635
4.8600,-0.538772,1.000000,-0.267051,0.238208,-6.335256
4.8700,-0.532952,1.000000,-0.252754,0.242855,-6.263770
4.8800,-0.526629,1.000000,-0.237710,0.247744,-6.188548
4.8900,-0.519834,1.000000,-0.221992,0.252853,-6.109961
4.9000,-0.512598,1.000000,-0.205676,0.258155,-6.028378
4.9100,-0.504953,1.000000,-0.188833,0.263629,-5.944163
4.9200,-0.496935,1.000000,-0.171534,0.269251,-5.857672
4.9300,-0.488575,1.000000,-0.153850,0.274999,-5.769252
4.9400,-0.479909,1.000000,-0.135848,0.280850,-5.679238
4.9500,-0.470969,1.000000,-0.117590,0.286783,-5.587952
4.9600,-0.461789,1.000000,-0.099140,0.292779,-5.495702
4.9700,-0.452402,1.000000,-0.080557,0.298819,-5.402783
4.9800,-0.442840,1.000000,-0.061895,0.304884,-5.309473
4.9900,-0.433134,1.000000,-0.043207,0.310958,-5.216034
5.0000,-0.423314,1.000000,-0.024543,0.317024,-5.122714
5.0100,-0.413409,1.000000,-0.005949,0.323067,-5.029743
5.0200,-0.403446,1.000000,0.012532,0.329073,-4.937338
5.0300,-0.393453,1.000000,0.030861,0.335030,-4.845697
5.0400,-0.383454,1.000000,0.048999,0.340925,-4.755007
5.0500,-0.373473,1.000000,0.066912,0.346746,-4.665439
5.0600,-0.363532,1.000000,0.084570,0.352485,-4.577149
5.0700,-0.353653,1.000000,0.101943,0.358132,-4.490283
5.0800,-0.343856,1.000000,0.119006,0.363677,-4.404972
5.0900,-0.334158,1.000000,0.135733,0.369113,-4.321335
5.1000,-0.324577,1.000000,0.152103,0.374434,-4.239483
5.1100,-0.315129,1.000000,0.168097,0.379632,-4.159514
5.1200,-0.305828,1.000000,0.183697,0.384701,-4.081517
5.1300,-0.296688,1.000000,0.198885,0.389638,-4.005573
5.1400,-0.287721,1.000000,0.213649,0.394436,-3.931754
5.1500,-0.278938,1.000000,0.227975,0.399092,-3.860125
5.1600,-0.270351,1.000000,0.241851,0.403602,-3.790744
5.1700,-0.261967,1.000000,0.255267,0.407962,-3.723663
5.1800,-0.253796,1.000000,0.268214,0.412170,-3.658928
5.1900,-0.245845,1.000000,0.280684,0.416222,-3.596581
5.2000,-0.238122,1.000000,0.292668,0.420117,-3.536658
5.2100,-0.230631,0.995838,0.304162,0.422500,-3.458384
5.2200,-0.223380,0.984843,0.315157,0.422500,-3.348425
5.2300,-0.216372,0.974331,0.325669,0.422500,-3.243313
5.2400,-0.209606,0.964274,0.335726,0.422500,-3.142745
5.2500,-0.203082,0.954666,0.345334,0.422500,-3.046659
5.2600,-0.196799,0.945499,0.354501,0.422500,-2.954989
5.2700,-0.190757,0.936767,0.363233,0.422500,-2.867671
5.2800,-0.184953,0.928464,0.371536,0.422500,-2.784637
5.2900,-0.179384,0.920582,0.379418,0.422500,-2.705824
5.3000,-0.174049,0.913117,0.386883,0.422500,-2.631168
5.3100,-0.168945,0.906061,0.393939,0.422500,-2.560609
5.3200,-0.164069,0.899409,0.400591,0.422500,-2.494087
5.3300,-0.159418,0.893155,0.406845,0.422500,-2.431548
5.3400,-0.154989,0.887294,0.412706,0.422500,-2.372940
5.3500,-0.150779,0.881822,0.418178,0.422500,-2.318216
5.3600,-0.146786,0.876733,0.423267,0.422500,-2.267332
5.3700,-0.143006,0.872025,0.427975,0.422500,-2.220248
5.3800,-0.139437,0.867693,0.432307,0.422500,-2.176932
5.3900,-0.136077,0.863735,0.436265,0.422500,-2.137352
5.4000,-0.132922,0.860149,0.439851,0.422500,-2.101486
5.4100,-0.129971,0.856931,0.443069,0.422500,-2.069314
5.4200,-0.127221,0.854082,0.445918,0.422500,-2.040823
5.4300,-0.124671,0.851601,0.448399,0.422500,-2.016006
5.4400,-0.122319,0.849486,0.450514,0.422500,-1.994860
5.4500,-0.120163,0.847739,0.452261,0.422500,-1.977390
5.4600,-0.118202,0.846361,0.453639,0.422500,-1.963607
5.4700,-0.116436,0.845353,0.454647,0.422500,-1.953527
5.4800,-0.114863,0.844717,0.455283,0.422500,-1.947173
5.4900,-0.113483,0.844457,0.455543,0.422500,-1.944575
5.5000,-0.112297,0.844577,0.455423,0.422500,-1.945769
5.5100,-0.111303,0.845080,0.454920,0.422500,-1.950799
5.5200,-0.110504,0.845971,0.454029,0.422500,-1.959714
5.5300,-0.109899,0.847257,0.452743,0.422500,-1.972571
5.5400,-0.109490,0.848943,0.451057,0.422500,-1.989435
5.5500,-0.109278,0.851037,0.448963,0.422500,-2.010375
5.5600,-0.109265,0.853547,0.446453,0.422500,-2.035469
5.5700,-0.109453,0.856480,0.443520,0.422500,-2.064804
5.5800,-0.109844,0.859847,0.440153,0.422500,-2.098471
5.5900,-0.110442,0.863657,0.436343,0.422500,-2.136568
5.6000,-0.111249,0.867920,0.432080,0.422500,-2.179203
5.6100,-0.112269,0.872649,0.427351,0.422500,-2.226487
5.6200,-0.113505,0.877854,0.422146,0.422500,-2.278540
5.6300,-0.114962,0.883549,0.416451,0.422500,-2.335487
5.6400,-0.116644,0.889746,0.410254,0.422500,-2.397459
5.6500,-0.118555,0.896459,0.403541,0.422500,-2.464594
5.6600,-0.120702,0.903703,0.396297,0.422500,-2.537033
5.6700,-0.123088,0.911492,0.388508,0.422500,-2.614920
5.6800,-0.125720,0.919840,0.380160,0.422500,-2.698404
5.6900,-0.128603,0.928764,0.371236,0.422500,-2.787635
5.7000,-0.131744,0.938277,0.361723,0.422500,-2.882766
5.7100,-0.135148,0.948394,0.351606,0.422500,-2.983945
5.7200,-0.138822,0.959132,0.340868,0.422500,-3.091320
5.7300,-0.142771,0.970503,0.329497,0.422500,-3.205034
5.7400,-0.147003,0.982522,0.317478,0.422500,-3.325223
5.7500,-0.151523,0.995201,0.304799,0.422500,-3.452011
5.7600,-0.156337,1.000000,0.291449,0.419721,-3.542756
5.7700,-0.161450,1.000000,0.277418,0.415161,-3.612909
5.7800,-0.166865,1.000000,0.262743,0.410391,-3.686286
5.7900,-0.172579,1.000000,0.247449,0.405421,-3.762756
5.8000,-0.178593,1.000000,0.231544,0.400252,-3.842282
5.8100,-0.184903,1.000000,0.215037,0.394887,-3.924817
5.8200,-0.191506,1.000000,0.197939,0.389330,-4.010303
5.8300,-0.198398,1.000000,0.180266,0.383587,-4.098668
5.8400,-0.205576,1.000000,0.162034,0.377661,-4.189830
5.8500,-0.213033,1.000000,0.143262,0.371560,-4.283688
5.8600,-0.220762,1.000000,0.123974,0.365292,-4.380128
5.8700,-0.228756,1.000000,0.104196,0.358864,-4.479018
5.8800,-0.237005,1.000000,0.083959,0.352287,-4.580207
5.8900,-0.245499,1.000000,0.063295,0.345571,-4.683527
5.9000,-0.254226,1.000000,0.042243,0.338729,-4.788787
5.9100,-0.263172,1.000000,0.020844,0.331774,-4.895778
5.9200,-0.272322,1.000000,-0.000853,0.324723,-5.004265
5.9300,-0.281658,1.000000,-0.022799,0.317590,-5.113994
5.9400,-0.291162,1.000000,-0.044937,0.310395,-5.224686
5.9500,-0.300812,1.000000,-0.067208,0.303157,-5.336040
5.9600,-0.310586,1.000000,-0.089546,0.295897,-5.447732
5.9700,-0.320459,1.000000,-0.111883,0.288638,-5.559413
5.9800,-0.330404,1.000000,-0.134143,0.281403,-5.670716
5.9900,-0.340391,1.000000,-0.156250,0.274219,-5.781251
6.0000,-0.350391,1.000000,-0.178122,0.267110,-5.890610
6.0100,-0.360370,1.000000,-0.199673,0.260106,-5.998367
6.0200,-0.370293,1.000000,-0.220816,0.253235,-6.104082
6.0300,-0.380125,1.000000,-0.241461,0.246525,-6.207304
6.0400,-0.389827,1.000000,-0.261515,0.240008,-6.307575
6.0500,-0.399359,1.000000,-0.280886,0.233712,-6.404431
6.0600,-0.408682,1.000000,-0.299482,0.227668,-6.497409
6.0700,-0.417755,1.000000,-0.317210,0.221907,-6.586050
6.0800,-0.426535,1.000000,-0.333981,0.216456,-6.669906
6.0900,-0.434982,1.000000,-0.349709,0.211345,-6.748544
6.1000,-0.443052,1.000000,-0.364310,0.206599,-6.821548
6.1100,-0.450707,1.000000,-0.377706,0.202245,-6.888532
6.1200,-0.457904,1.000000,-0.389827,0.198306,-6.949135
6.1300,-0.464607,1.000000,-0.400607,0.194803,-7.003034
6.1400,-0.470779,1.000000,-0.409989,0.191754,-7.049945
6.1500,-0.476384,1.000000,-0.417925,0.189174,-7.089627
6.1600,-0.481393,1.000000,-0.424377,0.187078,-7.121884
6.1700,-0.485776,1.000000,-0.429314,0.185473,-7.146571
6.1800,-0.489508,1.000000,-0.432719,0.184366,-7.163594
6.1900,-0.492568,1.000000,-0.434582,0.183761,-7.172910
6.2000,-0.494939,1.000000,-0.434906,0.183656,-7.174528
6.2100,-0.496607,1.000000,-0.433702,0.184047,-7.168511
6.2200,-0.497565,1.000000,-0.430994,0.184927,-7.154970
6.2300,-0.497807,1.000000,-0.426813,0.186286,-7.134065
6.2400,-0.497333,1.000000,-0.421200,0.188110,-7.106001
6.2500,-0.496149,1.000000,-0.414205,0.190383,-7.071023
6.2600,-0.494263,1.000000,-0.405884,0.193088,-7.029418
6.2700,-0.491688,1.000000,-0.396300,0.196202,-6.981502
6.2800,-0.488440,1.000000,-0.385524,0.199705,-6.927621
6.2900,-0.484541,1.000000,-0.373630,0.203570,-6.868148
6.3000,-0.480013,1.000000,-0.360694,0.207774,-6.803470
6.3100,-0.474885,1.000000,-0.346799,0.212290,-6.733994
6.3200,-0.469184,1.000000,-0.332026,0.217091,-6.660132
6.3300,-0.462944,1.000000,-0.316461,0.222150,-6.582305
6.3400,-0.456197,1.000000,-0.300187,0.227439,-6.500934
6.3500,-0.448980,1.000000,-0.283288,0.232931,-6.416439
6.3600,-0.441328,1.000000,-0.265847,0.238600,-6.329233
6.3700,-0.433279,1.000000,-0.247944,0.244418,-6.239722
6.3800,-0.424871,1.000000,-0.229660,0.250360,-6.148301
6.3900,-0.416141,1.000000,-0.211070,0.256402,-6.055352
6.4000,-0.407129,1.000000,-0.192248,0.262519,-5.961241
6.4100,-0.397871,1.000000,-0.173264,0.268689,-5.866321
6.4200,-0.388403,1.000000,-0.154185,0.274890,-5.770925
6.4300,-0.378764,1.000000,-0.135074,0.281101,-5.675369
6.4400,-0.368987,1.000000,-0.115991,0.287303,-5.579954
6.4500,-0.359107,1.000000,-0.096992,0.293478,-5.484959
6.4600,-0.349156,1.000000,-0.078129,0.299608,-5.390646
6.4700,-0.339165,1.000000,-0.059452,0.305678,-5.297261
6.4800,-0.329166,1.000000,-0.041006,0.311673,-5.205031
6.4900,-0.319185,1.000000,-0.022833,0.317579,-5.114165
6.5000,-0.309251,1.000000,-0.004972,0.323384,-5.024860
6.5100,-0.299388,1.000000,0.012541,0.329076,-4.937293
6.5200,-0.289621,1.000000,0.029674,0.334644,-4.851630
6.5300,-0.279972,1.000000,0.046396,0.340079,-4.768020
6.5400,-0.270461,1.000000,0.062679,0.345371,-4.686603
6.5500,-0.261108,1.000000,0.078500,0.350512,-4.607502
6.5600,-0.251931,1.000000,0.093833,0.355496,-4.530834
6.5700,-0.242947,1.000000,0.108659,0.360314,-4.456703
6.5800,-0.234171,1.000000,0.122959,0.364962,-4.385203
6.5900,-0.225617,1.000000,0.136716,0.369433,-4.316420
6.6000,-0.217298,1.000000,0.149913,0.373722,-4.250434
6.6100,-0.209227,1.000000,0.162537,0.377825,-4.187314
6.6200,-0.201414,1.000000,0.174575,0.381737,-4.127127
6.6300,-0.193869,1.000000,0.186014,0.385455,-4.069930
6.6400,-0.186601,1.000000,0.196844,0.388974,-4.015779
6.6500,-0.179619,1.000000,0.207056,0.392293,-3.964722
6.6600,-0.172930,1.000000,0.216639,0.395408,-3.916805
6.6700,-0.166541,1.000000,0.225586,0.398315,-3.872070
6.6800,-0.160458,1.000000,0.233889,0.401014,-3.830556
6.6900,-0.154686,1.000000,0.241540,0.403500,-3.792300
6.7000,-0.149232,1.000000,0.248533,0.405773,-3.757336
6.7100,-0.144099,1.000000,0.254861,0.407830,-3.725697
6.7200,-0.139292,1.000000,0.260517,0.409668,-3.697413
6.7300,-0.134816,1.000000,0.265497,0.411287,-3.672515
6.7400,-0.130673,1.000000,0.269794,0.412683,-3.651031
6.7500,-0.126867,1.000000,0.273402,0.413856,-3.632990
6.7600,-0.123400,1.000000,0.276316,0.414803,-3.618419
6.7700,-0.120277,1.000000,0.278531,0.415523,-3.607345
6.7800,-0.117500,1.000000,0.280041,0.416013,-3.599794
6.7900,-0.115071,1.000000,0.280841,0.416273,-3.595794
6.8000,-0.112993,1.000000,0.280926,0.416301,-3.595370
6.8100,-0.111267,1.000000,0.280290,0.416094,-3.598548
6.8200,-0.109897,1.000000,0.278929,0.415652,-3.605353
6.8300,-0.108884,1.000000,0.276838,0.414972,-3.615809
6.8400,-0.108231,1.000000,0.274012,0.414054,-3.629941
6.8500,-0.107938,1.000000,0.270445,0.412895,-3.647773
6.8600,-0.108008,1.000000,0.266135,0.411494,-3.669325
6.8700,-0.108444,1.000000,0.261076,0.409850,-3.694619
6.8800,-0.109245,1.000000,0.255265,0.407961,-3.723674
6.8900,-0.110414,1.000000,0.248699,0.405827,-3.756506
6.9000,-0.111952,1.000000,0.241374,0.403447,-3.793129
6.9100,-0.113860,1.000000,0.233289,0.400819,-3.833555
6.9200,-0.116138,1.000000,0.224442,0.397944,-3.877790
6.9300,-0.118789,1.000000,0.214833,0.394821,-3.925837
6.9400,-0.121811,1.000000,0.204461,0.391450,-3.977695
6.9500,-0.125205,1.000000,0.193329,0.387832,-4.033354
6.9600,-0.128970,1.000000,0.181440,0.383968,-4.092800
6.9700,-0.133106,1.000000,0.168798,0.379859,-4.156009
6.9800,-0.137610,1.000000,0.155410,0.375508,-4.222951
6.9900,-0.142482,1.000000,0.141283,0.370917,-4.293584
7.0000,-0.147718,1.000000,0.126429,0.366089,-4.367856
7.0100,-0.153316,1.000000,0.110859,0.361029,-4.445703
7.0200,-0.159269,1.000000,0.094591,0.355742,-4.527045
7.0300,-0.165574,1.000000,0.077642,0.350234,-4.611792
7.0400,-0.172223,1.000000,0.060033,0.344511,-4.699834
7.0500,-0.179210,1.000000,0.041791,0.338582,-4.791045
7.0600,-0.186526,1.000000,0.022944,0.332457,-4.885281
7.0700,-0.194159,1.000000,0.003525,0.326146,-4.982376
7.0800,-0.202099,1.000000,-0.016429,0.319661,-5.082143
7.0900,-0.210331,1.000000,-0.036875,0.313016,-5.184375
7.1000,-0.218842,1.000000,-0.057767,0.306226,-5.288836
7.1100,-0.227613,1.000000,-0.079054,0.299307,-5.395271
7.1200,-0.236625,1.000000,-0.100679,0.292279,-5.503396
7.1300,-0.245859,1.000000,-0.122580,0.285161,-5.612901
7.1400,-0.255289,1.000000,-0.144690,0.277976,-5.723451
7.1500,-0.264891,1.000000,-0.166937,0.270746,-5.834684
7.1600,-0.274638,1.000000,-0.189243,0.263496,-5.946213
7.1700,-0.284498,1.000000,-0.211525,0.256254,-6.057624
7.1800,-0.294440,1.000000,-0.233697,0.249049,-6.168483
7.1900,-0.304428,1.000000,-0.255666,0.241908,-6.278331
7.2000,-0.314427,1.000000,-0.277338,0.234865,-6.386691
7.2100,-0.324398,1.000000,-0.298614,0.227950,-6.493070
7.2200,-0.334299,1.000000,-0.319392,0.221198,-6.596961
7.2300,-0.344087,1.000000,-0.339570,0.214640,-6.697849
7.2400,-0.353720,1.000000,-0.359043,0.208311,-6.795216
7.2500,-0.363151,1.000000,-0.377709,0.202245,-6.888543
7.2600,-0.372335,1.000000,-0.395463,0.196474,-6.977317
7.2700,-0.381225,1.000000,-0.412208,0.191032,-7.061039
7.2800,-0.389774,1.000000,-0.427846,0.185950,-7.139228
7.2900,-0.397936,1.000000,-0.442285,0.181257,-7.211425
7.3000,-0.405664,1.000000,-0.455441,0.176982,-7.277204
7.3100,-0.412916,1.000000,-0.467235,0.173149,-7.336175
7.3200,-0.419647,1.000000,-0.477597,0.169781,-7.387987
7.3300,-0.425818,1.000000,-0.486468,0.166898,-7.432338
7.3400,-0.431392,1.000000,-0.493795,0.164516,-7.468977
7.3500,-0.436334,1.000000,-0.499542,0.162649,-7.497708
7.3600,-0.440613,1.000000,-0.503678,0.161305,-7.518391
7.3700,-0.444203,1.000000,-0.506189,0.160489,-7.530946
7.3800,-0.447082,1.000000,-0.507071,0.160202,-7.535353
7.3900,-0.449232,1.000000,-0.506331,0.160443,-7.531653
7.4000,-0.450641,1.000000,-0.503989,0.161204,-7.519943
7.4100,-0.451301,1.000000,-0.500076,0.162475,-7.500379
7.4200,-0.451210,1.000000,-0.494634,0.164244,-7.473169
7.4300,-0.450369,1.000000,-0.487714,0.166493,-7.438571
7.4400,-0.448787,1.000000,-0.479378,0.169202,-7.396888
7.4500,-0.446476,1.000000,-0.469692,0.172350,-7.348462
7.4600,-0.443452,1.000000,-0.456661,0.176585,-7.283303
7.4700,-0.439736,1.000000,-0.442312,0.181248,-7.211562
7.4800,-0.435354,1.000000,-0.426892,0.186260,-7.134459
7.4900,-0.430336,1.000000,-0.410493,0.191590,-7.052466
7.5000,-0.424714,1.000000,-0.393211,0.197206,-6.966056
7.5100,-0.418524,1.000000,-0.375142,0.203079,-6.875711
7.5200,-0.411802,1.000000,-0.356382,0.209176,-6.781909
7.5300,-0.404587,1.000000,-0.337024,0.215467,-6.685121
7.5400,-0.396919,1.000000,-0.317163,0.221922,-6.585813
7.5500,-0.388840,1.000000,-0.296887,0.228512,-6.484436
7.5600,-0.380390,1.000000,-0.276285,0.235207,-6.381425
7.5700,-0.371612,1.000000,-0.255440,0.241982,-6.277201
7.5800,-0.362546,1.000000,-0.234433,0.248809,-6.172163
7.5900,-0.353233,1.000000,-0.213338,0.255665,-6.066691
7.6000,-0.343713,1.000000,-0.192229,0.262526,-5.961145
7.6100,-0.334026,1.000000,-0.171172,0.269369,-5.855860
7.6200,-0.324207,1.000000,-0.150231,0.276175,-5.751153
7.6300,-0.314295,1.000000,-0.129463,0.282924,-5.647317
7.6400,-0.304323,1.000000,-0.108925,0.289599,-5.544624
7.6500,-0.294324,1.000000,-0.088665,0.296184,-5.443326
7.6600,-0.284331,1.000000,-0.068731,0.302662,-5.343655
7.6700,-0.274373,1.000000,-0.049165,0.309021,-5.245823
7.6800,-0.264478,1.000000,-0.030005,0.315248,-5.150024
7.6900,-0.254672,1.000000,-0.011287,0.321332,-5.056435
7.7000,-0.244980,1.000000,0.006957,0.327261,-4.965216
7.7100,-0.235426,1.000000,0.024697,0.333027,-4.876514
7.7200,-0.226029,1.000000,0.041908,0.338620,-4.790458
7.7300,-0.216810,1.000000,0.058567,0.344034,-4.707167
7.7400,-0.207788,1.000000,0.074650,0.349261,-4.626748
7.7500,-0.198978,1.000000,0.090141,0.354296,-4.549296
7.7600,-0.190397,1.000000,0.105021,0.359132,-4.474896
7.7700,-0.182058,1.000000,0.119275,0.363764,-4.403624
7.7800,-0.173974,1.000000,0.132890,0.368189,-4.335548
7.7900,-0.166157,1.000000,0.145854,0.372403,-4.270729
7.8000,-0.158618,1.000000,0.158156,0.376401,-4.209221
7.8100,-0.151366,1.000000,0.169786,0.380180,-4.151071
7.8200,-0.144410,1.000000,0.180735,0.383739,-4.096323
7.8300,-0.137759,1.000000,0.190997,0.387074,-4.045016
7.8400,-0.131419,1.000000,0.200563,0.390183,-3.997183
7.8500,-0.125397,1.000000,0.209429,0.393064,-3.952857
7.8600,-0.119698,1.000000,0.217587,0.395716,-3.912065
7.8700,-0.114329,1.000000,0.225033,0.398136,-3.874833
7.8800,-0.109294,1.000000,0.231763,0.400323,-3.841185
7.8900,-0.104597,1.000000,0.237771,0.402276,-3.811143
7.9000,-0.100243,1.000000,0.243055,0.403993,-3.784726
7.9100,-0.096235,1.000000,0.247609,0.405473,-3.761955
7.9200,-0.092577,1.000000,0.251430,0.406715,-3.742848
7.9300,-0.089271,1.000000,0.254516,0.407718,-3.727421
7.9400,-0.086321,1.000000,0.256862,0.408480,-3.715691
7.9500,-0.083729,1.000000,0.258465,0.409001,-3.707675
7.9600,-0.081497,1.000000,0.259323,0.409280,-3.703387
7.9700,-0.079628,1.000000,0.259431,0.409315,-3.702843
7.9800,-0.078124,1.000000,0.258789,0.409106,-3.706056
7.9900,-0.076988,1.000000,0.257392,0.408652,-3.713040
8.0000,-0.076220,1.000000,0.255239,0.407953,-3.723806
8.0100,-0.075823,1.000000,0.252327,0.407006,-3.738367
8.0200,-0.075798,1.000000,0.248654,0.405812,-3.756732
8.0300,-0.076147,1.000000,0.244218,0.404371,-3.778909
8.0400,-0.076871,1.000000,0.239019,0.402681,-3.804904
8.0500,-0.077971,1.000000,0.233056,0.400743,-3.834721
8.0600,-0.079448,1.000000,0.226328,0.398556,-3.868362
8.0700,-0.081304,1.000000,0.218836,0.396122,-3.905822
8.0800,-0.083538,1.000000,0.210581,0.393439,-3.947097
8.0900,-0.086151,1.000000,0.201565,0.390509,-3.992174
8.1000,-0.089144,1.000000,0.191793,0.387333,-4.041037
8.1100,-0.092514,1.000000,0.181267,0.383912,-4.093664
8.1200,-0.096262,1.000000,0.169995,0.380248,-4.150025
8.1300,-0.100386,1.000000,0.157983,0.376345,-4.210083
8.1400,-0.104885,1.000000,0.145242,0.372204,-4.273791
8.1500,-0.109756,1.000000,0.131782,0.367829,-4.341092
8.1600,-0.114995,1.000000,0.117616,0.363225,-4.411921
8.1700,-0.120599,1.000000,0.102761,0.358397,-4.486197
8.1800,-0.126563,1.000000,0.087235,0.353351,-4.563827
8.1900,-0.132881,1.000000,0.071059,0.348094,-4.644705
8.2000,-0.139546,1.000000,0.054258,0.342634,-4.728708
8.2100,-0.146550,1.000000,0.036861,0.336980,-4.815695
8.2200,-0.153883,1.000000,0.018899,0.331142,-4.905507
8.2300,-0.161536,1.000000,0.000406,0.325132,-4.997968
8.2400,-0.169494,1.000000,-0.018576,0.318963,-5.092878
8.2500,-0.177746,1.000000,-0.038004,0.312649,-5.190018
8.2600,-0.186274,1.000000,-0.057829,0.306206,-5.289145
8.2700,-0.195061,1.000000,-0.077998,0.299651,-5.389992
8.2800,-0.204089,1.000000,-0.098454,0.293003,-5.492269
8.2900,-0.213335,1.000000,-0.119132,0.286282,-5.595662
8.3000,-0.222776,1.000000,-0.139967,0.279511,-5.699833
8.3100,-0.232387,1.000000,-0.160884,0.272713,-5.804419
8.3200,-0.242140,1.000000,-0.181807,0.265913,-5.909033
8.3300,-0.252005,1.000000,-0.202654,0.259138,-6.013268
8.3400,-0.261949,1.000000,-0.223339,0.252415,-6.116694
8.3500,-0.271938,1.000000,-0.243773,0.245774,-6.218863
8.3600,-0.281937,1.000000,-0.263862,0.239245,-6.319310
8.3700,-0.291907,1.000000,-0.283512,0.232859,-6.417558
8.3800,-0.301808,1.000000,-0.302624,0.226647,-6.513119
8.3900,-0.311598,1.000000,-0.321100,0.220643,-6.605499
8.4000,-0.321235,1.000000,-0.338841,0.214877,-6.694204
8.4100,-0.330675,1.000000,-0.355748,0.209382,-6.778740
8.4200,-0.339873,1.000000,-0.371725,0.204189,-6.858625
8.4300,-0.348784,1.000000,-0.386678,0.199330,-6.933389
8.4400,-0.357363,1.000000,-0.400516,0.194832,-7.002582
8.4500,-0.365565,1.000000,-0.413156,0.190724,-7.065778
8.4600,-0.373348,1.000000,-0.424517,0.187032,-7.122583
8.4700,-0.380667,1.000000,-0.434528,0.183779,-7.172638
8.4800,-0.387483,1.000000,-0.443125,0.180984,-7.215624
8.4900,-0.393757,1.000000,-0.450254,0.178668,-7.251268
8.5000,-0.399453,1.000000,-0.455869,0.176843,-7.279345
8.5100,-0.404539,1.000000,-0.459936,0.175521,-7.299682
8.5200,-0.408985,1.000000,-0.462432,0.174710,-7.312160
8.5300,-0.412766,1.000000,-0.463343,0.174414,-7.316715
8.5400,-0.415861,1.000000,-0.462668,0.174633,-7.313340
8.5500,-0.418252,1.000000,-0.460416,0.175365,-7.302081
8.5600,-0.419927,1.000000,-0.456608,0.176602,-7.283041
8.5700,-0.420879,1.000000,-0.451274,0.178336,-7.256372
8.5800,-0.421104,1.000000,-0.444455,0.180552,-7.222275
8.5900,-0.420603,1.000000,-0.436200,0.183235,-7.180998
8.6000,-0.419383,1.000000,-0.426566,0.186366,-7.132828
8.6100,-0.417454,1.000000,-0.415618,0.189924,-7.078089
8.6200,-0.414831,1.000000,-0.403427,0.193886,-7.017135
8.6300,-0.411531,1.000000,-0.390070,0.198227,-6.950348
8.6400,-0.407578,1.000000,-0.375626,0.202922,-6.878130
8.6500,-0.402997,1.000000,-0.360179,0.207942,-6.800897
8.6600,-0.397815,1.000000,-0.343816,0.213260,-6.719079
8.6700,-0.392065,1.000000,-0.326622,0.218848,-6.633109
8.6800,-0.385778,1.000000,-0.308685,0.224677,-6.543424
8.6900,-0.378989,1.000000,-0.290091,0.230720,-6.450457
8.7000,-0.371735,1.000000,-0.270927,0.236949,-6.354635
8.7100,-0.364052,1.000000,-0.251275,0.243335,-6.256377
8.7200,-0.355978,1.000000,-0.231218,0.249854,-6.156090
8.7300,-0.347551,1.000000,-0.210833,0.256479,-6.054165
8.7400,-0.338809,1.000000,-0.190196,0.263186,-5.950979
8.7500,-0.329789,1.000000,-0.169378,0.269952,-5.846892
8.7600,-0.320528,1.000000,-0.148449,0.276754,-5.742244
8.7700,-0.311063,1.000000,-0.127471,0.283572,-5.637356
8.7800,-0.301428,1.000000,-0.106506,0.290386,-5.532530
8.7900,-0.291657,1.000000,-0.085610,0.297177,-5.428048
8.8000,-0.281784,1.000000,-0.064835,0.303929,-5.324173
8.8100,-0.271839,1.000000,-0.044229,0.310625,-5.221147
8.8200,-0.261853,1.000000,-0.023839,0.317252,-5.119196
8.8300,-0.251853,1.000000,-0.003705,0.323796,-5.018525
8.8400,-0.241866,1.000000,0.016135,0.330244,-4.919324
8.8500,-0.231918,1.000000,0.035647,0.336585,-4.821763
8.8600,-0.222031,1.000000,0.054800,0.342810,-4.726001
8.8700,-0.212229,1.000000,0.073565,0.348908,-4.632177
8.8800,-0.202531,1.000000,0.091916,0.354873,-4.540420
8.8900,-0.192957,1.000000,0.109831,0.360695,-4.450844
8.9000,-0.183523,1.000000,0.127290,0.366369,-4.363551
8.9100,-0.174247,1.000000,0.144273,0.371889,-4.278633
8.9200,-0.165142,1.000000,0.160766,0.377249,-4.196170
8.9300,-0.156222,1.000000,0.176753,0.382445,-4.116233
8.9400,-0.147500,1.000000,0.192223,0.387472,-4.038886
8.9500,-0.138986,1.000000,0.207163,0.392328,-3.964184
8.9600,-0.130691,1.000000,0.221565,0.397009,-3.892174
8.9700,-0.122624,1.000000,0.235420,0.401512,-3.822898
8.9800,-0.114794,1.000000,0.248721,0.405834,-3.756393
8.9900,-0.107206,1.000000,0.261462,0.409975,-3.692690
9.0000,-0.099869,1.000000,0.273637,0.413932,-3.631814
9.0100,-0.092787,1.000000,0.285242,0.417704,-3.573790
9.0200,-0.085966,1.000000,0.296273,0.421289,-3.518636
9.0300,-0.079412,0.993274,0.306726,0.422500,-3.432738
9.0400,-0.073126,0.983401,0.316599,0.422500,-3.334007
9.0500,-0.067112,0.974078,0.325922,0.422500,-3.240781
9.0600,-0.061367,0.965285,0.334715,0.422500,-3.152848
9.0700,-0.055890,0.957014,0.342986,0.422500,-3.070138
9.0800,-0.050680,0.949258,0.350742,0.422500,-2.992582
9.0900,-0.045734,0.942011,0.357989,0.422500,-2.920113
9.1000,-0.041051,0.935267,0.364733,0.422500,-2.852671
9.1100,-0.036627,0.929020,0.370980,0.422500,-2.790198
9.1200,-0.032461,0.923264,0.376736,0.422500,-2.732641
9.1300,-0.028551,0.917995,0.382005,0.422500,-2.679952
9.1400,-0.024893,0.913209,0.386791,0.422500,-2.632091
9.1500,-0.021486,0.908902,0.391098,0.422500,-2.589022
9.1600,-0.018328,0.905072,0.394928,0.422500,-2.550716
9.1700,-0.015416,0.901715,0.398285,0.422500,-2.517149
9.1800,-0.012749,0.898831,0.401169,0.422500,-2.488308
9.1900,-0.010326,0.896418,0.403582,0.422500,-2.464183
9.2000,-0.008145,0.894477,0.405523,0.422500,-2.444773
9.2100,-0.006205,0.893008,0.406992,0.422500,-2.430083
9.2200,-0.004505,0.892013,0.407987,0.422500,-2.420128
9.2300,-0.003045,0.891493,0.408507,0.422500,-2.414928
9.2400,-0.001825,0.891451,0.408549,0.422500,-2.414512
9.2500,-0.000845,0.891892,0.408108,0.422500,-2.418916
9.2600,-0.000106,0.892818,0.407182,0.422500,-2.428184
9.2700,0.000392,0.894235,0.405765,0.422500,-2.442348
9.2800,0.000647,0.896147,0.403853,0.422500,-2.461474
9.2900,0.000658,0.898564,0.401436,0.422500,-2.485640
9.3000,0.000423,0.901493,0.398507,0.422500,-2.514932
9.3100,-0.000060,0.904944,0.395056,0.422500,-2.549444
9.3200,-0.000795,0.908927,0.391073,0.422500,-2.589275
9.3300,-0.001783,0.913451,0.386549,0.422500,-2.634506
9.3400,-0.003029,0.918515,0.381485,0.422500,-2.685151
9.3500,-0.004535,0.924138,0.375862,0.422500,-2.741378
9.3600,-0.006307,0.930330,0.369670,0.422500,-2.803297
9.3700,-0.008348,0.937102,0.362898,0.422500,-2.871020
9.3800,-0.010662,0.944466,0.355534,0.422500,-2.944664
9.3900,-0.013255,0.952435,0.347565,0.422500,-3.024347
9.4000,-0.016130,0.961019,0.338981,0.422500,-3.110187
9.4100,-0.019294,0.970230,0.329770,0.422500,-3.202299
9.4200,-0.022752,0.980080,0.319920,0.422500,-3.300796
9.4300,-0.026508,0.990579,0.309421,0.422500,-3.405786
9.4400,-0.030568,1.000000,0.298263,0.421936,-3.508684
9.4500,-0.034937,1.000000,0.286437,0.418092,-3.567814
9.4600,-0.039619,1.000000,0.273945,0.414032,-3.630274
9.4700,-0.044613,1.000000,0.260835,0.409771,-3.695824
9.4800,-0.049918,1.000000,0.247113,0.405312,-3.764433
9.4900,-0.055533,1.000000,0.232788,0.400656,-3.836060
9.5000,-0.061455,1.000000,0.217869,0.395808,-3.910654
9.5100,-0.067681,1.000000,0.202369,0.390770,-3.988155
9.5200,-0.074209,1.000000,0.186301,0.385548,-4.068493
9.5300,-0.081034,1.000000,0.169683,0.380147,-4.151583
9.5400,-0.088151,1.000000,0.152534,0.374574,-4.237330
9.5500,-0.095553,1.000000,0.134876,0.368835,-4.325621
9.5600,-0.103233,1.000000,0.116734,0.362938,-4.416332
9.5700,-0.111183,1.000000,0.098136,0.356894,-4.509318
9.5800,-0.119392,1.000000,0.079116,0.350713,-4.604421
9.5900,-0.127851,1.000000,0.059708,0.344405,-4.701461
9.6000,-0.136547,1.000000,0.039952,0.337984,-4.800242
9.6100,-0.145465,1.000000,0.019891,0.331464,-4.900546
9.6200,-0.154590,1.000000,-0.000427,0.324861,-5.002135
9.6300,-0.163904,1.000000,-0.020950,0.318191,-5.104751
9.6400,-0.173388,1.000000,-0.041622,0.311473,-5.208112
9.6500,-0.183022,1.000000,-0.062384,0.304725,-5.311919
9.6600,-0.192783,1.000000,-0.083170,0.297970,-5.415848
9.6700,-0.202645,1.000000,-0.103912,0.291229,-5.519558
9.6800,-0.212582,1.000000,-0.124537,0.284525,-5.622686
9.6900,-0.222566,1.000000,-0.144970,0.277885,-5.724852
9.7000,-0.232566,1.000000,-0.165132,0.271332,-5.825660
9.7100,-0.242550,1.000000,-0.184940,0.264895,-5.924699
9.7200,-0.252484,1.000000,-0.204309,0.258599,-6.021546
9.7300,-0.262333,1.000000,-0.223154,0.252475,-6.115770
9.7400,-0.272060,1.000000,-0.241386,0.246549,-6.206932
9.7500,-0.281626,1.000000,-0.258919,0.240851,-6.294593
9.7600,-0.290994,1.000000,-0.275663,0.235409,-6.378316
9.7700,-0.300123,1.000000,-0.291534,0.230252,-6.457669
9.7800,-0.308973,1.000000,-0.306446,0.225405,-6.532232
9.7900,-0.317504,1.000000,-0.320320,0.220896,-6.601599
9.8000,-0.325676,1.000000,-0.333077,0.216750,-6.665386
9.8100,-0.333451,1.000000,-0.344646,0.212990,-6.723232
9.8200,-0.340789,1.000000,-0.354961,0.209638,-6.774807
9.8300,-0.347654,1.000000,-0.363962,0.206712,-6.819812
9.8400,-0.354012,1.000000,-0.371598,0.204231,-6.857988
9.8500,-0.359828,1.000000,-0.377823,0.202208,-6.889114
9.8600,-0.365074,1.000000,-0.382603,0.200654,-6.913014
9.8700,-0.369721,1.000000,-0.385912,0.199579,-6.929559
9.8800,-0.373745,1.000000,-0.387733,0.198987,-6.938664
9.8900,-0.377126,1.000000,-0.388059,0.198881,-6.940296
9.9000,-0.379846,1.000000,-0.386893,0.199260,-6.934466
9.9100,-0.381892,1.000000,-0.384247,0.200120,-6.921234
9.9200,-0.383255,1.000000,-0.380142,0.201454,-6.900708
9.9300,-0.383930,1.000000,-0.374607,0.203253,-6.873036
9.9400,-0.383915,1.000000,-0.367682,0.205503,-6.838410
9.9500,-0.383214,1.000000,-0.359412,0.208191,-6.797058
9.9600,-0.381832,1.000000,-0.349849,0.211299,-6.749243
9.9700,-0.379781,1.000000,-0.339052,0.214808,-6.695258
9.9800,-0.377075,1.000000,-0.327085,0.218697,-6.635424
9.9900,-0.373730,1.000000,-0.314016,0.222945,-6.570080
10.0000,-0.369768,1.000000,-0.299917,0.227527,-6.499584
10.0100,-0.365212,1.000000,-0.284862,0.232420,-6.424309
10.0200,-0.360087,1.000000,-0.268927,0.237599,-6.344634
10.0300,-0.354422,1.000000,-0.252189,0.243039,-6.260944
10.0400,-0.348245,1.000000,-0.234725,0.248714,-6.173626
10.0500,-0.341589,1.000000,-0.216612,0.254601,-6.083062
10.0600,-0.334484,1.000000,-0.197927,0.260674,-5.989633
10.0700,-0.326966,1.000000,-0.178742,0.266909,-5.893708
10.0800,-0.319065,1.000000,-0.159130,0.273283,-5.795648
10.0900,-0.310818,1.000000,-0.139160,0.279773,-5.695802
10.1000,-0.302257,1.000000,-0.118901,0.286357,-5.594505
10.1100,-0.293415,1.000000,-0.098415,0.293015,-5.492074
10.1200,-0.284326,1.000000,-0.077763,0.299727,-5.388815
10.1300,-0.275022,1.000000,-0.057002,0.306474,-5.285012
10.1400,-0.265534,1.000000,-0.036187,0.313239,-5.180937
10.1500,-0.255892,1.000000,-0.015368,0.320005,-5.076840
10.1600,-0.246126,1.000000,0.005409,0.326758,-4.972956
10.1700,-0.236264,1.000000,0.026099,0.333482,-4.869503
10.1800,-0.226331,1.000000,0.046664,0.340166,-4.766682
10.1900,-0.216354,1.000000,0.067065,0.346796,-4.664676
10.2000,-0.206356,1.000000,0.087269,0.353362,-4.563656
10.2100,-0.196359,1.000000,0.107245,0.359855,-4.463773
10.2200,-0.186386,1.000000,0.126967,0.366264,-4.365167
10.2300,-0.176454,1.000000,0.146407,0.372582,-4.267963
10.2400,-0.166583,1.000000,0.165545,0.378802,-4.172273
10.2500,-0.156789,1.000000,0.184360,0.384917,-4.078199
10.2600,-0.147088,1.000000,0.202835,0.390921,-3.985827
10.2700,-0.137494,1.000000,0.220953,0.396810,-3.895237
10.2800,-0.128020,1.000000,0.238701,0.402578,-3.806497
10.2900,-0.118678,1.000000,0.256067,0.408222,-3.719666
10.3000,-0.109478,1.000000,0.273041,0.413738,-3.634794
10.3100,-0.100430,1.000000,0.289615,0.419125,-3.551925
10.3200,-0.091544,0.994219,0.305781,0.422500,-3.442190
10.3300,-0.082825,0.978467,0.321533,0.422500,-3.284665
10.3400,-0.074281,0.963115,0.336885,0.422500,-3.131145
10.3500,-0.065911,0.948128,0.351872,0.422500,-2.981278
10.3600,-0.057717,0.933494,0.366506,0.422500,-2.834942
10.3700,-0.049698,0.919200,0.380800,0.422500,-2.692003
10.3800,-0.041851,0.905232,0.394768,0.422500,-2.552320
10.3900,-0.034173,0.891575,0.408425,0.422500,-2.415745
10.4000,-0.026662,0.878212,0.421788,0.422500,-2.282124
10.4100,-0.019313,0.865130,0.434870,0.422500,-2.151299
10.4200,-0.012120,0.852311,0.447689,0.422500,-2.023106
10.4300,-0.005078,0.839738,0.460262,0.422500,-1.897381
10.4400,0.001819,0.827386,0.472614,0.422500,-1.773863
10.4500,0.008577,0.815214,0.484786,0.422500,-1.652135
10.4600,0.015203,0.803203,0.496797,0.422500,-1.532030
10.4700,0.021705,0.791338,0.508662,0.422500,-1.413375
10.4800,0.028089,0.779600,0.520400,0.422500,-1.295997
10.4900,0.034364,0.767972,0.532028,0.422500,-1.179719
10.5000,0.040538,0.756436,0.543564,0.422500,-1.064363
10.5100,0.046618,0.744975,0.555025,0.422500,-0.949747
10.5200,0.052614,0.733569,0.566431,0.422500,-0.835689
10.5300,0.058533,0.722201,0.577799,0.422500,-0.722005
10.5400,0.064385,0.710851,0.589149,0.422500,-0.608508
10.5500,0.070178,0.699501,0.600499,0.422500,-0.495008
10.5600,0.075921,0.688132,0.611868,0.422500,-0.381317
10.5700,0.081624,0.676724,0.623276,0.422500,-0.267240
10.5800,0.087295,0.665258,0.634742,0.422500,-0.152585
10.5900,0.092945,0.653715,0.646285,0.422500,-0.037154
10.6000,0.098581,0.642075,0.657925,0.422500,0.079250
10.6100,0.104215,0.630317,0.669683,0.422500,0.196827
10.6200,0.109855,0.618422,0.681578,0.422500,0.315778
10.6300,0.115512,0.606369,0.693631,0.422500,0.436307
10.6400,0.121194,0.594138,0.705862,0.422500,0.558617
10.6500,0.126912,0.581709,0.718291,0.422500,0.682913
10.6600,0.132676,0.569060,0.730940,0.422500,0.809402
10.6700,0.138496,0.556171,0.743829,0.422500,0.938288
10.6800,0.144382,0.543022,0.756978,0.422500,1.069777
10.6900,0.150342,0.529593,0.770407,0.422500,1.204073
10.7000,0.156389,0.515862,0.784138,0.422500,1.341377
10.7100,0.162531,0.501811,0.798189,0.422500,1.481889
10.7200,0.168778,0.487420,0.812580,0.422500,1.625803
10.7300,0.175140,0.472669,0.827331,0.422500,1.773308
10.7400,0.181627,0.457541,0.842459,0.422500,1.924585
10.7500,0.188248,0.442019,0.857981,0.422500,2.079807
10.7600,0.195012,0.426087,0.873913,0.422500,2.239133
10.7700,0.201927,0.409729,0.890271,0.422500,2.402711
10.7800,0.209003,0.392933,0.907067,0.422500,2.570670
10.7900,0.216246,0.375688,0.924312,0.422500,2.743121
10.8000,0.223664,0.357985,0.942015,0.422500,2.920147
10.8100,0.231263,0.339819,0.960181,0.422500,3.101809
10.8200,0.239049,0.321187,0.978813,0.422500,3.288131
10.8300,0.247026,0.302090,0.997910,0.422500,3.479103
10.8400,0.255196,0.282533,1.000000,0.416823,3.587335
10.8500,0.263563,0.262527,1.000000,0.410321,3.687367
10.8600,0.272120,0.242141,1.000000,0.403696,3.789296
10.8700,0.280862,0.221403,1.000000,0.396956,3.892987
10.8800,0.289782,0.200337,1.000000,0.390110,3.998313
10.8900,0.298871,0.178973,1.000000,0.383166,4.105135
10.9000,0.308119,0.157341,1.000000,0.376136,4.213294
10.9100,0.317516,0.135477,1.000000,0.369030,4.322614
10.9200,0.327049,0.113420,1.000000,0.361861,4.432902
10.9300,0.336703,0.091211,1.000000,0.354644,4.543946
10.9400,0.346463,0.068898,1.000000,0.347392,4.655512
10.9500,0.356312,0.046530,1.000000,0.340122,4.767350
10.9600,0.366231,0.024162,1.000000,0.332853,4.879189
10.9700,0.376199,0.001852,1.000000,0.325602,4.990741
10.9800,0.386195,-0.020340,1.000000,0.318390,5.101698
10.9900,0.396193,-0.042347,1.000000,0.311237,5.211734
11.0000,0.406168,-0.064102,1.000000,0.304167,5.320511
11.0100,0.416094,-0.085534,1.000000,0.297201,5.427671
11.0200,0.425941,-0.106569,1.000000,0.290365,5.532846
11.0300,0.435678,-0.127132,1.000000,0.283682,5.635660
11.0400,0.445275,-0.147145,1.000000,0.277178,5.735724
11.0500,0.454699,-0.166530,1.000000,0.270878,5.832648
11.0600,0.463915,-0.185208,1.000000,0.264807,5.926039
11.0700,0.472889,-0.203101,1.000000,0.258992,6.015506
11.0800,0.481586,-0.220133,1.000000,0.253457,6.100663
11.0900,0.489970,-0.236227,1.000000,0.248226,6.181136
11.1000,0.498007,-0.251312,1.000000,0.243324,6.256560
11.1100,0.505661,-0.265319,1.000000,0.238771,6.326593
11.1200,0.512897,-0.278182,1.000000,0.234591,6.390911
11.1300,0.519683,-0.289844,1.000000,0.230801,6.449218
11.1400,0.525986,-0.300249,1.000000,0.227419,6.501245
11.1500,0.531775,-0.309352,1.000000,0.224461,6.546758
11.1600,0.537022,-0.317112,1.000000,0.221939,6.585558
11.1700,0.541701,-0.323497,1.000000,0.219864,6.617483
11.1800,0.545788,-0.328483,1.000000,0.218243,6.642414
11.1900,0.549263,-0.332054,1.000000,0.217082,6.660272
11.2000,0.552108,-0.334204,1.000000,0.216384,6.671020
11.2100,0.554309,-0.334933,1.000000,0.216147,6.674665
11.2200,0.555854,-0.334251,1.000000,0.216368,6.671256
11.2300,0.556737,-0.332177,1.000000,0.217043,6.660884
11.2400,0.556954,-0.328735,1.000000,0.218161,6.643677
11.2500,0.556505,-0.323961,1.000000,0.219713,6.619803
11.2600,0.555393,-0.317893,1.000000,0.221685,6.589465
11.2700,0.553627,-0.310579,1.000000,0.224062,6.552896
11.2800,0.551217,-0.302071,1.000000,0.226827,6.510357
11.2900,0.548176,-0.292427,1.000000,0.229961,6.462136
11.3000,0.544522,-0.281708,1.000000,0.233445,6.408541
11.3100,0.540274,-0.269980,1.000000,0.237257,6.349898
11.3200,0.535455,-0.257309,1.000000,0.241375,6.286545
11.3300,0.530090,-0.243766,1.000000,0.245776,6.218831
11.3400,0.524206,-0.229422,1.000000,0.250438,6.147112
11.3500,0.517830,-0.214349,1.000000,0.255337,6.071745
11.3600,0.510993,-0.198618,1.000000,0.260449,5.993090
11.3700,0.503726,-0.182300,1.000000,0.265752,5.911500
11.3800,0.496061,-0.165465,1.000000,0.271224,5.827326
11.3900,0.488029,-0.148182,1.000000,0.276841,5.740911
11.4000,0.479664,-0.130517,1.000000,0.282582,5.652586
11.4100,0.470999,-0.112535,1.000000,0.288426,5.562674
11.4200,0.462065,-0.094297,1.000000,0.294354,5.471483
11.4300,0.452895,-0.075862,1.000000,0.300345,5.379309
11.4400,0.443521,-0.057286,1.000000,0.306382,5.286432
11.4500,0.433973,-0.038624,1.000000,0.312447,5.193120
11.4600,0.424282,-0.019925,1.000000,0.318524,5.099624
11.4700,0.414475,-0.001236,1.000000,0.324598,5.006178
11.4800,0.404582,0.017399,1.000000,0.330655,4.913005
11.4900,0.394628,0.035938,1.000000,0.336680,4.820309
11.5000,0.384639,0.054344,1.000000,0.342662,4.728281
11.5100,0.374639,0.072580,1.000000,0.348589,4.637098
11.5200,0.364651,0.090616,1.000000,0.354450,4.546922
11.5300,0.354696,0.108420,1.000000,0.360236,4.457902
11.5400,0.344794,0.125965,1.000000,0.365939,4.370176
11.5500,0.334965,0.143227,1.000000,0.371549,4.283867
11.5600,0.325225,0.160182,1.000000,0.377059,4.199089
11.5700,0.315592,0.176811,1.000000,0.382464,4.115945
11.5800,0.306079,0.193095,1.000000,0.387756,4.034526
11.5900,0.296702,0.209017,1.000000,0.392930,3.954917
11.6000,0.287472,0.224562,1.000000,0.397983,3.877192
11.6100,0.278402,0.239717,1.000000,0.402908,3.801417
11.6200,0.269501,0.254470,1.000000,0.407703,3.727651
11.6300,0.260780,0.268810,1.000000,0.412363,3.655948
11.6400,0.252248,0.282729,1.000000,0.416887,3.586354
11.6500,0.243912,0.296218,1.000000,0.421271,3.518909
11.6600,0.235780,0.309270,0.990730,0.422500,3.407298
11.6700,0.227857,0.321879,0.978121,0.422500,3.281212
11.6800,0.220147,0.334074,0.965926,0.422500,3.159259
11.6900,0.212649,0.345875,0.954125,0.422500,3.041253
11.7000,0.205365,0.357289,0.942711,0.422500,2.927109
11.7100,0.198292,0.368326,0.931674,0.422500,2.816738
11.7200,0.191429,0.378995,0.921005,0.422500,2.710045
11.7300,0.184774,0.389306,0.910694,0.422500,2.606935
11.7400,0.178324,0.399269,0.900731,0.422500,2.507309
11.7500,0.172074,0.408893,0.891107,0.422500,2.411066
11.7600,0.166023,0.418190,0.881810,0.422500,2.318105
11.7700,0.160165,0.427167,0.872833,0.422500,2.228325
11.7800,0.154497,0.435838,0.864162,0.422500,2.141625
11.7900,0.149013,0.444210,0.855790,0.422500,2.057904
11.8000,0.143710,0.452294,0.847706,0.422500,1.977061
11.8100,0.138583,0.460100,0.839900,0.422500,1.898998
11.8200,0.133626,0.467638,0.832362,0.422500,1.823616
11.8300,0.128835,0.474918,0.825082,0.422500,1.750819
11.8400,0.124205,0.481949,0.818051,0.422500,1.680513
11.8500,0.119730,0.488740,0.811260,0.422500,1.612604
11.8600,0.115407,0.495300,0.804700,0.422500,1.546999
11.8700,0.111230,0.501639,0.798361,0.422500,1.483610
11.8800,0.107193,0.507765,0.792235,0.422500,1.422349
11.8900,0.103293,0.513687,0.786313,0.422500,1.363129
11.9000,0.099525,0.519413,0.780587,0.422500,1.305866
11.9100,0.095882,0.524952,0.775048,0.422500,1.250478
11.9200,0.092362,0.530312,0.769688,0.422500,1.196884
11.9300,0.088959,0.535499,0.764501,0.422500,1.145005
11.9400,0.085669,0.540524,0.759476,0.422500,1.094765
11.9500,0.082487,0.545391,0.754609,0.422500,1.046087
11.9600,0.079410,0.550110,0.749890,0.422500,0.998899
11.9700,0.076431,0.554687,0.745313,0.422500,0.953128
11.9800,0.073549,0.559130,0.740870,0.422500,0.908704
11.9900,0.070758,0.563444,0.736556,0.422500,0.865557
12.0000,0.068054,0.567638,0.732362,0.422500,0.823620
12.0100,0.065433,0.571717,0.728283,0.422500,0.782827
12.0200,0.062892,0.575689,0.724311,0.422500,0.743112
12.0300,0.060427,0.579559,0.720441,0.422500,0.704411
12.0400,0.058034,0.583334,0.716666,0.422500,0.666662
12.0500,0.055710,0.587020,0.712980,0.422500,0.629803
12.0600,0.053450,0.590623,0.709377,0.422500,0.593772
12.0700,0.051252,0.594149,0.705851,0.422500,0.558510
12.0800,0.049112,0.597604,0.702396,0.422500,0.523957
12.0900,0.047026,0.600995,0.699005,0.422500,0.490054
12.1000,0.044992,0.604326,0.695674,0.422500,0.456742
12.1100,0.043005,0.607603,0.692397,0.422500,0.423965
12.1200,0.041064,0.610834,0.689166,0.422500,0.391665
12.1300,0.039164,0.614022,0.685978,0.422500,0.359784
12.1400,0.037302,0.617174,0.682826,0.422500,0.328265
12.1500,0.035476,0.620295,0.679705,0.422500,0.297052
12.1600,0.033682,0.623391,0.676609,0.422500,0.266086
12.1700,0.031918,0.626469,0.673531,0.422500,0.235312
12.1800,0.030179,0.629533,0.670467,0.422500,0.204672
12.1900,0.028464,0.632589,0.667411,0.422500,0.174107
12.2000,0.026769,0.635644,0.664356,0.422500,0.143560
12.2100,0.025091,0.638703,0.661297,0.422500,0.112972
12.2200,0.023427,0.641772,0.658228,0.422500,0.082282
12.2300,0.021774,0.644857,0.655143,0.422500,0.051432
12.2400,0.020130,0.647964,0.652036,0.422500,0.020359
12.2500,0.018490,0.651100,0.648900,0.422500,-0.010998
12.2600,0.016853,0.654270,0.645730,0.422500,-0.042704
12.2700,0.015214,0.657482,0.642518,0.422500,-0.074823
12.2800,0.013572,0.660742,0.639258,0.422500,-0.107420
12.2900,0.011921,0.664057,0.635943,0.422500,-0.140565
12.3000,0.010261,0.667433,0.632567,0.422500,-0.174326
12.3100,0.008586,0.670877,0.629123,0.422500,-0.208774
12.3200,0.006894,0.674398,0.625602,0.422500,-0.243984
12.3300,0.005182,0.678003,0.621997,0.422500,-0.280029
12.3400,0.003446,0.681699,0.618301,0.422500,-0.316987
12.3500,0.001682,0.685494,0.614506,0.422500,-0.354939
12.3600,-0.000114,0.689397,0.610603,0.422500,-0.393967
12.3700,-0.001944,0.693416,0.606584,0.422500,-0.434156
12.3800,-0.003812,0.697559,0.602441,0.422500,-0.475594
12.3900,-0.005724,0.701837,0.598163,0.422500,-0.518371
12.4000,-0.007682,0.706258,0.593742,0.422500,-0.562583
12.4100,-0.009691,0.710833,0.589167,0.422500,-0.608325
12.4200,-0.011755,0.715570,0.584430,0.422500,-0.655700
12.4300,-0.013878,0.720481,0.579519,0.422500,-0.704811
12.4400,-0.016065,0.725577,0.574423,0.422500,-0.755766
12.4500,-0.018322,0.730868,0.569132,0.422500,-0.808678
12.4600,-0.020651,0.736366,0.563634,0.422500,-0.863661
12.4700,-0.023060,0.742084,0.557916,0.422500,-0.920837
12.4800,-0.025552,0.748033,0.551967,0.422500,-0.980329
12.4900,-0.028133,0.754226,0.545774,0.422500,-1.042265
12.5000,-0.030809,0.760678,0.539322,0.422500,-1.106778
12.5100,-0.033585,0.767400,0.532600,0.422500,-1.174004
12.5200,-0.036467,0.774409,0.525591,0.422500,-1.244086
12.5300,-0.039461,0.781717,0.518283,0.422500,-1.317168
12.5400,-0.042574,0.789340,0.510660,0.422500,-1.393399
12.5500,-0.045812,0.797293,0.502707,0.422500,-1.472934
12.5600,-0.049181,0.805593,0.494407,0.422500,-1.555929
12.5700,-0.052688,0.814255,0.485745,0.422500,-1.642545
12.5800,-0.056341,0.823295,0.476705,0.422500,-1.732947
12.5900,-0.060146,0.832730,0.467270,0.422500,-1.827299
12.6000,-0.064111,0.842577,0.457423,0.422500,-1.925770
12.6100,-0.068243,0.852853,0.447147,0.422500,-2.028530
12.6200,-0.072550,0.863575,0.436425,0.422500,-2.135748
12.6300,-0.077039,0.874759,0.425241,0.422500,-2.247593
12.6400,-0.081717,0.886423,0.413577,0.422500,-2.364232
12.6500,-0.086593,0.898583,0.401417,0.422500,-2.485826
12.6600,-0.091674,0.911253,0.388747,0.422500,-2.612534
12.6700,-0.096968,0.924450,0.375550,0.422500,-2.744504
12.6800,-0.102481,0.938188,0.361812,0.422500,-2.881877
12.6900,-0.108221,0.952478,0.347522,0.422500,-3.024779
12.7000,-0.114195,0.967332,0.332668,0.422500,-3.173321
12.7100,-0.120409,0.982759,0.317241,0.422500,-3.327594
12.7200,-0.126868,0.998767,0.301233,0.422500,-3.487666
12.7300,-0.133577,1.000000,0.284642,0.417509,-3.576788
12.7400,-0.140541,1.000000,0.267467,0.411927,-3.662665
12.7500,-0.147757,1.000000,0.249774,0.406177,-3.751129
12.7600,-0.155222,1.000000,0.231582,0.400264,-3.842091
12.7700,-0.162931,1.000000,0.212906,0.394194,-3.935470
12.7800,-0.170879,1.000000,0.193766,0.387974,-4.031172
12.7900,-0.179060,1.000000,0.174183,0.381609,-4.129086
12.8000,-0.187466,1.000000,0.154183,0.375109,-4.229087
12.8100,-0.196088,1.000000,0.133793,0.368483,-4.331034
12.8200,-0.204917,1.000000,0.113047,0.361740,-4.434766
12.8300,-0.213941,1.000000,0.091979,0.354893,-4.540104
12.8400,-0.223147,1.000000,0.070630,0.347955,-4.646851
12.8500,-0.232520,1.000000,0.049042,0.340939,-4.754789
12.8600,-0.242046,1.000000,0.027264,0.333861,-4.863678
12.8700,-0.251705,1.000000,0.005348,0.326738,-4.973260
12.8800,-0.261479,1.000000,-0.016651,0.319588,-5.083254
12.8900,-0.271345,1.000000,-0.038672,0.312432,-5.193359
12.9000,-0.281282,1.000000,-0.060651,0.305288,-5.303254
12.9100,-0.291264,1.000000,-0.082520,0.298181,-5.412598
12.9200,-0.301263,1.000000,-0.104206,0.291133,-5.521031
12.9300,-0.311253,1.000000,-0.125636,0.284168,-5.628178
12.9400,-0.321201,1.000000,-0.146730,0.277313,-5.733648
12.9500,-0.331076,1.000000,-0.167407,0.270593,-5.837035
12.9600,-0.340845,1.000000,-0.187585,0.264035,-5.937927
12.9700,-0.350473,1.000000,-0.207180,0.257666,-6.035902
12.9800,-0.359923,1.000000,-0.226107,0.251515,-6.130534
12.9900,-0.369159,1.000000,-0.244280,0.245609,-6.221400
13.0000,-0.378143,1.000000,-0.261616,0.239975,-6.308079
13.0100,-0.386836,1.000000,-0.278032,0.234640,-6.390159
13.0200,-0.395201,1.000000,-0.293448,0.229629,-6.467239
13.0300,-0.403198,1.000000,-0.307788,0.224969,-6.538940
13.0400,-0.410791,1.000000,-0.320980,0.220682,-6.604900
13.0500,-0.417942,1.000000,-0.332957,0.216789,-6.664786
13.0600,-0.424616,1.000000,-0.343659,0.213311,-6.718296
13.0700,-0.430779,1.000000,-0.353032,0.210265,-6.765161
13.0800,-0.436400,1.000000,-0.361030,0.207665,-6.805152
13.0900,-0.441449,1.000000,-0.367616,0.205525,-6.838078
13.1000,-0.445899,1.000000,-0.372759,0.203853,-6.863796
13.1100,-0.449727,1.000000,-0.376441,0.202657,-6.882205
13.1200,-0.452913,1.000000,-0.378650,0.201939,-6.893250
13.1300,-0.455438,1.000000,-0.379385,0.201700,-6.896926
13.1400,-0.457292,1.000000,-0.378654,0.201937,-6.893271
13.1500,-0.458464,1.000000,-0.376474,0.202646,-6.882371
13.1600,-0.458949,1.000000,-0.372871,0.203817,-6.864354
13.1700,-0.458746,1.000000,-0.367878,0.205440,-6.839392
13.1800,-0.457858,1.000000,-0.361538,0.207500,-6.807692
13.1900,-0.456291,1.000000,-0.353900,0.209983,-6.769499
13.2000,-0.454056,1.000000,-0.345018,0.212869,-6.725089
13.2100,-0.451167,1.000000,-0.334953,0.216140,-6.674765
13.2200,-0.447640,1.000000,-0.323771,0.219774,-6.618855
13.2300,-0.443498,1.000000,-0.311541,0.223749,-6.557704
13.2400,-0.438763,1.000000,-0.298335,0.228041,-6.491674
13.2500,-0.433460,1.000000,-0.284228,0.232626,-6.421138
13.2600,-0.427619,1.000000,-0.269295,0.237479,-6.346475
13.2700,-0.421269,1.000000,-0.253614,0.242576,-6.268068
13.2800,-0.414442,1.000000,-0.237260,0.247891,-6.186300
13.2900,-0.407171,1.000000,-0.220310,0.253399,-6.101551
13.3000,-0.399489,1.000000,-0.202839,0.259077,-6.014194
13.3100,-0.391431,1.000000,-0.184919,0.264901,-5.924595
13.3200,-0.383032,1.000000,-0.166622,0.270848,-5.833108
13.3300,-0.374326,1.000000,-0.148015,0.276895,-5.740077
13.3400,-0.365348,1.000000,-0.129166,0.283021,-5.645830
13.3500,-0.356132,1.000000,-0.110136,0.289206,-5.550681
13.3600,-0.346712,1.000000,-0.090986,0.295430,-5.454929
13.3700,-0.337120,1.000000,-0.071771,0.301674,-5.358856
13.3800,-0.327388,1.000000,-0.052546,0.307923,-5.262728
13.3900,-0.317547,1.000000,-0.033359,0.314158,-5.166793
13.4000,-0.307626,1.000000,-0.014257,0.320366,-5.071286
13.4100,-0.297654,1.000000,0.004716,0.326533,-4.976422
13.4200,-0.287657,1.000000,0.023520,0.332644,-4.882401
13.4300,-0.277660,1.000000,0.042118,0.338688,-4.789411
13.4400,-0.267688,1.000000,0.060476,0.344655,-4.697620
13.4500,-0.257764,1.000000,0.078563,0.350533,-4.607185
13.4600,-0.247908,1.000000,0.096350,0.356314,-4.518250
13.4700,-0.238140,1.000000,0.113811,0.361989,-4.430944
13.4800,-0.228479,1.000000,0.130923,0.367550,-4.345385
13.4900,-0.218942,1.000000,0.147664,0.372991,-4.261681
13.5000,-0.209545,1.000000,0.164014,0.378305,-4.179928
13.5100,-0.200302,1.000000,0.179957,0.383486,-4.100214
13.5200,-0.191226,1.000000,0.195477,0.388530,-4.022615
13.5300,-0.182330,1.000000,0.210560,0.393432,-3.947202
13.5400,-0.173625,1.000000,0.225193,0.398188,-3.874037
13.5500,-0.165121,1.000000,0.239365,0.402794,-3.803175
13.5600,-0.156827,1.000000,0.253067,0.407247,-3.734665
13.5700,-0.148752,1.000000,0.266290,0.411544,-3.668550
13.5800,-0.140902,1.000000,0.279026,0.415683,-3.604870
13.5900,-0.133285,1.000000,0.291269,0.419662,-3.543657
13.6000,-0.125906,0.996988,0.303012,0.422500,-3.469885
13.6100,-0.118772,0.985750,0.314250,0.422500,-3.357503
13.6200,-0.111884,0.975008,0.324992,0.422500,-3.250085
13.6300,-0.105244,0.964727,0.335273,0.422500,-3.147269
13.6400,-0.098850,0.954898,0.345102,0.422500,-3.048984
13.6500,-0.092702,0.945516,0.354484,0.422500,-2.955159
13.6600,-0.086796,0.936572,0.363428,0.422500,-2.865720
13.6700,-0.081132,0.928059,0.371941,0.422500,-2.780593
13.6800,-0.075706,0.919971,0.380029,0.422500,-2.699708
13.6900,-0.070516,0.912299,0.387701,0.422500,-2.622993
13.7000,-0.065558,0.905038,0.394962,0.422500,-2.550382
13.7100,-0.060830,0.898181,0.401819,0.422500,-2.481809
13.7200,-0.056328,0.891721,0.408279,0.422500,-2.417212
13.7300,-0.052050,0.885653,0.414347,0.422500,-2.356534
13.7400,-0.047990,0.879972,0.420028,0.422500,-2.299721
13.7500,-0.044148,0.874672,0.425328,0.422500,-2.246721
13.7600,-0.040518,0.869749,0.430251,0.422500,-2.197490
13.7700,-0.037099,0.865199,0.434801,0.422500,-2.151987
13.7800,-0.033887,0.861018,0.438982,0.422500,-2.110176
13.7900,-0.030880,0.857203,0.442797,0.422500,-2.072027
13.8000,-0.028075,0.853751,0.446249,0.422500,-2.037513
13.8100,-0.025469,0.850661,0.449339,0.422500,-2.006614
13.8200,-0.023060,0.847932,0.452068,0.422500,-1.979317
13.8300,-0.020846,0.845561,0.454439,0.422500,-1.955613
13.8400,-0.018826,0.843550,0.456450,0.422500,-1.935498
13.8500,-0.016998,0.841898,0.458102,0.422500,-1.918975
13.8600,-0.015361,0.840606,0.459394,0.422500,-1.906055
13.8700,-0.013913,0.839675,0.460325,0.422500,-1.896752
13.8800,-0.012654,0.839109,0.460891,0.422500,-1.891088
13.8900,-0.011583,0.838909,0.461091,0.422500,-1.889092
13.9000,-0.010701,0.839080,0.460920,0.422500,-1.890798
13.9100,-0.010006,0.839625,0.460375,0.422500,-1.896247
13.9200,-0.009501,0.840549,0.459451,0.422500,-1.905487
13.9300,-0.009185,0.841857,0.458143,0.422500,-1.918573
13.9400,-0.009060,0.843557,0.456443,0.422500,-1.935567
13.9500,-0.009126,0.845654,0.454346,0.422500,-1.956536
13.9600,-0.009386,0.848156,0.451844,0.422500,-1.981557
13.9700,-0.009841,0.851071,0.448929,0.422500,-2.010710
13.9800,-0.010495,0.854409,0.445591,0.422500,-2.044086
13.9900,-0.011348,0.858178,0.441822,0.422500,-2.081778
14.0000,-0.012406,0.862389,0.437611,0.422500,-2.123891
14.0100,-0.013670,0.867053,0.432947,0.422500,-2.170531
14.0200,-0.015144,0.872182,0.427818,0.422500,-2.221815
14.0300,-0.016833,0.877786,0.422214,0.422500,-2.277863
14.0400,-0.018740,0.883880,0.416120,0.422500,-2.338801
14.0500,-0.020871,0.890476,0.409524,0.422500,-2.404761
14.0600,-0.023229,0.897588,0.402412,0.422500,-2.475879
14.0700,-0.025820,0.905229,0.394771,0.422500,-2.552294
14.0800,-0.028650,0.913415,0.386585,0.422500,-2.634150
14.0900,-0.031723,0.922159,0.377841,0.422500,-2.721590
14.1000,-0.035046,0.931476,0.368524,0.422500,-2.814759
14.1100,-0.038625,0.941380,0.358620,0.422500,-2.913802
14.1200,-0.042464,0.951886,0.348114,0.422500,-3.018860
14.1300,-0.046572,0.963007,0.336993,0.422500,-3.130070
14.1400,-0.050952,0.974756,0.325244,0.422500,-3.247562
14.1500,-0.055612,0.987146,0.312854,0.422500,-3.371455
14.1600,-0.060556,1.000000,0.299814,0.422440,-3.500929
14.1700,-0.065791,1.000000,0.286114,0.417987,-3.569430
14.1800,-0.071321,1.000000,0.271748,0.413318,-3.641262
14.1900,-0.077144,1.000000,0.256777,0.408452,-3.716117
14.2000,-0.083260,1.000000,0.241208,0.403393,-3.793960
14.2100,-0.089665,1.000000,0.225052,0.398142,-3.874741
14.2200,-0.096357,1.000000,0.208319,0.392704,-3.958404
14.2300,-0.103332,1.000000,0.191024,0.387083,-4.044878
14.2400,-0.110585,1.000000,0.173184,0.381285,-4.134079
14.2500,-0.118111,1.000000,0.154818,0.375316,-4.225909
14.2600,-0.125902,1.000000,0.135949,0.369183,-4.320255
14.2700,-0.133951,1.000000,0.116602,0.362896,-4.416988
14.2800,-0.142249,1.000000,0.096808,0.356462,-4.515962
14.2900,-0.150785,1.000000,0.076598,0.349894,-4.617010
14.3000,-0.159548,1.000000,0.056010,0.343203,-4.719948
14.3100,-0.168523,1.000000,0.035086,0.336403,-4.824570
14.3200,-0.177697,1.000000,0.013870,0.329508,-4.930650
14.3300,-0.187052,1.000000,-0.007588,0.322534,-5.037940
14.3400,-0.196570,1.000000,-0.029234,0.315499,-5.146171
14.3500,-0.206230,1.000000,-0.051010,0.308422,-5.255050
14.3600,-0.216010,1.000000,-0.072852,0.301323,-5.364262
14.3700,-0.225887,1.000000,-0.094694,0.294224,-5.473472
14.3800,-0.235833,1.000000,-0.116464,0.287149,-5.582322
14.3900,-0.245821,1.000000,-0.138087,0.280122,-5.690436
14.4000,-0.255821,1.000000,-0.159484,0.273168,-5.797420
14.4100,-0.265800,1.000000,-0.180572,0.266314,-5.902860
14.4200,-0.275727,1.000000,-0.201267,0.259588,-6.006333
14.4300,-0.285564,1.000000,-0.221480,0.253019,-6.107400
14.4400,-0.295275,1.000000,-0.241124,0.246635,-6.205618
14.4500,-0.304823,1.000000,-0.260107,0.240465,-6.300537
14.4600,-0.314169,1.000000,-0.278342,0.234539,-6.391708
14.4700,-0.323271,1.000000,-0.295737,0.228886,-6.478685
14.4800,-0.332091,1.000000,-0.312206,0.223533,-6.561031
14.4900,-0.340587,1.000000,-0.327665,0.218509,-6.638323
14.5000,-0.348719,1.000000,-0.342031,0.213840,-6.710155
14.5100,-0.356447,1.000000,-0.355229,0.209551,-6.776146
14.5200,-0.363732,1.000000,-0.367188,0.205664,-6.835942
14.5300,-0.370536,1.000000,-0.377844,0.202201,-6.889221
14.5400,-0.376824,1.000000,-0.387140,0.199180,-6.935699
14.5500,-0.382562,1.000000,-0.395026,0.196616,-6.975131
14.5600,-0.387718,1.000000,-0.401464,0.194524,-7.007319
14.5700,-0.392265,1.000000,-0.406422,0.192913,-7.032108
14.5800,-0.396177,1.000000,-0.409879,0.191789,-7.049394
14.5900,-0.399432,1.000000,-0.411824,0.191157,-7.059121
14.6000,-0.402014,1.000000,-0.412257,0.191017,-7.061283
14.6100,-0.403907,1.000000,-0.411185,0.191365,-7.055926
14.6200,-0.405104,1.000000,-0.408628,0.192196,-7.043141
14.6300,-0.405597,1.000000,-0.404613,0.193501,-7.023067
14.6400,-0.405386,1.000000,-0.399178,0.195267,-6.995889
14.6500,-0.404474,1.000000,-0.392366,0.197481,-6.961830
14.6600,-0.402869,1.000000,-0.384230,0.200125,-6.921150
14.6700,-0.400580,1.000000,-0.374829,0.203181,-6.874145
14.6800,-0.397624,1.000000,-0.364227,0.206626,-6.821137
14.6900,-0.394019,1.000000,-0.351984,0.210605,-6.759918
14.7000,-0.389786,1.000000,-0.337245,0.215396,-6.686223
14.7100,-0.384951,1.000000,-0.321551,0.220496,-6.607756
14.7200,-0.379542,1.000000,-0.304993,0.225877,-6.524964
14.7300,-0.373589,1.000000,-0.287652,0.231513,-6.438260
14.7400,-0.367125,1.000000,-0.269612,0.237376,-6.348058
14.7500,-0.360184,1.000000,-0.250954,0.243440,-6.254768
14.7600,-0.352800,1.000000,-0.231759,0.249678,-6.158794
14.7700,-0.345009,1.000000,-0.212106,0.256066,-6.060528
14.7800,-0.336846,1.000000,-0.192071,0.262577,-5.960353
14.7900,-0.328349,1.000000,-0.171727,0.269189,-5.858634
14.8000,-0.319553,1.000000,-0.151145,0.275878,-5.755724
14.8100,-0.310493,1.000000,-0.130391,0.282623,-5.651956
14.8200,-0.301205,1.000000,-0.109530,0.289403,-5.547648
14.8300,-0.291723,1.000000,-0.088619,0.296199,-5.443097
14.8400,-0.282079,1.000000,-0.067717,0.302992,-5.338584
14.8500,-0.272305,1.000000,-0.046874,0.309766,-5.234369
14.8600,-0.262432,1.000000,-0.026139,0.316505,-5.130694
14.8700,-0.252490,1.000000,-0.005557,0.323194,-5.027785
14.8800,-0.242506,1.000000,0.014831,0.329820,-4.925846
14.8900,-0.232506,1.000000,0.034986,0.336371,-4.825069
14.9000,-0.222515,1.000000,0.054875,0.342834,-4.725625
14.9100,-0.212557,1.000000,0.074465,0.349201,-4.627673
14.9200,-0.202654,1.000000,0.093729,0.355462,-4.531353
14.9300,-0.192825,1.000000,0.112641,0.361608,-4.436796
14.9400,-0.183089,1.000000,0.131177,0.367633,-4.344115
14.9500,-0.173465,1.000000,0.149317,0.373528,-4.253414
14.9600,-0.163967,1.000000,0.167043,0.379289,-4.164785
14.9700,-0.154611,1.000000,0.184338,0.384910,-4.078308
14.9800,-0.145410,1.000000,0.201189,0.390386,-3.994055
14.9900,-0.136376,1.000000,0.217583,0.395714,-3.912087
15.0000,-0.127521,1.000000,0.233508,0.400890,-3.832459
15.0100,-0.118855,1.000000,0.248956,0.405911,-3.755218
15.0200,-0.110386,1.000000,0.263919,0.410774,-3.680403
15.0300,-0.102122,1.000000,0.278390,0.415477,-3.608049
15.0400,-0.094072,1.000000,0.292363,0.420018,-3.538183
15.0500,-0.086240,0.994166,0.305834,0.422500,-3.441659
15.0600,-0.078634,0.981202,0.318798,0.422500,-3.312015
15.0700,-0.071255,0.968723,0.331277,0.422500,-3.187230
15.0800,-0.064104,0.956696,0.343304,0.422500,-3.066962
15.0900,-0.057179,0.945111,0.354889,0.422500,-2.951105
15.1000,-0.050479,0.933955,0.366045,0.422500,-2.839549
15.1100,-0.044000,0.923218,0.376782,0.422500,-2.732178
15.1200,-0.037741,0.912888,0.387112,0.422500,-2.628879
15.1300,-0.031697,0.902954,0.397046,0.422500,-2.529537
15.1400,-0.025864,0.893404,0.406596,0.422500,-2.434037
15.1500,-0.020239,0.884226,0.415774,0.422500,-2.342264
15.1600,-0.014817,0.875411,0.424589,0.422500,-2.254107
15.1700,-0.009593,0.866945,0.433055,0.422500,-2.169453
15.1800,-0.004562,0.858819,0.441181,0.422500,-2.088194
15.1900,0.000279,0.851021,0.448979,0.422500,-2.010210
15.2000,0.004938,0.843518,0.456482,0.422500,-1.935176
15.2100,0.009417,0.836300,0.463700,0.422500,-1.863000
15.2200,0.013722,0.829359,0.470641,0.422500,-1.793589
15.2300,0.017859,0.822685,0.477315,0.422500,-1.726853
15.2400,0.021832,0.816270,0.483730,0.422500,-1.662704
15.2500,0.025645,0.810106,0.489894,0.422500,-1.601057
15.2600,0.029304,0.804183,0.495817,0.422500,-1.541827
15.2700,0.032814,0.798494,0.501506,0.422500,-1.484935
15.2800,0.036179,0.793030,0.506970,0.422500,-1.430303
15.2900,0.039404,0.787786,0.512214,0.422500,-1.377855
15.3000,0.042493,0.782752,0.517248,0.422500,-1.327518
15.3100,0.045451,0.777922,0.522078,0.422500,-1.279223
15.3200,0.048282,0.773290,0.526710,0.422500,-1.232900
15.3300,0.050990,0.768849,0.531151,0.422500,-1.188485
15.3400,0.053579,0.764592,0.535408,0.422500,-1.145916
15.3500,0.056053,0.760513,0.539487,0.422500,-1.105131
15.3600,0.058416,0.756607,0.543393,0.422500,-1.066073
15.3700,0.060671,0.752869,0.547131,0.422500,-1.028687
15.3800,0.062822,0.749292,0.550708,0.422500,-0.992918
15.3900,0.064873,0.745872,0.554128,0.422500,-0.958718
15.4000,0.066826,0.742604,0.557396,0.422500,-0.926036
15.4100,0.068686,0.739483,0.560517,0.422500,-0.894826
15.4200,0.070454,0.736505,0.563495,0.422500,-0.865045
15.4300,0.072134,0.733665,0.566335,0.422500,-0.836651
15.4400,0.073729,0.730960,0.569040,0.422500,-0.809602
15.4500,0.075241,0.728386,0.571614,0.422500,-0.783863
15.4600,0.076673,0.725940,0.574060,0.422500,-0.759396
15.4700,0.078027,0.723617,0.576383,0.422500,-0.736168
15.4800,0.079307,0.721415,0.578585,0.422500,-0.714148
15.4900,0.080513,0.719330,0.580670,0.422500,-0.693305
15.5000,0.081648,0.717361,0.582639,0.422500,-0.673611
15.5100,0.082714,0.715504,0.584496,0.422500,-0.655041
15.5200,0.083713,0.713757,0.586243,0.422500,-0.637570
15.5300,0.084648,0.712118,0.587882,0.422500,-0.621176
15.5400,0.085518,0.710584,0.589416,0.422500,-0.605838
15.5500,0.086327,0.709154,0.590846,0.422500,-0.591538
15.5600,0.087075,0.707826,0.592174,0.422500,-0.578259
15.5700,0.087764,0.706598,0.593402,0.422500,-0.565985
15.5800,0.088396,0.705470,0.594530,0.422500,-0.554704
15.5900,0.088971,0.704440,0.595560,0.422500,-0.544403
15.6000,0.089491,0.703507,0.596493,0.422500,-0.535073
15.6100,0.089956,0.702671,0.597329,0.422500,-0.526707
15.6200,0.090368,0.701930,0.598070,0.422500,-0.519296
15.6300,0.090727,0.701284,0.598716,0.422500,-0.512839
15.6400,0.091034,0.700733,0.599267,0.422500,-0.507330
15.6500,0.091290,0.700277,0.599723,0.422500,-0.502771
15.6600,0.091496,0.699916,0.600084,0.422500,-0.499161
15.6700,0.091651,0.699650,0.600350,0.422500,-0.496504
15.6800,0.091756,0.699480,0.600520,0.422500,-0.494804
15.6900,0.091812,0.699407,0.600593,0.422500,-0.494068
15.7000,0.091818,0.699430,0.600570,0.422500,-0.494304
15.7100,0.091774,0.699552,0.600448,0.422500,-0.495523
15.7200,0.091681,0.699774,0.600226,0.422500,-0.497738
15.7300,0.091539,0.700096,0.599904,0.422500,-0.500963
15.7400,0.091347,0.700521,0.599479,0.422500,-0.505214
15.7500,0.091105,0.701051,0.598949,0.422500,-0.510511
15.7600,0.090812,0.701688,0.598312,0.422500,-0.516875
15.7700,0.090468,0.702433,0.597567,0.422500,-0.524329
15.7800,0.090073,0.703290,0.596710,0.422500,-0.532898
15.7900,0.089625,0.704261,0.595739,0.422500,-0.542611
15.8000,0.089124,0.705350,0.594650,0.422500,-0.553497
15.8100,0.088569,0.706559,0.593441,0.422500,-0.565591
15.8200,0.087959,0.707893,0.592107,0.422500,-0.578927
15.8300,0.087292,0.709354,0.590646,0.422500,-0.593544
15.8400,0.086567,0.710948,0.589052,0.422500,-0.609484
15.8500,0.085783,0.712679,0.587321,0.422500,-0.626790
15.8600,0.084939,0.714551,0.585449,0.422500,-0.645508
15.8700,0.084032,0.716569,0.583431,0.422500,-0.665691
15.8800,0.083061,0.718739,0.581261,0.422500,-0.687389
15.8900,0.082023,0.721066,0.578934,0.422500,-0.710661
15.9000,0.080917,0.723557,0.576443,0.422500,-0.735567
15.9100,0.079741,0.726217,0.573783,0.422500,-0.762169
15.9200,0.078491,0.729053,0.570947,0.422500,-0.790535
15.9300,0.077166,0.732074,0.567926,0.422500,-0.820735
15.9400,0.075763,0.735285,0.564715,0.422500,-0.852846
15.9500,0.074278,0.738694,0.561306,0.422500,-0.886944
15.9600,0.072709,0.742311,0.557689,0.422500,-0.923114
15.9700,0.071053,0.746144,0.553856,0.422500,-0.961443
15.9800,0.069306,0.750202,0.549798,0.422500,-1.002021
15.9900,0.067464,0.754494,0.545506,0.422500,-1.044944
16.0000,0.065523,0.759031,0.540969,0.422500,-1.090314
16.0100,0.063481,0.763823,0.536177,0.422500,-1.138234
16.0200,0.061331,0.768882,0.531118,0.422500,-1.188815
16.0300,0.059071,0.774217,0.525783,0.422500,-1.242171
16.0400,0.056695,0.779842,0.520158,0.422500,-1.298421
16.0500,0.054199,0.785769,0.514231,0.422500,-1.357687
16.0600,0.051577,0.792010,0.507990,0.422500,-1.420100
16.0700,0.048824,0.798579,0.501421,0.422500,-1.485791
16.0800,0.045935,0.805490,0.494510,0.422500,-1.554899
16.0900,0.042904,0.812756,0.487244,0.422500,-1.627564
16.1000,0.039725,0.820393,0.479607,0.422500,-1.703932
16.1100,0.036393,0.828415,0.471585,0.422500,-1.784154
16.1200,0.032900,0.836838,0.463162,0.422500,-1.868380
16.1300,0.029240,0.845677,0.454323,0.422500,-1.956767
16.1400,0.025408,0.854947,0.445053,0.422500,-2.049472
16.1500,0.021395,0.864665,0.435335,0.422500,-2.146654
16.1600,0.017196,0.874847,0.425153,0.422500,-2.248470
16.1700,0.012802,0.885508,0.414492,0.422500,-2.355080
16.1800,0.008208,0.896664,0.403336,0.422500,-2.466639
16.1900,0.003406,0.908330,0.391670,0.422500,-2.583299
16.2000,-0.001611,0.920521,0.379479,0.422500,-2.705206
16.2100,-0.006849,0.933250,0.366750,0.422500,-2.832499
16.2200,-0.012317,0.946531,0.353469,0.422500,-2.965308
16.2300,-0.018019,0.960375,0.339625,0.422500,-3.103746
16.2400,-0.023962,0.974791,0.325209,0.422500,-3.247913
16.2500,-0.030152,0.989789,0.310211,0.422500,-3.397890
16.2600,-0.036594,1.000000,0.294627,0.420754,-3.526866
16.2700,-0.043291,1.000000,0.278453,0.415497,-3.607733
16.2800,-0.050247,1.000000,0.261715,0.410057,-3.691427
16.2900,-0.057457,1.000000,0.244461,0.404450,-3.777696
16.3000,-0.064918,1.000000,0.226706,0.398680,-3.866469
16.3100,-0.072625,1.000000,0.208467,0.392752,-3.957663
16.3200,-0.080573,1.000000,0.189764,0.386673,-4.051181
16.3300,-0.088754,1.000000,0.170618,0.380451,-4.146911
16.3400,-0.097162,1.000000,0.151055,0.374093,-4.244725
16.3500,-0.105787,1.000000,0.131104,0.367609,-4.344480
16.3600,-0.114619,1.000000,0.110797,0.361009,-4.446014
16.3700,-0.123646,1.000000,0.090171,0.354306,-4.549146
16.3800,-0.132855,1.000000,0.069265,0.347511,-4.653677
16.3900,-0.142233,1.000000,0.048122,0.340640,-4.759389
16.4000,-0.151761,1.000000,0.026792,0.333707,-4.866042
16.4100,-0.161424,1.000000,0.005324,0.326730,-4.973378
16.4200,-0.171200,1.000000,-0.016223,0.319728,-5.081115
16.4300,-0.181068,1.000000,-0.037791,0.312718,-5.188954
16.4400,-0.191006,1.000000,-0.059315,0.305723,-5.296574
16.4500,-0.200989,1.000000,-0.080727,0.298764,-5.403637
16.4600,-0.210988,1.000000,-0.101957,0.291864,-5.509785
16.4700,-0.220977,1.000000,-0.122929,0.285048,-5.614645
16.4800,-0.230925,1.000000,-0.143566,0.278341,-5.717829
16.4900,-0.240799,1.000000,-0.163787,0.271769,-5.818936
16.5000,-0.250567,1.000000,-0.183511,0.265359,-5.917557
16.5100,-0.260194,1.000000,-0.202655,0.259137,-6.013275
16.5200,-0.269644,1.000000,-0.221134,0.253132,-6.105669
16.5300,-0.278880,1.000000,-0.238864,0.247369,-6.194321
16.5400,-0.287865,1.000000,-0.255763,0.241877,-6.278814
16.5500,-0.296561,1.000000,-0.271748,0.236682,-6.358742
16.5600,-0.304930,1.000000,-0.286742,0.231809,-6.433711
16.5700,-0.312935,1.000000,-0.300669,0.227283,-6.503344
16.5800,-0.320538,1.000000,-0.313457,0.223126,-6.567287
16.5900,-0.327702,1.000000,-0.325042,0.219361,-6.625211
16.6000,-0.334393,1.000000,-0.335364,0.216007,-6.676818
16.6100,-0.340577,1.000000,-0.342999,0.213525,-6.714994
16.6200,-0.346224,1.000000,-0.348911,0.211604,-6.744553
16.6300,-0.351304,1.000000,-0.353405,0.210143,-6.767025
16.6400,-0.355791,1.000000,-0.356460,0.209151,-6.782299
16.6500,-0.359664,1.000000,-0.358061,0.208630,-6.790304
16.6600,-0.362904,1.000000,-0.358203,0.208584,-6.791013
16.6700,-0.365494,1.000000,-0.356889,0.209011,-6.784445
16.6800,-0.367423,1.000000,-0.354132,0.209907,-6.770662
16.6900,-0.368682,1.000000,-0.349954,0.211265,-6.749771
16.7000,-0.369267,1.000000,-0.344384,0.213075,-6.721919
16.7100,-0.369177,1.000000,-0.337458,0.215326,-6.687290
16.7200,-0.368416,1.000000,-0.329221,0.218003,-6.646107
16.7300,-0.366990,1.000000,-0.319724,0.221090,-6.598620
16.7400,-0.364911,1.000000,-0.309022,0.224568,-6.545112
16.7500,-0.362190,1.000000,-0.297177,0.228417,-6.485887
16.7600,-0.358846,1.000000,-0.284254,0.232617,-6.421271
16.7700,-0.354899,1.000000,-0.270321,0.237146,-6.351605
16.7800,-0.350370,1.000000,-0.255448,0.241979,-6.277242
16.7900,-0.345284,1.000000,-0.239709,0.247095,-6.198545
16.8000,-0.339668,1.000000,-0.223176,0.252468,-6.115881
16.8100,-0.333550,1.000000,-0.205923,0.258075,-6.029615
16.8200,-0.326960,1.000000,-0.188023,0.263893,-5.940115
16.8300,-0.319929,1.000000,-0.169548,0.269897,-5.847741
16.8400,-0.312489,1.000000,-0.150569,0.276065,-5.752846
16.8500,-0.304670,1.000000,-0.131155,0.282375,-5.655774
16.8600,-0.296506,1.000000,-0.111371,0.288804,-5.556856
16.8700,-0.288028,1.000000,-0.091283,0.295333,-5.456413
16.8800,-0.279270,1.000000,-0.070950,0.301941,-5.354748
16.8900,-0.270260,1.000000,-0.050430,0.308610,-5.252152
16.9000,-0.261032,1.000000,-0.029780,0.315322,-5.148899
16.9100,-0.251614,1.000000,-0.009049,0.322059,-5.045246
16.9200,-0.242036,1.000000,0.011713,0.328807,-4.941434
16.9300,-0.232325,1.000000,0.032462,0.335550,-4.837688
16.9400,-0.222507,1.000000,0.053157,0.342276,-4.734216
16.9500,-0.212610,1.000000,0.073758,0.348971,-4.631210
16.9600,-0.202655,1.000000,0.094230,0.355625,-4.528848
16.9700,-0.192668,1.000000,0.114542,0.362226,-4.427290
16.9800,-0.182668,1.000000,0.134663,0.368766,-4.326683
16.9900,-0.172676,1.000000,0.154568,0.375235,-4.227160
17.0000,-0.162711,1.000000,0.174232,0.381625,-4.128841
17.0100,-0.152789,1.000000,0.193633,0.387931,-4.031833
17.0200,-0.142928,1.000000,0.212754,0.394145,-3.936231
17.0300,-0.133142,1.000000,0.231576,0.400262,-3.842119
17.0400,-0.123445,1.000000,0.250086,0.406278,-3.749571
17.0500,-0.113848,1.000000,0.268270,0.412188,-3.658650
17.0600,-0.104364,1.000000,0.286117,0.417988,-3.569413
17.0700,-0.095001,0.996381,0.303619,0.422500,-3.463809
17.0800,-0.085771,0.979233,0.320767,0.422500,-3.292330
17.0900,-0.076679,0.962436,0.337564,0.422500,-3.124361
17.1000,-0.067728,0.945956,0.354044,0.422500,-2.959556
17.1100,-0.058922,0.929780,0.370220,0.422500,-2.797798
17.1200,-0.050260,0.913896,0.386104,0.422500,-2.638956
17.1300,-0.041740,0.898289,0.401711,0.422500,-2.482888
17.1400,-0.033362,0.882944,0.417056,0.422500,-2.329442
17.1500,-0.025122,0.867846,0.432154,0.422500,-2.178456
17.1600,-0.017017,0.852976,0.447024,0.422500,-2.029762
17.1700,-0.009040,0.838319,0.461681,0.422500,-1.883187
17.1800,-0.001188,0.823855,0.476145,0.422500,-1.738550
17.1900,0.006546,0.809534,0.490466,0.422500,-1.595339
17.2000,0.014169,0.795331,0.504669,0.422500,-1.453311
17.2100,0.021687,0.781228,0.518772,0.422500,-1.312278
17.2200,0.029109,0.767204,0.532796,0.422500,-1.172044
17.2300,0.036443,0.753241,0.546759,0.422500,-1.032413
17.2400,0.043696,0.739318,0.560682,0.422500,-0.893183
17.2500,0.050878,0.725415,0.574585,0.422500,-0.754150
17.2600,0.057997,0.711511,0.588489,0.422500,-0.615108
17.2700,0.065063,0.697585,0.602415,0.422500,-0.475848
17.2800,0.072085,0.683616,0.616384,0.422500,-0.336160
17.2900,0.079074,0.669583,0.630417,0.422500,-0.195832
17.3000,0.086038,0.655465,0.644535,0.422500,-0.054649
17.3100,0.092989,0.641240,0.658760,0.422500,0.087601
17.3200,0.099935,0.626887,0.673113,0.422500,0.231134
17.3300,0.106888,0.612384,0.687616,0.422500,0.376163
17.3400,0.113857,0.597710,0.702290,0.422500,0.522902
17.3500,0.120854,0.582844,0.717156,0.422500,0.671562
17.3600,0.127887,0.567765,0.732235,0.422500,0.822354
17.3700,0.134968,0.552452,0.747548,0.422500,0.975482
17.3800,0.142107,0.536885,0.763115,0.422500,1.131149
17.3900,0.149314,0.521045,0.778955,0.422500,1.289549
17.4000,0.156599,0.504913,0.795087,0.422500,1.450872
17.4100,0.163971,0.488470,0.811530,0.422500,1.615296
17.4200,0.171441,0.471701,0.828299,0.422500,1.782989
17.4300,0.179018,0.454589,0.845411,0.422500,1.954106
17.4400,0.186709,0.437121,0.862879,0.422500,2.128786
17.4500,0.194524,0.419285,0.880715,0.422500,2.307149
17.4600,0.202470,0.401071,0.898929,0.422500,2.489293
17.4700,0.210553,0.382471,0.917529,0.422500,2.675292
17.4800,0.218781,0.363481,0.936519,0.422500,2.865189
17.4900,0.227158,0.344101,0.955899,0.422500,3.058995
17.5000,0.235688,0.324332,0.975668,0.422500,3.256680
17.5100,0.244374,0.304183,0.995817,0.422500,3.458174
17.5200,0.253216,0.283664,1.000000,0.417191,3.581679
17.5300,0.262215,0.262794,1.000000,0.410408,3.686029
17.5400,0.271363,0.241635,1.000000,0.403531,3.791824
17.5500,0.280655,0.220223,1.000000,0.396573,3.898883
17.5600,0.290080,0.198588,1.000000,0.389541,4.007059
17.5700,0.299628,0.176763,1.000000,0.382448,4.116186
17.5800,0.309288,0.154783,1.000000,0.375305,4.226083
17.5900,0.319045,0.132690,1.000000,0.368124,4.336551
17.6000,0.328887,0.110525,1.000000,0.360921,4.447374
17.6100,0.338796,0.088337,1.000000,0.353709,4.558316
17.6200,0.348755,0.066175,1.000000,0.346507,4.669127
17.6300,0.358745,0.044093,1.000000,0.339330,4.779535
17.6400,0.368745,0.022149,1.000000,0.332198,4.889256
17.6500,0.378733,0.000403,1.000000,0.325131,4.997987
17.6600,0.388684,-0.021082,1.000000,0.318148,5.105410
17.6700,0.398574,-0.042239,1.000000,0.311272,5.211196
17.6800,0.408376,-0.063000,1.000000,0.304525,5.315001
17.6900,0.418061,-0.083295,1.000000,0.297929,5.416475
17.7000,0.427600,-0.103051,1.000000,0.291508,5.515257
17.7100,0.436962,-0.122197,1.000000,0.285286,5.610984
17.7200,0.446117,-0.140658,1.000000,0.279286,5.703288
17.7300,0.455032,-0.158361,1.000000,0.273533,5.791807
17.7400,0.463673,-0.175236,1.000000,0.268048,5.876178
17.7500,0.472009,-0.191210,1.000000,0.262857,5.956051
17.7600,0.480007,-0.206217,1.000000,0.257979,6.031086
17.7700,0.487633,-0.220191,1.000000,0.253438,6.100957
17.7800,0.494855,-0.233072,1.000000,0.249252,6.165359
17.7900,0.501641,-0.244802,1.000000,0.245439,6.224010
17.8000,0.507963,-0.255330,1.000000,0.242018,6.276652
17.8100,0.513790,-0.264612,1.000000,0.239001,6.323059
17.8200,0.519096,-0.272607,1.000000,0.236403,6.363034
17.8300,0.523856,-0.279284,1.000000,0.234233,6.396418
17.8400,0.528047,-0.284617,1.000000,0.232499,6.423086
17.8500,0.531649,-0.288590,1.000000,0.231208,6.442950
17.8600,0.534644,-0.291193,1.000000,0.230362,6.455963
17.8700,0.537020,-0.292423,1.000000,0.229962,6.462116
17.8800,0.538763,-0.292288,1.000000,0.230006,6.461440
17.8900,0.539867,-0.290801,1.000000,0.230490,6.454003
17.9000,0.540327,-0.287982,1.000000,0.231406,6.439909
17.9100,0.540142,-0.283860,1.000000,0.232746,6.419300
17.9200,0.539314,-0.278470,1.000000,0.234497,6.392348
17.9300,0.537848,-0.271851,1.000000,0.236648,6.359257
17.9400,0.535754,-0.264052,1.000000,0.239183,6.320259
17.9500,0.533042,-0.255122,1.000000,0.242085,6.275608
17.9600,0.529727,-0.245116,1.000000,0.245337,6.225581
17.9700,0.525828,-0.234095,1.000000,0.248919,6.170473
17.9800,0.521363,-0.222118,1.000000,0.252812,6.110590
17.9900,0.516355,-0.209251,1.000000,0.256994,6.046254
18.0000,0.510827,-0.195558,1.000000,0.261444,5.977789
18.0100,0.504806,-0.181105,1.000000,0.266141,5.905527
18.0200,0.498319,-0.165960,1.000000,0.271063,5.829802
18.0300,0.491394,-0.150189,1.000000,0.276189,5.750944
18.0400,0.484061,-0.133856,1.000000,0.281497,5.669281
18.0500,0.476349,-0.117027,1.000000,0.286966,5.585136
18.0600,0.468288,-0.099765,1.000000,0.292576,5.498823
18.0700,0.459910,-0.082129,1.000000,0.298308,5.410647
18.0800,0.451244,-0.064180,1.000000,0.304141,5.320902
18.0900,0.442321,-0.045974,1.000000,0.310058,5.229871
18.1000,0.433171,-0.027565,1.000000,0.316042,5.137823
18.1100,0.423822,-0.009003,1.000000,0.322074,5.045014
18.1200,0.414303,0.009663,1.000000,0.328140,4.951686
18.1300,0.404642,0.028386,1.000000,0.334226,4.858068
18.1400,0.394865,0.047125,1.000000,0.340316,4.764373
18.1500,0.384998,0.065840,1.000000,0.346398,4.670801
18.1600,0.375064,0.084492,1.000000,0.352460,4.577538
18.1700,0.365088,0.103049,1.000000,0.358491,4.484756
18.1800,0.355090,0.121477,1.000000,0.364480,4.392613
18.1900,0.345093,0.139749,1.000000,0.370418,4.301255
18.2000,0.335114,0.157837,1.000000,0.376297,4.210816
18.2100,0.325174,0.175717,1.000000,0.382108,4.121416
18.2200,0.315288,0.193367,1.000000,0.387844,4.033166
18.2300,0.305472,0.210767,1.000000,0.393499,3.946165
18.2400,0.295741,0.227899,1.000000,0.399067,3.860503
18.2500,0.286109,0.244748,1.000000,0.404543,3.776259
18.2600,0.276588,0.261299,1.000000,0.409922,3.693505
18.2700,0.267188,0.277539,1.000000,0.415200,3.612303
18.2800,0.257922,0.293458,1.000000,0.420374,3.532709
18.2900,0.248797,0.309046,0.990954,0.422500,3.409542
18.3000,0.239822,0.324294,0.975706,0.422500,3.257059
18.3100,0.231003,0.339221,0.960779,0.422500,3.107786
18.3200,0.222342,0.353849,0.946151,0.422500,2.961506
18.3300,0.213841,0.368188,0.931812,0.422500,2.818122
18.3400,0.205499,0.382247,0.917753,0.422500,2.677528
18.3500,0.197316,0.396039,0.903961,0.422500,2.539605
18.3600,0.189290,0.409577,0.890423,0.422500,2.404228
18.3700,0.181418,0.422874,0.877126,0.422500,2.271262
18.3800,0.173697,0.435943,0.864057,0.422500,2.140568
18.3900,0.166121,0.448800,0.851200,0.422500,2.011998
18.4000,0.158687,0.461460,0.838540,0.422500,1.885402
18.4100,0.151390,0.473938,0.826062,0.422500,1.760624
18.4200,0.144222,0.486250,0.813750,0.422500,1.637503
18.4300,0.137178,0.498412,0.801588,0.422500,1.515876
18.4400,0.130252,0.510442,0.789558,0.422500,1.395576
18.4500,0.123436,0.522357,0.777643,0.422500,1.276432
18.4600,0.116722,0.534173,0.765827,0.422500,1.158274
18.4700,0.110103,0.545908,0.754092,0.422500,1.040924
18.4800,0.103572,0.557579,0.742421,0.422500,0.924206
18.4900,0.097120,0.569206,0.730794,0.422500,0.807939
18.5000,0.090739,0.580806,0.719194,0.422500,0.691942
18.5100,0.084420,0.592397,0.707603,0.422500,0.576030
18.5200,0.078155,0.603998,0.696002,0.422500,0.460017
18.5300,0.071936,0.615628,0.684372,0.422500,0.343715
18.5400,0.065752,0.627307,0.672693,0.422500,0.226934
18.5500,0.059595,0.639052,0.660948,0.422500,0.109483
18.5600,0.053456,0.650883,0.649117,0.422500,-0.008833
18.5700,0.047326,0.662821,0.637179,0.422500,-0.128207
18.5800,0.041195,0.674884,0.625116,0.422500,-0.248836
18.5900,0.035054,0.687092,0.612908,0.422500,-0.370917
18.6000,0.028893,0.699465,0.600535,0.422500,-0.494649
18.6100,0.022703,0.712023,0.587977,0.422500,-0.620228
18.6200,0.016474,0.724785,0.575215,0.422500,-0.747855
18.6300,0.010197,0.737773,0.562227,0.422500,-0.877726
18.6400,0.003862,0.751004,0.548996,0.422500,-1.010039
18.6500,-0.002540,0.764499,0.535501,0.422500,-1.144988
18.6600,-0.009020,0.778277,0.521723,0.422500,-1.282765
18.6700,-0.015587,0.792356,0.507644,0.422500,-1.423558
18.6800,-0.022250,0.806755,0.493245,0.422500,-1.567551
18.6900,-0.029019,0.821492,0.478508,0.422500,-1.714918
18.7000,-0.035902,0.836583,0.463417,0.422500,-1.865830
18.7100,-0.042908,0.852044,0.447956,0.422500,-2.020442
18.7200,-0.050046,0.867890,0.432110,0.422500,-2.178901
18.7300,-0.057325,0.884134,0.415866,0.422500,-2.341336
18.7400,-0.064751,0.900786,0.399214,0.422500,-2.507862
18.7500,-0.072332,0.917857,0.382143,0.422500,-2.678570
18.7600,-0.080074,0.935353,0.364647,0.422500,-2.853528
18.7700,-0.087982,0.953277,0.346723,0.422500,-3.032775
18.7800,-0.096062,0.971632,0.328368,0.422500,-3.216318
18.7900,-0.104317,0.990413,0.309587,0.422500,-3.404128
18.8000,-0.112750,1.000000,0.290387,0.419376,-3.548066
18.8100,-0.121360,1.000000,0.270779,0.413003,-3.646107
18.8200,-0.130145,1.000000,0.250807,0.406512,-3.745963
18.8300,-0.139099,1.000000,0.230522,0.399920,-3.847391
18.8400,-0.148213,1.000000,0.209948,0.393233,-3.950262
18.8500,-0.157478,1.000000,0.189114,0.386462,-4.054432
18.8600,-0.166885,1.000000,0.168052,0.379617,-4.159739
18.8700,-0.176422,1.000000,0.146799,0.372710,-4.266006
18.8800,-0.186076,1.000000,0.125393,0.365753,-4.373037
18.8900,-0.195832,1.000000,0.103876,0.358760,-4.480618
18.9000,-0.205674,1.000000,0.082296,0.351746,-4.588519
18.9100,-0.215586,1.000000,0.060702,0.344728,-4.696491
18.9200,-0.225549,1.000000,0.039147,0.337723,-4.804267
18.9300,-0.235541,1.000000,0.017687,0.330748,-4.911564
18.9400,-0.245540,1.000000,-0.003616,0.323825,-5.018082
18.9500,-0.255524,1.000000,-0.024701,0.316972,-5.123504
18.9600,-0.265466,1.000000,-0.045500,0.310212,-5.227502
18.9700,-0.275341,1.000000,-0.065947,0.303567,-5.329733
18.9800,-0.285119,1.000000,-0.085969,0.297060,-5.429843
18.9900,-0.294772,1.000000,-0.105494,0.290714,-5.527472
19.0000,-0.304269,1.000000,-0.124450,0.284554,-5.622251
19.0100,-0.313579,1.000000,-0.142762,0.278602,-5.713811
19.0200,-0.322668,1.000000,-0.160356,0.272884,-5.801779
19.0300,-0.331505,1.000000,-0.177158,0.267424,-5.885789
19.0400,-0.340056,1.000000,-0.193096,0.262244,-5.965480
19.0500,-0.348286,1.000000,-0.208100,0.257367,-6.040501
19.0600,-0.356164,1.000000,-0.222103,0.252816,-6.110516
19.0700,-0.363655,1.000000,-0.235041,0.248612,-6.175206
19.0800,-0.370727,1.000000,-0.246855,0.244772,-6.234275
19.0900,-0.377350,1.000000,-0.257490,0.241316,-6.287448
19.1000,-0.383493,1.000000,-0.266897,0.238259,-6.334484
19.1100,-0.389128,1.000000,-0.275034,0.235614,-6.375168
19.1200,-0.394229,1.000000,-0.281864,0.233394,-6.409321
19.1300,-0.398772,1.000000,-0.287360,0.231608,-6.436801
19.1400,-0.402735,1.000000,-0.291500,0.230262,-6.457500
19.1500,-0.406099,1.000000,-0.294271,0.229362,-6.471353
19.1600,-0.408848,1.000000,-0.295666,0.228908,-6.478331
19.1700,-0.410970,1.000000,-0.295689,0.228901,-6.478447
19.1800,-0.412454,1.000000,-0.294350,0.229336,-6.471750
19.1900,-0.413296,1.000000,-0.291666,0.230209,-6.458329
19.2000,-0.413491,1.000000,-0.287662,0.231510,-6.438308
19.2100,-0.413040,1.000000,-0.282369,0.233230,-6.411845
19.2200,-0.411948,1.000000,-0.275826,0.235357,-6.379130
19.2300,-0.410221,1.000000,-0.268076,0.237875,-6.340382
19.2400,-0.407869,1.000000,-0.259169,0.240770,-6.295845
19.2500,-0.404907,1.000000,-0.249157,0.244024,-6.245786
19.2600,-0.401349,1.000000,-0.238098,0.247618,-6.190491
19.2700,-0.397215,1.000000,-0.226052,0.251533,-6.130262
19.2800,-0.392526,1.000000,-0.213082,0.255748,-6.065411
19.2900,-0.387304,1.000000,-0.199252,0.260243,-5.996262
19.3000,-0.381575,1.000000,-0.184629,0.264996,-5.923143
19.3100,-0.375365,1.000000,-0.169277,0.269985,-5.846384
19.3200,-0.368702,1.000000,-0.153263,0.275189,-5.766316
19.3300,-0.361615,1.000000,-0.136653,0.280588,-5.683267
19.3400,-0.354133,1.000000,-0.119512,0.286159,-5.597559
19.3500,-0.346286,1.000000,-0.101902,0.291882,-5.509508
19.3600,-0.338104,1.000000,-0.083884,0.297738,-5.419420
19.3700,-0.329619,1.000000,-0.065519,0.303706,-5.327593
19.3800,-0.320859,1.000000,-0.046862,0.309770,-5.234309
19.3900,-0.311855,1.000000,-0.027968,0.315910,-5.139842
19.4000,-0.302635,1.000000,-0.008890,0.322111,-5.044450
19.4100,-0.293229,1.000000,0.010325,0.328355,-4.948377
19.4200,-0.283663,1.000000,0.029629,0.334629,-4.851854
19.4300,-0.273965,1.000000,0.048980,0.340919,-4.755098
19.4400,-0.264160,1.000000,0.068338,0.347210,-4.658309
19.4500,-0.254273,1.000000,0.087665,0.353491,-4.561676
19.4600,-0.244327,1.000000,0.106926,0.359751,-4.465371
19.4700,-0.234344,1.000000,0.126089,0.365979,-4.369555
19.4800,-0.224345,1.000000,0.145125,0.372166,-4.274374
19.4900,-0.214349,1.000000,0.164008,0.378303,-4.179961
19.5000,-0.204376,1.000000,0.182712,0.384381,-4.086439
19.5100,-0.194442,1.000000,0.201217,0.390395,-3.993917
19.5200,-0.184563,1.000000,0.219501,0.396338,-3.902494
19.5300,-0.174753,1.000000,0.237548,0.402203,-3.812258
19.5400,-0.165027,1.000000,0.255343,0.407986,-3.723287
19.5500,-0.155397,1.000000,0.272870,0.413683,-3.635652
19.5600,-0.145873,1.000000,0.290118,0.419288,-3.549411
19.5700,-0.136467,0.992924,0.307076,0.422500,-3.429235
19.5800,-0.127187,0.976263,0.323737,0.422500,-3.262634
19.5900,-0.118040,0.959892,0.340108,0.422500,-3.098923
19.6000,-0.109030,0.943785,0.356215,0.422500,-2.937846
19.6100,-0.100159,0.927930,0.372070,0.422500,-2.779303
19.6200,-0.091427,0.912318,0.387682,0.422500,-2.623178
19.6300,-0.082834,0.896934,0.403066,0.422500,-2.469340
19.6400,-0.074378,0.881765,0.418235,0.422500,-2.317651
19.6500,-0.066057,0.866796,0.433204,0.422500,-2.167962
19.6600,-0.057866,0.852011,0.447989,0.422500,-2.020114
19.6700,-0.049802,0.837394,0.462606,0.422500,-1.873942
19.6800,-0.041858,0.822928,0.477072,0.422500,-1.729275
19.6900,-0.034030,0.808594,0.491406,0.422500,-1.585935
19.7000,-0.026310,0.794374,0.505626,0.422500,-1.443739
19.7100,-0.018693,0.780250,0.519750,0.422500,-1.302499
19.7200,-0.011170,0.766202,0.533798,0.422500,-1.162024
19.7300,-0.003733,0.752212,0.547788,0.422500,-1.022117
19.7400,0.003626,0.738258,0.561742,0.422500,-0.882580
19.7500,0.010915,0.724321,0.575679,0.422500,-0.743211
19.7600,0.018144,0.710381,0.589619,0.422500,-0.603807
19.7700,0.025320,0.696416,0.603584,0.422500,-0.464160
19.7800,0.032455,0.682406,0.617594,0.422500,-0.324061
19.7900,0.039557,0.668330,0.631670,0.422500,-0.183302
19.8000,0.046636,0.654167,0.645833,0.422500,-0.041671
19.8100,0.053703,0.639896,0.660104,0.422500,0.101043
19.8200,0.060766,0.625495,0.674505,0.422500,0.245053
19.8300,0.067836,0.610943,0.689057,0.422500,0.390568
19.8400,0.074924,0.596220,0.703780,0.422500,0.537801
19.8500,0.082039,0.581304,0.718696,0.422500,0.686958
19.8600,0.089192,0.566176,0.733824,0.422500,0.838245
19.8700,0.096393,0.550814,0.749186,0.422500,0.991864
19.8800,0.103652,0.535199,0.764801,0.422500,1.148011
19.8900,0.110978,0.519312,0.780688,0.422500,1.306878
19.9000,0.118383,0.503135,0.796865,0.422500,1.468646
19.9100,0.125874,0.486651,0.813349,0.422500,1.633489
19.9200,0.133462,0.469843,0.830157,0.422500,1.801567
19.9300,0.141155,0.452697,0.847303,0.422500,1.973028
19.9400,0.148962,0.435200,0.864800,0.422500,2.148002
19.9500,0.156891,0.417340,0.882660,0.422500,2.326601
19.9600,0.164949,0.399109,0.900891,0.422500,2.508912
19.9700,0.173143,0.380500,0.919500,0.422500,2.694998
19.9800,0.181477,0.361511,0.938489,0.422500,2.884891
19.9900,0.189958,0.342141,0.957859,0.422500,3.078588
20.0000,0.198588,0.322395,0.977605,0.422500,3.276049
20.0100,0.207369,0.302281,0.997719,0.422500,3.477186
20.0200,0.216303,0.281813,1.000000,0.416589,3.590934
20.0300,0.225387,0.261010,1.000000,0.409828,3.694952
20.0400,0.234615,0.239937,1.000000,0.402980,3.800313
20.0500,0.243980,0.218629,1.000000,0.396054,3.906856
20.0600,0.253471,0.197114,1.000000,0.389062,4.014429
20.0700,0.263077,0.175427,1.000000,0.382014,4.122863
20.0800,0.272788,0.153606,1.000000,0.374922,4.231972
20.0900,0.282588,0.131689,1.000000,0.367799,4.341554
20.1000,0.292464,0.109722,1.000000,0.360660,4.451389
20.1100,0.302399,0.087752,1.000000,0.353519,4.561239
20.1200,0.312375,0.065830,1.000000,0.346395,4.670850
20.1300,0.322372,0.044010,1.000000,0.339303,4.779951
20.1400,0.332369,0.022349,1.000000,0.332264,4.888253
20.1500,0.342345,0.000909,1.000000,0.325295,4.995454
20.1600,0.352274,-0.020247,1.000000,0.318420,5.101237
20.1700,0.362131,-0.041055,1.000000,0.311657,5.205273
20.1800,0.371889,-0.061444,1.000000,0.305031,5.307221
20.1900,0.381521,-0.081346,1.000000,0.298562,5.406732
20.2000,0.390996,-0.100690,1.000000,0.292276,5.503451
20.2100,0.400285,-0.119404,1.000000,0.286194,5.597018
20.2200,0.409356,-0.137415,1.000000,0.280340,5.687073
20.2300,0.418178,-0.154652,1.000000,0.274738,5.773259
20.2400,0.426717,-0.171044,1.000000,0.269411,5.855222
20.2500,0.434942,-0.186524,1.000000,0.264380,5.932622
20.2600,0.442820,-0.201025,1.000000,0.259667,6.005126
20.2700,0.450319,-0.214484,1.000000,0.255293,6.072421
20.2800,0.457407,-0.226843,1.000000,0.251276,6.134213
20.2900,0.464055,-0.238046,1.000000,0.247635,6.190230
20.3000,0.470232,-0.248046,1.000000,0.244385,6.240230
20.3100,0.475910,-0.256799,1.000000,0.241540,6.283995
20.3200,0.481064,-0.264269,1.000000,0.239113,6.321344
20.3300,0.485670,-0.270425,1.000000,0.237112,6.352127
20.3400,0.489706,-0.275246,1.000000,0.235545,6.376232
20.3500,0.493153,-0.278717,1.000000,0.234417,6.393583
20.3600,0.495994,-0.280829,1.000000,0.233731,6.404144
20.3700,0.498218,-0.281583,1.000000,0.233486,6.407914
20.3800,0.499813,-0.280986,1.000000,0.233679,6.404932
20.3900,0.500772,-0.279055,1.000000,0.234307,6.395274
20.4000,0.501092,-0.275810,1.000000,0.235362,6.379051
20.4100,0.500773,-0.271282,1.000000,0.236833,6.356409
20.4200,0.499818,-0.265505,1.000000,0.238711,6.327524
20.4300,0.498232,-0.258520,1.000000,0.240981,6.292602
20.4400,0.496025,-0.250375,1.000000,0.243628,6.251874
20.4500,0.493209,-0.241119,1.000000,0.246636,6.205595
20.4600,0.489799,-0.230808,1.000000,0.249987,6.154040
20.4700,0.485812,-0.219500,1.000000,0.253663,6.097499
20.4800,0.481269,-0.207255,1.000000,0.257642,6.036277
20.4900,0.476192,-0.194137,1.000000,0.261905,5.970687
20.5000,0.470604,-0.180210,1.000000,0.266432,5.901050
20.5100,0.464531,-0.165538,1.000000,0.271200,5.827691
20.5200,0.458001,-0.150187,1.000000,0.276189,5.750934
20.5300,0.451040,-0.134221,1.000000,0.281378,5.671103
20.5400,0.443678,-0.117704,1.000000,0.286746,5.588518
20.5500,0.435944,-0.100698,1.000000,0.292273,5.503491
20.5600,0.427869,-0.083266,1.000000,0.297939,5.416329
20.5700,0.419481,-0.065466,1.000000,0.303724,5.327328
20.5800,0.410810,-0.047354,1.000000,0.309610,5.236772
20.5900,0.401887,-0.028987,1.000000,0.315579,5.144936
20.6000,0.392740,-0.010416,1.000000,0.321615,5.052079
20.6100,0.383397,0.008310,1.000000,0.327701,4.958449
20.6200,0.373885,0.027144,1.000000,0.333822,4.864280
20.6300,0.364233,0.046042,1.000000,0.339964,4.769791
20.6400,0.354465,0.064962,1.000000,0.346113,4.675189
20.6500,0.344606,0.083867,1.000000,0.352257,4.580664
20.6600,0.334679,0.102721,1.000000,0.358384,4.486397
20.6700,0.324707,0.121490,1.000000,0.364484,4.392549
20.6800,0.314712,0.140145,1.000000,0.370547,4.299275
20.6900,0.304713,0.158658,1.000000,0.376564,4.206711
20.7000,0.294729,0.177003,1.000000,0.382526,4.114986
20.7100,0.284777,0.195157,1.000000,0.388426,4.024213
20.7200,0.274874,0.213100,1.000000,0.394258,3.934498
20.7300,0.265036,0.230813,1.000000,0.400014,3.845934
20.7400,0.255275,0.248279,1.000000,0.405691,3.758603
20.7500,0.245604,0.265484,1.000000,0.411282,3.672581
20.7600,0.236037,0.282413,1.000000,0.416784,3.587934
20.7700,0.226583,0.299056,1.000000,0.422193,3.504718
20.7800,0.217251,0.315403,0.984597,0.422500,3.345967
20.7900,0.208051,0.331445,0.968555,0.422500,3.185547
20.8000,0.198988,0.347214,0.952786,0.422500,3.027857
20.8100,0.190064,0.362721,0.937279,0.422500,2.872794
20.8200,0.181280,0.377974,0.922026,0.422500,2.720257
20.8300,0.172638,0.392987,0.907013,0.422500,2.570130
20.8400,0.164135,0.407771,0.892229,0.422500,2.422288
20.8500,0.155771,0.422341,0.877659,0.422500,2.276594
20.8600,0.147541,0.436710,0.863290,0.422500,2.132905
20.8700,0.139444,0.450893,0.849107,0.422500,1.991067
20.8800,0.131473,0.464908,0.835092,0.422500,1.850921
20.8900,0.123624,0.478770,0.821230,0.422500,1.712302
20.9000,0.115891,0.492496,0.807504,0.422500,1.575038
20.9100,0.108267,0.506105,0.793895,0.422500,1.438955
20.9200,0.100747,0.519613,0.780387,0.422500,1.303871
20.9300,0.093322,0.533040,0.766960,0.422500,1.169602
20.9400,0.085985,0.546404,0.753596,0.422500,1.035961
20.9500,0.078728,0.559724,0.740276,0.422500,0.902757
20.9600,0.071543,0.573020,0.726980,0.422500,0.769796
20.9700,0.064421,0.586312,0.713688,0.422500,0.636882
20.9800,0.057353,0.599618,0.700382,0.422500,0.503816
20.9900,0.050330,0.612960,0.687040,0.422500,0.370399
21.0000,0.043344,0.626357,0.673643,0.422500,0.236427
21.0100,0.036383,0.639830,0.660170,0.422500,0.101697
21.0200,0.029440,0.653400,0.646600,0.422500,-0.033996
21.0300,0.022504,0.667086,0.632914,0.422500,-0.170856
21.0400,0.015566,0.680909,0.619091,0.422500,-0.309089
21.0500,0.008615,0.694890,0.605110,0.422500,-0.448900
21.0600,0.001643,0.709049,0.590951,0.422500,-0.590493
21.0700,-0.005362,0.723407,0.576593,0.422500,-0.734070
21.0800,-0.012409,0.737983,0.562017,0.422500,-0.879831
21.0900,-0.019508,0.752797,0.547203,0.422500,-1.027973
21.1000,-0.026669,0.767869,0.532131,0.422500,-1.178686
21.1100,-0.033901,0.783216,0.516784,0.422500,-1.332156
21.1200,-0.041213,0.798856,0.501144,0.422500,-1.488563
21.1300,-0.048616,0.814808,0.485192,0.422500,-1.648076
21.1400,-0.056119,0.831085,0.468915,0.422500,-1.810852
21.1500,-0.063729,0.847704,0.452296,0.422500,-1.977036
21.1600,-0.071455,0.864676,0.435324,0.422500,-2.146760
21.1700,-0.079306,0.882013,0.417987,0.422500,-2.320133
21.1800,-0.087287,0.899724,0.400276,0.422500,-2.497245
21.1900,-0.095406,0.917816,0.382184,0.422500,-2.678160
21.2000,-0.103669,0.936292,0.363708,0.422500,-2.862916
21.2100,-0.112079,0.955151,0.344849,0.422500,-3.051514
21.2200,-0.120641,0.974392,0.325608,0.422500,-3.243922
21.2300,-0.129356,0.994006,0.305994,0.422500,-3.440064
21.2400,-0.138226,1.000000,0.286018,0.417956,-3.569908
21.2500,-0.147249,1.000000,0.265699,0.411352,-3.671503
21.2600,-0.156421,1.000000,0.245093,0.404655,-3.774533
21.2700,-0.165733,1.000000,0.224240,0.397878,-3.878798
21.2800,-0.175175,1.000000,0.203170,0.391030,-3.984150
21.2900,-0.184738,1.000000,0.181914,0.384122,-4.090428
21.3000,-0.194410,1.000000,0.160510,0.377166,-4.197451
21.3100,-0.204178,1.000000,0.138996,0.370174,-4.305022
21.3200,-0.214027,1.000000,0.117414,0.363160,-4.412929
21.3300,-0.223942,1.000000,0.095812,0.356139,-4.520940
21.3400,-0.233904,1.000000,0.074238,0.349127,-4.628808
21.3500,-0.243895,1.000000,0.052746,0.342143,-4.736269
21.3600,-0.253895,1.000000,0.031392,0.335202,-4.843041
21.3700,-0.263882,1.000000,0.010234,0.328326,-4.948830
21.3800,-0.273831,1.000000,-0.010665,0.321534,-5.053326
21.3900,-0.283719,1.000000,-0.031241,0.314847,-5.156205
21.4000,-0.293518,1.000000,-0.051427,0.308286,-5.257134
21.4100,-0.303202,1.000000,-0.071154,0.301875,-5.355769
21.4200,-0.312742,1.000000,-0.090352,0.295636,-5.451759
21.4300,-0.322107,1.000000,-0.108950,0.289591,-5.544751
21.4400,-0.331267,1.000000,-0.126877,0.283765,-5.634387
21.4500,-0.340191,1.000000,-0.144062,0.278180,-5.720312
21.4600,-0.348847,1.000000,-0.160435,0.272859,-5.802174
21.4700,-0.357202,1.000000,-0.175926,0.267824,-5.879631
21.4800,-0.365224,1.000000,-0.190470,0.263097,-5.952351
21.4900,-0.372882,1.000000,-0.204003,0.258699,-6.020016
21.5000,-0.380144,1.000000,-0.216466,0.254649,-6.082329
21.5100,-0.386978,1.000000,-0.227802,0.250964,-6.139011
21.5200,-0.393357,1.000000,-0.237962,0.247662,-6.189812
21.5300,-0.399251,1.000000,-0.246901,0.244757,-6.234506
21.5400,-0.404634,1.000000,-0.254580,0.242262,-6.272900
21.5500,-0.409481,1.000000,-0.260967,0.240186,-6.304834
21.5600,-0.413770,1.000000,-0.266036,0.238538,-6.330181
21.5700,-0.417482,1.000000,-0.269771,0.237325,-6.348853
21.5800,-0.420599,1.000000,-0.272159,0.236548,-6.360796
21.5900,-0.423107,1.000000,-0.273199,0.236210,-6.365996
21.6000,-0.424995,1.000000,-0.272895,0.236309,-6.364475
21.6100,-0.426254,1.000000,-0.271258,0.236841,-6.356292
21.6200,-0.426879,1.000000,-0.268309,0.237800,-6.341543
21.6300,-0.426869,1.000000,-0.264071,0.239177,-6.320355
21.6400,-0.426226,1.000000,-0.258578,0.240962,-6.292890
21.6500,-0.424953,1.000000,-0.251867,0.243143,-6.259337
21.6600,-0.423059,1.000000,-0.243983,0.245706,-6.219914
21.6700,-0.420555,1.000000,-0.234972,0.248634,-6.174860
21.6800,-0.417454,1.000000,-0.224887,0.251912,-6.124437
21.6900,-0.413772,1.000000,-0.213785,0.255520,-6.068923
21.7000,-0.409528,1.000000,-0.201722,0.259440,-6.008612
21.7100,-0.404742,1.000000,-0.188761,0.263653,-5.943807
21.7200,-0.399438,1.000000,-0.174964,0.268137,-5.874820
21.7300,-0.393640,1.000000,-0.160393,0.272872,-5.801966
21.7400,-0.387373,1.000000,-0.145113,0.277838,-5.725565
21.7500,-0.380665,1.000000,-0.129187,0.283014,-5.645934
21.7600,-0.373543,1.000000,-0.112678,0.288380,-5.563388
21.7700,-0.366037,1.000000,-0.095647,0.293915,-5.478236
21.7800,-0.358175,1.000000,-0.078156,0.299599,-5.390780
21.7900,-0.349986,1.000000,-0.060263,0.305415,-5.301315
21.8000,-0.341500,1.000000,-0.042025,0.311342,-5.210123
21.8100,-0.332746,1.000000,-0.023496,0.317364,-5.117478
21.8200,-0.323752,1.000000,-0.004728,0.323464,-5.023638
21.8300,-0.314546,1.000000,0.014230,0.329625,-4.928851
21.8400,-0.305155,1.000000,0.033330,0.335832,-4.833351
21.8500,-0.295607,1.000000,0.052528,0.342072,-4.737358
21.8600,-0.285926,1.000000,0.071784,0.348330,-4.641078
21.8700,-0.276137,1.000000,0.091059,0.354594,-4.544703
21.8800,-0.266264,1.000000,0.110317,0.360853,-4.448413
21.8900,-0.256329,1.000000,0.129525,0.367096,-4.352373
21.9000,-0.246353,1.000000,0.148653,0.373312,-4.256734
21.9100,-0.236357,1.000000,0.167673,0.379494,-4.161636
21.9200,-0.226358,1.000000,0.186559,0.385632,-4.067207
21.9300,-0.216375,1.000000,0.205288,0.391719,-3.973561
21.9400,-0.206424,1.000000,0.223839,0.397748,-3.880803
21.9500,-0.196519,1.000000,0.242195,0.403713,-3.789025
21.9600,-0.186676,1.000000,0.260338,0.409610,-3.698311
21.9700,-0.176907,1.000000,0.278253,0.415432,-3.608735
21.9800,-0.167223,1.000000,0.295928,0.421176,-3.520362
21.9900,-0.157636,0.986649,0.313351,0.422500,-3.366492
22.0000,-0.148155,0.969487,0.330513,0.422500,-3.194874
22.0100,-0.138786,0.952567,0.347433,0.422500,-3.025671
22.0200,-0.129533,0.935874,0.364126,0.422500,-2.858743
22.0300,-0.120400,0.919399,0.380601,0.422500,-2.693993
22.0400,-0.111386,0.903131,0.396869,0.422500,-2.531307
22.0500,-0.102493,0.887056,0.412944,0.422500,-2.370556
22.0600,-0.093718,0.871160,0.428840,0.422500,-2.211603
22.0700,-0.085059,0.855430,0.444570,0.422500,-2.054296
22.0800,-0.076513,0.839848,0.460152,0.422500,-1.898477
22.0900,-0.068076,0.824398,0.475602,0.422500,-1.743979
22.1000,-0.059742,0.809063,0.490937,0.422500,-1.590625
22.1100,-0.051505,0.793824,0.506176,0.422500,-1.438236
22.1200,-0.043360,0.778662,0.521338,0.422500,-1.286625
22.1300,-0.035299,0.763560,0.536440,0.422500,-1.135599
22.1400,-0.027315,0.748496,0.551504,0.422500,-0.984963
22.1500,-0.019400,0.733452,0.566548,0.422500,-0.834518
22.1600,-0.011545,0.718406,0.581594,0.422500,-0.684060
22.1700,-0.003742,0.703338,0.596662,0.422500,-0.533385
22.1800,0.004017,0.688229,0.611771,0.422500,-0.382286
22.1900,0.011743,0.673055,0.626945,0.422500,-0.230554
22.2000,0.019445,0.657798,0.642202,0.422500,-0.077981
22.2100,0.027132,0.642436,0.657564,0.422500,0.075642
22.2200,0.034814,0.626948,0.673052,0.422500,0.230523
22.2300,0.042501,0.611313,0.688687,0.422500,0.386868
22.2400,0.050202,0.595512,0.704488,0.422500,0.544881
22.2500,0.057928,0.579524,0.720476,0.422500,0.704762
22.2600,0.065689,0.563329,0.736671,0.422500,0.866707
22.2700,0.073494,0.546910,0.753090,0.422500,1.030904
22.2800,0.081353,0.530246,0.769754,0.422500,1.197536
22.2900,0.089275,0.513323,0.786677,0.422500,1.366775
22.3000,0.097269,0.496122,0.803878,0.422500,1.538781
22.3100,0.105345,0.478630,0.821370,0.422500,1.713703
22.3200,0.113511,0.460833,0.839167,0.422500,1.891673
22.3300,0.121774,0.442720,0.857280,0.422500,2.072802
22.3400,0.130143,0.424282,0.875718,0.422500,2.257184
22.3500,0.138623,0.405511,0.894489,0.422500,2.444886
22.3600,0.147221,0.386406,0.913594,0.422500,2.635945
22.3700,0.155941,0.366963,0.933037,0.422500,2.830368
22.3800,0.164787,0.347188,0.952812,0.422500,3.028124
22.3900,0.173761,0.327086,0.972914,0.422500,3.229143
22.4000,0.182865,0.306669,0.993331,0.422500,3.433307
22.4100,0.192097,0.285955,1.000000,0.417935,3.570224
22.4200,0.201456,0.264965,1.000000,0.411114,3.675173
22.4300,0.210935,0.243755,1.000000,0.404220,3.781223
22.4400,0.220525,0.222367,1.000000,0.397269,3.888165
22.4500,0.230215,0.200833,1.000000,0.390271,3.995836
22.4600,0.239993,0.179188,1.000000,0.383236,4.104058
22.4700,0.249848,0.157472,1.000000,0.376179,4.212638
22.4800,0.259763,0.135727,1.000000,0.369111,4.321364
22.4900,0.269725,0.113998,1.000000,0.362049,4.430009
22.5000,0.279715,0.092334,1.000000,0.355009,4.538330
22.5100,0.289715,0.070787,1.000000,0.348006,4.646067
22.5200,0.299705,0.049411,1.000000,0.341058,4.752947
22.5300,0.309663,0.028264,1.000000,0.334186,4.858681
22.5400,0.319566,0.007407,1.000000,0.327407,4.962966
22.5500,0.329390,-0.013098,1.000000,0.320743,5.065490
22.5600,0.339110,-0.033185,1.000000,0.314215,5.165927
22.5700,0.348698,-0.052789,1.000000,0.307843,5.263947
22.5800,0.358126,-0.071842,1.000000,0.301651,5.359211
22.5900,0.367367,-0.090275,1.000000,0.295660,5.451377
22.6000,0.376389,-0.108021,1.000000,0.289893,5.540103
22.6100,0.385162,-0.125009,1.000000,0.284372,5.625047
22.6200,0.393657,-0.141175,1.000000,0.279118,5.705875
22.6300,0.401841,-0.156452,1.000000,0.274153,5.782260
22.6400,0.409684,-0.170777,1.000000,0.269497,5.853885
22.6500,0.417156,-0.184090,1.000000,0.265171,5.920451
22.6600,0.424226,-0.196335,1.000000,0.261191,5.981676
22.6700,0.430865,-0.207460,1.000000,0.257576,6.037298
22.6800,0.437046,-0.217416,1.000000,0.254340,6.087082
22.6900,0.442740,-0.226164,1.000000,0.251497,6.130818
22.7000,0.447925,-0.233666,1.000000,0.249059,6.168328
22.7100,0.452575,-0.239893,1.000000,0.247035,6.199463
22.7200,0.456671,-0.244822,1.000000,0.245433,6.224110
22.7300,0.460194,-0.248438,1.000000,0.244258,6.242190
22.7400,0.463128,-0.250732,1.000000,0.243512,6.253660
22.7500,0.465460,-0.251702,1.000000,0.243197,6.258510
22.7600,0.467179,-0.251354,1.000000,0.243310,6.256771
22.7700,0.468279,-0.249701,1.000000,0.243847,6.248503
22.7800,0.468755,-0.246761,1.000000,0.244803,6.233805
22.7900,0.468607,-0.242561,1.000000,0.246168,6.212804
22.8000,0.467836,-0.237132,1.000000,0.247932,6.185660
22.8100,0.466448,-0.230512,1.000000,0.250084,6.152560
22.8200,0.464450,-0.222743,1.000000,0.252609,6.113715
22.8300,0.461853,-0.213872,1.000000,0.255492,6.069360
22.8400,0.458671,-0.203950,1.000000,0.258716,6.019750
22.8500,0.454920,-0.193031,1.000000,0.262265,5.965153
22.8600,0.450619,-0.181171,1.000000,0.266119,5.905855
22.8700,0.445786,-0.168430,1.000000,0.270260,5.842149
22.8800,0.440445,-0.154867,1.000000,0.274668,5.774337
22.8900,0.434620,-0.140545,1.000000,0.279323,5.702723
22.9000,0.428335,-0.125523,1.000000,0.284205,5.627616
22.9100,0.421618,-0.109865,1.000000,0.289294,5.549323
22.9200,0.414494,-0.093629,1.000000,0.294570,5.468147
22.9300,0.406992,-0.076877,1.000000,0.300015,5.384387
22.9400,0.399140,-0.059667,1.000000,0.305608,5.298335
22.9500,0.390965,-0.042055,1.000000,0.311332,5.210274
22.9600,0.382498,-0.024096,1.000000,0.317169,5.120480
22.9700,0.373764,-0.005843,1.000000,0.323101,5.029214
22.9800,0.364793,0.012654,1.000000,0.329113,4.936728
22.9900,0.355611,0.031348,1.000000,0.335188,4.843262
23.0000,0.346245,0.050192,1.000000,0.341312,4.749041
23.0100,0.336720,0.069144,1.000000,0.347472,4.654279
23.0200,0.327062,0.088165,1.000000,0.353654,4.559176
23.0300,0.317293,0.107216,1.000000,0.359845,4.463918
23.0400,0.307437,0.126264,1.000000,0.366036,4.368679
23.0500,0.297515,0.145276,1.000000,0.372215,4.273619
23.0600,0.287549,0.164223,1.000000,0.378372,4.178885
23.0700,0.277556,0.183077,1.000000,0.384500,4.084614
23.0800,0.267556,0.201814,1.000000,0.390590,3.990929
23.0900,0.257566,0.220412,1.000000,0.396634,3.897942
23.1000,0.247601,0.238849,1.000000,0.402626,3.805753
23.1100,0.237676,0.257109,1.000000,0.408560,3.714455
23.1200,0.227805,0.275175,1.000000,0.414432,3.624127
23.1300,0.218000,0.293032,1.000000,0.420235,3.534841
23.1400,0.208273,0.310668,0.989332,0.422500,3.393321
23.1500,0.198634,0.328072,0.971928,0.422500,3.219278
23.1600,0.189091,0.345254,0.954746,0.422500,3.047457
23.1700,0.179649,0.362229,0.937771,0.422500,2.877709
23.1800,0.170311,0.379005,0.920995,0.422500,2.709952
23.1900,0.161081,0.395592,0.904408,0.422500,2.544083
23.2000,0.151958,0.412001,0.887999,0.422500,2.379986
23.2100,0.142942,0.428247,0.871753,0.422500,2.217532
23.2200,0.134032,0.444342,0.855658,0.422500,2.056581
23.2300,0.125225,0.460302,0.839698,0.422500,1.896980
23.2400,0.116517,0.476143,0.823857,0.422500,1.738569
23.2500,0.107903,0.491882,0.808118,0.422500,1.581181
23.2600,0.099380,0.507536,0.792464,0.422500,1.424639
23.2700,0.090940,0.523124,0.776876,0.422500,1.268763
23.2800,0.082577,0.538663,0.761337,0.422500,1.113366
23.2900,0.074285,0.554174,0.745826,0.422500,0.958256
23.3000,0.066055,0.569676,0.730324,0.422500,0.803239
23.3100,0.057880,0.585188,0.714812,0.422500,0.648118
23.3200,0.049752,0.600731,0.699269,0.422500,0.492692
23.3300,0.041661,0.616324,0.683676,0.422500,0.336759
23.3400,0.033600,0.631988,0.668012,0.422500,0.180118
23.3500,0.025559,0.647743,0.652257,0.422500,0.022566
23.3600,0.017528,0.663610,0.636390,0.422500,-0.136099
23.3700,0.009499,0.679608,0.620392,0.422500,-0.296075
23.3800,0.001461,0.695756,0.604244,0.422500,-0.457561
23.3900,-0.006594,0.712075,0.587925,0.422500,-0.620749
23.4000,-0.014676,0.728583,0.571417,0.422500,-0.785826
23.4100,-0.022794,0.745297,0.554703,0.422500,-0.952974
23.4200,-0.030958,0.762237,0.537763,0.422500,-1.122366
23.4300,-0.039177,0.779417,0.520583,0.422500,-1.294165
23.4400,-0.047459,0.796852,0.503148,0.422500,-1.468523
23.4500,-0.055813,0.814558,0.485442,0.422500,-1.645576
23.4600,-0.064247,0.832544,0.467456,0.422500,-1.825445
23.4700,-0.072768,0.850823,0.449177,0.422500,-2.008232
23.4800,-0.081383,0.869402,0.430598,0.422500,-2.194015
23.4900,-0.090098,0.888285,0.411715,0.422500,-2.382850
23.5000,-0.098919,0.907476,0.392524,0.422500,-2.574760
23.5100,-0.107850,0.926974,0.373026,0.422500,-2.769739
23.5200,-0.116893,0.946774,0.353226,0.422500,-2.967740
23.5300,-0.126051,0.966868,0.333132,0.422500,-3.168680
23.5400,-0.135325,0.987243,0.312757,0.422500,-3.372425
23.5500,-0.144712,1.000000,0.292120,0.419939,-3.539398
23.5600,-0.154210,1.000000,0.271244,0.413154,-3.643779
23.5700,-0.163813,1.000000,0.250172,0.406306,-3.749140
23.5800,-0.173511,1.000000,0.228955,0.399411,-3.855223
23.5900,-0.183294,1.000000,0.207628,0.392479,-3.961862
23.6000,-0.193149,1.000000,0.186225,0.385523,-4.068876
23.6100,-0.203064,1.000000,0.164786,0.378555,-4.176069
23.6200,-0.213023,1.000000,0.143354,0.371590,-4.283230
23.6300,-0.223012,1.000000,0.121974,0.364641,-4.390131
23.6400,-0.233012,1.000000,0.100694,0.357726,-4.496529
23.6500,-0.243004,1.000000,0.079567,0.350859,-4.602166
23.6600,-0.252969,1.000000,0.058646,0.344060,-4.706772
23.6700,-0.262886,1.000000,0.037988,0.337346,-4.810061
23.6800,-0.272730,1.000000,0.017653,0.330737,-4.911737
23.6900,-0.282479,1.000000,-0.002299,0.324253,-5.011494
23.7000,-0.292106,1.000000,-0.021803,0.317914,-5.109015
23.7100,-0.301586,1.000000,-0.040796,0.311741,-5.203978
23.7200,-0.310892,1.000000,-0.059211,0.305756,-5.296056
23.7300,-0.319994,1.000000,-0.076984,0.299980,-5.384920
23.7400,-0.328864,1.000000,-0.094048,0.294434,-5.470242
23.7500,-0.337472,1.000000,-0.110339,0.289140,-5.551694
23.7600,-0.345790,1.000000,-0.125792,0.284118,-5.628960
23.7700,-0.353786,1.000000,-0.140346,0.279388,-5.701728
23.7800,-0.361432,1.000000,-0.153940,0.274969,-5.769702
23.7900,-0.368699,1.000000,-0.166520,0.270881,-5.832599
23.8000,-0.375557,1.000000,-0.178031,0.267140,-5.890157
23.8100,-0.381979,1.000000,-0.188427,0.263761,-5.942135
23.8200,-0.387939,1.000000,-0.197663,0.260760,-5.988315
23.8300,-0.393412,1.000000,-0.205701,0.258147,-6.028506
23.8400,-0.398374,1.000000,-0.212510,0.255934,-6.062549
23.8500,-0.402804,1.000000,-0.218062,0.254130,-6.090311
23.8600,-0.406682,1.000000,-0.222339,0.252740,-6.111696
23.8700,-0.409992,1.000000,-0.225328,0.251769,-6.126638
23.8800,-0.412720,1.000000,-0.227021,0.251218,-6.135106
23.8900,-0.414853,1.000000,-0.227421,0.251088,-6.137103
23.9000,-0.416384,1.000000,-0.226533,0.251377,-6.132666
23.9100,-0.417305,1.000000,-0.224373,0.252079,-6.121865
23.9200,-0.417615,1.000000,-0.220960,0.253188,-6.104800
23.9300,-0.417312,1.000000,-0.216320,0.254696,-6.081602
23.9400,-0.416400,1.000000,-0.210486,0.256592,-6.052431
23.9500,-0.414885,1.000000,-0.203494,0.258864,-6.017470
23.9600,-0.412774,1.000000,-0.195386,0.261500,-5.976929
23.9700,-0.410080,1.000000,-0.186207,0.264483,-5.931034
23.9800,-0.406815,1.000000,-0.176007,0.267798,-5.880033
23.9900,-0.402995,1.000000,-0.164837,0.271428,-5.824186
24.0000,-0.398639,1.000000,-0.152753,0.275355,-5.763767
24.0100,-0.393767,1.000000,-0.139811,0.279561,-5.699056
24.0200,-0.388399,1.000000,-0.126069,0.284028,-5.630343
24.0300,-0.382560,1.000000,-0.111584,0.288735,-5.557919
24.0400,-0.376273,1.000000,-0.096415,0.293665,-5.482077
24.0500,-0.369564,1.000000,-0.080622,0.298798,-5.403109
24.0600,-0.362458,1.000000,-0.064261,0.304115,-5.321304
24.0700,-0.354983,1.000000,-0.047389,0.309599,-5.236946
24.0800,-0.347165,1.000000,-0.030062,0.315230,-5.150310
24.0900,-0.339031,1.000000,-0.012333,0.320992,-5.061667
24.1000,-0.330609,1.000000,0.005745,0.326867,-4.971274
24.1100,-0.321925,1.000000,0.024124,0.332840,-4.879380
24.1200,-0.313005,1.000000,0.042755,0.338895,-4.786224
24.1300,-0.303875,1.000000,0.061594,0.345018,-4.692029
24.1400,-0.294561,1.000000,0.080598,0.351194,-4.597010
24.1500,-0.285086,1.000000,0.099727,0.357411,-4.501367
24.1600,-0.275474,1.000000,0.118942,0.363656,-4.405289
24.1700,-0.265748,1.000000,0.138210,0.369918,-4.308949
24.1800,-0.255929,1.000000,0.157498,0.376187,-4.212510
24.1900,-0.246037,1.000000,0.176775,0.382452,-4.116124
24.2000,-0.236092,1.000000,0.196015,0.388705,-4.019926
24.2100,-0.226113,1.000000,0.215191,0.394937,-3.924044
24.2200,-0.216116,1.000000,0.234282,0.401142,-3.828592
24.2300,-0.206117,1.000000,0.253265,0.407311,-3.733673
24.2400,-0.196131,1.000000,0.272124,0.413440,-3.639380
24.2500,-0.186173,1.000000,0.290841,0.419523,-3.545797
24.2600,-0.176254,0.990599,0.309401,0.422500,-3.405992
24.2700,-0.166386,0.972208,0.327792,0.422500,-3.222084
24.2800,-0.156579,0.953987,0.346013,0.422500,-3.039870
24.2900,-0.146840,0.935925,0.364075,0.422500,-2.859250
24.3000,-0.137175,0.918016,0.381984,0.422500,-2.680158
24.3100,-0.127587,0.900251,0.399749,0.422500,-2.502512
24.3200,-0.118079,0.882621,0.417379,0.422500,-2.326210
24.3300,-0.108651,0.865113,0.434887,0.422500,-2.151135
24.3400,-0.099304,0.847716,0.452284,0.422500,-1.977157
24.3500,-0.090035,0.830413,0.469587,0.422500,-1.804135
24.3600,-0.080841,0.813192,0.486808,0.422500,-1.631916
24.3700,-0.071721,0.796034,0.503966,0.422500,-1.460340
24.3800,-0.062668,0.778924,0.521076,0.422500,-1.289237
24.3900,-0.053679,0.761843,0.538157,0.422500,-1.118433
24.4000,-0.044747,0.744775,0.555225,0.422500,-0.947748
24.4100,-0.035865,0.727700,0.572300,0.422500,-0.776998
24.4200,-0.027028,0.710600,0.589400,0.422500,-0.605996
24.4300,-0.018227,0.693455,0.606545,0.422500,-0.434554
24.4400,-0.009455,0.676248,0.623752,0.422500,-0.262483
24.4500,-0.000704,0.658959,0.641041,0.422500,-0.089595
24.4600,0.008034,0.641570,0.658430,0.422500,0.084297
24.4700,0.016768,0.624062,0.675938,0.422500,0.259376
24.4800,0.025506,0.606418,0.693582,0.422500,0.435820
24.4900,0.034256,0.588620,0.711380,0.422500,0.613802
24.5000,0.043028,0.570652,0.729348,0.422500,0.793485
24.5100,0.051828,0.552498,0.747502,0.422500,0.975024
24.5200,0.060667,0.534144,0.765856,0.422500,1.158561
24.5300,0.069550,0.515577,0.784423,0.422500,1.344227
24.5400,0.078486,0.496787,0.803213,0.422500,1.532132
24.5500,0.087482,0.477763,0.822237,0.422500,1.722370
24.5600,0.096543,0.458499,0.841501,0.422500,1.915012
24.5700,0.105676,0.438990,0.861010,0.422500,2.110104
24.5800,0.114885,0.419233,0.880767,0.422500,2.307666
24.5900,0.124175,0.399232,0.900768,0.422500,2.507681
24.6000,0.133547,0.378990,0.921010,0.422500,2.710102
24.6100,0.143004,0.358516,0.941484,0.422500,2.914838
24.6200,0.152545,0.337824,0.962176,0.422500,3.121756
24.6300,0.162170,0.316932,0.983068,0.422500,3.330677
24.6400,0.171875,0.295863,1.000000,0.421156,3.520683
24.6500,0.181654,0.274646,1.000000,0.414260,3.626768
24.6600,0.191501,0.253320,1.000000,0.407329,3.733398
24.6700,0.201405,0.231939,1.000000,0.400380,3.840305
24.6800,0.211354,0.210538,1.000000,0.393425,3.947312
24.6900,0.221334,0.189155,1.000000,0.386475,4.054225
24.7000,0.231331,0.167833,1.000000,0.379546,4.160836
24.7100,0.241330,0.146615,1.000000,0.372650,4.266923
24.7200,0.251312,0.125550,1.000000,0.365804,4.372251
24.7300,0.261261,0.104686,1.000000,0.359023,4.476569
24.7400,0.271157,0.084077,1.000000,0.352325,4.579617
24.7500,0.280977,0.063776,1.000000,0.345727,4.681122
24.7600,0.290701,0.043840,1.000000,0.339248,4.780800
24.7700,0.300306,0.024328,1.000000,0.332907,4.878358
24.7800,0.309766,0.005300,1.000000,0.326723,4.973500
24.7900,0.319056,-0.013184,1.000000,0.320715,5.065919
24.8000,0.328152,-0.031062,1.000000,0.314905,5.155309
24.8100,0.337025,-0.048272,1.000000,0.309311,5.241362
24.8200,0.345649,-0.064754,1.000000,0.303955,5.323772
24.8300,0.353996,-0.080448,1.000000,0.298855,5.402238
24.8400,0.362038,-0.095293,1.000000,0.294030,5.476465
24.8500,0.369747,-0.109234,1.000000,0.289499,5.546169
24.8600,0.377097,-0.122216,1.000000,0.285280,5.611078
24.8700,0.384059,-0.134188,1.000000,0.281389,5.670938
24.8800,0.390607,-0.145102,1.000000,0.277842,5.725510
24.8900,0.396716,-0.154916,1.000000,0.274652,5.774578
24.9000,0.402363,-0.163590,1.000000,0.271833,5.817950
24.9100,0.407524,-0.171092,1.000000,0.269395,5.855459
24.9200,0.412178,-0.177393,1.000000,0.267347,5.886963
24.9300,0.416306,-0.182471,1.000000,0.265697,5.912353
24.9400,0.419890,-0.186310,1.000000,0.264449,5.931548
24.9500,0.422918,-0.188900,1.000000,0.263608,5.944498
24.9600,0.425374,-0.190237,1.000000,0.263173,5.951184
24.9700,0.427251,-0.190324,1.000000,0.263145,5.951618
24.9800,0.428540,-0.189169,1.000000,0.263520,5.945846
24.9900,0.429237,-0.186788,1.000000,0.264294,5.933939
25.0000,0.429340,-0.183200,1.000000,0.265460,5.916000
25.0100,0.428849,-0.178432,1.000000,0.267010,5.892158
25.0200,0.427769,-0.172513,1.000000,0.268933,5.862567
25.0300,0.426106,-0.165481,1.000000,0.271219,5.827406
25.0400,0.423867,-0.157375,1.000000,0.273853,5.786873
25.0500,0.421065,-0.148237,1.000000,0.276823,5.741185
25.0600,0.417712,-0.138115,1.000000,0.280113,5.690574
25.0700,0.413824,-0.127058,1.000000,0.283706,5.635288
25.0800,0.409418,-0.115116,1.000000,0.287587,5.575582
25.0900,0.404514,-0.102344,1.000000,0.291738,5.511720
25.1000,0.399132,-0.088795,1.000000,0.296142,5.443975
25.1100,0.393294,-0.074523,1.000000,0.300780,5.372617
25.1200,0.387022,-0.059584,1.000000,0.305635,5.297922
25.1300,0.380341,-0.044032,1.000000,0.310689,5.220162
25.1400,0.373276,-0.027922,1.000000,0.315926,5.139608
25.1500,0.365851,-0.011305,1.000000,0.321326,5.056523
25.1600,0.358092,0.005767,1.000000,0.326874,4.971166
25.1700,0.350023,0.023242,1.000000,0.332554,4.883788
25.1800,0.341672,0.041074,1.000000,0.338349,4.794631
25.1900,0.333061,0.059215,1.000000,0.344245,4.703927
25.2000,0.324217,0.077620,1.000000,0.350227,4.611899
25.2100,0.315163,0.096249,1.000000,0.356281,4.518756
25.2200,0.305923,0.115060,1.000000,0.362395,4.424698
25.2300,0.296520,0.134017,1.000000,0.368556,4.329913
25.2400,0.286975,0.153085,1.000000,0.374753,4.234576
25.2500,0.277310,0.172230,1.000000,0.380975,4.138851
25.2600,0.267546,0.191422,1.000000,0.387212,4.042891
25.2700,0.257700,0.210633,1.000000,0.393456,3.946834
25.2800,0.247792,0.229838,1.000000,0.399697,3.850811
25.2900,0.237838,0.249012,1.000000,0.405929,3.754938
25.3000,0.227854,0.268135,1.000000,0.412144,3.659324
25.3100,0.217856,0.287187,1.000000,0.418336,3.564063
25.3200,0.207858,0.306151,0.993849,0.422500,3.438485
25.3300,0.197871,0.325012,0.974988,0.422500,3.249879
25.3400,0.187909,0.343759,0.956241,0.422500,3.062412
25.3500,0.177980,0.362393,0.937607,0.422500,2.876067
25.3600,0.168092,0.380918,0.919082,0.422500,2.690816
25.3700,0.158251,0.399339,0.900661,0.422500,2.506608
25.3800,0.148461,0.417663,0.882337,0.422500,2.323371
25.3900,0.138725,0.435898,0.864102,0.422500,2.141018
25.4000,0.129046,0.454055,0.845945,0.422500,1.959446
25.4100,0.119422,0.472146,0.827854,0.422500,1.778536
25.4200,0.109853,0.490184,0.809816,0.422500,1.598162
25.4300,0.100337,0.508181,0.791819,0.422500,1.418186
25.4400,0.090872,0.526154,0.773846,0.422500,1.238460
25.4500,0.081454,0.544117,0.755883,0.422500,1.058833
25.4600,0.072078,0.562085,0.737915,0.422500,0.879148
25.4700,0.062739,0.580076,0.719924,0.422500,0.699242
25.4800,0.053432,0.598105,0.701895,0.422500,0.518952
25.4900,0.044150,0.616188,0.683812,0.422500,0.338116
25.5000,0.034889,0.634343,0.665657,0.422500,0.156569
25.5100,0.025640,0.652585,0.647415,0.422500,-0.025849
25.5200,0.016397,0.670929,0.629071,0.422500,-0.209293
25.5300,0.007153,0.689391,0.610609,0.422500,-0.393914
25.5400,-0.002099,0.707985,0.592015,0.422500,-0.579855
25.5500,-0.011366,0.726725,0.573275,0.422500,-0.767247
25.5600,-0.020655,0.745621,0.554379,0.422500,-0.956214
25.5700,-0.029971,0.764686,0.535314,0.422500,-1.146860
25.5800,-0.039322,0.783928,0.516072,0.422500,-1.339276
25.5900,-0.048713,0.803353,0.496647,0.422500,-1.533534
25.6000,-0.058149,0.822968,0.477032,0.422500,-1.729683
25.6100,-0.067635,0.842775,0.457225,0.422500,-1.927746
25.6200,-0.077174,0.862772,0.437228,0.422500,-2.127721
25.6300,-0.086770,0.882957,0.417043,0.422500,-2.329571
25.6400,-0.096422,0.903323,0.396677,0.422500,-2.533226
25.6500,-0.106134,0.923858,0.376142,0.422500,-2.738577
25.6600,-0.115902,0.944547,0.355453,0.422500,-2.945475
25.6700,-0.125726,0.965372,0.334628,0.422500,-3.153721
25.6800,-0.135600,0.986307,0.313693,0.422500,-3.363070
25.6900,-0.145519,1.000000,0.292678,0.420120,-3.536612
25.7000,-0.155475,1.000000,0.271617,0.413276,-3.641913
25.7100,-0.165458,1.000000,0.250556,0.406431,-3.747221
25.7200,-0.175456,1.000000,0.229538,0.399600,-3.852312
25.7300,-0.185455,1.000000,0.208601,0.392795,-3.956994
25.7400,-0.195440,1.000000,0.187788,0.386031,-4.061060
25.7500,-0.205396,1.000000,0.167141,0.379321,-4.164294
25.7600,-0.215306,1.000000,0.146707,0.372680,-4.266464
25.7700,-0.225151,1.000000,0.126534,0.366124,-4.367329
25.7800,-0.234913,1.000000,0.106672,0.359669,-4.466638
25.7900,-0.244571,1.000000,0.087174,0.353332,-4.564129
25.8000,-0.254103,1.000000,0.068093,0.347130,-4.659534
25.8100,-0.263488,1.000000,0.049485,0.341083,-4.752576
25.8200,-0.272702,1.000000,0.031405,0.335207,-4.842975
25.8300,-0.281720,1.000000,0.013910,0.329521,-4.930448
25.8400,-0.290519,1.000000,-0.002942,0.324044,-5.014710
25.8500,-0.299072,1.000000,-0.019096,0.318794,-5.095479
25.8600,-0.307356,1.000000,-0.034495,0.313789,-5.172476
25.8700,-0.315343,1.000000,-0.049086,0.309047,-5.245428
25.8800,-0.323008,1.000000,-0.062814,0.304585,-5.314070
25.8900,-0.330327,1.000000,-0.075630,0.300420,-5.378148
25.9000,-0.337273,1.000000,-0.087485,0.296567,-5.437424
25.9100,-0.343822,1.000000,-0.098335,0.293041,-5.491673
25.9200,-0.349951,1.000000,-0.108138,0.289855,-5.540691
25.9300,-0.355636,1.000000,-0.116858,0.287021,-5.584292
25.9400,-0.360858,1.000000,-0.124463,0.284550,-5.622315
25.9500,-0.365595,1.000000,-0.130924,0.282450,-5.654621
25.9600,-0.369830,1.000000,-0.136220,0.280729,-5.681099
25.9700,-0.373547,1.000000,-0.140333,0.279392,-5.701663
25.9800,-0.376730,1.000000,-0.143251,0.278443,-5.716257
25.9900,-0.379368,1.000000,-0.144970,0.277885,-5.724849
26.0000,-0.381450,1.000000,-0.145488,0.277716,-5.727440
26.0100,-0.382969,1.000000,-0.144811,0.277936,-5.724055
26.0200,-0.383920,1.000000,-0.142950,0.278541,-5.714750
26.0300,-0.384300,1.000000,-0.139921,0.279526,-5.699605
26.0400,-0.384109,1.000000,-0.135745,0.280883,-5.678725
26.0500,-0.383349,1.000000,-0.130448,0.282604,-5.652241
26.0600,-0.382023,1.000000,-0.124061,0.284680,-5.620304
26.0700,-0.380140,1.000000,-0.116617,0.287099,-5.583085
26.0800,-0.377708,1.000000,-0.108155,0.289850,-5.540774
26.0900,-0.374739,1.000000,-0.098715,0.292918,-5.493575
26.1000,-0.371245,1.000000,-0.088342,0.296289,-5.441708
26.1100,-0.367243,1.000000,-0.077080,0.299949,-5.385400
26.1200,-0.362747,1.000000,-0.064978,0.303882,-5.324891
26.1300,-0.357778,1.000000,-0.052085,0.308072,-5.260424
26.1400,-0.352353,1.000000,-0.038450,0.312504,-5.192248
26.1500,-0.346495,1.000000,-0.024123,0.317160,-5.120613
26.1600,-0.340223,1.000000,-0.009154,0.322025,-5.045770
26.1700,-0.333562,1.000000,0.006406,0.327082,-4.967969
26.1800,-0.326532,1.000000,0.022509,0.332316,-4.887454
26.1900,-0.319158,1.000000,0.039107,0.337710,-4.804467
26.2000,-0.311463,1.000000,0.056152,0.343249,-4.719242
26.2100,-0.303470,1.000000,0.073599,0.348920,-4.632007
26.2200,-0.295202,1.000000,0.091404,0.354706,-4.542982
26.2300,-0.286683,1.000000,0.109525,0.360596,-4.452376
26.2400,-0.277935,1.000000,0.127922,0.366575,-4.360390
26.2500,-0.268980,1.000000,0.146557,0.372631,-4.267216
26.2600,-0.259839,1.000000,0.165394,0.378753,-4.173031
26.2700,-0.250534,1.000000,0.184399,0.384930,-4.078006
26.2800,-0.241084,1.000000,0.203540,0.391151,-3.982300
26.2900,-0.231508,1.000000,0.222788,0.397406,-3.886058
26.3000,-0.221825,1.000000,0.242116,0.403688,-3.789418
26.3100,-0.212053,1.000000,0.261499,0.409987,-3.692506
26.3200,-0.202207,1.000000,0.280913,0.416297,-3.595436
26.3300,-0.192304,0.999663,0.300337,0.422500,-3.496627
26.3400,-0.182356,0.980247,0.319753,0.422500,-3.302466
26.3500,-0.172380,0.960856,0.339144,0.422500,-3.108563
26.3600,-0.162386,0.941510,0.358490,0.422500,-2.915105
26.3700,-0.152386,0.922212,0.377788,0.422500,-2.722122
26.3800,-0.142389,0.902962,0.397038,0.422500,-2.529617
26.3900,-0.132403,0.883757,0.416243,0.422500,-2.337571
26.4000,-0.122433,0.864594,0.435406,0.422500,-2.145944
26.4100,-0.112484,0.845468,0.454532,0.422500,-1.954679
26.4200,-0.102559,0.826371,0.473629,0.422500,-1.763705
26.4300,-0.092660,0.807294,0.492706,0.422500,-1.572936
26.4400,-0.082787,0.788228,0.511772,0.422500,-1.382277
26.4500,-0.072941,0.769162,0.530838,0.422500,-1.191622
26.4600,-0.063120,0.750086,0.549914,0.422500,-1.000861
26.4700,-0.053322,0.730988,0.569012,0.422500,-0.809878
26.4800,-0.043544,0.711855,0.588145,0.422500,-0.618552
26.4900,-0.033784,0.692677,0.607323,0.422500,-0.426766
26.5000,-0.024037,0.673440,0.626560,0.422500,-0.234399
26.5100,-0.014300,0.654134,0.645866,0.422500,-0.041337
26.5200,-0.004568,0.634747,0.665253,0.422500,0.152532
26.5300,0.005162,0.615269,0.684731,0.422500,0.347309
26.5400,0.014896,0.595691,0.704309,0.422500,0.543089
26.5500,0.024639,0.576005,0.723995,0.422500,0.739953
26.5600,0.034393,0.556203,0.743797,0.422500,0.937968
26.5700,0.044163,0.536281,0.763719,0.422500,1.137185
26.5800,0.053953,0.516236,0.783764,0.422500,1.337635
26.5900,0.063765,0.496067,0.803933,0.422500,1.539327
26.6000,0.073603,0.475776,0.824224,0.422500,1.742244
26.6100,0.083466,0.455366,0.844634,0.422500,1.946342
26.6200,0.093357,0.434846,0.865154,0.422500,2.151545
26.6300,0.103275,0.414226,0.885774,0.422500,2.357742
26.6400,0.113218,0.393521,0.906479,0.422500,2.564787
26.6500,0.123183,0.372751,0.927249,0.422500,2.772491
26.6600,0.133167,0.351938,0.948062,0.422500,2.980623
26.6700,0.143162,0.331110,0.968890,0.422500,3.188904
26.6800,0.153162,0.310299,0.989701,0.422500,3.397009
26.6900,0.163157,0.289544,1.000000,0.419102,3.552280
26.7000,0.173136,0.268887,1.000000,0.412388,3.655564
26.7100,0.183084,0.248371,1.000000,0.405720,3.758146
26.7200,0.192990,0.228032,1.000000,0.399110,3.859842
26.7300,0.202836,0.207911,1.000000,0.392571,3.960447
26.7400,0.212608,0.188051,1.000000,0.386116,4.059746
26.7500,0.222288,0.168497,1.000000,0.379761,4.157516
26.7600,0.231858,0.149295,1.000000,0.373521,4.253524
26.7700,0.241300,0.130494,1.000000,0.367411,4.347531
26.7800,0.250592,0.112142,1.000000,0.361446,4.439290
26.7900,0.259716,0.094290,1.000000,0.355644,4.528552
26.8000,0.268649,0.076988,1.000000,0.350021,4.615061
26.8100,0.277369,0.060287,1.000000,0.344593,4.698564
26.8200,0.285854,0.044239,1.000000,0.339378,4.778806
26.8300,0.294081,0.028893,1.000000,0.334390,4.855533
26.8400,0.302027,0.014300,1.000000,0.329648,4.928498
26.8500,0.309669,0.000508,1.000000,0.325165,4.997459
26.8600,0.316984,-0.012437,1.000000,0.320958,5.062184
26.8700,0.323950,-0.024490,1.000000,0.317041,5.122449
26.8800,0.330543,-0.035609,1.000000,0.313427,5.178047
26.8900,0.336743,-0.045757,1.000000,0.310129,5.228783
26.9000,0.342528,-0.054896,1.000000,0.307159,5.274479
26.9100,0.347879,-0.062996,1.000000,0.304526,5.314978
26.9200,0.352778,-0.070028,1.000000,0.302241,5.350140
26.9300,0.357206,-0.075970,1.000000,0.300310,5.379850
26.9400,0.361148,-0.080803,1.000000,0.298739,5.404013
26.9500,0.364591,-0.084512,1.000000,0.297534,5.422560
26.9600,0.367521,-0.087089,1.000000,0.296696,5.435445
26.9700,0.369929,-0.088530,1.000000,0.296228,5.442648
26.9800,0.371806,-0.088834,1.000000,0.296129,5.444172
26.9900,0.373146,-0.088009,1.000000,0.296397,5.440045
27.0000,0.373945,-0.086064,1.000000,0.297029,5.430320
27.0100,0.374201,-0.083014,1.000000,0.298020,5.415072
27.0200,0.373913,-0.078880,1.000000,0.299364,5.394398
27.0300,0.373085,-0.073683,1.000000,0.301053,5.368415
27.0400,0.371721,-0.067452,1.000000,0.303078,5.337261
27.0500,0.369828,-0.060218,1.000000,0.305429,5.301090
27.0600,0.367413,-0.052014,1.000000,0.308095,5.260071
27.0700,0.364487,-0.042877,1.000000,0.311065,5.214387
27.0800,0.361063,-0.032847,1.000000,0.314325,5.164235
27.0900,0.357154,-0.021964,1.000000,0.317862,5.109818
27.1000,0.352774,-0.010270,1.000000,0.321662,5.051350
27.1100,0.347942,0.002190,1.000000,0.325712,4.989048
27.1200,0.342673,0.015373,1.000000,0.329996,4.923135
27.1300,0.336987,0.029233,1.000000,0.334501,4.853835
27.1400,0.330903,0.043726,1.000000,0.339211,4.781372
27.1500,0.324441,0.058806,1.000000,0.344112,4.705970
27.1600,0.317622,0.074430,1.000000,0.349190,4.627850
27.1700,0.310467,0.090554,1.000000,0.354430,4.547228
27.1800,0.302995,0.107137,1.000000,0.359819,4.464317
27.1900,0.295230,0.124136,1.000000,0.365344,4.379320
27.2000,0.287191,0.141512,1.000000,0.370992,4.292438
27.2100,0.278899,0.159228,1.000000,0.376749,4.203859
27.2200,0.270375,0.177246,1.000000,0.382605,4.113768
27.2300,0.261639,0.195533,1.000000,0.388548,4.022336
27.2400,0.252710,0.214054,1.000000,0.394568,3.929728
27.2500,0.243607,0.232780,1.000000,0.400654,3.836098
27.2600,0.234349,0.251682,1.000000,0.406797,3.741592
27.2700,0.224952,0.270731,1.000000,0.412988,3.646344
27.2800,0.215435,0.289904,1.000000,0.419219,3.550481
27.2900,0.205811,0.309177,0.990823,0.422500,3.408234
27.3000,0.196097,0.328528,0.971472,0.422500,3.214719
27.3100,0.186308,0.347928,0.952072,0.422500,3.020722
27.3200,0.176458,0.367351,0.932649,0.422500,2.826491
27.3300,0.166561,0.386790,0.913210,0.422500,2.632104
27.3400,0.156627,0.406238,0.893762,0.422500,2.437616
27.3500,0.146667,0.425694,0.874306,0.422500,2.243058
27.3600,0.136687,0.445156,0.854844,0.422500,2.048442
27.3700,0.126696,0.464624,0.835376,0.422500,1.853761
27.3800,0.116698,0.484101,0.815899,0.422500,1.658992
27.3900,0.106699,0.503590,0.796410,0.422500,1.464101
27.4000,0.096699,0.523096,0.776904,0.422500,1.269043
27.4100,0.086703,0.542623,0.757377,0.422500,1.073765
27.4200,0.076712,0.562179,0.737821,0.422500,0.878208
27.4300,0.066725,0.581769,0.718231,0.422500,0.682309
27.4400,0.056743,0.601400,0.698600,0.422500,0.486004
27.4500,0.046766,0.621077,0.678923,0.422500,0.289231
27.4600,0.036792,0.640807,0.659193,0.422500,0.091930
27.4700,0.026820,0.660595,0.639405,0.422500,-0.105953
27.4800,0.016849,0.680446,0.619554,0.422500,-0.304465
27.4900,0.006877,0.700364,0.599636,0.422500,-0.503640
27.5000,-0.003097,0.720350,0.579650,0.422500,-0.703501
27.5100,-0.013075,0.740406,0.559594,0.422500,-0.904057
27.5200,-0.023057,0.760530,0.539470,0.422500,-1.105298
27.5300,-0.033044,0.780719,0.519281,0.422500,-1.307192
27.5400,-0.043036,0.800969,0.499031,0.422500,-1.509686
27.5500,-0.053032,0.821270,0.478730,0.422500,-1.712700
27.5600,-0.063032,0.841613,0.458387,0.422500,-1.916127
27.5700,-0.073032,0.861983,0.438017,0.422500,-2.119826
27.5800,-0.083029,0.882363,0.417637,0.422500,-2.323626
27.5900,-0.093018,0.902732,0.397268,0.422500,-2.527317
27.6000,-0.102994,0.923065,0.376935,0.422500,-2.730651
27.6100,-0.112950,0.943334,0.356666,0.422500,-2.933342
27.6200,-0.122875,0.963506,0.336494,0.422500,-3.135059
27.6300,-0.132762,0.983543,0.316457,0.422500,-3.335429
27.6400,-0.142596,1.000000,0.296596,0.421394,-3.517018
27.6500,-0.152364,1.000000,0.276958,0.415011,-3.615209
27.6600,-0.162050,1.000000,0.257588,0.408716,-3.712060
27.6700,-0.171641,1.000000,0.238509,0.402516,-3.807453
27.6800,-0.181120,1.000000,0.219763,0.396423,-3.901185
27.6900,-0.190471,1.000000,0.201390,0.390452,-3.993048
27.7000,-0.199676,1.000000,0.183435,0.384616,-4.082826
27.7100,-0.208718,1.000000,0.165940,0.378930,-4.170302
27.7200,-0.217579,1.000000,0.148950,0.373409,-4.255252
27.7300,-0.226238,1.000000,0.132510,0.368066,-4.337451
27.7400,-0.234677,1.000000,0.116665,0.362916,-4.416674
27.7500,-0.242875,1.000000,0.101460,0.357975,-4.492698
27.7600,-0.250812,1.000000,0.086940,0.353256,-4.565300
27.7700,-0.258468,1.000000,0.073148,0.348773,-4.634262
27.7800,-0.265823,1.000000,0.060125,0.344541,-4.699375
27.7900,-0.272855,1.000000,0.047913,0.340572,-4.760434
27.8000,-0.279546,1.000000,0.036551,0.336879,-4.817246
27.8100,-0.285876,1.000000,0.026074,0.333474,-4.869629
27.8200,-0.291826,1.000000,0.016517,0.330368,-4.917415
27.8300,-0.297377,1.000000,0.007910,0.327571,-4.960448
27.8400,-0.302513,1.000000,0.000282,0.325092,-4.998590
27.8500,-0.307217,1.000000,-0.006345,0.322938,-5.031723
27.8600,-0.311474,1.000000,-0.011948,0.321117,-5.059742
27.8700,-0.315271,1.000000,-0.016513,0.319633,-5.082566
27.8800,-0.318595,1.000000,-0.020027,0.318491,-5.100134
27.8900,-0.321435,1.000000,-0.022481,0.317694,-5.112403
27.9000,-0.323783,1.000000,-0.023871,0.317242,-5.119353
27.9100,-0.325632,1.000000,-0.024197,0.317136,-5.120987
27.9200,-0.326975,1.000000,-0.023465,0.317374,-5.117325
27.9300,-0.327808,1.000000,-0.021682,0.317953,-5.108409
27.9400,-0.328132,1.000000,-0.018861,0.318870,-5.094303
27.9500,-0.327944,1.000000,-0.015017,0.320119,-5.075086
27.9600,-0.327247,1.000000,-0.010172,0.321694,-5.050858
27.9700,-0.326046,1.000000,-0.004347,0.323587,-5.021734
27.9800,-0.324344,1.000000,0.002431,0.325790,-4.987845
27.9900,-0.322150,1.000000,0.010133,0.328293,-4.949335
28.0000,-0.319473,1.000000,0.018728,0.331087,-4.906361
28.0100,-0.316322,1.000000,0.028182,0.334159,-4.859090
28.0200,-0.312709,1.000000,0.038460,0.337500,-4.807698
28.0300,-0.308648,1.000000,0.049526,0.341096,-4.752369
28.0400,-0.304152,1.000000,0.061342,0.344936,-4.693292
28.0500,-0.299237,1.000000,0.073868,0.349007,-4.630659
28.0600,-0.293919,1.000000,0.087067,0.353297,-4.564667
28.0700,-0.288215,1.000000,0.100898,0.357792,-4.495512
28.0800,-0.282141,1.000000,0.115322,0.362480,-4.423390
28.0900,-0.275717,1.000000,0.130301,0.367348,-4.348496
28.1000,-0.268960,1.000000,0.145795,0.372384,-4.271023
28.1100,-0.261889,1.000000,0.161769,0.377575,-4.191157
28.1200,-0.254523,1.000000,0.178183,0.382910,-4.109083
28.1300,-0.246880,1.000000,0.195005,0.388376,-4.024977
28.1400,-0.238978,1.000000,0.212197,0.393964,-3.939013
28.1500,-0.230836,1.000000,0.229729,0.399662,-3.851354
28.1600,-0.222472,1.000000,0.247569,0.405460,-3.762157
28.1700,-0.213903,1.000000,0.265686,0.411348,-3.671572
28.1800,-0.205146,1.000000,0.284052,0.417317,-3.579741
28.1900,-0.196218,0.997359,0.302641,0.422500,-3.473593
28.2000,-0.187134,0.978573,0.321427,0.422500,-3.285727
28.2100,-0.177910,0.959618,0.340382,0.422500,-3.096179
28.2200,-0.168565,0.940550,0.359450,0.422500,-2.905504
28.2300,-0.159114,0.921387,0.378613,0.422500,-2.713870
28.2400,-0.149572,0.902141,0.397859,0.422500,-2.521414
28.2500,-0.139952,0.882825,0.417175,0.422500,-2.328251
28.2600,-0.130267,0.863447,0.436553,0.422500,-2.134474
28.2700,-0.120526,0.844015,0.455985,0.422500,-1.940154
28.2800,-0.110739,0.824535,0.475465,0.422500,-1.745348
28.2900,-0.100914,0.805010,0.494990,0.422500,-1.550096
28.3000,-0.091058,0.785443,0.514557,0.422500,-1.354429
28.3100,-0.081177,0.765837,0.534163,0.422500,-1.158366
28.3200,-0.071276,0.746192,0.553808,0.422500,-0.961919
28.3300,-0.061360,0.726510,0.573490,0.422500,-0.765097
28.3400,-0.051432,0.706791,0.593209,0.422500,-0.567906
28.3500,-0.041494,0.687035,0.612965,0.422500,-0.370350
28.3600,-0.031551,0.667244,0.632756,0.422500,-0.172440
28.3700,-0.021604,0.647419,0.652581,0.422500,0.025813
28.3800,-0.011654,0.627561,0.672439,0.422500,0.224387
28.3900,-0.001706,0.607675,0.692325,0.422500,0.423251
28.4000,0.008241,0.587764,0.712236,0.422500,0.622365
28.4100,0.018183,0.567833,0.732167,0.422500,0.821669
28.4200,0.028118,0.547891,0.752109,0.422500,1.021090
28.4300,0.038044,0.527947,0.772053,0.422500,1.220534
28.4400,0.047956,0.508011,0.791989,0.422500,1.419887
28.4500,0.057852,0.488099,0.811901,0.422500,1.619009
28.4600,0.067726,0.468227,0.831773,0.422500,1.817735
28.4700,0.077573,0.448413,0.851587,0.422500,2.015872
28.4800,0.087387,0.428680,0.871320,0.422500,2.213196
28.4900,0.097161,0.409055,0.890945,0.422500,2.409454
28.5000,0.106885,0.389564,0.910436,0.422500,2.604358
28.5100,0.116550,0.370241,0.929759,0.422500,2.797587
28.5200,0.126145,0.351121,0.948879,0.422500,2.988785
28.5300,0.135658,0.332244,0.967756,0.422500,3.177563
28.5400,0.145074,0.313650,0.986350,0.422500,3.363497
28.5500,0.154378,0.295387,1.000000,0.421001,3.523065
28.5600,0.163554,0.277502,1.000000,0.415188,3.612488
28.5700,0.172584,0.260036,1.000000,0.409512,3.699818
28.5800,0.181453,0.243002,1.000000,0.403976,3.784992
28.5900,0.190145,0.226436,1.000000,0.398592,3.867820
28.6000,0.198644,0.210378,1.000000,0.393373,3.948108
28.6100,0.206933,0.194868,1.000000,0.388332,4.025662
28.6200,0.214994,0.179943,1.000000,0.383481,4.100287
28.6300,0.222811,0.165642,1.000000,0.378834,4.171791
28.6400,0.230366,0.152003,1.000000,0.374401,4.239984
28.6500,0.237640,0.139064,1.000000,0.370196,4.304680
28.6600,0.244618,0.126860,1.000000,0.366229,4.365700
28.6700,0.251280,0.115426,1.000000,0.362513,4.422871
28.6800,0.257611,0.104794,1.000000,0.359058,4.476029
28.6900,0.263593,0.094996,1.000000,0.355874,4.525019
28.7000,0.269211,0.086060,1.000000,0.352969,4.569700
28.7100,0.274449,0.078012,1.000000,0.350354,4.609941
28.7200,0.279292,0.070875,1.000000,0.348034,4.645625
28.7300,0.283727,0.064670,1.000000,0.346018,4.676650
28.7400,0.287741,0.059414,1.000000,0.344309,4.702932
28.7500,0.291322,0.055120,1.000000,0.342914,4.724399
28.7600,0.294460,0.051800,1.000000,0.341835,4.741000
28.7700,0.297147,0.049460,1.000000,0.341075,4.752698
28.7800,0.299374,0.048105,1.000000,0.340634,4.759476
28.7900,0.301135,0.047733,1.000000,0.340513,4.761334
28.8000,0.302426,0.048342,1.000000,0.340711,4.758288
28.8100,0.303244,0.049926,1.000000,0.341226,4.750372
28.8200,0.303586,0.052472,1.000000,0.342054,4.737638
28.8300,0.303454,0.055970,1.000000,0.343190,4.720152
28.8400,0.302848,0.060401,1.000000,0.344630,4.697995
28.8500,0.301772,0.065747,1.000000,0.346368,4.671264
28.8600,0.300230,0.071987,1.000000,0.348396,4.640066
28.8700,0.298229,0.079096,1.000000,0.350706,4.604522
28.8800,0.295775,0.087047,1.000000,0.353290,4.564763
28.8900,0.292877,0.095814,1.000000,0.356140,4.520930
28.9000,0.289546,0.105366,1.000000,0.359244,4.473170
28.9100,0.285792,0.115672,1.000000,0.362593,4.421640
28.9200,0.281628,0.126700,1.000000,0.366178,4.366500
28.9300,0.277065,0.138417,1.000000,0.369986,4.307913
28.9400,0.272119,0.150791,1.000000,0.374007,4.246047
28.9500,0.266803,0.163786,1.000000,0.378230,4.181070
28.9600,0.261132,0.177369,1.000000,0.382645,4.113153
28.9700,0.255122,0.191507,1.000000,0.387240,4.042463
28.9800,0.248788,0.206167,1.000000,0.392004,3.969167
28.9900,0.242146,0.221314,1.000000,0.396927,3.893429
29.0000,0.235214,0.236918,1.000000,0.401998,3.815410
29.0100,0.228006,0.252947,1.000000,0.407208,3.735267
29.0200,0.220538,0.269370,1.000000,0.412545,3.653151
29.0300,0.212828,0.286158,1.000000,0.418001,3.569209
29.0400,0.204890,0.303284,0.996716,0.422500,3.467162
29.0500,0.196740,0.320719,0.979281,0.422500,3.292806
29.0600,0.188395,0.338429,0.961571,0.422500,3.115712
29.0700,0.179872,0.356343,0.943657,0.422500,2.936570
29.0800,0.171191,0.374438,0.925562,0.422500,2.755618
29.0900,0.162367,0.392693,0.907307,0.422500,2.573070
29.1000,0.153418,0.411089,0.888911,0.422500,2.389115
29.1100,0.144356,0.429608,0.870392,0.422500,2.203920
29.1200,0.135196,0.448237,0.851763,0.422500,2.017635
29.1300,0.125950,0.466961,0.833039,0.422500,1.830390
29.1400,0.116629,0.485770,0.814230,0.422500,1.642303
29.1500,0.107243,0.504653,0.795347,0.422500,1.453475
29.1600,0.097802,0.523600,0.776400,0.422500,1.264000
29.1700,0.088313,0.542604,0.757396,0.422500,1.073962
29.1800,0.078786,0.561656,0.738344,0.422500,0.883438
29.1900,0.069227,0.580750,0.719250,0.422500,0.692503
29.2000,0.059642,0.599877,0.700123,0.422500,0.501230
29.2100,0.050037,0.619031,0.680969,0.422500,0.309691
29.2200,0.040419,0.638204,0.661796,0.422500,0.117962
29.2300,0.030792,0.657388,0.642612,0.422500,-0.073876
29.2400,0.021162,0.676574,0.623426,0.422500,-0.265736
29.2500,0.011534,0.695752,0.604248,0.422500,-0.457518
29.2600,0.001913,0.714912,0.585088,0.422500,-0.649116
29.2700,-0.007695,0.734041,0.565959,0.422500,-0.840405
29.2800,-0.017285,0.753125,0.546875,0.422500,-1.031249
29.2900,-0.026850,0.772149,0.527851,0.422500,-1.221491
29.3000,-0.036386,0.791096,0.508904,0.422500,-1.410959
29.3100,-0.045883,0.809946,0.490054,0.422500,-1.599455
29.3200,-0.055336,0.828676,0.471324,0.422500,-1.786764
29.3300,-0.064735,0.847265,0.452735,0.422500,-1.972645
29.3400,-0.074072,0.865683,0.434317,0.422500,-2.156834
29.3500,-0.083336,0.883904,0.416096,0.422500,-2.339040
29.3600,-0.092517,0.901895,0.398105,0.422500,-2.518949
29.3700,-0.101603,0.919622,0.380378,0.422500,-2.696221
29.3800,-0.110580,0.937049,0.362951,0.422500,-2.870493
29.3900,-0.119436,0.954137,0.345863,0.422500,-3.041375
29.4000,-0.128155,0.970846,0.329154,0.422500,-3.208457
29.4100,-0.136720,0.987131,0.312869,0.422500,-3.371310
29.4200,-0.145116,1.000000,0.297051,0.421542,-3.514743
29.4300,-0.153324,1.000000,0.281748,0.416568,-3.591260
29.4400,-0.161326,1.000000,0.266995,0.411774,-3.665023
29.4500,-0.169107,1.000000,0.252792,0.407157,-3.736041
29.4600,-0.176653,1.000000,0.239170,0.402730,-3.804150
29.4700,-0.183949,1.000000,0.226162,0.398503,-3.869189
29.4800,-0.190980,1.000000,0.213800,0.394485,-3.930999
29.4900,-0.197730,1.000000,0.202115,0.390687,-3.989426
29.5000,-0.204185,1.000000,0.191136,0.387119,-4.044320
29.5100,-0.210330,1.000000,0.180892,0.383790,-4.095542
29.5200,-0.216151,1.000000,0.171408,0.380708,-4.142958
29.5300,-0.221634,1.000000,0.162712,0.377881,-4.186442
29.5400,-0.226766,1.000000,0.154824,0.375318,-4.225881
29.5500,-0.231535,1.000000,0.147766,0.373024,-4.261170
29.5600,-0.235928,1.000000,0.141556,0.371006,-4.292219
29.5700,-0.239934,1.000000,0.136211,0.369268,-4.318947
29.5800,-0.243544,1.000000,0.131742,0.367816,-4.341288
29.5900,-0.246747,1.000000,0.128162,0.366653,-4.359190
29.6000,-0.249537,1.000000,0.125477,0.365780,-4.372615
29.6100,-0.251905,1.000000,0.123692,0.365200,-4.381538
29.6200,-0.253846,1.000000,0.122810,0.364913,-4.385949
29.6300,-0.255356,1.000000,0.122830,0.364920,-4.385852
29.6400,-0.256431,1.000000,0.123747,0.365218,-4.381267
29.6500,-0.257068,1.000000,0.125555,0.365805,-4.372226
29.6600,-0.257269,1.000000,0.128245,0.366680,-4.358774
29.6700,-0.257032,1.000000,0.131806,0.367837,-4.340970
29.6800,-0.256359,1.000000,0.136223,0.369272,-4.318885
29.6900,-0.255254,1.000000,0.141480,0.370981,-4.292602
29.7000,-0.253722,1.000000,0.147558,0.372956,-4.262212
29.7100,-0.251766,1.000000,0.154436,0.375192,-4.227819
29.7200,-0.249394,1.000000,0.162093,0.377680,-4.189534
29.7300,-0.246614,1.000000,0.170505,0.380414,-4.147475
29.7400,-0.243434,1.000000,0.179647,0.383385,-4.101767
29.7500,-0.239864,1.000000,0.189492,0.386585,-4.052542
29.7600,-0.235914,1.000000,0.200013,0.390004,-3.999935
29.7700,-0.231595,1.000000,0.211183,0.393635,-3.944085
29.7800,-0.226918,1.000000,0.222974,0.397466,-3.885132
29.7900,-0.221897,1.000000,0.235356,0.401491,-3.823221
29.8000,-0.216543,1.000000,0.248301,0.405698,-3.758494
29.8100,-0.210871,1.000000,0.261781,0.410079,-3.691095
29.8200,-0.204893,1.000000,0.275767,0.414624,-3.621166
29.8300,-0.198623,1.000000,0.290231,0.419325,-3.548847
29.8400,-0.192076,0.994855,0.305145,0.422500,-3.448554
29.8500,-0.185264,0.979518,0.320482,0.422500,-3.295179
29.8600,-0.178204,0.963805,0.336195,0.422500,-3.138051
29.8700,-0.170914,0.947786,0.352214,0.422500,-2.977857
29.8800,-0.163414,0.931489,0.368511,0.422500,-2.814894
29.8900,-0.155720,0.914944,0.385056,0.422500,-2.649435
29.9000,-0.147848,0.898174,0.401826,0.422500,-2.481735
29.9100,-0.139817,0.881203,0.418797,0.422500,-2.312029
29.9200,-0.131640,0.864053,0.435947,0.422500,-2.140534
29.9300,-0.123332,0.846745,0.453255,0.422500,-1.967453
29.9400,-0.114907,0.829297,0.470703,0.422500,-1.792973
29.9500,-0.106377,0.811727,0.488273,0.422500,-1.617268
29.9600,-0.097756,0.794050,0.505950,0.422500,-1.440500
29.9700,-0.089053,0.776282,0.523718,0.422500,-1.262823
29.9800,-0.080281,0.758438,0.541562,0.422500,-1.084380
29.9900,-0.071448,0.740531,0.559469,0.422500,-0.905311
30.0000,-0.062565,0.722575,0.577425,0.422500,-0.725751
30.0100,-0.053641,0.704583,0.595417,0.422500,-0.545831
30.0200,-0.044685,0.686568,0.613432,0.422500,-0.365683
30.0300,-0.035704,0.668544,0.631456,0.422500,-0.185441
30.0400,-0.026707,0.650524,0.649476,0.422500,-0.005240
30.0500,-0.017703,0.632522,0.667478,0.422500,0.174779
30.0600,-0.008698,0.614553,0.685447,0.422500,0.354467
30.0700,0.000300,0.596633,0.703367,0.422500,0.533668
30.0800,0.009282,0.578778,0.721222,0.422500,0.712217
30.0900,0.018240,0.561006,0.738994,0.422500,0.889936
30.1000,0.027166,0.543337,0.756663,0.422500,1.066634
30.1100,0.036052,0.525789,0.774211,0.422500,1.242109
30.1200,0.044889,0.508386,0.791614,0.422500,1.416140
30.1300,0.053666,0.491151,0.808849,0.422500,1.588494
30.1400,0.062375,0.474108,0.825892,0.422500,1.758919
30.1500,0.071005,0.457285,0.842715,0.422500,1.927148
30.1600,0.079545,0.440710,0.859290,0.422500,2.092897
30.1700,0.087982,0.424413,0.875587,0.422500,2.255865
30.1800,0.096306,0.408426,0.891574,0.422500,2.415735
30.1900,0.104502,0.392782,0.907218,0.422500,2.572175
30.2000,0.112558,0.377516,0.922484,0.422500,2.724839
30.2100,0.120459,0.362663,0.937337,0.422500,2.873369
30.2200,0.128189,0.348260,0.951740,0.422500,3.017396
30.2300,0.135735,0.334346,0.965654,0.422500,3.156544
30.2400,0.143078,0.320957,0.979043,0.422500,3.290431
30.2500,0.150204,0.308133,0.991867,0.422500,3.418673
30.2600,0.157096,0.295911,1.000000,0.421171,3.520443
30.2700,0.163735,0.284331,1.000000,0.417407,3.578346
30.2800,0.170107,0.273409,1.000000,0.413858,3.632956
30.2900,0.176200,0.263141,1.000000,0.410521,3.684296
30.3000,0.182000,0.253551,1.000000,0.407404,3.732247
30.3100,0.187497,0.244660,1.000000,0.404515,3.776700
30.3200,0.192677,0.236490,1.000000,0.401859,3.817548
30.3300,0.197532,0.229061,1.000000,0.399445,3.854696
30.3400,0.202049,0.222389,1.000000,0.397276,3.888056
30.3500,0.206218,0.216490,1.000000,0.395359,3.917551
30.3600,0.210032,0.211377,1.000000,0.393698,3.943113
30.3700,0.213480,0.207063,1.000000,0.392296,3.964684
30.3800,0.216556,0.203556,1.000000,0.391156,3.982219
30.3900,0.219252,0.200863,1.000000,0.390281,3.995683
30.4000,0.221563,0.198989,1.000000,0.389672,4.005053
30.4100,0.223483,0.197937,1.000000,0.389329,4.010316
30.4200,0.225008,0.197705,1.000000,0.389254,4.011473
30.4300,0.226136,0.198293,1.000000,0.389445,4.008535
30.4400,0.226865,0.199695,1.000000,0.389901,4.001525
30.4500,0.227194,0.201905,1.000000,0.390619,3.990476
30.4600,0.227122,0.204913,1.000000,0.391597,3.975434
30.4700,0.226652,0.208710,1.000000,0.392831,3.956452
30.4800,0.225785,0.213281,1.000000,0.394316,3.933594
30.4900,0.224524,0.218613,1.000000,0.396049,3.906934
30.5000,0.222874,0.224690,1.000000,0.398024,3.876552
30.5100,0.220841,0.231492,1.000000,0.400235,3.842538
30.5200,0.218429,0.239003,1.000000,0.402676,3.804987
30.5300,0.215647,0.247200,1.000000,0.405340,3.764000
30.5400,0.212501,0.256063,1.000000,0.408221,3.719685
30.5500,0.209000,0.265570,1.000000,0.411310,3.672152
30.5600,0.205153,0.275697,1.000000,0.414601,3.621516
30.5700,0.200970,0.286421,1.000000,0.418087,3.567894
30.5800,0.196461,0.297719,1.000000,0.421759,3.511407
30.5900,0.191636,0.309565,0.990435,0.422500,3.404347
30.6000,0.186507,0.321937,0.978063,0.422500,3.280634
30.6100,0.181088,0.334760,0.965240,0.422500,3.152397
30.6200,0.175397,0.347994,0.952006,0.422500,3.020064
30.6300,0.169449,0.361605,0.938395,0.422500,2.883951
30.6400,0.163261,0.375564,0.924436,0.422500,2.744357
30.6500,0.156850,0.389843,0.910157,0.422500,2.601573
30.6600,0.150230,0.404413,0.895587,0.422500,2.455872
30.6700,0.143418,0.419248,0.880752,0.422500,2.307520
30.6800,0.136427,0.434323,0.865677,0.422500,2.156766
30.6900,0.129274,0.449615,0.850385,0.422500,2.003849
30.7000,0.121972,0.465100,0.834900,0.422500,1.848997
30.7100,0.114534,0.480758,0.819242,0.422500,1.692425
30.7200,0.106974,0.496566,0.803434,0.422500,1.534340
30.7300,0.099304,0.512506,0.787494,0.422500,1.374939
30.7400,0.091537,0.528559,0.771441,0.422500,1.214414
30.7500,0.083683,0.544705,0.755295,0.422500,1.052948
30.7600,0.075756,0.560928,0.739072,0.422500,0.890719
30.7700,0.067764,0.577210,0.722790,0.422500,0.727903
30.7800,0.059719,0.593533,0.706467,0.422500,0.564670
30.7900,0.051631,0.609881,0.690119,0.422500,0.401193
30.8000,0.043510,0.626236,0.673764,0.422500,0.237643
30.8100,0.035366,0.642581,0.657419,0.422500,0.074192
30.8200,0.027208,0.658898,0.641102,0.422500,-0.088984
30.8300,0.019046,0.675171,0.624829,0.422500,-0.251706
30.8400,0.010889,0.691379,0.608621,0.422500,-0.413790
30.8500,0.002746,0.707505,0.592495,0.422500,-0.575046
30.8600,-0.005372,0.723527,0.576473,0.422500,-0.735274
30.8700,-0.013457,0.739427,0.560573,0.422500,-0.894272
30.8800,-0.021498,0.755182,0.544818,0.422500,-1.051823
30.8900,-0.029486,0.770770,0.529230,0.422500,-1.207705
30.9000,-0.037410,0.786168,0.513832,0.422500,-1.361684
30.9100,-0.045260,0.801352,0.498648,0.422500,-1.513519
30.9200,-0.053025,0.816296,0.483704,0.422500,-1.662957
30.9300,-0.060693,0.830973,0.469027,0.422500,-1.809735
30.9400,-0.068254,0.845358,0.454642,0.422500,-1.953582
30.9500,-0.075695,0.859422,0.440578,0.422500,-2.094219
30.9600,-0.083004,0.873136,0.426864,0.422500,-2.231359
30.9700,-0.090168,0.886471,0.413529,0.422500,-2.364707
30.9800,-0.097176,0.899396,0.400604,0.422500,-2.493965
30.9900,-0.104012,0.911883,0.388117,0.422500,-2.618830
31.0000,-0.110664,0.923900,0.376100,0.422500,-2.738998
31.0100,-0.117119,0.935417,0.364583,0.422500,-2.854166
31.0200,-0.123362,0.946403,0.353597,0.422500,-2.964034
31.0300,-0.129379,0.956831,0.343169,0.422500,-3.068305
31.0400,-0.135158,0.966669,0.333331,0.422500,-3.166692
31.0500,-0.140683,0.975892,0.324108,0.422500,-3.258917
31.0600,-0.145941,0.984471,0.315529,0.422500,-3.344714
31.0700,-0.150919,0.992383,0.307617,0.422500,-3.423834
31.0800,-0.155605,0.999605,0.300395,0.422500,-3.496047
31.0900,-0.159986,1.000000,0.293886,0.420513,-3.530570
31.1000,-0.164049,1.000000,0.288108,0.418635,-3.559462
31.1100,-0.167788,1.000000,0.283042,0.416989,-3.584789
31.1200,-0.171194,1.000000,0.278698,0.415577,-3.606508
31.1300,-0.174261,1.000000,0.275085,0.414403,-3.624576
31.1400,-0.176982,1.000000,0.272208,0.413468,-3.638958
31.1500,-0.179354,1.000000,0.270074,0.412774,-3.649630
31.1600,-0.181370,1.000000,0.268685,0.412323,-3.656577
31.1700,-0.183027,1.000000,0.268042,0.412114,-3.659791
31.1800,-0.184323,1.000000,0.268145,0.412147,-3.659276
31.1900,-0.185256,1.000000,0.268991,0.412422,-3.655046
31.2000,-0.185823,1.000000,0.270576,0.412937,-3.647121
31.2100,-0.186025,1.000000,0.272894,0.413690,-3.635532
31.2200,-0.185862,1.000000,0.275936,0.414679,-3.620318
31.2300,-0.185336,1.000000,0.279695,0.415901,-3.601526
31.2400,-0.184449,1.000000,0.284158,0.417351,-3.579212
31.2500,-0.183204,1.000000,0.289312,0.419027,-3.553438
31.2600,-0.181605,1.000000,0.295146,0.420922,-3.524271
31.2700,-0.179656,0.998358,0.301642,0.422500,-3.483576
31.2800,-0.177363,0.991214,0.308786,0.422500,-3.412137
31.2900,-0.174732,0.983449,0.316551,0.422500,-3.334491
31.3000,-0.171773,0.975115,0.324885,0.422500,-3.251148
31.3100,-0.168497,0.966238,0.333762,0.422500,-3.162382
31.3200,-0.164917,0.956847,0.343153,0.422500,-3.068471
31.3300,-0.161042,0.946970,0.353030,0.422500,-2.969695
31.3400,-0.156887,0.936633,0.363367,0.422500,-2.866332
31.3500,-0.152464,0.925866,0.374134,0.422500,-2.758660
31.3600,-0.147785,0.914695,0.385305,0.422500,-2.646954
31.3700,-0.142864,0.903148,0.396852,0.422500,-2.531482
31.3800,-0.137715,0.891251,0.408749,0.422500,-2.412511
31.3900,-0.132350,0.879030,0.420970,0.422500,-2.290301
31.4000,-0.126783,0.866510,0.433490,0.422500,-2.165103
31.4100,-0.121028,0.853716,0.446284,0.422500,-2.037165
31.4200,-0.115096,0.840673,0.459327,0.422500,-1.906726
31.4300,-0.109002,0.827402,0.472598,0.422500,-1.774018
31.4400,-0.102758,0.813927,0.486073,0.422500,-1.639268
31.4500,-0.096377,0.800270,0.499730,0.422500,-1.502696
31.4600,-0.089870,0.786452,0.513548,0.422500,-1.364515
31.4700,-0.083249,0.772493,0.527507,0.422500,-1.224934
31.4800,-0.076527,0.758416,0.541584,0.422500,-1.084155
31.4900,-0.069715,0.744238,0.555762,0.422500,-0.942379
31.5000,-0.062824,0.729980,0.570020,0.422500,-0.799800
31.5100,-0.055865,0.715661,0.584339,0.422500,-0.656612
31.5200,-0.048848,0.701301,0.598699,0.422500,-0.513006
31.5300,-0.041785,0.686917,0.613083,0.422500,-0.369172
31.5400,-0.034686,0.672530,0.627470,0.422500,-0.225300
31.5500,-0.027561,0.658158,0.641842,0.422500,-0.081579
31.5600,-0.020420,0.643820,0.656180,0.422500,0.061798
31.5700,-0.013273,0.629536,0.670464,0.422500,0.204638
31.5800,-0.006131,0.615325,0.684675,0.422500,0.346746
31.5900,0.000997,0.601208,0.698792,0.422500,0.487923
31.6000,0.008101,0.587204,0.712796,0.422500,0.627964
31.6100,0.015170,0.573334,0.726666,0.422500,0.766664
31.6200,0.022195,0.559619,0.740381,0.422500,0.903812
31.6300,0.029164,0.546081,0.753919,0.422500,1.039191
31.6400,0.036069,0.532742,0.767258,0.422500,1.172581
31.6500,0.042898,0.519624,0.780376,0.422500,1.303757
31.6600,0.049642,0.506751,0.793249,0.422500,1.432489
31.6700,0.056288,0.494146,0.805854,0.422500,1.558545
31.6800,0.062826,0.481831,0.818169,0.422500,1.681686
31.6900,0.069246,0.469833,0.830167,0.422500,1.801675
31.7000,0.075536,0.458173,0.841827,0.422500,1.918268
31.7100,0.081685,0.446878,0.853122,0.422500,2.031224
31.7200,0.087682,0.435970,0.864030,0.422500,2.140299
31.7300,0.093515,0.425475,0.874525,0.422500,2.245253
31.7400,0.099172,0.415415,0.884585,0.422500,2.345846
31.7500,0.104643,0.405816,0.894184,0.422500,2.441845
31.7600,0.109917,0.396698,0.903302,0.422500,2.533020
31.7700,0.114981,0.388085,0.911915,0.422500,2.619149
31.7800,0.119825,0.379998,0.920002,0.422500,2.700022
31.7900,0.124438,0.372457,0.927543,0.422500,2.775435
31.8000,0.128810,0.365480,0.934520,0.422500,2.845198
31.8100,0.132931,0.359086,0.940914,0.422500,2.909137
31.8200,0.136791,0.353291,0.946709,0.422500,2.967091
31.8300,0.140381,0.348108,0.951892,0.422500,3.018915
31.8400,0.143693,0.343551,0.956449,0.422500,3.064486
31.8500,0.146718,0.339630,0.960370,0.422500,3.103695
31.8600,0.149450,0.336354,0.963646,0.422500,3.136458
31.8700,0.151882,0.333729,0.966271,0.422500,3.162709
31.8800,0.154009,0.331760,0.968240,0.422500,3.182405
31.8900,0.155825,0.330448,0.969552,0.422500,3.195523
31.9000,0.157328,0.329794,0.970206,0.422500,3.202063
31.9100,0.158514,0.329795,0.970205,0.422500,3.202048
31.9200,0.159382,0.330448,0.969552,0.422500,3.195519
31.9300,0.159930,0.331746,0.968254,0.422500,3.182542
31.9400,0.160159,0.333680,0.966320,0.422500,3.163199
31.9500,0.160070,0.336241,0.963759,0.422500,3.137594
31.9600,0.159664,0.339415,0.960585,0.422500,3.105846
31.9700,0.158946,0.343191,0.956809,0.422500,3.068093
31.9800,0.157917,0.347551,0.952449,0.422500,3.024488
31.9900,0.156585,0.352480,0.947520,0.422500,2.975196
32.0000,0.154953,0.357960,0.942040,0.422500,2.920397
32.0100,0.153028,0.363972,0.936028,0.422500,2.860279
32.0200,0.150818,0.370496,0.929504,0.422500,2.795041
32.0300,0.148329,0.377511,0.922489,0.422500,2.724889
32.0400,0.145571,0.384996,0.915004,0.422500,2.650035
32.0500,0.142552,0.392930,0.907070,0.422500,2.570698
32.0600,0.139282,0.401290,0.898710,0.422500,2.487097
32.0700,0.135770,0.410054,0.889946,0.422500,2.399456
32.0800,0.132026,0.419200,0.880800,0.422500,2.308001
32.0900,0.128060,0.428704,0.871296,0.422500,2.212955
32.1000,0.123884,0.438546,0.861454,0.422500,2.114544
32.1100,0.119508,0.448701,0.851299,0.422500,2.012990
32.1200,0.114942,0.459149,0.840851,0.422500,1.908514
32.1300,0.110198,0.469866,0.830134,0.422500,1.801336
32.1400,0.105288,0.480833,0.819167,0.422500,1.691672
32.1500,0.100221,0.492027,0.807973,0.422500,1.579735
32.1600,0.095009,0.503427,0.796573,0.422500,1.465735
32.1700,0.089663,0.515012,0.784988,0.422500,1.349879
32.1800,0.084193,0.526763,0.773237,0.422500,1.232371
32.1900,0.078611,0.538659,0.761341,0.422500,1.113413
32.2000,0.072928,0.550680,0.749320,0.422500,0.993202
32.2100,0.067153,0.562807,0.737193,0.422500,0.871934
32.2200,0.061297,0.575020,0.724980,0.422500,0.749803
32.2300,0.055371,0.587300,0.712700,0.422500,0.627001
32.2400,0.049384,0.599628,0.700372,0.422500,0.503717
32.2500,0.043348,0.611986,0.688014,0.422500,0.380143
32.2600,0.037271,0.624354,0.675646,0.422500,0.256464
32.2700,0.031164,0.636713,0.663287,0.422500,0.132872
32.2800,0.025037,0.649045,0.650955,0.422500,0.009552
32.2900,0.018899,0.661330,0.638670,0.422500,-0.113304
32.3000,0.012761,0.673551,0.626449,0.422500,-0.235509
32.3100,0.006632,0.685687,0.614313,0.422500,-0.356870
32.3200,0.000521,0.697720,0.602280,0.422500,-0.477197
32.3300,-0.005562,0.709630,0.590370,0.422500,-0.596297
32.3400,-0.011606,0.721397,0.578603,0.422500,-0.713973
32.3500,-0.017603,0.733003,0.566997,0.422500,-0.830031
32.3600,-0.023543,0.744427,0.555573,0.422500,-0.944273
32.3700,-0.029415,0.755650,0.544350,0.422500,-1.056499
32.3800,-0.035211,0.766651,0.533349,0.422500,-1.166510
32.3900,-0.040921,0.777411,0.522589,0.422500,-1.274106
32.4000,-0.046534,0.787909,0.512091,0.422500,-1.379086
32.4100,-0.052042,0.798125,0.501875,0.422500,-1.481248
32.4200,-0.057434,0.808040,0.491960,0.422500,-1.580395
32.4300,-0.062700,0.817633,0.482367,0.422500,-1.676328
32.4400,-0.067832,0.826885,0.473115,0.422500,-1.768850
32.4500,-0.072819,0.835777,0.464223,0.422500,-1.857771
32.4600,-0.077652,0.844290,0.455710,0.422500,-1.942902
32.4700,-0.082321,0.852406,0.447594,0.422500,-2.024060
32.4800,-0.086818,0.860107,0.439893,0.422500,-2.101067
32.4900,-0.091133,0.867375,0.432625,0.422500,-2.173755
32.5000,-0.095257,0.874196,0.425804,0.422500,-2.241961
32.5100,-0.099183,0.880553,0.419447,0.422500,-2.305533
32.5200,-0.102901,0.886433,0.413567,0.422500,-2.364329
32.5300,-0.106405,0.891822,0.408178,0.422500,-2.418219
32.5400,-0.109686,0.896708,0.403292,0.422500,-2.467082
32.5500,-0.112737,0.901081,0.398919,0.422500,-2.510814
32.5600,-0.115553,0.904932,0.395068,0.422500,-2.549323
32.5700,-0.118127,0.908253,0.391747,0.422500,-2.582531
32.5800,-0.120454,0.911038,0.388962,0.422500,-2.610376
32.5900,-0.122529,0.913281,0.386719,0.422500,-2.632810
32.6000,-0.124348,0.914980,0.385020,0.422500,-2.649801
32.6100,-0.125907,0.916134,0.383866,0.422500,-2.661336
32.6200,-0.127205,0.916741,0.383259,0.422500,-2.667414
32.6300,-0.128237,0.916805,0.383195,0.422500,-2.668051
32.6400,-0.129005,0.916328,0.383672,0.422500,-2.663280
32.6500,-0.129505,0.915315,0.384685,0.422500,-2.653148
32.6600,-0.129740,0.913772,0.386228,0.422500,-2.637717
32.6700,-0.129710,0.911706,0.388294,0.422500,-2.617063
32.6800,-0.129416,0.909128,0.390872,0.422500,-2.591276
32.6900,-0.128860,0.906046,0.393954,0.422500,-2.560459
32.7000,-0.128046,0.902473,0.397527,0.422500,-2.524726
32.7100,-0.126977,0.898420,0.401580,0.422500,-2.484203
32.7200,-0.125657,0.893902,0.406098,0.422500,-2.439024
32.7300,-0.124091,0.888934,0.411066,0.422500,-2.389336
32.7400,-0.122285,0.883529,0.416471,0.422500,-2.335290
32.7500,-0.120245,0.877705,0.422295,0.422500,-2.277047
32.7600,-0.117976,0.871477,0.428523,0.422500,-2.214772
32.7700,-0.115487,0.864864,0.435136,0.422500,-2.148637
32.7800,-0.112783,0.857882,0.442118,0.422500,-2.078818
32.7900,-0.109873,0.850549,0.449451,0.422500,-2.005494
32.8000,-0.106765,0.842885,0.457115,0.422500,-1.928848
32.8100,-0.103467,0.834906,0.465094,0.422500,-1.849064
32.8200,-0.099988,0.826633,0.473367,0.422500,-1.766328
32.8300,-0.096336,0.818083,0.481917,0.422500,-1.680826
32.8400,-0.092520,0.809275,0.490725,0.422500,-1.592746
32.8500,-0.088549,0.800227,0.499773,0.422500,-1.502275
32.8600,-0.084432,0.790960,0.509040,0.422500,-1.409599
32.8700,-0.080179,0.781490,0.518510,0.422500,-1.314905
32.8800,-0.075799,0.771838,0.528162,0.422500,-1.218377
32.8900,-0.071301,0.762020,0.537980,0.422500,-1.120201
32.9000,-0.066695,0.752056,0.547944,0.422500,-1.020559
32.9100,-0.061989,0.741963,0.558037,0.422500,-0.919634
32.9200,-0.057194,0.731761,0.568239,0.422500,-0.817606
32.9300,-0.052318,0.721466,0.578534,0.422500,-0.714655
32.9400,-0.047371,0.711096,0.588904,0.422500,-0.610960
32.9500,-0.042362,0.700670,0.599330,0.422500,-0.506699
32.9600,-0.037300,0.690205,0.609795,0.422500,-0.402049
32.9700,-0.032195,0.679719,0.620281,0.422500,-0.297185
32.9800,-0.027055,0.669229,0.630771,0.422500,-0.192285
32.9900,-0.021889,0.658752,0.641248,0.422500,-0.087523
33.0000,-0.016707,0.648307,0.651693,0.422500,0.016926
33.0100,-0.011518,0.637911,0.662089,0.422500,0.120886
33.0200,-0.006330,0.627582,0.672418,0.422500,0.224184
33.0300,-0.001152,0.617335,0.682665,0.422500,0.326646
33.0400,0.004006,0.607190,0.692810,0.422500,0.428095
33.0500,0.009137,0.597164,0.702836,0.422500,0.528360
33.0600,0.014230,0.587274,0.712726,0.422500,0.627265
33.0700,0.019278,0.577536,0.722464,0.422500,0.724636
33.0800,0.024272,0.567970,0.732030,0.422500,0.820302
33.0900,0.029203,0.558591,0.741409,0.422500,0.914090
33.1000,0.034063,0.549417,0.750583,0.422500,1.005828
33.1100,0.038842,0.540465,0.759535,0.422500,1.095347
33.1200,0.043533,0.531752,0.768248,0.422500,1.182479
33.1300,0.048126,0.523294,0.776706,0.422500,1.267058
33.1400,0.052615,0.515108,0.784892,0.422500,1.348921
33.1500,0.056989,0.507209,0.792791,0.422500,1.427907
33.1600,0.061243,0.499614,0.800386,0.422500,1.503862
33.1700,0.065366,0.492337,0.807663,0.422500,1.576632
33.1800,0.069352,0.485393,0.814607,0.422500,1.646072
33.1900,0.073193,0.478796,0.821204,0.422500,1.712040
33.2000,0.076881,0.472560,0.827440,0.422500,1.774402
33.2100,0.080410,0.466697,0.833303,0.422500,1.833030
33.2200,0.083772,0.461220,0.838780,0.422500,1.887804
33.2300,0.086961,0.456139,0.843861,0.422500,1.938612
33.2400,0.089970,0.451465,0.848535,0.422500,1.985351
33.2500,0.092794,0.447207,0.852793,0.422500,2.027929
33.2600,0.095427,0.443374,0.856626,0.422500,2.066261
33.2700,0.097864,0.439972,0.860028,0.422500,2.100275
33.2800,0.100100,0.437009,0.862991,0.422500,2.129909
33.2900,0.102131,0.434489,0.865511,0.422500,2.155113
33.3000,0.103953,0.432415,0.867585,0.422500,2.175846
33.3100,0.105562,0.430792,0.869208,0.422500,2.192082
33.3200,0.106957,0.429619,0.870381,0.422500,2.203806
33.3300,0.108134,0.428899,0.871101,0.422500,2.211014
33.3400,0.109091,0.428629,0.871371,0.422500,2.213714
33.3500,0.109829,0.428807,0.871193,0.422500,2.211926
33.3600,0.110346,0.429432,0.870568,0.422500,2.205683
33.3700,0.110641,0.430497,0.869503,0.422500,2.195027
33.3800,0.110716,0.431999,0.868001,0.422500,2.180012
33.3900,0.110572,0.433930,0.866070,0.422500,2.160702
33.4000,0.110210,0.436283,0.863717,0.422500,2.137174
33.4100,0.109631,0.439049,0.860951,0.422500,2.109509
33.4200,0.108840,0.442220,0.857780,0.422500,2.077803
33.4300,0.107839,0.445784,0.854216,0.422500,2.042155
33.4400,0.106631,0.449732,0.850268,0.422500,2.002677
33.4500,0.105220,0.454052,0.845948,0.422500,1.959484
33.4600,0.103612,0.458730,0.841270,0.422500,1.912700
33.4700,0.101810,0.463755,0.836245,0.422500,1.862453
33.4800,0.099821,0.469112,0.830888,0.422500,1.808879
33.4900,0.097650,0.474788,0.825212,0.422500,1.752116
33.5000,0.095302,0.480769,0.819231,0.422500,1.692307
33.5100,0.092784,0.487040,0.812960,0.422500,1.629600
33.5200,0.090103,0.493586,0.806414,0.422500,1.564144
33.5300,0.087266,0.500391,0.799609,0.422500,1.496091
33.5400,0.084278,0.507440,0.792560,0.422500,1.425597
33.5500,0.081149,0.514718,0.785282,0.422500,1.352816
33.5600,0.077884,0.522209,0.777791,0.422500,1.277907
33.5700,0.074492,0.529897,0.770103,0.422500,1.201028
33.5800,0.070979,0.537766,0.762234,0.422500,1.122338
33.5900,0.067355,0.545800,0.754200,0.422500,1.041997
33.6000,0.063626,0.553984,0.746016,0.422500,0.960164
33.6100,0.059801,0.562300,0.737700,0.422500,0.877000
33.6200,0.055887,0.570734,0.729266,0.422500,0.792663
33.6300,0.051892,0.579269,0.720731,0.422500,0.707314
33.6400,0.047825,0.587889,0.712111,0.422500,0.621112
33.6500,0.043694,0.596578,0.703422,0.422500,0.534216
33.6600,0.039506,0.605322,0.694678,0.422500,0.446784
33.6700,0.035270,0.614103,0.685897,0.422500,0.358974
33.6800,0.030993,0.622906,0.677094,0.422500,0.270944
33.6900,0.026684,0.631715,0.668285,0.422500,0.182851
33.7000,0.022350,0.640515,0.659485,0.422500,0.094851
33.7100,0.018000,0.649290,0.650710,0.422500,0.007101
33.7200,0.013641,0.658024,0.641976,0.422500,-0.080245
33.7300,0.009282,0.666703,0.633297,0.422500,-0.167032
33.7400,0.004930,0.675311,0.624689,0.422500,-0.253105
33.7500,0.000592,0.683831,0.616169,0.422500,-0.338312
33.7600,-0.003722,0.692250,0.607750,0.422500,-0.422502
33.7700,-0.008006,0.700552,0.599448,0.422500,-0.505521
33.7800,-0.012251,0.708722,0.591278,0.422500,-0.587222
33.7900,-0.016451,0.716746,0.583254,0.422500,-0.667456
33.8000,-0.020597,0.724608,0.575392,0.422500,-0.746075
33.8100,-0.024682,0.732294,0.567706,0.422500,-0.822936
33.8200,-0.028700,0.739789,0.560211,0.422500,-0.897895
33.8300,-0.032641,0.747081,0.552919,0.422500,-0.970813
33.8400,-0.036501,0.754155,0.545845,0.422500,-1.041552
33.8500,-0.040270,0.760998,0.539002,0.422500,-1.109978
33.8600,-0.043943,0.767596,0.532404,0.422500,-1.175961
33.8700,-0.047512,0.773937,0.526063,0.422500,-1.239374
33.8800,-0.050971,0.780010,0.519990,0.422500,-1.300095
33.8900,-0.054313,0.785801,0.514199,0.422500,-1.358008
33.9000,-0.057533,0.791300,0.508700,0.422500,-1.412998
33.9100,-0.060624,0.796496,0.503504,0.422500,-1.464961
33.9200,-0.063580,0.801380,0.498620,0.422500,-1.513796
33.9300,-0.066396,0.805941,0.494059,0.422500,-1.559408
33.9400,-0.069067,0.810171,0.489829,0.422500,-1.601712
33.9500,-0.071586,0.814063,0.485937,0.422500,-1.640627
33.9600,-0.073951,0.817608,0.482392,0.422500,-1.676082
33.9700,-0.076156,0.820801,0.479199,0.422500,-1.708012
33.9800,-0.078197,0.823636,0.476364,0.422500,-1.736362
33.9900,-0.080070,0.826109,0.473891,0.422500,-1.761085
34.0000,-0.081773,0.828214,0.471786,0.422500,-1.782143
34.0100,-0.083301,0.829951,0.470049,0.422500,-1.799505
34.0200,-0.084654,0.831315,0.468685,0.422500,-1.813152
34.0300,-0.085828,0.832307,0.467693,0.422500,-1.823072
34.0400,-0.086822,0.832926,0.467074,0.422500,-1.829263
34.0500,-0.087634,0.833173,0.466827,0.422500,-1.831732
34.0600,-0.088263,0.833049,0.466951,0.422500,-1.830495
34.0700,-0.088710,0.832558,0.467442,0.422500,-1.825576
34.0800,-0.088974,0.831701,0.468299,0.422500,-1.817009
34.0900,-0.089056,0.830484,0.469516,0.422500,-1.804836
34.1000,-0.088955,0.828911,0.471089,0.422500,-1.789107
34.1100,-0.088674,0.826988,0.473012,0.422500,-1.769880
34.1200,-0.088215,0.824722,0.475278,0.422500,-1.747221
34.1300,-0.087579,0.822120,0.477880,0.422500,-1.721202
34.1400,-0.086768,0.819190,0.480810,0.422500,-1.691902
34.1500,-0.085786,0.815941,0.484059,0.422500,-1.659409
34.1600,-0.084636,0.812381,0.487619,0.422500,-1.623815
34.1700,-0.083321,0.808522,0.491478,0.422500,-1.585215
34.1800,-0.081845,0.804372,0.495628,0.422500,-1.543715
34.1900,-0.080213,0.799942,0.500058,0.422500,-1.499421
34.2000,-0.078429,0.795244,0.504756,0.422500,-1.452445
34.2100,-0.076497,0.790290,0.509710,0.422500,-1.402903
34.2200,-0.074423,0.785091,0.514909,0.422500,-1.350914
34.2300,-0.072212,0.779660,0.520340,0.422500,-1.296600
34.2400,-0.069869,0.774009,0.525991,0.422500,-1.240088
34.2500,-0.067401,0.768150,0.531850,0.422500,-1.181505
34.2600,-0.064812,0.762098,0.537902,0.422500,-1.120979
34.2700,-0.062110,0.755864,0.544136,0.422500,-1.058644
34.2800,-0.059300,0.749463,0.550537,0.422500,-0.994631
34.2900,-0.056388,0.742908,0.557092,0.422500,-0.929076
34.3000,-0.053382,0.736211,0.563789,0.422500,-0.862113
34.3100,-0.050287,0.729388,0.570612,0.422500,-0.793879
34.3200,-0.047110,0.722451,0.577549,0.422500,-0.724511
34.3300,-0.043858,0.715414,0.584586,0.422500,-0.654145
34.3400,-0.040537,0.708292,0.591708,0.422500,-0.582919
34.3500,-0.037155,0.701097,0.598903,0.422500,-0.510971
34.3600,-0.033718,0.693844,0.606156,0.422500,-0.438439
34.3700,-0.030233,0.686546,0.613454,0.422500,-0.365459
34.3800,-0.026708,0.679217,0.620783,0.422500,-0.292170
34.3900,-0.023147,0.671871,0.628129,0.422500,-0.218708
34.4000,-0.019560,0.664521,0.635479,0.422500,-0.145210
34.4100,-0.015952,0.657181,0.642819,0.422500,-0.071811
34.4200,-0.012331,0.649865,0.650135,0.422500,0.001353
34.4300,-0.008703,0.642585,0.657415,0.422500,0.074148
34.4400,-0.005075,0.635356,0.664644,0.422500,0.146439
34.4500,-0.001454,0.628190,0.671810,0.422500,0.218095
34.4600,0.002153,0.621102,0.678898,0.422500,0.288984
34.4700,0.005740,0.614102,0.685898,0.422500,0.358976
34.4800,0.009300,0.607206,0.692794,0.422500,0.427942
34.4900,0.012827,0.600425,0.699575,0.422500,0.495755
34.5000,0.016313,0.593771,0.706229,0.422500,0.562290
34.5100,0.019753,0.587258,0.712742,0.422500,0.627423
34.5200,0.023140,0.580897,0.719103,0.422500,0.691035
34.5300,0.026468,0.574699,0.725301,0.422500,0.753006
34.5400,0.029730,0.568678,0.731322,0.422500,0.813221
34.5500,0.032922,0.562843,0.737157,0.422500,0.871567
34.5600,0.036036,0.557206,0.742794,0.422500,0.927936
34.5700,0.039067,0.551778,0.748222,0.422500,0.982220
34.5800,0.042010,0.546568,0.753432,0.422500,1.034319
34.5900,0.044859,0.541587,0.758413,0.422500,1.084134
34.6000,0.047608,0.536843,0.763157,0.422500,1.131573
34.6100,0.050253,0.532345,0.767655,0.422500,1.176546
34.6200,0.052789,0.528103,0.771897,0.422500,1.218970
34.6300,0.055210,0.524123,0.775877,0.422500,1.258767
34.6400,0.057514,0.520414,0.779586,0.422500,1.295863
34.6500,0.059694,0.516981,0.783019,0.422500,1.330193
34.6600,0.061748,0.513831,0.786169,0.422500,1.361695
34.6700,0.063672,0.510969,0.789031,0.422500,1.390314
34.6800,0.065462,0.508400,0.791600,0.422500,1.416003
34.6900,0.067114,0.506128,0.793872,0.422500,1.438720
34.7000,0.068628,0.504157,0.795843,0.422500,1.458430
34.7100,0.069998,0.502489,0.797511,0.422500,1.475107
34.7200,0.071224,0.501127,0.798873,0.422500,1.488728
34.7300,0.072304,0.500072,0.799928,0.422500,1.499281
34.7400,0.073235,0.499324,0.800676,0.422500,1.506759
34.7500,0.074017,0.498884,0.801116,0.422500,1.511163
34.7600,0.074649,0.498750,0.801250,0.422500,1.512501
34.7700,0.075130,0.498921,0.801079,0.422500,1.510786
34.7800,0.075459,0.499396,0.800604,0.422500,1.506041
34.7900,0.075638,0.500171,0.799829,0.422500,1.498294
34.8000,0.075666,0.501242,0.798758,0.422500,1.487580
34.8100,0.075545,0.502606,0.797394,0.422500,1.473940
34.8200,0.075274,0.504258,0.795742,0.422500,1.457422
34.8300,0.074856,0.506192,0.793808,0.422500,1.438080
34.8400,0.074293,0.508403,0.791597,0.422500,1.415971
34.8500,0.073586,0.510884,0.789116,0.422500,1.391162
34.8600,0.072738,0.513628,0.786372,0.422500,1.363722
34.8700,0.071752,0.516627,0.783373,0.422500,1.333726
34.8800,0.070630,0.519875,0.780125,0.422500,1.301254
34.8900,0.069375,0.523361,0.776639,0.422500,1.266389
34.9000,0.067991,0.527078,0.772922,0.422500,1.229218
34.9100,0.066483,0.531017,0.768983,0.422500,1.189834
34.9200,0.064852,0.535167,0.764833,0.422500,1.148332
34.9300,0.063105,0.539519,0.760481,0.422500,1.104809
34.9400,0.061244,0.544063,0.755937,0.422500,1.059367
34.9500,0.059275,0.548789,0.751211,0.422500,1.012109
34.9600,0.057203,0.553686,0.746314,0.422500,0.963140
34.9700,0.055031,0.558743,0.741257,0.422500,0.912570
34.9800,0.052766,0.563949,0.736051,0.422500,0.860507
34.9900,0.050411,0.569294,0.730706,0.422500,0.807063
35.0000,0.047974,0.574765,0.725235,0.422500,0.752351
35.0100,0.045457,0.580352,0.719648,0.422500,0.696485
35.0200,0.042869,0.586042,0.713958,0.422500,0.639579
35.0300,0.040213,0.591825,0.708175,0.422500,0.581749
35.0400,0.037495,0.597689,0.702311,0.422500,0.523112
35.0500,0.034722,0.603622,0.696378,0.422500,0.463783
35.0600,0.031898,0.609612,0.690388,0.422500,0.403882
35.0700,0.029030,0.615648,0.684352,0.422500,0.343523
35.0800,0.026123,0.621717,0.678283,0.422500,0.282825
35.0900,0.023183,0.627809,0.672191,0.422500,0.221905
35.1000,0.020216,0.633912,0.666088,0.422500,0.160879
35.1100,0.017229,0.640014,0.659986,0.422500,0.099864
35.1200,0.014225,0.646103,0.653897,0.422500,0.038975
35.1300,0.011212,0.652167,0.647833,0.422500,-0.021673
35.1400,0.008196,0.658196,0.641804,0.422500,-0.081965
35.1500,0.005182,0.664179,0.635821,0.422500,-0.141788
35.1600,0.002175,0.670103,0.629897,0.422500,-0.201030
35.1700,-0.000818,0.675958,0.624042,0.422500,-0.259580
35.1800,-0.003792,0.681733,0.618267,0.422500,-0.317329
35.1900,-0.006741,0.687417,0.612583,0.422500,-0.374169
35.2000,-0.009660,0.692999,0.607001,0.422500,-0.429994
35.2100,-0.012543,0.698470,0.601530,0.422500,-0.484700
35.2200,-0.015385,0.703818,0.596182,0.422500,-0.538185
35.2300,-0.018180,0.709035,0.590965,0.422500,-0.590349
35.2400,-0.020924,0.714109,0.585891,0.422500,-0.641095
35.2500,-0.023610,0.719033,0.580967,0.422500,-0.690328
35.2600,-0.026235,0.723796,0.576204,0.422500,-0.737958
35.2700,-0.028793,0.728390,0.571610,0.422500,-0.783895
35.2800,-0.031280,0.732806,0.567194,0.422500,-0.828055
35.2900,-0.033691,0.737036,0.562964,0.422500,-0.870356
35.3000,-0.036022,0.741072,0.558928,0.422500,-0.910721
35.3100,-0.038267,0.744908,0.555092,0.422500,-0.949075
35.3200,-0.040424,0.748535,0.551465,0.422500,-0.985349
35.3300,-0.042488,0.751948,0.548052,0.422500,-1.019478
35.3400,-0.044456,0.755140,0.544860,0.422500,-1.051401
35.3500,-0.046323,0.758106,0.541894,0.422500,-1.081061
35.3600,-0.048087,0.760841,0.539159,0.422500,-1.108409
35.3700,-0.049745,0.763340,0.536660,0.422500,-1.133397
35.3800,-0.051293,0.765598,0.534402,0.422500,-1.155984
35.3900,-0.052729,0.767614,0.532386,0.422500,-1.176136
35.4000,-0.054051,0.769382,0.530618,0.422500,-1.193822
35.4100,-0.055256,0.770902,0.529098,0.422500,-1.209017
35.4200,-0.056342,0.772170,0.527830,0.422500,-1.221701
35.4300,-0.057308,0.773186,0.526814,0.422500,-1.231863
35.4400,-0.058153,0.773949,0.526051,0.422500,-1.239492
35.4500,-0.058874,0.774459,0.525541,0.422500,-1.244587
35.4600,-0.059472,0.774715,0.525285,0.422500,-1.247152
35.4700,-0.059946,0.774719,0.525281,0.422500,-1.247195
35.4800,-0.060295,0.774473,0.525527,0.422500,-1.244730
35.4900,-0.060519,0.773978,0.526022,0.422500,-1.239777
35.5000,-0.060619,0.773236,0.526764,0.422500,-1.232361
35.5100,-0.060595,0.772251,0.527749,0.422500,-1.222512
35.5200,-0.060448,0.771027,0.528973,0.422500,-1.210266
35.5300,-0.060178,0.769566,0.530434,0.422500,-1.195662
35.5400,-0.059788,0.767875,0.532125,0.422500,-1.178746
35.5500,-0.059278,0.765957,0.534043,0.422500,-1.159568
35.5600,-0.058651,0.763818,0.536182,0.422500,-1.138180
35.5700,-0.057907,0.761464,0.538536,0.422500,-1.114642
35.5800,-0.057051,0.758901,0.541099,0.422500,-1.089015
35.5900,-0.056083,0.756136,0.543864,0.422500,-1.061365
35.6000,-0.055007,0.753176,0.546824,0.422500,-1.031761
35.6100,-0.053825,0.750028,0.549972,0.422500,-1.000276
35.6200,-0.052541,0.746699,0.553301,0.422500,-0.966986
35.6300,-0.051158,0.743197,0.556803,0.422500,-0.931970
35.6400,-0.049680,0.739531,0.560469,0.422500,-0.895309
35.6500,-0.048109,0.735709,0.564291,0.422500,-0.857087
35.6600,-0.046450,0.731739,0.568261,0.422500,-0.817390
35.6700,-0.044706,0.727631,0.572369,0.422500,-0.776306
35.6800,-0.042882,0.723393,0.576607,0.422500,-0.733926
35.6900,-0.040981,0.719034,0.580966,0.422500,-0.690341
35.7000,-0.039009,0.714564,0.585436,0.422500,-0.645644
35.7100,-0.036969,0.709993,0.590007,0.422500,-0.599929
35.7200,-0.034866,0.705329,0.594671,0.422500,-0.553293
35.7300,-0.032704,0.700583,0.599417,0.422500,-0.505832
35.7400,-0.030488,0.695764,0.604236,0.422500,-0.457642
35.7500,-0.028223,0.690882,0.609118,0.422500,-0.408823
35.7600,-0.025914,0.685947,0.614053,0.422500,-0.359471
35.7700,-0.023564,0.680969,0.619031,0.422500,-0.309686
35.7800,-0.021180,0.675957,0.624043,0.422500,-0.259567
35.7900,-0.018766,0.670921,0.629079,0.422500,-0.209212
35.8000,-0.016326,0.665872,0.634128,0.422500,-0.158720
35.8100,-0.013866,0.660819,0.639181,0.422500,-0.108188
35.8200,-0.011391,0.655772,0.644228,0.422500,-0.057716
35.8300,-0.008906,0.650740,0.649260,0.422500,-0.007399
35.8400,-0.006414,0.645734,0.654266,0.422500,0.042664
35.8500,-0.003922,0.640762,0.659238,0.422500,0.092379
35.8600,-0.001434,0.635835,0.664165,0.422500,0.141651
35.8700,0.001044,0.630961,0.669039,0.422500,0.190387
35.8800,0.003510,0.626151,0.673849,0.422500,0.238493
35.8900,0.005956,0.621412,0.678588,0.422500,0.285880
35.9000,0.008380,0.616754,0.683246,0.422500,0.332458
35.9100,0.010776,0.612186,0.687814,0.422500,0.378139
35.9200,0.013139,0.607716,0.692284,0.422500,0.422838
35.9300,0.015466,0.603353,0.696647,0.422500,0.466471
35.9400,0.017752,0.599104,0.700896,0.422500,0.508957
35.9500,0.019992,0.594978,0.705022,0.422500,0.550217
35.9600,0.022183,0.590982,0.709018,0.422500,0.590175
35.9700,0.024319,0.587124,0.712876,0.422500,0.628757
35.9800,0.026399,0.583411,0.716589,0.422500,0.665891
35.9900,0.028416,0.579849,0.720151,0.422500,0.701510
36.0000,0.030369,0.576445,0.723555,0.422500,0.735549
36.0100,0.032252,0.573205,0.726795,0.422500,0.767948
36.0200,0.034063,0.570135,0.729865,0.422500,0.798646
36.0300,0.035799,0.567241,0.732759,0.422500,0.827592
36.0400,0.037456,0.564527,0.735473,0.422500,0.854733
36.0500,0.039031,0.561998,0.738002,0.422500,0.880023
36.0600,0.040522,0.559658,0.740342,0.422500,0.903419
36.0700,0.041926,0.557512,0.742488,0.422500,0.924882
36.0800,0.043240,0.555562,0.744438,0.422500,0.944379
36.0900,0.044463,0.553812,0.746188,0.422500,0.961877
36.1000,0.045591,0.552265,0.747735,0.422500,0.977353
36.1100,0.046624,0.550922,0.749078,0.422500,0.990783
36.1200,0.047560,0.549785,0.750215,0.422500,1.002152
36.1300,0.048397,0.548855,0.751145,0.422500,1.011446
36.1400,0.049135,0.548134,0.751866,0.422500,1.018657
36.1500,0.049771,0.547622,0.752378,0.422500,1.023781
36.1600,0.050305,0.547318,0.752682,0.422500,1.026820
36.1700,0.050738,0.547222,0.752778,0.422500,1.027779
36.1800,0.051068,0.547333,0.752667,0.422500,1.026667
36.1900,0.051295,0.547650,0.752350,0.422500,1.023499
36.2000,0.051419,0.548171,0.751829,0.422500,1.018292
36.2100,0.051441,0.548893,0.751107,0.422500,1.011071
36.2200,0.051361,0.549814,0.750186,0.422500,1.001860
36.2300,0.051180,0.550931,0.749069,0.422500,0.990692
36.2400,0.050899,0.552240,0.747760,0.422500,0.977600
36.2500,0.050519,0.553738,0.746262,0.422500,0.962623
36.2600,0.050042,0.555420,0.744580,0.422500,0.945803
36.2700,0.049468,0.557281,0.742719,0.422500,0.927187
36.2800,0.048799,0.559318,0.740682,0.422500,0.906822
36.2900,0.048039,0.561524,0.738476,0.422500,0.884761
36.3000,0.047188,0.563894,0.736106,0.422500,0.861059
36.3100,0.046248,0.566423,0.733577,0.422500,0.835774
36.3200,0.045223,0.569103,0.730897,0.422500,0.808968
36.3300,0.044115,0.571930,0.728070,0.422500,0.780703
36.3400,0.042927,0.574895,0.725105,0.422500,0.751045
36.3500,0.041661,0.577994,0.722006,0.422500,0.720063
36.3600,0.040321,0.581217,0.718783,0.422500,0.687826
36.3700,0.038909,0.584559,0.715441,0.422500,0.654406
36.3800,0.037429,0.588012,0.711988,0.422500,0.619877
36.3900,0.035885,0.591569,0.708431,0.422500,0.584314
36.4000,0.034279,0.595221,0.704779,0.422500,0.547794
36.4100,0.032616,0.598961,0.701039,0.422500,0.510395
36.4200,0.030899,0.602780,0.697220,0.422500,0.472195
36.4300,0.029131,0.606672,0.693328,0.422500,0.433276
36.4400,0.027317,0.610628,0.689372,0.422500,0.393716
36.4500,0.025461,0.614640,0.685360,0.422500,0.353599
36.4600,0.023566,0.618699,0.681301,0.422500,0.313005
36.4700,0.021636,0.622798,0.677202,0.422500,0.272017
36.4800,0.019675,0.626928,0.673072,0.422500,0.230718
36.4900,0.017688,0.631081,0.668919,0.422500,0.189189
36.5000,0.015678,0.635249,0.664751,0.422500,0.147514
36.5100,0.013649,0.639423,0.660577,0.422500,0.105774
36.5200,0.011606,0.643595,0.656405,0.422500,0.064053
36.5300,0.009553,0.647757,0.652243,0.422500,0.022430
36.5400,0.007494,0.651901,0.648099,0.422500,-0.019012
36.5500,0.005432,0.656019,0.643981,0.422500,-0.060195
36.5600,0.003372,0.660104,0.639896,0.422500,-0.101037
36.5700,0.001318,0.664146,0.635854,0.422500,-0.141461
36.5800,-0.000726,0.668139,0.631861,0.422500,-0.181390
36.5900,-0.002756,0.672075,0.627925,0.422500,-0.220747
36.6000,-0.004769,0.675946,0.624054,0.422500,-0.259458
36.6100,-0.006760,0.679745,0.620255,0.422500,-0.297450
36.6200,-0.008725,0.683465,0.616535,0.422500,-0.334651
36.6300,-0.010661,0.687099,0.612901,0.422500,-0.370991
36.6400,-0.012565,0.690640,0.609360,0.422500,-0.406403
36.6500,-0.014431,0.694082,0.605918,0.422500,-0.440820
36.6600,-0.016258,0.697418,0.602582,0.422500,-0.474179
36.6700,-0.018042,0.700642,0.599358,0.422500,-0.506418
36.6800,-0.019779,0.703748,0.596252,0.422500,-0.537479
36.6900,-0.021466,0.706730,0.593270,0.422500,-0.567304
36.7000,-0.023100,0.709584,0.590416,0.422500,-0.595840
36.7100,-0.024678,0.712304,0.587696,0.422500,-0.623036
36.7200,-0.026198,0.714884,0.585116,0.422500,-0.648844
36.7300,-0.027655,0.717322,0.582678,0.422500,-0.673218
36.7400,-0.029049,0.719612,0.580388,0.422500,-0.696116
36.7500,-0.030375,0.721750,0.578250,0.422500,-0.717499
36.7600,-0.031633,0.723733,0.576267,0.422500,-0.737331
36.7700,-0.032819,0.725558,0.574442,0.422500,-0.755580
36.7800,-0.033933,0.727222,0.572778,0.422500,-0.772216
36.7900,-0.034971,0.728721,0.571279,0.422500,-0.787214
36.8000,-0.035932,0.730055,0.569945,0.422500,-0.800552
36.8100,-0.036815,0.731221,0.568779,0.422500,-0.812212
36.8200,-0.037618,0.732218,0.567782,0.422500,-0.822177
36.8300,-0.038340,0.733044,0.566956,0.422500,-0.830438
36.8400,-0.038980,0.733699,0.566301,0.422500,-0.836986
36.8500,-0.039537,0.734182,0.565818,0.422500,-0.841817
36.8600,-0.040011,0.734493,0.565507,0.422500,-0.844931
36.8700,-0.040400,0.734633,0.565367,0.422500,-0.846331
36.8800,-0.040705,0.734602,0.565398,0.422500,-0.846023
36.8900,-0.040926,0.734402,0.565598,0.422500,-0.844018
36.9000,-0.041062,0.734033,0.565967,0.422500,-0.840330
36.9100,-0.041113,0.733497,0.566503,0.422500,-0.834975
36.9200,-0.041081,0.732797,0.567203,0.422500,-0.827974
36.9300,-0.040965,0.731935,0.568065,0.422500,-0.819352
36.9400,-0.040766,0.730913,0.569087,0.422500,-0.809134
36.9500,-0.040485,0.729735,0.570265,0.422500,-0.797352
36.9600,-0.040123,0.728404,0.571596,0.422500,-0.784039
36.9700,-0.039682,0.726923,0.573077,0.422500,-0.769230
36.9800,-0.039162,0.725296,0.574704,0.422500,-0.752964
36.9900,-0.038566,0.723528,0.576472,0.422500,-0.735284
37.0000,-0.037894,0.721623,0.578377,0.422500,-0.716233
37.0100,-0.037149,0.719586,0.580414,0.422500,-0.695858
37.0200,-0.036333,0.717421,0.582579,0.422500,-0.674208
37.0300,-0.035448,0.715133,0.584867,0.422500,-0.651334
37.0400,-0.034495,0.712729,0.587271,0.422500,-0.627289
37.0500,-0.033477,0.710213,0.589787,0.422500,-0.602130
37.0600,-0.032397,0.707591,0.592409,0.422500,-0.575912
37.0700,-0.031257,0.704869,0.595131,0.422500,-0.548694
37.0800,-0.030060,0.702054,0.597946,0.422500,-0.520537
37.0900,-0.028809,0.699150,0.600850,0.422500,-0.491503
37.1000,-0.027506,0.696165,0.603835,0.422500,-0.461653
37.1100,-0.026154,0.693105,0.606895,0.422500,-0.431053
37.1200,-0.024756,0.689977,0.610023,0.422500,-0.399767
37.1300,-0.023316,0.686786,0.613214,0.422500,-0.367862
37.1400,-0.021836,0.683540,0.616460,0.422500,-0.335404
37.1500,-0.020320,0.680246,0.619754,0.422500,-0.302460
37.1600,-0.018771,0.676910,0.623090,0.422500,-0.269099
37.1700,-0.017192,0.673539,0.626461,0.422500,-0.235388
37.1800,-0.015586,0.670140,0.629860,0.422500,-0.201396
37.1900,-0.013957,0.666719,0.633281,0.422500,-0.167192
37.2000,-0.012308,0.663284,0.636716,0.422500,-0.132845
37.2100,-0.010643,0.659842,0.640158,0.422500,-0.098422
37.2200,-0.008965,0.656399,0.643601,0.422500,-0.063993
37.2300,-0.007277,0.652962,0.647038,0.422500,-0.029624
37.2400,-0.005582,0.649538,0.650462,0.422500,0.004615
37.2500,-0.003885,0.646134,0.653866,0.422500,0.038660
37.2600,-0.002188,0.642756,0.657244,0.422500,0.072442
37.2700,-0.000495,0.639410,0.660590,0.422500,0.105898
37.2800,0.001191,0.636104,0.663896,0.422500,0.138961
37.2900,0.002866,0.632843,0.667157,0.422500,0.171571
37.3000,0.004528,0.629634,0.670366,0.422500,0.203662
37.3100,0.006173,0.626482,0.673518,0.422500,0.235176
37.3200,0.007798,0.623395,0.676605,0.422500,0.266052
37.3300,0.009399,0.620377,0.679623,0.422500,0.296232
37.3400,0.010975,0.617434,0.682566,0.422500,0.325660
37.3500,0.012521,0.614572,0.685428,0.422500,0.354281
37.3600,0.014035,0.611796,0.688204,0.422500,0.382041
37.3700,0.015513,0.609111,0.690889,0.422500,0.408890
37.3800,0.016954,0.606522,0.693478,0.422500,0.434779
37.3900,0.018355,0.604034,0.695966,0.422500,0.459660
37.4000,0.019712,0.601651,0.698349,0.422500,0.483489
37.4100,0.021024,0.599378,0.700622,0.422500,0.506224
37.4200,0.022288,0.597218,0.702782,0.422500,0.527823
37.4300,0.023502,0.595175,0.704825,0.422500,0.548250
37.4400,0.024663,0.593253,0.706747,0.422500,0.567469
37.4500,0.025770,0.591455,0.708545,0.422500,0.585448
37.4600,0.026821,0.589784,0.710216,0.422500,0.602157
37.4700,0.027813,0.588243,0.711757,0.422500,0.617568
37.4800,0.028745,0.586834,0.713166,0.422500,0.631657
37.4900,0.029616,0.585560,0.714440,0.422500,0.644403
37.5000,0.030424,0.584421,0.715579,0.422500,0.655787
37.5100,0.031168,0.583421,0.716579,0.422500,0.665792
37.5200,0.031846,0.582559,0.717441,0.422500,0.674407
37.5300,0.032457,0.581838,0.718162,0.422500,0.681620
37.5400,0.033002,0.581257,0.718743,0.422500,0.687426
37.5500,0.033478,0.580818,0.719182,0.422500,0.691819
37.5600,0.033886,0.580520,0.719480,0.422500,0.694799
37.5700,0.034224,0.580363,0.719637,0.422500,0.696367
37.5800,0.034493,0.580347,0.719653,0.422500,0.696529
37.5900,0.034693,0.580471,0.719529,0.422500,0.695291
37.6000,0.034823,0.580734,0.719266,0.422500,0.692664
37.6100,0.034883,0.581134,0.718866,0.422500,0.688662
37.6200,0.034874,0.581670,0.718330,0.422500,0.683299
37.6300,0.034796,0.582340,0.717660,0.422500,0.676596
37.6400,0.034650,0.583143,0.716857,0.422500,0.668572
37.6500,0.034436,0.584075,0.715925,0.422500,0.659253
37.6600,0.034156,0.585134,0.714866,0.422500,0.648664
37.6700,0.033809,0.586317,0.713683,0.422500,0.636834
37.6800,0.033398,0.587621,0.712379,0.422500,0.623795
37.6900,0.032923,0.589042,0.710958,0.422500,0.609579
37.7000,0.032385,0.590578,0.709422,0.422500,0.594223
37.7100,0.031787,0.592224,0.707776,0.422500,0.577764
37.7200,0.031130,0.593976,0.706024,0.422500,0.560241
37.7300,0.030415,0.595830,0.704170,0.422500,0.541696
37.7400,0.029644,0.597783,0.702217,0.422500,0.522172
37.7500,0.028819,0.599829,0.700171,0.422500,0.501714
37.7600,0.027942,0.601963,0.698037,0.422500,0.480369
37.7700,0.027015,0.604182,0.695818,0.422500,0.458184
37.7800,0.026040,0.606479,0.693521,0.422500,0.435208
37.7900,0.025020,0.608851,0.691149,0.422500,0.411493
37.8000,0.023956,0.611291,0.688709,0.422500,0.387090
37.8100,0.022852,0.613795,0.686205,0.422500,0.362051
37.8200,0.021709,0.616357,0.683643,0.422500,0.336430
37.8300,0.020530,0.618972,0.681028,0.422500,0.310281
37.8400,0.019317,0.621634,0.678366,0.422500,0.283659
37.8500,0.018074,0.624338,0.675662,0.422500,0.256620
37.8600,0.016803,0.627078,0.672922,0.422500,0.229220
37.8700,0.015506,0.629848,0.670152,0.422500,0.201515
37.8800,0.014186,0.632644,0.667356,0.422500,0.173562
37.8900,0.012847,0.635458,0.664542,0.422500,0.145418
37.9000,0.011490,0.638286,0.661714,0.422500,0.117140
37.9100,0.010119,0.641122,0.658878,0.422500,0.088784
37.9200,0.008737,0.643959,0.656041,0.422500,0.060407
37.9300,0.007345,0.646793,0.653207,0.422500,0.032066
37.9400,0.005948,0.649618,0.650382,0.422500,0.003817
37.9500,0.004547,0.652429,0.647571,0.422500,-0.024285
37.9600,0.003146,0.655219,0.644781,0.422500,-0.052186
37.9700,0.001748,0.657983,0.642017,0.422500,-0.079830
37.9800,0.000354,0.660716,0.639284,0.422500,-0.107163
37.9900,-0.001031,0.663413,0.636587,0.422500,-0.134135
38.0000,-0.002406,0.666069,0.633931,0.422500,-0.160691
38.0100,-0.003768,0.668678,0.631322,0.422500,-0.186783
38.0200,-0.005114,0.671236,0.628764,0.422500,-0.212361
38.0300,-0.006441,0.673738,0.626262,0.422500,-0.237375
38.0400,-0.007747,0.676178,0.623822,0.422500,-0.261780
38.0500,-0.009029,0.678553,0.621447,0.422500,-0.285529
38.0600,-0.010286,0.680858,0.619142,0.422500,-0.308580
38.0700,-0.011514,0.683089,0.616911,0.422500,-0.330888
38.0800,-0.012712,0.685241,0.614759,0.422500,-0.352414
38.0900,-0.013877,0.687312,0.612688,0.422500,-0.373118
38.1000,-0.015007,0.689296,0.610704,0.422500,-0.392963
38.1100,-0.016099,0.691191,0.608809,0.422500,-0.411914
38.1200,-0.017153,0.692994,0.607006,0.422500,-0.429938
38.1300,-0.018166,0.694700,0.605300,0.422500,-0.447003
38.1400,-0.019136,0.696308,0.603692,0.422500,-0.463079
38.1500,-0.020061,0.697814,0.602186,0.422500,-0.478140
38.1600,-0.020940,0.699216,0.600784,0.422500,-0.492161
38.1700,-0.021772,0.700512,0.599488,0.422500,-0.505118
38.1800,-0.022554,0.701699,0.598301,0.422500,-0.516992
38.1900,-0.023287,0.702776,0.597224,0.422500,-0.527764
38.2000,-0.023967,0.703742,0.596258,0.422500,-0.537418
38.2100,-0.024595,0.704594,0.595406,0.422500,-0.545941
38.2200,-0.025170,0.705332,0.594668,0.422500,-0.553322
38.2300,-0.025689,0.705955,0.594045,0.422500,-0.559552
38.2400,-0.026154,0.706462,0.593538,0.422500,-0.564624
38.2500,-0.026563,0.706853,0.593147,0.422500,-0.568535
38.2600,-0.026915,0.707128,0.592872,0.422500,-0.571283
38.2700,-0.027210,0.707287,0.592713,0.422500,-0.572870
38.2800,-0.027449,0.707330,0.592670,0.422500,-0.573297
38.2900,-0.027630,0.707257,0.592743,0.422500,-0.572572
38.3000,-0.027753,0.707070,0.592930,0.422500,-0.570701
38.3100,-0.027820,0.706770,0.593230,0.422500,-0.567696
38.3200,-0.027829,0.706357,0.593643,0.422500,-0.563568
38.3300,-0.027782,0.705833,0.594167,0.422500,-0.558333
38.3400,-0.027678,0.705201,0.594799,0.422500,-0.552006
38.3500,-0.027518,0.704461,0.595539,0.422500,-0.544608
38.3600,-0.027304,0.703616,0.596384,0.422500,-0.536159
38.3700,-0.027034,0.702668,0.597332,0.422500,-0.526682
38.3800,-0.026712,0.701620,0.598380,0.422500,-0.516202
38.3900,-0.026336,0.700475,0.599525,0.422500,-0.504747
38.4000,-0.025909,0.699234,0.600766,0.422500,-0.492344
38.4100,-0.025432,0.697902,0.602098,0.422500,-0.479024
38.4200,-0.024905,0.696482,0.603518,0.422500,-0.464820
38.4300,-0.024331,0.694977,0.605023,0.422500,-0.449765
38.4400,-0.023710,0.693389,0.606611,0.422500,-0.433894
38.4500,-0.023044,0.691724,0.608276,0.422500,-0.417243
38.4600,-0.022335,0.689985,0.610015,0.422500,-0.399851
38.4700,-0.021585,0.688176,0.611824,0.422500,-0.381757
38.4800,-0.020794,0.686300,0.613700,0.422500,-0.363000
38.4900,-0.019966,0.684362,0.615638,0.422500,-0.343623
38.5000,-0.019101,0.682367,0.617633,0.422500,-0.323667
38.5100,-0.018202,0.680318,0.619682,0.422500,-0.303175
38.5200,-0.017271,0.678219,0.621781,0.422500,-0.282192
38.5300,-0.016309,0.676076,0.623924,0.422500,-0.260763
38.5400,-0.015320,0.673893,0.626107,0.422500,-0.238932
38.5500,-0.014305,0.671674,0.628326,0.422500,-0.216745
38.5600,-0.013265,0.669425,0.630575,0.422500,-0.194248
38.5700,-0.012205,0.667149,0.632851,0.422500,-0.171489
38.5800,-0.011125,0.664851,0.635149,0.422500,-0.148514
38.5900,-0.010028,0.662537,0.637463,0.422500,-0.125369
38.6000,-0.008916,0.660210,0.639790,0.422500,-0.102103
38.6100,-0.007792,0.657876,0.642124,0.422500,-0.078761
38.6200,-0.006657,0.655539,0.644461,0.422500,-0.055391
38.6300,-0.005515,0.653204,0.646796,0.422500,-0.032039
38.6400,-0.004367,0.650875,0.649125,0.422500,-0.008752
38.6500,-0.003216,0.648558,0.651442,0.422500,0.014424
38.6600,-0.002064,0.646256,0.653744,0.422500,0.037444
38.6700,-0.000914,0.643974,0.656026,0.422500,0.060262
38.6800,0.000233,0.641717,0.658283,0.422500,0.082835
38.6900,0.001373,0.639488,0.660512,0.422500,0.105118
38.7000,0.002506,0.637293,0.662707,0.422500,0.127069
38.7100,0.003628,0.635135,0.664865,0.422500,0.148646
38.7200,0.004737,0.633019,0.666981,0.422500,0.169807
38.7300,0.005832,0.630949,0.669051,0.422500,0.190513
38.7400,0.006909,0.628928,0.671072,0.422500,0.210724
38.7500,0.007968,0.626960,0.673040,0.422500,0.230404
38.7600,0.009006,0.625049,0.674951,0.422500,0.249515
38.7700,0.010021,0.623198,0.676802,0.422500,0.268022
38.7800,0.011011,0.621411,0.678589,0.422500,0.285891
38.7900,0.011974,0.619691,0.680309,0.422500,0.303090
38.8000,0.012909,0.618041,0.681959,0.422500,0.319588
38.8100,0.013814,0.616464,0.683536,0.422500,0.335356
38.8200,0.014687,0.614963,0.685037,0.422500,0.350365
38.8300,0.015526,0.613541,0.686459,0.422500,0.364590
38.8400,0.016331,0.612199,0.687801,0.422500,0.378007
38.8500,0.017099,0.610941,0.689059,0.422500,0.390592
38.8600,0.017830,0.609767,0.690233,0.422500,0.402325
38.8700,0.018521,0.608681,0.691319,0.422500,0.413187
38.8800,0.019173,0.607684,0.692316,0.422500,0.423160
38.8900,0.019783,0.606777,0.693223,0.422500,0.432230
38.9000,0.020351,0.605962,0.694038,0.422500,0.440382
38.9100,0.020876,0.605239,0.694761,0.422500,0.447606
38.9200,0.021357,0.604611,0.695389,0.422500,0.453893
38.9300,0.021793,0.604077,0.695923,0.422500,0.459233
38.9400,0.022183,0.603638,0.696362,0.422500,0.463622
38.9500,0.022528,0.603294,0.696706,0.422500,0.467057
38.9600,0.022827,0.603046,0.696954,0.422500,0.469535
38.9700,0.023079,0.602894,0.697106,0.422500,0.471057
38.9800,0.023284,0.602837,0.697163,0.422500,0.471625
38.9900,0.023441,0.602876,0.697124,0.422500,0.471243
39.0000,0.023552,0.603008,0.696992,0.422500,0.469918
39.0100,0.023616,0.603234,0.696766,0.422500,0.467657
39.0200,0.023632,0.603553,0.696447,0.422500,0.464470
39.0300,0.023602,0.603963,0.696037,0.422500,0.460369
39.0400,0.023525,0.604463,0.695537,0.422500,0.455367
39.0500,0.023402,0.605052,0.694948,0.422500,0.449479
39.0600,0.023234,0.605728,0.694272,0.422500,0.442723
39.0700,0.023021,0.606488,0.693512,0.422500,0.435116
39.0800,0.022764,0.607332,0.692668,0.422500,0.426680
39.0900,0.022463,0.608257,0.691743,0.422500,0.417434
39.1000,0.022119,0.609260,0.690740,0.422500,0.407404
39.1100,0.021734,0.610339,0.689661,0.422500,0.396613
39.1200,0.021308,0.611491,0.688509,0.422500,0.385088
39.1300,0.020842,0.612715,0.687285,0.422500,0.372855
39.1400,0.020338,0.614006,0.685994,0.422500,0.359944
39.1500,0.019797,0.615362,0.684638,0.422500,0.346383
39.1600,0.019219,0.616779,0.683221,0.422500,0.332205
39.1700,0.018608,0.618256,0.681744,0.422500,0.317441
39.1800,0.017963,0.619788,0.680212,0.422500,0.302124
39.1900,0.017286,0.621371,0.678629,0.422500,0.286287
39.2000,0.016579,0.623003,0.676997,0.422500,0.269966
39.2100,0.015844,0.624681,0.675319,0.422500,0.253195
39.2200,0.015081,0.626399,0.673601,0.422500,0.236011
39.2300,0.014294,0.628155,0.671845,0.422500,0.218451
39.2400,0.013483,0.629945,0.670055,0.422500,0.200551
39.2500,0.012650,0.631765,0.668235,0.422500,0.182350
39.2600,0.011797,0.633611,0.666389,0.422500,0.163885
39.2700,0.010926,0.635480,0.664520,0.422500,0.145195
39.2800,0.010039,0.637368,0.662632,0.422500,0.126319
39.2900,0.009137,0.639271,0.660729,0.422500,0.107294
39.3000,0.008223,0.641184,0.658816,0.422500,0.088160
39.3100,0.007298,0.643104,0.656896,0.422500,0.068956
39.3200,0.006364,0.645028,0.654972,0.422500,0.049720
39.3300,0.005423,0.646951,0.653049,0.422500,0.030492
39.3400,0.004478,0.648869,0.651131,0.422500,0.011308
39.3500,0.003529,0.650779,0.649221,0.422500,-0.007792
39.3600,0.002579,0.652677,0.647323,0.422500,-0.026772
39.3700,0.001630,0.654559,0.645441,0.422500,-0.045593
39.3800,0.000684,0.656422,0.643578,0.422500,-0.064219
39.3900,-0.000258,0.658261,0.641739,0.422500,-0.082614
39.4000,-0.001193,0.660074,0.639926,0.422500,-0.100742
39.4100,-0.002121,0.661857,0.638143,0.422500,-0.118570
39.4200,-0.003038,0.663606,0.636394,0.422500,-0.136062
39.4300,-0.003943,0.665318,0.634682,0.422500,-0.153185
39.4400,-0.004835,0.666991,0.633009,0.422500,-0.169907
39.4500,-0.005711,0.668620,0.631380,0.422500,-0.186198
39.4600,-0.006571,0.670203,0.629797,0.422500,-0.202026
39.4700,-0.007412,0.671736,0.628264,0.422500,-0.217362
39.4800,-0.008233,0.673218,0.626782,0.422500,-0.232179
39.4900,-0.009032,0.674645,0.625355,0.422500,-0.246450
39.5000,-0.009808,0.676015,0.623985,0.422500,-0.260148
39.5100,-0.010560,0.677325,0.622675,0.422500,-0.273249
39.5200,-0.011285,0.678573,0.621427,0.422500,-0.285731
39.5300,-0.011984,0.679757,0.620243,0.422500,-0.297572
39.5400,-0.012654,0.680875,0.619125,0.422500,-0.308751
39.5500,-0.013294,0.681925,0.618075,0.422500,-0.319249
39.5600,-0.013903,0.682905,0.617095,0.422500,-0.329049
39.5700,-0.014481,0.683814,0.616186,0.422500,-0.338135
39.5800,-0.015025,0.684649,0.615351,0.422500,-0.346493
39.5900,-0.015536,0.685411,0.614589,0.422500,-0.354110
39.6000,-0.016012,0.686098,0.613902,0.422500,-0.360975
39.6100,-0.016453,0.686708,0.613292,0.422500,-0.367077
39.6200,-0.016858,0.687241,0.612759,0.422500,-0.372410
39.6300,-0.017226,0.687697,0.612303,0.422500,-0.376965
39.6400,-0.017557,0.688074,0.611926,0.422500,-0.380739
39.6500,-0.017850,0.688373,0.611627,0.422500,-0.383728
39.6600,-0.018105,0.688593,0.611407,0.422500,-0.385931
39.6700,-0.018322,0.688735,0.611265,0.422500,-0.387347
39.6800,-0.018500,0.688798,0.611202,0.422500,-0.387977
39.6900,-0.018640,0.688783,0.611217,0.422500,-0.387826
39.7000,-0.018740,0.688690,0.611310,0.422500,-0.386897
39.7100,-0.018802,0.688520,0.611480,0.422500,-0.385197
39.7200,-0.018826,0.688273,0.611727,0.422500,-0.382734
39.7300,-0.018810,0.687952,0.612048,0.422500,-0.379516
39.7400,-0.018757,0.687556,0.612444,0.422500,-0.375555
39.7500,-0.018665,0.687086,0.612914,0.422500,-0.370863
39.7600,-0.018536,0.686545,0.613455,0.422500,-0.365453
39.7700,-0.018370,0.685934,0.614066,0.422500,-0.359340
39.7800,-0.018167,0.685254,0.614746,0.422500,-0.352540
39.7900,-0.017929,0.684507,0.615493,0.422500,-0.345072
39.8000,-0.017655,0.683695,0.616305,0.422500,-0.336953
39.8100,-0.017346,0.682820,0.617180,0.422500,-0.328203
39.8200,-0.017004,0.681885,0.618115,0.422500,-0.318845
39.8300,-0.016630,0.680890,0.619110,0.422500,-0.308900
39.8400,-0.016223,0.679839,0.620161,0.422500,-0.298391
39.8500,-0.015785,0.678734,0.621266,0.422500,-0.287343
39.8600,-0.015318,0.677578,0.622422,0.422500,-0.275780
39.8700,-0.014822,0.676373,0.623627,0.422500,-0.263730
39.8800,-0.014298,0.675122,0.624878,0.422500,-0.251218
39.8900,-0.013748,0.673827,0.626173,0.422500,-0.238273
39.9000,-0.013173,0.672492,0.627508,0.422500,-0.224923
39.9100,-0.012574,0.671120,0.628880,0.422500,-0.211197
39.9200,-0.011953,0.669712,0.630288,0.422500,-0.197124
39.9300,-0.011311,0.668274,0.631726,0.422500,-0.182735
39.9400,-0.010649,0.666806,0.633194,0.422500,-0.168060
39.9500,-0.009969,0.665313,0.634687,0.422500,-0.153130
39.9600,-0.009271,0.663798,0.636202,0.422500,-0.137977
39.9700,-0.008559,0.662263,0.637737,0.422500,-0.122632
39.9800,-0.007833,0.660713,0.639287,0.422500,-0.107126
39.9900,-0.007095,0.659149,0.640851,0.422500,-0.091492
40.0000,-0.006346,0.657576,0.642424,0.422500,-0.075762
40.0100,-0.005588,0.655997,0.644003,0.422500,-0.059967
40.0200,-0.004822,0.654414,0.645586,0.422500,-0.044140
40.0300,-0.004051,0.652831,0.647169,0.422500,-0.028312
40.0400,-0.003275,0.651252,0.648748,0.422500,-0.012516
40.0500,-0.002496,0.649678,0.650322,0.422500,0.003219
40.0600,-0.001716,0.648114,0.651886,0.422500,0.018860
40.0700,-0.000936,0.646562,0.653438,0.422500,0.034376
40.0800,-0.000158,0.645026,0.654974,0.422500,0.049738
40.0900,0.000617,0.643508,0.656492,0.422500,0.064915
40.1000,0.001386,0.642012,0.657988,0.422500,0.079879
40.1100,0.002149,0.640540,0.659460,0.422500,0.094600
40.1200,0.002904,0.639095,0.660905,0.422500,0.109050
40.1300,0.003650,0.637680,0.662320,0.422500,0.123202
40.1400,0.004385,0.636297,0.663703,0.422500,0.137028
40.1500,0.005107,0.634950,0.665050,0.422500,0.150504
40.1600,0.005816,0.633640,0.666360,0.422500,0.163605
40.1700,0.006510,0.632370,0.667630,0.422500,0.176304
40.1800,0.007187,0.631142,0.668858,0.422500,0.188581
40.1900,0.007847,0.629959,0.670041,0.422500,0.200412
40.2000,0.008488,0.628822,0.671178,0.422500,0.211776
40.2100,0.009109,0.627735,0.672265,0.422500,0.222652
40.2200,0.009709,0.626698,0.673302,0.422500,0.233022
40.2300,0.010287,0.625713,0.674287,0.422500,0.242868
40.2400,0.010841,0.624783,0.675217,0.422500,0.252172
40.2500,0.011371,0.623908,0.676092,0.422500,0.260919
40.2600,0.011876,0.623091,0.676909,0.422500,0.269094
40.2700,0.012355,0.622332,0.677668,0.422500,0.276685
40.2800,0.012807,0.621632,0.678368,0.422500,0.283678
40.2900,0.013232,0.620994,0.679006,0.422500,0.290064
40.3000,0.013628,0.620417,0.679583,0.422500,0.295832
40.3100,0.013995,0.619903,0.680097,0.422500,0.300975
40.3200,0.014332,0.619451,0.680549,0.422500,0.305485
40.3300,0.014640,0.619064,0.680936,0.422500,0.309358
40.3400,0.014917,0.618741,0.681259,0.422500,0.312588
40.3500,0.015163,0.618483,0.681517,0.422500,0.315173
40.3600,0.015377,0.618289,0.681711,0.422500,0.317112
40.3700,0.015561,0.618160,0.681840,0.422500,0.318403
40.3800,0.015712,0.618095,0.681905,0.422500,0.319048
40.3900,0.015832,0.618095,0.681905,0.422500,0.319049
40.4000,0.015920,0.618159,0.681841,0.422500,0.318410
40.4100,0.015975,0.618286,0.681714,0.422500,0.317136
40.4200,0.015999,0.618477,0.681523,0.422500,0.315232
40.4300,0.015992,0.618729,0.681271,0.422500,0.312706
40.4400,0.015952,0.619043,0.680957,0.422500,0.309567
40.4500,0.015882,0.619418,0.680582,0.422500,0.305825
40.4600,0.015781,0.619851,0.680149,0.422500,0.301489
40.4700,0.015649,0.620343,0.679657,0.422500,0.296573
40.4800,0.015486,0.620891,0.679109,0.422500,0.291090
40.4900,0.015295,0.621495,0.678505,0.422500,0.285053
40.5000,0.015074,0.622152,0.677848,0.422500,0.278478
40.5100,0.014824,0.622862,0.677138,0.422500,0.271381
40.5200,0.014547,0.623622,0.676378,0.422500,0.263779
40.5300,0.014243,0.624431,0.675569,0.422500,0.255691
40.5400,0.013912,0.625286,0.674714,0.422500,0.247135
40.5500,0.013556,0.626187,0.673813,0.422500,0.238132
40.5600,0.013175,0.627130,0.672870,0.422500,0.228701
40.5700,0.012770,0.628114,0.671886,0.422500,0.218864
40.5800,0.012342,0.629136,0.670864,0.422500,0.208643
40.5900,0.011893,0.630194,0.669806,0.422500,0.198061
40.6000,0.011422,0.631286,0.668714,0.422500,0.187141
40.6100,0.010932,0.632409,0.667591,0.422500,0.175906
40.6200,0.010423,0.633562,0.666438,0.422500,0.164382
40.6300,0.009897,0.634741,0.665259,0.422500,0.152592
40.6400,0.009354,0.635944,0.664056,0.422500,0.140562
40.6500,0.008796,0.637168,0.662832,0.422500,0.128317
40.6600,0.008224,0.638412,0.661588,0.422500,0.115884
40.6700,0.007639,0.639671,0.660329,0.422500,0.103287
40.6800,0.007043,0.640945,0.659055,0.422500,0.090553
40.6900,0.006436,0.642229,0.657771,0.422500,0.077709
40.7000,0.005820,0.643522,0.656478,0.422500,0.064780
40.7100,0.005196,0.644821,0.655179,0.422500,0.051793
40.7200,0.004566,0.646123,0.653877,0.422500,0.038774
40.7300,0.003931,0.647425,0.652575,0.422500,0.025750
40.7400,0.003292,0.648725,0.651275,0.422500,0.012746
40.7500,0.002651,0.650021,0.649979,0.422500,-0.000211
40.7600,0.002008,0.651310,0.648690,0.422500,-0.013096
40.7700,0.001365,0.652588,0.647412,0.422500,-0.025883
40.7800,0.000723,0.653855,0.646145,0.422500,-0.038548
40.7900,0.000084,0.655107,0.644893,0.422500,-0.051065
40.8000,-0.000551,0.656341,0.643659,0.422500,-0.063411
40.8100,-0.001181,0.657556,0.642444,0.422500,-0.075562
40.8200,-0.001805,0.658749,0.641251,0.422500,-0.087493
40.8300,-0.002421,0.659918,0.640082,0.422500,-0.099184
40.8400,-0.003028,0.661061,0.638939,0.422500,-0.110611
40.8500,-0.003626,0.662175,0.637825,0.422500,-0.121753
40.8600,-0.004212,0.663259,0.636741,0.422500,-0.132590
40.8700,-0.004787,0.664310,0.635690,0.422500,-0.143101
40.8800,-0.005348,0.665327,0.634673,0.422500,-0.153267
40.8900,-0.005895,0.666307,0.633693,0.422500,-0.163069
40.9000,-0.006426,0.667249,0.632751,0.422500,-0.172490
40.9100,-0.006941,0.668151,0.631849,0.422500,-0.181514
40.9200,-0.007439,0.669012,0.630988,0.422500,-0.190123
40.9300,-0.007919,0.669830,0.630170,0.422500,-0.198304
40.9400,-0.008380,0.670604,0.629396,0.422500,-0.206041
40.9500,-0.008821,0.671332,0.628668,0.422500,-0.213323
40.9600,-0.009242,0.672014,0.627986,0.422500,-0.220137
40.9700,-0.009641,0.672647,0.627353,0.422500,-0.226471
40.9800,-0.010018,0.673232,0.626768,0.422500,-0.232316
40.9900,-0.010373,0.673766,0.626234,0.422500,-0.237662
41.0000,-0.010704,0.674250,0.625750,0.422500,-0.242502
41.0100,-0.011012,0.674683,0.625317,0.422500,-0.246829
41.0200,-0.011295,0.675064,0.624936,0.422500,-0.250636
41.0300,-0.011554,0.675392,0.624608,0.422500,-0.253920
41.0400,-0.011787,0.675668,0.624332,0.422500,-0.256676
41.0500,-0.011995,0.675890,0.624110,0.422500,-0.258902
41.0600,-0.012178,0.676060,0.623940,0.422500,-0.260595
41.0700,-0.012335,0.676176,0.623824,0.422500,-0.261757
41.0800,-0.012465,0.676239,0.623761,0.422500,-0.262387
41.0900,-0.012570,0.676249,0.623751,0.422500,-0.262487
41.1000,-0.012648,0.676206,0.623794,0.422500,-0.262060
41.1100,-0.012700,0.676111,0.623889,0.422500,-0.261109
41.1200,-0.012726,0.675964,0.624036,0.422500,-0.259640
41.1300,-0.012725,0.675766,0.624234,0.422500,-0.257658
41.1400,-0.012699,0.675517,0.624483,0.422500,-0.255170
41.1500,-0.012647,0.675218,0.624782,0.422500,-0.252184
41.1600,-0.012569,0.674871,0.625129,0.422500,-0.248709
41.1700,-0.012466,0.674475,0.625525,0.422500,-0.244754
41.1800,-0.012339,0.674033,0.625967,0.422500,-0.240330
41.1900,-0.012187,0.673545,0.626455,0.422500,-0.235449
41.2000,-0.012010,0.673012,0.626988,0.422500,-0.230122
41.2100,-0.011811,0.672436,0.627564,0.422500,-0.224364
41.2200,-0.011588,0.671819,0.628181,0.422500,-0.218188
41.2300,-0.011343,0.671161,0.628839,0.422500,-0.211609
41.2400,-0.011076,0.670464,0.629536,0.422500,-0.204642
41.2500,-0.010788,0.669730,0.630270,0.422500,-0.197303
41.2600,-0.010479,0.668961,0.631039,0.422500,-0.189610
41.2700,-0.010151,0.668158,0.631842,0.422500,-0.181579
41.2800,-0.009804,0.667323,0.632677,0.422500,-0.173229
41.2900,-0.009438,0.666458,0.633542,0.422500,-0.164578
41.3000,-0.009055,0.665565,0.634435,0.422500,-0.155645
41.3100,-0.008656,0.664645,0.635355,0.422500,-0.146450
41.3200,-0.008242,0.663701,0.636299,0.422500,-0.137013
41.3300,-0.007812,0.662735,0.637265,0.422500,-0.127353
41.3400,-0.007369,0.661749,0.638251,0.422500,-0.117492
41.3500,-0.006913,0.660745,0.639255,0.422500,-0.107450
41.3600,-0.006446,0.659725,0.640275,0.422500,-0.097249
41.3700,-0.005968,0.658691,0.641309,0.422500,-0.086910
41.3800,-0.005480,0.657645,0.642355,0.422500,-0.076453
41.3900,-0.004983,0.656590,0.643410,0.422500,-0.065902
41.4000,-0.004479,0.655528,0.644472,0.422500,-0.055277
41.4100,-0.003968,0.654460,0.645540,0.422500,-0.044601
41.4200,-0.003452,0.653389,0.646611,0.422500,-0.033894
41.4300,-0.002931,0.652318,0.647682,0.422500,-0.023179
41.4400,-0.002407,0.651248,0.648752,0.422500,-0.012477
41.4500,-0.001880,0.650181,0.649819,0.422500,-0.001809
41.4600,-0.001352,0.649120,0.650880,0.422500,0.008803
41.4700,-0.000824,0.648066,0.651934,0.422500,0.019339
41.4800,-0.000297,0.647022,0.652978,0.422500,0.029777
41.4900,0.000228,0.645990,0.654010,0.422500,0.040098
41.5000,0.000750,0.644972,0.655028,0.422500,0.050281
41.5100,0.001268,0.643969,0.656031,0.422500,0.060307
41.5200,0.001781,0.642984,0.657016,0.422500,0.070157
41.5300,0.002288,0.642019,0.657981,0.422500,0.079811
41.5400,0.002788,0.641075,0.658925,0.422500,0.089252
41.5500,0.003281,0.640154,0.659846,0.422500,0.098461
41.5600,0.003764,0.639258,0.660742,0.422500,0.107423
41.5700,0.004237,0.638388,0.661612,0.422500,0.116118
41.5800,0.004700,0.637547,0.662453,0.422500,0.124533
41.5900,0.005151,0.636735,0.663265,0.422500,0.132652
41.6000,0.005589,0.635954,0.664046,0.422500,0.140460
41.6100,0.006015,0.635206,0.664794,0.422500,0.147942
41.6200,0.006426,0.634491,0.665509,0.422500,0.155087
41.6300,0.006823,0.633812,0.666188,0.422500,0.161880
41.6400,0.007204,0.633169,0.666831,0.422500,0.168312
41.6500,0.007569,0.632563,0.667437,0.422500,0.174370
41.6600,0.007917,0.631996,0.668004,0.422500,0.180044
41.6700,0.008247,0.631467,0.668533,0.422500,0.185326
41.6800,0.008560,0.630979,0.669021,0.422500,0.190207
41.6900,0.008854,0.630532,0.669468,0.422500,0.194680
41.7000,0.009129,0.630126,0.669874,0.422500,0.198737
41.7100,0.009385,0.629763,0.670237,0.422500,0.202372
41.7200,0.009620,0.629442,0.670558,0.422500,0.205582
41.7300,0.009836,0.629164,0.670836,0.422500,0.208361
41.7400,0.010031,0.628929,0.671071,0.422500,0.210706
41.7500,0.010205,0.628738,0.671262,0.422500,0.212616
41.7600,0.010358,0.628591,0.671409,0.422500,0.214089
41.7700,0.010490,0.628488,0.671512,0.422500,0.215124
41.7800,0.010600,0.628428,0.671572,0.422500,0.215721
41.7900,0.010689,0.628412,0.671588,0.422500,0.215882
41.8000,0.010757,0.628439,0.671561,0.422500,0.215609
41.8100,0.010802,0.628509,0.671491,0.422500,0.214905
41.8200,0.010827,0.628623,0.671377,0.422500,0.213774
41.8300,0.010829,0.628778,0.671222,0.422500,0.212220
41.8400,0.010811,0.628975,0.671025,0.422500,0.210249
41.8500,0.010771,0.629213,0.670787,0.422500,0.207867
41.8600,0.010710,0.629492,0.670508,0.422500,0.205081
41.8700,0.010628,0.629810,0.670190,0.422500,0.201899
41.8800,0.010526,0.630167,0.669833,0.422500,0.198330
41.8900,0.010403,0.630562,0.669438,0.422500,0.194383
41.9000,0.010261,0.630993,0.669007,0.422500,0.190068
41.9100,0.010099,0.631460,0.668540,0.422500,0.185396
41.9200,0.009919,0.631962,0.668038,0.422500,0.180377
41.9300,0.009719,0.632498,0.667502,0.422500,0.175025
41.9400,0.009502,0.633065,0.666935,0.422500,0.169351
41.9500,0.009267,0.633663,0.666337,0.422500,0.163370
41.9600,0.009016,0.634291,0.665709,0.422500,0.157094
41.9700,0.008748,0.634946,0.665054,0.422500,0.150537
41.9800,0.008464,0.635628,0.664372,0.422500,0.143716
41.9900,0.008165,0.636336,0.663664,0.422500,0.136644
42.0000,0.007852,0.637066,0.662934,0.422500,0.129337
42.0100,0.007525,0.637819,0.662181,0.422500,0.121812
42.0200,0.007186,0.638592,0.661408,0.422500,0.114084
42.0300,0.006834,0.639383,0.660617,0.422500,0.106170
42.0400,0.006470,0.640191,0.659809,0.422500,0.098088
42.0500,0.006096,0.641015,0.658985,0.422500,0.089853
42.0600,0.005713,0.641852,0.658148,0.422500,0.081485
42.0700,0.005320,0.642700,0.657300,0.422500,0.072999
42.0800,0.004919,0.643559,0.656441,0.422500,0.064414
42.0900,0.004511,0.644425,0.655575,0.422500,0.055748
42.1000,0.004096,0.645298,0.654702,0.422500,0.047018
42.1100,0.003676,0.646176,0.653824,0.422500,0.038242
42.1200,0.003252,0.647056,0.652944,0.422500,0.029438
42.1300,0.002823,0.647938,0.652062,0.422500,0.020624
42.1400,0.002391,0.648818,0.651182,0.422500,0.011818
42.1500,0.001958,0.649696,0.650304,0.422500,0.003037
42.1600,0.001523,0.650570,0.649430,0.422500,-0.005702
42.1700,0.001088,0.651438,0.648562,0.422500,-0.014380
42.1800,0.000653,0.652298,0.647702,0.422500,-0.022982
42.1900,0.000220,0.653149,0.646851,0.422500,-0.031490
42.2000,-0.000211,0.653989,0.646011,0.422500,-0.039887
42.2100,-0.000639,0.654816,0.645184,0.422500,-0.048158
42.2200,-0.001062,0.655629,0.644371,0.422500,-0.056287
42.2300,-0.001481,0.656426,0.643574,0.422500,-0.064258
42.2400,-0.001894,0.657206,0.642794,0.422500,-0.072055
42.2500,-0.002301,0.657967,0.642033,0.422500,-0.079665
42.2600,-0.002701,0.658707,0.641293,0.422500,-0.087073
42.2700,-0.003093,0.659427,0.640573,0.422500,-0.094266
42.2800,-0.003476,0.660123,0.639877,0.422500,-0.101229
42.2900,-0.003849,0.660795,0.639205,0.422500,-0.107951
42.3000,-0.004213,0.661442,0.638558,0.422500,-0.114419
42.3100,-0.004565,0.662062,0.637938,0.422500,-0.120621
42.3200,-0.004906,0.662655,0.637345,0.422500,-0.126548
42.3300,-0.005236,0.663219,0.636781,0.422500,-0.132187
42.3400,-0.005552,0.663753,0.636247,0.422500,-0.137531
42.3500,-0.005855,0.664257,0.635743,0.422500,-0.142568
42.3600,-0.006145,0.664729,0.635271,0.422500,-0.147292
42.3700,-0.006420,0.665169,0.634831,0.422500,-0.151694
42.3800,-0.006681,0.665577,0.634423,0.422500,-0.155768
42.3900,-0.006926,0.665951,0.634049,0.422500,-0.159506
42.4000,-0.007156,0.666290,0.633710,0.422500,-0.162903
42.4100,-0.007370,0.666596,0.633404,0.422500,-0.165955
42.4200,-0.007568,0.666866,0.633134,0.422500,-0.168657
42.4300,-0.007749,0.667101,0.632899,0.422500,-0.171006
42.4400,-0.007913,0.667300,0.632700,0.422500,-0.172999
42.4500,-0.008060,0.667463,0.632537,0.422500,-0.174633
42.4600,-0.008190,0.667591,0.632409,0.422500,-0.175908
42.4700,-0.008302,0.667682,0.632318,0.422500,-0.176823
42.4800,-0.008397,0.667738,0.632262,0.422500,-0.177378
42.4900,-0.008474,0.667757,0.632243,0.422500,-0.177574
42.5000,-0.008533,0.667741,0.632259,0.422500,-0.177413
42.5100,-0.008575,0.667690,0.632310,0.422500,-0.176897
42.5200,-0.008598,0.667603,0.632397,0.422500,-0.176028
42.5300,-0.008604,0.667481,0.632519,0.422500,-0.174812
42.5400,-0.008593,0.667325,0.632675,0.422500,-0.173251
42.5500,-0.008564,0.667135,0.632865,0.422500,-0.171352
42.5600,-0.008518,0.666912,0.633088,0.422500,-0.169119
42.5700,-0.008454,0.666656,0.633344,0.422500,-0.166559
42.5800,-0.008374,0.666368,0.633632,0.422500,-0.163680
42.5900,-0.008277,0.666049,0.633951,0.422500,-0.160488
42.6000,-0.008164,0.665699,0.634301,0.422500,-0.156992
42.6100,-0.008034,0.665320,0.634680,0.422500,-0.153201
42.6200,-0.007889,0.664912,0.635088,0.422500,-0.149123
42.6300,-0.007729,0.664477,0.635523,0.422500,-0.144769
42.6400,-0.007553,0.664015,0.635985,0.422500,-0.140149
42.6500,-0.007363,0.663527,0.636473,0.422500,-0.135273
42.6600,-0.007160,0.663015,0.636985,0.422500,-0.130153
42.6700,-0.006942,0.662480,0.637520,0.422500,-0.124801
42.6800,-0.006712,0.661923,0.638077,0.422500,-0.119228
42.6900,-0.006469,0.661345,0.638655,0.422500,-0.113446
42.7000,-0.006214,0.660747,0.639253,0.422500,-0.107470
42.7100,-0.005948,0.660131,0.639869,0.422500,-0.101311
42.7200,-0.005671,0.659498,0.640502,0.422500,-0.094983
42.7300,-0.005384,0.658850,0.641150,0.422500,-0.088500
42.7400,-0.005088,0.658188,0.641812,0.422500,-0.081876
42.7500,-0.004783,0.657512,0.642488,0.422500,-0.075124
42.7600,-0.004469,0.656826,0.643174,0.422500,-0.068259
42.7700,-0.004148,0.656130,0.643870,0.422500,-0.061296
42.7800,-0.003820,0.655425,0.644575,0.422500,-0.054248
42.7900,-0.003486,0.654713,0.645287,0.422500,-0.047130
42.8000,-0.003147,0.653996,0.646004,0.422500,-0.039958
42.8100,-0.002803,0.653275,0.646725,0.422500,-0.032745
42.8200,-0.002455,0.652551,0.647449,0.422500,-0.025507
42.8300,-0.002103,0.651826,0.648174,0.422500,-0.018258
42.8400,-0.001749,0.651101,0.648899,0.422500,-0.011012
42.8500,-0.001394,0.650378,0.649622,0.422500,-0.003785
42.8600,-0.001037,0.649659,0.650341,0.422500,0.003410
42.8700,-0.000680,0.648944,0.651056,0.422500,0.010558
42.8800,-0.000323,0.648236,0.651764,0.422500,0.017645
42.8900,0.000033,0.647534,0.652466,0.422500,0.024657
42.9000,0.000387,0.646842,0.653158,0.422500,0.031581
42.9100,0.000739,0.646160,0.653840,0.422500,0.038403
42.9200,0.001087,0.645489,0.654511,0.422500,0.045111
42.9300,0.001432,0.644831,0.655169,0.422500,0.051690
42.9400,0.001772,0.644187,0.655813,0.422500,0.058130
42.9500,0.002107,0.643558,0.656442,0.422500,0.064417
42.9600,0.002436,0.642946,0.657054,0.422500,0.070540
42.9700,0.002758,0.642351,0.657649,0.422500,0.076487
42.9800,0.003074,0.641775,0.658225,0.422500,0.082248
42.9900,0.003382,0.641219,0.658781,0.422500,0.087812
43.0000,0.003682,0.640683,0.659317,0.422500,0.093169
43.0100,0.003973,0.640169,0.659831,0.422500,0.098310
43.0200,0.004254,0.639678,0.660322,0.422500,0.103224
43.0300,0.004526,0.639210,0.660790,0.422500,0.107904
43.0400,0.004788,0.638766,0.661234,0.422500,0.112342
43.0500,0.005039,0.638347,0.661653,0.422500,0.116530
43.0600,0.005278,0.637954,0.662046,0.422500,0.120461
43.0700,0.005506,0.637587,0.662413,0.422500,0.124128
43.0800,0.005722,0.637247,0.662753,0.422500,0.127526
43.0900,0.005925,0.636935,0.663065,0.422500,0.130649
43.1000,0.006116,0.636651,0.663349,0.422500,0.133493
43.1100,0.006293,0.636395,0.663605,0.422500,0.136053
43.1200,0.006458,0.636167,0.663833,0.422500,0.138325
43.1300,0.006608,0.635969,0.664031,0.422500,0.140308
43.1400,0.006745,0.635800,0.664200,0.422500,0.141998
43.1500,0.006868,0.635661,0.664339,0.422500,0.143394
43.1600,0.006976,0.635551,0.664449,0.422500,0.144494
43.1700,0.007071,0.635470,0.664530,0.422500,0.145299
43.1800,0.007150,0.635419,0.664581,0.422500,0.145807
43.1900,0.007216,0.635398,0.664602,0.422500,0.146020
43.2000,0.007266,0.635406,0.664594,0.422500,0.145939
43.2100,0.007302,0.635444,0.664556,0.422500,0.145565
43.2200,0.007324,0.635510,0.664490,0.422500,0.144901
43.2300,0.007331,0.635605,0.664395,0.422500,0.143951
43.2400,0.007323,0.635728,0.664272,0.422500,0.142716
43.2500,0.007301,0.635880,0.664120,0.422500,0.141203
43.2600,0.007265,0.636059,0.663941,0.422500,0.139414
43.2700,0.007215,0.636264,0.663736,0.422500,0.137356
43.2800,0.007150,0.636497,0.663503,0.422500,0.135033
43.2900,0.007072,0.636755,0.663245,0.422500,0.132452
43.3000,0.006981,0.637038,0.662962,0.422500,0.129620
43.3100,0.006876,0.637346,0.662654,0.422500,0.126544
43.3200,0.006758,0.637677,0.662323,0.422500,0.123231
43.3300,0.006628,0.638031,0.661969,0.422500,0.119689
43.3400,0.006485,0.638407,0.661593,0.422500,0.115927
43.3500,0.006330,0.638805,0.661195,0.422500,0.111953
43.3600,0.006164,0.639222,0.660778,0.422500,0.107777
43.3700,0.005987,0.639659,0.660341,0.422500,0.103407
43.3800,0.005798,0.640115,0.659885,0.422500,0.098855
43.3900,0.005600,0.640587,0.659413,0.422500,0.094129
43.4000,0.005391,0.641076,0.658924,0.422500,0.089241
43.4100,0.005173,0.641580,0.658420,0.422500,0.084201
43.4200,0.004947,0.642098,0.657902,0.422500,0.079020
43.4300,0.004711,0.642629,0.657371,0.422500,0.073710
43.4400,0.004468,0.643172,0.656828,0.422500,0.068281
43.4500,0.004218,0.643725,0.656275,0.422500,0.062745
43.4600,0.003961,0.644289,0.655711,0.422500,0.057114
43.4700,0.003697,0.644860,0.655140,0.422500,0.051400
43.4800,0.003428,0.645439,0.654561,0.422500,0.045615
43.4900,0.003153,0.646023,0.653977,0.422500,0.039770
43.5000,0.002874,0.646612,0.653388,0.422500,0.033878
43.5100,0.002591,0.647205,0.652795,0.422500,0.027951
43.5200,0.002305,0.647800,0.652200,0.422500,0.022000
43.5300,0.002016,0.648396,0.651604,0.422500,0.016039
43.5400,0.001724,0.648992,0.651008,0.422500,0.010078
43.5500,0.001431,0.649587,0.650413,0.422500,0.004130
43.5600,0.001138,0.650179,0.649821,0.422500,-0.001793
43.5700,0.000843,0.650768,0.649232,0.422500,-0.007679
43.5800,0.000549,0.651352,0.648648,0.422500,-0.013518
43.5900,0.000256,0.651930,0.648070,0.422500,-0.019297
43.6000,-0.000037,0.652500,0.647500,0.422500,-0.025005
43.6100,-0.000327,0.653063,0.646937,0.422500,-0.030631
43.6200,-0.000614,0.653616,0.646384,0.422500,-0.036165
43.6300,-0.000899,0.654160,0.645840,0.422500,-0.041595
43.6400,-0.001180,0.654691,0.645309,0.422500,-0.046912
43.6500,-0.001457,0.655211,0.644789,0.422500,-0.052105
43.6600,-0.001729,0.655717,0.644283,0.422500,-0.057165
43.6700,-0.001996,0.656208,0.643792,0.422500,-0.062082
43.6800,-0.002257,0.656685,0.643315,0.422500,-0.066848
43.6900,-0.002512,0.657145,0.642855,0.422500,-0.071452
43.7000,-0.002760,0.657589,0.642411,0.422500,-0.075888
43.7100,-0.003001,0.658015,0.641985,0.422500,-0.080147
43.7200,-0.003235,0.658422,0.641578,0.422500,-0.084222
43.7300,-0.003461,0.658810,0.641190,0.422500,-0.088105
43.7400,-0.003678,0.659179,0.640821,0.422500,-0.091790
43.7500,-0.003886,0.659527,0.640473,0.422500,-0.095270
43.7600,-0.004085,0.659854,0.640146,0.422500,-0.098540
43.7700,-0.004275,0.660159,0.639841,0.422500,-0.101594
43.7800,-0.004455,0.660443,0.639557,0.422500,-0.104427
43.7900,-0.004624,0.660703,0.639297,0.422500,-0.107035
43.8000,-0.004783,0.660941,0.639059,0.422500,-0.109413
43.8100,-0.004932,0.661156,0.638844,0.422500,-0.111559
43.8200,-0.005069,0.661347,0.638653,0.422500,-0.113470
43.8300,-0.005196,0.661514,0.638486,0.422500,-0.115142
43.8400,-0.005311,0.661657,0.638343,0.422500,-0.116573
43.8500,-0.005414,0.661776,0.638224,0.422500,-0.117763
43.8600,-0.005506,0.661871,0.638129,0.422500,-0.118710
43.8700,-0.005586,0.661941,0.638059,0.422500,-0.119414
43.8800,-0.005655,0.661987,0.638013,0.422500,-0.119874
43.8900,-0.005711,0.662009,0.637991,0.422500,-0.120091
43.9000,-0.005755,0.662007,0.637993,0.422500,-0.120066
43.9100,-0.005787,0.661980,0.638020,0.422500,-0.119800
43.9200,-0.005808,0.661930,0.638070,0.422500,-0.119295
43.9300,-0.005816,0.661855,0.638145,0.422500,-0.118554
43.9400,-0.005812,0.661758,0.638242,0.422500,-0.117579
43.9500,-0.005797,0.661637,0.638363,0.422500,-0.116374
43.9600,-0.005770,0.661494,0.638506,0.422500,-0.114941
43.9700,-0.005731,0.661329,0.638671,0.422500,-0.113287
43.9800,-0.005680,0.661141,0.638859,0.422500,-0.111414
43.9900,-0.005619,0.660933,0.639067,0.422500,-0.109328
44.0000,-0.005546,0.660703,0.639297,0.422500,-0.107034
44.0100,-0.005462,0.660454,0.639546,0.422500,-0.104538
44.0200,-0.005368,0.660185,0.639815,0.422500,-0.101847
44.0300,-0.005263,0.659897,0.640103,0.422500,-0.098966
44.0400,-0.005148,0.659590,0.640410,0.422500,-0.095903
44.0500,-0.005022,0.659266,0.640734,0.422500,-0.092664
44.0600,-0.004888,0.658926,0.641074,0.422500,-0.089257
44.0700,-0.004744,0.658569,0.641431,0.422500,-0.085690
44.0800,-0.004591,0.658197,0.641803,0.422500,-0.081972
44.0900,-0.004430,0.657811,0.642189,0.422500,-0.078109
44.1000,-0.004260,0.657411,0.642589,0.422500,-0.074111
44.1100,-0.004083,0.656999,0.643001,0.422500,-0.069987
44.1200,-0.003898,0.656575,0.643425,0.422500,-0.065746
44.1300,-0.003706,0.656140,0.643860,0.422500,-0.061396
44.1400,-0.003508,0.655695,0.644305,0.422500,-0.056947
44.1500,-0.003304,0.655241,0.644759,0.422500,-0.052408
44.1600,-0.003093,0.654779,0.645221,0.422500,-0.047790
44.1700,-0.002878,0.654310,0.645690,0.422500,-0.043102
44.1800,-0.002658,0.653835,0.646165,0.422500,-0.038353
44.1900,-0.002433,0.653355,0.646645,0.422500,-0.033553
44.2000,-0.002205,0.652871,0.647129,0.422500,-0.028713
44.2100,-0.001973,0.652384,0.647616,0.422500,-0.023843
44.2200,-0.001739,0.651895,0.648105,0.422500,-0.018951
44.2300,-0.001502,0.651405,0.648595,0.422500,-0.014049
44.2400,-0.001263,0.650915,0.649085,0.422500,-0.009146
44.2500,-0.001023,0.650425,0.649575,0.422500,-0.004252
44.2600,-0.000781,0.649938,0.650062,0.422500,0.000624
44.2700,-0.000540,0.649453,0.650547,0.422500,0.005471
44.2800,-0.000298,0.648972,0.651028,0.422500,0.010281
44.2900,-0.000057,0.648496,0.651504,0.422500,0.015043
44.3000,0.000183,0.648025,0.651975,0.422500,0.019748
44.3100,0.000421,0.647561,0.652439,0.422500,0.024388
44.3200,0.000658,0.647105,0.652895,0.422500,0.028953
44.3300,0.000892,0.646657,0.653343,0.422500,0.033434
44.3400,0.001123,0.646218,0.653782,0.422500,0.037824
44.3500,0.001350,0.645789,0.654211,0.422500,0.042113
44.3600,0.001575,0.645371,0.654629,0.422500,0.046294
44.3700,0.001794,0.644964,0.655036,0.422500,0.050358
44.3800,0.002009,0.644570,0.655430,0.422500,0.054300
44.3900,0.002220,0.644189,0.655811,0.422500,0.058110
44.4000,0.002424,0.643822,0.656178,0.422500,0.061783
44.4100,0.002623,0.643469,0.656531,0.422500,0.065311
44.4200,0.002816,0.643131,0.656869,0.422500,0.068689
44.4300,0.003002,0.642809,0.657191,0.422500,0.071910
44.4400,0.003182,0.642503,0.657497,0.422500,0.074969
44.4500,0.003354,0.642214,0.657786,0.422500,0.077860
44.4600,0.003518,0.641942,0.658058,0.422500,0.080579
44.4700,0.003675,0.641688,0.658312,0.422500,0.083122
44.4800,0.003824,0.641452,0.658548,0.422500,0.085483
44.4900,0.003964,0.641234,0.658766,0.422500,0.087660
44.5000,0.004096,0.641035,0.658965,0.422500,0.089649
44.5100,0.004220,0.640855,0.659145,0.422500,0.091447
44.5200,0.004334,0.640695,0.659305,0.422500,0.093052
44.5300,0.004439,0.640554,0.659446,0.422500,0.094460
44.5400,0.004535,0.640433,0.659567,0.422500,0.095672
44.5500,0.004621,0.640332,0.659668,0.422500,0.096685
44.5600,0.004698,0.640250,0.659750,0.422500,0.097498
44.5700,0.004765,0.640189,0.659811,0.422500,0.098111
44.5800,0.004822,0.640148,0.659852,0.422500,0.098524
44.5900,0.004870,0.640126,0.659874,0.422500,0.098737
44.6000,0.004907,0.640125,0.659875,0.422500,0.098750
44.6100,0.004935,0.640143,0.659857,0.422500,0.098566
44.6200,0.004953,0.640182,0.659818,0.422500,0.098184
44.6300,0.004961,0.640239,0.659761,0.422500,0.097608
44.6400,0.004959,0.640316,0.659684,0.422500,0.096839
44.6500,0.004948,0.640412,0.659588,0.422500,0.095880
44.6600,0.004927,0.640527,0.659473,0.422500,0.094734
44.6700,0.004896,0.640660,0.659340,0.422500,0.093405
44.6800,0.004856,0.640811,0.659189,0.422500,0.091895
44.6900,0.004806,0.640979,0.659021,0.422500,0.090209
44.7000,0.004747,0.641165,0.658835,0.422500,0.088352
44.7100,0.004679,0.641367,0.658633,0.422500,0.086327
44.7200,0.004603,0.641586,0.658414,0.422500,0.084141
44.7300,0.004517,0.641820,0.658180,0.422500,0.081798
44.7400,0.004424,0.642070,0.657930,0.422500,0.079304
44.7500,0.004322,0.642333,0.657667,0.422500,0.076665
44.7600,0.004212,0.642611,0.657389,0.422500,0.073887
44.7700,0.004095,0.642902,0.657098,0.422500,0.070975
44.7800,0.003970,0.643206,0.656794,0.422500,0.067938
44.7900,0.003838,0.643522,0.656478,0.422500,0.064781
44.8000,0.003699,0.643849,0.656151,0.422500,0.061512
44.8100,0.003554,0.644186,0.655814,0.422500,0.058138
44.8200,0.003402,0.644533,0.655467,0.422500,0.054665
44.8300,0.003245,0.644890,0.655110,0.422500,0.051102
44.8400,0.003083,0.645254,0.654746,0.422500,0.047457
44.8500,0.002915,0.645626,0.654374,0.422500,0.043737
44.8600,0.002742,0.646005,0.653995,0.422500,0.039949
44.8700,0.002566,0.646390,0.653610,0.422500,0.036102
44.8800,0.002385,0.646780,0.653220,0.422500,0.032205
44.8900,0.002200,0.647174,0.652826,0.422500,0.028264
44.9000,0.002012,0.647571,0.652429,0.422500,0.024289
44.9100,0.001822,0.647971,0.652029,0.422500,0.020287
44.9200,0.001629,0.648373,0.651627,0.422500,0.016266
44.9300,0.001434,0.648776,0.651224,0.422500,0.012235
44.9400,0.001237,0.649180,0.650820,0.422500,0.008202
44.9500,0.001040,0.649582,0.650418,0.422500,0.004175
44.9600,0.000841,0.649984,0.650016,0.422500,0.000162
44.9700,0.000642,0.650383,0.649617,0.422500,-0.003829
44.9800,0.000443,0.650779,0.649221,0.422500,-0.007790
44.9900,0.000244,0.651171,0.648829,0.422500,-0.011714
45.0000,0.000046,0.651559,0.648441,0.422500,-0.015592
45.0100,-0.000151,0.651942,0.648058,0.422500,-0.019418
45.0200,-0.000346,0.652318,0.647682,0.422500,-0.023183
45.0300,-0.000539,0.652688,0.647312,0.422500,-0.026881
45.0400,-0.000730,0.653050,0.646950,0.422500,-0.030504
45.0500,-0.000918,0.653405,0.646595,0.422500,-0.034046
45.0600,-0.001104,0.653750,0.646250,0.422500,-0.037501
45.0700,-0.001285,0.654086,0.645914,0.422500,-0.040860
45.0800,-0.001463,0.654412,0.645588,0.422500,-0.044120
45.0900,-0.001637,0.654727,0.645273,0.422500,-0.047272
45.1000,-0.001807,0.655031,0.644969,0.422500,-0.050312
45.1100,-0.001972,0.655323,0.644677,0.422500,-0.053235
45.1200,-0.002131,0.655603,0.644397,0.422500,-0.056034
45.1300,-0.002286,0.655871,0.644129,0.422500,-0.058705
45.1400,-0.002435,0.656124,0.643876,0.422500,-0.061244
45.1500,-0.002578,0.656365,0.643635,0.422500,-0.063646
45.1600,-0.002715,0.656591,0.643409,0.422500,-0.065907
45.1700,-0.002845,0.656802,0.643198,0.422500,-0.068023
45.1800,-0.002969,0.656999,0.643001,0.422500,-0.069991
45.1900,-0.003086,0.657181,0.642819,0.422500,-0.071807
45.2000,-0.003196,0.657347,0.642653,0.422500,-0.073470
45.2100,-0.003299,0.657498,0.642502,0.422500,-0.074975
45.2200,-0.003395,0.657632,0.642368,0.422500,-0.076322
45.2300,-0.003483,0.657751,0.642249,0.422500,-0.077508
45.2400,-0.003563,0.657853,0.642147,0.422500,-0.078533
45.2500,-0.003636,0.657939,0.642061,0.422500,-0.079394
45.2600,-0.003701,0.658009,0.641991,0.422500,-0.080091
45.2700,-0.003758,0.658062,0.641938,0.422500,-0.080623
45.2800,-0.003807,0.658099,0.641901,0.422500,-0.080991
45.2900,-0.003848,0.658119,0.641881,0.422500,-0.081194
45.3000,-0.003880,0.658123,0.641877,0.422500,-0.081233
45.3100,-0.003905,0.658111,0.641889,0.422500,-0.081109
45.3200,-0.003922,0.658082,0.641918,0.422500,-0.080823
45.3300,-0.003930,0.658038,0.641962,0.422500,-0.080376
45.3400,-0.003930,0.657977,0.642023,0.422500,-0.079771
45.3500,-0.003923,0.657901,0.642099,0.422500,-0.079008
45.3600,-0.003907,0.657809,0.642191,0.422500,-0.078092
45.3700,-0.003883,0.657702,0.642298,0.422500,-0.077024
45.3800,-0.003852,0.657581,0.642419,0.422500,-0.075808
45.3900,-0.003813,0.657445,0.642555,0.422500,-0.074446
45.4000,-0.003766,0.657294,0.642706,0.422500,-0.072942
45.4100,-0.003712,0.657130,0.642870,0.422500,-0.071300
45.4200,-0.003650,0.656952,0.643048,0.422500,-0.069525
45.4300,-0.003582,0.656762,0.643238,0.422500,-0.067620
45.4400,-0.003506,0.656559,0.643441,0.422500,-0.065590
45.4500,-0.003424,0.656344,0.643656,0.422500,-0.063439
45.4600,-0.003335,0.656117,0.643883,0.422500,-0.061173
45.4700,-0.003240,0.655880,0.644120,0.422500,-0.058797
45.4800,-0.003139,0.655632,0.644368,0.422500,-0.056317
45.4900,-0.003032,0.655374,0.644626,0.422500,-0.053737
45.5000,-0.002919,0.655106,0.644894,0.422500,-0.051063
45.5100,-0.002801,0.654830,0.645170,0.422500,-0.048303
45.5200,-0.002677,0.654546,0.645454,0.422500,-0.045460
45.5300,-0.002549,0.654254,0.645746,0.422500,-0.042542
45.5400,-0.002417,0.653956,0.646044,0.422500,-0.039555
45.5500,-0.002280,0.653651,0.646349,0.422500,-0.036506
45.5600,-0.002139,0.653340,0.646660,0.422500,-0.033400
45.5700,-0.001994,0.653024,0.646976,0.422500,-0.030244
45.5800,-0.001846,0.652704,0.647296,0.422500,-0.027045
45.5900,-0.001696,0.652381,0.647619,0.422500,-0.023810
45.6000,-0.001542,0.652054,0.647946,0.422500,-0.020545
45.6100,-0.001386,0.651726,0.648274,0.422500,-0.017256
45.6200,-0.001228,0.651395,0.648605,0.422500,-0.013952
45.6300,-0.001068,0.651064,0.648936,0.422500,-0.010638
45.6400,-0.000907,0.650732,0.649268,0.422500,-0.007321
45.6500,-0.000745,0.650401,0.649599,0.422500,-0.004008
45.6600,-0.000582,0.650070,0.649930,0.422500,-0.000705
45.6700,-0.000419,0.649742,0.650258,0.422500,0.002581
45.6800,-0.000255,0.649416,0.650584,0.422500,0.005844
45.6900,-0.000092,0.649092,0.650908,0.422500,0.009076
45.7000,0.000071,0.648773,0.651227,0.422500,0.012273
45.7100,0.000232,0.648457,0.651543,0.422500,0.015427
45.7200,0.000393,0.648147,0.651853,0.422500,0.018533
45.7300,0.000552,0.647842,0.652158,0.422500,0.021584
45.7400,0.000709,0.647543,0.652457,0.422500,0.024575
45.7500,0.000863,0.647250,0.652750,0.422500,0.027500
45.7600,0.001016,0.646965,0.653035,0.422500,0.030353
45.7700,0.001166,0.646687,0.653313,0.422500,0.033130
45.7800,0.001312,0.646418,0.653582,0.422500,0.035825
45.7900,0.001456,0.646157,0.653843,0.422500,0.038433
45.8000,0.001595,0.645905,0.654095,0.422500,0.040949
45.8100,0.001731,0.645663,0.654337,0.422500,0.043369
45.8200,0.001863,0.645431,0.654569,0.422500,0.045689
45.8300,0.001990,0.645210,0.654790,0.422500,0.047905
45.8400,0.002113,0.644999,0.655001,0.422500,0.050011
45.8500,0.002231,0.644799,0.655201,0.422500,0.052006
45.8600,0.002345,0.644611,0.655389,0.422500,0.053885
45.8700,0.002452,0.644435,0.655565,0.422500,0.055646
45.8800,0.002555,0.644271,0.655729,0.422500,0.057286
45.8900,0.002652,0.644120,0.655880,0.422500,0.058801
45.9000,0.002743,0.643981,0.656019,0.422500,0.060190
45.9100,0.002829,0.643855,0.656145,0.422500,0.061450
45.9200,0.002908,0.643742,0.656258,0.422500,0.062580
45.9300,0.002981,0.643642,0.656358,0.422500,0.063579
45.9400,0.003048,0.643556,0.656444,0.422500,0.064444
45.9500,0.003109,0.643483,0.656517,0.422500,0.065175
45.9600,0.003163,0.643423,0.656577,0.422500,0.065771
45.9700,0.003210,0.643377,0.656623,0.422500,0.066232
45.9800,0.003251,0.643344,0.656656,0.422500,0.066557
45.9900,0.003286,0.643325,0.656675,0.422500,0.066748
46.0000,0.003313,0.643320,0.656680,0.422500,0.066803
46.0100,0.003335,0.643328,0.656672,0.422500,0.066724
46.0200,0.003349,0.643349,0.656651,0.422500,0.066511
46.0300,0.003357,0.643383,0.656617,0.422500,0.066166
46.0400,0.003358,0.643431,0.656569,0.422500,0.065690
46.0500,0.003352,0.643491,0.656509,0.422500,0.065085
46.0600,0.003340,0.643565,0.656435,0.422500,0.064353
46.0700,0.003321,0.643650,0.656350,0.422500,0.063496
46.0800,0.003296,0.643748,0.656252,0.422500,0.062516
46.0900,0.003265,0.643858,0.656142,0.422500,0.061416
46.1000,0.003227,0.643980,0.656020,0.422500,0.060199
46.1100,0.003184,0.644113,0.655887,0.422500,0.058868
46.1200,0.003134,0.644257,0.655743,0.422500,0.057427
46.1300,0.003078,0.644412,0.655588,0.422500,0.055878
46.1400,0.003017,0.644577,0.655423,0.422500,0.054226
46.1500,0.002950,0.644753,0.655247,0.422500,0.052474
46.1600,0.002877,0.644937,0.655063,0.422500,0.050626
46.1700,0.002799,0.645131,0.654869,0.422500,0.048687
46.1800,0.002717,0.645334,0.654666,0.422500,0.046661
46.1900,0.002629,0.645545,0.654455,0.422500,0.044553
46.2000,0.002537,0.645763,0.654237,0.422500,0.042367
46.2100,0.002440,0.645989,0.654011,0.422500,0.040109
46.2200,0.002339,0.646222,0.653778,0.422500,0.037782
46.2300,0.002234,0.646461,0.653539,0.422500,0.035393
46.2400,0.002125,0.646705,0.653295,0.422500,0.032946
46.2500,0.002013,0.646955,0.653045,0.422500,0.030446
46.2600,0.001897,0.647210,0.652790,0.422500,0.027899
46.2700,0.001779,0.647469,0.652531,0.422500,0.025310
46.2800,0.001657,0.647731,0.652269,0.422500,0.022685
46.2900,0.001533,0.647997,0.652003,0.422500,0.020029
46.3000,0.001407,0.648265,0.651735,0.422500,0.017348
46.3100,0.001279,0.648535,0.651465,0.422500,0.014646
46.3200,0.001149,0.648807,0.651193,0.422500,0.011930
46.3300,0.001017,0.649079,0.650921,0.422500,0.009206
46.3400,0.000885,0.649352,0.650648,0.422500,0.006478
46.3500,0.000751,0.649625,0.650375,0.422500,0.003752
46.3600,0.000617,0.649897,0.650103,0.422500,0.001034
46.3700,0.000482,0.650167,0.649833,0.422500,-0.001671
46.3800,0.000347,0.650436,0.649564,0.422500,-0.004358
46.3900,0.000213,0.650702,0.649298,0.422500,-0.007021
46.4000,0.000079,0.650966,0.649034,0.422500,-0.009655
46.4100,-0.000055,0.651226,0.648774,0.422500,-0.012256
46.4200,-0.000187,0.651482,0.648518,0.422500,-0.014817
46.4300,-0.000318,0.651733,0.648267,0.422500,-0.017334
46.4400,-0.000448,0.651980,0.648020,0.422500,-0.019803
46.4500,-0.000576,0.652222,0.647778,0.422500,-0.022218
46.4600,-0.000702,0.652457,0.647543,0.422500,-0.024575
46.4700,-0.000826,0.652687,0.647313,0.422500,-0.026869
46.4800,-0.000947,0.652910,0.647090,0.422500,-0.029097
46.4900,-0.001066,0.653125,0.646875,0.422500,-0.031255
46.5000,-0.001181,0.653334,0.646666,0.422500,-0.033337
46.5100,-0.001294,0.653534,0.646466,0.422500,-0.035341
46.5200,-0.001403,0.653726,0.646274,0.422500,-0.037264
46.5300,-0.001509,0.653910,0.646090,0.422500,-0.039100
46.5400,-0.001611,0.654085,0.645915,0.422500,-0.040848
46.5500,-0.001709,0.654250,0.645750,0.422500,-0.042505
46.5600,-0.001803,0.654407,0.645593,0.422500,-0.044067
46.5700,-0.001893,0.654553,0.645447,0.422500,-0.045531
46.5800,-0.001978,0.654690,0.645310,0.422500,-0.046897
46.5900,-0.002059,0.654816,0.645184,0.422500,-0.048160
46.6000,-0.002135,0.654932,0.645068,0.422500,-0.049321
46.6100,-0.002206,0.655038,0.644962,0.422500,-0.050375
46.6200,-0.002273,0.655132,0.644868,0.422500,-0.051323
46.6300,-0.002334,0.655216,0.644784,0.422500,-0.052162
46.6400,-0.002390,0.655289,0.644711,0.422500,-0.052893
46.6500,-0.002441,0.655351,0.644649,0.422500,-0.053513
46.6600,-0.002487,0.655402,0.644598,0.422500,-0.054022
46.6700,-0.002527,0.655442,0.644558,0.422500,-0.054420
46.6800,-0.002562,0.655471,0.644529,0.422500,-0.054706
46.6900,-0.002592,0.655488,0.644512,0.422500,-0.054882
46.7000,-0.002616,0.655495,0.644505,0.422500,-0.054946
46.7100,-0.002634,0.655490,0.644510,0.422500,-0.054899
46.7200,-0.002647,0.655474,0.644526,0.422500,-0.054743
46.7300,-0.002655,0.655448,0.644552,0.422500,-0.054478
46.7400,-0.002657,0.655410,0.644590,0.422500,-0.054105
46.7500,-0.002653,0.655363,0.644637,0.422500,-0.053625
46.7600,-0.002645,0.655304,0.644696,0.422500,-0.053041
46.7700,-0.002631,0.655235,0.644765,0.422500,-0.052353
46.7800,-0.002611,0.655156,0.644844,0.422500,-0.051564
46.7900,-0.002586,0.655068,0.644932,0.422500,-0.050677
46.8000,-0.002557,0.654969,0.645031,0.422500,-0.049692
46.8100,-0.002522,0.654861,0.645139,0.422500,-0.048613
46.8200,-0.002482,0.654744,0.645256,0.422500,-0.047443
46.8300,-0.002437,0.654618,0.645382,0.422500,-0.046184
46.8400,-0.002388,0.654484,0.645516,0.422500,-0.044839
46.8500,-0.002333,0.654341,0.645659,0.422500,-0.043412
46.8600,-0.002275,0.654191,0.645809,0.422500,-0.041906
46.8700,-0.002212,0.654032,0.645968,0.422500,-0.040323
46.8800,-0.002145,0.653867,0.646133,0.422500,-0.038669
46.8900,-0.002074,0.653695,0.646305,0.422500,-0.036947
46.9000,-0.001999,0.653516,0.646484,0.422500,-0.035160
46.9100,-0.001920,0.653331,0.646669,0.422500,-0.033312
46.9200,-0.001838,0.653141,0.646859,0.422500,-0.031408
46.9300,-0.001752,0.652945,0.647055,0.422500,-0.029451
46.9400,-0.001664,0.652745,0.647255,0.422500,-0.027446
46.9500,-0.001572,0.652540,0.647460,0.422500,-0.025398
46.9600,-0.001477,0.652331,0.647669,0.422500,-0.023309
46.9700,-0.001381,0.652119,0.647881,0.422500,-0.021186
46.9800,-0.001281,0.651903,0.648097,0.422500,-0.019032
46.9900,-0.001180,0.651685,0.648315,0.422500,-0.016851
47.0000,-0.001077,0.651465,0.648535,0.422500,-0.014649
47.0100,-0.000972,0.651243,0.648757,0.422500,-0.012430
47.0200,-0.000865,0.651020,0.648980,0.422500,-0.010198
47.0300,-0.000758,0.650796,0.649204,0.422500,-0.007958
47.0400,-0.000649,0.650572,0.649428,0.422500,-0.005715
47.0500,-0.000539,0.650347,0.649653,0.422500,-0.003473
47.0600,-0.000429,0.650124,0.649876,0.422500,-0.001236
47.0700,-0.000319,0.649901,0.650099,0.422500,0.000991
47.0800,-0.000208,0.649680,0.650320,0.422500,0.003204
47.0900,-0.000098,0.649460,0.650540,0.422500,0.005397
47.1000,0.000012,0.649243,0.650757,0.422500,0.007568
47.1100,0.000122,0.649029,0.650971,0.422500,0.009712
47.1200,0.000231,0.648818,0.651182,0.422500,0.011824
47.1300,0.000338,0.648610,0.651390,0.422500,0.013900
47.1400,0.000445,0.648406,0.651594,0.422500,0.015938
47.1500,0.000550,0.648207,0.651793,0.422500,0.017932
47.1600,0.000654,0.648012,0.651988,0.422500,0.019879
47.1700,0.000756,0.647823,0.652177,0.422500,0.021775
47.1800,0.000856,0.647638,0.652362,0.422500,0.023617
47.1900,0.000953,0.647460,0.652540,0.422500,0.025401
47.2000,0.001049,0.647288,0.652712,0.422500,0.027124
47.2100,0.001142,0.647122,0.652878,0.422500,0.028784
47.2200,0.001232,0.646962,0.653038,0.422500,0.030376
47.2300,0.001319,0.646810,0.653190,0.422500,0.031899
47.2400,0.001403,0.646665,0.653335,0.422500,0.033349
47.2500,0.001484,0.646528,0.653472,0.422500,0.034724
47.2600,0.001562,0.646398,0.653602,0.422500,0.036022
47.2700,0.001636,0.646276,0.653724,0.422500,0.037241
47.2800,0.001707,0.646162,0.653838,0.422500,0.038377
47.2900,0.001773,0.646057,0.653943,0.422500,0.039431
47.3000,0.001837,0.645960,0.654040,0.422500,0.040400
47.3100,0.001896,0.645872,0.654128,0.422500,0.041282
47.3200,0.001951,0.645792,0.654208,0.422500,0.042076
47.3300,0.002002,0.645722,0.654278,0.422500,0.042782
47.3400,0.002048,0.645660,0.654340,0.422500,0.043398
47.3500,0.002091,0.645608,0.654392,0.422500,0.043923
47.3600,0.002129,0.645564,0.654436,0.422500,0.044357
47.3700,0.002162,0.645530,0.654470,0.422500,0.044700
47.3800,0.002192,0.645505,0.654495,0.422500,0.044952
47.3900,0.002217,0.645489,0.654511,0.422500,0.045111
47.4000,0.002237,0.645482,0.654518,0.422500,0.045180
47.4100,0.002253,0.645484,0.654516,0.422500,0.045157
47.4200,0.002264,0.645496,0.654504,0.422500,0.045044
47.4300,0.002271,0.645516,0.654484,0.422500,0.044841
47.4400,0.002273,0.645545,0.654455,0.422500,0.044549
47.4500,0.002271,0.645583,0.654417,0.422500,0.044169
47.4600,0.002264,0.645630,0.654370,0.422500,0.043703
47.4700,0.002253,0.645685,0.654315,0.422500,0.043152
47.4800,0.002237,0.645748,0.654252,0.422500,0.042517
47.4900,0.002218,0.645820,0.654180,0.422500,0.041801
47.5000,0.002194,0.645900,0.654100,0.422500,0.041005
47.5100,0.002165,0.645987,0.654013,0.422500,0.040130
47.5200,0.002133,0.646082,0.653918,0.422500,0.039180
47.5300,0.002097,0.646184,0.653816,0.422500,0.038157
47.5400,0.002056,0.646294,0.653706,0.422500,0.037063
47.5500,0.002012,0.646410,0.653590,0.422500,0.035901
47.5600,0.001965,0.646533,0.653467,0.422500,0.034673
47.5700,0.001913,0.646662,0.653338,0.422500,0.033382
47.5800,0.001858,0.646797,0.653203,0.422500,0.032032
47.5900,0.001800,0.646938,0.653062,0.422500,0.030624
47.6000,0.001739,0.647084,0.652916,0.422500,0.029164
47.6100,0.001674,0.647235,0.652765,0.422500,0.027652
47.6200,0.001607,0.647391,0.652609,0.422500,0.026094
47.6300,0.001537,0.647551,0.652449,0.422500,0.024492
47.6400,0.001464,0.647715,0.652285,0.422500,0.022850
47.6500,0.001389,0.647883,0.652117,0.422500,0.021170
47.6600,0.001312,0.648054,0.651946,0.422500,0.019458
47.6700,0.001232,0.648228,0.651772,0.422500,0.017717
47.6800,0.001150,0.648405,0.651595,0.422500,0.015949
47.6900,0.001067,0.648584,0.651416,0.422500,0.014159
47.7000,0.000982,0.648765,0.651235,0.422500,0.012351
47.7100,0.000896,0.648947,0.651053,0.422500,0.010528
47.7200,0.000808,0.649131,0.650869,0.422500,0.008694
47.7300,0.000720,0.649315,0.650685,0.422500,0.006853
47.7400,0.000630,0.649499,0.650501,0.422500,0.005008
47.7500,0.000540,0.649684,0.650316,0.422500,0.003164
47.7600,0.000450,0.649868,0.650132,0.422500,0.001323
47.7700,0.000359,0.650051,0.649949,0.422500,-0.000510
47.7800,0.000267,0.650233,0.649767,0.422500,-0.002332
47.7900,0.000176,0.650414,0.649586,0.422500,-0.004139
47.8000,0.000086,0.650593,0.649407,0.422500,-0.005928
47.8100,-0.000005,0.650769,0.649231,0.422500,-0.007694
47.8200,-0.000095,0.650944,0.649056,0.422500,-0.009436
47.8300,-0.000184,0.651115,0.648885,0.422500,-0.011149
47.8400,-0.000272,0.651283,0.648717,0.422500,-0.012830
47.8500,-0.000359,0.651448,0.648552,0.422500,-0.014476
47.8600,-0.000444,0.651608,0.648392,0.422500,-0.016084
47.8700,-0.000529,0.651765,0.648235,0.422500,-0.017651
47.8800,-0.000611,0.651917,0.648083,0.422500,-0.019174
47.8900,-0.000692,0.652065,0.647935,0.422500,-0.020649
47.9000,-0.000771,0.652208,0.647792,0.422500,-0.022075
47.9100,-0.000848,0.652345,0.647655,0.422500,-0.023449
47.9200,-0.000923,0.652477,0.647523,0.422500,-0.024768
47.9300,-0.000995,0.652603,0.647397,0.422500,-0.026030
47.9400,-0.001065,0.652723,0.647277,0.422500,-0.027233
47.9500,-0.001132,0.652837,0.647163,0.422500,-0.028375
47.9600,-0.001197,0.652945,0.647055,0.422500,-0.029453
47.9700,-0.001258,0.653047,0.646953,0.422500,-0.030466
47.9800,-0.001317,0.653141,0.646859,0.422500,-0.031413
47.9900,-0.001373,0.653229,0.646771,0.422500,-0.032291
48.0000,-0.001425,0.653310,0.646690,0.422500,-0.033100
48.0100,-0.001475,0.653384,0.646616,0.422500,-0.033837
48.0200,-0.001521,0.653450,0.646550,0.422500,-0.034503
48.0300,-0.001564,0.653510,0.646490,0.422500,-0.035096
48.0400,-0.001603,0.653561,0.646439,0.422500,-0.035615
48.0500,-0.001638,0.653606,0.646394,0.422500,-0.036059
48.0600,-0.001671,0.653643,0.646357,0.422500,-0.036429
48.0700,-0.001699,0.653672,0.646328,0.422500,-0.036724
48.0800,-0.001724,0.653694,0.646306,0.422500,-0.036943
48.0900,-0.001745,0.653709,0.646291,0.422500,-0.037088
48.1000,-0.001763,0.653716,0.646284,0.422500,-0.037156
48.1100,-0.001776,0.653715,0.646285,0.422500,-0.037150
48.1200,-0.001787,0.653707,0.646293,0.422500,-0.037070
48.1300,-0.001793,0.653692,0.646308,0.422500,-0.036915
48.1400,-0.001796,0.653669,0.646331,0.422500,-0.036688
48.1500,-0.001795,0.653639,0.646361,0.422500,-0.036388
48.1600,-0.001790,0.653602,0.646398,0.422500,-0.036016
48.1700,-0.001781,0.653557,0.646443,0.422500,-0.035575
48.1800,-0.001770,0.653506,0.646494,0.422500,-0.035065
48.1900,-0.001754,0.653449,0.646551,0.422500,-0.034487
48.2000,-0.001735,0.653384,0.646616,0.422500,-0.033843
48.2100,-0.001713,0.653313,0.646687,0.422500,-0.033134
48.2200,-0.001687,0.653236,0.646764,0.422500,-0.032364
48.2300,-0.001658,0.653153,0.646847,0.422500,-0.031532
48.2400,-0.001625,0.653064,0.646936,0.422500,-0.030642
48.2500,-0.001590,0.652970,0.647030,0.422500,-0.029696
48.2600,-0.001551,0.652869,0.647131,0.422500,-0.028695
48.2700,-0.001510,0.652764,0.647236,0.422500,-0.027642
48.2800,-0.001465,0.652654,0.647346,0.422500,-0.026539
48.2900,-0.001418,0.652539,0.647461,0.422500,-0.025390
48.3000,-0.001368,0.652420,0.647580,0.422500,-0.024196
48.3100,-0.001316,0.652296,0.647704,0.422500,-0.022960
48.3200,-0.001261,0.652168,0.647832,0.422500,-0.021684
48.3300,-0.001204,0.652037,0.647963,0.422500,-0.020373
48.3400,-0.001144,0.651903,0.648097,0.422500,-0.019027
48.3500,-0.001083,0.651765,0.648235,0.422500,-0.017651
48.3600,-0.001020,0.651625,0.648375,0.422500,-0.016248
48.3700,-0.000955,0.651482,0.648518,0.422500,-0.014819
48.3800,-0.000888,0.651337,0.648663,0.422500,-0.013369
48.3900,-0.000820,0.651190,0.648810,0.422500,-0.011900
48.4000,-0.000751,0.651042,0.648958,0.422500,-0.010415
48.4100,-0.000680,0.650892,0.649108,0.422500,-0.008918
48.4200,-0.000608,0.650741,0.649259,0.422500,-0.007411
48.4300,-0.000536,0.650590,0.649410,0.422500,-0.005897
48.4400,-0.000463,0.650438,0.649562,0.422500,-0.004381
48.4500,-0.000389,0.650286,0.649714,0.422500,-0.002863
48.4600,-0.000314,0.650135,0.649865,0.422500,-0.001349
48.4700,-0.000240,0.649984,0.650016,0.422500,0.000160
48.4800,-0.000165,0.649834,0.650166,0.422500,0.001660
48.4900,-0.000090,0.649685,0.650315,0.422500,0.003148
48.5000,-0.000016,0.649538,0.650462,0.422500,0.004622
48.5100,0.000058,0.649392,0.650608,0.422500,0.006079
48.5200,0.000132,0.649249,0.650751,0.422500,0.007515
48.5300,0.000205,0.649107,0.650893,0.422500,0.008928
48.5400,0.000278,0.648969,0.651031,0.422500,0.010315
48.5500,0.000349,0.648833,0.651167,0.422500,0.011674
48.5600,0.000420,0.648700,0.651300,0.422500,0.013002
48.5700,0.000489,0.648570,0.651430,0.422500,0.014296
48.5800,0.000557,0.648445,0.651555,0.422500,0.015555
48.5900,0.000624,0.648323,0.651677,0.422500,0.016775
48.6000,0.000689,0.648205,0.651795,0.422500,0.017955
48.6100,0.000752,0.648091,0.651909,0.422500,0.019092
48.6200,0.000814,0.647982,0.652018,0.422500,0.020185
48.6300,0.000873,0.647877,0.652123,0.422500,0.021231
48.6400,0.000931,0.647777,0.652223,0.422500,0.022228
48.6500,0.000987,0.647682,0.652318,0.422500,0.023176
48.6600,0.001040,0.647593,0.652407,0.422500,0.024072
48.6700,0.001091,0.647509,0.652491,0.422500,0.024914
48.6800,0.001140,0.647430,0.652570,0.422500,0.025702
48.6900,0.001186,0.647357,0.652643,0.422500,0.026434
48.7000,0.001229,0.647289,0.652711,0.422500,0.027108
48.7100,0.001270,0.647227,0.652773,0.422500,0.027725
48.7200,0.001308,0.647172,0.652828,0.422500,0.028283
48.7300,0.001344,0.647122,0.652878,0.422500,0.028780
48.7400,0.001376,0.647078,0.652922,0.422500,0.029218
48.7500,0.001406,0.647041,0.652959,0.422500,0.029594
48.7600,0.001433,0.647009,0.652991,0.422500,0.029908
48.7700,0.001456,0.646984,0.653016,0.422500,0.030161
48.7800,0.001477,0.646965,0.653035,0.422500,0.030352
48.7900,0.001495,0.646952,0.653048,0.422500,0.030481
48.8000,0.001510,0.646945,0.653055,0.422500,0.030548
48.8100,0.001521,0.646945,0.653055,0.422500,0.030554
48.8200,0.001530,0.646950,0.653050,0.422500,0.030498
48.8300,0.001536,0.646962,0.653038,0.422500,0.030381
48.8400,0.001538,0.646980,0.653020,0.422500,0.030204
48.8500,0.001538,0.647003,0.652997,0.422500,0.029968
48.8600,0.001534,0.647033,0.652967,0.422500,0.029672
48.8700,0.001528,0.647068,0.652932,0.422500,0.029319
48.8800,0.001518,0.647109,0.652891,0.422500,0.028908
48.8900,0.001506,0.647156,0.652844,0.422500,0.028442
48.9000,0.001491,0.647208,0.652792,0.422500,0.027922
48.9100,0.001472,0.647265,0.652735,0.422500,0.027348
48.9200,0.001452,0.647328,0.652672,0.422500,0.026723
48.9300,0.001428,0.647395,0.652605,0.422500,0.026048
48.9400,0.001402,0.647468,0.652532,0.422500,0.025324
48.9500,0.001373,0.647545,0.652455,0.422500,0.024553
48.9600,0.001341,0.647626,0.652374,0.422500,0.023738
48.9700,0.001307,0.647712,0.652288,0.422500,0.022879
48.9800,0.001271,0.647802,0.652198,0.422500,0.021979
48.9900,0.001232,0.647896,0.652104,0.422500,0.021040
49.0000,0.001191,0.647994,0.652006,0.422500,0.020064
49.0100,0.001149,0.648095,0.651905,0.422500,0.019053
49.0200,0.001104,0.648199,0.651801,0.422500,0.018010
49.0300,0.001057,0.648306,0.651694,0.422500,0.016936
49.0400,0.001008,0.648417,0.651583,0.422500,0.015834
49.0500,0.000958,0.648529,0.651471,0.422500,0.014706
49.0600,0.000906,0.648644,0.651356,0.422500,0.013556
49.0700,0.000853,0.648762,0.651238,0.422500,0.012384
49.0800,0.000798,0.648881,0.651119,0.422500,0.011194
49.0900,0.000742,0.649001,0.650999,0.422500,0.009989
49.1000,0.000685,0.649123,0.650877,0.422500,0.008770
49.1100,0.000627,0.649246,0.650754,0.422500,0.007540
49.1200,0.000568,0.649370,0.650630,0.422500,0.006302
49.1300,0.000508,0.649494,0.650506,0.422500,0.005058
49.1400,0.000448,0.649619,0.650381,0.422500,0.003811
49.1500,0.000387,0.649744,0.650256,0.422500,0.002563
49.1600,0.000326,0.649868,0.650132,0.422500,0.001317
49.1700,0.000264,0.649993,0.650007,0.422500,0.000075
49.1800,0.000203,0.650116,0.649884,0.422500,-0.001160
49.1900,0.000141,0.650239,0.649761,0.422500,-0.002386
49.2000,0.000080,0.650360,0.649640,0.422500,-0.003600
49.2100,0.000018,0.650480,0.649520,0.422500,-0.004801
49.2200,-0.000042,0.650598,0.649402,0.422500,-0.005985
49.2300,-0.000103,0.650715,0.649285,0.422500,-0.007150
49.2400,-0.000163,0.650829,0.649171,0.422500,-0.008295
49.2500,-0.000222,0.650942,0.649058,0.422500,-0.009416
49.2600,-0.000280,0.651051,0.648949,0.422500,-0.010513
49.2700,-0.000337,0.651158,0.648842,0.422500,-0.011582
49.2800,-0.000394,0.651262,0.648738,0.422500,-0.012622
49.2900,-0.000449,0.651363,0.648637,0.422500,-0.013631
49.3000,-0.000503,0.651461,0.648539,0.422500,-0.014607
49.3100,-0.000555,0.651555,0.648445,0.422500,-0.015549
49.3200,-0.000606,0.651645,0.648355,0.422500,-0.016454
49.3300,-0.000656,0.651732,0.648268,0.422500,-0.017321
49.3400,-0.000703,0.651815,0.648185,0.422500,-0.018148
49.3500,-0.000750,0.651893,0.648107,0.422500,-0.018934
49.3600,-0.000794,0.651968,0.648032,0.422500,-0.019678
49.3700,-0.000836,0.652038,0.647962,0.422500,-0.020379
49.3800,-0.000877,0.652103,0.647897,0.422500,-0.021034
49.3900,-0.000915,0.652164,0.647836,0.422500,-0.021644
49.4000,-0.000951,0.652221,0.647779,0.422500,-0.022207
49.4100,-0.000985,0.652272,0.647728,0.422500,-0.022722
49.4200,-0.001017,0.652319,0.647681,0.422500,-0.023189
49.4300,-0.001047,0.652361,0.647639,0.422500,-0.023607
49.4400,-0.001074,0.652397,0.647603,0.422500,-0.023975
49.4500,-0.001099,0.652429,0.647571,0.422500,-0.024292
49.4600,-0.001122,0.652456,0.647544,0.422500,-0.024560
49.4700,-0.001142,0.652478,0.647522,0.422500,-0.024776
49.4800,-0.001160,0.652494,0.647506,0.422500,-0.024942
49.4900,-0.001175,0.652506,0.647494,0.422500,-0.025057
49.5000,-0.001187,0.652512,0.647488,0.422500,-0.025121
49.5100,-0.001198,0.652513,0.647487,0.422500,-0.025134
49.5200,-0.001205,0.652510,0.647490,0.422500,-0.025096
49.5300,-0.001210,0.652501,0.647499,0.422500,-0.025009
49.5400,-0.001213,0.652487,0.647513,0.422500,-0.024871
49.5500,-0.001213,0.652469,0.647531,0.422500,-0.024685
49.5600,-0.001211,0.652445,0.647555,0.422500,-0.024450
49.5700,-0.001206,0.652417,0.647583,0.422500,-0.024168
49.5800,-0.001199,0.652384,0.647616,0.422500,-0.023838
49.5900,-0.001189,0.652346,0.647654,0.422500,-0.023463
49.6000,-0.001177,0.652304,0.647696,0.422500,-0.023042
49.6100,-0.001163,0.652258,0.647742,0.422500,-0.022578
49.6200,-0.001146,0.652207,0.647793,0.422500,-0.022071
49.6300,-0.001127,0.652152,0.647848,0.422500,-0.021522
49.6400,-0.001106,0.652093,0.647907,0.422500,-0.020933
49.6500,-0.001083,0.652031,0.647969,0.422500,-0.020306
49.6600,-0.001057,0.651964,0.648036,0.422500,-0.019641
49.6700,-0.001030,0.651894,0.648106,0.422500,-0.018941
49.6800,-0.001000,0.651821,0.648179,0.422500,-0.018206
49.6900,-0.000969,0.651744,0.648256,0.422500,-0.017439
49.7000,-0.000936,0.651664,0.648336,0.422500,-0.016642
49.7100,-0.000901,0.651582,0.648418,0.422500,-0.015815
49.7200,-0.000865,0.651496,0.648504,0.422500,-0.014962
49.7300,-0.000826,0.651408,0.648592,0.422500,-0.014082
49.7400,-0.000787,0.651318,0.648682,0.422500,-0.013180
49.7500,-0.000746,0.651226,0.648774,0.422500,-0.012256
49.7600,-0.000704,0.651131,0.648869,0.422500,-0.011313
49.7700,-0.000660,0.651035,0.648965,0.422500,-0.010352
49.7800,-0.000615,0.650938,0.649062,0.422500,-0.009376
49.7900,-0.000570,0.650839,0.649161,0.422500,-0.008387
49.8000,-0.000523,0.650739,0.649261,0.422500,-0.007386
49.8100,-0.000475,0.650638,0.649362,0.422500,-0.006376
49.8200,-0.000427,0.650536,0.649464,0.422500,-0.005359
49.8300,-0.000378,0.650434,0.649566,0.422500,-0.004336
49.8400,-0.000329,0.650331,0.649669,0.422500,-0.003311
49.8500,-0.000279,0.650228,0.649772,0.422500,-0.002285
49.8600,-0.000229,0.650126,0.649874,0.422500,-0.001259
49.8700,-0.000178,0.650024,0.649976,0.422500,-0.000237
49.8800,-0.000128,0.649922,0.650078,0.422500,0.000780
49.8900,-0.000077,0.649821,0.650179,0.422500,0.001789
49.9000,-0.000027,0.649721,0.650279,0.422500,0.002789
49.9100,0.000023,0.649622,0.650378,0.422500,0.003779
49.9200,0.000073,0.649525,0.650475,0.422500,0.004755
49.9300,0.000123,0.649428,0.650572,0.422500,0.005716
49.9400,0.000172,0.649334,0.650666,0.422500,0.006660
49.9500,0.000221,0.649241,0.650759,0.422500,0.007586
49.9600,0.000269,0.649151,0.650849,0.422500,0.008492
49.9700,0.000316,0.649063,0.650937,0.422500,0.009375
49.9800,0.000362,0.648977,0.651023,0.422500,0.010234
49.9900,0.000408,0.648893,0.651107,0.422500,0.011069
50.0000,0.000452,0.648812,0.651188,0.422500,0.011876
50.0100,0.000495,0.648734,0.651266,0.422500,0.012655
50.0200,0.000537,0.648660,0.651340,0.422500,0.013405
50.0300,0.000578,0.648588,0.651412,0.422500,0.014123
50.0400,0.000618,0.648519,0.651481,0.422500,0.014809
50.0500,0.000656,0.648454,0.651546,0.422500,0.015462
50.0600,0.000692,0.648392,0.651608,0.422500,0.016079
50.0700,0.000727,0.648334,0.651666,0.422500,0.016661
50.0800,0.000761,0.648279,0.651721,0.422500,0.017207
50.0900,0.000792,0.648229,0.651771,0.422500,0.017715
50.1000,0.000822,0.648182,0.651818,0.422500,0.018184
50.1100,0.000851,0.648139,0.651861,0.422500,0.018615
50.1200,0.000877,0.648099,0.651901,0.422500,0.019006
50.1300,0.000902,0.648064,0.651936,0.422500,0.019356
50.1400,0.000924,0.648033,0.651967,0.422500,0.019666
50.1500,0.000945,0.648007,0.651993,0.422500,0.019934
50.1600,0.000964,0.647984,0.652016,0.422500,0.020161
50.1700,0.000981,0.647965,0.652035,0.422500,0.020346
50.1800,0.000995,0.647951,0.652049,0.422500,0.020490
50.1900,0.001008,0.647941,0.652059,0.422500,0.020591
50.2000,0.001019,0.647935,0.652065,0.422500,0.020651
50.2100,0.001027,0.647933,0.652067,0.422500,0.020668
50.2200,0.001034,0.647936,0.652064,0.422500,0.020645
50.2300,0.001038,0.647942,0.652058,0.422500,0.020580
50.2400,0.001041,0.647953,0.652047,0.422500,0.020474
50.2500,0.001041,0.647967,0.652033,0.422500,0.020327
50.2600,0.001040,0.647986,0.652014,0.422500,0.020141
50.2700,0.001036,0.648009,0.651991,0.422500,0.019915
50.2800,0.001030,0.648035,0.651965,0.422500,0.019650
50.2900,0.001022,0.648065,0.651935,0.422500,0.019348
50.3000,0.001013,0.648099,0.651901,0.422500,0.019008
50.3100,0.001001,0.648137,0.651863,0.422500,0.018633
50.3200,0.000988,0.648178,0.651822,0.422500,0.018221
50.3300,0.000972,0.648222,0.651778,0.422500,0.017776
50.3400,0.000955,0.648270,0.651730,0.422500,0.017297
50.3500,0.000936,0.648321,0.651679,0.422500,0.016787
50.3600,0.000915,0.648375,0.651625,0.422500,0.016245
50.3700,0.000893,0.648433,0.651567,0.422500,0.015674
50.3800,0.000869,0.648493,0.651507,0.422500,0.015075
50.3900,0.000843,0.648555,0.651445,0.422500,0.014448
50.4000,0.000816,0.648620,0.651380,0.422500,0.013797
50.4100,0.000788,0.648688,0.651312,0.422500,0.013121
50.4200,0.000758,0.648758,0.651242,0.422500,0.012422
50.4300,0.000726,0.648830,0.651170,0.422500,0.011703
50.4400,0.000694,0.648904,0.651096,0.422500,0.010964
50.4500,0.000660,0.648979,0.651021,0.422500,0.010207
50.4600,0.000626,0.649057,0.650943,0.422500,0.009434
50.4700,0.000590,0.649135,0.650865,0.422500,0.008646
50.4800,0.000553,0.649215,0.650785,0.422500,0.007845
50.4900,0.000516,0.649297,0.650703,0.422500,0.007033
50.5000,0.000477,0.649379,0.650621,0.422500,0.006212
50.5100,0.000438,0.649462,0.650538,0.422500,0.005382
50.5200,0.000398,0.649545,0.650455,0.422500,0.004546
50.5300,0.000358,0.649629,0.650371,0.422500,0.003706
50.5400,0.000318,0.649714,0.650286,0.422500,0.002863
50.5500,0.000277,0.649798,0.650202,0.422500,0.002019
50.5600,0.000235,0.649882,0.650118,0.422500,0.001176
50.5700,0.000194,0.649967,0.650033,0.422500,0.000335
50.5800,0.000152,0.650050,0.649950,0.422500,-0.000502
50.5900,0.000110,0.650133,0.649867,0.422500,-0.001334
50.6000,0.000069,0.650216,0.649784,0.422500,-0.002158
50.6100,0.000027,0.650297,0.649703,0.422500,-0.002973
50.6200,-0.000014,0.650378,0.649622,0.422500,-0.003778
50.6300,-0.000055,0.650457,0.649543,0.422500,-0.004570
50.6400,-0.000096,0.650535,0.649465,0.422500,-0.005349
50.6500,-0.000136,0.650611,0.649389,0.422500,-0.006114
50.6600,-0.000175,0.650686,0.649314,0.422500,-0.006861
50.6700,-0.000214,0.650759,0.649241,0.422500,-0.007591
50.6800,-0.000253,0.650830,0.649170,0.422500,-0.008301
50.6900,-0.000290,0.650899,0.649101,0.422500,-0.008991
50.7000,-0.000327,0.650966,0.649034,0.422500,-0.009659
50.7100,-0.000363,0.651030,0.648970,0.422500,-0.010303
50.7200,-0.000398,0.651092,0.648908,0.422500,-0.010924
50.7300,-0.000431,0.651152,0.648848,0.422500,-0.011519
50.7400,-0.000464,0.651209,0.648791,0.422500,-0.012088
50.7500,-0.000496,0.651263,0.648737,0.422500,-0.012629
50.7600,-0.000526,0.651314,0.648686,0.422500,-0.013142
50.7700,-0.000555,0.651363,0.648637,0.422500,-0.013626
50.7800,-0.000583,0.651408,0.648592,0.422500,-0.014080
50.7900,-0.000610,0.651450,0.648550,0.422500,-0.014503
50.8000,-0.000635,0.651489,0.648511,0.422500,-0.014894
50.8100,-0.000658,0.651525,0.648475,0.422500,-0.015254
50.8200,-0.000680,0.651558,0.648442,0.422500,-0.015580
50.8300,-0.000701,0.651587,0.648413,0.422500,-0.015874
50.8400,-0.000720,0.651613,0.648387,0.422500,-0.016135
50.8500,-0.000737,0.651636,0.648364,0.422500,-0.016361
50.8600,-0.000753,0.651655,0.648345,0.422500,-0.016554
50.8700,-0.000767,0.651671,0.648329,0.422500,-0.016712
50.8800,-0.000780,0.651684,0.648316,0.422500,-0.016835
50.8900,-0.000791,0.651692,0.648308,0.422500,-0.016925
50.9000,-0.000800,0.651698,0.648302,0.422500,-0.016980
50.9100,-0.000807,0.651700,0.648300,0.422500,-0.017000
50.9200,-0.000813,0.651699,0.648301,0.422500,-0.016986
50.9300,-0.000817,0.651694,0.648306,0.422500,-0.016938
50.9400,-0.000819,0.651686,0.648314,0.422500,-0.016857
50.9500,-0.000820,0.651674,0.648326,0.422500,-0.016742
50.9600,-0.000819,0.651659,0.648341,0.422500,-0.016594
50.9700,-0.000816,0.651641,0.648359,0.422500,-0.016414
50.9800,-0.000812,0.651620,0.648380,0.422500,-0.016202
50.9900,-0.000806,0.651596,0.648404,0.422500,-0.015958
51.0000,-0.000798,0.651568,0.648432,0.422500,-0.015684
51.0100,-0.000789,0.651538,0.648462,0.422500,-0.015380
51.0200,-0.000778,0.651505,0.648495,0.422500,-0.015047
51.0300,-0.000766,0.651469,0.648531,0.422500,-0.014685
51.0400,-0.000752,0.651430,0.648570,0.422500,-0.014296
51.0500,-0.000737,0.651388,0.648612,0.422500,-0.013881
51.0600,-0.000720,0.651344,0.648656,0.422500,-0.013439
51.0700,-0.000702,0.651297,0.648703,0.422500,-0.012974
51.0800,-0.000683,0.651248,0.648752,0.422500,-0.012485
51.0900,-0.000662,0.651197,0.648803,0.422500,-0.011973
51.1000,-0.000640,0.651144,0.648856,0.422500,-0.011441
51.1100,-0.000617,0.651089,0.648911,0.422500,-0.010888
51.1200,-0.000593,0.651032,0.648968,0.422500,-0.010317
51.1300,-0.000567,0.650973,0.649027,0.422500,-0.009728
51.1400,-0.000541,0.650912,0.649088,0.422500,-0.009123
51.1500,-0.000513,0.650850,0.649150,0.422500,-0.008503
51.1600,-0.000485,0.650787,0.649213,0.422500,-0.007869
51.1700,-0.000456,0.650722,0.649278,0.422500,-0.007223
51.1800,-0.000426,0.650657,0.649343,0.422500,-0.006566
51.1900,-0.000395,0.650590,0.649410,0.422500,-0.005900
51.2000,-0.000364,0.650523,0.649477,0.422500,-0.005226
51.2100,-0.000332,0.650454,0.649546,0.422500,-0.004544
51.2200,-0.000299,0.650386,0.649614,0.422500,-0.003858
51.2300,-0.000266,0.650317,0.649683,0.422500,-0.003167
51.2400,-0.000233,0.650247,0.649753,0.422500,-0.002474
51.2500,-0.000200,0.650178,0.649822,0.422500,-0.001780
51.2600,-0.000166,0.650109,0.649891,0.422500,-0.001087
51.2700,-0.000132,0.650039,0.649961,0.422500,-0.000394
51.2800,-0.000097,0.649971,0.650029,0.422500,0.000295
51.2900,-0.000063,0.649902,0.650098,0.422500,0.000979
51.3000,-0.000029,0.649834,0.650166,0.422500,0.001658
51.3100,0.000005,0.649767,0.650233,0.422500,0.002330
51.3200,0.000039,0.649701,0.650299,0.422500,0.002993
51.3300,0.000073,0.649635,0.650365,0.422500,0.003647
51.3400,0.000106,0.649571,0.650429,0.422500,0.004290
51.3500,0.000139,0.649508,0.650492,0.422500,0.004920
51.3600,0.000171,0.649446,0.650554,0.422500,0.005537
51.3700,0.000204,0.649386,0.650614,0.422500,0.006140
51.3800,0.000235,0.649327,0.650673,0.422500,0.006727
51.3900,0.000266,0.649270,0.650730,0.422500,0.007297
51.4000,0.000296,0.649215,0.650785,0.422500,0.007849
51.4100,0.000326,0.649162,0.650838,0.422500,0.008383
51.4200,0.000354,0.649110,0.650890,0.422500,0.008897
51.4300,0.000382,0.649061,0.650939,0.422500,0.009390
51.4400,0.000409,0.649014,0.650986,0.422500,0.009861
51.4500,0.000435,0.648969,0.651031,0.422500,0.010310
51.4600,0.000460,0.648926,0.651074,0.422500,0.010736
51.4700,0.000485,0.648886,0.651114,0.422500,0.011138
51.4800,0.000507,0.648848,0.651152,0.422500,0.011516
51.4900,0.000529,0.648813,0.651187,0.422500,0.011868
51.5000,0.000550,0.648781,0.651219,0.422500,0.012194
51.5100,0.000570,0.648751,0.651249,0.422500,0.012494
51.5200,0.000588,0.648723,0.651277,0.422500,0.012768
51.5300,0.000605,0.648699,0.651301,0.422500,0.013014
51.5400,0.000621,0.648677,0.651323,0.422500,0.013233
51.5500,0.000635,0.648658,0.651342,0.422500,0.013424
51.5600,0.000648,0.648641,0.651359,0.422500,0.013587
51.5700,0.000660,0.648628,0.651372,0.422500,0.013722
51.5800,0.000671,0.648617,0.651383,0.422500,0.013828
51.5900,0.000680,0.648609,0.651391,0.422500,0.013907
51.6000,0.000687,0.648604,0.651396,0.422500,0.013956
51.6100,0.000694,0.648602,0.651398,0.422500,0.013978
51.6200,0.000699,0.648603,0.651397,0.422500,0.013971
51.6300,0.000702,0.648606,0.651394,0.422500,0.013937
51.6400,0.000704,0.648613,0.651387,0.422500,0.013875
51.6500,0.000705,0.648622,0.651378,0.422500,0.013785
51.6600,0.000704,0.648633,0.651367,0.422500,0.013668
51.6700,0.000702,0.648648,0.651352,0.422500,0.013524
51.6800,0.000699,0.648665,0.651335,0.422500,0.013354
51.6900,0.000694,0.648684,0.651316,0.422500,0.013158
51.7000,0.000688,0.648706,0.651294,0.422500,0.012937
51.7100,0.000680,0.648731,0.651269,0.422500,0.012691
51.7200,0.000672,0.648758,0.651242,0.422500,0.012421
51.7300,0.000662,0.648787,0.651213,0.422500,0.012127
51.7400,0.000650,0.648819,0.651181,0.422500,0.011811
51.7500,0.000638,0.648853,0.651147,0.422500,0.011473
51.7600,0.000624,0.648889,0.651111,0.422500,0.011114
51.7700,0.000610,0.648927,0.651073,0.422500,0.010734
51.7800,0.000594,0.648966,0.651034,0.422500,0.010335
51.7900,0.000577,0.649008,0.650992,0.422500,0.009918
51.8000,0.000559,0.649052,0.650948,0.422500,0.009482
51.8100,0.000540,0.649097,0.650903,0.422500,0.009031
51.8200,0.000520,0.649144,0.650856,0.422500,0.008563
51.8300,0.000499,0.649192,0.650808,0.422500,0.008082
51.8400,0.000477,0.649241,0.650759,0.422500,0.007586
51.8500,0.000455,0.649292,0.650708,0.422500,0.007078
51.8600,0.000432,0.649344,0.650656,0.422500,0.006559
51.8700,0.000408,0.649397,0.650603,0.422500,0.006029
51.8800,0.000383,0.649451,0.650549,0.422500,0.005491
51.8900,0.000358,0.649506,0.650494,0.422500,0.004944
51.9000,0.000332,0.649561,0.650439,0.422500,0.004390
51.9100,0.000306,0.649617,0.650383,0.422500,0.003831
51.9200,0.000279,0.649673,0.650327,0.422500,0.003267
51.9300,0.000252,0.649730,0.650270,0.422500,0.002699
51.9400,0.000225,0.649787,0.650213,0.422500,0.002130
51.9500,0.000197,0.649844,0.650156,0.422500,0.001559
51.9600,0.000169,0.649901,0.650099,0.422500,0.000988
51.9700,0.000141,0.649958,0.650042,0.422500,0.000419
51.9800,0.000113,0.650015,0.649985,0.422500,-0.000148
51.9900,0.000085,0.650071,0.649929,0.422500,-0.000712
52.0000,0.000057,0.650127,0.649873,0.422500,-0.001271
52.0100,0.000028,0.650182,0.649818,0.422500,-0.001825
52.0200,0.000000,0.650237,0.649763,0.422500,-0.002372
52.0300,-0.000027,0.650291,0.649709,0.422500,-0.002911
52.0400,-0.000055,0.650344,0.649656,0.422500,-0.003441
52.0500,-0.000082,0.650396,0.649604,0.422500,-0.003961
52.0600,-0.000109,0.650447,0.649553,0.422500,-0.004470
52.0700,-0.000136,0.650497,0.649503,0.422500,-0.004968
52.0800,-0.000162,0.650545,0.649455,0.422500,-0.005453
52.0900,-0.000187,0.650592,0.649408,0.422500,-0.005924
52.1000,-0.000212,0.650638,0.649362,0.422500,-0.006381
52.1100,-0.000237,0.650682,0.649318,0.422500,-0.006823
52.1200,-0.000261,0.650725,0.649275,0.422500,-0.007248
52.1300,-0.000284,0.650766,0.649234,0.422500,-0.007656
52.1400,-0.000306,0.650805,0.649195,0.422500,-0.008047
52.1500,-0.000328,0.650842,0.649158,0.422500,-0.008420
52.1600,-0.000349,0.650877,0.649123,0.422500,-0.008773
52.1700,-0.000369,0.650911,0.649089,0.422500,-0.009107
52.1800,-0.000388,0.650942,0.649058,0.422500,-0.009421
52.1900,-0.000406,0.650971,0.649029,0.422500,-0.009714
52.2000,-0.000423,0.650999,0.649001,0.422500,-0.009986
52.2100,-0.000439,0.651024,0.648976,0.422500,-0.010237
52.2200,-0.000455,0.651047,0.648953,0.422500,-0.010465
52.2300,-0.000469,0.651067,0.648933,0.422500,-0.010672
52.2400,-0.000482,0.651086,0.648914,0.422500,-0.010856
52.2500,-0.000494,0.651102,0.648898,0.422500,-0.011016
52.2600,-0.000505,0.651115,0.648885,0.422500,-0.011154
52.2700,-0.000515,0.651127,0.648873,0.422500,-0.011269
52.2800,-0.000524,0.651136,0.648864,0.422500,-0.011361
52.2900,-0.000532,0.651143,0.648857,0.422500,-0.011429
52.3000,-0.000538,0.651147,0.648853,0.422500,-0.011474
52.3100,-0.000544,0.651150,0.648850,0.422500,-0.011496
52.3200,-0.000548,0.651149,0.648851,0.422500,-0.011494
52.3300,-0.000551,0.651147,0.648853,0.422500,-0.011470
52.3400,-0.000553,0.651142,0.648858,0.422500,-0.011422
52.3500,-0.000554,0.651135,0.648865,0.422500,-0.011352
52.3600,-0.000554,0.651126,0.648874,0.422500,-0.011260
52.3700,-0.000552,0.651115,0.648885,0.422500,-0.011145
52.3800,-0.000550,0.651101,0.648899,0.422500,-0.011009
52.3900,-0.000546,0.651085,0.648915,0.422500,-0.010852
52.4000,-0.000541,0.651067,0.648933,0.422500,-0.010673
52.4100,-0.000536,0.651047,0.648953,0.422500,-0.010474
52.4200,-0.000529,0.651026,0.648974,0.422500,-0.010255
52.4300,-0.000521,0.651002,0.648998,0.422500,-0.010017
52.4400,-0.000512,0.650976,0.649024,0.422500,-0.009760
52.4500,-0.000502,0.650949,0.649051,0.422500,-0.009485
52.4600,-0.000491,0.650919,0.649081,0.422500,-0.009193
52.4700,-0.000479,0.650888,0.649112,0.422500,-0.008883
52.4800,-0.000466,0.650856,0.649144,0.422500,-0.008558
52.4900,-0.000452,0.650822,0.649178,0.422500,-0.008217
52.5000,-0.000438,0.650786,0.649214,0.422500,-0.007862
52.5100,-0.000422,0.650749,0.649251,0.422500,-0.007492
52.5200,-0.000406,0.650711,0.649289,0.422500,-0.007110
52.5300,-0.000389,0.650672,0.649328,0.422500,-0.006716
52.5400,-0.000371,0.650631,0.649369,0.422500,-0.006310
52.5500,-0.000353,0.650589,0.649411,0.422500,-0.005894
52.5600,-0.000334,0.650547,0.649453,0.422500,-0.005469
52.5700,-0.000315,0.650503,0.649497,0.422500,-0.005034
52.5800,-0.000294,0.650459,0.649541,0.422500,-0.004592
52.5900,-0.000274,0.650414,0.649586,0.422500,-0.004144
52.6000,-0.000253,0.650369,0.649631,0.422500,-0.003689
52.6100,-0.000231,0.650323,0.649677,0.422500,-0.003230
52.6200,-0.000210,0.650277,0.649723,0.422500,-0.002767
52.6300,-0.000187,0.650230,0.649770,0.422500,-0.002301
52.6400,-0.000165,0.650183,0.649817,0.422500,-0.001833
52.6500,-0.000142,0.650136,0.649864,0.422500,-0.001363
52.6600,-0.000119,0.650089,0.649911,0.422500,-0.000894
52.6700,-0.000096,0.650043,0.649957,0.422500,-0.000425
52.6800,-0.000073,0.649996,0.650004,0.422500,0.000042
52.6900,-0.000050,0.649949,0.650051,0.422500,0.000506
52.7000,-0.000027,0.649903,0.650097,0.422500,0.000966
52.7100,-0.000004,0.649858,0.650142,0.422500,0.001422
52.7200,0.000019,0.649813,0.650187,0.422500,0.001873
52.7300,0.000042,0.649768,0.650232,0.422500,0.002318
52.7400,0.000064,0.649725,0.650275,0.422500,0.002755
52.7500,0.000087,0.649682,0.650318,0.422500,0.003184
52.7600,0.000109,0.649640,0.650360,0.422500,0.003605
52.7700,0.000131,0.649598,0.650402,0.422500,0.004016
52.7800,0.000152,0.649558,0.650442,0.422500,0.004416
52.7900,0.000173,0.649519,0.650481,0.422500,0.004806
52.8000,0.000194,0.649482,0.650518,0.422500,0.005184
52.8100,0.000214,0.649445,0.650555,0.422500,0.005549
52.8200,0.000234,0.649410,0.650590,0.422500,0.005901
52.8300,0.000253,0.649376,0.650624,0.422500,0.006239
52.8400,0.000271,0.649344,0.650656,0.422500,0.006563
52.8500,0.000289,0.649313,0.650687,0.422500,0.006872
52.8600,0.000306,0.649283,0.650717,0.422500,0.007166
52.8700,0.000323,0.649256,0.650744,0.422500,0.007443
52.8800,0.000338,0.649230,0.650770,0.422500,0.007704
52.8900,0.000354,0.649205,0.650795,0.422500,0.007948
52.9000,0.000368,0.649183,0.650817,0.422500,0.008175
52.9100,0.000381,0.649162,0.650838,0.422500,0.008384
52.9200,0.000394,0.649143,0.650857,0.422500,0.008575
52.9300,0.000406,0.649125,0.650875,0.422500,0.008748
52.9400,0.000417,0.649110,0.650890,0.422500,0.008902
52.9500,0.000427,0.649096,0.650904,0.422500,0.009038
52.9600,0.000436,0.649085,0.650915,0.422500,0.009154
52.9700,0.000444,0.649075,0.650925,0.422500,0.009252
52.9800,0.000452,0.649067,0.650933,0.422500,0.009330
52.9900,0.000458,0.649061,0.650939,0.422500,0.009390
53.0000,0.000464,0.649057,0.650943,0.422500,0.009430
53.0100,0.000468,0.649055,0.650945,0.422500,0.009451
53.0200,0.000472,0.649055,0.650945,0.422500,0.009453
53.0300,0.000475,0.649056,0.650944,0.422500,0.009436
53.0400,0.000476,0.649060,0.650940,0.422500,0.009400
53.0500,0.000477,0.649065,0.650935,0.422500,0.009346
53.0600,0.000477,0.649073,0.650927,0.422500,0.009273
53.0700,0.000476,0.649082,0.650918,0.422500,0.009182
53.0800,0.000474,0.649093,0.650907,0.422500,0.009073
53.0900,0.000471,0.649105,0.650895,0.422500,0.008946
53.1000,0.000467,0.649120,0.650880,0.422500,0.008802
53.1100,0.000462,0.649136,0.650864,0.422500,0.008642
53.1200,0.000457,0.649154,0.650846,0.422500,0.008464
53.1300,0.000450,0.649173,0.650827,0.422500,0.008271
53.1400,0.000443,0.649194,0.650806,0.422500,0.008063
53.1500,0.000435,0.649216,0.650784,0.422500,0.007839
53.1600,0.000426,0.649240,0.650760,0.422500,0.007601
53.1700,0.000416,0.649265,0.650735,0.422500,0.007348
53.1800,0.000406,0.649292,0.650708,0.422500,0.007083
53.1900,0.000394,0.649320,0.650680,0.422500,0.006805
53.2000,0.000383,0.649349,0.650651,0.422500,0.006514
53.2100,0.000370,0.649379,0.650621,0.422500,0.006213
53.2200,0.000357,0.649410,0.650590,0.422500,0.005900
53.2300,0.000343,0.649442,0.650558,0.422500,0.005577
53.2400,0.000328,0.649475,0.650525,0.422500,0.005245
53.2500,0.000313,0.649510,0.650490,0.422500,0.004905
53.2600,0.000298,0.649544,0.650456,0.422500,0.004556
53.2700,0.000282,0.649580,0.650420,0.422500,0.004200
53.2800,0.000265,0.649616,0.650384,0.422500,0.003838
53.2900,0.000248,0.649653,0.650347,0.422500,0.003470
53.3000,0.000231,0.649690,0.650310,0.422500,0.003097
53.3100,0.000213,0.649728,0.650272,0.422500,0.002719
53.3200,0.000195,0.649766,0.650234,0.422500,0.002339
53.3300,0.000177,0.649804,0.650196,0.422500,0.001956
53.3400,0.000159,0.649843,0.650157,0.422500,0.001571
53.3500,0.000140,0.649881,0.650119,0.422500,0.001185
53.3600,0.000121,0.649920,0.650080,0.422500,0.000799
53.3700,0.000102,0.649959,0.650041,0.422500,0.000414
53.3800,0.000083,0.649997,0.650003,0.422500,0.000029
53.3900,0.000064,0.650035,0.649965,0.422500,-0.000353
53.4000,0.000045,0.650073,0.649927,0.422500,-0.000732
53.4100,0.000026,0.650111,0.649889,0.422500,-0.001108
53.4200,0.000007,0.650148,0.649852,0.422500,-0.001479
53.4300,-0.000012,0.650185,0.649815,0.422500,-0.001846
53.4400,-0.000030,0.650221,0.649779,0.422500,-0.002206
53.4500,-0.000049,0.650256,0.649744,0.422500,-0.002561
53.4600,-0.000067,0.650291,0.649709,0.422500,-0.002908
53.4700,-0.000085,0.650325,0.649675,0.422500,-0.003247
53.4800,-0.000103,0.650358,0.649642,0.422500,-0.003578
53.4900,-0.000120,0.650390,0.649610,0.422500,-0.003900
53.5000,-0.000138,0.650421,0.649579,0.422500,-0.004212
53.5100,-0.000154,0.650451,0.649549,0.422500,-0.004515
53.5200,-0.000170,0.650481,0.649519,0.422500,-0.004806
53.5300,-0.000186,0.650509,0.649491,0.422500,-0.005086
53.5400,-0.000202,0.650535,0.649465,0.422500,-0.005355
53.5500,-0.000216,0.650561,0.649439,0.422500,-0.005611
53.5600,-0.000231,0.650585,0.649415,0.422500,-0.005854
53.5700,-0.000244,0.650608,0.649392,0.422500,-0.006085
53.5800,-0.000258,0.650630,0.649370,0.422500,-0.006302
53.5900,-0.000270,0.650650,0.649350,0.422500,-0.006505
53.6000,-0.000282,0.650669,0.649331,0.422500,-0.006694
53.6100,-0.000293,0.650687,0.649313,0.422500,-0.006868
53.6200,-0.000304,0.650703,0.649297,0.422500,-0.007028
53.6300,-0.000314,0.650717,0.649283,0.422500,-0.007172
53.6400,-0.000323,0.650730,0.649270,0.422500,-0.007302
53.6500,-0.000331,0.650742,0.649258,0.422500,-0.007416
53.6600,-0.000339,0.650751,0.649249,0.422500,-0.007514
53.6700,-0.000346,0.650760,0.649240,0.422500,-0.007597
53.6800,-0.000352,0.650766,0.649234,0.422500,-0.007665
53.6900,-0.000358,0.650772,0.649228,0.422500,-0.007716
53.7000,-0.000362,0.650775,0.649225,0.422500,-0.007752
53.7100,-0.000366,0.650777,0.649223,0.422500,-0.007772
53.7200,-0.000370,0.650778,0.649222,0.422500,-0.007776
53.7300,-0.000372,0.650776,0.649224,0.422500,-0.007765
53.7400,-0.000374,0.650774,0.649226,0.422500,-0.007738
53.7500,-0.000374,0.650770,0.649230,0.422500,-0.007696
53.7600,-0.000374,0.650764,0.649236,0.422500,-0.007639
53.7700,-0.000374,0.650757,0.649243,0.422500,-0.007566
53.7800,-0.000372,0.650748,0.649252,0.422500,-0.007479
53.7900,-0.000370,0.650738,0.649262,0.422500,-0.007377
53.8000,-0.000367,0.650726,0.649274,0.422500,-0.007261
53.8100,-0.000363,0.650713,0.649287,0.422500,-0.007131
53.8200,-0.000359,0.650699,0.649301,0.422500,-0.006988
53.8300,-0.000354,0.650683,0.649317,0.422500,-0.006831
53.8400,-0.000348,0.650666,0.649334,0.422500,-0.006662
53.8500,-0.000341,0.650648,0.649352,0.422500,-0.006480
53.8600,-0.000334,0.650629,0.649371,0.422500,-0.006286
53.8700,-0.000326,0.650608,0.649392,0.422500,-0.006080
53.8800,-0.000318,0.650586,0.649414,0.422500,-0.005864
53.8900,-0.000309,0.650564,0.649436,0.422500,-0.005637
53.9000,-0.000299,0.650540,0.649460,0.422500,-0.005400
53.9100,-0.000289,0.650515,0.649485,0.422500,-0.005153
53.9200,-0.000278,0.650490,0.649510,0.422500,-0.004897
53.9300,-0.000267,0.650463,0.649537,0.422500,-0.004633
53.9400,-0.000255,0.650436,0.649564,0.422500,-0.004362
53.9500,-0.000243,0.650408,0.649592,0.422500,-0.004083
53.9600,-0.000230,0.650380,0.649620,0.422500,-0.003797
53.9700,-0.000217,0.650351,0.649649,0.422500,-0.003505
53.9800,-0.000204,0.650321,0.649679,0.422500,-0.003208
53.9900,-0.000190,0.650291,0.649709,0.422500,-0.002906
54.0000,-0.000176,0.650260,0.649740,0.422500,-0.002600
54.0100,-0.000161,0.650229,0.649771,0.422500,-0.002290
54.0200,-0.000146,0.650198,0.649802,0.422500,-0.001978
54.0300,-0.000132,0.650166,0.649834,0.422500,-0.001663
54.0400,-0.000116,0.650135,0.649865,0.422500,-0.001347
54.0500,-0.000101,0.650103,0.649897,0.422500,-0.001030
54.0600,-0.000086,0.650071,0.649929,0.422500,-0.000712
54.0700,-0.000070,0.650039,0.649961,0.422500,-0.000395
54.0800,-0.000055,0.650008,0.649992,0.422500,-0.000079
54.0900,-0.000039,0.649976,0.650024,0.422500,0.000236
54.1000,-0.000023,0.649945,0.650055,0.422500,0.000548
54.1100,-0.000008,0.649914,0.650086,0.422500,0.000858
54.1200,0.000008,0.649884,0.650116,0.422500,0.001164
54.1300,0.000023,0.649853,0.650147,0.422500,0.001466
54.1400,0.000039,0.649824,0.650176,0.422500,0.001764
54.1500,0.000054,0.649794,0.650206,0.422500,0.002056
54.1600,0.000069,0.649766,0.650234,0.422500,0.002342
54.1700,0.000084,0.649738,0.650262,0.422500,0.002623
54.1800,0.000098,0.649710,0.650290,0.422500,0.002896
54.1900,0.000113,0.649684,0.650316,0.422500,0.003162
54.2000,0.000127,0.649658,0.650342,0.422500,0.003420
54.2100,0.000140,0.649633,0.650367,0.422500,0.003670
54.2200,0.000154,0.649609,0.650391,0.422500,0.003912
54.2300,0.000167,0.649586,0.650414,0.422500,0.004144
54.2400,0.000180,0.649563,0.650437,0.422500,0.004366
54.2500,0.000192,0.649542,0.650458,0.422500,0.004578
54.2600,0.000203,0.649522,0.650478,0.422500,0.004780
54.2700,0.000215,0.649503,0.650497,0.422500,0.004972
54.2800,0.000226,0.649485,0.650515,0.422500,0.005152
54.2900,0.000236,0.649468,0.650532,0.422500,0.005321
54.3000,0.000246,0.649452,0.650548,0.422500,0.005478
54.3100,0.000255,0.649438,0.650562,0.422500,0.005624
54.3200,0.000264,0.649424,0.650576,0.422500,0.005757
54.3300,0.000272,0.649412,0.650588,0.422500,0.005878
54.3400,0.000280,0.649401,0.650599,0.422500,0.005987
54.3500,0.000287,0.649392,0.650608,0.422500,0.006083
54.3600,0.000293,0.649383,0.650617,0.422500,0.006166
54.3700,0.000299,0.649376,0.650624,0.422500,0.006237
54.3800,0.000304,0.649371,0.650629,0.422500,0.006294
54.3900,0.000309,0.649366,0.650634,0.422500,0.006339
54.4000,0.000313,0.649363,0.650637,0.422500,0.006370
54.4100,0.000316,0.649361,0.650639,0.422500,0.006389
54.4200,0.000319,0.649361,0.650639,0.422500,0.006395
54.4300,0.000321,0.649361,0.650639,0.422500,0.006387
54.4400,0.000322,0.649363,0.650637,0.422500,0.006368
54.4500,0.000323,0.649367,0.650633,0.422500,0.006335
54.4600,0.000323,0.649371,0.650629,0.422500,0.006290
54.4700,0.000322,0.649377,0.650623,0.422500,0.006232
54.4800,0.000321,0.649384,0.650616,0.422500,0.006163
54.4900,0.000320,0.649392,0.650608,0.422500,0.006081
54.5000,0.000317,0.649401,0.650599,0.422500,0.005988
54.5100,0.000314,0.649412,0.650588,0.422500,0.005883
54.5200,0.000311,0.649423,0.650577,0.422500,0.005767
54.5300,0.000306,0.649436,0.650564,0.422500,0.005640
54.5400,0.000302,0.649450,0.650550,0.422500,0.005502
54.5500,0.000296,0.649465,0.650535,0.422500,0.005354
54.5600,0.000290,0.649480,0.650520,0.422500,0.005196
54.5700,0.000284,0.649497,0.650503,0.422500,0.005029
54.5800,0.000277,0.649515,0.650485,0.422500,0.004852
54.5900,0.000270,0.649533,0.650467,0.422500,0.004667
54.6000,0.000262,0.649553,0.650447,0.422500,0.004473
54.6100,0.000253,0.649573,0.650427,0.422500,0.004272
54.6200,0.000245,0.649594,0.650406,0.422500,0.004063
54.6300,0.000235,0.649615,0.650385,0.422500,0.003847
54.6400,0.000226,0.649638,0.650362,0.422500,0.003624
54.6500,0.000216,0.649660,0.650340,0.422500,0.003396
54.6600,0.000205,0.649684,0.650316,0.422500,0.003162
54.6700,0.000194,0.649708,0.650292,0.422500,0.002923
54.6800,0.000183,0.649732,0.650268,0.422500,0.002679
54.6900,0.000172,0.649757,0.650243,0.422500,0.002431
54.7000,0.000160,0.649782,0.650218,0.422500,0.002180
54.7100,0.000149,0.649807,0.650193,0.422500,0.001926
54.7200,0.000137,0.649833,0.650167,0.422500,0.001669
54.7300,0.000124,0.649859,0.650141,0.422500,0.001411
54.7400,0.000112,0.649885,0.650115,0.422500,0.001151
54.7500,0.000099,0.649911,0.650089,0.422500,0.000890
54.7600,0.000087,0.649937,0.650063,0.422500,0.000629
54.7700,0.000074,0.649963,0.650037,0.422500,0.000368
54.7800,0.000061,0.649989,0.650011,0.422500,0.000108
54.7900,0.000048,0.650015,0.649985,0.422500,-0.000151
54.8000,0.000035,0.650041,0.649959,0.422500,-0.000409
54.8100,0.000022,0.650066,0.649934,0.422500,-0.000664
54.8200,0.000009,0.650092,0.649908,0.422500,-0.000916
54.8300,-0.000003,0.650116,0.649884,0.422500,-0.001165
54.8400,-0.000016,0.650141,0.649859,0.422500,-0.001410
54.8500,-0.000029,0.650165,0.649835,0.422500,-0.001651
54.8600,-0.000041,0.650189,0.649811,0.422500,-0.001888
54.8700,-0.000053,0.650212,0.649788,0.422500,-0.002119
54.8800,-0.000065,0.650234,0.649766,0.422500,-0.002345
54.8900,-0.000077,0.650256,0.649744,0.422500,-0.002565
54.9000,-0.000089,0.650278,0.649722,0.422500,-0.002778
54.9100,-0.000100,0.650299,0.649701,0.422500,-0.002985
54.9200,-0.000111,0.650318,0.649682,0.422500,-0.003185
54.9300,-0.000122,0.650338,0.649662,0.422500,-0.003377
54.9400,-0.000133,0.650356,0.649644,0.422500,-0.003561
54.9500,-0.000143,0.650374,0.649626,0.422500,-0.003737
54.9600,-0.000153,0.650390,0.649610,0.422500,-0.003905
54.9700,-0.000162,0.650406,0.649594,0.422500,-0.004064
54.9800,-0.000171,0.650421,0.649579,0.422500,-0.004213
54.9900,-0.000180,0.650435,0.649565,0.422500,-0.004354
55.0000,-0.000188,0.650448,0.649552,0.422500,-0.004485
55.0100,-0.000196,0.650461,0.649539,0.422500,-0.004606
55.0200,-0.000203,0.650472,0.649528,0.422500,-0.004718
55.0300,-0.000210,0.650482,0.649518,0.422500,-0.004819
55.0400,-0.000216,0.650491,0.649509,0.422500,-0.004910
55.0500,-0.000222,0.650499,0.649501,0.422500,-0.004991
55.0600,-0.000227,0.650506,0.649494,0.422500,-0.005061
55.0700,-0.000232,0.650512,0.649488,0.422500,-0.005121
55.0800,-0.000237,0.650517,0.649483,0.422500,-0.005170
55.0900,-0.000240,0.650521,0.649479,0.422500,-0.005208
55.1000,-0.000244,0.650524,0.649476,0.422500,-0.005236
55.1100,-0.000247,0.650525,0.649475,0.422500,-0.005253
55.1200,-0.000249,0.650526,0.649474,0.422500,-0.005260
55.1300,-0.000251,0.650526,0.649474,0.422500,-0.005256
55.1400,-0.000252,0.650524,0.649476,0.422500,-0.005241
55.1500,-0.000253,0.650522,0.649478,0.422500,-0.005216
55.1600,-0.000253,0.650518,0.649482,0.422500,-0.005181
55.1700,-0.000253,0.650514,0.649486,0.422500,-0.005135
55.1800,-0.000252,0.650508,0.649492,0.422500,-0.005079
55.1900,-0.000251,0.650501,0.649499,0.422500,-0.005014
55.2000,-0.000249,0.650494,0.649506,0.422500,-0.004939
55.2100,-0.000246,0.650485,0.649515,0.422500,-0.004854
55.2200,-0.000244,0.650476,0.649524,0.422500,-0.004760
55.2300,-0.000240,0.650466,0.649534,0.422500,-0.004657
55.2400,-0.000236,0.650455,0.649545,0.422500,-0.004545
55.2500,-0.000232,0.650443,0.649557,0.422500,-0.004425
55.2600,-0.000227,0.650430,0.649570,0.422500,-0.004297
55.2700,-0.000222,0.650416,0.649584,0.422500,-0.004160
55.2800,-0.000217,0.650402,0.649598,0.422500,-0.004016
55.2900,-0.000211,0.650387,0.649613,0.422500,-0.003865
55.3000,-0.000204,0.650371,0.649629,0.422500,-0.003707
55.3100,-0.000198,0.650354,0.649646,0.422500,-0.003542
55.3200,-0.000190,0.650337,0.649663,0.422500,-0.003372
55.3300,-0.000183,0.650319,0.649681,0.422500,-0.003195
55.3400,-0.000175,0.650301,0.649699,0.422500,-0.003013
55.3500,-0.000167,0.650283,0.649717,0.422500,-0.002826
55.3600,-0.000158,0.650263,0.649737,0.422500,-0.002634
55.3700,-0.000150,0.650244,0.649756,0.422500,-0.002438
55.3800,-0.000141,0.650224,0.649776,0.422500,-0.002238
55.3900,-0.000131,0.650203,0.649797,0.422500,-0.002035
55.4000,-0.000122,0.650183,0.649817,0.422500,-0.001829
55.4100,-0.000112,0.650162,0.649838,0.422500,-0.001620
55.4200,-0.000102,0.650141,0.649859,0.422500,-0.001409
55.4300,-0.000092,0.650120,0.649880,0.422500,-0.001197
55.4400,-0.000082,0.650098,0.649902,0.422500,-0.000983
55.4500,-0.000072,0.650077,0.649923,0.422500,-0.000769
55.4600,-0.000061,0.650055,0.649945,0.422500,-0.000554
55.4700,-0.000051,0.650034,0.649966,0.422500,-0.000340
55.4800,-0.000040,0.650013,0.649987,0.422500,-0.000126
55.4900,-0.000030,0.649991,0.650009,0.422500,0.000088
55.5000,-0.000019,0.649970,0.650030,0.422500,0.000300
55.5100,-0.000009,0.649949,0.650051,0.422500,0.000510
55.5200,0.000002,0.649928,0.650072,0.422500,0.000717
55.5300,0.000012,0.649908,0.650092,0.422500,0.000923
55.5400,0.000023,0.649887,0.650113,0.422500,0.001125
55.5500,0.000033,0.649868,0.650132,0.422500,0.001324
55.5600,0.000043,0.649848,0.650152,0.422500,0.001519
55.5700,0.000053,0.649829,0.650171,0.422500,0.001710
55.5800,0.000063,0.649810,0.650190,0.422500,0.001897
55.5900,0.000073,0.649792,0.650208,0.422500,0.002078
55.6000,0.000083,0.649775,0.650225,0.422500,0.002255
55.6100,0.000092,0.649757,0.650243,0.422500,0.002426
55.6200,0.000101,0.649741,0.650259,0.422500,0.002591
55.6300,0.000110,0.649725,0.650275,0.422500,0.002750
55.6400,0.000119,0.649710,0.650290,0.422500,0.002903
55.6500,0.000127,0.649695,0.650305,0.422500,0.003049
55.6600,0.000135,0.649681,0.650319,0.422500,0.003188
55.6700,0.000143,0.649668,0.650332,0.422500,0.003320
55.6800,0.000150,0.649656,0.650344,0.422500,0.003444
55.6900,0.000157,0.649644,0.650356,0.422500,0.003561
55.7000,0.000164,0.649633,0.650367,0.422500,0.003670
55.7100,0.000171,0.649623,0.650377,0.422500,0.003771
55.7200,0.000177,0.649614,0.650386,0.422500,0.003864
55.7300,0.000182,0.649605,0.650395,0.422500,0.003949
55.7400,0.000188,0.649597,0.650403,0.422500,0.004025
55.7500,0.000193,0.649591,0.650409,0.422500,0.004093
55.7600,0.000197,0.649585,0.650415,0.422500,0.004152
55.7700,0.000201,0.649580,0.650420,0.422500,0.004203
55.7800,0.000205,0.649576,0.650424,0.422500,0.004245
55.7900,0.000208,0.649572,0.650428,0.422500,0.004278
55.8000,0.000211,0.649570,0.650430,0.422500,0.004302
55.8100,0.000213,0.649568,0.650432,0.422500,0.004318
55.8200,0.000215,0.649568,0.650432,0.422500,0.004325
55.8300,0.000217,0.649568,0.650432,0.422500,0.004323
55.8400,0.000218,0.649569,0.650431,0.422500,0.004312
55.8500,0.000218,0.649571,0.650429,0.422500,0.004293
55.8600,0.000219,0.649573,0.650427,0.422500,0.004265
55.8700,0.000218,0.649577,0.650423,0.422500,0.004229
55.8800,0.000218,0.649582,0.650418,0.422500,0.004185
55.8900,0.000217,0.649587,0.650413,0.422500,0.004132
55.9000,0.000215,0.649593,0.650407,0.422500,0.004072
55.9100,0.000213,0.649600,0.650400,0.422500,0.004004
55.9200,0.000211,0.649607,0.650393,0.422500,0.003928
55.9300,0.000208,0.649616,0.650384,0.422500,0.003844
55.9400,0.000205,0.649625,0.650375,0.422500,0.003754
55.9500,0.000202,0.649634,0.650366,0.422500,0.003656
55.9600,0.000198,0.649645,0.650355,0.422500,0.003551
55.9700,0.000194,0.649656,0.650344,0.422500,0.003440
55.9800,0.000189,0.649668,0.650332,0.422500,0.003323
55.9900,0.000184,0.649680,0.650320,0.422500,0.003200
56.0000,0.000179,0.649693,0.650307,0.422500,0.003071
56.0100,0.000174,0.649706,0.650294,0.422500,0.002936
56.0200,0.000168,0.649720,0.650280,0.422500,0.002796
56.0300,0.000162,0.649735,0.650265,0.422500,0.002652
56.0400,0.000155,0.649750,0.650250,0.422500,0.002503
56.0500,0.000148,0.649765,0.650235,0.422500,0.002350
56.0600,0.000141,0.649781,0.650219,0.422500,0.002192
56.0700,0.000134,0.649797,0.650203,0.422500,0.002032
56.0800,0.000127,0.649813,0.650187,0.422500,0.001868
56.0900,0.000119,0.649830,0.650170,0.422500,0.001701
56.1000,0.000111,0.649847,0.650153,0.422500,0.001532
56.1100,0.000103,0.649864,0.650136,0.422500,0.001361
56.1200,0.000095,0.649881,0.650119,0.422500,0.001188
56.1300,0.000087,0.649899,0.650101,0.422500,0.001014
56.1400,0.000079,0.649916,0.650084,0.422500,0.000838
56.1500,0.000070,0.649934,0.650066,0.422500,0.000662
56.1600,0.000062,0.649951,0.650049,0.422500,0.000485
56.1700,0.000053,0.649969,0.650031,0.422500,0.000309
56.1800,0.000044,0.649987,0.650013,0.422500,0.000132
56.1900,0.000036,0.650004,0.649996,0.422500,-0.000043
56.2000,0.000027,0.650022,0.649978,0.422500,-0.000218
56.2100,0.000018,0.650039,0.649961,0.422500,-0.000391
56.2200,0.000009,0.650056,0.649944,0.422500,-0.000562
56.2300,0.000001,0.650073,0.649927,0.422500,-0.000731
56.2400,-0.000008,0.650090,0.649910,0.422500,-0.000898
56.2500,-0.000016,0.650106,0.649894,0.422500,-0.001062
56.2600,-0.000025,0.650122,0.649878,0.422500,-0.001223
56.2700,-0.000033,0.650138,0.649862,0.422500,-0.001381
56.2800,-0.000041,0.650153,0.649847,0.422500,-0.001535
56.2900,-0.000049,0.650168,0.649832,0.422500,-0.001685
56.3000,-0.000057,0.650183,0.649817,0.422500,-0.001831
56.3100,-0.000065,0.650197,0.649803,0.422500,-0.001972
56.3200,-0.000073,0.650211,0.649789,0.422500,-0.002109
56.3300,-0.000080,0.650224,0.649776,0.422500,-0.002240
56.3400,-0.000087,0.650237,0.649763,0.422500,-0.002367
56.3500,-0.000094,0.650249,0.649751,0.422500,-0.002488
56.3600,-0.000101,0.650260,0.649740,0.422500,-0.002603
56.3700,-0.000107,0.650271,0.649729,0.422500,-0.002713
56.3800,-0.000113,0.650282,0.649718,0.422500,-0.002816
56.3900,-0.000119,0.650291,0.649709,0.422500,-0.002913
56.4000,-0.000125,0.650300,0.649700,0.422500,-0.003004
56.4100,-0.000130,0.650309,0.649691,0.422500,-0.003088
56.4200,-0.000135,0.650317,0.649683,0.422500,-0.003166
56.4300,-0.000140,0.650324,0.649676,0.422500,-0.003237
56.4400,-0.000145,0.650330,0.649670,0.422500,-0.003301
56.4500,-0.000149,0.650336,0.649664,0.422500,-0.003358
56.4600,-0.000152,0.650341,0.649659,0.422500,-0.003408
56.4700,-0.000156,0.650345,0.649655,0.422500,-0.003450
56.4800,-0.000159,0.650349,0.649651,0.422500,-0.003486
56.4900,-0.000162,0.650351,0.649649,0.422500,-0.003515
56.5000,-0.000164,0.650354,0.649646,0.422500,-0.003536
56.5100,-0.000166,0.650355,0.649645,0.422500,-0.003550
56.5200,-0.000168,0.650356,0.649644,0.422500,-0.003557
56.5300,-0.000169,0.650356,0.649644,0.422500,-0.003556
56.5400,-0.000170,0.650355,0.649645,0.422500,-0.003549
56.5500,-0.000171,0.650353,0.649647,0.422500,-0.003534
56.5600,-0.000171,0.650351,0.649649,0.422500,-0.003513
56.5700,-0.000171,0.650348,0.649652,0.422500,-0.003484
56.5800,-0.000170,0.650345,0.649655,0.422500,-0.003449
56.5900,-0.000170,0.650341,0.649659,0.422500,-0.003407
56.6000,-0.000169,0.650336,0.649664,0.422500,-0.003358
56.6100,-0.000167,0.650330,0.649670,0.422500,-0.003303
56.6200,-0.000165,0.650324,0.649676,0.422500,-0.003242
56.6300,-0.000163,0.650317,0.649683,0.422500,-0.003174
56.6400,-0.000161,0.650310,0.649690,0.422500,-0.003101
56.6500,-0.000158,0.650302,0.649698,0.422500,-0.003021
56.6600,-0.000155,0.650294,0.649706,0.422500,-0.002936
56.6700,-0.000151,0.650285,0.649715,0.422500,-0.002846
56.6800,-0.000148,0.650275,0.649725,0.422500,-0.002750
56.6900,-0.000144,0.650265,0.649735,0.422500,-0.002649
56.7000,-0.000140,0.650254,0.649746,0.422500,-0.002544
56.7100,-0.000135,0.650243,0.649757,0.422500,-0.002434
56.7200,-0.000130,0.650232,0.649768,0.422500,-0.002320
56.7300,-0.000125,0.650220,0.649780,0.422500,-0.002202
56.7400,-0.000120,0.650208,0.649792,0.422500,-0.002080
56.7500,-0.000115,0.650195,0.649805,0.422500,-0.001954
56.7600,-0.000109,0.650183,0.649817,0.422500,-0.001826
56.7700,-0.000103,0.650169,0.649831,0.422500,-0.001694
56.7800,-0.000097,0.650156,0.649844,0.422500,-0.001560
56.7900,-0.000091,0.650142,0.649858,0.422500,-0.001423
56.8000,-0.000084,0.650128,0.649872,0.422500,-0.001284
56.8100,-0.000078,0.650114,0.649886,0.422500,-0.001144
56.8200,-0.000071,0.650100,0.649900,0.422500,-0.001002
56.8300,-0.000064,0.650086,0.649914,0.422500,-0.000858
56.8400,-0.000058,0.650071,0.649929,0.422500,-0.000714
56.8500,-0.000051,0.650057,0.649943,0.422500,-0.000569
56.8600,-0.000044,0.650042,0.649958,0.422500,-0.000424
56.8700,-0.000037,0.650028,0.649972,0.422500,-0.000279
56.8800,-0.000030,0.650013,0.649987,0.422500,-0.000134
56.8900,-0.000022,0.649999,0.650001,0.422500,0.000011
56.9000,-0.000015,0.649985,0.650015,0.422500,0.000154
56.9100,-0.000008,0.649970,0.650030,0.422500,0.000297
56.9200,-0.000001,0.649956,0.650044,0.422500,0.000438
56.9300,0.000006,0.649942,0.650058,0.422500,0.000577
56.9400,0.000013,0.649929,0.650071,0.422500,0.000715
56.9500,0.000020,0.649915,0.650085,0.422500,0.000850
56.9600,0.000027,0.649902,0.650098,0.422500,0.000983
56.9700,0.000034,0.649889,0.650111,0.422500,0.001113
56.9800,0.000041,0.649876,0.650124,0.422500,0.001240
56.9900,0.000047,0.649864,0.650136,0.422500,0.001364
57.0000,0.000054,0.649852,0.650148,0.422500,0.001485
57.0100,0.000060,0.649840,0.650160,0.422500,0.001602
57.0200,0.000067,0.649829,0.650171,0.422500,0.001715
57.0300,0.000073,0.649818,0.650182,0.422500,0.001824
57.0400,0.000079,0.649807,0.650193,0.422500,0.001929
57.0500,0.000084,0.649797,0.650203,0.422500,0.002029
57.0600,0.000090,0.649788,0.650212,0.422500,0.002125
57.0700,0.000095,0.649778,0.650222,0.422500,0.002216
57.0800,0.000100,0.649770,0.650230,0.422500,0.002301
57.0900,0.000105,0.649762,0.650238,0.422500,0.002382
57.1000,0.000110,0.649754,0.650246,0.422500,0.002458
57.1100,0.000114,0.649747,0.650253,0.422500,0.002528
57.1200,0.000118,0.649741,0.650259,0.422500,0.002593
57.1300,0.000122,0.649735,0.650265,0.422500,0.002652
57.1400,0.000126,0.649729,0.650271,0.422500,0.002706
57.1500,0.000129,0.649725,0.650275,0.422500,0.002753
57.1600,0.000132,0.649720,0.650280,0.422500,0.002795
57.1700,0.000135,0.649717,0.650283,0.422500,0.002832
57.1800,0.000138,0.649714,0.650286,0.422500,0.002862
57.1900,0.000140,0.649711,0.650289,0.422500,0.002886
57.2000,0.000142,0.649710,0.650290,0.422500,0.002905
57.2100,0.000144,0.649708,0.650292,0.422500,0.002917
57.2200,0.000145,0.649708,0.650292,0.422500,0.002924
57.2300,0.000146,0.649708,0.650292,0.422500,0.002925
57.2400,0.000147,0.649708,0.650292,0.422500,0.002920
57.2500,0.000148,0.649709,0.650291,0.422500,0.002909
57.2600,0.000148,0.649711,0.650289,0.422500,0.002892
57.2700,0.000148,0.649713,0.650287,0.422500,0.002869
57.2800,0.000148,0.649716,0.650284,0.422500,0.002841
57.2900,0.000147,0.649719,0.650281,0.422500,0.002808
57.3000,0.000146,0.649723,0.650277,0.422500,0.002769
57.3100,0.000145,0.649728,0.650272,0.422500,0.002724
57.3200,0.000143,0.649733,0.650267,0.422500,0.002674
57.3300,0.000142,0.649738,0.650262,0.422500,0.002620
57.3400,0.000140,0.649744,0.650256,0.422500,0.002560
57.3500,0.000137,0.649750,0.650250,0.422500,0.002496
57.3600,0.000135,0.649757,0.650243,0.422500,0.002426
57.3700,0.000132,0.649765,0.650235,0.422500,0.002353
57.3800,0.000129,0.649773,0.650227,0.422500,0.002275
57.3900,0.000126,0.649781,0.650219,0.422500,0.002193
57.4000,0.000122,0.649789,0.650211,0.422500,0.002107
57.4100,0.000119,0.649798,0.650202,0.422500,0.002017
57.4200,0.000115,0.649808,0.650192,0.422500,0.001924
57.4300,0.000111,0.649817,0.650183,0.422500,0.001827
57.4400,0.000107,0.649827,0.650173,0.422500,0.001727
57.4500,0.000102,0.649838,0.650162,0.422500,0.001624
57.4600,0.000097,0.649848,0.650152,0.422500,0.001519
57.4700,0.000093,0.649859,0.650141,0.422500,0.001411
57.4800,0.000088,0.649870,0.650130,0.422500,0.001301
57.4900,0.000083,0.649881,0.650119,0.422500,0.001189
57.5000,0.000077,0.649892,0.650108,0.422500,0.001075
57.5100,0.000072,0.649904,0.650096,0.422500,0.000960
57.5200,0.000066,0.649916,0.650084,0.422500,0.000843
57.5300,0.000061,0.649927,0.650073,0.422500,0.000726
57.5400,0.000055,0.649939,0.650061,0.422500,0.000607
57.5500,0.000050,0.649951,0.650049,0.422500,0.000488
57.5600,0.000044,0.649963,0.650037,0.422500,0.000369
57.5700,0.000038,0.649975,0.650025,0.422500,0.000249
57.5800,0.000032,0.649987,0.650013,0.422500,0.000130
57.5900,0.000026,0.649999,0.650001,0.422500,0.000011
57.6000,0.000020,0.650011,0.649989,0.422500,-0.000107
57.6100,0.000014,0.650022,0.649978,0.422500,-0.000225
57.6200,0.000009,0.650034,0.649966,0.422500,-0.000341
57.6300,0.000003,0.650046,0.649954,0.422500,-0.000456
57.6400,-0.000003,0.650057,0.649943,0.422500,-0.000569
57.6500,-0.000009,0.650068,0.649932,0.422500,-0.000681
57.6600,-0.000015,0.650079,0.649921,0.422500,-0.000791
57.6700,-0.000020,0.650090,0.649910,0.422500,-0.000898
57.6800,-0.000026,0.650100,0.649900,0.422500,-0.001003
57.6900,-0.000031,0.650111,0.649889,0.422500,-0.001105
57.7000,-0.000037,0.650121,0.649879,0.422500,-0.001205
57.7100,-0.000042,0.650130,0.649870,0.422500,-0.001302
57.7200,-0.000047,0.650140,0.649860,0.422500,-0.001395
57.7300,-0.000052,0.650149,0.649851,0.422500,-0.001486
57.7400,-0.000057,0.650157,0.649843,0.422500,-0.001572
57.7500,-0.000062,0.650166,0.649834,0.422500,-0.001655
57.7600,-0.000067,0.650173,0.649827,0.422500,-0.001735
57.7700,-0.000071,0.650181,0.649819,0.422500,-0.001810
57.7800,-0.000075,0.650188,0.649812,0.422500,-0.001881
57.7900,-0.000079,0.650195,0.649805,0.422500,-0.001949
57.8000,-0.000083,0.650201,0.649799,0.422500,-0.002012
57.8100,-0.000087,0.650207,0.649793,0.422500,-0.002070
57.8200,-0.000090,0.650212,0.649788,0.422500,-0.002124
57.8300,-0.000094,0.650217,0.649783,0.422500,-0.002174
57.8400,-0.000097,0.650222,0.649778,0.422500,-0.002218
57.8500,-0.000099,0.650226,0.649774,0.422500,-0.002259
57.8600,-0.000102,0.650229,0.649771,0.422500,-0.002294
57.8700,-0.000105,0.650232,0.649768,0.422500,-0.002324
57.8800,-0.000107,0.650235,0.649765,0.422500,-0.002350
57.8900,-0.000109,0.650237,0.649763,0.422500,-0.002371
57.9000,-0.000110,0.650239,0.649761,0.422500,-0.002387
57.9100,-0.000112,0.650240,0.649760,0.422500,-0.002398
57.9200,-0.000113,0.650240,0.649760,0.422500,-0.002405
57.9300,-0.000114,0.650241,0.649759,0.422500,-0.002406
57.9400,-0.000115,0.650240,0.649760,0.422500,-0.002403
57.9500,-0.000115,0.650239,0.649761,0.422500,-0.002394
57.9600,-0.000115,0.650238,0.649762,0.422500,-0.002381
57.9700,-0.000116,0.650236,0.649764,0.422500,-0.002364
57.9800,-0.000115,0.650234,0.649766,0.422500,-0.002341
57.9900,-0.000115,0.650231,0.649769,0.422500,-0.002314
58.0000,-0.000114,0.650228,0.649772,0.422500,-0.002283
58.0100,-0.000113,0.650225,0.649775,0.422500,-0.002247
58.0200,-0.000112,0.650221,0.649779,0.422500,-0.002207
58.0300,-0.000111,0.650216,0.649784,0.422500,-0.002163
58.0400,-0.000109,0.650211,0.649789,0.422500,-0.002114
58.0500,-0.000107,0.650206,0.649794,0.422500,-0.002062
58.0600,-0.000105,0.650201,0.649799,0.422500,-0.002006
58.0700,-0.000103,0.650195,0.649805,0.422500,-0.001946
58.0800,-0.000101,0.650188,0.649812,0.422500,-0.001882
58.0900,-0.000098,0.650182,0.649818,0.422500,-0.001815
58.1000,-0.000095,0.650175,0.649825,0.422500,-0.001745
58.1100,-0.000092,0.650167,0.649833,0.422500,-0.001672
58.1200,-0.000089,0.650160,0.649840,0.422500,-0.001596
58.1300,-0.000086,0.650152,0.649848,0.422500,-0.001517
58.1400,-0.000082,0.650143,0.649857,0.422500,-0.001435
58.1500,-0.000079,0.650135,0.649865,0.422500,-0.001351
58.1600,-0.000075,0.650126,0.649874,0.422500,-0.001265
58.1700,-0.000071,0.650118,0.649882,0.422500,-0.001176
58.1800,-0.000067,0.650109,0.649891,0.422500,-0.001086
58.1900,-0.000063,0.650099,0.649901,0.422500,-0.000994
58.2000,-0.000058,0.650090,0.649910,0.422500,-0.000901
58.2100,-0.000054,0.650081,0.649919,0.422500,-0.000806
58.2200,-0.000050,0.650071,0.649929,0.422500,-0.000710
58.2300,-0.000045,0.650061,0.649939,0.422500,-0.000614
58.2400,-0.000040,0.650052,0.649948,0.422500,-0.000516
58.2500,-0.000036,0.650042,0.649958,0.422500,-0.000418
58.2600,-0.000031,0.650032,0.649968,0.422500,-0.000320
58.2700,-0.000026,0.650022,0.649978,0.422500,-0.000222
58.2800,-0.000021,0.650012,0.649988,0.422500,-0.000124
58.2900,-0.000017,0.650003,0.649997,0.422500,-0.000026
58.3000,-0.000012,0.649993,0.650007,0.422500,0.000071
58.3100,-0.000007,0.649983,0.650017,0.422500,0.000168
58.3200,-0.000002,0.649974,0.650026,0.422500,0.000264
58.3300,0.000003,0.649964,0.650036,0.422500,0.000359
58.3400,0.000007,0.649955,0.650045,0.422500,0.000452
58.3500,0.000012,0.649946,0.650054,0.422500,0.000544
58.3600,0.000017,0.649937,0.650063,0.422500,0.000635
58.3700,0.000022,0.649928,0.650072,0.422500,0.000723
58.3800,0.000026,0.649919,0.650081,0.422500,0.000810
58.3900,0.000031,0.649911,0.650089,0.422500,0.000895
58.4000,0.000035,0.649902,0.650098,0.422500,0.000977
58.4100,0.000039,0.649894,0.650106,0.422500,0.001057
58.4200,0.000044,0.649887,0.650113,0.422500,0.001134
58.4300,0.000048,0.649879,0.650121,0.422500,0.001209
58.4400,0.000052,0.649872,0.650128,0.422500,0.001281
58.4500,0.000056,0.649865,0.650135,0.422500,0.001350
58.4600,0.000060,0.649858,0.650142,0.422500,0.001415
58.4700,0.000063,0.649852,0.650148,0.422500,0.001478
58.4800,0.000067,0.649846,0.650154,0.422500,0.001537
58.4900,0.000070,0.649841,0.650159,0.422500,0.001593
58.5000,0.000073,0.649835,0.650165,0.422500,0.001645
58.5100,0.000076,0.649831,0.650169,0.422500,0.001694
58.5200,0.000079,0.649826,0.650174,0.422500,0.001739
58.5300,0.000082,0.649822,0.650178,0.422500,0.001781
58.5400,0.000084,0.649818,0.650182,0.422500,0.001818
58.5500,0.000087,0.649815,0.650185,0.422500,0.001852
58.5600,0.000089,0.649812,0.650188,0.422500,0.001882
58.5700,0.000091,0.649809,0.650191,0.422500,0.001907
58.5800,0.000093,0.649807,0.650193,0.422500,0.001929
58.5900,0.000094,0.649805,0.650195,0.422500,0.001947
58.6000,0.000096,0.649804,0.650196,0.422500,0.001961
58.6100,0.000097,0.649803,0.650197,0.422500,0.001971
58.6200,0.000098,0.649802,0.650198,0.422500,0.001977
58.6300,0.000099,0.649802,0.650198,0.422500,0.001978
58.6400,0.000099,0.649802,0.650198,0.422500,0.001976
58.6500,0.000100,0.649803,0.650197,0.422500,0.001970
58.6600,0.000100,0.649804,0.650196,0.422500,0.001960
58.6700,0.000100,0.649805,0.650195,0.422500,0.001946
58.6800,0.000100,0.649807,0.650193,0.422500,0.001929
58.6900,0.000100,0.649809,0.650191,0.422500,0.001907
58.7000,0.000099,0.649812,0.650188,0.422500,0.001882
58.7100,0.000098,0.649815,0.650185,0.422500,0.001853
58.7200,0.000097,0.649818,0.650182,0.422500,0.001821
58.7300,0.000096,0.649822,0.650178,0.422500,0.001785
58.7400,0.000095,0.649825,0.650175,0.422500,0.001745
58.7500,0.000094,0.649830,0.650170,0.422500,0.001703
58.7600,0.000092,0.649834,0.650166,0.422500,0.001657
58.7700,0.000090,0.649839,0.650161,0.422500,0.001608
58.7800,0.000088,0.649844,0.650156,0.422500,0.001557
58.7900,0.000086,0.649850,0.650150,0.422500,0.001502
58.8000,0.000084,0.649856,0.650144,0.422500,0.001445
58.8100,0.000081,0.649862,0.650138,0.422500,0.001385
58.8200,0.000079,0.649868,0.650132,0.422500,0.001323
58.8300,0.000076,0.649874,0.650126,0.422500,0.001258
58.8400,0.000073,0.649881,0.650119,0.422500,0.001191
58.8500,0.000070,0.649888,0.650112,0.422500,0.001122
58.8600,0.000067,0.649895,0.650105,0.422500,0.001052
58.8700,0.000064,0.649902,0.650098,0.422500,0.000979
58.8800,0.000060,0.649909,0.650091,0.422500,0.000905
58.8900,0.000057,0.649917,0.650083,0.422500,0.000830
58.9000,0.000054,0.649925,0.650075,0.422500,0.000753
58.9100,0.000050,0.649932,0.650068,0.422500,0.000676
58.9200,0.000046,0.649940,0.650060,0.422500,0.000597
58.9300,0.000043,0.649948,0.650052,0.422500,0.000518
58.9400,0.000039,0.649956,0.650044,0.422500,0.000438
58.9500,0.000035,0.649964,0.650036,0.422500,0.000357
58.9600,0.000031,0.649972,0.650028,0.422500,0.000277
58.9700,0.000027,0.649980,0.650020,0.422500,0.000196
58.9800,0.000023,0.649988,0.650012,0.422500,0.000115
58.9900,0.000019,0.649997,0.650003,0.422500,0.000035
59.0000,0.000015,0.650005,0.649995,0.422500,-0.000046
59.0100,0.000011,0.650013,0.649987,0.422500,-0.000125
59.0200,0.000007,0.650020,0.649980,0.422500,-0.000204
59.0300,0.000003,0.650028,0.649972,0.422500,-0.000282
59.0400,-0.000001,0.650036,0.649964,0.422500,-0.000359
59.0500,-0.000005,0.650044,0.649956,0.422500,-0.000435
59.0600,-0.000009,0.650051,0.649949,0.422500,-0.000510
59.0700,-0.000012,0.650058,0.649942,0.422500,-0.000583
59.0800,-0.000016,0.650065,0.649935,0.422500,-0.000654
59.0900,-0.000020,0.650072,0.649928,0.422500,-0.000724
59.1000,-0.000024,0.650079,0.649921,0.422500,-0.000792
59.1100,-0.000027,0.650086,0.649914,0.422500,-0.000859
59.1200,-0.000031,0.650092,0.649908,0.422500,-0.000923
59.1300,-0.000034,0.650098,0.649902,0.422500,-0.000984
59.1400,-0.000037,0.650104,0.649896,0.422500,-0.001044
59.1500,-0.000041,0.650110,0.649890,0.422500,-0.001101
59.1600,-0.000044,0.650116,0.649884,0.422500,-0.001155
59.1700,-0.000047,0.650121,0.649879,0.422500,-0.001207
59.1800,-0.000050,0.650126,0.649874,0.422500,-0.001256
59.1900,-0.000053,0.650130,0.649870,0.422500,-0.001303
59.2000,-0.000055,0.650135,0.649865,0.422500,-0.001346
59.2100,-0.000058,0.650139,0.649861,0.422500,-0.001387
59.2200,-0.000060,0.650142,0.649858,0.422500,-0.001425
59.2300,-0.000062,0.650146,0.649854,0.422500,-0.001459
59.2400,-0.000065,0.650149,0.649851,0.422500,-0.001490
59.2500,-0.000067,0.650152,0.649848,0.422500,-0.001519
59.2600,-0.000068,0.650154,0.649846,0.422500,-0.001544
59.2700,-0.000070,0.650157,0.649843,0.422500,-0.001566
59.2800,-0.000072,0.650158,0.649842,0.422500,-0.001584
59.2900,-0.000073,0.650160,0.649840,0.422500,-0.001599
59.3000,-0.000074,0.650161,0.649839,0.422500,-0.001611
59.3100,-0.000075,0.650162,0.649838,0.422500,-0.001620
59.3200,-0.000076,0.650163,0.649837,0.422500,-0.001625
59.3300,-0.000077,0.650163,0.649837,0.422500,-0.001627
59.3400,-0.000077,0.650163,0.649837,0.422500,-0.001626
59.3500,-0.000078,0.650162,0.649838,0.422500,-0.001622
59.3600,-0.000078,0.650161,0.649839,0.422500,-0.001614
59.3700,-0.000078,0.650160,0.649840,0.422500,-0.001603
59.3800,-0.000078,0.650159,0.649841,0.422500,-0.001589
59.3900,-0.000078,0.650157,0.649843,0.422500,-0.001572
59.4000,-0.000077,0.650155,0.649845,0.422500,-0.001552
59.4100,-0.000077,0.650153,0.649847,0.422500,-0.001528
59.4200,-0.000076,0.650150,0.649850,0.422500,-0.001502
59.4300,-0.000075,0.650147,0.649853,0.422500,-0.001473
59.4400,-0.000074,0.650144,0.649856,0.422500,-0.001441
59.4500,-0.000073,0.650141,0.649859,0.422500,-0.001407
59.4600,-0.000072,0.650137,0.649863,0.422500,-0.001370
59.4700,-0.000070,0.650133,0.649867,0.422500,-0.001330
59.4800,-0.000069,0.650129,0.649871,0.422500,-0.001288
59.4900,-0.000067,0.650124,0.649876,0.422500,-0.001243
59.5000,-0.000065,0.650120,0.649880,0.422500,-0.001197
59.5100,-0.000063,0.650115,0.649885,0.422500,-0.001148
59.5200,-0.000061,0.650110,0.649890,0.422500,-0.001097
59.5300,-0.000059,0.650104,0.649896,0.422500,-0.001044
59.5400,-0.000056,0.650099,0.649901,0.422500,-0.000989
59.5500,-0.000054,0.650093,0.649907,0.422500,-0.000933
59.5600,-0.000051,0.650088,0.649912,0.422500,-0.000875
59.5700,-0.000049,0.650082,0.649918,0.422500,-0.000816
59.5800,-0.000046,0.650076,0.649924,0.422500,-0.000755
59.5900,-0.000043,0.650069,0.649931,0.422500,-0.000693
59.6000,-0.000040,0.650063,0.649937,0.422500,-0.000631
59.6100,-0.000038,0.650057,0.649943,0.422500,-0.000567
59.6200,-0.000035,0.650050,0.649950,0.422500,-0.000502
59.6300,-0.000031,0.650044,0.649956,0.422500,-0.000437
59.6400,-0.000028,0.650037,0.649963,0.422500,-0.000371
59.6500,-0.000025,0.650031,0.649969,0.422500,-0.000305
59.6600,-0.000022,0.650024,0.649976,0.422500,-0.000239
59.6700,-0.000019,0.650017,0.649983,0.422500,-0.000173
59.6800,-0.000016,0.650011,0.649989,0.422500,-0.000106
59.6900,-0.000012,0.650004,0.649996,0.422500,-0.000040
59.7000,-0.000009,0.649997,0.650003,0.422500,0.000026
59.7100,-0.000006,0.649991,0.650009,0.422500,0.000092
59.7200,-0.000002,0.649984,0.650016,0.422500,0.000157
59.7300,0.000001,0.649978,0.650022,0.422500,0.000221
59.7400,0.000004,0.649972,0.650028,0.422500,0.000284
59.7500,0.000007,0.649965,0.650035,0.422500,0.000347
59.7600,0.000010,0.649959,0.650041,0.422500,0.000409
59.7700,0.000014,0.649953,0.650047,0.422500,0.000469
59.7800,0.000017,0.649947,0.650053,0.422500,0.000528
59.7900,0.000020,0.649941,0.650059,0.422500,0.000586
59.8000,0.000023,0.649936,0.650064,0.422500,0.000642
59.8100,0.000026,0.649930,0.650070,0.422500,0.000697
59.8200,0.000029,0.649925,0.650075,0.422500,0.000750
59.8300,0.000031,0.649920,0.650080,0.422500,0.000801
59.8400,0.000034,0.649915,0.650085,0.422500,0.000850
59.8500,0.000037,0.649910,0.650090,0.422500,0.000897
59.8600,0.000039,0.649906,0.650094,0.422500,0.000943
59.8700,0.000042,0.649901,0.650099,0.422500,0.000986
59.8800,0.000044,0.649897,0.650103,0.422500,0.001026
59.8900,0.000047,0.649894,0.650106,0.422500,0.001065
59.9000,0.000049,0.649890,0.650110,0.422500,0.001101
59.9100,0.000051,0.649887,0.650113,0.422500,0.001135
59.9200,0.000053,0.649883,0.650117,0.422500,0.001166
59.9300,0.000055,0.649880,0.650120,0.422500,0.001195
59.9400,0.000057,0.649878,0.650122,0.422500,0.001221
59.9500,0.000058,0.649876,0.650124,0.422500,0.001245
59.9600,0.000060,0.649873,0.650127,0.422500,0.001266
59.9700,0.000061,0.649872,0.650128,0.422500,0.001284
59.9800,0.000062,0.649870,0.650130,0.422500,0.001300
59.9900,0.000064,0.649869,0.650131,0.422500,0.001313
60.0000,0.000065,0.649868,0.650132,0.422500,0.001323
60.0100,0.000065,0.649867,0.650133,0.422500,0.001331
60.0200,0.000066,0.649866,0.650134,0.422500,0.001336
60.0300,0.000067,0.649866,0.650134,0.422500,0.001338
60.0400,0.000067,0.649866,0.650134,0.422500,0.001337
60.0500,0.000068,0.649867,0.650133,0.422500,0.001334
60.0600,0.000068,0.649867,0.650133,0.422500,0.001328
60.0700,0.000068,0.649868,0.650132,0.422500,0.001320
60.0800,0.000068,0.649869,0.650131,0.422500,0.001309
60.0900,0.000068,0.649870,0.650130,0.422500,0.001295
60.1000,0.000067,0.649872,0.650128,0.422500,0.001279
60.1100,0.000067,0.649874,0.650126,0.422500,0.001260
60.1200,0.000066,0.649876,0.650124,0.422500,0.001239
60.1300,0.000066,0.649878,0.650122,0.422500,0.001216
60.1400,0.000065,0.649881,0.650119,0.422500,0.001190
60.1500,0.000064,0.649884,0.650116,0.422500,0.001162
60.1600,0.000063,0.649887,0.650113,0.422500,0.001132
60.1700,0.000061,0.649890,0.650110,0.422500,0.001099
60.1800,0.000060,0.649894,0.650106,0.422500,0.001065
60.1900,0.000059,0.649897,0.650103,0.422500,0.001029
60.2000,0.000057,0.649901,0.650099,0.422500,0.000991
60.2100,0.000056,0.649905,0.650095,0.422500,0.000951
60.2200,0.000054,0.649909,0.650091,0.422500,0.000909
60.2300,0.000052,0.649913,0.650087,0.422500,0.000866
60.2400,0.000050,0.649918,0.650082,0.422500,0.000821
60.2500,0.000048,0.649922,0.650078,0.422500,0.000775
60.2600,0.000046,0.649927,0.650073,0.422500,0.000728
60.2700,0.000044,0.649932,0.650068,0.422500,0.000679
60.2800,0.000042,0.649937,0.650063,0.422500,0.000629
60.2900,0.000039,0.649942,0.650058,0.422500,0.000579
60.3000,0.000037,0.649947,0.650053,0.422500,0.000527
60.3100,0.000035,0.649953,0.650047,0.422500,0.000475
60.3200,0.000032,0.649958,0.650042,0.422500,0.000422
60.3300,0.000030,0.649963,0.650037,0.422500,0.000368
60.3400,0.000027,0.649969,0.650031,0.422500,0.000314
60.3500,0.000025,0.649974,0.650026,0.422500,0.000260
60.3600,0.000022,0.649979,0.650021,0.422500,0.000206
60.3700,0.000019,0.649985,0.650015,0.422500,0.000151
60.3800,0.000017,0.649990,0.650010,0.422500,0.000096
60.3900,0.000014,0.649996,0.650004,0.422500,0.000042
60.4000,0.000011,0.650001,0.649999,0.422500,-0.000012
60.4100,0.000009,0.650007,0.649993,0.422500,-0.000066
60.4200,0.000006,0.650012,0.649988,0.422500,-0.000120
60.4300,0.000003,0.650017,0.649983,0.422500,-0.000173
60.4400,0.000000,0.650023,0.649977,0.422500,-0.000225
60.4500,-0.000002,0.650028,0.649972,0.422500,-0.000277
60.4600,-0.000005,0.650033,0.649967,0.422500,-0.000328
60.4700,-0.000007,0.650038,0.649962,0.422500,-0.000378
60.4800,-0.000010,0.650043,0.649957,0.422500,-0.000426
60.4900,-0.000013,0.650047,0.649953,0.422500,-0.000474
60.5000,-0.000015,0.650052,0.649948,0.422500,-0.000521
60.5100,-0.000018,0.650057,0.649943,0.422500,-0.000566
60.5200,-0.000020,0.650061,0.649939,0.422500,-0.000609
60.5300,-0.000022,0.650065,0.649935,0.422500,-0.000652
60.5400,-0.000025,0.650069,0.649931,0.422500,-0.000693
60.5500,-0.000027,0.650073,0.649927,0.422500,-0.000732
60.5600,-0.000029,0.650077,0.649923,0.422500,-0.000769
60.5700,-0.000031,0.650080,0.649920,0.422500,-0.000805
60.5800,-0.000033,0.650084,0.649916,0.422500,-0.000839
60.5900,-0.000035,0.650087,0.649913,0.422500,-0.000871
60.6000,-0.000037,0.650090,0.649910,0.422500,-0.000901
60.6100,-0.000038,0.650093,0.649907,0.422500,-0.000929
60.6200,-0.000040,0.650096,0.649904,0.422500,-0.000955
60.6300,-0.000042,0.650098,0.649902,0.422500,-0.000979
60.6400,-0.000043,0.650100,0.649900,0.422500,-0.001001
60.6500,-0.000045,0.650102,0.649898,0.422500,-0.001021
60.6600,-0.000046,0.650104,0.649896,0.422500,-0.001039
60.6700,-0.000047,0.650105,0.649895,0.422500,-0.001054
60.6800,-0.000048,0.650107,0.649893,0.422500,-0.001067
60.6900,-0.000049,0.650108,0.649892,0.422500,-0.001078
60.7000,-0.000050,0.650109,0.649891,0.422500,-0.001087
60.7100,-0.000051,0.650109,0.649891,0.422500,-0.001094
60.7200,-0.000051,0.650110,0.649890,0.422500,-0.001098
60.7300,-0.000052,0.650110,0.649890,0.422500,-0.001100
60.7400,-0.000052,0.650110,0.649890,0.422500,-0.001100
60.7500,-0.000052,0.650110,0.649890,0.422500,-0.001098
60.7600,-0.000053,0.650109,0.649891,0.422500,-0.001094
60.7700,-0.000053,0.650109,0.649891,0.422500,-0.001087
60.7800,-0.000053,0.650108,0.649892,0.422500,-0.001078
60.7900,-0.000053,0.650107,0.649893,0.422500,-0.001067
60.8000,-0.000052,0.650105,0.649895,0.422500,-0.001054
60.8100,-0.000052,0.650104,0.649896,0.422500,-0.001039
60.8200,-0.000052,0.650102,0.649898,0.422500,-0.001022
60.8300,-0.000051,0.650100,0.649900,0.422500,-0.001003
60.8400,-0.000050,0.650098,0.649902,0.422500,-0.000982
60.8500,-0.000050,0.650096,0.649904,0.422500,-0.000960
60.8600,-0.000049,0.650094,0.649906,0.422500,-0.000935
60.8700,-0.000048,0.650091,0.649909,0.422500,-0.000909
60.8800,-0.000047,0.650088,0.649912,0.422500,-0.000881
60.8900,-0.000046,0.650085,0.649915,0.422500,-0.000851
60.9000,-0.000044,0.650082,0.649918,0.422500,-0.000820
60.9100,-0.000043,0.650079,0.649921,0.422500,-0.000788
60.9200,-0.000042,0.650075,0.649925,0.422500,-0.000754
60.9300,-0.000040,0.650072,0.649928,0.422500,-0.000718
60.9400,-0.000039,0.650068,0.649932,0.422500,-0.000682
60.9500,-0.000037,0.650064,0.649936,0.422500,-0.000644
60.9600,-0.000035,0.650061,0.649939,0.422500,-0.000605
60.9700,-0.000034,0.650057,0.649943,0.422500,-0.000566
60.9800,-0.000032,0.650052,0.649948,0.422500,-0.000525
60.9900,-0.000030,0.650048,0.649952,0.422500,-0.000483
61.0000,-0.000028,0.650044,0.649956,0.422500,-0.000441
61.0100,-0.000026,0.650040,0.649960,0.422500,-0.000398
61.0200,-0.000024,0.650035,0.649965,0.422500,-0.000355
61.0300,-0.000022,0.650031,0.649969,0.422500,-0.000311
61.0400,-0.000020,0.650027,0.649973,0.422500,-0.000266
61.0500,-0.000018,0.650022,0.649978,0.422500,-0.000222
61.0600,-0.000016,0.650018,0.649982,0.422500,-0.000177
61.0700,-0.000013,0.650013,0.649987,0.422500,-0.000132
61.0800,-0.000011,0.650009,0.649991,0.422500,-0.000087
61.0900,-0.000009,0.650004,0.649996,0.422500,-0.000042
61.1000,-0.000007,0.650000,0.650000,0.422500,0.000003
61.1100,-0.000005,0.649995,0.650005,0.422500,0.000047
61.1200,-0.000002,0.649991,0.650009,0.422500,0.000091
61.1300,-0.000000,0.649987,0.650013,0.422500,0.000135
61.1400,0.000002,0.649982,0.650018,0.422500,0.000178
61.1500,0.000004,0.649978,0.650022,0.422500,0.000220
61.1600,0.000006,0.649974,0.650026,0.422500,0.000262
61.1700,0.000009,0.649970,0.650030,0.422500,0.000303
61.1800,0.000011,0.649966,0.650034,0.422500,0.000344
61.1900,0.000013,0.649962,0.650038,0.422500,0.000383
61.2000,0.000015,0.649958,0.650042,0.422500,0.000422
61.2100,0.000017,0.649954,0.650046,0.422500,0.000459
61.2200,0.000019,0.649950,0.650050,0.422500,0.000495
61.2300,0.000021,0.649947,0.650053,0.422500,0.000530
61.2400,0.000023,0.649944,0.650056,0.422500,0.000564
61.2500,0.000024,0.649940,0.650060,0.422500,0.000596
61.2600,0.000026,0.649937,0.650063,0.422500,0.000627
61.2700,0.000028,0.649934,0.650066,0.422500,0.000657
61.2800,0.000030,0.649931,0.650069,0.422500,0.000685
61.2900,0.000031,0.649929,0.650071,0.422500,0.000712
61.3000,0.000033,0.649926,0.650074,0.422500,0.000737
61.3100,0.000034,0.649924,0.650076,0.422500,0.000760
61.3200,0.000035,0.649922,0.650078,0.422500,0.000782
61.3300,0.000037,0.649920,0.650080,0.422500,0.000802
61.3400,0.000038,0.649918,0.650082,0.422500,0.000820
61.3500,0.000039,0.649916,0.650084,0.422500,0.000837
61.3600,0.000040,0.649915,0.650085,0.422500,0.000852
61.3700,0.000041,0.649914,0.650086,0.422500,0.000865
61.3800,0.000042,0.649912,0.650088,0.422500,0.000876
61.3900,0.000043,0.649911,0.650089,0.422500,0.000885
61.4000,0.000043,0.649911,0.650089,0.422500,0.000893
61.4100,0.000044,0.649910,0.650090,0.422500,0.000899
61.4200,0.000045,0.649910,0.650090,0.422500,0.000903
61.4300,0.000045,0.649910,0.650090,0.422500,0.000905
61.4400,0.000045,0.649910,0.650090,0.422500,0.000905
61.4500,0.000046,0.649910,0.650090,0.422500,0.000903
61.4600,0.000046,0.649910,0.650090,0.422500,0.000900
61.4700,0.000046,0.649911,0.650089,0.422500,0.000895
61.4800,0.000046,0.649911,0.650089,0.422500,0.000888
61.4900,0.000046,0.649912,0.650088,0.422500,0.000879
61.5000,0.000046,0.649913,0.650087,0.422500,0.000869
61.5100,0.000045,0.649914,0.650086,0.422500,0.000857
61.5200,0.000045,0.649916,0.650084,0.422500,0.000843
61.5300,0.000045,0.649917,0.650083,0.422500,0.000828
61.5400,0.000044,0.649919,0.650081,0.422500,0.000811
61.5500,0.000043,0.649921,0.650079,0.422500,0.000792
61.5600,0.000043,0.649923,0.650077,0.422500,0.000772
61.5700,0.000042,0.649925,0.650075,0.422500,0.000751
61.5800,0.000041,0.649927,0.650073,0.422500,0.000728
61.5900,0.000040,0.649930,0.650070,0.422500,0.000704
61.6000,0.000039,0.649932,0.650068,0.422500,0.000679
61.6100,0.000038,0.649935,0.650065,0.422500,0.000652
61.6200,0.000037,0.649938,0.650062,0.422500,0.000624
61.6300,0.000036,0.649940,0.650060,0.422500,0.000596
61.6400,0.000034,0.649943,0.650057,0.422500,0.000566
61.6500,0.000033,0.649947,0.650053,0.422500,0.000535
61.6600,0.000032,0.649950,0.650050,0.422500,0.000503
61.6700,0.000030,0.649953,0.650047,0.422500,0.000471
61.6800,0.000029,0.649956,0.650044,0.422500,0.000437
61.6900,0.000027,0.649960,0.650040,0.422500,0.000403
61.7000,0.000026,0.649963,0.650037,0.422500,0.000368
61.7100,0.000024,0.649967,0.650033,0.422500,0.000333
61.7200,0.000022,0.649970,0.650030,0.422500,0.000298
61.7300,0.000021,0.649974,0.650026,0.422500,0.000261
61.7400,0.000019,0.649977,0.650023,0.422500,0.000225
61.7500,0.000017,0.649981,0.650019,0.422500,0.000188
61.7600,0.000015,0.649985,0.650015,0.422500,0.000152
61.7700,0.000014,0.649989,0.650011,0.422500,0.000115
61.7800,0.000012,0.649992,0.650008,0.422500,0.000078
61.7900,0.000010,0.649996,0.650004,0.422500,0.000041
61.8000,0.000008,0.650000,0.650000,0.422500,0.000004
61.8100,0.000006,0.650003,0.649997,0.422500,-0.000033
61.8200,0.000005,0.650007,0.649993,0.422500,-0.000069
61.8300,0.000003,0.650010,0.649990,0.422500,-0.000105
61.8400,0.000001,0.650014,0.649986,0.422500,-0.000140
61.8500,-0.000001,0.650018,0.649982,0.422500,-0.000176
61.8600,-0.000003,0.650021,0.649979,0.422500,-0.000210
61.8700,-0.000004,0.650024,0.649976,0.422500,-0.000244
61.8800,-0.000006,0.650028,0.649972,0.422500,-0.000277
61.8900,-0.000008,0.650031,0.649969,0.422500,-0.000310
61.9000,-0.000010,0.650034,0.649966,0.422500,-0.000342
61.9100,-0.000011,0.650037,0.649963,0.422500,-0.000372
61.9200,-0.000013,0.650040,0.649960,0.422500,-0.000402
61.9300,-0.000014,0.650043,0.649957,0.422500,-0.000431
61.9400,-0.000016,0.650046,0.649954,0.422500,-0.000459
61.9500,-0.000018,0.650049,0.649951,0.422500,-0.000486
61.9600,-0.000019,0.650051,0.649949,0.422500,-0.000512
61.9700,-0.000020,0.650054,0.649946,0.422500,-0.000536
61.9800,-0.000022,0.650056,0.649944,0.422500,-0.000560
61.9900,-0.000023,0.650058,0.649942,0.422500,-0.000582
62.0000,-0.000024,0.650060,0.649940,0.422500,-0.000603
62.0100,-0.000026,0.650062,0.649938,0.422500,-0.000622
62.0200,-0.000027,0.650064,0.649936,0.422500,-0.000640
62.0300,-0.000028,0.650066,0.649934,0.422500,-0.000657
62.0400,-0.000029,0.650067,0.649933,0.422500,-0.000672
62.0500,-0.000030,0.650069,0.649931,0.422500,-0.000686
62.0600,-0.000031,0.650070,0.649930,0.422500,-0.000699
62.0700,-0.000031,0.650071,0.649929,0.422500,-0.000710
62.0800,-0.000032,0.650072,0.649928,0.422500,-0.000719
62.0900,-0.000033,0.650073,0.649927,0.422500,-0.000727
62.1000,-0.000033,0.650073,0.649927,0.422500,-0.000734
62.1100,-0.000034,0.650074,0.649926,0.422500,-0.000738
62.1200,-0.000034,0.650074,0.649926,0.422500,-0.000742
62.1300,-0.000035,0.650074,0.649926,0.422500,-0.000744
62.1400,-0.000035,0.650074,0.649926,0.422500,-0.000744
62.1500,-0.000035,0.650074,0.649926,0.422500,-0.000743
62.1600,-0.000036,0.650074,0.649926,0.422500,-0.000741
62.1700,-0.000036,0.650074,0.649926,0.422500,-0.000737
62.1800,-0.000036,0.650073,0.649927,0.422500,-0.000731
62.1900,-0.000036,0.650072,0.649928,0.422500,-0.000725
62.2000,-0.000035,0.650072,0.649928,0.422500,-0.000716
62.2100,-0.000035,0.650071,0.649929,0.422500,-0.000707
62.2200,-0.000035,0.650070,0.649930,0.422500,-0.000695
62.2300,-0.000035,0.650068,0.649932,0.422500,-0.000683
62.2400,-0.000034,0.650067,0.649933,0.422500,-0.000669
62.2500,-0.000034,0.650065,0.649935,0.422500,-0.000654
62.2600,-0.000033,0.650064,0.649936,0.422500,-0.000638
62.2700,-0.000032,0.650062,0.649938,0.422500,-0.000621
62.2800,-0.000032,0.650060,0.649940,0.422500,-0.000602
62.2900,-0.000031,0.650058,0.649942,0.422500,-0.000583
62.3000,-0.000030,0.650056,0.649944,0.422500,-0.000562
62.3100,-0.000029,0.650054,0.649946,0.422500,-0.000540
62.3200,-0.000028,0.650052,0.649948,0.422500,-0.000518
62.3300,-0.000027,0.650049,0.649951,0.422500,-0.000494
62.3400,-0.000026,0.650047,0.649953,0.422500,-0.000470
62.3500,-0.000025,0.650044,0.649956,0.422500,-0.000444
62.3600,-0.000024,0.650042,0.649958,0.422500,-0.000418
62.3700,-0.000023,0.650039,0.649961,0.422500,-0.000392
62.3800,-0.000022,0.650036,0.649964,0.422500,-0.000364
62.3900,-0.000021,0.650034,0.649966,0.422500,-0.000336
62.4000,-0.000019,0.650031,0.649969,0.422500,-0.000308
62.4100,-0.000018,0.650028,0.649972,0.422500,-0.000279
62.4200,-0.000017,0.650025,0.649975,0.422500,-0.000250
62.4300,-0.000015,0.650022,0.649978,0.422500,-0.000220
62.4400,-0.000014,0.650019,0.649981,0.422500,-0.000190
62.4500,-0.000012,0.650016,0.649984,0.422500,-0.000160
62.4600,-0.000011,0.650013,0.649987,0.422500,-0.000130
62.4700,-0.000010,0.650010,0.649990,0.422500,-0.000100
62.4800,-0.000008,0.650007,0.649993,0.422500,-0.000069
62.4900,-0.000007,0.650004,0.649996,0.422500,-0.000039
62.5000,-0.000005,0.650001,0.649999,0.422500,-0.000009
62.5100,-0.000004,0.649998,0.650002,0.422500,0.000022
62.5200,-0.000002,0.649995,0.650005,0.422500,0.000052
62.5300,-0.000001,0.649992,0.650008,0.422500,0.000081
62.5400,0.000001,0.649989,0.650011,0.422500,0.000110
62.5500,0.000002,0.649986,0.650014,0.422500,0.000139
62.5600,0.000004,0.649983,0.650017,0.422500,0.000168
62.5700,0.000005,0.649980,0.650020,0.422500,0.000196
62.5800,0.000007,0.649978,0.650022,0.422500,0.000223
62.5900,0.000008,0.649975,0.650025,0.422500,0.000250
62.6000,0.000010,0.649972,0.650028,0.422500,0.000276
62.6100,0.000011,0.649970,0.650030,0.422500,0.000302
62.6200,0.000012,0.649967,0.650033,0.422500,0.000327
62.6300,0.000014,0.649965,0.650035,0.422500,0.000351
62.6400,0.000015,0.649963,0.650037,0.422500,0.000374
62.6500,0.000016,0.649960,0.650040,0.422500,0.000396
62.6600,0.000017,0.649958,0.650042,0.422500,0.000417
62.6700,0.000019,0.649956,0.650044,0.422500,0.000438
62.6800,0.000020,0.649954,0.650046,0.422500,0.000457
62.6900,0.000021,0.649952,0.650048,0.422500,0.000475
62.7000,0.000022,0.649951,0.650049,0.422500,0.000493
62.7100,0.000023,0.649949,0.650051,0.422500,0.000509
62.7200,0.000024,0.649948,0.650052,0.422500,0.000524
62.7300,0.000025,0.649946,0.650054,0.422500,0.000538
62.7400,0.000025,0.649945,0.650055,0.422500,0.000551
62.7500,0.000026,0.649944,0.650056,0.422500,0.000562
62.7600,0.000027,0.649943,0.650057,0.422500,0.000573
62.7700,0.000028,0.649942,0.650058,0.422500,0.000582
62.7800,0.000028,0.649941,0.650059,0.422500,0.000590
62.7900,0.000029,0.649940,0.650060,0.422500,0.000597
62.8000,0.000029,0.649940,0.650060,0.422500,0.000602
62.8100,0.000030,0.649939,0.650061,0.422500,0.000607
62.8200,0.000030,0.649939,0.650061,0.422500,0.000610
62.8300,0.000030,0.649939,0.650061,0.422500,0.000612
62.8400,0.000031,0.649939,0.650061,0.422500,0.000612
62.8500,0.000031,0.649939,0.650061,0.422500,0.000611
62.8600,0.000031,0.649939,0.650061,0.422500,0.000610
62.8700,0.000031,0.649939,0.650061,0.422500,0.000607
62.8800,0.000031,0.649940,0.650060,0.422500,0.000602
62.8900,0.000031,0.649940,0.650060,0.422500,0.000597
62.9000,0.000031,0.649941,0.650059,0.422500,0.000590
62.9100,0.000031,0.649942,0.650058,0.422500,0.000582
62.9200,0.000031,0.649943,0.650057,0.422500,0.000573
62.9300,0.000030,0.649944,0.650056,0.422500,0.000563
62.9400,0.000030,0.649945,0.650055,0.422500,0.000552
62.9500,0.000030,0.649946,0.650054,0.422500,0.000540
62.9600,0.000029,0.649947,0.650053,0.422500,0.000527
62.9700,0.000029,0.649949,0.650051,0.422500,0.000513
62.9800,0.000028,0.649950,0.650050,0.422500,0.000498
62.9900,0.000027,0.649952,0.650048,0.422500,0.000482
63.0000,0.000027,0.649953,0.650047,0.422500,0.000465
63.0100,0.000026,0.649955,0.650045,0.422500,0.000447
63.0200,0.000025,0.649957,0.650043,0.422500,0.000429
63.0300,0.000024,0.649959,0.650041,0.422500,0.000410
63.0400,0.000024,0.649961,0.650039,0.422500,0.000390
63.0500,0.000023,0.649963,0.650037,0.422500,0.000369
63.0600,0.000022,0.649965,0.650035,0.422500,0.000348
63.0700,0.000021,0.649967,0.650033,0.422500,0.000326
63.0800,0.000020,0.649970,0.650030,0.422500,0.000303
63.0900,0.000019,0.649972,0.650028,0.422500,0.000280
63.1000,0.000018,0.649974,0.650026,0.422500,0.000257
63.1100,0.000017,0.649977,0.650023,0.422500,0.000233
63.1200,0.000016,0.649979,0.650021,0.422500,0.000209
63.1300,0.000014,0.649981,0.650019,0.422500,0.000185
63.1400,0.000013,0.649984,0.650016,0.422500,0.000161
63.1500,0.000012,0.649986,0.650014,0.422500,0.000136
63.1600,0.000011,0.649989,0.650011,0.422500,0.000111
63.1700,0.000010,0.649991,0.650009,0.422500,0.000086
63.1800,0.000008,0.649994,0.650006,0.422500,0.000061
63.1900,0.000007,0.649996,0.650004,0.422500,0.000036
63.2000,0.000006,0.649999,0.650001,0.422500,0.000011
63.2100,0.000005,0.650001,0.649999,0.422500,-0.000014
63.2200,0.000004,0.650004,0.649996,0.422500,-0.000038
63.2300,0.000002,0.650006,0.649994,0.422500,-0.000063
63.2400,0.000001,0.650009,0.649991,0.422500,-0.000087
63.2500,-0.000000,0.650011,0.649989,0.422500,-0.000111
63.2600,-0.000001,0.650013,0.649987,0.422500,-0.000134
63.2700,-0.000003,0.650016,0.649984,0.422500,-0.000157
63.2800,-0.000004,0.650018,0.649982,0.422500,-0.000180
63.2900,-0.000005,0.650020,0.649980,0.422500,-0.000202
63.3000,-0.000006,0.650022,0.649978,0.422500,-0.000224
63.3100,-0.000007,0.650024,0.649976,0.422500,-0.000245
63.3200,-0.000008,0.650027,0.649973,0.422500,-0.000265
63.3300,-0.000009,0.650029,0.649971,0.422500,-0.000285
63.3400,-0.000010,0.650030,0.649970,0.422500,-0.000304
63.3500,-0.000011,0.650032,0.649968,0.422500,-0.000323
63.3600,-0.000013,0.650034,0.649966,0.422500,-0.000340
63.3700,-0.000013,0.650036,0.649964,0.422500,-0.000357
63.3800,-0.000014,0.650037,0.649963,0.422500,-0.000373
63.3900,-0.000015,0.650039,0.649961,0.422500,-0.000389
63.4000,-0.000016,0.650040,0.649960,0.422500,-0.000403
63.4100,-0.000017,0.650042,0.649958,0.422500,-0.000416
63.4200,-0.000018,0.650043,0.649957,0.422500,-0.000429
63.4300,-0.000019,0.650044,0.649956,0.422500,-0.000441
63.4400,-0.000019,0.650045,0.649955,0.422500,-0.000451
63.4500,-0.000020,0.650046,0.649954,0.422500,-0.000461
63.4600,-0.000021,0.650047,0.649953,0.422500,-0.000470
63.4700,-0.000021,0.650048,0.649952,0.422500,-0.000478
63.4800,-0.000022,0.650048,0.649952,0.422500,-0.000484
63.4900,-0.000022,0.650049,0.649951,0.422500,-0.000490
63.5000,-0.000022,0.650049,0.649951,0.422500,-0.000495
63.5100,-0.000023,0.650050,0.649950,0.422500,-0.000498
63.5200,-0.000023,0.650050,0.649950,0.422500,-0.000501
63.5300,-0.000023,0.650050,0.649950,0.422500,-0.000503
63.5400,-0.000024,0.650050,0.649950,0.422500,-0.000503
63.5500,-0.000024,0.650050,0.649950,0.422500,-0.000503
63.5600,-0.000024,0.650050,0.649950,0.422500,-0.000502
63.5700,-0.000024,0.650050,0.649950,0.422500,-0.000499
63.5800,-0.000024,0.650050,0.649950,0.422500,-0.000496
63.5900,-0.000024,0.650049,0.649951,0.422500,-0.000492
63.6000,-0.000024,0.650049,0.649951,0.422500,-0.000486
63.6100,-0.000024,0.650048,0.649952,0.422500,-0.000480
63.6200,-0.000024,0.650047,0.649953,0.422500,-0.000473
63.6300,-0.000023,0.650046,0.649954,0.422500,-0.000465
63.6400,-0.000023,0.650046,0.649954,0.422500,-0.000456
63.6500,-0.000023,0.650045,0.649955,0.422500,-0.000446
63.6600,-0.000022,0.650044,0.649956,0.422500,-0.000435
63.6700,-0.000022,0.650042,0.649958,0.422500,-0.000424
63.6800,-0.000022,0.650041,0.649959,0.422500,-0.000412
63.6900,-0.000021,0.650040,0.649960,0.422500,-0.000399
63.7000,-0.000021,0.650038,0.649962,0.422500,-0.000385
63.7100,-0.000020,0.650037,0.649963,0.422500,-0.000370
63.7200,-0.000019,0.650036,0.649964,0.422500,-0.000355
63.7300,-0.000019,0.650034,0.649966,0.422500,-0.000340
63.7400,-0.000018,0.650032,0.649968,0.422500,-0.000323
63.7500,-0.000017,0.650031,0.649969,0.422500,-0.000306
63.7600,-0.000017,0.650029,0.649971,0.422500,-0.000289
63.7700,-0.000016,0.650027,0.649973,0.422500,-0.000271
63.7800,-0.000015,0.650025,0.649975,0.422500,-0.000253
63.7900,-0.000014,0.650023,0.649977,0.422500,-0.000234
63.8000,-0.000013,0.650021,0.649979,0.422500,-0.000215
63.8100,-0.000012,0.650020,0.649980,0.422500,-0.000195
63.8200,-0.000012,0.650018,0.649982,0.422500,-0.000176
63.8300,-0.000011,0.650016,0.649984,0.422500,-0.000156
63.8400,-0.000010,0.650014,0.649986,0.422500,-0.000136
63.8500,-0.000009,0.650012,0.649988,0.422500,-0.000115
63.8600,-0.000008,0.650009,0.649991,0.422500,-0.000095
63.8700,-0.000007,0.650007,0.649993,0.422500,-0.000074
63.8800,-0.000006,0.650005,0.649995,0.422500,-0.000054
63.8900,-0.000005,0.650003,0.649997,0.422500,-0.000033
63.9000,-0.000004,0.650001,0.649999,0.422500,-0.000013
63.9100,-0.000003,0.649999,0.650001,0.422500,0.000008
63.9200,-0.000002,0.649997,0.650003,0.422500,0.000028
63.9300,-0.000001,0.649995,0.650005,0.422500,0.000048
63.9400,0.000000,0.649993,0.650007,0.422500,0.000068
63.9500,0.000001,0.649991,0.650009,0.422500,0.000088
63.9600,0.000002,0.649989,0.650011,0.422500,0.000107
63.9700,0.000003,0.649987,0.650013,0.422500,0.000126
63.9800,0.000004,0.649986,0.650014,0.422500,0.000145
63.9900,0.000005,0.649984,0.650016,0.422500,0.000163
64.0000,0.000006,0.649982,0.650018,0.422500,0.000181
64.0100,0.000007,0.649980,0.650020,0.422500,0.000198
64.0200,0.000008,0.649978,0.650022,0.422500,0.000215
64.0300,0.000009,0.649977,0.650023,0.422500,0.000232
64.0400,0.000010,0.649975,0.650025,0.422500,0.000248
64.0500,0.000011,0.649974,0.650026,0.422500,0.000263
64.0600,0.000011,0.649972,0.650028,0.422500,0.000277
64.0700,0.000012,0.649971,0.650029,0.422500,0.000291
64.0800,0.000013,0.649970,0.650030,0.422500,0.000305
64.0900,0.000014,0.649968,0.650032,0.422500,0.000317
64.1000,0.000015,0.649967,0.650033,0.422500,0.000329
64.1100,0.000015,0.649966,0.650034,0.422500,0.000341
64.1200,0.000016,0.649965,0.650035,0.422500,0.000351
64.1300,0.000016,0.649964,0.650036,0.422500,0.000361
64.1400,0.000017,0.649963,0.650037,0.422500,0.000370
64.1500,0.000018,0.649962,0.650038,0.422500,0.000378
64.1600,0.000018,0.649961,0.650039,0.422500,0.000385
64.1700,0.000019,0.649961,0.650039,0.422500,0.000392
64.1800,0.000019,0.649960,0.650040,0.422500,0.000397
64.1900,0.000019,0.649960,0.650040,0.422500,0.000402
64.2000,0.000020,0.649959,0.650041,0.422500,0.000406
64.2100,0.000020,0.649959,0.650041,0.422500,0.000409
64.2200,0.000020,0.649959,0.650041,0.422500,0.000412
64.2300,0.000021,0.649959,0.650041,0.422500,0.000413
64.2400,0.000021,0.649959,0.650041,0.422500,0.000414
64.2500,0.000021,0.649959,0.650041,0.422500,0.000414
64.2600,0.000021,0.649959,0.650041,0.422500,0.000413
64.2700,0.000021,0.649959,0.650041,0.422500,0.000411
64.2800,0.000021,0.649959,0.650041,0.422500,0.000408
64.2900,0.000021,0.649960,0.650040,0.422500,0.000405
64.3000,0.000021,0.649960,0.650040,0.422500,0.000401
64.3100,0.000021,0.649960,0.650040,0.422500,0.000396
64.3200,0.000021,0.649961,0.650039,0.422500,0.000390
64.3300,0.000021,0.649962,0.650038,0.422500,0.000383
64.3400,0.000020,0.649962,0.650038,0.422500,0.000376
64.3500,0.000020,0.649963,0.650037,0.422500,0.000368
64.3600,0.000020,0.649964,0.650036,0.422500,0.000360
64.3700,0.000019,0.649965,0.650035,0.422500,0.000350
64.3800,0.000019,0.649966,0.650034,0.422500,0.000340
64.3900,0.000019,0.649967,0.650033,0.422500,0.000330
64.4000,0.000018,0.649968,0.650032,0.422500,0.000318
64.4100,0.000018,0.649969,0.650031,0.422500,0.000307
64.4200,0.000017,0.649971,0.650029,0.422500,0.000294
64.4300,0.000017,0.649972,0.650028,0.422500,0.000281
64.4400,0.000016,0.649973,0.650027,0.422500,0.000268
64.4500,0.000016,0.649975,0.650025,0.422500,0.000254
64.4600,0.000015,0.649976,0.650024,0.422500,0.000240
64.4700,0.000014,0.649977,0.650023,0.422500,0.000225
64.4800,0.000014,0.649979,0.650021,0.422500,0.000210
64.4900,0.000013,0.649981,0.650019,0.422500,0.000195
64.5000,0.000012,0.649982,0.650018,0.422500,0.000179
64.5100,0.000012,0.649984,0.650016,0.422500,0.000163
64.5200,0.000011,0.649985,0.650015,0.422500,0.000147
64.5300,0.000010,0.649987,0.650013,0.422500,0.000131
64.5400,0.000009,0.649989,0.650011,0.422500,0.000114
64.5500,0.000008,0.649990,0.650010,0.422500,0.000098
64.5600,0.000008,0.649992,0.650008,0.422500,0.000081
64.5700,0.000007,0.649994,0.650006,0.422500,0.000064
64.5800,0.000006,0.649995,0.650005,0.422500,0.000047
64.5900,0.000005,0.649997,0.650003,0.422500,0.000030
64.6000,0.000004,0.649999,0.650001,0.422500,0.000013
64.6100,0.000004,0.650000,0.650000,0.422500,-0.000004
64.6200,0.000003,0.650002,0.649998,0.422500,-0.000020
64.6300,0.000002,0.650004,0.649996,0.422500,-0.000037
64.6400,0.000001,0.650005,0.649995,0.422500,-0.000053
64.6500,0.000000,0.650007,0.649993,0.422500,-0.000069
64.6600,-0.000001,0.650009,0.649991,0.422500,-0.000085
64.6700,-0.000001,0.650010,0.649990,0.422500,-0.000101
64.6800,-0.000002,0.650012,0.649988,0.422500,-0.000117
64.6900,-0.000003,0.650013,0.649987,0.422500,-0.000132
64.7000,-0.000004,0.650015,0.649985,0.422500,-0.000146
64.7100,-0.000005,0.650016,0.649984,0.422500,-0.000161
64.7200,-0.000005,0.650017,0.649983,0.422500,-0.000175
64.7300,-0.000006,0.650019,0.649981,0.422500,-0.000188
64.7400,-0.000007,0.650020,0.649980,0.422500,-0.000201
64.7500,-0.000008,0.650021,0.649979,0.422500,-0.000214
64.7600,-0.000008,0.650023,0.649977,0.422500,-0.000226
64.7700,-0.000009,0.650024,0.649976,0.422500,-0.000238
64.7800,-0.000010,0.650025,0.649975,0.422500,-0.000249
64.7900,-0.000010,0.650026,0.649974,0.422500,-0.000259
64.8000,-0.000011,0.650027,0.649973,0.422500,-0.000269
64.8100,-0.000011,0.650028,0.649972,0.422500,-0.000279
64.8200,-0.000012,0.650029,0.649971,0.422500,-0.000287
64.8300,-0.000012,0.650030,0.649970,0.422500,-0.000295
64.8400,-0.000013,0.650030,0.649970,0.422500,-0.000303
64.8500,-0.000013,0.650031,0.649969,0.422500,-0.000310
64.8600,-0.000014,0.650032,0.649968,0.422500,-0.000316
64.8700,-0.000014,0.650032,0.649968,0.422500,-0.000321
64.8800,-0.000014,0.650033,0.649967,0.422500,-0.000326
64.8900,-0.000015,0.650033,0.649967,0.422500,-0.000330
64.9000,-0.000015,0.650033,0.649967,0.422500,-0.000334
64.9100,-0.000015,0.650034,0.649966,0.422500,-0.000336
64.9200,-0.000016,0.650034,0.649966,0.422500,-0.000338
64.9300,-0.000016,0.650034,0.649966,0.422500,-0.000340
64.9400,-0.000016,0.650034,0.649966,0.422500,-0.000340
64.9500,-0.000016,0.650034,0.649966,0.422500,-0.000340
64.9600,-0.000016,0.650034,0.649966,0.422500,-0.000340
64.9700,-0.000016,0.650034,0.649966,0.422500,-0.000338
64.9800,-0.000016,0.650034,0.649966,0.422500,-0.000336
64.9900,-0.000016,0.650033,0.649967,0.422500,-0.000334
65.0000,-0.000016,0.650033,0.649967,0.422500,-0.000330
65.0100,-0.000016,0.650033,0.649967,0.422500,-0.000326
65.0200,-0.000016,0.650032,0.649968,0.422500,-0.000322
65.0300,-0.000016,0.650032,0.649968,0.422500,-0.000316
65.0400,-0.000016,0.650031,0.649969,0.422500,-0.000311
65.0500,-0.000016,0.650030,0.649970,0.422500,-0.000304
65.0600,-0.000015,0.650030,0.649970,0.422500,-0.000297
65.0700,-0.000015,0.650029,0.649971,0.422500,-0.000289
65.0800,-0.000015,0.650028,0.649972,0.422500,-0.000281
65.0900,-0.000014,0.650027,0.649973,0.422500,-0.000273
65.1000,-0.000014,0.650026,0.649974,0.422500,-0.000264
65.1100,-0.000014,0.650025,0.649975,0.422500,-0.000254
65.1200,-0.000013,0.650024,0.649976,0.422500,-0.000244
65.1300,-0.000013,0.650023,0.649977,0.422500,-0.000233
65.1400,-0.000012,0.650022,0.649978,0.422500,-0.000222
65.1500,-0.000012,0.650021,0.649979,0.422500,-0.000211
65.1600,-0.000011,0.650020,0.649980,0.422500,-0.000199
65.1700,-0.000011,0.650019,0.649981,0.422500,-0.000187
65.1800,-0.000010,0.650018,0.649982,0.422500,-0.000175
65.1900,-0.000010,0.650016,0.649984,0.422500,-0.000163
65.2000,-0.000009,0.650015,0.649985,0.422500,-0.000150
65.2100,-0.000009,0.650014,0.649986,0.422500,-0.000137
65.2200,-0.000008,0.650012,0.649988,0.422500,-0.000123
65.2300,-0.000007,0.650011,0.649989,0.422500,-0.000110
65.2400,-0.000007,0.650010,0.649990,0.422500,-0.000096
65.2500,-0.000006,0.650008,0.649992,0.422500,-0.000083
65.2600,-0.000005,0.650007,0.649993,0.422500,-0.000069
65.2700,-0.000005,0.650005,0.649995,0.422500,-0.000055
65.2800,-0.000004,0.650004,0.649996,0.422500,-0.000041
65.2900,-0.000003,0.650003,0.649997,0.422500,-0.000027
65.3000,-0.000003,0.650001,0.649999,0.422500,-0.000013
65.3100,-0.000002,0.650000,0.650000,0.422500,0.000001
65.3200,-0.000001,0.649999,0.650001,0.422500,0.000014
65.3300,-0.000001,0.649997,0.650003,0.422500,0.000028
65.3400,-0.000000,0.649996,0.650004,0.422500,0.000041
65.3500,0.000001,0.649995,0.650005,0.422500,0.000055
65.3600,0.000001,0.649993,0.650007,0.422500,0.000068
65.3700,0.000002,0.649992,0.650008,0.422500,0.000081
65.3800,0.000003,0.649991,0.650009,0.422500,0.000094
65.3900,0.000003,0.649989,0.650011,0.422500,0.000106
65.4000,0.000004,0.649988,0.650012,0.422500,0.000118
65.4100,0.000005,0.649987,0.650013,0.422500,0.000130
65.4200,0.000005,0.649986,0.650014,0.422500,0.000142
65.4300,0.000006,0.649985,0.650015,0.422500,0.000153
65.4400,0.000006,0.649984,0.650016,0.422500,0.000164
65.4500,0.000007,0.649983,0.650017,0.422500,0.000174
65.4600,0.000008,0.649982,0.650018,0.422500,0.000184
65.4700,0.000008,0.649981,0.650019,0.422500,0.000194
65.4800,0.000009,0.649980,0.650020,0.422500,0.000203
65.4900,0.000009,0.649979,0.650021,0.422500,0.000212
65.5000,0.000010,0.649978,0.650022,0.422500,0.000220
65.5100,0.000010,0.649977,0.650023,0.422500,0.000228
65.5200,0.000011,0.649976,0.650024,0.422500,0.000235
65.5300,0.000011,0.649976,0.650024,0.422500,0.000242
65.5400,0.000011,0.649975,0.650025,0.422500,0.000248
65.5500,0.000012,0.649975,0.650025,0.422500,0.000254
65.5600,0.000012,0.649974,0.650026,0.422500,0.000259
65.5700,0.000012,0.649974,0.650026,0.422500,0.000263
65.5800,0.000013,0.649973,0.650027,0.422500,0.000267
65.5900,0.000013,0.649973,0.650027,0.422500,0.000271
65.6000,0.000013,0.649973,0.650027,0.422500,0.000274
65.6100,0.000013,0.649972,0.650028,0.422500,0.000276
65.6200,0.000014,0.649972,0.650028,0.422500,0.000278
65.6300,0.000014,0.649972,0.650028,0.422500,0.000279
65.6400,0.000014,0.649972,0.650028,0.422500,0.000280
65.6500,0.000014,0.649972,0.650028,0.422500,0.000280
65.6600,0.000014,0.649972,0.650028,0.422500,0.000279
65.6700,0.000014,0.649972,0.650028,0.422500,0.000278
65.6800,0.000014,0.649972,0.650028,0.422500,0.000277
65.6900,0.000014,0.649973,0.650027,0.422500,0.000275
65.7000,0.000014,0.649973,0.650027,0.422500,0.000272
65.7100,0.000014,0.649973,0.650027,0.422500,0.000269
65.7200,0.000014,0.649973,0.650027,0.422500,0.000265
65.7300,0.000014,0.649974,0.650026,0.422500,0.000261
65.7400,0.000014,0.649974,0.650026,0.422500,0.000256
65.7500,0.000014,0.649975,0.650025,0.422500,0.000251
65.7600,0.000013,0.649975,0.650025,0.422500,0.000245
65.7700,0.000013,0.649976,0.650024,0.422500,0.000239
65.7800,0.000013,0.649977,0.650023,0.422500,0.000232
65.7900,0.000013,0.649977,0.650023,0.422500,0.000225
65.8000,0.000012,0.649978,0.650022,0.422500,0.000218
65.8100,0.000012,0.649979,0.650021,0.422500,0.000210
65.8200,0.000012,0.649980,0.650020,0.422500,0.000202
65.8300,0.000011,0.649981,0.650019,0.422500,0.000193
65.8400,0.000011,0.649982,0.650018,0.422500,0.000184
65.8500,0.000011,0.649982,0.650018,0.422500,0.000175
65.8600,0.000010,0.649983,0.650017,0.422500,0.000166
65.8700,0.000010,0.649984,0.650016,0.422500,0.000156
65.8800,0.000009,0.649985,0.650015,0.422500,0.000146
65.8900,0.000009,0.649986,0.650014,0.422500,0.000135
65.9000,0.000008,0.649988,0.650012,0.422500,0.000125
65.9100,0.000008,0.649989,0.650011,0.422500,0.000114
65.9200,0.000007,0.649990,0.650010,0.422500,0.000103
65.9300,0.000007,0.649991,0.650009,0.422500,0.000092
65.9400,0.000006,0.649992,0.650008,0.422500,0.000081
65.9500,0.000006,0.649993,0.650007,0.422500,0.000070
65.9600,0.000005,0.649994,0.650006,0.422500,0.000058
65.9700,0.000005,0.649995,0.650005,0.422500,0.000047
65.9800,0.000004,0.649996,0.650004,0.422500,0.000036
65.9900,0.000004,0.649998,0.650002,0.422500,0.000024
66.0000,0.000003,0.649999,0.650001,0.422500,0.000013
66.0100,0.000003,0.650000,0.650000,0.422500,0.000001
66.0200,0.000002,0.650001,0.649999,0.422500,-0.000010
66.0300,0.000001,0.650002,0.649998,0.422500,-0.000021
66.0400,0.000001,0.650003,0.649997,0.422500,-0.000032
66.0500,0.000000,0.650004,0.649996,0.422500,-0.000043
66.0600,-0.000000,0.650005,0.649995,0.422500,-0.000054
66.0700,-0.000001,0.650006,0.649994,0.422500,-0.000065
66.0800,-0.000001,0.650008,0.649992,0.422500,-0.000075
66.0900,-0.000002,0.650009,0.649991,0.422500,-0.000086
66.1000,-0.000002,0.650010,0.649990,0.422500,-0.000096
66.1100,-0.000003,0.650011,0.649989,0.422500,-0.000106
66.1200,-0.000003,0.650012,0.649988,0.422500,-0.000115
66.1300,-0.000004,0.650012,0.649988,0.422500,-0.000124
66.1400,-0.000004,0.650013,0.649987,0.422500,-0.000133
66.1500,-0.000005,0.650014,0.649986,0.422500,-0.000142
66.1600,-0.000005,0.650015,0.649985,0.422500,-0.000150
66.1700,-0.000006,0.650016,0.649984,0.422500,-0.000158
66.1800,-0.000006,0.650017,0.649983,0.422500,-0.000166
66.1900,-0.000007,0.650017,0.649983,0.422500,-0.000173
66.2000,-0.000007,0.650018,0.649982,0.422500,-0.000180
66.2100,-0.000007,0.650019,0.649981,0.422500,-0.000186
66.2200,-0.000008,0.650019,0.649981,0.422500,-0.000192
66.2300,-0.000008,0.650020,0.649980,0.422500,-0.000198
66.2400,-0.000009,0.650020,0.649980,0.422500,-0.000203
66.2500,-0.000009,0.650021,0.649979,0.422500,-0.000208
66.2600,-0.000009,0.650021,0.649979,0.422500,-0.000212
66.2700,-0.000009,0.650022,0.649978,0.422500,-0.000216
66.2800,-0.000010,0.650022,0.649978,0.422500,-0.000219
66.2900,-0.000010,0.650022,0.649978,0.422500,-0.000222
66.3000,-0.000010,0.650022,0.649978,0.422500,-0.000225
66.3100,-0.000010,0.650023,0.649977,0.422500,-0.000227
66.3200,-0.000010,0.650023,0.649977,0.422500,-0.000228
66.3300,-0.000011,0.650023,0.649977,0.422500,-0.000230
66.3400,-0.000011,0.650023,0.649977,0.422500,-0.000230
66.3500,-0.000011,0.650023,0.649977,0.422500,-0.000230
66.3600,-0.000011,0.650023,0.649977,0.422500,-0.000230
66.3700,-0.000011,0.650023,0.649977,0.422500,-0.000229
66.3800,-0.000011,0.650023,0.649977,0.422500,-0.000228
66.3900,-0.000011,0.650023,0.649977,0.422500,-0.000226
66.4000,-0.000011,0.650022,0.649978,0.422500,-0.000224
66.4100,-0.000011,0.650022,0.649978,0.422500,-0.000222
66.4200,-0.000011,0.650022,0.649978,0.422500,-0.000219
66.4300,-0.000011,0.650022,0.649978,0.422500,-0.000215
66.4400,-0.000011,0.650021,0.649979,0.422500,-0.000211
66.4500,-0.000011,0.650021,0.649979,0.422500,-0.000207
66.4600,-0.000010,0.650020,0.649980,0.422500,-0.000203
66.4700,-0.000010,0.650020,0.649980,0.422500,-0.000198
66.4800,-0.000010,0.650019,0.649981,0.422500,-0.000192
66.4900,-0.000010,0.650019,0.649981,0.422500,-0.000186
66.5000,-0.000010,0.650018,0.649982,0.422500,-0.000180
66.5100,-0.000009,0.650017,0.649983,0.422500,-0.000174
66.5200,-0.000009,0.650017,0.649983,0.422500,-0.000167
66.5300,-0.000009,0.650016,0.649984,0.422500,-0.000160
66.5400,-0.000008,0.650015,0.649985,0.422500,-0.000153
66.5500,-0.000008,0.650015,0.649985,0.422500,-0.000145
66.5600,-0.000008,0.650014,0.649986,0.422500,-0.000138
66.5700,-0.000007,0.650013,0.649987,0.422500,-0.000130
66.5800,-0.000007,0.650012,0.649988,0.422500,-0.000121
66.5900,-0.000007,0.650011,0.649989,0.422500,-0.000113
66.6000,-0.000006,0.650010,0.649990,0.422500,-0.000104
66.6100,-0.000006,0.650010,0.649990,0.422500,-0.000095
66.6200,-0.000006,0.650009,0.649991,0.422500,-0.000087
66.6300,-0.000005,0.650008,0.649992,0.422500,-0.000077
66.6400,-0.000005,0.650007,0.649993,0.422500,-0.000068
66.6500,-0.000004,0.650006,0.649994,0.422500,-0.000059
66.6600,-0.000004,0.650005,0.649995,0.422500,-0.000050
66.6700,-0.000003,0.650004,0.649996,0.422500,-0.000040
66.6800,-0.000003,0.650003,0.649997,0.422500,-0.000031
66.6900,-0.000002,0.650002,0.649998,0.422500,-0.000022
66.7000,-0.000002,0.650001,0.649999,0.422500,-0.000012
66.7100,-0.000002,0.650000,0.650000,0.422500,-0.000003
66.7200,-0.000001,0.649999,0.650001,0.422500,0.000007
66.7300,-0.000001,0.649998,0.650002,0.422500,0.000016
66.7400,-0.000000,0.649998,0.650002,0.422500,0.000025
66.7500,0.000000,0.649997,0.650003,0.422500,0.000034
66.7600,0.000001,0.649996,0.650004,0.422500,0.000043
66.7700,0.000001,0.649995,0.650005,0.422500,0.000052
66.7800,0.000002,0.649994,0.650006,0.422500,0.000060
66.7900,0.000002,0.649993,0.650007,0.422500,0.000069
66.8000,0.000003,0.649992,0.650008,0.422500,0.000077
66.8100,0.000003,0.649991,0.650009,0.422500,0.000085
66.8200,0.000003,0.649991,0.650009,0.422500,0.000093
66.8300,0.000004,0.649990,0.650010,0.422500,0.000101
66.8400,0.000004,0.649989,0.650011,0.422500,0.000108
66.8500,0.000005,0.649988,0.650012,0.422500,0.000115
66.8600,0.000005,0.649988,0.650012,0.422500,0.000122
66.8700,0.000005,0.649987,0.650013,0.422500,0.000129
66.8800,0.000006,0.649986,0.650014,0.422500,0.000135
66.8900,0.000006,0.649986,0.650014,0.422500,0.000141
66.9000,0.000006,0.649985,0.650015,0.422500,0.000147
66.9100,0.000007,0.649985,0.650015,0.422500,0.000152
66.9200,0.000007,0.649984,0.650016,0.422500,0.000157
66.9300,0.000007,0.649984,0.650016,0.422500,0.000162
66.9400,0.000008,0.649983,0.650017,0.422500,0.000166
66.9500,0.000008,0.649983,0.650017,0.422500,0.000170
66.9600,0.000008,0.649983,0.650017,0.422500,0.000174
66.9700,0.000008,0.649982,0.650018,0.422500,0.000177
66.9800,0.000009,0.649982,0.650018,0.422500,0.000180
66.9900,0.000009,0.649982,0.650018,0.422500,0.000182
67.0000,0.000009,0.649982,0.650018,0.422500,0.000185
67.0100,0.000009,0.649981,0.650019,0.422500,0.000186
67.0200,0.000009,0.649981,0.650019,0.422500,0.000188
67.0300,0.000009,0.649981,0.650019,0.422500,0.000189
67.0400,0.000009,0.649981,0.650019,0.422500,0.000189
67.0500,0.000010,0.649981,0.650019,0.422500,0.000189
67.0600,0.000010,0.649981,0.650019,0.422500,0.000189
67.0700,0.000010,0.649981,0.650019,0.422500,0.000189
67.0800,0.000010,0.649981,0.650019,0.422500,0.000188
67.0900,0.000010,0.649981,0.650019,0.422500,0.000186
67.1000,0.000010,0.649982,0.650018,0.422500,0.000185
67.1100,0.000010,0.649982,0.650018,0.422500,0.000183
67.1200,0.000010,0.649982,0.650018,0.422500,0.000180
67.1300,0.000009,0.649982,0.650018,0.422500,0.000177
67.1400,0.000009,0.649983,0.650017,0.422500,0.000174
67.1500,0.000009,0.649983,0.650017,0.422500,0.000171
67.1600,0.000009,0.649983,0.650017,0.422500,0.000167
67.1700,0.000009,0.649984,0.650016,0.422500,0.000163
67.1800,0.000009,0.649984,0.650016,0.422500,0.000159
67.1900,0.000009,0.649985,0.650015,0.422500,0.000154
67.2000,0.000009,0.649985,0.650015,0.422500,0.000149
67.2100,0.000008,0.649986,0.650014,0.422500,0.000144
67.2200,0.000008,0.649986,0.650014,0.422500,0.000138
67.2300,0.000008,0.649987,0.650013,0.422500,0.000133
67.2400,0.000008,0.649987,0.650013,0.422500,0.000127
67.2500,0.000007,0.649988,0.650012,0.422500,0.000121
67.2600,0.000007,0.649989,0.650011,0.422500,0.000114
67.2700,0.000007,0.649989,0.650011,0.422500,0.000108
67.2800,0.000006,0.649990,0.650010,0.422500,0.000101
67.2900,0.000006,0.649991,0.650009,0.422500,0.000094
67.3000,0.000006,0.649991,0.650009,0.422500,0.000087
67.3100,0.000006,0.649992,0.650008,0.422500,0.000080
67.3200,0.000005,0.649993,0.650007,0.422500,0.000072
67.3300,0.000005,0.649994,0.650006,0.422500,0.000065
67.3400,0.000005,0.649994,0.650006,0.422500,0.000057
67.3500,0.000004,0.649995,0.650005,0.422500,0.000050
67.3600,0.000004,0.649996,0.650004,0.422500,0.000042
67.3700,0.000003,0.649997,0.650003,0.422500,0.000034
67.3800,0.000003,0.649997,0.650003,0.422500,0.000027
67.3900,0.000003,0.649998,0.650002,0.422500,0.000019
67.4000,0.000002,0.649999,0.650001,0.422500,0.000011
67.4100,0.000002,0.650000,0.650000,0.422500,0.000004
67.4200,0.000002,0.650000,0.650000,0.422500,-0.000004
67.4300,0.000001,0.650001,0.649999,0.422500,-0.000012
67.4400,0.000001,0.650002,0.649998,0.422500,-0.000019
67.4500,0.000000,0.650003,0.649997,0.422500,-0.000027
67.4600,-0.000000,0.650003,0.649997,0.422500,-0.000034
67.4700,-0.000000,0.650004,0.649996,0.422500,-0.000041
67.4800,-0.000001,0.650005,0.649995,0.422500,-0.000049
67.4900,-0.000001,0.650006,0.649994,0.422500,-0.000056
67.5000,-0.000001,0.650006,0.649994,0.422500,-0.000062
67.5100,-0.000002,0.650007,0.649993,0.422500,-0.000069
67.5200,-0.000002,0.650008,0.649992,0.422500,-0.000076
67.5300,-0.000003,0.650008,0.649992,0.422500,-0.000082
67.5400,-0.000003,0.650009,0.649991,0.422500,-0.000088
67.5500,-0.000003,0.650009,0.649991,0.422500,-0.000094
67.5600,-0.000004,0.650010,0.649990,0.422500,-0.000100
67.5700,-0.000004,0.650011,0.649989,0.422500,-0.000105
67.5800,-0.000004,0.650011,0.649989,0.422500,-0.000110
67.5900,-0.000004,0.650012,0.649988,0.422500,-0.000115
67.6000,-0.000005,0.650012,0.649988,0.422500,-0.000120
67.6100,-0.000005,0.650012,0.649988,0.422500,-0.000125
67.6200,-0.000005,0.650013,0.649987,0.422500,-0.000129
67.6300,-0.000005,0.650013,0.649987,0.422500,-0.000133
67.6400,-0.000006,0.650014,0.649986,0.422500,-0.000136
67.6500,-0.000006,0.650014,0.649986,0.422500,-0.000140
67.6600,-0.000006,0.650014,0.649986,0.422500,-0.000143
67.6700,-0.000006,0.650015,0.649985,0.422500,-0.000145
67.6800,-0.000006,0.650015,0.649985,0.422500,-0.000148
67.6900,-0.000007,0.650015,0.649985,0.422500,-0.000150
67.7000,-0.000007,0.650015,0.649985,0.422500,-0.000152
67.7100,-0.000007,0.650015,0.649985,0.422500,-0.000153
67.7200,-0.000007,0.650015,0.649985,0.422500,-0.000154
67.7300,-0.000007,0.650016,0.649984,0.422500,-0.000155
67.7400,-0.000007,0.650016,0.649984,0.422500,-0.000156
67.7500,-0.000007,0.650016,0.649984,0.422500,-0.000156
67.7600,-0.000007,0.650016,0.649984,0.422500,-0.000156
67.7700,-0.000007,0.650016,0.649984,0.422500,-0.000155
67.7800,-0.000007,0.650015,0.649985,0.422500,-0.000155
67.7900,-0.000007,0.650015,0.649985,0.422500,-0.000153
67.8000,-0.000007,0.650015,0.649985,0.422500,-0.000152
67.8100,-0.000007,0.650015,0.649985,0.422500,-0.000151
67.8200,-0.000007,0.650015,0.649985,0.422500,-0.000149
67.8300,-0.000007,0.650015,0.649985,0.422500,-0.000146
67.8400,-0.000007,0.650014,0.649986,0.422500,-0.000144
67.8500,-0.000007,0.650014,0.649986,0.422500,-0.000141
67.8600,-0.000007,0.650014,0.649986,0.422500,-0.000138
67.8700,-0.000007,0.650013,0.649987,0.422500,-0.000135
67.8800,-0.000007,0.650013,0.649987,0.422500,-0.000131
67.8900,-0.000007,0.650013,0.649987,0.422500,-0.000127
67.9000,-0.000007,0.650012,0.649988,0.422500,-0.000123
67.9100,-0.000006,0.650012,0.649988,0.422500,-0.000119
67.9200,-0.000006,0.650011,0.649989,0.422500,-0.000115
67.9300,-0.000006,0.650011,0.649989,0.422500,-0.000110
67.9400,-0.000006,0.650011,0.649989,0.422500,-0.000105
67.9500,-0.000006,0.650010,0.649990,0.422500,-0.000100
67.9600,-0.000005,0.650009,0.649991,0.422500,-0.000095
67.9700,-0.000005,0.650009,0.649991,0.422500,-0.000089
67.9800,-0.000005,0.650008,0.649992,0.422500,-0.000084
67.9900,-0.000005,0.650008,0.649992,0.422500,-0.000078
68.0000,-0.000004,0.650007,0.649993,0.422500,-0.000072
68.0100,-0.000004,0.650007,0.649993,0.422500,-0.000067
68.0200,-0.000004,0.650006,0.649994,0.422500,-0.000061
68.0300,-0.000004,0.650005,0.649995,0.422500,-0.000054
68.0400,-0.000003,0.650005,0.649995,0.422500,-0.000048
68.0500,-0.000003,0.650004,0.649996,0.422500,-0.000042
68.0600,-0.000003,0.650004,0.649996,0.422500,-0.000036
68.0700,-0.000002,0.650003,0.649997,0.422500,-0.000029
68.0800,-0.000002,0.650002,0.649998,0.422500,-0.000023
68.0900,-0.000002,0.650002,0.649998,0.422500,-0.000017
68.1000,-0.000001,0.650001,0.649999,0.422500,-0.000010
68.1100,-0.000001,0.650000,0.650000,0.422500,-0.000004
68.1200,-0.000001,0.650000,0.650000,0.422500,0.000002
68.1300,-0.000001,0.649999,0.650001,0.422500,0.000009
68.1400,-0.000000,0.649999,0.650001,0.422500,0.000015
68.1500,0.000000,0.649998,0.650002,0.422500,0.000021
68.1600,0.000000,0.649997,0.650003,0.422500,0.000027
68.1700,0.000001,0.649997,0.650003,0.422500,0.000033
68.1800,0.000001,0.649996,0.650004,0.422500,0.000039
68.1900,0.000001,0.649996,0.650004,0.422500,0.000045
68.2000,0.000002,0.649995,0.650005,0.422500,0.000050
68.2100,0.000002,0.649994,0.650006,0.422500,0.000056
68.2200,0.000002,0.649994,0.650006,0.422500,0.000061
68.2300,0.000003,0.649993,0.650007,0.422500,0.000067
68.2400,0.000003,0.649993,0.650007,0.422500,0.000072
68.2500,0.000003,0.649992,0.650008,0.422500,0.000076
68.2600,0.000003,0.649992,0.650008,0.422500,0.000081
68.2700,0.000004,0.649991,0.650009,0.422500,0.000086
68.2800,0.000004,0.649991,0.650009,0.422500,0.000090
68.2900,0.000004,0.649991,0.650009,0.422500,0.000094
68.3000,0.000004,0.649990,0.650010,0.422500,0.000098
68.3100,0.000005,0.649990,0.650010,0.422500,0.000102
68.3200,0.000005,0.649989,0.650011,0.422500,0.000105
68.3300,0.000005,0.649989,0.650011,0.422500,0.000109
68.3400,0.000005,0.649989,0.650011,0.422500,0.000112
68.3500,0.000005,0.649989,0.650011,0.422500,0.000114
68.3600,0.000005,0.649988,0.650012,0.422500,0.000117
68.3700,0.000006,0.649988,0.650012,0.422500,0.000119
68.3800,0.000006,0.649988,0.650012,0.422500,0.000121
68.3900,0.000006,0.649988,0.650012,0.422500,0.000123
68.4000,0.000006,0.649988,0.650012,0.422500,0.000124
68.4100,0.000006,0.649987,0.650013,0.422500,0.000126
68.4200,0.000006,0.649987,0.650013,0.422500,0.000127
68.4300,0.000006,0.649987,0.650013,0.422500,0.000127
68.4400,0.000006,0.649987,0.650013,0.422500,0.000128
68.4500,0.000006,0.649987,0.650013,0.422500,0.000128
68.4600,0.000006,0.649987,0.650013,0.422500,0.000128
68.4700,0.000007,0.649987,0.650013,0.422500,0.000128
68.4800,0.000007,0.649987,0.650013,0.422500,0.000127
68.4900,0.000007,0.649987,0.650013,0.422500,0.000126
68.5000,0.000007,0.649987,0.650013,0.422500,0.000125
68.5100,0.000007,0.649988,0.650012,0.422500,0.000124
68.5200,0.000006,0.649988,0.650012,0.422500,0.000122
68.5300,0.000006,0.649988,0.650012,0.422500,0.000121
68.5400,0.000006,0.649988,0.650012,0.422500,0.000119
68.5500,0.000006,0.649988,0.650012,0.422500,0.000116
68.5600,0.000006,0.649989,0.650011,0.422500,0.000114
68.5700,0.000006,0.649989,0.650011,0.422500,0.000111
68.5800,0.000006,0.649989,0.650011,0.422500,0.000108
68.5900,0.000006,0.649989,0.650011,0.422500,0.000105
68.6000,0.000006,0.649990,0.650010,0.422500,0.000102
68.6100,0.000006,0.649990,0.650010,0.422500,0.000099
68.6200,0.000006,0.649991,0.650009,0.422500,0.000095
68.6300,0.000005,0.649991,0.650009,0.422500,0.000091
68.6400,0.000005,0.649991,0.650009,0.422500,0.000087
68.6500,0.000005,0.649992,0.650008,0.422500,0.000083
68.6600,0.000005,0.649992,0.650008,0.422500,0.000079
68.6700,0.000005,0.649993,0.650007,0.422500,0.000074
68.6800,0.000004,0.649993,0.650007,0.422500,0.000070
68.6900,0.000004,0.649993,0.650007,0.422500,0.000065
68.7000,0.000004,0.649994,0.650006,0.422500,0.000060
68.7100,0.000004,0.649994,0.650006,0.422500,0.000056
68.7200,0.000004,0.649995,0.650005,0.422500,0.000051
68.7300,0.000003,0.649995,0.650005,0.422500,0.000046
68.7400,0.000003,0.649996,0.650004,0.422500,0.000041
68.7500,0.000003,0.649996,0.650004,0.422500,0.000035
68.7600,0.000003,0.649997,0.650003,0.422500,0.000030
68.7700,0.000002,0.649997,0.650003,0.422500,0.000025
68.7800,0.000002,0.649998,0.650002,0.422500,0.000020
68.7900,0.000002,0.649999,0.650001,0.422500,0.000015
68.8000,0.000002,0.649999,0.650001,0.422500,0.000009
68.8100,0.000001,0.650000,0.650000,0.422500,0.000004
68.8200,0.000001,0.650000,0.650000,0.422500,-0.000001
68.8300,0.000001,0.650001,0.649999,0.422500,-0.000006
68.8400,0.000001,0.650001,0.649999,0.422500,-0.000011
68.8500,0.000000,0.650002,0.649998,0.422500,-0.000016
68.8600,0.000000,0.650002,0.649998,0.422500,-0.000021
68.8700,-0.000000,0.650003,0.649997,0.422500,-0.000026
68.8800,-0.000000,0.650003,0.649997,0.422500,-0.000031
68.8900,-0.000001,0.650004,0.649996,0.422500,-0.000036
68.9000,-0.000001,0.650004,0.649996,0.422500,-0.000041
68.9100,-0.000001,0.650005,0.649995,0.422500,-0.000045
68.9200,-0.000001,0.650005,0.649995,0.422500,-0.000050
68.9300,-0.000002,0.650005,0.649995,0.422500,-0.000054
68.9400,-0.000002,0.650006,0.649994,0.422500,-0.000058
68.9500,-0.000002,0.650006,0.649994,0.422500,-0.000062
68.9600,-0.000002,0.650007,0.649993,0.422500,-0.000066
68.9700,-0.000003,0.650007,0.649993,0.422500,-0.000070
68.9800,-0.000003,0.650007,0.649993,0.422500,-0.000074
68.9900,-0.000003,0.650008,0.649992,0.422500,-0.000077
69.0000,-0.000003,0.650008,0.649992,0.422500,-0.000080
69.0100,-0.000003,0.650008,0.649992,0.422500,-0.000083
69.0200,-0.000003,0.650009,0.649991,0.422500,-0.000086
69.0300,-0.000004,0.650009,0.649991,0.422500,-0.000089
69.0400,-0.000004,0.650009,0.649991,0.422500,-0.000091
69.0500,-0.000004,0.650009,0.649991,0.422500,-0.000094
69.0600,-0.000004,0.650010,0.649990,0.422500,-0.000096
69.0700,-0.000004,0.650010,0.649990,0.422500,-0.000098
69.0800,-0.000004,0.650010,0.649990,0.422500,-0.000099
69.0900,-0.000004,0.650010,0.649990,0.422500,-0.000101
69.1000,-0.000005,0.650010,0.649990,0.422500,-0.000102
69.1100,-0.000005,0.650010,0.649990,0.422500,-0.000103
69.1200,-0.000005,0.650010,0.649990,0.422500,-0.000104
69.1300,-0.000005,0.650010,0.649990,0.422500,-0.000105
69.1400,-0.000005,0.650011,0.649989,0.422500,-0.000105
69.1500,-0.000005,0.650011,0.649989,0.422500,-0.000105
69.1600,-0.000005,0.650011,0.649989,0.422500,-0.000105
69.1700,-0.000005,0.650011,0.649989,0.422500,-0.000105
69.1800,-0.000005,0.650010,0.649990,0.422500,-0.000105
69.1900,-0.000005,0.650010,0.649990,0.422500,-0.000104
69.2000,-0.000005,0.650010,0.649990,0.422500,-0.000103
69.2100,-0.000005,0.650010,0.649990,0.422500,-0.000102
69.2200,-0.000005,0.650010,0.649990,0.422500,-0.000101
69.2300,-0.000005,0.650010,0.649990,0.422500,-0.000100
69.2400,-0.000005,0.650010,0.649990,0.422500,-0.000098
69.2500,-0.000005,0.650010,0.649990,0.422500,-0.000096
69.2600,-0.000005,0.650009,0.649991,0.422500,-0.000094
69.2700,-0.000005,0.650009,0.649991,0.422500,-0.000092
69.2800,-0.000005,0.650009,0.649991,0.422500,-0.000090
69.2900,-0.000005,0.650009,0.649991,0.422500,-0.000087
69.3000,-0.000004,0.650008,0.649992,0.422500,-0.000084
69.3100,-0.000004,0.650008,0.649992,0.422500,-0.000082
69.3200,-0.000004,0.650008,0.649992,0.422500,-0.000079
69.3300,-0.000004,0.650008,0.649992,0.422500,-0.000076
69.3400,-0.000004,0.650007,0.649993,0.422500,-0.000072
69.3500,-0.000004,0.650007,0.649993,0.422500,-0.000069
69.3600,-0.000004,0.650007,0.649993,0.422500,-0.000065
69.3700,-0.000004,0.650006,0.649994,0.422500,-0.000062
69.3800,-0.000003,0.650006,0.649994,0.422500,-0.000058
69.3900,-0.000003,0.650005,0.649995,0.422500,-0.000054
69.4000,-0.000003,0.650005,0.649995,0.422500,-0.000050
69.4100,-0.000003,0.650005,0.649995,0.422500,-0.000046
69.4200,-0.000003,0.650004,0.649996,0.422500,-0.000042
69.4300,-0.000002,0.650004,0.649996,0.422500,-0.000038
69.4400,-0.000002,0.650003,0.649997,0.422500,-0.000034
69.4500,-0.000002,0.650003,0.649997,0.422500,-0.000030
69.4600,-0.000002,0.650003,0.649997,0.422500,-0.000026
69.4700,-0.000002,0.650002,0.649998,0.422500,-0.000021
69.4800,-0.000001,0.650002,0.649998,0.422500,-0.000017
69.4900,-0.000001,0.650001,0.649999,0.422500,-0.000013
69.5000,-0.000001,0.650001,0.649999,0.422500,-0.000008
69.5100,-0.000001,0.650000,0.650000,0.422500,-0.000004
69.5200,-0.000001,0.650000,0.650000,0.422500,0.000000
69.5300,-0.000000,0.650000,0.650000,0.422500,0.000004
69.5400,-0.000000,0.649999,0.650001,0.422500,0.000009
69.5500,0.000000,0.649999,0.650001,0.422500,0.000013
69.5600,0.000000,0.649998,0.650002,0.422500,0.000017
69.5700,0.000000,0.649998,0.650002,0.422500,0.000021
69.5800,0.000001,0.649998,0.650002,0.422500,0.000025
69.5900,0.000001,0.649997,0.650003,0.422500,0.000029
69.6000,0.000001,0.649997,0.650003,0.422500,0.000033
69.6100,0.000001,0.649996,0.650004,0.422500,0.000037
69.6200,0.000001,0.649996,0.650004,0.422500,0.000040
69.6300,0.000002,0.649996,0.650004,0.422500,0.000044
69.6400,0.000002,0.649995,0.650005,0.422500,0.000047
69.6500,0.000002,0.649995,0.650005,0.422500,0.000051
69.6600,0.000002,0.649995,0.650005,0.422500,0.000054
69.6700,0.000002,0.649994,0.650006,0.422500,0.000057
69.6800,0.000003,0.649994,0.650006,0.422500,0.000060
69.6900,0.000003,0.649994,0.650006,0.422500,0.000063
69.7000,0.000003,0.649993,0.650007,0.422500,0.000065
69.7100,0.000003,0.649993,0.650007,0.422500,0.000068
69.7200,0.000003,0.649993,0.650007,0.422500,0.000070
69.7300,0.000003,0.649993,0.650007,0.422500,0.000073
69.7400,0.000003,0.649993,0.650007,0.422500,0.000075
69.7500,0.000004,0.649992,0.650008,0.422500,0.000077
69.7600,0.000004,0.649992,0.650008,0.422500,0.000078
69.7700,0.000004,0.649992,0.650008,0.422500,0.000080
69.7800,0.000004,0.649992,0.650008,0.422500,0.000081
69.7900,0.000004,0.649992,0.650008,0.422500,0.000083
69.8000,0.000004,0.649992,0.650008,0.422500,0.000084
69.8100,0.000004,0.649992,0.650008,0.422500,0.000085
69.8200,0.000004,0.649991,0.650009,0.422500,0.000085
69.8300,0.000004,0.649991,0.650009,0.422500,0.000086
69.8400,0.000004,0.649991,0.650009,0.422500,0.000086
69.8500,0.000004,0.649991,0.650009,0.422500,0.000087
69.8600,0.000004,0.649991,0.650009,0.422500,0.000087
69.8700,0.000004,0.649991,0.650009,0.422500,0.000086
69.8800,0.000004,0.649991,0.650009,0.422500,0.000086
69.8900,0.000004,0.649991,0.650009,0.422500,0.000086
69.9000,0.000004,0.649991,0.650009,0.422500,0.000085
69.9100,0.000004,0.649992,0.650008,0.422500,0.000084
69.9200,0.000004,0.649992,0.650008,0.422500,0.000083
69.9300,0.000004,0.649992,0.650008,0.422500,0.000082
69.9400,0.000004,0.649992,0.650008,0.422500,0.000081
69.9500,0.000004,0.649992,0.650008,0.422500,0.000079
69.9600,0.000004,0.649992,0.650008,0.422500,0.000078
69.9700,0.000004,0.649992,0.650008,0.422500,0.000076
69.9800,0.000004,0.649993,0.650007,0.422500,0.000074
69.9900,0.000004,0.649993,0.650007,0.422500,0.000072
70.0000,0.000004,0.649993,0.650007,0.422500,0.000070
70.0100,0.000004,0.649993,0.650007,0.422500,0.000067
70.0200,0.000004,0.649993,0.650007,0.422500,0.000065
70.0300,0.000004,0.649994,0.650006,0.422500,0.000063
70.0400,0.000004,0.649994,0.650006,0.422500,0.000060
70.0500,0.000003,0.649994,0.650006,0.422500,0.000057
70.0600,0.000003,0.649995,0.650005,0.422500,0.000054
70.0700,0.000003,0.649995,0.650005,0.422500,0.000051
70.0800,0.000003,0.649995,0.650005,0.422500,0.000048
70.0900,0.000003,0.649995,0.650005,0.422500,0.000045
70.1000,0.000003,0.649996,0.650004,0.422500,0.000042
70.1100,0.000003,0.649996,0.650004,0.422500,0.000039
70.1200,0.000002,0.649996,0.650004,0.422500,0.000035
70.1300,0.000002,0.649997,0.650003,0.422500,0.000032
70.1400,0.000002,0.649997,0.650003,0.422500,0.000029
70.1500,0.000002,0.649997,0.650003,0.422500,0.000025
70.1600,0.000002,0.649998,0.650002,0.422500,0.000022
70.1700,0.000002,0.649998,0.650002,0.422500,0.000018
70.1800,0.000002,0.649999,0.650001,0.422500,0.000015
70.1900,0.000001,0.649999,0.650001,0.422500,0.000011
70.2000,0.000001,0.649999,0.650001,0.422500,0.000008
70.2100,0.000001,0.650000,0.650000,0.422500,0.000004
70.2200,0.000001,0.650000,0.650000,0.422500,0.000000
70.2300,0.000001,0.650000,0.650000,0.422500,-0.000003
70.2400,0.000000,0.650001,0.649999,0.422500,-0.000006
70.2500,0.000000,0.650001,0.649999,0.422500,-0.000010
70.2600,0.000000,0.650001,0.649999,0.422500,-0.000013
70.2700,-0.000000,0.650002,0.649998,0.422500,-0.000017
70.2800,-0.000000,0.650002,0.649998,0.422500,-0.000020
70.2900,-0.000000,0.650002,0.649998,0.422500,-0.000023
70.3000,-0.000001,0.650003,0.649997,0.422500,-0.000026
70.3100,-0.000001,0.650003,0.649997,0.422500,-0.000030
70.3200,-0.000001,0.650003,0.649997,0.422500,-0.000033
70.3300,-0.000001,0.650004,0.649996,0.422500,-0.000036
70.3400,-0.000001,0.650004,0.649996,0.422500,-0.000038
70.3500,-0.000001,0.650004,0.649996,0.422500,-0.000041
70.3600,-0.000002,0.650004,0.649996,0.422500,-0.000044
70.3700,-0.000002,0.650005,0.649995,0.422500,-0.000046
70.3800,-0.000002,0.650005,0.649995,0.422500,-0.000049
70.3900,-0.000002,0.650005,0.649995,0.422500,-0.000051
70.4000,-0.000002,0.650005,0.649995,0.422500,-0.000054
70.4100,-0.000002,0.650006,0.649994,0.422500,-0.000056
70.4200,-0.000002,0.650006,0.649994,0.422500,-0.000058
70.4300,-0.000002,0.650006,0.649994,0.422500,-0.000059
70.4400,-0.000003,0.650006,0.649994,0.422500,-0.000061
70.4500,-0.000003,0.650006,0.649994,0.422500,-0.000063
70.4600,-0.000003,0.650006,0.649994,0.422500,-0.000064
70.4700,-0.000003,0.650007,0.649993,0.422500,-0.000066
70.4800,-0.000003,0.650007,0.649993,0.422500,-0.000067
70.4900,-0.000003,0.650007,0.649993,0.422500,-0.000068
70.5000,-0.000003,0.650007,0.649993,0.422500,-0.000069
70.5100,-0.000003,0.650007,0.649993,0.422500,-0.000070
70.5200,-0.000003,0.650007,0.649993,0.422500,-0.000070
70.5300,-0.000003,0.650007,0.649993,0.422500,-0.000071
70.5400,-0.000003,0.650007,0.649993,0.422500,-0.000071
70.5500,-0.000003,0.650007,0.649993,0.422500,-0.000071
70.5600,-0.000003,0.650007,0.649993,0.422500,-0.000071
70.5700,-0.000003,0.650007,0.649993,0.422500,-0.000071
70.5800,-0.000003,0.650007,0.649993,0.422500,-0.000071
70.5900,-0.000003,0.650007,0.649993,0.422500,-0.000071
70.6000,-0.000003,0.650007,0.649993,0.422500,-0.000070
70.6100,-0.000003,0.650007,0.649993,0.422500,-0.000069
70.6200,-0.000003,0.650007,0.649993,0.422500,-0.000069
70.6300,-0.000003,0.650007,0.649993,0.422500,-0.000068
70.6400,-0.000003,0.650007,0.649993,0.422500,-0.000067
70.6500,-0.000003,0.650007,0.649993,0.422500,-0.000065
70.6600,-0.000003,0.650006,0.649994,0.422500,-0.000064
70.6700,-0.000003,0.650006,0.649994,0.422500,-0.000063
70.6800,-0.000003,0.650006,0.649994,0.422500,-0.000061
70.6900,-0.000003,0.650006,0.649994,0.422500,-0.000059
70.7000,-0.000003,0.650006,0.649994,0.422500,-0.000058
70.7100,-0.000003,0.650006,0.649994,0.422500,-0.000056
70.7200,-0.000003,0.650005,0.649995,0.422500,-0.000054
70.7300,-0.000003,0.650005,0.649995,0.422500,-0.000052
70.7400,-0.000003,0.650005,0.649995,0.422500,-0.000050
70.7500,-0.000003,0.650005,0.649995,0.422500,-0.000047
70.7600,-0.000003,0.650005,0.649995,0.422500,-0.000045
70.7700,-0.000002,0.650004,0.649996,0.422500,-0.000043
70.7800,-0.000002,0.650004,0.649996,0.422500,-0.000040
70.7900,-0.000002,0.650004,0.649996,0.422500,-0.000038
70.8000,-0.000002,0.650003,0.649997,0.422500,-0.000035
70.8100,-0.000002,0.650003,0.649997,0.422500,-0.000032
70.8200,-0.000002,0.650003,0.649997,0.422500,-0.000030
70.8300,-0.000002,0.650003,0.649997,0.422500,-0.000027
70.8400,-0.000002,0.650002,0.649998,0.422500,-0.000024
70.8500,-0.000001,0.650002,0.649998,0.422500,-0.000021
70.8600,-0.000001,0.650002,0.649998,0.422500,-0.000018
70.8700,-0.000001,0.650002,0.649998,0.422500,-0.000015
70.8800,-0.000001,0.650001,0.649999,0.422500,-0.000013
70.8900,-0.000001,0.650001,0.649999,0.422500,-0.000010
70.9000,-0.000001,0.650001,0.649999,0.422500,-0.000007
70.9100,-0.000001,0.650000,0.650000,0.422500,-0.000004
70.9200,-0.000000,0.650000,0.650000,0.422500,-0.000001
70.9300,-0.000000,0.650000,0.650000,0.422500,0.000002
70.9400,-0.000000,0.650000,0.650000,0.422500,0.000005
70.9500,-0.000000,0.649999,0.650001,0.422500,0.000008
70.9600,0.000000,0.649999,0.650001,0.422500,0.000010
70.9700,0.000000,0.649999,0.650001,0.422500,0.000013
70.9800,0.000000,0.649998,0.650002,0.422500,0.000016
70.9900,0.000001,0.649998,0.650002,0.422500,0.000019
71.0000,0.000001,0.649998,0.650002,0.422500,0.000021
71.0100,0.000001,0.649998,0.650002,0.422500,0.000024
71.0200,0.000001,0.649997,0.650003,0.422500,0.000026
71.0300,0.000001,0.649997,0.650003,0.422500,0.000029
71.0400,0.000001,0.649997,0.650003,0.422500,0.000031
71.0500,0.000001,0.649997,0.650003,0.422500,0.000033
71.0600,0.000001,0.649996,0.650004,0.422500,0.000036
71.0700,0.000002,0.649996,0.650004,0.422500,0.000038
71.0800,0.000002,0.649996,0.650004,0.422500,0.000040
71.0900,0.000002,0.649996,0.650004,0.422500,0.000042
71.1000,0.000002,0.649996,0.650004,0.422500,0.000044
71.1100,0.000002,0.649995,0.650005,0.422500,0.000045
71.1200,0.000002,0.649995,0.650005,0.422500,0.000047
71.1300,0.000002,0.649995,0.650005,0.422500,0.000049
71.1400,0.000002,0.649995,0.650005,0.422500,0.000050
71.1500,0.000002,0.649995,0.650005,0.422500,0.000051
71.1600,0.000002,0.649995,0.650005,0.422500,0.000053
71.1700,0.000003,0.649995,0.650005,0.422500,0.000054
71.1800,0.000003,0.649995,0.650005,0.422500,0.000055
71.1900,0.000003,0.649994,0.650006,0.422500,0.000056
71.2000,0.000003,0.649994,0.650006,0.422500,0.000056
71.2100,0.000003,0.649994,0.650006,0.422500,0.000057
71.2200,0.000003,0.649994,0.650006,0.422500,0.000058
71.2300,0.000003,0.649994,0.650006,0.422500,0.000058
71.2400,0.000003,0.649994,0.650006,0.422500,0.000058
71.2500,0.000003,0.649994,0.650006,0.422500,0.000059
71.2600,0.000003,0.649994,0.650006,0.422500,0.000059
71.2700,0.000003,0.649994,0.650006,0.422500,0.000059
71.2800,0.000003,0.649994,0.650006,0.422500,0.000058
71.2900,0.000003,0.649994,0.650006,0.422500,0.000058
71.3000,0.000003,0.649994,0.650006,0.422500,0.000058
71.3100,0.000003,0.649994,0.650006,0.422500,0.000057
71.3200,0.000003,0.649994,0.650006,0.422500,0.000057
71.3300,0.000003,0.649994,0.650006,0.422500,0.000056
71.3400,0.000003,0.649995,0.650005,0.422500,0.000055
71.3500,0.000003,0.649995,0.650005,0.422500,0.000054
71.3600,0.000003,0.649995,0.650005,0.422500,0.000053
71.3700,0.000003,0.649995,0.650005,0.422500,0.000052
71.3800,0.000003,0.649995,0.650005,0.422500,0.000050
71.3900,0.000003,0.649995,0.650005,0.422500,0.000049
71.4000,0.000003,0.649995,0.650005,0.422500,0.000048
71.4100,0.000003,0.649995,0.650005,0.422500,0.000046
71.4200,0.000003,0.649996,0.650004,0.422500,0.000045
71.4300,0.000003,0.649996,0.650004,0.422500,0.000043
71.4400,0.000002,0.649996,0.650004,0.422500,0.000041
71.4500,0.000002,0.649996,0.650004,0.422500,0.000039
71.4600,0.000002,0.649996,0.650004,0.422500,0.000037
71.4700,0.000002,0.649996,0.650004,0.422500,0.000035
71.4800,0.000002,0.649997,0.650003,0.422500,0.000033
71.4900,0.000002,0.649997,0.650003,0.422500,0.000031
71.5000,0.000002,0.649997,0.650003,0.422500,0.000029
71.5100,0.000002,0.649997,0.650003,0.422500,0.000027
71.5200,0.000002,0.649998,0.650002,0.422500,0.000025
71.5300,0.000002,0.649998,0.650002,0.422500,0.000022
71.5400,0.000002,0.649998,0.650002,0.422500,0.000020
71.5500,0.000001,0.649998,0.650002,0.422500,0.000018
71.5600,0.000001,0.649998,0.650002,0.422500,0.000015
71.5700,0.000001,0.649999,0.650001,0.422500,0.000013
71.5800,0.000001,0.649999,0.650001,0.422500,0.000011
71.5900,0.000001,0.649999,0.650001,0.422500,0.000008
71.6000,0.000001,0.649999,0.650001,0.422500,0.000006
71.6100,0.000001,0.650000,0.650000,0.422500,0.000004
71.6200,0.000001,0.650000,0.650000,0.422500,0.000001
71.6300,0.000000,0.650000,0.650000,0.422500,-0.000001
71.6400,0.000000,0.650000,0.650000,0.422500,-0.000004
71.6500,0.000000,0.650001,0.649999,0.422500,-0.000006
71.6600,0.000000,0.650001,0.649999,0.422500,-0.000008
71.6700,0.000000,0.650001,0.649999,0.422500,-0.000011
71.6800,-0.000000,0.650001,0.649999,0.422500,-0.000013
71.6900,-0.000000,0.650001,0.649999,0.422500,-0.000015
71.7000,-0.000000,0.650002,0.649998,0.422500,-0.000017
71.7100,-0.000000,0.650002,0.649998,0.422500,-0.000019
71.7200,-0.000001,0.650002,0.649998,0.422500,-0.000021
71.7300,-0.000001,0.650002,0.649998,0.422500,-0.000023
71.7400,-0.000001,0.650003,0.649997,0.422500,-0.000025
71.7500,-0.000001,0.650003,0.649997,0.422500,-0.000027
71.7600,-0.000001,0.650003,0.649997,0.422500,-0.000029
71.7700,-0.000001,0.650003,0.649997,0.422500,-0.000031
71.7800,-0.000001,0.650003,0.649997,0.422500,-0.000033
71.7900,-0.000001,0.650003,0.649997,0.422500,-0.000034
71.8000,-0.000001,0.650004,0.649996,0.422500,-0.000036
71.8100,-0.000001,0.650004,0.649996,0.422500,-0.000037
71.8200,-0.000002,0.650004,0.649996,0.422500,-0.000039
71.8300,-0.000002,0.650004,0.649996,0.422500,-0.000040
71.8400,-0.000002,0.650004,0.649996,0.422500,-0.000041
71.8500,-0.000002,0.650004,0.649996,0.422500,-0.000042
71.8600,-0.000002,0.650004,0.649996,0.422500,-0.000043
71.8700,-0.000002,0.650004,0.649996,0.422500,-0.000044
71.8800,-0.000002,0.650004,0.649996,0.422500,-0.000045
71.8900,-0.000002,0.650005,0.649995,0.422500,-0.000046
71.9000,-0.000002,0.650005,0.649995,0.422500,-0.000046
71.9100,-0.000002,0.650005,0.649995,0.422500,-0.000047
71.9200,-0.000002,0.650005,0.649995,0.422500,-0.000047
71.9300,-0.000002,0.650005,0.649995,0.422500,-0.000048
71.9400,-0.000002,0.650005,0.649995,0.422500,-0.000048
71.9500,-0.000002,0.650005,0.649995,0.422500,-0.000048
71.9600,-0.000002,0.650005,0.649995,0.422500,-0.000048
71.9700,-0.000002,0.650005,0.649995,0.422500,-0.000048
71.9800,-0.000002,0.650005,0.649995,0.422500,-0.000048
71.9900,-0.000002,0.650005,0.649995,0.422500,-0.000048
72.0000,-0.000002,0.650005,0.649995,0.422500,-0.000047
72.0100,-0.000002,0.650005,0.649995,0.422500,-0.000047
72.0200,-0.000002,0.650005,0.649995,0.422500,-0.000047
72.0300,-0.000002,0.650005,0.649995,0.422500,-0.000046
72.0400,-0.000002,0.650005,0.649995,0.422500,-0.000045
72.0500,-0.000002,0.650004,0.649996,0.422500,-0.000045
72.0600,-0.000002,0.650004,0.649996,0.422500,-0.000044
72.0700,-0.000002,0.650004,0.649996,0.422500,-0.000043
72.0800,-0.000002,0.650004,0.649996,0.422500,-0.000042
72.0900,-0.000002,0.650004,0.649996,0.422500,-0.000041
72.1000,-0.000002,0.650004,0.649996,0.422500,-0.000039
72.1100,-0.000002,0.650004,0.649996,0.422500,-0.000038
72.1200,-0.000002,0.650004,0.649996,0.422500,-0.000037
72.1300,-0.000002,0.650004,0.649996,0.422500,-0.000036
72.1400,-0.000002,0.650003,0.649997,0.422500,-0.000034
72.1500,-0.000002,0.650003,0.649997,0.422500,-0.000033
72.1600,-0.000002,0.650003,0.649997,0.422500,-0.000031
72.1700,-0.000002,0.650003,0.649997,0.422500,-0.000029
72.1800,-0.000002,0.650003,0.649997,0.422500,-0.000028
72.1900,-0.000002,0.650003,0.649997,0.422500,-0.000026
72.2000,-0.000001,0.650002,0.649998,0.422500,-0.000024
72.2100,-0.000001,0.650002,0.649998,0.422500,-0.000022
72.2200,-0.000001,0.650002,0.649998,0.422500,-0.000021
72.2300,-0.000001,0.650002,0.649998,0.422500,-0.000019
72.2400,-0.000001,0.650002,0.649998,0.422500,-0.000017
72.2500,-0.000001,0.650001,0.649999,0.422500,-0.000015
72.2600,-0.000001,0.650001,0.649999,0.422500,-0.000013
72.2700,-0.000001,0.650001,0.649999,0.422500,-0.000011
72.2800,-0.000001,0.650001,0.649999,0.422500,-0.000009
72.2900,-0.000001,0.650001,0.649999,0.422500,-0.000007
72.3000,-0.000001,0.650001,0.649999,0.422500,-0.000005
72.3100,-0.000000,0.650000,0.650000,0.422500,-0.000003
72.3200,-0.000000,0.650000,0.650000,0.422500,-0.000001
72.3300,-0.000000,0.650000,0.650000,0.422500,0.000001
72.3400,-0.000000,0.650000,0.650000,0.422500,0.000003
72.3500,-0.000000,0.650000,0.650000,0.422500,0.000005
72.3600,0.000000,0.649999,0.650001,0.422500,0.000006
72.3700,0.000000,0.649999,0.650001,0.422500,0.000008
72.3800,0.000000,0.649999,0.650001,0.422500,0.000010
72.3900,0.000000,0.649999,0.650001,0.422500,0.000012
72.4000,0.000000,0.649999,0.650001,0.422500,0.000014
72.4100,0.000001,0.649998,0.650002,0.422500,0.000016
72.4200,0.000001,0.649998,0.650002,0.422500,0.000017
72.4300,0.000001,0.649998,0.650002,0.422500,0.000019
72.4400,0.000001,0.649998,0.650002,0.422500,0.000021
72.4500,0.000001,0.649998,0.650002,0.422500,0.000022
72.4600,0.000001,0.649998,0.650002,0.422500,0.000024
72.4700,0.000001,0.649997,0.650003,0.422500,0.000025
72.4800,0.000001,0.649997,0.650003,0.422500,0.000027
72.4900,0.000001,0.649997,0.650003,0.422500,0.000028
72.5000,0.000001,0.649997,0.650003,0.422500,0.000029
72.5100,0.000001,0.649997,0.650003,0.422500,0.000030
72.5200,0.000001,0.649997,0.650003,0.422500,0.000031
72.5300,0.000001,0.649997,0.650003,0.422500,0.000033
72.5400,0.000002,0.649997,0.650003,0.422500,0.000034
72.5500,0.000002,0.649997,0.650003,0.422500,0.000034
72.5600,0.000002,0.649996,0.650004,0.422500,0.000035
72.5700,0.000002,0.649996,0.650004,0.422500,0.000036
72.5800,0.000002,0.649996,0.650004,0.422500,0.000037
72.5900,0.000002,0.649996,0.650004,0.422500,0.000037
72.6000,0.000002,0.649996,0.650004,0.422500,0.000038
72.6100,0.000002,0.649996,0.650004,0.422500,0.000038
72.6200,0.000002,0.649996,0.650004,0.422500,0.000039
72.6300,0.000002,0.649996,0.650004,0.422500,0.000039
72.6400,0.000002,0.649996,0.650004,0.422500,0.000039
72.6500,0.000002,0.649996,0.650004,0.422500,0.000040
72.6600,0.000002,0.649996,0.650004,0.422500,0.000040
72.6700,0.000002,0.649996,0.650004,0.422500,0.000040
72.6800,0.000002,0.649996,0.650004,0.422500,0.000040
72.6900,0.000002,0.649996,0.650004,0.422500,0.000039
72.7000,0.000002,0.649996,0.650004,0.422500,0.000039
72.7100,0.000002,0.649996,0.650004,0.422500,0.000039
72.7200,0.000002,0.649996,0.650004,0.422500,0.000038
72.7300,0.000002,0.649996,0.650004,0.422500,0.000038
72.7400,0.000002,0.649996,0.650004,0.422500,0.000037
72.7500,0.000002,0.649996,0.650004,0.422500,0.000037
72.7600,0.000002,0.649996,0.650004,0.422500,0.000036
72.7700,0.000002,0.649996,0.650004,0.422500,0.000035
72.7800,0.000002,0.649997,0.650003,0.422500,0.000034
72.7900,0.000002,0.649997,0.650003,0.422500,0.000034
72.8000,0.000002,0.649997,0.650003,0.422500,0.000033
72.8100,0.000002,0.649997,0.650003,0.422500,0.000032
72.8200,0.000002,0.649997,0.650003,0.422500,0.000031
72.8300,0.000002,0.649997,0.650003,0.422500,0.000029
72.8400,0.000002,0.649997,0.650003,0.422500,0.000028
72.8500,0.000002,0.649997,0.650003,0.422500,0.000027
72.8600,0.000002,0.649997,0.650003,0.422500,0.000026
72.8700,0.000002,0.649998,0.650002,0.422500,0.000024
72.8800,0.000001,0.649998,0.650002,0.422500,0.000023
72.8900,0.000001,0.649998,0.650002,0.422500,0.000022
72.9000,0.000001,0.649998,0.650002,0.422500,0.000020
72.9100,0.000001,0.649998,0.650002,0.422500,0.000019
72.9200,0.000001,0.649998,0.650002,0.422500,0.000017
72.9300,0.000001,0.649998,0.650002,0.422500,0.000016
72.9400,0.000001,0.649999,0.650001,0.422500,0.000014
72.9500,0.000001,0.649999,0.650001,0.422500,0.000013
72.9600,0.000001,0.649999,0.650001,0.422500,0.000011
72.9700,0.000001,0.649999,0.650001,0.422500,0.000009
72.9800,0.000001,0.649999,0.650001,0.422500,0.000008
72.9900,0.000001,0.649999,0.650001,0.422500,0.000006
73.0000,0.000001,0.650000,0.650000,0.422500,0.000005
73.0100,0.000001,0.650000,0.650000,0.422500,0.000003
73.0200,0.000000,0.650000,0.650000,0.422500,0.000001
73.0300,0.000000,0.650000,0.650000,0.422500,-0.000000
73.0400,0.000000,0.650000,0.650000,0.422500,-0.000002
73.0500,0.000000,0.650000,0.650000,0.422500,-0.000003
73.0600,0.000000,0.650001,0.649999,0.422500,-0.000005
73.0700,0.000000,0.650001,0.649999,0.422500,-0.000007
73.0800,-0.000000,0.650001,0.649999,0.422500,-0.000008
73.0900,-0.000000,0.650001,0.649999,0.422500,-0.000010
73.1000,-0.000000,0.650001,0.649999,0.422500,-0.000011
73.1100,-0.000000,0.650001,0.649999,0.422500,-0.000013
73.1200,-0.000000,0.650001,0.649999,0.422500,-0.000014
73.1300,-0.000000,0.650002,0.649998,0.422500,-0.000015
73.1400,-0.000000,0.650002,0.649998,0.422500,-0.000017
73.1500,-0.000001,0.650002,0.649998,0.422500,-0.000018
73.1600,-0.000001,0.650002,0.649998,0.422500,-0.000019
73.1700,-0.000001,0.650002,0.649998,0.422500,-0.000020
73.1800,-0.000001,0.650002,0.649998,0.422500,-0.000022
73.1900,-0.000001,0.650002,0.649998,0.422500,-0.000023
73.2000,-0.000001,0.650002,0.649998,0.422500,-0.000024
73.2100,-0.000001,0.650002,0.649998,0.422500,-0.000025
73.2200,-0.000001,0.650003,0.649997,0.422500,-0.000026
73.2300,-0.000001,0.650003,0.649997,0.422500,-0.000027
73.2400,-0.000001,0.650003,0.649997,0.422500,-0.000027
73.2500,-0.000001,0.650003,0.649997,0.422500,-0.000028
73.2600,-0.000001,0.650003,0.649997,0.422500,-0.000029
73.2700,-0.000001,0.650003,0.649997,0.422500,-0.000030
73.2800,-0.000001,0.650003,0.649997,0.422500,-0.000030
73.2900,-0.000001,0.650003,0.649997,0.422500,-0.000031
73.3000,-0.000001,0.650003,0.649997,0.422500,-0.000031
73.3100,-0.000001,0.650003,0.649997,0.422500,-0.000032
73.3200,-0.000001,0.650003,0.649997,0.422500,-0.000032
73.3300,-0.000001,0.650003,0.649997,0.422500,-0.000032
73.3400,-0.000001,0.650003,0.649997,0.422500,-0.000032
73.3500,-0.000001,0.650003,0.649997,0.422500,-0.000033
73.3600,-0.000002,0.650003,0.649997,0.422500,-0.000033
73.3700,-0.000002,0.650003,0.649997,0.422500,-0.000033
73.3800,-0.000002,0.650003,0.649997,0.422500,-0.000033
73.3900,-0.000002,0.650003,0.649997,0.422500,-0.000032
73.4000,-0.000002,0.650003,0.649997,0.422500,-0.000032
73.4100,-0.000002,0.650003,0.649997,0.422500,-0.000032
73.4200,-0.000002,0.650003,0.649997,0.422500,-0.000032
73.4300,-0.000002,0.650003,0.649997,0.422500,-0.000031
73.4400,-0.000002,0.650003,0.649997,0.422500,-0.000031
73.4500,-0.000002,0.650003,0.649997,0.422500,-0.000030
73.4600,-0.000001,0.650003,0.649997,0.422500,-0.000030
73.4700,-0.000001,0.650003,0.649997,0.422500,-0.000029
73.4800,-0.000001,0.650003,0.649997,0.422500,-0.000028
73.4900,-0.000001,0.650003,0.649997,0.422500,-0.000028
73.5000,-0.000001,0.650003,0.649997,0.422500,-0.000027
73.5100,-0.000001,0.650003,0.649997,0.422500,-0.000026
73.5200,-0.000001,0.650003,0.649997,0.422500,-0.000025
73.5300,-0.000001,0.650002,0.649998,0.422500,-0.000024
73.5400,-0.000001,0.650002,0.649998,0.422500,-0.000023
73.5500,-0.000001,0.650002,0.649998,0.422500,-0.000022
73.5600,-0.000001,0.650002,0.649998,0.422500,-0.000021
73.5700,-0.000001,0.650002,0.649998,0.422500,-0.000020
73.5800,-0.000001,0.650002,0.649998,0.422500,-0.000019
73.5900,-0.000001,0.650002,0.649998,0.422500,-0.000018
73.6000,-0.000001,0.650002,0.649998,0.422500,-0.000017
73.6100,-0.000001,0.650002,0.649998,0.422500,-0.000016
73.6200,-0.000001,0.650001,0.649999,0.422500,-0.000014
73.6300,-0.000001,0.650001,0.649999,0.422500,-0.000013
73.6400,-0.000001,0.650001,0.649999,0.422500,-0.000012
73.6500,-0.000001,0.650001,0.649999,0.422500,-0.000011
73.6600,-0.000001,0.650001,0.649999,0.422500,-0.000009
73.6700,-0.000001,0.650001,0.649999,0.422500,-0.000008
73.6800,-0.000001,0.650001,0.649999,0.422500,-0.000007
73.6900,-0.000000,0.650001,0.649999,0.422500,-0.000005
73.7000,-0.000000,0.650000,0.650000,0.422500,-0.000004
73.7100,-0.000000,0.650000,0.650000,0.422500,-0.000003
73.7200,-0.000000,0.650000,0.650000,0.422500,-0.000001
73.7300,-0.000000,0.650000,0.650000,0.422500,0.000000
73.7400,-0.000000,0.650000,0.650000,0.422500,0.000001
73.7500,-0.000000,0.650000,0.650000,0.422500,0.000003
73.7600,0.000000,0.650000,0.650000,0.422500,0.000004
73.7700,0.000000,0.649999,0.650001,0.422500,0.000005
73.7800,0.000000,0.649999,0.650001,0.422500,0.000006
73.7900,0.000000,0.649999,0.650001,0.422500,0.000008
73.8000,0.000000,0.649999,0.650001,0.422500,0.000009
73.8100,0.000000,0.649999,0.650001,0.422500,0.000010
73.8200,0.000000,0.649999,0.650001,0.422500,0.000011
73.8300,0.000000,0.649999,0.650001,0.422500,0.000012
73.8400,0.000001,0.649999,0.650001,0.422500,0.000014
73.8500,0.000001,0.649999,0.650001,0.422500,0.000015
73.8600,0.000001,0.649998,0.650002,0.422500,0.000016
73.8700,0.000001,0.649998,0.650002,0.422500,0.000017
73.8800,0.000001,0.649998,0.650002,0.422500,0.000018
73.8900,0.000001,0.649998,0.650002,0.422500,0.000019
73.9000,0.000001,0.649998,0.650002,0.422500,0.000019
73.9100,0.000001,0.649998,0.650002,0.422500,0.000020
73.9200,0.000001,0.649998,0.650002,0.422500,0.000021
73.9300,0.000001,0.649998,0.650002,0.422500,0.000022
73.9400,0.000001,0.649998,0.650002,0.422500,0.000022
73.9500,0.000001,0.649998,0.650002,0.422500,0.000023
73.9600,0.000001,0.649998,0.650002,0.422500,0.000024
73.9700,0.000001,0.649998,0.650002,0.422500,0.000024
73.9800,0.000001,0.649998,0.650002,0.422500,0.000025
73.9900,0.000001,0.649997,0.650003,0.422500,0.000025
74.0000,0.000001,0.649997,0.650003,0.422500,0.000026
74.0100,0.000001,0.649997,0.650003,0.422500,0.000026
74.0200,0.000001,0.649997,0.650003,0.422500,0.000026
74.0300,0.000001,0.649997,0.650003,0.422500,0.000026
74.0400,0.000001,0.649997,0.650003,0.422500,0.000027
74.0500,0.000001,0.649997,0.650003,0.422500,0.000027
74.0600,0.000001,0.649997,0.650003,0.422500,0.000027
74.0700,0.000001,0.649997,0.650003,0.422500,0.000027
74.0800,0.000001,0.649997,0.650003,0.422500,0.000027
74.0900,0.000001,0.649997,0.650003,0.422500,0.000027
74.1000,0.000001,0.649997,0.650003,0.422500,0.000027
74.1100,0.000001,0.649997,0.650003,0.422500,0.000026
74.1200,0.000001,0.649997,0.650003,0.422500,0.000026
74.1300,0.000001,0.649997,0.650003,0.422500,0.000026
74.1400,0.000001,0.649997,0.650003,0.422500,0.000025
74.1500,0.000001,0.649998,0.650002,0.422500,0.000025
74.1600,0.000001,0.649998,0.650002,0.422500,0.000025
74.1700,0.000001,0.649998,0.650002,0.422500,0.000024
74.1800,0.000001,0.649998,0.650002,0.422500,0.000023
74.1900,0.000001,0.649998,0.650002,0.422500,0.000023
74.2000,0.000001,0.649998,0.650002,0.422500,0.000022
74.2100,0.000001,0.649998,0.650002,0.422500,0.000022
74.2200,0.000001,0.649998,0.650002,0.422500,0.000021
74.2300,0.000001,0.649998,0.650002,0.422500,0.000020
74.2400,0.000001,0.649998,0.650002,0.422500,0.000019
74.2500,0.000001,0.649998,0.650002,0.422500,0.000019
74.2600,0.000001,0.649998,0.650002,0.422500,0.000018
74.2700,0.000001,0.649998,0.650002,0.422500,0.000017
74.2800,0.000001,0.649998,0.650002,0.422500,0.000016
74.2900,0.000001,0.649999,0.650001,0.422500,0.000015
74.3000,0.000001,0.649999,0.650001,0.422500,0.000014
74.3100,0.000001,0.649999,0.650001,0.422500,0.000013
74.3200,0.000001,0.649999,0.650001,0.422500,0.000012
74.3300,0.000001,0.649999,0.650001,0.422500,0.000011
74.3400,0.000001,0.649999,0.650001,0.422500,0.000010
74.3500,0.000001,0.649999,0.650001,0.422500,0.000009
74.3600,0.000001,0.649999,0.650001,0.422500,0.000008
74.3700,0.000001,0.649999,0.650001,0.422500,0.000007
74.3800,0.000001,0.649999,0.650001,0.422500,0.000006
74.3900,0.000000,0.650000,0.650000,0.422500,0.000005
74.4000,0.000000,0.650000,0.650000,0.422500,0.000003
74.4100,0.000000,0.650000,0.650000,0.422500,0.000002
74.4200,0.000000,0.650000,0.650000,0.422500,0.000001
74.4300,0.000000,0.650000,0.650000,0.422500,0.000000
74.4400,0.000000,0.650000,0.650000,0.422500,-0.000001
74.4500,0.000000,0.650000,0.650000,0.422500,-0.000002
74.4600,0.000000,0.650000,0.650000,0.422500,-0.000003
74.4700,0.000000,0.650000,0.650000,0.422500,-0.000004
74.4800,-0.000000,0.650001,0.649999,0.422500,-0.000005
74.4900,-0.000000,0.650001,0.649999,0.422500,-0.000006
74.5000,-0.000000,0.650001,0.649999,0.422500,-0.000007
74.5100,-0.000000,0.650001,0.649999,0.422500,-0.000008
74.5200,-0.000000,0.650001,0.649999,0.422500,-0.000009
74.5300,-0.000000,0.650001,0.649999,0.422500,-0.000010
74.5400,-0.000000,0.650001,0.649999,0.422500,-0.000011
74.5500,-0.000000,0.650001,0.649999,0.422500,-0.000012
74.5600,-0.000000,0.650001,0.649999,0.422500,-0.000013
74.5700,-0.000000,0.650001,0.649999,0.422500,-0.000014
74.5800,-0.000001,0.650001,0.649999,0.422500,-0.000014
74.5900,-0.000001,0.650002,0.649998,0.422500,-0.000015
74.6000,-0.000001,0.650002,0.649998,0.422500,-0.000016
74.6100,-0.000001,0.650002,0.649998,0.422500,-0.000017
74.6200,-0.000001,0.650002,0.649998,0.422500,-0.000017
74.6300,-0.000001,0.650002,0.649998,0.422500,-0.000018
74.6400,-0.000001,0.650002,0.649998,0.422500,-0.000018
74.6500,-0.000001,0.650002,0.649998,0.422500,-0.000019
74.6600,-0.000001,0.650002,0.649998,0.422500,-0.000019
74.6700,-0.000001,0.650002,0.649998,0.422500,-0.000020
74.6800,-0.000001,0.650002,0.649998,0.422500,-0.000020
74.6900,-0.000001,0.650002,0.649998,0.422500,-0.000021
74.7000,-0.000001,0.650002,0.649998,0.422500,-0.000021
74.7100,-0.000001,0.650002,0.649998,0.422500,-0.000021
74.7200,-0.000001,0.650002,0.649998,0.422500,-0.000022
74.7300,-0.000001,0.650002,0.649998,0.422500,-0.000022
74.7400,-0.000001,0.650002,0.649998,0.422500,-0.000022
74.7500,-0.000001,0.650002,0.649998,0.422500,-0.000022
74.7600,-0.000001,0.650002,0.649998,0.422500,-0.000022
74.7700,-0.000001,0.650002,0.649998,0.422500,-0.000022
74.7800,-0.000001,0.650002,0.649998,0.422500,-0.000022
74.7900,-0.000001,0.650002,0.649998,0.422500,-0.000022
74.8000,-0.000001,0.650002,0.649998,0.422500,-0.000022
74.8100,-0.000001,0.650002,0.649998,0.422500,-0.000022
74.8200,-0.000001,0.650002,0.649998,0.422500,-0.000021
74.8300,-0.000001,0.650002,0.649998,0.422500,-0.000021
74.8400,-0.000001,0.650002,0.649998,0.422500,-0.000021
74.8500,-0.000001,0.650002,0.649998,0.422500,-0.000021
74.8600,-0.000001,0.650002,0.649998,0.422500,-0.000020
74.8700,-0.000001,0.650002,0.649998,0.422500,-0.000020
74.8800,-0.000001,0.650002,0.649998,0.422500,-0.000019
74.8900,-0.000001,0.650002,0.649998,0.422500,-0.000019
74.9000,-0.000001,0.650002,0.649998,0.422500,-0.000018
74.9100,-0.000001,0.650002,0.649998,0.422500,-0.000018
74.9200,-0.000001,0.650002,0.649998,0.422500,-0.000017
74.9300,-0.000001,0.650002,0.649998,0.422500,-0.000017
74.9400,-0.000001,0.650002,0.649998,0.422500,-0.000016
74.9500,-0.000001,0.650002,0.649998,0.422500,-0.000015
74.9600,-0.000001,0.650001,0.649999,0.422500,-0.000015
74.9700,-0.000001,0.650001,0.649999,0.422500,-0.000014
74.9800,-0.000001,0.650001,0.649999,0.422500,-0.000013
74.9900,-0.000001,0.650001,0.649999,0.422500,-0.000012
75.0000,-0.000001,0.650001,0.649999,0.422500,-0.000012
75.0100,-0.000001,0.650001,0.649999,0.422500,-0.000011
75.0200,-0.000001,0.650001,0.649999,0.422500,-0.000010
75.0300,-0.000001,0.650001,0.649999,0.422500,-0.000009
75.0400,-0.000001,0.650001,0.649999,0.422500,-0.000008
75.0500,-0.000000,0.650001,0.649999,0.422500,-0.000007
75.0600,-0.000000,0.650001,0.649999,0.422500,-0.000007
75.0700,-0.000000,0.650001,0.649999,0.422500,-0.000006
75.0800,-0.000000,0.650000,0.650000,0.422500,-0.000005
75.0900,-0.000000,0.650000,0.650000,0.422500,-0.000004
75.1000,-0.000000,0.650000,0.650000,0.422500,-0.000003
75.1100,-0.000000,0.650000,0.650000,0.422500,-0.000002
75.1200,-0.000000,0.650000,0.650000,0.422500,-0.000001
75.1300,-0.000000,0.650000,0.650000,0.422500,-0.000000
75.1400,-0.000000,0.650000,0.650000,0.422500,0.000001
75.1500,-0.000000,0.650000,0.650000,0.422500,0.000001
75.1600,-0.000000,0.650000,0.650000,0.422500,0.000002
75.1700,0.000000,0.650000,0.650000,0.422500,0.000003
75.1800,0.000000,0.650000,0.650000,0.422500,0.000004
75.1900,0.000000,0.650000,0.650000,0.422500,0.000005
75.2000,0.000000,0.649999,0.650001,0.422500,0.000006
75.2100,0.000000,0.649999,0.650001,0.422500,0.000007
75.2200,0.000000,0.649999,0.650001,0.422500,0.000007
75.2300,0.000000,0.649999,0.650001,0.422500,0.000008
75.2400,0.000000,0.649999,0.650001,0.422500,0.000009
75.2500,0.000000,0.649999,0.650001,0.422500,0.000010
75.2600,0.000000,0.649999,0.650001,0.422500,0.000010
75.2700,0.000000,0.649999,0.650001,0.422500,0.000011
75.2800,0.000000,0.649999,0.650001,0.422500,0.000012
75.2900,0.000001,0.649999,0.650001,0.422500,0.000012
75.3000,0.000001,0.649999,0.650001,0.422500,0.000013
75.3100,0.000001,0.649999,0.650001,0.422500,0.000014
75.3200,0.000001,0.649999,0.650001,0.422500,0.000014
75.3300,0.000001,0.649999,0.650001,0.422500,0.000015
75.3400,0.000001,0.649998,0.650002,0.422500,0.000015
75.3500,0.000001,0.649998,0.650002,0.422500,0.000015
75.3600,0.000001,0.649998,0.650002,0.422500,0.000016
75.3700,0.000001,0.649998,0.650002,0.422500,0.000016
75.3800,0.000001,0.649998,0.650002,0.422500,0.000017
75.3900,0.000001,0.649998,0.650002,0.422500,0.000017
75.4000,0.000001,0.649998,0.650002,0.422500,0.000017
75.4100,0.000001,0.649998,0.650002,0.422500,0.000017
75.4200,0.000001,0.649998,0.650002,0.422500,0.000018
75.4300,0.000001,0.649998,0.650002,0.422500,0.000018
75.4400,0.000001,0.649998,0.650002,0.422500,0.000018
75.4500,0.000001,0.649998,0.650002,0.422500,0.000018
75.4600,0.000001,0.649998,0.650002,0.422500,0.000018
75.4700,0.000001,0.649998,0.650002,0.422500,0.000018
75.4800,0.000001,0.649998,0.650002,0.422500,0.000018
75.4900,0.000001,0.649998,0.650002,0.422500,0.000018
75.5000,0.000001,0.649998,0.650002,0.422500,0.000018
75.5100,0.000001,0.649998,0.650002,0.422500,0.000018
75.5200,0.000001,0.649998,0.650002,0.422500,0.000018
75.5300,0.000001,0.649998,0.650002,0.422500,0.000017
75.5400,0.000001,0.649998,0.650002,0.422500,0.000017
75.5500,0.000001,0.649998,0.650002,0.422500,0.000017
75.5600,0.000001,0.649998,0.650002,0.422500,0.000017
75.5700,0.000001,0.649998,0.650002,0.422500,0.000016
75.5800,0.000001,0.649998,0.650002,0.422500,0.000016
75.5900,0.000001,0.649998,0.650002,0.422500,0.000016
75.6000,0.000001,0.649998,0.650002,0.422500,0.000015
75.6100,0.000001,0.649999,0.650001,0.422500,0.000015
75.6200,0.000001,0.649999,0.650001,0.422500,0.000014
75.6300,0.000001,0.649999,0.650001,0.422500,0.000014
75.6400,0.000001,0.649999,0.650001,0.422500,0.000013
75.6500,0.000001,0.649999,0.650001,0.422500,0.000013
75.6600,0.000001,0.649999,0.650001,0.422500,0.000012
75.6700,0.000001,0.649999,0.650001,0.422500,0.000012
75.6800,0.000001,0.649999,0.650001,0.422500,0.000011
75.6900,0.000001,0.649999,0.650001,0.422500,0.000010
75.7000,0.000001,0.649999,0.650001,0.422500,0.000010
75.7100,0.000001,0.649999,0.650001,0.422500,0.000009
75.7200,0.000001,0.649999,0.650001,0.422500,0.000008
75.7300,0.000001,0.649999,0.650001,0.422500,0.000008
75.7400,0.000001,0.649999,0.650001,0.422500,0.000007
75.7500,0.000000,0.649999,0.650001,0.422500,0.000006
75.7600,0.000000,0.649999,0.650001,0.422500,0.000006
75.7700,0.000000,0.650000,0.650000,0.422500,0.000005
75.7800,0.000000,0.650000,0.650000,0.422500,0.000004
75.7900,0.000000,0.650000,0.650000,0.422500,0.000003
75.8000,0.000000,0.650000,0.650000,0.422500,0.000003
75.8100,0.000000,0.650000,0.650000,0.422500,0.000002
75.8200,0.000000,0.650000,0.650000,0.422500,0.000001
75.8300,0.000000,0.650000,0.650000,0.422500,0.000000
75.8400,0.000000,0.650000,0.650000,0.422500,-0.000000
75.8500,0.000000,0.650000,0.650000,0.422500,-0.000001
75.8600,0.000000,0.650000,0.650000,0.422500,-0.000002
75.8700,0.000000,0.650000,0.650000,0.422500,-0.000003
75.8800,0.000000,0.650000,0.650000,0.422500,-0.000003
75.8900,-0.000000,0.650000,0.650000,0.422500,-0.000004
75.9000,-0.000000,0.650000,0.650000,0.422500,-0.000005
75.9100,-0.000000,0.650001,0.649999,0.422500,-0.000005
75.9200,-0.000000,0.650001,0.649999,0.422500,-0.000006
75.9300,-0.000000,0.650001,0.649999,0.422500,-0.000007
75.9400,-0.000000,0.650001,0.649999,0.422500,-0.000007
75.9500,-0.000000,0.650001,0.649999,0.422500,-0.000008
75.9600,-0.000000,0.650001,0.649999,0.422500,-0.000008
75.9700,-0.000000,0.650001,0.649999,0.422500,-0.000009
75.9800,-0.000000,0.650001,0.649999,0.422500,-0.000010
75.9900,-0.000000,0.650001,0.649999,0.422500,-0.000010
76.0000,-0.000000,0.650001,0.649999,0.422500,-0.000011
76.0100,-0.000000,0.650001,0.649999,0.422500,-0.000011
76.0200,-0.000000,0.650001,0.649999,0.422500,-0.000011
76.0300,-0.000000,0.650001,0.649999,0.422500,-0.000012
76.0400,-0.000000,0.650001,0.649999,0.422500,-0.000012
76.0500,-0.000001,0.650001,0.649999,0.422500,-0.000013
76.0600,-0.000001,0.650001,0.649999,0.422500,-0.000013
76.0700,-0.000001,0.650001,0.649999,0.422500,-0.000013
76.0800,-0.000001,0.650001,0.649999,0.422500,-0.000014
76.0900,-0.000001,0.650001,0.649999,0.422500,-0.000014
76.1000,-0.000001,0.650001,0.649999,0.422500,-0.000014
76.1100,-0.000001,0.650001,0.649999,0.422500,-0.000014
76.1200,-0.000001,0.650001,0.649999,0.422500,-0.000015
76.1300,-0.000001,0.650001,0.649999,0.422500,-0.000015
76.1400,-0.000001,0.650001,0.649999,0.422500,-0.000015
76.1500,-0.000001,0.650001,0.649999,0.422500,-0.000015
76.1600,-0.000001,0.650001,0.649999,0.422500,-0.000015
76.1700,-0.000001,0.650001,0.649999,0.422500,-0.000015
76.1800,-0.000001,0.650001,0.649999,0.422500,-0.000015
76.1900,-0.000001,0.650001,0.649999,0.422500,-0.000015
76.2000,-0.000001,0.650001,0.649999,0.422500,-0.000015
76.2100,-0.000001,0.650001,0.649999,0.422500,-0.000015
76.2200,-0.000001,0.650001,0.649999,0.422500,-0.000015
76.2300,-0.000001,0.650001,0.649999,0.422500,-0.000014
76.2400,-0.000001,0.650001,0.649999,0.422500,-0.000014
76.2500,-0.000001,0.650001,0.649999,0.422500,-0.000014
76.2600,-0.000001,0.650001,0.649999,0.422500,-0.000014
76.2700,-0.000001,0.650001,0.649999,0.422500,-0.000014
76.2800,-0.000001,0.650001,0.649999,0.422500,-0.000013
76.2900,-0.000001,0.650001,0.649999,0.422500,-0.000013
76.3000,-0.000001,0.650001,0.649999,0.422500,-0.000013
76.3100,-0.000001,0.650001,0.649999,0.422500,-0.000012
76.3200,-0.000001,0.650001,0.649999,0.422500,-0.000012
76.3300,-0.000001,0.650001,0.649999,0.422500,-0.000011
76.3400,-0.000001,0.650001,0.649999,0.422500,-0.000011
76.3500,-0.000001,0.650001,0.649999,0.422500,-0.000011
76.3600,-0.000001,0.650001,0.649999,0.422500,-0.000010
76.3700,-0.000001,0.650001,0.649999,0.422500,-0.000010
76.3800,-0.000001,0.650001,0.649999,0.422500,-0.000009
76.3900,-0.000000,0.650001,0.649999,0.422500,-0.000009
76.4000,-0.000000,0.650001,0.649999,0.422500,-0.000008
76.4100,-0.000000,0.650001,0.649999,0.422500,-0.000008
76.4200,-0.000000,0.650001,0.649999,0.422500,-0.000007
76.4300,-0.000000,0.650001,0.649999,0.422500,-0.000006
76.4400,-0.000000,0.650001,0.649999,0.422500,-0.000006
76.4500,-0.000000,0.650001,0.649999,0.422500,-0.000005
76.4600,-0.000000,0.650000,0.650000,0.422500,-0.000005
76.4700,-0.000000,0.650000,0.650000,0.422500,-0.000004
76.4800,-0.000000,0.650000,0.650000,0.422500,-0.000003
76.4900,-0.000000,0.650000,0.650000,0.422500,-0.000003
76.5000,-0.000000,0.650000,0.650000,0.422500,-0.000002
76.5100,-0.000000,0.650000,0.650000,0.422500,-0.000002
76.5200,-0.000000,0.650000,0.650000,0.422500,-0.000001
76.5300,-0.000000,0.650000,0.650000,0.422500,-0.000000
76.5400,-0.000000,0.650000,0.650000,0.422500,0.000000
76.5500,-0.000000,0.650000,0.650000,0.422500,0.000001
76.5600,-0.000000,0.650000,0.650000,0.422500,0.000001
76.5700,0.000000,0.650000,0.650000,0.422500,0.000002
76.5800,0.000000,0.650000,0.650000,0.422500,0.000003
76.5900,0.000000,0.650000,0.650000,0.422500,0.000003
76.6000,0.000000,0.650000,0.650000,0.422500,0.000004
76.6100,0.000000,0.650000,0.650000,0.422500,0.000004
76.6200,0.000000,0.650000,0.650000,0.422500,0.000005
76.6300,0.000000,0.649999,0.650001,0.422500,0.000005
76.6400,0.000000,0.649999,0.650001,0.422500,0.000006
76.6500,0.000000,0.649999,0.650001,0.422500,0.000006
76.6600,0.000000,0.649999,0.650001,0.422500,0.000007
76.6700,0.000000,0.649999,0.650001,0.422500,0.000007
76.6800,0.000000,0.649999,0.650001,0.422500,0.000008
76.6900,0.000000,0.649999,0.650001,0.422500,0.000008
76.7000,0.000000,0.649999,0.650001,0.422500,0.000009
76.7100,0.000000,0.649999,0.650001,0.422500,0.000009
76.7200,0.000000,0.649999,0.650001,0.422500,0.000009
76.7300,0.000000,0.649999,0.650001,0.422500,0.000010
76.7400,0.000000,0.649999,0.650001,0.422500,0.000010
76.7500,0.000000,0.649999,0.650001,0.422500,0.000010
76.7600,0.000000,0.649999,0.650001,0.422500,0.000011
76.7700,0.000001,0.649999,0.650001,0.422500,0.000011
76.7800,0.000001,0.649999,0.650001,0.422500,0.000011
76.7900,0.000001,0.649999,0.650001,0.422500,0.000011
76.8000,0.000001,0.649999,0.650001,0.422500,0.000012
76.8100,0.000001,0.649999,0.650001,0.422500,0.000012
76.8200,0.000001,0.649999,0.650001,0.422500,0.000012
76.8300,0.000001,0.649999,0.650001,0.422500,0.000012
76.8400,0.000001,0.649999,0.650001,0.422500,0.000012
76.8500,0.000001,0.649999,0.650001,0.422500,0.000012
76.8600,0.000001,0.649999,0.650001,0.422500,0.000012
76.8700,0.000001,0.649999,0.650001,0.422500,0.000012
76.8800,0.000001,0.649999,0.650001,0.422500,0.000012
76.8900,0.000001,0.649999,0.650001,0.422500,0.000012
76.9000,0.000001,0.649999,0.650001,0.422500,0.000012
76.9100,0.000001,0.649999,0.650001,0.422500,0.000012
76.9200,0.000001,0.649999,0.650001,0.422500,0.000012
76.9300,0.000001,0.649999,0.650001,0.422500,0.000012
76.9400,0.000001,0.649999,0.650001,0.422500,0.000012
76.9500,0.000001,0.649999,0.650001,0.422500,0.000012
76.9600,0.000001,0.649999,0.650001,0.422500,0.000011
76.9700,0.000001,0.649999,0.650001,0.422500,0.000011
76.9800,0.000001,0.649999,0.650001,0.422500,0.000011
76.9900,0.000001,0.649999,0.650001,0.422500,0.000011
77.0000,0.000001,0.649999,0.650001,0.422500,0.000010
77.0100,0.000001,0.649999,0.650001,0.422500,0.000010
77.0200,0.000001,0.649999,0.650001,0.422500,0.000010
77.0300,0.000001,0.649999,0.650001,0.422500,0.000009
77.0400,0.000001,0.649999,0.650001,0.422500,0.000009
77.0500,0.000001,0.649999,0.650001,0.422500,0.000009
77.0600,0.000001,0.649999,0.650001,0.422500,0.000008
77.0700,0.000000,0.649999,0.650001,0.422500,0.000008
77.0800,0.000000,0.649999,0.650001,0.422500,0.000008
77.0900,0.000000,0.649999,0.650001,0.422500,0.000007
77.1000,0.000000,0.649999,0.650001,0.422500,0.000007
77.1100,0.000000,0.649999,0.650001,0.422500,0.000006
77.1200,0.000000,0.649999,0.650001,0.422500,0.000006
77.1300,0.000000,0.649999,0.650001,0.422500,0.000005
77.1400,0.000000,0.650000,0.650000,0.422500,0.000005
77.1500,0.000000,0.650000,0.650000,0.422500,0.000004
77.1600,0.000000,0.650000,0.650000,0.422500,0.000004
77.1700,0.000000,0.650000,0.650000,0.422500,0.000003
77.1800,0.000000,0.650000,0.650000,0.422500,0.000003
77.1900,0.000000,0.650000,0.650000,0.422500,0.000002
77.2000,0.000000,0.650000,0.650000,0.422500,0.000002
77.2100,0.000000,0.650000,0.650000,0.422500,0.000001
77.2200,0.000000,0.650000,0.650000,0.422500,0.000001
77.2300,0.000000,0.650000,0.650000,0.422500,0.000000
77.2400,0.000000,0.650000,0.650000,0.422500,-0.000000
77.2500,0.000000,0.650000,0.650000,0.422500,-0.000001
77.2600,0.000000,0.650000,0.650000,0.422500,-0.000001
77.2700,0.000000,0.650000,0.650000,0.422500,-0.000002
77.2800,0.000000,0.650000,0.650000,0.422500,-0.000002
77.2900,-0.000000,0.650000,0.650000,0.422500,-0.000003
77.3000,-0.000000,0.650000,0.650000,0.422500,-0.000003
77.3100,-0.000000,0.650000,0.650000,0.422500,-0.000003
77.3200,-0.000000,0.650000,0.650000,0.422500,-0.000004
77.3300,-0.000000,0.650000,0.650000,0.422500,-0.000004
77.3400,-0.000000,0.650000,0.650000,0.422500,-0.000005
77.3500,-0.000000,0.650001,0.649999,0.422500,-0.000005
77.3600,-0.000000,0.650001,0.649999,0.422500,-0.000006
77.3700,-0.000000,0.650001,0.649999,0.422500,-0.000006
77.3800,-0.000000,0.650001,0.649999,0.422500,-0.000006
77.3900,-0.000000,0.650001,0.649999,0.422500,-0.000007
77.4000,-0.000000,0.650001,0.649999,0.422500,-0.000007
77.4100,-0.000000,0.650001,0.649999,0.422500,-0.000007
77.4200,-0.000000,0.650001,0.649999,0.422500,-0.000008
77.4300,-0.000000,0.650001,0.649999,0.422500,-0.000008
77.4400,-0.000000,0.650001,0.649999,0.422500,-0.000008
77.4500,-0.000000,0.650001,0.649999,0.422500,-0.000008
77.4600,-0.000000,0.650001,0.649999,0.422500,-0.000009
77.4700,-0.000000,0.650001,0.649999,0.422500,-0.000009
77.4800,-0.000000,0.650001,0.649999,0.422500,-0.000009
77.4900,-0.000000,0.650001,0.649999,0.422500,-0.000009
77.5000,-0.000000,0.650001,0.649999,0.422500,-0.000010
77.5100,-0.000000,0.650001,0.649999,0.422500,-0.000010
77.5200,-0.000000,0.650001,0.649999,0.422500,-0.000010
77.5300,-0.000000,0.650001,0.649999,0.422500,-0.000010
77.5400,-0.000000,0.650001,0.649999,0.422500,-0.000010
77.5500,-0.000000,0.650001,0.649999,0.422500,-0.000010
77.5600,-0.000000,0.650001,0.649999,0.422500,-0.000010
77.5700,-0.000000,0.650001,0.649999,0.422500,-0.000010
77.5800,-0.000000,0.650001,0.649999,0.422500,-0.000010
77.5900,-0.000000,0.650001,0.649999,0.422500,-0.000010
77.6000,-0.000000,0.650001,0.649999,0.422500,-0.000010
77.6100,-0.000000,0.650001,0.649999,0.422500,-0.000010
77.6200,-0.000000,0.650001,0.649999,0.422500,-0.000010
77.6300,-0.000000,0.650001,0.649999,0.422500,-0.000010
77.6400,-0.000000,0.650001,0.649999,0.422500,-0.000010
77.6500,-0.000000,0.650001,0.649999,0.422500,-0.000010
77.6600,-0.000000,0.650001,0.649999,0.422500,-0.000009
77.6700,-0.000000,0.650001,0.649999,0.422500,-0.000009
77.6800,-0.000000,0.650001,0.649999,0.422500,-0.000009
77.6900,-0.000000,0.650001,0.649999,0.422500,-0.000009
77.7000,-0.000000,0.650001,0.649999,0.422500,-0.000009
77.7100,-0.000000,0.650001,0.649999,0.422500,-0.000008
77.7200,-0.000000,0.650001,0.649999,0.422500,-0.000008
77.7300,-0.000000,0.650001,0.649999,0.422500,-0.000008
77.7400,-0.000000,0.650001,0.649999,0.422500,-0.000008
77.7500,-0.000000,0.650001,0.649999,0.422500,-0.000007
77.7600,-0.000000,0.650001,0.649999,0.422500,-0.000007
77.7700,-0.000000,0.650001,0.649999,0.422500,-0.000007
77.7800,-0.000000,0.650001,0.649999,0.422500,-0.000006
77.7900,-0.000000,0.650001,0.649999,0.422500,-0.000006
77.8000,-0.000000,0.650001,0.649999,0.422500,-0.000006
77.8100,-0.000000,0.650001,0.649999,0.422500,-0.000005
77.8200,-0.000000,0.650000,0.650000,0.422500,-0.000005
77.8300,-0.000000,0.650000,0.650000,0.422500,-0.000004
77.8400,-0.000000,0.650000,0.650000,0.422500,-0.000004
77.8500,-0.000000,0.650000,0.650000,0.422500,-0.000004
77.8600,-0.000000,0.650000,0.650000,0.422500,-0.000003
77.8700,-0.000000,0.650000,0.650000,0.422500,-0.000003
77.8800,-0.000000,0.650000,0.650000,0.422500,-0.000002
77.8900,-0.000000,0.650000,0.650000,0.422500,-0.000002
77.9000,-0.000000,0.650000,0.650000,0.422500,-0.000002
77.9100,-0.000000,0.650000,0.650000,0.422500,-0.000001
77.9200,-0.000000,0.650000,0.650000,0.422500,-0.000001
77.9300,-0.000000,0.650000,0.650000,0.422500,-0.000000
77.9400,-0.000000,0.650000,0.650000,0.422500,-0.000000
77.9500,-0.000000,0.650000,0.650000,0.422500,0.000000
77.9600,-0.000000,0.650000,0.650000,0.422500,0.000001
77.9700,0.000000,0.650000,0.650000,0.422500,0.000001
77.9800,0.000000,0.650000,0.650000,0.422500,0.000002
77.9900,0.000000,0.650000,0.650000,0.422500,0.000002
78.0000,0.000000,0.650000,0.650000,0.422500,0.000002
78.0100,0.000000,0.650000,0.650000,0.422500,0.000003
78.0200,0.000000,0.650000,0.650000,0.422500,0.000003
78.0300,0.000000,0.650000,0.650000,0.422500,0.000003
78.0400,0.000000,0.650000,0.650000,0.422500,0.000004
78.0500,0.000000,0.650000,0.650000,0.422500,0.000004
78.0600,0.000000,0.650000,0.650000,0.422500,0.000005
78.0700,0.000000,0.650000,0.650000,0.422500,0.000005
78.0800,0.000000,0.649999,0.650001,0.422500,0.000005
78.0900,0.000000,0.649999,0.650001,0.422500,0.000005
78.1000,0.000000,0.649999,0.650001,0.422500,0.000006
78.1100,0.000000,0.649999,0.650001,0.422500,0.000006
78.1200,0.000000,0.649999,0.650001,0.422500,0.000006
78.1300,0.000000,0.649999,0.650001,0.422500,0.000007
78.1400,0.000000,0.649999,0.650001,0.422500,0.000007
78.1500,0.000000,0.649999,0.650001,0.422500,0.000007
78.1600,0.000000,0.649999,0.650001,0.422500,0.000007
78.1700,0.000000,0.649999,0.650001,0.422500,0.000007
78.1800,0.000000,0.649999,0.650001,0.422500,0.000008
78.1900,0.000000,0.649999,0.650001,0.422500,0.000008
78.2000,0.000000,0.649999,0.650001,0.422500,0.000008
78.2100,0.000000,0.649999,0.650001,0.422500,0.000008
78.2200,0.000000,0.649999,0.650001,0.422500,0.000008
78.2300,0.000000,0.649999,0.650001,0.422500,0.000008
78.2400,0.000000,0.649999,0.650001,0.422500,0.000008
78.2500,0.000000,0.649999,0.650001,0.422500,0.000008
78.2600,0.000000,0.649999,0.650001,0.422500,0.000008
78.2700,0.000000,0.649999,0.650001,0.422500,0.000008
78.2800,0.000000,0.649999,0.650001,0.422500,0.000008
78.2900,0.000000,0.649999,0.650001,0.422500,0.000008
78.3000,0.000000,0.649999,0.650001,0.422500,0.000008
78.3100,0.000000,0.649999,0.650001,0.422500,0.000008
78.3200,0.000000,0.649999,0.650001,0.422500,0.000008
78.3300,0.000000,0.649999,0.650001,0.422500,0.000008
78.3400,0.000000,0.649999,0.650001,0.422500,0.000008
78.3500,0.000000,0.649999,0.650001,0.422500,0.000008
78.3600,0.000000,0.649999,0.650001,0.422500,0.000008
78.3700,0.000000,0.649999,0.650001,0.422500,0.000008
78.3800,0.000000,0.649999,0.650001,0.422500,0.000007
78.3900,0.000000,0.649999,0.650001,0.422500,0.000007
78.4000,0.000000,0.649999,0.650001,0.422500,0.000007
78.4100,0.000000,0.649999,0.650001,0.422500,0.000007
78.4200,0.000000,0.649999,0.650001,0.422500,0.000007
78.4300,0.000000,0.649999,0.650001,0.422500,0.000006
78.4400,0.000000,0.649999,0.650001,0.422500,0.000006
78.4500,0.000000,0.649999,0.650001,0.422500,0.000006
78.4600,0.000000,0.649999,0.650001,0.422500,0.000006
78.4700,0.000000,0.649999,0.650001,0.422500,0.000005
78.4800,0.000000,0.649999,0.650001,0.422500,0.000005
78.4900,0.000000,0.650000,0.650000,0.422500,0.000005
78.5000,0.000000,0.650000,0.650000,0.422500,0.000005
78.5100,0.000000,0.650000,0.650000,0.422500,0.000004
78.5200,0.000000,0.650000,0.650000,0.422500,0.000004
78.5300,0.000000,0.650000,0.650000,0.422500,0.000004
78.5400,0.000000,0.650000,0.650000,0.422500,0.000003
78.5500,0.000000,0.650000,0.650000,0.422500,0.000003
78.5600,0.000000,0.650000,0.650000,0.422500,0.000003
78.5700,0.000000,0.650000,0.650000,0.422500,0.000002
78.5800,0.000000,0.650000,0.650000,0.422500,0.000002
78.5900,0.000000,0.650000,0.650000,0.422500,0.000002
78.6000,0.000000,0.650000,0.650000,0.422500,0.000001
78.6100,0.000000,0.650000,0.650000,0.422500,0.000001
78.6200,0.000000,0.650000,0.650000,0.422500,0.000001
78.6300,0.000000,0.650000,0.650000,0.422500,0.000000
78.6400,0.000000,0.650000,0.650000,0.422500,0.000000
78.6500,0.000000,0.650000,0.650000,0.422500,-0.000000
78.6600,0.000000,0.650000,0.650000,0.422500,-0.000001
78.6700,0.000000,0.650000,0.650000,0.422500,-0.000001
78.6800,0.000000,0.650000,0.650000,0.422500,-0.000001
78.6900,-0.000000,0.650000,0.650000,0.422500,-0.000002
78.7000,-0.000000,0.650000,0.650000,0.422500,-0.000002
78.7100,-0.000000,0.650000,0.650000,0.422500,-0.000002
78.7200,-0.000000,0.650000,0.650000,0.422500,-0.000003
78.7300,-0.000000,0.650000,0.650000,0.422500,-0.000003
78.7400,-0.000000,0.650000,0.650000,0.422500,-0.000003
78.7500,-0.000000,0.650000,0.650000,0.422500,-0.000003
78.7600,-0.000000,0.650000,0.650000,0.422500,-0.000004
78.7700,-0.000000,0.650000,0.650000,0.422500,-0.000004
78.7800,-0.000000,0.650000,0.650000,0.422500,-0.000004
78.7900,-0.000000,0.650000,0.650000,0.422500,-0.000004
78.8000,-0.000000,0.650000,0.650000,0.422500,-0.000005
78.8100,-0.000000,0.650000,0.650000,0.422500,-0.000005
78.8200,-0.000000,0.650001,0.649999,0.422500,-0.000005
78.8300,-0.000000,0.650001,0.649999,0.422500,-0.000005
78.8400,-0.000000,0.650001,0.649999,0.422500,-0.000006
78.8500,-0.000000,0.650001,0.649999,0.422500,-0.000006
78.8600,-0.000000,0.650001,0.649999,0.422500,-0.000006
78.8700,-0.000000,0.650001,0.649999,0.422500,-0.000006
78.8800,-0.000000,0.650001,0.649999,0.422500,-0.000006
78.8900,-0.000000,0.650001,0.649999,0.422500,-0.000006
78.9000,-0.000000,0.650001,0.649999,0.422500,-0.000006
78.9100,-0.000000,0.650001,0.649999,0.422500,-0.000006
78.9200,-0.000000,0.650001,0.649999,0.422500,-0.000007
78.9300,-0.000000,0.650001,0.649999,0.422500,-0.000007
78.9400,-0.000000,0.650001,0.649999,0.422500,-0.000007
78.9500,-0.000000,0.650001,0.649999,0.422500,-0.000007
78.9600,-0.000000,0.650001,0.649999,0.422500,-0.000007
78.9700,-0.000000,0.650001,0.649999,0.422500,-0.000007
78.9800,-0.000000,0.650001,0.649999,0.422500,-0.000007
78.9900,-0.000000,0.650001,0.649999,0.422500,-0.000007
79.0000,-0.000000,0.650001,0.649999,0.422500,-0.000007
79.0100,-0.000000,0.650001,0.649999,0.422500,-0.000007
79.0200,-0.000000,0.650001,0.649999,0.422500,-0.000007
79.0300,-0.000000,0.650001,0.649999,0.422500,-0.000007
79.0400,-0.000000,0.650001,0.649999,0.422500,-0.000007
79.0500,-0.000000,0.650001,0.649999,0.422500,-0.000006
79.0600,-0.000000,0.650001,0.649999,0.422500,-0.000006
79.0700,-0.000000,0.650001,0.649999,0.422500,-0.000006
79.0800,-0.000000,0.650001,0.649999,0.422500,-0.000006
79.0900,-0.000000,0.650001,0.649999,0.422500,-0.000006
79.1000,-0.000000,0.650001,0.649999,0.422500,-0.000006
79.1100,-0.000000,0.650001,0.649999,0.422500,-0.000006
79.1200,-0.000000,0.650001,0.649999,0.422500,-0.000006
79.1300,-0.000000,0.650001,0.649999,0.422500,-0.000005
79.1400,-0.000000,0.650001,0.649999,0.422500,-0.000005
79.1500,-0.000000,0.650000,0.650000,0.422500,-0.000005
79.1600,-0.000000,0.650000,0.650000,0.422500,-0.000005
79.1700,-0.000000,0.650000,0.650000,0.422500,-0.000005
79.1800,-0.000000,0.650000,0.650000,0.422500,-0.000004
79.1900,-0.000000,0.650000,0.650000,0.422500,-0.000004
79.2000,-0.000000,0.650000,0.650000,0.422500,-0.000004
79.2100,-0.000000,0.650000,0.650000,0.422500,-0.000004
79.2200,-0.000000,0.650000,0.650000,0.422500,-0.000003
79.2300,-0.000000,0.650000,0.650000,0.422500,-0.000003
79.2400,-0.000000,0.650000,0.650000,0.422500,-0.000003
79.2500,-0.000000,0.650000,0.650000,0.422500,-0.000003
79.2600,-0.000000,0.650000,0.650000,0.422500,-0.000002
79.2700,-0.000000,0.650000,0.650000,0.422500,-0.000002
79.2800,-0.000000,0.650000,0.650000,0.422500,-0.000002
79.2900,-0.000000,0.650000,0.650000,0.422500,-0.000001
79.3000,-0.000000,0.650000,0.650000,0.422500,-0.000001
79.3100,-0.000000,0.650000,0.650000,0.422500,-0.000001
79.3200,-0.000000,0.650000,0.650000,0.422500,-0.000001
79.3300,-0.000000,0.650000,0.650000,0.422500,-0.000000
79.3400,-0.000000,0.650000,0.650000,0.422500,-0.000000
79.3500,-0.000000,0.650000,0.650000,0.422500,0.000000
79.3600,-0.000000,0.650000,0.650000,0.422500,0.000000
79.3700,-0.000000,0.650000,0.650000,0.422500,0.000001
79.3800,0.000000,0.650000,0.650000,0.422500,0.000001
79.3900,0.000000,0.650000,0.650000,0.422500,0.000001
79.4000,0.000000,0.650000,0.650000,0.422500,0.000002
79.4100,0.000000,0.650000,0.650000,0.422500,0.000002
79.4200,0.000000,0.650000,0.650000,0.422500,0.000002
79.4300,0.000000,0.650000,0.650000,0.422500,0.000002
79.4400,0.000000,0.650000,0.650000,0.422500,0.000003
79.4500,0.000000,0.650000,0.650000,0.422500,0.000003
79.4600,0.000000,0.650000,0.650000,0.422500,0.000003
79.4700,0.000000,0.650000,0.650000,0.422500,0.000003
79.4800,0.000000,0.650000,0.650000,0.422500,0.000003
79.4900,0.000000,0.650000,0.650000,0.422500,0.000004
79.5000,0.000000,0.650000,0.650000,0.422500,0.000004
79.5100,0.000000,0.650000,0.650000,0.422500,0.000004
79.5200,0.000000,0.650000,0.650000,0.422500,0.000004
79.5300,0.000000,0.650000,0.650000,0.422500,0.000004
79.5400,0.000000,0.650000,0.650000,0.422500,0.000005
79.5500,0.000000,0.650000,0.650000,0.422500,0.000005
79.5600,0.000000,0.650000,0.650000,0.422500,0.000005
79.5700,0.000000,0.650000,0.650000,0.422500,0.000005
79.5800,0.000000,0.649999,0.650001,0.422500,0.000005
79.5900,0.000000,0.649999,0.650001,0.422500,0.000005
79.6000,0.000000,0.649999,0.650001,0.422500,0.000005
79.6100,0.000000,0.649999,0.650001,0.422500,0.000005
79.6200,0.000000,0.649999,0.650001,0.422500,0.000005
79.6300,0.000000,0.649999,0.650001,0.422500,0.000005
79.6400,0.000000,0.649999,0.650001,0.422500,0.000006
79.6500,0.000000,0.649999,0.650001,0.422500,0.000006
79.6600,0.000000,0.649999,0.650001,0.422500,0.000006
79.6700,0.000000,0.649999,0.650001,0.422500,0.000006
79.6800,0.000000,0.649999,0.650001,0.422500,0.000006
79.6900,0.000000,0.649999,0.650001,0.422500,0.000006
79.7000,0.000000,0.649999,0.650001,0.422500,0.000006
79.7100,0.000000,0.649999,0.650001,0.422500,0.000006
79.7200,0.000000,0.649999,0.650001,0.422500,0.000006
79.7300,0.000000,0.649999,0.650001,0.422500,0.000005
79.7400,0.000000,0.649999,0.650001,0.422500,0.000005
79.7500,0.000000,0.649999,0.650001,0.422500,0.000005
79.7600,0.000000,0.649999,0.650001,0.422500,0.000005
79.7700,0.000000,0.649999,0.650001,0.422500,0.000005
79.7800,0.000000,0.649999,0.650001,0.422500,0.000005
79.7900,0.000000,0.650000,0.650000,0.422500,0.000005
79.8000,0.000000,0.650000,0.650000,0.422500,0.000005
79.8100,0.000000,0.650000,0.650000,0.422500,0.000005
79.8200,0.000000,0.650000,0.650000,0.422500,0.000005
79.8300,0.000000,0.650000,0.650000,0.422500,0.000004
79.8400,0.000000,0.650000,0.650000,0.422500,0.000004
79.8500,0.000000,0.650000,0.650000,0.422500,0.000004
79.8600,0.000000,0.650000,0.650000,0.422500,0.000004
79.8700,0.000000,0.650000,0.650000,0.422500,0.000004
79.8800,0.000000,0.650000,0.650000,0.422500,0.000004
79.8900,0.000000,0.650000,0.650000,0.422500,0.000003
79.9000,0.000000,0.650000,0.650000,0.422500,0.000003
79.9100,0.000000,0.650000,0.650000,0.422500,0.000003
79.9200,0.000000,0.650000,0.650000,0.422500,0.000003
79.9300,0.000000,0.650000,0.650000,0.422500,0.000003
79.9400,0.000000,0.650000,0.650000,0.422500,0.000002
79.9500,0.000000,0.650000,0.650000,0.422500,0.000002
79.9600,0.000000,0.650000,0.650000,0.422500,0.000002
79.9700,0.000000,0.650000,0.650000,0.422500,0.000002
79.9800,0.000000,0.650000,0.650000,0.422500,0.000001
79.9900,0.000000,0.650000,0.650000,0.422500,0.000001
80.0000,0.000000,0.650000,0.650000,0.422500,0.000001
80.0100,0.000000,0.650000,0.650000,0.422500,0.000001
80.0200,0.000000,0.650000,0.650000,0.422500,0.000001
80.0300,0.000000,0.650000,0.650000,0.422500,0.000000
80.0400,0.000000,0.650000,0.650000,0.422500,0.000000
80.0500,0.000000,0.650000,0.650000,0.422500,-0.000000
80.0600,0.000000,0.650000,0.650000,0.422500,-0.000000
80.0700,0.000000,0.650000,0.650000,0.422500,-0.000001
80.0800,0.000000,0.650000,0.650000,0.422500,-0.000001
80.0900,0.000000,0.650000,0.650000,0.422500,-0.000001
80.1000,-0.000000,0.650000,0.650000,0.422500,-0.000001
80.1100,-0.000000,0.650000,0.650000,0.422500,-0.000001
80.1200,-0.000000,0.650000,0.650000,0.422500,-0.000002
80.1300,-0.000000,0.650000,0.650000,0.422500,-0.000002
80.1400,-0.000000,0.650000,0.650000,0.422500,-0.000002
80.1500,-0.000000,0.650000,0.650000,0.422500,-0.000002
80.1600,-0.000000,0.650000,0.650000,0.422500,-0.000002
80.1700,-0.000000,0.650000,0.650000,0.422500,-0.000003
80.1800,-0.000000,0.650000,0.650000,0.422500,-0.000003
80.1900,-0.000000,0.650000,0.650000,0.422500,-0.000003
80.2000,-0.000000,0.650000,0.650000,0.422500,-0.000003
80.2100,-0.000000,0.650000,0.650000,0.422500,-0.000003
80.2200,-0.000000,0.650000,0.650000,0.422500,-0.000003
80.2300,-0.000000,0.650000,0.650000,0.422500,-0.000004
80.2400,-0.000000,0.650000,0.650000,0.422500,-0.000004
80.2500,-0.000000,0.650000,0.650000,0.422500,-0.000004
80.2600,-0.000000,0.650000,0.650000,0.422500,-0.000004
80.2700,-0.000000,0.650000,0.650000,0.422500,-0.000004
80.2800,-0.000000,0.650000,0.650000,0.422500,-0.000004
80.2900,-0.000000,0.650000,0.650000,0.422500,-0.000004
80.3000,-0.000000,0.650000,0.650000,0.422500,-0.000004
80.3100,-0.000000,0.650000,0.650000,0.422500,-0.000004
80.3200,-0.000000,0.650000,0.650000,0.422500,-0.000004
80.3300,-0.000000,0.650000,0.650000,0.422500,-0.000004
80.3400,-0.000000,0.650000,0.650000,0.422500,-0.000005
80.3500,-0.000000,0.650000,0.650000,0.422500,-0.000005
80.3600,-0.000000,0.650000,0.650000,0.422500,-0.000005
80.3700,-0.000000,0.650000,0.650000,0.422500,-0.000005
80.3800,-0.000000,0.650000,0.650000,0.422500,-0.000005
80.3900,-0.000000,0.650000,0.650000,0.422500,-0.000005
80.4000,-0.000000,0.650000,0.650000,0.422500,-0.000005
80.4100,-0.000000,0.650000,0.650000,0.422500,-0.000005
80.4200,-0.000000,0.650000,0.650000,0.422500,-0.000005
80.4300,-0.000000,0.650000,0.650000,0.422500,-0.000005
80.4400,-0.000000,0.650000,0.650000,0.422500,-0.000004
80.4500,-0.000000,0.650000,0.650000,0.422500,-0.000004
80.4600,-0.000000,0.650000,0.650000,0.422500,-0.000004
80.4700,-0.000000,0.650000,0.650000,0.422500,-0.000004
80.4800,-0.000000,0.650000,0.650000,0.422500,-0.000004
80.4900,-0.000000,0.650000,0.650000,0.422500,-0.000004
80.5000,-0.000000,0.650000,0.650000,0.422500,-0.000004
80.5100,-0.000000,0.650000,0.650000,0.422500,-0.000004
80.5200,-0.000000,0.650000,0.650000,0.422500,-0.000004
80.5300,-0.000000,0.650000,0.650000,0.422500,-0.000004
80.5400,-0.000000,0.650000,0.650000,0.422500,-0.000004
80.5500,-0.000000,0.650000,0.650000,0.422500,-0.000003
80.5600,-0.000000,0.650000,0.650000,0.422500,-0.000003
80.5700,-0.000000,0.650000,0.650000,0.422500,-0.000003
80.5800,-0.000000,0.650000,0.650000,0.422500,-0.000003
80.5900,-0.000000,0.650000,0.650000,0.422500,-0.000003
80.6000,-0.000000,0.650000,0.650000,0.422500,-0.000003
80.6100,-0.000000,0.650000,0.650000,0.422500,-0.000002
80.6200,-0.000000,0.650000,0.650000,0.422500,-0.000002
80.6300,-0.000000,0.650000,0.650000,0.422500,-0.000002
80.6400,-0.000000,0.650000,0.650000,0.422500,-0.000002
80.6500,-0.000000,0.650000,0.650000,0.422500,-0.000002
80.6600,-0.000000,0.650000,0.650000,0.422500,-0.000002
80.6700,-0.000000,0.650000,0.650000,0.422500,-0.000001
80.6800,-0.000000,0.650000,0.650000,0.422500,-0.000001
80.6900,-0.000000,0.650000,0.650000,0.422500,-0.000001
80.7000,-0.000000,0.650000,0.650000,0.422500,-0.000001
80.7100,-0.000000,0.650000,0.650000,0.422500,-0.000001
80.7200,-0.000000,0.650000,0.650000,0.422500,-0.000001
80.7300,-0.000000,0.650000,0.650000,0.422500,-0.000000
80.7400,-0.000000,0.650000,0.650000,0.422500,-0.000000
80.7500,-0.000000,0.650000,0.650000,0.422500,0.000000
80.7600,-0.000000,0.650000,0.650000,0.422500,0.000000
80.7700,-0.000000,0.650000,0.650000,0.422500,0.000000
80.7800,0.000000,0.650000,0.650000,0.422500,0.000001
80.7900,0.000000,0.650000,0.650000,0.422500,0.000001
80.8000,0.000000,0.650000,0.650000,0.422500,0.000001
80.8100,0.000000,0.650000,0.650000,0.422500,0.000001
80.8200,0.000000,0.650000,0.650000,0.422500,0.000001
80.8300,0.000000,0.650000,0.650000,0.422500,0.000001
80.8400,0.000000,0.650000,0.650000,0.422500,0.000002
80.8500,0.000000,0.650000,0.650000,0.422500,0.000002
80.8600,0.000000,0.650000,0.650000,0.422500,0.000002
80.8700,0.000000,0.650000,0.650000,0.422500,0.000002
80.8800,0.000000,0.650000,0.650000,0.422500,0.000002
80.8900,0.000000,0.650000,0.650000,0.422500,0.000002
80.9000,0.000000,0.650000,0.650000,0.422500,0.000003
80.9100,0.000000,0.650000,0.650000,0.422500,0.000003
80.9200,0.000000,0.650000,0.650000,0.422500,0.000003
80.9300,0.000000,0.650000,0.650000,0.422500,0.000003
80.9400,0.000000,0.650000,0.650000,0.422500,0.000003
80.9500,0.000000,0.650000,0.650000,0.422500,0.000003
80.9600,0.000000,0.650000,0.650000,0.422500,0.000003
80.9700,0.000000,0.650000,0.650000,0.422500,0.000003
80.9800,0.000000,0.650000,0.650000,0.422500,0.000003
80.9900,0.000000,0.650000,0.650000,0.422500,0.000003
81.0000,0.000000,0.650000,0.650000,0.422500,0.000004
81.0100,0.000000,0.650000,0.650000,0.422500,0.000004
81.0200,0.000000,0.650000,0.650000,0.422500,0.000004
81.0300,0.000000,0.650000,0.650000,0.422500,0.000004
81.0400,0.000000,0.650000,0.650000,0.422500,0.000004
81.0500,0.000000,0.650000,0.650000,0.422500,0.000004
81.0600,0.000000,0.650000,0.650000,0.422500,0.000004
81.0700,0.000000,0.650000,0.650000,0.422500,0.000004
81.0800,0.000000,0.650000,0.650000,0.422500,0.000004
81.0900,0.000000,0.650000,0.650000,0.422500,0.000004
81.1000,0.000000,0.650000,0.650000,0.422500,0.000004
81.1100,0.000000,0.650000,0.650000,0.422500,0.000004
81.1200,0.000000,0.650000,0.650000,0.422500,0.000004
81.1300,0.000000,0.650000,0.650000,0.422500,0.000004
81.1400,0.000000,0.650000,0.650000,0.422500,0.000004
81.1500,0.000000,0.650000,0.650000,0.422500,0.000004
81.1600,0.000000,0.650000,0.650000,0.422500,0.000004
81.1700,0.000000,0.650000,0.650000,0.422500,0.000004
81.1800,0.000000,0.650000,0.650000,0.422500,0.000003
81.1900,0.000000,0.650000,0.650000,0.422500,0.000003
81.2000,0.000000,0.650000,0.650000,0.422500,0.000003
81.2100,0.000000,0.650000,0.650000,0.422500,0.000003
81.2200,0.000000,0.650000,0.650000,0.422500,0.000003
81.2300,0.000000,0.650000,0.650000,0.422500,0.000003
81.2400,0.000000,0.650000,0.650000,0.422500,0.000003
81.2500,0.000000,0.650000,0.650000,0.422500,0.000003
81.2600,0.000000,0.650000,0.650000,0.422500,0.000003
81.2700,0.000000,0.650000,0.650000,0.422500,0.000003
81.2800,0.000000,0.650000,0.650000,0.422500,0.000002
81.2900,0.000000,0.650000,0.650000,0.422500,0.000002
81.3000,0.000000,0.650000,0.650000,0.422500,0.000002
81.3100,0.000000,0.650000,0.650000,0.422500,0.000002
81.3200,0.000000,0.650000,0.650000,0.422500,0.000002
81.3300,0.000000,0.650000,0.650000,0.422500,0.000002
81.3400,0.000000,0.650000,0.650000,0.422500,0.000002
81.3500,0.000000,0.650000,0.650000,0.422500,0.000002
81.3600,0.000000,0.650000,0.650000,0.422500,0.000001
81.3700,0.000000,0.650000,0.650000,0.422500,0.000001
81.3800,0.000000,0.650000,0.650000,0.422500,0.000001
81.3900,0.000000,0.650000,0.650000,0.422500,0.000001
81.4000,0.000000,0.650000,0.650000,0.422500,0.000001
81.4100,0.000000,0.650000,0.650000,0.422500,0.000001
81.4200,0.000000,0.650000,0.650000,0.422500,0.000000
81.4300,0.000000,0.650000,0.650000,0.422500,0.000000
81.4400,0.000000,0.650000,0.650000,0.422500,0.000000
81.4500,0.000000,0.650000,0.650000,0.422500,-0.000000
81.4600,0.000000,0.650000,0.650000,0.422500,-0.000000
81.4700,0.000000,0.650000,0.650000,0.422500,-0.000000
81.4800,0.000000,0.650000,0.650000,0.422500,-0.000000
81.4900,0.000000,0.650000,0.650000,0.422500,-0.000001
81.5000,-0.000000,0.650000,0.650000,0.422500,-0.000001
81.5100,-0.000000,0.650000,0.650000,0.422500,-0.000001
81.5200,-0.000000,0.650000,0.650000,0.422500,-0.000001
81.5300,-0.000000,0.650000,0.650000,0.422500,-0.000001
81.5400,-0.000000,0.650000,0.650000,0.422500,-0.000001
81.5500,-0.000000,0.650000,0.650000,0.422500,-0.000001
81.5600,-0.000000,0.650000,0.650000,0.422500,-0.000002
81.5700,-0.000000,0.650000,0.650000,0.422500,-0.000002
81.5800,-0.000000,0.650000,0.650000,0.422500,-0.000002
81.5900,-0.000000,0.650000,0.650000,0.422500,-0.000002
81.6000,-0.000000,0.650000,0.650000,0.422500,-0.000002
81.6100,-0.000000,0.650000,0.650000,0.422500,-0.000002
81.6200,-0.000000,0.650000,0.650000,0.422500,-0.000002
81.6300,-0.000000,0.650000,0.650000,0.422500,-0.000002
81.6400,-0.000000,0.650000,0.650000,0.422500,-0.000002
81.6500,-0.000000,0.650000,0.650000,0.422500,-0.000003
81.6600,-0.000000,0.650000,0.650000,0.422500,-0.000003
81.6700,-0.000000,0.650000,0.650000,0.422500,-0.000003
81.6800,-0.000000,0.650000,0.650000,0.422500,-0.000003
81.6900,-0.000000,0.650000,0.650000,0.422500,-0.000003
81.7000,-0.000000,0.650000,0.650000,0.422500,-0.000003
81.7100,-0.000000,0.650000,0.650000,0.422500,-0.000003
81.7200,-0.000000,0.650000,0.650000,0.422500,-0.000003
81.7300,-0.000000,0.650000,0.650000,0.422500,-0.000003
81.7400,-0.000000,0.650000,0.650000,0.422500,-0.000003
81.7500,-0.000000,0.650000,0.650000,0.422500,-0.000003
81.7600,-0.000000,0.650000,0.650000,0.422500,-0.000003
81.7700,-0.000000,0.650000,0.650000,0.422500,-0.000003
81.7800,-0.000000,0.650000,0.650000,0.422500,-0.000003
81.7900,-0.000000,0.650000,0.650000,0.422500,-0.000003
81.8000,-0.000000,0.650000,0.650000,0.422500,-0.000003
81.8100,-0.000000,0.650000,0.650000,0.422500,-0.000003
81.8200,-0.000000,0.650000,0.650000,0.422500,-0.000003
81.8300,-0.000000,0.650000,0.650000,0.422500,-0.000003
81.8400,-0.000000,0.650000,0.650000,0.422500,-0.000003
81.8500,-0.000000,0.650000,0.650000,0.422500,-0.000003
81.8600,-0.000000,0.650000,0.650000,0.422500,-0.000003
81.8700,-0.000000,0.650000,0.650000,0.422500,-0.000003
81.8800,-0.000000,0.650000,0.650000,0.422500,-0.000003
81.8900,-0.000000,0.650000,0.650000,0.422500,-0.000003
81.9000,-0.000000,0.650000,0.650000,0.422500,-0.000003
81.9100,-0.000000,0.650000,0.650000,0.422500,-0.000003
81.9200,-0.000000,0.650000,0.650000,0.422500,-0.000003
81.9300,-0.000000,0.650000,0.650000,0.422500,-0.000003
81.9400,-0.000000,0.650000,0.650000,0.422500,-0.000002
81.9500,-0.000000,0.650000,0.650000,0.422500,-0.000002
81.9600,-0.000000,0.650000,0.650000,0.422500,-0.000002
81.9700,-0.000000,0.650000,0.650000,0.422500,-0.000002
81.9800,-0.000000,0.650000,0.650000,0.422500,-0.000002
81.9900,-0.000000,0.650000,0.650000,0.422500,-0.000002
82.0000,-0.000000,0.650000,0.650000,0.422500,-0.000002
82.0100,-0.000000,0.650000,0.650000,0.422500,-0.000002
82.0200,-0.000000,0.650000,0.650000,0.422500,-0.000002
82.0300,-0.000000,0.650000,0.650000,0.422500,-0.000001
82.0400,-0.000000,0.650000,0.650000,0.422500,-0.000001
82.0500,-0.000000,0.650000,0.650000,0.422500,-0.000001
82.0600,-0.000000,0.650000,0.650000,0.422500,-0.000001
82.0700,-0.000000,0.650000,0.650000,0.422500,-0.000001
82.0800,-0.000000,0.650000,0.650000,0.422500,-0.000001
82.0900,-0.000000,0.650000,0.650000,0.422500,-0.000001
82.1000,-0.000000,0.650000,0.650000,0.422500,-0.000001
82.1100,-0.000000,0.650000,0.650000,0.422500,-0.000001
82.1200,-0.000000,0.650000,0.650000,0.422500,-0.000000
82.1300,-0.000000,0.650000,0.650000,0.422500,-0.000000
82.1400,-0.000000,0.650000,0.650000,0.422500,-0.000000
82.1500,-0.000000,0.650000,0.650000,0.422500,-0.000000
82.1600,-0.000000,0.650000,0.650000,0.422500,0.000000
82.1700,-0.000000,0.650000,0.650000,0.422500,0.000000
82.1800,0.000000,0.650000,0.650000,0.422500,0.000000
82.1900,0.000000,0.650000,0.650000,0.422500,0.000000
82.2000,0.000000,0.650000,0.650000,0.422500,0.000001
82.2100,0.000000,0.650000,0.650000,0.422500,0.000001
82.2200,0.000000,0.650000,0.650000,0.422500,0.000001
82.2300,0.000000,0.650000,0.650000,0.422500,0.000001
82.2400,0.000000,0.650000,0.650000,0.422500,0.000001
82.2500,0.000000,0.650000,0.650000,0.422500,0.000001
82.2600,0.000000,0.650000,0.650000,0.422500,0.000001
82.2700,0.000000,0.650000,0.650000,0.422500,0.000001
82.2800,0.000000,0.650000,0.650000,0.422500,0.000001
82.2900,0.000000,0.650000,0.650000,0.422500,0.000002
82.3000,0.000000,0.650000,0.650000,0.422500,0.000002
82.3100,0.000000,0.650000,0.650000,0.422500,0.000002
82.3200,0.000000,0.650000,0.650000,0.422500,0.000002
82.3300,0.000000,0.650000,0.650000,0.422500,0.000002
82.3400,0.000000,0.650000,0.650000,0.422500,0.000002
82.3500,0.000000,0.650000,0.650000,0.422500,0.000002
82.3600,0.000000,0.650000,0.650000,0.422500,0.000002
82.3700,0.000000,0.650000,0.650000,0.422500,0.000002
82.3800,0.000000,0.650000,0.650000,0.422500,0.000002
82.3900,0.000000,0.650000,0.650000,0.422500,0.000002
82.4000,0.000000,0.650000,0.650000,0.422500,0.000002
82.4100,0.000000,0.650000,0.650000,0.422500,0.000002
82.4200,0.000000,0.650000,0.650000,0.422500,0.000002
82.4300,0.000000,0.650000,0.650000,0.422500,0.000002
82.4400,0.000000,0.650000,0.650000,0.422500,0.000003
82.4500,0.000000,0.650000,0.650000,0.422500,0.000003
82.4600,0.000000,0.650000,0.650000,0.422500,0.000003
82.4700,0.000000,0.650000,0.650000,0.422500,0.000003
82.4800,0.000000,0.650000,0.650000,0.422500,0.000003
82.4900,0.000000,0.650000,0.650000,0.422500,0.000003
82.5000,0.000000,0.650000,0.650000,0.422500,0.000003
82.5100,0.000000,0.650000,0.650000,0.422500,0.000003
82.5200,0.000000,0.650000,0.650000,0.422500,0.000003
82.5300,0.000000,0.650000,0.650000,0.422500,0.000003
82.5400,0.000000,0.650000,0.650000,0.422500,0.000002
82.5500,0.000000,0.650000,0.650000,0.422500,0.000002
82.5600,0.000000,0.650000,0.650000,0.422500,0.000002
82.5700,0.000000,0.650000,0.650000,0.422500,0.000002
82.5800,0.000000,0.650000,0.650000,0.422500,0.000002
82.5900,0.000000,0.650000,0.650000,0.422500,0.000002
82.6000,0.000000,0.650000,0.650000,0.422500,0.000002
82.6100,0.000000,0.650000,0.650000,0.422500,0.000002
82.6200,0.000000,0.650000,0.650000,0.422500,0.000002
82.6300,0.000000,0.650000,0.650000,0.422500,0.000002
82.6400,0.000000,0.650000,0.650000,0.422500,0.000002
82.6500,0.000000,0.650000,0.650000,0.422500,0.000002
82.6600,0.000000,0.650000,0.650000,0.422500,0.000002
82.6700,0.000000,0.650000,0.650000,0.422500,0.000002
82.6800,0.000000,0.650000,0.650000,0.422500,0.000002
82.6900,0.000000,0.650000,0.650000,0.422500,0.000002
82.7000,0.000000,0.650000,0.650000,0.422500,0.000002
82.7100,0.000000,0.650000,0.650000,0.422500,0.000001
82.7200,0.000000,0.650000,0.650000,0.422500,0.000001
82.7300,0.000000,0.650000,0.650000,0.422500,0.000001
82.7400,0.000000,0.650000,0.650000,0.422500,0.000001
82.7500,0.000000,0.650000,0.650000,0.422500,0.000001
82.7600,0.000000,0.650000,0.650000,0.422500,0.000001
82.7700,0.000000,0.650000,0.650000,0.422500,0.000001
82.7800,0.000000,0.650000,0.650000,0.422500,0.000001
82.7900,0.000000,0.650000,0.650000,0.422500,0.000001
82.8000,0.000000,0.650000,0.650000,0.422500,0.000001
82.8100,0.000000,0.650000,0.650000,0.422500,0.000000
82.8200,0.000000,0.650000,0.650000,0.422500,0.000000
82.8300,0.000000,0.650000,0.650000,0.422500,0.000000
82.8400,0.000000,0.650000,0.650000,0.422500,0.000000
82.8500,0.000000,0.650000,0.650000,0.422500,0.000000
82.8600,0.000000,0.650000,0.650000,0.422500,-0.000000
82.8700,0.000000,0.650000,0.650000,0.422500,-0.000000
82.8800,0.000000,0.650000,0.650000,0.422500,-0.000000
82.8900,0.000000,0.650000,0.650000,0.422500,-0.000000
82.9000,0.000000,0.650000,0.650000,0.422500,-0.000000
82.9100,-0.000000,0.650000,0.650000,0.422500,-0.000001
82.9200,-0.000000,0.650000,0.650000,0.422500,-0.000001
82.9300,-0.000000,0.650000,0.650000,0.422500,-0.000001
82.9400,-0.000000,0.650000,0.650000,0.422500,-0.000001
82.9500,-0.000000,0.650000,0.650000,0.422500,-0.000001
82.9600,-0.000000,0.650000,0.650000,0.422500,-0.000001
82.9700,-0.000000,0.650000,0.650000,0.422500,-0.000001
82.9800,-0.000000,0.650000,0.650000,0.422500,-0.000001
82.9900,-0.000000,0.650000,0.650000,0.422500,-0.000001
83.0000,-0.000000,0.650000,0.650000,0.422500,-0.000001
83.0100,-0.000000,0.650000,0.650000,0.422500,-0.000001
83.0200,-0.000000,0.650000,0.650000,0.422500,-0.000002
83.0300,-0.000000,0.650000,0.650000,0.422500,-0.000002
83.0400,-0.000000,0.650000,0.650000,0.422500,-0.000002
83.0500,-0.000000,0.650000,0.650000,0.422500,-0.000002
83.0600,-0.000000,0.650000,0.650000,0.422500,-0.000002
83.0700,-0.000000,0.650000,0.650000,0.422500,-0.000002
83.0800,-0.000000,0.650000,0.650000,0.422500,-0.000002
83.0900,-0.000000,0.650000,0.650000,0.422500,-0.000002
83.1000,-0.000000,0.650000,0.650000,0.422500,-0.000002
83.1100,-0.000000,0.650000,0.650000,0.422500,-0.000002
83.1200,-0.000000,0.650000,0.650000,0.422500,-0.000002
83.1300,-0.000000,0.650000,0.650000,0.422500,-0.000002
83.1400,-0.000000,0.650000,0.650000,0.422500,-0.000002
83.1500,-0.000000,0.650000,0.650000,0.422500,-0.000002
83.1600,-0.000000,0.650000,0.650000,0.422500,-0.000002
83.1700,-0.000000,0.650000,0.650000,0.422500,-0.000002
83.1800,-0.000000,0.650000,0.650000,0.422500,-0.000002
83.1900,-0.000000,0.650000,0.650000,0.422500,-0.000002
83.2000,-0.000000,0.650000,0.650000,0.422500,-0.000002
83.2100,-0.000000,0.650000,0.650000,0.422500,-0.000002
83.2200,-0.000000,0.650000,0.650000,0.422500,-0.000002
83.2300,-0.000000,0.650000,0.650000,0.422500,-0.000002
83.2400,-0.000000,0.650000,0.650000,0.422500,-0.000002
83.2500,-0.000000,0.650000,0.650000,0.422500,-0.000002
83.2600,-0.000000,0.650000,0.650000,0.422500,-0.000002
83.2700,-0.000000,0.650000,0.650000,0.422500,-0.000002
83.2800,-0.000000,0.650000,0.650000,0.422500,-0.000002
83.2900,-0.000000,0.650000,0.650000,0.422500,-0.000002
83.3000,-0.000000,0.650000,0.650000,0.422500,-0.000002
83.3100,-0.000000,0.650000,0.650000,0.422500,-0.000002
83.3200,-0.000000,0.650000,0.650000,0.422500,-0.000002
83.3300,-0.000000,0.650000,0.650000,0.422500,-0.000002
83.3400,-0.000000,0.650000,0.650000,0.422500,-0.000002
83.3500,-0.000000,0.650000,0.650000,0.422500,-0.000002
83.3600,-0.000000,0.650000,0.650000,0.422500,-0.000002
83.3700,-0.000000,0.650000,0.650000,0.422500,-0.000001
83.3800,-0.000000,0.650000,0.650000,0.422500,-0.000001
83.3900,-0.000000,0.650000,0.650000,0.422500,-0.000001
83.4000,-0.000000,0.650000,0.650000,0.422500,-0.000001
83.4100,-0.000000,0.650000,0.650000,0.422500,-0.000001
83.4200,-0.000000,0.650000,0.650000,0.422500,-0.000001
83.4300,-0.000000,0.650000,0.650000,0.422500,-0.000001
83.4400,-0.000000,0.650000,0.650000,0.422500,-0.000001
83.4500,-0.000000,0.650000,0.650000,0.422500,-0.000001
83.4600,-0.000000,0.650000,0.650000,0.422500,-0.000001
83.4700,-0.000000,0.650000,0.650000,0.422500,-0.000001
83.4800,-0.000000,0.650000,0.650000,0.422500,-0.000001
83.4900,-0.000000,0.650000,0.650000,0.422500,-0.000001
83.5000,-0.000000,0.650000,0.650000,0.422500,-0.000000
83.5100,-0.000000,0.650000,0.650000,0.422500,-0.000000
83.5200,-0.000000,0.650000,0.650000,0.422500,-0.000000
83.5300,-0.000000,0.650000,0.650000,0.422500,-0.000000
83.5400,-0.000000,0.650000,0.650000,0.422500,-0.000000
83.5500,-0.000000,0.650000,0.650000,0.422500,-0.000000
83.5600,-0.000000,0.650000,0.650000,0.422500,0.000000
83.5700,-0.000000,0.650000,0.650000,0.422500,0.000000
83.5800,0.000000,0.650000,0.650000,0.422500,0.000000
83.5900,0.000000,0.650000,0.650000,0.422500,0.000000
83.6000,0.000000,0.650000,0.650000,0.422500,0.000000
83.6100,0.000000,0.650000,0.650000,0.422500,0.000000
83.6200,0.000000,0.650000,0.650000,0.422500,0.000001
83.6300,0.000000,0.650000,0.650000,0.422500,0.000001
83.6400,0.000000,0.650000,0.650000,0.422500,0.000001
83.6500,0.000000,0.650000,0.650000,0.422500,0.000001
83.6600,0.000000,0.650000,0.650000,0.422500,0.000001
83.6700,0.000000,0.650000,0.650000,0.422500,0.000001
83.6800,0.000000,0.650000,0.650000,0.422500,0.000001
83.6900,0.000000,0.650000,0.650000,0.422500,0.000001
83.7000,0.000000,0.650000,0.650000,0.422500,0.000001
83.7100,0.000000,0.650000,0.650000,0.422500,0.000001
83.7200,0.000000,0.650000,0.650000,0.422500,0.000001
83.7300,0.000000,0.650000,0.650000,0.422500,0.000001
83.7400,0.000000,0.650000,0.650000,0.422500,0.000001
83.7500,0.000000,0.650000,0.650000,0.422500,0.000001
83.7600,0.000000,0.650000,0.650000,0.422500,0.000001
83.7700,0.000000,0.650000,0.650000,0.422500,0.000001
83.7800,0.000000,0.650000,0.650000,0.422500,0.000002
83.7900,0.000000,0.650000,0.650000,0.422500,0.000002
83.8000,0.000000,0.650000,0.650000,0.422500,0.000002
83.8100,0.000000,0.650000,0.650000,0.422500,0.000002
83.8200,0.000000,0.650000,0.650000,0.422500,0.000002
83.8300,0.000000,0.650000,0.650000,0.422500,0.000002
83.8400,0.000000,0.650000,0.650000,0.422500,0.000002
83.8500,0.000000,0.650000,0.650000,0.422500,0.000002
83.8600,0.000000,0.650000,0.650000,0.422500,0.000002
83.8700,0.000000,0.650000,0.650000,0.422500,0.000002
83.8800,0.000000,0.650000,0.650000,0.422500,0.000002
83.8900,0.000000,0.650000,0.650000,0.422500,0.000002
83.9000,0.000000,0.650000,0.650000,0.422500,0.000002
83.9100,0.000000,0.650000,0.650000,0.422500,0.000002
83.9200,0.000000,0.650000,0.650000,0.422500,0.000002
83.9300,0.000000,0.650000,0.650000,0.422500,0.000002
83.9400,0.000000,0.650000,0.650000,0.422500,0.000002
83.9500,0.000000,0.650000,0.650000,0.422500,0.000002
83.9600,0.000000,0.650000,0.650000,0.422500,0.000002
83.9700,0.000000,0.650000,0.650000,0.422500,0.000002
83.9800,0.000000,0.650000,0.650000,0.422500,0.000002
83.9900,0.000000,0.650000,0.650000,0.422500,0.000002
84.0000,0.000000,0.650000,0.650000,0.422500,0.000002
84.0100,0.000000,0.650000,0.650000,0.422500,0.000001
84.0200,0.000000,0.650000,0.650000,0.422500,0.000001
84.0300,0.000000,0.650000,0.650000,0.422500,0.000001
84.0400,0.000000,0.650000,0.650000,0.422500,0.000001
84.0500,0.000000,0.650000,0.650000,0.422500,0.000001
84.0600,0.000000,0.650000,0.650000,0.422500,0.000001
84.0700,0.000000,0.650000,0.650000,0.422500,0.000001
84.0800,0.000000,0.650000,0.650000,0.422500,0.000001
84.0900,0.000000,0.650000,0.650000,0.422500,0.000001
84.1000,0.000000,0.650000,0.650000,0.422500,0.000001
84.1100,0.000000,0.650000,0.650000,0.422500,0.000001
84.1200,0.000000,0.650000,0.650000,0.422500,0.000001
84.1300,0.000000,0.650000,0.650000,0.422500,0.000001
84.1400,0.000000,0.650000,0.650000,0.422500,0.000001
84.1500,0.000000,0.650000,0.650000,0.422500,0.000001
84.1600,0.000000,0.650000,0.650000,0.422500,0.000001
84.1700,0.000000,0.650000,0.650000,0.422500,0.000001
84.1800,0.000000,0.650000,0.650000,0.422500,0.000001
84.1900,0.000000,0.650000,0.650000,0.422500,0.000000
84.2000,0.000000,0.650000,0.650000,0.422500,0.000000
84.2100,0.000000,0.650000,0.650000,0.422500,0.000000
84.2200,0.000000,0.650000,0.650000,0.422500,0.000000
84.2300,0.000000,0.650000,0.650000,0.422500,0.000000
84.2400,0.000000,0.650000,0.650000,0.422500,0.000000
84.2500,0.000000,0.650000,0.650000,0.422500,0.000000
84.2600,0.000000,0.650000,0.650000,0.422500,-0.000000
84.2700,0.000000,0.650000,0.650000,0.422500,-0.000000
84.2800,0.000000,0.650000,0.650000,0.422500,-0.000000
84.2900,0.000000,0.650000,0.650000,0.422500,-0.000000
84.3000,0.000000,0.650000,0.650000,0.422500,-0.000000
84.3100,-0.000000,0.650000,0.650000,0.422500,-0.000000
84.3200,-0.000000,0.650000,0.650000,0.422500,-0.000000
84.3300,-0.000000,0.650000,0.650000,0.422500,-0.000001
84.3400,-0.000000,0.650000,0.650000,0.422500,-0.000001
84.3500,-0.000000,0.650000,0.650000,0.422500,-0.000001
84.3600,-0.000000,0.650000,0.650000,0.422500,-0.000001
84.3700,-0.000000,0.650000,0.650000,0.422500,-0.000001
84.3800,-0.000000,0.650000,0.650000,0.422500,-0.000001
84.3900,-0.000000,0.650000,0.650000,0.422500,-0.000001
84.4000,-0.000000,0.650000,0.650000,0.422500,-0.000001
84.4100,-0.000000,0.650000,0.650000,0.422500,-0.000001
84.4200,-0.000000,0.650000,0.650000,0.422500,-0.000001
84.4300,-0.000000,0.650000,0.650000,0.422500,-0.000001
84.4400,-0.000000,0.650000,0.650000,0.422500,-0.000001
84.4500,-0.000000,0.650000,0.650000,0.422500,-0.000001
84.4600,-0.000000,0.650000,0.650000,0.422500,-0.000001
84.4700,-0.000000,0.650000,0.650000,0.422500,-0.000001
84.4800,-0.000000,0.650000,0.650000,0.422500,-0.000001
84.4900,-0.000000,0.650000,0.650000,0.422500,-0.000001
84.5000,-0.000000,0.650000,0.650000,0.422500,-0.000001
84.5100,-0.000000,0.650000,0.650000,0.422500,-0.000001
84.5200,-0.000000,0.650000,0.650000,0.422500,-0.000001
84.5300,-0.000000,0.650000,0.650000,0.422500,-0.000001
84.5400,-0.000000,0.650000,0.650000,0.422500,-0.000001
84.5500,-0.000000,0.650000,0.650000,0.422500,-0.000001
84.5600,-0.000000,0.650000,0.650000,0.422500,-0.000001
84.5700,-0.000000,0.650000,0.650000,0.422500,-0.000001
84.5800,-0.000000,0.650000,0.650000,0.422500,-0.000001
84.5900,-0.000000,0.650000,0.650000,0.422500,-0.000001
84.6000,-0.000000,0.650000,0.650000,0.422500,-0.000001
84.6100,-0.000000,0.650000,0.650000,0.422500,-0.000001
84.6200,-0.000000,0.650000,0.650000,0.422500,-0.000001
84.6300,-0.000000,0.650000,0.650000,0.422500,-0.000001
84.6400,-0.000000,0.650000,0.650000,0.422500,-0.000001
84.6500,-0.000000,0.650000,0.650000,0.422500,-0.000001
84.6600,-0.000000,0.650000,0.650000,0.422500,-0.000001
84.6700,-0.000000,0.650000,0.650000,0.422500,-0.000001
84.6800,-0.000000,0.650000,0.650000,0.422500,-0.000001
84.6900,-0.000000,0.650000,0.650000,0.422500,-0.000001
84.7000,-0.000000,0.650000,0.650000,0.422500,-0.000001
84.7100,-0.000000,0.650000,0.650000,0.422500,-0.000001
84.7200,-0.000000,0.650000,0.650000,0.422500,-0.000001
84.7300,-0.000000,0.650000,0.650000,0.422500,-0.000001
84.7400,-0.000000,0.650000,0.650000,0.422500,-0.000001
84.7500,-0.000000,0.650000,0.650000,0.422500,-0.000001
84.7600,-0.000000,0.650000,0.650000,0.422500,-0.000001
84.7700,-0.000000,0.650000,0.650000,0.422500,-0.000001
84.7800,-0.000000,0.650000,0.650000,0.422500,-0.000001
84.7900,-0.000000,0.650000,0.650000,0.422500,-0.000001
84.8000,-0.000000,0.650000,0.650000,0.422500,-0.000001
84.8100,-0.000000,0.650000,0.650000,0.422500,-0.000001
84.8200,-0.000000,0.650000,0.650000,0.422500,-0.000001
84.8300,-0.000000,0.650000,0.650000,0.422500,-0.000001
84.8400,-0.000000,0.650000,0.650000,0.422500,-0.000001
84.8500,-0.000000,0.650000,0.650000,0.422500,-0.000001
84.8600,-0.000000,0.650000,0.650000,0.422500,-0.000001
84.8700,-0.000000,0.650000,0.650000,0.422500,-0.000001
84.8800,-0.000000,0.650000,0.650000,0.422500,-0.000000
84.8900,-0.000000,0.650000,0.650000,0.422500,-0.000000
84.9000,-0.000000,0.650000,0.650000,0.422500,-0.000000
84.9100,-0.000000,0.650000,0.650000,0.422500,-0.000000
84.9200,-0.000000,0.650000,0.650000,0.422500,-0.000000
84.9300,-0.000000,0.650000,0.650000,0.422500,-0.000000
84.9400,-0.000000,0.650000,0.650000,0.422500,-0.000000
84.9500,-0.000000,0.650000,0.650000,0.422500,-0.000000
84.9600,-0.000000,0.650000,0.650000,0.422500,0.000000
84.9700,-0.000000,0.650000,0.650000,0.422500,0.000000
84.9800,-0.000000,0.650000,0.650000,0.422500,0.000000
84.9900,0.000000,0.650000,0.650000,0.422500,0.000000
85.0000,0.000000,0.650000,0.650000,0.422500,0.000000
85.0100,0.000000,0.650000,0.650000,0.422500,0.000000
85.0200,0.000000,0.650000,0.650000,0.422500,0.000000
85.0300,0.000000,0.650000,0.650000,0.422500,0.000000
85.0400,0.000000,0.650000,0.650000,0.422500,0.000000
85.0500,0.000000,0.650000,0.650000,0.422500,0.000001
85.0600,0.000000,0.650000,0.650000,0.422500,0.000001
85.0700,0.000000,0.650000,0.650000,0.422500,0.000001
85.0800,0.000000,0.650000,0.650000,0.422500,0.000001
85.0900,0.000000,0.650000,0.650000,0.422500,0.000001
85.1000,0.000000,0.650000,0.650000,0.422500,0.000001
85.1100,0.000000,0.650000,0.650000,0.422500,0.000001
85.1200,0.000000,0.650000,0.650000,0.422500,0.000001
85.1300,0.000000,0.650000,0.650000,0.422500,0.000001
85.1400,0.000000,0.650000,0.650000,0.422500,0.000001
85.1500,0.000000,0.650000,0.650000,0.422500,0.000001
85.1600,0.000000,0.650000,0.650000,0.422500,0.000001
85.1700,0.000000,0.650000,0.650000,0.422500,0.000001
85.1800,0.000000,0.650000,0.650000,0.422500,0.000001
85.1900,0.000000,0.650000,0.650000,0.422500,0.000001
85.2000,0.000000,0.650000,0.650000,0.422500,0.000001
85.2100,0.000000,0.650000,0.650000,0.422500,0.000001
85.2200,0.000000,0.650000,0.650000,0.422500,0.000001
85.2300,0.000000,0.650000,0.650000,0.422500,0.000001
85.2400,0.000000,0.650000,0.650000,0.422500,0.000001
85.2500,0.000000,0.650000,0.650000,0.422500,0.000001
85.2600,0.000000,0.650000,0.650000,0.422500,0.000001
85.2700,0.000000,0.650000,0.650000,0.422500,0.000001
85.2800,0.000000,0.650000,0.650000,0.422500,0.000001
85.2900,0.000000,0.650000,0.650000,0.422500,0.000001
85.3000,0.000000,0.650000,0.650000,0.422500,0.000001
85.3100,0.000000,0.650000,0.650000,0.422500,0.000001
85.3200,0.000000,0.650000,0.650000,0.422500,0.000001
85.3300,0.000000,0.650000,0.650000,0.422500,0.000001
85.3400,0.000000,0.650000,0.650000,0.422500,0.000001
85.3500,0.000000,0.650000,0.650000,0.422500,0.000001
85.3600,0.000000,0.650000,0.650000,0.422500,0.000001
85.3700,0.000000,0.650000,0.650000,0.422500,0.000001
85.3800,0.000000,0.650000,0.650000,0.422500,0.000001
85.3900,0.000000,0.650000,0.650000,0.422500,0.000001
85.4000,0.000000,0.650000,0.650000,0.422500,0.000001
85.4100,0.000000,0.650000,0.650000,0.422500,0.000001
85.4200,0.000000,0.650000,0.650000,0.422500,0.000001
85.4300,0.000000,0.650000,0.650000,0.422500,0.000001
85.4400,0.000000,0.650000,0.650000,0.422500,0.000001
85.4500,0.000000,0.650000,0.650000,0.422500,0.000001
85.4600,0.000000,0.650000,0.650000,0.422500,0.000001
85.4700,0.000000,0.650000,0.650000,0.422500,0.000001
85.4800,0.000000,0.650000,0.650000,0.422500,0.000001
85.4900,0.000000,0.650000,0.650000,0.422500,0.000001
85.5000,0.000000,0.650000,0.650000,0.422500,0.000001
85.5100,0.000000,0.650000,0.650000,0.422500,0.000001
85.5200,0.000000,0.650000,0.650000,0.422500,0.000001
85.5300,0.000000,0.650000,0.650000,0.422500,0.000001
85.5400,0.000000,0.650000,0.650000,0.422500,0.000001
85.5500,0.000000,0.650000,0.650000,0.422500,0.000001
85.5600,0.000000,0.650000,0.650000,0.422500,0.000000
85.5700,0.000000,0.650000,0.650000,0.422500,0.000000
85.5800,0.000000,0.650000,0.650000,0.422500,0.000000
85.5900,0.000000,0.650000,0.650000,0.422500,0.000000
85.6000,0.000000,0.650000,0.650000,0.422500,0.000000
85.6100,0.000000,0.650000,0.650000,0.422500,0.000000
85.6200,0.000000,0.650000,0.650000,0.422500,0.000000
85.6300,0.000000,0.650000,0.650000,0.422500,0.000000
85.6400,0.000000,0.650000,0.650000,0.422500,0.000000
85.6500,0.000000,0.650000,0.650000,0.422500,0.000000
85.6600,0.000000,0.650000,0.650000,0.422500,-0.000000
85.6700,0.000000,0.650000,0.650000,0.422500,-0.000000
85.6800,0.000000,0.650000,0.650000,0.422500,-0.000000
85.6900,0.000000,0.650000,0.650000,0.422500,-0.000000
85.7000,0.000000,0.650000,0.650000,0.422500,-0.000000
85.7100,-0.000000,0.650000,0.650000,0.422500,-0.000000
85.7200,-0.000000,0.650000,0.650000,0.422500,-0.000000
85.7300,-0.000000,0.650000,0.650000,0.422500,-0.000000
85.7400,-0.000000,0.650000,0.650000,0.422500,-0.000000
85.7500,-0.000000,0.650000,0.650000,0.422500,-0.000000
85.7600,-0.000000,0.650000,0.650000,0.422500,-0.000000
85.7700,-0.000000,0.650000,0.650000,0.422500,-0.000000
85.7800,-0.000000,0.650000,0.650000,0.422500,-0.000001
85.7900,-0.000000,0.650000,0.650000,0.422500,-0.000001
85.8000,-0.000000,0.650000,0.650000,0.422500,-0.000001
85.8100,-0.000000,0.650000,0.650000,0.422500,-0.000001
85.8200,-0.000000,0.650000,0.650000,0.422500,-0.000001
85.8300,-0.000000,0.650000,0.650000,0.422500,-0.000001
85.8400,-0.000000,0.650000,0.650000,0.422500,-0.000001
85.8500,-0.000000,0.650000,0.650000,0.422500,-0.000001
85.8600,-0.000000,0.650000,0.650000,0.422500,-0.000001
85.8700,-0.000000,0.650000,0.650000,0.422500,-0.000001
85.8800,-0.000000,0.650000,0.650000,0.422500,-0.000001
85.8900,-0.000000,0.650000,0.650000,0.422500,-0.000001
85.9000,-0.000000,0.650000,0.650000,0.422500,-0.000001
85.9100,-0.000000,0.650000,0.650000,0.422500,-0.000001
85.9200,-0.000000,0.650000,0.650000,0.422500,-0.000001
85.9300,-0.000000,0.650000,0.650000,0.422500,-0.000001
85.9400,-0.000000,0.650000,0.650000,0.422500,-0.000001
85.9500,-0.000000,0.650000,0.650000,0.422500,-0.000001
85.9600,-0.000000,0.650000,0.650000,0.422500,-0.000001
85.9700,-0.000000,0.650000,0.650000,0.422500,-0.000001
85.9800,-0.000000,0.650000,0.650000,0.422500,-0.000001
85.9900,-0.000000,0.650000,0.650000,0.422500,-0.000001
86.0000,-0.000000,0.650000,0.650000,0.422500,-0.000001
86.0100,-0.000000,0.650000,0.650000,0.422500,-0.000001
86.0200,-0.000000,0.650000,0.650000,0.422500,-0.000001
86.0300,-0.000000,0.650000,0.650000,0.422500,-0.000001
86.0400,-0.000000,0.650000,0.650000,0.422500,-0.000001
86.0500,-0.000000,0.650000,0.650000,0.422500,-0.000001
86.0600,-0.000000,0.650000,0.650000,0.422500,-0.000001
86.0700,-0.000000,0.650000,0.650000,0.422500,-0.000001
86.0800,-0.000000,0.650000,0.650000,0.422500,-0.000001
86.0900,-0.000000,0.650000,0.650000,0.422500,-0.000001
86.1000,-0.000000,0.650000,0.650000,0.422500,-0.000001
86.1100,-0.000000,0.650000,0.650000,0.422500,-0.000001
86.1200,-0.000000,0.650000,0.650000,0.422500,-0.000001
86.1300,-0.000000,0.650000,0.650000,0.422500,-0.000001
86.1400,-0.000000,0.650000,0.650000,0.422500,-0.000001
86.1500,-0.000000,0.650000,0.650000,0.422500,-0.000001
86.1600,-0.000000,0.650000,0.650000,0.422500,-0.000001
86.1700,-0.000000,0.650000,0.650000,0.422500,-0.000001
86.1800,-0.000000,0.650000,0.650000,0.422500,-0.000001
86.1900,-0.000000,0.650000,0.650000,0.422500,-0.000001
86.2000,-0.000000,0.650000,0.650000,0.422500,-0.000001
86.2100,-0.000000,0.650000,0.650000,0.422500,-0.000001
86.2200,-0.000000,0.650000,0.650000,0.422500,-0.000001
86.2300,-0.000000,0.650000,0.650000,0.422500,-0.000000
86.2400,-0.000000,0.650000,0.650000,0.422500,-0.000000
86.2500,-0.000000,0.650000,0.650000,0.422500,-0.000000
86.2600,-0.000000,0.650000,0.650000,0.422500,-0.000000
86.2700,-0.000000,0.650000,0.650000,0.422500,-0.000000
86.2800,-0.000000,0.650000,0.650000,0.422500,-0.000000
86.2900,-0.000000,0.650000,0.650000,0.422500,-0.000000
86.3000,-0.000000,0.650000,0.650000,0.422500,-0.000000
86.3100,-0.000000,0.650000,0.650000,0.422500,-0.000000
86.3200,-0.000000,0.650000,0.650000,0.422500,-0.000000
86.3300,-0.000000,0.650000,0.650000,0.422500,-0.000000
86.3400,-0.000000,0.650000,0.650000,0.422500,-0.000000
86.3500,-0.000000,0.650000,0.650000,0.422500,-0.000000
86.3600,-0.000000,0.650000,0.650000,0.422500,-0.000000
86.3700,-0.000000,0.650000,0.650000,0.422500,0.000000
86.3800,-0.000000,0.650000,0.650000,0.422500,0.000000
86.3900,0.000000,0.650000,0.650000,0.422500,0.000000
86.4000,0.000000,0.650000,0.650000,0.422500,0.000000
86.4100,0.000000,0.650000,0.650000,0.422500,0.000000
86.4200,0.000000,0.650000,0.650000,0.422500,0.000000
86.4300,0.000000,0.650000,0.650000,0.422500,0.000000
86.4400,0.000000,0.650000,0.650000,0.422500,0.000000
86.4500,0.000000,0.650000,0.650000,0.422500,0.000000
86.4600,0.000000,0.650000,0.650000,0.422500,0.000000
86.4700,0.000000,0.650000,0.650000,0.422500,0.000000
86.4800,0.000000,0.650000,0.650000,0.422500,0.000000
86.4900,0.000000,0.650000,0.650000,0.422500,0.000000
86.5000,0.000000,0.650000,0.650000,0.422500,0.000000
86.5100,0.000000,0.650000,0.650000,0.422500,0.000001
86.5200,0.000000,0.650000,0.650000,0.422500,0.000001
86.5300,0.000000,0.650000,0.650000,0.422500,0.000001
86.5400,0.000000,0.650000,0.650000,0.422500,0.000001
86.5500,0.000000,0.650000,0.650000,0.422500,0.000001
86.5600,0.000000,0.650000,0.650000,0.422500,0.000001
86.5700,0.000000,0.650000,0.650000,0.422500,0.000001
86.5800,0.000000,0.650000,0.650000,0.422500,0.000001
86.5900,0.000000,0.650000,0.650000,0.422500,0.000001
86.6000,0.000000,0.650000,0.650000,0.422500,0.000001
86.6100,0.000000,0.650000,0.650000,0.422500,0.000001
86.6200,0.000000,0.650000,0.650000,0.422500,0.000001
86.6300,0.000000,0.650000,0.650000,0.422500,0.000001
86.6400,0.000000,0.650000,0.650000,0.422500,0.000001
86.6500,0.000000,0.650000,0.650000,0.422500,0.000001
86.6600,0.000000,0.650000,0.650000,0.422500,0.000001
86.6700,0.000000,0.650000,0.650000,0.422500,0.000001
86.6800,0.000000,0.650000,0.650000,0.422500,0.000001
86.6900,0.000000,0.650000,0.650000,0.422500,0.000001
86.7000,0.000000,0.650000,0.650000,0.422500,0.000001
86.7100,0.000000,0.650000,0.650000,0.422500,0.000001
86.7200,0.000000,0.650000,0.650000,0.422500,0.000001
86.7300,0.000000,0.650000,0.650000,0.422500,0.000001
86.7400,0.000000,0.650000,0.650000,0.422500,0.000001
86.7500,0.000000,0.650000,0.650000,0.422500,0.000001
86.7600,0.000000,0.650000,0.650000,0.422500,0.000001
86.7700,0.000000,0.650000,0.650000,0.422500,0.000001
86.7800,0.000000,0.650000,0.650000,0.422500,0.000001
86.7900,0.000000,0.650000,0.650000,0.422500,0.000001
86.8000,0.000000,0.650000,0.650000,0.422500,0.000001
86.8100,0.000000,0.650000,0.650000,0.422500,0.000001
86.8200,0.000000,0.650000,0.650000,0.422500,0.000001
86.8300,0.000000,0.650000,0.650000,0.422500,0.000001
86.8400,0.000000,0.650000,0.650000,0.422500,0.000001
86.8500,0.000000,0.650000,0.650000,0.422500,0.000001
86.8600,0.000000,0.650000,0.650000,0.422500,0.000001
86.8700,0.000000,0.650000,0.650000,0.422500,0.000001
86.8800,0.000000,0.650000,0.650000,0.422500,0.000001
86.8900,0.000000,0.650000,0.650000,0.422500,0.000001
86.9000,0.000000,0.650000,0.650000,0.422500,0.000000
86.9100,0.000000,0.650000,0.650000,0.422500,0.000000
86.9200,0.000000,0.650000,0.650000,0.422500,0.000000
86.9300,0.000000,0.650000,0.650000,0.422500,0.000000
86.9400,0.000000,0.650000,0.650000,0.422500,0.000000
86.9500,0.000000,0.650000,0.650000,0.422500,0.000000
86.9600,0.000000,0.650000,0.650000,0.422500,0.000000
86.9700,0.000000,0.650000,0.650000,0.422500,0.000000
86.9800,0.000000,0.650000,0.650000,0.422500,0.000000
86.9900,0.000000,0.650000,0.650000,0.422500,0.000000
87.0000,0.000000,0.650000,0.650000,0.422500,0.000000
87.0100,0.000000,0.650000,0.650000,0.422500,0.000000
87.0200,0.000000,0.650000,0.650000,0.422500,0.000000
87.0300,0.000000,0.650000,0.650000,0.422500,0.000000
87.0400,0.000000,0.650000,0.650000,0.422500,0.000000
87.0500,0.000000,0.650000,0.650000,0.422500,0.000000
87.0600,0.000000,0.650000,0.650000,0.422500,0.000000
87.0700,0.000000,0.650000,0.650000,0.422500,-0.000000
87.0800,0.000000,0.650000,0.650000,0.422500,-0.000000
87.0900,0.000000,0.650000,0.650000,0.422500,-0.000000
87.1000,0.000000,0.650000,0.650000,0.422500,-0.000000
87.1100,0.000000,0.650000,0.650000,0.422500,-0.000000
87.1200,-0.000000,0.650000,0.650000,0.422500,-0.000000
87.1300,-0.000000,0.650000,0.650000,0.422500,-0.000000
87.1400,-0.000000,0.650000,0.650000,0.422500,-0.000000
87.1500,-0.000000,0.650000,0.650000,0.422500,-0.000000
87.1600,-0.000000,0.650000,0.650000,0.422500,-0.000000
87.1700,-0.000000,0.650000,0.650000,0.422500,-0.000000
87.1800,-0.000000,0.650000,0.650000,0.422500,-0.000000
87.1900,-0.000000,0.650000,0.650000,0.422500,-0.000000
87.2000,-0.000000,0.650000,0.650000,0.422500,-0.000000
87.2100,-0.000000,0.650000,0.650000,0.422500,-0.000000
87.2200,-0.000000,0.650000,0.650000,0.422500,-0.000000
87.2300,-0.000000,0.650000,0.650000,0.422500,-0.000000
87.2400,-0.000000,0.650000,0.650000,0.422500,-0.000000
87.2500,-0.000000,0.650000,0.650000,0.422500,-0.000001
87.2600,-0.000000,0.650000,0.650000,0.422500,-0.000001
87.2700,-0.000000,0.650000,0.650000,0.422500,-0.000001
87.2800,-0.000000,0.650000,0.650000,0.422500,-0.000001
87.2900,-0.000000,0.650000,0.650000,0.422500,-0.000001
87.3000,-0.000000,0.650000,0.650000,0.422500,-0.000001
87.3100,-0.000000,0.650000,0.650000,0.422500,-0.000001
87.3200,-0.000000,0.650000,0.650000,0.422500,-0.000001
87.3300,-0.000000,0.650000,0.650000,0.422500,-0.000001
87.3400,-0.000000,0.650000,0.650000,0.422500,-0.000001
87.3500,-0.000000,0.650000,0.650000,0.422500,-0.000001
87.3600,-0.000000,0.650000,0.650000,0.422500,-0.000001
87.3700,-0.000000,0.650000,0.650000,0.422500,-0.000001
87.3800,-0.000000,0.650000,0.650000,0.422500,-0.000001
87.3900,-0.000000,0.650000,0.650000,0.422500,-0.000001
87.4000,-0.000000,0.650000,0.650000,0.422500,-0.000001
87.4100,-0.000000,0.650000,0.650000,0.422500,-0.000001
87.4200,-0.000000,0.650000,0.650000,0.422500,-0.000001
87.4300,-0.000000,0.650000,0.650000,0.422500,-0.000001
87.4400,-0.000000,0.650000,0.650000,0.422500,-0.000001
87.4500,-0.000000,0.650000,0.650000,0.422500,-0.000001
87.4600,-0.000000,0.650000,0.650000,0.422500,-0.000001
87.4700,-0.000000,0.650000,0.650000,0.422500,-0.000001
87.4800,-0.000000,0.650000,0.650000,0.422500,-0.000001
87.4900,-0.000000,0.650000,0.650000,0.422500,-0.000001
87.5000,-0.000000,0.650000,0.650000,0.422500,-0.000001
87.5100,-0.000000,0.650000,0.650000,0.422500,-0.000001
87.5200,-0.000000,0.650000,0.650000,0.422500,-0.000001
87.5300,-0.000000,0.650000,0.650000,0.422500,-0.000001
87.5400,-0.000000,0.650000,0.650000,0.422500,-0.000001
87.5500,-0.000000,0.650000,0.650000,0.422500,-0.000001
87.5600,-0.000000,0.650000,0.650000,0.422500,-0.000000
87.5700,-0.000000,0.650000,0.650000,0.422500,-0.000000
87.5800,-0.000000,0.650000,0.650000,0.422500,-0.000000
87.5900,-0.000000,0.650000,0.650000,0.422500,-0.000000
87.6000,-0.000000,0.650000,0.650000,0.422500,-0.000000
87.6100,-0.000000,0.650000,0.650000,0.422500,-0.000000
87.6200,-0.000000,0.650000,0.650000,0.422500,-0.000000
87.6300,-0.000000,0.650000,0.650000,0.422500,-0.000000
87.6400,-0.000000,0.650000,0.650000,0.422500,-0.000000
87.6500,-0.000000,0.650000,0.650000,0.422500,-0.000000
87.6600,-0.000000,0.650000,0.650000,0.422500,-0.000000
87.6700,-0.000000,0.650000,0.650000,0.422500,-0.000000
87.6800,-0.000000,0.650000,0.650000,0.422500,-0.000000
87.6900,-0.000000,0.650000,0.650000,0.422500,-0.000000
87.7000,-0.000000,0.650000,0.650000,0.422500,-0.000000
87.7100,-0.000000,0.650000,0.650000,0.422500,-0.000000
87.7200,-0.000000,0.650000,0.650000,0.422500,-0.000000
87.7300,-0.000000,0.650000,0.650000,0.422500,-0.000000
87.7400,-0.000000,0.650000,0.650000,0.422500,-0.000000
87.7500,-0.000000,0.650000,0.650000,0.422500,-0.000000
87.7600,-0.000000,0.650000,0.650000,0.422500,-0.000000
87.7700,-0.000000,0.650000,0.650000,0.422500,0.000000
87.7800,-0.000000,0.650000,0.650000,0.422500,0.000000
87.7900,0.000000,0.650000,0.650000,0.422500,0.000000
87.8000,0.000000,0.650000,0.650000,0.422500,0.000000
87.8100,0.000000,0.650000,0.650000,0.422500,0.000000
87.8200,0.000000,0.650000,0.650000,0.422500,0.000000
87.8300,0.000000,0.650000,0.650000,0.422500,0.000000
87.8400,0.000000,0.650000,0.650000,0.422500,0.000000
87.8500,0.000000,0.650000,0.650000,0.422500,0.000000
87.8600,0.000000,0.650000,0.650000,0.422500,0.000000
87.8700,0.000000,0.650000,0.650000,0.422500,0.000000
87.8800,0.000000,0.650000,0.650000,0.422500,0.000000
87.8900,0.000000,0.650000,0.650000,0.422500,0.000000
87.9000,0.000000,0.650000,0.650000,0.422500,0.000000
87.9100,0.000000,0.650000,0.650000,0.422500,0.000000
87.9200,0.000000,0.650000,0.650000,0.422500,0.000000
87.9300,0.000000,0.650000,0.650000,0.422500,0.000000
87.9400,0.000000,0.650000,0.650000,0.422500,0.000000
87.9500,0.000000,0.650000,0.650000,0.422500,0.000000
87.9600,0.000000,0.650000,0.650000,0.422500,0.000000
87.9700,0.000000,0.650000,0.650000,0.422500,0.000000
87.9800,0.000000,0.650000,0.650000,0.422500,0.000000
87.9900,0.000000,0.650000,0.650000,0.422500,0.000000
88.0000,0.000000,0.650000,0.650000,0.422500,0.000000
88.0100,0.000000,0.650000,0.650000,0.422500,0.000000
88.0200,0.000000,0.650000,0.650000,0.422500,0.000001
88.0300,0.000000,0.650000,0.650000,0.422500,0.000001
88.0400,0.000000,0.650000,0.650000,0.422500,0.000001
88.0500,0.000000,0.650000,0.650000,0.422500,0.000001
88.0600,0.000000,0.650000,0.650000,0.422500,0.000001
88.0700,0.000000,0.650000,0.650000,0.422500,0.000001
88.0800,0.000000,0.650000,0.650000,0.422500,0.000001
88.0900,0.000000,0.650000,0.650000,0.422500,0.000001
88.1000,0.000000,0.650000,0.650000,0.422500,0.000001
88.1100,0.000000,0.650000,0.650000,0.422500,0.000001
88.1200,0.000000,0.650000,0.650000,0.422500,0.000001
88.1300,0.000000,0.650000,0.650000,0.422500,0.000001
88.1400,0.000000,0.650000,0.650000,0.422500,0.000001
88.1500,0.000000,0.650000,0.650000,0.422500,0.000001
88.1600,0.000000,0.650000,0.650000,0.422500,0.000001
88.1700,0.000000,0.650000,0.650000,0.422500,0.000001
88.1800,0.000000,0.650000,0.650000,0.422500,0.000001
88.1900,0.000000,0.650000,0.650000,0.422500,0.000000
88.2000,0.000000,0.650000,0.650000,0.422500,0.000000
88.2100,0.000000,0.650000,0.650000,0.422500,0.000000
88.2200,0.000000,0.650000,0.650000,0.422500,0.000000
88.2300,0.000000,0.650000,0.650000,0.422500,0.000000
88.2400,0.000000,0.650000,0.650000,0.422500,0.000000
88.2500,0.000000,0.650000,0.650000,0.422500,0.000000
88.2600,0.000000,0.650000,0.650000,0.422500,0.000000
88.2700,0.000000,0.650000,0.650000,0.422500,0.000000
88.2800,0.000000,0.650000,0.650000,0.422500,0.000000
88.2900,0.000000,0.650000,0.650000,0.422500,0.000000
88.3000,0.000000,0.650000,0.650000,0.422500,0.000000
88.3100,0.000000,0.650000,0.650000,0.422500,0.000000
88.3200,0.000000,0.650000,0.650000,0.422500,0.000000
88.3300,0.000000,0.650000,0.650000,0.422500,0.000000
88.3400,0.000000,0.650000,0.650000,0.422500,0.000000
88.3500,0.000000,0.650000,0.650000,0.422500,0.000000
88.3600,0.000000,0.650000,0.650000,0.422500,0.000000
88.3700,0.000000,0.650000,0.650000,0.422500,0.000000
88.3800,0.000000,0.650000,0.650000,0.422500,0.000000
88.3900,0.000000,0.650000,0.650000,0.422500,0.000000
88.4000,0.000000,0.650000,0.650000,0.422500,0.000000
88.4100,0.000000,0.650000,0.650000,0.422500,0.000000
88.4200,0.000000,0.650000,0.650000,0.422500,0.000000
88.4300,0.000000,0.650000,0.650000,0.422500,0.000000
88.4400,0.000000,0.650000,0.650000,0.422500,0.000000
88.4500,0.000000,0.650000,0.650000,0.422500,0.000000
88.4600,0.000000,0.650000,0.650000,0.422500,0.000000
88.4700,0.000000,0.650000,0.650000,0.422500,-0.000000
88.4800,0.000000,0.650000,0.650000,0.422500,-0.000000
88.4900,0.000000,0.650000,0.650000,0.422500,-0.000000
88.5000,0.000000,0.650000,0.650000,0.422500,-0.000000
88.5100,0.000000,0.650000,0.650000,0.422500,-0.000000
88.5200,-0.000000,0.650000,0.650000,0.422500,-0.000000
88.5300,-0.000000,0.650000,0.650000,0.422500,-0.000000
88.5400,-0.000000,0.650000,0.650000,0.422500,-0.000000
88.5500,-0.000000,0.650000,0.650000,0.422500,-0.000000
88.5600,-0.000000,0.650000,0.650000,0.422500,-0.000000
88.5700,-0.000000,0.650000,0.650000,0.422500,-0.000000
88.5800,-0.000000,0.650000,0.650000,0.422500,-0.000000
88.5900,-0.000000,0.650000,0.650000,0.422500,-0.000000
88.6000,-0.000000,0.650000,0.650000,0.422500,-0.000000
88.6100,-0.000000,0.650000,0.650000,0.422500,-0.000000
88.6200,-0.000000,0.650000,0.650000,0.422500,-0.000000
88.6300,-0.000000,0.650000,0.650000,0.422500,-0.000000
88.6400,-0.000000,0.650000,0.650000,0.422500,-0.000000
88.6500,-0.000000,0.650000,0.650000,0.422500,-0.000000
88.6600,-0.000000,0.650000,0.650000,0.422500,-0.000000
88.6700,-0.000000,0.650000,0.650000,0.422500,-0.000000
88.6800,-0.000000,0.650000,0.650000,0.422500,-0.000000
88.6900,-0.000000,0.650000,0.650000,0.422500,-0.000000
88.7000,-0.000000,0.650000,0.650000,0.422500,-0.000000
88.7100,-0.000000,0.650000,0.650000,0.422500,-0.000000
88.7200,-0.000000,0.650000,0.650000,0.422500,-0.000000
88.7300,-0.000000,0.650000,0.650000,0.422500,-0.000000
88.7400,-0.000000,0.650000,0.650000,0.422500,-0.000000
88.7500,-0.000000,0.650000,0.650000,0.422500,-0.000000
88.7600,-0.000000,0.650000,0.650000,0.422500,-0.000000
88.7700,-0.000000,0.650000,0.650000,0.422500,-0.000000
88.7800,-0.000000,0.650000,0.650000,0.422500,-0.000000
88.7900,-0.000000,0.650000,0.650000,0.422500,-0.000000
88.8000,-0.000000,0.650000,0.650000,0.422500,-0.000000
88.8100,-0.000000,0.650000,0.650000,0.422500,-0.000000
88.8200,-0.000000,0.650000,0.650000,0.422500,-0.000000
88.8300,-0.000000,0.650000,0.650000,0.422500,-0.000000
88.8400,-0.000000,0.650000,0.650000,0.422500,-0.000000
88.8500,-0.000000,0.650000,0.650000,0.422500,-0.000000
88.8600,-0.000000,0.650000,0.650000,0.422500,-0.000000
88.8700,-0.000000,0.650000,0.650000,0.422500,-0.000000
88.8800,-0.000000,0.650000,0.650000,0.422500,-0.000000
88.8900,-0.000000,0.650000,0.650000,0.422500,-0.000000
88.9000,-0.000000,0.650000,0.650000,0.422500,-0.000000
88.9100,-0.000000,0.650000,0.650000,0.422500,-0.000000
88.9200,-0.000000,0.650000,0.650000,0.422500,-0.000000
88.9300,-0.000000,0.650000,0.650000,0.422500,-0.000000
88.9400,-0.000000,0.650000,0.650000,0.422500,-0.000000
88.9500,-0.000000,0.650000,0.650000,0.422500,-0.000000
88.9600,-0.000000,0.650000,0.650000,0.422500,-0.000000
88.9700,-0.000000,0.650000,0.650000,0.422500,-0.000000
88.9800,-0.000000,0.650000,0.650000,0.422500,-0.000000
88.9900,-0.000000,0.650000,0.650000,0.422500,-0.000000
89.0000,-0.000000,0.650000,0.650000,0.422500,-0.000000
89.0100,-0.000000,0.650000,0.650000,0.422500,-0.000000
89.0200,-0.000000,0.650000,0.650000,0.422500,-0.000000
89.0300,-0.000000,0.650000,0.650000,0.422500,-0.000000
89.0400,-0.000000,0.650000,0.650000,0.422500,-0.000000
89.0500,-0.000000,0.650000,0.650000,0.422500,-0.000000
89.0600,-0.000000,0.650000,0.650000,0.422500,-0.000000
89.0700,-0.000000,0.650000,0.650000,0.422500,-0.000000
89.0800,-0.000000,0.650000,0.650000,0.422500,-0.000000
89.0900,-0.000000,0.650000,0.650000,0.422500,-0.000000
89.1000,-0.000000,0.650000,0.650000,0.422500,-0.000000
89.1100,-0.000000,0.650000,0.650000,0.422500,-0.000000
89.1200,-0.000000,0.650000,0.650000,0.422500,-0.000000
89.1300,-0.000000,0.650000,0.650000,0.422500,-0.000000
89.1400,-0.000000,0.650000,0.650000,0.422500,-0.000000
89.1500,-0.000000,0.650000,0.650000,0.422500,-0.000000
89.1600,-0.000000,0.650000,0.650000,0.422500,-0.000000
89.1700,-0.000000,0.650000,0.650000,0.422500,0.000000
89.1800,-0.000000,0.650000,0.650000,0.422500,0.000000
89.1900,-0.000000,0.650000,0.650000,0.422500,0.000000
89.2000,0.000000,0.650000,0.650000,0.422500,0.000000
89.2100,0.000000,0.650000,0.650000,0.422500,0.000000
89.2200,0.000000,0.650000,0.650000,0.422500,0.000000
89.2300,0.000000,0.650000,0.650000,0.422500,0.000000
89.2400,0.000000,0.650000,0.650000,0.422500,0.000000
89.2500,0.000000,0.650000,0.650000,0.422500,0.000000
89.2600,0.000000,0.650000,0.650000,0.422500,0.000000
89.2700,0.000000,0.650000,0.650000,0.422500,0.000000
89.2800,0.000000,0.650000,0.650000,0.422500,0.000000
89.2900,0.000000,0.650000,0.650000,0.422500,0.000000
89.3000,0.000000,0.650000,0.650000,0.422500,0.000000
89.3100,0.000000,0.650000,0.650000,0.422500,0.000000
89.3200,0.000000,0.650000,0.650000,0.422500,0.000000
89.3300,0.000000,0.650000,0.650000,0.422500,0.000000
89.3400,0.000000,0.650000,0.650000,0.422500,0.000000
89.3500,0.000000,0.650000,0.650000,0.422500,0.000000
89.3600,0.000000,0.650000,0.650000,0.422500,0.000000
89.3700,0.000000,0.650000,0.650000,0.422500,0.000000
89.3800,0.000000,0.650000,0.650000,0.422500,0.000000
89.3900,0.000000,0.650000,0.650000,0.422500,0.000000
89.4000,0.000000,0.650000,0.650000,0.422500,0.000000
89.4100,0.000000,0.650000,0.650000,0.422500,0.000000
89.4200,0.000000,0.650000,0.650000,0.422500,0.000000
89.4300,0.000000,0.650000,0.650000,0.422500,0.000000
89.4400,0.000000,0.650000,0.650000,0.422500,0.000000
89.4500,0.000000,0.650000,0.650000,0.422500,0.000000
89.4600,0.000000,0.650000,0.650000,0.422500,0.000000
89.4700,0.000000,0.650000,0.650000,0.422500,0.000000
89.4800,0.000000,0.650000,0.650000,0.422500,0.000000
89.4900,0.000000,0.650000,0.650000,0.422500,0.000000
89.5000,0.000000,0.650000,0.650000,0.422500,0.000000
89.5100,0.000000,0.650000,0.650000,0.422500,0.000000
89.5200,0.000000,0.650000,0.650000,0.422500,0.000000
89.5300,0.000000,0.650000,0.650000,0.422500,0.000000
89.5400,0.000000,0.650000,0.650000,0.422500,0.000000
89.5500,0.000000,0.650000,0.650000,0.422500,0.000000
89.5600,0.000000,0.650000,0.650000,0.422500,0.000000
89.5700,0.000000,0.650000,0.650000,0.422500,0.000000
89.5800,0.000000,0.650000,0.650000,0.422500,0.000000
89.5900,0.000000,0.650000,0.650000,0.422500,0.000000
89.6000,0.000000,0.650000,0.650000,0.422500,0.000000
89.6100,0.000000,0.650000,0.650000,0.422500,0.000000
89.6200,0.000000,0.650000,0.650000,0.422500,0.000000
89.6300,0.000000,0.650000,0.650000,0.422500,0.000000
89.6400,0.000000,0.650000,0.650000,0.422500,0.000000
89.6500,0.000000,0.650000,0.650000,0.422500,0.000000
89.6600,0.000000,0.650000,0.650000,0.422500,0.000000
89.6700,0.000000,0.650000,0.650000,0.422500,0.000000
89.6800,0.000000,0.650000,0.650000,0.422500,0.000000
89.6900,0.000000,0.650000,0.650000,0.422500,0.000000
89.7000,0.000000,0.650000,0.650000,0.422500,0.000000
89.7100,0.000000,0.650000,0.650000,0.422500,0.000000
89.7200,0.000000,0.650000,0.650000,0.422500,0.000000
89.7300,0.000000,0.650000,0.650000,0.422500,0.000000
89.7400,0.000000,0.650000,0.650000,0.422500,0.000000
89.7500,0.000000,0.650000,0.650000,0.422500,0.000000
89.7600,0.000000,0.650000,0.650000,0.422500,0.000000
89.7700,0.000000,0.650000,0.650000,0.422500,0.000000
89.7800,0.000000,0.650000,0.650000,0.422500,0.000000
89.7900,0.000000,0.650000,0.650000,0.422500,0.000000
89.8000,0.000000,0.650000,0.650000,0.422500,0.000000
89.8100,0.000000,0.650000,0.650000,0.422500,0.000000
89.8200,0.000000,0.650000,0.650000,0.422500,0.000000
89.8300,0.000000,0.650000,0.650000,0.422500,0.000000
89.8400,0.000000,0.650000,0.650000,0.422500,0.000000
89.8500,0.000000,0.650000,0.650000,0.422500,0.000000
89.8600,0.000000,0.650000,0.650000,0.422500,0.000000
89.8700,0.000000,0.650000,0.650000,0.422500,-0.000000
89.8800,0.000000,0.650000,0.650000,0.422500,-0.000000
89.8900,0.000000,0.650000,0.650000,0.422500,-0.000000
89.9000,0.000000,0.650000,0.650000,0.422500,-0.000000
89.9100,0.000000,0.650000,0.650000,0.422500,-0.000000
89.9200,0.000000,0.650000,0.650000,0.422500,-0.000000
89.9300,-0.000000,0.650000,0.650000,0.422500,-0.000000
89.9400,-0.000000,0.650000,0.650000,0.422500,-0.000000
89.9500,-0.000000,0.650000,0.650000,0.422500,-0.000000
89.9600,-0.000000,0.650000,0.650000,0.422500,-0.000000
89.9700,-0.000000,0.650000,0.650000,0.422500,-0.000000
89.9800,-0.000000,0.650000,0.650000,0.422500,-0.000000
89.9900,-0.000000,0.650000,0.650000,0.422500,-0.000000
90.0000,-0.000000,0.650000,0.650000,0.422500,-0.000000
90.0100,-0.000000,0.650000,0.650000,0.422500,-0.000000
90.0200,-0.000000,0.650000,0.650000,0.422500,-0.000000
90.0300,-0.000000,0.650000,0.650000,0.422500,-0.000000
90.0400,-0.000000,0.650000,0.650000,0.422500,-0.000000
90.0500,-0.000000,0.650000,0.650000,0.422500,-0.000000
90.0600,-0.000000,0.650000,0.650000,0.422500,-0.000000
90.0700,-0.000000,0.650000,0.650000,0.422500,-0.000000
90.0800,-0.000000,0.650000,0.650000,0.422500,-0.000000
90.0900,-0.000000,0.650000,0.650000,0.422500,-0.000000
90.1000,-0.000000,0.650000,0.650000,0.422500,-0.000000
90.1100,-0.000000,0.650000,0.650000,0.422500,-0.000000
90.1200,-0.000000,0.650000,0.650000,0.422500,-0.000000
90.1300,-0.000000,0.650000,0.650000,0.422500,-0.000000
90.1400,-0.000000,0.650000,0.650000,0.422500,-0.000000
90.1500,-0.000000,0.650000,0.650000,0.422500,-0.000000
90.1600,-0.000000,0.650000,0.650000,0.422500,-0.000000
90.1700,-0.000000,0.650000,0.650000,0.422500,-0.000000
90.1800,-0.000000,0.650000,0.650000,0.422500,-0.000000
90.1900,-0.000000,0.650000,0.650000,0.422500,-0.000000
90.2000,-0.000000,0.650000,0.650000,0.422500,-0.000000
90.2100,-0.000000,0.650000,0.650000,0.422500,-0.000000
90.2200,-0.000000,0.650000,0.650000,0.422500,-0.000000
90.2300,-0.000000,0.650000,0.650000,0.422500,-0.000000
90.2400,-0.000000,0.650000,0.650000,0.422500,-0.000000
90.2500,-0.000000,0.650000,0.650000,0.422500,-0.000000
90.2600,-0.000000,0.650000,0.650000,0.422500,-0.000000
90.2700,-0.000000,0.650000,0.650000,0.422500,-0.000000
90.2800,-0.000000,0.650000,0.650000,0.422500,-0.000000
90.2900,-0.000000,0.650000,0.650000,0.422500,-0.000000
90.3000,-0.000000,0.650000,0.650000,0.422500,-0.000000
90.3100,-0.000000,0.650000,0.650000,0.422500,-0.000000
90.3200,-0.000000,0.650000,0.650000,0.422500,-0.000000
90.3300,-0.000000,0.650000,0.650000,0.422500,-0.000000
90.3400,-0.000000,0.650000,0.650000,0.422500,-0.000000
90.3500,-0.000000,0.650000,0.650000,0.422500,-0.000000
90.3600,-0.000000,0.650000,0.650000,0.422500,-0.000000
90.3700,-0.000000,0.650000,0.650000,0.422500,-0.000000
90.3800,-0.000000,0.650000,0.650000,0.422500,-0.000000
90.3900,-0.000000,0.650000,0.650000,0.422500,-0.000000
90.4000,-0.000000,0.650000,0.650000,0.422500,-0.000000
90.4100,-0.000000,0.650000,0.650000,0.422500,-0.000000
90.4200,-0.000000,0.650000,0.650000,0.422500,-0.000000
90.4300,-0.000000,0.650000,0.650000,0.422500,-0.000000
90.4400,-0.000000,0.650000,0.650000,0.422500,-0.000000
90.4500,-0.000000,0.650000,0.650000,0.422500,-0.000000
90.4600,-0.000000,0.650000,0.650000,0.422500,-0.000000
90.4700,-0.000000,0.650000,0.650000,0.422500,-0.000000
90.4800,-0.000000,0.650000,0.650000,0.422500,-0.000000
90.4900,-0.000000,0.650000,0.650000,0.422500,-0.000000
90.5000,-0.000000,0.650000,0.650000,0.422500,-0.000000
90.5100,-0.000000,0.650000,0.650000,0.422500,-0.000000
90.5200,-0.000000,0.650000,0.650000,0.422500,-0.000000
90.5300,-0.000000,0.650000,0.650000,0.422500,-0.000000
90.5400,-0.000000,0.650000,0.650000,0.422500,-0.000000
90.5500,-0.000000,0.650000,0.650000,0.422500,-0.000000
90.5600,-0.000000,0.650000,0.650000,0.422500,-0.000000
90.5700,-0.000000,0.650000,0.650000,0.422500,-0.000000
90.5800,-0.000000,0.650000,0.650000,0.422500,0.000000
90.5900,-0.000000,0.650000,0.650000,0.422500,0.000000
90.6000,0.000000,0.650000,0.650000,0.422500,0.000000
90.6100,0.000000,0.650000,0.650000,0.422500,0.000000
90.6200,0.000000,0.650000,0.650000,0.422500,0.000000
90.6300,0.000000,0.650000,0.650000,0.422500,0.000000
90.6400,0.000000,0.650000,0.650000,0.422500,0.000000
90.6500,0.000000,0.650000,0.650000,0.422500,0.000000
90.6600,0.000000,0.650000,0.650000,0.422500,0.000000
90.6700,0.000000,0.650000,0.650000,0.422500,0.000000
90.6800,0.000000,0.650000,0.650000,0.422500,0.000000
90.6900,0.000000,0.650000,0.650000,0.422500,0.000000
90.7000,0.000000,0.650000,0.650000,0.422500,0.000000
90.7100,0.000000,0.650000,0.650000,0.422500,0.000000
90.7200,0.000000,0.650000,0.650000,0.422500,0.000000
90.7300,0.000000,0.650000,0.650000,0.422500,0.000000
90.7400,0.000000,0.650000,0.650000,0.422500,0.000000
90.7500,0.000000,0.650000,0.650000,0.422500,0.000000
90.7600,0.000000,0.650000,0.650000,0.422500,0.000000
90.7700,0.000000,0.650000,0.650000,0.422500,0.000000
90.7800,0.000000,0.650000,0.650000,0.422500,0.000000
90.7900,0.000000,0.650000,0.650000,0.422500,0.000000
90.8000,0.000000,0.650000,0.650000,0.422500,0.000000
90.8100,0.000000,0.650000,0.650000,0.422500,0.000000
90.8200,0.000000,0.650000,0.650000,0.422500,0.000000
90.8300,0.000000,0.650000,0.650000,0.422500,0.000000
90.8400,0.000000,0.650000,0.650000,0.422500,0.000000
90.8500,0.000000,0.650000,0.650000,0.422500,0.000000
90.8600,0.000000,0.650000,0.650000,0.422500,0.000000
90.8700,0.000000,0.650000,0.650000,0.422500,0.000000
90.8800,0.000000,0.650000,0.650000,0.422500,0.000000
90.8900,0.000000,0.650000,0.650000,0.422500,0.000000
90.9000,0.000000,0.650000,0.650000,0.422500,0.000000
90.9100,0.000000,0.650000,0.650000,0.422500,0.000000
90.9200,0.000000,0.650000,0.650000,0.422500,0.000000
90.9300,0.000000,0.650000,0.650000,0.422500,0.000000
90.9400,0.000000,0.650000,0.650000,0.422500,0.000000
90.9500,0.000000,0.650000,0.650000,0.422500,0.000000
90.9600,0.000000,0.650000,0.650000,0.422500,0.000000
90.9700,0.000000,0.650000,0.650000,0.422500,0.000000
90.9800,0.000000,0.650000,0.650000,0.422500,0.000000
90.9900,0.000000,0.650000,0.650000,0.422500,0.000000
91.0000,0.000000,0.650000,0.650000,0.422500,0.000000
91.0100,0.000000,0.650000,0.650000,0.422500,0.000000
91.0200,0.000000,0.650000,0.650000,0.422500,0.000000
91.0300,0.000000,0.650000,0.650000,0.422500,0.000000
91.0400,0.000000,0.650000,0.650000,0.422500,0.000000
91.0500,0.000000,0.650000,0.650000,0.422500,0.000000
91.0600,0.000000,0.650000,0.650000,0.422500,0.000000
91.0700,0.000000,0.650000,0.650000,0.422500,0.000000
91.0800,0.000000,0.650000,0.650000,0.422500,0.000000
91.0900,0.000000,0.650000,0.650000,0.422500,0.000000
91.1000,0.000000,0.650000,0.650000,0.422500,0.000000
91.1100,0.000000,0.650000,0.650000,0.422500,0.000000
91.1200,0.000000,0.650000,0.650000,0.422500,0.000000
91.1300,0.000000,0.650000,0.650000,0.422500,0.000000
91.1400,0.000000,0.650000,0.650000,0.422500,0.000000
91.1500,0.000000,0.650000,0.650000,0.422500,0.000000
91.1600,0.000000,0.650000,0.650000,0.422500,0.000000
91.1700,0.000000,0.650000,0.650000,0.422500,0.000000
91.1800,0.000000,0.650000,0.650000,0.422500,0.000000
91.1900,0.000000,0.650000,0.650000,0.422500,0.000000
91.2000,0.000000,0.650000,0.650000,0.422500,0.000000
91.2100,0.000000,0.650000,0.650000,0.422500,0.000000
91.2200,0.000000,0.650000,0.650000,0.422500,0.000000
91.2300,0.000000,0.650000,0.650000,0.422500,0.000000
91.2400,0.000000,0.650000,0.650000,0.422500,0.000000
91.2500,0.000000,0.650000,0.650000,0.422500,0.000000
91.2600,0.000000,0.650000,0.650000,0.422500,0.000000
91.2700,0.000000,0.650000,0.650000,0.422500,0.000000
91.2800,0.000000,0.650000,0.650000,0.422500,-0.000000
91.2900,0.000000,0.650000,0.650000,0.422500,-0.000000
91.3000,0.000000,0.650000,0.650000,0.422500,-0.000000
91.3100,0.000000,0.650000,0.650000,0.422500,-0.000000
91.3200,0.000000,0.650000,0.650000,0.422500,-0.000000
91.3300,-0.000000,0.650000,0.650000,0.422500,-0.000000
91.3400,-0.000000,0.650000,0.650000,0.422500,-0.000000
91.3500,-0.000000,0.650000,0.650000,0.422500,-0.000000
91.3600,-0.000000,0.650000,0.650000,0.422500,-0.000000
91.3700,-0.000000,0.650000,0.650000,0.422500,-0.000000
91.3800,-0.000000,0.650000,0.650000,0.422500,-0.000000
91.3900,-0.000000,0.650000,0.650000,0.422500,-0.000000
91.4000,-0.000000,0.650000,0.650000,0.422500,-0.000000
91.4100,-0.000000,0.650000,0.650000,0.422500,-0.000000
91.4200,-0.000000,0.650000,0.650000,0.422500,-0.000000
91.4300,-0.000000,0.650000,0.650000,0.422500,-0.000000
91.4400,-0.000000,0.650000,0.650000,0.422500,-0.000000
91.4500,-0.000000,0.650000,0.650000,0.422500,-0.000000
91.4600,-0.000000,0.650000,0.650000,0.422500,-0.000000
91.4700,-0.000000,0.650000,0.650000,0.422500,-0.000000
91.4800,-0.000000,0.650000,0.650000,0.422500,-0.000000
91.4900,-0.000000,0.650000,0.650000,0.422500,-0.000000
91.5000,-0.000000,0.650000,0.650000,0.422500,-0.000000
91.5100,-0.000000,0.650000,0.650000,0.422500,-0.000000
91.5200,-0.000000,0.650000,0.650000,0.422500,-0.000000
91.5300,-0.000000,0.650000,0.650000,0.422500,-0.000000
91.5400,-0.000000,0.650000,0.650000,0.422500,-0.000000
91.5500,-0.000000,0.650000,0.650000,0.422500,-0.000000
91.5600,-0.000000,0.650000,0.650000,0.422500,-0.000000
91.5700,-0.000000,0.650000,0.650000,0.422500,-0.000000
91.5800,-0.000000,0.650000,0.650000,0.422500,-0.000000
91.5900,-0.000000,0.650000,0.650000,0.422500,-0.000000
91.6000,-0.000000,0.650000,0.650000,0.422500,-0.000000
91.6100,-0.000000,0.650000,0.650000,0.422500,-0.000000
91.6200,-0.000000,0.650000,0.650000,0.422500,-0.000000
91.6300,-0.000000,0.650000,0.650000,0.422500,-0.000000
91.6400,-0.000000,0.650000,0.650000,0.422500,-0.000000
91.6500,-0.000000,0.650000,0.650000,0.422500,-0.000000
91.6600,-0.000000,0.650000,0.650000,0.422500,-0.000000
91.6700,-0.000000,0.650000,0.650000,0.422500,-0.000000
91.6800,-0.000000,0.650000,0.650000,0.422500,-0.000000
91.6900,-0.000000,0.650000,0.650000,0.422500,-0.000000
91.7000,-0.000000,0.650000,0.650000,0.422500,-0.000000
91.7100,-0.000000,0.650000,0.650000,0.422500,-0.000000
91.7200,-0.000000,0.650000,0.650000,0.422500,-0.000000
91.7300,-0.000000,0.650000,0.650000,0.422500,-0.000000
91.7400,-0.000000,0.650000,0.650000,0.422500,-0.000000
91.7500,-0.000000,0.650000,0.650000,0.422500,-0.000000
91.7600,-0.000000,0.650000,0.650000,0.422500,-0.000000
91.7700,-0.000000,0.650000,0.650000,0.422500,-0.000000
91.7800,-0.000000,0.650000,0.650000,0.422500,-0.000000
91.7900,-0.000000,0.650000,0.650000,0.422500,-0.000000
91.8000,-0.000000,0.650000,0.650000,0.422500,-0.000000
91.8100,-0.000000,0.650000,0.650000,0.422500,-0.000000
91.8200,-0.000000,0.650000,0.650000,0.422500,-0.000000
91.8300,-0.000000,0.650000,0.650000,0.422500,-0.000000
91.8400,-0.000000,0.650000,0.650000,0.422500,-0.000000
91.8500,-0.000000,0.650000,0.650000,0.422500,-0.000000
91.8600,-0.000000,0.650000,0.650000,0.422500,-0.000000
91.8700,-0.000000,0.650000,0.650000,0.422500,-0.000000
91.8800,-0.000000,0.650000,0.650000,0.422500,-0.000000
91.8900,-0.000000,0.650000,0.650000,0.422500,-0.000000
91.9000,-0.000000,0.650000,0.650000,0.422500,-0.000000
91.9100,-0.000000,0.650000,0.650000,0.422500,-0.000000
91.9200,-0.000000,0.650000,0.650000,0.422500,-0.000000
91.9300,-0.000000,0.650000,0.650000,0.422500,-0.000000
91.9400,-0.000000,0.650000,0.650000,0.422500,-0.000000
91.9500,-0.000000,0.650000,0.650000,0.422500,-0.000000
91.9600,-0.000000,0.650000,0.650000,0.422500,-0.000000
91.9700,-0.000000,0.650000,0.650000,0.422500,-0.000000
91.9800,-0.000000,0.650000,0.650000,0.422500,0.000000
91.9900,-0.000000,0.650000,0.650000,0.422500,0.000000
92.0000,0.000000,0.650000,0.650000,0.422500,0.000000
92.0100,0.000000,0.650000,0.650000,0.422500,0.000000
92.0200,0.000000,0.650000,0.650000,0.422500,0.000000
92.0300,0.000000,0.650000,0.650000,0.422500,0.000000
92.0400,0.000000,0.650000,0.650000,0.422500,0.000000
92.0500,0.000000,0.650000,0.650000,0.422500,0.000000
92.0600,0.000000,0.650000,0.650000,0.422500,0.000000
92.0700,0.000000,0.650000,0.650000,0.422500,0.000000
92.0800,0.000000,0.650000,0.650000,0.422500,0.000000
92.0900,0.000000,0.650000,0.650000,0.422500,0.000000
92.1000,0.000000,0.650000,0.650000,0.422500,0.000000
92.1100,0.000000,0.650000,0.650000,0.422500,0.000000
92.1200,0.000000,0.650000,0.650000,0.422500,0.000000
92.1300,0.000000,0.650000,0.650000,0.422500,0.000000
92.1400,0.000000,0.650000,0.650000,0.422500,0.000000
92.1500,0.000000,0.650000,0.650000,0.422500,0.000000
92.1600,0.000000,0.650000,0.650000,0.422500,0.000000
92.1700,0.000000,0.650000,0.650000,0.422500,0.000000
92.1800,0.000000,0.650000,0.650000,0.422500,0.000000
92.1900,0.000000,0.650000,0.650000,0.422500,0.000000
92.2000,0.000000,0.650000,0.650000,0.422500,0.000000
92.2100,0.000000,0.650000,0.650000,0.422500,0.000000
92.2200,0.000000,0.650000,0.650000,0.422500,0.000000
92.2300,0.000000,0.650000,0.650000,0.422500,0.000000
92.2400,0.000000,0.650000,0.650000,0.422500,0.000000
92.2500,0.000000,0.650000,0.650000,0.422500,0.000000
92.2600,0.000000,0.650000,0.650000,0.422500,0.000000
92.2700,0.000000,0.650000,0.650000,0.422500,0.000000
92.2800,0.000000,0.650000,0.650000,0.422500,0.000000
92.2900,0.000000,0.650000,0.650000,0.422500,0.000000
92.3000,0.000000,0.650000,0.650000,0.422500,0.000000
92.3100,0.000000,0.650000,0.650000,0.422500,0.000000
92.3200,0.000000,0.650000,0.650000,0.422500,0.000000
92.3300,0.000000,0.650000,0.650000,0.422500,0.000000
92.3400,0.000000,0.650000,0.650000,0.422500,0.000000
92.3500,0.000000,0.650000,0.650000,0.422500,0.000000
92.3600,0.000000,0.650000,0.650000,0.422500,0.000000
92.3700,0.000000,0.650000,0.650000,0.422500,0.000000
92.3800,0.000000,0.650000,0.650000,0.422500,0.000000
92.3900,0.000000,0.650000,0.650000,0.422500,0.000000
92.4000,0.000000,0.650000,0.650000,0.422500,0.000000
92.4100,0.000000,0.650000,0.650000,0.422500,0.000000
92.4200,0.000000,0.650000,0.650000,0.422500,0.000000
92.4300,0.000000,0.650000,0.650000,0.422500,0.000000
92.4400,0.000000,0.650000,0.650000,0.422500,0.000000
92.4500,0.000000,0.650000,0.650000,0.422500,0.000000
92.4600,0.000000,0.650000,0.650000,0.422500,0.000000
92.4700,0.000000,0.650000,0.650000,0.422500,0.000000
92.4800,0.000000,0.650000,0.650000,0.422500,0.000000
92.4900,0.000000,0.650000,0.650000,0.422500,0.000000
92.5000,0.000000,0.650000,0.650000,0.422500,0.000000
92.5100,0.000000,0.650000,0.650000,0.422500,0.000000
92.5200,0.000000,0.650000,0.650000,0.422500,0.000000
92.5300,0.000000,0.650000,0.650000,0.422500,0.000000
92.5400,0.000000,0.650000,0.650000,0.422500,0.000000
92.5500,0.000000,0.650000,0.650000,0.422500,0.000000
92.5600,0.000000,0.650000,0.650000,0.422500,0.000000
92.5700,0.000000,0.650000,0.650000,0.422500,0.000000
92.5800,0.000000,0.650000,0.650000,0.422500,0.000000
92.5900,0.000000,0.650000,0.650000,0.422500,0.000000
92.6000,0.000000,0.650000,0.650000,0.422500,0.000000
92.6100,0.000000,0.650000,0.650000,0.422500,0.000000
92.6200,0.000000,0.650000,0.650000,0.422500,0.000000
92.6300,0.000000,0.650000,0.650000,0.422500,0.000000
92.6400,0.000000,0.650000,0.650000,0.422500,0.000000
92.6500,0.000000,0.650000,0.650000,0.422500,0.000000
92.6600,0.000000,0.650000,0.650000,0.422500,0.000000
92.6700,0.000000,0.650000,0.650000,0.422500,0.000000
92.6800,0.000000,0.650000,0.650000,0.422500,-0.000000
92.6900,0.000000,0.650000,0.650000,0.422500,-0.000000
92.7000,0.000000,0.650000,0.650000,0.422500,-0.000000
92.7100,0.000000,0.650000,0.650000,0.422500,-0.000000
92.7200,0.000000,0.650000,0.650000,0.422500,-0.000000
92.7300,-0.000000,0.650000,0.650000,0.422500,-0.000000
92.7400,-0.000000,0.650000,0.650000,0.422500,-0.000000
92.7500,-0.000000,0.650000,0.650000,0.422500,-0.000000
92.7600,-0.000000,0.650000,0.650000,0.422500,-0.000000
92.7700,-0.000000,0.650000,0.650000,0.422500,-0.000000
92.7800,-0.000000,0.650000,0.650000,0.422500,-0.000000
92.7900,-0.000000,0.650000,0.650000,0.422500,-0.000000
92.8000,-0.000000,0.650000,0.650000,0.422500,-0.000000
92.8100,-0.000000,0.650000,0.650000,0.422500,-0.000000
92.8200,-0.000000,0.650000,0.650000,0.422500,-0.000000
92.8300,-0.000000,0.650000,0.650000,0.422500,-0.000000
92.8400,-0.000000,0.650000,0.650000,0.422500,-0.000000
92.8500,-0.000000,0.650000,0.650000,0.422500,-0.000000
92.8600,-0.000000,0.650000,0.650000,0.422500,-0.000000
92.8700,-0.000000,0.650000,0.650000,0.422500,-0.000000
92.8800,-0.000000,0.650000,0.650000,0.422500,-0.000000
92.8900,-0.000000,0.650000,0.650000,0.422500,-0.000000
92.9000,-0.000000,0.650000,0.650000,0.422500,-0.000000
92.9100,-0.000000,0.650000,0.650000,0.422500,-0.000000
92.9200,-0.000000,0.650000,0.650000,0.422500,-0.000000
92.9300,-0.000000,0.650000,0.650000,0.422500,-0.000000
92.9400,-0.000000,0.650000,0.650000,0.422500,-0.000000
92.9500,-0.000000,0.650000,0.650000,0.422500,-0.000000
92.9600,-0.000000,0.650000,0.650000,0.422500,-0.000000
92.9700,-0.000000,0.650000,0.650000,0.422500,-0.000000
92.9800,-0.000000,0.650000,0.650000,0.422500,-0.000000
92.9900,-0.000000,0.650000,0.650000,0.422500,-0.000000
93.0000,-0.000000,0.650000,0.650000,0.422500,-0.000000
93.0100,-0.000000,0.650000,0.650000,0.422500,-0.000000
93.0200,-0.000000,0.650000,0.650000,0.422500,-0.000000
93.0300,-0.000000,0.650000,0.650000,0.422500,-0.000000
93.0400,-0.000000,0.650000,0.650000,0.422500,-0.000000
93.0500,-0.000000,0.650000,0.650000,0.422500,-0.000000
93.0600,-0.000000,0.650000,0.650000,0.422500,-0.000000
93.0700,-0.000000,0.650000,0.650000,0.422500,-0.000000
93.0800,-0.000000,0.650000,0.650000,0.422500,-0.000000
93.0900,-0.000000,0.650000,0.650000,0.422500,-0.000000
93.1000,-0.000000,0.650000,0.650000,0.422500,-0.000000
93.1100,-0.000000,0.650000,0.650000,0.422500,-0.000000
93.1200,-0.000000,0.650000,0.650000,0.422500,-0.000000
93.1300,-0.000000,0.650000,0.650000,0.422500,-0.000000
93.1400,-0.000000,0.650000,0.650000,0.422500,-0.000000
93.1500,-0.000000,0.650000,0.650000,0.422500,-0.000000
93.1600,-0.000000,0.650000,0.650000,0.422500,-0.000000
93.1700,-0.000000,0.650000,0.650000,0.422500,-0.000000
93.1800,-0.000000,0.650000,0.650000,0.422500,-0.000000
93.1900,-0.000000,0.650000,0.650000,0.422500,-0.000000
93.2000,-0.000000,0.650000,0.650000,0.422500,-0.000000
93.2100,-0.000000,0.650000,0.650000,0.422500,-0.000000
93.2200,-0.000000,0.650000,0.650000,0.422500,-0.000000
93.2300,-0.000000,0.650000,0.650000,0.422500,-0.000000
93.2400,-0.000000,0.650000,0.650000,0.422500,-0.000000
93.2500,-0.000000,0.650000,0.650000,0.422500,-0.000000
93.2600,-0.000000,0.650000,0.650000,0.422500,-0.000000
93.2700,-0.000000,0.650000,0.650000,0.422500,-0.000000
93.2800,-0.000000,0.650000,0.650000,0.422500,-0.000000
93.2900,-0.000000,0.650000,0.650000,0.422500,-0.000000
93.3000,-0.000000,0.650000,0.650000,0.422500,-0.000000
93.3100,-0.000000,0.650000,0.650000,0.422500,-0.000000
93.3200,-0.000000,0.650000,0.650000,0.422500,-0.000000
93.3300,-0.000000,0.650000,0.650000,0.422500,-0.000000
93.3400,-0.000000,0.650000,0.650000,0.422500,-0.000000
93.3500,-0.000000,0.650000,0.650000,0.422500,-0.000000
93.3600,-0.000000,0.650000,0.650000,0.422500,-0.000000
93.3700,-0.000000,0.650000,0.650000,0.422500,-0.000000
93.3800,-0.000000,0.650000,0.650000,0.422500,0.000000
93.3900,-0.000000,0.650000,0.650000,0.422500,0.000000
93.4000,-0.000000,0.650000,0.650000,0.422500,0.000000
93.4100,0.000000,0.650000,0.650000,0.422500,0.000000
93.4200,0.000000,0.650000,0.650000,0.422500,0.000000
93.4300,0.000000,0.650000,0.650000,0.422500,0.000000
93.4400,0.000000,0.650000,0.650000,0.422500,0.000000
93.4500,0.000000,0.650000,0.650000,0.422500,0.000000
93.4600,0.000000,0.650000,0.650000,0.422500,0.000000
93.4700,0.000000,0.650000,0.650000,0.422500,0.000000
93.4800,0.000000,0.650000,0.650000,0.422500,0.000000
93.4900,0.000000,0.650000,0.650000,0.422500,0.000000
93.5000,0.000000,0.650000,0.650000,0.422500,0.000000
93.5100,0.000000,0.650000,0.650000,0.422500,0.000000
93.5200,0.000000,0.650000,0.650000,0.422500,0.000000
93.5300,0.000000,0.650000,0.650000,0.422500,0.000000
93.5400,0.000000,0.650000,0.650000,0.422500,0.000000
93.5500,0.000000,0.650000,0.650000,0.422500,0.000000
93.5600,0.000000,0.650000,0.650000,0.422500,0.000000
93.5700,0.000000,0.650000,0.650000,0.422500,0.000000
93.5800,0.000000,0.650000,0.650000,0.422500,0.000000
93.5900,0.000000,0.650000,0.650000,0.422500,0.000000
93.6000,0.000000,0.650000,0.650000,0.422500,0.000000
93.6100,0.000000,0.650000,0.650000,0.422500,0.000000
93.6200,0.000000,0.650000,0.650000,0.422500,0.000000
93.6300,0.000000,0.650000,0.650000,0.422500,0.000000
93.6400,0.000000,0.650000,0.650000,0.422500,0.000000
93.6500,0.000000,0.650000,0.650000,0.422500,0.000000
93.6600,0.000000,0.650000,0.650000,0.422500,0.000000
93.6700,0.000000,0.650000,0.650000,0.422500,0.000000
93.6800,0.000000,0.650000,0.650000,0.422500,0.000000
93.6900,0.000000,0.650000,0.650000,0.422500,0.000000
93.7000,0.000000,0.650000,0.650000,0.422500,0.000000
93.7100,0.000000,0.650000,0.650000,0.422500,0.000000
93.7200,0.000000,0.650000,0.650000,0.422500,0.000000
93.7300,0.000000,0.650000,0.650000,0.422500,0.000000
93.7400,0.000000,0.650000,0.650000,0.422500,0.000000
93.7500,0.000000,0.650000,0.650000,0.422500,0.000000
93.7600,0.000000,0.650000,0.650000,0.422500,0.000000
93.7700,0.000000,0.650000,0.650000,0.422500,0.000000
93.7800,0.000000,0.650000,0.650000,0.422500,0.000000
93.7900,0.000000,0.650000,0.650000,0.422500,0.000000
93.8000,0.000000,0.650000,0.650000,0.422500,0.000000
93.8100,0.000000,0.650000,0.650000,0.422500,0.000000
93.8200,0.000000,0.650000,0.650000,0.422500,0.000000
93.8300,0.000000,0.650000,0.650000,0.422500,0.000000
93.8400,0.000000,0.650000,0.650000,0.422500,0.000000
93.8500,0.000000,0.650000,0.650000,0.422500,0.000000
93.8600,0.000000,0.650000,0.650000,0.422500,0.000000
93.8700,0.000000,0.650000,0.650000,0.422500,0.000000
93.8800,0.000000,0.650000,0.650000,0.422500,0.000000
93.8900,0.000000,0.650000,0.650000,0.422500,0.000000
93.9000,0.000000,0.650000,0.650000,0.422500,0.000000
93.9100,0.000000,0.650000,0.650000,0.422500,0.000000
93.9200,0.000000,0.650000,0.650000,0.422500,0.000000
93.9300,0.000000,0.650000,0.650000,0.422500,0.000000
93.9400,0.000000,0.650000,0.650000,0.422500,0.000000
93.9500,0.000000,0.650000,0.650000,0.422500,0.000000
93.9600,0.000000,0.650000,0.650000,0.422500,0.000000
93.9700,0.000000,0.650000,0.650000,0.422500,0.000000
93.9800,0.000000,0.650000,0.650000,0.422500,0.000000
93.9900,0.000000,0.650000,0.650000,0.422500,0.000000
94.0000,0.000000,0.650000,0.650000,0.422500,0.000000
94.0100,0.000000,0.650000,0.650000,0.422500,0.000000
94.0200,0.000000,0.650000,0.650000,0.422500,0.000000
94.0300,0.000000,0.650000,0.650000,0.422500,0.000000
94.0400,0.000000,0.650000,0.650000,0.422500,0.000000
94.0500,0.000000,0.650000,0.650000,0.422500,0.000000
94.0600,0.000000,0.650000,0.650000,0.422500,0.000000
94.0700,0.000000,0.650000,0.650000,0.422500,0.000000
94.0800,0.000000,0.650000,0.650000,0.422500,-0.000000
94.0900,0.000000,0.650000,0.650000,0.422500,-0.000000
94.1000,0.000000,0.650000,0.650000,0.422500,-0.000000
94.1100,0.000000,0.650000,0.650000,0.422500,-0.000000
94.1200,0.000000,0.650000,0.650000,0.422500,-0.000000
94.1300,0.000000,0.650000,0.650000,0.422500,-0.000000
94.1400,-0.000000,0.650000,0.650000,0.422500,-0.000000
94.1500,-0.000000,0.650000,0.650000,0.422500,-0.000000
94.1600,-0.000000,0.650000,0.650000,0.422500,-0.000000
94.1700,-0.000000,0.650000,0.650000,0.422500,-0.000000
94.1800,-0.000000,0.650000,0.650000,0.422500,-0.000000
94.1900,-0.000000,0.650000,0.650000,0.422500,-0.000000
94.2000,-0.000000,0.650000,0.650000,0.422500,-0.000000
94.2100,-0.000000,0.650000,0.650000,0.422500,-0.000000
94.2200,-0.000000,0.650000,0.650000,0.422500,-0.000000
94.2300,-0.000000,0.650000,0.650000,0.422500,-0.000000
94.2400,-0.000000,0.650000,0.650000,0.422500,-0.000000
94.2500,-0.000000,0.650000,0.650000,0.422500,-0.000000
94.2600,-0.000000,0.650000,0.650000,0.422500,-0.000000
94.2700,-0.000000,0.650000,0.650000,0.422500,-0.000000
94.2800,-0.000000,0.650000,0.650000,0.422500,-0.000000
94.2900,-0.000000,0.650000,0.650000,0.422500,-0.000000
94.3000,-0.000000,0.650000,0.650000,0.422500,-0.000000
94.3100,-0.000000,0.650000,0.650000,0.422500,-0.000000
94.3200,-0.000000,0.650000,0.650000,0.422500,-0.000000
94.3300,-0.000000,0.650000,0.650000,0.422500,-0.000000
94.3400,-0.000000,0.650000,0.650000,0.422500,-0.000000
94.3500,-0.000000,0.650000,0.650000,0.422500,-0.000000
94.3600,-0.000000,0.650000,0.650000,0.422500,-0.000000
94.3700,-0.000000,0.650000,0.650000,0.422500,-0.000000
94.3800,-0.000000,0.650000,0.650000,0.422500,-0.000000
94.3900,-0.000000,0.650000,0.650000,0.422500,-0.000000
94.4000,-0.000000,0.650000,0.650000,0.422500,-0.000000
94.4100,-0.000000,0.650000,0.650000,0.422500,-0.000000
94.4200,-0.000000,0.650000,0.650000,0.422500,-0.000000
94.4300,-0.000000,0.650000,0.650000,0.422500,-0.000000
94.4400,-0.000000,0.650000,0.650000,0.422500,-0.000000
94.4500,-0.000000,0.650000,0.650000,0.422500,-0.000000
94.4600,-0.000000,0.650000,0.650000,0.422500,-0.000000
94.4700,-0.000000,0.650000,0.650000,0.422500,-0.000000
94.4800,-0.000000,0.650000,0.650000,0.422500,-0.000000
94.4900,-0.000000,0.650000,0.650000,0.422500,-0.000000
94.5000,-0.000000,0.650000,0.650000,0.422500,-0.000000
94.5100,-0.000000,0.650000,0.650000,0.422500,-0.000000
94.5200,-0.000000,0.650000,0.650000,0.422500,-0.000000
94.5300,-0.000000,0.650000,0.650000,0.422500,-0.000000
94.5400,-0.000000,0.650000,0.650000,0.422500,-0.000000
94.5500,-0.000000,0.650000,0.650000,0.422500,-0.000000
94.5600,-0.000000,0.650000,0.650000,0.422500,-0.000000
94.5700,-0.000000,0.650000,0.650000,0.422500,-0.000000
94.5800,-0.000000,0.650000,0.650000,0.422500,-0.000000
94.5900,-0.000000,0.650000,0.650000,0.422500,-0.000000
94.6000,-0.000000,0.650000,0.650000,0.422500,-0.000000
94.6100,-0.000000,0.650000,0.650000,0.422500,-0.000000
94.6200,-0.000000,0.650000,0.650000,0.422500,-0.000000
94.6300,-0.000000,0.650000,0.650000,0.422500,-0.000000
94.6400,-0.000000,0.650000,0.650000,0.422500,-0.000000
94.6500,-0.000000,0.650000,0.650000,0.422500,-0.000000
94.6600,-0.000000,0.650000,0.650000,0.422500,-0.000000
94.6700,-0.000000,0.650000,0.650000,0.422500,-0.000000
94.6800,-0.000000,0.650000,0.650000,0.422500,-0.000000
94.6900,-0.000000,0.650000,0.650000,0.422500,-0.000000
94.7000,-0.000000,0.650000,0.650000,0.422500,-0.000000
94.7100,-0.000000,0.650000,0.650000,0.422500,-0.000000
94.7200,-0.000000,0.650000,0.650000,0.422500,-0.000000
94.7300,-0.000000,0.650000,0.650000,0.422500,-0.000000
94.7400,-0.000000,0.650000,0.650000,0.422500,-0.000000
94.7500,-0.000000,0.650000,0.650000,0.422500,-0.000000
94.7600,-0.000000,0.650000,0.650000,0.422500,-0.000000
94.7700,-0.000000,0.650000,0.650000,0.422500,-0.000000
94.7800,-0.000000,0.650000,0.650000,0.422500,-0.000000
94.7900,-0.000000,0.650000,0.650000,0.422500,0.000000
94.8000,-0.000000,0.650000,0.650000,0.422500,0.000000
94.8100,0.000000,0.650000,0.650000,0.422500,0.000000
94.8200,0.000000,0.650000,0.650000,0.422500,0.000000
94.8300,0.000000,0.650000,0.650000,0.422500,0.000000
94.8400,0.000000,0.650000,0.650000,0.422500,0.000000
94.8500,0.000000,0.650000,0.650000,0.422500,0.000000
94.8600,0.000000,0.650000,0.650000,0.422500,0.000000
94.8700,0.000000,0.650000,0.650000,0.422500,0.000000
94.8800,0.000000,0.650000,0.650000,0.422500,0.000000
94.8900,0.000000,0.650000,0.650000,0.422500,0.000000
94.9000,0.000000,0.650000,0.650000,0.422500,0.000000
94.9100,0.000000,0.650000,0.650000,0.422500,0.000000
94.9200,0.000000,0.650000,0.650000,0.422500,0.000000
94.9300,0.000000,0.650000,0.650000,0.422500,0.000000
94.9400,0.000000,0.650000,0.650000,0.422500,0.000000
94.9500,0.000000,0.650000,0.650000,0.422500,0.000000
94.9600,0.000000,0.650000,0.650000,0.422500,0.000000
94.9700,0.000000,0.650000,0.650000,0.422500,0.000000
94.9800,0.000000,0.650000,0.650000,0.422500,0.000000
94.9900,0.000000,0.650000,0.650000,0.422500,0.000000
95.0000,0.000000,0.650000,0.650000,0.422500,0.000000
95.0100,0.000000,0.650000,0.650000,0.422500,0.000000
95.0200,0.000000,0.650000,0.650000,0.422500,0.000000
95.0300,0.000000,0.650000,0.650000,0.422500,0.000000
95.0400,0.000000,0.650000,0.650000,0.422500,0.000000
95.0500,0.000000,0.650000,0.650000,0.422500,0.000000
95.0600,0.000000,0.650000,0.650000,0.422500,0.000000
95.0700,0.000000,0.650000,0.650000,0.422500,0.000000
95.0800,0.000000,0.650000,0.650000,0.422500,0.000000
95.0900,0.000000,0.650000,0.650000,0.422500,0.000000
95.1000,0.000000,0.650000,0.650000,0.422500,0.000000
95.1100,0.000000,0.650000,0.650000,0.422500,0.000000
95.1200,0.000000,0.650000,0.650000,0.422500,0.000000
95.1300,0.000000,0.650000,0.650000,0.422500,0.000000
95.1400,0.000000,0.650000,0.650000,0.422500,0.000000
95.1500,0.000000,0.650000,0.650000,0.422500,0.000000
95.1600,0.000000,0.650000,0.650000,0.422500,0.000000
95.1700,0.000000,0.650000,0.650000,0.422500,0.000000
95.1800,0.000000,0.650000,0.650000,0.422500,0.000000
95.1900,0.000000,0.650000,0.650000,0.422500,0.000000
95.2000,0.000000,0.650000,0.650000,0.422500,0.000000
95.2100,0.000000,0.650000,0.650000,0.422500,0.000000
95.2200,0.000000,0.650000,0.650000,0.422500,0.000000
95.2300,0.000000,0.650000,0.650000,0.422500,0.000000
95.2400,0.000000,0.650000,0.650000,0.422500,0.000000
95.2500,0.000000,0.650000,0.650000,0.422500,0.000000
95.2600,0.000000,0.650000,0.650000,0.422500,0.000000
95.2700,0.000000,0.650000,0.650000,0.422500,0.000000
95.2800,0.000000,0.650000,0.650000,0.422500,0.000000
95.2900,0.000000,0.650000,0.650000,0.422500,0.000000
95.3000,0.000000,0.650000,0.650000,0.422500,0.000000
95.3100,0.000000,0.650000,0.650000,0.422500,0.000000
95.3200,0.000000,0.650000,0.650000,0.422500,0.000000
95.3300,0.000000,0.650000,0.650000,0.422500,0.000000
95.3400,0.000000,0.650000,0.650000,0.422500,0.000000
95.3500,0.000000,0.650000,0.650000,0.422500,0.000000
95.3600,0.000000,0.650000,0.650000,0.422500,0.000000
95.3700,0.000000,0.650000,0.650000,0.422500,0.000000
95.3800,0.000000,0.650000,0.650000,0.422500,0.000000
95.3900,0.000000,0.650000,0.650000,0.422500,0.000000
95.4000,0.000000,0.650000,0.650000,0.422500,0.000000
95.4100,0.000000,0.650000,0.650000,0.422500,0.000000
95.4200,0.000000,0.650000,0.650000,0.422500,0.000000
95.4300,0.000000,0.650000,0.650000,0.422500,0.000000
95.4400,0.000000,0.650000,0.650000,0.422500,0.000000
95.4500,0.000000,0.650000,0.650000,0.422500,0.000000
95.4600,0.000000,0.650000,0.650000,0.422500,0.000000
95.4700,0.000000,0.650000,0.650000,0.422500,0.000000
95.4800,0.000000,0.650000,0.650000,0.422500,0.000000
95.4900,0.000000,0.650000,0.650000,0.422500,-0.000000
95.5000,0.000000,0.650000,0.650000,0.422500,-0.000000
95.5100,0.000000,0.650000,0.650000,0.422500,-0.000000
95.5200,0.000000,0.650000,0.650000,0.422500,-0.000000
95.5300,0.000000,0.650000,0.650000,0.422500,-0.000000
95.5400,-0.000000,0.650000,0.650000,0.422500,-0.000000
95.5500,-0.000000,0.650000,0.650000,0.422500,-0.000000
95.5600,-0.000000,0.650000,0.650000,0.422500,-0.000000
95.5700,-0.000000,0.650000,0.650000,0.422500,-0.000000
95.5800,-0.000000,0.650000,0.650000,0.422500,-0.000000
95.5900,-0.000000,0.650000,0.650000,0.422500,-0.000000
95.6000,-0.000000,0.650000,0.650000,0.422500,-0.000000
95.6100,-0.000000,0.650000,0.650000,0.422500,-0.000000
95.6200,-0.000000,0.650000,0.650000,0.422500,-0.000000
95.6300,-0.000000,0.650000,0.650000,0.422500,-0.000000
95.6400,-0.000000,0.650000,0.650000,0.422500,-0.000000
95.6500,-0.000000,0.650000,0.650000,0.422500,-0.000000
95.6600,-0.000000,0.650000,0.650000,0.422500,-0.000000
95.6700,-0.000000,0.650000,0.650000,0.422500,-0.000000
95.6800,-0.000000,0.650000,0.650000,0.422500,-0.000000
95.6900,-0.000000,0.650000,0.650000,0.422500,-0.000000
95.7000,-0.000000,0.650000,0.650000,0.422500,-0.000000
95.7100,-0.000000,0.650000,0.650000,0.422500,-0.000000
95.7200,-0.000000,0.650000,0.650000,0.422500,-0.000000
95.7300,-0.000000,0.650000,0.650000,0.422500,-0.000000
95.7400,-0.000000,0.650000,0.650000,0.422500,-0.000000
95.7500,-0.000000,0.650000,0.650000,0.422500,-0.000000
95.7600,-0.000000,0.650000,0.650000,0.422500,-0.000000
95.7700,-0.000000,0.650000,0.650000,0.422500,-0.000000
95.7800,-0.000000,0.650000,0.650000,0.422500,-0.000000
95.7900,-0.000000,0.650000,0.650000,0.422500,-0.000000
95.8000,-0.000000,0.650000,0.650000,0.422500,-0.000000
95.8100,-0.000000,0.650000,0.650000,0.422500,-0.000000
95.8200,-0.000000,0.650000,0.650000,0.422500,-0.000000
95.8300,-0.000000,0.650000,0.650000,0.422500,-0.000000
95.8400,-0.000000,0.650000,0.650000,0.422500,-0.000000
95.8500,-0.000000,0.650000,0.650000,0.422500,-0.000000
95.8600,-0.000000,0.650000,0.650000,0.422500,-0.000000
95.8700,-0.000000,0.650000,0.650000,0.422500,-0.000000
95.8800,-0.000000,0.650000,0.650000,0.422500,-0.000000
95.8900,-0.000000,0.650000,0.650000,0.422500,-0.000000
95.9000,-0.000000,0.650000,0.650000,0.422500,-0.000000
95.9100,-0.000000,0.650000,0.650000,0.422500,-0.000000
95.9200,-0.000000,0.650000,0.650000,0.422500,-0.000000
95.9300,-0.000000,0.650000,0.650000,0.422500,-0.000000
95.9400,-0.000000,0.650000,0.650000,0.422500,-0.000000
95.9500,-0.000000,0.650000,0.650000,0.422500,-0.000000
95.9600,-0.000000,0.650000,0.650000,0.422500,-0.000000
95.9700,-0.000000,0.650000,0.650000,0.422500,-0.000000
95.9800,-0.000000,0.650000,0.650000,0.422500,-0.000000
95.9900,-0.000000,0.650000,0.650000,0.422500,-0.000000
96.0000,-0.000000,0.650000,0.650000,0.422500,-0.000000
96.0100,-0.000000,0.650000,0.650000,0.422500,-0.000000
96.0200,-0.000000,0.650000,0.650000,0.422500,-0.000000
96.0300,-0.000000,0.650000,0.650000,0.422500,-0.000000
96.0400,-0.000000,0.650000,0.650000,0.422500,-0.000000
96.0500,-0.000000,0.650000,0.650000,0.422500,-0.000000
96.0600,-0.000000,0.650000,0.650000,0.422500,-0.000000
96.0700,-0.000000,0.650000,0.650000,0.422500,-0.000000
96.0800,-0.000000,0.650000,0.650000,0.422500,-0.000000
96.0900,-0.000000,0.650000,0.650000,0.422500,-0.000000
96.1000,-0.000000,0.650000,0.650000,0.422500,-0.000000
96.1100,-0.000000,0.650000,0.650000,0.422500,-0.000000
96.1200,-0.000000,0.650000,0.650000,0.422500,-0.000000
96.1300,-0.000000,0.650000,0.650000,0.422500,-0.000000
96.1400,-0.000000,0.650000,0.650000,0.422500,-0.000000
96.1500,-0.000000,0.650000,0.650000,0.422500,-0.000000
96.1600,-0.000000,0.650000,0.650000,0.422500,-0.000000
96.1700,-0.000000,0.650000,0.650000,0.422500,-0.000000
96.1800,-0.000000,0.650000,0.650000,0.422500,-0.000000
96.1900,-0.000000,0.650000,0.650000,0.422500,0.000000
96.2000,-0.000000,0.650000,0.650000,0.422500,0.000000
96.2100,0.000000,0.650000,0.650000,0.422500,0.000000
96.2200,0.000000,0.650000,0.650000,0.422500,0.000000
96.2300,0.000000,0.650000,0.650000,0.422500,0.000000
96.2400,0.000000,0.650000,0.650000,0.422500,0.000000
96.2500,0.000000,0.650000,0.650000,0.422500,0.000000
96.2600,0.000000,0.650000,0.650000,0.422500,0.000000
96.2700,0.000000,0.650000,0.650000,0.422500,0.000000
96.2800,0.000000,0.650000,0.650000,0.422500,0.000000
96.2900,0.000000,0.650000,0.650000,0.422500,0.000000
96.3000,0.000000,0.650000,0.650000,0.422500,0.000000
96.3100,0.000000,0.650000,0.650000,0.422500,0.000000
96.3200,0.000000,0.650000,0.650000,0.422500,0.000000
96.3300,0.000000,0.650000,0.650000,0.422500,0.000000
96.3400,0.000000,0.650000,0.650000,0.422500,0.000000
96.3500,0.000000,0.650000,0.650000,0.422500,0.000000
96.3600,0.000000,0.650000,0.650000,0.422500,0.000000
96.3700,0.000000,0.650000,0.650000,0.422500,0.000000
96.3800,0.000000,0.650000,0.650000,0.422500,0.000000
96.3900,0.000000,0.650000,0.650000,0.422500,0.000000
96.4000,0.000000,0.650000,0.650000,0.422500,0.000000
96.4100,0.000000,0.650000,0.650000,0.422500,0.000000
96.4200,0.000000,0.650000,0.650000,0.422500,0.000000
96.4300,0.000000,0.650000,0.650000,0.422500,0.000000
96.4400,0.000000,0.650000,0.650000,0.422500,0.000000
96.4500,0.000000,0.650000,0.650000,0.422500,0.000000
96.4600,0.000000,0.650000,0.650000,0.422500,0.000000
96.4700,0.000000,0.650000,0.650000,0.422500,0.000000
96.4800,0.000000,0.650000,0.650000,0.422500,0.000000
96.4900,0.000000,0.650000,0.650000,0.422500,0.000000
96.5000,0.000000,0.650000,0.650000,0.422500,0.000000
96.5100,0.000000,0.650000,0.650000,0.422500,0.000000
96.5200,0.000000,0.650000,0.650000,0.422500,0.000000
96.5300,0.000000,0.650000,0.650000,0.422500,0.000000
96.5400,0.000000,0.650000,0.650000,0.422500,0.000000
96.5500,0.000000,0.650000,0.650000,0.422500,0.000000
96.5600,0.000000,0.650000,0.650000,0.422500,0.000000
96.5700,0.000000,0.650000,0.650000,0.422500,0.000000
96.5800,0.000000,0.650000,0.650000,0.422500,0.000000
96.5900,0.000000,0.650000,0.650000,0.422500,0.000000
96.6000,0.000000,0.650000,0.650000,0.422500,0.000000
96.6100,0.000000,0.650000,0.650000,0.422500,0.000000
96.6200,0.000000,0.650000,0.650000,0.422500,0.000000
96.6300,0.000000,0.650000,0.650000,0.422500,0.000000
96.6400,0.000000,0.650000,0.650000,0.422500,0.000000
96.6500,0.000000,0.650000,0.650000,0.422500,0.000000
96.6600,0.000000,0.650000,0.650000,0.422500,0.000000
96.6700,0.000000,0.650000,0.650000,0.422500,0.000000
96.6800,0.000000,0.650000,0.650000,0.422500,0.000000
96.6900,0.000000,0.650000,0.650000,0.422500,0.000000
96.7000,0.000000,0.650000,0.650000,0.422500,0.000000
96.7100,0.000000,0.650000,0.650000,0.422500,0.000000
96.7200,0.000000,0.650000,0.650000,0.422500,0.000000
96.7300,0.000000,0.650000,0.650000,0.422500,0.000000
96.7400,0.000000,0.650000,0.650000,0.422500,0.000000
96.7500,0.000000,0.650000,0.650000,0.422500,0.000000
96.7600,0.000000,0.650000,0.650000,0.422500,0.000000
96.7700,0.000000,0.650000,0.650000,0.422500,0.000000
96.7800,0.000000,0.650000,0.650000,0.422500,0.000000
96.7900,0.000000,0.650000,0.650000,0.422500,0.000000
96.8000,0.000000,0.650000,0.650000,0.422500,0.000000
96.8100,0.000000,0.650000,0.650000,0.422500,0.000000
96.8200,0.000000,0.650000,0.650000,0.422500,0.000000
96.8300,0.000000,0.650000,0.650000,0.422500,0.000000
96.8400,0.000000,0.650000,0.650000,0.422500,0.000000
96.8500,0.000000,0.650000,0.650000,0.422500,0.000000
96.8600,0.000000,0.650000,0.650000,0.422500,0.000000
96.8700,0.000000,0.650000,0.650000,0.422500,0.000000
96.8800,0.000000,0.650000,0.650000,0.422500,0.000000
96.8900,0.000000,0.650000,0.650000,0.422500,-0.000000
96.9000,0.000000,0.650000,0.650000,0.422500,-0.000000
96.9100,0.000000,0.650000,0.650000,0.422500,-0.000000
96.9200,0.000000,0.650000,0.650000,0.422500,-0.000000
96.9300,0.000000,0.650000,0.650000,0.422500,-0.000000
96.9400,0.000000,0.650000,0.650000,0.422500,-0.000000
96.9500,-0.000000,0.650000,0.650000,0.422500,-0.000000
96.9600,-0.000000,0.650000,0.650000,0.422500,-0.000000
96.9700,-0.000000,0.650000,0.650000,0.422500,-0.000000
96.9800,-0.000000,0.650000,0.650000,0.422500,-0.000000
96.9900,-0.000000,0.650000,0.650000,0.422500,-0.000000
97.0000,-0.000000,0.650000,0.650000,0.422500,-0.000000
97.0100,-0.000000,0.650000,0.650000,0.422500,-0.000000
97.0200,-0.000000,0.650000,0.650000,0.422500,-0.000000
97.0300,-0.000000,0.650000,0.650000,0.422500,-0.000000
97.0400,-0.000000,0.650000,0.650000,0.422500,-0.000000
97.0500,-0.000000,0.650000,0.650000,0.422500,-0.000000
97.0600,-0.000000,0.650000,0.650000,0.422500,-0.000000
97.0700,-0.000000,0.650000,0.650000,0.422500,-0.000000
97.0800,-0.000000,0.650000,0.650000,0.422500,-0.000000
97.0900,-0.000000,0.650000,0.650000,0.422500,-0.000000
97.1000,-0.000000,0.650000,0.650000,0.422500,-0.000000
97.1100,-0.000000,0.650000,0.650000,0.422500,-0.000000
97.1200,-0.000000,0.650000,0.650000,0.422500,-0.000000
97.1300,-0.000000,0.650000,0.650000,0.422500,-0.000000
97.1400,-0.000000,0.650000,0.650000,0.422500,-0.000000
97.1500,-0.000000,0.650000,0.650000,0.422500,-0.000000
97.1600,-0.000000,0.650000,0.650000,0.422500,-0.000000
97.1700,-0.000000,0.650000,0.650000,0.422500,-0.000000
97.1800,-0.000000,0.650000,0.650000,0.422500,-0.000000
97.1900,-0.000000,0.650000,0.650000,0.422500,-0.000000
97.2000,-0.000000,0.650000,0.650000,0.422500,-0.000000
97.2100,-0.000000,0.650000,0.650000,0.422500,-0.000000
97.2200,-0.000000,0.650000,0.650000,0.422500,-0.000000
97.2300,-0.000000,0.650000,0.650000,0.422500,-0.000000
97.2400,-0.000000,0.650000,0.650000,0.422500,-0.000000
97.2500,-0.000000,0.650000,0.650000,0.422500,-0.000000
97.2600,-0.000000,0.650000,0.650000,0.422500,-0.000000
97.2700,-0.000000,0.650000,0.650000,0.422500,-0.000000
97.2800,-0.000000,0.650000,0.650000,0.422500,-0.000000
97.2900,-0.000000,0.650000,0.650000,0.422500,-0.000000
97.3000,-0.000000,0.650000,0.650000,0.422500,-0.000000
97.3100,-0.000000,0.650000,0.650000,0.422500,-0.000000
97.3200,-0.000000,0.650000,0.650000,0.422500,-0.000000
97.3300,-0.000000,0.650000,0.650000,0.422500,-0.000000
97.3400,-0.000000,0.650000,0.650000,0.422500,-0.000000
97.3500,-0.000000,0.650000,0.650000,0.422500,-0.000000
97.3600,-0.000000,0.650000,0.650000,0.422500,-0.000000
97.3700,-0.000000,0.650000,0.650000,0.422500,-0.000000
97.3800,-0.000000,0.650000,0.650000,0.422500,-0.000000
97.3900,-0.000000,0.650000,0.650000,0.422500,-0.000000
97.4000,-0.000000,0.650000,0.650000,0.422500,-0.000000
97.4100,-0.000000,0.650000,0.650000,0.422500,-0.000000
97.4200,-0.000000,0.650000,0.650000,0.422500,-0.000000
97.4300,-0.000000,0.650000,0.650000,0.422500,-0.000000
97.4400,-0.000000,0.650000,0.650000,0.422500,-0.000000
97.4500,-0.000000,0.650000,0.650000,0.422500,-0.000000
97.4600,-0.000000,0.650000,0.650000,0.422500,-0.000000
97.4700,-0.000000,0.650000,0.650000,0.422500,-0.000000
97.4800,-0.000000,0.650000,0.650000,0.422500,-0.000000
97.4900,-0.000000,0.650000,0.650000,0.422500,-0.000000
97.5000,-0.000000,0.650000,0.650000,0.422500,-0.000000
97.5100,-0.000000,0.650000,0.650000,0.422500,-0.000000
97.5200,-0.000000,0.650000,0.650000,0.422500,-0.000000
97.5300,-0.000000,0.650000,0.650000,0.422500,-0.000000
97.5400,-0.000000,0.650000,0.650000,0.422500,-0.000000
97.5500,-0.000000,0.650000,0.650000,0.422500,-0.000000
97.5600,-0.000000,0.650000,0.650000,0.422500,-0.000000
97.5700,-0.000000,0.650000,0.650000,0.422500,-0.000000
97.5800,-0.000000,0.650000,0.650000,0.422500,-0.000000
97.5900,-0.000000,0.650000,0.650000,0.422500,0.000000
97.6000,-0.000000,0.650000,0.650000,0.422500,0.000000
97.6100,0.000000,0.650000,0.650000,0.422500,0.000000
97.6200,0.000000,0.650000,0.650000,0.422500,0.000000
97.6300,0.000000,0.650000,0.650000,0.422500,0.000000
97.6400,0.000000,0.650000,0.650000,0.422500,0.000000
97.6500,0.000000,0.650000,0.650000,0.422500,0.000000
97.6600,0.000000,0.650000,0.650000,0.422500,0.000000
97.6700,0.000000,0.650000,0.650000,0.422500,0.000000
97.6800,0.000000,0.650000,0.650000,0.422500,0.000000
97.6900,0.000000,0.650000,0.650000,0.422500,0.000000
97.7000,0.000000,0.650000,0.650000,0.422500,0.000000
97.7100,0.000000,0.650000,0.650000,0.422500,0.000000
97.7200,0.000000,0.650000,0.650000,0.422500,0.000000
97.7300,0.000000,0.650000,0.650000,0.422500,0.000000
97.7400,0.000000,0.650000,0.650000,0.422500,0.000000
97.7500,0.000000,0.650000,0.650000,0.422500,0.000000
97.7600,0.000000,0.650000,0.650000,0.422500,0.000000
97.7700,0.000000,0.650000,0.650000,0.422500,0.000000
97.7800,0.000000,0.650000,0.650000,0.422500,0.000000
97.7900,0.000000,0.650000,0.650000,0.422500,0.000000
97.8000,0.000000,0.650000,0.650000,0.422500,0.000000
97.8100,0.000000,0.650000,0.650000,0.422500,0.000000
97.8200,0.000000,0.650000,0.650000,0.422500,0.000000
97.8300,0.000000,0.650000,0.650000,0.422500,0.000000
97.8400,0.000000,0.650000,0.650000,0.422500,0.000000
97.8500,0.000000,0.650000,0.650000,0.422500,0.000000
97.8600,0.000000,0.650000,0.650000,0.422500,0.000000
97.8700,0.000000,0.650000,0.650000,0.422500,0.000000
97.8800,0.000000,0.650000,0.650000,0.422500,0.000000
97.8900,0.000000,0.650000,0.650000,0.422500,0.000000
97.9000,0.000000,0.650000,0.650000,0.422500,0.000000
97.9100,0.000000,0.650000,0.650000,0.422500,0.000000
97.9200,0.000000,0.650000,0.650000,0.422500,0.000000
97.9300,0.000000,0.650000,0.650000,0.422500,0.000000
97.9400,0.000000,0.650000,0.650000,0.422500,0.000000
97.9500,0.000000,0.650000,0.650000,0.422500,0.000000
97.9600,0.000000,0.650000,0.650000,0.422500,0.000000
97.9700,0.000000,0.650000,0.650000,0.422500,0.000000
97.9800,0.000000,0.650000,0.650000,0.422500,0.000000
97.9900,0.000000,0.650000,0.650000,0.422500,0.000000
98.0000,0.000000,0.650000,0.650000,0.422500,0.000000
98.0100,0.000000,0.650000,0.650000,0.422500,0.000000
98.0200,0.000000,0.650000,0.650000,0.422500,0.000000
98.0300,0.000000,0.650000,0.650000,0.422500,0.000000
98.0400,0.000000,0.650000,0.650000,0.422500,0.000000
98.0500,0.000000,0.650000,0.650000,0.422500,0.000000
98.0600,0.000000,0.650000,0.650000,0.422500,0.000000
98.0700,0.000000,0.650000,0.650000,0.422500,0.000000
98.0800,0.000000,0.650000,0.650000,0.422500,0.000000
98.0900,0.000000,0.650000,0.650000,0.422500,0.000000
98.1000,0.000000,0.650000,0.650000,0.422500,0.000000
98.1100,0.000000,0.650000,0.650000,0.422500,0.000000
98.1200,0.000000,0.650000,0.650000,0.422500,0.000000
98.1300,0.000000,0.650000,0.650000,0.422500,0.000000
98.1400,0.000000,0.650000,0.650000,0.422500,0.000000
98.1500,0.000000,0.650000,0.650000,0.422500,0.000000
98.1600,0.000000,0.650000,0.650000,0.422500,0.000000
98.1700,0.000000,0.650000,0.650000,0.422500,0.000000
98.1800,0.000000,0.650000,0.650000,0.422500,0.000000
98.1900,0.000000,0.650000,0.650000,0.422500,0.000000
98.2000,0.000000,0.650000,0.650000,0.422500,0.000000
98.2100,0.000000,0.650000,0.650000,0.422500,0.000000
98.2200,0.000000,0.650000,0.650000,0.422500,0.000000
98.2300,0.000000,0.650000,0.650000,0.422500,0.000000
98.2400,0.000000,0.650000,0.650000,0.422500,0.000000
98.2500,0.000000,0.650000,0.650000,0.422500,0.000000
98.2600,0.000000,0.650000,0.650000,0.422500,0.000000
98.2700,0.000000,0.650000,0.650000,0.422500,0.000000
98.2800,0.000000,0.650000,0.650000,0.422500,0.000000
98.2900,0.000000,0.650000,0.650000,0.422500,-0.000000
98.3000,0.000000,0.650000,0.650000,0.422500,-0.000000
98.3100,0.000000,0.650000,0.650000,0.422500,-0.000000
98.3200,0.000000,0.650000,0.650000,0.422500,-0.000000
98.3300,0.000000,0.650000,0.650000,0.422500,-0.000000
98.3400,0.000000,0.650000,0.650000,0.422500,-0.000000
98.3500,-0.000000,0.650000,0.650000,0.422500,-0.000000
98.3600,-0.000000,0.650000,0.650000,0.422500,-0.000000
98.3700,-0.000000,0.650000,0.650000,0.422500,-0.000000
98.3800,-0.000000,0.650000,0.650000,0.422500,-0.000000
98.3900,-0.000000,0.650000,0.650000,0.422500,-0.000000
98.4000,-0.000000,0.650000,0.650000,0.422500,-0.000000
98.4100,-0.000000,0.650000,0.650000,0.422500,-0.000000
98.4200,-0.000000,0.650000,0.650000,0.422500,-0.000000
98.4300,-0.000000,0.650000,0.650000,0.422500,-0.000000
98.4400,-0.000000,0.650000,0.650000,0.422500,-0.000000
98.4500,-0.000000,0.650000,0.650000,0.422500,-0.000000
98.4600,-0.000000,0.650000,0.650000,0.422500,-0.000000
98.4700,-0.000000,0.650000,0.650000,0.422500,-0.000000
98.4800,-0.000000,0.650000,0.650000,0.422500,-0.000000
98.4900,-0.000000,0.650000,0.650000,0.422500,-0.000000
98.5000,-0.000000,0.650000,0.650000,0.422500,-0.000000
98.5100,-0.000000,0.650000,0.650000,0.422500,-0.000000
98.5200,-0.000000,0.650000,0.650000,0.422500,-0.000000
98.5300,-0.000000,0.650000,0.650000,0.422500,-0.000000
98.5400,-0.000000,0.650000,0.650000,0.422500,-0.000000
98.5500,-0.000000,0.650000,0.650000,0.422500,-0.000000
98.5600,-0.000000,0.650000,0.650000,0.422500,-0.000000
98.5700,-0.000000,0.650000,0.650000,0.422500,-0.000000
98.5800,-0.000000,0.650000,0.650000,0.422500,-0.000000
98.5900,-0.000000,0.650000,0.650000,0.422500,-0.000000
98.6000,-0.000000,0.650000,0.650000,0.422500,-0.000000
98.6100,-0.000000,0.650000,0.650000,0.422500,-0.000000
98.6200,-0.000000,0.650000,0.650000,0.422500,-0.000000
98.6300,-0.000000,0.650000,0.650000,0.422500,-0.000000
98.6400,-0.000000,0.650000,0.650000,0.422500,-0.000000
98.6500,-0.000000,0.650000,0.650000,0.422500,-0.000000
98.6600,-0.000000,0.650000,0.650000,0.422500,-0.000000
98.6700,-0.000000,0.650000,0.650000,0.422500,-0.000000
98.6800,-0.000000,0.650000,0.650000,0.422500,-0.000000
98.6900,-0.000000,0.650000,0.650000,0.422500,-0.000000
98.7000,-0.000000,0.650000,0.650000,0.422500,-0.000000
98.7100,-0.000000,0.650000,0.650000,0.422500,-0.000000
98.7200,-0.000000,0.650000,0.650000,0.422500,-0.000000
98.7300,-0.000000,0.650000,0.650000,0.422500,-0.000000
98.7400,-0.000000,0.650000,0.650000,0.422500,-0.000000
98.7500,-0.000000,0.650000,0.650000,0.422500,-0.000000
98.7600,-0.000000,0.650000,0.650000,0.422500,-0.000000
98.7700,-0.000000,0.650000,0.650000,0.422500,-0.000000
98.7800,-0.000000,0.650000,0.650000,0.422500,-0.000000
98.7900,-0.000000,0.650000,0.650000,0.422500,-0.000000
98.8000,-0.000000,0.650000,0.650000,0.422500,-0.000000
98.8100,-0.000000,0.650000,0.650000,0.422500,-0.000000
98.8200,-0.000000,0.650000,0.650000,0.422500,-0.000000
98.8300,-0.000000,0.650000,0.650000,0.422500,-0.000000
98.8400,-0.000000,0.650000,0.650000,0.422500,-0.000000
98.8500,-0.000000,0.650000,0.650000,0.422500,-0.000000
98.8600,-0.000000,0.650000,0.650000,0.422500,-0.000000
98.8700,-0.000000,0.650000,0.650000,0.422500,-0.000000
98.8800,-0.000000,0.650000,0.650000,0.422500,-0.000000
98.8900,-0.000000,0.650000,0.650000,0.422500,-0.000000
98.9000,-0.000000,0.650000,0.650000,0.422500,-0.000000
98.9100,-0.000000,0.650000,0.650000,0.422500,-0.000000
98.9200,-0.000000,0.650000,0.650000,0.422500,-0.000000
98.9300,-0.000000,0.650000,0.650000,0.422500,-0.000000
98.9400,-0.000000,0.650000,0.650000,0.422500,-0.000000
98.9500,-0.000000,0.650000,0.650000,0.422500,-0.000000
98.9600,-0.000000,0.650000,0.650000,0.422500,-0.000000
98.9700,-0.000000,0.650000,0.650000,0.422500,-0.000000
98.9800,-0.000000,0.650000,0.650000,0.422500,-0.000000
98.9900,-0.000000,0.650000,0.650000,0.422500,-0.000000
99.0000,-0.000000,0.650000,0.650000,0.422500,0.000000
99.0100,-0.000000,0.650000,0.650000,0.422500,0.000000
99.0200,0.000000,0.650000,0.650000,0.422500,0.000000
99.0300,0.000000,0.650000,0.650000,0.422500,0.000000
99.0400,0.000000,0.650000,0.650000,0.422500,0.000000
99.0500,0.000000,0.650000,0.650000,0.422500,0.000000
99.0600,0.000000,0.650000,0.650000,0.422500,0.000000
99.0700,0.000000,0.650000,0.650000,0.422500,0.000000
99.0800,0.000000,0.650000,0.650000,0.422500,0.000000
99.0900,0.000000,0.650000,0.650000,0.422500,0.000000
99.1000,0.000000,0.650000,0.650000,0.422500,0.000000
99.1100,0.000000,0.650000,0.650000,0.422500,0.000000
99.1200,0.000000,0.650000,0.650000,0.422500,0.000000
99.1300,0.000000,0.650000,0.650000,0.422500,0.000000
99.1400,0.000000,0.650000,0.650000,0.422500,0.000000
99.1500,0.000000,0.650000,0.650000,0.422500,0.000000
99.1600,0.000000,0.650000,0.650000,0.422500,0.000000
99.1700,0.000000,0.650000,0.650000,0.422500,0.000000
99.1800,0.000000,0.650000,0.650000,0.422500,0.000000
99.1900,0.000000,0.650000,0.650000,0.422500,0.000000
99.2000,0.000000,0.650000,0.650000,0.422500,0.000000
99.2100,0.000000,0.650000,0.650000,0.422500,0.000000
99.2200,0.000000,0.650000,0.650000,0.422500,0.000000
99.2300,0.000000,0.650000,0.650000,0.422500,0.000000
99.2400,0.000000,0.650000,0.650000,0.422500,0.000000
99.2500,0.000000,0.650000,0.650000,0.422500,0.000000
99.2600,0.000000,0.650000,0.650000,0.422500,0.000000
99.2700,0.000000,0.650000,0.650000,0.422500,0.000000
99.2800,0.000000,0.650000,0.650000,0.422500,0.000000
99.2900,0.000000,0.650000,0.650000,0.422500,0.000000
99.3000,0.000000,0.650000,0.650000,0.422500,0.000000
99.3100,0.000000,0.650000,0.650000,0.422500,0.000000
99.3200,0.000000,0.650000,0.650000,0.422500,0.000000
99.3300,0.000000,0.650000,0.650000,0.422500,0.000000
99.3400,0.000000,0.650000,0.650000,0.422500,0.000000
99.3500,0.000000,0.650000,0.650000,0.422500,0.000000
99.3600,0.000000,0.650000,0.650000,0.422500,0.000000
99.3700,0.000000,0.650000,0.650000,0.422500,0.000000
99.3800,0.000000,0.650000,0.650000,0.422500,0.000000
99.3900,0.000000,0.650000,0.650000,0.422500,0.000000
99.4000,0.000000,0.650000,0.650000,0.422500,0.000000
99.4100,0.000000,0.650000,0.650000,0.422500,0.000000
99.4200,0.000000,0.650000,0.650000,0.422500,0.000000
99.4300,0.000000,0.650000,0.650000,0.422500,0.000000
99.4400,0.000000,0.650000,0.650000,0.422500,0.000000
99.4500,0.000000,0.650000,0.650000,0.422500,0.000000
99.4600,0.000000,0.650000,0.650000,0.422500,0.000000
99.4700,0.000000,0.650000,0.650000,0.422500,0.000000
99.4800,0.000000,0.650000,0.650000,0.422500,0.000000
99.4900,0.000000,0.650000,0.650000,0.422500,0.000000
99.5000,0.000000,0.650000,0.650000,0.422500,0.000000
99.5100,0.000000,0.650000,0.650000,0.422500,0.000000
99.5200,0.000000,0.650000,0.650000,0.422500,0.000000
99.5300,0.000000,0.650000,0.650000,0.422500,0.000000
99.5400,0.000000,0.650000,0.650000,0.422500,0.000000
99.5500,0.000000,0.650000,0.650000,0.422500,0.000000
99.5600,0.000000,0.650000,0.650000,0.422500,0.000000
99.5700,0.000000,0.650000,0.650000,0.422500,0.000000
99.5800,0.000000,0.650000,0.650000,0.422500,0.000000
99.5900,0.000000,0.650000,0.650000,0.422500,0.000000
99.6000,0.000000,0.650000,0.650000,0.422500,0.000000
99.6100,0.000000,0.650000,0.650000,0.422500,0.000000
99.6200,0.000000,0.650000,0.650000,0.422500,0.000000
99.6300,0.000000,0.650000,0.650000,0.422500,0.000000
99.6400,0.000000,0.650000,0.650000,0.422500,0.000000
99.6500,0.000000,0.650000,0.650000,0.422500,0.000000
99.6600,0.000000,0.650000,0.650000,0.422500,0.000000
99.6700,0.000000,0.650000,0.650000,0.422500,0.000000
99.6800,0.000000,0.650000,0.650000,0.422500,0.000000
99.6900,0.000000,0.650000,0.650000,0.422500,0.000000
99.7000,0.000000,0.650000,0.650000,0.422500,-0.000000
99.7100,0.000000,0.650000,0.650000,0.422500,-0.000000
99.7200,0.000000,0.650000,0.650000,0.422500,-0.000000
99.7300,0.000000,0.650000,0.650000,0.422500,-0.000000
99.7400,0.000000,0.650000,0.650000,0.422500,-0.000000
99.7500,-0.000000,0.650000,0.650000,0.422500,-0.000000
99.7600,-0.000000,0.650000,0.650000,0.422500,-0.000000
99.7700,-0.000000,0.650000,0.650000,0.422500,-0.000000
99.7800,-0.000000,0.650000,0.650000,0.422500,-0.000000
99.7900,-0.000000,0.650000,0.650000,0.422500,-0.000000
99.8000,-0.000000,0.650000,0.650000,0.422500,-0.000000
99.8100,-0.000000,0.650000,0.650000,0.422500,-0.000000
99.8200,-0.000000,0.650000,0.650000,0.422500,-0.000000
99.8300,-0.000000,0.650000,0.650000,0.422500,-0.000000
99.8400,-0.000000,0.650000,0.650000,0.422500,-0.000000
99.8500,-0.000000,0.650000,0.650000,0.422500,-0.000000
99.8600,-0.000000,0.650000,0.650000,0.422500,-0.000000
99.8700,-0.000000,0.650000,0.650000,0.422500,-0.000000
99.8800,-0.000000,0.650000,0.650000,0.422500,-0.000000
99.8900,-0.000000,0.650000,0.650000,0.422500,-0.000000
99.9000,-0.000000,0.650000,0.650000,0.422500,-0.000000
99.9100,-0.000000,0.650000,0.650000,0.422500,-0.000000
99.9200,-0.000000,0.650000,0.650000,0.422500,-0.000000
99.9300,-0.000000,0.650000,0.650000,0.422500,-0.000000
99.9400,-0.000000,0.650000,0.650000,0.422500,-0.000000
99.9500,-0.000000,0.650000,0.650000,0.422500,-0.000000
99.9600,-0.000000,0.650000,0.650000,0.422500,-0.000000
99.9700,-0.000000,0.650000,0.650000,0.422500,-0.000000
99.9800,-0.000000,0.650000,0.650000,0.422500,-0.000000
99.9900,-0.000000,0.650000,0.650000,0.422500,-0.000000
100.0000,-0.000000,0.650000,0.650000,0.422500,-0.000000
100.0100,-0.000000,0.650000,0.650000,0.422500,-0.000000
100.0200,-0.000000,0.650000,0.650000,0.422500,-0.000000
100.0300,-0.000000,0.650000,0.650000,0.422500,-0.000000
100.0400,-0.000000,0.650000,0.650000,0.422500,-0.000000
100.0500,-0.000000,0.650000,0.650000,0.422500,-0.000000
100.0600,-0.000000,0.650000,0.650000,0.422500,-0.000000
100.0700,-0.000000,0.650000,0.650000,0.422500,-0.000000
100.0800,-0.000000,0.650000,0.650000,0.422500,-0.000000
100.0900,-0.000000,0.650000,0.650000,0.422500,-0.000000
100.1000,-0.000000,0.650000,0.650000,0.422500,-0.000000
100.1100,-0.000000,0.650000,0.650000,0.422500,-0.000000
100.1200,-0.000000,0.650000,0.650000,0.422500,-0.000000
100.1300,-0.000000,0.650000,0.650000,0.422500,-0.000000
100.1400,-0.000000,0.650000,0.650000,0.422500,-0.000000
100.1500,-0.000000,0.650000,0.650000,0.422500,-0.000000
100.1600,-0.000000,0.650000,0.650000,0.422500,-0.000000
100.1700,-0.000000,0.650000,0.650000,0.422500,-0.000000
100.1800,-0.000000,0.650000,0.650000,0.422500,-0.000000
100.1900,-0.000000,0.650000,0.650000,0.422500,-0.000000
100.2000,-0.000000,0.650000,0.650000,0.422500,-0.000000
100.2100,-0.000000,0.650000,0.650000,0.422500,-0.000000
100.2200,-0.000000,0.650000,0.650000,0.422500,-0.000000
100.2300,-0.000000,0.650000,0.650000,0.422500,-0.000000
100.2400,-0.000000,0.650000,0.650000,0.422500,-0.000000
100.2500,-0.000000,0.650000,0.650000,0.422500,-0.000000
100.2600,-0.000000,0.650000,0.650000,0.422500,-0.000000
100.2700,-0.000000,0.650000,0.650000,0.422500,-0.000000
100.2800,-0.000000,0.650000,0.650000,0.422500,-0.000000
100.2900,-0.000000,0.650000,0.650000,0.422500,-0.000000
100.3000,-0.000000,0.650000,0.650000,0.422500,-0.000000
100.3100,-0.000000,0.650000,0.650000,0.422500,-0.000000
100.3200,-0.000000,0.650000,0.650000,0.422500,-0.000000
100.3300,-0.000000,0.650000,0.650000,0.422500,-0.000000
100.3400,-0.000000,0.650000,0.650000,0.422500,-0.000000
100.3500,-0.000000,0.650000,0.650000,0.422500,-0.000000
100.3600,-0.000000,0.650000,0.650000,0.422500,-0.000000
100.3700,-0.000000,0.650000,0.650000,0.422500,-0.000000
100.3800,-0.000000,0.650000,0.650000,0.422500,-0.000000
100.3900,-0.000000,0.650000,0.650000,0.422500,-0.000000
100.4000,-0.000000,0.650000,0.650000,0.422500,0.000000
100.4100,-0.000000,0.650000,0.650000,0.422500,0.000000
100.4200,0.000000,0.650000,0.650000,0.422500,0.000000
100.4300,0.000000,0.650000,0.650000,0.422500,0.000000
100.4400,0.000000,0.650000,0.650000,0.422500,0.000000
100.4500,0.000000,0.650000,0.650000,0.422500,0.000000
100.4600,0.000000,0.650000,0.650000,0.422500,0.000000
100.4700,0.000000,0.650000,0.650000,0.422500,0.000000
100.4800,0.000000,0.650000,0.650000,0.422500,0.000000
100.4900,0.000000,0.650000,0.650000,0.422500,0.000000
100.5000,0.000000,0.650000,0.650000,0.422500,0.000000
100.5100,0.000000,0.650000,0.650000,0.422500,0.000000
100.5200,0.000000,0.650000,0.650000,0.422500,0.000000
100.5300,0.000000,0.650000,0.650000,0.422500,0.000000
100.5400,0.000000,0.650000,0.650000,0.422500,0.000000
100.5500,0.000000,0.650000,0.650000,0.422500,0.000000
100.5600,0.000000,0.650000,0.650000,0.422500,0.000000
100.5700,0.000000,0.650000,0.650000,0.422500,0.000000
100.5800,0.000000,0.650000,0.650000,0.422500,0.000000
100.5900,0.000000,0.650000,0.650000,0.422500,0.000000
100.6000,0.000000,0.650000,0.650000,0.422500,0.000000
100.6100,0.000000,0.650000,0.650000,0.422500,0.000000
100.6200,0.000000,0.650000,0.650000,0.422500,0.000000
100.6300,0.000000,0.650000,0.650000,0.422500,0.000000
100.6400,0.000000,0.650000,0.650000,0.422500,0.000000
100.6500,0.000000,0.650000,0.650000,0.422500,0.000000
100.6600,0.000000,0.650000,0.650000,0.422500,0.000000
100.6700,0.000000,0.650000,0.650000,0.422500,0.000000
100.6800,0.000000,0.650000,0.650000,0.422500,0.000000
100.6900,0.000000,0.650000,0.650000,0.422500,0.000000
100.7000,0.000000,0.650000,0.650000,0.422500,0.000000
100.7100,0.000000,0.650000,0.650000,0.422500,0.000000
100.7200,0.000000,0.650000,0.650000,0.422500,0.000000
100.7300,0.000000,0.650000,0.650000,0.422500,0.000000
100.7400,0.000000,0.650000,0.650000,0.422500,0.000000
100.7500,0.000000,0.650000,0.650000,0.422500,0.000000
100.7600,0.000000,0.650000,0.650000,0.422500,0.000000
100.7700,0.000000,0.650000,0.650000,0.422500,0.000000
100.7800,0.000000,0.650000,0.650000,0.422500,0.000000
100.7900,0.000000,0.650000,0.650000,0.422500,0.000000
100.8000,0.000000,0.650000,0.650000,0.422500,0.000000
100.8100,0.000000,0.650000,0.650000,0.422500,0.000000
100.8200,0.000000,0.650000,0.650000,0.422500,0.000000
100.8300,0.000000,0.650000,0.650000,0.422500,0.000000
100.8400,0.000000,0.650000,0.650000,0.422500,0.000000
100.8500,0.000000,0.650000,0.650000,0.422500,0.000000
100.8600,0.000000,0.650000,0.650000,0.422500,0.000000
100.8700,0.000000,0.650000,0.650000,0.422500,0.000000
100.8800,0.000000,0.650000,0.650000,0.422500,0.000000
100.8900,0.000000,0.650000,0.650000,0.422500,0.000000
100.9000,0.000000,0.650000,0.650000,0.422500,0.000000
100.9100,0.000000,0.650000,0.650000,0.422500,0.000000
100.9200,0.000000,0.650000,0.650000,0.422500,0.000000
100.9300,0.000000,0.650000,0.650000,0.422500,0.000000
100.9400,0.000000,0.650000,0.650000,0.422500,0.000000
100.9500,0.000000,0.650000,0.650000,0.422500,0.000000
100.9600,0.000000,0.650000,0.650000,0.422500,0.000000
100.9700,0.000000,0.650000,0.650000,0.422500,0.000000
100.9800,0.000000,0.650000,0.650000,0.422500,0.000000
100.9900,0.000000,0.650000,0.650000,0.422500,0.000000
101.0000,0.000000,0.650000,0.650000,0.422500,0.000000
101.0100,0.000000,0.650000,0.650000,0.422500,0.000000
101.0200,0.000000,0.650000,0.650000,0.422500,0.000000
101.0300,0.000000,0.650000,0.650000,0.422500,0.000000
101.0400,0.000000,0.650000,0.650000,0.422500,0.000000
101.0500,0.000000,0.650000,0.650000,0.422500,0.000000
101.0600,0.000000,0.650000,0.650000,0.422500,0.000000
101.0700,0.000000,0.650000,0.650000,0.422500,0.000000
101.0800,0.000000,0.650000,0.650000,0.422500,0.000000
101.0900,0.000000,0.650000,0.650000,0.422500,0.000000
101.1000,0.000000,0.650000,0.650000,0.422500,-0.000000
101.1100,0.000000,0.650000,0.650000,0.422500,-0.000000
101.1200,0.000000,0.650000,0.650000,0.422500,-0.000000
101.1300,0.000000,0.650000,0.650000,0.422500,-0.000000
101.1400,0.000000,0.650000,0.650000,0.422500,-0.000000
101.1500,0.000000,0.650000,0.650000,0.422500,-0.000000
101.1600,-0.000000,0.650000,0.650000,0.422500,-0.000000
101.1700,-0.000000,0.650000,0.650000,0.422500,-0.000000
101.1800,-0.000000,0.650000,0.650000,0.422500,-0.000000
101.1900,-0.000000,0.650000,0.650000,0.422500,-0.000000
101.2000,-0.000000,0.650000,0.650000,0.422500,-0.000000
101.2100,-0.000000,0.650000,0.650000,0.422500,-0.000000
101.2200,-0.000000,0.650000,0.650000,0.422500,-0.000000
101.2300,-0.000000,0.650000,0.650000,0.422500,-0.000000
101.2400,-0.000000,0.650000,0.650000,0.422500,-0.000000
101.2500,-0.000000,0.650000,0.650000,0.422500,-0.000000
101.2600,-0.000000,0.650000,0.650000,0.422500,-0.000000
101.2700,-0.000000,0.650000,0.650000,0.422500,-0.000000
101.2800,-0.000000,0.650000,0.650000,0.422500,-0.000000
101.2900,-0.000000,0.650000,0.650000,0.422500,-0.000000
101.3000,-0.000000,0.650000,0.650000,0.422500,-0.000000
101.3100,-0.000000,0.650000,0.650000,0.422500,-0.000000
101.3200,-0.000000,0.650000,0.650000,0.422500,-0.000000
101.3300,-0.000000,0.650000,0.650000,0.422500,-0.000000
101.3400,-0.000000,0.650000,0.650000,0.422500,-0.000000
101.3500,-0.000000,0.650000,0.650000,0.422500,-0.000000
101.3600,-0.000000,0.650000,0.650000,0.422500,-0.000000
101.3700,-0.000000,0.650000,0.650000,0.422500,-0.000000
101.3800,-0.000000,0.650000,0.650000,0.422500,-0.000000
101.3900,-0.000000,0.650000,0.650000,0.422500,-0.000000
101.4000,-0.000000,0.650000,0.650000,0.422500,-0.000000
101.4100,-0.000000,0.650000,0.650000,0.422500,-0.000000
101.4200,-0.000000,0.650000,0.650000,0.422500,-0.000000
101.4300,-0.000000,0.650000,0.650000,0.422500,-0.000000
101.4400,-0.000000,0.650000,0.650000,0.422500,-0.000000
101.4500,-0.000000,0.650000,0.650000,0.422500,-0.000000
101.4600,-0.000000,0.650000,0.650000,0.422500,-0.000000
101.4700,-0.000000,0.650000,0.650000,0.422500,-0.000000
101.4800,-0.000000,0.650000,0.650000,0.422500,-0.000000
101.4900,-0.000000,0.650000,0.650000,0.422500,-0.000000
101.5000,-0.000000,0.650000,0.650000,0.422500,-0.000000
101.5100,-0.000000,0.650000,0.650000,0.422500,-0.000000
101.5200,-0.000000,0.650000,0.650000,0.422500,-0.000000
101.5300,-0.000000,0.650000,0.650000,0.422500,-0.000000
101.5400,-0.000000,0.650000,0.650000,0.422500,-0.000000
101.5500,-0.000000,0.650000,0.650000,0.422500,-0.000000
101.5600,-0.000000,0.650000,0.650000,0.422500,-0.000000
101.5700,-0.000000,0.650000,0.650000,0.422500,-0.000000
101.5800,-0.000000,0.650000,0.650000,0.422500,-0.000000
101.5900,-0.000000,0.650000,0.650000,0.422500,-0.000000
101.6000,-0.000000,0.650000,0.650000,0.422500,-0.000000
101.6100,-0.000000,0.650000,0.650000,0.422500,-0.000000
101.6200,-0.000000,0.650000,0.650000,0.422500,-0.000000
101.6300,-0.000000,0.650000,0.650000,0.422500,-0.000000
101.6400,-0.000000,0.650000,0.650000,0.422500,-0.000000
101.6500,-0.000000,0.650000,0.650000,0.422500,-0.000000
101.6600,-0.000000,0.650000,0.650000,0.422500,-0.000000
101.6700,-0.000000,0.650000,0.650000,0.422500,-0.000000
101.6800,-0.000000,0.650000,0.650000,0.422500,-0.000000
101.6900,-0.000000,0.650000,0.650000,0.422500,-0.000000
101.7000,-0.000000,0.650000,0.650000,0.422500,-0.000000
101.7100,-0.000000,0.650000,0.650000,0.422500,-0.000000
101.7200,-0.000000,0.650000,0.650000,0.422500,-0.000000
101.7300,-0.000000,0.650000,0.650000,0.422500,-0.000000
101.7400,-0.000000,0.650000,0.650000,0.422500,-0.000000
101.7500,-0.000000,0.650000,0.650000,0.422500,-0.000000
101.7600,-0.000000,0.650000,0.650000,0.422500,-0.000000
101.7700,-0.000000,0.650000,0.650000,0.422500,-0.000000
101.7800,-0.000000,0.650000,0.650000,0.422500,-0.000000
101.7900,-0.000000,0.650000,0.650000,0.422500,-0.000000
101.8000,-0.000000,0.650000,0.650000,0.422500,0.000000
101.8100,-0.000000,0.650000,0.650000,0.422500,0.000000
101.8200,0.000000,0.650000,0.650000,0.422500,0.000000
101.8300,0.000000,0.650000,0.650000,0.422500,0.000000
101.8400,0.000000,0.650000,0.650000,0.422500,0.000000
101.8500,0.000000,0.650000,0.650000,0.422500,0.000000
101.8600,0.000000,0.650000,0.650000,0.422500,0.000000
101.8700,0.000000,0.650000,0.650000,0.422500,0.000000
101.8800,0.000000,0.650000,0.650000,0.422500,0.000000
101.8900,0.000000,0.650000,0.650000,0.422500,0.000000
101.9000,0.000000,0.650000,0.650000,0.422500,0.000000
101.9100,0.000000,0.650000,0.650000,0.422500,0.000000
101.9200,0.000000,0.650000,0.650000,0.422500,0.000000
101.9300,0.000000,0.650000,0.650000,0.422500,0.000000
101.9400,0.000000,0.650000,0.650000,0.422500,0.000000
101.9500,0.000000,0.650000,0.650000,0.422500,0.000000
101.9600,0.000000,0.650000,0.650000,0.422500,0.000000
101.9700,0.000000,0.650000,0.650000,0.422500,0.000000
101.9800,0.000000,0.650000,0.650000,0.422500,0.000000
101.9900,0.000000,0.650000,0.650000,0.422500,0.000000
102.0000,0.000000,0.650000,0.650000,0.422500,0.000000
102.0100,0.000000,0.650000,0.650000,0.422500,0.000000
102.0200,0.000000,0.650000,0.650000,0.422500,0.000000
102.0300,0.000000,0.650000,0.650000,0.422500,0.000000
102.0400,0.000000,0.650000,0.650000,0.422500,0.000000
102.0500,0.000000,0.650000,0.650000,0.422500,0.000000
102.0600,0.000000,0.650000,0.650000,0.422500,0.000000
102.0700,0.000000,0.650000,0.650000,0.422500,0.000000
102.0800,0.000000,0.650000,0.650000,0.422500,0.000000
102.0900,0.000000,0.650000,0.650000,0.422500,0.000000
102.1000,0.000000,0.650000,0.650000,0.422500,0.000000
102.1100,0.000000,0.650000,0.650000,0.422500,0.000000
102.1200,0.000000,0.650000,0.650000,0.422500,0.000000
102.1300,0.000000,0.650000,0.650000,0.422500,0.000000
102.1400,0.000000,0.650000,0.650000,0.422500,0.000000
102.1500,0.000000,0.650000,0.650000,0.422500,0.000000
102.1600,0.000000,0.650000,0.650000,0.422500,0.000000
102.1700,0.000000,0.650000,0.650000,0.422500,0.000000
102.1800,0.000000,0.650000,0.650000,0.422500,0.000000
102.1900,0.000000,0.650000,0.650000,0.422500,0.000000
102.2000,0.000000,0.650000,0.650000,0.422500,0.000000
102.2100,0.000000,0.650000,0.650000,0.422500,0.000000
102.2200,0.000000,0.650000,0.650000,0.422500,0.000000
102.2300,0.000000,0.650000,0.650000,0.422500,0.000000
102.2400,0.000000,0.650000,0.650000,0.422500,0.000000
102.2500,0.000000,0.650000,0.650000,0.422500,0.000000
102.2600,0.000000,0.650000,0.650000,0.422500,0.000000
102.2700,0.000000,0.650000,0.650000,0.422500,0.000000
102.2800,0.000000,0.650000,0.650000,0.422500,0.000000
102.2900,0.000000,0.650000,0.650000,0.422500,0.000000
102.3000,0.000000,0.650000,0.650000,0.422500,0.000000
102.3100,0.000000,0.650000,0.650000,0.422500,0.000000
102.3200,0.000000,0.650000,0.650000,0.422500,0.000000
102.3300,0.000000,0.650000,0.650000,0.422500,0.000000
102.3400,0.000000,0.650000,0.650000,0.422500,0.000000
102.3500,0.000000,0.650000,0.650000,0.422500,0.000000
102.3600,0.000000,0.650000,0.650000,0.422500,0.000000
102.3700,0.000000,0.650000,0.650000,0.422500,0.000000
102.3800,0.000000,0.650000,0.650000,0.422500,0.000000
102.3900,0.000000,0.650000,0.650000,0.422500,0.000000
102.4000,0.000000,0.650000,0.650000,0.422500,0.000000
102.4100,0.000000,0.650000,0.650000,0.422500,0.000000
102.4200,0.000000,0.650000,0.650000,0.422500,0.000000
102.4300,0.000000,0.650000,0.650000,0.422500,0.000000
102.4400,0.000000,0.650000,0.650000,0.422500,0.000000
102.4500,0.000000,0.650000,0.650000,0.422500,0.000000
102.4600,0.000000,0.650000,0.650000,0.422500,0.000000
102.4700,0.000000,0.650000,0.650000,0.422500,0.000000
102.4800,0.000000,0.650000,0.650000,0.422500,0.000000
102.4900,0.000000,0.650000,0.650000,0.422500,0.000000
102.5000,0.000000,0.650000,0.650000,0.422500,-0.000000
102.5100,0.000000,0.650000,0.650000,0.422500,-0.000000
102.5200,0.000000,0.650000,0.650000,0.422500,-0.000000
102.5300,0.000000,0.650000,0.650000,0.422500,-0.000000
102.5400,0.000000,0.650000,0.650000,0.422500,-0.000000
102.5500,0.000000,0.650000,0.650000,0.422500,-0.000000
102.5600,-0.000000,0.650000,0.650000,0.422500,-0.000000
102.5700,-0.000000,0.650000,0.650000,0.422500,-0.000000
102.5800,-0.000000,0.650000,0.650000,0.422500,-0.000000
102.5900,-0.000000,0.650000,0.650000,0.422500,-0.000000
102.6000,-0.000000,0.650000,0.650000,0.422500,-0.000000
102.6100,-0.000000,0.650000,0.650000,0.422500,-0.000000
102.6200,-0.000000,0.650000,0.650000,0.422500,-0.000000
102.6300,-0.000000,0.650000,0.650000,0.422500,-0.000000
102.6400,-0.000000,0.650000,0.650000,0.422500,-0.000000
102.6500,-0.000000,0.650000,0.650000,0.422500,-0.000000
102.6600,-0.000000,0.650000,0.650000,0.422500,-0.000000
102.6700,-0.000000,0.650000,0.650000,0.422500,-0.000000
102.6800,-0.000000,0.650000,0.650000,0.422500,-0.000000
102.6900,-0.000000,0.650000,0.650000,0.422500,-0.000000
102.7000,-0.000000,0.650000,0.650000,0.422500,-0.000000
102.7100,-0.000000,0.650000,0.650000,0.422500,-0.000000
102.7200,-0.000000,0.650000,0.650000,0.422500,-0.000000
102.7300,-0.000000,0.650000,0.650000,0.422500,-0.000000
102.7400,-0.000000,0.650000,0.650000,0.422500,-0.000000
102.7500,-0.000000,0.650000,0.650000,0.422500,-0.000000
102.7600,-0.000000,0.650000,0.650000,0.422500,-0.000000
102.7700,-0.000000,0.650000,0.650000,0.422500,-0.000000
102.7800,-0.000000,0.650000,0.650000,0.422500,-0.000000
102.7900,-0.000000,0.650000,0.650000,0.422500,-0.000000
102.8000,-0.000000,0.650000,0.650000,0.422500,-0.000000
102.8100,-0.000000,0.650000,0.650000,0.422500,-0.000000
102.8200,-0.000000,0.650000,0.650000,0.422500,-0.000000
102.8300,-0.000000,0.650000,0.650000,0.422500,-0.000000
102.8400,-0.000000,0.650000,0.650000,0.422500,-0.000000
102.8500,-0.000000,0.650000,0.650000,0.422500,-0.000000
102.8600,-0.000000,0.650000,0.650000,0.422500,-0.000000
102.8700,-0.000000,0.650000,0.650000,0.422500,-0.000000
102.8800,-0.000000,0.650000,0.650000,0.422500,-0.000000
102.8900,-0.000000,0.650000,0.650000,0.422500,-0.000000
102.9000,-0.000000,0.650000,0.650000,0.422500,-0.000000
102.9100,-0.000000,0.650000,0.650000,0.422500,-0.000000
102.9200,-0.000000,0.650000,0.650000,0.422500,-0.000000
102.9300,-0.000000,0.650000,0.650000,0.422500,-0.000000
102.9400,-0.000000,0.650000,0.650000,0.422500,-0.000000
102.9500,-0.000000,0.650000,0.650000,0.422500,-0.000000
102.9600,-0.000000,0.650000,0.650000,0.422500,-0.000000
102.9700,-0.000000,0.650000,0.650000,0.422500,-0.000000
102.9800,-0.000000,0.650000,0.650000,0.422500,-0.000000
102.9900,-0.000000,0.650000,0.650000,0.422500,-0.000000
103.0000,-0.000000,0.650000,0.650000,0.422500,-0.000000
103.0100,-0.000000,0.650000,0.650000,0.422500,-0.000000
103.0200,-0.000000,0.650000,0.650000,0.422500,-0.000000
103.0300,-0.000000,0.650000,0.650000,0.422500,-0.000000
103.0400,-0.000000,0.650000,0.650000,0.422500,-0.000000
103.0500,-0.000000,0.650000,0.650000,0.422500,-0.000000
103.0600,-0.000000,0.650000,0.650000,0.422500,-0.000000
103.0700,-0.000000,0.650000,0.650000,0.422500,-0.000000
103.0800,-0.000000,0.650000,0.650000,0.422500,-0.000000
103.0900,-0.000000,0.650000,0.650000,0.422500,-0.000000
103.1000,-0.000000,0.650000,0.650000,0.422500,-0.000000
103.1100,-0.000000,0.650000,0.650000,0.422500,-0.000000
103.1200,-0.000000,0.650000,0.650000,0.422500,-0.000000
103.1300,-0.000000,0.650000,0.650000,0.422500,-0.000000
103.1400,-0.000000,0.650000,0.650000,0.422500,-0.000000
103.1500,-0.000000,0.650000,0.650000,0.422500,-0.000000
103.1600,-0.000000,0.650000,0.650000,0.422500,-0.000000
103.1700,-0.000000,0.650000,0.650000,0.422500,-0.000000
103.1800,-0.000000,0.650000,0.650000,0.422500,-0.000000
103.1900,-0.000000,0.650000,0.650000,0.422500,-0.000000
103.2000,-0.000000,0.650000,0.650000,0.422500,-0.000000
103.2100,-0.000000,0.650000,0.650000,0.422500,0.000000
103.2200,0.000000,0.650000,0.650000,0.422500,0.000000
103.2300,0.000000,0.650000,0.650000,0.422500,0.000000
103.2400,0.000000,0.650000,0.650000,0.422500,0.000000
103.2500,0.000000,0.650000,0.650000,0.422500,0.000000
103.2600,0.000000,0.650000,0.650000,0.422500,0.000000
103.2700,0.000000,0.650000,0.650000,0.422500,0.000000
103.2800,0.000000,0.650000,0.650000,0.422500,0.000000
103.2900,0.000000,0.650000,0.650000,0.422500,0.000000
103.3000,0.000000,0.650000,0.650000,0.422500,0.000000
103.3100,0.000000,0.650000,0.650000,0.422500,0.000000
103.3200,0.000000,0.650000,0.650000,0.422500,0.000000
103.3300,0.000000,0.650000,0.650000,0.422500,0.000000
103.3400,0.000000,0.650000,0.650000,0.422500,0.000000
103.3500,0.000000,0.650000,0.650000,0.422500,0.000000
103.3600,0.000000,0.650000,0.650000,0.422500,0.000000
103.3700,0.000000,0.650000,0.650000,0.422500,0.000000
103.3800,0.000000,0.650000,0.650000,0.422500,0.000000
103.3900,0.000000,0.650000,0.650000,0.422500,0.000000
103.4000,0.000000,0.650000,0.650000,0.422500,0.000000
103.4100,0.000000,0.650000,0.650000,0.422500,0.000000
103.4200,0.000000,0.650000,0.650000,0.422500,0.000000
103.4300,0.000000,0.650000,0.650000,0.422500,0.000000
103.4400,0.000000,0.650000,0.650000,0.422500,0.000000
103.4500,0.000000,0.650000,0.650000,0.422500,0.000000
103.4600,0.000000,0.650000,0.650000,0.422500,0.000000
103.4700,0.000000,0.650000,0.650000,0.422500,0.000000
103.4800,0.000000,0.650000,0.650000,0.422500,0.000000
103.4900,0.000000,0.650000,0.650000,0.422500,0.000000
103.5000,0.000000,0.650000,0.650000,0.422500,0.000000
103.5100,0.000000,0.650000,0.650000,0.422500,0.000000
103.5200,0.000000,0.650000,0.650000,0.422500,0.000000
103.5300,0.000000,0.650000,0.650000,0.422500,0.000000
103.5400,0.000000,0.650000,0.650000,0.422500,0.000000
103.5500,0.000000,0.650000,0.650000,0.422500,0.000000
103.5600,0.000000,0.650000,0.650000,0.422500,0.000000
103.5700,0.000000,0.650000,0.650000,0.422500,0.000000
103.5800,0.000000,0.650000,0.650000,0.422500,0.000000
103.5900,0.000000,0.650000,0.650000,0.422500,0.000000
103.6000,0.000000,0.650000,0.650000,0.422500,0.000000
103.6100,0.000000,0.650000,0.650000,0.422500,0.000000
103.6200,0.000000,0.650000,0.650000,0.422500,0.000000
103.6300,0.000000,0.650000,0.650000,0.422500,0.000000
103.6400,0.000000,0.650000,0.650000,0.422500,0.000000
103.6500,0.000000,0.650000,0.650000,0.422500,0.000000
103.6600,0.000000,0.650000,0.650000,0.422500,0.000000
103.6700,0.000000,0.650000,0.650000,0.422500,0.000000
103.6800,0.000000,0.650000,0.650000,0.422500,0.000000
103.6900,0.000000,0.650000,0.650000,0.422500,0.000000
103.7000,0.000000,0.650000,0.650000,0.422500,0.000000
103.7100,0.000000,0.650000,0.650000,0.422500,0.000000
103.7200,0.000000,0.650000,0.650000,0.422500,0.000000
103.7300,0.000000,0.650000,0.650000,0.422500,0.000000
103.7400,0.000000,0.650000,0.650000,0.422500,0.000000
103.7500,0.000000,0.650000,0.650000,0.422500,0.000000
103.7600,0.000000,0.650000,0.650000,0.422500,0.000000
103.7700,0.000000,0.650000,0.650000,0.422500,0.000000
103.7800,0.000000,0.650000,0.650000,0.422500,0.000000
103.7900,0.000000,0.650000,0.650000,0.422500,0.000000
103.8000,0.000000,0.650000,0.650000,0.422500,0.000000
103.8100,0.000000,0.650000,0.650000,0.422500,0.000000
103.8200,0.000000,0.650000,0.650000,0.422500,0.000000
103.8300,0.000000,0.650000,0.650000,0.422500,0.000000
103.8400,0.000000,0.650000,0.650000,0.422500,0.000000
103.8500,0.000000,0.650000,0.650000,0.422500,0.000000
103.8600,0.000000,0.650000,0.650000,0.422500,0.000000
103.8700,0.000000,0.650000,0.650000,0.422500,0.000000
103.8800,0.000000,0.650000,0.650000,0.422500,0.000000
103.8900,0.000000,0.650000,0.650000,0.422500,0.000000
103.9000,0.000000,0.650000,0.650000,0.422500,0.000000
103.9100,0.000000,0.650000,0.650000,0.422500,-0.000000
103.9200,0.000000,0.650000,0.650000,0.422500,-0.000000
103.9300,0.000000,0.650000,0.650000,0.422500,-0.000000
103.9400,0.000000,0.650000,0.650000,0.422500,-0.000000
103.9500,0.000000,0.650000,0.650000,0.422500,-0.000000
103.9600,0.000000,0.650000,0.650000,0.422500,-0.000000
103.9700,-0.000000,0.650000,0.650000,0.422500,-0.000000
103.9800,-0.000000,0.650000,0.650000,0.422500,-0.000000
103.9900,-0.000000,0.650000,0.650000,0.422500,-0.000000
104.0000,-0.000000,0.650000,0.650000,0.422500,-0.000000
104.0100,-0.000000,0.650000,0.650000,0.422500,-0.000000
104.0200,-0.000000,0.650000,0.650000,0.422500,-0.000000
104.0300,-0.000000,0.650000,0.650000,0.422500,-0.000000
104.0400,-0.000000,0.650000,0.650000,0.422500,-0.000000
104.0500,-0.000000,0.650000,0.650000,0.422500,-0.000000
104.0600,-0.000000,0.650000,0.650000,0.422500,-0.000000
104.0700,-0.000000,0.650000,0.650000,0.422500,-0.000000
104.0800,-0.000000,0.650000,0.650000,0.422500,-0.000000
104.0900,-0.000000,0.650000,0.650000,0.422500,-0.000000
104.1000,-0.000000,0.650000,0.650000,0.422500,-0.000000
104.1100,-0.000000,0.650000,0.650000,0.422500,-0.000000
104.1200,-0.000000,0.650000,0.650000,0.422500,-0.000000
104.1300,-0.000000,0.650000,0.650000,0.422500,-0.000000
104.1400,-0.000000,0.650000,0.650000,0.422500,-0.000000
104.1500,-0.000000,0.650000,0.650000,0.422500,-0.000000
104.1600,-0.000000,0.650000,0.650000,0.422500,-0.000000
104.1700,-0.000000,0.650000,0.650000,0.422500,-0.000000
104.1800,-0.000000,0.650000,0.650000,0.422500,-0.000000
104.1900,-0.000000,0.650000,0.650000,0.422500,-0.000000
104.2000,-0.000000,0.650000,0.650000,0.422500,-0.000000
104.2100,-0.000000,0.650000,0.650000,0.422500,-0.000000
104.2200,-0.000000,0.650000,0.650000,0.422500,-0.000000
104.2300,-0.000000,0.650000,0.650000,0.422500,-0.000000
104.2400,-0.000000,0.650000,0.650000,0.422500,-0.000000
104.2500,-0.000000,0.650000,0.650000,0.422500,-0.000000
104.2600,-0.000000,0.650000,0.650000,0.422500,-0.000000
104.2700,-0.000000,0.650000,0.650000,0.422500,-0.000000
104.2800,-0.000000,0.650000,0.650000,0.422500,-0.000000
104.2900,-0.000000,0.650000,0.650000,0.422500,-0.000000
104.3000,-0.000000,0.650000,0.650000,0.422500,-0.000000
104.3100,-0.000000,0.650000,0.650000,0.422500,-0.000000
104.3200,-0.000000,0.650000,0.650000,0.422500,-0.000000
104.3300,-0.000000,0.650000,0.650000,0.422500,-0.000000
104.3400,-0.000000,0.650000,0.650000,0.422500,-0.000000
104.3500,-0.000000,0.650000,0.650000,0.422500,-0.000000
104.3600,-0.000000,0.650000,0.650000,0.422500,-0.000000
104.3700,-0.000000,0.650000,0.650000,0.422500,-0.000000
104.3800,-0.000000,0.650000,0.650000,0.422500,-0.000000
104.3900,-0.000000,0.650000,0.650000,0.422500,-0.000000
104.4000,-0.000000,0.650000,0.650000,0.422500,-0.000000
104.4100,-0.000000,0.650000,0.650000,0.422500,-0.000000
104.4200,-0.000000,0.650000,0.650000,0.422500,-0.000000
104.4300,-0.000000,0.650000,0.650000,0.422500,-0.000000
104.4400,-0.000000,0.650000,0.650000,0.422500,-0.000000
104.4500,-0.000000,0.650000,0.650000,0.422500,-0.000000
104.4600,-0.000000,0.650000,0.650000,0.422500,-0.000000
104.4700,-0.000000,0.650000,0.650000,0.422500,-0.000000
104.4800,-0.000000,0.650000,0.650000,0.422500,-0.000000
104.4900,-0.000000,0.650000,0.650000,0.422500,-0.000000
104.5000,-0.000000,0.650000,0.650000,0.422500,-0.000000
104.5100,-0.000000,0.650000,0.650000,0.422500,-0.000000
104.5200,-0.000000,0.650000,0.650000,0.422500,-0.000000
104.5300,-0.000000,0.650000,0.650000,0.422500,-0.000000
104.5400,-0.000000,0.650000,0.650000,0.422500,-0.000000
104.5500,-0.000000,0.650000,0.650000,0.422500,-0.000000
104.5600,-0.000000,0.650000,0.650000,0.422500,-0.000000
104.5700,-0.000000,0.650000,0.650000,0.422500,-0.000000
104.5800,-0.000000,0.650000,0.650000,0.422500,-0.000000
104.5900,-0.000000,0.650000,0.650000,0.422500,-0.000000
104.6000,-0.000000,0.650000,0.650000,0.422500,-0.000000
104.6100,-0.000000,0.650000,0.650000,0.422500,0.000000
104.6200,-0.000000,0.650000,0.650000,0.422500,0.000000
104.6300,0.000000,0.650000,0.650000,0.422500,0.000000
104.6400,0.000000,0.650000,0.650000,0.422500,0.000000
104.6500,0.000000,0.650000,0.650000,0.422500,0.000000
104.6600,0.000000,0.650000,0.650000,0.422500,0.000000
104.6700,0.000000,0.650000,0.650000,0.422500,0.000000
104.6800,0.000000,0.650000,0.650000,0.422500,0.000000
104.6900,0.000000,0.650000,0.650000,0.422500,0.000000
104.7000,0.000000,0.650000,0.650000,0.422500,0.000000
104.7100,0.000000,0.650000,0.650000,0.422500,0.000000
104.7200,0.000000,0.650000,0.650000,0.422500,0.000000
104.7300,0.000000,0.650000,0.650000,0.422500,0.000000
104.7400,0.000000,0.650000,0.650000,0.422500,0.000000
104.7500,0.000000,0.650000,0.650000,0.422500,0.000000
104.7600,0.000000,0.650000,0.650000,0.422500,0.000000
104.7700,0.000000,0.650000,0.650000,0.422500,0.000000
104.7800,0.000000,0.650000,0.650000,0.422500,0.000000
104.7900,0.000000,0.650000,0.650000,0.422500,0.000000
104.8000,0.000000,0.650000,0.650000,0.422500,0.000000
104.8100,0.000000,0.650000,0.650000,0.422500,0.000000
104.8200,0.000000,0.650000,0.650000,0.422500,0.000000
104.8300,0.000000,0.650000,0.650000,0.422500,0.000000
104.8400,0.000000,0.650000,0.650000,0.422500,0.000000
104.8500,0.000000,0.650000,0.650000,0.422500,0.000000
104.8600,0.000000,0.650000,0.650000,0.422500,0.000000
104.8700,0.000000,0.650000,0.650000,0.422500,0.000000
104.8800,0.000000,0.650000,0.650000,0.422500,0.000000
104.8900,0.000000,0.650000,0.650000,0.422500,0.000000
104.9000,0.000000,0.650000,0.650000,0.422500,0.000000
104.9100,0.000000,0.650000,0.650000,0.422500,0.000000
104.9200,0.000000,0.650000,0.650000,0.422500,0.000000
104.9300,0.000000,0.650000,0.650000,0.422500,0.000000
104.9400,0.000000,0.650000,0.650000,0.422500,0.000000
104.9500,0.000000,0.650000,0.650000,0.422500,0.000000
104.9600,0.000000,0.650000,0.650000,0.422500,0.000000
104.9700,0.000000,0.650000,0.650000,0.422500,0.000000
104.9800,0.000000,0.650000,0.650000,0.422500,0.000000
104.9900,0.000000,0.650000,0.650000,0.422500,0.000000
105.0000,0.000000,0.650000,0.650000,0.422500,0.000000
105.0100,0.000000,0.650000,0.650000,0.422500,0.000000
105.0200,0.000000,0.650000,0.650000,0.422500,0.000000
105.0300,0.000000,0.650000,0.650000,0.422500,0.000000
105.0400,0.000000,0.650000,0.650000,0.422500,0.000000
105.0500,0.000000,0.650000,0.650000,0.422500,0.000000
105.0600,0.000000,0.650000,0.650000,0.422500,0.000000
105.0700,0.000000,0.650000,0.650000,0.422500,0.000000
105.0800,0.000000,0.650000,0.650000,0.422500,0.000000
105.0900,0.000000,0.650000,0.650000,0.422500,0.000000
105.1000,0.000000,0.650000,0.650000,0.422500,0.000000
105.1100,0.000000,0.650000,0.650000,0.422500,0.000000
105.1200,0.000000,0.650000,0.650000,0.422500,0.000000
105.1300,0.000000,0.650000,0.650000,0.422500,0.000000
105.1400,0.000000,0.650000,0.650000,0.422500,0.000000
105.1500,0.000000,0.650000,0.650000,0.422500,0.000000
105.1600,0.000000,0.650000,0.650000,0.422500,0.000000
105.1700,0.000000,0.650000,0.650000,0.422500,0.000000
105.1800,0.000000,0.650000,0.650000,0.422500,0.000000
105.1900,0.000000,0.650000,0.650000,0.422500,0.000000
105.2000,0.000000,0.650000,0.650000,0.422500,0.000000
105.2100,0.000000,0.650000,0.650000,0.422500,0.000000
105.2200,0.000000,0.650000,0.650000,0.422500,0.000000
105.2300,0.000000,0.650000,0.650000,0.422500,0.000000
105.2400,0.000000,0.650000,0.650000,0.422500,0.000000
105.2500,0.000000,0.650000,0.650000,0.422500,0.000000
105.2600,0.000000,0.650000,0.650000,0.422500,0.000000
105.2700,0.000000,0.650000,0.650000,0.422500,0.000000
105.2800,0.000000,0.650000,0.650000,0.422500,0.000000
105.2900,0.000000,0.650000,0.650000,0.422500,0.000000
105.3000,0.000000,0.650000,0.650000,0.422500,0.000000
105.3100,0.000000,0.650000,0.650000,0.422500,-0.000000
105.3200,0.000000,0.650000,0.650000,0.422500,-0.000000
105.3300,0.000000,0.650000,0.650000,0.422500,-0.000000
105.3400,0.000000,0.650000,0.650000,0.422500,-0.000000
105.3500,0.000000,0.650000,0.650000,0.422500,-0.000000
105.3600,0.000000,0.650000,0.650000,0.422500,-0.000000
105.3700,-0.000000,0.650000,0.650000,0.422500,-0.000000
105.3800,-0.000000,0.650000,0.650000,0.422500,-0.000000
105.3900,-0.000000,0.650000,0.650000,0.422500,-0.000000
105.4000,-0.000000,0.650000,0.650000,0.422500,-0.000000
105.4100,-0.000000,0.650000,0.650000,0.422500,-0.000000
105.4200,-0.000000,0.650000,0.650000,0.422500,-0.000000
105.4300,-0.000000,0.650000,0.650000,0.422500,-0.000000
105.4400,-0.000000,0.650000,0.650000,0.422500,-0.000000
105.4500,-0.000000,0.650000,0.650000,0.422500,-0.000000
105.4600,-0.000000,0.650000,0.650000,0.422500,-0.000000
105.4700,-0.000000,0.650000,0.650000,0.422500,-0.000000
105.4800,-0.000000,0.650000,0.650000,0.422500,-0.000000
105.4900,-0.000000,0.650000,0.650000,0.422500,-0.000000
105.5000,-0.000000,0.650000,0.650000,0.422500,-0.000000
105.5100,-0.000000,0.650000,0.650000,0.422500,-0.000000
105.5200,-0.000000,0.650000,0.650000,0.422500,-0.000000
105.5300,-0.000000,0.650000,0.650000,0.422500,-0.000000
105.5400,-0.000000,0.650000,0.650000,0.422500,-0.000000
105.5500,-0.000000,0.650000,0.650000,0.422500,-0.000000
105.5600,-0.000000,0.650000,0.650000,0.422500,-0.000000
105.5700,-0.000000,0.650000,0.650000,0.422500,-0.000000
105.5800,-0.000000,0.650000,0.650000,0.422500,-0.000000
105.5900,-0.000000,0.650000,0.650000,0.422500,-0.000000
105.6000,-0.000000,0.650000,0.650000,0.422500,-0.000000
105.6100,-0.000000,0.650000,0.650000,0.422500,-0.000000
105.6200,-0.000000,0.650000,0.650000,0.422500,-0.000000
105.6300,-0.000000,0.650000,0.650000,0.422500,-0.000000
105.6400,-0.000000,0.650000,0.650000,0.422500,-0.000000
105.6500,-0.000000,0.650000,0.650000,0.422500,-0.000000
105.6600,-0.000000,0.650000,0.650000,0.422500,-0.000000
105.6700,-0.000000,0.650000,0.650000,0.422500,-0.000000
105.6800,-0.000000,0.650000,0.650000,0.422500,-0.000000
105.6900,-0.000000,0.650000,0.650000,0.422500,-0.000000
105.7000,-0.000000,0.650000,0.650000,0.422500,-0.000000
105.7100,-0.000000,0.650000,0.650000,0.422500,-0.000000
105.7200,-0.000000,0.650000,0.650000,0.422500,-0.000000
105.7300,-0.000000,0.650000,0.650000,0.422500,-0.000000
105.7400,-0.000000,0.650000,0.650000,0.422500,-0.000000
105.7500,-0.000000,0.650000,0.650000,0.422500,-0.000000
105.7600,-0.000000,0.650000,0.650000,0.422500,-0.000000
105.7700,-0.000000,0.650000,0.650000,0.422500,-0.000000
105.7800,-0.000000,0.650000,0.650000,0.422500,-0.000000
105.7900,-0.000000,0.650000,0.650000,0.422500,-0.000000
105.8000,-0.000000,0.650000,0.650000,0.422500,-0.000000
105.8100,-0.000000,0.650000,0.650000,0.422500,-0.000000
105.8200,-0.000000,0.650000,0.650000,0.422500,-0.000000
105.8300,-0.000000,0.650000,0.650000,0.422500,-0.000000
105.8400,-0.000000,0.650000,0.650000,0.422500,-0.000000
105.8500,-0.000000,0.650000,0.650000,0.422500,-0.000000
105.8600,-0.000000,0.650000,0.650000,0.422500,-0.000000
105.8700,-0.000000,0.650000,0.650000,0.422500,-0.000000
105.8800,-0.000000,0.650000,0.650000,0.422500,-0.000000
105.8900,-0.000000,0.650000,0.650000,0.422500,-0.000000
105.9000,-0.000000,0.650000,0.650000,0.422500,-0.000000
105.9100,-0.000000,0.650000,0.650000,0.422500,-0.000000
105.9200,-0.000000,0.650000,0.650000,0.422500,-0.000000
105.9300,-0.000000,0.650000,0.650000,0.422500,-0.000000
105.9400,-0.000000,0.650000,0.650000,0.422500,-0.000000
105.9500,-0.000000,0.650000,0.650000,0.422500,-0.000000
105.9600,-0.000000,0.650000,0.650000,0.422500,-0.000000
105.9700,-0.000000,0.650000,0.650000,0.422500,-0.000000
105.9800,-0.000000,0.650000,0.650000,0.422500,-0.000000
105.9900,-0.000000,0.650000,0.650000,0.422500,-0.000000
106.0000,-0.000000,0.650000,0.650000,0.422500,-0.000000
106.0100,-0.000000,0.650000,0.650000,0.422500,0.000000
106.0200,-0.000000,0.650000,0.650000,0.422500,0.000000
106.0300,0.000000,0.650000,0.650000,0.422500,0.000000
106.0400,0.000000,0.650000,0.650000,0.422500,0.000000
106.0500,0.000000,0.650000,0.650000,0.422500,0.000000
106.0600,0.000000,0.650000,0.650000,0.422500,0.000000
106.0700,0.000000,0.650000,0.650000,0.422500,0.000000
106.0800,0.000000,0.650000,0.650000,0.422500,0.000000
106.0900,0.000000,0.650000,0.650000,0.422500,0.000000
106.1000,0.000000,0.650000,0.650000,0.422500,0.000000
106.1100,0.000000,0.650000,0.650000,0.422500,0.000000
106.1200,0.000000,0.650000,0.650000,0.422500,0.000000
106.1300,0.000000,0.650000,0.650000,0.422500,0.000000
106.1400,0.000000,0.650000,0.650000,0.422500,0.000000
106.1500,0.000000,0.650000,0.650000,0.422500,0.000000
106.1600,0.000000,0.650000,0.650000,0.422500,0.000000
106.1700,0.000000,0.650000,0.650000,0.422500,0.000000
106.1800,0.000000,0.650000,0.650000,0.422500,0.000000
106.1900,0.000000,0.650000,0.650000,0.422500,0.000000
106.2000,0.000000,0.650000,0.650000,0.422500,0.000000
106.2100,0.000000,0.650000,0.650000,0.422500,0.000000
106.2200,0.000000,0.650000,0.650000,0.422500,0.000000
106.2300,0.000000,0.650000,0.650000,0.422500,0.000000
106.2400,0.000000,0.650000,0.650000,0.422500,0.000000
106.2500,0.000000,0.650000,0.650000,0.422500,0.000000
106.2600,0.000000,0.650000,0.650000,0.422500,0.000000
106.2700,0.000000,0.650000,0.650000,0.422500,0.000000
106.2800,0.000000,0.650000,0.650000,0.422500,0.000000
106.2900,0.000000,0.650000,0.650000,0.422500,0.000000
106.3000,0.000000,0.650000,0.650000,0.422500,0.000000
106.3100,0.000000,0.650000,0.650000,0.422500,0.000000
106.3200,0.000000,0.650000,0.650000,0.422500,0.000000
106.3300,0.000000,0.650000,0.650000,0.422500,0.000000
106.3400,0.000000,0.650000,0.650000,0.422500,0.000000
106.3500,0.000000,0.650000,0.650000,0.422500,0.000000
106.3600,0.000000,0.650000,0.650000,0.422500,0.000000
106.3700,0.000000,0.650000,0.650000,0.422500,0.000000
106.3800,0.000000,0.650000,0.650000,0.422500,0.000000
106.3900,0.000000,0.650000,0.650000,0.422500,0.000000
106.4000,0.000000,0.650000,0.650000,0.422500,0.000000
106.4100,0.000000,0.650000,0.650000,0.422500,0.000000
106.4200,0.000000,0.650000,0.650000,0.422500,0.000000
106.4300,0.000000,0.650000,0.650000,0.422500,0.000000
106.4400,0.000000,0.650000,0.650000,0.422500,0.000000
106.4500,0.000000,0.650000,0.650000,0.422500,0.000000
106.4600,0.000000,0.650000,0.650000,0.422500,0.000000
106.4700,0.000000,0.650000,0.650000,0.422500,0.000000
106.4800,0.000000,0.650000,0.650000,0.422500,0.000000
106.4900,0.000000,0.650000,0.650000,0.422500,0.000000
106.5000,0.000000,0.650000,0.650000,0.422500,0.000000
106.5100,0.000000,0.650000,0.650000,0.422500,0.000000
106.5200,0.000000,0.650000,0.650000,0.422500,0.000000
106.5300,0.000000,0.650000,0.650000,0.422500,0.000000
106.5400,0.000000,0.650000,0.650000,0.422500,0.000000
106.5500,0.000000,0.650000,0.650000,0.422500,0.000000
106.5600,0.000000,0.650000,0.650000,0.422500,0.000000
106.5700,0.000000,0.650000,0.650000,0.422500,0.000000
106.5800,0.000000,0.650000,0.650000,0.422500,0.000000
106.5900,0.000000,0.650000,0.650000,0.422500,0.000000
106.6000,0.000000,0.650000,0.650000,0.422500,0.000000
106.6100,0.000000,0.650000,0.650000,0.422500,0.000000
106.6200,0.000000,0.650000,0.650000,0.422500,0.000000
106.6300,0.000000,0.650000,0.650000,0.422500,0.000000
106.6400,0.000000,0.650000,0.650000,0.422500,0.000000
106.6500,0.000000,0.650000,0.650000,0.422500,0.000000
106.6600,0.000000,0.650000,0.650000,0.422500,0.000000
106.6700,0.000000,0.650000,0.650000,0.422500,0.000000
106.6800,0.000000,0.650000,0.650000,0.422500,0.000000
106.6900,0.000000,0.650000,0.650000,0.422500,0.000000
106.7000,0.000000,0.650000,0.650000,0.422500,0.000000
106.7100,0.000000,0.650000,0.650000,0.422500,-0.000000
106.7200,0.000000,0.650000,0.650000,0.422500,-0.000000
106.7300,0.000000,0.650000,0.650000,0.422500,-0.000000
106.7400,0.000000,0.650000,0.650000,0.422500,-0.000000
106.7500,0.000000,0.650000,0.650000,0.422500,-0.000000
106.7600,0.000000,0.650000,0.650000,0.422500,-0.000000
106.7700,-0.000000,0.650000,0.650000,0.422500,-0.000000
106.7800,-0.000000,0.650000,0.650000,0.422500,-0.000000
106.7900,-0.000000,0.650000,0.650000,0.422500,-0.000000
106.8000,-0.000000,0.650000,0.650000,0.422500,-0.000000
106.8100,-0.000000,0.650000,0.650000,0.422500,-0.000000
106.8200,-0.000000,0.650000,0.650000,0.422500,-0.000000
106.8300,-0.000000,0.650000,0.650000,0.422500,-0.000000
106.8400,-0.000000,0.650000,0.650000,0.422500,-0.000000
106.8500,-0.000000,0.650000,0.650000,0.422500,-0.000000
106.8600,-0.000000,0.650000,0.650000,0.422500,-0.000000
106.8700,-0.000000,0.650000,0.650000,0.422500,-0.000000
106.8800,-0.000000,0.650000,0.650000,0.422500,-0.000000
106.8900,-0.000000,0.650000,0.650000,0.422500,-0.000000
106.9000,-0.000000,0.650000,0.650000,0.422500,-0.000000
106.9100,-0.000000,0.650000,0.650000,0.422500,-0.000000
106.9200,-0.000000,0.650000,0.650000,0.422500,-0.000000
106.9300,-0.000000,0.650000,0.650000,0.422500,-0.000000
106.9400,-0.000000,0.650000,0.650000,0.422500,-0.000000
106.9500,-0.000000,0.650000,0.650000,0.422500,-0.000000
106.9600,-0.000000,0.650000,0.650000,0.422500,-0.000000
106.9700,-0.000000,0.650000,0.650000,0.422500,-0.000000
106.9800,-0.000000,0.650000,0.650000,0.422500,-0.000000
106.9900,-0.000000,0.650000,0.650000,0.422500,-0.000000
107.0000,-0.000000,0.650000,0.650000,0.422500,-0.000000
107.0100,-0.000000,0.650000,0.650000,0.422500,-0.000000
107.0200,-0.000000,0.650000,0.650000,0.422500,-0.000000
107.0300,-0.000000,0.650000,0.650000,0.422500,-0.000000
107.0400,-0.000000,0.650000,0.650000,0.422500,-0.000000
107.0500,-0.000000,0.650000,0.650000,0.422500,-0.000000
107.0600,-0.000000,0.650000,0.650000,0.422500,-0.000000
107.0700,-0.000000,0.650000,0.650000,0.422500,-0.000000
107.0800,-0.000000,0.650000,0.650000,0.422500,-0.000000
107.0900,-0.000000,0.650000,0.650000,0.422500,-0.000000
107.1000,-0.000000,0.650000,0.650000,0.422500,-0.000000
107.1100,-0.000000,0.650000,0.650000,0.422500,-0.000000
107.1200,-0.000000,0.650000,0.650000,0.422500,-0.000000
107.1300,-0.000000,0.650000,0.650000,0.422500,-0.000000
107.1400,-0.000000,0.650000,0.650000,0.422500,-0.000000
107.1500,-0.000000,0.650000,0.650000,0.422500,-0.000000
107.1600,-0.000000,0.650000,0.650000,0.422500,-0.000000
107.1700,-0.000000,0.650000,0.650000,0.422500,-0.000000
107.1800,-0.000000,0.650000,0.650000,0.422500,-0.000000
107.1900,-0.000000,0.650000,0.650000,0.422500,-0.000000
107.2000,-0.000000,0.650000,0.650000,0.422500,-0.000000
107.2100,-0.000000,0.650000,0.650000,0.422500,-0.000000
107.2200,-0.000000,0.650000,0.650000,0.422500,-0.000000
107.2300,-0.000000,0.650000,0.650000,0.422500,-0.000000
107.2400,-0.000000,0.650000,0.650000,0.422500,-0.000000
107.2500,-0.000000,0.650000,0.650000,0.422500,-0.000000
107.2600,-0.000000,0.650000,0.650000,0.422500,-0.000000
107.2700,-0.000000,0.650000,0.650000,0.422500,-0.000000
107.2800,-0.000000,0.650000,0.650000,0.422500,-0.000000
107.2900,-0.000000,0.650000,0.650000,0.422500,-0.000000
107.3000,-0.000000,0.650000,0.650000,0.422500,-0.000000
107.3100,-0.000000,0.650000,0.650000,0.422500,-0.000000
107.3200,-0.000000,0.650000,0.650000,0.422500,-0.000000
107.3300,-0.000000,0.650000,0.650000,0.422500,-0.000000
107.3400,-0.000000,0.650000,0.650000,0.422500,-0.000000
107.3500,-0.000000,0.650000,0.650000,0.422500,-0.000000
107.3600,-0.000000,0.650000,0.650000,0.422500,-0.000000
107.3700,-0.000000,0.650000,0.650000,0.422500,-0.000000
107.3800,-0.000000,0.650000,0.650000,0.422500,-0.000000
107.3900,-0.000000,0.650000,0.650000,0.422500,-0.000000
107.4000,-0.000000,0.650000,0.650000,0.422500,-0.000000
107.4100,-0.000000,0.650000,0.650000,0.422500,-0.000000
107.4200,-0.000000,0.650000,0.650000,0.422500,0.000000
107.4300,0.000000,0.650000,0.650000,0.422500,0.000000
107.4400,0.000000,0.650000,0.650000,0.422500,0.000000
107.4500,0.000000,0.650000,0.650000,0.422500,0.000000
107.4600,0.000000,0.650000,0.650000,0.422500,0.000000
107.4700,0.000000,0.650000,0.650000,0.422500,0.000000
107.4800,0.000000,0.650000,0.650000,0.422500,0.000000
107.4900,0.000000,0.650000,0.650000,0.422500,0.000000
107.5000,0.000000,0.650000,0.650000,0.422500,0.000000
107.5100,0.000000,0.650000,0.650000,0.422500,0.000000
107.5200,0.000000,0.650000,0.650000,0.422500,0.000000
107.5300,0.000000,0.650000,0.650000,0.422500,0.000000
107.5400,0.000000,0.650000,0.650000,0.422500,0.000000
107.5500,0.000000,0.650000,0.650000,0.422500,0.000000
107.5600,0.000000,0.650000,0.650000,0.422500,0.000000
107.5700,0.000000,0.650000,0.650000,0.422500,0.000000
107.5800,0.000000,0.650000,0.650000,0.422500,0.000000
107.5900,0.000000,0.650000,0.650000,0.422500,0.000000
107.6000,0.000000,0.650000,0.650000,0.422500,0.000000
107.6100,0.000000,0.650000,0.650000,0.422500,0.000000
107.6200,0.000000,0.650000,0.650000,0.422500,0.000000
107.6300,0.000000,0.650000,0.650000,0.422500,0.000000
107.6400,0.000000,0.650000,0.650000,0.422500,0.000000
107.6500,0.000000,0.650000,0.650000,0.422500,0.000000
107.6600,0.000000,0.650000,0.650000,0.422500,0.000000
107.6700,0.000000,0.650000,0.650000,0.422500,0.000000
107.6800,0.000000,0.650000,0.650000,0.422500,0.000000
107.6900,0.000000,0.650000,0.650000,0.422500,0.000000
107.7000,0.000000,0.650000,0.650000,0.422500,0.000000
107.7100,0.000000,0.650000,0.650000,0.422500,0.000000
107.7200,0.000000,0.650000,0.650000,0.422500,0.000000
107.7300,0.000000,0.650000,0.650000,0.422500,0.000000
107.7400,0.000000,0.650000,0.650000,0.422500,0.000000
107.7500,0.000000,0.650000,0.650000,0.422500,0.000000
107.7600,0.000000,0.650000,0.650000,0.422500,0.000000
107.7700,0.000000,0.650000,0.650000,0.422500,0.000000
107.7800,0.000000,0.650000,0.650000,0.422500,0.000000
107.7900,0.000000,0.650000,0.650000,0.422500,0.000000
107.8000,0.000000,0.650000,0.650000,0.422500,0.000000
107.8100,0.000000,0.650000,0.650000,0.422500,0.000000
107.8200,0.000000,0.650000,0.650000,0.422500,0.000000
107.8300,0.000000,0.650000,0.650000,0.422500,0.000000
107.8400,0.000000,0.650000,0.650000,0.422500,0.000000
107.8500,0.000000,0.650000,0.650000,0.422500,0.000000
107.8600,0.000000,0.650000,0.650000,0.422500,0.000000
107.8700,0.000000,0.650000,0.650000,0.422500,0.000000
107.8800,0.000000,0.650000,0.650000,0.422500,0.000000
107.8900,0.000000,0.650000,0.650000,0.422500,0.000000
107.9000,0.000000,0.650000,0.650000,0.422500,0.000000
107.9100,0.000000,0.650000,0.650000,0.422500,0.000000
107.9200,0.000000,0.650000,0.650000,0.422500,0.000000
107.9300,0.000000,0.650000,0.650000,0.422500,0.000000
107.9400,0.000000,0.650000,0.650000,0.422500,0.000000
107.9500,0.000000,0.650000,0.650000,0.422500,0.000000
107.9600,0.000000,0.650000,0.650000,0.422500,0.000000
107.9700,0.000000,0.650000,0.650000,0.422500,0.000000
107.9800,0.000000,0.650000,0.650000,0.422500,0.000000
107.9900,0.000000,0.650000,0.650000,0.422500,0.000000
108.0000,0.000000,0.650000,0.650000,0.422500,0.000000
108.0100,0.000000,0.650000,0.650000,0.422500,0.000000
108.0200,0.000000,0.650000,0.650000,0.422500,0.000000
108.0300,0.000000,0.650000,0.650000,0.422500,0.000000
108.0400,0.000000,0.650000,0.650000,0.422500,0.000000
108.0500,0.000000,0.650000,0.650000,0.422500,0.000000
108.0600,0.000000,0.650000,0.650000,0.422500,0.000000
108.0700,0.000000,0.650000,0.650000,0.422500,0.000000
108.0800,0.000000,0.650000,0.650000,0.422500,0.000000
108.0900,0.000000,0.650000,0.650000,0.422500,0.000000
108.1000,0.000000,0.650000,0.650000,0.422500,0.000000
108.1100,0.000000,0.650000,0.650000,0.422500,0.000000
108.1200,0.000000,0.650000,0.650000,0.422500,-0.000000
108.1300,0.000000,0.650000,0.650000,0.422500,-0.000000
108.1400,0.000000,0.650000,0.650000,0.422500,-0.000000
108.1500,0.000000,0.650000,0.650000,0.422500,-0.000000
108.1600,0.000000,0.650000,0.650000,0.422500,-0.000000
108.1700,0.000000,0.650000,0.650000,0.422500,-0.000000
108.1800,-0.000000,0.650000,0.650000,0.422500,-0.000000
108.1900,-0.000000,0.650000,0.650000,0.422500,-0.000000
108.2000,-0.000000,0.650000,0.650000,0.422500,-0.000000
108.2100,-0.000000,0.650000,0.650000,0.422500,-0.000000
108.2200,-0.000000,0.650000,0.650000,0.422500,-0.000000
108.2300,-0.000000,0.650000,0.650000,0.422500,-0.000000
108.2400,-0.000000,0.650000,0.650000,0.422500,-0.000000
108.2500,-0.000000,0.650000,0.650000,0.422500,-0.000000
108.2600,-0.000000,0.650000,0.650000,0.422500,-0.000000
108.2700,-0.000000,0.650000,0.650000,0.422500,-0.000000
108.2800,-0.000000,0.650000,0.650000,0.422500,-0.000000
108.2900,-0.000000,0.650000,0.650000,0.422500,-0.000000
108.3000,-0.000000,0.650000,0.650000,0.422500,-0.000000
108.3100,-0.000000,0.650000,0.650000,0.422500,-0.000000
108.3200,-0.000000,0.650000,0.650000,0.422500,-0.000000
108.3300,-0.000000,0.650000,0.650000,0.422500,-0.000000
108.3400,-0.000000,0.650000,0.650000,0.422500,-0.000000
108.3500,-0.000000,0.650000,0.650000,0.422500,-0.000000
108.3600,-0.000000,0.650000,0.650000,0.422500,-0.000000
108.3700,-0.000000,0.650000,0.650000,0.422500,-0.000000
108.3800,-0.000000,0.650000,0.650000,0.422500,-0.000000
108.3900,-0.000000,0.650000,0.650000,0.422500,-0.000000
108.4000,-0.000000,0.650000,0.650000,0.422500,-0.000000
108.4100,-0.000000,0.650000,0.650000,0.422500,-0.000000
108.4200,-0.000000,0.650000,0.650000,0.422500,-0.000000
108.4300,-0.000000,0.650000,0.650000,0.422500,-0.000000
108.4400,-0.000000,0.650000,0.650000,0.422500,-0.000000
108.4500,-0.000000,0.650000,0.650000,0.422500,-0.000000
108.4600,-0.000000,0.650000,0.650000,0.422500,-0.000000
108.4700,-0.000000,0.650000,0.650000,0.422500,-0.000000
108.4800,-0.000000,0.650000,0.650000,0.422500,-0.000000
108.4900,-0.000000,0.650000,0.650000,0.422500,-0.000000
108.5000,-0.000000,0.650000,0.650000,0.422500,-0.000000
108.5100,-0.000000,0.650000,0.650000,0.422500,-0.000000
108.5200,-0.000000,0.650000,0.650000,0.422500,-0.000000
108.5300,-0.000000,0.650000,0.650000,0.422500,-0.000000
108.5400,-0.000000,0.650000,0.650000,0.422500,-0.000000
108.5500,-0.000000,0.650000,0.650000,0.422500,-0.000000
108.5600,-0.000000,0.650000,0.650000,0.422500,-0.000000
108.5700,-0.000000,0.650000,0.650000,0.422500,-0.000000
108.5800,-0.000000,0.650000,0.650000,0.422500,-0.000000
108.5900,-0.000000,0.650000,0.650000,0.422500,-0.000000
108.6000,-0.000000,0.650000,0.650000,0.422500,-0.000000
108.6100,-0.000000,0.650000,0.650000,0.422500,-0.000000
108.6200,-0.000000,0.650000,0.650000,0.422500,-0.000000
108.6300,-0.000000,0.650000,0.650000,0.422500,-0.000000
108.6400,-0.000000,0.650000,0.650000,0.422500,-0.000000
108.6500,-0.000000,0.650000,0.650000,0.422500,-0.000000
108.6600,-0.000000,0.650000,0.650000,0.422500,-0.000000
108.6700,-0.000000,0.650000,0.650000,0.422500,-0.000000
108.6800,-0.000000,0.650000,0.650000,0.422500,-0.000000
108.6900,-0.000000,0.650000,0.650000,0.422500,-0.000000
108.7000,-0.000000,0.650000,0.650000,0.422500,-0.000000
108.7100,-0.000000,0.650000,0.650000,0.422500,-0.000000
108.7200,-0.000000,0.650000,0.650000,0.422500,-0.000000
108.7300,-0.000000,0.650000,0.650000,0.422500,-0.000000
108.7400,-0.000000,0.650000,0.650000,0.422500,-0.000000
108.7500,-0.000000,0.650000,0.650000,0.422500,-0.000000
108.7600,-0.000000,0.650000,0.650000,0.422500,-0.000000
108.7700,-0.000000,0.650000,0.650000,0.422500,-0.000000
108.7800,-0.000000,0.650000,0.650000,0.422500,-0.000000
108.7900,-0.000000,0.650000,0.650000,0.422500,-0.000000
108.8000,-0.000000,0.650000,0.650000,0.422500,-0.000000
108.8100,-0.000000,0.650000,0.650000,0.422500,-0.000000
108.8200,-0.000000,0.650000,0.650000,0.422500,0.000000
108.8300,0.000000,0.650000,0.650000,0.422500,0.000000
108.8400,0.000000,0.650000,0.650000,0.422500,0.000000
108.8500,0.000000,0.650000,0.650000,0.422500,0.000000
108.8600,0.000000,0.650000,0.650000,0.422500,0.000000
108.8700,0.000000,0.650000,0.650000,0.422500,0.000000
108.8800,0.000000,0.650000,0.650000,0.422500,0.000000
108.8900,0.000000,0.650000,0.650000,0.422500,0.000000
108.9000,0.000000,0.650000,0.650000,0.422500,0.000000
108.9100,0.000000,0.650000,0.650000,0.422500,0.000000
108.9200,0.000000,0.650000,0.650000,0.422500,0.000000
108.9300,0.000000,0.650000,0.650000,0.422500,0.000000
108.9400,0.000000,0.650000,0.650000,0.422500,0.000000
108.9500,0.000000,0.650000,0.650000,0.422500,0.000000
108.9600,0.000000,0.650000,0.650000,0.422500,0.000000
108.9700,0.000000,0.650000,0.650000,0.422500,0.000000
108.9800,0.000000,0.650000,0.650000,0.422500,0.000000
108.9900,0.000000,0.650000,0.650000,0.422500,0.000000
109.0000,0.000000,0.650000,0.650000,0.422500,0.000000
109.0100,0.000000,0.650000,0.650000,0.422500,0.000000
109.0200,0.000000,0.650000,0.650000,0.422500,0.000000
109.0300,0.000000,0.650000,0.650000,0.422500,0.000000
109.0400,0.000000,0.650000,0.650000,0.422500,0.000000
109.0500,0.000000,0.650000,0.650000,0.422500,0.000000
109.0600,0.000000,0.650000,0.650000,0.422500,0.000000
109.0700,0.000000,0.650000,0.650000,0.422500,0.000000
109.0800,0.000000,0.650000,0.650000,0.422500,0.000000
109.0900,0.000000,0.650000,0.650000,0.422500,0.000000
109.1000,0.000000,0.650000,0.650000,0.422500,0.000000
109.1100,0.000000,0.650000,0.650000,0.422500,0.000000
109.1200,0.000000,0.650000,0.650000,0.422500,0.000000
109.1300,0.000000,0.650000,0.650000,0.422500,0.000000
109.1400,0.000000,0.650000,0.650000,0.422500,0.000000
109.1500,0.000000,0.650000,0.650000,0.422500,0.000000
109.1600,0.000000,0.650000,0.650000,0.422500,0.000000
109.1700,0.000000,0.650000,0.650000,0.422500,0.000000
109.1800,0.000000,0.650000,0.650000,0.422500,0.000000
109.1900,0.000000,0.650000,0.650000,0.422500,0.000000
109.2000,0.000000,0.650000,0.650000,0.422500,0.000000
109.2100,0.000000,0.650000,0.650000,0.422500,0.000000
109.2200,0.000000,0.650000,0.650000,0.422500,0.000000
109.2300,0.000000,0.650000,0.650000,0.422500,0.000000
109.2400,0.000000,0.650000,0.650000,0.422500,0.000000
109.2500,0.000000,0.650000,0.650000,0.422500,0.000000
109.2600,0.000000,0.650000,0.650000,0.422500,0.000000
109.2700,0.000000,0.650000,0.650000,0.422500,0.000000
109.2800,0.000000,0.650000,0.650000,0.422500,0.000000
109.2900,0.000000,0.650000,0.650000,0.422500,0.000000
109.3000,0.000000,0.650000,0.650000,0.422500,0.000000
109.3100,0.000000,0.650000,0.650000,0.422500,0.000000
109.3200,0.000000,0.650000,0.650000,0.422500,0.000000
109.3300,0.000000,0.650000,0.650000,0.422500,0.000000
109.3400,0.000000,0.650000,0.650000,0.422500,0.000000
109.3500,0.000000,0.650000,0.650000,0.422500,0.000000
109.3600,0.000000,0.650000,0.650000,0.422500,0.000000
109.3700,0.000000,0.650000,0.650000,0.422500,0.000000
109.3800,0.000000,0.650000,0.650000,0.422500,0.000000
109.3900,0.000000,0.650000,0.650000,0.422500,0.000000
109.4000,0.000000,0.650000,0.650000,0.422500,0.000000
109.4100,0.000000,0.650000,0.650000,0.422500,0.000000
109.4200,0.000000,0.650000,0.650000,0.422500,0.000000
109.4300,0.000000,0.650000,0.650000,0.422500,0.000000
109.4400,0.000000,0.650000,0.650000,0.422500,0.000000
109.4500,0.000000,0.650000,0.650000,0.422500,0.000000
109.4600,0.000000,0.650000,0.650000,0.422500,0.000000
109.4700,0.000000,0.650000,0.650000,0.422500,0.000000
109.4800,0.000000,0.650000,0.650000,0.422500,0.000000
109.4900,0.000000,0.650000,0.650000,0.422500,0.000000
109.5000,0.000000,0.650000,0.650000,0.422500,0.000000
109.5100,0.000000,0.650000,0.650000,0.422500,0.000000
109.5200,0.000000,0.650000,0.650000,0.422500,-0.000000
109.5300,0.000000,0.650000,0.650000,0.422500,-0.000000
109.5400,0.000000,0.650000,0.650000,0.422500,-0.000000
109.5500,0.000000,0.650000,0.650000,0.422500,-0.000000
109.5600,0.000000,0.650000,0.650000,0.422500,-0.000000
109.5700,0.000000,0.650000,0.650000,0.422500,-0.000000
109.5800,-0.000000,0.650000,0.650000,0.422500,-0.000000
109.5900,-0.000000,0.650000,0.650000,0.422500,-0.000000
109.6000,-0.000000,0.650000,0.650000,0.422500,-0.000000
109.6100,-0.000000,0.650000,0.650000,0.422500,-0.000000
109.6200,-0.000000,0.650000,0.650000,0.422500,-0.000000
109.6300,-0.000000,0.650000,0.650000,0.422500,-0.000000
109.6400,-0.000000,0.650000,0.650000,0.422500,-0.000000
109.6500,-0.000000,0.650000,0.650000,0.422500,-0.000000
109.6600,-0.000000,0.650000,0.650000,0.422500,-0.000000
109.6700,-0.000000,0.650000,0.650000,0.422500,-0.000000
109.6800,-0.000000,0.650000,0.650000,0.422500,-0.000000
109.6900,-0.000000,0.650000,0.650000,0.422500,-0.000000
109.7000,-0.000000,0.650000,0.650000,0.422500,-0.000000
109.7100,-0.000000,0.650000,0.650000,0.422500,-0.000000
109.7200,-0.000000,0.650000,0.650000,0.422500,-0.000000
109.7300,-0.000000,0.650000,0.650000,0.422500,-0.000000
109.7400,-0.000000,0.650000,0.650000,0.422500,-0.000000
109.7500,-0.000000,0.650000,0.650000,0.422500,-0.000000
109.7600,-0.000000,0.650000,0.650000,0.422500,-0.000000
109.7700,-0.000000,0.650000,0.650000,0.422500,-0.000000
109.7800,-0.000000,0.650000,0.650000,0.422500,-0.000000
109.7900,-0.000000,0.650000,0.650000,0.422500,-0.000000
109.8000,-0.000000,0.650000,0.650000,0.422500,-0.000000
109.8100,-0.000000,0.650000,0.650000,0.422500,-0.000000
109.8200,-0.000000,0.650000,0.650000,0.422500,-0.000000
109.8300,-0.000000,0.650000,0.650000,0.422500,-0.000000
109.8400,-0.000000,0.650000,0.650000,0.422500,-0.000000
109.8500,-0.000000,0.650000,0.650000,0.422500,-0.000000
109.8600,-0.000000,0.650000,0.650000,0.422500,-0.000000
109.8700,-0.000000,0.650000,0.650000,0.422500,-0.000000
109.8800,-0.000000,0.650000,0.650000,0.422500,-0.000000
109.8900,-0.000000,0.650000,0.650000,0.422500,-0.000000
109.9000,-0.000000,0.650000,0.650000,0.422500,-0.000000
109.9100,-0.000000,0.650000,0.650000,0.422500,-0.000000
109.9200,-0.000000,0.650000,0.650000,0.422500,-0.000000
109.9300,-0.000000,0.650000,0.650000,0.422500,-0.000000
109.9400,-0.000000,0.650000,0.650000,0.422500,-0.000000
109.9500,-0.000000,0.650000,0.650000,0.422500,-0.000000
109.9600,-0.000000,0.650000,0.650000,0.422500,-0.000000
109.9700,-0.000000,0.650000,0.650000,0.422500,-0.000000
109.9800,-0.000000,0.650000,0.650000,0.422500,-0.000000
109.9900,-0.000000,0.650000,0.650000,0.422500,-0.000000
110.0000,-0.000000,0.650000,0.650000,0.422500,-0.000000
110.0100,-0.000000,0.650000,0.650000,0.422500,-0.000000
110.0200,-0.000000,0.650000,0.650000,0.422500,-0.000000
110.0300,-0.000000,0.650000,0.650000,0.422500,-0.000000
110.0400,-0.000000,0.650000,0.650000,0.422500,-0.000000
110.0500,-0.000000,0.650000,0.650000,0.422500,-0.000000
110.0600,-0.000000,0.650000,0.650000,0.422500,-0.000000
110.0700,-0.000000,0.650000,0.650000,0.422500,-0.000000
110.0800,-0.000000,0.650000,0.650000,0.422500,-0.000000
110.0900,-0.000000,0.650000,0.650000,0.422500,-0.000000
110.1000,-0.000000,0.650000,0.650000,0.422500,-0.000000
110.1100,-0.000000,0.650000,0.650000,0.422500,-0.000000
110.1200,-0.000000,0.650000,0.650000,0.422500,-0.000000
110.1300,-0.000000,0.650000,0.650000,0.422500,-0.000000
110.1400,-0.000000,0.650000,0.650000,0.422500,-0.000000
110.1500,-0.000000,0.650000,0.650000,0.422500,-0.000000
110.1600,-0.000000,0.650000,0.650000,0.422500,-0.000000
110.1700,-0.000000,0.650000,0.650000,0.422500,-0.000000
110.1800,-0.000000,0.650000,0.650000,0.422500,-0.000000
110.1900,-0.000000,0.650000,0.650000,0.422500,-0.000000
110.2000,-0.000000,0.650000,0.650000,0.422500,-0.000000
110.2100,-0.000000,0.650000,0.650000,0.422500,-0.000000
110.2200,-0.000000,0.650000,0.650000,0.422500,0.000000
110.2300,-0.000000,0.650000,0.650000,0.422500,0.000000
110.2400,0.000000,0.650000,0.650000,0.422500,0.000000
110.2500,0.000000,0.650000,0.650000,0.422500,0.000000
110.2600,0.000000,0.650000,0.650000,0.422500,0.000000
110.2700,0.000000,0.650000,0.650000,0.422500,0.000000
110.2800,0.000000,0.650000,0.650000,0.422500,0.000000
110.2900,0.000000,0.650000,0.650000,0.422500,0.000000
110.3000,0.000000,0.650000,0.650000,0.422500,0.000000
110.3100,0.000000,0.650000,0.650000,0.422500,0.000000
110.3200,0.000000,0.650000,0.650000,0.422500,0.000000
110.3300,0.000000,0.650000,0.650000,0.422500,0.000000
110.3400,0.000000,0.650000,0.650000,0.422500,0.000000
110.3500,0.000000,0.650000,0.650000,0.422500,0.000000
110.3600,0.000000,0.650000,0.650000,0.422500,0.000000
110.3700,0.000000,0.650000,0.650000,0.422500,0.000000
110.3800,0.000000,0.650000,0.650000,0.422500,0.000000
110.3900,0.000000,0.650000,0.650000,0.422500,0.000000
110.4000,0.000000,0.650000,0.650000,0.422500,0.000000
110.4100,0.000000,0.650000,0.650000,0.422500,0.000000
110.4200,0.000000,0.650000,0.650000,0.422500,0.000000
110.4300,0.000000,0.650000,0.650000,0.422500,0.000000
110.4400,0.000000,0.650000,0.650000,0.422500,0.000000
110.4500,0.000000,0.650000,0.650000,0.422500,0.000000
110.4600,0.000000,0.650000,0.650000,0.422500,0.000000
110.4700,0.000000,0.650000,0.650000,0.422500,0.000000
110.4800,0.000000,0.650000,0.650000,0.422500,0.000000
110.4900,0.000000,0.650000,0.650000,0.422500,0.000000
110.5000,0.000000,0.650000,0.650000,0.422500,0.000000
110.5100,0.000000,0.650000,0.650000,0.422500,0.000000
110.5200,0.000000,0.650000,0.650000,0.422500,0.000000
110.5300,0.000000,0.650000,0.650000,0.422500,0.000000
110.5400,0.000000,0.650000,0.650000,0.422500,0.000000
110.5500,0.000000,0.650000,0.650000,0.422500,0.000000
110.5600,0.000000,0.650000,0.650000,0.422500,0.000000
110.5700,0.000000,0.650000,0.650000,0.422500,0.000000
110.5800,0.000000,0.650000,0.650000,0.422500,0.000000
110.5900,0.000000,0.650000,0.650000,0.422500,0.000000
110.6000,0.000000,0.650000,0.650000,0.422500,0.000000
110.6100,0.000000,0.650000,0.650000,0.422500,0.000000
110.6200,0.000000,0.650000,0.650000,0.422500,0.000000
110.6300,0.000000,0.650000,0.650000,0.422500,0.000000
110.6400,0.000000,0.650000,0.650000,0.422500,0.000000
110.6500,0.000000,0.650000,0.650000,0.422500,0.000000
110.6600,0.000000,0.650000,0.650000,0.422500,0.000000
110.6700,0.000000,0.650000,0.650000,0.422500,0.000000
110.6800,0.000000,0.650000,0.650000,0.422500,0.000000
110.6900,0.000000,0.650000,0.650000,0.422500,0.000000
110.7000,0.000000,0.650000,0.650000,0.422500,0.000000
110.7100,0.000000,0.650000,0.650000,0.422500,0.000000
110.7200,0.000000,0.650000,0.650000,0.422500,0.000000
110.7300,0.000000,0.650000,0.650000,0.422500,0.000000
110.7400,0.000000,0.650000,0.650000,0.422500,0.000000
110.7500,0.000000,0.650000,0.650000,0.422500,0.000000
110.7600,0.000000,0.650000,0.650000,0.422500,0.000000
110.7700,0.000000,0.650000,0.650000,0.422500,0.000000
110.7800,0.000000,0.650000,0.650000,0.422500,0.000000
110.7900,0.000000,0.650000,0.650000,0.422500,0.000000
110.8000,0.000000,0.650000,0.650000,0.422500,0.000000
110.8100,0.000000,0.650000,0.650000,0.422500,0.000000
110.8200,0.000000,0.650000,0.650000,0.422500,0.000000
110.8300,0.000000,0.650000,0.650000,0.422500,0.000000
110.8400,0.000000,0.650000,0.650000,0.422500,0.000000
110.8500,0.000000,0.650000,0.650000,0.422500,0.000000
110.8600,0.000000,0.650000,0.650000,0.422500,0.000000
110.8700,0.000000,0.650000,0.650000,0.422500,0.000000
110.8800,0.000000,0.650000,0.650000,0.422500,0.000000
110.8900,0.000000,0.650000,0.650000,0.422500,0.000000
110.9000,0.000000,0.650000,0.650000,0.422500,0.000000
110.9100,0.000000,0.650000,0.650000,0.422500,0.000000
110.9200,0.000000,0.650000,0.650000,0.422500,-0.000000
110.9300,0.000000,0.650000,0.650000,0.422500,-0.000000
110.9400,0.000000,0.650000,0.650000,0.422500,-0.000000
110.9500,0.000000,0.650000,0.650000,0.422500,-0.000000
110.9600,0.000000,0.650000,0.650000,0.422500,-0.000000
110.9700,0.000000,0.650000,0.650000,0.422500,-0.000000
110.9800,0.000000,0.650000,0.650000,0.422500,-0.000000
110.9900,-0.000000,0.650000,0.650000,0.422500,-0.000000
111.0000,-0.000000,0.650000,0.650000,0.422500,-0.000000
111.0100,-0.000000,0.650000,0.650000,0.422500,-0.000000
111.0200,-0.000000,0.650000,0.650000,0.422500,-0.000000
111.0300,-0.000000,0.650000,0.650000,0.422500,-0.000000
111.0400,-0.000000,0.650000,0.650000,0.422500,-0.000000
111.0500,-0.000000,0.650000,0.650000,0.422500,-0.000000
111.0600,-0.000000,0.650000,0.650000,0.422500,-0.000000
111.0700,-0.000000,0.650000,0.650000,0.422500,-0.000000
111.0800,-0.000000,0.650000,0.650000,0.422500,-0.000000
111.0900,-0.000000,0.650000,0.650000,0.422500,-0.000000
111.1000,-0.000000,0.650000,0.650000,0.422500,-0.000000
111.1100,-0.000000,0.650000,0.650000,0.422500,-0.000000
111.1200,-0.000000,0.650000,0.650000,0.422500,-0.000000
111.1300,-0.000000,0.650000,0.650000,0.422500,-0.000000
111.1400,-0.000000,0.650000,0.650000,0.422500,-0.000000
111.1500,-0.000000,0.650000,0.650000,0.422500,-0.000000
111.1600,-0.000000,0.650000,0.650000,0.422500,-0.000000
111.1700,-0.000000,0.650000,0.650000,0.422500,-0.000000
111.1800,-0.000000,0.650000,0.650000,0.422500,-0.000000
111.1900,-0.000000,0.650000,0.650000,0.422500,-0.000000
111.2000,-0.000000,0.650000,0.650000,0.422500,-0.000000
111.2100,-0.000000,0.650000,0.650000,0.422500,-0.000000
111.2200,-0.000000,0.650000,0.650000,0.422500,-0.000000
111.2300,-0.000000,0.650000,0.650000,0.422500,-0.000000
111.2400,-0.000000,0.650000,0.650000,0.422500,-0.000000
111.2500,-0.000000,0.650000,0.650000,0.422500,-0.000000
111.2600,-0.000000,0.650000,0.650000,0.422500,-0.000000
111.2700,-0.000000,0.650000,0.650000,0.422500,-0.000000
111.2800,-0.000000,0.650000,0.650000,0.422500,-0.000000
111.2900,-0.000000,0.650000,0.650000,0.422500,-0.000000
111.3000,-0.000000,0.650000,0.650000,0.422500,-0.000000
111.3100,-0.000000,0.650000,0.650000,0.422500,-0.000000
111.3200,-0.000000,0.650000,0.650000,0.422500,-0.000000
111.3300,-0.000000,0.650000,0.650000,0.422500,-0.000000
111.3400,-0.000000,0.650000,0.650000,0.422500,-0.000000
111.3500,-0.000000,0.650000,0.650000,0.422500,-0.000000
111.3600,-0.000000,0.650000,0.650000,0.422500,-0.000000
111.3700,-0.000000,0.650000,0.650000,0.422500,-0.000000
111.3800,-0.000000,0.650000,0.650000,0.422500,-0.000000
111.3900,-0.000000,0.650000,0.650000,0.422500,-0.000000
111.4000,-0.000000,0.650000,0.650000,0.422500,-0.000000
111.4100,-0.000000,0.650000,0.650000,0.422500,-0.000000
111.4200,-0.000000,0.650000,0.650000,0.422500,-0.000000
111.4300,-0.000000,0.650000,0.650000,0.422500,-0.000000
111.4400,-0.000000,0.650000,0.650000,0.422500,-0.000000
111.4500,-0.000000,0.650000,0.650000,0.422500,-0.000000
111.4600,-0.000000,0.650000,0.650000,0.422500,-0.000000
111.4700,-0.000000,0.650000,0.650000,0.422500,-0.000000
111.4800,-0.000000,0.650000,0.650000,0.422500,-0.000000
111.4900,-0.000000,0.650000,0.650000,0.422500,-0.000000
111.5000,-0.000000,0.650000,0.650000,0.422500,-0.000000
111.5100,-0.000000,0.650000,0.650000,0.422500,-0.000000
111.5200,-0.000000,0.650000,0.650000,0.422500,-0.000000
111.5300,-0.000000,0.650000,0.650000,0.422500,-0.000000
111.5400,-0.000000,0.650000,0.650000,0.422500,-0.000000
111.5500,-0.000000,0.650000,0.650000,0.422500,-0.000000
111.5600,-0.000000,0.650000,0.650000,0.422500,-0.000000
111.5700,-0.000000,0.650000,0.650000,0.422500,-0.000000
111.5800,-0.000000,0.650000,0.650000,0.422500,-0.000000
111.5900,-0.000000,0.650000,0.650000,0.422500,-0.000000
111.6000,-0.000000,0.650000,0.650000,0.422500,-0.000000
111.6100,-0.000000,0.650000,0.650000,0.422500,-0.000000
111.6200,-0.000000,0.650000,0.650000,0.422500,-0.000000
111.6300,-0.000000,0.650000,0.650000,0.422500,0.000000
111.6400,0.000000,0.650000,0.650000,0.422500,0.000000
111.6500,0.000000,0.650000,0.650000,0.422500,0.000000
111.6600,0.000000,0.650000,0.650000,0.422500,0.000000
111.6700,0.000000,0.650000,0.650000,0.422500,0.000000
111.6800,0.000000,0.650000,0.650000,0.422500,0.000000
111.6900,0.000000,0.650000,0.650000,0.422500,0.000000
111.7000,0.000000,0.650000,0.650000,0.422500,0.000000
111.7100,0.000000,0.650000,0.650000,0.422500,0.000000
111.7200,0.000000,0.650000,0.650000,0.422500,0.000000
111.7300,0.000000,0.650000,0.650000,0.422500,0.000000
111.7400,0.000000,0.650000,0.650000,0.422500,0.000000
111.7500,0.000000,0.650000,0.650000,0.422500,0.000000
111.7600,0.000000,0.650000,0.650000,0.422500,0.000000
111.7700,0.000000,0.650000,0.650000,0.422500,0.000000
111.7800,0.000000,0.650000,0.650000,0.422500,0.000000
111.7900,0.000000,0.650000,0.650000,0.422500,0.000000
111.8000,0.000000,0.650000,0.650000,0.422500,0.000000
111.8100,0.000000,0.650000,0.650000,0.422500,0.000000
111.8200,0.000000,0.650000,0.650000,0.422500,0.000000
111.8300,0.000000,0.650000,0.650000,0.422500,0.000000
111.8400,0.000000,0.650000,0.650000,0.422500,0.000000
111.8500,0.000000,0.650000,0.650000,0.422500,0.000000
111.8600,0.000000,0.650000,0.650000,0.422500,0.000000
111.8700,0.000000,0.650000,0.650000,0.422500,0.000000
111.8800,0.000000,0.650000,0.650000,0.422500,0.000000
111.8900,0.000000,0.650000,0.650000,0.422500,0.000000
111.9000,0.000000,0.650000,0.650000,0.422500,0.000000
111.9100,0.000000,0.650000,0.650000,0.422500,0.000000
111.9200,0.000000,0.650000,0.650000,0.422500,0.000000
111.9300,0.000000,0.650000,0.650000,0.422500,0.000000
111.9400,0.000000,0.650000,0.650000,0.422500,0.000000
111.9500,0.000000,0.650000,0.650000,0.422500,0.000000
111.9600,0.000000,0.650000,0.650000,0.422500,0.000000
111.9700,0.000000,0.650000,0.650000,0.422500,0.000000
111.9800,0.000000,0.650000,0.650000,0.422500,0.000000
111.9900,0.000000,0.650000,0.650000,0.422500,0.000000
112.0000,0.000000,0.650000,0.650000,0.422500,0.000000
112.0100,0.000000,0.650000,0.650000,0.422500,0.000000
112.0200,0.000000,0.650000,0.650000,0.422500,0.000000
112.0300,0.000000,0.650000,0.650000,0.422500,0.000000
112.0400,0.000000,0.650000,0.650000,0.422500,0.000000
112.0500,0.000000,0.650000,0.650000,0.422500,0.000000
112.0600,0.000000,0.650000,0.650000,0.422500,0.000000
112.0700,0.000000,0.650000,0.650000,0.422500,0.000000
112.0800,0.000000,0.650000,0.650000,0.422500,0.000000
112.0900,0.000000,0.650000,0.650000,0.422500,0.000000
112.1000,0.000000,0.650000,0.650000,0.422500,0.000000
112.1100,0.000000,0.650000,0.650000,0.422500,0.000000
112.1200,0.000000,0.650000,0.650000,0.422500,0.000000
112.1300,0.000000,0.650000,0.650000,0.422500,0.000000
112.1400,0.000000,0.650000,0.650000,0.422500,0.000000
112.1500,0.000000,0.650000,0.650000,0.422500,0.000000
112.1600,0.000000,0.650000,0.650000,0.422500,0.000000
112.1700,0.000000,0.650000,0.650000,0.422500,0.000000
112.1800,0.000000,0.650000,0.650000,0.422500,0.000000
112.1900,0.000000,0.650000,0.650000,0.422500,0.000000
112.2000,0.000000,0.650000,0.650000,0.422500,0.000000
112.2100,0.000000,0.650000,0.650000,0.422500,0.000000
112.2200,0.000000,0.650000,0.650000,0.422500,0.000000
112.2300,0.000000,0.650000,0.650000,0.422500,0.000000
112.2400,0.000000,0.650000,0.650000,0.422500,0.000000
112.2500,0.000000,0.650000,0.650000,0.422500,0.000000
112.2600,0.000000,0.650000,0.650000,0.422500,0.000000
112.2700,0.000000,0.650000,0.650000,0.422500,0.000000
112.2800,0.000000,0.650000,0.650000,0.422500,0.000000
112.2900,0.000000,0.650000,0.650000,0.422500,0.000000
112.3000,0.000000,0.650000,0.650000,0.422500,0.000000
112.3100,0.000000,0.650000,0.650000,0.422500,0.000000
112.3200,0.000000,0.650000,0.650000,0.422500,0.000000
112.3300,0.000000,0.650000,0.650000,0.422500,-0.000000
112.3400,0.000000,0.650000,0.650000,0.422500,-0.000000
112.3500,0.000000,0.650000,0.650000,0.422500,-0.000000
112.3600,0.000000,0.650000,0.650000,0.422500,-0.000000
112.3700,0.000000,0.650000,0.650000,0.422500,-0.000000
112.3800,0.000000,0.650000,0.650000,0.422500,-0.000000
112.3900,-0.000000,0.650000,0.650000,0.422500,-0.000000
112.4000,-0.000000,0.650000,0.650000,0.422500,-0.000000
112.4100,-0.000000,0.650000,0.650000,0.422500,-0.000000
112.4200,-0.000000,0.650000,0.650000,0.422500,-0.000000
112.4300,-0.000000,0.650000,0.650000,0.422500,-0.000000
112.4400,-0.000000,0.650000,0.650000,0.422500,-0.000000
112.4500,-0.000000,0.650000,0.650000,0.422500,-0.000000
112.4600,-0.000000,0.650000,0.650000,0.422500,-0.000000
112.4700,-0.000000,0.650000,0.650000,0.422500,-0.000000
112.4800,-0.000000,0.650000,0.650000,0.422500,-0.000000
112.4900,-0.000000,0.650000,0.650000,0.422500,-0.000000
112.5000,-0.000000,0.650000,0.650000,0.422500,-0.000000
112.5100,-0.000000,0.650000,0.650000,0.422500,-0.000000
112.5200,-0.000000,0.650000,0.650000,0.422500,-0.000000
112.5300,-0.000000,0.650000,0.650000,0.422500,-0.000000
112.5400,-0.000000,0.650000,0.650000,0.422500,-0.000000
112.5500,-0.000000,0.650000,0.650000,0.422500,-0.000000
112.5600,-0.000000,0.650000,0.650000,0.422500,-0.000000
112.5700,-0.000000,0.650000,0.650000,0.422500,-0.000000
112.5800,-0.000000,0.650000,0.650000,0.422500,-0.000000
112.5900,-0.000000,0.650000,0.650000,0.422500,-0.000000
112.6000,-0.000000,0.650000,0.650000,0.422500,-0.000000
112.6100,-0.000000,0.650000,0.650000,0.422500,-0.000000
112.6200,-0.000000,0.650000,0.650000,0.422500,-0.000000
112.6300,-0.000000,0.650000,0.650000,0.422500,-0.000000
112.6400,-0.000000,0.650000,0.650000,0.422500,-0.000000
112.6500,-0.000000,0.650000,0.650000,0.422500,-0.000000
112.6600,-0.000000,0.650000,0.650000,0.422500,-0.000000
112.6700,-0.000000,0.650000,0.650000,0.422500,-0.000000
112.6800,-0.000000,0.650000,0.650000,0.422500,-0.000000
112.6900,-0.000000,0.650000,0.650000,0.422500,-0.000000
112.7000,-0.000000,0.650000,0.650000,0.422500,-0.000000
112.7100,-0.000000,0.650000,0.650000,0.422500,-0.000000
112.7200,-0.000000,0.650000,0.650000,0.422500,-0.000000
112.7300,-0.000000,0.650000,0.650000,0.422500,-0.000000
112.7400,-0.000000,0.650000,0.650000,0.422500,-0.000000
112.7500,-0.000000,0.650000,0.650000,0.422500,-0.000000
112.7600,-0.000000,0.650000,0.650000,0.422500,-0.000000
112.7700,-0.000000,0.650000,0.650000,0.422500,-0.000000
112.7800,-0.000000,0.650000,0.650000,0.422500,-0.000000
112.7900,-0.000000,0.650000,0.650000,0.422500,-0.000000
112.8000,-0.000000,0.650000,0.650000,0.422500,-0.000000
112.8100,-0.000000,0.650000,0.650000,0.422500,-0.000000
112.8200,-0.000000,0.650000,0.650000,0.422500,-0.000000
112.8300,-0.000000,0.650000,0.650000,0.422500,-0.000000
112.8400,-0.000000,0.650000,0.650000,0.422500,-0.000000
112.8500,-0.000000,0.650000,0.650000,0.422500,-0.000000
112.8600,-0.000000,0.650000,0.650000,0.422500,-0.000000
112.8700,-0.000000,0.650000,0.650000,0.422500,-0.000000
112.8800,-0.000000,0.650000,0.650000,0.422500,-0.000000
112.8900,-0.000000,0.650000,0.650000,0.422500,-0.000000
112.9000,-0.000000,0.650000,0.650000,0.422500,-0.000000
112.9100,-0.000000,0.650000,0.650000,0.422500,-0.000000
112.9200,-0.000000,0.650000,0.650000,0.422500,-0.000000
112.9300,-0.000000,0.650000,0.650000,0.422500,-0.000000
112.9400,-0.000000,0.650000,0.650000,0.422500,-0.000000
112.9500,-0.000000,0.650000,0.650000,0.422500,-0.000000
112.9600,-0.000000,0.650000,0.650000,0.422500,-0.000000
112.9700,-0.000000,0.650000,0.650000,0.422500,-0.000000
112.9800,-0.000000,0.650000,0.650000,0.422500,-0.000000
112.9900,-0.000000,0.650000,0.650000,0.422500,-0.000000
113.0000,-0.000000,0.650000,0.650000,0.422500,-0.000000
113.0100,-0.000000,0.650000,0.650000,0.422500,-0.000000
113.0200,-0.000000,0.650000,0.650000,0.422500,-0.000000
113.0300,-0.000000,0.650000,0.650000,0.422500,0.000000
113.0400,0.000000,0.650000,0.650000,0.422500,0.000000
113.0500,0.000000,0.650000,0.650000,0.422500,0.000000
113.0600,0.000000,0.650000,0.650000,0.422500,0.000000
113.0700,0.000000,0.650000,0.650000,0.422500,0.000000
113.0800,0.000000,0.650000,0.650000,0.422500,0.000000
113.0900,0.000000,0.650000,0.650000,0.422500,0.000000
113.1000,0.000000,0.650000,0.650000,0.422500,0.000000
113.1100,0.000000,0.650000,0.650000,0.422500,0.000000
113.1200,0.000000,0.650000,0.650000,0.422500,0.000000
113.1300,0.000000,0.650000,0.650000,0.422500,0.000000
113.1400,0.000000,0.650000,0.650000,0.422500,0.000000
113.1500,0.000000,0.650000,0.650000,0.422500,0.000000
113.1600,0.000000,0.650000,0.650000,0.422500,0.000000
113.1700,0.000000,0.650000,0.650000,0.422500,0.000000
113.1800,0.000000,0.650000,0.650000,0.422500,0.000000
113.1900,0.000000,0.650000,0.650000,0.422500,0.000000
113.2000,0.000000,0.650000,0.650000,0.422500,0.000000
113.2100,0.000000,0.650000,0.650000,0.422500,0.000000
113.2200,0.000000,0.650000,0.650000,0.422500,0.000000
113.2300,0.000000,0.650000,0.650000,0.422500,0.000000
113.2400,0.000000,0.650000,0.650000,0.422500,0.000000
113.2500,0.000000,0.650000,0.650000,0.422500,0.000000
113.2600,0.000000,0.650000,0.650000,0.422500,0.000000
113.2700,0.000000,0.650000,0.650000,0.422500,0.000000
113.2800,0.000000,0.650000,0.650000,0.422500,0.000000
113.2900,0.000000,0.650000,0.650000,0.422500,0.000000
113.3000,0.000000,0.650000,0.650000,0.422500,0.000000
113.3100,0.000000,0.650000,0.650000,0.422500,0.000000
113.3200,0.000000,0.650000,0.650000,0.422500,0.000000
113.3300,0.000000,0.650000,0.650000,0.422500,0.000000
113.3400,0.000000,0.650000,0.650000,0.422500,0.000000
113.3500,0.000000,0.650000,0.650000,0.422500,0.000000
113.3600,0.000000,0.650000,0.650000,0.422500,0.000000
113.3700,0.000000,0.650000,0.650000,0.422500,0.000000
113.3800,0.000000,0.650000,0.650000,0.422500,0.000000
113.3900,0.000000,0.650000,0.650000,0.422500,0.000000
113.4000,0.000000,0.650000,0.650000,0.422500,0.000000
113.4100,0.000000,0.650000,0.650000,0.422500,0.000000
113.4200,0.000000,0.650000,0.650000,0.422500,0.000000
113.4300,0.000000,0.650000,0.650000,0.422500,0.000000
113.4400,0.000000,0.650000,0.650000,0.422500,0.000000
113.4500,0.000000,0.650000,0.650000,0.422500,0.000000
113.4600,0.000000,0.650000,0.650000,0.422500,0.000000
113.4700,0.000000,0.650000,0.650000,0.422500,0.000000
113.4800,0.000000,0.650000,0.650000,0.422500,0.000000
113.4900,0.000000,0.650000,0.650000,0.422500,0.000000
113.5000,0.000000,0.650000,0.650000,0.422500,0.000000
113.5100,0.000000,0.650000,0.650000,0.422500,0.000000
113.5200,0.000000,0.650000,0.650000,0.422500,0.000000
113.5300,0.000000,0.650000,0.650000,0.422500,0.000000
113.5400,0.000000,0.650000,0.650000,0.422500,0.000000
113.5500,0.000000,0.650000,0.650000,0.422500,0.000000
113.5600,0.000000,0.650000,0.650000,0.422500,0.000000
113.5700,0.000000,0.650000,0.650000,0.422500,0.000000
113.5800,0.000000,0.650000,0.650000,0.422500,0.000000
113.5900,0.000000,0.650000,0.650000,0.422500,0.000000
113.6000,0.000000,0.650000,0.650000,0.422500,0.000000
113.6100,0.000000,0.650000,0.650000,0.422500,0.000000
113.6200,0.000000,0.650000,0.650000,0.422500,0.000000
113.6300,0.000000,0.650000,0.650000,0.422500,0.000000
113.6400,0.000000,0.650000,0.650000,0.422500,0.000000
113.6500,0.000000,0.650000,0.650000,0.422500,0.000000
113.6600,0.000000,0.650000,0.650000,0.422500,0.000000
113.6700,0.000000,0.650000,0.650000,0.422500,0.000000
113.6800,0.000000,0.650000,0.650000,0.422500,0.000000
113.6900,0.000000,0.650000,0.650000,0.422500,0.000000
113.7000,0.000000,0.650000,0.650000,0.422500,0.000000
113.7100,0.000000,0.650000,0.650000,0.422500,0.000000
113.7200,0.000000,0.650000,0.650000,0.422500,0.000000
113.7300,0.000000,0.650000,0.650000,0.422500,-0.000000
113.7400,0.000000,0.650000,0.650000,0.422500,-0.000000
113.7500,0.000000,0.650000,0.650000,0.422500,-0.000000
113.7600,0.000000,0.650000,0.650000,0.422500,-0.000000
113.7700,0.000000,0.650000,0.650000,0.422500,-0.000000
113.7800,0.000000,0.650000,0.650000,0.422500,-0.000000
113.7900,0.000000,0.650000,0.650000,0.422500,-0.000000
113.8000,-0.000000,0.650000,0.650000,0.422500,-0.000000
113.8100,-0.000000,0.650000,0.650000,0.422500,-0.000000
113.8200,-0.000000,0.650000,0.650000,0.422500,-0.000000
113.8300,-0.000000,0.650000,0.650000,0.422500,-0.000000
113.8400,-0.000000,0.650000,0.650000,0.422500,-0.000000
113.8500,-0.000000,0.650000,0.650000,0.422500,-0.000000
113.8600,-0.000000,0.650000,0.650000,0.422500,-0.000000
113.8700,-0.000000,0.650000,0.650000,0.422500,-0.000000
113.8800,-0.000000,0.650000,0.650000,0.422500,-0.000000
113.8900,-0.000000,0.650000,0.650000,0.422500,-0.000000
113.9000,-0.000000,0.650000,0.650000,0.422500,-0.000000
113.9100,-0.000000,0.650000,0.650000,0.422500,-0.000000
113.9200,-0.000000,0.650000,0.650000,0.422500,-0.000000
113.9300,-0.000000,0.650000,0.650000,0.422500,-0.000000
113.9400,-0.000000,0.650000,0.650000,0.422500,-0.000000
113.9500,-0.000000,0.650000,0.650000,0.422500,-0.000000
113.9600,-0.000000,0.650000,0.650000,0.422500,-0.000000
113.9700,-0.000000,0.650000,0.650000,0.422500,-0.000000
113.9800,-0.000000,0.650000,0.650000,0.422500,-0.000000
113.9900,-0.000000,0.650000,0.650000,0.422500,-0.000000
114.0000,-0.000000,0.650000,0.650000,0.422500,-0.000000
114.0100,-0.000000,0.650000,0.650000,0.422500,-0.000000
114.0200,-0.000000,0.650000,0.650000,0.422500,-0.000000
114.0300,-0.000000,0.650000,0.650000,0.422500,-0.000000
114.0400,-0.000000,0.650000,0.650000,0.422500,-0.000000
114.0500,-0.000000,0.650000,0.650000,0.422500,-0.000000
114.0600,-0.000000,0.650000,0.650000,0.422500,-0.000000
114.0700,-0.000000,0.650000,0.650000,0.422500,-0.000000
114.0800,-0.000000,0.650000,0.650000,0.422500,-0.000000
114.0900,-0.000000,0.650000,0.650000,0.422500,-0.000000
114.1000,-0.000000,0.650000,0.650000,0.422500,-0.000000
114.1100,-0.000000,0.650000,0.650000,0.422500,-0.000000
114.1200,-0.000000,0.650000,0.650000,0.422500,-0.000000
114.1300,-0.000000,0.650000,0.650000,0.422500,-0.000000
114.1400,-0.000000,0.650000,0.650000,0.422500,-0.000000
114.1500,-0.000000,0.650000,0.650000,0.422500,-0.000000
114.1600,-0.000000,0.650000,0.650000,0.422500,-0.000000
114.1700,-0.000000,0.650000,0.650000,0.422500,-0.000000
114.1800,-0.000000,0.650000,0.650000,0.422500,-0.000000
114.1900,-0.000000,0.650000,0.650000,0.422500,-0.000000
114.2000,-0.000000,0.650000,0.650000,0.422500,-0.000000
114.2100,-0.000000,0.650000,0.650000,0.422500,-0.000000
114.2200,-0.000000,0.650000,0.650000,0.422500,-0.000000
114.2300,-0.000000,0.650000,0.650000,0.422500,-0.000000
114.2400,-0.000000,0.650000,0.650000,0.422500,-0.000000
114.2500,-0.000000,0.650000,0.650000,0.422500,-0.000000
114.2600,-0.000000,0.650000,0.650000,0.422500,-0.000000
114.2700,-0.000000,0.650000,0.650000,0.422500,-0.000000
114.2800,-0.000000,0.650000,0.650000,0.422500,-0.000000
114.2900,-0.000000,0.650000,0.650000,0.422500,-0.000000
114.3000,-0.000000,0.650000,0.650000,0.422500,-0.000000
114.3100,-0.000000,0.650000,0.650000,0.422500,-0.000000
114.3200,-0.000000,0.650000,0.650000,0.422500,-0.000000
114.3300,-0.000000,0.650000,0.650000,0.422500,-0.000000
114.3400,-0.000000,0.650000,0.650000,0.422500,-0.000000
114.3500,-0.000000,0.650000,0.650000,0.422500,-0.000000
114.3600,-0.000000,0.650000,0.650000,0.422500,-0.000000
114.3700,-0.000000,0.650000,0.650000,0.422500,-0.000000
114.3800,-0.000000,0.650000,0.650000,0.422500,-0.000000
114.3900,-0.000000,0.650000,0.650000,0.422500,-0.000000
114.4000,-0.000000,0.650000,0.650000,0.422500,-0.000000
114.4100,-0.000000,0.650000,0.650000,0.422500,-0.000000
114.4200,-0.000000,0.650000,0.650000,0.422500,-0.000000
114.4300,-0.000000,0.650000,0.650000,0.422500,0.000000
114.4400,0.000000,0.650000,0.650000,0.422500,0.000000
114.4500,0.000000,0.650000,0.650000,0.422500,0.000000
114.4600,0.000000,0.650000,0.650000,0.422500,0.000000
114.4700,0.000000,0.650000,0.650000,0.422500,0.000000
114.4800,0.000000,0.650000,0.650000,0.422500,0.000000
114.4900,0.000000,0.650000,0.650000,0.422500,0.000000
114.5000,0.000000,0.650000,0.650000,0.422500,0.000000
114.5100,0.000000,0.650000,0.650000,0.422500,0.000000
114.5200,0.000000,0.650000,0.650000,0.422500,0.000000
114.5300,0.000000,0.650000,0.650000,0.422500,0.000000
114.5400,0.000000,0.650000,0.650000,0.422500,0.000000
114.5500,0.000000,0.650000,0.650000,0.422500,0.000000
114.5600,0.000000,0.650000,0.650000,0.422500,0.000000
114.5700,0.000000,0.650000,0.650000,0.422500,0.000000
114.5800,0.000000,0.650000,0.650000,0.422500,0.000000
114.5900,0.000000,0.650000,0.650000,0.422500,0.000000
114.6000,0.000000,0.650000,0.650000,0.422500,0.000000
114.6100,0.000000,0.650000,0.650000,0.422500,0.000000
114.6200,0.000000,0.650000,0.650000,0.422500,0.000000
114.6300,0.000000,0.650000,0.650000,0.422500,0.000000
114.6400,0.000000,0.650000,0.650000,0.422500,0.000000
114.6500,0.000000,0.650000,0.650000,0.422500,0.000000
114.6600,0.000000,0.650000,0.650000,0.422500,0.000000
114.6700,0.000000,0.650000,0.650000,0.422500,0.000000
114.6800,0.000000,0.650000,0.650000,0.422500,0.000000
114.6900,0.000000,0.650000,0.650000,0.422500,0.000000
114.7000,0.000000,0.650000,0.650000,0.422500,0.000000
114.7100,0.000000,0.650000,0.650000,0.422500,0.000000
114.7200,0.000000,0.650000,0.650000,0.422500,0.000000
114.7300,0.000000,0.650000,0.650000,0.422500,0.000000
114.7400,0.000000,0.650000,0.650000,0.422500,0.000000
114.7500,0.000000,0.650000,0.650000,0.422500,0.000000
114.7600,0.000000,0.650000,0.650000,0.422500,0.000000
114.7700,0.000000,0.650000,0.650000,0.422500,0.000000
114.7800,0.000000,0.650000,0.650000,0.422500,0.000000
114.7900,0.000000,0.650000,0.650000,0.422500,0.000000
114.8000,0.000000,0.650000,0.650000,0.422500,0.000000
114.8100,0.000000,0.650000,0.650000,0.422500,0.000000
114.8200,0.000000,0.650000,0.650000,0.422500,0.000000
114.8300,0.000000,0.650000,0.650000,0.422500,0.000000
114.8400,0.000000,0.650000,0.650000,0.422500,0.000000
114.8500,0.000000,0.650000,0.650000,0.422500,0.000000
114.8600,0.000000,0.650000,0.650000,0.422500,0.000000
114.8700,0.000000,0.650000,0.650000,0.422500,0.000000
114.8800,0.000000,0.650000,0.650000,0.422500,0.000000
114.8900,0.000000,0.650000,0.650000,0.422500,0.000000
114.9000,0.000000,0.650000,0.650000,0.422500,0.000000
114.9100,0.000000,0.650000,0.650000,0.422500,0.000000
114.9200,0.000000,0.650000,0.650000,0.422500,0.000000
114.9300,0.000000,0.650000,0.650000,0.422500,0.000000
114.9400,0.000000,0.650000,0.650000,0.422500,0.000000
114.9500,0.000000,0.650000,0.650000,0.422500,0.000000
114.9600,0.000000,0.650000,0.650000,0.422500,0.000000
114.9700,0.000000,0.650000,0.650000,0.422500,0.000000
114.9800,0.000000,0.650000,0.650000,0.422500,0.000000
114.9900,0.000000,0.650000,0.650000,0.422500,0.000000
115.0000,0.000000,0.650000,0.650000,0.422500,0.000000
115.0100,0.000000,0.650000,0.650000,0.422500,0.000000
115.0200,0.000000,0.650000,0.650000,0.422500,0.000000
115.0300,0.000000,0.650000,0.650000,0.422500,0.000000
115.0400,0.000000,0.650000,0.650000,0.422500,0.000000
115.0500,0.000000,0.650000,0.650000,0.422500,0.000000
115.0600,0.000000,0.650000,0.650000,0.422500,0.000000
115.0700,0.000000,0.650000,0.650000,0.422500,0.000000
115.0800,0.000000,0.650000,0.650000,0.422500,0.000000
115.0900,0.000000,0.650000,0.650000,0.422500,0.000000
115.1000,0.000000,0.650000,0.650000,0.422500,0.000000
115.1100,0.000000,0.650000,0.650000,0.422500,0.000000
115.1200,0.000000,0.650000,0.650000,0.422500,0.000000
115.1300,0.000000,0.650000,0.650000,0.422500,-0.000000
115.1400,0.000000,0.650000,0.650000,0.422500,-0.000000
115.1500,0.000000,0.650000,0.650000,0.422500,-0.000000
115.1600,0.000000,0.650000,0.650000,0.422500,-0.000000
115.1700,0.000000,0.650000,0.650000,0.422500,-0.000000
115.1800,0.000000,0.650000,0.650000,0.422500,-0.000000
115.1900,0.000000,0.650000,0.650000,0.422500,-0.000000
115.2000,-0.000000,0.650000,0.650000,0.422500,-0.000000
115.2100,-0.000000,0.650000,0.650000,0.422500,-0.000000
115.2200,-0.000000,0.650000,0.650000,0.422500,-0.000000
115.2300,-0.000000,0.650000,0.650000,0.422500,-0.000000
115.2400,-0.000000,0.650000,0.650000,0.422500,-0.000000
115.2500,-0.000000,0.650000,0.650000,0.422500,-0.000000
115.2600,-0.000000,0.650000,0.650000,0.422500,-0.000000
115.2700,-0.000000,0.650000,0.650000,0.422500,-0.000000
115.2800,-0.000000,0.650000,0.650000,0.422500,-0.000000
115.2900,-0.000000,0.650000,0.650000,0.422500,-0.000000
115.3000,-0.000000,0.650000,0.650000,0.422500,-0.000000
115.3100,-0.000000,0.650000,0.650000,0.422500,-0.000000
115.3200,-0.000000,0.650000,0.650000,0.422500,-0.000000
115.3300,-0.000000,0.650000,0.650000,0.422500,-0.000000
115.3400,-0.000000,0.650000,0.650000,0.422500,-0.000000
115.3500,-0.000000,0.650000,0.650000,0.422500,-0.000000
115.3600,-0.000000,0.650000,0.650000,0.422500,-0.000000
115.3700,-0.000000,0.650000,0.650000,0.422500,-0.000000
115.3800,-0.000000,0.650000,0.650000,0.422500,-0.000000
115.3900,-0.000000,0.650000,0.650000,0.422500,-0.000000
115.4000,-0.000000,0.650000,0.650000,0.422500,-0.000000
115.4100,-0.000000,0.650000,0.650000,0.422500,-0.000000
115.4200,-0.000000,0.650000,0.650000,0.422500,-0.000000
115.4300,-0.000000,0.650000,0.650000,0.422500,-0.000000
115.4400,-0.000000,0.650000,0.650000,0.422500,-0.000000
115.4500,-0.000000,0.650000,0.650000,0.422500,-0.000000
115.4600,-0.000000,0.650000,0.650000,0.422500,-0.000000
115.4700,-0.000000,0.650000,0.650000,0.422500,-0.000000
115.4800,-0.000000,0.650000,0.650000,0.422500,-0.000000
115.4900,-0.000000,0.650000,0.650000,0.422500,-0.000000
115.5000,-0.000000,0.650000,0.650000,0.422500,-0.000000
115.5100,-0.000000,0.650000,0.650000,0.422500,-0.000000
115.5200,-0.000000,0.650000,0.650000,0.422500,-0.000000
115.5300,-0.000000,0.650000,0.650000,0.422500,-0.000000
115.5400,-0.000000,0.650000,0.650000,0.422500,-0.000000
115.5500,-0.000000,0.650000,0.650000,0.422500,-0.000000
115.5600,-0.000000,0.650000,0.650000,0.422500,-0.000000
115.5700,-0.000000,0.650000,0.650000,0.422500,-0.000000
115.5800,-0.000000,0.650000,0.650000,0.422500,-0.000000
115.5900,-0.000000,0.650000,0.650000,0.422500,-0.000000
115.6000,-0.000000,0.650000,0.650000,0.422500,-0.000000
115.6100,-0.000000,0.650000,0.650000,0.422500,-0.000000
115.6200,-0.000000,0.650000,0.650000,0.422500,-0.000000
115.6300,-0.000000,0.650000,0.650000,0.422500,-0.000000
115.6400,-0.000000,0.650000,0.650000,0.422500,-0.000000
115.6500,-0.000000,0.650000,0.650000,0.422500,-0.000000
115.6600,-0.000000,0.650000,0.650000,0.422500,-0.000000
115.6700,-0.000000,0.650000,0.650000,0.422500,-0.000000
115.6800,-0.000000,0.650000,0.650000,0.422500,-0.000000
115.6900,-0.000000,0.650000,0.650000,0.422500,-0.000000
115.7000,-0.000000,0.650000,0.650000,0.422500,-0.000000
115.7100,-0.000000,0.650000,0.650000,0.422500,-0.000000
115.7200,-0.000000,0.650000,0.650000,0.422500,-0.000000
115.7300,-0.000000,0.650000,0.650000,0.422500,-0.000000
115.7400,-0.000000,0.650000,0.650000,0.422500,-0.000000
115.7500,-0.000000,0.650000,0.650000,0.422500,-0.000000
115.7600,-0.000000,0.650000,0.650000,0.422500,-0.000000
115.7700,-0.000000,0.650000,0.650000,0.422500,-0.000000
115.7800,-0.000000,0.650000,0.650000,0.422500,-0.000000
115.7900,-0.000000,0.650000,0.650000,0.422500,-0.000000
115.8000,-0.000000,0.650000,0.650000,0.422500,-0.000000
115.8100,-0.000000,0.650000,0.650000,0.422500,-0.000000
115.8200,-0.000000,0.650000,0.650000,0.422500,-0.000000
115.8300,-0.000000,0.650000,0.650000,0.422500,-0.000000
115.8400,-0.000000,0.650000,0.650000,0.422500,0.000000
115.8500,0.000000,0.650000,0.650000,0.422500,0.000000
115.8600,0.000000,0.650000,0.650000,0.422500,0.000000
115.8700,0.000000,0.650000,0.650000,0.422500,0.000000
115.8800,0.000000,0.650000,0.650000,0.422500,0.000000
115.8900,0.000000,0.650000,0.650000,0.422500,0.000000
115.9000,0.000000,0.650000,0.650000,0.422500,0.000000
115.9100,0.000000,0.650000,0.650000,0.422500,0.000000
115.9200,0.000000,0.650000,0.650000,0.422500,0.000000
115.9300,0.000000,0.650000,0.650000,0.422500,0.000000
115.9400,0.000000,0.650000,0.650000,0.422500,0.000000
115.9500,0.000000,0.650000,0.650000,0.422500,0.000000
115.9600,0.000000,0.650000,0.650000,0.422500,0.000000
115.9700,0.000000,0.650000,0.650000,0.422500,0.000000
115.9800,0.000000,0.650000,0.650000,0.422500,0.000000
115.9900,0.000000,0.650000,0.650000,0.422500,0.000000
116.0000,0.000000,0.650000,0.650000,0.422500,0.000000
116.0100,0.000000,0.650000,0.650000,0.422500,0.000000
116.0200,0.000000,0.650000,0.650000,0.422500,0.000000
116.0300,0.000000,0.650000,0.650000,0.422500,0.000000
116.0400,0.000000,0.650000,0.650000,0.422500,0.000000
116.0500,0.000000,0.650000,0.650000,0.422500,0.000000
116.0600,0.000000,0.650000,0.650000,0.422500,0.000000
116.0700,0.000000,0.650000,0.650000,0.422500,0.000000
116.0800,0.000000,0.650000,0.650000,0.422500,0.000000
116.0900,0.000000,0.650000,0.650000,0.422500,0.000000
116.1000,0.000000,0.650000,0.650000,0.422500,0.000000
116.1100,0.000000,0.650000,0.650000,0.422500,0.000000
116.1200,0.000000,0.650000,0.650000,0.422500,0.000000
116.1300,0.000000,0.650000,0.650000,0.422500,0.000000
116.1400,0.000000,0.650000,0.650000,0.422500,0.000000
116.1500,0.000000,0.650000,0.650000,0.422500,0.000000
116.1600,0.000000,0.650000,0.650000,0.422500,0.000000
116.1700,0.000000,0.650000,0.650000,0.422500,0.000000
116.1800,0.000000,0.650000,0.650000,0.422500,0.000000
116.1900,0.000000,0.650000,0.650000,0.422500,0.000000
116.2000,0.000000,0.650000,0.650000,0.422500,0.000000
116.2100,0.000000,0.650000,0.650000,0.422500,0.000000
116.2200,0.000000,0.650000,0.650000,0.422500,0.000000
116.2300,0.000000,0.650000,0.650000,0.422500,0.000000
116.2400,0.000000,0.650000,0.650000,0.422500,0.000000
116.2500,0.000000,0.650000,0.650000,0.422500,0.000000
116.2600,0.000000,0.650000,0.650000,0.422500,0.000000
116.2700,0.000000,0.650000,0.650000,0.422500,0.000000
116.2800,0.000000,0.650000,0.650000,0.422500,0.000000
116.2900,0.000000,0.650000,0.650000,0.422500,0.000000
116.3000,0.000000,0.650000,0.650000,0.422500,0.000000
116.3100,0.000000,0.650000,0.650000,0.422500,0.000000
116.3200,0.000000,0.650000,0.650000,0.422500,0.000000
116.3300,0.000000,0.650000,0.650000,0.422500,0.000000
116.3400,0.000000,0.650000,0.650000,0.422500,0.000000
116.3500,0.000000,0.650000,0.650000,0.422500,0.000000
116.3600,0.000000,0.650000,0.650000,0.422500,0.000000
116.3700,0.000000,0.650000,0.650000,0.422500,0.000000
116.3800,0.000000,0.650000,0.650000,0.422500,0.000000
116.3900,0.000000,0.650000,0.650000,0.422500,0.000000
116.4000,0.000000,0.650000,0.650000,0.422500,0.000000
116.4100,0.000000,0.650000,0.650000,0.422500,0.000000
116.4200,0.000000,0.650000,0.650000,0.422500,0.000000
116.4300,0.000000,0.650000,0.650000,0.422500,0.000000
116.4400,0.000000,0.650000,0.650000,0.422500,0.000000
116.4500,0.000000,0.650000,0.650000,0.422500,0.000000
116.4600,0.000000,0.650000,0.650000,0.422500,0.000000
116.4700,0.000000,0.650000,0.650000,0.422500,0.000000
116.4800,0.000000,0.650000,0.650000,0.422500,0.000000
116.4900,0.000000,0.650000,0.650000,0.422500,0.000000
116.5000,0.000000,0.650000,0.650000,0.422500,0.000000
116.5100,0.000000,0.650000,0.650000,0.422500,0.000000
116.5200,0.000000,0.650000,0.650000,0.422500,0.000000
116.5300,0.000000,0.650000,0.650000,0.422500,0.000000
116.5400,0.000000,0.650000,0.650000,0.422500,-0.000000
116.5500,0.000000,0.650000,0.650000,0.422500,-0.000000
116.5600,0.000000,0.650000,0.650000,0.422500,-0.000000
116.5700,0.000000,0.650000,0.650000,0.422500,-0.000000
116.5800,0.000000,0.650000,0.650000,0.422500,-0.000000
116.5900,0.000000,0.650000,0.650000,0.422500,-0.000000
116.6000,-0.000000,0.650000,0.650000,0.422500,-0.000000
116.6100,-0.000000,0.650000,0.650000,0.422500,-0.000000
116.6200,-0.000000,0.650000,0.650000,0.422500,-0.000000
116.6300,-0.000000,0.650000,0.650000,0.422500,-0.000000
116.6400,-0.000000,0.650000,0.650000,0.422500,-0.000000
116.6500,-0.000000,0.650000,0.650000,0.422500,-0.000000
116.6600,-0.000000,0.650000,0.650000,0.422500,-0.000000
116.6700,-0.000000,0.650000,0.650000,0.422500,-0.000000
116.6800,-0.000000,0.650000,0.650000,0.422500,-0.000000
116.6900,-0.000000,0.650000,0.650000,0.422500,-0.000000
116.7000,-0.000000,0.650000,0.650000,0.422500,-0.000000
116.7100,-0.000000,0.650000,0.650000,0.422500,-0.000000
116.7200,-0.000000,0.650000,0.650000,0.422500,-0.000000
116.7300,-0.000000,0.650000,0.650000,0.422500,-0.000000
116.7400,-0.000000,0.650000,0.650000,0.422500,-0.000000
116.7500,-0.000000,0.650000,0.650000,0.422500,-0.000000
116.7600,-0.000000,0.650000,0.650000,0.422500,-0.000000
116.7700,-0.000000,0.650000,0.650000,0.422500,-0.000000
116.7800,-0.000000,0.650000,0.650000,0.422500,-0.000000
116.7900,-0.000000,0.650000,0.650000,0.422500,-0.000000
116.8000,-0.000000,0.650000,0.650000,0.422500,-0.000000
116.8100,-0.000000,0.650000,0.650000,0.422500,-0.000000
116.8200,-0.000000,0.650000,0.650000,0.422500,-0.000000
116.8300,-0.000000,0.650000,0.650000,0.422500,-0.000000
116.8400,-0.000000,0.650000,0.650000,0.422500,-0.000000
116.8500,-0.000000,0.650000,0.650000,0.422500,-0.000000
116.8600,-0.000000,0.650000,0.650000,0.422500,-0.000000
116.8700,-0.000000,0.650000,0.650000,0.422500,-0.000000
116.8800,-0.000000,0.650000,0.650000,0.422500,-0.000000
116.8900,-0.000000,0.650000,0.650000,0.422500,-0.000000
116.9000,-0.000000,0.650000,0.650000,0.422500,-0.000000
116.9100,-0.000000,0.650000,0.650000,0.422500,-0.000000
116.9200,-0.000000,0.650000,0.650000,0.422500,-0.000000
116.9300,-0.000000,0.650000,0.650000,0.422500,-0.000000
116.9400,-0.000000,0.650000,0.650000,0.422500,-0.000000
116.9500,-0.000000,0.650000,0.650000,0.422500,-0.000000
116.9600,-0.000000,0.650000,0.650000,0.422500,-0.000000
116.9700,-0.000000,0.650000,0.650000,0.422500,-0.000000
116.9800,-0.000000,0.650000,0.650000,0.422500,-0.000000
116.9900,-0.000000,0.650000,0.650000,0.422500,-0.000000
117.0000,-0.000000,0.650000,0.650000,0.422500,-0.000000
117.0100,-0.000000,0.650000,0.650000,0.422500,-0.000000
117.0200,-0.000000,0.650000,0.650000,0.422500,-0.000000
117.0300,-0.000000,0.650000,0.650000,0.422500,-0.000000
117.0400,-0.000000,0.650000,0.650000,0.422500,-0.000000
117.0500,-0.000000,0.650000,0.650000,0.422500,-0.000000
117.0600,-0.000000,0.650000,0.650000,0.422500,-0.000000
117.0700,-0.000000,0.650000,0.650000,0.422500,-0.000000
117.0800,-0.000000,0.650000,0.650000,0.422500,-0.000000
117.0900,-0.000000,0.650000,0.650000,0.422500,-0.000000
117.1000,-0.000000,0.650000,0.650000,0.422500,-0.000000
117.1100,-0.000000,0.650000,0.650000,0.422500,-0.000000
117.1200,-0.000000,0.650000,0.650000,0.422500,-0.000000
117.1300,-0.000000,0.650000,0.650000,0.422500,-0.000000
117.1400,-0.000000,0.650000,0.650000,0.422500,-0.000000
117.1500,-0.000000,0.650000,0.650000,0.422500,-0.000000
117.1600,-0.000000,0.650000,0.650000,0.422500,-0.000000
117.1700,-0.000000,0.650000,0.650000,0.422500,-0.000000
117.1800,-0.000000,0.650000,0.650000,0.422500,-0.000000
117.1900,-0.000000,0.650000,0.650000,0.422500,-0.000000
117.2000,-0.000000,0.650000,0.650000,0.422500,-0.000000
117.2100,-0.000000,0.650000,0.650000,0.422500,-0.000000
117.2200,-0.000000,0.650000,0.650000,0.422500,-0.000000
117.2300,-0.000000,0.650000,0.650000,0.422500,-0.000000
117.2400,-0.000000,0.650000,0.650000,0.422500,0.000000
117.2500,0.000000,0.650000,0.650000,0.422500,0.000000
117.2600,0.000000,0.650000,0.650000,0.422500,0.000000
117.2700,0.000000,0.650000,0.650000,0.422500,0.000000
117.2800,0.000000,0.650000,0.650000,0.422500,0.000000
117.2900,0.000000,0.650000,0.650000,0.422500,0.000000
117.3000,0.000000,0.650000,0.650000,0.422500,0.000000
117.3100,0.000000,0.650000,0.650000,0.422500,0.000000
117.3200,0.000000,0.650000,0.650000,0.422500,0.000000
117.3300,0.000000,0.650000,0.650000,0.422500,0.000000
117.3400,0.000000,0.650000,0.650000,0.422500,0.000000
117.3500,0.000000,0.650000,0.650000,0.422500,0.000000
117.3600,0.000000,0.650000,0.650000,0.422500,0.000000
117.3700,0.000000,0.650000,0.650000,0.422500,0.000000
117.3800,0.000000,0.650000,0.650000,0.422500,0.000000
117.3900,0.000000,0.650000,0.650000,0.422500,0.000000
117.4000,0.000000,0.650000,0.650000,0.422500,0.000000
117.4100,0.000000,0.650000,0.650000,0.422500,0.000000
117.4200,0.000000,0.650000,0.650000,0.422500,0.000000
117.4300,0.000000,0.650000,0.650000,0.422500,0.000000
117.4400,0.000000,0.650000,0.650000,0.422500,0.000000
117.4500,0.000000,0.650000,0.650000,0.422500,0.000000
117.4600,0.000000,0.650000,0.650000,0.422500,0.000000
117.4700,0.000000,0.650000,0.650000,0.422500,0.000000
117.4800,0.000000,0.650000,0.650000,0.422500,0.000000
117.4900,0.000000,0.650000,0.650000,0.422500,0.000000
117.5000,0.000000,0.650000,0.650000,0.422500,0.000000
117.5100,0.000000,0.650000,0.650000,0.422500,0.000000
117.5200,0.000000,0.650000,0.650000,0.422500,0.000000
117.5300,0.000000,0.650000,0.650000,0.422500,0.000000
117.5400,0.000000,0.650000,0.650000,0.422500,0.000000
117.5500,0.000000,0.650000,0.650000,0.422500,0.000000
117.5600,0.000000,0.650000,0.650000,0.422500,0.000000
117.5700,0.000000,0.650000,0.650000,0.422500,0.000000
117.5800,0.000000,0.650000,0.650000,0.422500,0.000000
117.5900,0.000000,0.650000,0.650000,0.422500,0.000000
117.6000,0.000000,0.650000,0.650000,0.422500,0.000000
117.6100,0.000000,0.650000,0.650000,0.422500,0.000000
117.6200,0.000000,0.650000,0.650000,0.422500,0.000000
117.6300,0.000000,0.650000,0.650000,0.422500,0.000000
117.6400,0.000000,0.650000,0.650000,0.422500,0.000000
117.6500,0.000000,0.650000,0.650000,0.422500,0.000000
117.6600,0.000000,0.650000,0.650000,0.422500,0.000000
117.6700,0.000000,0.650000,0.650000,0.422500,0.000000
117.6800,0.000000,0.650000,0.650000,0.422500,0.000000
117.6900,0.000000,0.650000,0.650000,0.422500,0.000000
117.7000,0.000000,0.650000,0.650000,0.422500,0.000000
117.7100,0.000000,0.650000,0.650000,0.422500,0.000000
117.7200,0.000000,0.650000,0.650000,0.422500,0.000000
117.7300,0.000000,0.650000,0.650000,0.422500,0.000000
117.7400,0.000000,0.650000,0.650000,0.422500,0.000000
117.7500,0.000000,0.650000,0.650000,0.422500,0.000000
117.7600,0.000000,0.650000,0.650000,0.422500,0.000000
117.7700,0.000000,0.650000,0.650000,0.422500,0.000000
117.7800,0.000000,0.650000,0.650000,0.422500,0.000000
117.7900,0.000000,0.650000,0.650000,0.422500,0.000000
117.8000,0.000000,0.650000,0.650000,0.422500,0.000000
117.8100,0.000000,0.650000,0.650000,0.422500,0.000000
117.8200,0.000000,0.650000,0.650000,0.422500,0.000000
117.8300,0.000000,0.650000,0.650000,0.422500,0.000000
117.8400,0.000000,0.650000,0.650000,0.422500,0.000000
117.8500,0.000000,0.650000,0.650000,0.422500,0.000000
117.8600,0.000000,0.650000,0.650000,0.422500,0.000000
117.8700,0.000000,0.650000,0.650000,0.422500,0.000000
117.8800,0.000000,0.650000,0.650000,0.422500,0.000000
117.8900,0.000000,0.650000,0.650000,0.422500,0.000000
117.9000,0.000000,0.650000,0.650000,0.422500,0.000000
117.9100,0.000000,0.650000,0.650000,0.422500,0.000000
117.9200,0.000000,0.650000,0.650000,0.422500,0.000000
117.9300,0.000000,0.650000,0.650000,0.422500,0.000000
117.9400,0.000000,0.650000,0.650000,0.422500,-0.000000
117.9500,0.000000,0.650000,0.650000,0.422500,-0.000000
117.9600,0.000000,0.650000,0.650000,0.422500,-0.000000
117.9700,0.000000,0.650000,0.650000,0.422500,-0.000000
117.9800,0.000000,0.650000,0.650000,0.422500,-0.000000
117.9900,0.000000,0.650000,0.650000,0.422500,-0.000000
118.0000,0.000000,0.650000,0.650000,0.422500,-0.000000
118.0100,-0.000000,0.650000,0.650000,0.422500,-0.000000
118.0200,-0.000000,0.650000,0.650000,0.422500,-0.000000
118.0300,-0.000000,0.650000,0.650000,0.422500,-0.000000
118.0400,-0.000000,0.650000,0.650000,0.422500,-0.000000
118.0500,-0.000000,0.650000,0.650000,0.422500,-0.000000
118.0600,-0.000000,0.650000,0.650000,0.422500,-0.000000
118.0700,-0.000000,0.650000,0.650000,0.422500,-0.000000
118.0800,-0.000000,0.650000,0.650000,0.422500,-0.000000
118.0900,-0.000000,0.650000,0.650000,0.422500,-0.000000
118.1000,-0.000000,0.650000,0.650000,0.422500,-0.000000
118.1100,-0.000000,0.650000,0.650000,0.422500,-0.000000
118.1200,-0.000000,0.650000,0.650000,0.422500,-0.000000
118.1300,-0.000000,0.650000,0.650000,0.422500,-0.000000
118.1400,-0.000000,0.650000,0.650000,0.422500,-0.000000
118.1500,-0.000000,0.650000,0.650000,0.422500,-0.000000
118.1600,-0.000000,0.650000,0.650000,0.422500,-0.000000
118.1700,-0.000000,0.650000,0.650000,0.422500,-0.000000
118.1800,-0.000000,0.650000,0.650000,0.422500,-0.000000
118.1900,-0.000000,0.650000,0.650000,0.422500,-0.000000
118.2000,-0.000000,0.650000,0.650000,0.422500,-0.000000
118.2100,-0.000000,0.650000,0.650000,0.422500,-0.000000
118.2200,-0.000000,0.650000,0.650000,0.422500,-0.000000
118.2300,-0.000000,0.650000,0.650000,0.422500,-0.000000
118.2400,-0.000000,0.650000,0.650000,0.422500,-0.000000
118.2500,-0.000000,0.650000,0.650000,0.422500,-0.000000
118.2600,-0.000000,0.650000,0.650000,0.422500,-0.000000
118.2700,-0.000000,0.650000,0.650000,0.422500,-0.000000
118.2800,-0.000000,0.650000,0.650000,0.422500,-0.000000
118.2900,-0.000000,0.650000,0.650000,0.422500,-0.000000
118.3000,-0.000000,0.650000,0.650000,0.422500,-0.000000
118.3100,-0.000000,0.650000,0.650000,0.422500,-0.000000
118.3200,-0.000000,0.650000,0.650000,0.422500,-0.000000
118.3300,-0.000000,0.650000,0.650000,0.422500,-0.000000
118.3400,-0.000000,0.650000,0.650000,0.422500,-0.000000
118.3500,-0.000000,0.650000,0.650000,0.422500,-0.000000
118.3600,-0.000000,0.650000,0.650000,0.422500,-0.000000
118.3700,-0.000000,0.650000,0.650000,0.422500,-0.000000
118.3800,-0.000000,0.650000,0.650000,0.422500,-0.000000
118.3900,-0.000000,0.650000,0.650000,0.422500,-0.000000
118.4000,-0.000000,0.650000,0.650000,0.422500,-0.000000
118.4100,-0.000000,0.650000,0.650000,0.422500,-0.000000
118.4200,-0.000000,0.650000,0.650000,0.422500,-0.000000
118.4300,-0.000000,0.650000,0.650000,0.422500,-0.000000
118.4400,-0.000000,0.650000,0.650000,0.422500,-0.000000
118.4500,-0.000000,0.650000,0.650000,0.422500,-0.000000
118.4600,-0.000000,0.650000,0.650000,0.422500,-0.000000
118.4700,-0.000000,0.650000,0.650000,0.422500,-0.000000
118.4800,-0.000000,0.650000,0.650000,0.422500,-0.000000
118.4900,-0.000000,0.650000,0.650000,0.422500,-0.000000
118.5000,-0.000000,0.650000,0.650000,0.422500,-0.000000
118.5100,-0.000000,0.650000,0.650000,0.422500,-0.000000
118.5200,-0.000000,0.650000,0.650000,0.422500,-0.000000
118.5300,-0.000000,0.650000,0.650000,0.422500,-0.000000
118.5400,-0.000000,0.650000,0.650000,0.422500,-0.000000
118.5500,-0.000000,0.650000,0.650000,0.422500,-0.000000
118.5600,-0.000000,0.650000,0.650000,0.422500,-0.000000
118.5700,-0.000000,0.650000,0.650000,0.422500,-0.000000
118.5800,-0.000000,0.650000,0.650000,0.422500,-0.000000
118.5900,-0.000000,0.650000,0.650000,0.422500,-0.000000
118.6000,-0.000000,0.650000,0.650000,0.422500,-0.000000
118.6100,-0.000000,0.650000,0.650000,0.422500,-0.000000
118.6200,-0.000000,0.650000,0.650000,0.422500,-0.000000
118.6300,-0.000000,0.650000,0.650000,0.422500,-0.000000
118.6400,-0.000000,0.650000,0.650000,0.422500,0.000000
118.6500,0.000000,0.650000,0.650000,0.422500,0.000000
118.6600,0.000000,0.650000,0.650000,0.422500,0.000000
118.6700,0.000000,0.650000,0.650000,0.422500,0.000000
118.6800,0.000000,0.650000,0.650000,0.422500,0.000000
118.6900,0.000000,0.650000,0.650000,0.422500,0.000000
118.7000,0.000000,0.650000,0.650000,0.422500,0.000000
118.7100,0.000000,0.650000,0.650000,0.422500,0.000000
118.7200,0.000000,0.650000,0.650000,0.422500,0.000000
118.7300,0.000000,0.650000,0.650000,0.422500,0.000000
118.7400,0.000000,0.650000,0.650000,0.422500,0.000000
118.7500,0.000000,0.650000,0.650000,0.422500,0.000000
118.7600,0.000000,0.650000,0.650000,0.422500,0.000000
118.7700,0.000000,0.650000,0.650000,0.422500,0.000000
118.7800,0.000000,0.650000,0.650000,0.422500,0.000000
118.7900,0.000000,0.650000,0.650000,0.422500,0.000000
118.8000,0.000000,0.650000,0.650000,0.422500,0.000000
118.8100,0.000000,0.650000,0.650000,0.422500,0.000000
118.8200,0.000000,0.650000,0.650000,0.422500,0.000000
118.8300,0.000000,0.650000,0.650000,0.422500,0.000000
118.8400,0.000000,0.650000,0.650000,0.422500,0.000000
118.8500,0.000000,0.650000,0.650000,0.422500,0.000000
118.8600,0.000000,0.650000,0.650000,0.422500,0.000000
118.8700,0.000000,0.650000,0.650000,0.422500,0.000000
118.8800,0.000000,0.650000,0.650000,0.422500,0.000000
118.8900,0.000000,0.650000,0.650000,0.422500,0.000000
118.9000,0.000000,0.650000,0.650000,0.422500,0.000000
118.9100,0.000000,0.650000,0.650000,0.422500,0.000000
118.9200,0.000000,0.650000,0.650000,0.422500,0.000000
118.9300,0.000000,0.650000,0.650000,0.422500,0.000000
118.9400,0.000000,0.650000,0.650000,0.422500,0.000000
118.9500,0.000000,0.650000,0.650000,0.422500,0.000000
118.9600,0.000000,0.650000,0.650000,0.422500,0.000000
118.9700,0.000000,0.650000,0.650000,0.422500,0.000000
118.9800,0.000000,0.650000,0.650000,0.422500,0.000000
118.9900,0.000000,0.650000,0.650000,0.422500,0.000000
119.0000,0.000000,0.650000,0.650000,0.422500,0.000000
119.0100,0.000000,0.650000,0.650000,0.422500,0.000000
119.0200,0.000000,0.650000,0.650000,0.422500,0.000000
119.0300,0.000000,0.650000,0.650000,0.422500,0.000000
119.0400,0.000000,0.650000,0.650000,0.422500,0.000000
119.0500,0.000000,0.650000,0.650000,0.422500,0.000000
119.0600,0.000000,0.650000,0.650000,0.422500,0.000000
119.0700,0.000000,0.650000,0.650000,0.422500,0.000000
119.0800,0.000000,0.650000,0.650000,0.422500,0.000000
119.0900,0.000000,0.650000,0.650000,0.422500,0.000000
119.1000,0.000000,0.650000,0.650000,0.422500,0.000000
119.1100,0.000000,0.650000,0.650000,0.422500,0.000000
119.1200,0.000000,0.650000,0.650000,0.422500,0.000000
119.1300,0.000000,0.650000,0.650000,0.422500,0.000000
119.1400,0.000000,0.650000,0.650000,0.422500,0.000000
119.1500,0.000000,0.650000,0.650000,0.422500,0.000000
119.1600,0.000000,0.650000,0.650000,0.422500,0.000000
119.1700,0.000000,0.650000,0.650000,0.422500,0.000000
119.1800,0.000000,0.650000,0.650000,0.422500,0.000000
119.1900,0.000000,0.650000,0.650000,0.422500,0.000000
119.2000,0.000000,0.650000,0.650000,0.422500,0.000000
119.2100,0.000000,0.650000,0.650000,0.422500,0.000000
119.2200,0.000000,0.650000,0.650000,0.422500,0.000000
119.2300,0.000000,0.650000,0.650000,0.422500,0.000000
119.2400,0.000000,0.650000,0.650000,0.422500,0.000000
119.2500,0.000000,0.650000,0.650000,0.422500,0.000000
119.2600,0.000000,0.650000,0.650000,0.422500,0.000000
119.2700,0.000000,0.650000,0.650000,0.422500,0.000000
119.2800,0.000000,0.650000,0.650000,0.422500,0.000000
119.2900,0.000000,0.650000,0.650000,0.422500,0.000000
119.3000,0.000000,0.650000,0.650000,0.422500,0.000000
119.3100,0.000000,0.650000,0.650000,0.422500,0.000000
119.3200,0.000000,0.650000,0.650000,0.422500,0.000000
119.3300,0.000000,0.650000,0.650000,0.422500,0.000000
119.3400,0.000000,0.650000,0.650000,0.422500,-0.000000
119.3500,0.000000,0.650000,0.650000,0.422500,-0.000000
119.3600,0.000000,0.650000,0.650000,0.422500,-0.000000
119.3700,0.000000,0.650000,0.650000,0.422500,-0.000000
119.3800,0.000000,0.650000,0.650000,0.422500,-0.000000
119.3900,0.000000,0.650000,0.650000,0.422500,-0.000000
119.4000,0.000000,0.650000,0.650000,0.422500,-0.000000
119.4100,-0.000000,0.650000,0.650000,0.422500,-0.000000
119.4200,-0.000000,0.650000,0.650000,0.422500,-0.000000
119.4300,-0.000000,0.650000,0.650000,0.422500,-0.000000
119.4400,-0.000000,0.650000,0.650000,0.422500,-0.000000
119.4500,-0.000000,0.650000,0.650000,0.422500,-0.000000
119.4600,-0.000000,0.650000,0.650000,0.422500,-0.000000
119.4700,-0.000000,0.650000,0.650000,0.422500,-0.000000
119.4800,-0.000000,0.650000,0.650000,0.422500,-0.000000
119.4900,-0.000000,0.650000,0.650000,0.422500,-0.000000
119.5000,-0.000000,0.650000,0.650000,0.422500,-0.000000
119.5100,-0.000000,0.650000,0.650000,0.422500,-0.000000
119.5200,-0.000000,0.650000,0.650000,0.422500,-0.000000
119.5300,-0.000000,0.650000,0.650000,0.422500,-0.000000
119.5400,-0.000000,0.650000,0.650000,0.422500,-0.000000
119.5500,-0.000000,0.650000,0.650000,0.422500,-0.000000
119.5600,-0.000000,0.650000,0.650000,0.422500,-0.000000
119.5700,-0.000000,0.650000,0.650000,0.422500,-0.000000
119.5800,-0.000000,0.650000,0.650000,0.422500,-0.000000
119.5900,-0.000000,0.650000,0.650000,0.422500,-0.000000
119.6000,-0.000000,0.650000,0.650000,0.422500,-0.000000
119.6100,-0.000000,0.650000,0.650000,0.422500,-0.000000
119.6200,-0.000000,0.650000,0.650000,0.422500,-0.000000
119.6300,-0.000000,0.650000,0.650000,0.422500,-0.000000
119.6400,-0.000000,0.650000,0.650000,0.422500,-0.000000
119.6500,-0.000000,0.650000,0.650000,0.422500,-0.000000
119.6600,-0.000000,0.650000,0.650000,0.422500,-0.000000
119.6700,-0.000000,0.650000,0.650000,0.422500,-0.000000
119.6800,-0.000000,0.650000,0.650000,0.422500,-0.000000
119.6900,-0.000000,0.650000,0.650000,0.422500,-0.000000
119.7000,-0.000000,0.650000,0.650000,0.422500,-0.000000
119.7100,-0.000000,0.650000,0.650000,0.422500,-0.000000
119.7200,-0.000000,0.650000,0.650000,0.422500,-0.000000
119.7300,-0.000000,0.650000,0.650000,0.422500,-0.000000
119.7400,-0.000000,0.650000,0.650000,0.422500,-0.000000
119.7500,-0.000000,0.650000,0.650000,0.422500,-0.000000
119.7600,-0.000000,0.650000,0.650000,0.422500,-0.000000
119.7700,-0.000000,0.650000,0.650000,0.422500,-0.000000
119.7800,-0.000000,0.650000,0.650000,0.422500,-0.000000
119.7900,-0.000000,0.650000,0.650000,0.422500,-0.000000
119.8000,-0.000000,0.650000,0.650000,0.422500,-0.000000
119.8100,-0.000000,0.650000,0.650000,0.422500,-0.000000
119.8200,-0.000000,0.650000,0.650000,0.422500,-0.000000
119.8300,-0.000000,0.650000,0.650000,0.422500,-0.000000
119.8400,-0.000000,0.650000,0.650000,0.422500,-0.000000
119.8500,-0.000000,0.650000,0.650000,0.422500,-0.000000
119.8600,-0.000000,0.650000,0.650000,0.422500,-0.000000
119.8700,-0.000000,0.650000,0.650000,0.422500,-0.000000
119.8800,-0.000000,0.650000,0.650000,0.422500,-0.000000
119.8900,-0.000000,0.650000,0.650000,0.422500,-0.000000
119.9000,-0.000000,0.650000,0.650000,0.422500,-0.000000
119.9100,-0.000000,0.650000,0.650000,0.422500,-0.000000
119.9200,-0.000000,0.650000,0.650000,0.422500,-0.000000
119.9300,-0.000000,0.650000,0.650000,0.422500,-0.000000
119.9400,-0.000000,0.650000,0.650000,0.422500,-0.000000
119.9500,-0.000000,0.650000,0.650000,0.422500,-0.000000
119.9600,-0.000000,0.650000,0.650000,0.422500,-0.000000
119.9700,-0.000000,0.650000,0.650000,0.422500,-0.000000
119.9800,-0.000000,0.650000,0.650000,0.422500,-0.000000
119.9900,-0.000000,0.650000,0.650000,0.422500,-0.000000
120.0000,-0.000000,0.650000,0.650000,0.422500,-0.000000
120.0100,-0.000000,0.650000,0.650000,0.422500,-0.000000
120.0200,-0.000000,0.650000,0.650000,0.422500,-0.000000
120.0300,-0.000000,0.650000,0.650000,0.422500,-0.000000
120.0400,-0.000000,0.650000,0.650000,0.422500,-0.000000
120.0500,0.000000,0.650000,0.650000,0.422500,0.000000
120.0600,0.000000,0.650000,0.650000,0.422500,0.000000
120.0700,0.000000,0.650000,0.650000,0.422500,0.000000
120.0800,0.000000,0.650000,0.650000,0.422500,0.000000
120.0900,0.000000,0.650000,0.650000,0.422500,0.000000
120.1000,0.000000,0.650000,0.650000,0.422500,0.000000
120.1100,0.000000,0.650000,0.650000,0.422500,0.000000
120.1200,0.000000,0.650000,0.650000,0.422500,0.000000
120.1300,0.000000,0.650000,0.650000,0.422500,0.000000
120.1400,0.000000,0.650000,0.650000,0.422500,0.000000
120.1500,0.000000,0.650000,0.650000,0.422500,0.000000
120.1600,0.000000,0.650000,0.650000,0.422500,0.000000
120.1700,0.000000,0.650000,0.650000,0.422500,0.000000
120.1800,0.000000,0.650000,0.650000,0.422500,0.000000
120.1900,0.000000,0.650000,0.650000,0.422500,0.000000
120.2000,0.000000,0.650000,0.650000,0.422500,0.000000
120.2100,0.000000,0.650000,0.650000,0.422500,0.000000
120.2200,0.000000,0.650000,0.650000,0.422500,0.000000
120.2300,0.000000,0.650000,0.650000,0.422500,0.000000
120.2400,0.000000,0.650000,0.650000,0.422500,0.000000
120.2500,0.000000,0.650000,0.650000,0.422500,0.000000
120.2600,0.000000,0.650000,0.650000,0.422500,0.000000
120.2700,0.000000,0.650000,0.650000,0.422500,0.000000
120.2800,0.000000,0.650000,0.650000,0.422500,0.000000
120.2900,0.000000,0.650000,0.650000,0.422500,0.000000
120.3000,0.000000,0.650000,0.650000,0.422500,0.000000
120.3100,0.000000,0.650000,0.650000,0.422500,0.000000
120.3200,0.000000,0.650000,0.650000,0.422500,0.000000
120.3300,0.000000,0.650000,0.650000,0.422500,0.000000
120.3400,0.000000,0.650000,0.650000,0.422500,0.000000
120.3500,0.000000,0.650000,0.650000,0.422500,0.000000
120.3600,0.000000,0.650000,0.650000,0.422500,0.000000
120.3700,0.000000,0.650000,0.650000,0.422500,0.000000
120.3800,0.000000,0.650000,0.650000,0.422500,0.000000
120.3900,0.000000,0.650000,0.650000,0.422500,0.000000
120.4000,0.000000,0.650000,0.650000,0.422500,0.000000
120.4100,0.000000,0.650000,0.650000,0.422500,0.000000
120.4200,0.000000,0.650000,0.650000,0.422500,0.000000
120.4300,0.000000,0.650000,0.650000,0.422500,0.000000
120.4400,0.000000,0.650000,0.650000,0.422500,0.000000
120.4500,0.000000,0.650000,0.650000,0.422500,0.000000
120.4600,0.000000,0.650000,0.650000,0.422500,0.000000
120.4700,0.000000,0.650000,0.650000,0.422500,0.000000
120.4800,0.000000,0.650000,0.650000,0.422500,0.000000
120.4900,0.000000,0.650000,0.650000,0.422500,0.000000
120.5000,0.000000,0.650000,0.650000,0.422500,0.000000
120.5100,0.000000,0.650000,0.650000,0.422500,0.000000
120.5200,0.000000,0.650000,0.650000,0.422500,0.000000
120.5300,0.000000,0.650000,0.650000,0.422500,0.000000
120.5400,0.000000,0.650000,0.650000,0.422500,0.000000
120.5500,0.000000,0.650000,0.650000,0.422500,0.000000
120.5600,0.000000,0.650000,0.650000,0.422500,0.000000
120.5700,0.000000,0.650000,0.650000,0.422500,0.000000
120.5800,0.000000,0.650000,0.650000,0.422500,0.000000
120.5900,0.000000,0.650000,0.650000,0.422500,0.000000
120.6000,0.000000,0.650000,0.650000,0.422500,0.000000
120.6100,0.000000,0.650000,0.650000,0.422500,0.000000
120.6200,0.000000,0.650000,0.650000,0.422500,0.000000
120.6300,0.000000,0.650000,0.650000,0.422500,0.000000
120.6400,0.000000,0.650000,0.650000,0.422500,0.000000
120.6500,0.000000,0.650000,0.650000,0.422500,0.000000
120.6600,0.000000,0.650000,0.650000,0.422500,0.000000
120.6700,0.000000,0.650000,0.650000,0.422500,0.000000
120.6800,0.000000,0.650000,0.650000,0.422500,0.000000
120.6900,0.000000,0.650000,0.650000,0.422500,0.000000
120.7000,0.000000,0.650000,0.650000,0.422500,0.000000
120.7100,0.000000,0.650000,0.650000,0.422500,0.000000
120.7200,0.000000,0.650000,0.650000,0.422500,0.000000
120.7300,0.000000,0.650000,0.650000,0.422500,0.000000
120.7400,0.000000,0.650000,0.650000,0.422500,0.000000
120.7500,0.000000,0.650000,0.650000,0.422500,-0.000000
120.7600,0.000000,0.650000,0.650000,0.422500,-0.000000
120.7700,0.000000,0.650000,0.650000,0.422500,-0.000000
120.7800,0.000000,0.650000,0.650000,0.422500,-0.000000
120.7900,0.000000,0.650000,0.650000,0.422500,-0.000000
120.8000,0.000000,0.650000,0.650000,0.422500,-0.000000
120.8100,0.000000,0.650000,0.650000,0.422500,-0.000000
120.8200,-0.000000,0.650000,0.650000,0.422500,-0.000000
120.8300,-0.000000,0.650000,0.650000,0.422500,-0.000000
120.8400,-0.000000,0.650000,0.650000,0.422500,-0.000000
120.8500,-0.000000,0.650000,0.650000,0.422500,-0.000000
120.8600,-0.000000,0.650000,0.650000,0.422500,-0.000000
120.8700,-0.000000,0.650000,0.650000,0.422500,-0.000000
120.8800,-0.000000,0.650000,0.650000,0.422500,-0.000000
120.8900,-0.000000,0.650000,0.650000,0.422500,-0.000000
120.9000,-0.000000,0.650000,0.650000,0.422500,-0.000000
120.9100,-0.000000,0.650000,0.650000,0.422500,-0.000000
120.9200,-0.000000,0.650000,0.650000,0.422500,-0.000000
120.9300,-0.000000,0.650000,0.650000,0.422500,-0.000000
120.9400,-0.000000,0.650000,0.650000,0.422500,-0.000000
120.9500,-0.000000,0.650000,0.650000,0.422500,-0.000000
120.9600,-0.000000,0.650000,0.650000,0.422500,-0.000000
120.9700,-0.000000,0.650000,0.650000,0.422500,-0.000000
120.9800,-0.000000,0.650000,0.650000,0.422500,-0.000000
120.9900,-0.000000,0.650000,0.650000,0.422500,-0.000000
121.0000,-0.000000,0.650000,0.650000,0.422500,-0.000000
121.0100,-0.000000,0.650000,0.650000,0.422500,-0.000000
121.0200,-0.000000,0.650000,0.650000,0.422500,-0.000000
121.0300,-0.000000,0.650000,0.650000,0.422500,-0.000000
121.0400,-0.000000,0.650000,0.650000,0.422500,-0.000000
121.0500,-0.000000,0.650000,0.650000,0.422500,-0.000000
121.0600,-0.000000,0.650000,0.650000,0.422500,-0.000000
121.0700,-0.000000,0.650000,0.650000,0.422500,-0.000000
121.0800,-0.000000,0.650000,0.650000,0.422500,-0.000000
121.0900,-0.000000,0.650000,0.650000,0.422500,-0.000000
121.1000,-0.000000,0.650000,0.650000,0.422500,-0.000000
121.1100,-0.000000,0.650000,0.650000,0.422500,-0.000000
121.1200,-0.000000,0.650000,0.650000,0.422500,-0.000000
121.1300,-0.000000,0.650000,0.650000,0.422500,-0.000000
121.1400,-0.000000,0.650000,0.650000,0.422500,-0.000000
121.1500,-0.000000,0.650000,0.650000,0.422500,-0.000000
121.1600,-0.000000,0.650000,0.650000,0.422500,-0.000000
121.1700,-0.000000,0.650000,0.650000,0.422500,-0.000000
121.1800,-0.000000,0.650000,0.650000,0.422500,-0.000000
121.1900,-0.000000,0.650000,0.650000,0.422500,-0.000000
121.2000,-0.000000,0.650000,0.650000,0.422500,-0.000000
121.2100,-0.000000,0.650000,0.650000,0.422500,-0.000000
121.2200,-0.000000,0.650000,0.650000,0.422500,-0.000000
121.2300,-0.000000,0.650000,0.650000,0.422500,-0.000000
121.2400,-0.000000,0.650000,0.650000,0.422500,-0.000000
121.2500,-0.000000,0.650000,0.650000,0.422500,-0.000000
121.2600,-0.000000,0.650000,0.650000,0.422500,-0.000000
121.2700,-0.000000,0.650000,0.650000,0.422500,-0.000000
121.2800,-0.000000,0.650000,0.650000,0.422500,-0.000000
121.2900,-0.000000,0.650000,0.650000,0.422500,-0.000000
121.3000,-0.000000,0.650000,0.650000,0.422500,-0.000000
121.3100,-0.000000,0.650000,0.650000,0.422500,-0.000000
121.3200,-0.000000,0.650000,0.650000,0.422500,-0.000000
121.3300,-0.000000,0.650000,0.650000,0.422500,-0.000000
121.3400,-0.000000,0.650000,0.650000,0.422500,-0.000000
121.3500,-0.000000,0.650000,0.650000,0.422500,-0.000000
121.3600,-0.000000,0.650000,0.650000,0.422500,-0.000000
121.3700,-0.000000,0.650000,0.650000,0.422500,-0.000000
121.3800,-0.000000,0.650000,0.650000,0.422500,-0.000000
121.3900,-0.000000,0.650000,0.650000,0.422500,-0.000000
121.4000,-0.000000,0.650000,0.650000,0.422500,-0.000000
121.4100,-0.000000,0.650000,0.650000,0.422500,-0.000000
121.4200,-0.000000,0.650000,0.650000,0.422500,-0.000000
121.4300,-0.000000,0.650000,0.650000,0.422500,-0.000000
121.4400,-0.000000,0.650000,0.650000,0.422500,-0.000000
121.4500,-0.000000,0.650000,0.650000,0.422500,0.000000
121.4600,0.000000,0.650000,0.650000,0.422500,0.000000
121.4700,0.000000,0.650000,0.650000,0.422500,0.000000
121.4800,0.000000,0.650000,0.650000,0.422500,0.000000
121.4900,0.000000,0.650000,0.650000,0.422500,0.000000
121.5000,0.000000,0.650000,0.650000,0.422500,0.000000
121.5100,0.000000,0.650000,0.650000,0.422500,0.000000
121.5200,0.000000,0.650000,0.650000,0.422500,0.000000
121.5300,0.000000,0.650000,0.650000,0.422500,0.000000
121.5400,0.000000,0.650000,0.650000,0.422500,0.000000
121.5500,0.000000,0.650000,0.650000,0.422500,0.000000
121.5600,0.000000,0.650000,0.650000,0.422500,0.000000
121.5700,0.000000,0.650000,0.650000,0.422500,0.000000
121.5800,0.000000,0.650000,0.650000,0.422500,0.000000
121.5900,0.000000,0.650000,0.650000,0.422500,0.000000
121.6000,0.000000,0.650000,0.650000,0.422500,0.000000
121.6100,0.000000,0.650000,0.650000,0.422500,0.000000
121.6200,0.000000,0.650000,0.650000,0.422500,0.000000
121.6300,0.000000,0.650000,0.650000,0.422500,0.000000
121.6400,0.000000,0.650000,0.650000,0.422500,0.000000
121.6500,0.000000,0.650000,0.650000,0.422500,0.000000
121.6600,0.000000,0.650000,0.650000,0.422500,0.000000
121.6700,0.000000,0.650000,0.650000,0.422500,0.000000
121.6800,0.000000,0.650000,0.650000,0.422500,0.000000
121.6900,0.000000,0.650000,0.650000,0.422500,0.000000
121.7000,0.000000,0.650000,0.650000,0.422500,0.000000
121.7100,0.000000,0.650000,0.650000,0.422500,0.000000
121.7200,0.000000,0.650000,0.650000,0.422500,0.000000
121.7300,0.000000,0.650000,0.650000,0.422500,0.000000
121.7400,0.000000,0.650000,0.650000,0.422500,0.000000
121.7500,0.000000,0.650000,0.650000,0.422500,0.000000
121.7600,0.000000,0.650000,0.650000,0.422500,0.000000
121.7700,0.000000,0.650000,0.650000,0.422500,0.000000
121.7800,0.000000,0.650000,0.650000,0.422500,0.000000
121.7900,0.000000,0.650000,0.650000,0.422500,0.000000
121.8000,0.000000,0.650000,0.650000,0.422500,0.000000
121.8100,0.000000,0.650000,0.650000,0.422500,0.000000
121.8200,0.000000,0.650000,0.650000,0.422500,0.000000
121.8300,0.000000,0.650000,0.650000,0.422500,0.000000
121.8400,0.000000,0.650000,0.650000,0.422500,0.000000
121.8500,0.000000,0.650000,0.650000,0.422500,0.000000
121.8600,0.000000,0.650000,0.650000,0.422500,0.000000
121.8700,0.000000,0.650000,0.650000,0.422500,0.000000
121.8800,0.000000,0.650000,0.650000,0.422500,0.000000
121.8900,0.000000,0.650000,0.650000,0.422500,0.000000
121.9000,0.000000,0.650000,0.650000,0.422500,0.000000
121.9100,0.000000,0.650000,0.650000,0.422500,0.000000
121.9200,0.000000,0.650000,0.650000,0.422500,0.000000
121.9300,0.000000,0.650000,0.650000,0.422500,0.000000
121.9400,0.000000,0.650000,0.650000,0.422500,0.000000
121.9500,0.000000,0.650000,0.650000,0.422500,0.000000
121.9600,0.000000,0.650000,0.650000,0.422500,0.000000
121.9700,0.000000,0.650000,0.650000,0.422500,0.000000
121.9800,0.000000,0.650000,0.650000,0.422500,0.000000
121.9900,0.000000,0.650000,0.650000,0.422500,0.000000
122.0000,0.000000,0.650000,0.650000,0.422500,0.000000
122.0100,0.000000,0.650000,0.650000,0.422500,0.000000
122.0200,0.000000,0.650000,0.650000,0.422500,0.000000
122.0300,0.000000,0.650000,0.650000,0.422500,0.000000
122.0400,0.000000,0.650000,0.650000,0.422500,0.000000
122.0500,0.000000,0.650000,0.650000,0.422500,0.000000
122.0600,0.000000,0.650000,0.650000,0.422500,0.000000
122.0700,0.000000,0.650000,0.650000,0.422500,0.000000
122.0800,0.000000,0.650000,0.650000,0.422500,0.000000
122.0900,0.000000,0.650000,0.650000,0.422500,0.000000
122.1000,0.000000,0.650000,0.650000,0.422500,0.000000
122.1100,0.000000,0.650000,0.650000,0.422500,0.000000
122.1200,0.000000,0.650000,0.650000,0.422500,0.000000
122.1300,0.000000,0.650000,0.650000,0.422500,0.000000
122.1400,0.000000,0.650000,0.650000,0.422500,0.000000
122.1500,0.000000,0.650000,0.650000,0.422500,-0.000000
122.1600,0.000000,0.650000,0.650000,0.422500,-0.000000
122.1700,0.000000,0.650000,0.650000,0.422500,-0.000000
122.1800,0.000000,0.650000,0.650000,0.422500,-0.000000
122.1900,0.000000,0.650000,0.650000,0.422500,-0.000000
122.2000,0.000000,0.650000,0.650000,0.422500,-0.000000
122.2100,0.000000,0.650000,0.650000,0.422500,-0.000000
122.2200,-0.000000,0.650000,0.650000,0.422500,-0.000000
122.2300,-0.000000,0.650000,0.650000,0.422500,-0.000000
122.2400,-0.000000,0.650000,0.650000,0.422500,-0.000000
122.2500,-0.000000,0.650000,0.650000,0.422500,-0.000000
122.2600,-0.000000,0.650000,0.650000,0.422500,-0.000000
122.2700,-0.000000,0.650000,0.650000,0.422500,-0.000000
122.2800,-0.000000,0.650000,0.650000,0.422500,-0.000000
122.2900,-0.000000,0.650000,0.650000,0.422500,-0.000000
122.3000,-0.000000,0.650000,0.650000,0.422500,-0.000000
122.3100,-0.000000,0.650000,0.650000,0.422500,-0.000000
122.3200,-0.000000,0.650000,0.650000,0.422500,-0.000000
122.3300,-0.000000,0.650000,0.650000,0.422500,-0.000000
122.3400,-0.000000,0.650000,0.650000,0.422500,-0.000000
122.3500,-0.000000,0.650000,0.650000,0.422500,-0.000000
122.3600,-0.000000,0.650000,0.650000,0.422500,-0.000000
122.3700,-0.000000,0.650000,0.650000,0.422500,-0.000000
122.3800,-0.000000,0.650000,0.650000,0.422500,-0.000000
122.3900,-0.000000,0.650000,0.650000,0.422500,-0.000000
122.4000,-0.000000,0.650000,0.650000,0.422500,-0.000000
122.4100,-0.000000,0.650000,0.650000,0.422500,-0.000000
122.4200,-0.000000,0.650000,0.650000,0.422500,-0.000000
122.4300,-0.000000,0.650000,0.650000,0.422500,-0.000000
122.4400,-0.000000,0.650000,0.650000,0.422500,-0.000000
122.4500,-0.000000,0.650000,0.650000,0.422500,-0.000000
122.4600,-0.000000,0.650000,0.650000,0.422500,-0.000000
122.4700,-0.000000,0.650000,0.650000,0.422500,-0.000000
122.4800,-0.000000,0.650000,0.650000,0.422500,-0.000000
122.4900,-0.000000,0.650000,0.650000,0.422500,-0.000000
122.5000,-0.000000,0.650000,0.650000,0.422500,-0.000000
122.5100,-0.000000,0.650000,0.650000,0.422500,-0.000000
122.5200,-0.000000,0.650000,0.650000,0.422500,-0.000000
122.5300,-0.000000,0.650000,0.650000,0.422500,-0.000000
122.5400,-0.000000,0.650000,0.650000,0.422500,-0.000000
122.5500,-0.000000,0.650000,0.650000,0.422500,-0.000000
122.5600,-0.000000,0.650000,0.650000,0.422500,-0.000000
122.5700,-0.000000,0.650000,0.650000,0.422500,-0.000000
122.5800,-0.000000,0.650000,0.650000,0.422500,-0.000000
122.5900,-0.000000,0.650000,0.650000,0.422500,-0.000000
122.6000,-0.000000,0.650000,0.650000,0.422500,-0.000000
122.6100,-0.000000,0.650000,0.650000,0.422500,-0.000000
122.6200,-0.000000,0.650000,0.650000,0.422500,-0.000000
122.6300,-0.000000,0.650000,0.650000,0.422500,-0.000000
122.6400,-0.000000,0.650000,0.650000,0.422500,-0.000000
122.6500,-0.000000,0.650000,0.650000,0.422500,-0.000000
122.6600,-0.000000,0.650000,0.650000,0.422500,-0.000000
122.6700,-0.000000,0.650000,0.650000,0.422500,-0.000000
122.6800,-0.000000,0.650000,0.650000,0.422500,-0.000000
122.6900,-0.000000,0.650000,0.650000,0.422500,-0.000000
122.7000,-0.000000,0.650000,0.650000,0.422500,-0.000000
122.7100,-0.000000,0.650000,0.650000,0.422500,-0.000000
122.7200,-0.000000,0.650000,0.650000,0.422500,-0.000000
122.7300,-0.000000,0.650000,0.650000,0.422500,-0.000000
122.7400,-0.000000,0.650000,0.650000,0.422500,-0.000000
122.7500,-0.000000,0.650000,0.650000,0.422500,-0.000000
122.7600,-0.000000,0.650000,0.650000,0.422500,-0.000000
122.7700,-0.000000,0.650000,0.650000,0.422500,-0.000000
122.7800,-0.000000,0.650000,0.650000,0.422500,-0.000000
122.7900,-0.000000,0.650000,0.650000,0.422500,-0.000000
122.8000,-0.000000,0.650000,0.650000,0.422500,-0.000000
122.8100,-0.000000,0.650000,0.650000,0.422500,-0.000000
122.8200,-0.000000,0.650000,0.650000,0.422500,-0.000000
122.8300,-0.000000,0.650000,0.650000,0.422500,-0.000000
122.8400,-0.000000,0.650000,0.650000,0.422500,-0.000000
122.8500,-0.000000,0.650000,0.650000,0.422500,0.000000
122.8600,0.000000,0.650000,0.650000,0.422500,0.000000
122.8700,0.000000,0.650000,0.650000,0.422500,0.000000
122.8800,0.000000,0.650000,0.650000,0.422500,0.000000
122.8900,0.000000,0.650000,0.650000,0.422500,0.000000
122.9000,0.000000,0.650000,0.650000,0.422500,0.000000
122.9100,0.000000,0.650000,0.650000,0.422500,0.000000
122.9200,0.000000,0.650000,0.650000,0.422500,0.000000
122.9300,0.000000,0.650000,0.650000,0.422500,0.000000
122.9400,0.000000,0.650000,0.650000,0.422500,0.000000
122.9500,0.000000,0.650000,0.650000,0.422500,0.000000
122.9600,0.000000,0.650000,0.650000,0.422500,0.000000
122.9700,0.000000,0.650000,0.650000,0.422500,0.000000
122.9800,0.000000,0.650000,0.650000,0.422500,0.000000
122.9900,0.000000,0.650000,0.650000,0.422500,0.000000
123.0000,0.000000,0.650000,0.650000,0.422500,0.000000
123.0100,0.000000,0.650000,0.650000,0.422500,0.000000
123.0200,0.000000,0.650000,0.650000,0.422500,0.000000
123.0300,0.000000,0.650000,0.650000,0.422500,0.000000
123.0400,0.000000,0.650000,0.650000,0.422500,0.000000
123.0500,0.000000,0.650000,0.650000,0.422500,0.000000
123.0600,0.000000,0.650000,0.650000,0.422500,0.000000
123.0700,0.000000,0.650000,0.650000,0.422500,0.000000
123.0800,0.000000,0.650000,0.650000,0.422500,0.000000
123.0900,0.000000,0.650000,0.650000,0.422500,0.000000
123.1000,0.000000,0.650000,0.650000,0.422500,0.000000
123.1100,0.000000,0.650000,0.650000,0.422500,0.000000
123.1200,0.000000,0.650000,0.650000,0.422500,0.000000
123.1300,0.000000,0.650000,0.650000,0.422500,0.000000
123.1400,0.000000,0.650000,0.650000,0.422500,0.000000
123.1500,0.000000,0.650000,0.650000,0.422500,0.000000
123.1600,0.000000,0.650000,0.650000,0.422500,0.000000
123.1700,0.000000,0.650000,0.650000,0.422500,0.000000
123.1800,0.000000,0.650000,0.650000,0.422500,0.000000
123.1900,0.000000,0.650000,0.650000,0.422500,0.000000
123.2000,0.000000,0.650000,0.650000,0.422500,0.000000
123.2100,0.000000,0.650000,0.650000,0.422500,0.000000
123.2200,0.000000,0.650000,0.650000,0.422500,0.000000
123.2300,0.000000,0.650000,0.650000,0.422500,0.000000
123.2400,0.000000,0.650000,0.650000,0.422500,0.000000
123.2500,0.000000,0.650000,0.650000,0.422500,0.000000
123.2600,0.000000,0.650000,0.650000,0.422500,0.000000
123.2700,0.000000,0.650000,0.650000,0.422500,0.000000
123.2800,0.000000,0.650000,0.650000,0.422500,0.000000
123.2900,0.000000,0.650000,0.650000,0.422500,0.000000
123.3000,0.000000,0.650000,0.650000,0.422500,0.000000
123.3100,0.000000,0.650000,0.650000,0.422500,0.000000
123.3200,0.000000,0.650000,0.650000,0.422500,0.000000
123.3300,0.000000,0.650000,0.650000,0.422500,0.000000
123.3400,0.000000,0.650000,0.650000,0.422500,0.000000
123.3500,0.000000,0.650000,0.650000,0.422500,0.000000
123.3600,0.000000,0.650000,0.650000,0.422500,0.000000
123.3700,0.000000,0.650000,0.650000,0.422500,0.000000
123.3800,0.000000,0.650000,0.650000,0.422500,0.000000
123.3900,0.000000,0.650000,0.650000,0.422500,0.000000
123.4000,0.000000,0.650000,0.650000,0.422500,0.000000
123.4100,0.000000,0.650000,0.650000,0.422500,0.000000
123.4200,0.000000,0.650000,0.650000,0.422500,0.000000
123.4300,0.000000,0.650000,0.650000,0.422500,0.000000
123.4400,0.000000,0.650000,0.650000,0.422500,0.000000
123.4500,0.000000,0.650000,0.650000,0.422500,0.000000
123.4600,0.000000,0.650000,0.650000,0.422500,0.000000
123.4700,0.000000,0.650000,0.650000,0.422500,0.000000
123.4800,0.000000,0.650000,0.650000,0.422500,0.000000
123.4900,0.000000,0.650000,0.650000,0.422500,0.000000
123.5000,0.000000,0.650000,0.650000,0.422500,0.000000
123.5100,0.000000,0.650000,0.650000,0.422500,0.000000
123.5200,0.000000,0.650000,0.650000,0.422500,0.000000
123.5300,0.000000,0.650000,0.650000,0.422500,0.000000
123.5400,0.000000,0.650000,0.650000,0.422500,0.000000
123.5500,0.000000,0.650000,0.650000,0.422500,0.000000
123.5600,0.000000,0.650000,0.650000,0.422500,-0.000000
123.5700,0.000000,0.650000,0.650000,0.422500,-0.000000
123.5800,0.000000,0.650000,0.650000,0.422500,-0.000000
123.5900,0.000000,0.650000,0.650000,0.422500,-0.000000
123.6000,0.000000,0.650000,0.650000,0.422500,-0.000000
123.6100,0.000000,0.650000,0.650000,0.422500,-0.000000
123.6200,0.000000,0.650000,0.650000,0.422500,-0.000000
123.6300,-0.000000,0.650000,0.650000,0.422500,-0.000000
123.6400,-0.000000,0.650000,0.650000,0.422500,-0.000000
123.6500,-0.000000,0.650000,0.650000,0.422500,-0.000000
123.6600,-0.000000,0.650000,0.650000,0.422500,-0.000000
123.6700,-0.000000,0.650000,0.650000,0.422500,-0.000000
123.6800,-0.000000,0.650000,0.650000,0.422500,-0.000000
123.6900,-0.000000,0.650000,0.650000,0.422500,-0.000000
123.7000,-0.000000,0.650000,0.650000,0.422500,-0.000000
123.7100,-0.000000,0.650000,0.650000,0.422500,-0.000000
123.7200,-0.000000,0.650000,0.650000,0.422500,-0.000000
123.7300,-0.000000,0.650000,0.650000,0.422500,-0.000000
123.7400,-0.000000,0.650000,0.650000,0.422500,-0.000000
123.7500,-0.000000,0.650000,0.650000,0.422500,-0.000000
123.7600,-0.000000,0.650000,0.650000,0.422500,-0.000000
123.7700,-0.000000,0.650000,0.650000,0.422500,-0.000000
123.7800,-0.000000,0.650000,0.650000,0.422500,-0.000000
123.7900,-0.000000,0.650000,0.650000,0.422500,-0.000000
123.8000,-0.000000,0.650000,0.650000,0.422500,-0.000000
123.8100,-0.000000,0.650000,0.650000,0.422500,-0.000000
123.8200,-0.000000,0.650000,0.650000,0.422500,-0.000000
123.8300,-0.000000,0.650000,0.650000,0.422500,-0.000000
123.8400,-0.000000,0.650000,0.650000,0.422500,-0.000000
123.8500,-0.000000,0.650000,0.650000,0.422500,-0.000000
123.8600,-0.000000,0.650000,0.650000,0.422500,-0.000000
123.8700,-0.000000,0.650000,0.650000,0.422500,-0.000000
123.8800,-0.000000,0.650000,0.650000,0.422500,-0.000000
123.8900,-0.000000,0.650000,0.650000,0.422500,-0.000000
123.9000,-0.000000,0.650000,0.650000,0.422500,-0.000000
123.9100,-0.000000,0.650000,0.650000,0.422500,-0.000000
123.9200,-0.000000,0.650000,0.650000,0.422500,-0.000000
123.9300,-0.000000,0.650000,0.650000,0.422500,-0.000000
123.9400,-0.000000,0.650000,0.650000,0.422500,-0.000000
123.9500,-0.000000,0.650000,0.650000,0.422500,-0.000000
123.9600,-0.000000,0.650000,0.650000,0.422500,-0.000000
123.9700,-0.000000,0.650000,0.650000,0.422500,-0.000000
123.9800,-0.000000,0.650000,0.650000,0.422500,-0.000000
123.9900,-0.000000,0.650000,0.650000,0.422500,-0.000000
124.0000,-0.000000,0.650000,0.650000,0.422500,-0.000000
124.0100,-0.000000,0.650000,0.650000,0.422500,-0.000000
124.0200,-0.000000,0.650000,0.650000,0.422500,-0.000000
124.0300,-0.000000,0.650000,0.650000,0.422500,-0.000000
124.0400,-0.000000,0.650000,0.650000,0.422500,-0.000000
124.0500,-0.000000,0.650000,0.650000,0.422500,-0.000000
124.0600,-0.000000,0.650000,0.650000,0.422500,-0.000000
124.0700,-0.000000,0.650000,0.650000,0.422500,-0.000000
124.0800,-0.000000,0.650000,0.650000,0.422500,-0.000000
124.0900,-0.000000,0.650000,0.650000,0.422500,-0.000000
124.1000,-0.000000,0.650000,0.650000,0.422500,-0.000000
124.1100,-0.000000,0.650000,0.650000,0.422500,-0.000000
124.1200,-0.000000,0.650000,0.650000,0.422500,-0.000000
124.1300,-0.000000,0.650000,0.650000,0.422500,-0.000000
124.1400,-0.000000,0.650000,0.650000,0.422500,-0.000000
124.1500,-0.000000,0.650000,0.650000,0.422500,-0.000000
124.1600,-0.000000,0.650000,0.650000,0.422500,-0.000000
124.1700,-0.000000,0.650000,0.650000,0.422500,-0.000000
124.1800,-0.000000,0.650000,0.650000,0.422500,-0.000000
124.1900,-0.000000,0.650000,0.650000,0.422500,-0.000000
124.2000,-0.000000,0.650000,0.650000,0.422500,-0.000000
124.2100,-0.000000,0.650000,0.650000,0.422500,-0.000000
124.2200,-0.000000,0.650000,0.650000,0.422500,-0.000000
124.2300,-0.000000,0.650000,0.650000,0.422500,-0.000000
124.2400,-0.000000,0.650000,0.650000,0.422500,-0.000000
124.2500,-0.000000,0.650000,0.650000,0.422500,-0.000000
124.2600,0.000000,0.650000,0.650000,0.422500,0.000000
124.2700,0.000000,0.650000,0.650000,0.422500,0.000000
124.2800,0.000000,0.650000,0.650000,0.422500,0.000000
124.2900,0.000000,0.650000,0.650000,0.422500,0.000000
124.3000,0.000000,0.650000,0.650000,0.422500,0.000000
124.3100,0.000000,0.650000,0.650000,0.422500,0.000000
124.3200,0.000000,0.650000,0.650000,0.422500,0.000000
124.3300,0.000000,0.650000,0.650000,0.422500,0.000000
124.3400,0.000000,0.650000,0.650000,0.422500,0.000000
124.3500,0.000000,0.650000,0.650000,0.422500,0.000000
124.3600,0.000000,0.650000,0.650000,0.422500,0.000000
124.3700,0.000000,0.650000,0.650000,0.422500,0.000000
124.3800,0.000000,0.650000,0.650000,0.422500,0.000000
124.3900,0.000000,0.650000,0.650000,0.422500,0.000000
124.4000,0.000000,0.650000,0.650000,0.422500,0.000000
124.4100,0.000000,0.650000,0.650000,0.422500,0.000000
124.4200,0.000000,0.650000,0.650000,0.422500,0.000000
124.4300,0.000000,0.650000,0.650000,0.422500,0.000000
124.4400,0.000000,0.650000,0.650000,0.422500,0.000000
124.4500,0.000000,0.650000,0.650000,0.422500,0.000000
124.4600,0.000000,0.650000,0.650000,0.422500,0.000000
124.4700,0.000000,0.650000,0.650000,0.422500,0.000000
124.4800,0.000000,0.650000,0.650000,0.422500,0.000000
124.4900,0.000000,0.650000,0.650000,0.422500,0.000000
124.5000,0.000000,0.650000,0.650000,0.422500,0.000000
124.5100,0.000000,0.650000,0.650000,0.422500,0.000000
124.5200,0.000000,0.650000,0.650000,0.422500,0.000000
124.5300,0.000000,0.650000,0.650000,0.422500,0.000000
124.5400,0.000000,0.650000,0.650000,0.422500,0.000000
124.5500,0.000000,0.650000,0.650000,0.422500,0.000000
124.5600,0.000000,0.650000,0.650000,0.422500,0.000000
124.5700,0.000000,0.650000,0.650000,0.422500,0.000000
124.5800,0.000000,0.650000,0.650000,0.422500,0.000000
124.5900,0.000000,0.650000,0.650000,0.422500,0.000000
124.6000,0.000000,0.650000,0.650000,0.422500,0.000000
124.6100,0.000000,0.650000,0.650000,0.422500,0.000000
124.6200,0.000000,0.650000,0.650000,0.422500,0.000000
124.6300,0.000000,0.650000,0.650000,0.422500,0.000000
124.6400,0.000000,0.650000,0.650000,0.422500,0.000000
124.6500,0.000000,0.650000,0.650000,0.422500,0.000000
124.6600,0.000000,0.650000,0.650000,0.422500,0.000000
124.6700,0.000000,0.650000,0.650000,0.422500,0.000000
124.6800,0.000000,0.650000,0.650000,0.422500,0.000000
124.6900,0.000000,0.650000,0.650000,0.422500,0.000000
124.7000,0.000000,0.650000,0.650000,0.422500,0.000000
124.7100,0.000000,0.650000,0.650000,0.422500,0.000000
124.7200,0.000000,0.650000,0.650000,0.422500,0.000000
124.7300,0.000000,0.650000,0.650000,0.422500,0.000000
124.7400,0.000000,0.650000,0.650000,0.422500,0.000000
124.7500,0.000000,0.650000,0.650000,0.422500,0.000000
124.7600,0.000000,0.650000,0.650000,0.422500,0.000000
124.7700,0.000000,0.650000,0.650000,0.422500,0.000000
124.7800,0.000000,0.650000,0.650000,0.422500,0.000000
124.7900,0.000000,0.650000,0.650000,0.422500,0.000000
124.8000,0.000000,0.650000,0.650000,0.422500,0.000000
124.8100,0.000000,0.650000,0.650000,0.422500,0.000000
124.8200,0.000000,0.650000,0.650000,0.422500,0.000000
124.8300,0.000000,0.650000,0.650000,0.422500,0.000000
124.8400,0.000000,0.650000,0.650000,0.422500,0.000000
124.8500,0.000000,0.650000,0.650000,0.422500,0.000000
124.8600,0.000000,0.650000,0.650000,0.422500,0.000000
124.8700,0.000000,0.650000,0.650000,0.422500,0.000000
124.8800,0.000000,0.650000,0.650000,0.422500,0.000000
124.8900,0.000000,0.650000,0.650000,0.422500,0.000000
124.9000,0.000000,0.650000,0.650000,0.422500,0.000000
124.9100,0.000000,0.650000,0.650000,0.422500,0.000000
124.9200,0.000000,0.650000,0.650000,0.422500,0.000000
124.9300,0.000000,0.650000,0.650000,0.422500,0.000000
124.9400,0.000000,0.650000,0.650000,0.422500,0.000000
124.9500,0.000000,0.650000,0.650000,0.422500,0.000000
124.9600,0.000000,0.650000,0.650000,0.422500,-0.000000
124.9700,0.000000,0.650000,0.650000,0.422500,-0.000000
124.9800,0.000000,0.650000,0.650000,0.422500,-0.000000
124.9900,0.000000,0.650000,0.650000,0.422500,-0.000000
125.0000,0.000000,0.650000,0.650000,0.422500,-0.000000
125.0100,0.000000,0.650000,0.650000,0.422500,-0.000000
125.0200,0.000000,0.650000,0.650000,0.422500,-0.000000
125.0300,-0.000000,0.650000,0.650000,0.422500,-0.000000
125.0400,-0.000000,0.650000,0.650000,0.422500,-0.000000
125.0500,-0.000000,0.650000,0.650000,0.422500,-0.000000
125.0600,-0.000000,0.650000,0.650000,0.422500,-0.000000
125.0700,-0.000000,0.650000,0.650000,0.422500,-0.000000
125.0800,-0.000000,0.650000,0.650000,0.422500,-0.000000
125.0900,-0.000000,0.650000,0.650000,0.422500,-0.000000
125.1000,-0.000000,0.650000,0.650000,0.422500,-0.000000
125.1100,-0.000000,0.650000,0.650000,0.422500,-0.000000
125.1200,-0.000000,0.650000,0.650000,0.422500,-0.000000
125.1300,-0.000000,0.650000,0.650000,0.422500,-0.000000
125.1400,-0.000000,0.650000,0.650000,0.422500,-0.000000
125.1500,-0.000000,0.650000,0.650000,0.422500,-0.000000
125.1600,-0.000000,0.650000,0.650000,0.422500,-0.000000
125.1700,-0.000000,0.650000,0.650000,0.422500,-0.000000
125.1800,-0.000000,0.650000,0.650000,0.422500,-0.000000
125.1900,-0.000000,0.650000,0.650000,0.422500,-0.000000
125.2000,-0.000000,0.650000,0.650000,0.422500,-0.000000
125.2100,-0.000000,0.650000,0.650000,0.422500,-0.000000
125.2200,-0.000000,0.650000,0.650000,0.422500,-0.000000
125.2300,-0.000000,0.650000,0.650000,0.422500,-0.000000
125.2400,-0.000000,0.650000,0.650000,0.422500,-0.000000
125.2500,-0.000000,0.650000,0.650000,0.422500,-0.000000
125.2600,-0.000000,0.650000,0.650000,0.422500,-0.000000
125.2700,-0.000000,0.650000,0.650000,0.422500,-0.000000
125.2800,-0.000000,0.650000,0.650000,0.422500,-0.000000
125.2900,-0.000000,0.650000,0.650000,0.422500,-0.000000
125.3000,-0.000000,0.650000,0.650000,0.422500,-0.000000
125.3100,-0.000000,0.650000,0.650000,0.422500,-0.000000
125.3200,-0.000000,0.650000,0.650000,0.422500,-0.000000
125.3300,-0.000000,0.650000,0.650000,0.422500,-0.000000
125.3400,-0.000000,0.650000,0.650000,0.422500,-0.000000
125.3500,-0.000000,0.650000,0.650000,0.422500,-0.000000
125.3600,-0.000000,0.650000,0.650000,0.422500,-0.000000
125.3700,-0.000000,0.650000,0.650000,0.422500,-0.000000
125.3800,-0.000000,0.650000,0.650000,0.422500,-0.000000
125.3900,-0.000000,0.650000,0.650000,0.422500,-0.000000
125.4000,-0.000000,0.650000,0.650000,0.422500,-0.000000
125.4100,-0.000000,0.650000,0.650000,0.422500,-0.000000
125.4200,-0.000000,0.650000,0.650000,0.422500,-0.000000
125.4300,-0.000000,0.650000,0.650000,0.422500,-0.000000
125.4400,-0.000000,0.650000,0.650000,0.422500,-0.000000
125.4500,-0.000000,0.650000,0.650000,0.422500,-0.000000
125.4600,-0.000000,0.650000,0.650000,0.422500,-0.000000
125.4700,-0.000000,0.650000,0.650000,0.422500,-0.000000
125.4800,-0.000000,0.650000,0.650000,0.422500,-0.000000
125.4900,-0.000000,0.650000,0.650000,0.422500,-0.000000
125.5000,-0.000000,0.650000,0.650000,0.422500,-0.000000
125.5100,-0.000000,0.650000,0.650000,0.422500,-0.000000
125.5200,-0.000000,0.650000,0.650000,0.422500,-0.000000
125.5300,-0.000000,0.650000,0.650000,0.422500,-0.000000
125.5400,-0.000000,0.650000,0.650000,0.422500,-0.000000
125.5500,-0.000000,0.650000,0.650000,0.422500,-0.000000
125.5600,-0.000000,0.650000,0.650000,0.422500,-0.000000
125.5700,-0.000000,0.650000,0.650000,0.422500,-0.000000
125.5800,-0.000000,0.650000,0.650000,0.422500,-0.000000
125.5900,-0.000000,0.650000,0.650000,0.422500,-0.000000
125.6000,-0.000000,0.650000,0.650000,0.422500,-0.000000
125.6100,-0.000000,0.650000,0.650000,0.422500,-0.000000
125.6200,-0.000000,0.650000,0.650000,0.422500,-0.000000
125.6300,-0.000000,0.650000,0.650000,0.422500,-0.000000
125.6400,-0.000000,0.650000,0.650000,0.422500,-0.000000
125.6500,-0.000000,0.650000,0.650000,0.422500,-0.000000
125.6600,0.000000,0.650000,0.650000,0.422500,0.000000
125.6700,0.000000,0.650000,0.650000,0.422500,0.000000
125.6800,0.000000,0.650000,0.650000,0.422500,0.000000
125.6900,0.000000,0.650000,0.650000,0.422500,0.000000
125.7000,0.000000,0.650000,0.650000,0.422500,0.000000
125.7100,0.000000,0.650000,0.650000,0.422500,0.000000
125.7200,0.000000,0.650000,0.650000,0.422500,0.000000
125.7300,0.000000,0.650000,0.650000,0.422500,0.000000
125.7400,0.000000,0.650000,0.650000,0.422500,0.000000
125.7500,0.000000,0.650000,0.650000,0.422500,0.000000
125.7600,0.000000,0.650000,0.650000,0.422500,0.000000
125.7700,0.000000,0.650000,0.650000,0.422500,0.000000
125.7800,0.000000,0.650000,0.650000,0.422500,0.000000
125.7900,0.000000,0.650000,0.650000,0.422500,0.000000
125.8000,0.000000,0.650000,0.650000,0.422500,0.000000
125.8100,0.000000,0.650000,0.650000,0.422500,0.000000
125.8200,0.000000,0.650000,0.650000,0.422500,0.000000
125.8300,0.000000,0.650000,0.650000,0.422500,0.000000
125.8400,0.000000,0.650000,0.650000,0.422500,0.000000
125.8500,0.000000,0.650000,0.650000,0.422500,0.000000
125.8600,0.000000,0.650000,0.650000,0.422500,0.000000
125.8700,0.000000,0.650000,0.650000,0.422500,0.000000
125.8800,0.000000,0.650000,0.650000,0.422500,0.000000
125.8900,0.000000,0.650000,0.650000,0.422500,0.000000
125.9000,0.000000,0.650000,0.650000,0.422500,0.000000
125.9100,0.000000,0.650000,0.650000,0.422500,0.000000
125.9200,0.000000,0.650000,0.650000,0.422500,0.000000
125.9300,0.000000,0.650000,0.650000,0.422500,0.000000
125.9400,0.000000,0.650000,0.650000,0.422500,0.000000
125.9500,0.000000,0.650000,0.650000,0.422500,0.000000
125.9600,0.000000,0.650000,0.650000,0.422500,0.000000
125.9700,0.000000,0.650000,0.650000,0.422500,0.000000
125.9800,0.000000,0.650000,0.650000,0.422500,0.000000
125.9900,0.000000,0.650000,0.650000,0.422500,0.000000
126.0000,0.000000,0.650000,0.650000,0.422500,0.000000
126.0100,0.000000,0.650000,0.650000,0.422500,0.000000
126.0200,0.000000,0.650000,0.650000,0.422500,0.000000
126.0300,0.000000,0.650000,0.650000,0.422500,0.000000
126.0400,0.000000,0.650000,0.650000,0.422500,0.000000
126.0500,0.000000,0.650000,0.650000,0.422500,0.000000
126.0600,0.000000,0.650000,0.650000,0.422500,0.000000
126.0700,0.000000,0.650000,0.650000,0.422500,0.000000
126.0800,0.000000,0.650000,0.650000,0.422500,0.000000
126.0900,0.000000,0.650000,0.650000,0.422500,0.000000
126.1000,0.000000,0.650000,0.650000,0.422500,0.000000
126.1100,0.000000,0.650000,0.650000,0.422500,0.000000
126.1200,0.000000,0.650000,0.650000,0.422500,0.000000
126.1300,0.000000,0.650000,0.650000,0.422500,0.000000
126.1400,0.000000,0.650000,0.650000,0.422500,0.000000
126.1500,0.000000,0.650000,0.650000,0.422500,0.000000
126.1600,0.000000,0.650000,0.650000,0.422500,0.000000
126.1700,0.000000,0.650000,0.650000,0.422500,0.000000
126.1800,0.000000,0.650000,0.650000,0.422500,0.000000
126.1900,0.000000,0.650000,0.650000,0.422500,0.000000
126.2000,0.000000,0.650000,0.650000,0.422500,0.000000
126.2100,0.000000,0.650000,0.650000,0.422500,0.000000
126.2200,0.000000,0.650000,0.650000,0.422500,0.000000
126.2300,0.000000,0.650000,0.650000,0.422500,0.000000
126.2400,0.000000,0.650000,0.650000,0.422500,0.000000
126.2500,0.000000,0.650000,0.650000,0.422500,0.000000
126.2600,0.000000,0.650000,0.650000,0.422500,0.000000
126.2700,0.000000,0.650000,0.650000,0.422500,0.000000
126.2800,0.000000,0.650000,0.650000,0.422500,0.000000
126.2900,0.000000,0.650000,0.650000,0.422500,0.000000
126.3000,0.000000,0.650000,0.650000,0.422500,0.000000
126.3100,0.000000,0.650000,0.650000,0.422500,0.000000
126.3200,0.000000,0.650000,0.650000,0.422500,0.000000
126.3300,0.000000,0.650000,0.650000,0.422500,0.000000
126.3400,0.000000,0.650000,0.650000,0.422500,0.000000
126.3500,0.000000,0.650000,0.650000,0.422500,0.000000
126.3600,0.000000,0.650000,0.650000,0.422500,-0.000000
126.3700,0.000000,0.650000,0.650000,0.422500,-0.000000
126.3800,0.000000,0.650000,0.650000,0.422500,-0.000000
126.3900,0.000000,0.650000,0.650000,0.422500,-0.000000
126.4000,0.000000,0.650000,0.650000,0.422500,-0.000000
126.4100,0.000000,0.650000,0.650000,0.422500,-0.000000
126.4200,0.000000,0.650000,0.650000,0.422500,-0.000000
126.4300,0.000000,0.650000,0.650000,0.422500,-0.000000
126.4400,-0.000000,0.650000,0.650000,0.422500,-0.000000
126.4500,-0.000000,0.650000,0.650000,0.422500,-0.000000
126.4600,-0.000000,0.650000,0.650000,0.422500,-0.000000
126.4700,-0.000000,0.650000,0.650000,0.422500,-0.000000
126.4800,-0.000000,0.650000,0.650000,0.422500,-0.000000
126.4900,-0.000000,0.650000,0.650000,0.422500,-0.000000
126.5000,-0.000000,0.650000,0.650000,0.422500,-0.000000
126.5100,-0.000000,0.650000,0.650000,0.422500,-0.000000
126.5200,-0.000000,0.650000,0.650000,0.422500,-0.000000
126.5300,-0.000000,0.650000,0.650000,0.422500,-0.000000
126.5400,-0.000000,0.650000,0.650000,0.422500,-0.000000
126.5500,-0.000000,0.650000,0.650000,0.422500,-0.000000
126.5600,-0.000000,0.650000,0.650000,0.422500,-0.000000
126.5700,-0.000000,0.650000,0.650000,0.422500,-0.000000
126.5800,-0.000000,0.650000,0.650000,0.422500,-0.000000
126.5900,-0.000000,0.650000,0.650000,0.422500,-0.000000
126.6000,-0.000000,0.650000,0.650000,0.422500,-0.000000
126.6100,-0.000000,0.650000,0.650000,0.422500,-0.000000
126.6200,-0.000000,0.650000,0.650000,0.422500,-0.000000
126.6300,-0.000000,0.650000,0.650000,0.422500,-0.000000
126.6400,-0.000000,0.650000,0.650000,0.422500,-0.000000
126.6500,-0.000000,0.650000,0.650000,0.422500,-0.000000
126.6600,-0.000000,0.650000,0.650000,0.422500,-0.000000
126.6700,-0.000000,0.650000,0.650000,0.422500,-0.000000
126.6800,-0.000000,0.650000,0.650000,0.422500,-0.000000
126.6900,-0.000000,0.650000,0.650000,0.422500,-0.000000
126.7000,-0.000000,0.650000,0.650000,0.422500,-0.000000
126.7100,-0.000000,0.650000,0.650000,0.422500,-0.000000
126.7200,-0.000000,0.650000,0.650000,0.422500,-0.000000
126.7300,-0.000000,0.650000,0.650000,0.422500,-0.000000
126.7400,-0.000000,0.650000,0.650000,0.422500,-0.000000
126.7500,-0.000000,0.650000,0.650000,0.422500,-0.000000
126.7600,-0.000000,0.650000,0.650000,0.422500,-0.000000
126.7700,-0.000000,0.650000,0.650000,0.422500,-0.000000
126.7800,-0.000000,0.650000,0.650000,0.422500,-0.000000
126.7900,-0.000000,0.650000,0.650000,0.422500,-0.000000
126.8000,-0.000000,0.650000,0.650000,0.422500,-0.000000
126.8100,-0.000000,0.650000,0.650000,0.422500,-0.000000
126.8200,-0.000000,0.650000,0.650000,0.422500,-0.000000
126.8300,-0.000000,0.650000,0.650000,0.422500,-0.000000
126.8400,-0.000000,0.650000,0.650000,0.422500,-0.000000
126.8500,-0.000000,0.650000,0.650000,0.422500,-0.000000
126.8600,-0.000000,0.650000,0.650000,0.422500,-0.000000
126.8700,-0.000000,0.650000,0.650000,0.422500,-0.000000
126.8800,-0.000000,0.650000,0.650000,0.422500,-0.000000
126.8900,-0.000000,0.650000,0.650000,0.422500,-0.000000
126.9000,-0.000000,0.650000,0.650000,0.422500,-0.000000
126.9100,-0.000000,0.650000,0.650000,0.422500,-0.000000
126.9200,-0.000000,0.650000,0.650000,0.422500,-0.000000
126.9300,-0.000000,0.650000,0.650000,0.422500,-0.000000
126.9400,-0.000000,0.650000,0.650000,0.422500,-0.000000
126.9500,-0.000000,0.650000,0.650000,0.422500,-0.000000
126.9600,-0.000000,0.650000,0.650000,0.422500,-0.000000
126.9700,-0.000000,0.650000,0.650000,0.422500,-0.000000
126.9800,-0.000000,0.650000,0.650000,0.422500,-0.000000
126.9900,-0.000000,0.650000,0.650000,0.422500,-0.000000
127.0000,-0.000000,0.650000,0.650000,0.422500,-0.000000
127.0100,-0.000000,0.650000,0.650000,0.422500,-0.000000
127.0200,-0.000000,0.650000,0.650000,0.422500,-0.000000
127.0300,-0.000000,0.650000,0.650000,0.422500,-0.000000
127.0400,-0.000000,0.650000,0.650000,0.422500,-0.000000
127.0500,-0.000000,0.650000,0.650000,0.422500,-0.000000
127.0600,0.000000,0.650000,0.650000,0.422500,0.000000
127.0700,0.000000,0.650000,0.650000,0.422500,0.000000
127.0800,0.000000,0.650000,0.650000,0.422500,0.000000
127.0900,0.000000,0.650000,0.650000,0.422500,0.000000
127.1000,0.000000,0.650000,0.650000,0.422500,0.000000
127.1100,0.000000,0.650000,0.650000,0.422500,0.000000
127.1200,0.000000,0.650000,0.650000,0.422500,0.000000
127.1300,0.000000,0.650000,0.650000,0.422500,0.000000
127.1400,0.000000,0.650000,0.650000,0.422500,0.000000
127.1500,0.000000,0.650000,0.650000,0.422500,0.000000
127.1600,0.000000,0.650000,0.650000,0.422500,0.000000
127.1700,0.000000,0.650000,0.650000,0.422500,0.000000
127.1800,0.000000,0.650000,0.650000,0.422500,0.000000
127.1900,0.000000,0.650000,0.650000,0.422500,0.000000
127.2000,0.000000,0.650000,0.650000,0.422500,0.000000
127.2100,0.000000,0.650000,0.650000,0.422500,0.000000
127.2200,0.000000,0.650000,0.650000,0.422500,0.000000
127.2300,0.000000,0.650000,0.650000,0.422500,0.000000
127.2400,0.000000,0.650000,0.650000,0.422500,0.000000
127.2500,0.000000,0.650000,0.650000,0.422500,0.000000
127.2600,0.000000,0.650000,0.650000,0.422500,0.000000
127.2700,0.000000,0.650000,0.650000,0.422500,0.000000
127.2800,0.000000,0.650000,0.650000,0.422500,0.000000
127.2900,0.000000,0.650000,0.650000,0.422500,0.000000
127.3000,0.000000,0.650000,0.650000,0.422500,0.000000
127.3100,0.000000,0.650000,0.650000,0.422500,0.000000
127.3200,0.000000,0.650000,0.650000,0.422500,0.000000
127.3300,0.000000,0.650000,0.650000,0.422500,0.000000
127.3400,0.000000,0.650000,0.650000,0.422500,0.000000
127.3500,0.000000,0.650000,0.650000,0.422500,0.000000
127.3600,0.000000,0.650000,0.650000,0.422500,0.000000
127.3700,0.000000,0.650000,0.650000,0.422500,0.000000
127.3800,0.000000,0.650000,0.650000,0.422500,0.000000
127.3900,0.000000,0.650000,0.650000,0.422500,0.000000
127.4000,0.000000,0.650000,0.650000,0.422500,0.000000
127.4100,0.000000,0.650000,0.650000,0.422500,0.000000
127.4200,0.000000,0.650000,0.650000,0.422500,0.000000
127.4300,0.000000,0.650000,0.650000,0.422500,0.000000
127.4400,0.000000,0.650000,0.650000,0.422500,0.000000
127.4500,0.000000,0.650000,0.650000,0.422500,0.000000
127.4600,0.000000,0.650000,0.650000,0.422500,0.000000
127.4700,0.000000,0.650000,0.650000,0.422500,0.000000
127.4800,0.000000,0.650000,0.650000,0.422500,0.000000
127.4900,0.000000,0.650000,0.650000,0.422500,0.000000
127.5000,0.000000,0.650000,0.650000,0.422500,0.000000
127.5100,0.000000,0.650000,0.650000,0.422500,0.000000
127.5200,0.000000,0.650000,0.650000,0.422500,0.000000
127.5300,0.000000,0.650000,0.650000,0.422500,0.000000
127.5400,0.000000,0.650000,0.650000,0.422500,0.000000
127.5500,0.000000,0.650000,0.650000,0.422500,0.000000
127.5600,0.000000,0.650000,0.650000,0.422500,0.000000
127.5700,0.000000,0.650000,0.650000,0.422500,0.000000
127.5800,0.000000,0.650000,0.650000,0.422500,0.000000
127.5900,0.000000,0.650000,0.650000,0.422500,0.000000
127.6000,0.000000,0.650000,0.650000,0.422500,0.000000
127.6100,0.000000,0.650000,0.650000,0.422500,0.000000
127.6200,0.000000,0.650000,0.650000,0.422500,0.000000
127.6300,0.000000,0.650000,0.650000,0.422500,0.000000
127.6400,0.000000,0.650000,0.650000,0.422500,0.000000
127.6500,0.000000,0.650000,0.650000,0.422500,0.000000
127.6600,0.000000,0.650000,0.650000,0.422500,0.000000
127.6700,0.000000,0.650000,0.650000,0.422500,0.000000
127.6800,0.000000,0.650000,0.650000,0.422500,0.000000
127.6900,0.000000,0.650000,0.650000,0.422500,0.000000
127.7000,0.000000,0.650000,0.650000,0.422500,0.000000
127.7100,0.000000,0.650000,0.650000,0.422500,0.000000
127.7200,0.000000,0.650000,0.650000,0.422500,0.000000
127.7300,0.000000,0.650000,0.650000,0.422500,0.000000
127.7400,0.000000,0.650000,0.650000,0.422500,0.000000
127.7500,0.000000,0.650000,0.650000,0.422500,0.000000
127.7600,0.000000,0.650000,0.650000,0.422500,0.000000
127.7700,0.000000,0.650000,0.650000,0.422500,-0.000000
127.7800,0.000000,0.650000,0.650000,0.422500,-0.000000
127.7900,0.000000,0.650000,0.650000,0.422500,-0.000000
127.8000,0.000000,0.650000,0.650000,0.422500,-0.000000
127.8100,0.000000,0.650000,0.650000,0.422500,-0.000000
127.8200,0.000000,0.650000,0.650000,0.422500,-0.000000
127.8300,0.000000,0.650000,0.650000,0.422500,-0.000000
127.8400,-0.000000,0.650000,0.650000,0.422500,-0.000000
127.8500,-0.000000,0.650000,0.650000,0.422500,-0.000000
127.8600,-0.000000,0.650000,0.650000,0.422500,-0.000000
127.8700,-0.000000,0.650000,0.650000,0.422500,-0.000000
127.8800,-0.000000,0.650000,0.650000,0.422500,-0.000000
127.8900,-0.000000,0.650000,0.650000,0.422500,-0.000000
127.9000,-0.000000,0.650000,0.650000,0.422500,-0.000000
127.9100,-0.000000,0.650000,0.650000,0.422500,-0.000000
127.9200,-0.000000,0.650000,0.650000,0.422500,-0.000000
127.9300,-0.000000,0.650000,0.650000,0.422500,-0.000000
127.9400,-0.000000,0.650000,0.650000,0.422500,-0.000000
127.9500,-0.000000,0.650000,0.650000,0.422500,-0.000000
127.9600,-0.000000,0.650000,0.650000,0.422500,-0.000000
127.9700,-0.000000,0.650000,0.650000,0.422500,-0.000000
127.9800,-0.000000,0.650000,0.650000,0.422500,-0.000000
127.9900,-0.000000,0.650000,0.650000,0.422500,-0.000000
128.0000,-0.000000,0.650000,0.650000,0.422500,-0.000000
128.0100,-0.000000,0.650000,0.650000,0.422500,-0.000000
128.0200,-0.000000,0.650000,0.650000,0.422500,-0.000000
128.0300,-0.000000,0.650000,0.650000,0.422500,-0.000000
128.0400,-0.000000,0.650000,0.650000,0.422500,-0.000000
128.0500,-0.000000,0.650000,0.650000,0.422500,-0.000000
128.0600,-0.000000,0.650000,0.650000,0.422500,-0.000000
128.0700,-0.000000,0.650000,0.650000,0.422500,-0.000000
128.0800,-0.000000,0.650000,0.650000,0.422500,-0.000000
128.0900,-0.000000,0.650000,0.650000,0.422500,-0.000000
128.1000,-0.000000,0.650000,0.650000,0.422500,-0.000000
128.1100,-0.000000,0.650000,0.650000,0.422500,-0.000000
128.1200,-0.000000,0.650000,0.650000,0.422500,-0.000000
128.1300,-0.000000,0.650000,0.650000,0.422500,-0.000000
128.1400,-0.000000,0.650000,0.650000,0.422500,-0.000000
128.1500,-0.000000,0.650000,0.650000,0.422500,-0.000000
128.1600,-0.000000,0.650000,0.650000,0.422500,-0.000000
128.1700,-0.000000,0.650000,0.650000,0.422500,-0.000000
128.1800,-0.000000,0.650000,0.650000,0.422500,-0.000000
128.1900,-0.000000,0.650000,0.650000,0.422500,-0.000000
128.2000,-0.000000,0.650000,0.650000,0.422500,-0.000000
128.2100,-0.000000,0.650000,0.650000,0.422500,-0.000000
128.2200,-0.000000,0.650000,0.650000,0.422500,-0.000000
128.2300,-0.000000,0.650000,0.650000,0.422500,-0.000000
128.2400,-0.000000,0.650000,0.650000,0.422500,-0.000000
128.2500,-0.000000,0.650000,0.650000,0.422500,-0.000000
128.2600,-0.000000,0.650000,0.650000,0.422500,-0.000000
128.2700,-0.000000,0.650000,0.650000,0.422500,-0.000000
128.2800,-0.000000,0.650000,0.650000,0.422500,-0.000000
128.2900,-0.000000,0.650000,0.650000,0.422500,-0.000000
128.3000,-0.000000,0.650000,0.650000,0.422500,-0.000000
128.3100,-0.000000,0.650000,0.650000,0.422500,-0.000000
128.3200,-0.000000,0.650000,0.650000,0.422500,-0.000000
128.3300,-0.000000,0.650000,0.650000,0.422500,-0.000000
128.3400,-0.000000,0.650000,0.650000,0.422500,-0.000000
128.3500,-0.000000,0.650000,0.650000,0.422500,-0.000000
128.3600,-0.000000,0.650000,0.650000,0.422500,-0.000000
128.3700,-0.000000,0.650000,0.650000,0.422500,-0.000000
128.3800,-0.000000,0.650000,0.650000,0.422500,-0.000000
128.3900,-0.000000,0.650000,0.650000,0.422500,-0.000000
128.4000,-0.000000,0.650000,0.650000,0.422500,-0.000000
128.4100,-0.000000,0.650000,0.650000,0.422500,-0.000000
128.4200,-0.000000,0.650000,0.650000,0.422500,-0.000000
128.4300,-0.000000,0.650000,0.650000,0.422500,-0.000000
128.4400,-0.000000,0.650000,0.650000,0.422500,-0.000000
128.4500,-0.000000,0.650000,0.650000,0.422500,-0.000000
128.4600,-0.000000,0.650000,0.650000,0.422500,-0.000000
128.4700,0.000000,0.650000,0.650000,0.422500,0.000000
128.4800,0.000000,0.650000,0.650000,0.422500,0.000000
128.4900,0.000000,0.650000,0.650000,0.422500,0.000000
128.5000,0.000000,0.650000,0.650000,0.422500,0.000000
128.5100,0.000000,0.650000,0.650000,0.422500,0.000000
128.5200,0.000000,0.650000,0.650000,0.422500,0.000000
128.5300,0.000000,0.650000,0.650000,0.422500,0.000000
128.5400,0.000000,0.650000,0.650000,0.422500,0.000000
128.5500,0.000000,0.650000,0.650000,0.422500,0.000000
128.5600,0.000000,0.650000,0.650000,0.422500,0.000000
128.5700,0.000000,0.650000,0.650000,0.422500,0.000000
128.5800,0.000000,0.650000,0.650000,0.422500,0.000000
128.5900,0.000000,0.650000,0.650000,0.422500,0.000000
128.6000,0.000000,0.650000,0.650000,0.422500,0.000000
128.6100,0.000000,0.650000,0.650000,0.422500,0.000000
128.6200,0.000000,0.650000,0.650000,0.422500,0.000000
128.6300,0.000000,0.650000,0.650000,0.422500,0.000000
128.6400,0.000000,0.650000,0.650000,0.422500,0.000000
128.6500,0.000000,0.650000,0.650000,0.422500,0.000000
128.6600,0.000000,0.650000,0.650000,0.422500,0.000000
128.6700,0.000000,0.650000,0.650000,0.422500,0.000000
128.6800,0.000000,0.650000,0.650000,0.422500,0.000000
128.6900,0.000000,0.650000,0.650000,0.422500,0.000000
128.7000,0.000000,0.650000,0.650000,0.422500,0.000000
128.7100,0.000000,0.650000,0.650000,0.422500,0.000000
128.7200,0.000000,0.650000,0.650000,0.422500,0.000000
128.7300,0.000000,0.650000,0.650000,0.422500,0.000000
128.7400,0.000000,0.650000,0.650000,0.422500,0.000000
128.7500,0.000000,0.650000,0.650000,0.422500,0.000000
128.7600,0.000000,0.650000,0.650000,0.422500,0.000000
128.7700,0.000000,0.650000,0.650000,0.422500,0.000000
128.7800,0.000000,0.650000,0.650000,0.422500,0.000000
128.7900,0.000000,0.650000,0.650000,0.422500,0.000000
128.8000,0.000000,0.650000,0.650000,0.422500,0.000000
128.8100,0.000000,0.650000,0.650000,0.422500,0.000000
128.8200,0.000000,0.650000,0.650000,0.422500,0.000000
128.8300,0.000000,0.650000,0.650000,0.422500,0.000000
128.8400,0.000000,0.650000,0.650000,0.422500,0.000000
128.8500,0.000000,0.650000,0.650000,0.422500,0.000000
128.8600,0.000000,0.650000,0.650000,0.422500,0.000000
128.8700,0.000000,0.650000,0.650000,0.422500,0.000000
128.8800,0.000000,0.650000,0.650000,0.422500,0.000000
128.8900,0.000000,0.650000,0.650000,0.422500,0.000000
128.9000,0.000000,0.650000,0.650000,0.422500,0.000000
128.9100,0.000000,0.650000,0.650000,0.422500,0.000000
128.9200,0.000000,0.650000,0.650000,0.422500,0.000000
128.9300,0.000000,0.650000,0.650000,0.422500,0.000000
128.9400,0.000000,0.650000,0.650000,0.422500,0.000000
128.9500,0.000000,0.650000,0.650000,0.422500,0.000000
128.9600,0.000000,0.650000,0.650000,0.422500,0.000000
128.9700,0.000000,0.650000,0.650000,0.422500,0.000000
128.9800,0.000000,0.650000,0.650000,0.422500,0.000000
128.9900,0.000000,0.650000,0.650000,0.422500,0.000000
129.0000,0.000000,0.650000,0.650000,0.422500,0.000000
129.0100,0.000000,0.650000,0.650000,0.422500,0.000000
129.0200,0.000000,0.650000,0.650000,0.422500,0.000000
129.0300,0.000000,0.650000,0.650000,0.422500,0.000000
129.0400,0.000000,0.650000,0.650000,0.422500,0.000000
129.0500,0.000000,0.650000,0.650000,0.422500,0.000000
129.0600,0.000000,0.650000,0.650000,0.422500,0.000000
129.0700,0.000000,0.650000,0.650000,0.422500,0.000000
129.0800,0.000000,0.650000,0.650000,0.422500,0.000000
129.0900,0.000000,0.650000,0.650000,0.422500,0.000000
129.1000,0.000000,0.650000,0.650000,0.422500,0.000000
129.1100,0.000000,0.650000,0.650000,0.422500,0.000000
129.1200,0.000000,0.650000,0.650000,0.422500,0.000000
129.1300,0.000000,0.650000,0.650000,0.422500,0.000000
129.1400,0.000000,0.650000,0.650000,0.422500,0.000000
129.1500,0.000000,0.650000,0.650000,0.422500,0.000000
129.1600,0.000000,0.650000,0.650000,0.422500,0.000000
129.1700,0.000000,0.650000,0.650000,0.422500,-0.000000
129.1800,0.000000,0.650000,0.650000,0.422500,-0.000000
129.1900,0.000000,0.650000,0.650000,0.422500,-0.000000
129.2000,0.000000,0.650000,0.650000,0.422500,-0.000000
129.2100,0.000000,0.650000,0.650000,0.422500,-0.000000
129.2200,0.000000,0.650000,0.650000,0.422500,-0.000000
129.2300,0.000000,0.650000,0.650000,0.422500,-0.000000
129.2400,0.000000,0.650000,0.650000,0.422500,-0.000000
129.2500,-0.000000,0.650000,0.650000,0.422500,-0.000000
129.2600,-0.000000,0.650000,0.650000,0.422500,-0.000000
129.2700,-0.000000,0.650000,0.650000,0.422500,-0.000000
129.2800,-0.000000,0.650000,0.650000,0.422500,-0.000000
129.2900,-0.000000,0.650000,0.650000,0.422500,-0.000000
129.3000,-0.000000,0.650000,0.650000,0.422500,-0.000000
129.3100,-0.000000,0.650000,0.650000,0.422500,-0.000000
129.3200,-0.000000,0.650000,0.650000,0.422500,-0.000000
129.3300,-0.000000,0.650000,0.650000,0.422500,-0.000000
129.3400,-0.000000,0.650000,0.650000,0.422500,-0.000000
129.3500,-0.000000,0.650000,0.650000,0.422500,-0.000000
129.3600,-0.000000,0.650000,0.650000,0.422500,-0.000000
129.3700,-0.000000,0.650000,0.650000,0.422500,-0.000000
129.3800,-0.000000,0.650000,0.650000,0.422500,-0.000000
129.3900,-0.000000,0.650000,0.650000,0.422500,-0.000000
129.4000,-0.000000,0.650000,0.650000,0.422500,-0.000000
129.4100,-0.000000,0.650000,0.650000,0.422500,-0.000000
129.4200,-0.000000,0.650000,0.650000,0.422500,-0.000000
129.4300,-0.000000,0.650000,0.650000,0.422500,-0.000000
129.4400,-0.000000,0.650000,0.650000,0.422500,-0.000000
129.4500,-0.000000,0.650000,0.650000,0.422500,-0.000000
129.4600,-0.000000,0.650000,0.650000,0.422500,-0.000000
129.4700,-0.000000,0.650000,0.650000,0.422500,-0.000000
129.4800,-0.000000,0.650000,0.650000,0.422500,-0.000000
129.4900,-0.000000,0.650000,0.650000,0.422500,-0.000000
129.5000,-0.000000,0.650000,0.650000,0.422500,-0.000000
129.5100,-0.000000,0.650000,0.650000,0.422500,-0.000000
129.5200,-0.000000,0.650000,0.650000,0.422500,-0.000000
129.5300,-0.000000,0.650000,0.650000,0.422500,-0.000000
129.5400,-0.000000,0.650000,0.650000,0.422500,-0.000000
129.5500,-0.000000,0.650000,0.650000,0.422500,-0.000000
129.5600,-0.000000,0.650000,0.650000,0.422500,-0.000000
129.5700,-0.000000,0.650000,0.650000,0.422500,-0.000000
129.5800,-0.000000,0.650000,0.650000,0.422500,-0.000000
129.5900,-0.000000,0.650000,0.650000,0.422500,-0.000000
129.6000,-0.000000,0.650000,0.650000,0.422500,-0.000000
129.6100,-0.000000,0.650000,0.650000,0.422500,-0.000000
129.6200,-0.000000,0.650000,0.650000,0.422500,-0.000000
129.6300,-0.000000,0.650000,0.650000,0.422500,-0.000000
129.6400,-0.000000,0.650000,0.650000,0.422500,-0.000000
129.6500,-0.000000,0.650000,0.650000,0.422500,-0.000000
129.6600,-0.000000,0.650000,0.650000,0.422500,-0.000000
129.6700,-0.000000,0.650000,0.650000,0.422500,-0.000000
129.6800,-0.000000,0.650000,0.650000,0.422500,-0.000000
129.6900,-0.000000,0.650000,0.650000,0.422500,-0.000000
129.7000,-0.000000,0.650000,0.650000,0.422500,-0.000000
129.7100,-0.000000,0.650000,0.650000,0.422500,-0.000000
129.7200,-0.000000,0.650000,0.650000,0.422500,-0.000000
129.7300,-0.000000,0.650000,0.650000,0.422500,-0.000000
129.7400,-0.000000,0.650000,0.650000,0.422500,-0.000000
129.7500,-0.000000,0.650000,0.650000,0.422500,-0.000000
129.7600,-0.000000,0.650000,0.650000,0.422500,-0.000000
129.7700,-0.000000,0.650000,0.650000,0.422500,-0.000000
129.7800,-0.000000,0.650000,0.650000,0.422500,-0.000000
129.7900,-0.000000,0.650000,0.650000,0.422500,-0.000000
129.8000,-0.000000,0.650000,0.650000,0.422500,-0.000000
129.8100,-0.000000,0.650000,0.650000,0.422500,-0.000000
129.8200,-0.000000,0.650000,0.650000,0.422500,-0.000000
129.8300,-0.000000,0.650000,0.650000,0.422500,-0.000000
129.8400,-0.000000,0.650000,0.650000,0.422500,-0.000000
129.8500,-0.000000,0.650000,0.650000,0.422500,-0.000000
129.8600,-0.000000,0.650000,0.650000,0.422500,-0.000000
129.8700,0.000000,0.650000,0.650000,0.422500,0.000000
129.8800,0.000000,0.650000,0.650000,0.422500,0.000000
129.8900,0.000000,0.650000,0.650000,0.422500,0.000000
129.9000,0.000000,0.650000,0.650000,0.422500,0.000000
129.9100,0.000000,0.650000,0.650000,0.422500,0.000000
129.9200,0.000000,0.650000,0.650000,0.422500,0.000000
129.9300,0.000000,0.650000,0.650000,0.422500,0.000000
129.9400,0.000000,0.650000,0.650000,0.422500,0.000000
129.9500,0.000000,0.650000,0.650000,0.422500,0.000000
129.9600,0.000000,0.650000,0.650000,0.422500,0.000000
129.9700,0.000000,0.650000,0.650000,0.422500,0.000000
129.9800,0.000000,0.650000,0.650000,0.422500,0.000000
129.9900,0.000000,0.650000,0.650000,0.422500,0.000000
130.0000,0.000000,0.650000,0.650000,0.422500,0.000000
130.0100,0.000000,0.650000,0.650000,0.422500,0.000000
130.0200,0.000000,0.650000,0.650000,0.422500,0.000000
130.0300,0.000000,0.650000,0.650000,0.422500,0.000000
130.0400,0.000000,0.650000,0.650000,0.422500,0.000000
130.0500,0.000000,0.650000,0.650000,0.422500,0.000000
130.0600,0.000000,0.650000,0.650000,0.422500,0.000000
130.0700,0.000000,0.650000,0.650000,0.422500,0.000000
130.0800,0.000000,0.650000,0.650000,0.422500,0.000000
130.0900,0.000000,0.650000,0.650000,0.422500,0.000000
130.1000,0.000000,0.650000,0.650000,0.422500,0.000000
130.1100,0.000000,0.650000,0.650000,0.422500,0.000000
130.1200,0.000000,0.650000,0.650000,0.422500,0.000000
130.1300,0.000000,0.650000,0.650000,0.422500,0.000000
130.1400,0.000000,0.650000,0.650000,0.422500,0.000000
130.1500,0.000000,0.650000,0.650000,0.422500,0.000000
130.1600,0.000000,0.650000,0.650000,0.422500,0.000000
130.1700,0.000000,0.650000,0.650000,0.422500,0.000000
130.1800,0.000000,0.650000,0.650000,0.422500,0.000000
130.1900,0.000000,0.650000,0.650000,0.422500,0.000000
130.2000,0.000000,0.650000,0.650000,0.422500,0.000000
130.2100,0.000000,0.650000,0.650000,0.422500,0.000000
130.2200,0.000000,0.650000,0.650000,0.422500,0.000000
130.2300,0.000000,0.650000,0.650000,0.422500,0.000000
130.2400,0.000000,0.650000,0.650000,0.422500,0.000000
130.2500,0.000000,0.650000,0.650000,0.422500,0.000000
130.2600,0.000000,0.650000,0.650000,0.422500,0.000000
130.2700,0.000000,0.650000,0.650000,0.422500,0.000000
130.2800,0.000000,0.650000,0.650000,0.422500,0.000000
130.2900,0.000000,0.650000,0.650000,0.422500,0.000000
130.3000,0.000000,0.650000,0.650000,0.422500,0.000000
130.3100,0.000000,0.650000,0.650000,0.422500,0.000000
130.3200,0.000000,0.650000,0.650000,0.422500,0.000000
130.3300,0.000000,0.650000,0.650000,0.422500,0.000000
130.3400,0.000000,0.650000,0.650000,0.422500,0.000000
130.3500,0.000000,0.650000,0.650000,0.422500,0.000000
130.3600,0.000000,0.650000,0.650000,0.422500,0.000000
130.3700,0.000000,0.650000,0.650000,0.422500,0.000000
130.3800,0.000000,0.650000,0.650000,0.422500,0.000000
130.3900,0.000000,0.650000,0.650000,0.422500,0.000000
130.4000,0.000000,0.650000,0.650000,0.422500,0.000000
130.4100,0.000000,0.650000,0.650000,0.422500,0.000000
130.4200,0.000000,0.650000,0.650000,0.422500,0.000000
130.4300,0.000000,0.650000,0.650000,0.422500,0.000000
130.4400,0.000000,0.650000,0.650000,0.422500,0.000000
130.4500,0.000000,0.650000,0.650000,0.422500,0.000000
130.4600,0.000000,0.650000,0.650000,0.422500,0.000000
130.4700,0.000000,0.650000,0.650000,0.422500,0.000000
130.4800,0.000000,0.650000,0.650000,0.422500,0.000000
130.4900,0.000000,0.650000,0.650000,0.422500,0.000000
130.5000,0.000000,0.650000,0.650000,0.422500,0.000000
130.5100,0.000000,0.650000,0.650000,0.422500,0.000000
130.5200,0.000000,0.650000,0.650000,0.422500,0.000000
130.5300,0.000000,0.650000,0.650000,0.422500,0.000000
130.5400,0.000000,0.650000,0.650000,0.422500,0.000000
130.5500,0.000000,0.650000,0.650000,0.422500,0.000000
130.5600,0.000000,0.650000,0.650000,0.422500,0.000000
130.5700,0.000000,0.650000,0.650000,0.422500,-0.000000
130.5800,0.000000,0.650000,0.650000,0.422500,-0.000000
130.5900,0.000000,0.650000,0.650000,0.422500,-0.000000
130.6000,0.000000,0.650000,0.650000,0.422500,-0.000000
130.6100,0.000000,0.650000,0.650000,0.422500,-0.000000
130.6200,0.000000,0.650000,0.650000,0.422500,-0.000000
130.6300,0.000000,0.650000,0.650000,0.422500,-0.000000
130.6400,0.000000,0.650000,0.650000,0.422500,-0.000000
130.6500,-0.000000,0.650000,0.650000,0.422500,-0.000000
130.6600,-0.000000,0.650000,0.650000,0.422500,-0.000000
130.6700,-0.000000,0.650000,0.650000,0.422500,-0.000000
130.6800,-0.000000,0.650000,0.650000,0.422500,-0.000000
130.6900,-0.000000,0.650000,0.650000,0.422500,-0.000000
130.7000,-0.000000,0.650000,0.650000,0.422500,-0.000000
130.7100,-0.000000,0.650000,0.650000,0.422500,-0.000000
130.7200,-0.000000,0.650000,0.650000,0.422500,-0.000000
130.7300,-0.000000,0.650000,0.650000,0.422500,-0.000000
130.7400,-0.000000,0.650000,0.650000,0.422500,-0.000000
130.7500,-0.000000,0.650000,0.650000,0.422500,-0.000000
130.7600,-0.000000,0.650000,0.650000,0.422500,-0.000000
130.7700,-0.000000,0.650000,0.650000,0.422500,-0.000000
130.7800,-0.000000,0.650000,0.650000,0.422500,-0.000000
130.7900,-0.000000,0.650000,0.650000,0.422500,-0.000000
130.8000,-0.000000,0.650000,0.650000,0.422500,-0.000000
130.8100,-0.000000,0.650000,0.650000,0.422500,-0.000000
130.8200,-0.000000,0.650000,0.650000,0.422500,-0.000000
130.8300,-0.000000,0.650000,0.650000,0.422500,-0.000000
130.8400,-0.000000,0.650000,0.650000,0.422500,-0.000000
130.8500,-0.000000,0.650000,0.650000,0.422500,-0.000000
130.8600,-0.000000,0.650000,0.650000,0.422500,-0.000000
130.8700,-0.000000,0.650000,0.650000,0.422500,-0.000000
130.8800,-0.000000,0.650000,0.650000,0.422500,-0.000000
130.8900,-0.000000,0.650000,0.650000,0.422500,-0.000000
130.9000,-0.000000,0.650000,0.650000,0.422500,-0.000000
130.9100,-0.000000,0.650000,0.650000,0.422500,-0.000000
130.9200,-0.000000,0.650000,0.650000,0.422500,-0.000000
130.9300,-0.000000,0.650000,0.650000,0.422500,-0.000000
130.9400,-0.000000,0.650000,0.650000,0.422500,-0.000000
130.9500,-0.000000,0.650000,0.650000,0.422500,-0.000000
130.9600,-0.000000,0.650000,0.650000,0.422500,-0.000000
130.9700,-0.000000,0.650000,0.650000,0.422500,-0.000000
130.9800,-0.000000,0.650000,0.650000,0.422500,-0.000000
130.9900,-0.000000,0.650000,0.650000,0.422500,-0.000000
131.0000,-0.000000,0.650000,0.650000,0.422500,-0.000000
131.0100,-0.000000,0.650000,0.650000,0.422500,-0.000000
131.0200,-0.000000,0.650000,0.650000,0.422500,-0.000000
131.0300,-0.000000,0.650000,0.650000,0.422500,-0.000000
131.0400,-0.000000,0.650000,0.650000,0.422500,-0.000000
131.0500,-0.000000,0.650000,0.650000,0.422500,-0.000000
131.0600,-0.000000,0.650000,0.650000,0.422500,-0.000000
131.0700,-0.000000,0.650000,0.650000,0.422500,-0.000000
131.0800,-0.000000,0.650000,0.650000,0.422500,-0.000000
131.0900,-0.000000,0.650000,0.650000,0.422500,-0.000000
131.1000,-0.000000,0.650000,0.650000,0.422500,-0.000000
131.1100,-0.000000,0.650000,0.650000,0.422500,-0.000000
131.1200,-0.000000,0.650000,0.650000,0.422500,-0.000000
131.1300,-0.000000,0.650000,0.650000,0.422500,-0.000000
131.1400,-0.000000,0.650000,0.650000,0.422500,-0.000000
131.1500,-0.000000,0.650000,0.650000,0.422500,-0.000000
131.1600,-0.000000,0.650000,0.650000,0.422500,-0.000000
131.1700,-0.000000,0.650000,0.650000,0.422500,-0.000000
131.1800,-0.000000,0.650000,0.650000,0.422500,-0.000000
131.1900,-0.000000,0.650000,0.650000,0.422500,-0.000000
131.2000,-0.000000,0.650000,0.650000,0.422500,-0.000000
131.2100,-0.000000,0.650000,0.650000,0.422500,-0.000000
131.2200,-0.000000,0.650000,0.650000,0.422500,-0.000000
131.2300,-0.000000,0.650000,0.650000,0.422500,-0.000000
131.2400,-0.000000,0.650000,0.650000,0.422500,-0.000000
131.2500,-0.000000,0.650000,0.650000,0.422500,-0.000000
131.2600,-0.000000,0.650000,0.650000,0.422500,-0.000000
131.2700,0.000000,0.650000,0.650000,0.422500,0.000000
131.2800,0.000000,0.650000,0.650000,0.422500,0.000000
131.2900,0.000000,0.650000,0.650000,0.422500,0.000000
131.3000,0.000000,0.650000,0.650000,0.422500,0.000000
131.3100,0.000000,0.650000,0.650000,0.422500,0.000000
131.3200,0.000000,0.650000,0.650000,0.422500,0.000000
131.3300,0.000000,0.650000,0.650000,0.422500,0.000000
131.3400,0.000000,0.650000,0.650000,0.422500,0.000000
131.3500,0.000000,0.650000,0.650000,0.422500,0.000000
131.3600,0.000000,0.650000,0.650000,0.422500,0.000000
131.3700,0.000000,0.650000,0.650000,0.422500,0.000000
131.3800,0.000000,0.650000,0.650000,0.422500,0.000000
131.3900,0.000000,0.650000,0.650000,0.422500,0.000000
131.4000,0.000000,0.650000,0.650000,0.422500,0.000000
131.4100,0.000000,0.650000,0.650000,0.422500,0.000000
131.4200,0.000000,0.650000,0.650000,0.422500,0.000000
131.4300,0.000000,0.650000,0.650000,0.422500,0.000000
131.4400,0.000000,0.650000,0.650000,0.422500,0.000000
131.4500,0.000000,0.650000,0.650000,0.422500,0.000000
131.4600,0.000000,0.650000,0.650000,0.422500,0.000000
131.4700,0.000000,0.650000,0.650000,0.422500,0.000000
131.4800,0.000000,0.650000,0.650000,0.422500,0.000000
131.4900,0.000000,0.650000,0.650000,0.422500,0.000000
131.5000,0.000000,0.650000,0.650000,0.422500,0.000000
131.5100,0.000000,0.650000,0.650000,0.422500,0.000000
131.5200,0.000000,0.650000,0.650000,0.422500,0.000000
131.5300,0.000000,0.650000,0.650000,0.422500,0.000000
131.5400,0.000000,0.650000,0.650000,0.422500,0.000000
131.5500,0.000000,0.650000,0.650000,0.422500,0.000000
131.5600,0.000000,0.650000,0.650000,0.422500,0.000000
131.5700,0.000000,0.650000,0.650000,0.422500,0.000000
131.5800,0.000000,0.650000,0.650000,0.422500,0.000000
131.5900,0.000000,0.650000,0.650000,0.422500,0.000000
131.6000,0.000000,0.650000,0.650000,0.422500,0.000000
131.6100,0.000000,0.650000,0.650000,0.422500,0.000000
131.6200,0.000000,0.650000,0.650000,0.422500,0.000000
131.6300,0.000000,0.650000,0.650000,0.422500,0.000000
131.6400,0.000000,0.650000,0.650000,0.422500,0.000000
131.6500,0.000000,0.650000,0.650000,0.422500,0.000000
131.6600,0.000000,0.650000,0.650000,0.422500,0.000000
131.6700,0.000000,0.650000,0.650000,0.422500,0.000000
131.6800,0.000000,0.650000,0.650000,0.422500,0.000000
131.6900,0.000000,0.650000,0.650000,0.422500,0.000000
131.7000,0.000000,0.650000,0.650000,0.422500,0.000000
131.7100,0.000000,0.650000,0.650000,0.422500,0.000000
131.7200,0.000000,0.650000,0.650000,0.422500,0.000000
131.7300,0.000000,0.650000,0.650000,0.422500,0.000000
131.7400,0.000000,0.650000,0.650000,0.422500,0.000000
131.7500,0.000000,0.650000,0.650000,0.422500,0.000000
131.7600,0.000000,0.650000,0.650000,0.422500,0.000000
131.7700,0.000000,0.650000,0.650000,0.422500,0.000000
131.7800,0.000000,0.650000,0.650000,0.422500,0.000000
131.7900,0.000000,0.650000,0.650000,0.422500,0.000000
131.8000,0.000000,0.650000,0.650000,0.422500,0.000000
131.8100,0.000000,0.650000,0.650000,0.422500,0.000000
131.8200,0.000000,0.650000,0.650000,0.422500,0.000000
131.8300,0.000000,0.650000,0.650000,0.422500,0.000000
131.8400,0.000000,0.650000,0.650000,0.422500,0.000000
131.8500,0.000000,0.650000,0.650000,0.422500,0.000000
131.8600,0.000000,0.650000,0.650000,0.422500,0.000000
131.8700,0.000000,0.650000,0.650000,0.422500,0.000000
131.8800,0.000000,0.650000,0.650000,0.422500,0.000000
131.8900,0.000000,0.650000,0.650000,0.422500,0.000000
131.9000,0.000000,0.650000,0.650000,0.422500,0.000000
131.9100,0.000000,0.650000,0.650000,0.422500,0.000000
131.9200,0.000000,0.650000,0.650000,0.422500,0.000000
131.9300,0.000000,0.650000,0.650000,0.422500,0.000000
131.9400,0.000000,0.650000,0.650000,0.422500,0.000000
131.9500,0.000000,0.650000,0.650000,0.422500,0.000000
131.9600,0.000000,0.650000,0.650000,0.422500,0.000000
131.9700,0.000000,0.650000,0.650000,0.422500,-0.000000
131.9800,0.000000,0.650000,0.650000,0.422500,-0.000000
131.9900,0.000000,0.650000,0.650000,0.422500,-0.000000
132.0000,0.000000,0.650000,0.650000,0.422500,-0.000000
132.0100,0.000000,0.650000,0.650000,0.422500,-0.000000
132.0200,0.000000,0.650000,0.650000,0.422500,-0.000000
132.0300,0.000000,0.650000,0.650000,0.422500,-0.000000
132.0400,0.000000,0.650000,0.650000,0.422500,-0.000000
132.0500,-0.000000,0.650000,0.650000,0.422500,-0.000000
132.0600,-0.000000,0.650000,0.650000,0.422500,-0.000000
132.0700,-0.000000,0.650000,0.650000,0.422500,-0.000000
132.0800,-0.000000,0.650000,0.650000,0.422500,-0.000000
132.0900,-0.000000,0.650000,0.650000,0.422500,-0.000000
132.1000,-0.000000,0.650000,0.650000,0.422500,-0.000000
132.1100,-0.000000,0.650000,0.650000,0.422500,-0.000000
132.1200,-0.000000,0.650000,0.650000,0.422500,-0.000000
132.1300,-0.000000,0.650000,0.650000,0.422500,-0.000000
132.1400,-0.000000,0.650000,0.650000,0.422500,-0.000000
132.1500,-0.000000,0.650000,0.650000,0.422500,-0.000000
132.1600,-0.000000,0.650000,0.650000,0.422500,-0.000000
132.1700,-0.000000,0.650000,0.650000,0.422500,-0.000000
132.1800,-0.000000,0.650000,0.650000,0.422500,-0.000000
132.1900,-0.000000,0.650000,0.650000,0.422500,-0.000000
132.2000,-0.000000,0.650000,0.650000,0.422500,-0.000000
132.2100,-0.000000,0.650000,0.650000,0.422500,-0.000000
132.2200,-0.000000,0.650000,0.650000,0.422500,-0.000000
132.2300,-0.000000,0.650000,0.650000,0.422500,-0.000000
132.2400,-0.000000,0.650000,0.650000,0.422500,-0.000000
132.2500,-0.000000,0.650000,0.650000,0.422500,-0.000000
132.2600,-0.000000,0.650000,0.650000,0.422500,-0.000000
132.2700,-0.000000,0.650000,0.650000,0.422500,-0.000000
132.2800,-0.000000,0.650000,0.650000,0.422500,-0.000000
132.2900,-0.000000,0.650000,0.650000,0.422500,-0.000000
132.3000,-0.000000,0.650000,0.650000,0.422500,-0.000000
132.3100,-0.000000,0.650000,0.650000,0.422500,-0.000000
132.3200,-0.000000,0.650000,0.650000,0.422500,-0.000000
132.3300,-0.000000,0.650000,0.650000,0.422500,-0.000000
132.3400,-0.000000,0.650000,0.650000,0.422500,-0.000000
132.3500,-0.000000,0.650000,0.650000,0.422500,-0.000000
132.3600,-0.000000,0.650000,0.650000,0.422500,-0.000000
132.3700,-0.000000,0.650000,0.650000,0.422500,-0.000000
132.3800,-0.000000,0.650000,0.650000,0.422500,-0.000000
132.3900,-0.000000,0.650000,0.650000,0.422500,-0.000000
132.4000,-0.000000,0.650000,0.650000,0.422500,-0.000000
132.4100,-0.000000,0.650000,0.650000,0.422500,-0.000000
132.4200,-0.000000,0.650000,0.650000,0.422500,-0.000000
132.4300,-0.000000,0.650000,0.650000,0.422500,-0.000000
132.4400,-0.000000,0.650000,0.650000,0.422500,-0.000000
132.4500,-0.000000,0.650000,0.650000,0.422500,-0.000000
132.4600,-0.000000,0.650000,0.650000,0.422500,-0.000000
132.4700,-0.000000,0.650000,0.650000,0.422500,-0.000000
132.4800,-0.000000,0.650000,0.650000,0.422500,-0.000000
132.4900,-0.000000,0.650000,0.650000,0.422500,-0.000000
132.5000,-0.000000,0.650000,0.650000,0.422500,-0.000000
132.5100,-0.000000,0.650000,0.650000,0.422500,-0.000000
132.5200,-0.000000,0.650000,0.650000,0.422500,-0.000000
132.5300,-0.000000,0.650000,0.650000,0.422500,-0.000000
132.5400,-0.000000,0.650000,0.650000,0.422500,-0.000000
132.5500,-0.000000,0.650000,0.650000,0.422500,-0.000000
132.5600,-0.000000,0.650000,0.650000,0.422500,-0.000000
132.5700,-0.000000,0.650000,0.650000,0.422500,-0.000000
132.5800,-0.000000,0.650000,0.650000,0.422500,-0.000000
132.5900,-0.000000,0.650000,0.650000,0.422500,-0.000000
132.6000,-0.000000,0.650000,0.650000,0.422500,-0.000000
132.6100,-0.000000,0.650000,0.650000,0.422500,-0.000000
132.6200,-0.000000,0.650000,0.650000,0.422500,-0.000000
132.6300,-0.000000,0.650000,0.650000,0.422500,-0.000000
132.6400,-0.000000,0.650000,0.650000,0.422500,-0.000000
132.6500,-0.000000,0.650000,0.650000,0.422500,-0.000000
132.6600,-0.000000,0.650000,0.650000,0.422500,-0.000000
132.6700,0.000000,0.650000,0.650000,0.422500,0.000000
132.6800,0.000000,0.650000,0.650000,0.422500,0.000000
132.6900,0.000000,0.650000,0.650000,0.422500,0.000000
132.7000,0.000000,0.650000,0.650000,0.422500,0.000000
132.7100,0.000000,0.650000,0.650000,0.422500,0.000000
132.7200,0.000000,0.650000,0.650000,0.422500,0.000000
132.7300,0.000000,0.650000,0.650000,0.422500,0.000000
132.7400,0.000000,0.650000,0.650000,0.422500,0.000000
132.7500,0.000000,0.650000,0.650000,0.422500,0.000000
132.7600,0.000000,0.650000,0.650000,0.422500,0.000000
132.7700,0.000000,0.650000,0.650000,0.422500,0.000000
132.7800,0.000000,0.650000,0.650000,0.422500,0.000000
132.7900,0.000000,0.650000,0.650000,0.422500,0.000000
132.8000,0.000000,0.650000,0.650000,0.422500,0.000000
132.8100,0.000000,0.650000,0.650000,0.422500,0.000000
132.8200,0.000000,0.650000,0.650000,0.422500,0.000000
132.8300,0.000000,0.650000,0.650000,0.422500,0.000000
132.8400,0.000000,0.650000,0.650000,0.422500,0.000000
132.8500,0.000000,0.650000,0.650000,0.422500,0.000000
132.8600,0.000000,0.650000,0.650000,0.422500,0.000000
132.8700,0.000000,0.650000,0.650000,0.422500,0.000000
132.8800,0.000000,0.650000,0.650000,0.422500,0.000000
132.8900,0.000000,0.650000,0.650000,0.422500,0.000000
132.9000,0.000000,0.650000,0.650000,0.422500,0.000000
132.9100,0.000000,0.650000,0.650000,0.422500,0.000000
132.9200,0.000000,0.650000,0.650000,0.422500,0.000000
132.9300,0.000000,0.650000,0.650000,0.422500,0.000000
132.9400,0.000000,0.650000,0.650000,0.422500,0.000000
132.9500,0.000000,0.650000,0.650000,0.422500,0.000000
132.9600,0.000000,0.650000,0.650000,0.422500,0.000000
132.9700,0.000000,0.650000,0.650000,0.422500,0.000000
132.9800,0.000000,0.650000,0.650000,0.422500,0.000000
132.9900,0.000000,0.650000,0.650000,0.422500,0.000000
133.0000,0.000000,0.650000,0.650000,0.422500,0.000000
133.0100,0.000000,0.650000,0.650000,0.422500,0.000000
133.0200,0.000000,0.650000,0.650000,0.422500,0.000000
133.0300,0.000000,0.650000,0.650000,0.422500,0.000000
133.0400,0.000000,0.650000,0.650000,0.422500,0.000000
133.0500,0.000000,0.650000,0.650000,0.422500,0.000000
133.0600,0.000000,0.650000,0.650000,0.422500,0.000000
133.0700,0.000000,0.650000,0.650000,0.422500,0.000000
133.0800,0.000000,0.650000,0.650000,0.422500,0.000000
133.0900,0.000000,0.650000,0.650000,0.422500,0.000000
133.1000,0.000000,0.650000,0.650000,0.422500,0.000000
133.1100,0.000000,0.650000,0.650000,0.422500,0.000000
133.1200,0.000000,0.650000,0.650000,0.422500,0.000000
133.1300,0.000000,0.650000,0.650000,0.422500,0.000000
133.1400,0.000000,0.650000,0.650000,0.422500,0.000000
133.1500,0.000000,0.650000,0.650000,0.422500,0.000000
133.1600,0.000000,0.650000,0.650000,0.422500,0.000000
133.1700,0.000000,0.650000,0.650000,0.422500,0.000000
133.1800,0.000000,0.650000,0.650000,0.422500,0.000000
133.1900,0.000000,0.650000,0.650000,0.422500,0.000000
133.2000,0.000000,0.650000,0.650000,0.422500,0.000000
133.2100,0.000000,0.650000,0.650000,0.422500,0.000000
133.2200,0.000000,0.650000,0.650000,0.422500,0.000000
133.2300,0.000000,0.650000,0.650000,0.422500,0.000000
133.2400,0.000000,0.650000,0.650000,0.422500,0.000000
133.2500,0.000000,0.650000,0.650000,0.422500,0.000000
133.2600,0.000000,0.650000,0.650000,0.422500,0.000000
133.2700,0.000000,0.650000,0.650000,0.422500,0.000000
133.2800,0.000000,0.650000,0.650000,0.422500,0.000000
133.2900,0.000000,0.650000,0.650000,0.422500,0.000000
133.3000,0.000000,0.650000,0.650000,0.422500,0.000000
133.3100,0.000000,0.650000,0.650000,0.422500,0.000000
133.3200,0.000000,0.650000,0.650000,0.422500,0.000000
133.3300,0.000000,0.650000,0.650000,0.422500,0.000000
133.3400,0.000000,0.650000,0.650000,0.422500,0.000000
133.3500,0.000000,0.650000,0.650000,0.422500,0.000000
133.3600,0.000000,0.650000,0.650000,0.422500,0.000000
133.3700,0.000000,0.650000,0.650000,0.422500,0.000000
133.3800,0.000000,0.650000,0.650000,0.422500,-0.000000
133.3900,0.000000,0.650000,0.650000,0.422500,-0.000000
133.4000,0.000000,0.650000,0.650000,0.422500,-0.000000
133.4100,0.000000,0.650000,0.650000,0.422500,-0.000000
133.4200,0.000000,0.650000,0.650000,0.422500,-0.000000
133.4300,0.000000,0.650000,0.650000,0.422500,-0.000000
133.4400,0.000000,0.650000,0.650000,0.422500,-0.000000
133.4500,0.000000,0.650000,0.650000,0.422500,-0.000000
133.4600,-0.000000,0.650000,0.650000,0.422500,-0.000000
133.4700,-0.000000,0.650000,0.650000,0.422500,-0.000000
133.4800,-0.000000,0.650000,0.650000,0.422500,-0.000000
133.4900,-0.000000,0.650000,0.650000,0.422500,-0.000000
133.5000,-0.000000,0.650000,0.650000,0.422500,-0.000000
133.5100,-0.000000,0.650000,0.650000,0.422500,-0.000000
133.5200,-0.000000,0.650000,0.650000,0.422500,-0.000000
133.5300,-0.000000,0.650000,0.650000,0.422500,-0.000000
133.5400,-0.000000,0.650000,0.650000,0.422500,-0.000000
133.5500,-0.000000,0.650000,0.650000,0.422500,-0.000000
133.5600,-0.000000,0.650000,0.650000,0.422500,-0.000000
133.5700,-0.000000,0.650000,0.650000,0.422500,-0.000000
133.5800,-0.000000,0.650000,0.650000,0.422500,-0.000000
133.5900,-0.000000,0.650000,0.650000,0.422500,-0.000000
133.6000,-0.000000,0.650000,0.650000,0.422500,-0.000000
133.6100,-0.000000,0.650000,0.650000,0.422500,-0.000000
133.6200,-0.000000,0.650000,0.650000,0.422500,-0.000000
133.6300,-0.000000,0.650000,0.650000,0.422500,-0.000000
133.6400,-0.000000,0.650000,0.650000,0.422500,-0.000000
133.6500,-0.000000,0.650000,0.650000,0.422500,-0.000000
133.6600,-0.000000,0.650000,0.650000,0.422500,-0.000000
133.6700,-0.000000,0.650000,0.650000,0.422500,-0.000000
133.6800,-0.000000,0.650000,0.650000,0.422500,-0.000000
133.6900,-0.000000,0.650000,0.650000,0.422500,-0.000000
133.7000,-0.000000,0.650000,0.650000,0.422500,-0.000000
133.7100,-0.000000,0.650000,0.650000,0.422500,-0.000000
133.7200,-0.000000,0.650000,0.650000,0.422500,-0.000000
133.7300,-0.000000,0.650000,0.650000,0.422500,-0.000000
133.7400,-0.000000,0.650000,0.650000,0.422500,-0.000000
133.7500,-0.000000,0.650000,0.650000,0.422500,-0.000000
133.7600,-0.000000,0.650000,0.650000,0.422500,-0.000000
133.7700,-0.000000,0.650000,0.650000,0.422500,-0.000000
133.7800,-0.000000,0.650000,0.650000,0.422500,-0.000000
133.7900,-0.000000,0.650000,0.650000,0.422500,-0.000000
133.8000,-0.000000,0.650000,0.650000,0.422500,-0.000000
133.8100,-0.000000,0.650000,0.650000,0.422500,-0.000000
133.8200,-0.000000,0.650000,0.650000,0.422500,-0.000000
133.8300,-0.000000,0.650000,0.650000,0.422500,-0.000000
133.8400,-0.000000,0.650000,0.650000,0.422500,-0.000000
133.8500,-0.000000,0.650000,0.650000,0.422500,-0.000000
133.8600,-0.000000,0.650000,0.650000,0.422500,-0.000000
133.8700,-0.000000,0.650000,0.650000,0.422500,-0.000000
133.8800,-0.000000,0.650000,0.650000,0.422500,-0.000000
133.8900,-0.000000,0.650000,0.650000,0.422500,-0.000000
133.9000,-0.000000,0.650000,0.650000,0.422500,-0.000000
133.9100,-0.000000,0.650000,0.650000,0.422500,-0.000000
133.9200,-0.000000,0.650000,0.650000,0.422500,-0.000000
133.9300,-0.000000,0.650000,0.650000,0.422500,-0.000000
133.9400,-0.000000,0.650000,0.650000,0.422500,-0.000000
133.9500,-0.000000,0.650000,0.650000,0.422500,-0.000000
133.9600,-0.000000,0.650000,0.650000,0.422500,-0.000000
133.9700,-0.000000,0.650000,0.650000,0.422500,-0.000000
133.9800,-0.000000,0.650000,0.650000,0.422500,-0.000000
133.9900,-0.000000,0.650000,0.650000,0.422500,-0.000000
134.0000,-0.000000,0.650000,0.650000,0.422500,-0.000000
134.0100,-0.000000,0.650000,0.650000,0.422500,-0.000000
134.0200,-0.000000,0.650000,0.650000,0.422500,-0.000000
134.0300,-0.000000,0.650000,0.650000,0.422500,-0.000000
134.0400,-0.000000,0.650000,0.650000,0.422500,-0.000000
134.0500,-0.000000,0.650000,0.650000,0.422500,-0.000000
134.0600,-0.000000,0.650000,0.650000,0.422500,-0.000000
134.0700,0.000000,0.650000,0.650000,0.422500,-0.000000
134.0800,0.000000,0.650000,0.650000,0.422500,0.000000
134.0900,0.000000,0.650000,0.650000,0.422500,0.000000
134.1000,0.000000,0.650000,0.650000,0.422500,0.000000
134.1100,0.000000,0.650000,0.650000,0.422500,0.000000
134.1200,0.000000,0.650000,0.650000,0.422500,0.000000
134.1300,0.000000,0.650000,0.650000,0.422500,0.000000
134.1400,0.000000,0.650000,0.650000,0.422500,0.000000
134.1500,0.000000,0.650000,0.650000,0.422500,0.000000
134.1600,0.000000,0.650000,0.650000,0.422500,0.000000
134.1700,0.000000,0.650000,0.650000,0.422500,0.000000
134.1800,0.000000,0.650000,0.650000,0.422500,0.000000
134.1900,0.000000,0.650000,0.650000,0.422500,0.000000
134.2000,0.000000,0.650000,0.650000,0.422500,0.000000
134.2100,0.000000,0.650000,0.650000,0.422500,0.000000
134.2200,0.000000,0.650000,0.650000,0.422500,0.000000
134.2300,0.000000,0.650000,0.650000,0.422500,0.000000
134.2400,0.000000,0.650000,0.650000,0.422500,0.000000
134.2500,0.000000,0.650000,0.650000,0.422500,0.000000
134.2600,0.000000,0.650000,0.650000,0.422500,0.000000
134.2700,0.000000,0.650000,0.650000,0.422500,0.000000
134.2800,0.000000,0.650000,0.650000,0.422500,0.000000
134.2900,0.000000,0.650000,0.650000,0.422500,0.000000
134.3000,0.000000,0.650000,0.650000,0.422500,0.000000
134.3100,0.000000,0.650000,0.650000,0.422500,0.000000
134.3200,0.000000,0.650000,0.650000,0.422500,0.000000
134.3300,0.000000,0.650000,0.650000,0.422500,0.000000
134.3400,0.000000,0.650000,0.650000,0.422500,0.000000
134.3500,0.000000,0.650000,0.650000,0.422500,0.000000
134.3600,0.000000,0.650000,0.650000,0.422500,0.000000
134.3700,0.000000,0.650000,0.650000,0.422500,0.000000
134.3800,0.000000,0.650000,0.650000,0.422500,0.000000
134.3900,0.000000,0.650000,0.650000,0.422500,0.000000
134.4000,0.000000,0.650000,0.650000,0.422500,0.000000
134.4100,0.000000,0.650000,0.650000,0.422500,0.000000
134.4200,0.000000,0.650000,0.650000,0.422500,0.000000
134.4300,0.000000,0.650000,0.650000,0.422500,0.000000
134.4400,0.000000,0.650000,0.650000,0.422500,0.000000
134.4500,0.000000,0.650000,0.650000,0.422500,0.000000
134.4600,0.000000,0.650000,0.650000,0.422500,0.000000
134.4700,0.000000,0.650000,0.650000,0.422500,0.000000
134.4800,0.000000,0.650000,0.650000,0.422500,0.000000
134.4900,0.000000,0.650000,0.650000,0.422500,0.000000
134.5000,0.000000,0.650000,0.650000,0.422500,0.000000
134.5100,0.000000,0.650000,0.650000,0.422500,0.000000
134.5200,0.000000,0.650000,0.650000,0.422500,0.000000
134.5300,0.000000,0.650000,0.650000,0.422500,0.000000
134.5400,0.000000,0.650000,0.650000,0.422500,0.000000
134.5500,0.000000,0.650000,0.650000,0.422500,0.000000
134.5600,0.000000,0.650000,0.650000,0.422500,0.000000
134.5700,0.000000,0.650000,0.650000,0.422500,0.000000
134.5800,0.000000,0.650000,0.650000,0.422500,0.000000
134.5900,0.000000,0.650000,0.650000,0.422500,0.000000
134.6000,0.000000,0.650000,0.650000,0.422500,0.000000
134.6100,0.000000,0.650000,0.650000,0.422500,0.000000
134.6200,0.000000,0.650000,0.650000,0.422500,0.000000
134.6300,0.000000,0.650000,0.650000,0.422500,0.000000
134.6400,0.000000,0.650000,0.650000,0.422500,0.000000
134.6500,0.000000,0.650000,0.650000,0.422500,0.000000
134.6600,0.000000,0.650000,0.650000,0.422500,0.000000
134.6700,0.000000,0.650000,0.650000,0.422500,0.000000
134.6800,0.000000,0.650000,0.650000,0.422500,0.000000
134.6900,0.000000,0.650000,0.650000,0.422500,0.000000
134.7000,0.000000,0.650000,0.650000,0.422500,0.000000
134.7100,0.000000,0.650000,0.650000,0.422500,0.000000
134.7200,0.000000,0.650000,0.650000,0.422500,0.000000
134.7300,0.000000,0.650000,0.650000,0.422500,0.000000
134.7400,0.000000,0.650000,0.650000,0.422500,0.000000
134.7500,0.000000,0.650000,0.650000,0.422500,0.000000
134.7600,0.000000,0.650000,0.650000,0.422500,0.000000
134.7700,0.000000,0.650000,0.650000,0.422500,-0.000000
134.7800,0.000000,0.650000,0.650000,0.422500,-0.000000
134.7900,0.000000,0.650000,0.650000,0.422500,-0.000000
134.8000,0.000000,0.650000,0.650000,0.422500,-0.000000
134.8100,0.000000,0.650000,0.650000,0.422500,-0.000000
134.8200,0.000000,0.650000,0.650000,0.422500,-0.000000
134.8300,0.000000,0.650000,0.650000,0.422500,-0.000000
134.8400,0.000000,0.650000,0.650000,0.422500,-0.000000
134.8500,0.000000,0.650000,0.650000,0.422500,-0.000000
134.8600,-0.000000,0.650000,0.650000,0.422500,-0.000000
134.8700,-0.000000,0.650000,0.650000,0.422500,-0.000000
134.8800,-0.000000,0.650000,0.650000,0.422500,-0.000000
134.8900,-0.000000,0.650000,0.650000,0.422500,-0.000000
134.9000,-0.000000,0.650000,0.650000,0.422500,-0.000000
134.9100,-0.000000,0.650000,0.650000,0.422500,-0.000000
134.9200,-0.000000,0.650000,0.650000,0.422500,-0.000000
134.9300,-0.000000,0.650000,0.650000,0.422500,-0.000000
134.9400,-0.000000,0.650000,0.650000,0.422500,-0.000000
134.9500,-0.000000,0.650000,0.650000,0.422500,-0.000000
134.9600,-0.000000,0.650000,0.650000,0.422500,-0.000000
134.9700,-0.000000,0.650000,0.650000,0.422500,-0.000000
134.9800,-0.000000,0.650000,0.650000,0.422500,-0.000000
134.9900,-0.000000,0.650000,0.650000,0.422500,-0.000000
135.0000,-0.000000,0.650000,0.650000,0.422500,-0.000000
135.0100,-0.000000,0.650000,0.650000,0.422500,-0.000000
135.0200,-0.000000,0.650000,0.650000,0.422500,-0.000000
135.0300,-0.000000,0.650000,0.650000,0.422500,-0.000000
135.0400,-0.000000,0.650000,0.650000,0.422500,-0.000000
135.0500,-0.000000,0.650000,0.650000,0.422500,-0.000000
135.0600,-0.000000,0.650000,0.650000,0.422500,-0.000000
135.0700,-0.000000,0.650000,0.650000,0.422500,-0.000000
135.0800,-0.000000,0.650000,0.650000,0.422500,-0.000000
135.0900,-0.000000,0.650000,0.650000,0.422500,-0.000000
135.1000,-0.000000,0.650000,0.650000,0.422500,-0.000000
135.1100,-0.000000,0.650000,0.650000,0.422500,-0.000000
135.1200,-0.000000,0.650000,0.650000,0.422500,-0.000000
135.1300,-0.000000,0.650000,0.650000,0.422500,-0.000000
135.1400,-0.000000,0.650000,0.650000,0.422500,-0.000000
135.1500,-0.000000,0.650000,0.650000,0.422500,-0.000000
135.1600,-0.000000,0.650000,0.650000,0.422500,-0.000000
135.1700,-0.000000,0.650000,0.650000,0.422500,-0.000000
135.1800,-0.000000,0.650000,0.650000,0.422500,-0.000000
135.1900,-0.000000,0.650000,0.650000,0.422500,-0.000000
135.2000,-0.000000,0.650000,0.650000,0.422500,-0.000000
135.2100,-0.000000,0.650000,0.650000,0.422500,-0.000000
135.2200,-0.000000,0.650000,0.650000,0.422500,-0.000000
135.2300,-0.000000,0.650000,0.650000,0.422500,-0.000000
135.2400,-0.000000,0.650000,0.650000,0.422500,-0.000000
135.2500,-0.000000,0.650000,0.650000,0.422500,-0.000000
135.2600,-0.000000,0.650000,0.650000,0.422500,-0.000000
135.2700,-0.000000,0.650000,0.650000,0.422500,-0.000000
135.2800,-0.000000,0.650000,0.650000,0.422500,-0.000000
135.2900,-0.000000,0.650000,0.650000,0.422500,-0.000000
135.3000,-0.000000,0.650000,0.650000,0.422500,-0.000000
135.3100,-0.000000,0.650000,0.650000,0.422500,-0.000000
135.3200,-0.000000,0.650000,0.650000,0.422500,-0.000000
135.3300,-0.000000,0.650000,0.650000,0.422500,-0.000000
135.3400,-0.000000,0.650000,0.650000,0.422500,-0.000000
135.3500,-0.000000,0.650000,0.650000,0.422500,-0.000000
135.3600,-0.000000,0.650000,0.650000,0.422500,-0.000000
135.3700,-0.000000,0.650000,0.650000,0.422500,-0.000000
135.3800,-0.000000,0.650000,0.650000,0.422500,-0.000000
135.3900,-0.000000,0.650000,0.650000,0.422500,-0.000000
135.4000,-0.000000,0.650000,0.650000,0.422500,-0.000000
135.4100,-0.000000,0.650000,0.650000,0.422500,-0.000000
135.4200,-0.000000,0.650000,0.650000,0.422500,-0.000000
135.4300,-0.000000,0.650000,0.650000,0.422500,-0.000000
135.4400,-0.000000,0.650000,0.650000,0.422500,-0.000000
135.4500,-0.000000,0.650000,0.650000,0.422500,-0.000000
135.4600,0.000000,0.650000,0.650000,0.422500,-0.000000
135.4700,0.000000,0.650000,0.650000,0.422500,0.000000
135.4800,0.000000,0.650000,0.650000,0.422500,0.000000
135.4900,0.000000,0.650000,0.650000,0.422500,0.000000
135.5000,0.000000,0.650000,0.650000,0.422500,0.000000
135.5100,0.000000,0.650000,0.650000,0.422500,0.000000
135.5200,0.000000,0.650000,0.650000,0.422500,0.000000
135.5300,0.000000,0.650000,0.650000,0.422500,0.000000
135.5400,0.000000,0.650000,0.650000,0.422500,0.000000
135.5500,0.000000,0.650000,0.650000,0.422500,0.000000
135.5600,0.000000,0.650000,0.650000,0.422500,0.000000
135.5700,0.000000,0.650000,0.650000,0.422500,0.000000
135.5800,0.000000,0.650000,0.650000,0.422500,0.000000
135.5900,0.000000,0.650000,0.650000,0.422500,0.000000
135.6000,0.000000,0.650000,0.650000,0.422500,0.000000
135.6100,0.000000,0.650000,0.650000,0.422500,0.000000
135.6200,0.000000,0.650000,0.650000,0.422500,0.000000
135.6300,0.000000,0.650000,0.650000,0.422500,0.000000
135.6400,0.000000,0.650000,0.650000,0.422500,0.000000
135.6500,0.000000,0.650000,0.650000,0.422500,0.000000
135.6600,0.000000,0.650000,0.650000,0.422500,0.000000
135.6700,0.000000,0.650000,0.650000,0.422500,0.000000
135.6800,0.000000,0.650000,0.650000,0.422500,0.000000
135.6900,0.000000,0.650000,0.650000,0.422500,0.000000
135.7000,0.000000,0.650000,0.650000,0.422500,0.000000
135.7100,0.000000,0.650000,0.650000,0.422500,0.000000
135.7200,0.000000,0.650000,0.650000,0.422500,0.000000
135.7300,0.000000,0.650000,0.650000,0.422500,0.000000
135.7400,0.000000,0.650000,0.650000,0.422500,0.000000
135.7500,0.000000,0.650000,0.650000,0.422500,0.000000
135.7600,0.000000,0.650000,0.650000,0.422500,0.000000
135.7700,0.000000,0.650000,0.650000,0.422500,0.000000
135.7800,0.000000,0.650000,0.650000,0.422500,0.000000
135.7900,0.000000,0.650000,0.650000,0.422500,0.000000
135.8000,0.000000,0.650000,0.650000,0.422500,0.000000
135.8100,0.000000,0.650000,0.650000,0.422500,0.000000
135.8200,0.000000,0.650000,0.650000,0.422500,0.000000
135.8300,0.000000,0.650000,0.650000,0.422500,0.000000
135.8400,0.000000,0.650000,0.650000,0.422500,0.000000
135.8500,0.000000,0.650000,0.650000,0.422500,0.000000
135.8600,0.000000,0.650000,0.650000,0.422500,0.000000
135.8700,0.000000,0.650000,0.650000,0.422500,0.000000
135.8800,0.000000,0.650000,0.650000,0.422500,0.000000
135.8900,0.000000,0.650000,0.650000,0.422500,0.000000
135.9000,0.000000,0.650000,0.650000,0.422500,0.000000
135.9100,0.000000,0.650000,0.650000,0.422500,0.000000
135.9200,0.000000,0.650000,0.650000,0.422500,0.000000
135.9300,0.000000,0.650000,0.650000,0.422500,0.000000
135.9400,0.000000,0.650000,0.650000,0.422500,0.000000
135.9500,0.000000,0.650000,0.650000,0.422500,0.000000
135.9600,0.000000,0.650000,0.650000,0.422500,0.000000
135.9700,0.000000,0.650000,0.650000,0.422500,0.000000
135.9800,0.000000,0.650000,0.650000,0.422500,0.000000
135.9900,0.000000,0.650000,0.650000,0.422500,0.000000
136.0000,0.000000,0.650000,0.650000,0.422500,0.000000
136.0100,0.000000,0.650000,0.650000,0.422500,0.000000
136.0200,0.000000,0.650000,0.650000,0.422500,0.000000
136.0300,0.000000,0.650000,0.650000,0.422500,0.000000
136.0400,0.000000,0.650000,0.650000,0.422500,0.000000
136.0500,0.000000,0.650000,0.650000,0.422500,0.000000
136.0600,0.000000,0.650000,0.650000,0.422500,0.000000
136.0700,0.000000,0.650000,0.650000,0.422500,0.000000
136.0800,0.000000,0.650000,0.650000,0.422500,0.000000
136.0900,0.000000,0.650000,0.650000,0.422500,0.000000
136.1000,0.000000,0.650000,0.650000,0.422500,0.000000
136.1100,0.000000,0.650000,0.650000,0.422500,0.000000
136.1200,0.000000,0.650000,0.650000,0.422500,0.000000
136.1300,0.000000,0.650000,0.650000,0.422500,0.000000
136.1400,0.000000,0.650000,0.650000,0.422500,0.000000
136.1500,0.000000,0.650000,0.650000,0.422500,0.000000
136.1600,0.000000,0.650000,0.650000,0.422500,0.000000
136.1700,0.000000,0.650000,0.650000,0.422500,0.000000
136.1800,0.000000,0.650000,0.650000,0.422500,0.000000
136.1900,0.000000,0.650000,0.650000,0.422500,-0.000000
136.2000,0.000000,0.650000,0.650000,0.422500,-0.000000
136.2100,0.000000,0.650000,0.650000,0.422500,-0.000000
136.2200,0.000000,0.650000,0.650000,0.422500,-0.000000
136.2300,0.000000,0.650000,0.650000,0.422500,-0.000000
136.2400,0.000000,0.650000,0.650000,0.422500,-0.000000
136.2500,0.000000,0.650000,0.650000,0.422500,-0.000000
136.2600,0.000000,0.650000,0.650000,0.422500,-0.000000
136.2700,0.000000,0.650000,0.650000,0.422500,-0.000000
136.2800,-0.000000,0.650000,0.650000,0.422500,-0.000000
136.2900,-0.000000,0.650000,0.650000,0.422500,-0.000000
136.3000,-0.000000,0.650000,0.650000,0.422500,-0.000000
136.3100,-0.000000,0.650000,0.650000,0.422500,-0.000000
136.3200,-0.000000,0.650000,0.650000,0.422500,-0.000000
136.3300,-0.000000,0.650000,0.650000,0.422500,-0.000000
136.3400,-0.000000,0.650000,0.650000,0.422500,-0.000000
136.3500,-0.000000,0.650000,0.650000,0.422500,-0.000000
136.3600,-0.000000,0.650000,0.650000,0.422500,-0.000000
136.3700,-0.000000,0.650000,0.650000,0.422500,-0.000000
136.3800,-0.000000,0.650000,0.650000,0.422500,-0.000000
136.3900,-0.000000,0.650000,0.650000,0.422500,-0.000000
136.4000,-0.000000,0.650000,0.650000,0.422500,-0.000000
136.4100,-0.000000,0.650000,0.650000,0.422500,-0.000000
136.4200,-0.000000,0.650000,0.650000,0.422500,-0.000000
136.4300,-0.000000,0.650000,0.650000,0.422500,-0.000000
136.4400,-0.000000,0.650000,0.650000,0.422500,-0.000000
136.4500,-0.000000,0.650000,0.650000,0.422500,-0.000000
136.4600,-0.000000,0.650000,0.650000,0.422500,-0.000000
136.4700,-0.000000,0.650000,0.650000,0.422500,-0.000000
136.4800,-0.000000,0.650000,0.650000,0.422500,-0.000000
136.4900,-0.000000,0.650000,0.650000,0.422500,-0.000000
136.5000,-0.000000,0.650000,0.650000,0.422500,-0.000000
136.5100,-0.000000,0.650000,0.650000,0.422500,-0.000000
136.5200,-0.000000,0.650000,0.650000,0.422500,-0.000000
136.5300,-0.000000,0.650000,0.650000,0.422500,-0.000000
136.5400,-0.000000,0.650000,0.650000,0.422500,-0.000000
136.5500,-0.000000,0.650000,0.650000,0.422500,-0.000000
136.5600,-0.000000,0.650000,0.650000,0.422500,-0.000000
136.5700,-0.000000,0.650000,0.650000,0.422500,-0.000000
136.5800,-0.000000,0.650000,0.650000,0.422500,-0.000000
136.5900,-0.000000,0.650000,0.650000,0.422500,-0.000000
136.6000,-0.000000,0.650000,0.650000,0.422500,-0.000000
136.6100,-0.000000,0.650000,0.650000,0.422500,-0.000000
136.6200,-0.000000,0.650000,0.650000,0.422500,-0.000000
136.6300,-0.000000,0.650000,0.650000,0.422500,-0.000000
136.6400,-0.000000,0.650000,0.650000,0.422500,-0.000000
136.6500,-0.000000,0.650000,0.650000,0.422500,-0.000000
136.6600,-0.000000,0.650000,0.650000,0.422500,-0.000000
136.6700,-0.000000,0.650000,0.650000,0.422500,-0.000000
136.6800,-0.000000,0.650000,0.650000,0.422500,-0.000000
136.6900,-0.000000,0.650000,0.650000,0.422500,-0.000000
136.7000,-0.000000,0.650000,0.650000,0.422500,-0.000000
136.7100,-0.000000,0.650000,0.650000,0.422500,-0.000000
136.7200,-0.000000,0.650000,0.650000,0.422500,-0.000000
136.7300,-0.000000,0.650000,0.650000,0.422500,-0.000000
136.7400,-0.000000,0.650000,0.650000,0.422500,-0.000000
136.7500,-0.000000,0.650000,0.650000,0.422500,-0.000000
136.7600,-0.000000,0.650000,0.650000,0.422500,-0.000000
136.7700,-0.000000,0.650000,0.650000,0.422500,-0.000000
136.7800,-0.000000,0.650000,0.650000,0.422500,-0.000000
136.7900,-0.000000,0.650000,0.650000,0.422500,-0.000000
136.8000,-0.000000,0.650000,0.650000,0.422500,-0.000000
136.8100,-0.000000,0.650000,0.650000,0.422500,-0.000000
136.8200,-0.000000,0.650000,0.650000,0.422500,-0.000000
136.8300,-0.000000,0.650000,0.650000,0.422500,-0.000000
136.8400,-0.000000,0.650000,0.650000,0.422500,-0.000000
136.8500,-0.000000,0.650000,0.650000,0.422500,-0.000000
136.8600,-0.000000,0.650000,0.650000,0.422500,-0.000000
136.8700,0.000000,0.650000,0.650000,0.422500,-0.000000
136.8800,0.000000,0.650000,0.650000,0.422500,0.000000
136.8900,0.000000,0.650000,0.650000,0.422500,0.000000
136.9000,0.000000,0.650000,0.650000,0.422500,0.000000
136.9100,0.000000,0.650000,0.650000,0.422500,0.000000
136.9200,0.000000,0.650000,0.650000,0.422500,0.000000
136.9300,0.000000,0.650000,0.650000,0.422500,0.000000
136.9400,0.000000,0.650000,0.650000,0.422500,0.000000
136.9500,0.000000,0.650000,0.650000,0.422500,0.000000
136.9600,0.000000,0.650000,0.650000,0.422500,0.000000
136.9700,0.000000,0.650000,0.650000,0.422500,0.000000
136.9800,0.000000,0.650000,0.650000,0.422500,0.000000
136.9900,0.000000,0.650000,0.650000,0.422500,0.000000
137.0000,0.000000,0.650000,0.650000,0.422500,0.000000
137.0100,0.000000,0.650000,0.650000,0.422500,0.000000
137.0200,0.000000,0.650000,0.650000,0.422500,0.000000
137.0300,0.000000,0.650000,0.650000,0.422500,0.000000
137.0400,0.000000,0.650000,0.650000,0.422500,0.000000
137.0500,0.000000,0.650000,0.650000,0.422500,0.000000
137.0600,0.000000,0.650000,0.650000,0.422500,0.000000
137.0700,0.000000,0.650000,0.650000,0.422500,0.000000
137.0800,0.000000,0.650000,0.650000,0.422500,0.000000
137.0900,0.000000,0.650000,0.650000,0.422500,0.000000
137.1000,0.000000,0.650000,0.650000,0.422500,0.000000
137.1100,0.000000,0.650000,0.650000,0.422500,0.000000
137.1200,0.000000,0.650000,0.650000,0.422500,0.000000
137.1300,0.000000,0.650000,0.650000,0.422500,0.000000
137.1400,0.000000,0.650000,0.650000,0.422500,0.000000
137.1500,0.000000,0.650000,0.650000,0.422500,0.000000
137.1600,0.000000,0.650000,0.650000,0.422500,0.000000
137.1700,0.000000,0.650000,0.650000,0.422500,0.000000
137.1800,0.000000,0.650000,0.650000,0.422500,0.000000
137.1900,0.000000,0.650000,0.650000,0.422500,0.000000
137.2000,0.000000,0.650000,0.650000,0.422500,0.000000
137.2100,0.000000,0.650000,0.650000,0.422500,0.000000
137.2200,0.000000,0.650000,0.650000,0.422500,0.000000
137.2300,0.000000,0.650000,0.650000,0.422500,0.000000
137.2400,0.000000,0.650000,0.650000,0.422500,0.000000
137.2500,0.000000,0.650000,0.650000,0.422500,0.000000
137.2600,0.000000,0.650000,0.650000,0.422500,0.000000
137.2700,0.000000,0.650000,0.650000,0.422500,0.000000
137.2800,0.000000,0.650000,0.650000,0.422500,0.000000
137.2900,0.000000,0.650000,0.650000,0.422500,0.000000
137.3000,0.000000,0.650000,0.650000,0.422500,0.000000
137.3100,0.000000,0.650000,0.650000,0.422500,0.000000
137.3200,0.000000,0.650000,0.650000,0.422500,0.000000
137.3300,0.000000,0.650000,0.650000,0.422500,0.000000
137.3400,0.000000,0.650000,0.650000,0.422500,0.000000
137.3500,0.000000,0.650000,0.650000,0.422500,0.000000
137.3600,0.000000,0.650000,0.650000,0.422500,0.000000
137.3700,0.000000,0.650000,0.650000,0.422500,0.000000
137.3800,0.000000,0.650000,0.650000,0.422500,0.000000
137.3900,0.000000,0.650000,0.650000,0.422500,0.000000
137.4000,0.000000,0.650000,0.650000,0.422500,0.000000
137.4100,0.000000,0.650000,0.650000,0.422500,0.000000
137.4200,0.000000,0.650000,0.650000,0.422500,0.000000
137.4300,0.000000,0.650000,0.650000,0.422500,0.000000
137.4400,0.000000,0.650000,0.650000,0.422500,0.000000
137.4500,0.000000,0.650000,0.650000,0.422500,0.000000
137.4600,0.000000,0.650000,0.650000,0.422500,0.000000
137.4700,0.000000,0.650000,0.650000,0.422500,0.000000
137.4800,0.000000,0.650000,0.650000,0.422500,0.000000
137.4900,0.000000,0.650000,0.650000,0.422500,0.000000
137.5000,0.000000,0.650000,0.650000,0.422500,0.000000
137.5100,0.000000,0.650000,0.650000,0.422500,0.000000
137.5200,0.000000,0.650000,0.650000,0.422500,0.000000
137.5300,0.000000,0.650000,0.650000,0.422500,0.000000
137.5400,0.000000,0.650000,0.650000,0.422500,0.000000
137.5500,0.000000,0.650000,0.650000,0.422500,0.000000
137.5600,0.000000,0.650000,0.650000,0.422500,0.000000
137.5700,0.000000,0.650000,0.650000,0.422500,-0.000000
137.5800,0.000000,0.650000,0.650000,0.422500,-0.000000
137.5900,0.000000,0.650000,0.650000,0.422500,-0.000000
137.6000,0.000000,0.650000,0.650000,0.422500,-0.000000
137.6100,0.000000,0.650000,0.650000,0.422500,-0.000000
137.6200,0.000000,0.650000,0.650000,0.422500,-0.000000
137.6300,0.000000,0.650000,0.650000,0.422500,-0.000000
137.6400,0.000000,0.650000,0.650000,0.422500,-0.000000
137.6500,0.000000,0.650000,0.650000,0.422500,-0.000000
137.6600,-0.000000,0.650000,0.650000,0.422500,-0.000000
137.6700,-0.000000,0.650000,0.650000,0.422500,-0.000000
137.6800,-0.000000,0.650000,0.650000,0.422500,-0.000000
137.6900,-0.000000,0.650000,0.650000,0.422500,-0.000000
137.7000,-0.000000,0.650000,0.650000,0.422500,-0.000000
137.7100,-0.000000,0.650000,0.650000,0.422500,-0.000000
137.7200,-0.000000,0.650000,0.650000,0.422500,-0.000000
137.7300,-0.000000,0.650000,0.650000,0.422500,-0.000000
137.7400,-0.000000,0.650000,0.650000,0.422500,-0.000000
137.7500,-0.000000,0.650000,0.650000,0.422500,-0.000000
137.7600,-0.000000,0.650000,0.650000,0.422500,-0.000000
137.7700,-0.000000,0.650000,0.650000,0.422500,-0.000000
137.7800,-0.000000,0.650000,0.650000,0.422500,-0.000000
137.7900,-0.000000,0.650000,0.650000,0.422500,-0.000000
137.8000,-0.000000,0.650000,0.650000,0.422500,-0.000000
137.8100,-0.000000,0.650000,0.650000,0.422500,-0.000000
137.8200,-0.000000,0.650000,0.650000,0.422500,-0.000000
137.8300,-0.000000,0.650000,0.650000,0.422500,-0.000000
137.8400,-0.000000,0.650000,0.650000,0.422500,-0.000000
137.8500,-0.000000,0.650000,0.650000,0.422500,-0.000000
137.8600,-0.000000,0.650000,0.650000,0.422500,-0.000000
137.8700,-0.000000,0.650000,0.650000,0.422500,-0.000000
137.8800,-0.000000,0.650000,0.650000,0.422500,-0.000000
137.8900,-0.000000,0.650000,0.650000,0.422500,-0.000000
137.9000,-0.000000,0.650000,0.650000,0.422500,-0.000000
137.9100,-0.000000,0.650000,0.650000,0.422500,-0.000000
137.9200,-0.000000,0.650000,0.650000,0.422500,-0.000000
137.9300,-0.000000,0.650000,0.650000,0.422500,-0.000000
137.9400,-0.000000,0.650000,0.650000,0.422500,-0.000000
137.9500,-0.000000,0.650000,0.650000,0.422500,-0.000000
137.9600,-0.000000,0.650000,0.650000,0.422500,-0.000000
137.9700,-0.000000,0.650000,0.650000,0.422500,-0.000000
137.9800,-0.000000,0.650000,0.650000,0.422500,-0.000000
137.9900,-0.000000,0.650000,0.650000,0.422500,-0.000000
138.0000,-0.000000,0.650000,0.650000,0.422500,-0.000000
138.0100,-0.000000,0.650000,0.650000,0.422500,-0.000000
138.0200,-0.000000,0.650000,0.650000,0.422500,-0.000000
138.0300,-0.000000,0.650000,0.650000,0.422500,-0.000000
138.0400,-0.000000,0.650000,0.650000,0.422500,-0.000000
138.0500,-0.000000,0.650000,0.650000,0.422500,-0.000000
138.0600,-0.000000,0.650000,0.650000,0.422500,-0.000000
138.0700,-0.000000,0.650000,0.650000,0.422500,-0.000000
138.0800,-0.000000,0.650000,0.650000,0.422500,-0.000000
138.0900,-0.000000,0.650000,0.650000,0.422500,-0.000000
138.1000,-0.000000,0.650000,0.650000,0.422500,-0.000000
138.1100,-0.000000,0.650000,0.650000,0.422500,-0.000000
138.1200,-0.000000,0.650000,0.650000,0.422500,-0.000000
138.1300,-0.000000,0.650000,0.650000,0.422500,-0.000000
138.1400,-0.000000,0.650000,0.650000,0.422500,-0.000000
138.1500,-0.000000,0.650000,0.650000,0.422500,-0.000000
138.1600,-0.000000,0.650000,0.650000,0.422500,-0.000000
138.1700,-0.000000,0.650000,0.650000,0.422500,-0.000000
138.1800,-0.000000,0.650000,0.650000,0.422500,-0.000000
138.1900,-0.000000,0.650000,0.650000,0.422500,-0.000000
138.2000,-0.000000,0.650000,0.650000,0.422500,-0.000000
138.2100,-0.000000,0.650000,0.650000,0.422500,-0.000000
138.2200,-0.000000,0.650000,0.650000,0.422500,-0.000000
138.2300,-0.000000,0.650000,0.650000,0.422500,-0.000000
138.2400,-0.000000,0.650000,0.650000,0.422500,-0.000000
138.2500,-0.000000,0.650000,0.650000,0.422500,-0.000000
138.2600,-0.000000,0.650000,0.650000,0.422500,-0.000000
138.2700,-0.000000,0.650000,0.650000,0.422500,-0.000000
138.2800,-0.000000,0.650000,0.650000,0.422500,-0.000000
138.2900,-0.000000,0.650000,0.650000,0.422500,-0.000000
138.3000,-0.000000,0.650000,0.650000,0.422500,-0.000000
138.3100,0.000000,0.650000,0.650000,0.422500,-0.000000
138.3200,0.000000,0.650000,0.650000,0.422500,-0.000000
138.3300,0.000000,0.650000,0.650000,0.422500,0.000000
138.3400,0.000000,0.650000,0.650000,0.422500,0.000000
138.3500,0.000000,0.650000,0.650000,0.422500,0.000000
138.3600,0.000000,0.650000,0.650000,0.422500,0.000000
138.3700,0.000000,0.650000,0.650000,0.422500,0.000000
138.3800,0.000000,0.650000,0.650000,0.422500,0.000000
138.3900,0.000000,0.650000,0.650000,0.422500,0.000000
138.4000,0.000000,0.650000,0.650000,0.422500,0.000000
138.4100,0.000000,0.650000,0.650000,0.422500,0.000000
138.4200,0.000000,0.650000,0.650000,0.422500,0.000000
138.4300,0.000000,0.650000,0.650000,0.422500,0.000000
138.4400,0.000000,0.650000,0.650000,0.422500,0.000000
138.4500,0.000000,0.650000,0.650000,0.422500,0.000000
138.4600,0.000000,0.650000,0.650000,0.422500,0.000000
138.4700,0.000000,0.650000,0.650000,0.422500,0.000000
138.4800,0.000000,0.650000,0.650000,0.422500,0.000000
138.4900,0.000000,0.650000,0.650000,0.422500,0.000000
138.5000,0.000000,0.650000,0.650000,0.422500,0.000000
138.5100,0.000000,0.650000,0.650000,0.422500,0.000000
138.5200,0.000000,0.650000,0.650000,0.422500,0.000000
138.5300,0.000000,0.650000,0.650000,0.422500,0.000000
138.5400,0.000000,0.650000,0.650000,0.422500,0.000000
138.5500,0.000000,0.650000,0.650000,0.422500,0.000000
138.5600,0.000000,0.650000,0.650000,0.422500,0.000000
138.5700,0.000000,0.650000,0.650000,0.422500,0.000000
138.5800,0.000000,0.650000,0.650000,0.422500,0.000000
138.5900,0.000000,0.650000,0.650000,0.422500,0.000000
138.6000,0.000000,0.650000,0.650000,0.422500,0.000000
138.6100,0.000000,0.650000,0.650000,0.422500,0.000000
138.6200,0.000000,0.650000,0.650000,0.422500,0.000000
138.6300,0.000000,0.650000,0.650000,0.422500,0.000000
138.6400,0.000000,0.650000,0.650000,0.422500,0.000000
138.6500,0.000000,0.650000,0.650000,0.422500,0.000000
138.6600,0.000000,0.650000,0.650000,0.422500,0.000000
138.6700,0.000000,0.650000,0.650000,0.422500,0.000000
138.6800,0.000000,0.650000,0.650000,0.422500,0.000000
138.6900,0.000000,0.650000,0.650000,0.422500,0.000000
138.7000,0.000000,0.650000,0.650000,0.422500,0.000000
138.7100,0.000000,0.650000,0.650000,0.422500,0.000000
138.7200,0.000000,0.650000,0.650000,0.422500,0.000000
138.7300,0.000000,0.650000,0.650000,0.422500,0.000000
138.7400,0.000000,0.650000,0.650000,0.422500,0.000000
138.7500,0.000000,0.650000,0.650000,0.422500,0.000000
138.7600,0.000000,0.650000,0.650000,0.422500,0.000000
138.7700,0.000000,0.650000,0.650000,0.422500,0.000000
138.7800,0.000000,0.650000,0.650000,0.422500,0.000000
138.7900,0.000000,0.650000,0.650000,0.422500,0.000000
138.8000,0.000000,0.650000,0.650000,0.422500,0.000000
138.8100,0.000000,0.650000,0.650000,0.422500,0.000000
138.8200,0.000000,0.650000,0.650000,0.422500,0.000000
138.8300,0.000000,0.650000,0.650000,0.422500,0.000000
138.8400,0.000000,0.650000,0.650000,0.422500,0.000000
138.8500,0.000000,0.650000,0.650000,0.422500,0.000000
138.8600,0.000000,0.650000,0.650000,0.422500,0.000000
138.8700,0.000000,0.650000,0.650000,0.422500,0.000000
138.8800,0.000000,0.650000,0.650000,0.422500,0.000000
138.8900,0.000000,0.650000,0.650000,0.422500,0.000000
138.9000,0.000000,0.650000,0.650000,0.422500,0.000000
138.9100,0.000000,0.650000,0.650000,0.422500,0.000000
138.9200,0.000000,0.650000,0.650000,0.422500,0.000000
138.9300,0.000000,0.650000,0.650000,0.422500,0.000000
138.9400,0.000000,0.650000,0.650000,0.422500,0.000000
138.9500,0.000000,0.650000,0.650000,0.422500,0.000000
138.9600,0.000000,0.650000,0.650000,0.422500,0.000000
138.9700,0.000000,0.650000,0.650000,0.422500,0.000000
138.9800,0.000000,0.650000,0.650000,0.422500,0.000000
138.9900,0.000000,0.650000,0.650000,0.422500,0.000000
139.0000,0.000000,0.650000,0.650000,0.422500,0.000000
139.0100,0.000000,0.650000,0.650000,0.422500,-0.000000
139.0200,0.000000,0.650000,0.650000,0.422500,-0.000000
139.0300,0.000000,0.650000,0.650000,0.422500,-0.000000
139.0400,0.000000,0.650000,0.650000,0.422500,-0.000000
139.0500,0.000000,0.650000,0.650000,0.422500,-0.000000
139.0600,0.000000,0.650000,0.650000,0.422500,-0.000000
139.0700,0.000000,0.650000,0.650000,0.422500,-0.000000
139.0800,0.000000,0.650000,0.650000,0.422500,-0.000000
139.0900,0.000000,0.650000,0.650000,0.422500,-0.000000
139.1000,-0.000000,0.650000,0.650000,0.422500,-0.000000
139.1100,-0.000000,0.650000,0.650000,0.422500,-0.000000
139.1200,-0.000000,0.650000,0.650000,0.422500,-0.000000
139.1300,-0.000000,0.650000,0.650000,0.422500,-0.000000
139.1400,-0.000000,0.650000,0.650000,0.422500,-0.000000
139.1500,-0.000000,0.650000,0.650000,0.422500,-0.000000
139.1600,-0.000000,0.650000,0.650000,0.422500,-0.000000
139.1700,-0.000000,0.650000,0.650000,0.422500,-0.000000
139.1800,-0.000000,0.650000,0.650000,0.422500,-0.000000
139.1900,-0.000000,0.650000,0.650000,0.422500,-0.000000
139.2000,-0.000000,0.650000,0.650000,0.422500,-0.000000
139.2100,-0.000000,0.650000,0.650000,0.422500,-0.000000
139.2200,-0.000000,0.650000,0.650000,0.422500,-0.000000
139.2300,-0.000000,0.650000,0.650000,0.422500,-0.000000
139.2400,-0.000000,0.650000,0.650000,0.422500,-0.000000
139.2500,-0.000000,0.650000,0.650000,0.422500,-0.000000
139.2600,-0.000000,0.650000,0.650000,0.422500,-0.000000
139.2700,-0.000000,0.650000,0.650000,0.422500,-0.000000
139.2800,-0.000000,0.650000,0.650000,0.422500,-0.000000
139.2900,-0.000000,0.650000,0.650000,0.422500,-0.000000
139.3000,-0.000000,0.650000,0.650000,0.422500,-0.000000
139.3100,-0.000000,0.650000,0.650000,0.422500,-0.000000
139.3200,-0.000000,0.650000,0.650000,0.422500,-0.000000
139.3300,-0.000000,0.650000,0.650000,0.422500,-0.000000
139.3400,-0.000000,0.650000,0.650000,0.422500,-0.000000
139.3500,-0.000000,0.650000,0.650000,0.422500,-0.000000
139.3600,-0.000000,0.650000,0.650000,0.422500,-0.000000
139.3700,-0.000000,0.650000,0.650000,0.422500,-0.000000
139.3800,-0.000000,0.650000,0.650000,0.422500,-0.000000
139.3900,-0.000000,0.650000,0.650000,0.422500,-0.000000
139.4000,-0.000000,0.650000,0.650000,0.422500,-0.000000
139.4100,-0.000000,0.650000,0.650000,0.422500,-0.000000
139.4200,-0.000000,0.650000,0.650000,0.422500,-0.000000
139.4300,-0.000000,0.650000,0.650000,0.422500,-0.000000
139.4400,-0.000000,0.650000,0.650000,0.422500,-0.000000
139.4500,-0.000000,0.650000,0.650000,0.422500,-0.000000
139.4600,-0.000000,0.650000,0.650000,0.422500,-0.000000
139.4700,-0.000000,0.650000,0.650000,0.422500,-0.000000
139.4800,-0.000000,0.650000,0.650000,0.422500,-0.000000
139.4900,-0.000000,0.650000,0.650000,0.422500,-0.000000
139.5000,-0.000000,0.650000,0.650000,0.422500,-0.000000
139.5100,-0.000000,0.650000,0.650000,0.422500,-0.000000
139.5200,-0.000000,0.650000,0.650000,0.422500,-0.000000
139.5300,-0.000000,0.650000,0.650000,0.422500,-0.000000
139.5400,-0.000000,0.650000,0.650000,0.422500,-0.000000
139.5500,-0.000000,0.650000,0.650000,0.422500,-0.000000
139.5600,-0.000000,0.650000,0.650000,0.422500,-0.000000
139.5700,-0.000000,0.650000,0.650000,0.422500,-0.000000
139.5800,-0.000000,0.650000,0.650000,0.422500,-0.000000
139.5900,-0.000000,0.650000,0.650000,0.422500,-0.000000
139.6000,-0.000000,0.650000,0.650000,0.422500,-0.000000
139.6100,0.000000,0.650000,0.650000,0.422500,-0.000000
139.6200,0.000000,0.650000,0.650000,0.422500,-0.000000
139.6300,0.000000,0.650000,0.650000,0.422500,-0.000000
139.6400,0.000000,0.650000,0.650000,0.422500,-0.000000
139.6500,0.000000,0.650000,0.650000,0.422500,0.000000
139.6600,0.000000,0.650000,0.650000,0.422500,0.000000
139.6700,0.000000,0.650000,0.650000,0.422500,0.000000
139.6800,0.000000,0.650000,0.650000,0.422500,0.000000
139.6900,0.000000,0.650000,0.650000,0.422500,0.000000
139.7000,0.000000,0.650000,0.650000,0.422500,0.000000
139.7100,0.000000,0.650000,0.650000,0.422500,0.000000
139.7200,0.000000,0.650000,0.650000,0.422500,0.000000
139.7300,0.000000,0.650000,0.650000,0.422500,0.000000
139.7400,0.000000,0.650000,0.650000,0.422500,0.000000
139.7500,0.000000,0.650000,0.650000,0.422500,0.000000
139.7600,0.000000,0.650000,0.650000,0.422500,0.000000
139.7700,0.000000,0.650000,0.650000,0.422500,0.000000
139.7800,0.000000,0.650000,0.650000,0.422500,0.000000
139.7900,0.000000,0.650000,0.650000,0.422500,0.000000
139.8000,0.000000,0.650000,0.650000,0.422500,0.000000
139.8100,0.000000,0.650000,0.650000,0.422500,0.000000
139.8200,0.000000,0.650000,0.650000,0.422500,0.000000
139.8300,0.000000,0.650000,0.650000,0.422500,0.000000
139.8400,0.000000,0.650000,0.650000,0.422500,0.000000
139.8500,0.000000,0.650000,0.650000,0.422500,0.000000
139.8600,0.000000,0.650000,0.650000,0.422500,0.000000
139.8700,0.000000,0.650000,0.650000,0.422500,0.000000
139.8800,0.000000,0.650000,0.650000,0.422500,0.000000
139.8900,0.000000,0.650000,0.650000,0.422500,0.000000
139.9000,0.000000,0.650000,0.650000,0.422500,0.000000
139.9100,0.000000,0.650000,0.650000,0.422500,0.000000
139.9200,0.000000,0.650000,0.650000,0.422500,0.000000
139.9300,0.000000,0.650000,0.650000,0.422500,0.000000
139.9400,0.000000,0.650000,0.650000,0.422500,0.000000
139.9500,0.000000,0.650000,0.650000,0.422500,0.000000
139.9600,0.000000,0.650000,0.650000,0.422500,0.000000
139.9700,0.000000,0.650000,0.650000,0.422500,0.000000
139.9800,0.000000,0.650000,0.650000,0.422500,0.000000
139.9900,0.000000,0.650000,0.650000,0.422500,0.000000
140.0000,0.000000,0.650000,0.650000,0.422500,0.000000
140.0100,0.000000,0.650000,0.650000,0.422500,0.000000
140.0200,0.000000,0.650000,0.650000,0.422500,0.000000
140.0300,0.000000,0.650000,0.650000,0.422500,0.000000
140.0400,0.000000,0.650000,0.650000,0.422500,0.000000
140.0500,0.000000,0.650000,0.650000,0.422500,0.000000
140.0600,0.000000,0.650000,0.650000,0.422500,0.000000
140.0700,0.000000,0.650000,0.650000,0.422500,0.000000
140.0800,0.000000,0.650000,0.650000,0.422500,0.000000
140.0900,0.000000,0.650000,0.650000,0.422500,0.000000
140.1000,0.000000,0.650000,0.650000,0.422500,0.000000
140.1100,0.000000,0.650000,0.650000,0.422500,0.000000
140.1200,0.000000,0.650000,0.650000,0.422500,0.000000
140.1300,0.000000,0.650000,0.650000,0.422500,0.000000
140.1400,0.000000,0.650000,0.650000,0.422500,0.000000
140.1500,0.000000,0.650000,0.650000,0.422500,0.000000
140.1600,0.000000,0.650000,0.650000,0.422500,0.000000
140.1700,0.000000,0.650000,0.650000,0.422500,0.000000
140.1800,0.000000,0.650000,0.650000,0.422500,0.000000
140.1900,0.000000,0.650000,0.650000,0.422500,0.000000
140.2000,0.000000,0.650000,0.650000,0.422500,0.000000
140.2100,0.000000,0.650000,0.650000,0.422500,0.000000
140.2200,0.000000,0.650000,0.650000,0.422500,0.000000
140.2300,0.000000,0.650000,0.650000,0.422500,0.000000
140.2400,0.000000,0.650000,0.650000,0.422500,0.000000
140.2500,0.000000,0.650000,0.650000,0.422500,0.000000
140.2600,0.000000,0.650000,0.650000,0.422500,0.000000
140.2700,0.000000,0.650000,0.650000,0.422500,0.000000
140.2800,0.000000,0.650000,0.650000,0.422500,0.000000
140.2900,0.000000,0.650000,0.650000,0.422500,0.000000
140.3000,0.000000,0.650000,0.650000,0.422500,0.000000
140.3100,0.000000,0.650000,0.650000,0.422500,0.000000
140.3200,0.000000,0.650000,0.650000,0.422500,0.000000
140.3300,0.000000,0.650000,0.650000,0.422500,0.000000
140.3400,0.000000,0.650000,0.650000,0.422500,0.000000
140.3500,0.000000,0.650000,0.650000,0.422500,0.000000
140.3600,0.000000,0.650000,0.650000,0.422500,0.000000
140.3700,0.000000,0.650000,0.650000,0.422500,0.000000
140.3800,0.000000,0.650000,0.650000,0.422500,0.000000
140.3900,0.000000,0.650000,0.650000,0.422500,0.000000
140.4000,0.000000,0.650000,0.650000,0.422500,-0.000000
140.4100,0.000000,0.650000,0.650000,0.422500,-0.000000
140.4200,0.000000,0.650000,0.650000,0.422500,-0.000000
140.4300,0.000000,0.650000,0.650000,0.422500,-0.000000
140.4400,0.000000,0.650000,0.650000,0.422500,-0.000000
140.4500,0.000000,0.650000,0.650000,0.422500,-0.000000
140.4600,0.000000,0.650000,0.650000,0.422500,-0.000000
140.4700,0.000000,0.650000,0.650000,0.422500,-0.000000
140.4800,0.000000,0.650000,0.650000,0.422500,-0.000000
140.4900,0.000000,0.650000,0.650000,0.422500,-0.000000
140.5000,0.000000,0.650000,0.650000,0.422500,-0.000000
140.5100,0.000000,0.650000,0.650000,0.422500,-0.000000
140.5200,0.000000,0.650000,0.650000,0.422500,-0.000000
140.5300,0.000000,0.650000,0.650000,0.422500,-0.000000
140.5400,0.000000,0.650000,0.650000,0.422500,-0.000000
140.5500,-0.000000,0.650000,0.650000,0.422500,-0.000000
140.5600,-0.000000,0.650000,0.650000,0.422500,-0.000000
140.5700,-0.000000,0.650000,0.650000,0.422500,-0.000000
140.5800,-0.000000,0.650000,0.650000,0.422500,-0.000000
140.5900,-0.000000,0.650000,0.650000,0.422500,-0.000000
140.6000,-0.000000,0.650000,0.650000,0.422500,-0.000000
140.6100,-0.000000,0.650000,0.650000,0.422500,-0.000000
140.6200,-0.000000,0.650000,0.650000,0.422500,-0.000000
140.6300,-0.000000,0.650000,0.650000,0.422500,-0.000000
140.6400,-0.000000,0.650000,0.650000,0.422500,-0.000000
140.6500,-0.000000,0.650000,0.650000,0.422500,-0.000000
140.6600,-0.000000,0.650000,0.650000,0.422500,-0.000000
140.6700,-0.000000,0.650000,0.650000,0.422500,-0.000000
140.6800,-0.000000,0.650000,0.650000,0.422500,-0.000000
140.6900,-0.000000,0.650000,0.650000,0.422500,-0.000000
140.7000,-0.000000,0.650000,0.650000,0.422500,-0.000000
140.7100,-0.000000,0.650000,0.650000,0.422500,-0.000000
140.7200,-0.000000,0.650000,0.650000,0.422500,-0.000000
140.7300,-0.000000,0.650000,0.650000,0.422500,-0.000000
140.7400,-0.000000,0.650000,0.650000,0.422500,-0.000000
140.7500,-0.000000,0.650000,0.650000,0.422500,-0.000000
140.7600,-0.000000,0.650000,0.650000,0.422500,-0.000000
140.7700,-0.000000,0.650000,0.650000,0.422500,-0.000000
140.7800,-0.000000,0.650000,0.650000,0.422500,-0.000000
140.7900,-0.000000,0.650000,0.650000,0.422500,-0.000000
140.8000,-0.000000,0.650000,0.650000,0.422500,-0.000000
140.8100,-0.000000,0.650000,0.650000,0.422500,-0.000000
140.8200,-0.000000,0.650000,0.650000,0.422500,-0.000000
140.8300,-0.000000,0.650000,0.650000,0.422500,-0.000000
140.8400,-0.000000,0.650000,0.650000,0.422500,-0.000000
140.8500,-0.000000,0.650000,0.650000,0.422500,-0.000000
140.8600,-0.000000,0.650000,0.650000,0.422500,-0.000000
140.8700,-0.000000,0.650000,0.650000,0.422500,-0.000000
140.8800,-0.000000,0.650000,0.650000,0.422500,-0.000000
140.8900,-0.000000,0.650000,0.650000,0.422500,-0.000000
140.9000,-0.000000,0.650000,0.650000,0.422500,-0.000000
140.9100,-0.000000,0.650000,0.650000,0.422500,-0.000000
140.9200,-0.000000,0.650000,0.650000,0.422500,-0.000000
140.9300,-0.000000,0.650000,0.650000,0.422500,-0.000000
140.9400,-0.000000,0.650000,0.650000,0.422500,-0.000000
140.9500,-0.000000,0.650000,0.650000,0.422500,-0.000000
140.9600,-0.000000,0.650000,0.650000,0.422500,-0.000000
140.9700,-0.000000,0.650000,0.650000,0.422500,-0.000000
140.9800,-0.000000,0.650000,0.650000,0.422500,-0.000000
140.9900,-0.000000,0.650000,0.650000,0.422500,-0.000000
141.0000,-0.000000,0.650000,0.650000,0.422500,-0.000000
141.0100,-0.000000,0.650000,0.650000,0.422500,-0.000000
141.0200,-0.000000,0.650000,0.650000,0.422500,-0.000000
141.0300,-0.000000,0.650000,0.650000,0.422500,-0.000000
141.0400,-0.000000,0.650000,0.650000,0.422500,-0.000000
141.0500,-0.000000,0.650000,0.650000,0.422500,-0.000000
141.0600,-0.000000,0.650000,0.650000,0.422500,-0.000000
141.0700,-0.000000,0.650000,0.650000,0.422500,-0.000000
141.0800,-0.000000,0.650000,0.650000,0.422500,-0.000000
141.0900,-0.000000,0.650000,0.650000,0.422500,-0.000000
141.1000,-0.000000,0.650000,0.650000,0.422500,-0.000000
141.1100,-0.000000,0.650000,0.650000,0.422500,-0.000000
141.1200,-0.000000,0.650000,0.650000,0.422500,-0.000000
141.1300,-0.000000,0.650000,0.650000,0.422500,-0.000000
141.1400,-0.000000,0.650000,0.650000,0.422500,-0.000000
141.1500,-0.000000,0.650000,0.650000,0.422500,-0.000000
141.1600,-0.000000,0.650000,0.650000,0.422500,-0.000000
141.1700,-0.000000,0.650000,0.650000,0.422500,-0.000000
141.1800,-0.000000,0.650000,0.650000,0.422500,-0.000000
141.1900,-0.000000,0.650000,0.650000,0.422500,-0.000000
141.2000,-0.000000,0.650000,0.650000,0.422500,-0.000000
141.2100,-0.000000,0.650000,0.650000,0.422500,-0.000000
141.2200,-0.000000,0.650000,0.650000,0.422500,-0.000000
141.2300,-0.000000,0.650000,0.650000,0.422500,-0.000000
141.2400,-0.000000,0.650000,0.650000,0.422500,-0.000000
141.2500,-0.000000,0.650000,0.650000,0.422500,-0.000000
141.2600,-0.000000,0.650000,0.650000,0.422500,-0.000000
141.2700,-0.000000,0.650000,0.650000,0.422500,-0.000000
141.2800,-0.000000,0.650000,0.650000,0.422500,-0.000000
141.2900,-0.000000,0.650000,0.650000,0.422500,-0.000000
141.3000,-0.000000,0.650000,0.650000,0.422500,-0.000000
141.3100,-0.000000,0.650000,0.650000,0.422500,-0.000000
141.3200,-0.000000,0.650000,0.650000,0.422500,-0.000000
141.3300,-0.000000,0.650000,0.650000,0.422500,-0.000000
141.3400,-0.000000,0.650000,0.650000,0.422500,-0.000000
141.3500,-0.000000,0.650000,0.650000,0.422500,-0.000000
141.3600,-0.000000,0.650000,0.650000,0.422500,-0.000000
141.3700,-0.000000,0.650000,0.650000,0.422500,-0.000000
141.3800,-0.000000,0.650000,0.650000,0.422500,-0.000000
141.3900,-0.000000,0.650000,0.650000,0.422500,-0.000000
141.4000,-0.000000,0.650000,0.650000,0.422500,-0.000000
141.4100,-0.000000,0.650000,0.650000,0.422500,-0.000000
141.4200,-0.000000,0.650000,0.650000,0.422500,-0.000000
141.4300,-0.000000,0.650000,0.650000,0.422500,-0.000000
141.4400,-0.000000,0.650000,0.650000,0.422500,-0.000000
141.4500,-0.000000,0.650000,0.650000,0.422500,-0.000000
141.4600,-0.000000,0.650000,0.650000,0.422500,-0.000000
141.4700,-0.000000,0.650000,0.650000,0.422500,-0.000000
141.4800,-0.000000,0.650000,0.650000,0.422500,-0.000000
141.4900,-0.000000,0.650000,0.650000,0.422500,-0.000000
141.5000,-0.000000,0.650000,0.650000,0.422500,-0.000000
141.5100,-0.000000,0.650000,0.650000,0.422500,-0.000000
141.5200,-0.000000,0.650000,0.650000,0.422500,-0.000000
141.5300,-0.000000,0.650000,0.650000,0.422500,-0.000000
141.5400,-0.000000,0.650000,0.650000,0.422500,-0.000000
141.5500,-0.000000,0.650000,0.650000,0.422500,-0.000000
141.5600,-0.000000,0.650000,0.650000,0.422500,-0.000000
141.5700,-0.000000,0.650000,0.650000,0.422500,-0.000000
141.5800,-0.000000,0.650000,0.650000,0.422500,-0.000000
141.5900,-0.000000,0.650000,0.650000,0.422500,-0.000000
141.6000,-0.000000,0.650000,0.650000,0.422500,-0.000000
141.6100,-0.000000,0.650000,0.650000,0.422500,-0.000000
141.6200,-0.000000,0.650000,0.650000,0.422500,-0.000000
141.6300,-0.000000,0.650000,0.650000,0.422500,-0.000000
141.6400,-0.000000,0.650000,0.650000,0.422500,-0.000000
141.6500,-0.000000,0.650000,0.650000,0.422500,-0.000000
141.6600,-0.000000,0.650000,0.650000,0.422500,-0.000000
141.6700,-0.000000,0.650000,0.650000,0.422500,-0.000000
141.6800,-0.000000,0.650000,0.650000,0.422500,-0.000000
141.6900,-0.000000,0.650000,0.650000,0.422500,-0.000000
141.7000,-0.000000,0.650000,0.650000,0.422500,-0.000000
141.7100,-0.000000,0.650000,0.650000,0.422500,-0.000000
141.7200,-0.000000,0.650000,0.650000,0.422500,-0.000000
141.7300,-0.000000,0.650000,0.650000,0.422500,-0.000000
141.7400,-0.000000,0.650000,0.650000,0.422500,-0.000000
141.7500,-0.000000,0.650000,0.650000,0.422500,-0.000000
141.7600,-0.000000,0.650000,0.650000,0.422500,-0.000000
141.7700,-0.000000,0.650000,0.650000,0.422500,-0.000000
141.7800,-0.000000,0.650000,0.650000,0.422500,-0.000000
141.7900,-0.000000,0.650000,0.650000,0.422500,-0.000000
141.8000,-0.000000,0.650000,0.650000,0.422500,-0.000000
141.8100,-0.000000,0.650000,0.650000,0.422500,-0.000000
141.8200,-0.000000,0.650000,0.650000,0.422500,-0.000000
141.8300,-0.000000,0.650000,0.650000,0.422500,-0.000000
141.8400,-0.000000,0.650000,0.650000,0.422500,-0.000000
141.8500,-0.000000,0.650000,0.650000,0.422500,-0.000000
141.8600,-0.000000,0.650000,0.650000,0.422500,-0.000000
141.8700,-0.000000,0.650000,0.650000,0.422500,-0.000000
141.8800,-0.000000,0.650000,0.650000,0.422500,-0.000000
141.8900,-0.000000,0.650000,0.650000,0.422500,-0.000000
141.9000,-0.000000,0.650000,0.650000,0.422500,-0.000000
141.9100,-0.000000,0.650000,0.650000,0.422500,-0.000000
141.9200,-0.000000,0.650000,0.650000,0.422500,-0.000000
141.9300,-0.000000,0.650000,0.650000,0.422500,-0.000000
141.9400,-0.000000,0.650000,0.650000,0.422500,-0.000000
141.9500,-0.000000,0.650000,0.650000,0.422500,-0.000000
141.9600,-0.000000,0.650000,0.650000,0.422500,-0.000000
141.9700,-0.000000,0.650000,0.650000,0.422500,-0.000000
141.9800,-0.000000,0.650000,0.650000,0.422500,-0.000000
141.9900,-0.000000,0.650000,0.650000,0.422500,-0.000000
142.0000,-0.000000,0.650000,0.650000,0.422500,-0.000000
142.0100,-0.000000,0.650000,0.650000,0.422500,-0.000000
142.0200,-0.000000,0.650000,0.650000,0.422500,-0.000000
142.0300,-0.000000,0.650000,0.650000,0.422500,-0.000000
142.0400,-0.000000,0.650000,0.650000,0.422500,-0.000000
142.0500,-0.000000,0.650000,0.650000,0.422500,-0.000000
142.0600,-0.000000,0.650000,0.650000,0.422500,-0.000000
142.0700,-0.000000,0.650000,0.650000,0.422500,-0.000000
142.0800,-0.000000,0.650000,0.650000,0.422500,-0.000000
142.0900,-0.000000,0.650000,0.650000,0.422500,-0.000000
142.1000,-0.000000,0.650000,0.650000,0.422500,-0.000000
142.1100,-0.000000,0.650000,0.650000,0.422500,-0.000000
142.1200,-0.000000,0.650000,0.650000,0.422500,-0.000000
142.1300,-0.000000,0.650000,0.650000,0.422500,-0.000000
142.1400,-0.000000,0.650000,0.650000,0.422500,-0.000000
142.1500,-0.000000,0.650000,0.650000,0.422500,-0.000000
142.1600,-0.000000,0.650000,0.650000,0.422500,-0.000000
142.1700,-0.000000,0.650000,0.650000,0.422500,-0.000000
142.1800,-0.000000,0.650000,0.650000,0.422500,-0.000000
142.1900,-0.000000,0.650000,0.650000,0.422500,-0.000000
142.2000,-0.000000,0.650000,0.650000,0.422500,-0.000000
142.2100,-0.000000,0.650000,0.650000,0.422500,-0.000000
142.2200,-0.000000,0.650000,0.650000,0.422500,-0.000000
142.2300,-0.000000,0.650000,0.650000,0.422500,-0.000000
142.2400,-0.000000,0.650000,0.650000,0.422500,-0.000000
142.2500,-0.000000,0.650000,0.650000,0.422500,-0.000000
142.2600,-0.000000,0.650000,0.650000,0.422500,-0.000000
142.2700,-0.000000,0.650000,0.650000,0.422500,-0.000000
142.2800,-0.000000,0.650000,0.650000,0.422500,-0.000000
142.2900,-0.000000,0.650000,0.650000,0.422500,-0.000000
142.3000,-0.000000,0.650000,0.650000,0.422500,-0.000000
142.3100,-0.000000,0.650000,0.650000,0.422500,-0.000000
142.3200,-0.000000,0.650000,0.650000,0.422500,-0.000000
142.3300,-0.000000,0.650000,0.650000,0.422500,-0.000000
142.3400,-0.000000,0.650000,0.650000,0.422500,-0.000000
142.3500,-0.000000,0.650000,0.650000,0.422500,-0.000000
142.3600,-0.000000,0.650000,0.650000,0.422500,-0.000000
142.3700,-0.000000,0.650000,0.650000,0.422500,-0.000000
142.3800,-0.000000,0.650000,0.650000,0.422500,-0.000000
142.3900,-0.000000,0.650000,0.650000,0.422500,-0.000000
142.4000,-0.000000,0.650000,0.650000,0.422500,-0.000000
142.4100,-0.000000,0.650000,0.650000,0.422500,-0.000000
142.4200,-0.000000,0.650000,0.650000,0.422500,-0.000000
142.4300,-0.000000,0.650000,0.650000,0.422500,-0.000000
142.4400,-0.000000,0.650000,0.650000,0.422500,-0.000000
142.4500,-0.000000,0.650000,0.650000,0.422500,-0.000000
142.4600,-0.000000,0.650000,0.650000,0.422500,-0.000000
142.4700,-0.000000,0.650000,0.650000,0.422500,-0.000000
142.4800,-0.000000,0.650000,0.650000,0.422500,-0.000000
142.4900,-0.000000,0.650000,0.650000,0.422500,-0.000000
142.5000,-0.000000,0.650000,0.650000,0.422500,-0.000000
142.5100,-0.000000,0.650000,0.650000,0.422500,-0.000000
142.5200,-0.000000,0.650000,0.650000,0.422500,-0.000000
142.5300,-0.000000,0.650000,0.650000,0.422500,-0.000000
142.5400,-0.000000,0.650000,0.650000,0.422500,-0.000000
142.5500,-0.000000,0.650000,0.650000,0.422500,-0.000000
142.5600,-0.000000,0.650000,0.650000,0.422500,-0.000000
142.5700,-0.000000,0.650000,0.650000,0.422500,-0.000000
142.5800,-0.000000,0.650000,0.650000,0.422500,-0.000000
142.5900,-0.000000,0.650000,0.650000,0.422500,-0.000000
142.6000,-0.000000,0.650000,0.650000,0.422500,-0.000000
142.6100,-0.000000,0.650000,0.650000,0.422500,-0.000000
142.6200,-0.000000,0.650000,0.650000,0.422500,-0.000000
142.6300,-0.000000,0.650000,0.650000,0.422500,-0.000000
142.6400,-0.000000,0.650000,0.650000,0.422500,-0.000000
142.6500,-0.000000,0.650000,0.650000,0.422500,-0.000000
142.6600,-0.000000,0.650000,0.650000,0.422500,-0.000000
142.6700,-0.000000,0.650000,0.650000,0.422500,-0.000000
142.6800,-0.000000,0.650000,0.650000,0.422500,-0.000000
142.6900,-0.000000,0.650000,0.650000,0.422500,-0.000000
142.7000,-0.000000,0.650000,0.650000,0.422500,-0.000000
142.7100,-0.000000,0.650000,0.650000,0.422500,-0.000000
142.7200,-0.000000,0.650000,0.650000,0.422500,-0.000000
142.7300,-0.000000,0.650000,0.650000,0.422500,-0.000000
142.7400,-0.000000,0.650000,0.650000,0.422500,-0.000000
142.7500,-0.000000,0.650000,0.650000,0.422500,-0.000000
142.7600,-0.000000,0.650000,0.650000,0.422500,-0.000000
142.7700,-0.000000,0.650000,0.650000,0.422500,-0.000000
142.7800,-0.000000,0.650000,0.650000,0.422500,-0.000000
142.7900,-0.000000,0.650000,0.650000,0.422500,-0.000000
142.8000,-0.000000,0.650000,0.650000,0.422500,-0.000000
142.8100,-0.000000,0.650000,0.650000,0.422500,-0.000000
142.8200,-0.000000,0.650000,0.650000,0.422500,-0.000000
142.8300,-0.000000,0.650000,0.650000,0.422500,-0.000000
142.8400,-0.000000,0.650000,0.650000,0.422500,-0.000000
142.8500,-0.000000,0.650000,0.650000,0.422500,-0.000000
142.8600,-0.000000,0.650000,0.650000,0.422500,-0.000000
142.8700,-0.000000,0.650000,0.650000,0.422500,-0.000000
142.8800,-0.000000,0.650000,0.650000,0.422500,-0.000000
142.8900,-0.000000,0.650000,0.650000,0.422500,-0.000000
142.9000,-0.000000,0.650000,0.650000,0.422500,-0.000000
142.9100,-0.000000,0.650000,0.650000,0.422500,-0.000000
142.9200,-0.000000,0.650000,0.650000,0.422500,-0.000000
142.9300,-0.000000,0.650000,0.650000,0.422500,-0.000000
142.9400,-0.000000,0.650000,0.650000,0.422500,-0.000000
142.9500,-0.000000,0.650000,0.650000,0.422500,-0.000000
142.9600,-0.000000,0.650000,0.650000,0.422500,-0.000000
142.9700,-0.000000,0.650000,0.650000,0.422500,-0.000000
142.9800,-0.000000,0.650000,0.650000,0.422500,-0.000000
142.9900,-0.000000,0.650000,0.650000,0.422500,-0.000000
143.0000,-0.000000,0.650000,0.650000,0.422500,-0.000000
143.0100,-0.000000,0.650000,0.650000,0.422500,-0.000000
143.0200,-0.000000,0.650000,0.650000,0.422500,-0.000000
143.0300,-0.000000,0.650000,0.650000,0.422500,-0.000000
143.0400,-0.000000,0.650000,0.650000,0.422500,-0.000000
143.0500,-0.000000,0.650000,0.650000,0.422500,-0.000000
143.0600,-0.000000,0.650000,0.650000,0.422500,-0.000000
143.0700,-0.000000,0.650000,0.650000,0.422500,-0.000000
143.0800,-0.000000,0.650000,0.650000,0.422500,-0.000000
143.0900,-0.000000,0.650000,0.650000,0.422500,-0.000000
143.1000,0.000000,0.650000,0.650000,0.422500,-0.000000
143.1100,0.000000,0.650000,0.650000,0.422500,-0.000000
143.1200,0.000000,0.650000,0.650000,0.422500,-0.000000
143.1300,0.000000,0.650000,0.650000,0.422500,-0.000000
143.1400,0.000000,0.650000,0.650000,0.422500,-0.000000
143.1500,0.000000,0.650000,0.650000,0.422500,-0.000000
143.1600,0.000000,0.650000,0.650000,0.422500,-0.000000
143.1700,0.000000,0.650000,0.650000,0.422500,-0.000000
143.1800,0.000000,0.650000,0.650000,0.422500,-0.000000
143.1900,0.000000,0.650000,0.650000,0.422500,-0.000000
143.2000,0.000000,0.650000,0.650000,0.422500,-0.000000
143.2100,0.000000,0.650000,0.650000,0.422500,-0.000000
143.2200,0.000000,0.650000,0.650000,0.422500,-0.000000
143.2300,0.000000,0.650000,0.650000,0.422500,-0.000000
143.2400,0.000000,0.650000,0.650000,0.422500,-0.000000
143.2500,0.000000,0.650000,0.650000,0.422500,-0.000000
143.2600,0.000000,0.650000,0.650000,0.422500,-0.000000
143.2700,0.000000,0.650000,0.650000,0.422500,-0.000000
143.2800,0.000000,0.650000,0.650000,0.422500,-0.000000
143.2900,0.000000,0.650000,0.650000,0.422500,-0.000000
143.3000,0.000000,0.650000,0.650000,0.422500,-0.000000
143.3100,0.000000,0.650000,0.650000,0.422500,-0.000000
143.3200,0.000000,0.650000,0.650000,0.422500,-0.000000
143.3300,0.000000,0.650000,0.650000,0.422500,-0.000000
143.3400,0.000000,0.650000,0.650000,0.422500,-0.000000
143.3500,0.000000,0.650000,0.650000,0.422500,-0.000000
143.3600,0.000000,0.650000,0.650000,0.422500,-0.000000
143.3700,0.000000,0.650000,0.650000,0.422500,-0.000000
143.3800,0.000000,0.650000,0.650000,0.422500,-0.000000
143.3900,0.000000,0.650000,0.650000,0.422500,-0.000000
143.4000,0.000000,0.650000,0.650000,0.422500,-0.000000
143.4100,0.000000,0.650000,0.650000,0.422500,-0.000000
143.4200,0.000000,0.650000,0.650000,0.422500,-0.000000
143.4300,0.000000,0.650000,0.650000,0.422500,-0.000000
143.4400,0.000000,0.650000,0.650000,0.422500,-0.000000
143.4500,0.000000,0.650000,0.650000,0.422500,-0.000000
143.4600,0.000000,0.650000,0.650000,0.422500,-0.000000
143.4700,0.000000,0.650000,0.650000,0.422500,-0.000000
143.4800,0.000000,0.650000,0.650000,0.422500,-0.000000
143.4900,0.000000,0.650000,0.650000,0.422500,-0.000000
143.5000,0.000000,0.650000,0.650000,0.422500,-0.000000
143.5100,0.000000,0.650000,0.650000,0.422500,-0.000000
143.5200,0.000000,0.650000,0.650000,0.422500,-0.000000
143.5300,0.000000,0.650000,0.650000,0.422500,-0.000000
143.5400,0.000000,0.650000,0.650000,0.422500,-0.000000
143.5500,0.000000,0.650000,0.650000,0.422500,-0.000000
143.5600,0.000000,0.650000,0.650000,0.422500,-0.000000
143.5700,0.000000,0.650000,0.650000,0.422500,-0.000000
143.5800,0.000000,0.650000,0.650000,0.422500,-0.000000
143.5900,0.000000,0.650000,0.650000,0.422500,-0.000000
143.6000,0.000000,0.650000,0.650000,0.422500,-0.000000
143.6100,0.000000,0.650000,0.650000,0.422500,-0.000000
143.6200,0.000000,0.650000,0.650000,0.422500,-0.000000
143.6300,0.000000,0.650000,0.650000,0.422500,-0.000000
143.6400,0.000000,0.650000,0.650000,0.422500,-0.000000
143.6500,0.000000,0.650000,0.650000,0.422500,-0.000000
143.6600,0.000000,0.650000,0.650000,0.422500,-0.000000
143.6700,0.000000,0.650000,0.650000,0.422500,-0.000000
143.6800,0.000000,0.650000,0.650000,0.422500,-0.000000
143.6900,0.000000,0.650000,0.650000,0.422500,-0.000000
143.7000,0.000000,0.650000,0.650000,0.422500,-0.000000
143.7100,0.000000,0.650000,0.650000,0.422500,-0.000000
143.7200,0.000000,0.650000,0.650000,0.422500,-0.000000
143.7300,0.000000,0.650000,0.650000,0.422500,-0.000000
143.7400,0.000000,0.650000,0.650000,0.422500,-0.000000
143.7500,0.000000,0.650000,0.650000,0.422500,-0.000000
143.7600,0.000000,0.650000,0.650000,0.422500,-0.000000
143.7700,0.000000,0.650000,0.650000,0.422500,-0.000000
143.7800,0.000000,0.650000,0.650000,0.422500,-0.000000
143.7900,0.000000,0.650000,0.650000,0.422500,-0.000000
143.8000,0.000000,0.650000,0.650000,0.422500,-0.000000
143.8100,0.000000,0.650000,0.650000,0.422500,-0.000000
143.8200,0.000000,0.650000,0.650000,0.422500,-0.000000
143.8300,0.000000,0.650000,0.650000,0.422500,-0.000000
143.8400,0.000000,0.650000,0.650000,0.422500,-0.000000
143.8500,0.000000,0.650000,0.650000,0.422500,-0.000000
143.8600,0.000000,0.650000,0.650000,0.422500,-0.000000
143.8700,0.000000,0.650000,0.650000,0.422500,-0.000000
143.8800,0.000000,0.650000,0.650000,0.422500,-0.000000
143.8900,0.000000,0.650000,0.650000,0.422500,-0.000000
143.9000,0.000000,0.650000,0.650000,0.422500,-0.000000
143.9100,0.000000,0.650000,0.650000,0.422500,-0.000000
143.9200,0.000000,0.650000,0.650000,0.422500,-0.000000
143.9300,0.000000,0.650000,0.650000,0.422500,-0.000000
143.9400,0.000000,0.650000,0.650000,0.422500,-0.000000
143.9500,0.000000,0.650000,0.650000,0.422500,-0.000000
143.9600,0.000000,0.650000,0.650000,0.422500,-0.000000
143.9700,0.000000,0.650000,0.650000,0.422500,-0.000000
143.9800,0.000000,0.650000,0.650000,0.422500,-0.000000
143.9900,0.000000,0.650000,0.650000,0.422500,-0.000000
144.0000,0.000000,0.650000,0.650000,0.422500,-0.000000
144.0100,0.000000,0.650000,0.650000,0.422500,-0.000000
144.0200,0.000000,0.650000,0.650000,0.422500,-0.000000
144.0300,0.000000,0.650000,0.650000,0.422500,-0.000000
144.0400,0.000000,0.650000,0.650000,0.422500,-0.000000
144.0500,0.000000,0.650000,0.650000,0.422500,-0.000000
144.0600,0.000000,0.650000,0.650000,0.422500,-0.000000
144.0700,0.000000,0.650000,0.650000,0.422500,-0.000000
144.0800,0.000000,0.650000,0.650000,0.422500,-0.000000
144.0900,0.000000,0.650000,0.650000,0.422500,-0.000000
144.1000,0.000000,0.650000,0.650000,0.422500,-0.000000
144.1100,0.000000,0.650000,0.650000,0.422500,-0.000000
144.1200,0.000000,0.650000,0.650000,0.422500,-0.000000
144.1300,0.000000,0.650000,0.650000,0.422500,-0.000000
144.1400,0.000000,0.650000,0.650000,0.422500,-0.000000
144.1500,0.000000,0.650000,0.650000,0.422500,-0.000000
144.1600,0.000000,0.650000,0.650000,0.422500,-0.000000
144.1700,0.000000,0.650000,0.650000,0.422500,-0.000000
144.1800,0.000000,0.650000,0.650000,0.422500,-0.000000
144.1900,0.000000,0.650000,0.650000,0.422500,-0.000000
144.2000,0.000000,0.650000,0.650000,0.422500,-0.000000
144.2100,0.000000,0.650000,0.650000,0.422500,-0.000000
144.2200,0.000000,0.650000,0.650000,0.422500,-0.000000
144.2300,0.000000,0.650000,0.650000,0.422500,-0.000000
144.2400,0.000000,0.650000,0.650000,0.422500,-0.000000
144.2500,0.000000,0.650000,0.650000,0.422500,-0.000000
144.2600,0.000000,0.650000,0.650000,0.422500,-0.000000
144.2700,0.000000,0.650000,0.650000,0.422500,-0.000000
144.2800,0.000000,0.650000,0.650000,0.422500,-0.000000
144.2900,0.000000,0.650000,0.650000,0.422500,-0.000000
144.3000,0.000000,0.650000,0.650000,0.422500,-0.000000
144.3100,0.000000,0.650000,0.650000,0.422500,-0.000000
144.3200,0.000000,0.650000,0.650000,0.422500,-0.000000
144.3300,0.000000,0.650000,0.650000,0.422500,-0.000000
144.3400,0.000000,0.650000,0.650000,0.422500,-0.000000
144.3500,0.000000,0.650000,0.650000,0.422500,-0.000000
144.3600,0.000000,0.650000,0.650000,0.422500,-0.000000
144.3700,0.000000,0.650000,0.650000,0.422500,-0.000000
144.3800,0.000000,0.650000,0.650000,0.422500,-0.000000
144.3900,0.000000,0.650000,0.650000,0.422500,-0.000000
144.4000,0.000000,0.650000,0.650000,0.422500,-0.000000
144.4100,0.000000,0.650000,0.650000,0.422500,-0.000000
144.4200,0.000000,0.650000,0.650000,0.422500,-0.000000
144.4300,0.000000,0.650000,0.650000,0.422500,-0.000000
144.4400,0.000000,0.650000,0.650000,0.422500,-0.000000
144.4500,0.000000,0.650000,0.650000,0.422500,0.000000
144.4600,0.000000,0.650000,0.650000,0.422500,0.000000
144.4700,0.000000,0.650000,0.650000,0.422500,0.000000
144.4800,0.000000,0.650000,0.650000,0.422500,0.000000
144.4900,0.000000,0.650000,0.650000,0.422500,0.000000
144.5000,0.000000,0.650000,0.650000,0.422500,0.000000
144.5100,0.000000,0.650000,0.650000,0.422500,0.000000
144.5200,0.000000,0.650000,0.650000,0.422500,0.000000
144.5300,0.000000,0.650000,0.650000,0.422500,0.000000
144.5400,0.000000,0.650000,0.650000,0.422500,0.000000
144.5500,0.000000,0.650000,0.650000,0.422500,0.000000
144.5600,0.000000,0.650000,0.650000,0.422500,0.000000
144.5700,0.000000,0.650000,0.650000,0.422500,0.000000
144.5800,0.000000,0.650000,0.650000,0.422500,0.000000
144.5900,0.000000,0.650000,0.650000,0.422500,0.000000
144.6000,0.000000,0.650000,0.650000,0.422500,0.000000
144.6100,0.000000,0.650000,0.650000,0.422500,0.000000
144.6200,0.000000,0.650000,0.650000,0.422500,0.000000
144.6300,0.000000,0.650000,0.650000,0.422500,0.000000
144.6400,0.000000,0.650000,0.650000,0.422500,0.000000
144.6500,0.000000,0.650000,0.650000,0.422500,0.000000
144.6600,0.000000,0.650000,0.650000,0.422500,0.000000
144.6700,0.000000,0.650000,0.650000,0.422500,0.000000
144.6800,0.000000,0.650000,0.650000,0.422500,0.000000
144.6900,0.000000,0.650000,0.650000,0.422500,0.000000
144.7000,0.000000,0.650000,0.650000,0.422500,0.000000
144.7100,0.000000,0.650000,0.650000,0.422500,0.000000
144.7200,0.000000,0.650000,0.650000,0.422500,0.000000
144.7300,0.000000,0.650000,0.650000,0.422500,0.000000
144.7400,0.000000,0.650000,0.650000,0.422500,0.000000
144.7500,0.000000,0.650000,0.650000,0.422500,0.000000
144.7600,0.000000,0.650000,0.650000,0.422500,0.000000
144.7700,0.000000,0.650000,0.650000,0.422500,0.000000
144.7800,0.000000,0.650000,0.650000,0.422500,0.000000
144.7900,0.000000,0.650000,0.650000,0.422500,0.000000
144.8000,0.000000,0.650000,0.650000,0.422500,0.000000
144.8100,0.000000,0.650000,0.650000,0.422500,0.000000
144.8200,0.000000,0.650000,0.650000,0.422500,0.000000
144.8300,0.000000,0.650000,0.650000,0.422500,0.000000
144.8400,0.000000,0.650000,0.650000,0.422500,0.000000
144.8500,0.000000,0.650000,0.650000,0.422500,0.000000
144.8600,0.000000,0.650000,0.650000,0.422500,0.000000
144.8700,0.000000,0.650000,0.650000,0.422500,0.000000
144.8800,0.000000,0.650000,0.650000,0.422500,0.000000
144.8900,0.000000,0.650000,0.650000,0.422500,0.000000
144.9000,0.000000,0.650000,0.650000,0.422500,0.000000
144.9100,0.000000,0.650000,0.650000,0.422500,0.000000
144.9200,0.000000,0.650000,0.650000,0.422500,0.000000
144.9300,0.000000,0.650000,0.650000,0.422500,0.000000
144.9400,0.000000,0.650000,0.650000,0.422500,0.000000
144.9500,0.000000,0.650000,0.650000,0.422500,0.000000
144.9600,0.000000,0.650000,0.650000,0.422500,0.000000
144.9700,0.000000,0.650000,0.650000,0.422500,0.000000
144.9800,0.000000,0.650000,0.650000,0.422500,0.000000
144.9900,0.000000,0.650000,0.650000,0.422500,0.000000
145.0000,0.000000,0.650000,0.650000,0.422500,0.000000
145.0100,0.000000,0.650000,0.650000,0.422500,0.000000
145.0200,0.000000,0.650000,0.650000,0.422500,0.000000
145.0300,0.000000,0.650000,0.650000,0.422500,0.000000
145.0400,0.000000,0.650000,0.650000,0.422500,0.000000
145.0500,0.000000,0.650000,0.650000,0.422500,0.000000
145.0600,0.000000,0.650000,0.650000,0.422500,0.000000
145.0700,0.000000,0.650000,0.650000,0.422500,0.000000
145.0800,0.000000,0.650000,0.650000,0.422500,0.000000
145.0900,0.000000,0.650000,0.650000,0.422500,0.000000
145.1000,0.000000,0.650000,0.650000,0.422500,0.000000
145.1100,0.000000,0.650000,0.650000,0.422500,0.000000
145.1200,0.000000,0.650000,0.650000,0.422500,0.000000
145.1300,0.000000,0.650000,0.650000,0.422500,0.000000
145.1400,0.000000,0.650000,0.650000,0.422500,0.000000
145.1500,0.000000,0.650000,0.650000,0.422500,0.000000
145.1600,0.000000,0.650000,0.650000,0.422500,0.000000
145.1700,0.000000,0.650000,0.650000,0.422500,0.000000
145.1800,0.000000,0.650000,0.650000,0.422500,0.000000
145.1900,0.000000,0.650000,0.650000,0.422500,0.000000
145.2000,0.000000,0.650000,0.650000,0.422500,0.000000
145.2100,0.000000,0.650000,0.650000,0.422500,0.000000
145.2200,0.000000,0.650000,0.650000,0.422500,0.000000
145.2300,0.000000,0.650000,0.650000,0.422500,0.000000
145.2400,0.000000,0.650000,0.650000,0.422500,0.000000
145.2500,0.000000,0.650000,0.650000,0.422500,0.000000
145.2600,0.000000,0.650000,0.650000,0.422500,0.000000
145.2700,0.000000,0.650000,0.650000,0.422500,0.000000
145.2800,0.000000,0.650000,0.650000,0.422500,0.000000
145.2900,0.000000,0.650000,0.650000,0.422500,0.000000
145.3000,0.000000,0.650000,0.650000,0.422500,0.000000
145.3100,0.000000,0.650000,0.650000,0.422500,0.000000
145.3200,0.000000,0.650000,0.650000,0.422500,0.000000
145.3300,0.000000,0.650000,0.650000,0.422500,0.000000
145.3400,0.000000,0.650000,0.650000,0.422500,0.000000
145.3500,0.000000,0.650000,0.650000,0.422500,0.000000
145.3600,0.000000,0.650000,0.650000,0.422500,0.000000
145.3700,0.000000,0.650000,0.650000,0.422500,0.000000
145.3800,0.000000,0.650000,0.650000,0.422500,0.000000
145.3900,0.000000,0.650000,0.650000,0.422500,0.000000
145.4000,0.000000,0.650000,0.650000,0.422500,0.000000
145.4100,0.000000,0.650000,0.650000,0.422500,0.000000
145.4200,0.000000,0.650000,0.650000,0.422500,0.000000
145.4300,0.000000,0.650000,0.650000,0.422500,0.000000
145.4400,0.000000,0.650000,0.650000,0.422500,0.000000
145.4500,0.000000,0.650000,0.650000,0.422500,0.000000
145.4600,0.000000,0.650000,0.650000,0.422500,0.000000
145.4700,0.000000,0.650000,0.650000,0.422500,0.000000
145.4800,0.000000,0.650000,0.650000,0.422500,0.000000
145.4900,0.000000,0.650000,0.650000,0.422500,0.000000
145.5000,0.000000,0.650000,0.650000,0.422500,0.000000
145.5100,0.000000,0.650000,0.650000,0.422500,0.000000
145.5200,0.000000,0.650000,0.650000,0.422500,0.000000
145.5300,0.000000,0.650000,0.650000,0.422500,0.000000
145.5400,0.000000,0.650000,0.650000,0.422500,0.000000
145.5500,0.000000,0.650000,0.650000,0.422500,0.000000
145.5600,0.000000,0.650000,0.650000,0.422500,0.000000
145.5700,0.000000,0.650000,0.650000,0.422500,0.000000
145.5800,0.000000,0.650000,0.650000,0.422500,0.000000
145.5900,0.000000,0.650000,0.650000,0.422500,0.000000
145.6000,0.000000,0.650000,0.650000,0.422500,0.000000
145.6100,0.000000,0.650000,0.650000,0.422500,0.000000
145.6200,0.000000,0.650000,0.650000,0.422500,0.000000
145.6300,0.000000,0.650000,0.650000,0.422500,0.000000
145.6400,0.000000,0.650000,0.650000,0.422500,0.000000
145.6500,0.000000,0.650000,0.650000,0.422500,0.000000
145.6600,0.000000,0.650000,0.650000,0.422500,0.000000
145.6700,0.000000,0.650000,0.650000,0.422500,0.000000
145.6800,0.000000,0.650000,0.650000,0.422500,0.000000
145.6900,0.000000,0.650000,0.650000,0.422500,0.000000
145.7000,0.000000,0.650000,0.650000,0.422500,0.000000
145.7100,0.000000,0.650000,0.650000,0.422500,0.000000
145.7200,0.000000,0.650000,0.650000,0.422500,0.000000
145.7300,0.000000,0.650000,0.650000,0.422500,0.000000
145.7400,0.000000,0.650000,0.650000,0.422500,0.000000
145.7500,0.000000,0.650000,0.650000,0.422500,0.000000
145.7600,0.000000,0.650000,0.650000,0.422500,0.000000
145.7700,0.000000,0.650000,0.650000,0.422500,0.000000
145.7800,0.000000,0.650000,0.650000,0.422500,0.000000
145.7900,0.000000,0.650000,0.650000,0.422500,0.000000
145.8000,0.000000,0.650000,0.650000,0.422500,0.000000
145.8100,0.000000,0.650000,0.650000,0.422500,0.000000
145.8200,0.000000,0.650000,0.650000,0.422500,0.000000
145.8300,0.000000,0.650000,0.650000,0.422500,0.000000
145.8400,0.000000,0.650000,0.650000,0.422500,0.000000
145.8500,0.000000,0.650000,0.650000,0.422500,0.000000
145.8600,0.000000,0.650000,0.650000,0.422500,0.000000
145.8700,0.000000,0.650000,0.650000,0.422500,0.000000
145.8800,0.000000,0.650000,0.650000,0.422500,0.000000
145.8900,0.000000,0.650000,0.650000,0.422500,0.000000
145.9000,0.000000,0.650000,0.650000,0.422500,0.000000
145.9100,0.000000,0.650000,0.650000,0.422500,0.000000
145.9200,0.000000,0.650000,0.650000,0.422500,0.000000
145.9300,0.000000,0.650000,0.650000,0.422500,0.000000
145.9400,0.000000,0.650000,0.650000,0.422500,0.000000
145.9500,0.000000,0.650000,0.650000,0.422500,0.000000
145.9600,0.000000,0.650000,0.650000,0.422500,0.000000
145.9700,0.000000,0.650000,0.650000,0.422500,0.000000
145.9800,0.000000,0.650000,0.650000,0.422500,0.000000
145.9900,0.000000,0.650000,0.650000,0.422500,0.000000
146.0000,0.000000,0.650000,0.650000,0.422500,0.000000
146.0100,0.000000,0.650000,0.650000,0.422500,0.000000
146.0200,0.000000,0.650000,0.650000,0.422500,0.000000
146.0300,0.000000,0.650000,0.650000,0.422500,0.000000
146.0400,0.000000,0.650000,0.650000,0.422500,0.000000
146.0500,0.000000,0.650000,0.650000,0.422500,0.000000
146.0600,0.000000,0.650000,0.650000,0.422500,0.000000
146.0700,0.000000,0.650000,0.650000,0.422500,0.000000
146.0800,0.000000,0.650000,0.650000,0.422500,0.000000
146.0900,0.000000,0.650000,0.650000,0.422500,0.000000
146.1000,0.000000,0.650000,0.650000,0.422500,0.000000
146.1100,0.000000,0.650000,0.650000,0.422500,0.000000
146.1200,0.000000,0.650000,0.650000,0.422500,0.000000
146.1300,0.000000,0.650000,0.650000,0.422500,0.000000
146.1400,0.000000,0.650000,0.650000,0.422500,0.000000
146.1500,0.000000,0.650000,0.650000,0.422500,0.000000
146.1600,0.000000,0.650000,0.650000,0.422500,0.000000
146.1700,0.000000,0.650000,0.650000,0.422500,0.000000
146.1800,0.000000,0.650000,0.650000,0.422500,0.000000
146.1900,0.000000,0.650000,0.650000,0.422500,0.000000
146.2000,0.000000,0.650000,0.650000,0.422500,0.000000
146.2100,0.000000,0.650000,0.650000,0.422500,0.000000
146.2200,0.000000,0.650000,0.650000,0.422500,0.000000
146.2300,0.000000,0.650000,0.650000,0.422500,0.000000
146.2400,0.000000,0.650000,0.650000,0.422500,0.000000
146.2500,0.000000,0.650000,0.650000,0.422500,0.000000
146.2600,0.000000,0.650000,0.650000,0.422500,0.000000
146.2700,0.000000,0.650000,0.650000,0.422500,0.000000
146.2800,0.000000,0.650000,0.650000,0.422500,0.000000
146.2900,0.000000,0.650000,0.650000,0.422500,0.000000
146.3000,0.000000,0.650000,0.650000,0.422500,0.000000
146.3100,0.000000,0.650000,0.650000,0.422500,0.000000
146.3200,0.000000,0.650000,0.650000,0.422500,0.000000
146.3300,0.000000,0.650000,0.650000,0.422500,0.000000
146.3400,0.000000,0.650000,0.650000,0.422500,0.000000
146.3500,0.000000,0.650000,0.650000,0.422500,0.000000
146.3600,0.000000,0.650000,0.650000,0.422500,0.000000
146.3700,0.000000,0.650000,0.650000,0.422500,0.000000
146.3800,0.000000,0.650000,0.650000,0.422500,0.000000
146.3900,0.000000,0.650000,0.650000,0.422500,0.000000
146.4000,0.000000,0.650000,0.650000,0.422500,0.000000
146.4100,0.000000,0.650000,0.650000,0.422500,0.000000
146.4200,0.000000,0.650000,0.650000,0.422500,0.000000
146.4300,0.000000,0.650000,0.650000,0.422500,0.000000
146.4400,0.000000,0.650000,0.650000,0.422500,0.000000
146.4500,0.000000,0.650000,0.650000,0.422500,0.000000
146.4600,0.000000,0.650000,0.650000,0.422500,0.000000
146.4700,0.000000,0.650000,0.650000,0.422500,0.000000
146.4800,0.000000,0.650000,0.650000,0.422500,0.000000
146.4900,0.000000,0.650000,0.650000,0.422500,0.000000
146.5000,0.000000,0.650000,0.650000,0.422500,0.000000
146.5100,0.000000,0.650000,0.650000,0.422500,0.000000
146.5200,0.000000,0.650000,0.650000,0.422500,0.000000
146.5300,0.000000,0.650000,0.650000,0.422500,0.000000
146.5400,0.000000,0.650000,0.650000,0.422500,0.000000
146.5500,0.000000,0.650000,0.650000,0.422500,0.000000
146.5600,0.000000,0.650000,0.650000,0.422500,0.000000
146.5700,0.000000,0.650000,0.650000,0.422500,0.000000
146.5800,0.000000,0.650000,0.650000,0.422500,0.000000
146.5900,0.000000,0.650000,0.650000,0.422500,0.000000
146.6000,0.000000,0.650000,0.650000,0.422500,0.000000
146.6100,0.000000,0.650000,0.650000,0.422500,0.000000
146.6200,0.000000,0.650000,0.650000,0.422500,0.000000
146.6300,0.000000,0.650000,0.650000,0.422500,0.000000
146.6400,0.000000,0.650000,0.650000,0.422500,0.000000
146.6500,0.000000,0.650000,0.650000,0.422500,0.000000
146.6600,0.000000,0.650000,0.650000,0.422500,0.000000
146.6700,0.000000,0.650000,0.650000,0.422500,0.000000
146.6800,0.000000,0.650000,0.650000,0.422500,0.000000
146.6900,0.000000,0.650000,0.650000,0.422500,0.000000
146.7000,0.000000,0.650000,0.650000,0.422500,0.000000
146.7100,0.000000,0.650000,0.650000,0.422500,0.000000
146.7200,0.000000,0.650000,0.650000,0.422500,0.000000
146.7300,0.000000,0.650000,0.650000,0.422500,0.000000
146.7400,0.000000,0.650000,0.650000,0.422500,0.000000
146.7500,0.000000,0.650000,0.650000,0.422500,0.000000
146.7600,0.000000,0.650000,0.650000,0.422500,0.000000
146.7700,0.000000,0.650000,0.650000,0.422500,0.000000
146.7800,0.000000,0.650000,0.650000,0.422500,0.000000
146.7900,0.000000,0.650000,0.650000,0.422500,0.000000
146.8000,0.000000,0.650000,0.650000,0.422500,0.000000
146.8100,0.000000,0.650000,0.650000,0.422500,0.000000
146.8200,0.000000,0.650000,0.650000,0.422500,0.000000
146.8300,0.000000,0.650000,0.650000,0.422500,0.000000
146.8400,0.000000,0.650000,0.650000,0.422500,0.000000
146.8500,0.000000,0.650000,0.650000,0.422500,0.000000
146.8600,0.000000,0.650000,0.650000,0.422500,0.000000
146.8700,0.000000,0.650000,0.650000,0.422500,0.000000
146.8800,0.000000,0.650000,0.650000,0.422500,0.000000
146.8900,0.000000,0.650000,0.650000,0.422500,0.000000
146.9000,0.000000,0.650000,0.650000,0.422500,0.000000
146.9100,0.000000,0.650000,0.650000,0.422500,0.000000
146.9200,0.000000,0.650000,0.650000,0.422500,0.000000
146.9300,0.000000,0.650000,0.650000,0.422500,0.000000
146.9400,0.000000,0.650000,0.650000,0.422500,0.000000
146.9500,0.000000,0.650000,0.650000,0.422500,0.000000
146.9600,0.000000,0.650000,0.650000,0.422500,0.000000
146.9700,0.000000,0.650000,0.650000,0.422500,0.000000
146.9800,0.000000,0.650000,0.650000,0.422500,0.000000
146.9900,0.000000,0.650000,0.650000,0.422500,0.000000
147.0000,0.000000,0.650000,0.650000,0.422500,0.000000
147.0100,0.000000,0.650000,0.650000,0.422500,0.000000
147.0200,0.000000,0.650000,0.650000,0.422500,0.000000
147.0300,0.000000,0.650000,0.650000,0.422500,0.000000
147.0400,0.000000,0.650000,0.650000,0.422500,0.000000
147.0500,0.000000,0.650000,0.650000,0.422500,0.000000
147.0600,0.000000,0.650000,0.650000,0.422500,0.000000
147.0700,0.000000,0.650000,0.650000,0.422500,0.000000
147.0800,0.000000,0.650000,0.650000,0.422500,0.000000
147.0900,0.000000,0.650000,0.650000,0.422500,0.000000
147.1000,0.000000,0.650000,0.650000,0.422500,0.000000
147.1100,0.000000,0.650000,0.650000,0.422500,0.000000
147.1200,0.000000,0.650000,0.650000,0.422500,0.000000
147.1300,0.000000,0.650000,0.650000,0.422500,0.000000
147.1400,0.000000,0.650000,0.650000,0.422500,0.000000
147.1500,0.000000,0.650000,0.650000,0.422500,0.000000
147.1600,0.000000,0.650000,0.650000,0.422500,0.000000
147.1700,0.000000,0.650000,0.650000,0.422500,0.000000
147.1800,0.000000,0.650000,0.650000,0.422500,0.000000
147.1900,0.000000,0.650000,0.650000,0.422500,0.000000
147.2000,0.000000,0.650000,0.650000,0.422500,0.000000
147.2100,0.000000,0.650000,0.650000,0.422500,0.000000
147.2200,0.000000,0.650000,0.650000,0.422500,0.000000
147.2300,0.000000,0.650000,0.650000,0.422500,0.000000
147.2400,0.000000,0.650000,0.650000,0.422500,0.000000
147.2500,0.000000,0.650000,0.650000,0.422500,0.000000
147.2600,0.000000,0.650000,0.650000,0.422500,0.000000
147.2700,0.000000,0.650000,0.650000,0.422500,0.000000
147.2800,0.000000,0.650000,0.650000,0.422500,0.000000
147.2900,0.000000,0.650000,0.650000,0.422500,0.000000
147.3000,0.000000,0.650000,0.650000,0.422500,0.000000
147.3100,0.000000,0.650000,0.650000,0.422500,0.000000
147.3200,0.000000,0.650000,0.650000,0.422500,0.000000
147.3300,0.000000,0.650000,0.650000,0.422500,0.000000
147.3400,0.000000,0.650000,0.650000,0.422500,0.000000
147.3500,0.000000,0.650000,0.650000,0.422500,0.000000
147.3600,0.000000,0.650000,0.650000,0.422500,0.000000
147.3700,0.000000,0.650000,0.650000,0.422500,0.000000
147.3800,0.000000,0.650000,0.650000,0.422500,0.000000
147.3900,0.000000,0.650000,0.650000,0.422500,0.000000
147.4000,0.000000,0.650000,0.650000,0.422500,0.000000
147.4100,0.000000,0.650000,0.650000,0.422500,0.000000
147.4200,0.000000,0.650000,0.650000,0.422500,0.000000
147.4300,0.000000,0.650000,0.650000,0.422500,0.000000
147.4400,0.000000,0.650000,0.650000,0.422500,0.000000
147.4500,0.000000,0.650000,0.650000,0.422500,0.000000
147.4600,0.000000,0.650000,0.650000,0.422500,0.000000
147.4700,0.000000,0.650000,0.650000,0.422500,0.000000
147.4800,0.000000,0.650000,0.650000,0.422500,0.000000
147.4900,0.000000,0.650000,0.650000,0.422500,0.000000
147.5000,0.000000,0.650000,0.650000,0.422500,0.000000
147.5100,0.000000,0.650000,0.650000,0.422500,0.000000
147.5200,0.000000,0.650000,0.650000,0.422500,0.000000
147.5300,0.000000,0.650000,0.650000,0.422500,0.000000
147.5400,0.000000,0.650000,0.650000,0.422500,0.000000
147.5500,0.000000,0.650000,0.650000,0.422500,0.000000
147.5600,0.000000,0.650000,0.650000,0.422500,0.000000
147.5700,0.000000,0.650000,0.650000,0.422500,0.000000
147.5800,0.000000,0.650000,0.650000,0.422500,0.000000
147.5900,0.000000,0.650000,0.650000,0.422500,0.000000
147.6000,0.000000,0.650000,0.650000,0.422500,0.000000
147.6100,0.000000,0.650000,0.650000,0.422500,0.000000
147.6200,0.000000,0.650000,0.650000,0.422500,0.000000
147.6300,0.000000,0.650000,0.650000,0.422500,0.000000
147.6400,0.000000,0.650000,0.650000,0.422500,0.000000
147.6500,0.000000,0.650000,0.650000,0.422500,0.000000
147.6600,0.000000,0.650000,0.650000,0.422500,0.000000
147.6700,0.000000,0.650000,0.650000,0.422500,0.000000
147.6800,0.000000,0.650000,0.650000,0.422500,0.000000
147.6900,0.000000,0.650000,0.650000,0.422500,0.000000
147.7000,0.000000,0.650000,0.650000,0.422500,0.000000
147.7100,0.000000,0.650000,0.650000,0.422500,0.000000
147.7200,0.000000,0.650000,0.650000,0.422500,0.000000
147.7300,0.000000,0.650000,0.650000,0.422500,0.000000
147.7400,0.000000,0.650000,0.650000,0.422500,0.000000
147.7500,0.000000,0.650000,0.650000,0.422500,0.000000
147.7600,0.000000,0.650000,0.650000,0.422500,0.000000
147.7700,0.000000,0.650000,0.650000,0.422500,0.000000
147.7800,0.000000,0.650000,0.650000,0.422500,0.000000
147.7900,0.000000,0.650000,0.650000,0.422500,0.000000
147.8000,0.000000,0.650000,0.650000,0.422500,0.000000
147.8100,0.000000,0.650000,0.650000,0.422500,0.000000
147.8200,0.000000,0.650000,0.650000,0.422500,0.000000
147.8300,0.000000,0.650000,0.650000,0.422500,0.000000
147.8400,0.000000,0.650000,0.650000,0.422500,0.000000
147.8500,0.000000,0.650000,0.650000,0.422500,0.000000
147.8600,0.000000,0.650000,0.650000,0.422500,0.000000
147.8700,0.000000,0.650000,0.650000,0.422500,0.000000
147.8800,0.000000,0.650000,0.650000,0.422500,0.000000
147.8900,0.000000,0.650000,0.650000,0.422500,0.000000
147.9000,0.000000,0.650000,0.650000,0.422500,0.000000
147.9100,0.000000,0.650000,0.650000,0.422500,0.000000
147.9200,0.000000,0.650000,0.650000,0.422500,0.000000
147.9300,0.000000,0.650000,0.650000,0.422500,0.000000
147.9400,0.000000,0.650000,0.650000,0.422500,0.000000
147.9500,0.000000,0.650000,0.650000,0.422500,0.000000
147.9600,0.000000,0.650000,0.650000,0.422500,0.000000
147.9700,0.000000,0.650000,0.650000,0.422500,0.000000
147.9800,0.000000,0.650000,0.650000,0.422500,0.000000
147.9900,0.000000,0.650000,0.650000,0.422500,0.000000
148.0000,0.000000,0.650000,0.650000,0.422500,0.000000
148.0100,0.000000,0.650000,0.650000,0.422500,0.000000
148.0200,0.000000,0.650000,0.650000,0.422500,0.000000
148.0300,0.000000,0.650000,0.650000,0.422500,0.000000
148.0400,0.000000,0.650000,0.650000,0.422500,0.000000
148.0500,0.000000,0.650000,0.650000,0.422500,0.000000
148.0600,0.000000,0.650000,0.650000,0.422500,0.000000
148.0700,0.000000,0.650000,0.650000,0.422500,0.000000
148.0800,0.000000,0.650000,0.650000,0.422500,0.000000
148.0900,0.000000,0.650000,0.650000,0.422500,0.000000
148.1000,0.000000,0.650000,0.650000,0.422500,0.000000
148.1100,0.000000,0.650000,0.650000,0.422500,0.000000
148.1200,0.000000,0.650000,0.650000,0.422500,0.000000
148.1300,0.000000,0.650000,0.650000,0.422500,0.000000
148.1400,0.000000,0.650000,0.650000,0.422500,0.000000
148.1500,0.000000,0.650000,0.650000,0.422500,0.000000
148.1600,0.000000,0.650000,0.650000,0.422500,0.000000
148.1700,0.000000,0.650000,0.650000,0.422500,0.000000
148.1800,0.000000,0.650000,0.650000,0.422500,0.000000
148.1900,0.000000,0.650000,0.650000,0.422500,0.000000
148.2000,0.000000,0.650000,0.650000,0.422500,0.000000
148.2100,0.000000,0.650000,0.650000,0.422500,0.000000
148.2200,0.000000,0.650000,0.650000,0.422500,0.000000
148.2300,0.000000,0.650000,0.650000,0.422500,0.000000
148.2400,0.000000,0.650000,0.650000,0.422500,0.000000
148.2500,0.000000,0.650000,0.650000,0.422500,0.000000
148.2600,0.000000,0.650000,0.650000,0.422500,0.000000
148.2700,0.000000,0.650000,0.650000,0.422500,0.000000
148.2800,0.000000,0.650000,0.650000,0.422500,0.000000
148.2900,0.000000,0.650000,0.650000,0.422500,0.000000
148.3000,0.000000,0.650000,0.650000,0.422500,0.000000
148.3100,0.000000,0.650000,0.650000,0.422500,0.000000
148.3200,0.000000,0.650000,0.650000,0.422500,0.000000
148.3300,0.000000,0.650000,0.650000,0.422500,0.000000
148.3400,0.000000,0.650000,0.650000,0.422500,0.000000
148.3500,0.000000,0.650000,0.650000,0.422500,0.000000
148.3600,0.000000,0.650000,0.650000,0.422500,0.000000
148.3700,0.000000,0.650000,0.650000,0.422500,0.000000
148.3800,0.000000,0.650000,0.650000,0.422500,0.000000
148.3900,0.000000,0.650000,0.650000,0.422500,0.000000
148.4000,0.000000,0.650000,0.650000,0.422500,0.000000
148.4100,0.000000,0.650000,0.650000,0.422500,0.000000
148.4200,0.000000,0.650000,0.650000,0.422500,0.000000
148.4300,0.000000,0.650000,0.650000,0.422500,0.000000
148.4400,0.000000,0.650000,0.650000,0.422500,0.000000
148.4500,0.000000,0.650000,0.650000,0.422500,0.000000
148.4600,0.000000,0.650000,0.650000,0.422500,0.000000
148.4700,0.000000,0.650000,0.650000,0.422500,0.000000
148.4800,0.000000,0.650000,0.650000,0.422500,0.000000
148.4900,0.000000,0.650000,0.650000,0.422500,0.000000
148.5000,0.000000,0.650000,0.650000,0.422500,0.000000
148.5100,0.000000,0.650000,0.650000,0.422500,0.000000
148.5200,0.000000,0.650000,0.650000,0.422500,0.000000
148.5300,0.000000,0.650000,0.650000,0.422500,0.000000
148.5400,0.000000,0.650000,0.650000,0.422500,0.000000
148.5500,0.000000,0.650000,0.650000,0.422500,0.000000
148.5600,0.000000,0.650000,0.650000,0.422500,0.000000
148.5700,0.000000,0.650000,0.650000,0.422500,0.000000
148.5800,0.000000,0.650000,0.650000,0.422500,0.000000
148.5900,0.000000,0.650000,0.650000,0.422500,0.000000
148.6000,0.000000,0.650000,0.650000,0.422500,0.000000
148.6100,0.000000,0.650000,0.650000,0.422500,0.000000
148.6200,0.000000,0.650000,0.650000,0.422500,0.000000
148.6300,0.000000,0.650000,0.650000,0.422500,0.000000
148.6400,0.000000,0.650000,0.650000,0.422500,0.000000
148.6500,-0.000000,0.650000,0.650000,0.422500,0.000000
148.6600,-0.000000,0.650000,0.650000,0.422500,0.000000
148.6700,-0.000000,0.650000,0.650000,0.422500,0.000000
148.6800,-0.000000,0.650000,0.650000,0.422500,0.000000
148.6900,-0.000000,0.650000,0.650000,0.422500,0.000000
148.7000,-0.000000,0.650000,0.650000,0.422500,0.000000
148.7100,-0.000000,0.650000,0.650000,0.422500,0.000000
148.7200,-0.000000,0.650000,0.650000,0.422500,0.000000
148.7300,-0.000000,0.650000,0.650000,0.422500,0.000000
148.7400,-0.000000,0.650000,0.650000,0.422500,0.000000
148.7500,-0.000000,0.650000,0.650000,0.422500,0.000000
148.7600,-0.000000,0.650000,0.650000,0.422500,0.000000
148.7700,-0.000000,0.650000,0.650000,0.422500,0.000000
148.7800,-0.000000,0.650000,0.650000,0.422500,0.000000
148.7900,-0.000000,0.650000,0.650000,0.422500,0.000000
148.8000,-0.000000,0.650000,0.650000,0.422500,0.000000
148.8100,-0.000000,0.650000,0.650000,0.422500,0.000000
148.8200,-0.000000,0.650000,0.650000,0.422500,0.000000
148.8300,-0.000000,0.650000,0.650000,0.422500,0.000000
148.8400,-0.000000,0.650000,0.650000,0.422500,0.000000
148.8500,-0.000000,0.650000,0.650000,0.422500,0.000000
148.8600,-0.000000,0.650000,0.650000,0.422500,0.000000
148.8700,-0.000000,0.650000,0.650000,0.422500,0.000000
148.8800,-0.000000,0.650000,0.650000,0.422500,0.000000
148.8900,-0.000000,0.650000,0.650000,0.422500,0.000000
148.9000,-0.000000,0.650000,0.650000,0.422500,0.000000
148.9100,-0.000000,0.650000,0.650000,0.422500,0.000000
148.9200,-0.000000,0.650000,0.650000,0.422500,0.000000
148.9300,-0.000000,0.650000,0.650000,0.422500,0.000000
148.9400,-0.000000,0.650000,0.650000,0.422500,0.000000
148.9500,-0.000000,0.650000,0.650000,0.422500,0.000000
148.9600,-0.000000,0.650000,0.650000,0.422500,0.000000
148.9700,-0.000000,0.650000,0.650000,0.422500,0.000000
148.9800,-0.000000,0.650000,0.650000,0.422500,0.000000
148.9900,-0.000000,0.650000,0.650000,0.422500,0.000000
149.0000,-0.000000,0.650000,0.650000,0.422500,0.000000
149.0100,-0.000000,0.650000,0.650000,0.422500,0.000000
149.0200,-0.000000,0.650000,0.650000,0.422500,0.000000
149.0300,-0.000000,0.650000,0.650000,0.422500,0.000000
149.0400,-0.000000,0.650000,0.650000,0.422500,-0.000000
149.0500,-0.000000,0.650000,0.650000,0.422500,-0.000000
149.0600,-0.000000,0.650000,0.650000,0.422500,-0.000000
149.0700,-0.000000,0.650000,0.650000,0.422500,-0.000000
149.0800,-0.000000,0.650000,0.650000,0.422500,-0.000000
149.0900,-0.000000,0.650000,0.650000,0.422500,-0.000000
149.1000,-0.000000,0.650000,0.650000,0.422500,-0.000000
149.1100,-0.000000,0.650000,0.650000,0.422500,-0.000000
149.1200,-0.000000,0.650000,0.650000,0.422500,-0.000000
149.1300,-0.000000,0.650000,0.650000,0.422500,-0.000000
149.1400,-0.000000,0.650000,0.650000,0.422500,-0.000000
149.1500,-0.000000,0.650000,0.650000,0.422500,-0.000000
149.1600,-0.000000,0.650000,0.650000,0.422500,-0.000000
149.1700,-0.000000,0.650000,0.650000,0.422500,-0.000000
149.1800,-0.000000,0.650000,0.650000,0.422500,-0.000000
149.1900,-0.000000,0.650000,0.650000,0.422500,-0.000000
149.2000,-0.000000,0.650000,0.650000,0.422500,-0.000000
149.2100,-0.000000,0.650000,0.650000,0.422500,-0.000000
149.2200,-0.000000,0.650000,0.650000,0.422500,-0.000000
149.2300,-0.000000,0.650000,0.650000,0.422500,-0.000000
149.2400,-0.000000,0.650000,0.650000,0.422500,-0.000000
149.2500,-0.000000,0.650000,0.650000,0.422500,-0.000000
149.2600,-0.000000,0.650000,0.650000,0.422500,-0.000000
149.2700,-0.000000,0.650000,0.650000,0.422500,-0.000000
149.2800,-0.000000,0.650000,0.650000,0.422500,-0.000000
149.2900,-0.000000,0.650000,0.650000,0.422500,-0.000000
149.3000,-0.000000,0.650000,0.650000,0.422500,-0.000000
149.3100,-0.000000,0.650000,0.650000,0.422500,-0.000000
149.3200,-0.000000,0.650000,0.650000,0.422500,-0.000000
149.3300,-0.000000,0.650000,0.650000,0.422500,-0.000000
149.3400,-0.000000,0.650000,0.650000,0.422500,-0.000000
149.3500,-0.000000,0.650000,0.650000,0.422500,-0.000000
149.3600,-0.000000,0.650000,0.650000,0.422500,-0.000000
149.3700,-0.000000,0.650000,0.650000,0.422500,-0.000000
149.3800,-0.000000,0.650000,0.650000,0.422500,-0.000000
149.3900,-0.000000,0.650000,0.650000,0.422500,-0.000000
149.4000,-0.000000,0.650000,0.650000,0.422500,-0.000000
149.4100,-0.000000,0.650000,0.650000,0.422500,-0.000000
149.4200,-0.000000,0.650000,0.650000,0.422500,-0.000000
149.4300,-0.000000,0.650000,0.650000,0.422500,-0.000000
149.4400,-0.000000,0.650000,0.650000,0.422500,-0.000000
149.4500,-0.000000,0.650000,0.650000,0.422500,-0.000000
149.4600,-0.000000,0.650000,0.650000,0.422500,-0.000000
149.4700,-0.000000,0.650000,0.650000,0.422500,-0.000000
149.4800,-0.000000,0.650000,0.650000,0.422500,-0.000000
149.4900,-0.000000,0.650000,0.650000,0.422500,-0.000000
149.5000,-0.000000,0.650000,0.650000,0.422500,-0.000000
149.5100,-0.000000,0.650000,0.650000,0.422500,-0.000000
149.5200,-0.000000,0.650000,0.650000,0.422500,-0.000000
149.5300,-0.000000,0.650000,0.650000,0.422500,-0.000000
149.5400,-0.000000,0.650000,0.650000,0.422500,-0.000000
149.5500,-0.000000,0.650000,0.650000,0.422500,-0.000000
149.5600,-0.000000,0.650000,0.650000,0.422500,-0.000000
149.5700,-0.000000,0.650000,0.650000,0.422500,-0.000000
149.5800,-0.000000,0.650000,0.650000,0.422500,-0.000000
149.5900,-0.000000,0.650000,0.650000,0.422500,-0.000000
149.6000,-0.000000,0.650000,0.650000,0.422500,-0.000000
149.6100,-0.000000,0.650000,0.650000,0.422500,-0.000000
149.6200,-0.000000,0.650000,0.650000,0.422500,-0.000000
149.6300,-0.000000,0.650000,0.650000,0.422500,-0.000000
149.6400,-0.000000,0.650000,0.650000,0.422500,-0.000000
149.6500,-0.000000,0.650000,0.650000,0.422500,-0.000000
149.6600,-0.000000,0.650000,0.650000,0.422500,-0.000000
149.6700,-0.000000,0.650000,0.650000,0.422500,-0.000000
149.6800,-0.000000,0.650000,0.650000,0.422500,-0.000000
149.6900,-0.000000,0.650000,0.650000,0.422500,-0.000000
149.7000,-0.000000,0.650000,0.650000,0.422500,-0.000000
149.7100,-0.000000,0.650000,0.650000,0.422500,-0.000000
149.7200,-0.000000,0.650000,0.650000,0.422500,-0.000000
149.7300,-0.000000,0.650000,0.650000,0.422500,-0.000000
149.7400,-0.000000,0.650000,0.650000,0.422500,-0.000000
149.7500,-0.000000,0.650000,0.650000,0.422500,-0.000000
149.7600,-0.000000,0.650000,0.650000,0.422500,-0.000000
149.7700,-0.000000,0.650000,0.650000,0.422500,-0.000000
149.7800,-0.000000,0.650000,0.650000,0.422500,-0.000000
149.7900,-0.000000,0.650000,0.650000,0.422500,-0.000000
149.8000,-0.000000,0.650000,0.650000,0.422500,-0.000000
149.8100,-0.000000,0.650000,0.650000,0.422500,-0.000000
149.8200,-0.000000,0.650000,0.650000,0.422500,-0.000000
149.8300,-0.000000,0.650000,0.650000,0.422500,-0.000000
149.8400,-0.000000,0.650000,0.650000,0.422500,-0.000000
149.8500,-0.000000,0.650000,0.650000,0.422500,-0.000000
149.8600,-0.000000,0.650000,0.650000,0.422500,-0.000000
149.8700,-0.000000,0.650000,0.650000,0.422500,-0.000000
149.8800,-0.000000,0.650000,0.650000,0.422500,-0.000000
149.8900,-0.000000,0.650000,0.650000,0.422500,-0.000000
149.9000,-0.000000,0.650000,0.650000,0.422500,-0.000000
149.9100,-0.000000,0.650000,0.650000,0.422500,-0.000000
149.9200,-0.000000,0.650000,0.650000,0.422500,-0.000000
149.9300,-0.000000,0.650000,0.650000,0.422500,-0.000000
149.9400,-0.000000,0.650000,0.650000,0.422500,-0.000000
149.9500,-0.000000,0.650000,0.650000,0.422500,-0.000000
149.9600,-0.000000,0.650000,0.650000,0.422500,-0.000000
149.9700,-0.000000,0.650000,0.650000,0.422500,-0.000000
149.9800,-0.000000,0.650000,0.650000,0.422500,-0.000000
149.9900,-0.000000,0.650000,0.650000,0.422500,-0.000000
150.0000,-0.000000,0.650000,0.650000,0.422500,-0.000000
